code,year,date,headline,kind,asat_date,pdf_id,month,asat_month
8IH,2017,2017-08-15,Update - Dividend/Distribution - 8IH,dividend,,1884007,2017-08,NaT
8IH,2017,2017-07-28,Update - Dividend/Distribution - 8IH,dividend,,1878272,2017-07,NaT
8IH,2017,2017-06-30,Update - Dividend/Distribution - 8IH,dividend,,1869929,2017-06,NaT
8IH,2017,2017-05-31,Dividend/Distribution - 8IH,dividend,,1861937,2017-05,NaT
8IH,2023,2023-11-08,Completion of In-Specie Distribution of 8VI CDIs,dividend,,2737857,2023-11,NaT
8IH,2023,2023-10-31,App 3A.5 Return of capital in specie distribution,dividend,,2734342,2023-10,NaT
8IH,2023,2023-10-31,In-specie Distribution Notice of Books Closure Date,dividend,,2734341,2023-10,NaT
8IH,2023,2023-09-01,Intention to undertake In-Specie Distribution of 8VI CDIs,dividend,,2707215,2023-09,NaT
ACQ,2016,2016-10-10,Dividend Reinvestment Plan Price,dividend,,1787733,2016-10,NaT
ACQ,2016,2016-08-30,Dividend/Distribution - ACQ,dividend,,1773306,2016-08,NaT
ACQ,2016,2016-08-30,Dividend Reinvestment Plan,dividend,,1773305,2016-08,NaT
ACQ,2016,2016-08-30,ACQ - Dividend &amp; Future Dividend Intentions,dividend,,1773303,2016-08,NaT
ACQ,2017,2017-12-14,ACQ Dividend Intentions,dividend,,1933812,2017-12,NaT
ACQ,2017,2017-09-25,Dividend Reinvestment Plan,dividend,,1899473,2017-09,NaT
ACQ,2017,2017-08-28,ACQ Announces Dividend and AGM Date,dividend,,1889181,2017-08,NaT
ACQ,2017,2017-08-28,Dividend/Distribution - ACQ,dividend,,1889176,2017-08,NaT
ACQ,2017,2017-07-03,Reaffirming Dividend Intentions,dividend,,1870737,2017-07,NaT
ACQ,2017,2017-03-27,Dividend Reinvestment Plan Price,dividend,,1842117,2017-03,NaT
ACQ,2017,2017-02-23,ACQ - Dividend and Half Year Report,dividend,,1831912,2017-02,NaT
ACQ,2017,2017-02-23,Dividend/Distribution - ACQ,dividend,,1831911,2017-02,NaT
ACQ,2018,2018-11-05,Dividend Reinvestment Plan,dividend,,2044306,2018-11,NaT
ACQ,2018,2018-08-27,Dividend/Distribution - ACQ,dividend,,2014582,2018-08,NaT
ACQ,2018,2018-08-27,"ACQ announces record profit, increased dividend and AGM",dividend,,2014581,2018-08,NaT
ACQ,2018,2018-05-14,Dividend Reinvestment Plan,dividend,,1981120,2018-05,NaT
ACQ,2018,2018-02-16,Update - Dividend/Distribution - ACQ,dividend,,1951551,2018-02,NaT
ACQ,2018,2018-02-16,Record Interim Profit and Increased FF Interim Dividend,dividend,,1951321,2018-02,NaT
ACQ,2018,2018-02-15,Dividend/Distribution - ACQ,dividend,,1951212,2018-02,NaT
ACQ,2019,2019-11-25,Dividend Reinvestment Plan,dividend,,2176907,2019-11,NaT
ACQ,2019,2019-08-26,Dividend/Distribution - ACQ,dividend,,2138441,2019-08,NaT
ACQ,2019,2019-08-26,ACQ announces fully franked dividend and AGM,dividend,,2138438,2019-08,NaT
ACQ,2019,2019-05-13,Dividend Reinvestment Plan,dividend,,2104933,2019-05,NaT
ACQ,2019,2019-02-18,Dividend/Distribution - ACQ,dividend,,2076568,2019-02,NaT
ACQ,2019,2019-02-18,ACQ Announces Fully Franked Interim Dividend,dividend,,2076561,2019-02,NaT
ACQ,2020,2020-08-31,ACQ announces fully franked dividend and AGM,dividend,,2274249,2020-08,NaT
ACQ,2020,2020-08-31,Dividend/Distribution - ACQ,dividend,,2274244,2020-08,NaT
ACQ,2020,2020-05-19,Dividend Reinvestment Plan,dividend,,2236542,2020-05,NaT
ACQ,2020,2020-02-24,Dividend/Distribution - ACQ,dividend,,2206006,2020-02,NaT
ACQ,2021,2021-10-25,Appendix 3A.1 - clarifies previous dividend announcements,dividend,,2440446,2021-10,NaT
ACQ,2021,2021-10-20,Update - Dividend/Distribution - ACQ,dividend,,2438101,2021-10,NaT
ACQ,2021,2021-10-20,Dividend/Distribution - ACQ,dividend,,2438098,2021-10,NaT
ACQ,2021,2021-10-20,Entitlement Offer and Dividends Announcement,dividend,,2438088,2021-10,NaT
ACQ,2021,2021-08-27,ACQ announces fully franked dividend and AGM date,dividend,,2413991,2021-08,NaT
ACQ,2021,2021-08-27,Dividend/Distribution - ACQ,dividend,,2413990,2021-08,NaT
ACQ,2021,2021-03-04,ex-dividend and record date clarification,dividend,,2350039,2021-03,NaT
ACQ,2021,2021-03-01,Dividend/Distribution - ACQ,dividend,,2348183,2021-03,NaT
ACQ,2022,2022-08-30,ACQ Announces Fully Franked Dividend and AGM Date,dividend,,2561229,2022-08,NaT
ACQ,2022,2022-08-30,Dividend/Distribution - ACQ,dividend,,2561226,2022-08,NaT
ACQ,2022,2022-02-24,Clarification of Dividend Payment Date,dividend,,2491511,2022-02,NaT
ACQ,2022,2022-02-23,ACQ announces interim dividend,dividend,,2490641,2022-02,NaT
ACQ,2022,2022-02-23,Dividend/Distribution - ACQ,dividend,,2490640,2022-02,NaT
ACQ,2023,2023-11-20,Update - Dividend/Distribution - ACQ,dividend,,2742641,2023-11,NaT
ACQ,2023,2023-08-24,ACQ Announces Fully Franked Dividend and AGM Date,dividend,,2702192,2023-08,NaT
ACQ,2023,2023-08-24,Dividend/Distribution - ACQ,dividend,,2702190,2023-08,NaT
ACQ,2023,2023-02-24,ACQ Announces Interim Dividend,dividend,,2636163,2023-02,NaT
ACQ,2023,2023-02-24,Dividend/Distribution - ACQ,dividend,,2636161,2023-02,NaT
ACQ,2024,2024-08-29,ACQ announces dividend and AGM date,dividend,,2846780,2024-08,NaT
ACQ,2024,2024-08-29,Dividend/Distribution - ACQ,dividend,,2846767,2024-08,NaT
ACQ,2024,2024-02-27,Dividend/Distribution - ACQ,dividend,,2777937,2024-02,NaT
ACQ,2024,2024-02-27,ACQ Announces Interim Dividend,dividend,,2777934,2024-02,NaT
ACQ,2025,2025-08-29,ACQ announces dividend and AGM date,dividend,,2988798,2025-08,NaT
ACQ,2025,2025-08-29,Dividend/Distribution - ACQ,dividend,,2988792,2025-08,NaT
ACQ,2025,2025-02-28,Update - Dividend/Distribution - ACQ,dividend,,2920862,2025-02,NaT
ACQ,2025,2025-02-27,Dividend/Distribution - ACQ,dividend,,2920331,2025-02,NaT
ACQ,2026,2026-02-25,Update - Dividend/Distribution - ACQ,dividend,,3064876,2026-02,NaT
ACQ,2026,2026-02-25,Dividend/Distribution - ACQ,dividend,,3064850,2026-02,NaT
AEG,2022,2022-11-22,Capital Markets and Product Distribution Agreements,dividend,,2601151,2022-11,NaT
AEG,2022,2022-05-02,Distribution Schedule,dividend,,2517073,2022-05,NaT
AFI,2016,2016-08-16,Update - Dividend/Distribution - AFI,dividend,,1767382,2016-08,NaT
AFI,2016,2016-07-25,Dividend/Distribution - AFI,dividend,,1759922,2016-07,NaT
AFI,2016,2016-02-10,Update - Dividend/Distribution - AFI,dividend,,1710558,2016-02,NaT
AFI,2016,2016-01-20,Dividend/Distribution - AFI,dividend,,1704374,2016-01,NaT
AFI,2017,2017-08-15,Update - Dividend/Distribution - AFI,dividend,,1883721,2017-08,NaT
AFI,2017,2017-07-24,Dividend/Distribution - AFI,dividend,,1876230,2017-07,NaT
AFI,2017,2017-02-14,Update - Dividend/Distribution - AFI,dividend,,1828025,2017-02,NaT
AFI,2017,2017-01-23,Dividend/Distribution - AFI,dividend,,1821559,2017-01,NaT
AFI,2018,2018-08-15,Update - Dividend/Distribution - AFI,dividend,,2009489,2018-08,NaT
AFI,2018,2018-07-23,Dividend/Distribution - AFI,dividend,,2001421,2018-07,NaT
AFI,2018,2018-02-15,Update - Dividend/Distribution - AFI,dividend,,1950757,2018-02,NaT
AFI,2018,2018-01-22,Dividend/Distribution - AFI,dividend,,1942749,2018-01,NaT
AFI,2019,2019-08-12,Update - Dividend/Distribution - AFI,dividend,,2132835,2019-08,NaT
AFI,2019,2019-07-22,Dividend/Distribution - AFI,dividend,,2124994,2019-07,NaT
AFI,2019,2019-02-15,Update - Dividend/Distribution - AFI,dividend,,2075722,2019-02,NaT
AFI,2019,2019-01-21,Dividend/Distribution - AFI,dividend,,2067850,2019-01,NaT
AFI,2020,2020-08-18,Update - Dividend/Distribution - AFI,dividend,,2267787,2020-08,NaT
AFI,2020,2020-07-27,Dividend/Distribution - AFI,dividend,,2258740,2020-07,NaT
AFI,2020,2020-02-14,Update - Dividend/Distribution - AFI,dividend,,2202299,2020-02,NaT
AFI,2020,2020-01-20,Dividend/Distribution - AFI,dividend,,2193938,2020-01,NaT
AFI,2021,2021-08-18,Update - Dividend/Distribution - AFI,dividend,,2408173,2021-08,NaT
AFI,2021,2021-07-26,Dividend/Distribution - AFI,dividend,,2398912,2021-07,NaT
AFI,2021,2021-02-15,Update - Dividend/Distribution - AFI,dividend,,2340941,2021-02,NaT
AFI,2021,2021-01-20,Dividend/Distribution - AFI,dividend,,2331973,2021-01,NaT
AFI,2022,2022-08-17,Update - Dividend/Distribution - AFI,dividend,,2553995,2022-08,NaT
AFI,2022,2022-07-25,Dividend/Distribution - AFI,dividend,,2544888,2022-07,NaT
AFI,2022,2022-02-16,Update - Dividend/Distribution - AFI,dividend,,2487151,2022-02,NaT
AFI,2022,2022-01-24,Dividend/Distribution - AFI,dividend,,2478215,2022-01,NaT
AFI,2023,2023-08-18,Update - Dividend/Distribution - AFI,dividend,,2699154,2023-08,NaT
AFI,2023,2023-07-26,Dividend/Distribution - AFI,dividend,,2690284,2023-07,NaT
AFI,2023,2023-02-08,Update - Dividend/Distribution - AFI,dividend,,2629449,2023-02,NaT
AFI,2023,2023-01-23,Dividend/Distribution - AFI,dividend,,2623081,2023-01,NaT
AFI,2024,2024-08-20,Update - Dividend/Distribution - AFI,dividend,,2841556,2024-08,NaT
AFI,2024,2024-07-29,Dividend/Distribution - AFI,dividend,,2833099,2024-07,NaT
AFI,2024,2024-02-08,Update - Dividend/Distribution - AFI,dividend,,2771292,2024-02,NaT
AFI,2024,2024-01-24,Dividend/Distribution - AFI,dividend,,2765633,2024-01,NaT
AFI,2025,2025-11-25,Special Dividend with the 2026 Interim and Final Dividend,dividend,,3031316,2025-11,NaT
AFI,2025,2025-08-12,Update - Dividend/Distribution - AFI,dividend,,2979416,2025-08,NaT
AFI,2025,2025-07-28,Dividend/Distribution - AFI,dividend,,2973112,2025-07,NaT
AFI,2025,2025-02-10,Update - Dividend/Distribution - AFI,dividend,,2912610,2025-02,NaT
AFI,2025,2025-01-22,Dividend/Distribution - AFI,dividend,,2906354,2025-01,NaT
AFI,2026,2026-08-26,Update - Dividend/Distribution - AFI,dividend,,3130653,2026-08,NaT
AFI,2026,2026-08-10,Update - Dividend/Distribution - AFI,dividend,,3123672,2026-08,NaT
AFI,2026,2026-07-27,Dividend/Distribution - AFI,dividend,,3118327,2026-07,NaT
AFI,2026,2026-06-22,Update on Final Dividend,dividend,,3106229,2026-06,NaT
AFI,2026,2026-02-09,Update - Dividend/Distribution - AFI,dividend,,3058074,2026-02,NaT
AFI,2026,2026-01-21,Dividend/Distribution - AFI,dividend,,3051578,2026-01,NaT
AIQ,2016,2016-07-13,Cancel - Dividend/Distribution - AIQ,dividend,,1757145,2016-07,NaT
AIQ,2016,2016-07-11,Dividend/Distribution - AIQ,dividend,,1756492,2016-07,NaT
AIQ,2019,2019-11-14,Distribution Reinvestment Plan Rules,dividend,,2173009,2019-11,NaT
AIQ,2019,2019-07-25,Distribution Reinvestment Plan Rules,dividend,,2126417,2019-07,NaT
AIQ,2020,2020-07-31,Update - Dividend/Distribution - AIQ,dividend,,2261691,2020-07,NaT
AIQ,2020,2020-07-13,Proposed Distribution and Distribution Reinvestment,dividend,,2254370,2020-07,NaT
AIQ,2020,2020-07-13,Dividend/Distribution - AIQ,dividend,,2254361,2020-07,NaT
AIQ,2020,2020-02-05,Update - Dividend/Distribution - AIQ,dividend,,2199579,2020-02,NaT
AIQ,2020,2020-01-13,Proposed Distribution and Distribution Reinvestment,dividend,,2192425,2020-01,NaT
AIQ,2020,2020-01-13,Dividend/Distribution - AIQ,dividend,,2192423,2020-01,NaT
AIQ,2021,2021-07-29,Update - Dividend/Distribution - AIQ,dividend,,2400911,2021-07,NaT
AIQ,2021,2021-07-14,Proposed Distribution and Distribution Reinvestment,dividend,,2395377,2021-07,NaT
AIQ,2021,2021-07-14,Dividend/Distribution - AIQ,dividend,,2395365,2021-07,NaT
AIQ,2021,2021-02-01,Distribution and Distribution Reinvestment Update,dividend,,2336470,2021-02,NaT
AIQ,2021,2021-02-01,Update - Dividend/Distribution - AIQ,dividend,,2336467,2021-02,NaT
AIQ,2021,2021-01-14,Proposed Distribution and Distribution Reinvestment,dividend,,2330725,2021-01,NaT
AIQ,2021,2021-01-14,Dividend/Distribution - AIQ,dividend,,2330722,2021-01,NaT
AIQ,2022,2022-08-09,Update - Dividend/Distribution - AIQ,dividend,,2551251,2022-08,NaT
AIQ,2022,2022-08-05,Update - Dividend/Distribution - AIQ,dividend,,2550457,2022-08,NaT
AIQ,2022,2022-07-15,Proposed Distribution and Amended DRP Booklet July 2022,dividend,,2542591,2022-07,NaT
AIQ,2022,2022-07-15,Dividend/Distribution - AIQ,dividend,,2542586,2022-07,NaT
AIQ,2022,2022-06-20,AIQ Amended Distribution Reinvestment Plan,dividend,,2533166,2022-06,NaT
AIQ,2022,2022-01-14,Proposed Distribution,dividend,,2475581,2022-01,NaT
AIQ,2022,2022-01-14,Dividend/Distribution - AIQ,dividend,,2475577,2022-01,NaT
AIQ,2023,2023-07-21,Proposed Distribution,dividend,,2689020,2023-07,NaT
AIQ,2023,2023-07-21,Dividend/Distribution - AIQ,dividend,,2689017,2023-07,NaT
AIQ,2023,2023-01-20,Proposed Distribution,dividend,,2622840,2023-01,NaT
AIQ,2023,2023-01-20,Dividend/Distribution - AIQ,dividend,,2622835,2023-01,NaT
AIQ,2024,2024-07-19,Dividend/Distribution - AIQ,dividend,,2830445,2024-07,NaT
AIQ,2024,2024-01-19,Proposed Distribution,dividend,,2764518,2024-01,NaT
AIQ,2024,2024-01-19,Dividend/Distribution - AIQ,dividend,,2764517,2024-01,NaT
AIQ,2025,2025-10-15,Update Distribution Frequency Cycle,dividend,,3010263,2025-10,NaT
AIQ,2025,2025-07-22,Dividend/Distribution - AIQ,dividend,,2971447,2025-07,NaT
AIQ,2025,2025-01-21,Dividend/Distribution - AIQ,dividend,,2906144,2025-01,NaT
AIQ,2026,2026-07-22,Dividend/Distribution - AIQ,dividend,,3117223,2026-07,NaT
AIQ,2026,2026-04-22,Dividend/Distribution - AIQ,dividend,,3085067,2026-04,NaT
AIQ,2026,2026-01-22,Dividend/Distribution - AIQ,dividend,,3051990,2026-01,NaT
ALI,2016,2016-09-06,Update - Dividend/Distribution - ALI,dividend,,1776145,2016-09,NaT
ALI,2016,2016-09-06,DRP price for final dividend,dividend,,1776128,2016-09,NaT
ALI,2016,2016-08-22,Dividend/Distribution - ALI,dividend,,1769450,2016-08,NaT
ALI,2016,2016-03-04,DRP price for interim dividend,dividend,,1719282,2016-03,NaT
ALI,2016,2016-03-04,Update - Dividend/Distribution - ALI,dividend,,1719281,2016-03,NaT
ALI,2016,2016-02-15,Dividend/Distribution - ALI,dividend,,1711612,2016-02,NaT
ALI,2017,2017-09-14,Update - Dividend/Distribution - ALI,dividend,,1896275,2017-09,NaT
ALI,2017,2017-08-28,Dividend/Distribution - ALI,dividend,,1888999,2017-08,NaT
ALI,2017,2017-07-07,Dividend Reinvestment Plan amendments,dividend,,1872675,2017-07,NaT
ALI,2017,2017-03-10,Update - Dividend/Distribution - ALI,dividend,,1837808,2017-03,NaT
ALI,2017,2017-03-09,DRP price for interim dividend,dividend,,1837537,2017-03,NaT
ALI,2017,2017-02-21,Dividend/Distribution - ALI,dividend,,1830291,2017-02,NaT
ALI,2018,2018-09-13,Update - Dividend/Distribution - ALI,dividend,,2022264,2018-09,NaT
ALI,2018,2018-09-13,DRP price for final dividend,dividend,,2022258,2018-09,NaT
ALI,2018,2018-08-27,Dividend/Distribution - ALI,dividend,,2014326,2018-08,NaT
ALI,2018,2018-03-08,Update - Dividend/Distribution - ALI,dividend,,1960025,2018-03,NaT
ALI,2018,2018-03-08,DRP price for interim dividend,dividend,,1960016,2018-03,NaT
ALI,2018,2018-02-19,Dividend/Distribution - ALI,dividend,,1951940,2018-02,NaT
ALI,2019,2019-09-27,App 3B - Dividend Reinvestment Plan allotment,dividend,,2151859,2019-09,NaT
ALI,2019,2019-09-12,Update - Dividend/Distribution - ALI,dividend,,2146368,2019-09,NaT
ALI,2019,2019-09-12,DRP price for final dividend,dividend,,2146364,2019-09,NaT
ALI,2019,2019-08-26,Dividend/Distribution - ALI,dividend,,2138197,2019-08,NaT
ALI,2019,2019-03-08,Update - Dividend/Distribution - ALI,dividend,,2084426,2019-03,NaT
ALI,2019,2019-03-07,DRP price for interim dividend,dividend,,2084300,2019-03,NaT
ALI,2019,2019-02-18,Dividend/Distribution - ALI,dividend,,2076319,2019-02,NaT
ALI,2019,2019-01-03,Key dates re Half-year Result and dividend,dividend,,2064513,2019-01,NaT
ALI,2020,2020-08-31,Dividend/Distribution - ALI,dividend,,2274668,2020-08,NaT
ALI,2020,2020-02-17,Dividend/Distribution - ALI,dividend,,2202995,2020-02,NaT
ALI,2021,2021-09-17,Update - Dividend/Distribution - ALI,dividend,,2422568,2021-09,NaT
ALI,2021,2021-08-30,Dividend/Distribution - ALI,dividend,,2414483,2021-08,NaT
ALI,2021,2021-03-26,App 2A - Dividend Reinvestment Plan allotment,dividend,,2357707,2021-03,NaT
ALI,2021,2021-03-11,Update - Dividend/Distribution - ALI,dividend,,2352658,2021-03,NaT
ALI,2021,2021-03-11,DRP price for interim dividend,dividend,,2352653,2021-03,NaT
ALI,2021,2021-02-22,Dividend/Distribution - ALI,dividend,,2344058,2021-02,NaT
ALI,2022,2022-09-15,Update - Dividend/Distribution - ALI,dividend,,2568657,2022-09,NaT
ALI,2022,2022-08-29,Dividend/Distribution - ALI,dividend,,2559862,2022-08,NaT
ALI,2022,2022-03-15,Update - Dividend/Distribution - ALI,dividend,,2498978,2022-03,NaT
ALI,2022,2022-02-21,Dividend/Distribution - ALI,dividend,,2488920,2022-02,NaT
ALI,2023,2023-09-14,Update - Dividend/Distribution - ALI,dividend,,2712144,2023-09,NaT
ALI,2023,2023-08-28,Dividend/Distribution - ALI,dividend,,2703141,2023-08,NaT
ALI,2023,2023-03-09,Update - Dividend/Distribution - ALI,dividend,,2641912,2023-03,NaT
ALI,2023,2023-02-20,Dividend/Distribution - ALI,dividend,,2633095,2023-02,NaT
ALI,2024,2024-09-12,Update - Dividend/Distribution - ALI,dividend,,2853045,2024-09,NaT
ALI,2024,2024-08-26,Dividend/Distribution - ALI,dividend,,2843981,2024-08,NaT
ALI,2024,2024-03-07,Update - Dividend/Distribution - ALI,dividend,,2782995,2024-03,NaT
ALI,2024,2024-02-19,Dividend/Distribution - ALI,dividend,,2774420,2024-02,NaT
ALI,2025,2025-09-12,Update - Dividend/Distribution - ALI,dividend,,2994348,2025-09,NaT
ALI,2025,2025-08-25,Dividend/Distribution - ALI,dividend,,2984587,2025-08,NaT
ALI,2025,2025-03-14,Update - Dividend/Distribution - ALI,dividend,,2926438,2025-03,NaT
ALI,2025,2025-02-21,Dividend/Distribution - ALI,dividend,,2917137,2025-02,NaT
ALI,2026,2026-08-21,Dividend/Distribution - ALI,dividend,,3128062,2026-08,NaT
ALI,2026,2026-03-11,Update - Dividend/Distribution - ALI,dividend,,3070570,2026-03,NaT
ALI,2026,2026-02-23,Dividend/Distribution - ALI,dividend,,3063209,2026-02,NaT
AMH,2016,2016-08-25,Appendix 3B - Dividend Reinvestment Plan,dividend,,1771412,2016-08,NaT
AMH,2016,2016-08-15,Update - Dividend/Distribution - AMH,dividend,,1766942,2016-08,NaT
AMH,2016,2016-07-26,Dividend/Distribution - AMH,dividend,,1760342,2016-07,NaT
AMH,2017,2017-08-24,Appendix 3B - Dividend Reinvestment Plan,dividend,,1887739,2017-08,NaT
AMH,2017,2017-08-14,Update - Dividend/Distribution - AMH,dividend,,1883241,2017-08,NaT
AMH,2017,2017-07-28,Dividend/Distribution - AMH,dividend,,1877837,2017-07,NaT
AMH,2018,2018-09-21,Letter to Shareholders - Replacement Dividend Information,dividend,,2025155,2018-09,NaT
AMH,2018,2018-08-24,Appendix 3B - Dividend Reinvestment Plan,dividend,,2013796,2018-08,NaT
AMH,2018,2018-08-13,Update - Dividend/Distribution - AMH,dividend,,2008665,2018-08,NaT
AMH,2018,2018-07-24,Dividend/Distribution - AMH,dividend,,2001751,2018-07,NaT
AMH,2019,2019-08-23,Appendix 3B - Dividend Reinvestment Plan,dividend,,2137422,2019-08,NaT
AMH,2019,2019-08-07,Update - Dividend/Distribution - AMH,dividend,,2131472,2019-08,NaT
AMH,2019,2019-07-23,Dividend/Distribution - AMH,dividend,,2125393,2019-07,NaT
AMH,2019,2019-06-28,Amendment to the Dividend Reinvestment Plan Rules,dividend,,2118321,2019-06,NaT
AMH,2019,2019-02-22,Appendix 3B - Dividend Reinvestment Plan,dividend,,2078598,2019-02,NaT
AMH,2019,2019-02-06,Update - Dividend/Distribution - AMH,dividend,,2073004,2019-02,NaT
AMH,2019,2019-01-22,Dividend/Distribution - AMH,dividend,,2068233,2019-01,NaT
AMH,2020,2020-08-11,Update - Dividend/Distribution - AMH,dividend,,2265136,2020-08,NaT
AMH,2020,2020-07-28,Dividend/Distribution - AMH,dividend,,2259319,2020-07,NaT
AMH,2020,2020-07-07,Amendment to the Dividend Reinvestment Plan Rules,dividend,,2252615,2020-07,NaT
AMH,2020,2020-07-07,Dividend Substitution Share Plan,dividend,,2252452,2020-07,NaT
AMH,2021,2021-08-11,Update - Dividend/Distribution - AMH,dividend,,2405883,2021-08,NaT
AMH,2021,2021-07-27,Dividend/Distribution - AMH,dividend,,2399382,2021-07,NaT
AMH,2022,2022-08-10,Update - Dividend/Distribution - AMH,dividend,,2551545,2022-08,NaT
AMH,2022,2022-07-26,Dividend/Distribution - AMH,dividend,,2545364,2022-07,NaT
AMH,2022,2022-02-14,Update - Dividend/Distribution - AMH,dividend,,2486111,2022-02,NaT
AMH,2022,2022-01-25,Dividend/Distribution - AMH,dividend,,2478692,2022-01,NaT
AMH,2023,2023-08-11,Update - Dividend/Distribution - AMH,dividend,,2696652,2023-08,NaT
AMH,2023,2023-07-31,Dividend/Distribution - AMH,dividend,,2692142,2023-07,NaT
AMH,2023,2023-02-07,Update - Dividend/Distribution - AMH,dividend,,2628993,2023-02,NaT
AMH,2023,2023-01-24,Dividend/Distribution - AMH,dividend,,2623525,2023-01,NaT
AMH,2024,2024-08-13,Update - Dividend/Distribution - AMH,dividend,,2838784,2024-08,NaT
AMH,2024,2024-07-30,Dividend/Distribution - AMH,dividend,,2833867,2024-07,NaT
AMH,2024,2024-02-09,Update - Dividend/Distribution - AMH,dividend,,2771726,2024-02,NaT
AMH,2024,2024-01-30,Dividend/Distribution - AMH,dividend,,2767163,2024-01,NaT
AMH,2025,2025-08-14,Update - Dividend/Distribution - AMH,dividend,,2980537,2025-08,NaT
AMH,2025,2025-07-31,Dividend/Distribution - AMH,dividend,,2975021,2025-07,NaT
AMH,2025,2025-02-10,Update - Dividend/Distribution - AMH,dividend,,2912742,2025-02,NaT
AMH,2025,2025-01-24,Dividend/Distribution - AMH,dividend,,2907037,2025-01,NaT
AMH,2026,2026-08-13,Update - Dividend/Distribution - AMH,dividend,,3124965,2026-08,NaT
AMH,2026,2026-07-28,Dividend/Distribution - AMH,dividend,,3118772,2026-07,NaT
AMH,2026,2026-02-09,Update - Dividend/Distribution - AMH,dividend,,3058070,2026-02,NaT
AMH,2026,2026-01-22,Dividend/Distribution - AMH,dividend,,3051956,2026-01,NaT
APL,2016,2016-09-28,Distribution Schedule,dividend,,1783540,2016-09,NaT
APL,2021,2021-04-21,Update - Switzer Dividend Growth Fund,dividend,,2365583,2021-04,NaT
AQF,2016,2016-12-21,Update - Dividend/Distribution - AQF,dividend,,1815362,2016-12,NaT
AQF,2016,2016-11-28,Special Dividend Announcement,dividend,,1807143,2016-11,NaT
AQF,2016,2016-11-28,Dividend/Distribution - AQF,dividend,,1807142,2016-11,NaT
AQF,2016,2016-09-19,Update - Dividend/Distribution - AQF,dividend,,1780033,2016-09,NaT
AQF,2016,2016-08-22,Dividend Announcement,dividend,,1769723,2016-08,NaT
AQF,2016,2016-08-22,Dividend/Distribution - AQF,dividend,,1769722,2016-08,NaT
AQF,2016,2016-03-21,Update - Dividend/Distribution - AQF,dividend,,1724411,2016-03,NaT
AQF,2016,2016-02-22,Dividend Announcement,dividend,,1714180,2016-02,NaT
AQF,2016,2016-02-22,Dividend/Distribution - AQF,dividend,,1714176,2016-02,NaT
AQF,2016,2016-01-19,Updated Dividend Reinvestment Plan,dividend,,1704201,2016-01,NaT
AQF,2017,2017-12-18,Update - Dividend/Distribution - AQF,dividend,,1934784,2017-12,NaT
AQF,2017,2017-11-20,Special Dividend Announcement,dividend,,1923515,2017-11,NaT
AQF,2017,2017-11-20,Dividend/Distribution - AQF,dividend,,1923513,2017-11,NaT
AQF,2017,2017-09-19,Update - Dividend/Distribution - AQF,dividend,,1897618,2017-09,NaT
AQF,2017,2017-08-21,Dividend Announcement,dividend,,1885938,2017-08,NaT
AQF,2017,2017-08-21,Dividend/Distribution - AQF,dividend,,1885936,2017-08,NaT
AQF,2017,2017-03-17,Update - Dividend/Distribution - AQF,dividend,,1840064,2017-03,NaT
AQF,2017,2017-02-20,Dividend Announcement,dividend,,1829970,2017-02,NaT
AQF,2017,2017-02-20,Dividend/Distribution - AQF,dividend,,1829968,2017-02,NaT
AQF,2018,2018-06-29,In-Specie Distribution Announcement,dividend,,1994969,2018-06,NaT
AQF,2018,2018-03-21,Update - Dividend/Distribution - AQF,dividend,,1964240,2018-03,NaT
AQF,2018,2018-02-26,Dividend Announcement,dividend,,1955326,2018-02,NaT
AQF,2018,2018-02-26,Dividend/Distribution - AQF,dividend,,1955325,2018-02,NaT
ARG,2016,2016-09-09,Appendix 3B - Dividend Reinvestment Plan allotment,dividend,,1777456,2016-09,NaT
ARG,2016,2016-08-29,DRP price for final dividend,dividend,,1773031,2016-08,NaT
ARG,2016,2016-08-29,Update - Dividend/Distribution - ARG,dividend,,1773026,2016-08,NaT
ARG,2016,2016-08-08,Dividend/Distribution - ARG,dividend,,1764970,2016-08,NaT
ARG,2016,2016-02-19,Update - Dividend/Distribution - ARG,dividend,,1713693,2016-02,NaT
ARG,2016,2016-02-18,DRP price for interim dividend,dividend,,1713172,2016-02,NaT
ARG,2016,2016-02-01,Dividend/Distribution - ARG,dividend,,1707983,2016-02,NaT
ARG,2017,2017-08-31,Update - Dividend/Distribution - ARG,dividend,,1891413,2017-08,NaT
ARG,2017,2017-08-14,Dividend/Distribution - ARG,dividend,,1883403,2017-08,NaT
ARG,2017,2017-02-24,Update - Dividend/Distribution - ARG,dividend,,1832269,2017-02,NaT
ARG,2017,2017-02-23,DRP price for interim dividend,dividend,,1831915,2017-02,NaT
ARG,2017,2017-02-06,Dividend/Distribution - ARG,dividend,,1825813,2017-02,NaT
ARG,2018,2018-09-14,Appendix 3B - Dividend Reinvestment Plan allotment,dividend,,2022524,2018-09,NaT
ARG,2018,2018-08-30,Update - Dividend/Distribution - ARG,dividend,,2016700,2018-08,NaT
ARG,2018,2018-08-30,DRP price for final dividend,dividend,,2016695,2018-08,NaT
ARG,2018,2018-08-13,Dividend/Distribution - ARG,dividend,,2008694,2018-08,NaT
ARG,2018,2018-03-09,Appendix 3B - Dividend Reinvestment Plan allotment,dividend,,1960142,2018-03,NaT
ARG,2018,2018-02-22,Update - Dividend/Distribution - ARG,dividend,,1954076,2018-02,NaT
ARG,2018,2018-02-22,DRP price for interim dividend,dividend,,1954074,2018-02,NaT
ARG,2018,2018-02-05,Dividend/Distribution - ARG,dividend,,1947501,2018-02,NaT
ARG,2019,2019-09-13,App 3B - Dividend Reinvestment Plan allotment,dividend,,2146457,2019-09,NaT
ARG,2019,2019-08-29,Update - Dividend/Distribution - ARG,dividend,,2140693,2019-08,NaT
ARG,2019,2019-08-29,DRP price for final dividend,dividend,,2140677,2019-08,NaT
ARG,2019,2019-08-12,Dividend/Distribution - ARG,dividend,,2132715,2019-08,NaT
ARG,2019,2019-03-08,Appendix 3B - Dividend Reinvestment Plan allotment,dividend,,2084566,2019-03,NaT
ARG,2019,2019-02-21,Update - Dividend/Distribution - ARG,dividend,,2078304,2019-02,NaT
ARG,2019,2019-02-21,DRP price for interim dividend,dividend,,2078293,2019-02,NaT
ARG,2019,2019-02-04,Dividend/Distribution - ARG,dividend,,2072293,2019-02,NaT
ARG,2019,2019-01-03,Key dates re Half-year Result and dividend,dividend,,2064511,2019-01,NaT
ARG,2020,2020-09-18,App 2A - Dividend Reinvestment Plan allotment,dividend,,2282340,2020-09,NaT
ARG,2020,2020-09-03,Update - Dividend/Distribution - ARG,dividend,,2277100,2020-09,NaT
ARG,2020,2020-09-03,DRP price for final dividend,dividend,,2277096,2020-09,NaT
ARG,2020,2020-08-17,Update - Dividend/Distribution - ARG,dividend,,2267609,2020-08,NaT
ARG,2020,2020-08-17,Dividend/Distribution - ARG,dividend,,2267378,2020-08,NaT
ARG,2020,2020-03-06,App 2A - Dividend Reinvestment Plan allotment,dividend,,2211338,2020-03,NaT
ARG,2020,2020-02-21,Update - Dividend/Distribution - ARG,dividend,,2204971,2020-02,NaT
ARG,2020,2020-02-21,DRP price for interim dividend,dividend,,2204950,2020-02,NaT
ARG,2020,2020-02-03,Dividend/Distribution - ARG,dividend,,2198659,2020-02,NaT
ARG,2021,2021-09-03,Update - Dividend/Distribution - ARG,dividend,,2417461,2021-09,NaT
ARG,2021,2021-08-16,Dividend/Distribution - ARG,dividend,,2407258,2021-08,NaT
ARG,2021,2021-03-12,App 2A - Dividend Reinvestment Plan allotment,dividend,,2352822,2021-03,NaT
ARG,2021,2021-02-26,Update - Dividend/Distribution - ARG,dividend,,2347373,2021-02,NaT
ARG,2021,2021-02-26,DRP price for interim dividend,dividend,,2347353,2021-02,NaT
ARG,2021,2021-02-08,Dividend/Distribution - ARG,dividend,,2338751,2021-02,NaT
ARG,2022,2022-09-01,Update - Dividend/Distribution - ARG,dividend,,2563096,2022-09,NaT
ARG,2022,2022-08-15,Dividend/Distribution - ARG,dividend,,2553139,2022-08,NaT
ARG,2022,2022-02-24,Update - Dividend/Distribution - ARG,dividend,,2491565,2022-02,NaT
ARG,2022,2022-02-07,Dividend/Distribution - ARG,dividend,,2483796,2022-02,NaT
ARG,2023,2023-08-31,Update - Dividend/Distribution - ARG,dividend,,2706351,2023-08,NaT
ARG,2023,2023-08-14,Dividend/Distribution - ARG,dividend,,2697039,2023-08,NaT
ARG,2023,2023-02-23,Update - Dividend/Distribution - ARG,dividend,,2635490,2023-02,NaT
ARG,2023,2023-02-14,Dividend/Distribution - ARG,dividend,,2631109,2023-02,NaT
ARG,2024,2024-08-22,Update - Dividend/Distribution - ARG,dividend,,2842909,2024-08,NaT
ARG,2024,2024-08-05,Dividend/Distribution - ARG,dividend,,2836231,2024-08,NaT
ARG,2024,2024-02-23,Update - Dividend/Distribution - ARG,dividend,,2776665,2024-02,NaT
ARG,2024,2024-02-05,Dividend/Distribution - ARG,dividend,,2769866,2024-02,NaT
ARG,2025,2025-09-08,Update - Dividend/Distribution - ARG,dividend,,2992122,2025-09,NaT
ARG,2025,2025-08-04,Dividend/Distribution - ARG,dividend,,2976483,2025-08,NaT
ARG,2025,2025-03-17,Update - Dividend/Distribution - ARG,dividend,,2927290,2025-03,NaT
ARG,2025,2025-02-03,Update - Dividend/Distribution - ARG,dividend,,2910340,2025-02,NaT
ARG,2025,2025-02-03,Dividend/Distribution - ARG,dividend,,2910204,2025-02,NaT
ARG,2026,2026-08-13,Webinar details re Full Year Result and quarterly dividends,dividend,,3124830,2026-08,NaT
ARG,2026,2026-08-05,Dividend/Distribution - ARG,dividend,,3122048,2026-08,NaT
ARG,2026,2026-08-05,Quarterly dividends &amp; 2027 financial year dividend forecast,dividend,,3122022,2026-08,NaT
ARG,2026,2026-03-13,Update - Dividend/Distribution - ARG,dividend,,3072007,2026-03,NaT
ARG,2026,2026-02-09,Dividend/Distribution - ARG,dividend,,3058187,2026-02,NaT
AUI,2016,2016-09-09,Update - Dividend/Distribution - AUI,dividend,,1777608,2016-09,NaT
AUI,2016,2016-09-09,Dividend Reinvestment Plan - Price,dividend,,1777595,2016-09,NaT
AUI,2016,2016-08-17,Dividend/Distribution - AUI,dividend,,1768041,2016-08,NaT
AUI,2016,2016-03-02,Update - Dividend/Distribution - AUI,dividend,,1718639,2016-03,NaT
AUI,2016,2016-03-01,Dividend Reinvestment Plan - Price,dividend,,1718255,2016-03,NaT
AUI,2016,2016-02-17,Dividend/Distribution - AUI,dividend,,1712596,2016-02,NaT
AUI,2017,2017-09-06,Dividend Reinvestment Plan Price,dividend,,1893263,2017-09,NaT
AUI,2017,2017-09-06,Update - Dividend/Distribution - AUI,dividend,,1893262,2017-09,NaT
AUI,2017,2017-08-16,Dividend/Distribution - AUI,dividend,,1884396,2017-08,NaT
AUI,2017,2017-03-02,Dividend Reinvestment Plan - Price,dividend,,1835294,2017-03,NaT
AUI,2017,2017-03-02,Update - Dividend/Distribution - AUI,dividend,,1835293,2017-03,NaT
AUI,2017,2017-02-13,Dividend/Distribution - AUI,dividend,,1827762,2017-02,NaT
AUI,2018,2018-09-11,Dividend Reinvestment Plan - Price,dividend,,2021162,2018-09,NaT
AUI,2018,2018-09-11,Update - Dividend/Distribution - AUI,dividend,,2021161,2018-09,NaT
AUI,2018,2018-08-14,Dividend/Distribution - AUI,dividend,,2009268,2018-08,NaT
AUI,2018,2018-03-01,Dividend Reinvestment Plan - Price,dividend,,1957487,2018-03,NaT
AUI,2018,2018-03-01,Update - Dividend/Distribution - AUI,dividend,,1957486,2018-03,NaT
AUI,2018,2018-02-15,Dividend/Distribution - AUI,dividend,,1951004,2018-02,NaT
AUI,2019,2019-09-09,Dividend Reinvestment Plan - Price,dividend,,2144809,2019-09,NaT
AUI,2019,2019-09-09,Update - Dividend/Distribution - AUI,dividend,,2144806,2019-09,NaT
AUI,2019,2019-08-14,Dividend/Distribution - AUI,dividend,,2133603,2019-08,NaT
AUI,2019,2019-03-01,Dividend Reinvestment Plan - Price,dividend,,2082422,2019-03,NaT
AUI,2019,2019-03-01,Update - Dividend/Distribution - AUI,dividend,,2082419,2019-03,NaT
AUI,2019,2019-02-14,Dividend/Distribution - AUI,dividend,,2075500,2019-02,NaT
AUI,2020,2020-09-09,Update - Dividend/Distribution - AUI,dividend,,2278936,2020-09,NaT
AUI,2020,2020-08-19,Dividend/Distribution - AUI,dividend,,2268763,2020-08,NaT
AUI,2020,2020-03-16,Appendix 2A - Dividend reinvestment plan,dividend,,2214899,2020-03,NaT
AUI,2020,2020-02-28,Update - Dividend/Distribution - AUI,dividend,,2208872,2020-02,NaT
AUI,2020,2020-02-18,Dividend/Distribution - AUI,dividend,,2203466,2020-02,NaT
AUI,2021,2021-09-08,Update - Dividend/Distribution - AUI,dividend,,2419084,2021-09,NaT
AUI,2021,2021-08-17,Dividend/Distribution - AUI,dividend,,2407920,2021-08,NaT
AUI,2021,2021-03-02,Update - Dividend/Distribution - AUI,dividend,,2348938,2021-03,NaT
AUI,2021,2021-02-17,Dividend/Distribution - AUI,dividend,,2342538,2021-02,NaT
AUI,2022,2022-08-30,Update - Dividend/Distribution - AUI,dividend,,2560988,2022-08,NaT
AUI,2022,2022-08-17,Dividend/Distribution - AUI,dividend,,2553943,2022-08,NaT
AUI,2022,2022-03-02,Update - Dividend/Distribution - AUI,dividend,,2494656,2022-03,NaT
AUI,2022,2022-02-18,Dividend/Distribution - AUI,dividend,,2488456,2022-02,NaT
AUI,2023,2023-09-05,Update - Dividend/Distribution - AUI,dividend,,2708105,2023-09,NaT
AUI,2023,2023-08-16,Dividend/Distribution - AUI,dividend,,2698311,2023-08,NaT
AUI,2023,2023-05-19,Revised Dividend Reinvestment Plan Rules,dividend,,2667808,2023-05,NaT
AUI,2023,2023-03-02,Update - Dividend/Distribution - AUI,dividend,,2639254,2023-03,NaT
AUI,2023,2023-02-15,Dividend/Distribution - AUI,dividend,,2631755,2023-02,NaT
AUI,2024,2024-09-02,Update - Dividend/Distribution - AUI,dividend,,2848450,2024-09,NaT
AUI,2024,2024-08-15,Dividend/Distribution - AUI,dividend,,2839658,2024-08,NaT
AUI,2024,2024-02-29,Update - Dividend/Distribution - AUI,dividend,,2779934,2024-02,NaT
AUI,2024,2024-02-16,Update - Dividend/Distribution - AUI,dividend,,2773805,2024-02,NaT
AUI,2024,2024-02-14,Dividend/Distribution - AUI,dividend,,2773068,2024-02,NaT
AUI,2025,2025-09-04,Update - Dividend/Distribution - AUI,dividend,,2991075,2025-09,NaT
AUI,2025,2025-08-21,Dividend/Distribution - AUI,dividend,,2983056,2025-08,NaT
AUI,2025,2025-03-10,Update - Dividend/Distribution - AUI,dividend,,2924173,2025-03,NaT
AUI,2025,2025-02-20,Update - Dividend/Distribution - AUI,dividend,,2916740,2025-02,NaT
AUI,2025,2025-02-20,Dividend/Distribution - AUI,dividend,,2916376,2025-02,NaT
AUI,2026,2026-08-20,Dividend/Distribution - AUI,dividend,,3127334,2026-08,NaT
AUI,2026,2026-08-20,Financial Results and Dividend Announcement - 30 June 2026,dividend,,3127332,2026-08,NaT
AUI,2026,2026-03-06,Update - Dividend/Distribution - AUI,dividend,,3069124,2026-03,NaT
AUI,2026,2026-02-19,Dividend/Distribution - AUI,dividend,,3061952,2026-02,NaT
AYD,2016,2016-10-31,Capital Return and Dividend Announcement,dividend,,1797077,2016-10,NaT
AYD,2016,2016-10-31,Dividend/Distribution - AYD,dividend,,1797073,2016-10,NaT
AYD,2016,2016-07-29,Dividend/Distribution - AYD,dividend,,1762586,2016-07,NaT
AYD,2016,2016-07-29,Dividend Announcement,dividend,,1762583,2016-07,NaT
AYD,2016,2016-04-29,Capital Return and Dividend Announcement,dividend,,1735841,2016-04,NaT
AYD,2016,2016-04-29,Dividend/Distribution - AYD,dividend,,1735840,2016-04,NaT
AYD,2016,2016-01-28,Capital Return and Dividend Announcement,dividend,,1706351,2016-01,NaT
AYD,2016,2016-01-28,Dividend/Distribution - AYD,dividend,,1706347,2016-01,NaT
AYD,2017,2017-05-01,Dividend Announcement,dividend,,1852904,2017-05,NaT
AYD,2017,2017-05-01,Dividend/Distribution - AYD,dividend,,1852895,2017-05,NaT
AYD,2017,2017-01-31,Dividend Announcement,dividend,,1824121,2017-01,NaT
AYD,2017,2017-01-31,Dividend/Distribution - AYD,dividend,,1824106,2017-01,NaT
AYJ,2016,2016-10-31,Dividend Announcement,dividend,,1797096,2016-10,NaT
AYJ,2016,2016-10-31,Dividend/Distribution - AYJ,dividend,,1797094,2016-10,NaT
AYJ,2016,2016-07-29,Dividend Announcement,dividend,,1762637,2016-07,NaT
AYJ,2016,2016-07-29,Dividend/Distribution - AYJ,dividend,,1762636,2016-07,NaT
AYJ,2016,2016-04-29,Dividend Announcement,dividend,,1735867,2016-04,NaT
AYJ,2016,2016-04-29,Dividend/Distribution - AYJ,dividend,,1735864,2016-04,NaT
AYJ,2016,2016-01-28,Dividend Announcement,dividend,,1706364,2016-01,NaT
AYJ,2016,2016-01-28,Dividend/Distribution - AYJ,dividend,,1706363,2016-01,NaT
AYJ,2017,2017-11-01,Dividend Announcement,dividend,,1916650,2017-11,NaT
AYJ,2017,2017-11-01,Dividend/Distribution - AYJ,dividend,,1916642,2017-11,NaT
AYJ,2017,2017-08-01,Capital Return and Dividend Announcement,dividend,,1879799,2017-08,NaT
AYJ,2017,2017-08-01,Dividend/Distribution - AYJ,dividend,,1879795,2017-08,NaT
AYJ,2017,2017-05-01,Dividend Announcement,dividend,,1852972,2017-05,NaT
AYJ,2017,2017-05-01,Dividend/Distribution - AYJ,dividend,,1852952,2017-05,NaT
AYJ,2017,2017-01-31,Dividend Announcement,dividend,,1824192,2017-01,NaT
AYJ,2017,2017-01-31,Dividend/Distribution - AYJ,dividend,,1824185,2017-01,NaT
AYJ,2018,2018-02-26,Capital Return and Distribution Announcement,dividend,,1955332,2018-02,NaT
AYJ,2018,2018-02-26,Dividend/Distribution - AYJ,dividend,,1955327,2018-02,NaT
AYK,2016,2016-10-31,Capital Return and Dividend Announcement,dividend,,1797111,2016-10,NaT
AYK,2016,2016-10-31,Dividend/Distribution - AYK,dividend,,1797110,2016-10,NaT
AYK,2016,2016-07-29,Dividend Announcement,dividend,,1762648,2016-07,NaT
AYK,2016,2016-07-29,Dividend/Distribution - AYK,dividend,,1762645,2016-07,NaT
AYK,2016,2016-04-29,Dividend/Distribution - AYK,dividend,,1735871,2016-04,NaT
AYK,2016,2016-04-29,Dividend Announcement,dividend,,1735870,2016-04,NaT
AYK,2016,2016-01-28,Capital Return and Dividend Announcement,dividend,,1706372,2016-01,NaT
AYK,2016,2016-01-28,Dividend/Distribution - AYK,dividend,,1706370,2016-01,NaT
AYK,2017,2017-11-01,Dividend Announcement,dividend,,1916676,2017-11,NaT
AYK,2017,2017-11-01,Dividend/Distribution - AYK,dividend,,1916661,2017-11,NaT
AYK,2017,2017-08-01,Capital Return and Dividend Announcement,dividend,,1879811,2017-08,NaT
AYK,2017,2017-08-01,Dividend/Distribution - AYK,dividend,,1879808,2017-08,NaT
AYK,2017,2017-05-01,Dividend Announcement,dividend,,1853025,2017-05,NaT
AYK,2017,2017-05-01,Dividend/Distribution - AYK,dividend,,1853006,2017-05,NaT
AYK,2017,2017-01-31,Dividend Announcement,dividend,,1824225,2017-01,NaT
AYK,2017,2017-01-31,Dividend/Distribution - AYK,dividend,,1824215,2017-01,NaT
AYK,2018,2018-10-31,Dividend Announcement,dividend,,2042707,2018-10,NaT
AYK,2018,2018-10-31,Dividend/Distribution - AYK,dividend,,2042691,2018-10,NaT
AYK,2018,2018-08-01,Dividend Announcement,dividend,,2005586,2018-08,NaT
AYK,2018,2018-08-01,Dividend/Distribution - AYK,dividend,,2005585,2018-08,NaT
AYK,2018,2018-05-01,Dividend Announcement,dividend,,1977466,2018-05,NaT
AYK,2018,2018-05-01,Dividend/Distribution - AYK,dividend,,1977463,2018-05,NaT
AYK,2018,2018-02-05,Dividend Announcement,dividend,,1947591,2018-02,NaT
AYK,2018,2018-02-05,Dividend/Distribution - AYK,dividend,,1947587,2018-02,NaT
AYK,2019,2019-09-20,Capital Return and Dividend Announcement,dividend,,2149311,2019-09,NaT
AYK,2019,2019-09-20,Dividend/Distribution - AYK,dividend,,2149305,2019-09,NaT
AYK,2019,2019-08-08,Dividend Announcement,dividend,,2131845,2019-08,NaT
AYK,2019,2019-08-08,Dividend/Distribution - AYK,dividend,,2131844,2019-08,NaT
AYK,2019,2019-05-02,Dividend Announcement,dividend,,2102151,2019-05,NaT
AYK,2019,2019-05-02,Dividend/Distribution - AYK,dividend,,2102149,2019-05,NaT
AYK,2019,2019-01-31,Dividend Announcement,dividend,,2070976,2019-01,NaT
AYK,2019,2019-01-31,Dividend/Distribution - AYK,dividend,,2070970,2019-01,NaT
AYZ,2016,2016-10-31,Dividend Announcement,dividend,,1797117,2016-10,NaT
AYZ,2016,2016-10-31,Dividend/Distribution - AYZ,dividend,,1797116,2016-10,NaT
AYZ,2016,2016-07-29,Dividend Announcement,dividend,,1762668,2016-07,NaT
AYZ,2016,2016-07-29,Dividend/Distribution - AYZ,dividend,,1762657,2016-07,NaT
AYZ,2016,2016-04-29,Dividend Announcement,dividend,,1735878,2016-04,NaT
AYZ,2016,2016-04-29,Dividend/Distribution - AYZ,dividend,,1735874,2016-04,NaT
AYZ,2016,2016-01-29,Capital Return and Dividend Announcement,dividend,,1706685,2016-01,NaT
AYZ,2016,2016-01-29,Dividend/Distribution - AYZ,dividend,,1706683,2016-01,NaT
AYZ,2017,2017-11-01,Dividend Announcement,dividend,,1916703,2017-11,NaT
AYZ,2017,2017-11-01,Dividend/Distribution - AYZ,dividend,,1916687,2017-11,NaT
AYZ,2017,2017-08-01,Dividend Announcement,dividend,,1879822,2017-08,NaT
AYZ,2017,2017-08-01,Dividend/Distribution - AYZ,dividend,,1879816,2017-08,NaT
AYZ,2017,2017-05-01,Dividend Announcement,dividend,,1853048,2017-05,NaT
AYZ,2017,2017-05-01,Dividend/Distribution - AYZ,dividend,,1853043,2017-05,NaT
AYZ,2017,2017-01-31,Dividend Announcement,dividend,,1824258,2017-01,NaT
AYZ,2017,2017-01-31,Dividend/Distribution - AYZ,dividend,,1824247,2017-01,NaT
AYZ,2018,2018-10-31,Dividend Announcement,dividend,,2042729,2018-10,NaT
AYZ,2018,2018-10-31,Dividend/Distribution - AYZ,dividend,,2042720,2018-10,NaT
AYZ,2018,2018-08-01,Dividend Announcement,dividend,,2005588,2018-08,NaT
AYZ,2018,2018-08-01,Dividend/Distribution - AYZ,dividend,,2005587,2018-08,NaT
AYZ,2018,2018-05-01,Dividend Announcement,dividend,,1977477,2018-05,NaT
AYZ,2018,2018-05-01,Dividend/Distribution - AYZ,dividend,,1977472,2018-05,NaT
AYZ,2018,2018-02-05,Dividend Announcement,dividend,,1947597,2018-02,NaT
AYZ,2018,2018-02-05,Dividend/Distribution - AYZ,dividend,,1947594,2018-02,NaT
AYZ,2019,2019-09-20,Capital Return and Dividend Announcement,dividend,,2149317,2019-09,NaT
AYZ,2019,2019-09-20,Dividend/Distribution - AYZ,dividend,,2149312,2019-09,NaT
AYZ,2019,2019-08-08,Dividend Announcement,dividend,,2131847,2019-08,NaT
AYZ,2019,2019-08-08,Dividend/Distribution - AYZ,dividend,,2131846,2019-08,NaT
AYZ,2019,2019-05-02,Capital Return and Dividend Announcement,dividend,,2102174,2019-05,NaT
AYZ,2019,2019-05-02,Dividend/Distribution - AYZ,dividend,,2102170,2019-05,NaT
AYZ,2019,2019-01-31,Dividend Announcement,dividend,,2070987,2019-01,NaT
AYZ,2019,2019-01-31,Dividend/Distribution - AYZ,dividend,,2070980,2019-01,NaT
BEL,2016,2016-09-29,Shareholder Flyer Dividend Distribution Notice,dividend,,1784225,2016-09,NaT
BEL,2016,2016-09-23,Update - Dividend/Distribution - BEL,dividend,,1782206,2016-09,NaT
BEL,2016,2016-09-23,Issue Price under Dividend Reinvestment Plan,dividend,,1782193,2016-09,NaT
BEL,2016,2016-09-01,Declaration of Dividend,dividend,,1774669,2016-09,NaT
BEL,2016,2016-09-01,Dividend/Distribution - BEL,dividend,,1774668,2016-09,NaT
BEL,2016,2016-03-18,Shareholder Flyer - Dividend Distribution Notice,dividend,,1724201,2016-03,NaT
BEL,2016,2016-03-15,Update - Dividend/Distribution - BEL,dividend,,1722432,2016-03,NaT
BEL,2016,2016-03-14,Issue Price under Dividend Reinvestment Plan,dividend,,1722308,2016-03,NaT
BEL,2016,2016-02-29,Update - Dividend/Distribution - BEL,dividend,,1717147,2016-02,NaT
BEL,2016,2016-02-24,Declaration of Dividend,dividend,,1715517,2016-02,NaT
BEL,2016,2016-02-24,Dividend/Distribution - BEL,dividend,,1715514,2016-02,NaT
BEL,2017,2017-08-18,Amended Update - Dividend/Distribution - BEL,dividend,,1885428,2017-08,NaT
BEL,2017,2017-08-18,Update - Dividend/Distribution - BEL,dividend,,1885426,2017-08,NaT
BEL,2017,2017-08-18,Issue Price under Dividend Reinvestment Plan,dividend,,1885423,2017-08,NaT
BEL,2017,2017-08-03,Update - Dividend/Distribution - BEL,dividend,,1880592,2017-08,NaT
BEL,2017,2017-08-01,Declaration of Dividend,dividend,,1879908,2017-08,NaT
BEL,2017,2017-08-01,Dividend/Distribution - BEL,dividend,,1879906,2017-08,NaT
BEL,2017,2017-08-01,Updated Dividend Reinvestment Plan,dividend,,1879879,2017-08,NaT
BEL,2017,2017-08-01,Updated Dividend Policy,dividend,,1879878,2017-08,NaT
BEL,2017,2017-03-31,Shareholder Flyer Dividend Distribution Notice,dividend,,1844135,2017-03,NaT
BEL,2017,2017-03-24,Update - Dividend/Distribution - BEL,dividend,,1841985,2017-03,NaT
BEL,2017,2017-03-24,Issue Price under Dividend Reinvestment Plan,dividend,,1841984,2017-03,NaT
BEL,2017,2017-02-28,Dividend/Distribution - BEL,dividend,,1834395,2017-02,NaT
BEL,2017,2017-02-28,Declaration of Dividend,dividend,,1834392,2017-02,NaT
BEL,2018,2018-07-13,Issue Price under Dividend Reinvestment Plan,dividend,,1999503,2018-07,NaT
BEL,2018,2018-07-13,Update - Dividend/Distribution - BEL,dividend,,1999499,2018-07,NaT
BEL,2018,2018-07-02,Declaration of Dividend,dividend,,1995972,2018-07,NaT
BEL,2018,2018-07-02,Dividend/Distribution - BEL,dividend,,1995969,2018-07,NaT
BEL,2018,2018-01-24,Suspension of Dividend Donation Scheme,dividend,,1943686,2018-01,NaT
BEL,2018,2018-01-15,Issue Price under Dividend Reinvestment Plan,dividend,,1941399,2018-01,NaT
BEL,2018,2018-01-04,Declaration of Dividend,dividend,,1939207,2018-01,NaT
BEL,2018,2018-01-04,Dividend/Distribution - BEL,dividend,,1939202,2018-01,NaT
BEL,2019,2019-02-27,Updated Dividend Policy,dividend,,2080797,2019-02,NaT
BHD,2017,2017-05-11,Distribution Schedule,dividend,,1856668,2017-05,NaT
BHD,2018,2018-02-28,Update - Dividend/Distribution - BHD,dividend,,1956805,2018-02,NaT
BHD,2018,2018-01-29,Updated Dividend Policy,dividend,,1944494,2018-01,NaT
BHD,2018,2018-01-25,Dividend Policy,dividend,,1944091,2018-01,NaT
BHD,2018,2018-01-19,Update on Dividend Policy,dividend,,1942543,2018-01,NaT
BHD,2018,2018-01-18,Dividend &amp; DRP information mailed to shareholders,dividend,,1942193,2018-01,NaT
BHD,2018,2018-01-16,Dividend announcement and Dividend Reinvestment Plan,dividend,,1941467,2018-01,NaT
BHD,2018,2018-01-15,Dividend/Distribution - BHD,dividend,,1941257,2018-01,NaT
BHD,2018,2018-01-03,Special Dividend Guidance,dividend,,1938852,2018-01,NaT
BKI,2016,2016-08-16,Update - Dividend/Distribution - BKI,dividend,,1767452,2016-08,NaT
BKI,2016,2016-08-16,DRP Pricing for 2016FY Final Dividend,dividend,,1767435,2016-08,NaT
BKI,2016,2016-07-20,Dividend/Distribution - BKI,dividend,,1758665,2016-07,NaT
BKI,2016,2016-07-20,"BKI Full Year Dividend Up, MER Down to 0.16%",dividend,,1758664,2016-07,NaT
BKI,2016,2016-02-19,Update - Dividend/Distribution - BKI,dividend,,1713501,2016-02,NaT
BKI,2016,2016-02-16,BKI - Calculation of DRP Price for 2016 Interim Dividend,dividend,,1712051,2016-02,NaT
BKI,2016,2016-01-20,Dividend/Distribution - BKI,dividend,,1704360,2016-01,NaT
BKI,2017,2017-08-14,Update - Dividend/Distribution - BKI,dividend,,1883582,2017-08,NaT
BKI,2017,2017-08-14,BKI DRP Price - 2017FY Final Dividend,dividend,,1883581,2017-08,NaT
BKI,2017,2017-07-18,Dividend/Distribution - BKI,dividend,,1875094,2017-07,NaT
BKI,2017,2017-02-21,Update - Dividend/Distribution - BKI,dividend,,1830503,2017-02,NaT
BKI,2017,2017-02-21,BKI 2017FY Interim Dividend - DRP Pricing,dividend,,1830499,2017-02,NaT
BKI,2017,2017-01-18,Dividend/Distribution - BKI,dividend,,1820513,2017-01,NaT
BKI,2018,2018-08-29,BKI Change to Dividend Payment Policy,dividend,,2015963,2018-08,NaT
BKI,2018,2018-08-20,Dividend Reinvestment Plan,dividend,,2011381,2018-08,NaT
BKI,2018,2018-08-20,Update - Dividend/Distribution - BKI,dividend,,2011380,2018-08,NaT
BKI,2018,2018-07-18,Dividend/Distribution - BKI,dividend,,2000352,2018-07,NaT
BKI,2018,2018-02-21,Dividend Reinvestment Plan,dividend,,1953056,2018-02,NaT
BKI,2018,2018-02-21,Update - Dividend/Distribution - BKI,dividend,,1953053,2018-02,NaT
BKI,2018,2018-01-17,Update - Dividend/Distribution - BKI,dividend,,1941949,2018-01,NaT
BKI,2018,2018-01-17,Dividend/Distribution - BKI,dividend,,1941756,2018-01,NaT
BKI,2019,2019-08-20,BKI DRP Price - 2019 Final Dividends,dividend,,2135499,2019-08,NaT
BKI,2019,2019-08-20,Update - Dividend/Distribution - BKI,dividend,,2135431,2019-08,NaT
BKI,2019,2019-07-18,2019FY - BKI Announces Payment of another special dividend,dividend,,2124140,2019-07,NaT
BKI,2019,2019-07-18,Dividend/Distribution - BKI,dividend,,2124137,2019-07,NaT
BKI,2019,2019-03-04,BKI 1H2019 Shareholder Update &amp; Dividend Information,dividend,,2082879,2019-03,NaT
BKI,2019,2019-02-18,DRP Price for BKI 2019FY Interim Dividends,dividend,,2076553,2019-02,NaT
BKI,2019,2019-02-18,Update - Dividend/Distribution - BKI,dividend,,2076550,2019-02,NaT
BKI,2019,2019-02-05,Correction to BKI Announcement re Dividend Payment Method,dividend,,2072846,2019-02,NaT
BKI,2019,2019-02-05,BKI Implementation of new Dividend Payment policy,dividend,,2072709,2019-02,NaT
BKI,2019,2019-01-23,BKI announces increased Operating Profit &amp; Special Dividend,dividend,,2068428,2019-01,NaT
BKI,2019,2019-01-23,Dividend/Distribution - BKI,dividend,,2068427,2019-01,NaT
BKI,2020,2020-08-18,BKI DRP Price for 2020FY Final Dividends,dividend,,2268026,2020-08,NaT
BKI,2020,2020-08-18,Update - Dividend/Distribution - BKI,dividend,,2268024,2020-08,NaT
BKI,2020,2020-07-17,Dividend/Distribution - BKI,dividend,,2255934,2020-07,NaT
BKI,2020,2020-02-17,BKI DRP Price for 2020FY Interim Dividend,dividend,,2203022,2020-02,NaT
BKI,2020,2020-02-17,Update - Dividend/Distribution - BKI,dividend,,2203019,2020-02,NaT
BKI,2020,2020-01-22,Dividend/Distribution - BKI,dividend,,2194497,2020-01,NaT
BKI,2021,2021-08-17,Confirm DRP Pricing for BKI FY21 Final Dividend,dividend,,2407792,2021-08,NaT
BKI,2021,2021-08-17,Update - Dividend/Distribution - BKI,dividend,,2407790,2021-08,NaT
BKI,2021,2021-07-21,Dividend/Distribution - BKI,dividend,,2397458,2021-07,NaT
BKI,2021,2021-02-16,BKI 1H2021FY Dividend DRP Pricing,dividend,,2341558,2021-02,NaT
BKI,2021,2021-02-16,Update - Dividend/Distribution - BKI,dividend,,2341554,2021-02,NaT
BKI,2021,2021-01-21,Dividend/Distribution - BKI,dividend,,2332341,2021-01,NaT
BKI,2022,2022-08-18,DRP Price for BKI FY22 Final Dividends,dividend,,2555021,2022-08,NaT
BKI,2022,2022-08-18,Update - Dividend/Distribution - BKI,dividend,,2555019,2022-08,NaT
BKI,2022,2022-07-20,Dividend/Distribution - BKI,dividend,,2543529,2022-07,NaT
BKI,2022,2022-02-22,DRP Price for BKI FY22 Interim Dividends,dividend,,2489791,2022-02,NaT
BKI,2022,2022-02-22,Update - Dividend/Distribution - BKI,dividend,,2489789,2022-02,NaT
BKI,2022,2022-01-19,Dividend/Distribution - BKI,dividend,,2476752,2022-01,NaT
BKI,2023,2023-08-21,Update - Dividend/Distribution - BKI,dividend,,2699974,2023-08,NaT
BKI,2023,2023-08-21,DRP Price for BKI FY23 Final Dividend,dividend,,2699965,2023-08,NaT
BKI,2023,2023-07-19,Dividend/Distribution - BKI,dividend,,2688082,2023-07,NaT
BKI,2023,2023-02-21,DRP Price for BKI FY23 Interim Dividends,dividend,,2633642,2023-02,NaT
BKI,2023,2023-02-21,Update - Dividend/Distribution - BKI,dividend,,2633640,2023-02,NaT
BKI,2023,2023-01-17,Dividend/Distribution - BKI,dividend,,2621756,2023-01,NaT
BKI,2024,2024-08-14,Update - Dividend/Distribution - BKI,dividend,,2839511,2024-08,NaT
BKI,2024,2024-08-14,DRP Price for BKI FY24 Final Dividend,dividend,,2839504,2024-08,NaT
BKI,2024,2024-07-23,Dividend/Distribution - BKI,dividend,,2831068,2024-07,NaT
BKI,2024,2024-02-13,DRP Price for BKI FY24 Interim Dividend,dividend,,2772646,2024-02,NaT
BKI,2024,2024-02-13,Update - Dividend/Distribution - BKI,dividend,,2772645,2024-02,NaT
BKI,2024,2024-01-16,Dividend/Distribution - BKI,dividend,,2763446,2024-01,NaT
BKI,2025,2025-08-13,DRP Price for BKI FY25 Final Dividend,dividend,,2980058,2025-08,NaT
BKI,2025,2025-08-13,Update - Dividend/Distribution - BKI,dividend,,2980056,2025-08,NaT
BKI,2025,2025-07-21,Dividend/Distribution - BKI,dividend,,2970936,2025-07,NaT
BKI,2025,2025-02-11,Update - Dividend/Distribution - BKI,dividend,,2913129,2025-02,NaT
BKI,2025,2025-01-21,Dividend/Distribution - BKI,dividend,,2906063,2025-01,NaT
BKI,2026,2026-07-28,Dividend/Distribution - BKI,dividend,,3118877,2026-07,NaT
BKI,2026,2026-07-28,BKI Dividend Reinvestment Plan Suspension,dividend,,3118876,2026-07,NaT
BKI,2026,2026-02-18,Update - Dividend/Distribution - BKI,dividend,,3061682,2026-02,NaT
BKI,2026,2026-01-29,Dividend/Distribution - BKI,dividend,,3054149,2026-01,NaT
BTI,2020,2020-03-26,Distribution of Dividend and Completion of DRP,dividend,,2218682,2020-03,NaT
BTI,2020,2020-02-13,Bailador Announces Special Dividend and DRP,dividend,,2201929,2020-02,NaT
BTI,2020,2020-02-13,Dividend/Distribution - BTI,dividend,,2201926,2020-02,NaT
BTI,2021,2021-08-17,Dividend/Distribution - BTI,dividend,,2407588,2021-08,NaT
BTI,2022,2022-09-07,Update - Dividend/Distribution - BTI,dividend,,2564982,2022-09,NaT
BTI,2022,2022-08-15,Dividend/Distribution - BTI,dividend,,2552977,2022-08,NaT
BTI,2022,2022-06-01,Bailador announces ongoing dividend policy,dividend,,2527283,2022-06,NaT
BTI,2023,2023-08-25,Update - Dividend/Distribution - BTI,dividend,,2702848,2023-08,NaT
BTI,2023,2023-08-16,Dividend/Distribution - BTI,dividend,,2697960,2023-08,NaT
BTI,2023,2023-02-17,Update - Dividend/Distribution - BTI,dividend,,2632509,2023-02,NaT
BTI,2023,2023-02-08,Dividend/Distribution - BTI,dividend,,2629121,2023-02,NaT
BTI,2024,2024-08-23,Update - Dividend/Distribution - BTI,dividend,,2843255,2024-08,NaT
BTI,2024,2024-08-14,Dividend/Distribution - BTI,dividend,,2839149,2024-08,NaT
BTI,2024,2024-02-16,Update - Dividend/Distribution - BTI,dividend,,2773774,2024-02,NaT
BTI,2024,2024-02-07,Dividend/Distribution - BTI,dividend,,2770565,2024-02,NaT
BTI,2025,2025-08-26,Update - Dividend/Distribution - BTI,dividend,,2985664,2025-08,NaT
BTI,2025,2025-08-14,Dividend/Distribution - BTI,dividend,,2980145,2025-08,NaT
BTI,2025,2025-03-03,Update - Dividend/Distribution - BTI,dividend,,2921804,2025-03,NaT
BTI,2025,2025-02-20,Dividend/Distribution - BTI,dividend,,2916420,2025-02,NaT
BTI,2026,2026-08-25,Update - Dividend/Distribution - BTI,dividend,,3129696,2026-08,NaT
BTI,2026,2026-08-13,Dividend/Distribution - BTI,dividend,,3124700,2026-08,NaT
BTI,2026,2026-02-20,Update - Dividend/Distribution - BTI,dividend,,3062771,2026-02,NaT
BTI,2026,2026-02-10,Dividend/Distribution - BTI,dividend,,3058471,2026-02,NaT
CAM,2016,2016-12-06,Dividend/Distribution - CAM,dividend,,1810126,2016-12,NaT
CAM,2016,2016-12-06,Dividend/Distribution - CAMPA,dividend,,1810125,2016-12,NaT
CAM,2016,2016-10-13,Update - Dividend/Distribution - CAM,dividend,,1789252,2016-10,NaT
CAM,2016,2016-08-23,Dividend/Distribution - CAM,dividend,,1770137,2016-08,NaT
CAM,2016,2016-08-23,Dividend/Distribution - CAMPA,dividend,,1770136,2016-08,NaT
CAM,2016,2016-07-19,Update - Dividend/Distribution - CAM,dividend,,1758623,2016-07,NaT
CAM,2016,2016-06-14,Dividend/Distribution - CAM,dividend,,1748742,2016-06,NaT
CAM,2016,2016-06-14,Dividend/Distribution - CAMPA,dividend,,1748729,2016-06,NaT
CAM,2016,2016-04-20,Update - Dividend/Distribution - CAM,dividend,,1732786,2016-04,NaT
CAM,2016,2016-02-23,Dividend/Distribution - CAM,dividend,,1714608,2016-02,NaT
CAM,2016,2016-02-23,Dividend/Distribution - CAMPA,dividend,,1714607,2016-02,NaT
CAM,2016,2016-01-20,Update - Dividend/Distribution - CAM,dividend,,1704346,2016-01,NaT
CAM,2017,2017-11-29,Dividend/Distribution - CAM,dividend,,1927705,2017-11,NaT
CAM,2017,2017-10-16,Update - Dividend/Distribution - CAM,dividend,,1908194,2017-10,NaT
CAM,2017,2017-08-18,Dividend/Distribution - CAM,dividend,,1885287,2017-08,NaT
CAM,2017,2017-07-31,Update - Dividend/Distribution - CAM,dividend,,1878673,2017-07,NaT
CAM,2017,2017-06-07,Increased Quarterly Dividend,dividend,,1863754,2017-06,NaT
CAM,2017,2017-06-07,Dividend/Distribution - CAM,dividend,,1863753,2017-06,NaT
CAM,2017,2017-05-01,Update - Dividend/Distribution - CAM,dividend,,1853069,2017-05,NaT
CAM,2017,2017-04-21,Dividend/Distribution - CAMPA,dividend,,1849706,2017-04,NaT
CAM,2017,2017-02-21,Dividend/Distribution - CAMPA,dividend,,1830267,2017-02,NaT
CAM,2017,2017-02-21,Dividend/Distribution - CAM,dividend,,1830266,2017-02,NaT
CAM,2017,2017-01-24,Update - Dividend/Distribution - CAM,dividend,,1822025,2017-01,NaT
CAM,2018,2018-12-19,Dividend/Distribution - CAM,dividend,,2061707,2018-12,NaT
CAM,2018,2018-10-15,Update - Dividend/Distribution - CAM,dividend,,2033950,2018-10,NaT
CAM,2018,2018-09-05,Dividend/Distribution - CAM,dividend,,2019208,2018-09,NaT
CAM,2018,2018-07-20,Update - Dividend/Distribution - CAM,dividend,,2001236,2018-07,NaT
CAM,2018,2018-06-05,Dividend/Distribution - CAM,dividend,,1987806,2018-06,NaT
CAM,2018,2018-04-23,Update - Dividend/Distribution - CAM,dividend,,1973689,2018-04,NaT
CAM,2018,2018-02-19,Dividend/Distribution - CAM,dividend,,1951903,2018-02,NaT
CAM,2018,2018-01-25,Update - Dividend/Distribution - CAM,dividend,,1944020,2018-01,NaT
CAM,2019,2019-11-22,Increase in Quarterly Dividend Rate,dividend,,2176586,2019-11,NaT
CAM,2019,2019-11-22,Dividend/Distribution - CAM,dividend,,2176579,2019-11,NaT
CAM,2019,2019-10-23,Update - Dividend/Distribution - CAM,dividend,,2162544,2019-10,NaT
CAM,2019,2019-08-27,Dividend/Distribution - CAM,dividend,,2139211,2019-08,NaT
CAM,2019,2019-07-24,Update - Dividend/Distribution - CAM,dividend,,2125921,2019-07,NaT
CAM,2019,2019-06-03,Dividend/Distribution - CAM,dividend,,2111020,2019-06,NaT
CAM,2019,2019-04-17,Update - Dividend/Distribution - CAM,dividend,,2097355,2019-04,NaT
CAM,2019,2019-02-21,Dividend/Distribution - CAM,dividend,,2078314,2019-02,NaT
CAM,2019,2019-01-18,Update - Dividend/Distribution - CAM,dividend,,2067708,2019-01,NaT
CAM,2020,2020-12-23,Forward Guidance - Mar 2021 Quarterly Dividend,dividend,,2325901,2020-12,NaT
CAM,2020,2020-11-09,Dividend/Distribution - CAM,dividend,,2306536,2020-11,NaT
CAM,2020,2020-10-30,Update - Dividend/Distribution - CAM,dividend,,2303146,2020-10,NaT
CAM,2020,2020-08-25,Dividend/Distribution - CAM,dividend,,2271205,2020-08,NaT
CAM,2020,2020-08-25,Preliminary Final Report and September Quarter Dividend,dividend,,2271203,2020-08,NaT
CAM,2020,2020-07-28,Update - Dividend/Distribution - CAM,dividend,,2259365,2020-07,NaT
CAM,2020,2020-06-22,CAMG Conversion to Participate in CAM Dividend,dividend,,2246668,2020-06,NaT
CAM,2020,2020-06-19,June Quarter Dividend,dividend,,2246250,2020-06,NaT
CAM,2020,2020-06-19,Dividend/Distribution - CAM,dividend,,2246225,2020-06,NaT
CAM,2020,2020-04-22,Update - Dividend/Distribution - CAM,dividend,,2227376,2020-04,NaT
CAM,2020,2020-03-03,CAMG Conversion to Participate in CAM Dividend,dividend,,2209961,2020-03,NaT
CAM,2020,2020-02-20,Dividend/Distribution - CAM,dividend,,2204691,2020-02,NaT
CAM,2020,2020-02-20,Further Increase in Quarterly Dividend Rate,dividend,,2204689,2020-02,NaT
CAM,2020,2020-01-17,Update - Dividend/Distribution - CAM,dividend,,2193764,2020-01,NaT
CAM,2021,2021-11-22,CAM December Quarter Dividend,dividend,,2455393,2021-11,NaT
CAM,2021,2021-11-18,Dividend/Distribution - CAM,dividend,,2453928,2021-11,NaT
CAM,2021,2021-10-21,Update - Dividend/Distribution - CAM,dividend,,2439059,2021-10,NaT
CAM,2021,2021-09-22,Conversion of CAMG for September Quarter Dividend,dividend,,2424518,2021-09,NaT
CAM,2021,2021-08-24,Conversion of CAMG into CAM for September Quarter Dividend,dividend,,2410951,2021-08,NaT
CAM,2021,2021-08-17,Special Dividend and Record Profit for FY21,dividend,,2407909,2021-08,NaT
CAM,2021,2021-08-17,Dividend/Distribution - CAM,dividend,,2407906,2021-08,NaT
CAM,2021,2021-07-28,Update - Dividend/Distribution - CAM,dividend,,2400235,2021-07,NaT
CAM,2021,2021-06-23,Conversion of CAMG into CAM for June Quarter Dividend,dividend,,2387267,2021-06,NaT
CAM,2021,2021-06-16,CAMG Conversion to Participate in CAM Dividend,dividend,,2385136,2021-06,NaT
CAM,2021,2021-06-09,Dividend guidance for September 2021 Quarter,dividend,,2383088,2021-06,NaT
CAM,2021,2021-05-12,CAM June Quarter Dividend,dividend,,2374054,2021-05,NaT
CAM,2021,2021-05-12,Dividend/Distribution - CAM,dividend,,2374052,2021-05,NaT
CAM,2021,2021-04-09,Update - Dividend/Distribution - CAM,dividend,,2362151,2021-04,NaT
CAM,2021,2021-03-29,Forward Guidance - June 2021 Quarterly Dividend,dividend,,2358417,2021-03,NaT
CAM,2021,2021-02-02,Dividend/Distribution - CAM,dividend,,2336983,2021-02,NaT
CAM,2021,2021-01-29,Update - Dividend/Distribution - CAM,dividend,,2335808,2021-01,NaT
CAM,2022,2022-11-17,Dividend/Distribution - CAM,dividend,,2599373,2022-11,NaT
CAM,2022,2022-10-27,Update - Dividend/Distribution - CAM,dividend,,2589181,2022-10,NaT
CAM,2022,2022-10-18,December Quarter Dividend Guidance,dividend,,2583937,2022-10,NaT
CAM,2022,2022-08-22,30 June 2022 Results and September Quarter Dividend,dividend,,2555993,2022-08,NaT
CAM,2022,2022-08-22,Dividend/Distribution - CAM,dividend,,2555991,2022-08,NaT
CAM,2022,2022-07-25,Gross Assets Update And September Quarter Dividend Guidance,dividend,,2544960,2022-07,NaT
CAM,2022,2022-07-22,Update - Dividend/Distribution - CAM,dividend,,2544578,2022-07,NaT
CAM,2022,2022-05-19,CAM June 2022 Quarter Dividend,dividend,,2523095,2022-05,NaT
CAM,2022,2022-05-19,Dividend/Distribution - CAM,dividend,,2523034,2022-05,NaT
CAM,2022,2022-04-07,Update - Dividend/Distribution - CAM,dividend,,2508392,2022-04,NaT
CAM,2022,2022-03-18,Gross Assets Update And June Quarter Dividend Guidance,dividend,,2500642,2022-03,NaT
CAM,2022,2022-02-10,CAM March Quarter Dividend,dividend,,2485451,2022-02,NaT
CAM,2022,2022-02-10,Dividend/Distribution - CAM,dividend,,2485450,2022-02,NaT
CAM,2022,2022-01-14,Update - Dividend/Distribution - CAM,dividend,,2475734,2022-01,NaT
CAM,2023,2023-11-24,December 2023 quarter dividend declared,dividend,,2745417,2023-11,NaT
CAM,2023,2023-11-24,Dividend/Distribution - CAM,dividend,,2745270,2023-11,NaT
CAM,2023,2023-11-03,December 2023 quarter dividend guidance,dividend,,2736055,2023-11,NaT
CAM,2023,2023-10-23,Update - Dividend/Distribution - CAM,dividend,,2728975,2023-10,NaT
CAM,2023,2023-08-25,FY23 results announcement and dividend,dividend,,2702561,2023-08,NaT
CAM,2023,2023-08-25,Dividend/Distribution - CAM,dividend,,2702526,2023-08,NaT
CAM,2023,2023-07-25,Update - Dividend/Distribution - CAM,dividend,,2689892,2023-07,NaT
CAM,2023,2023-05-24,June 2023 Quarterly Dividend Announcement,dividend,,2669264,2023-05,NaT
CAM,2023,2023-05-24,Dividend/Distribution - CAM,dividend,,2669263,2023-05,NaT
CAM,2023,2023-04-27,Update - Dividend/Distribution - CAM,dividend,,2658775,2023-04,NaT
CAM,2023,2023-04-26,Update - Dividend/Distribution - CAM,dividend,,2658089,2023-04,NaT
CAM,2023,2023-03-27,March quarter dividend update,dividend,,2647896,2023-03,NaT
CAM,2023,2023-02-23,Dividend/Distribution - CAM,dividend,,2634975,2023-02,NaT
CAM,2023,2023-01-23,Update - Dividend/Distribution - CAM,dividend,,2623188,2023-01,NaT
CAM,2024,2024-11-22,Dividend/Distribution - CAM,dividend,,2885596,2024-11,NaT
CAM,2024,2024-11-13,2024 December Quarter dividend guidance,dividend,,2881292,2024-11,NaT
CAM,2024,2024-10-21,Update - Dividend/Distribution - CAM,dividend,,2870397,2024-10,NaT
CAM,2024,2024-09-16,Update - Dividend/Distribution - CAM,dividend,,2853990,2024-09,NaT
CAM,2024,2024-08-27,Update - Dividend/Distribution - CAM,dividend,,2844816,2024-08,NaT
CAM,2024,2024-08-23,Dividend/Distribution - CAM,dividend,,2843474,2024-08,NaT
CAM,2024,2024-08-23,FY24 results &amp; September quarter dividend,dividend,,2843456,2024-08,NaT
CAM,2024,2024-07-19,Update - Dividend/Distribution - CAM,dividend,,2830475,2024-07,NaT
CAM,2024,2024-05-23,Dividend/Distribution - CAM,dividend,,2810465,2024-05,NaT
CAM,2024,2024-05-22,June 2024 Quarterly Dividend Announcement,dividend,,2810042,2024-05,NaT
CAM,2024,2024-04-18,Update - Dividend/Distribution - CAM,dividend,,2797443,2024-04,NaT
CAM,2024,2024-02-28,HY24 results and dividend announcement,dividend,,2779296,2024-02,NaT
CAM,2024,2024-02-28,Dividend/Distribution - CAM,dividend,,2779289,2024-02,NaT
CAM,2024,2024-01-24,Update - Dividend/Distribution - CAM,dividend,,2765559,2024-01,NaT
CAM,2025,2025-11-21,Dividend/Distribution - CAM,dividend,,3030086,2025-11,NaT
CAM,2025,2025-10-16,Update - Dividend/Distribution - CAM,dividend,,3010913,2025-10,NaT
CAM,2025,2025-08-27,Update - Dividend/Distribution - CAM,dividend,,2986333,2025-08,NaT
CAM,2025,2025-08-26,Dividend/Distribution - CAM,dividend,,2985706,2025-08,NaT
CAM,2025,2025-08-25,FY25 Results and September Quarter Dividend,dividend,,2984888,2025-08,NaT
CAM,2025,2025-07-15,Update - Dividend/Distribution - CAM,dividend,,2969520,2025-07,NaT
CAM,2025,2025-05-29,Dividend/Distribution - CAM,dividend,,2953418,2025-05,NaT
CAM,2025,2025-05-26,2025 June Quarter Dividend Declaration,dividend,,2952061,2025-05,NaT
CAM,2025,2025-04-15,Update - Dividend/Distribution - CAM,dividend,,2938521,2025-04,NaT
CAM,2025,2025-02-25,Dividend/Distribution - CAM,dividend,,2918379,2025-02,NaT
CAM,2025,2025-02-25,HY25 Results &amp; March Quarter Dividend Declaration,dividend,,2918321,2025-02,NaT
CAM,2025,2025-01-30,2025 March Quarter Dividend Guidance,dividend,,2908611,2025-01,NaT
CAM,2025,2025-01-21,Update - Dividend/Distribution - CAM,dividend,,2906150,2025-01,NaT
CAM,2026,2026-07-10,Update - Dividend/Distribution - CAM,dividend,,3113967,2026-07,NaT
CAM,2026,2026-05-25,Dividend/Distribution - CAM,dividend,,3097179,2026-05,NaT
CAM,2026,2026-05-22,2026 June Quarter Dividend Declaration,dividend,,3096687,2026-05,NaT
CAM,2026,2026-04-14,Update - Dividend/Distribution - CAM,dividend,,3082529,2026-04,NaT
CAM,2026,2026-02-26,Dividend/Distribution - CAM,dividend,,3065614,2026-02,NaT
CAM,2026,2026-02-26,HY26 Results and March Quarter Dividend,dividend,,3065527,2026-02,NaT
CAM,2026,2026-02-02,HY26 Profit and 2026 March Quarter Dividend Guidance,dividend,,3055734,2026-02,NaT
CAM,2026,2026-01-16,Update - Dividend/Distribution - CAM,dividend,,3050426,2026-01,NaT
CD1,2017,2017-11-08,Distribution Announcement,dividend,,1919100,2017-11,NaT
CD1,2017,2017-11-08,Dividend/Distribution - USF,dividend,,1919099,2017-11,NaT
CD1,2017,2017-08-01,30 June 2017 Distribution,dividend,,1879834,2017-08,NaT
CD1,2017,2017-05-26,Distribution Announcement,dividend,,1860671,2017-05,NaT
CD1,2017,2017-05-26,Dividend/Distribution - USF,dividend,,1860670,2017-05,NaT
CD1,2018,2018-11-30,Distribution Announcement,dividend,,2055186,2018-11,NaT
CD1,2018,2018-11-30,Dividend/Distribution - CD1,dividend,,2055177,2018-11,NaT
CD1,2018,2018-08-27,Distribution Announcement,dividend,,2014536,2018-08,NaT
CD1,2018,2018-08-27,Dividend/Distribution - CD1,dividend,,2014524,2018-08,NaT
CD1,2018,2018-05-11,Distribution Announcement,dividend,,1980909,2018-05,NaT
CD1,2018,2018-05-11,Dividend/Distribution - CD1,dividend,,1980907,2018-05,NaT
CD1,2019,2019-07-25,Distribution Announcement,dividend,,2126168,2019-07,NaT
CD1,2019,2019-07-25,Dividend/Distribution - CD1,dividend,,2126163,2019-07,NaT
CD1,2020,2020-02-28,Distribution Announcement,dividend,,2208857,2020-02,NaT
CD1,2020,2020-02-28,Dividend/Distribution - CD1,dividend,,2208842,2020-02,NaT
CD1,2021,2021-12-20,Distribution announcement,dividend,,2469085,2021-12,NaT
CD1,2021,2021-12-20,Dividend/Distribution - CD1,dividend,,2469084,2021-12,NaT
CD1,2021,2021-06-11,Distribution and Capital Management Announcement,dividend,,2384101,2021-06,NaT
CD1,2021,2021-06-11,Dividend/Distribution - CD1,dividend,,2384087,2021-06,NaT
CD1,2021,2021-01-29,Distribution announcement,dividend,,2335760,2021-01,NaT
CD1,2021,2021-01-29,Dividend/Distribution - CD1,dividend,,2335746,2021-01,NaT
CD1,2022,2022-10-31,Dividend/Distribution - CD1,dividend,,2591271,2022-10,NaT
CD1,2022,2022-10-31,Withdrawal of Merger Proposal &amp; Announcement of Distribution,dividend,,2591262,2022-10,NaT
CD1,2023,2023-08-11,Distribution announcement,dividend,,2696840,2023-08,NaT
CD1,2023,2023-08-11,Dividend/Distribution - CD1,dividend,,2696839,2023-08,NaT
CD1,2023,2023-02-01,Distribution announcement,dividend,,2627099,2023-02,NaT
CD1,2023,2023-02-01,Dividend/Distribution - CD1,dividend,,2627095,2023-02,NaT
CD1,2024,2024-01-23,Distribution announcement,dividend,,2765287,2024-01,NaT
CD1,2024,2024-01-23,Dividend/Distribution - CD1,dividend,,2765280,2024-01,NaT
CD1,2025,2025-09-08,Distribution announcement,dividend,,2992533,2025-09,NaT
CD1,2025,2025-09-08,Dividend/Distribution - CD1,dividend,,2992530,2025-09,NaT
CD1,2025,2025-01-23,Distribution announcement,dividend,,2906825,2025-01,NaT
CD1,2025,2025-01-23,Dividend/Distribution - CD1,dividend,,2906818,2025-01,NaT
CD1,2026,2026-07-28,Distribution announcement,dividend,,3118913,2026-07,NaT
CD1,2026,2026-07-28,Dividend/Distribution - CD1,dividend,,3118909,2026-07,NaT
CD1,2026,2026-01-23,Distribution announcement,dividend,,3052459,2026-01,NaT
CD1,2026,2026-01-23,Dividend/Distribution - CD1,dividend,,3052454,2026-01,NaT
CD2,2017,2017-11-10,Revised Distribution Announcement,dividend,,1920231,2017-11,NaT
CD2,2017,2017-11-08,Distribution Announcement,dividend,,1919108,2017-11,NaT
CD2,2017,2017-11-08,Dividend/Distribution - USG,dividend,,1919107,2017-11,NaT
CD2,2017,2017-08-01,30 June 2017 Distribution,dividend,,1879838,2017-08,NaT
CD2,2017,2017-05-26,Distribution Announcement,dividend,,1860695,2017-05,NaT
CD2,2017,2017-05-26,Dividend/Distribution - USG,dividend,,1860694,2017-05,NaT
CD2,2018,2018-11-30,Distribution Announcement,dividend,,2055194,2018-11,NaT
CD2,2018,2018-11-30,Dividend/Distribution - CD2,dividend,,2055188,2018-11,NaT
CD2,2018,2018-05-18,Distribution Announcement,dividend,,1982986,2018-05,NaT
CD2,2018,2018-05-18,Dividend/Distribution - CD2,dividend,,1982982,2018-05,NaT
CD2,2019,2019-07-25,Distribution Announcement,dividend,,2126210,2019-07,NaT
CD2,2019,2019-07-25,Dividend/Distribution - CD2,dividend,,2126180,2019-07,NaT
CD2,2020,2020-02-28,Distribution Announcement,dividend,,2208889,2020-02,NaT
CD2,2020,2020-02-28,Dividend/Distribution - CD2,dividend,,2208875,2020-02,NaT
CD2,2021,2021-12-20,Distribution announcement,dividend,,2469094,2021-12,NaT
CD2,2021,2021-12-20,Dividend/Distribution - CD2,dividend,,2469091,2021-12,NaT
CD2,2021,2021-06-11,Distribution and Capital Management Announcement,dividend,,2384113,2021-06,NaT
CD2,2021,2021-06-11,Dividend/Distribution - CD2,dividend,,2384108,2021-06,NaT
CD2,2021,2021-01-29,Distribution announcement,dividend,,2335761,2021-01,NaT
CD2,2021,2021-01-29,Dividend/Distribution - CD2,dividend,,2335750,2021-01,NaT
CD2,2022,2022-10-31,Dividend/Distribution - CD2,dividend,,2591268,2022-10,NaT
CD2,2022,2022-10-31,Withdrawal of Merger Proposal &amp; Announcement of Distribution,dividend,,2591261,2022-10,NaT
CD2,2023,2023-08-11,Distribution announcement,dividend,,2696843,2023-08,NaT
CD2,2023,2023-08-11,Dividend/Distribution - CD2,dividend,,2696841,2023-08,NaT
CD2,2023,2023-02-01,Distribution announcement,dividend,,2627106,2023-02,NaT
CD2,2023,2023-02-01,Dividend/Distribution - CD2,dividend,,2627100,2023-02,NaT
CD2,2024,2024-07-04,Distribution announcement,dividend,,2825478,2024-07,NaT
CD2,2024,2024-07-04,Dividend/Distribution - CD2,dividend,,2825476,2024-07,NaT
CD2,2024,2024-01-23,Distribution announcement,dividend,,2765291,2024-01,NaT
CD2,2024,2024-01-23,Dividend/Distribution - CD2,dividend,,2765289,2024-01,NaT
CD2,2025,2025-09-08,Distribution announcement,dividend,,2992545,2025-09,NaT
CD2,2025,2025-09-08,Dividend/Distribution - CD2,dividend,,2992538,2025-09,NaT
CD2,2025,2025-05-12,Distribution announcement,dividend,,2947363,2025-05,NaT
CD2,2025,2025-05-12,Dividend/Distribution - CD2,dividend,,2947347,2025-05,NaT
CD2,2025,2025-01-23,Distribution announcement,dividend,,2906830,2025-01,NaT
CD2,2025,2025-01-23,Dividend/Distribution - CD2,dividend,,2906829,2025-01,NaT
CD2,2026,2026-07-28,Distribution announcement,dividend,,3118918,2026-07,NaT
CD2,2026,2026-07-28,Dividend/Distribution - CD2,dividend,,3118915,2026-07,NaT
CD2,2026,2026-01-23,Distribution announcement,dividend,,3052469,2026-01,NaT
CD2,2026,2026-01-23,Dividend/Distribution - CD2,dividend,,3052463,2026-01,NaT
CD3,2018,2018-12-05,Maiden Distribution,dividend,,2056886,2018-12,NaT
CD3,2018,2018-12-05,Dividend/Distribution - CD3,dividend,,2056879,2018-12,NaT
CD3,2021,2021-12-20,Distribution announcement,dividend,,2469089,2021-12,NaT
CD3,2021,2021-12-20,Dividend/Distribution - CD3,dividend,,2469078,2021-12,NaT
CD3,2021,2021-06-11,Distribution announcement,dividend,,2384102,2021-06,NaT
CD3,2021,2021-06-11,Dividend/Distribution - CD3,dividend,,2384096,2021-06,NaT
CD3,2021,2021-01-29,Distribution announcement,dividend,,2335820,2021-01,NaT
CD3,2021,2021-01-29,Dividend/Distribution - CD3,dividend,,2335745,2021-01,NaT
CD3,2022,2022-10-31,Dividend/Distribution - CD3,dividend,,2591265,2022-10,NaT
CD3,2022,2022-10-31,Withdrawal of Merger Proposal &amp; Announcement of Distribution,dividend,,2591260,2022-10,NaT
CD3,2022,2022-08-01,Update - Dividend/Distribution - CD3,dividend,,2548686,2022-08,NaT
CD3,2022,2022-06-24,30 June 2022 Estimated Distribution,dividend,,2535057,2022-06,NaT
CD3,2022,2022-06-24,Dividend/Distribution - CD3,dividend,,2535056,2022-06,NaT
CD3,2023,2023-10-04,Distribution announcement,dividend,,2721239,2023-10,NaT
CD3,2023,2023-10-04,Dividend/Distribution - CD3,dividend,,2721234,2023-10,NaT
CD3,2023,2023-06-19,Update - Dividend/Distribution - CD3,dividend,,2677527,2023-06,NaT
CD3,2023,2023-05-29,Distribution announcement,dividend,,2670464,2023-05,NaT
CD3,2023,2023-05-29,Dividend/Distribution - CD3,dividend,,2670451,2023-05,NaT
CD3,2023,2023-02-01,Distribution announcement,dividend,,2627102,2023-02,NaT
CD3,2023,2023-02-01,Dividend/Distribution - CD3,dividend,,2627096,2023-02,NaT
CD3,2024,2024-07-04,Distribution announcement,dividend,,2825479,2024-07,NaT
CD3,2024,2024-07-04,Dividend/Distribution - CD3,dividend,,2825475,2024-07,NaT
CD3,2024,2024-01-23,Distribution announcement,dividend,,2765292,2024-01,NaT
CD3,2024,2024-01-23,Dividend/Distribution - CD3,dividend,,2765288,2024-01,NaT
CD3,2025,2025-09-08,Distribution announcement,dividend,,2992541,2025-09,NaT
CD3,2025,2025-09-08,Dividend/Distribution - CD3,dividend,,2992537,2025-09,NaT
CD3,2025,2025-01-23,Distribution announcement,dividend,,2906827,2025-01,NaT
CD3,2025,2025-01-23,Dividend/Distribution - CD3,dividend,,2906820,2025-01,NaT
CD3,2026,2026-07-28,Distribution announcement,dividend,,3118914,2026-07,NaT
CD3,2026,2026-07-28,Dividend/Distribution - CD3,dividend,,3118910,2026-07,NaT
CD3,2026,2026-01-23,Distribution announcement,dividend,,3052461,2026-01,NaT
CD3,2026,2026-01-23,Dividend/Distribution - CD3,dividend,,3052455,2026-01,NaT
CDM,2016,2016-08-31,Dividend/Distribution - CDM,dividend,,1773950,2016-08,NaT
CDM,2016,2016-02-16,Dividend/Distribution - CDM,dividend,,1712216,2016-02,NaT
CDM,2017,2017-08-10,Dividend/Distribution - CDM,dividend,,1882742,2017-08,NaT
CDM,2017,2017-02-15,Dividend/Distribution - CDM,dividend,,1828705,2017-02,NaT
CDM,2018,2018-07-23,Fully Franked Final Dividend - 4.0 cents,dividend,,2001461,2018-07,NaT
CDM,2018,2018-07-23,Dividend/Distribution - CDM,dividend,,2001458,2018-07,NaT
CDM,2018,2018-02-07,Dividend/Distribution - CDM,dividend,,1948598,2018-02,NaT
CDM,2019,2019-08-23,Media Release - Full Year Results and Dividend Declaration,dividend,,2137736,2019-08,NaT
CDM,2019,2019-08-23,Dividend/Distribution - CDM,dividend,,2137724,2019-08,NaT
CDM,2019,2019-02-22,Media Release - Half Year Results and Dividend Declaration,dividend,,2078889,2019-02,NaT
CDM,2019,2019-02-22,Dividend/Distribution - CDM,dividend,,2078876,2019-02,NaT
CDM,2020,2020-08-25,Media Release - Full Year Results and Dividend Declaration,dividend,,2271085,2020-08,NaT
CDM,2020,2020-08-25,Dividend/Distribution - CDM,dividend,,2271056,2020-08,NaT
CDM,2020,2020-02-19,Media Release - Half Year Results and Dividend Declaration,dividend,,2204229,2020-02,NaT
CDM,2020,2020-02-19,Dividend/Distribution - CDM,dividend,,2204207,2020-02,NaT
CDM,2021,2021-10-14,Dividend Reinvestment Program Update for Final Dividend,dividend,,2435560,2021-10,NaT
CDM,2021,2021-08-10,Dividend/Distribution - CDM,dividend,,2405532,2021-08,NaT
CDM,2021,2021-02-17,Media Release- Record Half Year Profits and Interim Dividend,dividend,,2342397,2021-02,NaT
CDM,2021,2021-02-17,Dividend/Distribution - CDM,dividend,,2342386,2021-02,NaT
CDM,2022,2022-07-15,Dividend/Distribution - CDM,dividend,,2542430,2022-07,NaT
CDM,2022,2022-07-15,4.0c Fully Franked Year End Dividend,dividend,,2542406,2022-07,NaT
CDM,2022,2022-01-14,Update - Dividend/Distribution - CDM,dividend,,2475479,2022-01,NaT
CDM,2022,2022-01-13,Dividend/Distribution - CDM,dividend,,2475420,2022-01,NaT
CDM,2022,2022-01-13,Fully Franked Half Year Dividend,dividend,,2475412,2022-01,NaT
CDM,2023,2023-08-30,Dividend/Distribution - CDM,dividend,,2705243,2023-08,NaT
CDM,2023,2023-02-03,4.0c Fully Franked Half Year Dividend,dividend,,2627954,2023-02,NaT
CDM,2023,2023-02-03,Dividend/Distribution - CDM,dividend,,2627945,2023-02,NaT
CDM,2024,2024-08-16,Dividend/Distribution - CDM,dividend,,2840300,2024-08,NaT
CDM,2024,2024-02-26,Dividend/Distribution - CDM,dividend,,2777848,2024-02,NaT
CDM,2025,2025-08-21,Dividend/Distribution - CDM,dividend,,2983465,2025-08,NaT
CDM,2025,2025-02-27,Dividend/Distribution - CDM,dividend,,2920288,2025-02,NaT
CDM,2026,2026-07-15,Final and Special Dividends Announcement,dividend,,3115295,2026-07,NaT
CDM,2026,2026-07-15,Dividend/Distribution - CDM,dividend,,3115288,2026-07,NaT
CDM,2026,2026-02-20,Dividend/Distribution - CDM,dividend,,3062751,2026-02,NaT
CDO,2021,2021-11-17,Distribution Schedule,dividend,,2453486,2021-11,NaT
CDO,2021,2021-11-17,Dividend Reinvestment Plan,dividend,,2453481,2021-11,NaT
CDO,2022,2022-07-15,7.5c Fully Franked Year End Dividend,dividend,,2542577,2022-07,NaT
CDO,2022,2022-07-15,Dividend/Distribution - CDO,dividend,,2542573,2022-07,NaT
CDO,2022,2022-01-14,Dividend/Distribution - CDO,dividend,,2475779,2022-01,NaT
CDO,2022,2022-01-14,Fully Franked Half Year Dividend,dividend,,2475753,2022-01,NaT
CDO,2023,2023-08-30,Dividend/Distribution - CDO,dividend,,2705258,2023-08,NaT
CDO,2023,2023-02-03,7.5c Fully Franked Half Year Dividend,dividend,,2627982,2023-02,NaT
CDO,2023,2023-02-03,Dividend/Distribution - CDO,dividend,,2627974,2023-02,NaT
CDO,2024,2024-08-16,Dividend/Distribution - CDO,dividend,,2840356,2024-08,NaT
CDO,2024,2024-02-26,Dividend/Distribution - CDO,dividend,,2777856,2024-02,NaT
CDO,2025,2025-08-21,Dividend/Distribution - CDO,dividend,,2983473,2025-08,NaT
CDO,2025,2025-02-27,Dividend/Distribution - CDO,dividend,,2920306,2025-02,NaT
CDO,2026,2026-07-15,Final and Special Dividends Announcement,dividend,,3115301,2026-07,NaT
CDO,2026,2026-07-15,Dividend/Distribution - CDO,dividend,,3115297,2026-07,NaT
CDO,2026,2026-02-20,Media Release - Record Profits &amp; Interim Dividend,dividend,,3062775,2026-02,NaT
CDO,2026,2026-02-20,Dividend/Distribution - CDO,dividend,,3062770,2026-02,NaT
CIN,2016,2016-08-24,Dividend/Distribution - CINPA,dividend,,1770847,2016-08,NaT
CIN,2016,2016-08-24,Dividend/Distribution - CIN,dividend,,1770844,2016-08,NaT
CIN,2016,2016-02-24,Dividend/Distribution - CINPA,dividend,,1715205,2016-02,NaT
CIN,2016,2016-02-24,Dividend/Distribution - CIN,dividend,,1715203,2016-02,NaT
CIN,2017,2017-08-22,Dividend/Distribution - CINPA,dividend,,1886290,2017-08,NaT
CIN,2017,2017-08-22,Dividend/Distribution - CIN,dividend,,1886285,2017-08,NaT
CIN,2017,2017-02-14,Dividend/Distribution - CINPA,dividend,,1828157,2017-02,NaT
CIN,2017,2017-02-14,Dividend/Distribution - CIN,dividend,,1828153,2017-02,NaT
CIN,2018,2018-08-21,Dividend/Distribution - CINPA,dividend,,2011712,2018-08,NaT
CIN,2018,2018-08-21,Dividend/Distribution - CIN,dividend,,2011708,2018-08,NaT
CIN,2018,2018-02-13,Dividend/Distribution - CINPA,dividend,,1950075,2018-02,NaT
CIN,2018,2018-02-13,Dividend/Distribution - CIN,dividend,,1950073,2018-02,NaT
CIN,2019,2019-08-20,Dividend/Distribution - CIN,dividend,,2135574,2019-08,NaT
CIN,2019,2019-08-20,Dividend/Distribution - CINPA,dividend,,2135572,2019-08,NaT
CIN,2019,2019-02-19,Dividend/Distribution - CINPA,dividend,,2076867,2019-02,NaT
CIN,2019,2019-02-19,Dividend/Distribution - CIN,dividend,,2076863,2019-02,NaT
CIN,2020,2020-08-21,Dividend/Distribution - CINPA,dividend,,2269973,2020-08,NaT
CIN,2020,2020-08-21,Dividend/Distribution - CIN,dividend,,2269972,2020-08,NaT
CIN,2020,2020-02-18,Dividend/Distribution - CINPA,dividend,,2203437,2020-02,NaT
CIN,2020,2020-02-18,Dividend/Distribution - CIN,dividend,,2203436,2020-02,NaT
CIN,2021,2021-08-17,Dividend/Distribution - CINPA,dividend,,2407879,2021-08,NaT
CIN,2021,2021-08-17,Dividend/Distribution - CIN,dividend,,2407876,2021-08,NaT
CIN,2021,2021-02-16,Dividend/Distribution - CINPA,dividend,,2341790,2021-02,NaT
CIN,2021,2021-02-16,Dividend/Distribution - CIN,dividend,,2341784,2021-02,NaT
CIN,2022,2022-08-16,Dividend/Distribution - CINPA,dividend,,2553753,2022-08,NaT
CIN,2022,2022-08-16,Dividend/Distribution - CIN,dividend,,2553748,2022-08,NaT
CIN,2022,2022-02-15,Dividend/Distribution - CINPA,dividend,,2486867,2022-02,NaT
CIN,2022,2022-02-15,Dividend/Distribution - CIN,dividend,,2486864,2022-02,NaT
CIN,2023,2023-08-15,Dividend/Distribution - CINPA,dividend,,2697766,2023-08,NaT
CIN,2023,2023-08-15,Dividend/Distribution - CIN,dividend,,2697765,2023-08,NaT
CIN,2023,2023-02-14,Dividend/Distribution - CINPA,dividend,,2631217,2023-02,NaT
CIN,2023,2023-02-14,Dividend/Distribution - CIN,dividend,,2631215,2023-02,NaT
CIN,2024,2024-08-20,Dividend/Distribution - CINPA,dividend,,2841521,2024-08,NaT
CIN,2024,2024-08-20,Dividend/Distribution - CIN,dividend,,2841509,2024-08,NaT
CIN,2024,2024-02-14,Dividend/Distribution - CINPA,dividend,,2773009,2024-02,NaT
CIN,2024,2024-02-14,Dividend/Distribution - CIN,dividend,,2773005,2024-02,NaT
CIN,2025,2025-08-26,Update - Dividend/Distribution - CINPA,dividend,,2985704,2025-08,NaT
CIN,2025,2025-08-19,Dividend/Distribution - CINPA,dividend,,2982098,2025-08,NaT
CIN,2025,2025-08-19,Dividend/Distribution - CIN,dividend,,2982093,2025-08,NaT
CIN,2025,2025-02-25,Dividend/Distribution - CINPA,dividend,,2918697,2025-02,NaT
CIN,2025,2025-02-25,Dividend/Distribution - CIN,dividend,,2918672,2025-02,NaT
CIN,2026,2026-08-18,Dividend/Distribution - CINPA,dividend,,3126480,2026-08,NaT
CIN,2026,2026-08-18,Dividend/Distribution - CIN,dividend,,3126475,2026-08,NaT
CIN,2026,2026-02-17,Dividend/Distribution - CINPA,dividend,,3061194,2026-02,NaT
CIN,2026,2026-02-17,Dividend/Distribution - CIN,dividend,,3061193,2026-02,NaT
CTN,2016,2016-07-01,Analysis of Holdings - Distribution Schedule,dividend,,1754031,2016-07,NaT
CVF,2017,2017-09-25,Update - Dividend/Distribution - AWQ,dividend,,1899476,2017-09,NaT
CVF,2017,2017-08-24,Annual Report and Dividend,dividend,,1887919,2017-08,NaT
CVF,2017,2017-08-24,Dividend/Distribution - AWQ,dividend,,1887915,2017-08,NaT
CVF,2017,2017-03-31,Dividend payment and DRP price,dividend,,1843648,2017-03,NaT
CVF,2017,2017-03-10,Dividend payment date - 30 March 2017,dividend,,1837747,2017-03,NaT
CVF,2017,2017-02-20,Dividend/Distribution - AWQ,dividend,,1829987,2017-02,NaT
CVF,2017,2017-02-20,Financial Year 2017 Half Year Results &amp; Dividend,dividend,,1829973,2017-02,NaT
CVF,2018,2018-09-21,Update - Dividend/Distribution - CVF,dividend,,2024889,2018-09,NaT
CVF,2018,2018-08-23,Dividend/Distribution - CVF,dividend,,2013037,2018-08,NaT
CVF,2018,2018-03-23,Update - Dividend/Distribution - CVF,dividend,,1965012,2018-03,NaT
CVF,2018,2018-03-02,Confirmation of Dividend and Franking Level,dividend,,1957787,2018-03,NaT
CVF,2018,2018-02-28,Dividend/Distribution - CVF,dividend,,1956140,2018-02,NaT
CVF,2018,2018-02-28,"Financial Year 2018, Half Year Results &amp; Dividend Ann.",dividend,,1956138,2018-02,NaT
CVF,2019,2019-12-06,Dividend/Distribution - CVF,dividend,,2182971,2019-12,NaT
CVF,2019,2019-12-06,Monthly Dividend Dates,dividend,,2182970,2019-12,NaT
CVF,2019,2019-12-05,Update - Dividend/Distribution - CVF,dividend,,2182264,2019-12,NaT
CVF,2019,2019-11-04,Update - Dividend/Distribution - CVF,dividend,,2168888,2019-11,NaT
CVF,2019,2019-10-14,Dividend/Distribution - CVF,dividend,,2158489,2019-10,NaT
CVF,2019,2019-10-14,Commencement of monthly dividend - annualised yield of 7.3%,dividend,,2158481,2019-10,NaT
CVF,2019,2019-08-19,Dividend/Distribution - CVF,dividend,,2135102,2019-08,NaT
CVF,2019,2019-08-19,"Full Year Results, Strategic Review, Buyback and Dividend",dividend,,2135099,2019-08,NaT
CVF,2019,2019-06-17,Dividend Policy Update,dividend,,2114765,2019-06,NaT
CVF,2019,2019-04-05,Update - Dividend/Distribution - CVF,dividend,,2093806,2019-04,NaT
CVF,2019,2019-02-26,Dividend/Distribution - CVF,dividend,,2079846,2019-02,NaT
CVF,2019,2019-02-26,"Interim Results 31 December 2018, Dividend &amp; Board Changes",dividend,,2079837,2019-02,NaT
CVF,2020,2020-12-15,Dividend/Distribution - CVF,dividend,,2322669,2020-12,NaT
CVF,2020,2020-12-09,Update on Sale and Distribution Proposal,dividend,,2320440,2020-12,NaT
CVF,2020,2020-09-24,Update - Dividend/Distribution - CVF,dividend,,2285002,2020-09,NaT
CVF,2020,2020-08-26,Dividend/Distribution - CVF,dividend,,2271666,2020-08,NaT
CVF,2020,2020-08-05,Update - Dividend/Distribution - CVF,dividend,,2263494,2020-08,NaT
CVF,2020,2020-07-14,Dividend/Distribution - CVF,dividend,,2254679,2020-07,NaT
CVF,2020,2020-07-07,Update - Dividend/Distribution - CVF,dividend,,2252357,2020-07,NaT
CVF,2020,2020-07-02,Dividend Update,dividend,,2251036,2020-07,NaT
CVF,2020,2020-06-12,Dividend/Distribution - CVF,dividend,,2243955,2020-06,NaT
CVF,2020,2020-06-09,Update - Dividend/Distribution - CVF,dividend,,2242606,2020-06,NaT
CVF,2020,2020-05-14,Dividend/Distribution - CVF,dividend,,2235240,2020-05,NaT
CVF,2020,2020-05-11,Update - Dividend/Distribution - CVF,dividend,,2234049,2020-05,NaT
CVF,2020,2020-04-16,Dividend/Distribution - CVF,dividend,,2225341,2020-04,NaT
CVF,2020,2020-04-09,Update - Dividend/Distribution - CVF,dividend,,2223922,2020-04,NaT
CVF,2020,2020-03-17,Dividend/Distribution - CVF,dividend,,2215329,2020-03,NaT
CVF,2020,2020-03-10,Update - Dividend/Distribution - CVF,dividend,,2212235,2020-03,NaT
CVF,2020,2020-02-13,Dividend/Distribution - CVF,dividend,,2202009,2020-02,NaT
CVF,2020,2020-02-07,Update - Dividend/Distribution - CVF,dividend,,2200211,2020-02,NaT
CVF,2020,2020-01-14,Dividend/Distribution - CVF,dividend,,2192815,2020-01,NaT
CVF,2020,2020-01-08,Update - Dividend/Distribution - CVF,dividend,,2191540,2020-01,NaT
CYA,2016,2016-08-24,Dividend/Distribution - CYA,dividend,,1770961,2016-08,NaT
CYA,2016,2016-02-15,Dividend/Distribution - CYA,dividend,,1711821,2016-02,NaT
CYA,2017,2017-07-31,FY17 Dividend imputation and corporate tax rate changes,dividend,,1878788,2017-07,NaT
CYA,2017,2017-04-18,Dividend/Distribution - CYA,dividend,,1848557,2017-04,NaT
CYA,2018,2018-08-24,Dividend/Distribution - CYA,dividend,,2013876,2018-08,NaT
CYA,2018,2018-02-27,Dividend/Distribution - CYA,dividend,,1955934,2018-02,NaT
D2O,2016,2016-09-15,Distribution Schedule,dividend,,1779292,2016-09,NaT
D2O,2017,2017-09-25,Dividend/Distribution - D2O,dividend,,1899525,2017-09,NaT
D2O,2017,2017-09-22,Dividend Details,dividend,,1898834,2017-09,NaT
D2O,2017,2017-09-15,Maiden Dividend and Dividend Reinvestment Plan,dividend,,1896673,2017-09,NaT
D2O,2018,2018-12-14,Dividend Update,dividend,,2059981,2018-12,NaT
D2O,2018,2018-08-28,Update - Dividend/Distribution - D2O,dividend,,2015090,2018-08,NaT
D2O,2018,2018-08-27,Dividend/Distribution - D2O,dividend,,2014315,2018-08,NaT
D2O,2018,2018-08-24,Dividend and Dividend Reinvestment Plan,dividend,,2013793,2018-08,NaT
D2O,2018,2018-03-07,Dividend/Distribution - D2O,dividend,,1959560,2018-03,NaT
D2O,2018,2018-03-07,Interim Dividend,dividend,,1959253,2018-03,NaT
D2O,2019,2019-08-09,Dividend/Distribution - D2O,dividend,,2132104,2019-08,NaT
D2O,2019,2019-08-09,Interim Dividend,dividend,,2132073,2019-08,NaT
D2O,2019,2019-04-01,Dividend Update,dividend,,2091799,2019-04,NaT
D2O,2019,2019-01-31,Dividend/Distribution - D2O,dividend,,2071348,2019-01,NaT
D2O,2019,2019-01-31,Final Dividend,dividend,,2071290,2019-01,NaT
DJW,2016,2016-10-10,Amendment to the Dividend Reinvestment Plan Rules,dividend,,1787962,2016-10,NaT
DJW,2016,2016-07-18,Dividend/Distribution - DJW,dividend,,1758092,2016-07,NaT
DJW,2016,2016-01-14,Dividend/Distribution - DJW,dividend,,1703180,2016-01,NaT
DJW,2017,2017-08-25,Appendix 3B - Dividend Reinvestment Plan,dividend,,1888197,2017-08,NaT
DJW,2017,2017-08-11,Update - Dividend/Distribution - DJW,dividend,,1882809,2017-08,NaT
DJW,2017,2017-07-17,Dividend/Distribution - DJW,dividend,,1874609,2017-07,NaT
DJW,2017,2017-02-21,Appendix 3B - Dividend Reinvestment Plan,dividend,,1830178,2017-02,NaT
DJW,2017,2017-02-06,Update - Dividend/Distribution - DJW,dividend,,1825694,2017-02,NaT
DJW,2017,2017-01-19,Dividend/Distribution - DJW,dividend,,1820946,2017-01,NaT
DJW,2018,2018-08-27,Appendix 3B - Dividend Reinvestment Plan,dividend,,2014526,2018-08,NaT
DJW,2018,2018-08-14,Update - Dividend/Distribution - DJW,dividend,,2009062,2018-08,NaT
DJW,2018,2018-07-16,Dividend/Distribution - DJW,dividend,,1999682,2018-07,NaT
DJW,2018,2018-02-21,Appendix 3B - Dividend Reinvestment Plan,dividend,,1952884,2018-02,NaT
DJW,2018,2018-02-05,Update - Dividend/Distribution - DJW,dividend,,1947471,2018-02,NaT
DJW,2018,2018-01-18,Dividend/Distribution - DJW,dividend,,1942120,2018-01,NaT
DJW,2019,2019-08-27,Appendix 3B - Dividend Reinvestment Plan,dividend,,2138629,2019-08,NaT
DJW,2019,2019-08-12,Update - Dividend/Distribution - DJW,dividend,,2132479,2019-08,NaT
DJW,2019,2019-07-15,Dividend/Distribution - DJW,dividend,,2123216,2019-07,NaT
DJW,2019,2019-06-20,Amendment to the Dividend Reinvestment Plan Rules,dividend,,2115962,2019-06,NaT
DJW,2019,2019-02-21,Appendix 3B - Dividend Reinvestment Plan,dividend,,2077914,2019-02,NaT
DJW,2019,2019-02-04,Update - Dividend/Distribution - DJW,dividend,,2072458,2019-02,NaT
DJW,2019,2019-01-17,Dividend/Distribution - DJW,dividend,,2067298,2019-01,NaT
DJW,2020,2020-08-13,Update - Dividend/Distribution - DJW,dividend,,2266146,2020-08,NaT
DJW,2020,2020-07-20,Dividend/Distribution - DJW,dividend,,2256481,2020-07,NaT
DJW,2020,2020-06-18,Amendment to the Dividend Reinvestment Plan Rules,dividend,,2245957,2020-06,NaT
DJW,2020,2020-06-18,Dividend Substitution Share Plan,dividend,,2245860,2020-06,NaT
DJW,2020,2020-02-20,Appendix 2A - Dividend Reinvestment Plan,dividend,,2204459,2020-02,NaT
DJW,2020,2020-02-05,Update - Dividend/Distribution - DJW,dividend,,2199354,2020-02,NaT
DJW,2020,2020-01-16,Dividend/Distribution - DJW,dividend,,2193267,2020-01,NaT
DJW,2021,2021-08-12,Update - Dividend/Distribution - DJW,dividend,,2406200,2021-08,NaT
DJW,2021,2021-07-19,Dividend/Distribution - DJWN,dividend,,2396582,2021-07,NaT
DJW,2021,2021-07-19,Dividend/Distribution - DJW,dividend,,2396578,2021-07,NaT
DJW,2021,2021-02-04,Update - Dividend/Distribution - DJW,dividend,,2338065,2021-02,NaT
DJW,2021,2021-01-18,Dividend/Distribution - DJW,dividend,,2331242,2021-01,NaT
DJW,2022,2022-08-12,Update - Dividend/Distribution - DJW,dividend,,2552836,2022-08,NaT
DJW,2022,2022-07-19,Dividend/Distribution - DJW,dividend,,2543218,2022-07,NaT
DJW,2022,2022-02-09,Update - Dividend/Distribution - DJW,dividend,,2484707,2022-02,NaT
DJW,2022,2022-01-21,Dividend/Distribution - DJW,dividend,,2477678,2022-01,NaT
DJW,2023,2023-08-17,Update - Dividend/Distribution - DJW,dividend,,2698501,2023-08,NaT
DJW,2023,2023-07-24,Dividend/Distribution - DJW,dividend,,2689434,2023-07,NaT
DJW,2023,2023-02-03,Update - Dividend/Distribution - DJW,dividend,,2627972,2023-02,NaT
DJW,2023,2023-01-19,Dividend/Distribution - DJW,dividend,,2622407,2023-01,NaT
DJW,2024,2024-08-15,Update - Dividend/Distribution - DJW,dividend,,2840022,2024-08,NaT
DJW,2024,2024-07-25,Dividend/Distribution - DJW,dividend,,2831998,2024-07,NaT
DJW,2024,2024-02-05,Update - Dividend/Distribution - DJW,dividend,,2769992,2024-02,NaT
DJW,2024,2024-01-22,Dividend/Distribution - DJW,dividend,,2764855,2024-01,NaT
DJW,2025,2025-08-14,Update - Dividend/Distribution - DJW,dividend,,2980222,2025-08,NaT
DJW,2025,2025-07-29,Dividend/Distribution - DJW,dividend,,2973794,2025-07,NaT
DJW,2025,2025-02-05,Update - Dividend/Distribution - DJW,dividend,,2911239,2025-02,NaT
DJW,2025,2025-01-20,Dividend/Distribution - DJW,dividend,,2905616,2025-01,NaT
DJW,2026,2026-08-11,Update - Dividend/Distribution - DJW,dividend,,3124060,2026-08,NaT
DJW,2026,2026-07-24,Dividend/Distribution - DJW,dividend,,3117840,2026-07,NaT
DJW,2026,2026-06-26,Update on the upcoming Quarterly Dividend,dividend,,3108189,2026-06,NaT
DJW,2026,2026-05-12,Update - Dividend/Distribution - DJW,dividend,,3093020,2026-05,NaT
DJW,2026,2026-04-23,First Quarterly Dividend Payment,dividend,,3085571,2026-04,NaT
DJW,2026,2026-04-23,Dividend/Distribution - DJW,dividend,,3085560,2026-04,NaT
DJW,2026,2026-02-05,Update - Dividend/Distribution - DJW,dividend,,3057267,2026-02,NaT
DJW,2026,2026-01-19,Dividend/Distribution - DJW,dividend,,3050864,2026-01,NaT
DN1,2025,2025-12-19,Update - Dividend/Distribution - DN1,dividend,,3043740,2025-12,NaT
DN1,2025,2025-12-08,Dividend/Distribution - DN1,dividend,,3038475,2025-12,NaT
DN1,2025,2025-11-19,Update - Dividend/Distribution - DN1,dividend,,3028443,2025-11,NaT
DN1,2025,2025-11-06,Dividend/Distribution - DN1,dividend,,3021886,2025-11,NaT
DN1,2025,2025-10-17,Update - Dividend/Distribution - DN1,dividend,,3011572,2025-10,NaT
DN1,2025,2025-10-03,Dividend/Distribution - DN1,dividend,,3005392,2025-10,NaT
DN1,2025,2025-09-19,Update - Dividend/Distribution - DN1,dividend,,2997403,2025-09,NaT
DN1,2025,2025-09-08,Dividend/Distribution - DN1,dividend,,2992362,2025-09,NaT
DN1,2025,2025-08-26,Update - Dividend/Distribution - DN1,dividend,,2985607,2025-08,NaT
DN1,2025,2025-08-06,Dividend/Distribution - DN1,dividend,,2977470,2025-08,NaT
DN1,2025,2025-07-18,Update - Dividend/Distribution - DN1,dividend,,2970550,2025-07,NaT
DN1,2025,2025-07-07,Dividend/Distribution - DN1,dividend,,2966746,2025-07,NaT
DN1,2025,2025-06-19,Update - Dividend/Distribution - DN1,dividend,,2960098,2025-06,NaT
DN1,2025,2025-06-05,Dividend/Distribution - DN1,dividend,,2955709,2025-06,NaT
DN1,2025,2025-05-19,Update - Dividend/Distribution - DN1,dividend,,2949617,2025-05,NaT
DN1,2025,2025-05-06,Dividend/Distribution - DN1,dividend,,2945388,2025-05,NaT
DN1,2025,2025-04-17,Update - Dividend/Distribution - DN1,dividend,,2939308,2025-04,NaT
DN1,2025,2025-04-04,Dividend/Distribution - DN1,dividend,,2934464,2025-04,NaT
DN1,2025,2025-02-28,Distribution Schedule,dividend,,2921171,2025-02,NaT
DN1,2026,2026-08-19,Update - Dividend/Distribution - DN1,dividend,,3126822,2026-08,NaT
DN1,2026,2026-08-06,Dividend/Distribution - DN1,dividend,,3122461,2026-08,NaT
DN1,2026,2026-07-17,Update - Dividend/Distribution - DN1,dividend,,3115840,2026-07,NaT
DN1,2026,2026-07-06,Dividend/Distribution - DN1,dividend,,3111886,2026-07,NaT
DN1,2026,2026-06-19,Update - Dividend/Distribution - DN1,dividend,,3105792,2026-06,NaT
DN1,2026,2026-06-05,Dividend/Distribution - DN1,dividend,,3101521,2026-06,NaT
DN1,2026,2026-05-19,Update - Dividend/Distribution - DN1,dividend,,3095405,2026-05,NaT
DN1,2026,2026-05-05,Dividend/Distribution - DN1,dividend,,3090629,2026-05,NaT
DN1,2026,2026-04-17,Update - Dividend/Distribution - DN1,dividend,,3083803,2026-04,NaT
DN1,2026,2026-04-02,Dividend/Distribution - DN1,dividend,,3079344,2026-04,NaT
DN1,2026,2026-03-19,Update - Dividend/Distribution - DN1,dividend,,3073939,2026-03,NaT
DN1,2026,2026-03-06,Dividend/Distribution - DN1,dividend,,3069349,2026-03,NaT
DN1,2026,2026-02-19,Update - Dividend/Distribution - DN1,dividend,,3062309,2026-02,NaT
DN1,2026,2026-02-09,Dividend/Distribution - DN1,dividend,,3058259,2026-02,NaT
DN1,2026,2026-01-22,Update - Dividend/Distribution - DN1,dividend,,3052078,2026-01,NaT
DN1,2026,2026-01-06,Dividend/Distribution - DN1,dividend,,3047310,2026-01,NaT
DUI,2016,2016-10-18,Dividend Outlook,dividend,,1790816,2016-10,NaT
DUI,2016,2016-09-13,Update - Dividend/Distribution - DUI,dividend,,1778271,2016-09,NaT
DUI,2016,2016-09-09,Dividend Reinvestment Plan - Price,dividend,,1777590,2016-09,NaT
DUI,2016,2016-08-18,Update - Dividend/Distribution - DUI,dividend,,1768488,2016-08,NaT
DUI,2016,2016-08-16,Dividend/Distribution - DUI,dividend,,1767512,2016-08,NaT
DUI,2016,2016-03-02,Update - Dividend/Distribution - DUI,dividend,,1718636,2016-03,NaT
DUI,2016,2016-03-01,Dividend Reinvestment Plan - Price,dividend,,1718242,2016-03,NaT
DUI,2016,2016-02-16,Dividend/Distribution - DUI,dividend,,1712146,2016-02,NaT
DUI,2017,2017-09-06,Dividend Reinvestment Plan Price,dividend,,1893266,2017-09,NaT
DUI,2017,2017-09-06,Update - Dividend/Distribution - DUI,dividend,,1893265,2017-09,NaT
DUI,2017,2017-08-17,Dividend/Distribution - DUI,dividend,,1884766,2017-08,NaT
DUI,2017,2017-03-02,Dividend Reinvestment Plan - Price,dividend,,1835296,2017-03,NaT
DUI,2017,2017-03-02,Update - Dividend/Distribution - DUI,dividend,,1835295,2017-03,NaT
DUI,2017,2017-02-14,Dividend/Distribution - DUI,dividend,,1828175,2017-02,NaT
DUI,2018,2018-09-11,Dividend Reinvestment Plan - Price,dividend,,2021160,2018-09,NaT
DUI,2018,2018-09-11,Update - Dividend/Distribution - DUI,dividend,,2021159,2018-09,NaT
DUI,2018,2018-09-03,Update - Dividend/Distribution - DUI,dividend,,2017903,2018-09,NaT
DUI,2018,2018-09-03,Final Dividend Franking Rate,dividend,,2017895,2018-09,NaT
DUI,2018,2018-08-13,Dividend/Distribution - DUI,dividend,,2008825,2018-08,NaT
DUI,2018,2018-03-01,Dividend Reinvestment Plan - Price,dividend,,1957490,2018-03,NaT
DUI,2018,2018-03-01,Update - Dividend/Distribution - DUI,dividend,,1957489,2018-03,NaT
DUI,2018,2018-02-14,Dividend/Distribution - DUI,dividend,,1950562,2018-02,NaT
DUI,2019,2019-09-09,Dividend Reinvestment Plan - Price,dividend,,2144805,2019-09,NaT
DUI,2019,2019-09-09,Update - Dividend/Distribution - DUI,dividend,,2144804,2019-09,NaT
DUI,2019,2019-08-14,Dividend/Distribution - DUI,dividend,,2133609,2019-08,NaT
DUI,2019,2019-03-01,Dividend Reinvestment Plan - Price,dividend,,2082424,2019-03,NaT
DUI,2019,2019-03-01,Update - Dividend/Distribution - DUI,dividend,,2082423,2019-03,NaT
DUI,2019,2019-02-13,Dividend/Distribution - DUI,dividend,,2075115,2019-02,NaT
DUI,2020,2020-09-09,Update - Dividend/Distribution - DUI,dividend,,2278932,2020-09,NaT
DUI,2020,2020-08-18,Dividend/Distribution - DUI,dividend,,2268086,2020-08,NaT
DUI,2020,2020-03-16,Appendix 2A - Dividend reinvestment plan,dividend,,2214900,2020-03,NaT
DUI,2020,2020-02-28,Update - Dividend/Distribution - DUI,dividend,,2208883,2020-02,NaT
DUI,2020,2020-02-13,Dividend/Distribution - DUI,dividend,,2202118,2020-02,NaT
DUI,2021,2021-09-08,Update - Dividend/Distribution - DUI,dividend,,2419091,2021-09,NaT
DUI,2021,2021-08-18,Dividend/Distribution - DUI,dividend,,2408662,2021-08,NaT
DUI,2021,2021-03-02,Update - Dividend/Distribution - DUI,dividend,,2348940,2021-03,NaT
DUI,2021,2021-02-16,Dividend/Distribution - DUI,dividend,,2341871,2021-02,NaT
DUI,2022,2022-08-30,Update - Dividend/Distribution - DUI,dividend,,2560989,2022-08,NaT
DUI,2022,2022-08-18,Dividend/Distribution - DUI,dividend,,2554642,2022-08,NaT
DUI,2022,2022-03-02,Update - Dividend/Distribution - DUI,dividend,,2494655,2022-03,NaT
DUI,2022,2022-02-16,Dividend/Distribution - DUI,dividend,,2487408,2022-02,NaT
DUI,2023,2023-09-05,Update - Dividend/Distribution - DUI,dividend,,2708115,2023-09,NaT
DUI,2023,2023-08-17,Dividend/Distribution - DUI,dividend,,2698914,2023-08,NaT
DUI,2023,2023-05-19,Revised Dividend Reinvestment Plan Rules,dividend,,2667806,2023-05,NaT
DUI,2023,2023-03-02,Update - Dividend/Distribution - DUI,dividend,,2639249,2023-03,NaT
DUI,2023,2023-02-17,Dividend/Distribution - DUI,dividend,,2632732,2023-02,NaT
DUI,2024,2024-09-02,Update - Dividend/Distribution - DUI,dividend,,2848629,2024-09,NaT
DUI,2024,2024-08-16,Dividend/Distribution - DUI,dividend,,2840128,2024-08,NaT
DUI,2024,2024-02-29,Update - Dividend/Distribution - DUI,dividend,,2779933,2024-02,NaT
DUI,2024,2024-02-15,Dividend/Distribution - DUI,dividend,,2773567,2024-02,NaT
DUI,2025,2025-09-04,Update - Dividend/Distribution - DUI,dividend,,2991077,2025-09,NaT
DUI,2025,2025-08-22,Dividend/Distribution - DUI,dividend,,2983861,2025-08,NaT
DUI,2025,2025-03-10,Update - Dividend/Distribution - DUI,dividend,,2924172,2025-03,NaT
DUI,2025,2025-02-21,Dividend/Distribution - DUI,dividend,,2917029,2025-02,NaT
DUI,2026,2026-03-06,Update - Dividend/Distribution - DUI,dividend,,3069125,2026-03,NaT
DUI,2026,2026-02-20,Dividend/Distribution - DUI,dividend,,3062573,2026-02,NaT
ECL,2018,2018-08-23,Dividend/Distribution - CMI,dividend,,2013086,2018-08,NaT
ECL,2018,2018-02-28,Dividend/Distribution - CMI,dividend,,1956736,2018-02,NaT
ECL,2019,2019-08-28,Dividend/Distribution - ECL,dividend,,2139819,2019-08,NaT
ECL,2019,2019-02-27,Dividend/Distribution - ECL,dividend,,2080820,2019-02,NaT
ECL,2020,2020-08-28,Dividend/Distribution - ECL,dividend,,2274004,2020-08,NaT
ECL,2020,2020-02-26,Declaration of Interim Dividend,dividend,,2207380,2020-02,NaT
ECL,2020,2020-02-26,Dividend/Distribution - ECL,dividend,,2207320,2020-02,NaT
ECL,2021,2021-08-30,Dividend/Distribution - ECL,dividend,,2414804,2021-08,NaT
ECL,2021,2021-02-26,Dividend/Distribution - ECL,dividend,,2347974,2021-02,NaT
ECL,2022,2022-08-30,Dividend/Distribution - ECL,dividend,,2561235,2022-08,NaT
ECL,2022,2022-02-28,Dividend/Distribution - ECL,dividend,,2493532,2022-02,NaT
ECL,2023,2023-08-30,Dividend/Distribution - ECL,dividend,,2705294,2023-08,NaT
ECL,2023,2023-02-27,Dividend/Distribution - ECL,dividend,,2637045,2023-02,NaT
ECL,2024,2024-08-30,Dividend/Distribution - ECL,dividend,,2847176,2024-08,NaT
ECL,2024,2024-02-29,Dividend/Distribution - ECL,dividend,,2780254,2024-02,NaT
ECL,2025,2025-08-29,Dividend/Distribution - ECL,dividend,,2989007,2025-08,NaT
ECL,2025,2025-02-28,Dividend/Distribution - ECL,dividend,,2921246,2025-02,NaT
ECL,2026,2026-03-27,Dividend/Distribution - ECL,dividend,,3076905,2026-03,NaT
ECL,2026,2026-03-27,Special Dividend &amp; Non-Executive Director Change,dividend,,3076903,2026-03,NaT
ECL,2026,2026-03-03,Update - Dividend/Distribution - ECL,dividend,,3067787,2026-03,NaT
ECL,2026,2026-02-27,Dividend/Distribution - ECL,dividend,,3066850,2026-02,NaT
ECP,2019,2019-09-09,Update - Dividend/Distribution - BST,dividend,,2144893,2019-09,NaT
ECP,2019,2019-08-20,Dividend/Distribution - BST,dividend,,2135559,2019-08,NaT
ECP,2019,2019-03-19,Update - Dividend/Distribution - BST,dividend,,2087686,2019-03,NaT
ECP,2019,2019-02-25,Dividend/Distribution - BST,dividend,,2079103,2019-02,NaT
ECP,2020,2020-09-11,Update - Dividend/Distribution - ECP,dividend,,2280071,2020-09,NaT
ECP,2020,2020-09-03,Update - Dividend/Distribution - ECP,dividend,,2276870,2020-09,NaT
ECP,2020,2020-08-31,Dividend/Distribution - ECP,dividend,,2275019,2020-08,NaT
ECP,2020,2020-03-17,Update - Dividend/Distribution - ECP,dividend,,2215282,2020-03,NaT
ECP,2020,2020-02-27,Dividend/Distribution - ECP,dividend,,2207970,2020-02,NaT
ECP,2021,2021-09-10,Update - Dividend/Distribution - ECP,dividend,,2420202,2021-09,NaT
ECP,2021,2021-08-26,Dividend/Distribution - ECP,dividend,,2413048,2021-08,NaT
ECP,2021,2021-03-05,Update - Dividend/Distribution - ECP,dividend,,2350471,2021-03,NaT
ECP,2021,2021-02-22,Dividend/Distribution - ECP,dividend,,2344304,2021-02,NaT
ECP,2022,2022-09-09,Update - Dividend/Distribution - ECP,dividend,,2566250,2022-09,NaT
ECP,2022,2022-08-25,Dividend/Distribution - ECP,dividend,,2558471,2022-08,NaT
ECP,2022,2022-03-10,Update - Dividend/Distribution - ECP,dividend,,2497726,2022-03,NaT
ECP,2022,2022-02-23,Dividend/Distribution - ECP,dividend,,2490496,2022-02,NaT
ECP,2023,2023-09-07,Update - Dividend/Distribution - ECP,dividend,,2709188,2023-09,NaT
ECP,2023,2023-08-22,Dividend/Distribution - ECP,dividend,,2700614,2023-08,NaT
ECP,2023,2023-03-06,Update - Dividend/Distribution - ECP,dividend,,2640322,2023-03,NaT
ECP,2023,2023-02-17,Dividend/Distribution - ECP,dividend,,2632770,2023-02,NaT
ECP,2024,2024-09-04,Update - Dividend/Distribution - ECP,dividend,,2849555,2024-09,NaT
ECP,2024,2024-08-22,Dividend/Distribution - ECP,dividend,,2842946,2024-08,NaT
ECP,2024,2024-03-06,Update - Dividend/Distribution - ECP,dividend,,2782490,2024-03,NaT
ECP,2024,2024-02-23,Dividend/Distribution - ECP,dividend,,2776971,2024-02,NaT
ECP,2025,2025-12-12,ECP Special Dividend,dividend,,3040536,2025-12,NaT
ECP,2025,2025-08-29,Update - Dividend/Distribution - ECP,dividend,,2987952,2025-08,NaT
ECP,2025,2025-08-14,Dividend/Distribution - ECP,dividend,,2980518,2025-08,NaT
ECP,2025,2025-03-05,Update - Dividend/Distribution - ECP,dividend,,2922746,2025-03,NaT
ECP,2025,2025-02-21,Dividend/Distribution - ECP,dividend,,2917414,2025-02,NaT
ECP,2026,2026-08-13,Dividend/Distribution - ECP,dividend,,3124991,2026-08,NaT
ECP,2026,2026-03-04,Update - Dividend/Distribution - ECP,dividend,,3068279,2026-03,NaT
ECP,2026,2026-02-13,Dividend/Distribution - ECP,dividend,,3060226,2026-02,NaT
EFF,2018,2018-12-19,31 December 2018 Distribution,dividend,,2061606,2018-12,NaT
EFF,2018,2018-12-19,Dividend/Distribution - EFF,dividend,,2061601,2018-12,NaT
EFF,2018,2018-06-25,Distribution Reinvestment Plan Terms,dividend,,1993534,2018-06,NaT
EFF,2018,2018-06-25,Distribution Schedule,dividend,,1993526,2018-06,NaT
EFF,2019,2019-12-17,31 December 2019 Estimated Distribution,dividend,,2186578,2019-12,NaT
EFF,2019,2019-12-17,Dividend/Distribution - EFF,dividend,,2186575,2019-12,NaT
EFF,2019,2019-07-23,DRP Price Announcement and Target Distribution,dividend,,2125577,2019-07,NaT
EFF,2019,2019-07-23,Update - Dividend/Distribution - EFF,dividend,,2125572,2019-07,NaT
EFF,2019,2019-06-24,30 June 2019 Estimated Distribution,dividend,,2116867,2019-06,NaT
EFF,2019,2019-06-24,Dividend/Distribution - EFF,dividend,,2116854,2019-06,NaT
EFF,2019,2019-02-04,Distribution Reinvestment Plan Terms,dividend,,2072313,2019-02,NaT
EFF,2019,2019-01-22,DRP Price Announcement and Target Distribution,dividend,,2068366,2019-01,NaT
EFF,2019,2019-01-22,Update - Dividend/Distribution - EFF,dividend,,2068364,2019-01,NaT
EFF,2020,2020-11-02,Fund &amp; Distribution Update,dividend,,2303861,2020-11,NaT
EFF,2020,2020-11-02,Dividend/Distribution - EFF,dividend,,2303818,2020-11,NaT
EFF,2020,2020-07-22,DRP Price Announcement and Target Distribution,dividend,,2257587,2020-07,NaT
EFF,2020,2020-07-22,Update - Dividend/Distribution - EFF,dividend,,2257579,2020-07,NaT
EFF,2020,2020-06-24,30 June 2020 Estimated Distribution,dividend,,2247746,2020-06,NaT
EFF,2020,2020-06-24,Dividend/Distribution - EFF,dividend,,2247742,2020-06,NaT
EFF,2020,2020-01-24,DRP Price Announcement and Target Distribution,dividend,,2195436,2020-01,NaT
EFF,2020,2020-01-24,Update - Dividend/Distribution - EFF,dividend,,2195428,2020-01,NaT
FGG,2016,2016-10-24,Update - Dividend/Distribution - FGG,dividend,,1792858,2016-10,NaT
FGG,2016,2016-08-31,Dividend/Distribution - FGG,dividend,,1774187,2016-08,NaT
FGG,2017,2017-10-20,Update - Dividend/Distribution - FGG,dividend,,1910640,2017-10,NaT
FGG,2017,2017-08-29,Fully franked dividend and portfolio outperformance,dividend,,1889510,2017-08,NaT
FGG,2017,2017-08-29,Dividend/Distribution - FGG,dividend,,1889507,2017-08,NaT
FGG,2018,2018-12-17,2017 Dividend imputation and corporate tax rate changes,dividend,,2060703,2018-12,NaT
FGG,2018,2018-10-12,Update - Dividend/Distribution - FGG,dividend,,2033395,2018-10,NaT
FGG,2018,2018-08-28,FGG delivers strong performance and FF dividend,dividend,,2014885,2018-08,NaT
FGG,2018,2018-08-28,Dividend/Distribution - FGG,dividend,,2014860,2018-08,NaT
FGG,2019,2019-10-16,Update - Dividend/Distribution - FGG,dividend,,2159894,2019-10,NaT
FGG,2019,2019-08-29,"FGG half year results, increased fully franked dividend",dividend,,2140574,2019-08,NaT
FGG,2019,2019-08-29,Dividend/Distribution - FGG,dividend,,2140538,2019-08,NaT
FGG,2020,2020-10-16,Update - Dividend/Distribution - FGG,dividend,,2294542,2020-10,NaT
FGG,2020,2020-08-10,Update - Dividend/Distribution - DRP,dividend,,2264887,2020-08,NaT
FGG,2020,2020-08-07,FGG outperformance drives increased fully franked dividend,dividend,,2264119,2020-08,NaT
FGG,2020,2020-08-07,Dividend/Distribution - FGG,dividend,,2264117,2020-08,NaT
FGG,2021,2021-10-14,Update - Dividend/Distribution - FGG,dividend,,2435901,2021-10,NaT
FGG,2021,2021-08-30,"Record profit, 50.0% increase in fully franked dividend",dividend,,2414540,2021-08,NaT
FGG,2021,2021-08-30,Dividend/Distribution - FGG,dividend,,2414509,2021-08,NaT
FGG,2022,2022-10-17,Update - Dividend/Distribution - FGG,dividend,,2583449,2022-10,NaT
FGG,2022,2022-08-31,"Increased FF interim dividend, 2022 Half Year Results",dividend,,2561865,2022-08,NaT
FGG,2022,2022-08-31,Dividend/Distribution - FGG,dividend,,2561826,2022-08,NaT
FGG,2022,2022-05-19,Update - Dividend/Distribution - FGG,dividend,,2523203,2022-05,NaT
FGG,2022,2022-02-15,Dividend/Distribution - FGG,dividend,,2486804,2022-02,NaT
FGG,2023,2023-10-10,Update - Dividend/Distribution - FGG,dividend,,2723774,2023-10,NaT
FGG,2023,2023-08-30,Dividend/Distribution - FGG,dividend,,2705052,2023-08,NaT
FGG,2023,2023-04-14,Update - Dividend/Distribution - FGG,dividend,,2654521,2023-04,NaT
FGG,2023,2023-02-28,"16.7% increase in FF full-year dividend, FY2022 Results",dividend,,2637814,2023-02,NaT
FGG,2023,2023-02-28,Dividend/Distribution - FGG,dividend,,2637755,2023-02,NaT
FGG,2024,2024-10-22,Update - Dividend/Distribution - FGG,dividend,,2870975,2024-10,NaT
FGG,2024,2024-08-30,Dividend/Distribution - FGG,dividend,,2847194,2024-08,NaT
FGG,2024,2024-05-16,Update - Dividend/Distribution - FGG,dividend,,2808241,2024-05,NaT
FGG,2024,2024-02-28,Record profit leads to increased FF full year dividend,dividend,,2778906,2024-02,NaT
FGG,2024,2024-02-28,Dividend/Distribution - FGG,dividend,,2778806,2024-02,NaT
FGG,2025,2025-11-21,Update - Dividend/Distribution - FGG,dividend,,3030353,2025-11,NaT
FGG,2025,2025-07-16,"Investment portfolio outperformance, increased ff dividend",dividend,,2969736,2025-07,NaT
FGG,2025,2025-07-16,Dividend/Distribution - FGG,dividend,,2969721,2025-07,NaT
FGG,2025,2025-05-15,Update - Dividend/Distribution - FGG,dividend,,2948785,2025-05,NaT
FGG,2025,2025-02-27,Dividend/Distribution - FGG,dividend,,2919889,2025-02,NaT
FGG,2026,2026-07-10,Dividend/Distribution - FGG,dividend,,3113800,2026-07,NaT
FGG,2026,2026-06-16,Update - Dividend/Distribution - FGG,dividend,,3104719,2026-06,NaT
FGG,2026,2026-05-14,Update - Dividend/Distribution - FGG,dividend,,3094102,2026-05,NaT
FGG,2026,2026-03-13,Updated Dividend Re-Investment Plan,dividend,,3072148,2026-03,NaT
FGG,2026,2026-02-10,Dividend/Distribution - FGG,dividend,,3058502,2026-02,NaT
FGG,2026,2026-02-09,Dividend/Distribution - FGG,dividend,,3057953,2026-02,NaT
FGX,2016,2016-10-14,Update - Dividend/Distribution - FGX,dividend,,1789500,2016-10,NaT
FGX,2016,2016-08-31,FY2016 Results - STRONG OUTPERFORMANCE AND DIVIDEND,dividend,,1774144,2016-08,NaT
FGX,2016,2016-07-21,FY2016 Results - STRONG OUTPERFORMANCE AND DIVIDEND,dividend,,1759129,2016-07,NaT
FGX,2016,2016-07-21,Dividend/Distribution - FGX,dividend,,1759117,2016-07,NaT
FGX,2016,2016-04-19,Update - Dividend/Distribution - FGX,dividend,,1732296,2016-04,NaT
FGX,2016,2016-03-21,Letter on Dividend Donation Plan,dividend,,1724383,2016-03,NaT
FGX,2016,2016-02-01,Update - Dividend/Distribution - FGX,dividend,,1707981,2016-02,NaT
FGX,2016,2016-01-12,Dividend/Distribution - FGX,dividend,,1702519,2016-01,NaT
FGX,2016,2016-01-12,Interim Dividend,dividend,,1702502,2016-01,NaT
FGX,2017,2017-10-20,Update - Dividend/Distribution - FGX,dividend,,1910633,2017-10,NaT
FGX,2017,2017-08-29,Record profit and increased fully franked dividend,dividend,,1889456,2017-08,NaT
FGX,2017,2017-08-29,Dividend/Distribution - FGX,dividend,,1889429,2017-08,NaT
FGX,2017,2017-04-11,Update - Dividend/Distribution - FGX,dividend,,1847230,2017-04,NaT
FGX,2017,2017-02-27,Dividend/Distribution - FGX,dividend,,1833154,2017-02,NaT
FGX,2017,2017-02-27,FGX Announces Profit &amp; Record Fully Franked Final Dividend,dividend,,1833151,2017-02,NaT
FGX,2018,2018-10-17,Update - Dividend/Distribution - FGX,dividend,,2035580,2018-10,NaT
FGX,2018,2018-08-30,FGX announces record profit and FF interim dividend,dividend,,2016353,2018-08,NaT
FGX,2018,2018-08-30,Dividend/Distribution - FGX,dividend,,2016338,2018-08,NaT
FGX,2018,2018-04-27,Update - Dividend/Distribution - FGX,dividend,,1975286,2018-04,NaT
FGX,2018,2018-02-28,Record $27.2 million profit and increased FF dividend,dividend,,1956417,2018-02,NaT
FGX,2018,2018-02-28,Dividend/Distribution - FGX,dividend,,1956411,2018-02,NaT
FGX,2019,2019-10-16,Update - Dividend/Distribution - FGX,dividend,,2159892,2019-10,NaT
FGX,2019,2019-08-29,"FGX half year results, increased FF interim dividend",dividend,,2140529,2019-08,NaT
FGX,2019,2019-08-29,Dividend/Distribution - FGX,dividend,,2140512,2019-08,NaT
FGX,2019,2019-04-15,Update - Dividend/Distribution - FGX,dividend,,2096543,2019-04,NaT
FGX,2019,2019-02-28,Dividend/Distribution - FGX,dividend,,2081576,2019-02,NaT
FGX,2020,2020-10-22,Update - Dividend/Distribution - FGX,dividend,,2297636,2020-10,NaT
FGX,2020,2020-08-07,FGX outperformance drives increased FF interim dividend,dividend,,2264115,2020-08,NaT
FGX,2020,2020-08-07,Dividend/Distribution - FGX,dividend,,2264112,2020-08,NaT
FGX,2020,2020-04-20,Update - Dividend/Distribution - FGX,dividend,,2226557,2020-04,NaT
FGX,2020,2020-02-28,"FGX announces full year results, increased FF dividend",dividend,,2209047,2020-02,NaT
FGX,2020,2020-02-28,Dividend/Distribution - FGX,dividend,,2209028,2020-02,NaT
FGX,2021,2021-11-24,Update - Dividend/Distribution - FGX,dividend,,2457098,2021-11,NaT
FGX,2021,2021-10-04,Optionholder distribution and top 20 optionholders,dividend,,2430700,2021-10,NaT
FGX,2021,2021-08-26,"Record profit, 15.4% increase in FF interim dividend",dividend,,2412873,2021-08,NaT
FGX,2021,2021-08-26,Dividend/Distribution - FGX,dividend,,2412811,2021-08,NaT
FGX,2021,2021-04-19,Update - Dividend/Distribution - FGX,dividend,,2364898,2021-04,NaT
FGX,2021,2021-02-25,FGX FY20 outperformance drives increased FF dividend,dividend,,2346509,2021-02,NaT
FGX,2021,2021-02-25,Dividend/Distribution - FGX,dividend,,2346476,2021-02,NaT
FGX,2022,2022-10-20,Update - Dividend/Distribution - FGX,dividend,,2585338,2022-10,NaT
FGX,2022,2022-08-31,"Increased FF interim dividend, 2022 Half Year Result",dividend,,2561862,2022-08,NaT
FGX,2022,2022-08-31,Dividend/Distribution - FGX,dividend,,2561821,2022-08,NaT
FGX,2022,2022-04-20,Update - Dividend/Distribution - FGX,dividend,,2511962,2022-04,NaT
FGX,2022,2022-02-03,Dividend/Distribution - FGX,dividend,,2483011,2022-02,NaT
FGX,2023,2023-10-17,Update - Dividend/Distribution - FGX,dividend,,2726720,2023-10,NaT
FGX,2023,2023-08-28,Dividend/Distribution - FGX,dividend,,2703525,2023-08,NaT
FGX,2023,2023-04-17,Update - Dividend/Distribution - FGX,dividend,,2655123,2023-04,NaT
FGX,2023,2023-02-28,"8.3% increase in FF full-year dividend, FY2022 Results",dividend,,2637915,2023-02,NaT
FGX,2023,2023-02-28,Dividend/Distribution - FGX,dividend,,2637875,2023-02,NaT
FGX,2024,2024-10-21,Update - Dividend/Distribution - FGX,dividend,,2870379,2024-10,NaT
FGX,2024,2024-08-30,Dividend/Distribution - FGX,dividend,,2847155,2024-08,NaT
FGX,2024,2024-05-14,Update - Dividend/Distribution - FGX,dividend,,2807353,2024-05,NaT
FGX,2024,2024-02-27,Investment port. outperformance drives increased FF dividend,dividend,,2778268,2024-02,NaT
FGX,2024,2024-02-27,Dividend/Distribution - FGX,dividend,,2778141,2024-02,NaT
FGX,2025,2025-11-18,Update - Dividend/Distribution - FGX,dividend,,3028044,2025-11,NaT
FGX,2025,2025-08-28,"Increased FF interim dividend, 2025 half year results",dividend,,2987447,2025-08,NaT
FGX,2025,2025-07-24,Dividend/Distribution - FGX,dividend,,2972217,2025-07,NaT
FGX,2025,2025-05-13,Update - Dividend/Distribution - FGX,dividend,,2947897,2025-05,NaT
FGX,2025,2025-02-28,Dividend/Distribution - FGX,dividend,,2920665,2025-02,NaT
FGX,2026,2026-07-08,Dividend/Distribution - FGX,dividend,,3112825,2026-07,NaT
FGX,2026,2026-05-05,Update - Dividend/Distribution - FGX,dividend,,3090672,2026-05,NaT
FGX,2026,2026-03-13,Updated Dividend Re-Investment Plan,dividend,,3072125,2026-03,NaT
FGX,2026,2026-02-27,Dividend/Distribution - FGX,dividend,,3066181,2026-02,NaT
FPC,2017,2017-03-20,Distribution Schedule,dividend,,1840436,2017-03,NaT
FPC,2019,2019-12-18,Dividend Policy,dividend,,2186956,2019-12,NaT
FPC,2020,2020-10-20,Expanded Dividend Policy and Dividend Guidance,dividend,,2296140,2020-10,NaT
FPC,2020,2020-02-25,Dividend/Distribution - FPC,dividend,,2206599,2020-02,NaT
FPC,2021,2021-09-17,Dividend/Distribution - FPC,dividend,,2422981,2021-09,NaT
FPC,2021,2021-09-17,Final Dividend and DRP Amendment,dividend,,2422975,2021-09,NaT
FPC,2021,2021-06-10,Update - Dividend/Distribution - FPC,dividend,,2383700,2021-06,NaT
FPC,2021,2021-05-28,Update - Dividend/Distribution - FPC,dividend,,2379361,2021-05,NaT
FPC,2021,2021-03-03,Update - Dividend/Distribution - FPC,dividend,,2349534,2021-03,NaT
FPC,2021,2021-03-01,Dividend/Distribution - FPC,dividend,,2348290,2021-03,NaT
FPC,2021,2021-03-01,Dividend Reinvestment Plan Rules,dividend,,2348200,2021-03,NaT
FPC,2021,2021-03-01,Half year results commentary and dividend,dividend,,2348199,2021-03,NaT
FPC,2022,2022-08-26,Final Dividend Announcement,dividend,,2558839,2022-08,NaT
FPC,2022,2022-03-24,Update - Dividend/Distribution - FPC,dividend,,2502602,2022-03,NaT
FPC,2022,2022-02-28,Dividend/Distribution - FPC,dividend,,2493432,2022-02,NaT
FPC,2022,2022-02-28,Half Year Results Commentary and Dividend,dividend,,2493414,2022-02,NaT
FPC,2022,2022-01-10,Dividend Reinvestment Plan Issue Price,dividend,,2474279,2022-01,NaT
FPC,2025,2025-07-28,Update - Dividend/Distribution - FPC,dividend,,2973326,2025-07,NaT
FPC,2025,2025-07-23,Dividend/Distribution - FPC,dividend,,2971838,2025-07,NaT
FPC,2025,2025-07-23,Special dividend,dividend,,2971837,2025-07,NaT
FPC,2025,2025-06-25,Change to Dividend Policy,dividend,,2961651,2025-06,NaT
FPC,2026,2026-04-15,Update - Dividend/Distribution - FPC,dividend,,3082807,2026-04,NaT
FPC,2026,2026-02-27,Dividend/Distribution - FPC,dividend,,3066688,2026-02,NaT
FPC,2026,2026-02-27,Interim Dividend,dividend,,3066687,2026-02,NaT
FPP,2017,2017-10-06,Distribution Schedule,dividend,,1905267,2017-10,NaT
FPP,2018,2018-12-20,Dividend/Distribution - FPP,dividend,,2062119,2018-12,NaT
FPP,2018,2018-08-27,Update - Dividend/Distribution - FPP,dividend,,2014494,2018-08,NaT
FPP,2018,2018-07-26,Update - Dividend/Distribution - FPP,dividend,,2002735,2018-07,NaT
FPP,2018,2018-06-26,Dividend/Distribution - FPP,dividend,,1993975,2018-06,NaT
FPP,2019,2019-12-20,Dividend/Distribution - FPP,dividend,,2188001,2019-12,NaT
FPP,2019,2019-08-20,FPP - June 2019 distribution components,dividend,,2135551,2019-08,NaT
FPP,2019,2019-07-19,Update - Dividend/Distribution - FPP,dividend,,2124710,2019-07,NaT
FPP,2019,2019-07-10,Update - Dividend/Distribution - FPP,dividend,,2122237,2019-07,NaT
FPP,2019,2019-06-20,Dividend/Distribution - FPP,dividend,,2115980,2019-06,NaT
FPP,2019,2019-02-28,Dec 2018 Distribution Components - Amended,dividend,,2081498,2019-02,NaT
FPP,2019,2019-02-27,December 2018 distribution components,dividend,,2080772,2019-02,NaT
FPP,2019,2019-02-26,Update - Dividend/Distribution - FPP,dividend,,2080207,2019-02,NaT
FPP,2020,2020-12-18,Dividend/Distribution - FPP,dividend,,2324469,2020-12,NaT
FPP,2020,2020-06-25,Announcement in respect of June 2020 distribution,dividend,,2248099,2020-06,NaT
FPP,2020,2020-04-23,FPP - Distribution and initiatives update,dividend,,2227803,2020-04,NaT
FPP,2020,2020-02-27,FPP - December 2019 distribution components,dividend,,2207800,2020-02,NaT
FPP,2020,2020-02-12,Update - Dividend/Distribution - FPP,dividend,,2201596,2020-02,NaT
FPP,2021,2021-12-17,Dividend/Distribution - FPP,dividend,,2468362,2021-12,NaT
FPP,2021,2021-08-30,FPP - June 2021 distribution components,dividend,,2414592,2021-08,NaT
FPP,2021,2021-07-23,Update - Dividend/Distribution - FPP,dividend,,2398499,2021-07,NaT
FPP,2021,2021-06-18,Dividend/Distribution - FPP,dividend,,2386004,2021-06,NaT
FPP,2021,2021-02-25,FPP - December 2020 distribution components,dividend,,2346664,2021-02,NaT
FPP,2022,2022-12-16,Dividend/Distribution - FPP,dividend,,2613466,2022-12,NaT
FPP,2022,2022-08-31,JUNE 2022 DISTRIBUTION,dividend,,2561934,2022-08,NaT
FPP,2022,2022-07-22,Update - Dividend/Distribution - FPP,dividend,,2544561,2022-07,NaT
FPP,2022,2022-06-16,Dividend/Distribution - FPP,dividend,,2532328,2022-06,NaT
FPP,2022,2022-02-28,FPP - December 2021 distribution components,dividend,,2492781,2022-02,NaT
FPP,2023,2023-12-14,Dividend/Distribution - FPP,dividend,,2754470,2023-12,NaT
FPP,2023,2023-08-31,FPP Distribution Components 2023,dividend,,2706225,2023-08,NaT
FPP,2023,2023-08-02,Update - Dividend/Distribution - FPP,dividend,,2693710,2023-08,NaT
FPP,2023,2023-06-13,Dividend/Distribution - FPP,dividend,,2675542,2023-06,NaT
FPP,2023,2023-03-08,FPP distribution components - December 2022,dividend,,2641381,2023-03,NaT
FPP,2024,2024-12-17,Dividend/Distribution - FPP,dividend,,2897038,2024-12,NaT
FPP,2024,2024-08-27,FPP June 2024 Distribution Components,dividend,,2844799,2024-08,NaT
FPP,2024,2024-08-19,Update - Dividend/Distribution - FPP,dividend,,2840953,2024-08,NaT
FPP,2024,2024-06-17,Dividend/Distribution - FPP,dividend,,2818640,2024-06,NaT
FPP,2024,2024-03-04,Amendment to FPP distribution components - December 2023,dividend,,2781362,2024-03,NaT
FPP,2024,2024-03-01,FPP distribution components - December 2023,dividend,,2780582,2024-03,NaT
FPP,2025,2025-02-28,FPP Distribution Components - December 2024,dividend,,2921251,2025-02,NaT
FSI,2016,2016-11-23,Dividend Reinvestment Plan - Updated &amp; Letter,dividend,,1805276,2016-11,NaT
FSI,2016,2016-09-07,Update - Dividend/Distribution - FSI,dividend,,1776574,2016-09,NaT
FSI,2016,2016-08-24,Dividend/Distribution - FSI,dividend,,1771034,2016-08,NaT
FSI,2016,2016-03-16,Update - Dividend/Distribution - FSI,dividend,,1723360,2016-03,NaT
FSI,2016,2016-02-24,Dividend/Distribution - FSI,dividend,,1715022,2016-02,NaT
FSI,2017,2017-08-14,Dividend/Distribution - FSI,dividend,,1883438,2017-08,NaT
FSI,2017,2017-03-09,Update - Dividend/Distribution - FSI,dividend,,1837369,2017-03,NaT
FSI,2017,2017-02-23,Dividend/Distribution - FSI,dividend,,1831240,2017-02,NaT
FSI,2018,2018-09-06,Update - Dividend/Distribution - FSI,dividend,,2019648,2018-09,NaT
FSI,2018,2018-08-13,Dividend/Distribution - FSI,dividend,,2008746,2018-08,NaT
FSI,2018,2018-03-12,Update - Dividend/Distribution - FSI,dividend,,1960807,2018-03,NaT
FSI,2018,2018-02-13,Dividend/Distribution - FSI,dividend,,1950172,2018-02,NaT
FSI,2019,2019-08-30,Update - Dividend/Distribution - FSI,dividend,,2141328,2019-08,NaT
FSI,2019,2019-08-09,Update - Dividend/Distribution - FSI,dividend,,2132202,2019-08,NaT
FSI,2019,2019-08-08,Dividend/Distribution - FSI,dividend,,2131793,2019-08,NaT
FSI,2019,2019-02-28,Update - Dividend/Distribution - FSI,dividend,,2081658,2019-02,NaT
FSI,2019,2019-02-11,Dividend/Distribution - FSI,dividend,,2074338,2019-02,NaT
FSI,2019,2019-02-11,Amended FSI Appendix 4D - Dividend Record Date updated,dividend,,2074333,2019-02,NaT
FSI,2020,2020-09-14,Update - Dividend/Distribution - FSI,dividend,,2280501,2020-09,NaT
FSI,2020,2020-08-27,Dividend/Distribution - FSI,dividend,,2273000,2020-08,NaT
FSI,2020,2020-03-04,Update - Dividend/Distribution - FSI,dividend,,2210747,2020-03,NaT
FSI,2020,2020-02-17,Dividend/Distribution - FSI,dividend,,2202885,2020-02,NaT
FSI,2021,2021-08-18,Update - Dividend/Distribution - FSI,dividend,,2408362,2021-08,NaT
FSI,2021,2021-08-02,Dividend/Distribution - FSI,dividend,,2402760,2021-08,NaT
FSI,2021,2021-02-24,Update - Dividend/Distribution - FSI,dividend,,2345622,2021-02,NaT
FSI,2021,2021-02-12,Dividend/Distribution - FSI,dividend,,2340674,2021-02,NaT
FSI,2022,2022-08-25,Update - Dividend/Distribution - FSI,dividend,,2558270,2022-08,NaT
FSI,2022,2022-08-08,Dividend/Distribution - FSI,dividend,,2550997,2022-08,NaT
FSI,2022,2022-02-04,Dividend/Distribution - FSI,dividend,,2483546,2022-02,NaT
FSI,2023,2023-08-29,Update - Dividend/Distribution - FSI,dividend,,2704397,2023-08,NaT
FSI,2023,2023-08-10,Dividend/Distribution - FSI,dividend,,2696452,2023-08,NaT
FSI,2023,2023-02-21,Update - Dividend/Distribution - FSI,dividend,,2633983,2023-02,NaT
FSI,2023,2023-02-03,Dividend/Distribution - FSI,dividend,,2627930,2023-02,NaT
FSI,2024,2024-08-28,Update - Dividend/Distribution - FSI,dividend,,2845560,2024-08,NaT
FSI,2024,2024-08-09,Dividend/Distribution - FSI,dividend,,2838123,2024-08,NaT
FSI,2024,2024-05-24,Dividend Reinvestment Plan - Update,dividend,,2811052,2024-05,NaT
FSI,2024,2024-02-19,Update - Dividend/Distribution - FSI,dividend,,2774587,2024-02,NaT
FSI,2024,2024-02-02,Dividend/Distribution - FSI,dividend,,2769434,2024-02,NaT
FSI,2025,2025-08-25,Update - Dividend/Distribution - FSI,dividend,,2984829,2025-08,NaT
FSI,2025,2025-08-11,Update - Dividend/Distribution - FSI,dividend,,2978989,2025-08,NaT
FSI,2025,2025-08-08,Dividend/Distribution - FSI,dividend,,2978490,2025-08,NaT
FSI,2025,2025-02-26,Update - Dividend/Distribution - FSI,dividend,,2919405,2025-02,NaT
FSI,2025,2025-02-07,Dividend/Distribution - FSI,dividend,,2912110,2025-02,NaT
FSI,2026,2026-08-21,Update - Dividend/Distribution - FSI,dividend,,3128264,2026-08,NaT
FSI,2026,2026-08-07,Dividend/Distribution - FSI,dividend,,3123073,2026-08,NaT
FSI,2026,2026-02-25,Update - Dividend/Distribution - FSI,dividend,,3064907,2026-02,NaT
FSI,2026,2026-02-06,Dividend/Distribution - FSI,dividend,,3057815,2026-02,NaT
GC1,2016,2016-09-16,Update - Dividend/Distribution - GC1,dividend,,1779514,2016-09,NaT
GC1,2016,2016-09-06,DRP - 3 cent final dividend,dividend,,1776314,2016-09,NaT
GC1,2016,2016-07-20,Update - Dividend/Distribution - GC1,dividend,,1758970,2016-07,NaT
GC1,2016,2016-07-19,UPDATE 3 CENT FINAL DIVIDEND GC1,dividend,,1758555,2016-07,NaT
GC1,2016,2016-07-19,Dividend/Distribution - GC1,dividend,,1758434,2016-07,NaT
GC1,2016,2016-06-24,FULL YEAR DIVIDEND GUIDANCE,dividend,,1751622,2016-06,NaT
GC1,2016,2016-06-08,DIVIDEND POLICY UPDATE,dividend,,1747286,2016-06,NaT
GC1,2016,2016-03-01,GC1 OPTION EXERCISE TO RECEIVE DIVIDEND,dividend,,1718053,2016-03,NaT
GC1,2016,2016-02-25,Dividend/Distribution - GC1,dividend,,1716264,2016-02,NaT
GC1,2016,2016-02-25,GC1 MAIDEN FULLY FRANKED DIVIDEND,dividend,,1716263,2016-02,NaT
GC1,2017,2017-09-21,Update - Dividend/Distribution - GC1,dividend,,1898479,2017-09,NaT
GC1,2017,2017-08-30,Dividend/Distribution - GC1,dividend,,1890387,2017-08,NaT
GC1,2017,2017-04-20,Update - Dividend/Distribution - GC1,dividend,,1849153,2017-04,NaT
GC1,2017,2017-02-24,GC1 1 CENT INTERIM DIVIDEND,dividend,,1832537,2017-02,NaT
GC1,2017,2017-02-24,Dividend/Distribution - GC1,dividend,,1832526,2017-02,NaT
GC1,2018,2018-08-17,Dividend/Distribution - GC1,dividend,,2010653,2018-08,NaT
GC1,2018,2018-02-19,Dividend/Distribution - GC1,dividend,,1952149,2018-02,NaT
GC1,2019,2019-12-13,Change of Imputation Rate for Dividend Payment on 18/09/18,dividend,,2185355,2019-12,NaT
GC1,2019,2019-08-22,Update - Dividend/Distribution - GC1,dividend,,2136961,2019-08,NaT
GC1,2019,2019-08-15,Dividend/Distribution - GC1,dividend,,2134075,2019-08,NaT
GC1,2019,2019-02-25,Dividend/Distribution - GC1,dividend,,2079202,2019-02,NaT
GC1,2020,2020-09-29,Update - Dividend/Distribution - GC1,dividend,,2286827,2020-09,NaT
GC1,2020,2020-08-07,Dividend/Distribution - GC1,dividend,,2264517,2020-08,NaT
GC1,2020,2020-02-21,Update - Dividend/Distribution - GC1,dividend,,2205378,2020-02,NaT
GC1,2020,2020-02-14,Dividend/Distribution - GC1,dividend,,2202448,2020-02,NaT
GC1,2021,2021-09-23,Update - Dividend/Distribution - GC1,dividend,,2425302,2021-09,NaT
GC1,2021,2021-08-18,Dividend/Distribution - GC1PA,dividend,,2408673,2021-08,NaT
GC1,2021,2021-08-18,Dividend/Distribution - GC1,dividend,,2408672,2021-08,NaT
GC1,2021,2021-07-01,Dividend,dividend,,2390748,2021-07,NaT
GC1,2021,2021-03-18,Update - Dividend/Distribution - GC1,dividend,,2355201,2021-03,NaT
GC1,2021,2021-02-16,Dividend/Distribution - GC1PA,dividend,,2341976,2021-02,NaT
GC1,2021,2021-02-16,RRCPS First Dividend,dividend,,2341973,2021-02,NaT
GC1,2021,2021-02-16,Dividend/Distribution - GC1,dividend,,2341964,2021-02,NaT
GC1,2022,2022-09-20,Update - Dividend/Distribution - GC1,dividend,,2570289,2022-09,NaT
GC1,2022,2022-08-17,Dividend/Distribution - GC1PA,dividend,,2554413,2022-08,NaT
GC1,2022,2022-08-17,Dividend/Distribution - GC1,dividend,,2554409,2022-08,NaT
GC1,2022,2022-03-23,Update - Dividend/Distribution - GC1,dividend,,2502115,2022-03,NaT
GC1,2022,2022-02-15,Dividend/Distribution - GC1PA,dividend,,2486979,2022-02,NaT
GC1,2022,2022-02-15,Dividend/Distribution - GC1,dividend,,2486977,2022-02,NaT
GC1,2023,2023-09-19,Update - Dividend/Distribution - GC1,dividend,,2713530,2023-09,NaT
GC1,2023,2023-08-16,Dividend/Distribution - GC1PA,dividend,,2698342,2023-08,NaT
GC1,2023,2023-08-16,Dividend/Distribution - GC1,dividend,,2698320,2023-08,NaT
GC1,2023,2023-03-20,Update - Dividend/Distribution - GC1,dividend,,2645696,2023-03,NaT
GC1,2023,2023-02-15,Dividend/Distribution - GC1PA,dividend,,2631801,2023-02,NaT
GC1,2023,2023-02-15,Dividend/Distribution - GC1,dividend,,2631793,2023-02,NaT
GC1,2024,2024-09-17,Update - Dividend/Distribution - GC1,dividend,,2854576,2024-09,NaT
GC1,2024,2024-08-23,Dividend/Distribution - GC1PA,dividend,,2843569,2024-08,NaT
GC1,2024,2024-08-23,Dividend/Distribution - GC1,dividend,,2843568,2024-08,NaT
GC1,2024,2024-03-19,Update - Dividend/Distribution - GC1,dividend,,2787143,2024-03,NaT
GC1,2024,2024-02-15,Dividend/Distribution - GC1PA,dividend,,2773674,2024-02,NaT
GC1,2024,2024-02-15,Dividend/Distribution - GC1,dividend,,2773673,2024-02,NaT
GC1,2025,2025-09-18,Update - Dividend/Distribution - GC1,dividend,,2997055,2025-09,NaT
GC1,2025,2025-09-02,Update - Dividend/Distribution - GC1,dividend,,2989935,2025-09,NaT
GC1,2025,2025-08-28,Dividend/Distribution - GC1PA,dividend,,2987744,2025-08,NaT
GC1,2025,2025-08-28,Dividend/Distribution - GC1,dividend,,2987733,2025-08,NaT
GC1,2025,2025-03-24,Update - Dividend/Distribution - GC1,dividend,,2929621,2025-03,NaT
GC1,2025,2025-02-27,Dividend/Distribution - GC1PA,dividend,,2920360,2025-02,NaT
GC1,2025,2025-02-27,Dividend/Distribution - GC1,dividend,,2920359,2025-02,NaT
GC1,2026,2026-03-23,Update - Dividend/Distribution - GC1,dividend,,3074612,2026-03,NaT
GC1,2026,2026-02-18,Dividend/Distribution - GC1PA,dividend,,3061808,2026-02,NaT
GC1,2026,2026-02-18,Dividend/Distribution - GC1,dividend,,3061794,2026-02,NaT
GCI,2018,2018-12-19,Dividend/Distribution - GCI,dividend,,2061652,2018-12,NaT
GCI,2018,2018-12-03,Update - Dividend/Distribution - GCI,dividend,,2055826,2018-12,NaT
GCI,2018,2018-11-23,Dividend/Distribution - GCI,dividend,,2051727,2018-11,NaT
GCI,2018,2018-11-07,Update - Dividend/Distribution - GCI,dividend,,2044987,2018-11,NaT
GCI,2018,2018-10-24,Dividend/Distribution - GCI,dividend,,2038372,2018-10,NaT
GCI,2018,2018-10-03,Update - Dividend/Distribution - GCI,dividend,,2030357,2018-10,NaT
GCI,2018,2018-09-21,Dividend/Distribution - GCI,dividend,,2025101,2018-09,NaT
GCI,2018,2018-09-05,Update - Dividend/Distribution - GCI,dividend,,2019242,2018-09,NaT
GCI,2018,2018-08-24,Dividend/Distribution - GCI,dividend,,2013778,2018-08,NaT
GCI,2018,2018-08-03,Update - Dividend/Distribution - GCI,dividend,,2006150,2018-08,NaT
GCI,2018,2018-07-24,Dividend/Distribution - GCI,dividend,,2001942,2018-07,NaT
GCI,2018,2018-07-04,Update - Dividend/Distribution - GCI,dividend,,1996894,2018-07,NaT
GCI,2018,2018-06-22,Dividend/Distribution - GCI,dividend,,1992937,2018-06,NaT
GCI,2018,2018-05-23,Distribution schedule,dividend,,1984119,2018-05,NaT
GCI,2019,2019-12-18,Dividend/Distribution - GCI,dividend,,2186828,2019-12,NaT
GCI,2019,2019-12-02,Update - Dividend/Distribution - GCI,dividend,,2180870,2019-12,NaT
GCI,2019,2019-11-22,Dividend/Distribution - GCI,dividend,,2176210,2019-11,NaT
GCI,2019,2019-11-01,Update - Dividend/Distribution - GCI,dividend,,2168400,2019-11,NaT
GCI,2019,2019-10-24,Dividend/Distribution - GCI,dividend,,2163201,2019-10,NaT
GCI,2019,2019-10-01,Update - Dividend/Distribution - GCI,dividend,,2154195,2019-10,NaT
GCI,2019,2019-09-23,Dividend/Distribution - GCI,dividend,,2149876,2019-09,NaT
GCI,2019,2019-09-02,Update - Dividend/Distribution - GCI,dividend,,2142310,2019-09,NaT
GCI,2019,2019-08-23,Dividend/Distribution - GCI,dividend,,2137775,2019-08,NaT
GCI,2019,2019-08-01,Update - Dividend/Distribution - GCI,dividend,,2129498,2019-08,NaT
GCI,2019,2019-07-24,Dividend/Distribution - GCI,dividend,,2125852,2019-07,NaT
GCI,2019,2019-07-01,Update - Dividend/Distribution - GCI,dividend,,2119213,2019-07,NaT
GCI,2019,2019-06-21,Dividend/Distribution - GCI,dividend,,2116210,2019-06,NaT
GCI,2019,2019-06-03,Update - Dividend/Distribution - GCI,dividend,,2110981,2019-06,NaT
GCI,2019,2019-05-24,Dividend/Distribution - GCI,dividend,,2108481,2019-05,NaT
GCI,2019,2019-05-01,Update - Dividend/Distribution - GCI,dividend,,2101596,2019-05,NaT
GCI,2019,2019-04-17,Dividend/Distribution - GCI,dividend,,2097389,2019-04,NaT
GCI,2019,2019-04-01,Update - Dividend/Distribution - GCI,dividend,,2091955,2019-04,NaT
GCI,2019,2019-03-21,Dividend/Distribution - GCI,dividend,,2088689,2019-03,NaT
GCI,2019,2019-03-01,Update - Dividend/Distribution - GCI,dividend,,2082357,2019-03,NaT
GCI,2019,2019-02-21,Dividend/Distribution - GCI,dividend,,2078108,2019-02,NaT
GCI,2019,2019-02-01,Update - Dividend/Distribution - GCI,dividend,,2071906,2019-02,NaT
GCI,2019,2019-01-23,Dividend/Distribution - GCI,dividend,,2068604,2019-01,NaT
GCI,2019,2019-01-02,Update - Dividend/Distribution - GCI,dividend,,2064298,2019-01,NaT
GCI,2020,2020-12-21,Dividend/Distribution - GCI,dividend,,2324896,2020-12,NaT
GCI,2020,2020-12-01,Update - Dividend/Distribution - GCI,dividend,,2316664,2020-12,NaT
GCI,2020,2020-11-20,Dividend/Distribution - GCI,dividend,,2311664,2020-11,NaT
GCI,2020,2020-11-02,Update - Dividend/Distribution - GCI,dividend,,2303664,2020-11,NaT
GCI,2020,2020-10-22,Dividend/Distribution - GCI,dividend,,2297398,2020-10,NaT
GCI,2020,2020-10-01,Update - Dividend/Distribution - GCI,dividend,,2288679,2020-10,NaT
GCI,2020,2020-09-22,Dividend/Distribution - GCI,dividend,,2283723,2020-09,NaT
GCI,2020,2020-09-01,Update - Dividend/Distribution - GCI,dividend,,2275860,2020-09,NaT
GCI,2020,2020-08-24,Dividend/Distribution - GCI,dividend,,2270576,2020-08,NaT
GCI,2020,2020-08-03,Update - Dividend/Distribution - GCI,dividend,,2262375,2020-08,NaT
GCI,2020,2020-07-23,Dividend/Distribution - GCI,dividend,,2257910,2020-07,NaT
GCI,2020,2020-07-01,Update - Dividend/Distribution - GCI,dividend,,2250386,2020-07,NaT
GCI,2020,2020-06-22,Dividend/Distribution - GCI,dividend,,2246778,2020-06,NaT
GCI,2020,2020-06-01,Update - Dividend/Distribution - GCI,dividend,,2240429,2020-06,NaT
GCI,2020,2020-05-20,Dividend/Distribution - GCI,dividend,,2237051,2020-05,NaT
GCI,2020,2020-05-01,Update - Dividend/Distribution - GCI,dividend,,2231356,2020-05,NaT
GCI,2020,2020-04-23,Dividend/Distribution - GCI,dividend,,2227558,2020-04,NaT
GCI,2020,2020-04-01,Update - Dividend/Distribution - GCI,dividend,,2220993,2020-04,NaT
GCI,2020,2020-03-23,Dividend/Distribution - GCI,dividend,,2217187,2020-03,NaT
GCI,2020,2020-03-02,Update - Dividend/Distribution - GCI,dividend,,2209718,2020-03,NaT
GCI,2020,2020-02-20,Dividend/Distribution - GCI,dividend,,2204709,2020-02,NaT
GCI,2020,2020-02-03,Update - Dividend/Distribution - GCI,dividend,,2198665,2020-02,NaT
GCI,2020,2020-01-22,Dividend/Distribution - GCI,dividend,,2194637,2020-01,NaT
GCI,2020,2020-01-02,Update - Dividend/Distribution - GCI,dividend,,2190267,2020-01,NaT
GCI,2021,2021-12-21,Dividend/Distribution - GCI,dividend,,2469717,2021-12,NaT
GCI,2021,2021-12-01,Update - Dividend/Distribution - GCI,dividend,,2460834,2021-12,NaT
GCI,2021,2021-11-23,Dividend/Distribution - GCI,dividend,,2456009,2021-11,NaT
GCI,2021,2021-11-01,Update - Dividend/Distribution - GCI,dividend,,2445819,2021-11,NaT
GCI,2021,2021-10-22,Dividend/Distribution - GCI,dividend,,2439537,2021-10,NaT
GCI,2021,2021-10-01,Update - Dividend/Distribution - GCI,dividend,,2430072,2021-10,NaT
GCI,2021,2021-09-22,Dividend/Distribution - GCI,dividend,,2424568,2021-09,NaT
GCI,2021,2021-09-01,Update - Dividend/Distribution - GCI,dividend,,2416368,2021-09,NaT
GCI,2021,2021-08-24,Dividend/Distribution - GCI,dividend,,2411023,2021-08,NaT
GCI,2021,2021-08-02,Update - Dividend/Distribution - GCI,dividend,,2402659,2021-08,NaT
GCI,2021,2021-07-22,Dividend/Distribution - GCI,dividend,,2398103,2021-07,NaT
GCI,2021,2021-07-01,Update - Dividend/Distribution - GCI,dividend,,2390640,2021-07,NaT
GCI,2021,2021-06-22,Dividend/Distribution - GCI,dividend,,2386810,2021-06,NaT
GCI,2021,2021-06-01,Update - Dividend/Distribution - GCI,dividend,,2380489,2021-06,NaT
GCI,2021,2021-05-24,Dividend/Distribution - GCI,dividend,,2377554,2021-05,NaT
GCI,2021,2021-05-03,Update - Dividend/Distribution - GCI,dividend,,2370590,2021-05,NaT
GCI,2021,2021-04-21,Dividend/Distribution - GCI,dividend,,2365677,2021-04,NaT
GCI,2021,2021-04-01,Update - Dividend/Distribution - GCI,dividend,,2360013,2021-04,NaT
GCI,2021,2021-03-23,Dividend/Distribution - GCI,dividend,,2356486,2021-03,NaT
GCI,2021,2021-03-01,Update - Dividend/Distribution - GCI,dividend,,2348484,2021-03,NaT
GCI,2021,2021-02-18,Dividend/Distribution - GCI,dividend,,2343192,2021-02,NaT
GCI,2021,2021-02-01,Update - Dividend/Distribution - GCI,dividend,,2336606,2021-02,NaT
GCI,2021,2021-01-20,Dividend/Distribution - GCI,dividend,,2332106,2021-01,NaT
GCI,2021,2021-01-04,Update - Dividend/Distribution - GCI,dividend,,2327925,2021-01,NaT
GCI,2022,2022-12-20,Dividend/Distribution - GCI,dividend,,2614973,2022-12,NaT
GCI,2022,2022-12-01,Update - Dividend/Distribution - GCI,dividend,,2607070,2022-12,NaT
GCI,2022,2022-11-22,Dividend/Distribution - GCI,dividend,,2601344,2022-11,NaT
GCI,2022,2022-11-01,Update - Dividend/Distribution - GCI,dividend,,2592502,2022-11,NaT
GCI,2022,2022-10-20,Dividend/Distribution - GCI,dividend,,2585298,2022-10,NaT
GCI,2022,2022-10-04,Update - Dividend/Distribution - GCI,dividend,,2577480,2022-10,NaT
GCI,2022,2022-09-23,Dividend/Distribution - GCI,dividend,,2571614,2022-09,NaT
GCI,2022,2022-09-01,Update - Dividend/Distribution - GCI,dividend,,2562899,2022-09,NaT
GCI,2022,2022-08-22,Dividend/Distribution - GCI,dividend,,2556243,2022-08,NaT
GCI,2022,2022-08-01,Update - Dividend/Distribution - GCI,dividend,,2548585,2022-08,NaT
GCI,2022,2022-07-20,Dividend/Distribution - GCI,dividend,,2543799,2022-07,NaT
GCI,2022,2022-07-01,Update - Dividend/Distribution - GCI,dividend,,2537643,2022-07,NaT
GCI,2022,2022-06-22,Dividend/Distribution - GCI,dividend,,2534203,2022-06,NaT
GCI,2022,2022-06-01,Update - Dividend/Distribution - GCI,dividend,,2527480,2022-06,NaT
GCI,2022,2022-05-23,Dividend/Distribution - GCI,dividend,,2523932,2022-05,NaT
GCI,2022,2022-05-02,Update - Dividend/Distribution - GCI,dividend,,2516976,2022-05,NaT
GCI,2022,2022-04-20,Dividend/Distribution - GCI,dividend,,2511814,2022-04,NaT
GCI,2022,2022-04-01,Update - Dividend/Distribution - GCI,dividend,,2505784,2022-04,NaT
GCI,2022,2022-03-24,Dividend/Distribution - GCI,dividend,,2502415,2022-03,NaT
GCI,2022,2022-03-01,Update - Dividend/Distribution - GCI,dividend,,2494104,2022-03,NaT
GCI,2022,2022-02-21,Dividend/Distribution - GCI,dividend,,2489097,2022-02,NaT
GCI,2022,2022-02-01,Update - Dividend/Distribution - GCI,dividend,,2482046,2022-02,NaT
GCI,2022,2022-01-21,Dividend/Distribution - GCI,dividend,,2477742,2022-01,NaT
GCI,2022,2022-01-04,Update - Dividend/Distribution - GCI,dividend,,2472862,2022-01,NaT
GCI,2023,2023-12-21,Dividend/Distribution - GCI,dividend,,2757458,2023-12,NaT
GCI,2023,2023-12-01,Update - Dividend/Distribution - GCI,dividend,,2749118,2023-12,NaT
GCI,2023,2023-11-23,Dividend/Distribution - GCI,dividend,,2744557,2023-11,NaT
GCI,2023,2023-11-01,Update - Dividend/Distribution - GCI,dividend,,2734966,2023-11,NaT
GCI,2023,2023-10-24,Dividend/Distribution - GCI,dividend,,2729528,2023-10,NaT
GCI,2023,2023-10-03,Update - Dividend/Distribution - GCI,dividend,,2720591,2023-10,NaT
GCI,2023,2023-09-22,Dividend/Distribution - GCI,dividend,,2715365,2023-09,NaT
GCI,2023,2023-09-01,Update - Dividend/Distribution - GCI,dividend,,2706873,2023-09,NaT
GCI,2023,2023-08-28,Dividend/Distribution - GCI,dividend,,2703454,2023-08,NaT
GCI,2023,2023-08-01,Update - Dividend/Distribution - GCI,dividend,,2693148,2023-08,NaT
GCI,2023,2023-07-24,Dividend/Distribution - GCI,dividend,,2689498,2023-07,NaT
GCI,2023,2023-07-03,Update - Dividend/Distribution - GCI,dividend,,2682477,2023-07,NaT
GCI,2023,2023-06-23,Dividend/Distribution - GCI,dividend,,2679084,2023-06,NaT
GCI,2023,2023-06-01,Update - Dividend/Distribution - GCI,dividend,,2672136,2023-06,NaT
GCI,2023,2023-05-24,Dividend/Distribution - GCI,dividend,,2669168,2023-05,NaT
GCI,2023,2023-05-01,Update - Dividend/Distribution - GCI,dividend,,2660952,2023-05,NaT
GCI,2023,2023-04-20,Dividend/Distribution - GCI,dividend,,2656436,2023-04,NaT
GCI,2023,2023-04-03,Update - Dividend/Distribution - GCI,dividend,,2650697,2023-04,NaT
GCI,2023,2023-03-24,Dividend/Distribution - GCI,dividend,,2647409,2023-03,NaT
GCI,2023,2023-03-01,Update - Dividend/Distribution - GCI,dividend,,2638641,2023-03,NaT
GCI,2023,2023-02-22,Dividend/Distribution - GCI,dividend,,2634286,2023-02,NaT
GCI,2023,2023-02-01,Update - Dividend/Distribution - GCI,dividend,,2627140,2023-02,NaT
GCI,2023,2023-01-23,Dividend/Distribution - GCI,dividend,,2623197,2023-01,NaT
GCI,2023,2023-01-03,Update - Dividend/Distribution - GCI,dividend,,2618126,2023-01,NaT
GCI,2024,2024-12-20,Dividend/Distribution - GCI,dividend,,2898847,2024-12,NaT
GCI,2024,2024-12-02,Update - Dividend/Distribution - GCI,dividend,,2890237,2024-12,NaT
GCI,2024,2024-11-22,Dividend/Distribution - GCI,dividend,,2885499,2024-11,NaT
GCI,2024,2024-11-01,Update - Dividend/Distribution - GCI,dividend,,2877062,2024-11,NaT
GCI,2024,2024-10-24,Dividend/Distribution - GCI,dividend,,2871886,2024-10,NaT
GCI,2024,2024-10-01,Update - Dividend/Distribution - GCI,dividend,,2861800,2024-10,NaT
GCI,2024,2024-09-23,Dividend/Distribution - GCI,dividend,,2857078,2024-09,NaT
GCI,2024,2024-09-02,Update - Dividend/Distribution - GCI,dividend,,2848509,2024-09,NaT
GCI,2024,2024-08-23,Dividend/Distribution - GCI,dividend,,2843253,2024-08,NaT
GCI,2024,2024-08-01,Update - Dividend/Distribution - GCI,dividend,,2835250,2024-08,NaT
GCI,2024,2024-07-24,Dividend/Distribution - GCI,dividend,,2831703,2024-07,NaT
GCI,2024,2024-07-01,Update - Dividend/Distribution - GCI,dividend,,2823687,2024-07,NaT
GCI,2024,2024-06-20,Dividend/Distribution - GCI,dividend,,2820112,2024-06,NaT
GCI,2024,2024-06-03,Update - Dividend/Distribution - GCI,dividend,,2814084,2024-06,NaT
GCI,2024,2024-05-24,Dividend/Distribution - GCI,dividend,,2810943,2024-05,NaT
GCI,2024,2024-05-01,Update - Dividend/Distribution - GCI,dividend,,2802678,2024-05,NaT
GCI,2024,2024-04-22,Dividend/Distribution - GCI,dividend,,2798485,2024-04,NaT
GCI,2024,2024-04-02,Update - Dividend/Distribution - GCI,dividend,,2791378,2024-04,NaT
GCI,2024,2024-03-21,Dividend/Distribution - GCI,dividend,,2787923,2024-03,NaT
GCI,2024,2024-03-01,Update - Dividend/Distribution - GCI,dividend,,2780704,2024-03,NaT
GCI,2024,2024-02-22,Dividend/Distribution - GCI,dividend,,2776335,2024-02,NaT
GCI,2024,2024-02-01,Notification of dividend/Distribution Appendix 3A.1,dividend,,2769034,2024-02,NaT
GCI,2024,2024-01-23,Dividend/Distribution - GCI,dividend,,2765217,2024-01,NaT
GCI,2024,2024-01-02,Update - Dividend/Distribution - GCI,dividend,,2759831,2024-01,NaT
GCI,2025,2025-12-23,Dividend/Distribution - GCI,dividend,,3044809,2025-12,NaT
GCI,2025,2025-12-02,Confirmation of Distribution Amount - 30 November 2025,dividend,,3035758,2025-12,NaT
GCI,2025,2025-11-24,Dividend/Distribution - GCI,dividend,,3030852,2025-11,NaT
GCI,2025,2025-11-03,Update - Dividend/Distribution - GCI,dividend,,3020056,2025-11,NaT
GCI,2025,2025-10-24,Dividend/Distribution - GCI,dividend,,3014949,2025-10,NaT
GCI,2025,2025-10-01,Update - Dividend/Distribution - GCI,dividend,,3003677,2025-10,NaT
GCI,2025,2025-09-23,Dividend/Distribution - GCI,dividend,,2998839,2025-09,NaT
GCI,2025,2025-09-01,Update - Dividend/Distribution - GCI,dividend,,2989275,2025-09,NaT
GCI,2025,2025-08-22,Dividend/Distribution - GCI,dividend,,2983983,2025-08,NaT
GCI,2025,2025-08-01,Update - Dividend/Distribution - GCI,dividend,,2975880,2025-08,NaT
GCI,2025,2025-07-25,Dividend/Distribution - GCI,dividend,,2972748,2025-07,NaT
GCI,2025,2025-07-01,Update - Dividend/Distribution - GCI,dividend,,2964429,2025-07,NaT
GCI,2025,2025-06-24,Dividend/Distribution - GCI,dividend,,2961418,2025-06,NaT
GCI,2025,2025-06-02,Update - Dividend/Distribution - GCI,dividend,,2954344,2025-06,NaT
GCI,2025,2025-05-23,Dividend/Distribution - GCI,dividend,,2951513,2025-05,NaT
GCI,2025,2025-05-01,Update - Dividend/Distribution - GCI,dividend,,2943838,2025-05,NaT
GCI,2025,2025-04-23,Dividend/Distribution - GCI,dividend,,2940293,2025-04,NaT
GCI,2025,2025-04-01,Update - Dividend/Distribution - GCI,dividend,,2932788,2025-04,NaT
GCI,2025,2025-03-24,Dividend/Distribution - GCI,dividend,,2929561,2025-03,NaT
GCI,2025,2025-03-03,Appendix 3A 1 Notification of Dividend / Distribution,dividend,,2921838,2025-03,NaT
GCI,2025,2025-02-21,Dividend/Distribution - GCI,dividend,,2917245,2025-02,NaT
GCI,2025,2025-02-03,Update - Dividend/Distribution - GCI,dividend,,2910220,2025-02,NaT
GCI,2025,2025-01-23,Dividend/Distribution - GCI,dividend,,2906680,2025-01,NaT
GCI,2025,2025-01-02,Update - Dividend/Distribution - GCI,dividend,,2901265,2025-01,NaT
GCI,2026,2026-08-25,Dividend/Distribution - GCI,dividend,,3129839,2026-08,NaT
GCI,2026,2026-08-03,Update - Dividend/Distribution - GCI,dividend,,3121346,2026-08,NaT
GCI,2026,2026-07-27,Dividend/Distribution - GCI,dividend,,3118456,2026-07,NaT
GCI,2026,2026-07-01,Update - Dividend/Distribution - GCI,dividend,,3110235,2026-07,NaT
GCI,2026,2026-06-24,Dividend/Distribution - GCI,dividend,,3107274,2026-06,NaT
GCI,2026,2026-06-01,Update - Dividend/Distribution - GCI,dividend,,3099662,2026-06,NaT
GCI,2026,2026-05-22,Dividend/Distribution - GCI,dividend,,3096745,2026-05,NaT
GCI,2026,2026-05-01,Update - Dividend/Distribution - GCI,dividend,,3089335,2026-05,NaT
GCI,2026,2026-04-23,Dividend/Distribution - GCI,dividend,,3085708,2026-04,NaT
GCI,2026,2026-04-01,Update - Dividend/Distribution - GCI,dividend,,3078442,2026-04,NaT
GCI,2026,2026-03-25,Dividend/Distribution - GCI,dividend,,3075748,2026-03,NaT
GCI,2026,2026-03-02,Update - Dividend/Distribution - GCI,dividend,,3067260,2026-03,NaT
GCI,2026,2026-02-20,Dividend/Distribution - GCI,dividend,,3062789,2026-02,NaT
GCI,2026,2026-02-02,Update - Dividend/Distribution - GCI,dividend,,3055713,2026-02,NaT
GCI,2026,2026-01-23,Dividend/Distribution - GCI,dividend,,3052445,2026-01,NaT
GCI,2026,2026-01-02,Update - Dividend/Distribution - GCI,dividend,,3046641,2026-01,NaT
GLS,2025,2025-09-11,Update - Dividend/Distribution - PMC,dividend,,2994099,2025-09,NaT
GLS,2025,2025-09-05,Update - Dividend/Distribution - PMC,dividend,,2991685,2025-09,NaT
GLS,2025,2025-08-20,Dividend/Distribution - PMC,dividend,,2982853,2025-08,NaT
GLS,2025,2025-07-16,Worked examples of special dividend and Scheme consideration,dividend,,2969917,2025-07,NaT
GLS,2025,2025-03-14,Update - Dividend/Distribution - PMC,dividend,,2926789,2025-03,NaT
GLS,2025,2025-03-13,Update - Dividend/Distribution - PMC,dividend,,2926045,2025-03,NaT
GLS,2025,2025-02-27,Dividend/Distribution - PMC,dividend,,2919982,2025-02,NaT
GLS,2026,2026-08-26,GLS Appendix 3A.1 - Notification of Dividend/Distribution,dividend,,3130314,2026-08,NaT
GLS,2026,2026-03-12,Update - Dividend/Distribution - GLS,dividend,,3071416,2026-03,NaT
GLS,2026,2026-03-09,Update - Dividend/Distribution - GLS,dividend,,3069884,2026-03,NaT
GLS,2026,2026-02-23,Dividend/Distribution - GLS,dividend,,3063396,2026-02,NaT
GVF,2016,2016-10-18,Update - Dividend/Distribution - GVF,dividend,,1790758,2016-10,NaT
GVF,2016,2016-09-27,Update - Dividend/Distribution - GVF,dividend,,1782880,2016-09,NaT
GVF,2016,2016-08-26,Dividend/Distribution - GVF,dividend,,1772041,2016-08,NaT
GVF,2016,2016-04-22,Dividend Reinvestment Plan Update,dividend,,1733480,2016-04,NaT
GVF,2016,2016-03-23,Dividend Reinvestment Plan,dividend,,1725264,2016-03,NaT
GVF,2016,2016-03-14,Dividend Reinvestment Plan,dividend,,1721915,2016-03,NaT
GVF,2016,2016-03-14,Global Value Fund announces new Dividend Reinvestment Plan,dividend,,1721914,2016-03,NaT
GVF,2016,2016-01-11,Corrective Announcement Ex-Dividend Date,dividend,,1702451,2016-01,NaT
GVF,2016,2016-01-11,Dividend/Distribution - GVF,dividend,,1702247,2016-01,NaT
GVF,2016,2016-01-11,Dividend announcement and portfolio update,dividend,,1702209,2016-01,NaT
GVF,2017,2017-10-19,Update - Dividend/Distribution - GVF,dividend,,1909955,2017-10,NaT
GVF,2017,2017-08-29,"GVF significantly outperforms, increases full year dividend",dividend,,1889615,2017-08,NaT
GVF,2017,2017-08-29,Dividend/Distribution - GVF,dividend,,1889613,2017-08,NaT
GVF,2017,2017-04-13,Update - Dividend/Distribution - GVF,dividend,,1848031,2017-04,NaT
GVF,2017,2017-02-13,Dividend/Distribution - GVF,dividend,,1827599,2017-02,NaT
GVF,2017,2017-02-13,FY17 Interim Dividend and SPP Offer,dividend,,1827597,2017-02,NaT
GVF,2018,2018-10-19,Update - Dividend/Distribution - GVF,dividend,,2036240,2018-10,NaT
GVF,2018,2018-09-07,Update - Dividend/Distribution - GVF,dividend,,2020299,2018-09,NaT
GVF,2018,2018-08-30,GVF outperforms and lifts franking rate on dividends,dividend,,2016431,2018-08,NaT
GVF,2018,2018-08-30,Dividend/Distribution - GVF,dividend,,2016425,2018-08,NaT
GVF,2018,2018-05-01,Update - Dividend/Distribution - GVF,dividend,,1977599,2018-05,NaT
GVF,2018,2018-02-07,GVF declares dividend and provides portfolio update,dividend,,1948367,2018-02,NaT
GVF,2018,2018-02-07,Dividend/Distribution - GVF,dividend,,1948362,2018-02,NaT
GVF,2019,2019-11-01,Update - Dividend/Distribution - DRP Price,dividend,,2168472,2019-11,NaT
GVF,2019,2019-08-29,GVF Protects Capital &amp; Increases Grossed-up Dividend,dividend,,2140335,2019-08,NaT
GVF,2019,2019-08-29,Dividend/Distribution - GVF,dividend,,2140331,2019-08,NaT
GVF,2019,2019-05-10,Update - Dividend/Distribution - GVF,dividend,,2104610,2019-05,NaT
GVF,2019,2019-04-11,Update - Dividend/Distribution - GVF,dividend,,2095299,2019-04,NaT
GVF,2019,2019-02-28,Dividend/Distribution - GVF,dividend,,2081153,2019-02,NaT
GVF,2020,2020-08-21,GVF protects capital and maintains dividend,dividend,,2269983,2020-08,NaT
GVF,2020,2020-08-21,Dividend/Distribution - GVF,dividend,,2269976,2020-08,NaT
GVF,2020,2020-04-07,Update - Dividend/Distribution - GVF,dividend,,2222983,2020-04,NaT
GVF,2020,2020-03-09,Update - Dividend/Distribution - GVF,dividend,,2211747,2020-03,NaT
GVF,2020,2020-02-20,Dividend/Distribution - GVF,dividend,,2204749,2020-02,NaT
GVF,2021,2021-10-22,Update - Dividend/Distribution - GVF,dividend,,2439386,2021-10,NaT
GVF,2021,2021-08-30,GVF delivers record performance and lifts dividend 14%,dividend,,2414221,2021-08,NaT
GVF,2021,2021-08-30,Dividend/Distribution - GVF,dividend,,2414155,2021-08,NaT
GVF,2021,2021-05-07,Update - Dividend/Distribution - GVF,dividend,,2372442,2021-05,NaT
GVF,2021,2021-05-06,Update - Dividend/Distribution - GVF,dividend,,2371974,2021-05,NaT
GVF,2021,2021-02-26,GVF increases dividend after record December half,dividend,,2347140,2021-02,NaT
GVF,2021,2021-02-26,Dividend/Distribution - GVF,dividend,,2347134,2021-02,NaT
GVF,2022,2022-10-26,Update - Dividend/Distribution - GVF,dividend,,2587979,2022-10,NaT
GVF,2022,2022-08-24,Dividend/Distribution - GVF,dividend,,2557456,2022-08,NaT
GVF,2022,2022-07-26,GVF amends Dividend Reinvestment Plan Rules,dividend,,2545401,2022-07,NaT
GVF,2022,2022-05-06,Update - Dividend/Distribution - GVF,dividend,,2518974,2022-05,NaT
GVF,2022,2022-02-28,Update - Dividend/Distribution - GVF,dividend,,2493254,2022-02,NaT
GVF,2022,2022-02-28,Dividend/Distribution - GVF,dividend,,2493172,2022-02,NaT
GVF,2023,2023-11-21,Update - Dividend/Distribution - GVF,dividend,,2743044,2023-11,NaT
GVF,2023,2023-08-31,Update - Dividend/Distribution - GVF,dividend,,2706224,2023-08,NaT
GVF,2023,2023-08-30,Dividend/Distribution - GVF,dividend,,2705020,2023-08,NaT
GVF,2023,2023-05-11,Update - Dividend/Distribution - GVF,dividend,,2664981,2023-05,NaT
GVF,2023,2023-02-28,Dividend/Distribution - GVF,dividend,,2637441,2023-02,NaT
GVF,2024,2024-11-01,Update - Dividend/Distribution - GVF,dividend,,2877275,2024-11,NaT
GVF,2024,2024-09-24,Update - Dividend/Distribution - GVF,dividend,,2857414,2024-09,NaT
GVF,2024,2024-08-29,Dividend/Distribution - GVF,dividend,,2846406,2024-08,NaT
GVF,2024,2024-05-23,Update - Dividend/Distribution - GVF,dividend,,2810610,2024-05,NaT
GVF,2024,2024-05-07,Dividend/Distribution - GVF,dividend,,2804776,2024-05,NaT
GVF,2024,2024-05-07,GVF declares one cent special fully franked dividend,dividend,,2804764,2024-05,NaT
GVF,2024,2024-02-29,Dividend/Distribution - GVF,dividend,,2780220,2024-02,NaT
GVF,2025,2025-10-20,Update - Dividend/Distribution - GVF,dividend,,3012389,2025-10,NaT
GVF,2025,2025-08-29,Dividend/Distribution - GVF,dividend,,2988280,2025-08,NaT
GVF,2025,2025-05-12,Update - Dividend/Distribution - GVF,dividend,,2947233,2025-05,NaT
GVF,2025,2025-02-27,Dividend/Distribution - GVF,dividend,,2919959,2025-02,NaT
GVF,2026,2026-05-14,Update - Dividend/Distribution - GVF,dividend,,3093995,2026-05,NaT
GVF,2026,2026-02-27,Dividend/Distribution - GVF,dividend,,3066446,2026-02,NaT
HCF,2022,2022-10-21,Distribution Schedule,dividend,,2585989,2022-10,NaT
HCF,2023,2023-08-24,Dividend/Distribution - HCF,dividend,,2701978,2023-08,NaT
HCF,2023,2023-02-27,Dividend/Distribution - HCF,dividend,,2636820,2023-02,NaT
HCF,2024,2024-08-27,Dividend/Distribution - HCF,dividend,,2844441,2024-08,NaT
HCF,2024,2024-02-27,Dividend/Distribution - HCF,dividend,,2778200,2024-02,NaT
HCF,2025,2025-05-01,In-specie distribution and Board changes,dividend,,2943709,2025-05,NaT
HCF,2025,2025-04-29,Update on Distribution of Assets,dividend,,2941936,2025-04,NaT
HM1,2018,2018-11-09,Distribution Schedule,dividend,,2046308,2018-11,NaT
HM1,2020,2020-02-27,Announcement of Dividend Reinvestment Plan,dividend,,2207603,2020-02,NaT
HM1,2021,2021-04-15,Update - Dividend/Distribution - HM1,dividend,,2363883,2021-04,NaT
HM1,2021,2021-02-24,Dividend/Distribution - HM1,dividend,,2345430,2021-02,NaT
HM1,2022,2022-04-12,Update - Dividend/Distribution - HM1,dividend,,2509810,2022-04,NaT
HM1,2022,2022-04-12,Correction to DRP Issue Price for 2022 Dividend,dividend,,2509809,2022-04,NaT
HM1,2022,2022-04-07,Update - Dividend/Distribution - HM1,dividend,,2508190,2022-04,NaT
HM1,2022,2022-04-07,Confirmation of DRP Issue Price for 2022 Dividend,dividend,,2508182,2022-04,NaT
HM1,2022,2022-02-23,Dividend/Distribution - HM1,dividend,,2490243,2022-02,NaT
HM1,2023,2023-10-19,Update - Dividend/Distribution - HM1,dividend,,2727650,2023-10,NaT
HM1,2023,2023-08-30,Dividend/Distribution - HM1,dividend,,2704832,2023-08,NaT
HM1,2023,2023-04-17,Market Update On Dividend Re-Investment Plan,dividend,,2655082,2023-04,NaT
HM1,2023,2023-04-06,Update - Dividend/Distribution - HM1,dividend,,2652572,2023-04,NaT
HM1,2023,2023-02-22,Dividend/Distribution - HM1,dividend,,2634617,2023-02,NaT
HM1,2024,2024-10-14,Update - Dividend/Distribution - HM1,dividend,,2867266,2024-10,NaT
HM1,2024,2024-09-13,Update - Dividend/Distribution - HM1,dividend,,2853346,2024-09,NaT
HM1,2024,2024-08-28,Update - Dividend/Distribution - HM1,dividend,,2845687,2024-08,NaT
HM1,2024,2024-08-28,Dividend/Distribution - HM1,dividend,,2845447,2024-08,NaT
HM1,2024,2024-04-15,Update - Dividend/Distribution - HM1,dividend,,2796056,2024-04,NaT
HM1,2024,2024-02-22,Dividend/Distribution - HM1,dividend,,2776329,2024-02,NaT
HM1,2025,2025-10-10,Update - Dividend/Distribution - HM1,dividend,,3008088,2025-10,NaT
HM1,2025,2025-08-29,Dividend/Distribution - HM1,dividend,,2988041,2025-08,NaT
HM1,2025,2025-03-31,Update - Dividend/Distribution - HM1,dividend,,2931952,2025-03,NaT
HM1,2025,2025-02-03,Dividend/Distribution - HM1,dividend,,2910065,2025-02,NaT
HM1,2025,2025-02-03,Dividend Announcement,dividend,,2910057,2025-02,NaT
HM1,2026,2026-08-26,Dividend/Distribution - HM1,dividend,,3130373,2026-08,NaT
HM1,2026,2026-04-08,Update - Dividend/Distribution - HM1,dividend,,3080376,2026-04,NaT
HM1,2026,2026-02-18,Dividend/Distribution - HM1,dividend,,3061601,2026-02,NaT
IBC,2016,2016-12-09,Dividend/Distribution - IBC,dividend,,1811505,2016-12,NaT
IBC,2016,2016-08-10,Media Release - Dividend Announcement,dividend,,1765853,2016-08,NaT
IBC,2016,2016-08-10,Dividend/Distribution - IBC,dividend,,1765844,2016-08,NaT
IBC,2016,2016-06-08,Dividend/Distribution - IBC,dividend,,1747462,2016-06,NaT
IBC,2017,2017-08-24,Dividend/Distribution - IBC,dividend,,1887618,2017-08,NaT
IBC,2017,2017-02-17,Dividend/Distribution - IBC,dividend,,1829414,2017-02,NaT
IBC,2018,2018-08-17,Dividend/Distribution - IBC,dividend,,2010633,2018-08,NaT
IBC,2018,2018-02-08,Dividend/Distribution - IBC,dividend,,1948917,2018-02,NaT
IBC,2019,2019-06-13,Media Release- Special Dividend,dividend,,2114016,2019-06,NaT
IBC,2019,2019-06-11,Dividend/Distribution - IBC,dividend,,2113127,2019-06,NaT
IBC,2019,2019-03-12,Dividend/Distribution - IBC,dividend,,2085433,2019-03,NaT
IBC,2020,2020-06-10,Dividend/Distribution - IBC,dividend,,2243248,2020-06,NaT
IBC,2020,2020-02-13,Dividend/Distribution - IBC,dividend,,2202175,2020-02,NaT
IBC,2021,2021-08-25,Dividend/Distribution - IBC,dividend,,2412014,2021-08,NaT
IBC,2021,2021-02-19,Dividend/Distribution - IBC,dividend,,2343496,2021-02,NaT
IBC,2022,2022-08-25,Dividend/Distribution - IBC,dividend,,2558170,2022-08,NaT
IBC,2022,2022-02-18,Dividend/Distribution - IBC,dividend,,2488268,2022-02,NaT
IBC,2023,2023-08-24,Dividend/Distribution - IBC,dividend,,2701938,2023-08,NaT
IBC,2023,2023-02-17,Dividend/Distribution - IBC,dividend,,2632576,2023-02,NaT
IBC,2024,2024-08-23,Dividend/Distribution - IBC,dividend,,2843381,2024-08,NaT
IBC,2024,2024-02-16,Dividend/Distribution - IBC,dividend,,2773857,2024-02,NaT
IBC,2025,2025-08-26,Dividend/Distribution - IBC,dividend,,2985769,2025-08,NaT
IBC,2025,2025-02-25,Dividend/Distribution - IBC,dividend,,2918489,2025-02,NaT
IBC,2026,2026-08-19,Dividend/Distribution - IBC,dividend,,3126971,2026-08,NaT
IBC,2026,2026-05-08,Dividend/Distribution - IBC,dividend,,3092191,2026-05,NaT
IBC,2026,2026-02-25,Dividend/Distribution - IBC,dividend,,3064807,2026-02,NaT
KAT,2016,2016-11-18,Dividend Reinvestment Plan Price Announcement,dividend,,1803850,2016-11,NaT
KAT,2016,2016-10-18,Dividend/Distribution - KAT,dividend,,1790737,2016-10,NaT
KAT,2016,2016-09-09,Update - Dividend/Distribution - KAT,dividend,,1777516,2016-09,NaT
KAT,2016,2016-08-09,Dividend/Distribution - KAT,dividend,,1765551,2016-08,NaT
KAT,2016,2016-05-23,Update - Dividend/Distribution - KAT,dividend,,1742841,2016-05,NaT
KAT,2016,2016-04-21,Dividend/Distribution - KAT,dividend,,1733287,2016-04,NaT
KAT,2016,2016-03-04,Update - Dividend/Distribution - KAT,dividend,,1719508,2016-03,NaT
KAT,2016,2016-02-03,Dividend/Distribution - KAT,dividend,,1708752,2016-02,NaT
KAT,2017,2017-11-23,Update - Dividend/Distribution - KAT,dividend,,1925140,2017-11,NaT
KAT,2017,2017-10-23,Dividend/Distribution - KAT,dividend,,1911015,2017-10,NaT
KAT,2017,2017-09-11,Update - Dividend/Distribution - KAT,dividend,,1894742,2017-09,NaT
KAT,2017,2017-08-10,Dividend/Distribution - KAT,dividend,,1882478,2017-08,NaT
KAT,2017,2017-05-19,Update - Dividend/Distribution - KAT,dividend,,1858838,2017-05,NaT
KAT,2017,2017-04-20,Dividend/Distribution - KAT,dividend,,1849195,2017-04,NaT
KAT,2017,2017-02-28,Update - Dividend/Distribution - KAT,dividend,,1834130,2017-02,NaT
KAT,2017,2017-01-23,Dividend/Distribution - KAT,dividend,,1821598,2017-01,NaT
KAT,2018,2018-11-09,Update - Dividend/Distribution - KAT,dividend,,2046094,2018-11,NaT
KAT,2018,2018-10-11,Update - Dividend/Distribution - KAT,dividend,,2033297,2018-10,NaT
KAT,2018,2018-10-11,Dividend/Distribution - KAT,dividend,,2032865,2018-10,NaT
KAT,2018,2018-08-17,Update - Dividend/Distribution - KAT,dividend,,2010635,2018-08,NaT
KAT,2018,2018-07-17,Dividend/Distribution - KAT,dividend,,2000196,2018-07,NaT
KAT,2018,2018-05-11,Update - Dividend/Distribution - KAT,dividend,,1980669,2018-05,NaT
KAT,2018,2018-04-13,Dividend/Distribution - KAT,dividend,,1970990,2018-04,NaT
KAT,2018,2018-02-16,Update - Dividend/Distribution - KAT,dividend,,1951446,2018-02,NaT
KAT,2018,2018-01-17,Dividend/Distribution - KAT,dividend,,1941898,2018-01,NaT
KAT,2019,2019-11-14,Update - Dividend/Distribution - KAT,dividend,,2173075,2019-11,NaT
KAT,2019,2019-10-15,Dividend/Distribution - KAT,dividend,,2159302,2019-10,NaT
KAT,2019,2019-08-14,Update - Dividend/Distribution - KAT,dividend,,2133511,2019-08,NaT
KAT,2019,2019-07-19,Update - Dividend/Distribution - KAT,dividend,,2124749,2019-07,NaT
KAT,2019,2019-07-19,Dividend/Distribution - KAT,dividend,,2124619,2019-07,NaT
KAT,2019,2019-05-10,Update - Dividend/Distribution - KAT,dividend,,2104532,2019-05,NaT
KAT,2019,2019-04-10,Dividend/Distribution - KAT,dividend,,2095107,2019-04,NaT
KAT,2019,2019-03-04,Update - Dividend/Distribution - KAT,dividend,,2082876,2019-03,NaT
KAT,2019,2019-02-01,Dividend/Distribution - KAT,dividend,,2071909,2019-02,NaT
KAT,2020,2020-11-20,Update - Dividend/Distribution - KAT,dividend,,2311622,2020-11,NaT
KAT,2020,2020-10-20,Dividend/Distribution - KAT,dividend,,2295779,2020-10,NaT
KAT,2020,2020-08-07,Update - Dividend/Distribution - KAT,dividend,,2264365,2020-08,NaT
KAT,2020,2020-07-07,Dividend/Distribution - KAT,dividend,,2252358,2020-07,NaT
KAT,2020,2020-02-20,Update - Dividend/Distribution - KAT,dividend,,2204642,2020-02,NaT
KAT,2020,2020-01-20,Dividend/Distribution - KAT,dividend,,2194012,2020-01,NaT
KAT,2021,2021-11-12,Update - Dividend/Distribution - KAT,dividend,,2451442,2021-11,NaT
KAT,2021,2021-10-13,Dividend/Distribution - KAT,dividend,,2435244,2021-10,NaT
KAT,2021,2021-08-03,Update - Dividend/Distribution - KAT,dividend,,2403022,2021-08,NaT
KAT,2021,2021-07-13,Update - Dividend/Distribution - KAT,dividend,,2394912,2021-07,NaT
KAT,2021,2021-07-05,Dividend/Distribution - KAT,dividend,,2391701,2021-07,NaT
KAT,2021,2021-05-13,Update - Dividend/Distribution - KAT,dividend,,2374388,2021-05,NaT
KAT,2021,2021-04-13,Dividend/Distribution - KAT,dividend,,2363020,2021-04,NaT
KAT,2021,2021-02-12,Update - Dividend/Distribution - KAT,dividend,,2340719,2021-02,NaT
KAT,2021,2021-01-13,KAT Dividend Declaration December 2020 Quarter,dividend,,2330297,2021-01,NaT
KAT,2021,2021-01-13,Dividend/Distribution - KAT,dividend,,2330284,2021-01,NaT
KAT,2022,2022-10-27,Update - Dividend/Distribution - KAT,dividend,,2589200,2022-10,NaT
KAT,2022,2022-10-07,Dividend/Distribution - KAT,dividend,,2579315,2022-10,NaT
KAT,2022,2022-08-01,Update - Dividend/Distribution - KAT,dividend,,2548618,2022-08,NaT
KAT,2022,2022-07-14,Dividend/Distribution - KAT,dividend,,2542031,2022-07,NaT
KAT,2022,2022-05-11,Update - Dividend/Distribution - KAT,dividend,,2520686,2022-05,NaT
KAT,2022,2022-04-22,Dividend/Distribution - KAT,dividend,,2512569,2022-04,NaT
KAT,2022,2022-02-17,Update - Dividend/Distribution - KAT,dividend,,2488020,2022-02,NaT
KAT,2022,2022-01-17,Dividend/Distribution - KAT,dividend,,2475910,2022-01,NaT
KAT,2023,2023-10-27,Update - Dividend/Distribution - KAT,dividend,,2731311,2023-10,NaT
KAT,2023,2023-10-03,Dividend/Distribution - KAT,dividend,,2720830,2023-10,NaT
KAT,2023,2023-08-03,Update - Dividend/Distribution - KAT,dividend,,2694012,2023-08,NaT
KAT,2023,2023-07-11,Dividend/Distribution - KAT,dividend,,2685817,2023-07,NaT
KAT,2023,2023-05-03,Update - Dividend/Distribution - KAT,dividend,,2662143,2023-05,NaT
KAT,2023,2023-04-12,Dividend/Distribution - KAT,dividend,,2653537,2023-04,NaT
KAT,2023,2023-02-02,Update - Dividend/Distribution - KAT,dividend,,2627198,2023-02,NaT
KAT,2023,2023-01-11,Dividend/Distribution - KAT,dividend,,2620241,2023-01,NaT
KAT,2024,2024-10-25,Update - Dividend/Distribution - KAT,dividend,,2872727,2024-10,NaT
KAT,2024,2024-10-02,Dividend/Distribution - KAT,dividend,,2862346,2024-10,NaT
KAT,2024,2024-07-26,Update - Dividend/Distribution - KAT,dividend,,2832622,2024-07,NaT
KAT,2024,2024-07-03,Dividend/Distribution - KAT,dividend,,2825043,2024-07,NaT
KAT,2024,2024-04-26,Update - Dividend/Distribution - KAT,dividend,,2800319,2024-04,NaT
KAT,2024,2024-04-03,Dividend/Distribution - KAT,dividend,,2791957,2024-04,NaT
KAT,2024,2024-02-16,Options Distribution Schedule,dividend,,2773892,2024-02,NaT
KAT,2024,2024-01-25,Update - Dividend/Distribution - KAT,dividend,,2766231,2024-01,NaT
KAT,2024,2024-01-03,Dividend/Distribution - KAT,dividend,,2760305,2024-01,NaT
KAT,2025,2025-10-24,Update - Dividend/Distribution - KAT,dividend,,3014977,2025-10,NaT
KAT,2025,2025-10-01,Dividend/Distribution - KAT,dividend,,3004017,2025-10,NaT
KAT,2025,2025-07-23,Update - Dividend/Distribution - KAT,dividend,,2971913,2025-07,NaT
KAT,2025,2025-07-01,Dividend/Distribution - KAT,dividend,,2964640,2025-07,NaT
KAT,2025,2025-05-02,Update - Dividend/Distribution - KAT,dividend,,2944334,2025-05,NaT
KAT,2025,2025-04-10,Dividend/Distribution - KAT,dividend,,2936822,2025-04,NaT
KAT,2025,2025-01-23,Update - Dividend/Distribution - KAT,dividend,,2906834,2025-01,NaT
KAT,2025,2025-01-02,Dividend/Distribution - KAT,dividend,,2901424,2025-01,NaT
KAT,2026,2026-07-22,Update - Dividend/Distribution - KAT,dividend,,3117126,2026-07,NaT
KAT,2026,2026-07-01,Dividend/Distribution - KAT,dividend,,3110320,2026-07,NaT
KAT,2026,2026-04-24,Update - Dividend/Distribution - KAT,dividend,,3086142,2026-04,NaT
KAT,2026,2026-04-02,Dividend/Distribution - KAT,dividend,,3079197,2026-04,NaT
KAT,2026,2026-01-27,Update - Dividend/Distribution - KAT,dividend,,3052629,2026-01,NaT
KAT,2026,2026-01-02,Dividend/Distribution - KAT,dividend,,3046719,2026-01,NaT
KIT,2026,2026-08-27,Dividend/Distribution - KIT,dividend,,3131138,2026-08,NaT
KIT,2026,2026-08-17,Update - Dividend/Distribution - KIT,dividend,,3125836,2026-08,NaT
KIT,2026,2026-08-05,Dividend/Distribution - KIT,dividend,,3122151,2026-08,NaT
KIT,2026,2026-07-22,Update - Dividend/Distribution - KIT,dividend,,3117178,2026-07,NaT
KIT,2026,2026-07-01,KIT Buy Back Outcome and FY27 Distribution Guidance,dividend,,3110174,2026-07,NaT
KIT,2026,2026-06-26,Dividend/Distribution - KIT,dividend,,3108135,2026-06,NaT
KIT,2026,2026-06-11,Update - Dividend/Distribution - KIT,dividend,,3103276,2026-06,NaT
KIT,2026,2026-05-28,Dividend/Distribution - KIT,dividend,,3098641,2026-05,NaT
KIT,2026,2026-05-11,Update - Dividend/Distribution - KIT,dividend,,3092729,2026-05,NaT
KIT,2026,2026-04-28,Dividend/Distribution - KIT,dividend,,3087060,2026-04,NaT
KIT,2026,2026-03-26,Distribution Schedule,dividend,,3076360,2026-03,NaT
KIT,2026,2026-03-26,Distribution Reinvestment Plan Rules,dividend,,3076357,2026-03,NaT
KKC,2019,2019-11-19,Distribution Schedule,dividend,,2174651,2019-11,NaT
KKC,2019,2019-11-19,Distribution Reinvestment Plan,dividend,,2174650,2019-11,NaT
KKC,2020,2020-12-23,Dividend/Distribution - KKC,dividend,,2326002,2020-12,NaT
KKC,2020,2020-09-24,Dividend/Distribution - KKC,dividend,,2284758,2020-09,NaT
KKC,2020,2020-07-03,Update - Dividend/Distribution - KKC,dividend,,2251369,2020-07,NaT
KKC,2020,2020-06-24,Dividend/Distribution - KKC,dividend,,2247495,2020-06,NaT
KKC,2020,2020-04-06,Update - Dividend/Distribution - KKC,dividend,,2222587,2020-04,NaT
KKC,2020,2020-03-30,Dividend/Distribution - KKC,dividend,,2219758,2020-03,NaT
KKC,2020,2020-03-27,DRP Suspension and Distribution update,dividend,,2219336,2020-03,NaT
KKC,2021,2021-12-23,Dividend/Distribution - KKC,dividend,,2471129,2021-12,NaT
KKC,2021,2021-12-06,Update - Dividend/Distribution - KKC,dividend,,2462877,2021-12,NaT
KKC,2021,2021-11-24,Dividend/Distribution - KKC,dividend,,2457021,2021-11,NaT
KKC,2021,2021-11-04,Update - Dividend/Distribution - KKC,dividend,,2447534,2021-11,NaT
KKC,2021,2021-10-25,Dividend/Distribution - KKC,dividend,,2440786,2021-10,NaT
KKC,2021,2021-10-07,Update - Dividend/Distribution - KKC,dividend,,2432738,2021-10,NaT
KKC,2021,2021-09-24,Dividend/Distribution - KKC,dividend,,2425832,2021-09,NaT
KKC,2021,2021-09-06,Update - Dividend/Distribution - KKC,dividend,,2417988,2021-09,NaT
KKC,2021,2021-08-25,Dividend/Distribution - KKC,dividend,,2412167,2021-08,NaT
KKC,2021,2021-08-11,Update - Dividend/Distribution - KKC,dividend,,2405905,2021-08,NaT
KKC,2021,2021-07-29,Dividend/Distribution - KKC,dividend,,2400996,2021-07,NaT
KKC,2021,2021-07-08,Update - Dividend/Distribution - KKC,dividend,,2393327,2021-07,NaT
KKC,2021,2021-06-29,Distribution Guidance Financial Year 2022,dividend,,2389297,2021-06,NaT
KKC,2021,2021-06-22,Distribution Reinvestment Plan Suspension,dividend,,2386837,2021-06,NaT
KKC,2021,2021-06-22,Dividend/Distribution - KKC,dividend,,2386836,2021-06,NaT
KKC,2021,2021-04-19,Buyback and Distribution Frequency Update,dividend,,2364764,2021-04,NaT
KKC,2021,2021-04-08,Update - Dividend/Distribution - KKC,dividend,,2361534,2021-04,NaT
KKC,2021,2021-03-25,Dividend/Distribution - KKC,dividend,,2357550,2021-03,NaT
KKC,2021,2021-01-06,Update - Dividend/Distribution - KKC,dividend,,2328614,2021-01,NaT
KKC,2022,2022-12-23,Dividend/Distribution - KKC,dividend,,2616708,2022-12,NaT
KKC,2022,2022-12-06,Update - Dividend/Distribution - KKC,dividend,,2608748,2022-12,NaT
KKC,2022,2022-11-23,Dividend/Distribution - KKC,dividend,,2602026,2022-11,NaT
KKC,2022,2022-11-04,Update - Dividend/Distribution - KKC,dividend,,2593990,2022-11,NaT
KKC,2022,2022-10-25,Dividend/Distribution - KKC,dividend,,2587463,2022-10,NaT
KKC,2022,2022-10-07,Update - Dividend/Distribution - KKC,dividend,,2579251,2022-10,NaT
KKC,2022,2022-09-26,Dividend/Distribution - KKC,dividend,,2572259,2022-09,NaT
KKC,2022,2022-09-07,Update - Dividend/Distribution - KKC,dividend,,2565351,2022-09,NaT
KKC,2022,2022-08-25,Dividend/Distribution - KKC,dividend,,2558422,2022-08,NaT
KKC,2022,2022-08-04,Update - Dividend/Distribution - KKC,dividend,,2549919,2022-08,NaT
KKC,2022,2022-07-25,Dividend/Distribution - KKC,dividend,,2545109,2022-07,NaT
KKC,2022,2022-07-07,Update - Dividend/Distribution - KKC,dividend,,2539765,2022-07,NaT
KKC,2022,2022-06-28,Distribution Guidance for Financial Year 2023,dividend,,2535866,2022-06,NaT
KKC,2022,2022-06-24,Dividend/Distribution - KKC,dividend,,2535075,2022-06,NaT
KKC,2022,2022-06-06,Update - Dividend/Distribution - KKC,dividend,,2528926,2022-06,NaT
KKC,2022,2022-05-25,Dividend/Distribution - KKC,dividend,,2524954,2022-05,NaT
KKC,2022,2022-05-05,Update - Dividend/Distribution - KKC,dividend,,2518633,2022-05,NaT
KKC,2022,2022-04-22,Dividend/Distribution - KKC,dividend,,2512767,2022-04,NaT
KKC,2022,2022-04-06,Update - Dividend/Distribution - KKC,dividend,,2507503,2022-04,NaT
KKC,2022,2022-03-25,Dividend/Distribution - KKC,dividend,,2502858,2022-03,NaT
KKC,2022,2022-03-04,Update - Dividend/Distribution - KKC,dividend,,2495559,2022-03,NaT
KKC,2022,2022-02-22,Dividend/Distribution - KKC,dividend,,2489450,2022-02,NaT
KKC,2022,2022-02-04,Update - Dividend/Distribution - KKC,dividend,,2483329,2022-02,NaT
KKC,2022,2022-01-31,Dividend/Distribution - KKC,dividend,,2481325,2022-01,NaT
KKC,2022,2022-01-07,Update - Dividend/Distribution - KKC,dividend,,2473738,2022-01,NaT
KKC,2023,2023-12-21,Dividend/Distribution - KKC,dividend,,2757429,2023-12,NaT
KKC,2023,2023-12-06,Update - Dividend/Distribution - KKC,dividend,,2750923,2023-12,NaT
KKC,2023,2023-11-24,Dividend/Distribution - KKC,dividend,,2745213,2023-11,NaT
KKC,2023,2023-11-06,Update - Dividend/Distribution - KKC,dividend,,2736604,2023-11,NaT
KKC,2023,2023-10-25,Dividend/Distribution - KKC,dividend,,2730216,2023-10,NaT
KKC,2023,2023-10-05,Update - Dividend/Distribution - KKC,dividend,,2721639,2023-10,NaT
KKC,2023,2023-09-25,Dividend/Distribution - KKC,dividend,,2715995,2023-09,NaT
KKC,2023,2023-09-07,Update - Dividend/Distribution - KKC,dividend,,2709295,2023-09,NaT
KKC,2023,2023-08-25,Dividend/Distribution - KKC,dividend,,2702345,2023-08,NaT
KKC,2023,2023-08-14,Update - Dividend/Distribution - KKC,dividend,,2697175,2023-08,NaT
KKC,2023,2023-08-04,Update - Dividend/Distribution - KKC,dividend,,2694383,2023-08,NaT
KKC,2023,2023-07-25,Dividend/Distribution - KKC,dividend,,2689879,2023-07,NaT
KKC,2023,2023-07-07,Update - Dividend/Distribution - KKC,dividend,,2684585,2023-07,NaT
KKC,2023,2023-06-27,Distribution Guidance for FY2024 and Cessation of Buy-Back,dividend,,2679991,2023-06,NaT
KKC,2023,2023-06-26,Dividend/Distribution - KKC,dividend,,2679481,2023-06,NaT
KKC,2023,2023-06-06,Update - Dividend/Distribution - KKC,dividend,,2673481,2023-06,NaT
KKC,2023,2023-05-25,Dividend/Distribution - KKC,dividend,,2669502,2023-05,NaT
KKC,2023,2023-05-05,Update - Dividend/Distribution - KKC,dividend,,2662842,2023-05,NaT
KKC,2023,2023-04-24,Dividend/Distribution - KKC,dividend,,2657430,2023-04,NaT
KKC,2023,2023-04-06,Update - Dividend/Distribution - KKC,dividend,,2652397,2023-04,NaT
KKC,2023,2023-03-27,Dividend/Distribution - KKC,dividend,,2647857,2023-03,NaT
KKC,2023,2023-03-06,Update - Dividend/Distribution - KKC,dividend,,2640156,2023-03,NaT
KKC,2023,2023-02-22,Dividend/Distribution - KKC,dividend,,2634551,2023-02,NaT
KKC,2023,2023-02-06,Update - Dividend/Distribution - KKC,dividend,,2628320,2023-02,NaT
KKC,2023,2023-01-25,Dividend/Distribution - KKC,dividend,,2624138,2023-01,NaT
KKC,2023,2023-01-06,Dividend Details,dividend,,2618956,2023-01,NaT
KKC,2024,2024-12-20,Dividend/Distribution - KKC,dividend,,2898540,2024-12,NaT
KKC,2024,2024-12-05,Update - Dividend/Distribution - KKC,dividend,,2891983,2024-12,NaT
KKC,2024,2024-11-22,Dividend/Distribution - KKC,dividend,,2885584,2024-11,NaT
KKC,2024,2024-11-06,Update - Dividend/Distribution - KKC,dividend,,2878644,2024-11,NaT
KKC,2024,2024-10-24,Dividend/Distribution - KKC,dividend,,2871961,2024-10,NaT
KKC,2024,2024-10-04,Update - Dividend/Distribution - KKC,dividend,,2863589,2024-10,NaT
KKC,2024,2024-09-23,Dividend/Distribution - KKC,dividend,,2857037,2024-09,NaT
KKC,2024,2024-09-05,Update - Dividend/Distribution - KKC,dividend,,2849962,2024-09,NaT
KKC,2024,2024-08-23,Dividend/Distribution - KKC,dividend,,2843169,2024-08,NaT
KKC,2024,2024-08-08,Update - Dividend/Distribution - KKC,dividend,,2837557,2024-08,NaT
KKC,2024,2024-07-24,Dividend/Distribution - KKC,dividend,,2831621,2024-07,NaT
KKC,2024,2024-07-05,Update - Dividend/Distribution - KKC,dividend,,2825823,2024-07,NaT
KKC,2024,2024-06-24,Dividend/Distribution - KKC,dividend,,2820983,2024-06,NaT
KKC,2024,2024-06-21,Distribution Guidance for FY2025,dividend,,2820438,2024-06,NaT
KKC,2024,2024-06-03,Update - Dividend/Distribution - KKC,dividend,,2813975,2024-06,NaT
KKC,2024,2024-05-24,Dividend/Distribution - KKC,dividend,,2810874,2024-05,NaT
KKC,2024,2024-05-01,Update - Dividend/Distribution - KKC,dividend,,2802773,2024-05,NaT
KKC,2024,2024-04-23,Dividend/Distribution - KKC,dividend,,2798870,2024-04,NaT
KKC,2024,2024-04-04,Update - Dividend/Distribution - KKC,dividend,,2792489,2024-04,NaT
KKC,2024,2024-03-22,Dividend/Distribution - KKC,dividend,,2788266,2024-03,NaT
KKC,2024,2024-03-06,Update - Dividend/Distribution - KKC,dividend,,2782224,2024-03,NaT
KKC,2024,2024-02-28,Dividend/Distribution - KKC,dividend,,2779077,2024-02,NaT
KKC,2024,2024-02-06,Update - Dividend/Distribution - KKC,dividend,,2770241,2024-02,NaT
KKC,2024,2024-01-24,Dividend/Distribution - KKC,dividend,,2765616,2024-01,NaT
KKC,2024,2024-01-05,Update - Dividend/Distribution - KKC,dividend,,2760738,2024-01,NaT
KKC,2025,2025-12-23,Dividend/Distribution - KKC,dividend,,3044682,2025-12,NaT
KKC,2025,2025-12-19,Update - Dividend/Distribution - KKC,dividend,,3043463,2025-12,NaT
KKC,2025,2025-12-01,Update - Dividend/Distribution - KKC,dividend,,3034739,2025-12,NaT
KKC,2025,2025-11-21,Update - Dividend/Distribution - KKC,dividend,,3030272,2025-11,NaT
KKC,2025,2025-11-21,Dividend/Distribution - KKC,dividend,,3030183,2025-11,NaT
KKC,2025,2025-10-24,Dividend/Distribution - KKC,dividend,,3015140,2025-10,NaT
KKC,2025,2025-10-22,Update - Dividend/Distribution - KKC,dividend,,3013713,2025-10,NaT
KKC,2025,2025-09-23,Dividend/Distribution - KKC,dividend,,2998853,2025-09,NaT
KKC,2025,2025-09-19,Update - Dividend/Distribution - KKC,dividend,,2997397,2025-09,NaT
KKC,2025,2025-08-22,Dividend/Distribution - KKC,dividend,,2983941,2025-08,NaT
KKC,2025,2025-08-21,Update - Dividend/Distribution - KKC,dividend,,2983471,2025-08,NaT
KKC,2025,2025-07-24,Dividend/Distribution - KKC,dividend,,2972305,2025-07,NaT
KKC,2025,2025-07-23,Dividend Reinvestment Plan July 2025,dividend,,2971861,2025-07,NaT
KKC,2025,2025-07-04,Update - Dividend/Distribution - KKC,dividend,,2966000,2025-07,NaT
KKC,2025,2025-06-27,Distribution Guidance for FY2026,dividend,,2962875,2025-06,NaT
KKC,2025,2025-06-24,Dividend/Distribution - KKC,dividend,,2961423,2025-06,NaT
KKC,2025,2025-06-05,Update - Dividend/Distribution - KKC,dividend,,2955549,2025-06,NaT
KKC,2025,2025-05-23,Dividend/Distribution - KKC,dividend,,2951342,2025-05,NaT
KKC,2025,2025-05-06,Update - Dividend/Distribution - KKC,dividend,,2945378,2025-05,NaT
KKC,2025,2025-04-22,Dividend/Distribution - KKC,dividend,,2939755,2025-04,NaT
KKC,2025,2025-04-04,Update - Dividend/Distribution - KKC,dividend,,2934442,2025-04,NaT
KKC,2025,2025-03-24,Dividend/Distribution - KKC,dividend,,2929461,2025-03,NaT
KKC,2025,2025-03-06,Update - Dividend/Distribution - KKC,dividend,,2923195,2025-03,NaT
KKC,2025,2025-02-21,Dividend/Distribution - KKC,dividend,,2917208,2025-02,NaT
KKC,2025,2025-02-06,Update - Dividend/Distribution - KKC,dividend,,2911503,2025-02,NaT
KKC,2025,2025-01-23,Dividend/Distribution - KKC,dividend,,2906711,2025-01,NaT
KKC,2025,2025-01-07,Update - Dividend/Distribution - KKC,dividend,,2902268,2025-01,NaT
KKC,2026,2026-08-24,Dividend/Distribution - KKC,dividend,,3128880,2026-08,NaT
KKC,2026,2026-08-21,Update - Dividend/Distribution - KKC,dividend,,3128092,2026-08,NaT
KKC,2026,2026-07-24,Dividend/Distribution - KKC,dividend,,3117898,2026-07,NaT
KKC,2026,2026-07-21,Update - Dividend/Distribution - KKC,dividend,,3116669,2026-07,NaT
KKC,2026,2026-07-01,Update - Dividend/Distribution - KKC,dividend,,3110315,2026-07,NaT
KKC,2026,2026-06-30,Dividend/Distribution - KKC,dividend,,3109411,2026-06,NaT
KKC,2026,2026-06-29,Distribution Guidance for FY2027,dividend,,3108820,2026-06,NaT
KKC,2026,2026-06-22,Update - Dividend/Distribution - KKC,dividend,,3106349,2026-06,NaT
KKC,2026,2026-05-22,Update - Dividend/Distribution - KKC,dividend,,3096656,2026-05,NaT
KKC,2026,2026-05-22,Dividend/Distribution - KKC,dividend,,3096653,2026-05,NaT
KKC,2026,2026-05-21,Update - Dividend/Distribution - KKC,dividend,,3096237,2026-05,NaT
KKC,2026,2026-04-23,Update - Dividend/Distribution - KKC,dividend,,3085601,2026-04,NaT
KKC,2026,2026-04-23,Dividend/Distribution - KKC,dividend,,3085495,2026-04,NaT
KKC,2026,2026-03-24,Dividend/Distribution - KKC,dividend,,3075278,2026-03,NaT
KKC,2026,2026-03-20,Update - Dividend/Distribution - KKC,dividend,,3074340,2026-03,NaT
KKC,2026,2026-02-20,Dividend/Distribution - KKC,dividend,,3062743,2026-02,NaT
KKC,2026,2026-02-20,Update - Dividend/Distribution - KKC,dividend,,3062688,2026-02,NaT
KKC,2026,2026-01-22,Dividend/Distribution - KKC,dividend,,3052007,2026-01,NaT
KKC,2026,2026-01-22,Update - Dividend/Distribution - KKC,dividend,,3051981,2026-01,NaT
LF1,2025,2025-12-22,Dividend/Distribution - LF1,dividend,,3044119,2025-12,NaT
LF1,2025,2025-12-08,Update - Dividend/Distribution - LF1,dividend,,3038485,2025-12,NaT
LF1,2025,2025-11-26,Dividend/Distribution - LF1,dividend,,3032217,2025-11,NaT
LF1,2025,2025-11-07,Update - Dividend/Distribution - LF1,dividend,,3022547,2025-11,NaT
LF1,2025,2025-10-27,Dividend/Distribution - LF1,dividend,,3015986,2025-10,NaT
LF1,2025,2025-10-08,Update - Dividend/Distribution - LF1,dividend,,3006992,2025-10,NaT
LF1,2025,2025-09-25,Dividend/Distribution - LF1,dividend,,3000008,2025-09,NaT
LF1,2025,2025-09-08,Update - Dividend/Distribution - LF1,dividend,,2992454,2025-09,NaT
LF1,2025,2025-08-27,Dividend/Distribution - LF1,dividend,,2986509,2025-08,NaT
LF1,2025,2025-08-08,Update - Dividend/Distribution - LF1,dividend,,2978609,2025-08,NaT
LF1,2025,2025-07-28,Dividend/Distribution - LF1,dividend,,2973393,2025-07,NaT
LF1,2025,2025-06-25,Dividend Reinvestment Plan Rules,dividend,,2961903,2025-06,NaT
LF1,2026,2026-08-26,Dividend/Distribution - LF1,dividend,,3130651,2026-08,NaT
LF1,2026,2026-08-07,Update - Dividend/Distribution - LF1,dividend,,3123057,2026-08,NaT
LF1,2026,2026-07-28,Dividend/Distribution - LF1,dividend,,3118852,2026-07,NaT
LF1,2026,2026-07-08,Update - Dividend/Distribution - LF1,dividend,,3113033,2026-07,NaT
LF1,2026,2026-06-24,Dividend/Distribution - LF1,dividend,,3107233,2026-06,NaT
LF1,2026,2026-06-05,Update - Dividend/Distribution - LF1,dividend,,3101603,2026-06,NaT
LF1,2026,2026-05-27,Dividend/Distribution - LF1,dividend,,3097968,2026-05,NaT
LF1,2026,2026-05-08,Update - Dividend/Distribution - LF1,dividend,,3092105,2026-05,NaT
LF1,2026,2026-04-24,Dividend/Distribution - LF1,dividend,,3086067,2026-04,NaT
LF1,2026,2026-04-09,Update - Dividend/Distribution - LF1,dividend,,3080892,2026-04,NaT
LF1,2026,2026-03-27,Dividend/Distribution - LF1,dividend,,3076645,2026-03,NaT
LF1,2026,2026-03-06,Update - Dividend/Distribution - LF1,dividend,,3069118,2026-03,NaT
LF1,2026,2026-02-24,Dividend/Distribution - LF1,dividend,,3064085,2026-02,NaT
LF1,2026,2026-02-09,Update - Dividend/Distribution - LF1,dividend,,3058145,2026-02,NaT
LF1,2026,2026-01-22,Dividend/Distribution - LF1,dividend,,3051944,2026-01,NaT
LF1,2026,2026-01-08,Update - Dividend/Distribution - LF1,dividend,,3048389,2026-01,NaT
LGF,2026,2026-04-22,Distribution schedule,dividend,,3085248,2026-04,NaT
LRT,2018,2018-03-21,Distribution Schedule,dividend,,1964035,2018-03,NaT
LRT,2019,2019-06-28,Declaration of No Distribution,dividend,,2118434,2019-06,NaT
LRT,2020,2020-08-14,Update - Dividend/Distribution - LRT,dividend,,2266706,2020-08,NaT
LRT,2020,2020-07-02,Update - Dividend/Distribution - LRT,dividend,,2251086,2020-07,NaT
LRT,2020,2020-06-24,Dividend/Distribution - LRT,dividend,,2247754,2020-06,NaT
LRT,2020,2020-06-24,Trust Distribution,dividend,,2247753,2020-06,NaT
LRT,2021,2021-08-30,Update - Dividend/Distribution - LRT,dividend,,2414705,2021-08,NaT
LRT,2021,2021-07-06,Update - Dividend/Distribution - LRT,dividend,,2392471,2021-07,NaT
LRT,2021,2021-06-25,LRT Distribution Estimate,dividend,,2388185,2021-06,NaT
LRT,2021,2021-06-25,Dividend/Distribution - LRT,dividend,,2387949,2021-06,NaT
LRT,2021,2021-06-15,LRT Distribution Forecast,dividend,,2384680,2021-06,NaT
LRT,2022,2022-09-01,Update - Dividend/Distribution - LRT,dividend,,2562642,2022-09,NaT
LRT,2022,2022-07-06,Update - Dividend/Distribution - LRT,dividend,,2539422,2022-07,NaT
LRT,2022,2022-06-22,LRT Distribution Estimate,dividend,,2534028,2022-06,NaT
LRT,2022,2022-06-21,Dividend/Distribution - LRT,dividend,,2533706,2022-06,NaT
LRT,2023,2023-07-28,Update - Dividend/Distribution - LRT,dividend,,2691590,2023-07,NaT
LRT,2023,2023-07-04,Update - Dividend/Distribution - LRT,dividend,,2683262,2023-07,NaT
LRT,2023,2023-06-29,Update - Dividend/Distribution - LRT,dividend,,2681044,2023-06,NaT
LRT,2023,2023-06-23,LRT Distribution Estimate,dividend,,2679220,2023-06,NaT
LRT,2023,2023-06-23,Dividend/Distribution - LRT,dividend,,2679212,2023-06,NaT
LRT,2024,2024-07-31,Update - Dividend/Distribution - LRT,dividend,,2834614,2024-07,NaT
LRT,2024,2024-07-11,Update - Dividend/Distribution - LRT,dividend,,2827680,2024-07,NaT
LRT,2024,2024-06-24,LRT Distribution Estimate,dividend,,2821121,2024-06,NaT
LRT,2024,2024-06-24,Dividend/Distribution - LRT,dividend,,2821112,2024-06,NaT
LRT,2025,2025-07-30,Update - Dividend/Distribution - LRT,dividend,,2974358,2025-07,NaT
LRT,2025,2025-07-10,Update - Dividend/Distribution - LRT,dividend,,2968162,2025-07,NaT
LRT,2025,2025-07-02,Update - Dividend/Distribution - LRT,dividend,,2965089,2025-07,NaT
LRT,2025,2025-06-24,Dividend/Distribution - LRT,dividend,,2961396,2025-06,NaT
LRT,2026,2026-07-31,Update - Dividend/Distribution - LRT,dividend,,3120710,2026-07,NaT
LRT,2026,2026-07-22,Update - Dividend/Distribution - LRT,dividend,,3117296,2026-07,NaT
LRT,2026,2026-07-02,Update - Dividend/Distribution - LRT,dividend,,3110768,2026-07,NaT
LRT,2026,2026-06-23,Dividend/Distribution - LRT,dividend,,3106804,2026-06,NaT
LRT,2026,2026-06-17,LRT Dividend Reinvestment Plan,dividend,,3104841,2026-06,NaT
LSF,2018,2018-04-20,Distribution Schedule,dividend,,1973256,2018-04,NaT
LSF,2021,2021-09-21,Update - Dividend/Distribution - LSF,dividend,,2424000,2021-09,NaT
LSF,2021,2021-08-25,Dividend/Distribution - LSF,dividend,,2411597,2021-08,NaT
LSF,2021,2021-03-10,Update - Dividend/Distribution - LSF,dividend,,2351734,2021-03,NaT
LSF,2021,2021-02-11,Dividend/Distribution - LSF,dividend,,2340166,2021-02,NaT
LSF,2021,2021-02-11,L1 LONG SHORT FUND LTD - DIVIDEND REINVESTMENT PLAN,dividend,,2340162,2021-02,NaT
LSF,2022,2022-09-19,Update - Dividend/Distribution - LSF,dividend,,2569745,2022-09,NaT
LSF,2022,2022-08-26,Dividend/Distribution - LSF,dividend,,2558833,2022-08,NaT
LSF,2022,2022-03-21,Update - Dividend/Distribution - LSF,dividend,,2501287,2022-03,NaT
LSF,2022,2022-02-25,Dividend/Distribution - LSF,dividend,,2491817,2022-02,NaT
LSF,2023,2023-09-18,Update - Dividend/Distribution - LSF,dividend,,2713306,2023-09,NaT
LSF,2023,2023-08-25,Dividend/Distribution - LSF,dividend,,2702474,2023-08,NaT
LSF,2023,2023-03-22,Update - Dividend/Distribution - LSF,dividend,,2646557,2023-03,NaT
LSF,2023,2023-02-28,Dividend Details,dividend,,2637381,2023-02,NaT
LSF,2023,2023-02-28,Dividend/Distribution - LSF,dividend,,2637372,2023-02,NaT
LSF,2024,2024-09-16,Update - Dividend/Distribution - LSF,dividend,,2854197,2024-09,NaT
LSF,2024,2024-08-23,Dividend/Distribution - LSF,dividend,,2843003,2024-08,NaT
LSF,2024,2024-03-25,Update - Dividend/Distribution - LSF,dividend,,2788909,2024-03,NaT
LSF,2024,2024-02-22,Dividend Details,dividend,,2776164,2024-02,NaT
LSF,2024,2024-02-22,Dividend/Distribution - LSF,dividend,,2776154,2024-02,NaT
LSF,2025,2025-11-25,Update - Dividend/Distribution - LSF,dividend,,3031315,2025-11,NaT
LSF,2025,2025-11-11,Dividend/Distribution - LSF,dividend,,3023598,2025-11,NaT
LSF,2025,2025-09-22,Update - Dividend/Distribution - LSF,dividend,,2998335,2025-09,NaT
LSF,2025,2025-08-27,Dividend/Distribution - LSF,dividend,,2986295,2025-08,NaT
LSF,2025,2025-03-24,Update - Dividend/Distribution - LSF,dividend,,2929532,2025-03,NaT
LSF,2025,2025-02-28,Dividend Details,dividend,,2920543,2025-02,NaT
LSF,2025,2025-02-28,Dividend/Distribution - LSF,dividend,,2920526,2025-02,NaT
LSF,2026,2026-08-26,Dividend/Distribution - LSF,dividend,,3130360,2026-08,NaT
LSF,2026,2026-06-09,Update - Dividend/Distribution - LSF,dividend,,3102305,2026-06,NaT
LSF,2026,2026-05-21,Dividend/Distribution - LSF,dividend,,3096153,2026-05,NaT
LSF,2026,2026-03-09,Update - Dividend/Distribution - LSF,dividend,,3069785,2026-03,NaT
LSF,2026,2026-02-20,Dividend Details,dividend,,3062624,2026-02,NaT
LSF,2026,2026-02-20,Dividend/Distribution - LSF,dividend,,3062613,2026-02,NaT
LSX,2022,2022-09-28,Dividend alteration - ex date correction,dividend,,2573573,2022-09,NaT
LSX,2022,2022-09-27,Lion to pay 1.5cps annual dividend in October,dividend,,2573054,2022-09,NaT
LSX,2022,2022-09-27,Dividend alteration - update to previous announcement,dividend,,2573052,2022-09,NaT
LSX,2022,2022-04-01,Lion Portfolio &amp; Distributions Update,dividend,,2505571,2022-04,NaT
LSX,2022,2022-03-25,Update - Dividend/Distribution - LSX,dividend,,2502926,2022-03,NaT
LSX,2022,2022-03-15,Dividend/Distribution - LSX,dividend,,2499006,2022-03,NaT
LSX,2022,2022-03-15,Lion to pay 5cps dividends in CY2022,dividend,,2499000,2022-03,NaT
LSX,2023,2023-10-18,Dividend/Distribution - LSX,dividend,,2727141,2023-10,NaT
LSX,2023,2023-10-18,Lion to pay 1.5cps dividend in November,dividend,,2727140,2023-10,NaT
LSX,2023,2023-02-20,Dividend/Distribution - LSX,dividend,,2633096,2023-02,NaT
LSX,2025,2025-08-25,Lion to pay 2cps fully franked special dividend,dividend,,2984726,2025-08,NaT
LSX,2025,2025-08-25,Dividend/Distribution - LSX,dividend,,2984718,2025-08,NaT
MA1,2025,2025-12-19,MA1 December 2025 Estimate Distribution Announcement,dividend,,3043633,2025-12,NaT
MA1,2025,2025-12-19,Dividend/Distribution - MA1,dividend,,3043631,2025-12,NaT
MA1,2025,2025-12-05,Update - Dividend/Distribution - MA1,dividend,,3037710,2025-12,NaT
MA1,2025,2025-11-25,MA1 November 2025 Estimate Distribution Announcement,dividend,,3031674,2025-11,NaT
MA1,2025,2025-11-25,Dividend/Distribution - MA1,dividend,,3031666,2025-11,NaT
MA1,2025,2025-11-07,Update - Dividend/Distribution - MA1,dividend,,3022528,2025-11,NaT
MA1,2025,2025-10-28,MA1 October 2025 Estimate Distribution Announcement,dividend,,3016686,2025-10,NaT
MA1,2025,2025-10-28,Dividend/Distribution - MA1,dividend,,3016506,2025-10,NaT
MA1,2025,2025-10-09,Update - Dividend/Distribution - MA1,dividend,,3007522,2025-10,NaT
MA1,2025,2025-09-24,MA1 September 2025 Estimate Distribution Announcement,dividend,,2999543,2025-09,NaT
MA1,2025,2025-09-24,Dividend/Distribution - MA1,dividend,,2999504,2025-09,NaT
MA1,2025,2025-09-05,Appendix 3A Update - Dividend/Distribution - MA1,dividend,,2991829,2025-09,NaT
MA1,2025,2025-08-26,MA1 August 2025 Estimate Distribution Announcement,dividend,,2985608,2025-08,NaT
MA1,2025,2025-08-26,Dividend/Distribution - MA1,dividend,,2985600,2025-08,NaT
MA1,2025,2025-08-06,Update - Dividend/Distribution - MA1,dividend,,2977522,2025-08,NaT
MA1,2025,2025-07-28,MA1 July 2025 Estimate Distribution Announcement,dividend,,2973274,2025-07,NaT
MA1,2025,2025-07-28,Dividend/Distribution - MA1,dividend,,2973261,2025-07,NaT
MA1,2025,2025-07-07,Update - Dividend/Distribution - MA1,dividend,,2966875,2025-07,NaT
MA1,2025,2025-06-24,MA1 June 2025 Estimate Distribution Announcement,dividend,,2961561,2025-06,NaT
MA1,2025,2025-06-24,Dividend/Distribution - MA1,dividend,,2961557,2025-06,NaT
MA1,2025,2025-06-06,Update - Dividend/Distribution - MA1,dividend,,2956252,2025-06,NaT
MA1,2025,2025-05-28,MA1 May 2025 Estimate Distribution Announcement,dividend,,2952680,2025-05,NaT
MA1,2025,2025-05-27,Dividend/Distribution - MA1,dividend,,2952489,2025-05,NaT
MA1,2025,2025-05-06,Update - Dividend/Distribution - MA1,dividend,,2945508,2025-05,NaT
MA1,2025,2025-04-24,MA1 April 2025 Estimate Distribution Announcement,dividend,,2940848,2025-04,NaT
MA1,2025,2025-04-24,Dividend/Distribution - MA1,dividend,,2940808,2025-04,NaT
MA1,2025,2025-04-04,Update - Dividend/Distribution - MA1,dividend,,2934551,2025-04,NaT
MA1,2025,2025-03-26,MA1 March 2025 Estimate Distribution Announcement,dividend,,2930560,2025-03,NaT
MA1,2025,2025-03-26,Dividend/Distribution - MA1,dividend,,2930511,2025-03,NaT
MA1,2026,2026-08-25,MA1 August 2026 Estimate Distribution Announcement,dividend,,3129808,2026-08,NaT
MA1,2026,2026-08-25,Dividend/Distribution - MA1,dividend,,3129762,2026-08,NaT
MA1,2026,2026-08-10,Update - Dividend/Distribution - MA1,dividend,,3123614,2026-08,NaT
MA1,2026,2026-07-27,MA1 July 2026 Estimate Distribution Announcement,dividend,,3118557,2026-07,NaT
MA1,2026,2026-07-27,Dividend/Distribution - MA1,dividend,,3118497,2026-07,NaT
MA1,2026,2026-07-07,Update - Dividend/Distribution - MA1,dividend,,3112564,2026-07,NaT
MA1,2026,2026-07-07,MA1 June 2026 Distribution Announcement,dividend,,3112563,2026-07,NaT
MA1,2026,2026-06-24,Dividend/Distribution - MA1,dividend,,3107424,2026-06,NaT
MA1,2026,2026-06-24,MA1 June 2026 Estimate Distribution Announcement,dividend,,3107423,2026-06,NaT
MA1,2026,2026-06-05,Update - Dividend/Distribution - MA1,dividend,,3101689,2026-06,NaT
MA1,2026,2026-05-25,Dividend/Distribution - MA1,dividend,,3097069,2026-05,NaT
MA1,2026,2026-05-25,MA1 May 2026 Estimate Distribution Announcement,dividend,,3097068,2026-05,NaT
MA1,2026,2026-05-07,Update - Dividend/Distribution - MA1,dividend,,3091585,2026-05,NaT
MA1,2026,2026-04-24,Dividend/Distribution - MA1,dividend,,3085936,2026-04,NaT
MA1,2026,2026-04-24,MA1 April 2026 Estimate Distribution Announcement,dividend,,3085935,2026-04,NaT
MA1,2026,2026-04-09,Update - Dividend/Distribution - MA1,dividend,,3080987,2026-04,NaT
MA1,2026,2026-03-23,MA1 March 2026 Estimate Distribution Announcement,dividend,,3074912,2026-03,NaT
MA1,2026,2026-03-23,Dividend/Distribution - MA1,dividend,,3074907,2026-03,NaT
MA1,2026,2026-03-06,Update - Dividend/Distribution - MA1,dividend,,3069446,2026-03,NaT
MA1,2026,2026-02-23,Dividend/Distribution - MA1,dividend,,3063373,2026-02,NaT
MA1,2026,2026-02-23,MA1 February 2026 Estimate Distribution Announcement,dividend,,3063372,2026-02,NaT
MA1,2026,2026-02-06,Update - Dividend/Distribution - MA1,dividend,,3057611,2026-02,NaT
MA1,2026,2026-01-22,MA1 January 2026 Estimate Distribution Announcement,dividend,,3052082,2026-01,NaT
MA1,2026,2026-01-22,Dividend/Distribution - MA1,dividend,,3052066,2026-01,NaT
MA1,2026,2026-01-13,Update - Dividend/Distribution - MA1,dividend,,3049490,2026-01,NaT
MEC,2017,2017-05-02,Distribution Schedule - Options,dividend,,1853684,2017-05,NaT
MEC,2017,2017-05-02,Distribution Schedule - Shares,dividend,,1853683,2017-05,NaT
MEC,2018,2018-12-12,Appendix 3B - Dividend Reinvestment,dividend,,2059022,2018-12,NaT
MEC,2018,2018-12-10,MEC - Dividend Reinvestment Plan Issue Price,dividend,,2058188,2018-12,NaT
MEC,2018,2018-10-31,Dividend/Distribution - MEC,dividend,,2042978,2018-10,NaT
MEC,2018,2018-08-23,Appendix 3B - Dividend Reinvestment,dividend,,2012985,2018-08,NaT
MEC,2018,2018-08-17,Interim Dividend DRP Issue Price,dividend,,2010783,2018-08,NaT
MEC,2018,2018-08-10,Dividend Reinvestment Plan Election,dividend,,2008450,2018-08,NaT
MEC,2018,2018-05-24,Dividend/Distribution - MEC,dividend,,1984628,2018-05,NaT
MEC,2018,2018-05-24,Interim Report and Maiden Dividend,dividend,,1984616,2018-05,NaT
MEC,2018,2018-05-11,Dividend Re-Investment Plan,dividend,,1980823,2018-05,NaT
MEC,2019,2019-12-17,Appendix 3B - Dividend Reinvestment Plan,dividend,,2186610,2019-12,NaT
MEC,2019,2019-12-09,Dividend Reinvestment Plan Issue Price,dividend,,2183575,2019-12,NaT
MEC,2019,2019-11-01,Dividend/Distribution - MEC,dividend,,2168632,2019-11,NaT
MEC,2019,2019-07-15,Dividend Reinvestment Plan Issue Price,dividend,,2123321,2019-07,NaT
MEC,2019,2019-05-28,Dividend/Distribution - MEC,dividend,,2109481,2019-05,NaT
MEC,2020,2020-12-17,Appendix 2A - Dividend Reinvestment Plan,dividend,,2323858,2020-12,NaT
MEC,2020,2020-12-07,Dividend Reinvestment Plan Issue Price,dividend,,2319294,2020-12,NaT
MEC,2020,2020-11-04,Dividend/Distribution - MEC,dividend,,2304462,2020-11,NaT
MEC,2020,2020-07-31,Appendix 2A - Dividend Reinvestment Plan,dividend,,2261905,2020-07,NaT
MEC,2020,2020-07-17,Dividend Reinvestment Plan Issue Price,dividend,,2256174,2020-07,NaT
MEC,2020,2020-05-27,Dividend/Distribution - MEC,dividend,,2239082,2020-05,NaT
MEC,2021,2021-12-06,Dividend Reinvestment Plan Issue Price,dividend,,2463097,2021-12,NaT
MEC,2021,2021-11-03,Dividend/Distribution - MEC,dividend,,2446910,2021-11,NaT
MEC,2021,2021-11-02,Full Year Results and Final Dividend,dividend,,2446368,2021-11,NaT
MEC,2021,2021-07-30,Appendix 2A - Dividend Reinvestment Plan,dividend,,2401688,2021-07,NaT
MEC,2021,2021-07-12,Dividend Reinvestment Plan Issue Price,dividend,,2394538,2021-07,NaT
MEC,2021,2021-05-18,Half Year Results and Interim Dividend,dividend,,2375670,2021-05,NaT
MEC,2021,2021-05-18,Dividend/Distribution - MEC,dividend,,2375636,2021-05,NaT
MEC,2022,2022-11-25,Dividend Reinvestment Plan Issue Price,dividend,,2603880,2022-11,NaT
MEC,2022,2022-11-25,Update - Dividend/Distribution - MEC,dividend,,2603811,2022-11,NaT
MEC,2022,2022-11-14,Update - Dividend/Distribution - MEC,dividend,,2597847,2022-11,NaT
MEC,2022,2022-11-04,Dividend/Distribution - MEC,dividend,,2594299,2022-11,NaT
MEC,2022,2022-09-12,Dividend Reinvestment Plan Issue Price,dividend,,2567107,2022-09,NaT
MEC,2022,2022-08-22,Dividend/Distribution - MEC,dividend,,2556314,2022-08,NaT
MEC,2022,2022-06-14,Dividend Reinvestment Plan Issue Price,dividend,,2531585,2022-06,NaT
MEC,2022,2022-05-26,Dividend/Distribution - MEC,dividend,,2525543,2022-05,NaT
MEC,2022,2022-03-23,Dividend Reinvestment Plan Issue Price,dividend,,2502138,2022-03,NaT
MEC,2022,2022-03-09,Quarterly Dividend,dividend,,2497396,2022-03,NaT
MEC,2022,2022-03-09,Dividend/Distribution - MEC,dividend,,2497393,2022-03,NaT
MEC,2023,2023-11-02,Dividend Reinvestment Plan Issue Price,dividend,,2735731,2023-11,NaT
MEC,2023,2023-11-02,Update - Dividend/Distribution - MEC,dividend,,2735705,2023-11,NaT
MEC,2023,2023-10-18,Dividend/Distribution - MEC,dividend,,2727163,2023-10,NaT
MEC,2023,2023-09-01,Dividend Reinvestment Plan Issue Price,dividend,,2706885,2023-09,NaT
MEC,2023,2023-09-01,Update - Dividend/Distribution - MEC,dividend,,2706881,2023-09,NaT
MEC,2023,2023-08-18,Dividend/Distribution - MEC,dividend,,2699226,2023-08,NaT
MEC,2023,2023-07-04,Dividend Policy Change,dividend,,2682926,2023-07,NaT
MEC,2023,2023-06-14,Dividend Reinvestment Plan Issue Price,dividend,,2675920,2023-06,NaT
MEC,2023,2023-06-14,Update - Dividend/Distribution - MEC,dividend,,2675918,2023-06,NaT
MEC,2023,2023-05-22,Dividend/Distribution - MEC,dividend,,2668317,2023-05,NaT
MEC,2023,2023-03-13,Dividend Reinvestment Plan Issue Price,dividend,,2642816,2023-03,NaT
MEC,2023,2023-03-13,Update - Dividend/Distribution - MEC,dividend,,2642814,2023-03,NaT
MEC,2023,2023-02-20,Dividend/Distribution - MEC,dividend,,2633450,2023-02,NaT
MEC,2024,2024-05-17,Dividend/Distribution - MEC,dividend,,2808480,2024-05,NaT
MEC,2024,2024-02-20,Dividend/Distribution - MEC,dividend,,2774897,2024-02,NaT
MEC,2026,2026-08-18,Dividend/Distribution - MEC,dividend,,3126544,2026-08,NaT
MEC,2026,2026-05-18,Dividend/Distribution - MEC,dividend,,3094927,2026-05,NaT
MEC,2026,2026-02-17,Dividend/Distribution - MEC,dividend,,3061209,2026-02,NaT
MFF,2016,2016-10-21,Update - Dividend/Distribution - MFF,dividend,,1792447,2016-10,NaT
MFF,2016,2016-07-29,Dividend/Distribution - MFF,dividend,,1762161,2016-07,NaT
MFF,2016,2016-07-29,Appendix 4E 2016 Full Year Results &amp; Dividend,dividend,,1762160,2016-07,NaT
MFF,2016,2016-05-06,Update - Dividend/Distribution - MFF,dividend,,1738578,2016-05,NaT
MFF,2016,2016-02-05,Dividend/Distribution - MFF,dividend,,1709519,2016-02,NaT
MFF,2016,2016-02-05,Updated Dividend Reinvestment Plan Rules,dividend,,1709406,2016-02,NaT
MFF,2017,2017-10-19,Update - Dividend/Distribution - MFF,dividend,,1909759,2017-10,NaT
MFF,2017,2017-07-28,Dividend/Distribution - MFF,dividend,,1877998,2017-07,NaT
MFF,2017,2017-07-28,Appendix 4E 2017 Full Year Results &amp; Dividend,dividend,,1877995,2017-07,NaT
MFF,2017,2017-05-04,Update - Dividend/Distribution - MFF,dividend,,1854643,2017-05,NaT
MFF,2017,2017-02-03,Dividend/Distribution - MFF,dividend,,1825482,2017-02,NaT
MFF,2018,2018-10-18,Update - Dividend/Distribution - MFF,dividend,,2035748,2018-10,NaT
MFF,2018,2018-10-17,Update - Dividend/Distribution - MFF,dividend,,2035540,2018-10,NaT
MFF,2018,2018-07-27,Dividend/Distribution - MFF,dividend,,2003105,2018-07,NaT
MFF,2018,2018-07-27,Appendix 4E 2018 Full Year Results &amp; Dividend,dividend,,2003101,2018-07,NaT
MFF,2018,2018-05-03,Update - Dividend/Distribution - MFF,dividend,,1978503,2018-05,NaT
MFF,2018,2018-01-31,Dividend/Distribution - MFF,dividend,,1945840,2018-01,NaT
MFF,2019,2019-10-17,Update - Dividend/Distribution - MFF,dividend,,2160475,2019-10,NaT
MFF,2019,2019-07-31,Dividend/Distribution - MFF,dividend,,2128584,2019-07,NaT
MFF,2019,2019-07-31,Appendix 4E 2019 Full Year Results &amp; Dividend,dividend,,2128546,2019-07,NaT
MFF,2019,2019-05-02,Update - Dividend/Distribution - MFF,dividend,,2102248,2019-05,NaT
MFF,2019,2019-01-30,Dividend/Distribution - MFF,dividend,,2070172,2019-01,NaT
MFF,2020,2020-10-15,Update - Dividend/Distribution - MFF,dividend,,2294406,2020-10,NaT
MFF,2020,2020-07-31,Dividend/Distribution - MFF,dividend,,2261901,2020-07,NaT
MFF,2020,2020-07-31,Appendix 4E 2020 Full Year Results &amp; Dividend,dividend,,2261483,2020-07,NaT
MFF,2020,2020-04-30,Update - Dividend/Distribution - MFF,dividend,,2230943,2020-04,NaT
MFF,2020,2020-02-07,Update - Dividend/Distribution - MFF,dividend,,2200413,2020-02,NaT
MFF,2020,2020-01-30,Dividend/Distribution - MFF,dividend,,2196619,2020-01,NaT
MFF,2020,2020-01-29,Cancel - Dividend/Distribution - MFF,dividend,,2196370,2020-01,NaT
MFF,2020,2020-01-29,Dividend/Distribution - MFF,dividend,,2196308,2020-01,NaT
MFF,2021,2021-10-14,Update - Dividend/Distribution - MFF,dividend,,2435938,2021-10,NaT
MFF,2021,2021-07-29,Dividend/Distribution - MFF,dividend,,2400644,2021-07,NaT
MFF,2021,2021-07-29,Appendix 4E 2021 Full Year Results &amp; Dividend,dividend,,2400640,2021-07,NaT
MFF,2021,2021-04-30,Update - Dividend/Distribution - MFF,dividend,,2369256,2021-04,NaT
MFF,2021,2021-01-28,Dividend/Distribution - MFF,dividend,,2334633,2021-01,NaT
MFF,2022,2022-10-14,Update - Dividend/Distribution - MFF,dividend,,2582134,2022-10,NaT
MFF,2022,2022-07-27,Dividend/Distribution - MFF,dividend,,2546038,2022-07,NaT
MFF,2022,2022-07-27,Appendix 4E 2022 Full Year Results &amp; Dividend,dividend,,2546037,2022-07,NaT
MFF,2022,2022-04-29,Update - Dividend/Distribution - MFF,dividend,,2516420,2022-04,NaT
MFF,2022,2022-01-25,Dividend/Distribution - MFF,dividend,,2478831,2022-01,NaT
MFF,2023,2023-10-12,Update - Dividend/Distribution - MFF,dividend,,2724932,2023-10,NaT
MFF,2023,2023-09-06,Dividend/Distribution - MFF,dividend,,2708583,2023-09,NaT
MFF,2023,2023-09-05,Dividend Reinvestment Plan Rules,dividend,,2708261,2023-09,NaT
MFF,2023,2023-09-05,Cancel - Dividend/Distribution - MFF,dividend,,2708245,2023-09,NaT
MFF,2023,2023-07-28,Dividend/Distribution - MFF,dividend,,2691528,2023-07,NaT
MFF,2023,2023-07-28,Appendix 4E 2023 Full Year Results &amp; Dividend,dividend,,2691527,2023-07,NaT
MFF,2023,2023-07-10,"Continuation of buy-back, estimated profit and dividend",dividend,,2685144,2023-07,NaT
MFF,2023,2023-04-28,Update - Dividend/Distribution - MFF,dividend,,2660391,2023-04,NaT
MFF,2023,2023-01-30,Dividend/Distribution - MFF,dividend,,2625307,2023-01,NaT
MFF,2024,2024-10-14,Update - Dividend/Distribution - MFF,dividend,,2867384,2024-10,NaT
MFF,2024,2024-07-29,Dividend/Distribution - MFF,dividend,,2833264,2024-07,NaT
MFF,2024,2024-07-29,Appendix 4E 2024 Full Year Results &amp; Dividend,dividend,,2833261,2024-07,NaT
MFF,2024,2024-04-29,Update - Dividend/Distribution - MFF,dividend,,2801066,2024-04,NaT
MFF,2024,2024-01-25,Dividend Reinvestment Plan Rules,dividend,,2766060,2024-01,NaT
MFF,2024,2024-01-25,Dividend/Distribution - MFF,dividend,,2766058,2024-01,NaT
MFF,2025,2025-10-14,Update - Dividend/Distribution - MFF,dividend,,3009862,2025-10,NaT
MFF,2025,2025-08-14,Dividend/Distribution - MFF,dividend,,2980289,2025-08,NaT
MFF,2025,2025-04-29,Update - Dividend/Distribution - MFF,dividend,,2942318,2025-04,NaT
MFF,2025,2025-01-30,Dividend/Distribution - MFF,dividend,,2908711,2025-01,NaT
MFF,2026,2026-08-13,Dividend/Distribution - MFF,dividend,,3124737,2026-08,NaT
MFF,2026,2026-05-11,2026 Interim Dividend Letter,dividend,,3092561,2026-05,NaT
MFF,2026,2026-04-28,Update - Dividend/Distribution - MFF,dividend,,3087029,2026-04,NaT
MFF,2026,2026-04-28,Update to FY26 Interim Dividend Payment Date,dividend,,3087028,2026-04,NaT
MFF,2026,2026-04-27,Update - Dividend/Distribution - MFF,dividend,,3086624,2026-04,NaT
MFF,2026,2026-02-12,Dividend/Distribution - MFF,dividend,,3059459,2026-02,NaT
MGF,2020,2020-11-30,Distribution Schedule,dividend,,2315666,2020-11,NaT
MGF,2020,2020-11-30,Distribution Reinvestment Plan,dividend,,2315657,2020-11,NaT
MGF,2021,2021-12-24,Dividend/Distribution - MGF,dividend,,2471524,2021-12,NaT
MGF,2021,2021-07-07,Target Cash Distribution for the period ended 31 Dec 2021,dividend,,2392812,2021-07,NaT
MGF,2021,2021-07-02,Update - Dividend/Distribution - MGF,dividend,,2391266,2021-07,NaT
MGF,2021,2021-06-28,Dividend/Distribution - MGF,dividend,,2388624,2021-06,NaT
MGF,2021,2021-03-01,"Appendix 2A, Distribution Schedule, Top 20 Holders",dividend,,2348475,2021-03,NaT
MGF,2021,2021-01-05,Target Cash Distribution for the period ended 30 June 2021,dividend,,2328399,2021-01,NaT
MGF,2022,2022-12-20,Dividend/Distribution - MGF,dividend,,2614783,2022-12,NaT
MGF,2022,2022-07-07,Target Cash Distribution for the period ended 31 Dec 2022,dividend,,2539795,2022-07,NaT
MGF,2022,2022-06-27,Dividend/Distribution - MGF,dividend,,2535404,2022-06,NaT
MGF,2022,2022-01-10,Target Cash Distribution for the period ended 30 June 2022,dividend,,2474171,2022-01,NaT
MGF,2022,2022-01-10,Update - Dividend/Distribution - MGF,dividend,,2474169,2022-01,NaT
MGF,2022,2022-01-10,Distribution Reinvestment Plan (DRP) Suspension,dividend,,2474156,2022-01,NaT
MGF,2022,2022-01-05,Update - Dividend/Distribution - MGF,dividend,,2473259,2022-01,NaT
MGF,2023,2023-12-22,Ensuring investor details for future distributions,dividend,,2758358,2023-12,NaT
MGF,2023,2023-12-22,Dividend/Distribution - MGF,dividend,,2758106,2023-12,NaT
MGF,2023,2023-07-06,Target Cash Distribution for the period ended 31 December 23,dividend,,2684106,2023-07,NaT
MGF,2023,2023-06-27,Ensuring investor details for future distributions,dividend,,2680235,2023-06,NaT
MGF,2023,2023-06-27,Dividend/Distribution - MGF,dividend,,2680134,2023-06,NaT
MGF,2023,2023-01-05,Target Cash Distribution for the period ended 30 June 2023,dividend,,2618686,2023-01,NaT
MGF,2024,2024-06-26,Ensuring investor details for future distributions,dividend,,2822026,2024-06,NaT
MGF,2024,2024-06-25,Dividend/Distribution - MGF,dividend,,2821544,2024-06,NaT
MGF,2024,2024-01-05,Target Cash Distribution for the period ended 30 June 2024,dividend,,2760724,2024-01,NaT
MHH,2019,2019-12-27,Dividend/Distribution - MHH,dividend,,2189341,2019-12,NaT
MHH,2019,2019-10-09,Distribution Schedule,dividend,,2157173,2019-10,NaT
MHH,2019,2019-10-09,Distribution Reinvestment Plan,dividend,,2157169,2019-10,NaT
MHH,2020,2020-12-29,Dividend/Distribution - MHH,dividend,,2327143,2020-12,NaT
MHH,2020,2020-09-24,Distribution policy update,dividend,,2284690,2020-09,NaT
MHH,2020,2020-07-15,Update - Dividend/Distribution - MHH,dividend,,2255450,2020-07,NaT
MHH,2020,2020-06-26,Dividend/Distribution - MHH,dividend,,2248417,2020-06,NaT
MHH,2020,2020-01-06,Update - Dividend/Distribution - MHH,dividend,,2190961,2020-01,NaT
MHH,2021,2021-12-24,Distribution for year ended 31 December 2021,dividend,,2471522,2021-12,NaT
MHH,2021,2021-08-31,Distribution Reinvestment Plan Rules,dividend,,2415371,2021-08,NaT
MHH,2021,2021-07-07,Target Cash Distribution for the period ended 31 Dec 2021,dividend,,2392810,2021-07,NaT
MHH,2021,2021-07-02,Updated Distribution Reinvestment Plan Rules,dividend,,2391459,2021-07,NaT
MHH,2021,2021-07-02,Update - Dividend/Distribution - MHH,dividend,,2391262,2021-07,NaT
MHH,2021,2021-06-28,Dividend/Distribution - MHH,dividend,,2388773,2021-06,NaT
MHH,2021,2021-01-05,Target Cash Distribution for the period ended 30 June 2021,dividend,,2328407,2021-01,NaT
MHH,2021,2021-01-04,Update - Dividend/Distribution - MHH,dividend,,2328080,2021-01,NaT
MIR,2016,2016-08-09,Appendix 3B - Dividend Reinvestment Plan,dividend,,1765362,2016-08,NaT
MIR,2016,2016-08-01,Update - Dividend/Distribution - MIR,dividend,,1763138,2016-08,NaT
MIR,2016,2016-07-13,Dividend/Distribution - MIR,dividend,,1757007,2016-07,NaT
MIR,2016,2016-02-09,Appendix 3B - Dividend Reinvestment Plan,dividend,,1710123,2016-02,NaT
MIR,2016,2016-01-28,Update - Dividend/Distribution - MIR,dividend,,1706078,2016-01,NaT
MIR,2016,2016-01-12,Update - Dividend/Distribution - MIR,dividend,,1702654,2016-01,NaT
MIR,2016,2016-01-12,Dividend/Distribution - MIR,dividend,,1702569,2016-01,NaT
MIR,2017,2017-08-10,Appendix 3B - Dividend Reinvestment Plan,dividend,,1882544,2017-08,NaT
MIR,2017,2017-08-02,Update - Dividend/Distribution - MIR,dividend,,1880096,2017-08,NaT
MIR,2017,2017-07-12,Dividend/Distribution - MIR,dividend,,1873593,2017-07,NaT
MIR,2017,2017-02-14,Appendix 3B - Dividend Reinvestment Plan,dividend,,1828115,2017-02,NaT
MIR,2017,2017-01-31,Update - Dividend/Distribution - MIR,dividend,,1823530,2017-01,NaT
MIR,2017,2017-01-16,Dividend/Distribution - MIR,dividend,,1820044,2017-01,NaT
MIR,2018,2018-09-21,Letter to Shareholders - Replacement Dividend Information,dividend,,2025232,2018-09,NaT
MIR,2018,2018-08-13,Appendix 3B - Dividend Reinvestment Plan,dividend,,2008717,2018-08,NaT
MIR,2018,2018-08-02,Update - Dividend/Distribution - MIR,dividend,,2005736,2018-08,NaT
MIR,2018,2018-07-23,Update - Dividend/Distribution - MIR,dividend,,2001474,2018-07,NaT
MIR,2018,2018-07-11,Dividend/Distribution - MIR,dividend,,1998611,2018-07,NaT
MIR,2018,2018-02-15,Appendix 3B - Dividend Reinvestment Plan,dividend,,1950962,2018-02,NaT
MIR,2018,2018-01-30,Update - Dividend/Distribution - MIR,dividend,,1944912,2018-01,NaT
MIR,2018,2018-01-16,Dividend/Distribution - MIR,dividend,,1941538,2018-01,NaT
MIR,2019,2019-08-12,Appendix 3B - Dividend Reinvestment Plan,dividend,,2132513,2019-08,NaT
MIR,2019,2019-07-31,Update - Dividend/Distribution - MIR,dividend,,2128958,2019-07,NaT
MIR,2019,2019-07-10,Dividend/Distribution - MIR,dividend,,2122091,2019-07,NaT
MIR,2019,2019-06-28,Amendment to the Dividend Reinvestment Plan Rules,dividend,,2118299,2019-06,NaT
MIR,2019,2019-02-15,Appendix 3B - Dividend Reinvestment Plan,dividend,,2075721,2019-02,NaT
MIR,2019,2019-01-30,Update - Dividend/Distribution - MIR,dividend,,2069913,2019-01,NaT
MIR,2019,2019-01-15,Dividend/Distribution - MIR,dividend,,2066748,2019-01,NaT
MIR,2020,2020-08-06,Update - Dividend/Distribution - MIR,dividend,,2263634,2020-08,NaT
MIR,2020,2020-07-14,Dividend/Distribution - MIR,dividend,,2254728,2020-07,NaT
MIR,2020,2020-07-06,Amendment to the Dividend Reinvestment Plan Rules,dividend,,2252104,2020-07,NaT
MIR,2020,2020-07-06,Dividend Substitution Share Plan,dividend,,2252077,2020-07,NaT
MIR,2020,2020-02-14,Appendix 2A - Dividend Reinvestment Plan,dividend,,2202342,2020-02,NaT
MIR,2020,2020-01-29,Update - Dividend/Distribution - MIR,dividend,,2196423,2020-01,NaT
MIR,2020,2020-01-14,Dividend/Distribution - MIR,dividend,,2192647,2020-01,NaT
MIR,2021,2021-08-04,Update - Dividend/Distribution - MIR,dividend,,2403423,2021-08,NaT
MIR,2021,2021-07-14,Dividend/Distribution - MIRNA,dividend,,2395186,2021-07,NaT
MIR,2021,2021-07-14,Dividend/Distribution - MIR,dividend,,2395184,2021-07,NaT
MIR,2021,2021-02-01,Update - Dividend/Distribution - MIR,dividend,,2336267,2021-02,NaT
MIR,2021,2021-01-14,Dividend/Distribution - MIR,dividend,,2330614,2021-01,NaT
MIR,2022,2022-08-02,Update - Dividend/Distribution - MIR,dividend,,2549154,2022-08,NaT
MIR,2022,2022-07-13,Dividend/Distribution - MIRNB,dividend,,2541545,2022-07,NaT
MIR,2022,2022-07-13,Dividend/Distribution - MIR,dividend,,2541544,2022-07,NaT
MIR,2022,2022-02-01,Update - Dividend/Distribution - MIR,dividend,,2481837,2022-02,NaT
MIR,2022,2022-01-18,Dividend/Distribution - MIR,dividend,,2476563,2022-01,NaT
MIR,2023,2023-08-04,Update - Dividend/Distribution - MIR,dividend,,2694340,2023-08,NaT
MIR,2023,2023-07-18,Dividend/Distribution - MIR,dividend,,2687780,2023-07,NaT
MIR,2023,2023-02-01,Update - Dividend/Distribution - MIR,dividend,,2626893,2023-02,NaT
MIR,2023,2023-01-17,Dividend/Distribution - MIR,dividend,,2621729,2023-01,NaT
MIR,2024,2024-08-05,Update - Dividend/Distribution - MIR,dividend,,2836382,2024-08,NaT
MIR,2024,2024-07-18,Dividend/Distribution - MIR,dividend,,2829913,2024-07,NaT
MIR,2024,2024-01-31,Update - Dividend/Distribution - MIR,dividend,,2768510,2024-01,NaT
MIR,2024,2024-01-18,Dividend/Distribution - MIR,dividend,,2764113,2024-01,NaT
MIR,2025,2025-08-05,Update - Dividend/Distribution - MIR,dividend,,2977136,2025-08,NaT
MIR,2025,2025-07-17,Dividend/Distribution - MIR,dividend,,2970097,2025-07,NaT
MIR,2025,2025-01-31,Update - Dividend/Distribution - MIR,dividend,,2909029,2025-01,NaT
MIR,2025,2025-01-16,Dividend/Distribution - MIR,dividend,,2904927,2025-01,NaT
MIR,2026,2026-08-06,Update - Dividend/Distribution - MIR,dividend,,3122434,2026-08,NaT
MIR,2026,2026-07-16,Dividend/Distribution - MIR,dividend,,3115525,2026-07,NaT
MIR,2026,2026-02-02,Update - Dividend/Distribution - MIR,dividend,,3055500,2026-02,NaT
MIR,2026,2026-01-15,Dividend/Distribution - MIR,dividend,,3050067,2026-01,NaT
MLT,2016,2016-09-02,Appendix 3B - Dividend Reinvestment Plan,dividend,,1775322,2016-09,NaT
MLT,2016,2016-08-22,Dividend Reinvestment Plan Price,dividend,,1769472,2016-08,NaT
MLT,2016,2016-07-22,Dividend/Distribution - MLT,dividend,,1759434,2016-07,NaT
MLT,2016,2016-03-03,Appendix 3B - Dividend Reinvestment Plan,dividend,,1718931,2016-03,NaT
MLT,2016,2016-02-23,Update - Dividend/Distribution - MLT,dividend,,1714587,2016-02,NaT
MLT,2016,2016-02-23,Dividend Reinvestment Plan Price,dividend,,1714578,2016-02,NaT
MLT,2016,2016-01-21,Dividend/Distribution - MLT,dividend,,1704700,2016-01,NaT
MLT,2017,2017-09-05,Appendix 3B - Dividend Investment Plan,dividend,,1892826,2017-09,NaT
MLT,2017,2017-08-21,Update - Dividend/Distribution - MLT,dividend,,1885709,2017-08,NaT
MLT,2017,2017-08-21,Dividend Reinvestment Plan Price,dividend,,1885699,2017-08,NaT
MLT,2017,2017-07-21,Dividend/Distribution - MLT,dividend,,1875882,2017-07,NaT
MLT,2017,2017-03-02,Appendix 3B - Dividend Reinvestment Plan,dividend,,1835219,2017-03,NaT
MLT,2017,2017-02-24,Update - Dividend/Distribution - MLT,dividend,,1832200,2017-02,NaT
MLT,2017,2017-02-24,Dividend Reinvestment Plan Price,dividend,,1832196,2017-02,NaT
MLT,2017,2017-01-25,Dividend/Distribution - MLT,dividend,,1822131,2017-01,NaT
MLT,2018,2018-09-04,Appendix 3B - Dividend Reinvestment Plan,dividend,,2018666,2018-09,NaT
MLT,2018,2018-08-20,Update - Dividend/Distribution - MLT,dividend,,2011072,2018-08,NaT
MLT,2018,2018-08-20,Dividend Reinvestment Plan Price,dividend,,2011037,2018-08,NaT
MLT,2018,2018-07-20,Dividend/Distribution - MLT,dividend,,2000983,2018-07,NaT
MLT,2018,2018-03-01,Appendix 3B - Dividend Investment Plan,dividend,,1957394,2018-03,NaT
MLT,2018,2018-02-23,Update - Dividend/Distribution - MLT,dividend,,1954340,2018-02,NaT
MLT,2018,2018-02-23,Dividend Reinvestment Plan Price,dividend,,1954320,2018-02,NaT
MLT,2018,2018-01-25,Dividend/Distribution - MLT,dividend,,1943845,2018-01,NaT
MLT,2019,2019-09-03,Appendix 3B - Dividend Reinvestment Plan,dividend,,2142732,2019-09,NaT
MLT,2019,2019-08-19,Update - Dividend/Distribution - MLT,dividend,,2134853,2019-08,NaT
MLT,2019,2019-08-19,Dividend Reinvestment Plan Price,dividend,,2134848,2019-08,NaT
MLT,2019,2019-07-19,Dividend/Distribution - MLT,dividend,,2124560,2019-07,NaT
MLT,2019,2019-03-25,Dividend/Distribution - MLT,dividend,,2089406,2019-03,NaT
MLT,2019,2019-03-25,Milton announces 2.5 cents per share special dividend,dividend,,2089404,2019-03,NaT
MLT,2019,2019-03-05,Appendix 3B - Dividend Reinvestment Plan,dividend,,2083151,2019-03,NaT
MLT,2019,2019-02-22,Update - Dividend/Distribution - MLT,dividend,,2078615,2019-02,NaT
MLT,2019,2019-02-22,Dividend Reinvestment Plan Price,dividend,,2078606,2019-02,NaT
MLT,2019,2019-01-24,Dividend/Distribution - MLT,dividend,,2068784,2019-01,NaT
MLT,2020,2020-09-02,Appendix 2A - Dividend Reinvestment Plan,dividend,,2276434,2020-09,NaT
MLT,2020,2020-08-24,Update - Dividend/Distribution - MLT,dividend,,2270425,2020-08,NaT
MLT,2020,2020-08-24,Dividend Reinvestment Plan Price,dividend,,2270421,2020-08,NaT
MLT,2020,2020-07-24,Dividend/Distribution - MLT,dividend,,2258161,2020-07,NaT
MLT,2020,2020-03-05,Appendix 2A - Dividend Reinvestment Plan,dividend,,2210981,2020-03,NaT
MLT,2020,2020-02-21,Update - Dividend/Distribution - MLT,dividend,,2205063,2020-02,NaT
MLT,2020,2020-02-21,Dividend Reinvestment Plan Price,dividend,,2205054,2020-02,NaT
MLT,2020,2020-01-23,Dividend/Distribution - MLT,dividend,,2194902,2020-01,NaT
MLT,2021,2021-09-16,Dividend/Distribution - MLT,dividend,,2422050,2021-09,NaT
MLT,2021,2021-09-16,Milton Announces Special Dividend of 37 Cents,dividend,,2422049,2021-09,NaT
MLT,2021,2021-07-23,Dividend/Distribution - MLT,dividend,,2398312,2021-07,NaT
MLT,2021,2021-03-04,Appendix 2A - Dividend Reinvestment Plan,dividend,,2349791,2021-03,NaT
MLT,2021,2021-02-19,Update - Dividend/Distribution - MLT,dividend,,2343495,2021-02,NaT
MLT,2021,2021-02-19,Dividend Reinvestment Plan Price,dividend,,2343486,2021-02,NaT
MLT,2021,2021-01-21,Dividend/Distribution - MLT,dividend,,2332463,2021-01,NaT
MOT,2019,2019-12-20,Update - Dividend/Distribution - MOT,dividend,,2188100,2019-12,NaT
MOT,2019,2019-12-20,Dividend/Distribution - MOT,dividend,,2188095,2019-12,NaT
MOT,2019,2019-11-22,Dividend/Distribution - MOT,dividend,,2176484,2019-11,NaT
MOT,2019,2019-10-24,Dividend/Distribution - MOT,dividend,,2163268,2019-10,NaT
MOT,2019,2019-10-04,Change in Distribution Policy,dividend,,2155904,2019-10,NaT
MOT,2019,2019-09-23,Dividend/Distribution - MOT,dividend,,2149889,2019-09,NaT
MOT,2019,2019-07-01,Update - Dividend/Distribution - MOT,dividend,,2119319,2019-07,NaT
MOT,2019,2019-06-25,Dividend/Distribution - MOT,dividend,,2117271,2019-06,NaT
MOT,2019,2019-05-14,Dividend Reinvestment Plan,dividend,,2105493,2019-05,NaT
MOT,2019,2019-04-26,Distribution Schedule,dividend,,2098998,2019-04,NaT
MOT,2020,2020-12-23,Dividend/Distribution - MOT,dividend,,2326340,2020-12,NaT
MOT,2020,2020-12-08,Update - Dividend/Distribution - MOT,dividend,,2319777,2020-12,NaT
MOT,2020,2020-11-24,Dividend/Distribution - MOT,dividend,,2312731,2020-11,NaT
MOT,2020,2020-11-09,Update - Dividend/Distribution - MOT,dividend,,2306397,2020-11,NaT
MOT,2020,2020-10-27,Dividend/Distribution - MOT,dividend,,2299941,2020-10,NaT
MOT,2020,2020-10-09,Update - Dividend/Distribution - MOT,dividend,,2292059,2020-10,NaT
MOT,2020,2020-09-25,Dividend/Distribution - MOT,dividend,,2285603,2020-09,NaT
MOT,2020,2020-09-08,Update - Dividend/Distribution - MOT,dividend,,2278495,2020-09,NaT
MOT,2020,2020-08-26,Dividend/Distribution - MOT,dividend,,2272114,2020-08,NaT
MOT,2020,2020-08-10,Update - Dividend/Distribution - MOT,dividend,,2264959,2020-08,NaT
MOT,2020,2020-07-28,Dividend/Distribution - MOT,dividend,,2259367,2020-07,NaT
MOT,2020,2020-07-02,Update - Dividend/Distribution - MOT,dividend,,2250921,2020-07,NaT
MOT,2020,2020-06-25,Dividend/Distribution - MOT,dividend,,2248025,2020-06,NaT
MOT,2020,2020-06-09,Update - Dividend/Distribution - MOT,dividend,,2242858,2020-06,NaT
MOT,2020,2020-05-26,Dividend/Distribution - MOT,dividend,,2238592,2020-05,NaT
MOT,2020,2020-05-08,Update - Dividend/Distribution - MOT,dividend,,2233630,2020-05,NaT
MOT,2020,2020-04-24,Dividend/Distribution - MOT,dividend,,2228186,2020-04,NaT
MOT,2020,2020-04-08,Update - Dividend/Distribution - MOT,dividend,,2223762,2020-04,NaT
MOT,2020,2020-03-24,Dividend/Distribution - MOT,dividend,,2217825,2020-03,NaT
MOT,2020,2020-03-09,Update - Dividend/Distribution - MOT,dividend,,2211958,2020-03,NaT
MOT,2020,2020-02-25,Dividend/Distribution - MOT,dividend,,2206497,2020-02,NaT
MOT,2020,2020-02-07,Update - Dividend/Distribution - MOT,dividend,,2200363,2020-02,NaT
MOT,2020,2020-01-24,Dividend/Distribution - MOT,dividend,,2195485,2020-01,NaT
MOT,2021,2021-12-23,Dividend/Distribution - MOT,dividend,,2471050,2021-12,NaT
MOT,2021,2021-12-07,Update - Dividend/Distribution - MOT,dividend,,2463611,2021-12,NaT
MOT,2021,2021-11-24,Dividend/Distribution - MOT,dividend,,2456804,2021-11,NaT
MOT,2021,2021-11-05,Update - Dividend/Distribution - MOT,dividend,,2448036,2021-11,NaT
MOT,2021,2021-10-26,Dividend/Distribution - MOT,dividend,,2441389,2021-10,NaT
MOT,2021,2021-10-07,Update - Dividend/Distribution - MOT,dividend,,2432544,2021-10,NaT
MOT,2021,2021-09-24,Dividend/Distribution - MOT,dividend,,2426195,2021-09,NaT
MOT,2021,2021-09-07,Update - Dividend/Distribution - MOT,dividend,,2418706,2021-09,NaT
MOT,2021,2021-08-25,Dividend/Distribution - MOT,dividend,,2411873,2021-08,NaT
MOT,2021,2021-07-27,Dividend/Distribution - MOT,dividend,,2399529,2021-07,NaT
MOT,2021,2021-07-02,Update - Dividend/Distribution - MOT,dividend,,2391556,2021-07,NaT
MOT,2021,2021-06-25,Dividend/Distribution - MOT,dividend,,2388120,2021-06,NaT
MOT,2021,2021-06-08,Update - Dividend/Distribution - MOT,dividend,,2382783,2021-06,NaT
MOT,2021,2021-05-25,Dividend/Distribution - MOT,dividend,,2377978,2021-05,NaT
MOT,2021,2021-05-10,Update - Dividend/Distribution - MOT,dividend,,2373141,2021-05,NaT
MOT,2021,2021-04-27,Dividend/Distribution - MOT,dividend,,2367514,2021-04,NaT
MOT,2021,2021-04-12,Update - Dividend/Distribution - MOT,dividend,,2362587,2021-04,NaT
MOT,2021,2021-03-23,Dividend/Distribution - MOT,dividend,,2356613,2021-03,NaT
MOT,2021,2021-02-23,Dividend/Distribution - MOT,dividend,,2344844,2021-02,NaT
MOT,2021,2021-02-08,Update - Dividend/Distribution - MOT,dividend,,2338931,2021-02,NaT
MOT,2021,2021-01-25,Dividend/Distribution - MOT,dividend,,2333364,2021-01,NaT
MOT,2021,2021-01-08,Update - Dividend/Distribution - MOT,dividend,,2329284,2021-01,NaT
MOT,2022,2022-12-22,Dividend/Distribution - MOT,dividend,,2615932,2022-12,NaT
MOT,2022,2022-12-07,Update - Dividend/Distribution - MOT,dividend,,2609510,2022-12,NaT
MOT,2022,2022-11-23,Dividend/Distribution - MOT,dividend,,2602025,2022-11,NaT
MOT,2022,2022-11-07,Update - Dividend/Distribution - MOT,dividend,,2594702,2022-11,NaT
MOT,2022,2022-10-25,Dividend/Distribution - MOT,dividend,,2587639,2022-10,NaT
MOT,2022,2022-10-10,Update - Dividend/Distribution - MOT,dividend,,2580119,2022-10,NaT
MOT,2022,2022-09-26,Dividend/Distribution - MOT,dividend,,2572558,2022-09,NaT
MOT,2022,2022-09-07,Update - Dividend/Distribution - MOT,dividend,,2565345,2022-09,NaT
MOT,2022,2022-08-24,Dividend/Distribution - MOT,dividend,,2557466,2022-08,NaT
MOT,2022,2022-08-05,Update - Dividend/Distribution - MOT,dividend,,2550420,2022-08,NaT
MOT,2022,2022-07-25,Dividend/Distribution - MOT,dividend,,2545047,2022-07,NaT
MOT,2022,2022-07-05,Update - Dividend/Distribution - MOT,dividend,,2538713,2022-07,NaT
MOT,2022,2022-06-24,Dividend/Distribution - MOT,dividend,,2534984,2022-06,NaT
MOT,2022,2022-06-07,Update - Dividend/Distribution - MOT,dividend,,2529611,2022-06,NaT
MOT,2022,2022-05-25,Dividend/Distribution - MOT,dividend,,2524876,2022-05,NaT
MOT,2022,2022-05-06,Update - Dividend/Distribution - MOT,dividend,,2519264,2022-05,NaT
MOT,2022,2022-04-22,Dividend/Distribution - MOT,dividend,,2512858,2022-04,NaT
MOT,2022,2022-04-11,Update - Dividend/Distribution - MOT,dividend,,2509266,2022-04,NaT
MOT,2022,2022-04-08,Update - Dividend/Distribution - MOT,dividend,,2508652,2022-04,NaT
MOT,2022,2022-03-28,Dividend/Distribution - MOT,dividend,,2503452,2022-03,NaT
MOT,2022,2022-03-07,Update - Dividend/Distribution - MOT,dividend,,2496204,2022-03,NaT
MOT,2022,2022-02-23,Dividend/Distribution - MOT,dividend,,2490315,2022-02,NaT
MOT,2022,2022-02-07,Update - Dividend/Distribution - MOT,dividend,,2483894,2022-02,NaT
MOT,2022,2022-01-27,Update - Dividend/Distribution - MOT,dividend,,2479296,2022-01,NaT
MOT,2022,2022-01-24,Dividend/Distribution - MOT,dividend,,2478338,2022-01,NaT
MOT,2022,2022-01-10,Update - Dividend/Distribution - MOT,dividend,,2474263,2022-01,NaT
MOT,2023,2023-12-20,Dividend/Distribution - MOT,dividend,,2756823,2023-12,NaT
MOT,2023,2023-12-07,Update - Dividend/Distribution - MOT,dividend,,2751694,2023-12,NaT
MOT,2023,2023-11-24,Dividend/Distribution - MOT,dividend,,2745194,2023-11,NaT
MOT,2023,2023-11-07,Update - Dividend/Distribution - MOT,dividend,,2737028,2023-11,NaT
MOT,2023,2023-10-24,Dividend/Distribution - MOT,dividend,,2729549,2023-10,NaT
MOT,2023,2023-10-05,Update - Dividend/Distribution - MOT,dividend,,2721716,2023-10,NaT
MOT,2023,2023-09-25,Dividend/Distribution - MOT,dividend,,2716145,2023-09,NaT
MOT,2023,2023-09-07,Update - Dividend/Distribution - MOT,dividend,,2709231,2023-09,NaT
MOT,2023,2023-08-25,Dividend/Distribution - MOT,dividend,,2702666,2023-08,NaT
MOT,2023,2023-08-07,Update - Dividend/Distribution - MOT,dividend,,2694994,2023-08,NaT
MOT,2023,2023-07-25,Dividend/Distribution - MOT,dividend,,2689958,2023-07,NaT
MOT,2023,2023-07-07,Update - Dividend/Distribution - MOT,dividend,,2684616,2023-07,NaT
MOT,2023,2023-06-23,Dividend/Distribution - MOT,dividend,,2679127,2023-06,NaT
MOT,2023,2023-06-07,Update - Dividend/Distribution - MOT,dividend,,2673973,2023-06,NaT
MOT,2023,2023-05-24,Dividend/Distribution - MOT,dividend,,2669239,2023-05,NaT
MOT,2023,2023-05-05,Update - Dividend/Distribution - MOT,dividend,,2662970,2023-05,NaT
MOT,2023,2023-04-21,Dividend/Distribution - MOT,dividend,,2656819,2023-04,NaT
MOT,2023,2023-04-11,Update - Dividend/Distribution - MOT,dividend,,2652924,2023-04,NaT
MOT,2023,2023-03-24,Dividend/Distribution - MOT,dividend,,2647432,2023-03,NaT
MOT,2023,2023-03-07,Update - Dividend/Distribution - MOT,dividend,,2640496,2023-03,NaT
MOT,2023,2023-02-22,Dividend/Distribution - MOT,dividend,,2634567,2023-02,NaT
MOT,2023,2023-02-07,Update - Dividend/Distribution - MOT,dividend,,2628855,2023-02,NaT
MOT,2023,2023-01-25,Dividend/Distribution - MOT,dividend,,2624019,2023-01,NaT
MOT,2023,2023-01-09,Update - Dividend/Distribution - MOT,dividend,,2619514,2023-01,NaT
MOT,2024,2024-12-23,Dividend/Distribution - MOT,dividend,,2899480,2024-12,NaT
MOT,2024,2024-12-05,Update - Dividend/Distribution - MOT,dividend,,2892133,2024-12,NaT
MOT,2024,2024-11-25,Dividend/Distribution - MOT,dividend,,2886503,2024-11,NaT
MOT,2024,2024-11-05,Update - Dividend/Distribution - MOT,dividend,,2878188,2024-11,NaT
MOT,2024,2024-10-25,Dividend/Distribution - MOT,dividend,,2872786,2024-10,NaT
MOT,2024,2024-10-04,Update - Dividend/Distribution - MOT,dividend,,2863578,2024-10,NaT
MOT,2024,2024-09-27,Update - Dividend/Distribution - MOT,dividend,,2859747,2024-09,NaT
MOT,2024,2024-09-24,Dividend/Distribution - MOT,dividend,,2857485,2024-09,NaT
MOT,2024,2024-09-05,Update - Dividend/Distribution - MOT,dividend,,2850127,2024-09,NaT
MOT,2024,2024-08-26,Dividend/Distribution - MOT,dividend,,2844153,2024-08,NaT
MOT,2024,2024-08-06,Update - Dividend/Distribution - MOT,dividend,,2836791,2024-08,NaT
MOT,2024,2024-07-30,Update - Dividend/Distribution - MOT,dividend,,2833903,2024-07,NaT
MOT,2024,2024-07-25,Dividend/Distribution - MOT,dividend,,2832059,2024-07,NaT
MOT,2024,2024-07-05,Update - Dividend/Distribution - MOT,dividend,,2825967,2024-07,NaT
MOT,2024,2024-06-24,Dividend/Distribution - MOT,dividend,,2820966,2024-06,NaT
MOT,2024,2024-06-06,Update - Dividend/Distribution - MOT,dividend,,2815568,2024-06,NaT
MOT,2024,2024-05-29,Update - Dividend/Distribution - MOT,dividend,,2812590,2024-05,NaT
MOT,2024,2024-05-24,Dividend/Distribution - MOT,dividend,,2810951,2024-05,NaT
MOT,2024,2024-05-06,Update - Dividend/Distribution - MOT,dividend,,2804363,2024-05,NaT
MOT,2024,2024-04-24,Update - Dividend/Distribution - MOT,dividend,,2799496,2024-04,NaT
MOT,2024,2024-04-23,Dividend/Distribution - MOT,dividend,,2799025,2024-04,NaT
MOT,2024,2024-04-08,Update - Dividend/Distribution - MOT,dividend,,2793533,2024-04,NaT
MOT,2024,2024-03-26,Dividend/Distribution - MOT,dividend,,2789477,2024-03,NaT
MOT,2024,2024-03-06,Update - Dividend/Distribution - MOT,dividend,,2782287,2024-03,NaT
MOT,2024,2024-02-22,Dividend/Distribution - MOT,dividend,,2776517,2024-02,NaT
MOT,2024,2024-02-05,Update - Dividend/Distribution - MOT,dividend,,2769832,2024-02,NaT
MOT,2024,2024-01-25,Dividend/Distribution - MOT,dividend,,2766069,2024-01,NaT
MOT,2024,2024-01-05,Update - Dividend/Distribution - MOT,dividend,,2760736,2024-01,NaT
MOT,2025,2025-12-23,Dividend/Distribution - MOT,dividend,,3044622,2025-12,NaT
MOT,2025,2025-12-04,Update - Dividend/Distribution - MOT,dividend,,3037075,2025-12,NaT
MOT,2025,2025-11-24,Dividend/Distribution - MOT,dividend,,3031020,2025-11,NaT
MOT,2025,2025-11-06,Update - Dividend/Distribution - MOT,dividend,,3021910,2025-11,NaT
MOT,2025,2025-10-27,Dividend/Distribution - MOT,dividend,,3015826,2025-10,NaT
MOT,2025,2025-10-06,Update - Dividend/Distribution - MOT,dividend,,3005802,2025-10,NaT
MOT,2025,2025-09-24,Dividend/Distribution - MOT,dividend,,2999495,2025-09,NaT
MOT,2025,2025-09-04,Update - Dividend/Distribution - MOT,dividend,,2991208,2025-09,NaT
MOT,2025,2025-08-25,Dividend/Distribution - MOT,dividend,,2984880,2025-08,NaT
MOT,2025,2025-08-06,Update - Dividend/Distribution - MOT,dividend,,2977458,2025-08,NaT
MOT,2025,2025-07-25,Dividend/Distribution - MOT,dividend,,2972734,2025-07,NaT
MOT,2025,2025-07-04,Update - Dividend/Distribution - MOT,dividend,,2966166,2025-07,NaT
MOT,2025,2025-06-24,Dividend/Distribution - MOT,dividend,,2961545,2025-06,NaT
MOT,2025,2025-06-05,Update - Dividend/Distribution - MOT,dividend,,2955747,2025-06,NaT
MOT,2025,2025-05-26,Dividend/Distribution - MOT,dividend,,2952068,2025-05,NaT
MOT,2025,2025-05-06,Update - Dividend/Distribution - MOT,dividend,,2945497,2025-05,NaT
MOT,2025,2025-04-23,Dividend/Distribution - MOT,dividend,,2940335,2025-04,NaT
MOT,2025,2025-04-04,Update - Dividend/Distribution - MOT,dividend,,2934431,2025-04,NaT
MOT,2025,2025-03-25,Dividend/Distribution - MOT,dividend,,2930120,2025-03,NaT
MOT,2025,2025-03-06,Update - Dividend/Distribution - MOT,dividend,,2923197,2025-03,NaT
MOT,2025,2025-02-24,Dividend/Distribution - MOT,dividend,,2917996,2025-02,NaT
MOT,2025,2025-02-06,Update - Dividend/Distribution - MOT,dividend,,2911530,2025-02,NaT
MOT,2025,2025-01-24,Update - Dividend/Distribution - MOT,dividend,,2907203,2025-01,NaT
MOT,2025,2025-01-24,Dividend/Distribution - MOT,dividend,,2907143,2025-01,NaT
MOT,2025,2025-01-07,Update - Dividend/Distribution - MOT,dividend,,2902314,2025-01,NaT
MOT,2026,2026-08-25,Dividend/Distribution - MOT,dividend,,3129703,2026-08,NaT
MOT,2026,2026-08-06,Update - Dividend/Distribution - MOT,dividend,,3122579,2026-08,NaT
MOT,2026,2026-07-27,Dividend/Distribution - MOT,dividend,,3118543,2026-07,NaT
MOT,2026,2026-07-06,Update - Dividend/Distribution - MOT,dividend,,3112184,2026-07,NaT
MOT,2026,2026-06-24,Dividend/Distribution - MOT,dividend,,3107254,2026-06,NaT
MOT,2026,2026-06-04,Update - Dividend/Distribution - MOT,dividend,,3101091,2026-06,NaT
MOT,2026,2026-05-25,Dividend/Distribution - MOT,dividend,,3097215,2026-05,NaT
MOT,2026,2026-05-06,Update - Dividend/Distribution - MOT,dividend,,3091055,2026-05,NaT
MOT,2026,2026-04-23,Dividend/Distribution - MOT,dividend,,3085693,2026-04,NaT
MOT,2026,2026-04-08,Correction to Appendix 3A - Distribution Payment Date,dividend,,3080500,2026-04,NaT
MOT,2026,2026-04-07,Update - Dividend/Distribution - MOT,dividend,,3079830,2026-04,NaT
MOT,2026,2026-03-25,Dividend/Distribution - MOT,dividend,,3075740,2026-03,NaT
MOT,2026,2026-03-05,Update - Dividend/Distribution - MOT,dividend,,3068754,2026-03,NaT
MOT,2026,2026-02-23,Dividend/Distribution - MOT,dividend,,3063439,2026-02,NaT
MOT,2026,2026-02-05,Update - Dividend/Distribution - MOT,dividend,,3057117,2026-02,NaT
MOT,2026,2026-01-27,Dividend/Distribution - MOT,dividend,,3052953,2026-01,NaT
MOT,2026,2026-01-07,Update - Dividend/Distribution - MOT,dividend,,3047832,2026-01,NaT
MRE,2024,2024-12-23,Dividend/Distribution - MRE,dividend,,2899488,2024-12,NaT
MRE,2024,2024-12-05,Update - Dividend/Distribution - MRE,dividend,,2892132,2024-12,NaT
MRE,2024,2024-11-25,Dividend/Distribution - MRE,dividend,,2886541,2024-11,NaT
MRE,2024,2024-10-31,Distribution Announcement update,dividend,,2876638,2024-10,NaT
MRE,2024,2024-10-28,3A - Estimated Distribution Announcement update,dividend,,2873637,2024-10,NaT
MRE,2024,2024-10-28,Cancel - Dividend/Distribution - MRE,dividend,,2873465,2024-10,NaT
MRE,2024,2024-10-25,Dividend/Distribution - MRE,dividend,,2872785,2024-10,NaT
MRE,2024,2024-10-14,Distribution Schedule,dividend,,2867222,2024-10,NaT
MRE,2025,2025-12-23,Dividend/Distribution - MRE,dividend,,3044623,2025-12,NaT
MRE,2025,2025-12-04,Update - Dividend/Distribution - MRE,dividend,,3037074,2025-12,NaT
MRE,2025,2025-11-24,Dividend/Distribution - MRE,dividend,,3031019,2025-11,NaT
MRE,2025,2025-11-06,Update - Dividend/Distribution - MRE,dividend,,3021907,2025-11,NaT
MRE,2025,2025-10-27,Dividend/Distribution - MRE,dividend,,3015829,2025-10,NaT
MRE,2025,2025-10-06,Update - Dividend/Distribution - MRE,dividend,,3005803,2025-10,NaT
MRE,2025,2025-09-24,Dividend/Distribution - MRE,dividend,,2999496,2025-09,NaT
MRE,2025,2025-09-04,Update - Dividend/Distribution - MRE,dividend,,2991209,2025-09,NaT
MRE,2025,2025-08-25,Dividend/Distribution - MRE,dividend,,2984892,2025-08,NaT
MRE,2025,2025-08-06,Update - Dividend/Distribution - MRE,dividend,,2977465,2025-08,NaT
MRE,2025,2025-07-25,Dividend/Distribution - MRE,dividend,,2972735,2025-07,NaT
MRE,2025,2025-07-04,Update - Dividend/Distribution - MRE,dividend,,2966160,2025-07,NaT
MRE,2025,2025-06-24,Dividend/Distribution - MRE,dividend,,2961546,2025-06,NaT
MRE,2025,2025-06-05,Update - Dividend/Distribution - MRE,dividend,,2955748,2025-06,NaT
MRE,2025,2025-05-26,Dividend/Distribution - MRE,dividend,,2952077,2025-05,NaT
MRE,2025,2025-05-06,Update - Dividend/Distribution - MRE,dividend,,2945498,2025-05,NaT
MRE,2025,2025-04-23,Dividend/Distribution - MRE,dividend,,2940336,2025-04,NaT
MRE,2025,2025-04-04,Update - Dividend/Distribution - MRE,dividend,,2934429,2025-04,NaT
MRE,2025,2025-03-25,Dividend/Distribution - MRE,dividend,,2930118,2025-03,NaT
MRE,2025,2025-03-06,Update - Dividend/Distribution - MRE,dividend,,2923199,2025-03,NaT
MRE,2025,2025-02-24,Dividend/Distribution - MRE,dividend,,2917992,2025-02,NaT
MRE,2025,2025-02-06,Update - Dividend/Distribution - MRE,dividend,,2911556,2025-02,NaT
MRE,2025,2025-01-24,Dividend/Distribution - MRE,dividend,,2907142,2025-01,NaT
MRE,2025,2025-01-07,Update - Dividend/Distribution - MRE,dividend,,2902310,2025-01,NaT
MRE,2026,2026-08-25,Dividend/Distribution - MRE,dividend,,3129702,2026-08,NaT
MRE,2026,2026-08-06,Update - Dividend/Distribution - MRE,dividend,,3122581,2026-08,NaT
MRE,2026,2026-07-27,Dividend/Distribution - MRE,dividend,,3118540,2026-07,NaT
MRE,2026,2026-07-06,Update - Dividend/Distribution - MRE,dividend,,3112198,2026-07,NaT
MRE,2026,2026-06-24,Dividend/Distribution - MRE,dividend,,3107255,2026-06,NaT
MRE,2026,2026-06-04,Update - Dividend/Distribution - MRE,dividend,,3101087,2026-06,NaT
MRE,2026,2026-05-25,Dividend/Distribution - MRE,dividend,,3097212,2026-05,NaT
MRE,2026,2026-05-06,Update - Dividend/Distribution - MRE,dividend,,3091051,2026-05,NaT
MRE,2026,2026-04-23,Dividend/Distribution - MRE,dividend,,3085689,2026-04,NaT
MRE,2026,2026-04-08,Correction to Appendix 3A - Distribution Payment Date,dividend,,3080524,2026-04,NaT
MRE,2026,2026-04-07,Update - Dividend/Distribution - MRE,dividend,,3079828,2026-04,NaT
MRE,2026,2026-03-25,Dividend/Distribution - MRE,dividend,,3075742,2026-03,NaT
MRE,2026,2026-03-05,Update - Dividend/Distribution - MRE,dividend,,3068748,2026-03,NaT
MRE,2026,2026-02-23,Dividend/Distribution - MRE,dividend,,3063436,2026-02,NaT
MRE,2026,2026-02-05,Update - Dividend/Distribution - MRE,dividend,,3057116,2026-02,NaT
MRE,2026,2026-01-27,Dividend/Distribution - MRE,dividend,,3052954,2026-01,NaT
MRE,2026,2026-01-07,Update - Dividend/Distribution - MRE,dividend,,3047827,2026-01,NaT
MXT,2017,2017-12-22,Dividend/Distribution - MXT,dividend,,1937378,2017-12,NaT
MXT,2017,2017-12-21,Distribution Details,dividend,,1936214,2017-12,NaT
MXT,2017,2017-10-06,Distribution Schedule,dividend,,1905307,2017-10,NaT
MXT,2018,2018-12-21,Dividend/Distribution - MXT,dividend,,2062547,2018-12,NaT
MXT,2018,2018-11-27,Dividend/Distribution - MXT,dividend,,2052817,2018-11,NaT
MXT,2018,2018-10-26,Dividend/Distribution - MXT,dividend,,2039477,2018-10,NaT
MXT,2018,2018-09-25,Dividend/Distribution - MXT,dividend,,2026226,2018-09,NaT
MXT,2018,2018-08-27,Dividend/Distribution - MXT,dividend,,2014393,2018-08,NaT
MXT,2018,2018-07-25,Dividend/Distribution - MXT,dividend,,2002332,2018-07,NaT
MXT,2018,2018-07-02,Update - Dividend/Distribution - MXT,dividend,,1995904,2018-07,NaT
MXT,2018,2018-06-26,Update - Dividend/Distribution - MXT,dividend,,1993989,2018-06,NaT
MXT,2018,2018-06-26,Dividend/Distribution - MXT,dividend,,1993919,2018-06,NaT
MXT,2018,2018-05-25,Dividend/Distribution - MXT,dividend,,1984979,2018-05,NaT
MXT,2018,2018-04-24,Dividend/Distribution - MXT,dividend,,1974060,2018-04,NaT
MXT,2018,2018-03-23,Dividend/Distribution - MXT,dividend,,1965029,2018-03,NaT
MXT,2018,2018-03-08,Update - Dividend/Distribution - MXT,dividend,,1959790,2018-03,NaT
MXT,2018,2018-03-06,Update - Dividend/Distribution - MXT,dividend,,1958980,2018-03,NaT
MXT,2018,2018-02-23,Dividend/Distribution - MXT,dividend,,1954619,2018-02,NaT
MXT,2018,2018-02-13,Distribution Reinvestment Plan,dividend,,1950163,2018-02,NaT
MXT,2018,2018-02-02,Update - Dividend/Distribution - MXT,dividend,,1947137,2018-02,NaT
MXT,2018,2018-01-30,Update - Dividend/Distribution - MXT,dividend,,1945091,2018-01,NaT
MXT,2018,2018-01-25,Dividend/Distribution - MXT,dividend,,1944051,2018-01,NaT
MXT,2019,2019-12-20,Dividend/Distribution - MXT,dividend,,2188127,2019-12,NaT
MXT,2019,2019-11-22,Dividend/Distribution - MXT,dividend,,2176499,2019-11,NaT
MXT,2019,2019-10-21,Dividend/Distribution - MXT,dividend,,2161715,2019-10,NaT
MXT,2019,2019-09-23,Dividend/Distribution - MXT,dividend,,2149913,2019-09,NaT
MXT,2019,2019-08-23,Dividend/Distribution - MXT,dividend,,2137675,2019-08,NaT
MXT,2019,2019-07-24,Dividend/Distribution - MXT,dividend,,2125966,2019-07,NaT
MXT,2019,2019-07-01,Update - Dividend/Distribution - MXT,dividend,,2119329,2019-07,NaT
MXT,2019,2019-06-25,Dividend/Distribution - MXT,dividend,,2117168,2019-06,NaT
MXT,2019,2019-05-31,Update - Dividend/Distribution - MXT,dividend,,2110538,2019-05,NaT
MXT,2019,2019-05-28,Dividend/Distribution - MXT,dividend,,2109387,2019-05,NaT
MXT,2019,2019-04-23,Dividend/Distribution - MXT,dividend,,2098247,2019-04,NaT
MXT,2019,2019-04-17,MXT - Change to Monthly Distribution Statements,dividend,,2097240,2019-04,NaT
MXT,2019,2019-03-25,Dividend/Distribution - MXT,dividend,,2089557,2019-03,NaT
MXT,2019,2019-02-25,Dividend/Distribution - MXT,dividend,,2079305,2019-02,NaT
MXT,2019,2019-01-23,Dividend/Distribution - MXT,dividend,,2068635,2019-01,NaT
MXT,2020,2020-12-23,Dividend/Distribution - MXT,dividend,,2326317,2020-12,NaT
MXT,2020,2020-12-08,Update - Dividend/Distribution - MXT,dividend,,2319772,2020-12,NaT
MXT,2020,2020-11-24,Dividend/Distribution - MXT,dividend,,2312713,2020-11,NaT
MXT,2020,2020-11-09,Update - Dividend/Distribution - MXT,dividend,,2306392,2020-11,NaT
MXT,2020,2020-10-27,Dividend/Distribution - MXT,dividend,,2299947,2020-10,NaT
MXT,2020,2020-10-09,Update - Dividend/Distribution - MXT,dividend,,2292057,2020-10,NaT
MXT,2020,2020-09-25,Dividend/Distribution - MXT,dividend,,2285599,2020-09,NaT
MXT,2020,2020-09-08,Update - Dividend/Distribution - MXT,dividend,,2278493,2020-09,NaT
MXT,2020,2020-08-26,Dividend/Distribution - MXT,dividend,,2272110,2020-08,NaT
MXT,2020,2020-08-10,Update - Dividend/Distribution - MXT,dividend,,2264951,2020-08,NaT
MXT,2020,2020-07-28,Dividend/Distribution - MXT,dividend,,2259373,2020-07,NaT
MXT,2020,2020-07-02,Update - Dividend/Distribution - MXT,dividend,,2250917,2020-07,NaT
MXT,2020,2020-06-25,Dividend/Distribution - MXT,dividend,,2248022,2020-06,NaT
MXT,2020,2020-06-09,Update - Dividend/Distribution - MXT,dividend,,2242857,2020-06,NaT
MXT,2020,2020-05-26,Dividend/Distribution - MXT,dividend,,2238591,2020-05,NaT
MXT,2020,2020-05-08,Update - Dividend/Distribution - MXT,dividend,,2233626,2020-05,NaT
MXT,2020,2020-04-24,Dividend/Distribution - MXT,dividend,,2228177,2020-04,NaT
MXT,2020,2020-04-08,Update - Dividend/Distribution - MXT,dividend,,2223763,2020-04,NaT
MXT,2020,2020-03-24,Dividend/Distribution - MXT,dividend,,2217793,2020-03,NaT
MXT,2020,2020-03-09,Update - Dividend/Distribution - MXT,dividend,,2211954,2020-03,NaT
MXT,2020,2020-02-25,Dividend/Distribution - MXT,dividend,,2206498,2020-02,NaT
MXT,2020,2020-02-07,Update - Dividend/Distribution - MXT,dividend,,2200370,2020-02,NaT
MXT,2020,2020-01-24,Dividend/Distribution - MXT,dividend,,2195484,2020-01,NaT
MXT,2021,2021-12-23,Dividend/Distribution - MXT,dividend,,2471037,2021-12,NaT
MXT,2021,2021-12-07,Update - Dividend/Distribution - MXT,dividend,,2463610,2021-12,NaT
MXT,2021,2021-11-24,Dividend/Distribution - MXT,dividend,,2456799,2021-11,NaT
MXT,2021,2021-11-05,Update - Dividend/Distribution - MXT,dividend,,2448033,2021-11,NaT
MXT,2021,2021-10-26,Dividend/Distribution - MXT,dividend,,2441383,2021-10,NaT
MXT,2021,2021-10-07,Update - Dividend/Distribution - MXT,dividend,,2432542,2021-10,NaT
MXT,2021,2021-09-24,Dividend/Distribution - MXT,dividend,,2426190,2021-09,NaT
MXT,2021,2021-09-07,Update - Dividend/Distribution - MXT,dividend,,2418701,2021-09,NaT
MXT,2021,2021-08-25,Dividend/Distribution - MXT,dividend,,2411870,2021-08,NaT
MXT,2021,2021-07-27,Dividend/Distribution - MXT,dividend,,2399528,2021-07,NaT
MXT,2021,2021-07-02,Update - Dividend/Distribution - MXT,dividend,,2391546,2021-07,NaT
MXT,2021,2021-06-25,Dividend/Distribution - MXT,dividend,,2388113,2021-06,NaT
MXT,2021,2021-06-08,Update - Dividend/Distribution - MXT,dividend,,2382782,2021-06,NaT
MXT,2021,2021-05-25,Dividend/Distribution - MXT,dividend,,2377963,2021-05,NaT
MXT,2021,2021-05-10,Update - Dividend/Distribution - MXT,dividend,,2373139,2021-05,NaT
MXT,2021,2021-04-27,Dividend/Distribution - MXT,dividend,,2367510,2021-04,NaT
MXT,2021,2021-04-12,Update - Dividend/Distribution - MXT,dividend,,2362584,2021-04,NaT
MXT,2021,2021-03-23,Dividend/Distribution - MXT,dividend,,2356611,2021-03,NaT
MXT,2021,2021-02-23,Dividend/Distribution - MXT,dividend,,2344841,2021-02,NaT
MXT,2021,2021-02-08,Update - Dividend/Distribution - MXT,dividend,,2338930,2021-02,NaT
MXT,2021,2021-01-25,Dividend/Distribution - MXT,dividend,,2333361,2021-01,NaT
MXT,2021,2021-01-08,Update - Dividend/Distribution - MXT,dividend,,2329277,2021-01,NaT
MXT,2022,2022-12-22,Dividend/Distribution - MXT,dividend,,2615922,2022-12,NaT
MXT,2022,2022-12-07,Update - Dividend/Distribution - MXT,dividend,,2609509,2022-12,NaT
MXT,2022,2022-11-23,Dividend/Distribution - MXT,dividend,,2602019,2022-11,NaT
MXT,2022,2022-11-07,Update - Dividend/Distribution - MXT,dividend,,2594700,2022-11,NaT
MXT,2022,2022-10-25,Dividend/Distribution - MXT,dividend,,2587637,2022-10,NaT
MXT,2022,2022-10-10,Update - Dividend/Distribution - MXT,dividend,,2580120,2022-10,NaT
MXT,2022,2022-09-26,Dividend/Distribution - MXT,dividend,,2572556,2022-09,NaT
MXT,2022,2022-09-07,Update - Dividend/Distribution - MXT,dividend,,2565346,2022-09,NaT
MXT,2022,2022-08-24,Dividend/Distribution - MXT,dividend,,2557465,2022-08,NaT
MXT,2022,2022-08-05,Update - Dividend/Distribution - MXT,dividend,,2550419,2022-08,NaT
MXT,2022,2022-07-25,Dividend/Distribution - MXT,dividend,,2545046,2022-07,NaT
MXT,2022,2022-07-05,Update - Dividend/Distribution - MXT,dividend,,2538867,2022-07,NaT
MXT,2022,2022-06-24,Dividend/Distribution - MXT,dividend,,2534983,2022-06,NaT
MXT,2022,2022-06-07,Update - Dividend/Distribution - MXT,dividend,,2529609,2022-06,NaT
MXT,2022,2022-05-25,Dividend/Distribution - MXT,dividend,,2524875,2022-05,NaT
MXT,2022,2022-05-06,Update - Dividend/Distribution - MXT,dividend,,2519258,2022-05,NaT
MXT,2022,2022-04-22,Dividend/Distribution - MXT,dividend,,2512866,2022-04,NaT
MXT,2022,2022-04-08,Update - Dividend/Distribution - MXT,dividend,,2508808,2022-04,NaT
MXT,2022,2022-03-28,Dividend/Distribution - MXT,dividend,,2503450,2022-03,NaT
MXT,2022,2022-03-07,Update - Dividend/Distribution - MXT,dividend,,2496202,2022-03,NaT
MXT,2022,2022-02-23,Dividend/Distribution - MXT,dividend,,2490305,2022-02,NaT
MXT,2022,2022-02-07,Update - Dividend/Distribution - MXT,dividend,,2483890,2022-02,NaT
MXT,2022,2022-01-24,Dividend/Distribution - MXT,dividend,,2478335,2022-01,NaT
MXT,2022,2022-01-10,Update - Dividend/Distribution - MXT,dividend,,2474262,2022-01,NaT
MXT,2023,2023-12-20,Dividend/Distribution - MXT,dividend,,2756824,2023-12,NaT
MXT,2023,2023-12-07,Update - Dividend/Distribution - MXT,dividend,,2751693,2023-12,NaT
MXT,2023,2023-11-24,Dividend/Distribution - MXT,dividend,,2745201,2023-11,NaT
MXT,2023,2023-11-07,Update - Dividend/Distribution - MXT,dividend,,2737025,2023-11,NaT
MXT,2023,2023-10-24,Dividend/Distribution - MXT,dividend,,2729540,2023-10,NaT
MXT,2023,2023-10-05,Update - Dividend/Distribution - MXT,dividend,,2721712,2023-10,NaT
MXT,2023,2023-09-25,Dividend/Distribution - MXT,dividend,,2716151,2023-09,NaT
MXT,2023,2023-09-07,Update - Dividend/Distribution - MXT,dividend,,2709225,2023-09,NaT
MXT,2023,2023-08-25,Dividend/Distribution - MXT,dividend,,2702671,2023-08,NaT
MXT,2023,2023-08-07,Update - Dividend/Distribution - MXT,dividend,,2694996,2023-08,NaT
MXT,2023,2023-07-25,Dividend/Distribution - MXT,dividend,,2689959,2023-07,NaT
MXT,2023,2023-07-07,Update - Dividend/Distribution - MXT,dividend,,2684611,2023-07,NaT
MXT,2023,2023-06-23,Dividend/Distribution - MXT,dividend,,2679131,2023-06,NaT
MXT,2023,2023-06-07,Update - Dividend/Distribution - MXT,dividend,,2673970,2023-06,NaT
MXT,2023,2023-05-24,Dividend/Distribution - MXT,dividend,,2669236,2023-05,NaT
MXT,2023,2023-05-05,Update - Dividend/Distribution - MXT,dividend,,2662968,2023-05,NaT
MXT,2023,2023-04-21,Dividend/Distribution - MXT,dividend,,2656817,2023-04,NaT
MXT,2023,2023-04-11,Update - Dividend/Distribution - MXT,dividend,,2652928,2023-04,NaT
MXT,2023,2023-03-24,Dividend/Distribution - MXT,dividend,,2647430,2023-03,NaT
MXT,2023,2023-03-07,Update - Dividend/Distribution - MXT,dividend,,2640493,2023-03,NaT
MXT,2023,2023-02-22,Dividend/Distribution - MXT,dividend,,2634561,2023-02,NaT
MXT,2023,2023-02-07,Update - Dividend/Distribution - MXT,dividend,,2628854,2023-02,NaT
MXT,2023,2023-01-25,Dividend/Distribution - MXT,dividend,,2624000,2023-01,NaT
MXT,2023,2023-01-09,Update - Dividend/Distribution - MXT,dividend,,2619515,2023-01,NaT
MXT,2024,2024-12-23,Dividend/Distribution - MXT,dividend,,2899472,2024-12,NaT
MXT,2024,2024-12-05,Update - Dividend/Distribution - MXT,dividend,,2892134,2024-12,NaT
MXT,2024,2024-11-25,Dividend/Distribution - MXT,dividend,,2886501,2024-11,NaT
MXT,2024,2024-11-05,Update - Dividend/Distribution - MXT,dividend,,2878183,2024-11,NaT
MXT,2024,2024-10-25,Dividend/Distribution - MXT,dividend,,2872789,2024-10,NaT
MXT,2024,2024-10-04,Update - Dividend/Distribution - MXT,dividend,,2863566,2024-10,NaT
MXT,2024,2024-09-27,Update - Dividend/Distribution - MXT,dividend,,2859742,2024-09,NaT
MXT,2024,2024-09-24,Dividend/Distribution - MXT,dividend,,2857484,2024-09,NaT
MXT,2024,2024-09-05,Update - Dividend/Distribution - MXT,dividend,,2850120,2024-09,NaT
MXT,2024,2024-08-26,Update - Dividend/Distribution - MXT,dividend,,2844209,2024-08,NaT
MXT,2024,2024-08-26,Dividend/Distribution - MXT,dividend,,2844155,2024-08,NaT
MXT,2024,2024-08-06,Update - Dividend/Distribution - MXT,dividend,,2836789,2024-08,NaT
MXT,2024,2024-07-25,Dividend/Distribution - MXT,dividend,,2832064,2024-07,NaT
MXT,2024,2024-07-05,Update - Dividend/Distribution - MXT,dividend,,2825968,2024-07,NaT
MXT,2024,2024-06-24,Dividend/Distribution - MXT,dividend,,2820969,2024-06,NaT
MXT,2024,2024-06-06,Update - Dividend/Distribution - MXT,dividend,,2815569,2024-06,NaT
MXT,2024,2024-05-29,Update - Dividend/Distribution - MXT,dividend,,2812588,2024-05,NaT
MXT,2024,2024-05-24,Dividend/Distribution - MXT,dividend,,2810956,2024-05,NaT
MXT,2024,2024-05-06,Update - Dividend/Distribution - MXT,dividend,,2804364,2024-05,NaT
MXT,2024,2024-04-24,Update - Dividend/Distribution - MXT,dividend,,2799495,2024-04,NaT
MXT,2024,2024-04-23,Dividend/Distribution - MXT,dividend,,2799024,2024-04,NaT
MXT,2024,2024-04-08,Update - Dividend/Distribution - MXT,dividend,,2793534,2024-04,NaT
MXT,2024,2024-03-26,Dividend/Distribution - MXT,dividend,,2789483,2024-03,NaT
MXT,2024,2024-03-06,Update - Dividend/Distribution - MXT,dividend,,2782310,2024-03,NaT
MXT,2024,2024-02-22,Dividend/Distribution - MXT,dividend,,2776519,2024-02,NaT
MXT,2024,2024-02-05,Update - Dividend/Distribution - MXT,dividend,,2769835,2024-02,NaT
MXT,2024,2024-01-25,Dividend/Distribution - MXT,dividend,,2766070,2024-01,NaT
MXT,2024,2024-01-05,Update - Dividend/Distribution - MXT,dividend,,2760740,2024-01,NaT
MXT,2025,2025-12-23,Dividend/Distribution - MXT,dividend,,3044612,2025-12,NaT
MXT,2025,2025-12-04,Update - Dividend/Distribution - MXT,dividend,,3037076,2025-12,NaT
MXT,2025,2025-11-24,Dividend/Distribution - MXT,dividend,,3031026,2025-11,NaT
MXT,2025,2025-11-06,Update - Dividend/Distribution - MXT,dividend,,3021909,2025-11,NaT
MXT,2025,2025-10-27,Dividend/Distribution - MXT,dividend,,3015825,2025-10,NaT
MXT,2025,2025-10-06,Update - Dividend/Distribution - MXT,dividend,,3005800,2025-10,NaT
MXT,2025,2025-09-24,Dividend/Distribution - MXT,dividend,,2999494,2025-09,NaT
MXT,2025,2025-09-04,Update - Dividend/Distribution - MXT,dividend,,2991203,2025-09,NaT
MXT,2025,2025-08-25,Dividend/Distribution - MXT,dividend,,2984879,2025-08,NaT
MXT,2025,2025-08-06,Update - Dividend/Distribution - MXT,dividend,,2977462,2025-08,NaT
MXT,2025,2025-07-25,Dividend/Distribution - MXT,dividend,,2972733,2025-07,NaT
MXT,2025,2025-07-04,Update - Dividend/Distribution - MXT,dividend,,2966164,2025-07,NaT
MXT,2025,2025-06-24,Dividend/Distribution - MXT,dividend,,2961543,2025-06,NaT
MXT,2025,2025-06-05,Update - Dividend/Distribution - MXT,dividend,,2955746,2025-06,NaT
MXT,2025,2025-05-26,Dividend/Distribution - MXT,dividend,,2952067,2025-05,NaT
MXT,2025,2025-05-06,Update - Dividend/Distribution - MXT,dividend,,2945495,2025-05,NaT
MXT,2025,2025-04-23,Dividend/Distribution - MXT,dividend,,2940333,2025-04,NaT
MXT,2025,2025-04-04,Update - Dividend/Distribution - MXT,dividend,,2934430,2025-04,NaT
MXT,2025,2025-03-25,Dividend/Distribution - MXT,dividend,,2930119,2025-03,NaT
MXT,2025,2025-03-06,Update - Dividend/Distribution - MXT,dividend,,2923198,2025-03,NaT
MXT,2025,2025-02-24,Dividend/Distribution - MXT,dividend,,2917991,2025-02,NaT
MXT,2025,2025-02-06,Update - Dividend/Distribution - MXT,dividend,,2911528,2025-02,NaT
MXT,2025,2025-01-24,Dividend/Distribution - MXT,dividend,,2907145,2025-01,NaT
MXT,2025,2025-01-07,Update - Dividend/Distribution - MXT,dividend,,2902319,2025-01,NaT
MXT,2026,2026-08-25,Dividend/Distribution - MXT,dividend,,3129706,2026-08,NaT
MXT,2026,2026-08-06,Update - Dividend/Distribution - MXT,dividend,,3122580,2026-08,NaT
MXT,2026,2026-07-27,Dividend/Distribution - MXT,dividend,,3118547,2026-07,NaT
MXT,2026,2026-07-06,Update - Dividend/Distribution - MXT,dividend,,3112185,2026-07,NaT
MXT,2026,2026-06-24,Dividend/Distribution - MXT,dividend,,3107253,2026-06,NaT
MXT,2026,2026-06-04,Update - Dividend/Distribution - MXT,dividend,,3101093,2026-06,NaT
MXT,2026,2026-05-25,Dividend/Distribution - MXT,dividend,,3097217,2026-05,NaT
MXT,2026,2026-05-06,Update - Dividend/Distribution - MXT,dividend,,3091057,2026-05,NaT
MXT,2026,2026-04-23,Dividend/Distribution - MXT,dividend,,3085690,2026-04,NaT
MXT,2026,2026-04-08,Correction to Appendix 3A - Distribution Payment Date,dividend,,3080497,2026-04,NaT
MXT,2026,2026-04-07,Update - Dividend/Distribution - MXT,dividend,,3079827,2026-04,NaT
MXT,2026,2026-03-25,Dividend/Distribution - MXT,dividend,,3075738,2026-03,NaT
MXT,2026,2026-03-05,Update - Dividend/Distribution - MXT,dividend,,3068751,2026-03,NaT
MXT,2026,2026-02-23,Dividend/Distribution - MXT,dividend,,3063437,2026-02,NaT
MXT,2026,2026-02-05,Update - Dividend/Distribution - MXT,dividend,,3057120,2026-02,NaT
MXT,2026,2026-01-28,Update - Dividend/Distribution - MXT,dividend,,3053518,2026-01,NaT
MXT,2026,2026-01-27,Dividend/Distribution - MXT,dividend,,3052952,2026-01,NaT
MXT,2026,2026-01-07,Update - Dividend/Distribution - MXT,dividend,,3047831,2026-01,NaT
NAC,2016,2016-11-30,Update - Dividend/Distribution - NAC,dividend,,1808263,2016-11,NaT
NAC,2016,2016-08-25,Dividend/Distribution - NAC,dividend,,1771680,2016-08,NaT
NAC,2016,2016-08-25,Media Release - Record Profit &amp; Dividend Declaration,dividend,,1771678,2016-08,NaT
NAC,2016,2016-07-19,Timetable for Financial Year Results &amp; Dividend,dividend,,1758582,2016-07,NaT
NAC,2016,2016-05-09,Update - Dividend/Distribution - NAC,dividend,,1738974,2016-05,NaT
NAC,2016,2016-02-17,Dividend/Distribution - NAC,dividend,,1712538,2016-02,NaT
NAC,2017,2017-11-03,Update - Dividend/Distribution - NAC,dividend,,1917907,2017-11,NaT
NAC,2017,2017-08-24,Dividend/Distribution - NAC,dividend,,1887392,2017-08,NaT
NAC,2017,2017-08-24,Media Release - FY17 Results &amp; Dividend Delcaration,dividend,,1887391,2017-08,NaT
NAC,2017,2017-04-28,Appendix 3B - Dividend Reinvestment Plan,dividend,,1851564,2017-04,NaT
NAC,2017,2017-04-21,Update - Dividend/Distribution - NAC,dividend,,1849381,2017-04,NaT
NAC,2017,2017-02-13,Update - Dividend/Distribution - NAC,dividend,,1827801,2017-02,NaT
NAC,2017,2017-02-13,Media Release - Half-Year Results and Dividend Declaration,dividend,,1827706,2017-02,NaT
NAC,2017,2017-02-13,Dividend/Distribution - NAC,dividend,,1827704,2017-02,NaT
NAC,2017,2017-01-23,Dividend Reinvestment Plan - Updated Rules,dividend,,1821676,2017-01,NaT
NAC,2018,2018-11-16,Update - Dividend/Distribution - NAC,dividend,,2048783,2018-11,NaT
NAC,2018,2018-10-16,Dividend/Distribution - NAC,dividend,,2034818,2018-10,NaT
NAC,2018,2018-10-16,Media Release - Q1 FY19 Quarterly Dividend Declaration,dividend,,2034562,2018-10,NaT
NAC,2018,2018-09-14,Update - Dividend/Distribution - NAC,dividend,,2022682,2018-09,NaT
NAC,2018,2018-08-23,Dividend/Distribution - NAC,dividend,,2012758,2018-08,NaT
NAC,2018,2018-08-23,Media Release - FY18 Results &amp; Dividend Declaration,dividend,,2012740,2018-08,NaT
NAC,2018,2018-07-23,Quarterly Dividend Timetable,dividend,,2001532,2018-07,NaT
NAC,2018,2018-06-01,Media Release - Quarterly Dividends and Proposed Changes,dividend,,1987041,2018-06,NaT
NAC,2018,2018-04-03,Update - Dividend/Distribution - NAC,dividend,,1967293,2018-04,NaT
NAC,2018,2018-02-16,Media Release - Half-Year Results and Dividend Declaration,dividend,,1951374,2018-02,NaT
NAC,2018,2018-02-16,Dividend/Distribution - NAC,dividend,,1951372,2018-02,NaT
NAC,2019,2019-11-13,Update - Dividend/Distribution - NAC,dividend,,2172483,2019-11,NaT
NAC,2019,2019-10-17,Media Release - Q1 FY20 Quarterly Dividend Declaration,dividend,,2160146,2019-10,NaT
NAC,2019,2019-10-17,Dividend/Distribution - NAC,dividend,,2160102,2019-10,NaT
NAC,2019,2019-09-12,Update - Dividend/Distribution - NAC,dividend,,2146383,2019-09,NaT
NAC,2019,2019-08-22,Dividend/Distribution - NAC,dividend,,2136681,2019-08,NaT
NAC,2019,2019-08-22,Media Release - FY19 Results &amp; Dividend Declaration,dividend,,2136678,2019-08,NaT
NAC,2019,2019-06-12,Update - Dividend/Distribution - NAC,dividend,,2113441,2019-06,NaT
NAC,2019,2019-05-17,Dividend/Distribution - NAC,dividend,,2106473,2019-05,NaT
NAC,2019,2019-05-17,Media Release - Q3 FY19 Quarterly Dividend Declaration,dividend,,2106463,2019-05,NaT
NAC,2019,2019-03-07,Update - Dividend/Distribution - NAC,dividend,,2084254,2019-03,NaT
NAC,2019,2019-02-15,Media Release - Half-Year Results and Dividend Declaration,dividend,,2075763,2019-02,NaT
NAC,2019,2019-02-15,Dividend/Distribution - NAC,dividend,,2075745,2019-02,NaT
NAC,2020,2020-11-20,Update - Dividend/Distribution - NAC,dividend,,2311391,2020-11,NaT
NAC,2020,2020-10-15,Dividend/Distribution - NAC,dividend,,2294147,2020-10,NaT
NAC,2020,2020-10-15,Media Release - Q1 FY21 Increased Quarterly Dividend,dividend,,2294144,2020-10,NaT
NAC,2020,2020-09-11,Update - Dividend/Distribution - NAC,dividend,,2279802,2020-09,NaT
NAC,2020,2020-08-20,Dividend/Distribution - NAC,dividend,,2269153,2020-08,NaT
NAC,2020,2020-08-20,Media Release - FY20 Results &amp; Dividend Declaration,dividend,,2269140,2020-08,NaT
NAC,2020,2020-06-15,Update - Dividend/Distribution - NAC,dividend,,2244391,2020-06,NaT
NAC,2020,2020-05-18,Dividend/Distribution - NAC,dividend,,2236075,2020-05,NaT
NAC,2020,2020-05-18,Media Release - Q3 FY20 Quarterly Dividend Declaration,dividend,,2236074,2020-05,NaT
NAC,2020,2020-03-11,Update - Dividend/Distribution - NAC,dividend,,2212924,2020-03,NaT
NAC,2020,2020-02-20,Media Release - Half-Year Results and Dividend Declaration,dividend,,2204418,2020-02,NaT
NAC,2020,2020-02-20,Dividend/Distribution - NAC,dividend,,2204416,2020-02,NaT
NAC,2021,2021-11-23,Update - Dividend/Distribution - NAC,dividend,,2456115,2021-11,NaT
NAC,2021,2021-10-20,Dividend/Distribution - NAC,dividend,,2438150,2021-10,NaT
NAC,2021,2021-10-20,Media Release - Q1 FY22 Quarterly Dividend Declaration,dividend,,2438144,2021-10,NaT
NAC,2021,2021-09-14,Update - Dividend/Distribution - NAC,dividend,,2421302,2021-09,NaT
NAC,2021,2021-08-19,Dividend/Distribution - NAC,dividend,,2408953,2021-08,NaT
NAC,2021,2021-08-19,Media Release - FY21 Results &amp; Dividend Declaration,dividend,,2408948,2021-08,NaT
NAC,2021,2021-05-17,Update - Dividend/Distribution - NAC,dividend,,2375319,2021-05,NaT
NAC,2021,2021-04-21,Media Release - Q3 FY21 Quarterly Dividend Declaration,dividend,,2365435,2021-04,NaT
NAC,2021,2021-04-21,Dividend/Distribution - NAC,dividend,,2365428,2021-04,NaT
NAC,2021,2021-03-10,Update - Dividend/Distribution - NAC,dividend,,2352039,2021-03,NaT
NAC,2021,2021-02-18,Media release - Half-Year Results and Dividend Declaration,dividend,,2342929,2021-02,NaT
NAC,2021,2021-02-18,Dividend/Distribution - NAC,dividend,,2342925,2021-02,NaT
NAC,2022,2022-11-28,Update - Dividend/Distribution - NAC,dividend,,2604491,2022-11,NaT
NAC,2022,2022-10-18,Media Release - Q1 FY23 Quarterly Dividend Declaration,dividend,,2583619,2022-10,NaT
NAC,2022,2022-10-18,Dividend/Distribution - NAC,dividend,,2583614,2022-10,NaT
NAC,2022,2022-09-15,Update - Dividend/Distribution - NAC,dividend,,2568549,2022-09,NaT
NAC,2022,2022-08-18,Media Release - FY22 Results &amp; Dividend Declaration,dividend,,2554663,2022-08,NaT
NAC,2022,2022-08-18,Dividend/Distribution - NAC,dividend,,2554558,2022-08,NaT
NAC,2022,2022-05-26,Update - Dividend/Distribution - NAC,dividend,,2525384,2022-05,NaT
NAC,2022,2022-04-20,Dividend/Distribution - NAC,dividend,,2511697,2022-04,NaT
NAC,2022,2022-04-20,Media Release - Q3 FY22 Quarterly Dividend Declaration,dividend,,2511661,2022-04,NaT
NAC,2022,2022-03-21,Update - Dividend/Distribution - NAC,dividend,,2501152,2022-03,NaT
NAC,2022,2022-02-17,Dividend/Distribution - NAC,dividend,,2487833,2022-02,NaT
NAC,2022,2022-02-17,Media release - Half-Year Results and Dividend Declaration,dividend,,2487780,2022-02,NaT
NAC,2023,2023-12-22,Distribution Schedule - NACO Listed Options,dividend,,2758045,2023-12,NaT
NAC,2023,2023-11-27,Update - Dividend/Distribution - NAC,dividend,,2746123,2023-11,NaT
NAC,2023,2023-10-19,Q1 FY24 Quarterly Dividend Declaration,dividend,,2727477,2023-10,NaT
NAC,2023,2023-10-19,Dividend/Distribution - NAC,dividend,,2727464,2023-10,NaT
NAC,2023,2023-09-22,Update - Dividend/Distribution - NAC,dividend,,2715435,2023-09,NaT
NAC,2023,2023-08-22,Media Release - FY23 Results &amp; Dividend Declaration,dividend,,2700322,2023-08,NaT
NAC,2023,2023-08-22,Dividend/Distribution - NAC,dividend,,2700270,2023-08,NaT
NAC,2023,2023-05-24,Update - Dividend/Distribution - NAC,dividend,,2669201,2023-05,NaT
NAC,2023,2023-04-19,Media Release - Q3 FY23 Quarterly Dividend Declaration,dividend,,2655773,2023-04,NaT
NAC,2023,2023-04-19,Dividend/Distribution - NAC,dividend,,2655766,2023-04,NaT
NAC,2023,2023-03-27,Update - Dividend/Distribution - NAC,dividend,,2647943,2023-03,NaT
NAC,2023,2023-02-23,Media Release - Half-Year Results &amp; Dividend Declaration,dividend,,2634940,2023-02,NaT
NAC,2023,2023-02-23,Dividend/Distribution - NAC,dividend,,2634925,2023-02,NaT
NAC,2024,2024-11-26,Update - Dividend/Distribution - NAC,dividend,,2887063,2024-11,NaT
NAC,2024,2024-10-16,Q1 FY25 Quarterly Dividend Declaration,dividend,,2868068,2024-10,NaT
NAC,2024,2024-10-16,Dividend/Distribution - NAC,dividend,,2868060,2024-10,NaT
NAC,2024,2024-09-25,Update - Dividend/Distribution - NAC,dividend,,2858117,2024-09,NaT
NAC,2024,2024-08-22,Media Release - FY24 Results &amp; Dividend Declaration,dividend,,2842526,2024-08,NaT
NAC,2024,2024-08-22,Dividend/Distribution - NAC,dividend,,2842388,2024-08,NaT
NAC,2024,2024-05-29,Update - Dividend/Distribution - NAC,dividend,,2812503,2024-05,NaT
NAC,2024,2024-04-17,Media Release - Q3 FY24 Quarterly Dividend Declaration,dividend,,2796819,2024-04,NaT
NAC,2024,2024-04-17,Dividend/Distribution - NAC,dividend,,2796809,2024-04,NaT
NAC,2024,2024-03-26,Update - Dividend/Distribution - NAC,dividend,,2789417,2024-03,NaT
NAC,2024,2024-02-22,Media Release - Half-Year Results &amp; Dividend Declaration,dividend,,2776190,2024-02,NaT
NAC,2024,2024-02-22,Dividend/Distribution - NAC,dividend,,2776176,2024-02,NaT
NAC,2025,2025-11-27,Update - Dividend/Distribution - NAC,dividend,,3033009,2025-11,NaT
NAC,2025,2025-10-22,Media Release - Q1 FY26 Quarterly Dividend Declaration,dividend,,3013517,2025-10,NaT
NAC,2025,2025-10-22,Dividend/Distribution - NAC,dividend,,3013495,2025-10,NaT
NAC,2025,2025-09-26,Update - Dividend/Distribution - NAC,dividend,,3000785,2025-09,NaT
NAC,2025,2025-08-21,Media Release - FY25 Results &amp; Dividend Declaration,dividend,,2983250,2025-08,NaT
NAC,2025,2025-08-21,Dividend/Distribution - NAC,dividend,,2983198,2025-08,NaT
NAC,2025,2025-05-30,Update - Dividend/Distribution - NAC,dividend,,2953686,2025-05,NaT
NAC,2025,2025-04-16,Media Release - Q3 FY25 Quarterly Dividend Declaration,dividend,,2938727,2025-04,NaT
NAC,2025,2025-04-16,Dividend/Distribution - NAC,dividend,,2938669,2025-04,NaT
NAC,2025,2025-04-02,Update - Dividend/Distribution - NAC,dividend,,2933311,2025-04,NaT
NAC,2025,2025-02-20,Media Release - Half-Year Results &amp; Dividend Declaration,dividend,,2916499,2025-02,NaT
NAC,2025,2025-02-20,Dividend/Distribution - NAC,dividend,,2916474,2025-02,NaT
NAC,2026,2026-08-19,Media Release - FY26 Results &amp; Dividend Declaration,dividend,,3126695,2026-08,NaT
NAC,2026,2026-08-19,Dividend/Distribution - NAC,dividend,,3126691,2026-08,NaT
NAC,2026,2026-06-01,Update - Dividend/Distribution - NAC,dividend,,3099721,2026-06,NaT
NAC,2026,2026-04-22,Media Release - Q3 FY26 Quarterly Dividend Declaration,dividend,,3085028,2026-04,NaT
NAC,2026,2026-04-22,Dividend/Distribution - NAC,dividend,,3085016,2026-04,NaT
NAC,2026,2026-04-08,Update - Dividend/Distribution - NAC,dividend,,3080391,2026-04,NaT
NAC,2026,2026-02-19,Media Release - Half Year Results &amp; Increased Dividend,dividend,,3062172,2026-02,NaT
NAC,2026,2026-02-19,Dividend/Distribution - NAC,dividend,,3062157,2026-02,NaT
NCC,2016,2016-11-11,Appendix 3B - Dividend Reinvestment Plan,dividend,,1801117,2016-11,NaT
NCC,2016,2016-11-03,Update - Dividend/Distribution - NCC,dividend,,1798662,2016-11,NaT
NCC,2016,2016-08-25,Dividend/Distribution - NCC,dividend,,1771597,2016-08,NaT
NCC,2016,2016-08-25,Media Release - Record Profit &amp; Dividend Declaration,dividend,,1771596,2016-08,NaT
NCC,2016,2016-07-19,Timetable for Financial Year Results &amp; Dividend,dividend,,1758581,2016-07,NaT
NCC,2016,2016-04-19,Update - Dividend/Distribution - NCC,dividend,,1732422,2016-04,NaT
NCC,2016,2016-02-22,Correction to Dividend Reinvestment Plan (DRP) Election Date,dividend,,1714178,2016-02,NaT
NCC,2016,2016-02-17,Dividend/Distribution - NCC,dividend,,1712542,2016-02,NaT
NCC,2017,2017-11-03,Appendix 3B - Dividend Reinvestment Plan,dividend,,1917772,2017-11,NaT
NCC,2017,2017-10-27,Update - Dividend/Distribution - NCC,dividend,,1913373,2017-10,NaT
NCC,2017,2017-08-24,Dividend/Distribution - NCC,dividend,,1887363,2017-08,NaT
NCC,2017,2017-08-24,Media Release - FY17 Results &amp; Dividend Declaration,dividend,,1887362,2017-08,NaT
NCC,2017,2017-04-21,Appendix 3B - Dividend Reinvestment Plan,dividend,,1849633,2017-04,NaT
NCC,2017,2017-04-12,Update - Dividend/Distribution - NCC,dividend,,1847681,2017-04,NaT
NCC,2017,2017-02-13,Media Release - Half-Year Results and Dividend Declaration,dividend,,1827711,2017-02,NaT
NCC,2017,2017-02-13,Dividend/Distribution - NCC,dividend,,1827707,2017-02,NaT
NCC,2017,2017-01-23,Dividend Reinvestment Plan - Updated Rules,dividend,,1821677,2017-01,NaT
NCC,2018,2018-10-24,Appendix 3B - Dividend Reinvestment Plan,dividend,,2038304,2018-10,NaT
NCC,2018,2018-10-19,Update - Dividend/Distribution - NCC,dividend,,2036322,2018-10,NaT
NCC,2018,2018-08-23,Dividend/Distribution - NCC,dividend,,2012798,2018-08,NaT
NCC,2018,2018-08-23,Media Release - FY18 Results &amp; Dividend Declaration,dividend,,2012781,2018-08,NaT
NCC,2018,2018-03-29,Appendix 3B - Dividend Reinvestment Plan,dividend,,1966729,2018-03,NaT
NCC,2018,2018-03-23,Update - Dividend/Distribution - NCC,dividend,,1964756,2018-03,NaT
NCC,2018,2018-02-16,Media Release - Half-Year Results and Dividend Declaration,dividend,,1951378,2018-02,NaT
NCC,2018,2018-02-16,Dividend/Distribution - NCC,dividend,,1951376,2018-02,NaT
NCC,2019,2019-10-18,Update - Dividend/Distribution - NCC,dividend,,2160629,2019-10,NaT
NCC,2019,2019-08-22,Dividend/Distribution - NCC,dividend,,2136605,2019-08,NaT
NCC,2019,2019-08-22,Media Release - FY19 Results &amp; Dividend Declaration,dividend,,2136604,2019-08,NaT
NCC,2019,2019-03-22,Update - Dividend/Distribution - NCC,dividend,,2089016,2019-03,NaT
NCC,2019,2019-02-15,Media Release - Half-Year Results and Dividend Declaration,dividend,,2075756,2019-02,NaT
NCC,2019,2019-02-15,Dividend/Distribution - NCC,dividend,,2075742,2019-02,NaT
NCC,2020,2020-10-16,Update - Dividend/Distribution - NCC,dividend,,2294714,2020-10,NaT
NCC,2020,2020-08-20,Dividend/Distribution - NCC,dividend,,2269074,2020-08,NaT
NCC,2020,2020-08-20,Media Release - FY20 Results &amp; Dividend Declaration,dividend,,2269059,2020-08,NaT
NCC,2020,2020-03-26,Update - Dividend/Distribution - NCC,dividend,,2218839,2020-03,NaT
NCC,2020,2020-02-20,Media Release - Half-Year Results and Dividend Declaration,dividend,,2204356,2020-02,NaT
NCC,2020,2020-02-20,Dividend/Distribution - NCC,dividend,,2204354,2020-02,NaT
NCC,2021,2021-10-20,Update - Dividend/Distribution - NCC,dividend,,2438321,2021-10,NaT
NCC,2021,2021-08-19,Update - Dividend/Distribution - NCC,dividend,,2409182,2021-08,NaT
NCC,2021,2021-08-19,Dividend/Distribution - NCC,dividend,,2408920,2021-08,NaT
NCC,2021,2021-08-19,Media Release - FY21 Results &amp; Dividend Declaration,dividend,,2408905,2021-08,NaT
NCC,2021,2021-04-15,Distribution Schedule - NCC Convertible Notes,dividend,,2364009,2021-04,NaT
NCC,2021,2021-04-13,Update - Dividend/Distribution - NCC,dividend,,2363021,2021-04,NaT
NCC,2021,2021-02-18,Media release - Half-Year Results and Dividend Declaration,dividend,,2342923,2021-02,NaT
NCC,2021,2021-02-18,Dividend/Distribution - NCC,dividend,,2342922,2021-02,NaT
NCC,2022,2022-10-25,Update - Dividend/Distribution - NCC,dividend,,2587146,2022-10,NaT
NCC,2022,2022-08-18,Media Release - FY22 Results &amp; Dividend Declaration,dividend,,2554654,2022-08,NaT
NCC,2022,2022-08-18,Dividend/Distribution - NCC,dividend,,2554553,2022-08,NaT
NCC,2022,2022-04-14,Update - Dividend/Distribution - NCC,dividend,,2510716,2022-04,NaT
NCC,2022,2022-02-17,Dividend/Distribution - NCC,dividend,,2487815,2022-02,NaT
NCC,2022,2022-02-17,Media release - Half-Year Results and Dividend Declaration,dividend,,2487760,2022-02,NaT
NCC,2023,2023-12-22,Distribution Schedule - NCCO Listed Options,dividend,,2758044,2023-12,NaT
NCC,2023,2023-10-23,Update - Dividend/Distribution - NCC,dividend,,2729035,2023-10,NaT
NCC,2023,2023-08-22,Media Release - FY23 Results &amp; Dividend Declaration,dividend,,2700303,2023-08,NaT
NCC,2023,2023-08-22,Dividend/Distribution - NCC,dividend,,2700261,2023-08,NaT
NCC,2023,2023-04-14,Update - Dividend/Distribution - NCC,dividend,,2654436,2023-04,NaT
NCC,2023,2023-02-23,Media Release - Half-Year Results &amp; Dividend Declaration,dividend,,2634938,2023-02,NaT
NCC,2023,2023-02-23,Dividend/Distribution - NCC,dividend,,2634922,2023-02,NaT
NCC,2024,2024-10-24,Update - Dividend/Distribution - NCC,dividend,,2872058,2024-10,NaT
NCC,2024,2024-08-22,Media Release - FY24 Results &amp; Dividend Declaration,dividend,,2842524,2024-08,NaT
NCC,2024,2024-08-22,Dividend/Distribution - NCC,dividend,,2842385,2024-08,NaT
NCC,2024,2024-04-10,Update - Dividend/Distribution - NCC,dividend,,2794754,2024-04,NaT
NCC,2024,2024-02-22,Media Release - Half-Year Results &amp; Dividend Declaration,dividend,,2776186,2024-02,NaT
NCC,2024,2024-02-22,Dividend/Distribution - NCC,dividend,,2776170,2024-02,NaT
NCC,2025,2025-10-29,Update - Dividend/Distribution - NCC,dividend,,3017473,2025-10,NaT
NCC,2025,2025-08-21,Media Release - FY25 Results &amp; Dividend Declaration,dividend,,2983256,2025-08,NaT
NCC,2025,2025-08-21,Dividend/Distribution - NCC,dividend,,2983190,2025-08,NaT
NCC,2025,2025-04-11,Update - Dividend/Distribution - NCC,dividend,,2937190,2025-04,NaT
NCC,2025,2025-02-20,Media Release - Half-Year Results &amp; Dividend Declaration,dividend,,2916491,2025-02,NaT
NCC,2025,2025-02-20,Dividend/Distribution - NCC,dividend,,2916479,2025-02,NaT
NCC,2026,2026-08-20,Media Release - FY26 Results &amp; Dividend Declaration,dividend,,3127328,2026-08,NaT
NCC,2026,2026-08-20,Dividend/Distribution - NCC,dividend,,3127293,2026-08,NaT
NCC,2026,2026-04-28,Update - Dividend/Distribution - NCC,dividend,,3086994,2026-04,NaT
NCC,2026,2026-02-19,Media Release - Half Year Results &amp; Increased Dividend,dividend,,3062174,2026-02,NaT
NCC,2026,2026-02-19,Dividend/Distribution - NCC,dividend,,3062164,2026-02,NaT
NEN,2016,2016-04-06,Distribution Schedule,dividend,,1729015,2016-04,NaT
NSC,2017,2017-08-29,Dividend/Distribution - CTN,dividend,,1889646,2017-08,NaT
NSC,2017,2017-03-27,App 3B - Dividend reinvestment,dividend,,1842017,2017-03,NaT
NSC,2017,2017-02-10,Update - Dividend/Distribution - CTN,dividend,,1827285,2017-02,NaT
NSC,2017,2017-02-10,Dividend/Distribution - CTN,dividend,,1827194,2017-02,NaT
NSC,2018,2018-11-16,Update - Dividend/Distribution - NSC,dividend,,2048782,2018-11,NaT
NSC,2018,2018-10-16,Dividend/Distribution - NSC,dividend,,2034827,2018-10,NaT
NSC,2018,2018-10-16,Media Release - Q1 FY19 Quarterly Dividend Declaration,dividend,,2034563,2018-10,NaT
NSC,2018,2018-09-14,Update - Dividend/Distribution - NSC,dividend,,2022697,2018-09,NaT
NSC,2018,2018-08-23,Dividend/Distribution - NSC,dividend,,2012780,2018-08,NaT
NSC,2018,2018-08-23,Media Release - FY18 Results &amp; Dividend Declaration,dividend,,2012778,2018-08,NaT
NSC,2018,2018-07-23,Quarterly Dividend Timetable,dividend,,2001531,2018-07,NaT
NSC,2018,2018-06-04,Media Release - Quarterly Dividends,dividend,,1987529,2018-06,NaT
NSC,2018,2018-03-26,Update - Dividend/Distribution - NSC,dividend,,1965170,2018-03,NaT
NSC,2018,2018-02-16,Media Release - Half-Year Results and Dividend Declaration,dividend,,1951379,2018-02,NaT
NSC,2018,2018-02-16,Dividend/Distribution - NSC,dividend,,1951377,2018-02,NaT
NSC,2018,2018-01-30,Dividend Re-Investment Plan Rules - updated version,dividend,,1945124,2018-01,NaT
NSC,2019,2019-11-13,Update - Dividend/Distribution - NSC,dividend,,2172495,2019-11,NaT
NSC,2019,2019-10-17,Media Release - Q1 FY20 Quarterly Dividend Declaration,dividend,,2160144,2019-10,NaT
NSC,2019,2019-10-17,Dividend/Distribution - NSC,dividend,,2160108,2019-10,NaT
NSC,2019,2019-09-12,Update - Dividend/Distribution - NSC,dividend,,2146384,2019-09,NaT
NSC,2019,2019-08-22,Dividend/Distribution - NSC,dividend,,2136722,2019-08,NaT
NSC,2019,2019-08-22,Media Release - FY19 Results &amp; Dividend Declaration,dividend,,2136720,2019-08,NaT
NSC,2019,2019-06-12,Update - Dividend/Distribution - NSC,dividend,,2113442,2019-06,NaT
NSC,2019,2019-05-17,Dividend/Distribution - NSC,dividend,,2106470,2019-05,NaT
NSC,2019,2019-05-17,Media Release - Q3 FY19 Quarterly Dividend Declaration,dividend,,2106460,2019-05,NaT
NSC,2019,2019-03-07,Update - Dividend/Distribution - NSC,dividend,,2084256,2019-03,NaT
NSC,2019,2019-02-15,Media Release - Half-Year Results and Dividend Declaration,dividend,,2075765,2019-02,NaT
NSC,2019,2019-02-15,Dividend/Distribution - NSC,dividend,,2075750,2019-02,NaT
NSC,2020,2020-11-20,Update - Dividend/Distribution - NSC,dividend,,2311392,2020-11,NaT
NSC,2020,2020-10-15,Dividend/Distribution - NSC,dividend,,2294146,2020-10,NaT
NSC,2020,2020-10-15,Media Release - Q1 FY21 Increased Quarterly Dividend,dividend,,2294143,2020-10,NaT
NSC,2020,2020-09-11,Update - Dividend/Distribution - NSC,dividend,,2279806,2020-09,NaT
NSC,2020,2020-08-20,Dividend/Distribution - NSC,dividend,,2269219,2020-08,NaT
NSC,2020,2020-08-20,Media Release - FY20 Results &amp; Dividend Declaration,dividend,,2269205,2020-08,NaT
NSC,2020,2020-06-15,Update - Dividend/Distribution - NSC,dividend,,2244394,2020-06,NaT
NSC,2020,2020-05-18,Dividend/Distribution - NSC,dividend,,2236085,2020-05,NaT
NSC,2020,2020-05-18,Media Release - Q3 FY20 Quarterly Dividend Declaration,dividend,,2236083,2020-05,NaT
NSC,2020,2020-03-11,Update - Dividend/Distribution - NSC,dividend,,2212925,2020-03,NaT
NSC,2020,2020-02-20,Media Release - Half-Year Results and Dividend Declaration,dividend,,2204380,2020-02,NaT
NSC,2020,2020-02-20,Dividend/Distribution - NSC,dividend,,2204379,2020-02,NaT
NSC,2021,2021-11-23,Update - Dividend/Distribution - NSC,dividend,,2456111,2021-11,NaT
NSC,2021,2021-10-20,Dividend/Distribution - NSC,dividend,,2438149,2021-10,NaT
NSC,2021,2021-10-20,Media Release - Q1 FY22 Quarterly Dividend Declaration,dividend,,2438140,2021-10,NaT
NSC,2021,2021-09-14,Update - Dividend/Distribution - NSC,dividend,,2421303,2021-09,NaT
NSC,2021,2021-08-19,Dividend/Distribution - NSC,dividend,,2408976,2021-08,NaT
NSC,2021,2021-08-19,Media Release - FY21 Results &amp; Dividend Declaration,dividend,,2408973,2021-08,NaT
NSC,2021,2021-05-31,Distribution Schedule - NSCOA Listed Options,dividend,,2379895,2021-05,NaT
NSC,2021,2021-05-17,Update - Dividend/Distribution - NSC,dividend,,2375322,2021-05,NaT
NSC,2021,2021-04-21,Media Release - Q3 FY21 Quarterly Dividend Declaration,dividend,,2365437,2021-04,NaT
NSC,2021,2021-04-21,Dividend/Distribution - NSC,dividend,,2365427,2021-04,NaT
NSC,2021,2021-03-10,Update - Dividend/Distribution - NSC,dividend,,2352041,2021-03,NaT
NSC,2021,2021-02-18,Media release - Half-Year Results and Dividend Declaration,dividend,,2342875,2021-02,NaT
NSC,2021,2021-02-18,Dividend/Distribution - NSC,dividend,,2342869,2021-02,NaT
NSC,2022,2022-11-28,Update - Dividend/Distribution - NSC,dividend,,2604490,2022-11,NaT
NSC,2022,2022-10-18,Media Release - Q1 FY23 Quarterly Dividend Declaration,dividend,,2583621,2022-10,NaT
NSC,2022,2022-10-18,Dividend/Distribution - NSC,dividend,,2583615,2022-10,NaT
NSC,2022,2022-09-15,Update - Dividend/Distribution - NSC,dividend,,2568545,2022-09,NaT
NSC,2022,2022-08-18,Media Release - FY22 Results &amp; Dividend Declaration,dividend,,2554685,2022-08,NaT
NSC,2022,2022-08-18,Dividend/Distribution - NSC,dividend,,2554570,2022-08,NaT
NSC,2022,2022-05-26,Update - Dividend/Distribution - NSC,dividend,,2525385,2022-05,NaT
NSC,2022,2022-04-20,Dividend/Distribution - NSC,dividend,,2511706,2022-04,NaT
NSC,2022,2022-04-20,Media Release - Q3 FY22 Quarterly Dividend Declaration,dividend,,2511663,2022-04,NaT
NSC,2022,2022-03-21,Update - Dividend/Distribution - NSC,dividend,,2501153,2022-03,NaT
NSC,2022,2022-02-17,Dividend/Distribution - NSC,dividend,,2487837,2022-02,NaT
NSC,2022,2022-02-17,Media release - Half-Year Results and Dividend Declaration,dividend,,2487777,2022-02,NaT
NSC,2023,2023-11-27,Update - Dividend/Distribution - NSC,dividend,,2746120,2023-11,NaT
NSC,2023,2023-10-19,Q1 FY24 Quarterly Dividend Declaration,dividend,,2727475,2023-10,NaT
NSC,2023,2023-10-19,Dividend/Distribution - NSC,dividend,,2727468,2023-10,NaT
NSC,2023,2023-09-22,Update - Dividend/Distribution - NSC,dividend,,2715439,2023-09,NaT
NSC,2023,2023-08-22,Media Release - FY23 Results &amp; Dividend Declaration,dividend,,2700331,2023-08,NaT
NSC,2023,2023-08-22,Dividend/Distribution - NSC,dividend,,2700276,2023-08,NaT
NSC,2023,2023-05-24,Update - Dividend/Distribution - NSC,dividend,,2669200,2023-05,NaT
NSC,2023,2023-04-19,Media Release - Q3 FY23 Quarterly Dividend Declaration,dividend,,2655774,2023-04,NaT
NSC,2023,2023-04-19,Dividend/Distribution - NSC,dividend,,2655767,2023-04,NaT
NSC,2023,2023-03-27,Update - Dividend/Distribution - NSC,dividend,,2647941,2023-03,NaT
NSC,2023,2023-02-23,Media Release - Half-Year Results &amp; Dividend Declaration,dividend,,2634931,2023-02,NaT
NSC,2023,2023-02-23,Dividend/Distribution - NSC,dividend,,2634911,2023-02,NaT
NSC,2024,2024-11-26,Update - Dividend/Distribution - NSC,dividend,,2887053,2024-11,NaT
NSC,2024,2024-10-16,Q1 FY25 Quarterly Dividend Declaration,dividend,,2868072,2024-10,NaT
NSC,2024,2024-10-16,Dividend/Distribution - NSC,dividend,,2868061,2024-10,NaT
NSC,2024,2024-09-25,Update - Dividend/Distribution - NSC,dividend,,2858116,2024-09,NaT
NSC,2024,2024-08-22,Media Release - FY24 Results &amp; Dividend Declaration,dividend,,2842535,2024-08,NaT
NSC,2024,2024-08-22,Dividend/Distribution - NSC,dividend,,2842492,2024-08,NaT
NSC,2024,2024-05-29,Update - Dividend/Distribution - NSC,dividend,,2812502,2024-05,NaT
NSC,2024,2024-04-17,Media Release - Q3 FY24 Quarterly Dividend Declaration,dividend,,2796815,2024-04,NaT
NSC,2024,2024-04-17,Dividend/Distribution - NSC,dividend,,2796807,2024-04,NaT
NSC,2024,2024-03-26,Update - Dividend/Distribution - NSC,dividend,,2789416,2024-03,NaT
NSC,2024,2024-02-22,Media Release - Half-Year Results &amp; Dividend Declaration,dividend,,2776191,2024-02,NaT
NSC,2024,2024-02-22,Dividend/Distribution - NSC,dividend,,2776178,2024-02,NaT
NSC,2025,2025-11-27,Update - Dividend/Distribution - NSC,dividend,,3033010,2025-11,NaT
NSC,2025,2025-10-22,Media Release - Q1 FY26 Quarterly Dividend Declaration,dividend,,3013518,2025-10,NaT
NSC,2025,2025-10-22,Dividend/Distribution - NSC,dividend,,3013498,2025-10,NaT
NSC,2025,2025-09-26,Update - Dividend/Distribution - NSC,dividend,,3000786,2025-09,NaT
NSC,2025,2025-08-21,Media Release - FY25 Results &amp; Dividend Declaration,dividend,,2983258,2025-08,NaT
NSC,2025,2025-08-21,Dividend/Distribution - NSC,dividend,,2983200,2025-08,NaT
NSC,2025,2025-05-30,Update - Dividend/Distribution - NSC,dividend,,2953694,2025-05,NaT
NSC,2025,2025-04-16,Media Release - Q3 FY25 Quarterly Dividend Declaration,dividend,,2938764,2025-04,NaT
NSC,2025,2025-04-16,Dividend/Distribution - NSC,dividend,,2938688,2025-04,NaT
NSC,2025,2025-04-02,Update - Dividend/Distribution - NSC,dividend,,2933309,2025-04,NaT
NSC,2025,2025-02-20,Media Release - Half-Year Results &amp; Dividend Declaration,dividend,,2916503,2025-02,NaT
NSC,2025,2025-02-20,Dividend/Distribution - NSC,dividend,,2916480,2025-02,NaT
NSC,2026,2026-08-21,Media Release - FY26 Results &amp; Dividend Declaration,dividend,,3128045,2026-08,NaT
NSC,2026,2026-08-21,Dividend/Distribution - NSC,dividend,,3128019,2026-08,NaT
NSC,2026,2026-06-01,Update - Dividend/Distribution - NSC,dividend,,3099723,2026-06,NaT
NSC,2026,2026-04-22,Media Release - Q3 FY26 Quarterly Dividend Declaration,dividend,,3085030,2026-04,NaT
NSC,2026,2026-04-22,Dividend/Distribution - NSC,dividend,,3085008,2026-04,NaT
NSC,2026,2026-04-08,Update - Dividend/Distribution - NSC,dividend,,3080392,2026-04,NaT
NSC,2026,2026-02-19,Media Release - Half Year Results &amp; Dividend Declaration,dividend,,3062168,2026-02,NaT
NSC,2026,2026-02-19,Dividend/Distribution - NSC,dividend,,3062153,2026-02,NaT
OEQ,2017,2017-09-01,Declaration of Special Dividend,dividend,,1891571,2017-09,NaT
OEQ,2017,2017-09-01,Dividend/Distribution - OEQ,dividend,,1891570,2017-09,NaT
OEQ,2018,2018-01-24,Suspension of Dividend Donation Scheme,dividend,,1943732,2018-01,NaT
OPH,2018,2018-12-17,Distribution Schedule,dividend,,2060614,2018-12,NaT
OPH,2019,2019-06-25,Dividend Details,dividend,,2117355,2019-06,NaT
OPH,2019,2019-06-21,Amendment to DRP and Indicative Distribution Timetable,dividend,,2116215,2019-06,NaT
OPH,2020,2020-07-01,FY20 Distribution Update,dividend,,2250452,2020-07,NaT
OPH,2020,2020-06-30,Trading Pause and Distribution,dividend,,2249622,2020-06,NaT
OPH,2021,2021-07-12,Update - Dividend/Distribution - OPH,dividend,,2394357,2021-07,NaT
OPH,2021,2021-07-01,DRP Election Cut Off for the FY2020/21 Distribution,dividend,,2390785,2021-07,NaT
OPH,2021,2021-06-28,Distribution Estimate,dividend,,2388573,2021-06,NaT
OPH,2021,2021-06-24,Dividend/Distribution - OPH,dividend,,2387761,2021-06,NaT
OPH,2021,2021-06-18,Distribution Update,dividend,,2385801,2021-06,NaT
OPH,2022,2022-07-18,Update - Dividend/Distribution - OPH,dividend,,2542893,2022-07,NaT
OPH,2022,2022-06-22,Distribution estimate - FY 22,dividend,,2534146,2022-06,NaT
OPH,2022,2022-06-22,Dividend/Distribution - OPH,dividend,,2534142,2022-06,NaT
OPH,2023,2023-10-20,Distribution FY21-23,dividend,,2728394,2023-10,NaT
OPH,2023,2023-07-18,Update - Dividend/Distribution - OPH,dividend,,2687852,2023-07,NaT
OPH,2023,2023-06-21,Distribution estimate - FY 23,dividend,,2678381,2023-06,NaT
OPH,2023,2023-06-21,Dividend/Distribution - OPH,dividend,,2678263,2023-06,NaT
OPH,2024,2024-08-20,Update - Dividend/Distribution - OPH,dividend,,2841197,2024-08,NaT
OPH,2024,2024-07-16,Final Distribution for 30 June 2024,dividend,,2829092,2024-07,NaT
OPH,2024,2024-07-16,Update - Dividend/Distribution - OPH,dividend,,2829081,2024-07,NaT
OPH,2024,2024-06-14,Dividend/Distribution - OPH,dividend,,2817993,2024-06,NaT
OPH,2024,2024-06-14,Estimated Distribution for 30 June 2024,dividend,,2817992,2024-06,NaT
OPH,2024,2024-05-13,Update to the Distribution Reinvestment Plan,dividend,,2806746,2024-05,NaT
OPH,2025,2025-08-05,Update - Dividend/Distribution - OPH,dividend,,2977178,2025-08,NaT
OPH,2025,2025-07-16,Final Distribution for 30 June 2025,dividend,,2969771,2025-07,NaT
OPH,2025,2025-07-16,Update - Dividend/Distribution - OPH,dividend,,2969765,2025-07,NaT
OPH,2025,2025-06-17,Dividend/Distribution - OPH,dividend,,2959164,2025-06,NaT
OPH,2025,2025-06-17,Estimate Distribution for 30 June 2025,dividend,,2959160,2025-06,NaT
OPH,2026,2026-08-11,Update - Dividend/Distribution - OPH,dividend,,3123995,2026-08,NaT
OPH,2026,2026-07-20,Final Distribution for 30 June 2026,dividend,,3116396,2026-07,NaT
OPH,2026,2026-07-20,Update - Dividend/Distribution - OPH,dividend,,3116394,2026-07,NaT
OPH,2026,2026-06-11,Estimate Distribution for 30 June 2026,dividend,,3103246,2026-06,NaT
OPH,2026,2026-06-11,Dividend/Distribution - OPH,dividend,,3103243,2026-06,NaT
PCI,2019,2019-12-23,Dividend/Distribution - PCI,dividend,,2188476,2019-12,NaT
PCI,2019,2019-12-04,Update - Dividend/Distribution - PCI,dividend,,2181791,2019-12,NaT
PCI,2019,2019-11-25,Dividend/Distribution - PCI,dividend,,2176902,2019-11,NaT
PCI,2019,2019-11-06,Update - Dividend/Distribution - PCI,dividend,,2169669,2019-11,NaT
PCI,2019,2019-11-05,Update - Dividend/Distribution - PCI,dividend,,2169261,2019-11,NaT
PCI,2019,2019-10-25,Dividend/Distribution - PCI,dividend,,2163786,2019-10,NaT
PCI,2019,2019-10-03,Update - Dividend/Distribution - PCI,dividend,,2155436,2019-10,NaT
PCI,2019,2019-09-24,Dividend/Distribution - PCI,dividend,,2150176,2019-09,NaT
PCI,2019,2019-09-04,Update - Dividend/Distribution - PCI,dividend,,2143115,2019-09,NaT
PCI,2019,2019-08-26,Dividend/Distribution - PCI,dividend,,2137999,2019-08,NaT
PCI,2019,2019-08-02,Monthly Distribution Announcement - Actual - PCI,dividend,,2129758,2019-08,NaT
PCI,2019,2019-07-25,Monthly Distribution Announcement - Estimate - PCI,dividend,,2126133,2019-07,NaT
PCI,2019,2019-07-08,Update - Dividend/Distribution - PCI,dividend,,2121306,2019-07,NaT
PCI,2019,2019-06-24,PCI Announcement Indicative Distribution &amp; DRP - June 2019,dividend,,2116744,2019-06,NaT
PCI,2019,2019-06-20,Dividend/Distribution - PCI,dividend,,2115978,2019-06,NaT
PCI,2019,2019-05-13,Distribution Schedule,dividend,,2104990,2019-05,NaT
PCI,2020,2020-12-23,Dividend/Distribution - PCI,dividend,,2326000,2020-12,NaT
PCI,2020,2020-12-03,Update - Dividend/Distribution - PCI,dividend,,2317891,2020-12,NaT
PCI,2020,2020-11-24,Dividend/Distribution - PCI,dividend,,2312717,2020-11,NaT
PCI,2020,2020-11-04,Update - Dividend/Distribution - PCI,dividend,,2304677,2020-11,NaT
PCI,2020,2020-10-26,Dividend/Distribution - PCI,dividend,,2298677,2020-10,NaT
PCI,2020,2020-10-06,Update - Dividend/Distribution - PCI,dividend,,2290267,2020-10,NaT
PCI,2020,2020-09-24,Dividend/Distribution - PCI,dividend,,2284703,2020-09,NaT
PCI,2020,2020-09-03,Update - Dividend/Distribution - PCI,dividend,,2276992,2020-09,NaT
PCI,2020,2020-08-25,Dividend/Distribution - PCI,dividend,,2271196,2020-08,NaT
PCI,2020,2020-08-06,Update - Dividend/Distribution - PCI,dividend,,2263956,2020-08,NaT
PCI,2020,2020-07-27,Dividend/Distribution - PCI,dividend,,2258787,2020-07,NaT
PCI,2020,2020-07-03,Update - Dividend/Distribution - PCI,dividend,,2251291,2020-07,NaT
PCI,2020,2020-06-24,Dividend/Distribution - PCI,dividend,,2247501,2020-06,NaT
PCI,2020,2020-06-03,Update - Dividend/Distribution - PCI,dividend,,2241220,2020-06,NaT
PCI,2020,2020-05-25,Dividend/Distribution - PCI,dividend,,2238089,2020-05,NaT
PCI,2020,2020-05-05,Update - Dividend/Distribution - PCI,dividend,,2232292,2020-05,NaT
PCI,2020,2020-04-24,Dividend/Distribution - PCI,dividend,,2228026,2020-04,NaT
PCI,2020,2020-04-03,Update - Dividend/Distribution - PCI,dividend,,2221947,2020-04,NaT
PCI,2020,2020-03-25,Dividend/Distribution - PCI,dividend,,2218169,2020-03,NaT
PCI,2020,2020-03-04,Update - Dividend/Distribution - PCI,dividend,,2210559,2020-03,NaT
PCI,2020,2020-02-24,Dividend/Distribution - PCI,dividend,,2205771,2020-02,NaT
PCI,2020,2020-02-05,Update - Dividend/Distribution - PCI,dividend,,2199467,2020-02,NaT
PCI,2020,2020-01-24,Dividend/Distribution - PCI,dividend,,2195276,2020-01,NaT
PCI,2020,2020-01-06,Update - Dividend/Distribution - PCI,dividend,,2190725,2020-01,NaT
PCI,2021,2021-12-24,Dividend/Distribution - PCI,dividend,,2471601,2021-12,NaT
PCI,2021,2021-12-03,Update - Dividend/Distribution - PCI,dividend,,2462362,2021-12,NaT
PCI,2021,2021-11-24,Dividend/Distribution - PCI,dividend,,2456752,2021-11,NaT
PCI,2021,2021-11-03,Update - Dividend/Distribution - PCI,dividend,,2447129,2021-11,NaT
PCI,2021,2021-10-25,Dividend/Distribution - PCI,dividend,,2440571,2021-10,NaT
PCI,2021,2021-10-06,Update - Dividend/Distribution - PCI,dividend,,2432249,2021-10,NaT
PCI,2021,2021-09-24,Dividend/Distribution - PCI,dividend,,2425732,2021-09,NaT
PCI,2021,2021-09-03,Update - Dividend/Distribution - PCI,dividend,,2417627,2021-09,NaT
PCI,2021,2021-08-25,Dividend/Distribution - PCI,dividend,,2411751,2021-08,NaT
PCI,2021,2021-08-05,Update - Dividend/Distribution - PCI,dividend,,2404176,2021-08,NaT
PCI,2021,2021-07-26,Dividend/Distribution - PCI,dividend,,2398853,2021-07,NaT
PCI,2021,2021-07-07,Revised Payment Date for June 2021 Distributions,dividend,,2393216,2021-07,NaT
PCI,2021,2021-07-05,Update - Dividend/Distribution - PCI,dividend,,2392120,2021-07,NaT
PCI,2021,2021-06-24,Dividend/Distribution - PCI,dividend,,2387532,2021-06,NaT
PCI,2021,2021-06-03,Update - Dividend/Distribution - PCI,dividend,,2381585,2021-06,NaT
PCI,2021,2021-05-25,Dividend/Distribution - PCI,dividend,,2377798,2021-05,NaT
PCI,2021,2021-05-05,Update - Dividend/Distribution - PCI,dividend,,2371747,2021-05,NaT
PCI,2021,2021-04-26,Dividend/Distribution - PCI,dividend,,2366820,2021-04,NaT
PCI,2021,2021-04-07,Update - Dividend/Distribution - PCI,dividend,,2361326,2021-04,NaT
PCI,2021,2021-03-24,Dividend/Distribution - PCI,dividend,,2356896,2021-03,NaT
PCI,2021,2021-03-09,Update - Dividend/Distribution - PCI,dividend,,2351499,2021-03,NaT
PCI,2021,2021-02-26,Dividend/Distribution - PCI,dividend,,2348010,2021-02,NaT
PCI,2021,2021-02-04,Update - Dividend/Distribution - PCI,dividend,,2338067,2021-02,NaT
PCI,2021,2021-01-22,Dividend/Distribution - PCI,dividend,,2332807,2021-01,NaT
PCI,2021,2021-01-07,Update - Dividend/Distribution - PCI,dividend,,2328801,2021-01,NaT
PCI,2022,2022-12-28,Distribution - PCI - amendment,dividend,,2617148,2022-12,NaT
PCI,2022,2022-12-23,Dividend/Distribution - PCI,dividend,,2616841,2022-12,NaT
PCI,2022,2022-12-05,Update - Dividend/Distribution - PCI,dividend,,2608166,2022-12,NaT
PCI,2022,2022-11-24,Dividend/Distribution - PCI,dividend,,2602545,2022-11,NaT
PCI,2022,2022-11-03,Update - Dividend/Distribution - PCI,dividend,,2593399,2022-11,NaT
PCI,2022,2022-10-25,Dividend/Distribution - PCI,dividend,,2587330,2022-10,NaT
PCI,2022,2022-10-25,Suspension of Distribution Reinvestment Plan (DRP),dividend,,2587317,2022-10,NaT
PCI,2022,2022-10-05,Update - Dividend/Distribution - PCI,dividend,,2577796,2022-10,NaT
PCI,2022,2022-09-26,Dividend/Distribution - PCI,dividend,,2572426,2022-09,NaT
PCI,2022,2022-09-05,Update - Dividend/Distribution - PCI,dividend,,2563930,2022-09,NaT
PCI,2022,2022-08-25,Dividend/Distribution - PCI,dividend,,2558212,2022-08,NaT
PCI,2022,2022-08-04,Update - Dividend/Distribution - PCI,dividend,,2549788,2022-08,NaT
PCI,2022,2022-07-27,Update - Dividend/Distribution - PCI,dividend,,2545718,2022-07,NaT
PCI,2022,2022-07-25,Dividend/Distribution - PCI,dividend,,2544851,2022-07,NaT
PCI,2022,2022-07-11,Update - Dividend/Distribution - PCI,dividend,,2540835,2022-07,NaT
PCI,2022,2022-06-24,Dividend/Distribution - PCI,dividend,,2534886,2022-06,NaT
PCI,2022,2022-06-03,Update - Dividend/Distribution - PCI,dividend,,2528172,2022-06,NaT
PCI,2022,2022-05-25,Dividend/Distribution - PCI,dividend,,2524778,2022-05,NaT
PCI,2022,2022-05-04,Update - Dividend/Distribution - PCI,dividend,,2518077,2022-05,NaT
PCI,2022,2022-04-22,Dividend/Distribution - PCI,dividend,,2512659,2022-04,NaT
PCI,2022,2022-04-05,Update - Dividend/Distribution - PCI,dividend,,2506735,2022-04,NaT
PCI,2022,2022-03-25,Dividend/Distribution - PCI,dividend,,2502905,2022-03,NaT
PCI,2022,2022-03-03,Update - Dividend/Distribution - PCI,dividend,,2494942,2022-03,NaT
PCI,2022,2022-02-22,Dividend/Distribution - PCI,dividend,,2489319,2022-02,NaT
PCI,2022,2022-02-03,Update - Dividend/Distribution - PCI,dividend,,2482811,2022-02,NaT
PCI,2022,2022-01-24,Dividend/Distribution - PCI,dividend,,2478459,2022-01,NaT
PCI,2022,2022-01-07,Update - Dividend/Distribution - PCI,dividend,,2473743,2022-01,NaT
PCI,2023,2023-12-21,Dividend/Distribution - PCI,dividend,,2757256,2023-12,NaT
PCI,2023,2023-12-05,Update - Dividend/Distribution - PCI,dividend,,2750343,2023-12,NaT
PCI,2023,2023-11-24,Dividend/Distribution - PCI,dividend,,2745090,2023-11,NaT
PCI,2023,2023-11-14,Amended Distribution Reinvestment Plan,dividend,,2739746,2023-11,NaT
PCI,2023,2023-11-03,Update - Dividend/Distribution - PCI,dividend,,2735915,2023-11,NaT
PCI,2023,2023-10-25,Dividend/Distribution - PCI,dividend,,2730074,2023-10,NaT
PCI,2023,2023-10-05,Update - Dividend/Distribution - PCI,dividend,,2721744,2023-10,NaT
PCI,2023,2023-09-25,Dividend/Distribution - PCI,dividend,,2716019,2023-09,NaT
PCI,2023,2023-09-05,Update - Dividend/Distribution - PCI,dividend,,2708031,2023-09,NaT
PCI,2023,2023-08-25,Dividend/Distribution - PCI,dividend,,2702380,2023-08,NaT
PCI,2023,2023-08-03,Update - Dividend/Distribution - PCI,dividend,,2693902,2023-08,NaT
PCI,2023,2023-07-25,Dividend/Distribution - PCI,dividend,,2689795,2023-07,NaT
PCI,2023,2023-07-10,Update - Dividend/Distribution - PCI,dividend,,2685211,2023-07,NaT
PCI,2023,2023-06-26,Dividend/Distribution - PCI,dividend,,2679415,2023-06,NaT
PCI,2023,2023-06-05,Update - Dividend/Distribution - PCI,dividend,,2673081,2023-06,NaT
PCI,2023,2023-05-25,Dividend/Distribution - PCI,dividend,,2669412,2023-05,NaT
PCI,2023,2023-05-04,Update - Dividend/Distribution - PCI,dividend,,2662320,2023-05,NaT
PCI,2023,2023-04-24,Dividend/Distribution - PCI,dividend,,2657079,2023-04,NaT
PCI,2023,2023-04-05,Update - Dividend/Distribution - PCI,dividend,,2651638,2023-04,NaT
PCI,2023,2023-03-27,Dividend/Distribution - PCI,dividend,,2647852,2023-03,NaT
PCI,2023,2023-03-03,Update - Dividend/Distribution - PCI,dividend,,2639473,2023-03,NaT
PCI,2023,2023-02-22,Dividend/Distribution - PCI,dividend,,2634386,2023-02,NaT
PCI,2023,2023-02-03,Update - Dividend/Distribution - PCI,dividend,,2627717,2023-02,NaT
PCI,2023,2023-01-24,Dividend/Distribution - PCI,dividend,,2623585,2023-01,NaT
PCI,2023,2023-01-06,Update - Dividend/Distribution - PCI,dividend,,2618929,2023-01,NaT
PCI,2024,2024-12-24,Dividend/Distribution - PCI,dividend,,2899886,2024-12,NaT
PCI,2024,2024-12-04,Update - Dividend/Distribution - PCI,dividend,,2891319,2024-12,NaT
PCI,2024,2024-11-25,Dividend/Distribution - PCI,dividend,,2886316,2024-11,NaT
PCI,2024,2024-11-05,Update - Dividend/Distribution - PCI,dividend,,2878112,2024-11,NaT
PCI,2024,2024-10-25,Dividend/Distribution - PCI,dividend,,2872460,2024-10,NaT
PCI,2024,2024-10-14,Update - Dividend/Distribution - PCI,dividend,,2866793,2024-10,NaT
PCI,2024,2024-09-24,Dividend/Distribution - PCI,dividend,,2857251,2024-09,NaT
PCI,2024,2024-09-04,Update - Dividend/Distribution - PCI,dividend,,2849483,2024-09,NaT
PCI,2024,2024-08-26,Dividend/Distribution - PCI,dividend,,2843915,2024-08,NaT
PCI,2024,2024-08-07,Update - Dividend/Distribution - PCI,dividend,,2837116,2024-08,NaT
PCI,2024,2024-07-29,Dividend/Distribution - PCI,dividend,,2833205,2024-07,NaT
PCI,2024,2024-07-11,Update - Dividend/Distribution - PCI,dividend,,2827646,2024-07,NaT
PCI,2024,2024-06-24,Dividend/Distribution - PCI,dividend,,2820910,2024-06,NaT
PCI,2024,2024-06-05,Update - Dividend/Distribution - PCI,dividend,,2815005,2024-06,NaT
PCI,2024,2024-05-27,Dividend/Distribution - PCI,dividend,,2811387,2024-05,NaT
PCI,2024,2024-05-03,Update - Dividend/Distribution - PCI,dividend,,2803561,2024-05,NaT
PCI,2024,2024-04-23,Dividend/Distribution - PCI,dividend,,2798800,2024-04,NaT
PCI,2024,2024-04-04,Update - Dividend/Distribution - PCI,dividend,,2792493,2024-04,NaT
PCI,2024,2024-03-22,Dividend/Distribution - PCI,dividend,,2788268,2024-03,NaT
PCI,2024,2024-03-05,Update - Dividend/Distribution - PCI,dividend,,2781716,2024-03,NaT
PCI,2024,2024-02-23,Dividend/Distribution - PCI,dividend,,2776852,2024-02,NaT
PCI,2024,2024-02-05,Update - Dividend/Distribution - PCI,dividend,,2769609,2024-02,NaT
PCI,2024,2024-01-24,Dividend/Distribution - PCI,dividend,,2765560,2024-01,NaT
PCI,2024,2024-01-22,Reinstatement of Distribution Reinvestment Plan (DRP),dividend,,2764762,2024-01,NaT
PCI,2024,2024-01-04,Update - Dividend/Distribution - PCI,dividend,,2760375,2024-01,NaT
PCI,2025,2025-12-23,Dividend/Distribution - PCI,dividend,,3044590,2025-12,NaT
PCI,2025,2025-12-03,Update - Dividend/Distribution - PCI,dividend,,3036256,2025-12,NaT
PCI,2025,2025-11-25,Update - Dividend/Distribution - PCI,dividend,,3031749,2025-11,NaT
PCI,2025,2025-11-24,Dividend/Distribution - PCI,dividend,,3031027,2025-11,NaT
PCI,2025,2025-11-05,Update - Dividend/Distribution - PCI,dividend,,3021166,2025-11,NaT
PCI,2025,2025-10-27,Dividend/Distribution - PCI,dividend,,3015810,2025-10,NaT
PCI,2025,2025-10-03,Update - Dividend/Distribution - PCI,dividend,,3005054,2025-10,NaT
PCI,2025,2025-09-24,Dividend/Distribution - PCI,dividend,,2999419,2025-09,NaT
PCI,2025,2025-09-03,Update - Dividend/Distribution - PCI,dividend,,2990457,2025-09,NaT
PCI,2025,2025-08-25,Dividend/Distribution - PCI,dividend,,2984744,2025-08,NaT
PCI,2025,2025-08-06,Update - Dividend/Distribution - PCI,dividend,,2977482,2025-08,NaT
PCI,2025,2025-07-25,Dividend/Distribution - PCI,dividend,,2972716,2025-07,NaT
PCI,2025,2025-07-11,Update - Dividend/Distribution - PCI,dividend,,2968549,2025-07,NaT
PCI,2025,2025-06-24,Dividend/Distribution - PCI,dividend,,2961400,2025-06,NaT
PCI,2025,2025-06-04,Update - Dividend/Distribution - PCI,dividend,,2955179,2025-06,NaT
PCI,2025,2025-05-26,Dividend/Distribution - PCI,dividend,,2951916,2025-05,NaT
PCI,2025,2025-05-05,Update - Dividend/Distribution - PCI,dividend,,2944820,2025-05,NaT
PCI,2025,2025-04-24,Dividend/Distribution - PCI,dividend,,2940759,2025-04,NaT
PCI,2025,2025-04-03,Update - Dividend/Distribution - PCI,dividend,,2933757,2025-04,NaT
PCI,2025,2025-03-25,Dividend/Distribution - PCI,dividend,,2929924,2025-03,NaT
PCI,2025,2025-03-05,Update - Dividend/Distribution - PCI,dividend,,2922624,2025-03,NaT
PCI,2025,2025-02-24,Dividend/Distribution - PCI,dividend,,2917523,2025-02,NaT
PCI,2025,2025-02-05,Update - Dividend/Distribution - PCI,dividend,,2910994,2025-02,NaT
PCI,2025,2025-01-24,Dividend/Distribution - PCI,dividend,,2907096,2025-01,NaT
PCI,2025,2025-01-06,Update - Dividend/Distribution - PCI,dividend,,2901917,2025-01,NaT
PCI,2026,2026-08-25,Dividend/Distribution - PCI,dividend,,3129669,2026-08,NaT
PCI,2026,2026-08-06,Update - Dividend/Distribution - PCI,dividend,,3122550,2026-08,NaT
PCI,2026,2026-07-27,Dividend/Distribution - PCI,dividend,,3118436,2026-07,NaT
PCI,2026,2026-07-10,Update - Dividend/Distribution - PCI,dividend,,3113853,2026-07,NaT
PCI,2026,2026-07-02,Update - Dividend/Distribution - PCI,dividend,,3110951,2026-07,NaT
PCI,2026,2026-06-24,Dividend/Distribution - PCI,dividend,,3107257,2026-06,NaT
PCI,2026,2026-06-03,Update - Dividend/Distribution - PCI,dividend,,3100639,2026-06,NaT
PCI,2026,2026-05-25,Dividend/Distribution - PCI,dividend,,3097118,2026-05,NaT
PCI,2026,2026-05-05,Update - Dividend/Distribution - PCI,dividend,,3090437,2026-05,NaT
PCI,2026,2026-04-24,Dividend/Distribution - PCI,dividend,,3086068,2026-04,NaT
PCI,2026,2026-04-07,Update - Dividend/Distribution - PCI,dividend,,3079781,2026-04,NaT
PCI,2026,2026-03-25,Dividend/Distribution - PCI,dividend,,3075626,2026-03,NaT
PCI,2026,2026-03-04,Update - Dividend/Distribution - PCI,dividend,,3068203,2026-03,NaT
PCI,2026,2026-02-23,Dividend/Distribution - PCI,dividend,,3063327,2026-02,NaT
PCI,2026,2026-02-04,Update - Dividend/Distribution - PCI,dividend,,3056674,2026-02,NaT
PCI,2026,2026-01-23,Dividend/Distribution - PCI,dividend,,3052365,2026-01,NaT
PCI,2026,2026-01-06,Update - Dividend/Distribution - PCI,dividend,,3047361,2026-01,NaT
PCX,2024,2024-12-19,Dividend/Distribution - PCX,dividend,,2898323,2024-12,NaT
PCX,2024,2024-12-13,Update - Dividend/Distribution - PCX,dividend,,2895537,2024-12,NaT
PCX,2024,2024-11-26,Dividend/Distribution - PCX,dividend,,2887224,2024-11,NaT
PCX,2024,2024-11-14,Update - Dividend/Distribution - PCX,dividend,,2881812,2024-11,NaT
PCX,2024,2024-10-23,Dividend/Distribution - PCX,dividend,,2871167,2024-10,NaT
PCX,2024,2024-10-16,Update - Dividend/Distribution - PCX,dividend,,2868463,2024-10,NaT
PCX,2024,2024-09-25,Dividend/Distribution - PCX,dividend,,2858127,2024-09,NaT
PCX,2024,2024-09-12,Update - Dividend/Distribution - PCX,dividend,,2853007,2024-09,NaT
PCX,2024,2024-08-26,Dividend/Distribution - PCX,dividend,,2844249,2024-08,NaT
PCX,2024,2024-08-15,Update - Dividend/Distribution - PCX,dividend,,2839761,2024-08,NaT
PCX,2024,2024-07-26,Dividend/Distribution - PCX,dividend,,2832732,2024-07,NaT
PCX,2024,2024-06-19,Distribution Schedule,dividend,,2819691,2024-06,NaT
PCX,2024,2024-06-19,Distribution Reinvestment Plan Rules,dividend,,2819688,2024-06,NaT
PCX,2025,2025-12-22,Dividend/Distribution - PCX,dividend,,3044073,2025-12,NaT
PCX,2025,2025-12-12,Update - Dividend/Distribution - PCX,dividend,,3040738,2025-12,NaT
PCX,2025,2025-11-24,Dividend/Distribution - PCX,dividend,,3031124,2025-11,NaT
PCX,2025,2025-11-13,Update - Dividend/Distribution - PCX,dividend,,3024951,2025-11,NaT
PCX,2025,2025-10-29,Dividend/Distribution - PCX,dividend,,3017212,2025-10,NaT
PCX,2025,2025-10-13,Update - Dividend/Distribution - PCX,dividend,,3008890,2025-10,NaT
PCX,2025,2025-09-24,Dividend/Distribution - PCX,dividend,,2999335,2025-09,NaT
PCX,2025,2025-09-09,Update - Dividend/Distribution - PCX,dividend,,2992956,2025-09,NaT
PCX,2025,2025-08-25,Dividend/Distribution - PCX,dividend,,2984735,2025-08,NaT
PCX,2025,2025-08-13,Update - Dividend/Distribution - PCX,dividend,,2979783,2025-08,NaT
PCX,2025,2025-07-28,Dividend/Distribution - PCX,dividend,,2973228,2025-07,NaT
PCX,2025,2025-07-11,Update - Dividend/Distribution - PCX,dividend,,2968508,2025-07,NaT
PCX,2025,2025-06-25,Update - Dividend/Distribution - PCX,dividend,,2962029,2025-06,NaT
PCX,2025,2025-06-23,Dividend/Distribution - PCX,dividend,,2961141,2025-06,NaT
PCX,2025,2025-06-13,Update - Dividend/Distribution - PCX,dividend,,2958079,2025-06,NaT
PCX,2025,2025-05-26,Dividend/Distribution - PCX,dividend,,2952031,2025-05,NaT
PCX,2025,2025-05-14,Update - Dividend/Distribution - PCX,dividend,,2948052,2025-05,NaT
PCX,2025,2025-04-22,Dividend/Distribution - PCX,dividend,,2939862,2025-04,NaT
PCX,2025,2025-04-10,Update - Dividend/Distribution - PCX,dividend,,2936656,2025-04,NaT
PCX,2025,2025-03-24,Dividend/Distribution - PCX,dividend,,2929707,2025-03,NaT
PCX,2025,2025-03-12,Update - Dividend/Distribution - PCX,dividend,,2925322,2025-03,NaT
PCX,2025,2025-02-24,Dividend/Distribution - PCX,dividend,,2918056,2025-02,NaT
PCX,2025,2025-02-12,Update - Dividend/Distribution - PCX,dividend,,2913434,2025-02,NaT
PCX,2025,2025-01-24,Dividend/Distribution - PCX,dividend,,2907242,2025-01,NaT
PCX,2025,2025-01-10,Update - Dividend/Distribution - PCX,dividend,,2903553,2025-01,NaT
PCX,2026,2026-08-25,Dividend/Distribution - PCX,dividend,,3129692,2026-08,NaT
PCX,2026,2026-08-13,Update - Dividend/Distribution - PCX,dividend,,3124909,2026-08,NaT
PCX,2026,2026-07-28,Dividend/Distribution - PCX,dividend,,3118752,2026-07,NaT
PCX,2026,2026-07-15,Update - Dividend/Distribution - PCX,dividend,,3115158,2026-07,NaT
PCX,2026,2026-06-24,Dividend/Distribution - PCX,dividend,,3107142,2026-06,NaT
PCX,2026,2026-06-10,Update - Dividend/Distribution - PCX,dividend,,3102583,2026-06,NaT
PCX,2026,2026-05-25,Dividend/Distribution - PCX,dividend,,3097133,2026-05,NaT
PCX,2026,2026-05-12,Update - Dividend/Distribution - PCX,dividend,,3092934,2026-05,NaT
PCX,2026,2026-04-24,Dividend/Distribution - PCX,dividend,,3085984,2026-04,NaT
PCX,2026,2026-04-15,Update - Dividend/Distribution - PCX,dividend,,3082735,2026-04,NaT
PCX,2026,2026-03-24,Dividend/Distribution - PCX,dividend,,3075247,2026-03,NaT
PCX,2026,2026-03-11,Update - Dividend/Distribution - PCX,dividend,,3070628,2026-03,NaT
PCX,2026,2026-02-23,Dividend/Distribution - PCX,dividend,,3063279,2026-02,NaT
PCX,2026,2026-02-09,Update - Dividend/Distribution - PCX,dividend,,3058133,2026-02,NaT
PCX,2026,2026-01-22,Dividend/Distribution - PCX,dividend,,3052105,2026-01,NaT
PCX,2026,2026-01-12,Update - Dividend/Distribution - PCX,dividend,,3049025,2026-01,NaT
PE1,2019,2019-12-27,Dividend/Distribution - PE1,dividend,,2189434,2019-12,NaT
PE1,2019,2019-04-24,Dividend Reinvestment Plan,dividend,,2098673,2019-04,NaT
PE1,2019,2019-04-24,Distribution Schedule,dividend,,2098669,2019-04,NaT
PE1,2020,2020-12-29,Dividend/Distribution - PE1,dividend,,2326951,2020-12,NaT
PE1,2020,2020-06-12,Dividend Reinvestment Plan - updated,dividend,,2244121,2020-06,NaT
PE1,2020,2020-06-11,Dividend/Distribution - PE1,dividend,,2243570,2020-06,NaT
PE1,2020,2020-03-17,Dividend/Distribution - PE1,dividend,,2215427,2020-03,NaT
PE1,2020,2020-01-10,Update - Dividend/Distribution - PE1,dividend,,2192073,2020-01,NaT
PE1,2021,2021-12-24,Dividend/Distribution - PE1,dividend,,2471579,2021-12,NaT
PE1,2021,2021-09-14,Update - PE1 Distribution - Appendix 03A.05,dividend,,2421371,2021-09,NaT
PE1,2021,2021-08-31,PE1 Announcement Alignment Shares Distribution,dividend,,2414966,2021-08,NaT
PE1,2021,2021-08-31,PE1 Distribution - Appendix 03A.05,dividend,,2414960,2021-08,NaT
PE1,2021,2021-07-14,Update - Dividend/Distribution - PE1,dividend,,2395164,2021-07,NaT
PE1,2021,2021-06-28,Dividend/Distribution - PE1,dividend,,2388844,2021-06,NaT
PE1,2021,2021-01-11,Update - Dividend/Distribution - PE1,dividend,,2329618,2021-01,NaT
PE1,2022,2022-12-23,Dividend/Distribution - PE1,dividend,,2616832,2022-12,NaT
PE1,2022,2022-07-22,Update - Dividend/Distribution - PE1,dividend,,2544477,2022-07,NaT
PE1,2022,2022-06-29,Update - Dividend/Distribution - PE1,dividend,,2536524,2022-06,NaT
PE1,2022,2022-06-29,PE1 Distribution Reinvestment Price Update,dividend,,2536483,2022-06,NaT
PE1,2022,2022-06-21,PE1 Distribution Announcement,dividend,,2533761,2022-06,NaT
PE1,2022,2022-06-21,Dividend/Distribution - PE1,dividend,,2533711,2022-06,NaT
PE1,2022,2022-01-12,Update - Dividend/Distribution - PE1,dividend,,2474854,2022-01,NaT
PE1,2023,2023-12-19,Update - Dividend/Distribution - PE1,dividend,,2756235,2023-12,NaT
PE1,2023,2023-12-19,Dividend/Distribution - PE1,dividend,,2756189,2023-12,NaT
PE1,2023,2023-07-19,Update - Dividend/Distribution - PE1,dividend,,2688199,2023-07,NaT
PE1,2023,2023-06-26,Dividend/Distribution - PE1,dividend,,2679482,2023-06,NaT
PE1,2023,2023-01-20,Update - Dividend/Distribution - PE1,dividend,,2622860,2023-01,NaT
PE1,2024,2024-12-19,Dividend/Distribution - PE1,dividend,,2898345,2024-12,NaT
PE1,2024,2024-07-17,Update - Dividend/Distribution - PE1,dividend,,2829521,2024-07,NaT
PE1,2024,2024-06-25,Dividend/Distribution - PE1,dividend,,2821367,2024-06,NaT
PE1,2024,2024-01-18,Update - Dividend/Distribution - PE1,dividend,,2764166,2024-01,NaT
PE1,2025,2025-12-22,Dividend/Distribution - PE1,dividend,,3044069,2025-12,NaT
PE1,2025,2025-07-21,Update - Dividend/Distribution - PE1,dividend,,2971193,2025-07,NaT
PE1,2025,2025-06-23,Dividend/Distribution - PE1,dividend,,2961144,2025-06,NaT
PE1,2025,2025-01-24,Update - Dividend/Distribution - PE1,dividend,,2907049,2025-01,NaT
PE1,2026,2026-07-20,Update - Dividend/Distribution - PE1,dividend,,3116373,2026-07,NaT
PE1,2026,2026-06-25,Dividend/Distribution - PE1,dividend,,3107649,2026-06,NaT
PE1,2026,2026-01-28,Update - Dividend/Distribution - PE1,dividend,,3053461,2026-01,NaT
PGF,2016,2016-09-26,Update - Dividend/Distribution - PGF,dividend,,1782501,2016-09,NaT
PGF,2016,2016-08-19,Dividend Details - PGF announces final dividend,dividend,,1768841,2016-08,NaT
PGF,2016,2016-08-18,Dividend/Distribution - PGF,dividend,,1768617,2016-08,NaT
PGF,2016,2016-03-31,Update - Dividend/Distribution - PGF,dividend,,1727042,2016-03,NaT
PGF,2016,2016-02-18,PGF - Announces Inaugural Dividend,dividend,,1713110,2016-02,NaT
PGF,2016,2016-02-18,Dividend/Distribution - PGF,dividend,,1713108,2016-02,NaT
PGF,2016,2016-02-09,Dividend Reinvestment Plan,dividend,,1710148,2016-02,NaT
PGF,2017,2017-09-25,Update - Dividend/Distribution - PGF,dividend,,1899597,2017-09,NaT
PGF,2017,2017-08-17,Dividend/Distribution - PGF,dividend,,1884880,2017-08,NaT
PGF,2017,2017-03-27,Update - Dividend/Distribution - PGF,dividend,,1842180,2017-03,NaT
PGF,2017,2017-02-16,PGF - Announces Interim Dividend,dividend,,1829075,2017-02,NaT
PGF,2017,2017-02-16,Dividend/Distribution - PGF,dividend,,1829073,2017-02,NaT
PGF,2018,2018-09-25,Update - Dividend/Distribution - PGF,dividend,,2026134,2018-09,NaT
PGF,2018,2018-08-16,Dividend/Distribution - PGF,dividend,,2010319,2018-08,NaT
PGF,2018,2018-03-26,Update - Dividend/Distribution - PGF,dividend,,1965416,2018-03,NaT
PGF,2018,2018-02-15,Dividend/Distribution - PGF,dividend,,1950989,2018-02,NaT
PGF,2019,2019-10-02,Update - Dividend/Distribution - PGF,dividend,,2154692,2019-10,NaT
PGF,2019,2019-08-15,Dividend/Distribution - PGF,dividend,,2134130,2019-08,NaT
PGF,2019,2019-03-25,Update - Dividend/Distribution - PGF,dividend,,2089555,2019-03,NaT
PGF,2019,2019-02-14,Dividend/Distribution - PGF,dividend,,2075540,2019-02,NaT
PGF,2020,2020-10-06,Update - Dividend/Distribution - PGF,dividend,,2290213,2020-10,NaT
PGF,2020,2020-08-13,Dividend/Distribution - PGF,dividend,,2266315,2020-08,NaT
PGF,2020,2020-03-23,Update - Dividend/Distribution - PGF,dividend,,2217238,2020-03,NaT
PGF,2020,2020-02-13,Dividend/Distribution - PGF,dividend,,2202094,2020-02,NaT
PGF,2021,2021-10-11,Update - Dividend/Distribution - PGF,dividend,,2433994,2021-10,NaT
PGF,2021,2021-08-12,Dividend Guidance,dividend,,2406414,2021-08,NaT
PGF,2021,2021-08-12,Dividend/Distribution - PGF,dividend,,2406404,2021-08,NaT
PGF,2021,2021-05-12,Dividend Guidance,dividend,,2374087,2021-05,NaT
PGF,2021,2021-03-22,Update - Dividend/Distribution - PGF,dividend,,2355998,2021-03,NaT
PGF,2021,2021-02-11,Dividend/Distribution - PGF,dividend,,2340337,2021-02,NaT
PGF,2022,2022-10-04,Update - Dividend/Distribution - PGF,dividend,,2577289,2022-10,NaT
PGF,2022,2022-08-11,Dividend Guidance,dividend,,2552183,2022-08,NaT
PGF,2022,2022-08-11,Dividend/Distribution - PGF,dividend,,2552179,2022-08,NaT
PGF,2022,2022-04-26,Update - Dividend/Distribution - PGF,dividend,,2513336,2022-04,NaT
PGF,2022,2022-02-11,Dividend Guidance &amp; Investment Performance,dividend,,2485817,2022-02,NaT
PGF,2022,2022-02-11,Dividend/Distribution - PGF,dividend,,2485802,2022-02,NaT
PGF,2022,2022-01-25,Timing of Half Year Report &amp; Dividend,dividend,,2478731,2022-01,NaT
PGF,2023,2023-10-03,Update - Dividend/Distribution - PGF,dividend,,2720478,2023-10,NaT
PGF,2023,2023-08-10,Dividend Guidance,dividend,,2696358,2023-08,NaT
PGF,2023,2023-08-10,Dividend/Distribution - PGF,dividend,,2696354,2023-08,NaT
PGF,2023,2023-04-11,Update - Dividend/Distribution - PGF,dividend,,2652938,2023-04,NaT
PGF,2023,2023-02-09,Dividend Guidance &amp; Investment Performance,dividend,,2629744,2023-02,NaT
PGF,2023,2023-02-09,Dividend/Distribution - PGF,dividend,,2629733,2023-02,NaT
PGF,2024,2024-10-08,Update - Dividend/Distribution - PGF,dividend,,2864701,2024-10,NaT
PGF,2024,2024-08-08,Dividend Guidance Increased to 11c - Performance Update,dividend,,2837482,2024-08,NaT
PGF,2024,2024-08-08,Dividend/Distribution - PGF,dividend,,2837465,2024-08,NaT
PGF,2024,2024-07-30,Dividend Guidance,dividend,,2833708,2024-07,NaT
PGF,2024,2024-04-16,Update - Dividend/Distribution - PGF,dividend,,2796467,2024-04,NaT
PGF,2024,2024-02-08,Dividend Guidance &amp; Investment Performance,dividend,,2771175,2024-02,NaT
PGF,2024,2024-02-08,Dividend/Distribution - PGF,dividend,,2771173,2024-02,NaT
PGF,2025,2025-10-03,Update - Dividend/Distribution - PGF,dividend,,3005264,2025-10,NaT
PGF,2025,2025-08-11,Dividend Guidance &amp; Investment Performance,dividend,,2978862,2025-08,NaT
PGF,2025,2025-08-11,Dividend/Distribution - PGF,dividend,,2978846,2025-08,NaT
PGF,2025,2025-04-10,Update - Dividend/Distribution - PGF,dividend,,2936574,2025-04,NaT
PGF,2025,2025-02-07,Dividend Guidance &amp; Investment Performance,dividend,,2912120,2025-02,NaT
PGF,2025,2025-02-07,Dividend/Distribution - PGF,dividend,,2912119,2025-02,NaT
PGF,2026,2026-08-10,Dividend Guidance &amp; Investment Performance,dividend,,3123440,2026-08,NaT
PGF,2026,2026-08-10,Dividend/Distribution - PGF,dividend,,3123439,2026-08,NaT
PGF,2026,2026-04-14,Update - Dividend/Distribution - PGF,dividend,,3082344,2026-04,NaT
PGF,2026,2026-02-18,Update - Dividend/Distribution - PGF,dividend,,3061655,2026-02,NaT
PGF,2026,2026-02-16,Dividend Guidance &amp; Investment Performance,dividend,,3060553,2026-02,NaT
PGF,2026,2026-02-16,Dividend/Distribution - PGF,dividend,,3060548,2026-02,NaT
PGG,2019,2019-12-23,Dividend/Distribution - PGG,dividend,,2188843,2019-12,NaT
PGG,2019,2019-09-25,Distribution Schedule,dividend,,2150843,2019-09,NaT
PGG,2020,2020-12-23,Dividend/Distribution - PGG,dividend,,2326245,2020-12,NaT
PGG,2020,2020-12-15,Update - Dividend/Distribution - PGG,dividend,,2322500,2020-12,NaT
PGG,2020,2020-11-26,Dividend/Distribution - PGG,dividend,,2314491,2020-11,NaT
PGG,2020,2020-11-13,Update - Dividend/Distribution - PGG,dividend,,2308579,2020-11,NaT
PGG,2020,2020-10-27,Dividend/Distribution - PGG,dividend,,2299644,2020-10,NaT
PGG,2020,2020-10-15,Update - Dividend/Distribution - PGG,dividend,,2294303,2020-10,NaT
PGG,2020,2020-09-25,Dividend/Distribution - PGG,dividend,,2285531,2020-09,NaT
PGG,2020,2020-09-18,Update - Dividend/Distribution - PGG,dividend,,2282585,2020-09,NaT
PGG,2020,2020-09-14,Update - Dividend/Distribution - PGG,dividend,,2280597,2020-09,NaT
PGG,2020,2020-08-26,Dividend/Distribution - PGG,dividend,,2272084,2020-08,NaT
PGG,2020,2020-08-18,Update - Dividend/Distribution - PGG,dividend,,2267954,2020-08,NaT
PGG,2020,2020-07-28,Dividend/Distribution - PGG,dividend,,2259461,2020-07,NaT
PGG,2020,2020-07-14,Additional Info Distribution 30062020,dividend,,2254645,2020-07,NaT
PGG,2020,2020-07-06,Update - Dividend/Distribution - PGG,dividend,,2252229,2020-07,NaT
PGG,2020,2020-06-25,Dividend/Distribution - PGG,dividend,,2248161,2020-06,NaT
PGG,2020,2020-06-15,Update - Dividend/Distribution - PGG,dividend,,2244525,2020-06,NaT
PGG,2020,2020-05-27,Dividend/Distribution - PGG,dividend,,2238845,2020-05,NaT
PGG,2020,2020-05-14,Update - Dividend/Distribution - PGG,dividend,,2235447,2020-05,NaT
PGG,2020,2020-04-24,Dividend/Distribution - PGG,dividend,,2228184,2020-04,NaT
PGG,2020,2020-04-14,Update - Dividend/Distribution - PGG,dividend,,2224672,2020-04,NaT
PGG,2020,2020-03-26,Dividend/Distribution - PGG,dividend,,2218823,2020-03,NaT
PGG,2020,2020-03-20,Update - Dividend/Distribution - PGG,dividend,,2216731,2020-03,NaT
PGG,2020,2020-02-25,Dividend/Distribution - PGG,dividend,,2206377,2020-02,NaT
PGG,2020,2020-02-13,Update - Dividend/Distribution - PGG,dividend,,2201895,2020-02,NaT
PGG,2020,2020-01-28,Dividend/Distribution - PGG,dividend,,2195928,2020-01,NaT
PGG,2020,2020-01-13,Update - Dividend/Distribution - PGG,dividend,,2192476,2020-01,NaT
PGG,2021,2021-12-24,Dividend/Distribution - PGG,dividend,,2471498,2021-12,NaT
PGG,2021,2021-12-14,Update - Dividend/Distribution - PGG,dividend,,2466573,2021-12,NaT
PGG,2021,2021-11-24,Dividend/Distribution - PGG,dividend,,2457028,2021-11,NaT
PGG,2021,2021-11-12,Update - Dividend/Distribution - PGG,dividend,,2451568,2021-11,NaT
PGG,2021,2021-10-25,Dividend/Distribution - PGG,dividend,,2440617,2021-10,NaT
PGG,2021,2021-10-14,Update - Dividend/Distribution - PGG,dividend,,2435731,2021-10,NaT
PGG,2021,2021-09-24,Dividend/Distribution - PGG,dividend,,2425759,2021-09,NaT
PGG,2021,2021-09-14,Update - Dividend/Distribution - PGG,dividend,,2421353,2021-09,NaT
PGG,2021,2021-08-25,Dividend/Distribution - PGG,dividend,,2412058,2021-08,NaT
PGG,2021,2021-08-13,Update - Dividend/Distribution - PGG,dividend,,2406817,2021-08,NaT
PGG,2021,2021-07-27,Dividend/Distribution - PGG,dividend,,2399759,2021-07,NaT
PGG,2021,2021-07-14,Update - Dividend/Distribution - PGG,dividend,,2395263,2021-07,NaT
PGG,2021,2021-06-25,Dividend/Distribution - PGG,dividend,,2388216,2021-06,NaT
PGG,2021,2021-06-15,Update - Dividend/Distribution - PGG,dividend,,2384726,2021-06,NaT
PGG,2021,2021-05-25,Dividend/Distribution - PGG,dividend,,2377890,2021-05,NaT
PGG,2021,2021-05-14,Update - Dividend/Distribution - PGG,dividend,,2374857,2021-05,NaT
PGG,2021,2021-04-26,Dividend/Distribution - PGG,dividend,,2367086,2021-04,NaT
PGG,2021,2021-04-16,Update - Dividend/Distribution - PGG,dividend,,2364352,2021-04,NaT
PGG,2021,2021-03-25,Dividend/Distribution - PGG,dividend,,2357421,2021-03,NaT
PGG,2021,2021-03-12,Update - Dividend/Distribution - PGG,dividend,,2352915,2021-03,NaT
PGG,2021,2021-02-22,Dividend/Distribution - PGG,dividend,,2344348,2021-02,NaT
PGG,2021,2021-02-12,Update - Dividend/Distribution - PGG,dividend,,2340789,2021-02,NaT
PGG,2021,2021-01-25,Dividend/Distribution - PGG,dividend,,2333341,2021-01,NaT
PGG,2021,2021-01-15,Update - Dividend/Distribution - PGG,dividend,,2330995,2021-01,NaT
PGG,2022,2022-12-23,Dividend/Distribution - PGG,dividend,,2616779,2022-12,NaT
PGG,2022,2022-12-15,Update - Dividend/Distribution - PGG,dividend,,2613062,2022-12,NaT
PGG,2022,2022-11-24,Dividend/Distribution - PGG,dividend,,2602622,2022-11,NaT
PGG,2022,2022-11-14,Update - Dividend/Distribution - PGG,dividend,,2597769,2022-11,NaT
PGG,2022,2022-10-25,Dividend/Distribution - PGG,dividend,,2587593,2022-10,NaT
PGG,2022,2022-10-14,Update - Dividend/Distribution - PGG,dividend,,2582726,2022-10,NaT
PGG,2022,2022-09-26,Dividend/Distribution - PGG,dividend,,2572575,2022-09,NaT
PGG,2022,2022-09-14,Update - Dividend/Distribution - PGG,dividend,,2568103,2022-09,NaT
PGG,2022,2022-08-25,Dividend/Distribution - PGG,dividend,,2558419,2022-08,NaT
PGG,2022,2022-08-15,Update - Dividend/Distribution - PGG,dividend,,2553382,2022-08,NaT
PGG,2022,2022-07-25,Dividend/Distribution - PGG,dividend,,2545078,2022-07,NaT
PGG,2022,2022-07-19,Update - Dividend/Distribution - PGG,dividend,,2543239,2022-07,NaT
PGG,2022,2022-06-27,Dividend/Distribution - PGG,dividend,,2535552,2022-06,NaT
PGG,2022,2022-06-15,Update - Dividend/Distribution - PGG,dividend,,2532025,2022-06,NaT
PGG,2022,2022-05-25,Dividend/Distribution - PGG,dividend,,2525001,2022-05,NaT
PGG,2022,2022-05-13,Update - Dividend/Distribution - PGG,dividend,,2521554,2022-05,NaT
PGG,2022,2022-04-22,Dividend/Distribution - PGG,dividend,,2512837,2022-04,NaT
PGG,2022,2022-04-14,Update - Dividend/Distribution - PGG,dividend,,2510895,2022-04,NaT
PGG,2022,2022-03-25,Dividend/Distribution - PGG,dividend,,2503023,2022-03,NaT
PGG,2022,2022-03-14,Update - Dividend/Distribution - PGG,dividend,,2498735,2022-03,NaT
PGG,2022,2022-02-22,Dividend/Distribution - PGG,dividend,,2489760,2022-02,NaT
PGG,2022,2022-02-14,Update - Dividend/Distribution - PGG,dividend,,2486393,2022-02,NaT
PGG,2022,2022-01-24,Dividend/Distribution - PGG,dividend,,2478380,2022-01,NaT
PGG,2022,2022-01-17,Update - Dividend/Distribution - PGG,dividend,,2476256,2022-01,NaT
PGG,2023,2023-11-15,Update - Dividend/Distribution - PGG,dividend,,2740748,2023-11,NaT
PGG,2023,2023-10-26,Dividend/Distribution - PGG,dividend,,2730947,2023-10,NaT
PGG,2023,2023-10-16,Update - Dividend/Distribution - PGG,dividend,,2726146,2023-10,NaT
PGG,2023,2023-09-26,Dividend/Distribution - PGG,dividend,,2716536,2023-09,NaT
PGG,2023,2023-09-15,Update - Dividend/Distribution - PGG,dividend,,2712636,2023-09,NaT
PGG,2023,2023-08-28,Dividend/Distribution - PGG,dividend,,2703502,2023-08,NaT
PGG,2023,2023-08-15,Update - Dividend/Distribution - PGG,dividend,,2697641,2023-08,NaT
PGG,2023,2023-07-26,Dividend/Distribution - PGG,dividend,,2690343,2023-07,NaT
PGG,2023,2023-07-17,Update - Dividend/Distribution - PGG,dividend,,2687550,2023-07,NaT
PGG,2023,2023-06-27,Dividend/Distribution - PGG,dividend,,2680043,2023-06,NaT
PGG,2023,2023-06-16,Update - Dividend/Distribution - PGG,dividend,,2676996,2023-06,NaT
PGG,2023,2023-05-26,Dividend/Distribution - PGG,dividend,,2669971,2023-05,NaT
PGG,2023,2023-05-18,Update - Dividend/Distribution - PGG,dividend,,2667479,2023-05,NaT
PGG,2023,2023-05-02,Dividend/Distribution - PGG,dividend,,2661635,2023-05,NaT
PGG,2023,2023-04-19,Update - Dividend/Distribution - PGG,dividend,,2656007,2023-04,NaT
PGG,2023,2023-03-28,Dividend/Distribution - PGG,dividend,,2648432,2023-03,NaT
PGG,2023,2023-03-15,Update - Dividend/Distribution - PGG,dividend,,2643987,2023-03,NaT
PGG,2023,2023-02-23,Dividend/Distribution - PGG,dividend,,2635249,2023-02,NaT
PGG,2023,2023-02-15,Update - Dividend/Distribution - PGG,dividend,,2631749,2023-02,NaT
PGG,2023,2023-01-25,Dividend/Distribution - PGG,dividend,,2624094,2023-01,NaT
PGG,2023,2023-01-17,Update - Dividend/Distribution - PGG,dividend,,2621833,2023-01,NaT
PIA,2017,2017-12-12,Top 20 Option Holders and Option Distribution Schedule,dividend,,1932954,2017-12,NaT
PIA,2017,2017-09-29,Update - Dividend/Distribution - HHV,dividend,,1902147,2017-09,NaT
PIA,2017,2017-07-25,Dividend/Distribution - HHV,dividend,,1876540,2017-07,NaT
PIA,2017,2017-07-25,Dividend Announcement,dividend,,1876539,2017-07,NaT
PIA,2017,2017-06-06,"STRATEGIC PLAN - Board renewal, dividend policy",dividend,,1863296,2017-06,NaT
PIA,2017,2017-04-11,Update - Dividend/Distribution - HHV,dividend,,1847096,2017-04,NaT
PIA,2017,2017-01-31,Dividend/Distribution - HHV,dividend,,1823569,2017-01,NaT
PIA,2017,2017-01-31,Dividend Announcement,dividend,,1823564,2017-01,NaT
PIA,2018,2018-09-27,Update - Dividend/Distribution - PIA,dividend,,2027609,2018-09,NaT
PIA,2018,2018-09-17,Update - Dividend/Distribution - PIA,dividend,,2023221,2018-09,NaT
PIA,2018,2018-08-15,Dividend/Distribution - PIA,dividend,,2009606,2018-08,NaT
PIA,2018,2018-02-23,Update - Dividend/Distribution - PIA,dividend,,1954565,2018-02,NaT
PIA,2018,2018-02-21,Dividend/Distribution - PIA,dividend,,1953110,2018-02,NaT
PIA,2019,2019-11-14,Update - Dividend/Distribution - PIA,dividend,,2173034,2019-11,NaT
PIA,2019,2019-08-26,Dividend/Distribution - PIA,dividend,,2138345,2019-08,NaT
PIA,2019,2019-05-03,Update - Dividend/Distribution - PIA,dividend,,2102558,2019-05,NaT
PIA,2019,2019-02-22,Dividend/Distribution - PIA,dividend,,2078531,2019-02,NaT
PIA,2020,2020-11-25,PIA quarterly dividend announcement,dividend,,2313589,2020-11,NaT
PIA,2020,2020-11-25,Dividend/Distribution - PIA,dividend,,2313576,2020-11,NaT
PIA,2020,2020-10-29,PIA moves to quarterly dividends,dividend,,2301011,2020-10,NaT
PIA,2020,2020-10-16,Update - Dividend/Distribution - PIA,dividend,,2294807,2020-10,NaT
PIA,2020,2020-08-21,Dividend/Distribution - PIA,dividend,,2269888,2020-08,NaT
PIA,2020,2020-05-13,2020 FINAL DIVIDEND UPDATE &amp; AMENDMENT TO INVESTMENT MANDATE,dividend,,2234881,2020-05,NaT
PIA,2020,2020-04-28,Update - Dividend/Distribution - PIA,dividend,,2228986,2020-04,NaT
PIA,2020,2020-02-24,Dividend/Distribution - PIA,dividend,,2205713,2020-02,NaT
PIA,2021,2021-12-09,Update - Dividend/Distribution - PIA,dividend,,2464896,2021-12,NaT
PIA,2021,2021-10-20,Dividend/Distribution - PIA,dividend,,2438214,2021-10,NaT
PIA,2021,2021-09-23,Update - Dividend/Distribution - PIA,dividend,,2424873,2021-09,NaT
PIA,2021,2021-07-26,Announcement - Increase in quarterly fully franked dividend,dividend,,2398936,2021-07,NaT
PIA,2021,2021-07-26,Dividend/Distribution - PIA,dividend,,2398925,2021-07,NaT
PIA,2021,2021-06-15,Update - Dividend/Distribution - PIA,dividend,,2384420,2021-06,NaT
PIA,2021,2021-05-03,Dividend/Distribution - PIA,dividend,,2370639,2021-05,NaT
PIA,2021,2021-04-16,Update - Dividend/Distribution - PIA,dividend,,2364369,2021-04,NaT
PIA,2021,2021-02-10,PIA quarterly dividend and forecast results for 31 Dec 20,dividend,,2339972,2021-02,NaT
PIA,2021,2021-02-10,Dividend/Distribution - PIA,dividend,,2339961,2021-02,NaT
PIA,2021,2021-01-18,Update - Dividend/Distribution - PIA,dividend,,2331263,2021-01,NaT
PIA,2022,2022-12-13,Update - Dividend/Distribution - PIA,dividend,,2611738,2022-12,NaT
PIA,2022,2022-10-20,Dividend/Distribution - PIA,dividend,,2584924,2022-10,NaT
PIA,2022,2022-09-12,Update - Dividend/Distribution - PIA,dividend,,2566928,2022-09,NaT
PIA,2022,2022-08-02,PIA Quarterly Dividend Announcement,dividend,,2549085,2022-08,NaT
PIA,2022,2022-08-02,Dividend/Distribution - PIA,dividend,,2549082,2022-08,NaT
PIA,2022,2022-06-15,Update - Dividend/Distribution - PIA,dividend,,2531635,2022-06,NaT
PIA,2022,2022-04-20,PIA Quarterly Dividend Announcement,dividend,,2511905,2022-04,NaT
PIA,2022,2022-04-20,Dividend/Distribution - PIA,dividend,,2511902,2022-04,NaT
PIA,2022,2022-03-14,Update - Dividend/Distribution - PIA,dividend,,2498438,2022-03,NaT
PIA,2022,2022-01-25,Dividend/Distribution - PIA,dividend,,2478716,2022-01,NaT
PIA,2023,2023-12-11,Update - Dividend/Distribution - PIA,dividend,,2752535,2023-12,NaT
PIA,2023,2023-10-18,Dividend/Distribution - PIA,dividend,,2727275,2023-10,NaT
PIA,2023,2023-09-08,Update - Dividend/Distribution - PIA,dividend,,2709855,2023-09,NaT
PIA,2023,2023-07-19,Dividend/Distribution - PIA,dividend,,2688287,2023-07,NaT
PIA,2023,2023-06-08,Update - Dividend/Distribution - PIA,dividend,,2674438,2023-06,NaT
PIA,2023,2023-04-19,Dividend/Distribution - PIA,dividend,,2655900,2023-04,NaT
PIA,2023,2023-03-08,Update - Dividend/Distribution - PIA,dividend,,2641132,2023-03,NaT
PIA,2023,2023-01-19,PIA Quarterly Dividend Announcement,dividend,,2622443,2023-01,NaT
PIA,2023,2023-01-19,Dividend/Distribution - PIA,dividend,,2622442,2023-01,NaT
PIA,2024,2024-12-11,Update - Dividend/Distribution - PIA,dividend,,2894390,2024-12,NaT
PIA,2024,2024-10-17,Dividend/Distribution - PIA,dividend,,2868614,2024-10,NaT
PIA,2024,2024-09-09,Update - Dividend/Distribution - PIA,dividend,,2851474,2024-09,NaT
PIA,2024,2024-07-18,Dividend/Distribution - PIA,dividend,,2829819,2024-07,NaT
PIA,2024,2024-06-12,Update - Dividend/Distribution - PIA,dividend,,2817163,2024-06,NaT
PIA,2024,2024-04-18,Dividend/Distribution - PIA,dividend,,2797562,2024-04,NaT
PIA,2024,2024-03-08,Update - Dividend/Distribution - PIA,dividend,,2783482,2024-03,NaT
PIA,2024,2024-01-22,Dividend/Distribution - PIA,dividend,,2764798,2024-01,NaT
PIA,2025,2025-12-16,Update - Dividend/Distribution - PIA,dividend,,3041810,2025-12,NaT
PIA,2025,2025-10-20,Dividend/Distribution - PIA,dividend,,3012476,2025-10,NaT
PIA,2025,2025-09-08,Update - Dividend/Distribution - PIA,dividend,,2992433,2025-09,NaT
PIA,2025,2025-08-21,PIA Proposed Enhancements to Portfolio and Dividends,dividend,,2983121,2025-08,NaT
PIA,2025,2025-07-23,Dividend/Distribution - PIA,dividend,,2971820,2025-07,NaT
PIA,2025,2025-06-11,Update - Dividend/Distribution - PIA,dividend,,2957419,2025-06,NaT
PIA,2025,2025-04-22,Dividend/Distribution - PIA,dividend,,2939884,2025-04,NaT
PIA,2025,2025-03-12,Update - Dividend/Distribution - PIA,dividend,,2925111,2025-03,NaT
PIA,2025,2025-01-21,Dividend/Distribution - PIA,dividend,,2905941,2025-01,NaT
PIA,2026,2026-07-27,Fully franked quarterly dividend,dividend,,3118527,2026-07,NaT
PIA,2026,2026-07-27,Dividend/Distribution - PIA,dividend,,3118519,2026-07,NaT
PIA,2026,2026-06-26,Dividend/Distribution - PIA,dividend,,3108143,2026-06,NaT
PIA,2026,2026-06-26,Fully franked Special Dividend of 12.5 cps,dividend,,3108141,2026-06,NaT
PIA,2026,2026-06-11,Update - Dividend/Distribution - PIA,dividend,,3103142,2026-06,NaT
PIA,2026,2026-06-10,Update - Dividend/Distribution - PIA,dividend,,3102697,2026-06,NaT
PIA,2026,2026-04-23,Fully franked quarterly dividend,dividend,,3085552,2026-04,NaT
PIA,2026,2026-04-23,Dividend/Distribution - PIA,dividend,,3085538,2026-04,NaT
PIA,2026,2026-03-17,Update - Dividend/Distribution - PIA,dividend,,3073163,2026-03,NaT
PIA,2026,2026-01-21,Increased fully franked quarterly dividend,dividend,,3051536,2026-01,NaT
PIA,2026,2026-01-21,Dividend/Distribution - PIA,dividend,,3051528,2026-01,NaT
PIC,2016,2016-09-06,Update - Dividend/Distribution - PIC,dividend,,1776383,2016-09,NaT
PIC,2016,2016-08-19,Dividend/Distribution - PIC,dividend,,1768812,2016-08,NaT
PIC,2016,2016-03-16,Update - Dividend/Distribution - PIC,dividend,,1723205,2016-03,NaT
PIC,2016,2016-02-19,Dividend/Distribution - PIC,dividend,,1713329,2016-02,NaT
PIC,2017,2017-09-04,Update - Dividend/Distribution - PIC,dividend,,1892380,2017-09,NaT
PIC,2017,2017-08-21,Dividend/Distribution - PIC,dividend,,1885577,2017-08,NaT
PIC,2017,2017-03-10,Update - Dividend/Distribution - PIC,dividend,,1837837,2017-03,NaT
PIC,2017,2017-02-20,Dividend/Distribution - PIC,dividend,,1829656,2017-02,NaT
PIC,2018,2018-08-20,Dividend/Distribution - PIC,dividend,,2011045,2018-08,NaT
PIC,2018,2018-04-04,Update - Dividend/Distribution - PIC,dividend,,1967872,2018-04,NaT
PIC,2018,2018-02-19,Dividend/Distribution - PIC,dividend,,1951775,2018-02,NaT
PIC,2019,2019-10-14,Update - Dividend/Distribution - PIC,dividend,,2158610,2019-10,NaT
PIC,2019,2019-08-19,Dividend/Distribution - PIC,dividend,,2134717,2019-08,NaT
PIC,2019,2019-04-15,Update - Dividend/Distribution - PIC,dividend,,2096374,2019-04,NaT
PIC,2019,2019-02-18,Dividend/Distribution - PIC,dividend,,2076188,2019-02,NaT
PIC,2020,2020-10-12,Update - Dividend/Distribution - PIC,dividend,,2292535,2020-10,NaT
PIC,2020,2020-08-26,Dividend/Distribution - PIC,dividend,,2271862,2020-08,NaT
PIC,2020,2020-04-15,Update - Dividend/Distribution - PIC,dividend,,2224980,2020-04,NaT
PIC,2020,2020-02-19,Dividend/Distribution - PIC,dividend,,2203777,2020-02,NaT
PIC,2021,2021-12-17,Dividend Reinvestment Plan Rules Amendment,dividend,,2468101,2021-12,NaT
PIC,2021,2021-10-08,Update - Dividend/Distribution - PIC,dividend,,2433089,2021-10,NaT
PIC,2021,2021-08-31,Dividend Reinvestment Plan Rules 31 August 2021,dividend,,2415478,2021-08,NaT
PIC,2021,2021-08-20,Dividend/Distribution - PIC,dividend,,2409421,2021-08,NaT
PIC,2021,2021-04-16,Update - Dividend/Distribution - PIC,dividend,,2364232,2021-04,NaT
PIC,2021,2021-02-17,Dividend/Distribution - PIC,dividend,,2342253,2021-02,NaT
PIC,2022,2022-10-07,Update - Dividend/Distribution - PIC,dividend,,2579335,2022-10,NaT
PIC,2022,2022-08-24,Dividend/Distribution - PIC,dividend,,2557061,2022-08,NaT
PIC,2022,2022-04-19,Update - Dividend/Distribution - PIC,dividend,,2511316,2022-04,NaT
PIC,2022,2022-02-23,Dividend/Distribution - PIC,dividend,,2490090,2022-02,NaT
PIC,2023,2023-10-06,Update - Dividend/Distribution - PIC,dividend,,2722289,2023-10,NaT
PIC,2023,2023-08-23,Dividend/Distribution - PIC,dividend,,2701069,2023-08,NaT
PIC,2023,2023-04-06,Update - Dividend/Distribution - PIC,dividend,,2652398,2023-04,NaT
PIC,2023,2023-02-21,Dividend/Distribution - PIC,dividend,,2633643,2023-02,NaT
PIC,2024,2024-09-26,Update - Dividend/Distribution - PIC,dividend,,2858488,2024-09,NaT
PIC,2024,2024-08-26,Dividend/Distribution - PIC,dividend,,2844124,2024-08,NaT
PIC,2024,2024-03-21,Update - Dividend/Distribution - PIC,dividend,,2787963,2024-03,NaT
PIC,2024,2024-02-20,Dividend/Distribution - PIC,dividend,,2774799,2024-02,NaT
PIC,2025,2025-09-22,Update - Dividend/Distribution - PIC,dividend,,2998126,2025-09,NaT
PIC,2025,2025-08-25,Dividend/Distribution - PIC,dividend,,2984727,2025-08,NaT
PIC,2025,2025-03-24,Update - Dividend/Distribution - PIC,dividend,,2929533,2025-03,NaT
PIC,2025,2025-02-20,Dividend/Distribution - PIC,dividend,,2916562,2025-02,NaT
PIC,2026,2026-08-20,Dividend/Distribution - PIC,dividend,,3127624,2026-08,NaT
PIC,2026,2026-08-10,Transition to monthly dividends,dividend,,3123310,2026-08,NaT
PIC,2026,2026-03-24,Update - Dividend/Distribution - PIC,dividend,,3075266,2026-03,NaT
PIC,2026,2026-02-23,Dividend/Distribution - PIC,dividend,,3063196,2026-02,NaT
PL8,2017,2017-10-10,Dividend/Distribution - PL8,dividend,,1906318,2017-10,NaT
PL8,2017,2017-10-10,Dividend Details,dividend,,1906297,2017-10,NaT
PL8,2017,2017-05-04,Distribution Schedule - Options,dividend,,1854436,2017-05,NaT
PL8,2017,2017-05-04,Distribution Schedule - Shares,dividend,,1854434,2017-05,NaT
PL8,2018,2018-12-13,Dividend/Distribution - PL8,dividend,,2059453,2018-12,NaT
PL8,2018,2018-11-09,Dividend/Distribution - PL8,dividend,,2046084,2018-11,NaT
PL8,2018,2018-10-09,Dividend/Distribution - PL8,dividend,,2032206,2018-10,NaT
PL8,2018,2018-10-09,Dividend details,dividend,,2032205,2018-10,NaT
PL8,2018,2018-09-12,Update - Dividend/Distribution - PL8,dividend,,2021754,2018-09,NaT
PL8,2018,2018-07-13,Dividend/Distribution - PL8,dividend,,1999331,2018-07,NaT
PL8,2018,2018-07-11,Dividend/Distribution - PL8,dividend,,1998594,2018-07,NaT
PL8,2018,2018-07-10,Dividend/Distribution - PL8,dividend,,1998460,2018-07,NaT
PL8,2018,2018-07-10,Dividend Details,dividend,,1998455,2018-07,NaT
PL8,2018,2018-04-16,Dividend/Distribution - PL8,dividend,,1971397,2018-04,NaT
PL8,2018,2018-04-13,Dividend/Distribution - PL8,dividend,,1971075,2018-04,NaT
PL8,2018,2018-04-10,Dividend/Distribution - PL8,dividend,,1969829,2018-04,NaT
PL8,2018,2018-04-10,Dividend details,dividend,,1969827,2018-04,NaT
PL8,2018,2018-01-18,Dividend/Distribution - PL8,dividend,,1942186,2018-01,NaT
PL8,2018,2018-01-11,Dividend/Distribution - PL8,dividend,,1940529,2018-01,NaT
PL8,2018,2018-01-10,Dividend/Distribution - PL8,dividend,,1940283,2018-01,NaT
PL8,2018,2018-01-10,Dividend Details,dividend,,1940275,2018-01,NaT
PL8,2019,2019-12-02,Dividend/Distribution - PL8,dividend,,2180650,2019-12,NaT
PL8,2019,2019-11-04,Dividend/Distribution - PL8,dividend,,2168956,2019-11,NaT
PL8,2019,2019-10-11,Dividend/Distribution - PL8,dividend,,2157937,2019-10,NaT
PL8,2019,2019-10-11,Dividend details,dividend,,2157935,2019-10,NaT
PL8,2019,2019-09-02,Dividend/Distribution - PL8,dividend,,2142077,2019-09,NaT
PL8,2019,2019-08-05,Dividend/Distribution - PL8,dividend,,2130283,2019-08,NaT
PL8,2019,2019-07-10,Dividend/Distribution - PL8,dividend,,2122155,2019-07,NaT
PL8,2019,2019-07-10,Dividend details,dividend,,2122153,2019-07,NaT
PL8,2019,2019-06-03,Dividend/Distribution - PL8,dividend,,2110856,2019-06,NaT
PL8,2019,2019-05-06,Dividend/Distribution - PL8,dividend,,2102902,2019-05,NaT
PL8,2019,2019-05-03,Dividend/Distribution - PL8,dividend,,2102347,2019-05,NaT
PL8,2019,2019-05-03,Increased special dividend to 3c,dividend,,2102346,2019-05,NaT
PL8,2019,2019-04-10,Dividend/Distribution - PL8,dividend,,2095019,2019-04,NaT
PL8,2019,2019-04-10,Dividend details,dividend,,2095010,2019-04,NaT
PL8,2019,2019-03-04,Dividend/Distribution - PL8,dividend,,2082708,2019-03,NaT
PL8,2019,2019-02-21,Special dividend,dividend,,2078103,2019-02,NaT
PL8,2019,2019-02-12,Dividend/Distribution - PL8,dividend,,2074820,2019-02,NaT
PL8,2019,2019-01-09,Dividend/Distribution - PL8,dividend,,2065744,2019-01,NaT
PL8,2019,2019-01-09,Dividend details,dividend,,2065743,2019-01,NaT
PL8,2020,2020-12-07,Dividend/Distribution - PL8,dividend,,2318976,2020-12,NaT
PL8,2020,2020-11-02,Dividend/Distribution - PL8,dividend,,2303581,2020-11,NaT
PL8,2020,2020-10-09,Dividend/Distribution - PL8,dividend,,2292197,2020-10,NaT
PL8,2020,2020-10-09,Dividend details,dividend,,2292194,2020-10,NaT
PL8,2020,2020-09-07,Dividend/Distribution - PL8,dividend,,2277977,2020-09,NaT
PL8,2020,2020-08-03,Dividend/Distribution - PL8,dividend,,2262281,2020-08,NaT
PL8,2020,2020-07-10,Dividend/Distribution - PL8,dividend,,2254014,2020-07,NaT
PL8,2020,2020-07-10,Dividend details,dividend,,2254000,2020-07,NaT
PL8,2020,2020-06-01,Dividend/Distribution - PL8,dividend,,2240479,2020-06,NaT
PL8,2020,2020-05-04,Dividend/Distribution - PL8,dividend,,2231993,2020-05,NaT
PL8,2020,2020-04-09,Dividend/Distribution - PL8,dividend,,2224153,2020-04,NaT
PL8,2020,2020-04-09,Dividend details,dividend,,2224141,2020-04,NaT
PL8,2020,2020-03-02,Dividend/Distribution - PL8,dividend,,2209613,2020-03,NaT
PL8,2020,2020-02-03,Dividend/Distribution - PL8,dividend,,2198860,2020-02,NaT
PL8,2020,2020-01-10,Dividend/Distribution - PL8,dividend,,2191995,2020-01,NaT
PL8,2020,2020-01-10,Dividend details,dividend,,2191994,2020-01,NaT
PL8,2021,2021-12-06,Dividend/Distribution - PL8,dividend,,2462783,2021-12,NaT
PL8,2021,2021-11-01,Dividend/Distribution - PL8,dividend,,2445758,2021-11,NaT
PL8,2021,2021-10-12,Dividend/Distribution - PL8,dividend,,2434645,2021-10,NaT
PL8,2021,2021-10-12,Increased monthly dividends to $0.005 per share,dividend,,2434639,2021-10,NaT
PL8,2021,2021-09-06,Dividend/Distribution - PL8,dividend,,2418061,2021-09,NaT
PL8,2021,2021-08-02,Dividend/Distribution - PL8,dividend,,2402599,2021-08,NaT
PL8,2021,2021-07-14,Dividend/Distribution - PL8,dividend,,2395214,2021-07,NaT
PL8,2021,2021-07-14,Increased monthly dividends to $0.0045 per share,dividend,,2395211,2021-07,NaT
PL8,2021,2021-06-07,Dividend/Distribution - PL8,dividend,,2382372,2021-06,NaT
PL8,2021,2021-05-03,Dividend/Distribution - PL8,dividend,,2370602,2021-05,NaT
PL8,2021,2021-04-12,Dividend/Distribution - PL8,dividend,,2362708,2021-04,NaT
PL8,2021,2021-04-12,Dividend details,dividend,,2362700,2021-04,NaT
PL8,2021,2021-03-01,Dividend/Distribution - PL8,dividend,,2348416,2021-03,NaT
PL8,2021,2021-02-01,Dividend/Distribution - PL8,dividend,,2336477,2021-02,NaT
PL8,2021,2021-01-13,Dividend/Distribution - PL8,dividend,,2330394,2021-01,NaT
PL8,2021,2021-01-13,Dividend details,dividend,,2330390,2021-01,NaT
PL8,2022,2022-12-05,Dividend/Distribution - PL8,dividend,,2608155,2022-12,NaT
PL8,2022,2022-11-07,Dividend/Distribution - PL8,dividend,,2594697,2022-11,NaT
PL8,2022,2022-10-17,Dividend/Distribution - PL8,dividend,,2583345,2022-10,NaT
PL8,2022,2022-10-17,Dividend Details,dividend,,2583343,2022-10,NaT
PL8,2022,2022-09-05,Dividend/Distribution - PL8,dividend,,2563989,2022-09,NaT
PL8,2022,2022-08-01,Dividend/Distribution - PL8,dividend,,2548534,2022-08,NaT
PL8,2022,2022-07-15,Dividend Details,dividend,,2542528,2022-07,NaT
PL8,2022,2022-07-15,Dividend/Distribution - PL8,dividend,,2542527,2022-07,NaT
PL8,2022,2022-06-06,Dividend/Distribution - PL8,dividend,,2528873,2022-06,NaT
PL8,2022,2022-05-06,Dividend/Distribution - PL8,dividend,,2519337,2022-05,NaT
PL8,2022,2022-05-06,Cancel - Dividend/Distribution - PL8,dividend,,2519277,2022-05,NaT
PL8,2022,2022-05-06,Administrative clarification for May dividend,dividend,,2519273,2022-05,NaT
PL8,2022,2022-05-05,Special 5th birthday dividend of $0.0055 per share,dividend,,2518356,2022-05,NaT
PL8,2022,2022-05-02,Dividend/Distribution - PL8,dividend,,2516876,2022-05,NaT
PL8,2022,2022-04-14,Dividend/Distribution - PL8,dividend,,2510748,2022-04,NaT
PL8,2022,2022-04-14,Monthly dividends increase by 10% to $0.0055 per share,dividend,,2510743,2022-04,NaT
PL8,2022,2022-03-07,Dividend/Distribution - PL8,dividend,,2496179,2022-03,NaT
PL8,2022,2022-02-07,Dividend/Distribution - PL8,dividend,,2483847,2022-02,NaT
PL8,2022,2022-01-14,Dividend/Distribution - PL8,dividend,,2475570,2022-01,NaT
PL8,2022,2022-01-14,Dividend Details,dividend,,2475569,2022-01,NaT
PL8,2023,2023-12-04,Dividend/Distribution - PL8,dividend,,2749818,2023-12,NaT
PL8,2023,2023-11-06,Dividend/Distribution - PL8,dividend,,2736710,2023-11,NaT
PL8,2023,2023-10-16,Dividend/Distribution - PL8,dividend,,2726138,2023-10,NaT
PL8,2023,2023-10-16,Dividend Details,dividend,,2726133,2023-10,NaT
PL8,2023,2023-09-04,Dividend/Distribution - PL8,dividend,,2707487,2023-09,NaT
PL8,2023,2023-08-07,Dividend/Distribution - PL8,dividend,,2694956,2023-08,NaT
PL8,2023,2023-07-17,Dividend/Distribution - PL8,dividend,,2687540,2023-07,NaT
PL8,2023,2023-07-17,Dividend Details,dividend,,2687534,2023-07,NaT
PL8,2023,2023-06-05,Dividend/Distribution - PL8,dividend,,2672961,2023-06,NaT
PL8,2023,2023-05-01,Dividend/Distribution - PL8,dividend,,2660802,2023-05,NaT
PL8,2023,2023-04-17,Dividend/Distribution - PL8,dividend,,2654931,2023-04,NaT
PL8,2023,2023-04-17,Dividend Details,dividend,,2654923,2023-04,NaT
PL8,2023,2023-03-06,Dividend/Distribution - PL8,dividend,,2640052,2023-03,NaT
PL8,2023,2023-02-06,Dividend/Distribution - PL8,dividend,,2628254,2023-02,NaT
PL8,2023,2023-01-16,Dividend/Distribution - PL8,dividend,,2621471,2023-01,NaT
PL8,2023,2023-01-16,Dividend Details,dividend,,2621468,2023-01,NaT
PL8,2024,2024-12-02,Dividend/Distribution - PL8,dividend,,2890243,2024-12,NaT
PL8,2024,2024-11-04,Dividend/Distribution - PL8,dividend,,2877785,2024-11,NaT
PL8,2024,2024-10-16,Dividend/Distribution - PL8,dividend,,2868451,2024-10,NaT
PL8,2024,2024-10-16,Dividend Details,dividend,,2868439,2024-10,NaT
PL8,2024,2024-09-02,Dividend/Distribution - PL8,dividend,,2848390,2024-09,NaT
PL8,2024,2024-08-05,Dividend/Distribution - PL8,dividend,,2836260,2024-08,NaT
PL8,2024,2024-07-16,Dividend/Distribution - PL8,dividend,,2829190,2024-07,NaT
PL8,2024,2024-07-16,Dividend Details,dividend,,2829187,2024-07,NaT
PL8,2024,2024-06-03,Dividend/Distribution - PL8,dividend,,2814011,2024-06,NaT
PL8,2024,2024-05-06,Dividend/Distribution - PL8,dividend,,2804237,2024-05,NaT
PL8,2024,2024-04-15,Dividend/Distribution - PL8,dividend,,2796029,2024-04,NaT
PL8,2024,2024-04-15,Dividend Details,dividend,,2796027,2024-04,NaT
PL8,2024,2024-03-04,Dividend/Distribution - PL8,dividend,,2781211,2024-03,NaT
PL8,2024,2024-02-05,Dividend/Distribution - PL8,dividend,,2769821,2024-02,NaT
PL8,2024,2024-01-15,Dividend/Distribution - PL8,dividend,,2763027,2024-01,NaT
PL8,2024,2024-01-15,Dividend Details,dividend,,2762999,2024-01,NaT
PL8,2025,2025-12-02,Dividend/Distribution - PL8,dividend,,3035563,2025-12,NaT
PL8,2025,2025-11-03,Dividend/Distribution - PL8,dividend,,3020139,2025-11,NaT
PL8,2025,2025-10-20,Dividend/Distribution - PL8,dividend,,3012352,2025-10,NaT
PL8,2025,2025-10-20,Dividend Details,dividend,,3012349,2025-10,NaT
PL8,2025,2025-09-01,Dividend/Distribution - PL8,dividend,,2989412,2025-09,NaT
PL8,2025,2025-08-04,Dividend/Distribution - PL8,dividend,,2976639,2025-08,NaT
PL8,2025,2025-07-18,Dividend/Distribution - PL8,dividend,,2970699,2025-07,NaT
PL8,2025,2025-07-18,Dividend Details,dividend,,2970698,2025-07,NaT
PL8,2025,2025-06-02,Dividend/Distribution - PL8,dividend,,2954339,2025-06,NaT
PL8,2025,2025-05-05,Dividend/Distribution - PL8,dividend,,2944852,2025-05,NaT
PL8,2025,2025-04-16,Dividend/Distribution - PL8,dividend,,2938868,2025-04,NaT
PL8,2025,2025-04-16,Dividend Details,dividend,,2938867,2025-04,NaT
PL8,2025,2025-03-03,Dividend/Distribution - PL8,dividend,,2921787,2025-03,NaT
PL8,2025,2025-02-03,Dividend/Distribution - PL8,dividend,,2910117,2025-02,NaT
PL8,2025,2025-01-20,Dividend/Distribution - PL8,dividend,,2905804,2025-01,NaT
PL8,2025,2025-01-20,Dividend Details,dividend,,2905802,2025-01,NaT
PL8,2026,2026-08-03,Dividend/Distribution - PL8,dividend,,3121350,2026-08,NaT
PL8,2026,2026-07-20,Dividend/Distribution - PL8,dividend,,3116444,2026-07,NaT
PL8,2026,2026-07-20,Dividend Details,dividend,,3116441,2026-07,NaT
PL8,2026,2026-06-01,Dividend/Distribution - PL8,dividend,,3099682,2026-06,NaT
PL8,2026,2026-05-04,Dividend/Distribution - PL8,dividend,,3089899,2026-05,NaT
PL8,2026,2026-04-20,Dividend/Distribution - PL8,dividend,,3084349,2026-04,NaT
PL8,2026,2026-04-20,Dividend Details,dividend,,3084346,2026-04,NaT
PL8,2026,2026-03-02,Dividend/Distribution - PL8,dividend,,3067272,2026-03,NaT
PL8,2026,2026-02-02,Dividend/Distribution - PL8,dividend,,3055701,2026-02,NaT
PL8,2026,2026-01-19,Dividend/Distribution - PL8,dividend,,3051096,2026-01,NaT
PL8,2026,2026-01-19,Dividend Details,dividend,,3051091,2026-01,NaT
PMC,2016,2016-08-31,Update - Dividend/Distribution - PMC,dividend,,1773830,2016-08,NaT
PMC,2016,2016-08-25,Update - Dividend/Distribution - PMC,dividend,,1771639,2016-08,NaT
PMC,2016,2016-08-19,Dividend/Distribution - PMC,dividend,,1768958,2016-08,NaT
PMC,2016,2016-02-19,Update - Dividend/Distribution - PMC,dividend,,1713403,2016-02,NaT
PMC,2016,2016-02-17,Update - Dividend/Distribution - PMC,dividend,,1712378,2016-02,NaT
PMC,2016,2016-02-09,Dividend/Distribution - PMC,dividend,,1710233,2016-02,NaT
PMC,2017,2017-08-29,Update - Dividend/Distribution - PMC,dividend,,1889728,2017-08,NaT
PMC,2017,2017-08-24,Update - Dividend/Distribution - PMC,dividend,,1887501,2017-08,NaT
PMC,2017,2017-08-17,Dividend/Distribution - PMC,dividend,,1884868,2017-08,NaT
PMC,2017,2017-02-27,Update - Dividend/Distribution - PMC,dividend,,1833323,2017-02,NaT
PMC,2017,2017-02-22,Update - Dividend/Distribution - PMC,dividend,,1830974,2017-02,NaT
PMC,2017,2017-02-16,Dividend/Distribution - PMC,dividend,,1829080,2017-02,NaT
PMC,2018,2018-09-06,Update - Dividend/Distribution - PMC,dividend,,2019699,2018-09,NaT
PMC,2018,2018-08-31,Update - Dividend/Distribution - PMC,dividend,,2016987,2018-08,NaT
PMC,2018,2018-08-16,Dividend/Distribution - PMC,dividend,,2010329,2018-08,NaT
PMC,2018,2018-03-06,Update - Dividend/Distribution - PMC,dividend,,1958927,2018-03,NaT
PMC,2018,2018-03-02,Update - Dividend/Distribution - PMC,dividend,,1957802,2018-03,NaT
PMC,2018,2018-02-20,Dividend/Distribution - PMC,dividend,,1952619,2018-02,NaT
PMC,2019,2019-09-04,Update - Dividend/Distribution - PMC,dividend,,2143436,2019-09,NaT
PMC,2019,2019-09-02,Update - Dividend/Distribution - PMC,dividend,,2142503,2019-09,NaT
PMC,2019,2019-08-15,Dividend/Distribution - PMC,dividend,,2134101,2019-08,NaT
PMC,2019,2019-03-11,Update - Dividend/Distribution - PMC,dividend,,2085007,2019-03,NaT
PMC,2019,2019-03-06,Update - Dividend/Distribution - PMC,dividend,,2083622,2019-03,NaT
PMC,2019,2019-02-19,Dividend/Distribution - PMC,dividend,,2077006,2019-02,NaT
PMC,2020,2020-09-10,Update - Dividend/Distribution - PMC,dividend,,2279589,2020-09,NaT
PMC,2020,2020-09-07,Update - Dividend/Distribution - PMC,dividend,,2278046,2020-09,NaT
PMC,2020,2020-08-21,Dividend/Distribution - PMC,dividend,,2270068,2020-08,NaT
PMC,2020,2020-03-11,Update - Dividend/Distribution - PMC,dividend,,2212959,2020-03,NaT
PMC,2020,2020-03-06,Update - Dividend/Distribution - PMC,dividend,,2211452,2020-03,NaT
PMC,2020,2020-02-20,Dividend/Distribution - PMC,dividend,,2204791,2020-02,NaT
PMC,2021,2021-09-07,Update - Dividend/Distribution - PMC,dividend,,2418690,2021-09,NaT
PMC,2021,2021-09-02,Update - Dividend/Distribution - PMC,dividend,,2416929,2021-09,NaT
PMC,2021,2021-08-25,Dividend reinvestment plan election date,dividend,,2412133,2021-08,NaT
PMC,2021,2021-08-19,Dividend/Distribution - PMC,dividend,,2409211,2021-08,NaT
PMC,2021,2021-03-10,Update - Dividend/Distribution - PMC,dividend,,2351812,2021-03,NaT
PMC,2021,2021-03-04,Update - Dividend/Distribution - PMC,dividend,,2349856,2021-03,NaT
PMC,2021,2021-02-18,Dividend/Distribution - PMC,dividend,,2343259,2021-02,NaT
PMC,2022,2022-09-06,Update - Dividend/Distribution - PMC,dividend,,2564780,2022-09,NaT
PMC,2022,2022-09-01,Update - Dividend/Distribution - PMC,dividend,,2562859,2022-09,NaT
PMC,2022,2022-08-16,Dividend/Distribution - PMC,dividend,,2553803,2022-08,NaT
PMC,2022,2022-03-08,Update - Dividend/Distribution - PMC,dividend,,2496797,2022-03,NaT
PMC,2022,2022-03-03,Update - Dividend/Distribution - PMC,dividend,,2495163,2022-03,NaT
PMC,2022,2022-02-15,Dividend/Distribution - PMC,dividend,,2486969,2022-02,NaT
PMC,2023,2023-09-06,Update - Dividend/Distribution - PMC,dividend,,2708838,2023-09,NaT
PMC,2023,2023-08-31,Update - Dividend/Distribution - PMC,dividend,,2706333,2023-08,NaT
PMC,2023,2023-08-17,Dividend/Distribution - PMC,dividend,,2699033,2023-08,NaT
PMC,2023,2023-04-27,Top 20 Bonus Option Holders and Distribution Schedule,dividend,,2658717,2023-04,NaT
PMC,2023,2023-03-07,Update - Dividend/Distribution - PMC,dividend,,2640945,2023-03,NaT
PMC,2023,2023-03-02,Update - Dividend/Distribution - PMC,dividend,,2639164,2023-03,NaT
PMC,2023,2023-02-16,Dividend/Distribution - PMC,dividend,,2632372,2023-02,NaT
PMC,2024,2024-09-11,Update - Dividend/Distribution - PMC,dividend,,2852451,2024-09,NaT
PMC,2024,2024-09-05,Update - Dividend/Distribution - PMC,dividend,,2850303,2024-09,NaT
PMC,2024,2024-08-23,Dividend/Distribution - PMC,dividend,,2843066,2024-08,NaT
PMC,2024,2024-03-19,Update - Dividend/Distribution - PMC,dividend,,2787195,2024-03,NaT
PMC,2024,2024-03-14,Update - Dividend/Distribution - PMC,dividend,,2785440,2024-03,NaT
PMC,2024,2024-02-22,Dividend/Distribution - PMC,dividend,,2776521,2024-02,NaT
PMC,2024,2024-01-23,2024 Interim Dividend Date,dividend,,2765252,2024-01,NaT
PMC,2025,2025-09-11,Update - Dividend/Distribution - PMC,dividend,,2994099,2025-09,NaT
PMC,2025,2025-09-05,Update - Dividend/Distribution - PMC,dividend,,2991685,2025-09,NaT
PMC,2025,2025-08-20,Dividend/Distribution - PMC,dividend,,2982853,2025-08,NaT
PMC,2025,2025-07-16,Worked examples of special dividend and Scheme consideration,dividend,,2969917,2025-07,NaT
PMC,2025,2025-03-14,Update - Dividend/Distribution - PMC,dividend,,2926789,2025-03,NaT
PMC,2025,2025-03-13,Update - Dividend/Distribution - PMC,dividend,,2926045,2025-03,NaT
PMC,2025,2025-02-27,Dividend/Distribution - PMC,dividend,,2919982,2025-02,NaT
QRI,2018,2018-12-21,Dividend/Distribution - QRI,dividend,,2062543,2018-12,NaT
QRI,2018,2018-11-26,Distribution Schedule,dividend,,2052268,2018-11,NaT
QRI,2019,2019-12-19,Dividend/Distribution - QRI,dividend,,2187552,2019-12,NaT
QRI,2019,2019-11-25,Dividend/Distribution - QRI,dividend,,2177077,2019-11,NaT
QRI,2019,2019-10-25,Dividend/Distribution - QRI,dividend,,2163888,2019-10,NaT
QRI,2019,2019-09-19,Deployment and Distribution Update,dividend,,2148636,2019-09,NaT
QRI,2019,2019-09-18,Dividend/Distribution - QRI,dividend,,2148480,2019-09,NaT
QRI,2019,2019-08-26,Dividend/Distribution - QRI,dividend,,2138378,2019-08,NaT
QRI,2019,2019-07-26,Update - Dividend/Distribution - QRI,dividend,,2126585,2019-07,NaT
QRI,2019,2019-07-25,Dividend/Distribution - QRI,dividend,,2126414,2019-07,NaT
QRI,2019,2019-07-25,Dividend Reinvestment Plan,dividend,,2126337,2019-07,NaT
QRI,2019,2019-07-10,Update - Dividend/Distribution - QRI,dividend,,2122115,2019-07,NaT
QRI,2019,2019-06-21,Dividend/Distribution - QRI,dividend,,2116470,2019-06,NaT
QRI,2019,2019-05-24,Dividend/Distribution - QRI,dividend,,2108534,2019-05,NaT
QRI,2019,2019-04-18,Dividend/Distribution - QRI,dividend,,2097903,2019-04,NaT
QRI,2019,2019-03-25,Dividend/Distribution - QRI,dividend,,2089535,2019-03,NaT
QRI,2019,2019-02-22,Dividend/Distribution - QRI,dividend,,2078865,2019-02,NaT
QRI,2019,2019-01-25,Dividend/Distribution - QRI,dividend,,2069167,2019-01,NaT
QRI,2020,2020-12-23,Notification of Estimated Distribution,dividend,,2326309,2020-12,NaT
QRI,2020,2020-12-23,Dividend/Distribution - QRI,dividend,,2326284,2020-12,NaT
QRI,2020,2020-12-10,Update - Dividend/Distribution - QRI,dividend,,2320848,2020-12,NaT
QRI,2020,2020-11-24,Notification of Estimated Distribution,dividend,,2312805,2020-11,NaT
QRI,2020,2020-11-24,Dividend/Distribution - QRI,dividend,,2312801,2020-11,NaT
QRI,2020,2020-11-12,Update - Dividend/Distribution - QRI,dividend,,2307882,2020-11,NaT
QRI,2020,2020-10-26,Notification of Estimated Distribution,dividend,,2298791,2020-10,NaT
QRI,2020,2020-10-26,Dividend/Distribution - QRI,dividend,,2298789,2020-10,NaT
QRI,2020,2020-10-15,New Distribution Policy &amp; Performance Update (Sep-2020),dividend,,2294277,2020-10,NaT
QRI,2020,2020-10-13,Update - Dividend/Distribution - QRI,dividend,,2293065,2020-10,NaT
QRI,2020,2020-09-23,Notification of Estimated Distribution,dividend,,2284323,2020-09,NaT
QRI,2020,2020-09-23,Dividend/Distribution - QRI,dividend,,2284320,2020-09,NaT
QRI,2020,2020-09-14,Update - Dividend/Distribution - QRI,dividend,,2280355,2020-09,NaT
QRI,2020,2020-08-24,Notification of Estimated Distribution,dividend,,2270616,2020-08,NaT
QRI,2020,2020-08-24,Dividend/Distribution - QRI,dividend,,2270608,2020-08,NaT
QRI,2020,2020-08-13,Update - Dividend/Distribution - QRI,dividend,,2266323,2020-08,NaT
QRI,2020,2020-07-27,Notification of Estimated Distribution,dividend,,2258912,2020-07,NaT
QRI,2020,2020-07-27,Dividend/Distribution - QRI,dividend,,2258906,2020-07,NaT
QRI,2020,2020-07-13,Update - Dividend/Distribution - QRI,dividend,,2254403,2020-07,NaT
QRI,2020,2020-06-24,Notification of Estimated Distribution,dividend,,2247656,2020-06,NaT
QRI,2020,2020-06-24,Dividend/Distribution - QRI,dividend,,2247654,2020-06,NaT
QRI,2020,2020-06-11,Update - Dividend/Distribution - QRI,dividend,,2243686,2020-06,NaT
QRI,2020,2020-05-22,Dividend/Distribution - QRI,dividend,,2237810,2020-05,NaT
QRI,2020,2020-05-15,Update - Dividend/Distribution - QRI,dividend,,2235756,2020-05,NaT
QRI,2020,2020-04-24,Notification of Estimated Distribution,dividend,,2228123,2020-04,NaT
QRI,2020,2020-04-24,Dividend/Distribution - QRI,dividend,,2228117,2020-04,NaT
QRI,2020,2020-03-25,Dividend/Distribution - QRI,dividend,,2218230,2020-03,NaT
QRI,2020,2020-03-16,Update - Dividend/Distribution - QRI,dividend,,2214835,2020-03,NaT
QRI,2020,2020-02-24,Dividend/Distribution - QRI,dividend,,2205911,2020-02,NaT
QRI,2020,2020-02-17,Update - Dividend/Distribution - QRI,dividend,,2203009,2020-02,NaT
QRI,2020,2020-01-22,Dividend/Distribution - QRI,dividend,,2194777,2020-01,NaT
QRI,2021,2021-12-23,Notification of Estimated Distribution,dividend,,2471079,2021-12,NaT
QRI,2021,2021-12-23,Dividend/Distribution - QRI,dividend,,2470934,2021-12,NaT
QRI,2021,2021-12-14,Update - Dividend/Distribution - QRI,dividend,,2466504,2021-12,NaT
QRI,2021,2021-11-24,Notification of Estimated Distribution,dividend,,2457008,2021-11,NaT
QRI,2021,2021-11-24,Dividend/Distribution - QRI,dividend,,2456837,2021-11,NaT
QRI,2021,2021-11-16,Update - Dividend/Distribution - QRI,dividend,,2452756,2021-11,NaT
QRI,2021,2021-10-22,Notification of Estimated Distribution,dividend,,2439855,2021-10,NaT
QRI,2021,2021-10-22,Dividend/Distribution - QRI,dividend,,2439830,2021-10,NaT
QRI,2021,2021-10-14,Update - Dividend/Distribution - QRI,dividend,,2435924,2021-10,NaT
QRI,2021,2021-09-24,Notification of Estimated Distribution,dividend,,2425957,2021-09,NaT
QRI,2021,2021-09-24,Dividend/Distribution - QRI,dividend,,2425887,2021-09,NaT
QRI,2021,2021-09-14,Update - Dividend/Distribution - QRI,dividend,,2421446,2021-09,NaT
QRI,2021,2021-08-25,Notification of Estimated Distribution,dividend,,2411898,2021-08,NaT
QRI,2021,2021-08-25,Dividend/Distribution - QRI,dividend,,2411887,2021-08,NaT
QRI,2021,2021-08-16,Update - Dividend/Distribution - QRI,dividend,,2407324,2021-08,NaT
QRI,2021,2021-07-26,Notification of Estimated Distribution,dividend,,2398998,2021-07,NaT
QRI,2021,2021-07-26,Dividend/Distribution - QRI,dividend,,2398994,2021-07,NaT
QRI,2021,2021-07-14,Update - Dividend/Distribution - QRI,dividend,,2395284,2021-07,NaT
QRI,2021,2021-06-24,Notification of Estimated Distribution,dividend,,2387680,2021-06,NaT
QRI,2021,2021-06-24,Dividend/Distribution - QRI,dividend,,2387675,2021-06,NaT
QRI,2021,2021-06-15,Update - Dividend/Distribution - QRI,dividend,,2384759,2021-06,NaT
QRI,2021,2021-05-24,Notification of Estimated Distribution,dividend,,2377440,2021-05,NaT
QRI,2021,2021-05-24,Dividend/Distribution - QRI,dividend,,2377414,2021-05,NaT
QRI,2021,2021-05-17,Update - Dividend/Distribution - QRI,dividend,,2375231,2021-05,NaT
QRI,2021,2021-04-26,Notification of Estimated Distribution,dividend,,2366978,2021-04,NaT
QRI,2021,2021-04-26,Dividend/Distribution - QRI,dividend,,2366960,2021-04,NaT
QRI,2021,2021-04-19,Update - Dividend/Distribution - QRI,dividend,,2364729,2021-04,NaT
QRI,2021,2021-03-23,Estimated Distribution and Reactivation of DRP,dividend,,2356589,2021-03,NaT
QRI,2021,2021-03-23,Dividend/Distribution - QRI,dividend,,2356567,2021-03,NaT
QRI,2021,2021-03-12,Update - Dividend/Distribution - QRI,dividend,,2352914,2021-03,NaT
QRI,2021,2021-02-22,Notification of Estimated Distribution,dividend,,2344257,2021-02,NaT
QRI,2021,2021-02-22,Dividend/Distribution - QRI,dividend,,2344254,2021-02,NaT
QRI,2021,2021-02-15,Update - Dividend/Distribution - QRI,dividend,,2341265,2021-02,NaT
QRI,2021,2021-01-22,Notification of Estimated Distribution,dividend,,2332879,2021-01,NaT
QRI,2021,2021-01-22,Dividend/Distribution - QRI,dividend,,2332873,2021-01,NaT
QRI,2021,2021-01-12,Update - Dividend/Distribution - QRI,dividend,,2329999,2021-01,NaT
QRI,2022,2022-12-23,Notification of Estimated Distribution,dividend,,2616384,2022-12,NaT
QRI,2022,2022-12-23,Dividend/Distribution - QRI,dividend,,2616378,2022-12,NaT
QRI,2022,2022-12-14,Actual Distribution Notice,dividend,,2612370,2022-12,NaT
QRI,2022,2022-12-14,Update - Dividend/Distribution - QRI,dividend,,2612309,2022-12,NaT
QRI,2022,2022-11-30,Notification of Estimated Distribution,dividend,,2606096,2022-11,NaT
QRI,2022,2022-11-30,Dividend/Distribution - QRI,dividend,,2606064,2022-11,NaT
QRI,2022,2022-11-14,Actual Distribution Announcement,dividend,,2597744,2022-11,NaT
QRI,2022,2022-11-14,Update - Dividend/Distribution - QRI,dividend,,2597664,2022-11,NaT
QRI,2022,2022-10-31,Notification of Estimated Distribution,dividend,,2591502,2022-10,NaT
QRI,2022,2022-10-31,Dividend/Distribution - QRI,dividend,,2591467,2022-10,NaT
QRI,2022,2022-10-24,QRI Dividend Reinvestment Plan,dividend,,2586701,2022-10,NaT
QRI,2022,2022-10-24,Amendment of Distribution Reinvestment Plan,dividend,,2586379,2022-10,NaT
QRI,2022,2022-10-14,Actual Distribution Announcement,dividend,,2582371,2022-10,NaT
QRI,2022,2022-10-14,Update - Dividend/Distribution - QRI,dividend,,2582365,2022-10,NaT
QRI,2022,2022-09-30,Update - Dividend/Distribution - QRI,dividend,,2575339,2022-09,NaT
QRI,2022,2022-09-30,Notification of Estimated Distribution,dividend,,2575211,2022-09,NaT
QRI,2022,2022-09-30,Dividend/Distribution - QRI,dividend,,2575193,2022-09,NaT
QRI,2022,2022-09-14,Notification of Distribution,dividend,,2567902,2022-09,NaT
QRI,2022,2022-09-14,Update - Dividend/Distribution - QRI,dividend,,2567899,2022-09,NaT
QRI,2022,2022-08-31,Notification of Estimated Distribution,dividend,,2561693,2022-08,NaT
QRI,2022,2022-08-31,Dividend/Distribution - QRI,dividend,,2561673,2022-08,NaT
QRI,2022,2022-08-12,Notification of Distribution,dividend,,2552534,2022-08,NaT
QRI,2022,2022-08-12,Update - Dividend/Distribution - QRI,dividend,,2552517,2022-08,NaT
QRI,2022,2022-07-29,Notification of Estimated Distribution,dividend,,2547570,2022-07,NaT
QRI,2022,2022-07-29,Dividend/Distribution - QRI,dividend,,2547568,2022-07,NaT
QRI,2022,2022-07-15,Dividend Details,dividend,,2542372,2022-07,NaT
QRI,2022,2022-07-14,Update - Dividend/Distribution - QRI,dividend,,2542088,2022-07,NaT
QRI,2022,2022-07-06,Change Of Record Date For Dividend,dividend,,2539238,2022-07,NaT
QRI,2022,2022-06-24,Notification of Estimated Distribution,dividend,,2534903,2022-06,NaT
QRI,2022,2022-06-24,Dividend/Distribution - QRI,dividend,,2534827,2022-06,NaT
QRI,2022,2022-06-14,Dividend Details,dividend,,2531359,2022-06,NaT
QRI,2022,2022-06-14,Update - Dividend/Distribution - QRI,dividend,,2531345,2022-06,NaT
QRI,2022,2022-05-25,Notification of Estimated Distribution,dividend,,2524939,2022-05,NaT
QRI,2022,2022-05-25,Dividend/Distribution - QRI,dividend,,2524927,2022-05,NaT
QRI,2022,2022-05-13,Notification of Distribution,dividend,,2521438,2022-05,NaT
QRI,2022,2022-05-13,Update - Dividend/Distribution - QRI,dividend,,2521420,2022-05,NaT
QRI,2022,2022-04-22,Notification of Estimated Distribution,dividend,,2512731,2022-04,NaT
QRI,2022,2022-04-22,Dividend/Distribution - QRI,dividend,,2512694,2022-04,NaT
QRI,2022,2022-04-13,Update - Dividend/Distribution - QRI,dividend,,2510190,2022-04,NaT
QRI,2022,2022-03-24,Notification of Estimated Distribution,dividend,,2502583,2022-03,NaT
QRI,2022,2022-03-24,Dividend/Distribution - QRI,dividend,,2502565,2022-03,NaT
QRI,2022,2022-03-14,Update - Dividend/Distribution - QRI,dividend,,2498623,2022-03,NaT
QRI,2022,2022-03-02,Update - Notification of Estimated Distribution,dividend,,2494565,2022-03,NaT
QRI,2022,2022-03-02,Update - Dividend/Distribution - QRI,dividend,,2494551,2022-03,NaT
QRI,2022,2022-02-22,Notification of Estimated Distribution,dividend,,2489844,2022-02,NaT
QRI,2022,2022-02-22,Dividend/Distribution - QRI,dividend,,2489663,2022-02,NaT
QRI,2022,2022-02-16,Update - Dividend/Distribution - QRI,dividend,,2487347,2022-02,NaT
QRI,2022,2022-01-25,Notification of Estimated Distribution,dividend,,2478852,2022-01,NaT
QRI,2022,2022-01-24,Dividend/Distribution - QRI,dividend,,2478478,2022-01,NaT
QRI,2022,2022-01-14,Update - Dividend/Distribution - QRI,dividend,,2475563,2022-01,NaT
QRI,2023,2023-12-29,Distribution Announcement,dividend,,2759326,2023-12,NaT
QRI,2023,2023-12-29,Dividend/Distribution - QRI,dividend,,2759305,2023-12,NaT
QRI,2023,2023-12-14,Actual Distribution Announcement,dividend,,2754455,2023-12,NaT
QRI,2023,2023-12-14,Update - Dividend/Distribution - QRI,dividend,,2754381,2023-12,NaT
QRI,2023,2023-11-30,Distribution Announcement,dividend,,2748299,2023-11,NaT
QRI,2023,2023-11-30,Dividend/Distribution - QRI,dividend,,2748264,2023-11,NaT
QRI,2023,2023-11-14,Distribution announcement,dividend,,2739972,2023-11,NaT
QRI,2023,2023-11-14,Update - Dividend/Distribution - QRI,dividend,,2739969,2023-11,NaT
QRI,2023,2023-10-31,Distribution Announcement,dividend,,2733520,2023-10,NaT
QRI,2023,2023-10-31,Dividend/Distribution - QRI,dividend,,2733512,2023-10,NaT
QRI,2023,2023-10-13,Distribution Announcement,dividend,,2725235,2023-10,NaT
QRI,2023,2023-10-13,Update - Dividend/Distribution - QRI,dividend,,2725234,2023-10,NaT
QRI,2023,2023-09-29,Distribution Announcement,dividend,,2718984,2023-09,NaT
QRI,2023,2023-09-29,Dividend/Distribution - QRI,dividend,,2718977,2023-09,NaT
QRI,2023,2023-09-14,Distribution Announcement,dividend,,2712049,2023-09,NaT
QRI,2023,2023-09-14,Update - Dividend/Distribution - QRI,dividend,,2711941,2023-09,NaT
QRI,2023,2023-08-31,Distribution Announcement,dividend,,2705968,2023-08,NaT
QRI,2023,2023-08-31,Dividend/Distribution - QRI,dividend,,2705966,2023-08,NaT
QRI,2023,2023-08-14,Distribution Announcement,dividend,,2697150,2023-08,NaT
QRI,2023,2023-08-14,Update - Dividend/Distribution - QRI,dividend,,2697147,2023-08,NaT
QRI,2023,2023-07-31,Estimated Distribution Announcement,dividend,,2692185,2023-07,NaT
QRI,2023,2023-07-31,Dividend/Distribution - QRI,dividend,,2692172,2023-07,NaT
QRI,2023,2023-07-17,Update - Dividend/Distribution - QRI,dividend,,2687466,2023-07,NaT
QRI,2023,2023-07-14,Actual Distribution Announcement,dividend,,2686904,2023-07,NaT
QRI,2023,2023-06-30,Distribution Announcement,dividend,,2681607,2023-06,NaT
QRI,2023,2023-06-30,Dividend/Distribution - QRI,dividend,,2681601,2023-06,NaT
QRI,2023,2023-06-14,Actual Distribution Announcement,dividend,,2675838,2023-06,NaT
QRI,2023,2023-06-14,Update - Dividend/Distribution - QRI,dividend,,2675834,2023-06,NaT
QRI,2023,2023-05-31,Notification of Estimated Distribution,dividend,,2671546,2023-05,NaT
QRI,2023,2023-05-31,Dividend/Distribution - QRI,dividend,,2671533,2023-05,NaT
QRI,2023,2023-05-12,Actual Distribution Announcement,dividend,,2665419,2023-05,NaT
QRI,2023,2023-05-12,Update - Dividend/Distribution - QRI,dividend,,2665403,2023-05,NaT
QRI,2023,2023-04-28,Notification of Estimated Distribution,dividend,,2659494,2023-04,NaT
QRI,2023,2023-04-28,Dividend/Distribution - QRI,dividend,,2659338,2023-04,NaT
QRI,2023,2023-04-14,Actual Distribution Announcement,dividend,,2654334,2023-04,NaT
QRI,2023,2023-04-14,Update - Dividend/Distribution - QRI,dividend,,2654333,2023-04,NaT
QRI,2023,2023-03-31,Notification of Estimated Distribution,dividend,,2649634,2023-03,NaT
QRI,2023,2023-03-31,Dividend/Distribution - QRI,dividend,,2649610,2023-03,NaT
QRI,2023,2023-03-13,Actual Distribution Announcement,dividend,,2642704,2023-03,NaT
QRI,2023,2023-03-13,Update - Dividend/Distribution - QRI,dividend,,2642701,2023-03,NaT
QRI,2023,2023-03-09,Update - Dividend/Distribution - QRI,dividend,,2641762,2023-03,NaT
QRI,2023,2023-02-28,Notification of Estimated Distribution,dividend,,2637719,2023-02,NaT
QRI,2023,2023-02-28,Dividend/Distribution - QRI,dividend,,2637713,2023-02,NaT
QRI,2023,2023-02-13,Actual Distribution Announcement,dividend,,2630512,2023-02,NaT
QRI,2023,2023-02-13,Update - Dividend/Distribution - QRI,dividend,,2630491,2023-02,NaT
QRI,2023,2023-01-31,Notification of Estimated Distribution,dividend,,2626091,2023-01,NaT
QRI,2023,2023-01-31,Dividend/Distribution - QRI,dividend,,2626081,2023-01,NaT
QRI,2023,2023-01-13,Actual Distribution Notice,dividend,,2620883,2023-01,NaT
QRI,2023,2023-01-13,Update - Dividend/Distribution - QRI,dividend,,2620881,2023-01,NaT
QRI,2024,2024-12-31,Distribution Announcement,dividend,,2900889,2024-12,NaT
QRI,2024,2024-12-31,Dividend/Distribution - QRI,dividend,,2900887,2024-12,NaT
QRI,2024,2024-12-13,Distribution Announcement,dividend,,2895617,2024-12,NaT
QRI,2024,2024-12-13,Update - Dividend/Distribution - QRI,dividend,,2895599,2024-12,NaT
QRI,2024,2024-11-29,Distribution Announcement,dividend,,2889215,2024-11,NaT
QRI,2024,2024-11-29,Dividend/Distribution - QRI,dividend,,2889210,2024-11,NaT
QRI,2024,2024-11-14,Distribution Announcement,dividend,,2881786,2024-11,NaT
QRI,2024,2024-11-14,Update - Dividend/Distribution - QRI,dividend,,2881779,2024-11,NaT
QRI,2024,2024-10-31,Dividend/Distribution - QRI,dividend,,2875979,2024-10,NaT
QRI,2024,2024-10-31,Distribution Announcement,dividend,,2875957,2024-10,NaT
QRI,2024,2024-10-14,Distribution Announcement,dividend,,2866986,2024-10,NaT
QRI,2024,2024-10-14,Update - Dividend/Distribution - QRI,dividend,,2866984,2024-10,NaT
QRI,2024,2024-09-30,Distribution Notice,dividend,,2860479,2024-09,NaT
QRI,2024,2024-09-30,Dividend/Distribution - QRI,dividend,,2860478,2024-09,NaT
QRI,2024,2024-09-13,Distribution Announcement,dividend,,2853404,2024-09,NaT
QRI,2024,2024-09-13,Update - Dividend/Distribution - QRI,dividend,,2853402,2024-09,NaT
QRI,2024,2024-09-02,Update - Dividend/Distribution - QRI,dividend,,2848448,2024-09,NaT
QRI,2024,2024-08-30,Update - Dividend/Distribution - QRI,dividend,,2847472,2024-08,NaT
QRI,2024,2024-08-30,Distribution announcement,dividend,,2847183,2024-08,NaT
QRI,2024,2024-08-30,Dividend/Distribution - QRI,dividend,,2847181,2024-08,NaT
QRI,2024,2024-08-14,Distribution announcement,dividend,,2839355,2024-08,NaT
QRI,2024,2024-08-14,Update - Dividend/Distribution - QRI,dividend,,2839351,2024-08,NaT
QRI,2024,2024-07-31,Distribution Announcement,dividend,,2834530,2024-07,NaT
QRI,2024,2024-07-31,Dividend/Distribution - QRI,dividend,,2834529,2024-07,NaT
QRI,2024,2024-07-12,Distribution Announcement,dividend,,2828107,2024-07,NaT
QRI,2024,2024-07-12,Update - Dividend/Distribution - QRI,dividend,,2828104,2024-07,NaT
QRI,2024,2024-06-28,Distribution Announcement,dividend,,2822819,2024-06,NaT
QRI,2024,2024-06-28,Dividend/Distribution - QRI,dividend,,2822810,2024-06,NaT
QRI,2024,2024-06-14,Distribution Announcement,dividend,,2818053,2024-06,NaT
QRI,2024,2024-06-14,Update - Dividend/Distribution - QRI,dividend,,2817976,2024-06,NaT
QRI,2024,2024-05-31,Distribution Announcement,dividend,,2813452,2024-05,NaT
QRI,2024,2024-05-31,Dividend/Distribution - QRI,dividend,,2813322,2024-05,NaT
QRI,2024,2024-05-14,Distribution Announcement,dividend,,2807193,2024-05,NaT
QRI,2024,2024-05-14,Update - Dividend/Distribution - QRI,dividend,,2807192,2024-05,NaT
QRI,2024,2024-04-30,Distribution Announcement,dividend,,2801704,2024-04,NaT
QRI,2024,2024-04-30,Dividend/Distribution - QRI,dividend,,2801692,2024-04,NaT
QRI,2024,2024-04-12,Distribution announcement,dividend,,2795404,2024-04,NaT
QRI,2024,2024-04-12,Update - Dividend/Distribution - QRI,dividend,,2795384,2024-04,NaT
QRI,2024,2024-03-28,Distribution Announcement,dividend,,2790426,2024-03,NaT
QRI,2024,2024-03-28,Dividend/Distribution - QRI,dividend,,2790295,2024-03,NaT
QRI,2024,2024-03-14,Distribution Announcement,dividend,,2785372,2024-03,NaT
QRI,2024,2024-03-14,Update - Dividend/Distribution - QRI,dividend,,2785367,2024-03,NaT
QRI,2024,2024-02-29,Distribution Announcement,dividend,,2779922,2024-02,NaT
QRI,2024,2024-02-29,Dividend/Distribution - QRI,dividend,,2779920,2024-02,NaT
QRI,2024,2024-02-14,Distribution Announcement,dividend,,2772906,2024-02,NaT
QRI,2024,2024-02-14,Update - Dividend/Distribution - QRI,dividend,,2772904,2024-02,NaT
QRI,2024,2024-01-31,Distribution Announcement,dividend,,2768079,2024-01,NaT
QRI,2024,2024-01-31,Dividend/Distribution - QRI,dividend,,2768077,2024-01,NaT
QRI,2024,2024-01-12,Update - Dividend/Distribution - QRI,dividend,,2762564,2024-01,NaT
QRI,2025,2025-12-31,Distribution Announcement,dividend,,3046320,2025-12,NaT
QRI,2025,2025-12-31,Dividend/Distribution - QRI,dividend,,3046279,2025-12,NaT
QRI,2025,2025-12-12,Distribution Announcement,dividend,,3040590,2025-12,NaT
QRI,2025,2025-12-12,Update - Dividend/Distribution - QRI,dividend,,3040586,2025-12,NaT
QRI,2025,2025-11-28,Update - Dividend/Distribution - QRI,dividend,,3033957,2025-11,NaT
QRI,2025,2025-11-28,Distribution announcement,dividend,,3033910,2025-11,NaT
QRI,2025,2025-11-28,Dividend/Distribution - QRI,dividend,,3033905,2025-11,NaT
QRI,2025,2025-11-14,Distribution Announcement,dividend,,3026346,2025-11,NaT
QRI,2025,2025-11-14,Update - Dividend/Distribution - QRI,dividend,,3026306,2025-11,NaT
QRI,2025,2025-10-31,Distribution Announcement,dividend,,3019205,2025-10,NaT
QRI,2025,2025-10-31,Dividend/Distribution - QRI,dividend,,3019198,2025-10,NaT
QRI,2025,2025-10-14,Distribution Announcement,dividend,,3009583,2025-10,NaT
QRI,2025,2025-10-14,Update - Dividend/Distribution - QRI,dividend,,3009582,2025-10,NaT
QRI,2025,2025-09-30,Distribution Announcement,dividend,,3002525,2025-09,NaT
QRI,2025,2025-09-30,Dividend/Distribution - QRI,dividend,,3002524,2025-09,NaT
QRI,2025,2025-09-12,Distribution Announcement,dividend,,2994564,2025-09,NaT
QRI,2025,2025-09-12,Update - Dividend/Distribution - QRI,dividend,,2994563,2025-09,NaT
QRI,2025,2025-08-29,Distribution Announcement,dividend,,2988608,2025-08,NaT
QRI,2025,2025-08-29,Dividend/Distribution - QRI,dividend,,2988607,2025-08,NaT
QRI,2025,2025-08-14,Distribution announcement,dividend,,2980394,2025-08,NaT
QRI,2025,2025-08-14,Update - Dividend/Distribution - QRI,dividend,,2980392,2025-08,NaT
QRI,2025,2025-07-31,Distribution Announcement,dividend,,2975405,2025-07,NaT
QRI,2025,2025-07-31,Dividend/Distribution - QRI,dividend,,2975401,2025-07,NaT
QRI,2025,2025-07-14,Distribution Announcement,dividend,,2969012,2025-07,NaT
QRI,2025,2025-07-14,Update - Dividend/Distribution - QRI,dividend,,2969011,2025-07,NaT
QRI,2025,2025-06-30,Distribution Announcement,dividend,,2963629,2025-06,NaT
QRI,2025,2025-06-30,Dividend/Distribution - QRI,dividend,,2963627,2025-06,NaT
QRI,2025,2025-06-13,Distribution Announcement,dividend,,2958077,2025-06,NaT
QRI,2025,2025-06-13,Update - Dividend/Distribution - QRI,dividend,,2958074,2025-06,NaT
QRI,2025,2025-05-30,Distribution Announcement,dividend,,2953821,2025-05,NaT
QRI,2025,2025-05-30,Dividend/Distribution - QRI,dividend,,2953819,2025-05,NaT
QRI,2025,2025-05-14,Distribution Announcement,dividend,,2948187,2025-05,NaT
QRI,2025,2025-05-14,Update - Dividend/Distribution - QRI,dividend,,2948185,2025-05,NaT
QRI,2025,2025-04-30,Distribution Announcement,dividend,,2943136,2025-04,NaT
QRI,2025,2025-04-30,Dividend/Distribution - QRI,dividend,,2943135,2025-04,NaT
QRI,2025,2025-04-14,Distribution Announcement,dividend,,2937754,2025-04,NaT
QRI,2025,2025-04-14,Update - Dividend/Distribution - QRI,dividend,,2937750,2025-04,NaT
QRI,2025,2025-03-31,Dividend/Distribution - QRI,dividend,,2932046,2025-03,NaT
QRI,2025,2025-03-14,Distribution Announcement,dividend,,2926286,2025-03,NaT
QRI,2025,2025-03-14,Update - Dividend/Distribution - QRI,dividend,,2926280,2025-03,NaT
QRI,2025,2025-02-28,Dividend/Distribution - QRI,dividend,,2920989,2025-02,NaT
QRI,2025,2025-02-28,Distribution Announcement,dividend,,2920920,2025-02,NaT
QRI,2025,2025-02-14,Distribution Announcement,dividend,,2914351,2025-02,NaT
QRI,2025,2025-02-14,Update - Dividend/Distribution - QRI,dividend,,2914344,2025-02,NaT
QRI,2025,2025-01-31,Distribution Announcement,dividend,,2909366,2025-01,NaT
QRI,2025,2025-01-31,Dividend/Distribution - QRI,dividend,,2909360,2025-01,NaT
QRI,2025,2025-01-14,Distribution Announcement,dividend,,2904191,2025-01,NaT
QRI,2025,2025-01-14,Update - Dividend/Distribution - QRI,dividend,,2904186,2025-01,NaT
REV,2025,2025-12-22,Dividend/Distribution - REV,dividend,,3044013,2025-12,NaT
REV,2025,2025-12-09,Update - Dividend/Distribution - REV,dividend,,3038988,2025-12,NaT
REV,2025,2025-11-26,Dividend/Distribution - REV,dividend,,3032440,2025-11,NaT
REV,2025,2025-11-11,Update - Dividend/Distribution - REV,dividend,,3024007,2025-11,NaT
REV,2025,2025-10-29,Dividend/Distribution - REV,dividend,,3017291,2025-10,NaT
REV,2025,2025-10-10,Update - Dividend/Distribution - REV,dividend,,3008236,2025-10,NaT
REV,2025,2025-09-26,Dividend/Distribution - REV,dividend,,3001008,2025-09,NaT
REV,2025,2025-09-17,Distribution Schedule,dividend,,2996612,2025-09,NaT
REV,2025,2025-09-17,Distribution Reinvestment Plan Rules,dividend,,2996609,2025-09,NaT
REV,2026,2026-08-26,Dividend/Distribution - REV,dividend,,3130543,2026-08,NaT
REV,2026,2026-08-12,Update - Dividend/Distribution - REV,dividend,,3124317,2026-08,NaT
REV,2026,2026-07-27,Dividend/Distribution - REV,dividend,,3118534,2026-07,NaT
REV,2026,2026-07-09,Update - Dividend/Distribution - REV,dividend,,3113529,2026-07,NaT
REV,2026,2026-06-26,Dividend/Distribution - REV,dividend,,3108375,2026-06,NaT
REV,2026,2026-06-10,Update - Dividend/Distribution - REV,dividend,,3102805,2026-06,NaT
REV,2026,2026-05-28,Dividend/Distribution - REV,dividend,,3098449,2026-05,NaT
REV,2026,2026-05-11,Update - Dividend/Distribution - REV,dividend,,3092603,2026-05,NaT
REV,2026,2026-04-28,Dividend/Distribution - REV,dividend,,3087019,2026-04,NaT
REV,2026,2026-04-13,Update - Dividend/Distribution - REV,dividend,,3081967,2026-04,NaT
REV,2026,2026-03-27,Dividend/Distribution - REV,dividend,,3076701,2026-03,NaT
REV,2026,2026-03-10,Update - Dividend/Distribution - REV,dividend,,3070312,2026-03,NaT
REV,2026,2026-02-24,Dividend/Distribution - REV,dividend,,3064040,2026-02,NaT
REV,2026,2026-02-10,Update - Dividend/Distribution - REV,dividend,,3058756,2026-02,NaT
REV,2026,2026-01-23,Dividend/Distribution - REV,dividend,,3052436,2026-01,NaT
REV,2026,2026-01-12,Update - Dividend/Distribution - REV,dividend,,3049152,2026-01,NaT
RF1,2019,2019-12-24,Dividend/Distribution - RF1,dividend,,2189157,2019-12,NaT
RF1,2019,2019-07-08,Notification of no distribution for period ending 30 June 19,dividend,,2121446,2019-07,NaT
RF1,2019,2019-06-14,Dividend reinvestment plan,dividend,,2114326,2019-06,NaT
RF1,2019,2019-06-14,Distribution Schedule,dividend,,2114315,2019-06,NaT
RF1,2020,2020-12-23,Update - Dividend/Distribution - RF1,dividend,,2326017,2020-12,NaT
RF1,2020,2020-12-23,Dividend/Distribution - RF1,dividend,,2325962,2020-12,NaT
RF1,2020,2020-08-11,Update - Dividend/Distribution - RF1,dividend,,2265461,2020-08,NaT
RF1,2020,2020-07-14,Actual Distribution 30062020,dividend,,2255001,2020-07,NaT
RF1,2020,2020-07-14,Update - Dividend/Distribution - RF1,dividend,,2255000,2020-07,NaT
RF1,2020,2020-07-09,Update - Dividend/Distribution - RF1,dividend,,2253566,2020-07,NaT
RF1,2020,2020-07-09,Dividend Reinvestment Plan Rules Amendment,dividend,,2253560,2020-07,NaT
RF1,2020,2020-06-25,Dividend/Distribution - RF1,dividend,,2248156,2020-06,NaT
RF1,2020,2020-01-10,Update - Dividend/Distribution - RF1,dividend,,2192028,2020-01,NaT
RF1,2021,2021-12-23,RF1 Dec21 Distribution Estimate Additional Information,dividend,,2470877,2021-12,NaT
RF1,2021,2021-12-23,Dividend/Distribution - RF1,dividend,,2470736,2021-12,NaT
RF1,2021,2021-07-19,RF1 distribution additional information,dividend,,2396688,2021-07,NaT
RF1,2021,2021-07-19,Update - Dividend/Distribution - RF1,dividend,,2396670,2021-07,NaT
RF1,2021,2021-07-01,Update RF1 Distribution Estimate with Additional Information,dividend,,2390311,2021-07,NaT
RF1,2021,2021-07-01,Update - Dividend/Distribution - RF1,dividend,,2390295,2021-07,NaT
RF1,2021,2021-06-18,RF1 Distribution Estimate with Additional Information,dividend,,2385880,2021-06,NaT
RF1,2021,2021-06-17,Dividend/Distribution - RF1,dividend,,2385599,2021-06,NaT
RF1,2021,2021-01-22,Update - Dividend/Distribution - RF1,dividend,,2332876,2021-01,NaT
RF1,2022,2022-12-23,RF1 Dec22 Distribution Estimate Additional Information,dividend,,2616393,2022-12,NaT
RF1,2022,2022-12-23,Dividend/Distribution - RF1,dividend,,2616365,2022-12,NaT
RF1,2022,2022-07-22,RF1 final distribution and DRP information,dividend,,2544613,2022-07,NaT
RF1,2022,2022-07-19,Update - Dividend/Distribution - RF1,dividend,,2543237,2022-07,NaT
RF1,2022,2022-06-27,RF1 June22 Distribution Estimate Additional Information,dividend,,2535388,2022-06,NaT
RF1,2022,2022-06-24,Dividend/Distribution - RF1,dividend,,2535068,2022-06,NaT
RF1,2022,2022-01-14,RF1 distribution additional information,dividend,,2475751,2022-01,NaT
RF1,2022,2022-01-14,Update - Dividend/Distribution - RF1,dividend,,2475726,2022-01,NaT
RF1,2023,2023-12-21,RF1 Dec23 Distribution Estimate Additional Information,dividend,,2757454,2023-12,NaT
RF1,2023,2023-12-21,Dividend/Distribution - RF1,dividend,,2757348,2023-12,NaT
RF1,2023,2023-08-28,Update - Dividend/Distribution - RF1,dividend,,2703669,2023-08,NaT
RF1,2023,2023-07-27,RF1 Jun23 Distribution Actual Additional Information,dividend,,2691056,2023-07,NaT
RF1,2023,2023-07-27,Update - Dividend/Distribution - RF1,dividend,,2691034,2023-07,NaT
RF1,2023,2023-06-26,RF1 Jun23 Distribution Estimate Additional Information,dividend,,2679676,2023-06,NaT
RF1,2023,2023-06-26,Dividend/Distribution - RF1,dividend,,2679655,2023-06,NaT
RF1,2023,2023-01-20,RF1 Dec22 Distribution Actual Additional Information,dividend,,2622808,2023-01,NaT
RF1,2023,2023-01-18,Update - Dividend/Distribution - RF1,dividend,,2622151,2023-01,NaT
RF1,2024,2024-12-20,RF1 Dec24 Distribution Estimate Additional Information,dividend,,2899059,2024-12,NaT
RF1,2024,2024-12-20,Dividend/Distribution - RF1,dividend,,2899016,2024-12,NaT
RF1,2024,2024-09-06,Update - Dividend/Distribution - RF1,dividend,,2850831,2024-09,NaT
RF1,2024,2024-07-26,Jun24 Distribution Actual Additional Information,dividend,,2832615,2024-07,NaT
RF1,2024,2024-07-23,Update - Dividend/Distribution - RF1,dividend,,2831348,2024-07,NaT
RF1,2024,2024-06-25,RF1 Jun24 Distribution Estimate Additional Information,dividend,,2821503,2024-06,NaT
RF1,2024,2024-06-25,Dividend/Distribution - RF1,dividend,,2821499,2024-06,NaT
RF1,2024,2024-02-20,Update - Dividend/Distribution - RF1,dividend,,2775146,2024-02,NaT
RF1,2024,2024-01-25,Dec23 Distribution Actual Additional Information,dividend,,2766215,2024-01,NaT
RF1,2024,2024-01-19,Update - Dividend/Distribution - RF1,dividend,,2764457,2024-01,NaT
RF1,2025,2025-12-22,December 2025 Distribution Estimate Additional Information,dividend,,3044228,2025-12,NaT
RF1,2025,2025-12-22,Dividend/Distribution - RF1,dividend,,3044131,2025-12,NaT
RF1,2025,2025-08-13,Update - Dividend/Distribution - RF1,dividend,,2979981,2025-08,NaT
RF1,2025,2025-07-25,June 2025 Distribution Actual Additional Information,dividend,,2972732,2025-07,NaT
RF1,2025,2025-07-25,Update - Dividend/Distribution - RF1,dividend,,2972701,2025-07,NaT
RF1,2025,2025-06-26,RF1 June 2025 Distribution Estimate Additional Information,dividend,,2962412,2025-06,NaT
RF1,2025,2025-06-25,Dividend/Distribution - RF1,dividend,,2962007,2025-06,NaT
RF1,2025,2025-02-25,Update - Dividend/Distribution - RF1,dividend,,2918414,2025-02,NaT
RF1,2025,2025-01-23,December 2024 Distribution Actual Additional Information,dividend,,2906837,2025-01,NaT
RF1,2025,2025-01-23,Update - Dividend/Distribution - RF1,dividend,,2906633,2025-01,NaT
RF1,2026,2026-07-27,Update - Dividend/Distribution - RF1,dividend,,3118586,2026-07,NaT
RF1,2026,2026-06-25,June 2026 Distribution Estimate Additional Information,dividend,,3107937,2026-06,NaT
RF1,2026,2026-06-25,Dividend/Distribution - RF1,dividend,,3107846,2026-06,NaT
RF1,2026,2026-02-19,Update - Dividend/Distribution - RF1,dividend,,3062274,2026-02,NaT
RF1,2026,2026-01-21,Update - Dividend/Distribution - RF1,dividend,,3051729,2026-01,NaT
RG1,2025,2025-09-08,Update on Dividend Reinvestment Plan Share Purchases,dividend,,2992501,2025-09,NaT
RG1,2025,2025-09-08,Update - Dividend/Distribution - VG1,dividend,,2992498,2025-09,NaT
RG1,2025,2025-09-03,Purchase of Shares to Satisfy Dividend Reinvestment,dividend,,2990564,2025-09,NaT
RG1,2025,2025-08-20,Dividend/Distribution - VG1,dividend,,2982588,2025-08,NaT
RG1,2025,2025-08-20,"Appendix 4E and FY25 Annual Report, 6cps Final Dividend",dividend,,2982587,2025-08,NaT
RG1,2025,2025-02-27,Update - Dividend/Distribution - VG1,dividend,,2920209,2025-02,NaT
RG1,2025,2025-02-27,Update on Dividend Reinvestment Plan Share Purchases,dividend,,2920208,2025-02,NaT
RG1,2025,2025-02-25,Purchase of Shares to Satisfy Dividend Reinvestment Plan,dividend,,2918384,2025-02,NaT
RG1,2025,2025-02-11,Increase in Target Dividend Policy to 6cps Semi-Annually,dividend,,2912937,2025-02,NaT
RG1,2025,2025-02-11,Dividend/Distribution - VG1,dividend,,2912932,2025-02,NaT
RG1,2026,2026-08-18,Dividend/Distribution - RG1,dividend,,3126223,2026-08,NaT
RG1,2026,2026-08-18,"Appendix 4E and FY26 Annual Report, 5cps Final Dividend",dividend,,3126211,2026-08,NaT
RG1,2026,2026-02-26,Update on Dividend Reinvestment Plan Share Purchases,dividend,,3065894,2026-02,NaT
RG1,2026,2026-02-26,Update - Dividend/Distribution - RG1,dividend,,3065892,2026-02,NaT
RG1,2026,2026-02-24,Purchase of Shares to Satisfy Dividend Reinvestment Plan,dividend,,3064231,2026-02,NaT
RG1,2026,2026-02-10,1H26 Dividend and Update to Dividend Policy,dividend,,3058621,2026-02,NaT
RG1,2026,2026-02-10,Dividend/Distribution - RG1,dividend,,3058613,2026-02,NaT
RG1,2026,2026-02-10,Dividend Reinvestment Plan Update,dividend,,3058600,2026-02,NaT
RG8,2022,2022-09-15,Update on Dividend Reinvestment Plan Share Purchases,dividend,,2568420,2022-09,NaT
RG8,2022,2022-09-15,Update - Dividend/Distribution - VG8,dividend,,2568364,2022-09,NaT
RG8,2022,2022-09-05,Purchase of Shares to Satisfy Dividend Reinvestment Plan,dividend,,2563952,2022-09,NaT
RG8,2022,2022-08-18,"Dividend Policy, Dividend Reinvestment Plan and Buy-Back",dividend,,2554797,2022-08,NaT
RG8,2022,2022-08-18,Dividend/Distribution - VG8,dividend,,2554782,2022-08,NaT
RG8,2022,2022-08-18,"Appendix 4E and FY22 Annual Report, 5cps Final Dividend",dividend,,2554778,2022-08,NaT
RG8,2022,2022-04-12,Update on Dividend Reinvestment Plan Share Purchases,dividend,,2509679,2022-04,NaT
RG8,2022,2022-04-12,Update - Dividend/Distribution - VG8,dividend,,2509677,2022-04,NaT
RG8,2022,2022-03-24,Purchase of shares to satisfy Dividend Reinvestment Plan,dividend,,2502324,2022-03,NaT
RG8,2022,2022-02-28,Dividend/Distribution - VG8,dividend,,2492767,2022-02,NaT
RG8,2023,2023-09-05,Update on Dividend Reinvestment Plan Purchases,dividend,,2707935,2023-09,NaT
RG8,2023,2023-09-05,Update - Dividend/Distribution - RG8,dividend,,2707932,2023-09,NaT
RG8,2023,2023-08-30,Purchase of Shares to Satisfy Dividend Reinvestment Plan,dividend,,2704861,2023-08,NaT
RG8,2023,2023-08-17,Dividend/Distribution - RG8,dividend,,2698648,2023-08,NaT
RG8,2023,2023-08-17,"Appendix 4E and FY23 Annual Report, 5cps Final Dividend",dividend,,2698643,2023-08,NaT
RG8,2023,2023-03-22,Update on Dividend Reinvestment Plan Share Purchases,dividend,,2646425,2023-03,NaT
RG8,2023,2023-03-22,Update - Dividend/Distribution - RG8,dividend,,2646419,2023-03,NaT
RG8,2023,2023-03-03,Purchase of Shares to Satisfy Dividend Reinvestment Plan,dividend,,2639572,2023-03,NaT
RG8,2023,2023-02-16,Dividend/Distribution - RG8,dividend,,2632190,2023-02,NaT
RG8,2023,2023-02-16,"Appendix 4D and 1H23 Half Year Report, 5cps Interim Dividend",dividend,,2632168,2023-02,NaT
RG8,2024,2024-09-05,Update on Dividend Reinvestment Plan Purchases,dividend,,2850027,2024-09,NaT
RG8,2024,2024-09-05,Update - Dividend/Distribution - RG8,dividend,,2850023,2024-09,NaT
RG8,2024,2024-09-04,Purchase of Shares to Satisfy Dividend Reinvestment Plan,dividend,,2849494,2024-09,NaT
RG8,2024,2024-08-21,Dividend/Distribution - RG8,dividend,,2841964,2024-08,NaT
RG8,2024,2024-08-21,"Appendix 4E and FY24 Annual Report, 5cps Final Dividend",dividend,,2841949,2024-08,NaT
RG8,2024,2024-02-22,Purchase of Shares to Satisfy Dividend Reinvestment Plan,dividend,,2776228,2024-02,NaT
RG8,2024,2024-02-22,Update - Dividend/Distribution - RG8,dividend,,2776222,2024-02,NaT
RG8,2024,2024-02-08,Dividend/Distribution - RG8,dividend,,2771032,2024-02,NaT
RG8,2024,2024-02-08,"Appendix 4D and 1H24 Half Year Report, 5cps Interim Dividend",dividend,,2771029,2024-02,NaT
RG8,2025,2025-09-05,Update on Dividend Reinvestment Plan Share Purchases,dividend,,2991899,2025-09,NaT
RG8,2025,2025-09-05,Update - Dividend/Distribution - RG8,dividend,,2991896,2025-09,NaT
RG8,2025,2025-08-29,Purchase of Shares to Satisfy Dividend Reinvestment Plan,dividend,,2988206,2025-08,NaT
RG8,2025,2025-08-18,Dividend/Distribution - RG8,dividend,,2981423,2025-08,NaT
RG8,2025,2025-08-18,Appendix 4E and FY25 Annual Report 6cps Final Dividend,dividend,,2981422,2025-08,NaT
RG8,2025,2025-02-28,Update on Dividend Reinvestment Plan Share Purchases,dividend,,2920900,2025-02,NaT
RG8,2025,2025-02-28,Update - Dividend/Distribution - RG8,dividend,,2920896,2025-02,NaT
RG8,2025,2025-02-26,Purchase of Shares to Satisfy Dividend Reinvestment Plan,dividend,,2919077,2025-02,NaT
RG8,2025,2025-02-13,Increase in Target Dividend Policy to 6cps Semi-Annually,dividend,,2913800,2025-02,NaT
RG8,2025,2025-02-13,Dividend/Distribution - RG8,dividend,,2913792,2025-02,NaT
RG8,2026,2026-08-17,Dividend/Distribution - RG8,dividend,,3125713,2026-08,NaT
RG8,2026,2026-08-17,"Appendix 4E and FY26 Annual Report, 10cps Final Dividend",dividend,,3125711,2026-08,NaT
RG8,2026,2026-03-03,Update on Dividend Reinvestment Plan Share Purchases,dividend,,3067749,2026-03,NaT
RG8,2026,2026-03-03,Update - Dividend/Distribution - RG8,dividend,,3067747,2026-03,NaT
RG8,2026,2026-02-26,Purchase of Shares to Satisfy Dividend Reinvestment Plan,dividend,,3065545,2026-02,NaT
RG8,2026,2026-02-13,"Strong Returns Boost Dividend to 8c, Dividend Policy Update",dividend,,3059969,2026-02,NaT
RG8,2026,2026-02-13,Dividend/Distribution - RG8,dividend,,3059964,2026-02,NaT
RG8,2026,2026-02-13,Dividend Reinvestment Plan Update,dividend,,3059924,2026-02,NaT
RYD,2018,2018-08-08,Dividend/Distribution - RYD,dividend,,2007571,2018-08,NaT
RYD,2018,2018-08-08,Ryder Capital FY18 - Record Income and Final Dividend,dividend,,2007568,2018-08,NaT
RYD,2018,2018-02-22,Dividend/Distribution - RYD,dividend,,1953870,2018-02,NaT
RYD,2018,2018-02-22,1H FY2018 Income and Dividend Declaration,dividend,,1953869,2018-02,NaT
RYD,2019,2019-08-09,Dividend/Distribution - RYD,dividend,,2132141,2019-08,NaT
RYD,2019,2019-02-21,Dividend/Distribution - RYD,dividend,,2078231,2019-02,NaT
RYD,2020,2020-08-14,Dividend/Distribution - RYD,dividend,,2266683,2020-08,NaT
RYD,2020,2020-02-18,Dividend/Distribution - RYD,dividend,,2203511,2020-02,NaT
RYD,2021,2021-08-13,Dividend/Distribution - RYD,dividend,,2406659,2021-08,NaT
RYD,2021,2021-02-19,Dividend/Distribution - RYD,dividend,,2343471,2021-02,NaT
RYD,2022,2022-08-16,Dividend/Distribution - RYD,dividend,,2553770,2022-08,NaT
RYD,2022,2022-02-11,Dividend/Distribution - RYD,dividend,,2485712,2022-02,NaT
RYD,2023,2023-08-16,Dividend/Distribution - RYD,dividend,,2698266,2023-08,NaT
RYD,2023,2023-02-14,Dividend/Distribution - RYD,dividend,,2631107,2023-02,NaT
RYD,2024,2024-08-23,Update - Dividend/Distribution - RYD,dividend,,2843134,2024-08,NaT
RYD,2024,2024-07-11,Dividend/Distribution - RYD,dividend,,2827688,2024-07,NaT
RYD,2024,2024-03-08,Update - Dividend/Distribution - RYD,dividend,,2783157,2024-03,NaT
RYD,2024,2024-02-19,Dividend Reinvestment Plan Shareholder Letter,dividend,,2774517,2024-02,NaT
RYD,2024,2024-02-19,Dividend/Distribution - RYD,dividend,,2774429,2024-02,NaT
RYD,2024,2024-02-19,Dividend Reinvestment Plan - Rules,dividend,,2774387,2024-02,NaT
RYD,2024,2024-02-19,Dividend Reinvestment Plan - Summary,dividend,,2774386,2024-02,NaT
RYD,2025,2025-10-15,Dividend Increase &amp; Policy Enhancement,dividend,,3010014,2025-10,NaT
RYD,2025,2025-07-08,Suspension of Dividend Reinvestment Plan (DRP),dividend,,2967106,2025-07,NaT
RYD,2025,2025-07-08,Dividend/Distribution - RYD,dividend,,2967090,2025-07,NaT
RYD,2025,2025-03-04,Update - Dividend/Distribution - RYD,dividend,,2922101,2025-03,NaT
RYD,2025,2025-02-11,Dividend/Distribution - RYD,dividend,,2912991,2025-02,NaT
RYD,2026,2026-07-01,Declaration of June Quarterly Dividend - Q4FY26,dividend,,3110054,2026-07,NaT
RYD,2026,2026-07-01,Dividend/Distribution - RYD,dividend,,3110035,2026-07,NaT
RYD,2026,2026-04-01,Declaration of March Quarterly Dividend - Q3FY26,dividend,,3078427,2026-04,NaT
RYD,2026,2026-04-01,Dividend/Distribution - RYD,dividend,,3078417,2026-04,NaT
RYD,2026,2026-01-06,Declaration of First Quarterly Dividend - Q2FY26,dividend,,3047360,2026-01,NaT
RYD,2026,2026-01-06,Dividend/Distribution - RYD,dividend,,3047342,2026-01,NaT
SB2,2021,2021-06-15,Distribution Schedule,dividend,,2384586,2021-06,NaT
SB2,2025,2025-08-28,Dividend/Distribution - SB2,dividend,,2987472,2025-08,NaT
SB2,2025,2025-02-28,Dividend/Distribution - SB2,dividend,,2921057,2025-02,NaT
SB2,2026,2026-02-24,Dividend/Distribution - SB2,dividend,,3064001,2026-02,NaT
SEC,2018,2018-08-28,Dividend/Distribution - SEC,dividend,,2015240,2018-08,NaT
SEC,2019,2019-08-27,Dividend/Distribution - SEC,dividend,,2139051,2019-08,NaT
SEC,2019,2019-02-19,Amendment to Notification of Dividend,dividend,,2077013,2019-02,NaT
SEC,2019,2019-02-19,Dividend/Distribution - SEC,dividend,,2076932,2019-02,NaT
SEC,2020,2020-11-23,Dividend guidance of 6c per share for FY21 and FY22,dividend,,2311998,2020-11,NaT
SEC,2020,2020-08-31,Dividend/Distribution - SEC,dividend,,2275246,2020-08,NaT
SEC,2020,2020-02-26,Dividend/Distribution - SEC,dividend,,2207365,2020-02,NaT
SEC,2021,2021-10-15,Dividend/Distribution - SEC,dividend,,2436300,2021-10,NaT
SEC,2021,2021-10-15,Initial quarterly fully franked dividend of 2.5 cents,dividend,,2436286,2021-10,NaT
SEC,2021,2021-08-24,Dividend/Distribution - SEC,dividend,,2411251,2021-08,NaT
SEC,2021,2021-02-25,Dividend/Distribution - SEC,dividend,,2346446,2021-02,NaT
SEC,2022,2022-11-03,Update - Dividend/Distribution - SEC,dividend,,2593558,2022-11,NaT
SEC,2022,2022-10-21,Update - Dividend/Distribution - SEC,dividend,,2585833,2022-10,NaT
SEC,2022,2022-10-14,Dividend/Distribution - SEC,dividend,,2582727,2022-10,NaT
SEC,2022,2022-10-14,Quarterly fully franked dividend of 2.1 cents per share,dividend,,2582723,2022-10,NaT
SEC,2022,2022-07-28,Update - Dividend/Distribution - SEC,dividend,,2546583,2022-07,NaT
SEC,2022,2022-07-19,Update - Dividend/Distribution - SEC,dividend,,2543374,2022-07,NaT
SEC,2022,2022-07-11,Dividend/Distribution - SEC,dividend,,2540954,2022-07,NaT
SEC,2022,2022-07-11,Quarterly fully franked dividend of 2.2 cents per share,dividend,,2540939,2022-07,NaT
SEC,2022,2022-05-11,Amended Dividend Reinvestment Plan Booklet and Rules,dividend,,2520688,2022-05,NaT
SEC,2022,2022-05-04,Update - Dividend/Distribution - SEC,dividend,,2518262,2022-05,NaT
SEC,2022,2022-04-21,Update - Dividend/Distribution - SEC,dividend,,2512263,2022-04,NaT
SEC,2022,2022-04-11,Dividend/Distribution - SEC,dividend,,2509384,2022-04,NaT
SEC,2022,2022-04-11,Quarterly fully franked dividend of 2.5 cents per share,dividend,,2509380,2022-04,NaT
SEC,2022,2022-02-16,Activation of Dividend Reinvestment Plan,dividend,,2487496,2022-02,NaT
SEC,2022,2022-01-14,Dividend/Distribution - SEC,dividend,,2475597,2022-01,NaT
SEC,2022,2022-01-14,Quarterly fully franked dividend of 2.6 cents per share,dividend,,2475593,2022-01,NaT
SEC,2023,2023-11-02,Update - Dividend/Distribution - SEC,dividend,,2735634,2023-11,NaT
SEC,2023,2023-10-23,Update - Dividend/Distribution - SEC,dividend,,2729166,2023-10,NaT
SEC,2023,2023-10-16,Dividend/Distribution - SEC,dividend,,2726042,2023-10,NaT
SEC,2023,2023-10-16,Quarterly fully franked dividend of 2.7 cents per share,dividend,,2726032,2023-10,NaT
SEC,2023,2023-08-03,Update - Dividend/Distribution - SEC,dividend,,2694178,2023-08,NaT
SEC,2023,2023-07-25,Update - Dividend/Distribution - SEC,dividend,,2689904,2023-07,NaT
SEC,2023,2023-07-17,Dividend/Distribution - SEC,dividend,,2687591,2023-07,NaT
SEC,2023,2023-07-17,Quarterly fully franked dividend of 2.8 cents per share,dividend,,2687582,2023-07,NaT
SEC,2023,2023-05-29,On-market share buy-back and increased dividend target,dividend,,2670452,2023-05,NaT
SEC,2023,2023-05-05,Update - Dividend/Distribution - SEC,dividend,,2663052,2023-05,NaT
SEC,2023,2023-05-02,Update - Dividend/Distribution - SEC,dividend,,2661478,2023-05,NaT
SEC,2023,2023-04-17,Dividend/Distribution - SEC,dividend,,2655140,2023-04,NaT
SEC,2023,2023-04-17,Quarterly fully franked dividend of 2.2 cents per share,dividend,,2655133,2023-04,NaT
SEC,2023,2023-02-02,Update - Dividend/Distribution - SEC,dividend,,2627525,2023-02,NaT
SEC,2023,2023-01-24,Update - Dividend/Distribution - SEC,dividend,,2623491,2023-01,NaT
SEC,2023,2023-01-16,Dividend/Distribution - SEC,dividend,,2621372,2023-01,NaT
SEC,2023,2023-01-16,Quarterly fully franked dividend of 2.2 cents per share,dividend,,2621370,2023-01,NaT
SEC,2024,2024-11-11,Update - Dividend/Distribution - SEC,dividend,,2880309,2024-11,NaT
SEC,2024,2024-10-31,Update - Dividend/Distribution - SEC,dividend,,2876335,2024-10,NaT
SEC,2024,2024-10-17,Dividend/Distribution - SEC,dividend,,2869060,2024-10,NaT
SEC,2024,2024-10-17,Quarterly fully franked dividend of 3.5 cents per share,dividend,,2869047,2024-10,NaT
SEC,2024,2024-08-12,Update - Dividend/Distribution - SEC,dividend,,2838478,2024-08,NaT
SEC,2024,2024-07-31,Update - Dividend/Distribution - SEC,dividend,,2834702,2024-07,NaT
SEC,2024,2024-07-18,Dividend/Distribution - SEC,dividend,,2830000,2024-07,NaT
SEC,2024,2024-07-18,Quarterly fully franked dividend of 3.4 cents per share,dividend,,2829939,2024-07,NaT
SEC,2024,2024-06-05,Increase in quarterly dividend target to 6% p.a.,dividend,,2814972,2024-06,NaT
SEC,2024,2024-05-06,Update - Dividend/Distribution - SEC,dividend,,2804352,2024-05,NaT
SEC,2024,2024-04-22,Update - Dividend/Distribution - SEC,dividend,,2798420,2024-04,NaT
SEC,2024,2024-04-15,Correction to dividend payment date,dividend,,2796023,2024-04,NaT
SEC,2024,2024-04-15,Dividend/Distribution - SEC,dividend,,2795976,2024-04,NaT
SEC,2024,2024-04-15,Quarterly fully franked dividend of 3.0 cents per share,dividend,,2795971,2024-04,NaT
SEC,2024,2024-02-02,Update - Dividend/Distribution - SEC,dividend,,2769391,2024-02,NaT
SEC,2024,2024-01-22,Update - Dividend/Distribution - SEC,dividend,,2764896,2024-01,NaT
SEC,2024,2024-01-15,Dividend/Distribution - SEC,dividend,,2763016,2024-01,NaT
SEC,2024,2024-01-15,Quarterly fully franked dividend of 2.9 cents per share,dividend,,2763009,2024-01,NaT
SEC,2025,2025-11-11,Update - Dividend/Distribution - SEC,dividend,,3023828,2025-11,NaT
SEC,2025,2025-10-21,Dividend/Distribution - SEC,dividend,,3013258,2025-10,NaT
SEC,2025,2025-10-21,Quarterly fully franked dividend of 3.8 cents per share,dividend,,3013255,2025-10,NaT
SEC,2025,2025-08-12,Update - Dividend/Distribution - SEC,dividend,,2979593,2025-08,NaT
SEC,2025,2025-07-23,Dividend/Distribution - SEC,dividend,,2971864,2025-07,NaT
SEC,2025,2025-07-23,Quarterly fully franked dividend of 3.6 cents per share,dividend,,2971863,2025-07,NaT
SEC,2025,2025-05-14,Update - Dividend/Distribution - SEC,dividend,,2948122,2025-05,NaT
SEC,2025,2025-05-05,Update - Dividend/Distribution - SEC,dividend,,2945084,2025-05,NaT
SEC,2025,2025-04-17,Dividend/Distribution - SEC,dividend,,2939371,2025-04,NaT
SEC,2025,2025-04-17,Quarterly fully franked dividend of 3.5 cents per share,dividend,,2939368,2025-04,NaT
SEC,2025,2025-02-06,Update - Dividend/Distribution - SEC,dividend,,2911588,2025-02,NaT
SEC,2025,2025-01-16,Dividend/Distribution - SEC,dividend,,2905029,2025-01,NaT
SEC,2025,2025-01-16,Quarterly fully franked dividend of 3.5 cents per share,dividend,,2905027,2025-01,NaT
SEC,2026,2026-08-03,Dividend/Distribution - SEC,dividend,,3121360,2026-08,NaT
SEC,2026,2026-07-21,Dividend/Distribution - SEC,dividend,,3116837,2026-07,NaT
SEC,2026,2026-07-21,Monthly fully franked dividend of 1.1 cents per share,dividend,,3116826,2026-07,NaT
SEC,2026,2026-06-01,Dividend/Distribution - SEC,dividend,,3099685,2026-06,NaT
SEC,2026,2026-05-04,Dividend/Distribution - SEC,dividend,,3090011,2026-05,NaT
SEC,2026,2026-04-20,Dividend/Distribution - SEC,dividend,,3084408,2026-04,NaT
SEC,2026,2026-04-20,Monthly fully franked dividend of 1.1 cents per share,dividend,,3084405,2026-04,NaT
SEC,2026,2026-03-02,Dividend/Distribution - SEC,dividend,,3067281,2026-03,NaT
SEC,2026,2026-02-11,Dividend/Distribution - SEC,dividend,,3059200,2026-02,NaT
SEC,2026,2026-02-11,Update - Dividend/Distribution - SEC,dividend,,3059187,2026-02,NaT
SEC,2026,2026-01-21,Dividend/Distribution - SEC,dividend,,3051768,2026-01,NaT
SEC,2026,2026-01-21,Quarterly fully franked dividend and monthly dividends,dividend,,3051761,2026-01,NaT
SET,2026,2026-07-31,Dividend/Distribution - SET,dividend,,3120564,2026-07,NaT
SET,2026,2026-07-31,Initial monthly dividends,dividend,,3120553,2026-07,NaT
SET,2026,2026-04-15,Distribution schedule,dividend,,3082916,2026-04,NaT
SNC,2016,2016-08-18,Dividend/Distribution - SNC,dividend,,1768572,2016-08,NaT
SNC,2016,2016-08-18,SNC declares fully franked dividend of 3.0 cents per share,dividend,,1768520,2016-08,NaT
SNC,2016,2016-02-26,Update - Dividend/Distribution - SNC,dividend,,1716754,2016-02,NaT
SNC,2016,2016-02-25,Dividend/Distribution - SNC,dividend,,1716232,2016-02,NaT
SNC,2017,2017-08-29,SNC declares fully franked dividend of 3.5 cents per share,dividend,,1889669,2017-08,NaT
SNC,2017,2017-08-29,Dividend/Distribution - SNC,dividend,,1889667,2017-08,NaT
SNC,2017,2017-06-30,Corporate tax rate changes and dividend imputation,dividend,,1870307,2017-06,NaT
SNC,2017,2017-02-02,Dividend/Distribution - SNC,dividend,,1825285,2017-02,NaT
SNC,2017,2017-02-02,Fully Franked Interim Dividend Declared,dividend,,1825283,2017-02,NaT
SNC,2018,2018-08-28,Dividend/Distribution - SNC,dividend,,2015242,2018-08,NaT
SNC,2018,2018-02-23,Interim Dividend Payment Date,dividend,,1954476,2018-02,NaT
SNC,2018,2018-02-23,SNC declares fully franked interim dividend of 3.5cps,dividend,,1954363,2018-02,NaT
SNC,2018,2018-02-23,Dividend/Distribution - SNC,dividend,,1954335,2018-02,NaT
SNC,2019,2019-10-25,Update - Dividend/Distribution - SNC,dividend,,2163773,2019-10,NaT
SNC,2019,2019-10-16,SNC declares 3.5c per share fully franked final dividend,dividend,,2159829,2019-10,NaT
SNC,2019,2019-10-16,Dividend/Distribution - SNC,dividend,,2159828,2019-10,NaT
SNC,2019,2019-09-24,Intention to pay 3.5c per share fully franked final dividend,dividend,,2150301,2019-09,NaT
SNC,2019,2019-09-13,Distribution Schedule and Top 20 Holders,dividend,,2146716,2019-09,NaT
SNC,2019,2019-02-27,SNC declares fully franked interim dividend of 3.5cps,dividend,,2080518,2019-02,NaT
SNC,2019,2019-02-27,Dividend/Distribution - SNC,dividend,,2080504,2019-02,NaT
SNC,2020,2020-12-03,Update - Dividend/Distribution - SNC,dividend,,2317970,2020-12,NaT
SNC,2020,2020-10-27,Update - Dividend/Distribution - SNC,dividend,,2299592,2020-10,NaT
SNC,2020,2020-08-31,Dividend/Distribution - SNC,dividend,,2275451,2020-08,NaT
SNC,2020,2020-08-21,SNC announces intention to pay a 2.5 cps dividend,dividend,,2269843,2020-08,NaT
SNC,2020,2020-05-11,Update - Dividend/Distribution - SNC,dividend,,2234131,2020-05,NaT
SNC,2020,2020-02-27,SNC declares fully franked interim dividend of 3.5cps,dividend,,2208070,2020-02,NaT
SNC,2020,2020-02-27,Dividend/Distribution - SNC,dividend,,2208067,2020-02,NaT
SNC,2021,2021-12-06,Update - Dividend/Distribution - SNC,dividend,,2462829,2021-12,NaT
SNC,2021,2021-10-25,Update - Dividend/Distribution - SNC,dividend,,2440468,2021-10,NaT
SNC,2021,2021-08-26,Dividend/Distribution - SNC,dividend,,2412602,2021-08,NaT
SNC,2021,2021-08-24,Update - Dividend/Distribution - SNC,dividend,,2411072,2021-08,NaT
SNC,2021,2021-08-24,Dividend/Distribution - SNC,dividend,,2411056,2021-08,NaT
SNC,2021,2021-08-18,SNC to pay 1.00 cent per share special dividend,dividend,,2408430,2021-08,NaT
SNC,2021,2021-07-16,SNC to pay 2.75 cents per share fully franked final dividend,dividend,,2396283,2021-07,NaT
SNC,2021,2021-06-17,SNC announces intention to pay increased dividends,dividend,,2385508,2021-06,NaT
SNC,2021,2021-05-21,Update - Dividend/Distribution - SNC,dividend,,2376889,2021-05,NaT
SNC,2021,2021-02-24,SNC declares fully franked interim dividend of 2.5cps,dividend,,2345895,2021-02,NaT
SNC,2021,2021-02-24,Dividend/Distribution - SNC,dividend,,2345889,2021-02,NaT
SNC,2022,2022-10-27,Update - Dividend/Distribution - SNC,dividend,,2589023,2022-10,NaT
SNC,2022,2022-08-25,SNC to pay 2.75 cents per share fully franked final dividend,dividend,,2558575,2022-08,NaT
SNC,2022,2022-08-25,Dividend/Distribution - SNC,dividend,,2558570,2022-08,NaT
SNC,2022,2022-05-20,Update - Dividend/Distribution - SNC,dividend,,2523468,2022-05,NaT
SNC,2022,2022-02-23,Update - Dividend/Distribution - SNC,dividend,,2490497,2022-02,NaT
SNC,2022,2022-02-22,SNC declares fully franked interim dividend of 2.75cps,dividend,,2489520,2022-02,NaT
SNC,2022,2022-02-22,Dividend/Distribution - SNC,dividend,,2489515,2022-02,NaT
SNC,2023,2023-10-26,Update - Dividend/Distribution - SNC,dividend,,2730896,2023-10,NaT
SNC,2023,2023-08-25,SNC to pay 2.75 cents per share fully franked final dividend,dividend,,2702457,2023-08,NaT
SNC,2023,2023-08-25,Dividend/Distribution - SNC,dividend,,2702450,2023-08,NaT
SNC,2023,2023-05-22,Update - Dividend/Distribution - SNC,dividend,,2668302,2023-05,NaT
SNC,2023,2023-02-24,SNC declares fully franked interim dividend of 2.75cps,dividend,,2635991,2023-02,NaT
SNC,2023,2023-02-24,Dividend/Distribution - SNC,dividend,,2635990,2023-02,NaT
SNC,2024,2024-12-12,SNC Increases Dividend and Commences Quarterly Dividends,dividend,,2894964,2024-12,NaT
SNC,2024,2024-10-28,Update - Dividend/Distribution - SNC,dividend,,2873379,2024-10,NaT
SNC,2024,2024-08-19,FY24 Results and Full Year Dividend,dividend,,2840995,2024-08,NaT
SNC,2024,2024-08-19,Dividend/Distribution - SNC,dividend,,2840994,2024-08,NaT
SNC,2024,2024-05-21,Update - Dividend/Distribution - SNC,dividend,,2809602,2024-05,NaT
SNC,2024,2024-02-16,HY2024 Results and Dividend Announcement,dividend,,2774023,2024-02,NaT
SNC,2024,2024-02-16,Dividend/Distribution - SNC,dividend,,2774021,2024-02,NaT
SNC,2025,2025-12-18,Update - Dividend/Distribution - SNC,dividend,,3042872,2025-12,NaT
SNC,2025,2025-12-03,Dividend/Distribution - SNC,dividend,,3036382,2025-12,NaT
SNC,2025,2025-11-18,Announcement of Monthly Dividends for January - March 2026,dividend,,3027859,2025-11,NaT
SNC,2025,2025-11-17,Update - Dividend/Distribution - SNC,dividend,,3027196,2025-11,NaT
SNC,2025,2025-11-05,Dividend/Distribution - SNC,dividend,,3021178,2025-11,NaT
SNC,2025,2025-10-20,Update - Dividend/Distribution - SNC,dividend,,3012348,2025-10,NaT
SNC,2025,2025-10-07,Dividend/Distribution - SNC,dividend,,3006149,2025-10,NaT
SNC,2025,2025-08-26,SNC- Rewarding shareholders with move to monthly dividends,dividend,,2985250,2025-08,NaT
SNC,2025,2025-08-25,Update - Dividend/Distribution - SNC,dividend,,2984813,2025-08,NaT
SNC,2025,2025-07-28,Dividend/Distribution - SNC,dividend,,2973296,2025-07,NaT
SNC,2025,2025-07-28,SNC September Quarter Dividend Announcement,dividend,,2973282,2025-07,NaT
SNC,2025,2025-05-26,Update - Dividend/Distribution - SNC,dividend,,2951926,2025-05,NaT
SNC,2025,2025-04-24,Dividend/Distribution - SNC,dividend,,2940763,2025-04,NaT
SNC,2025,2025-04-24,SNC June Quarter Dividend Announcement,dividend,,2940718,2025-04,NaT
SNC,2025,2025-02-24,Update - Dividend/Distribution - SNC,dividend,,2917849,2025-02,NaT
SNC,2025,2025-02-03,Dividend/Distribution - SNC,dividend,,2910288,2025-02,NaT
SNC,2025,2025-02-03,SNC March Quarter Dividend Announcement,dividend,,2910142,2025-02,NaT
SNC,2026,2026-08-18,Update - Dividend/Distribution - SNC,dividend,,3126367,2026-08,NaT
SNC,2026,2026-08-04,Dividend/Distribution - SNC,dividend,,3121755,2026-08,NaT
SNC,2026,2026-07-17,Update - Dividend/Distribution - SNC,dividend,,3115881,2026-07,NaT
SNC,2026,2026-07-03,Dividend/Distribution - SNC,dividend,,3111431,2026-07,NaT
SNC,2026,2026-06-17,Update - Dividend/Distribution - SNC,dividend,,3105005,2026-06,NaT
SNC,2026,2026-06-05,Announcement of Monthly Dividends for Jul - Sep 2026,dividend,,3101698,2026-06,NaT
SNC,2026,2026-06-03,Dividend/Distribution - SNC,dividend,,3100556,2026-06,NaT
SNC,2026,2026-05-18,Update - Dividend/Distribution - SNC,dividend,,3094890,2026-05,NaT
SNC,2026,2026-05-04,Dividend/Distribution - SNC,dividend,,3090059,2026-05,NaT
SNC,2026,2026-04-14,Update - Dividend/Distribution - SNC,dividend,,3082345,2026-04,NaT
SNC,2026,2026-04-14,Dividend Reinvestment Plan - April 2026,dividend,,3082271,2026-04,NaT
SNC,2026,2026-04-02,Dividend/Distribution - SNC,dividend,,3079108,2026-04,NaT
SNC,2026,2026-03-18,Update - Dividend/Distribution - SNC,dividend,,3073491,2026-03,NaT
SNC,2026,2026-03-06,Announcement of Monthly Dividends for Apr-Jun 2026,dividend,,3069436,2026-03,NaT
SNC,2026,2026-03-06,Dividend/Distribution - SNC,dividend,,3069174,2026-03,NaT
SNC,2026,2026-02-16,Update - Dividend/Distribution - SNC,dividend,,3060614,2026-02,NaT
SNC,2026,2026-02-03,Dividend/Distribution - SNC,dividend,,3056239,2026-02,NaT
SNC,2026,2026-01-19,Update - Dividend/Distribution - SNC,dividend,,3050909,2026-01,NaT
SNC,2026,2026-01-05,Dividend/Distribution - SNC,dividend,,3047001,2026-01,NaT
TCF,2020,2020-06-22,Dividend/Distribution - AYF,dividend,,2246625,2020-06,NaT
TCF,2020,2020-03-23,Dividend/Distribution - AYF,dividend,,2217269,2020-03,NaT
TCF,2020,2020-03-06,Dividend alteration,dividend,,2211362,2020-03,NaT
TCF,2021,2021-12-23,Dividend/Distribution - TCF,dividend,,2470947,2021-12,NaT
TCF,2021,2021-12-07,Update - Dividend/Distribution - TCF,dividend,,2463684,2021-12,NaT
TCF,2021,2021-11-23,Dividend/Distribution - TCF,dividend,,2456236,2021-11,NaT
TCF,2021,2021-11-05,Update - Dividend/Distribution - TCF,dividend,,2448380,2021-11,NaT
TCF,2021,2021-10-22,Dividend/Distribution - TCF,dividend,,2440027,2021-10,NaT
TCF,2021,2021-10-07,Update - Dividend/Distribution - TCF,dividend,,2432835,2021-10,NaT
TCF,2021,2021-09-23,Dividend/Distribution - TCF,dividend,,2425234,2021-09,NaT
TCF,2021,2021-09-07,Update - Dividend/Distribution - TCF,dividend,,2418744,2021-09,NaT
TCF,2021,2021-08-24,Dividend/Distribution - TCF,dividend,,2411025,2021-08,NaT
TCF,2021,2021-08-06,Update - Dividend/Distribution - TCF,dividend,,2404543,2021-08,NaT
TCF,2021,2021-07-26,Dividend/Distribution - TCF,dividend,,2398887,2021-07,NaT
TCF,2021,2021-07-07,Update - Dividend/Distribution - TCF,dividend,,2392975,2021-07,NaT
TCF,2021,2021-06-23,Dividend/Distribution - TCF,dividend,,2387344,2021-06,NaT
TCF,2021,2021-06-07,Update - Dividend/Distribution - TCF,dividend,,2382473,2021-06,NaT
TCF,2021,2021-05-24,Dividend/Distribution - TCF,dividend,,2377482,2021-05,NaT
TCF,2021,2021-05-07,Update - Dividend/Distribution - TCF,dividend,,2372702,2021-05,NaT
TCF,2021,2021-04-23,Dividend/Distribution - TCF,dividend,,2366384,2021-04,NaT
TCF,2022,2022-12-22,Dividend/Distribution - TCF,dividend,,2615747,2022-12,NaT
TCF,2022,2022-12-07,Update - Dividend/Distribution - TCF,dividend,,2609656,2022-12,NaT
TCF,2022,2022-11-21,Dividend/Distribution - TCF,dividend,,2600904,2022-11,NaT
TCF,2022,2022-11-07,Update - Dividend/Distribution - TCF,dividend,,2594986,2022-11,NaT
TCF,2022,2022-10-20,Dividend/Distribution - TCF,dividend,,2585135,2022-10,NaT
TCF,2022,2022-10-07,Update - Dividend/Distribution - TCF,dividend,,2579626,2022-10,NaT
TCF,2022,2022-09-19,Dividend/Distribution - TCF,dividend,,2569848,2022-09,NaT
TCF,2022,2022-09-07,Update - Dividend/Distribution - TCF,dividend,,2565365,2022-09,NaT
TCF,2022,2022-08-25,Dividend/Distribution - TCF,dividend,,2558355,2022-08,NaT
TCF,2022,2022-08-05,Update - Dividend/Distribution - TCF,dividend,,2550413,2022-08,NaT
TCF,2022,2022-07-21,Dividend/Distribution - TCF,dividend,,2544291,2022-07,NaT
TCF,2022,2022-07-07,Update - Dividend/Distribution - TCF,dividend,,2539854,2022-07,NaT
TCF,2022,2022-06-23,Dividend/Distribution - TCF,dividend,,2534682,2022-06,NaT
TCF,2022,2022-06-07,Update - Dividend/Distribution - TCF,dividend,,2529594,2022-06,NaT
TCF,2022,2022-05-23,Dividend/Distribution - TCF,dividend,,2524013,2022-05,NaT
TCF,2022,2022-05-06,Update - Dividend/Distribution - TCF,dividend,,2519342,2022-05,NaT
TCF,2022,2022-04-22,Dividend/Distribution - TCF,dividend,,2512568,2022-04,NaT
TCF,2022,2022-04-07,Update - Dividend/Distribution - TCF,dividend,,2508261,2022-04,NaT
TCF,2022,2022-03-21,Dividend/Distribution - TCF,dividend,,2501203,2022-03,NaT
TCF,2022,2022-03-07,Update - Dividend/Distribution - TCF,dividend,,2496295,2022-03,NaT
TCF,2022,2022-02-21,Dividend/Distribution - TCF,dividend,,2489200,2022-02,NaT
TCF,2022,2022-02-07,Update - Dividend/Distribution - TCF,dividend,,2484092,2022-02,NaT
TCF,2022,2022-01-21,Dividend/Distribution - TCF,dividend,,2477696,2022-01,NaT
TCF,2022,2022-01-07,Update - Dividend/Distribution - TCF,dividend,,2473782,2022-01,NaT
TCF,2023,2023-12-13,Dividend/Distribution - TCF,dividend,,2753930,2023-12,NaT
TCF,2023,2023-12-07,Update - Dividend/Distribution - TCF,dividend,,2751893,2023-12,NaT
TCF,2023,2023-11-21,Dividend/Distribution - TCF,dividend,,2743278,2023-11,NaT
TCF,2023,2023-11-07,Update - Dividend/Distribution - TCF,dividend,,2737180,2023-11,NaT
TCF,2023,2023-10-23,Dividend/Distribution - TCF,dividend,,2728938,2023-10,NaT
TCF,2023,2023-10-06,Update - Dividend/Distribution - TCF,dividend,,2722430,2023-10,NaT
TCF,2023,2023-09-21,Dividend/Distribution - TCF,dividend,,2714716,2023-09,NaT
TCF,2023,2023-09-07,Update - Dividend/Distribution - TCF,dividend,,2709514,2023-09,NaT
TCF,2023,2023-08-22,Dividend/Distribution - TCF,dividend,,2700656,2023-08,NaT
TCF,2023,2023-08-07,Update - Dividend/Distribution - TCF,dividend,,2695124,2023-08,NaT
TCF,2023,2023-07-21,Dividend/Distribution - TCF,dividend,,2689059,2023-07,NaT
TCF,2023,2023-07-07,Update - Dividend/Distribution - TCF,dividend,,2684714,2023-07,NaT
TCF,2023,2023-06-22,Dividend/Distribution - TCF,dividend,,2678702,2023-06,NaT
TCF,2023,2023-06-07,Update - Dividend/Distribution - TCF,dividend,,2674154,2023-06,NaT
TCF,2023,2023-05-23,Dividend/Distribution - TCF,dividend,,2668877,2023-05,NaT
TCF,2023,2023-05-05,Update - Dividend/Distribution - TCF,dividend,,2663033,2023-05,NaT
TCF,2023,2023-04-21,Dividend/Distribution - TCF,dividend,,2656766,2023-04,NaT
TCF,2023,2023-04-06,Update - Dividend/Distribution - TCF,dividend,,2652548,2023-04,NaT
TCF,2023,2023-03-21,Dividend/Distribution - TCF,dividend,,2646213,2023-03,NaT
TCF,2023,2023-03-07,Update - Dividend/Distribution - TCF,dividend,,2640916,2023-03,NaT
TCF,2023,2023-02-22,Dividend/Distribution - TCF,dividend,,2634695,2023-02,NaT
TCF,2023,2023-02-07,Update - Dividend/Distribution - TCF,dividend,,2628979,2023-02,NaT
TCF,2023,2023-01-23,Dividend/Distribution - TCF,dividend,,2623247,2023-01,NaT
TCF,2023,2023-01-06,Update - Dividend/Distribution - TCF,dividend,,2619142,2023-01,NaT
TCF,2024,2024-12-17,Dividend/Distribution - TCF,dividend,,2896916,2024-12,NaT
TCF,2024,2024-12-06,Update - Dividend/Distribution - TCF,dividend,,2892968,2024-12,NaT
TCF,2024,2024-11-25,Dividend/Distribution - TCF,dividend,,2886636,2024-11,NaT
TCF,2024,2024-11-07,Update - Dividend/Distribution - TCF,dividend,,2879302,2024-11,NaT
TCF,2024,2024-10-24,Dividend/Distribution - TCF,dividend,,2872165,2024-10,NaT
TCF,2024,2024-10-08,Update - Dividend/Distribution - TCF,dividend,,2864869,2024-10,NaT
TCF,2024,2024-09-19,Dividend/Distribution - TCF,dividend,,2855546,2024-09,NaT
TCF,2024,2024-09-19,"FY25 Earnings and Distributions Upgrade, up 33.3% on FY24",dividend,,2855535,2024-09,NaT
TCF,2024,2024-09-06,Update - Dividend/Distribution - TCF,dividend,,2850815,2024-09,NaT
TCF,2024,2024-08-20,Dividend/Distribution - TCF,dividend,,2841589,2024-08,NaT
TCF,2024,2024-08-07,Update - Dividend/Distribution - TCF,dividend,,2837210,2024-08,NaT
TCF,2024,2024-07-22,Dividend/Distribution - TCF,dividend,,2830847,2024-07,NaT
TCF,2024,2024-07-05,Update - Dividend/Distribution - TCF,dividend,,2825997,2024-07,NaT
TCF,2024,2024-06-21,Dividend/Distribution - TCF,dividend,,2820575,2024-06,NaT
TCF,2024,2024-06-21,Increases FY24 distribution to $0.45 per unit,dividend,,2820573,2024-06,NaT
TCF,2024,2024-06-07,Update - Dividend/Distribution - TCF,dividend,,2816212,2024-06,NaT
TCF,2024,2024-05-23,Dividend/Distribution - TCF,dividend,,2810470,2024-05,NaT
TCF,2024,2024-05-07,Update - Dividend/Distribution - TCF,dividend,,2804892,2024-05,NaT
TCF,2024,2024-04-22,Dividend/Distribution - TCF,dividend,,2798507,2024-04,NaT
TCF,2024,2024-04-05,Update - Dividend/Distribution - TCF,dividend,,2793102,2024-04,NaT
TCF,2024,2024-03-20,Dividend/Distribution - TCF,dividend,,2787487,2024-03,NaT
TCF,2024,2024-03-07,Update - Dividend/Distribution - TCF,dividend,,2782853,2024-03,NaT
TCF,2024,2024-02-21,Dividend/Distribution - TCF,dividend,,2775446,2024-02,NaT
TCF,2024,2024-02-07,Update - Dividend/Distribution - TCF,dividend,,2770820,2024-02,NaT
TCF,2024,2024-01-23,Dividend/Distribution - TCF,dividend,,2765306,2024-01,NaT
TCF,2024,2024-01-05,Update - Dividend/Distribution - TCF,dividend,,2760913,2024-01,NaT
TCF,2025,2025-12-19,Dividend/Distribution - TCF,dividend,,3043400,2025-12,NaT
TCF,2025,2025-12-08,Update - Dividend/Distribution - TCF,dividend,,3038391,2025-12,NaT
TCF,2025,2025-12-02,Update - Dividend/Distribution - TCF,dividend,,3035532,2025-12,NaT
TCF,2025,2025-11-21,Dividend/Distribution - TCF,dividend,,3030264,2025-11,NaT
TCF,2025,2025-11-07,Update - Dividend/Distribution - TCF,dividend,,3022397,2025-11,NaT
TCF,2025,2025-11-03,Update - Dividend/Distribution - TCF,dividend,,3020322,2025-11,NaT
TCF,2025,2025-10-24,Dividend/Distribution - TCF,dividend,,3015104,2025-10,NaT
TCF,2025,2025-10-07,Update - Dividend/Distribution - TCF,dividend,,3006390,2025-10,NaT
TCF,2025,2025-10-02,Distribution Reinvestment Plan - Issue Price,dividend,,3004337,2025-10,NaT
TCF,2025,2025-09-24,Dividend/Distribution - TCF,dividend,,2999315,2025-09,NaT
TCF,2025,2025-09-08,Distribution Reinvestment Plan Booklet,dividend,,2992585,2025-09,NaT
TCF,2025,2025-09-05,Update - Dividend/Distribution - TCF,dividend,,2991823,2025-09,NaT
TCF,2025,2025-08-25,Dividend/Distribution - TCF,dividend,,2984959,2025-08,NaT
TCF,2025,2025-08-07,Update - Dividend/Distribution - TCF,dividend,,2978175,2025-08,NaT
TCF,2025,2025-07-24,Dividend/Distribution - TCF,dividend,,2972460,2025-07,NaT
TCF,2025,2025-07-07,Update - Dividend/Distribution - TCF,dividend,,2966750,2025-07,NaT
TCF,2025,2025-06-23,Dividend/Distribution - TCF,dividend,,2961012,2025-06,NaT
TCF,2025,2025-06-06,Update - Dividend/Distribution - TCF,dividend,,2956211,2025-06,NaT
TCF,2025,2025-05-20,Dividend/Distribution - TCF,dividend,,2950122,2025-05,NaT
TCF,2025,2025-05-07,Update - Dividend/Distribution - TCF,dividend,,2946013,2025-05,NaT
TCF,2025,2025-04-23,Dividend/Distribution - TCF,dividend,,2940359,2025-04,NaT
TCF,2025,2025-04-07,Update - Dividend/Distribution - TCF,dividend,,2935247,2025-04,NaT
TCF,2025,2025-04-07,FY25 Earnings and Distribution Upgrade,dividend,,2935059,2025-04,NaT
TCF,2025,2025-03-20,Dividend/Distribution - TCF,dividend,,2928591,2025-03,NaT
TCF,2025,2025-03-07,Update - Dividend/Distribution - TCF,dividend,,2923926,2025-03,NaT
TCF,2025,2025-02-24,Dividend/Distribution - TCF,dividend,,2917933,2025-02,NaT
TCF,2025,2025-02-07,Update - Dividend/Distribution - TCF,dividend,,2912078,2025-02,NaT
TCF,2025,2025-01-24,Dividend/Distribution - TCF,dividend,,2907103,2025-01,NaT
TCF,2025,2025-01-07,Update - Dividend/Distribution - TCF,dividend,,2902484,2025-01,NaT
TCF,2026,2026-08-24,Dividend/Distribution - TCF,dividend,,3129088,2026-08,NaT
TCF,2026,2026-08-07,Update - Dividend/Distribution - TCF,dividend,,3123036,2026-08,NaT
TCF,2026,2026-07-27,Dividend/Distribution - TCF,dividend,,3118450,2026-07,NaT
TCF,2026,2026-07-07,Update - Dividend/Distribution - TCF,dividend,,3112565,2026-07,NaT
TCF,2026,2026-06-24,Dividend/Distribution - TCF,dividend,,3107444,2026-06,NaT
TCF,2026,2026-06-09,Update - Dividend/Distribution - TCF,dividend,,3102275,2026-06,NaT
TCF,2026,2026-05-25,Dividend/Distribution - TCF,dividend,,3097283,2026-05,NaT
TCF,2026,2026-05-07,Update - Dividend/Distribution - TCF,dividend,,3091654,2026-05,NaT
TCF,2026,2026-04-22,Dividend/Distribution - TCF,dividend,,3085107,2026-04,NaT
TCF,2026,2026-04-09,Update - Dividend/Distribution - TCF,dividend,,3080897,2026-04,NaT
TCF,2026,2026-03-25,Dividend/Distribution - TCF,dividend,,3075843,2026-03,NaT
TCF,2026,2026-03-06,Update - Dividend/Distribution - TCF,dividend,,3069297,2026-03,NaT
TCF,2026,2026-02-19,Dividend/Distribution - TCF,dividend,,3062263,2026-02,NaT
TCF,2026,2026-02-06,Update - Dividend/Distribution - TCF,dividend,,3057661,2026-02,NaT
TCF,2026,2026-01-23,Dividend/Distribution - TCF,dividend,,3052263,2026-01,NaT
TCF,2026,2026-01-08,Update - Dividend/Distribution - TCF,dividend,,3048303,2026-01,NaT
TGF,2018,2018-10-10,Distribution Schedule,dividend,,2032811,2018-10,NaT
TGF,2023,2023-09-19,Update - Dividend/Distribution - TGF,dividend,,2713699,2023-09,NaT
TGF,2023,2023-08-28,Dividend/Distribution - TGF,dividend,,2703780,2023-08,NaT
TGF,2023,2023-05-02,Update - Dividend/Distribution - TGF,dividend,,2661443,2023-05,NaT
TGF,2023,2023-02-22,Dividend/Distribution - TGF,dividend,,2634348,2023-02,NaT
TGF,2023,2023-02-22,Dividend Reinvestment Plan,dividend,,2634347,2023-02,NaT
TGF,2025,2025-09-10,Update - Dividend/Distribution - TGF,dividend,,2993497,2025-09,NaT
TGF,2025,2025-09-08,Dividend Reinvestment Plan Share Purchase Update,dividend,,2992297,2025-09,NaT
TGF,2025,2025-08-26,Dividend/Distribution - TGF,dividend,,2985255,2025-08,NaT
TGF,2025,2025-08-26,Dividend and Buy-Back,dividend,,2985223,2025-08,NaT
TGF,2026,2026-03-18,Update - Dividend/Distribution - TGF,dividend,,3073545,2026-03,NaT
TGF,2026,2026-02-26,Dividend/Distribution - TGF,dividend,,3065910,2026-02,NaT
TGG,2016,2016-08-24,Dividend/Distribution - TGG,dividend,,1770779,2016-08,NaT
TGG,2017,2017-08-22,Dividend/Distribution - TGG,dividend,,1886306,2017-08,NaT
TGG,2017,2017-08-03,Date of AGM and Dividend Information,dividend,,1880488,2017-08,NaT
TGG,2018,2018-08-23,Dividend/Distribution - TGG,dividend,,2013157,2018-08,NaT
TGG,2019,2019-08-22,Dividend/Distribution - TGG,dividend,,2137132,2019-08,NaT
TGG,2019,2019-02-21,Dividend/Distribution - TGG,dividend,,2078177,2019-02,NaT
TGG,2020,2020-08-28,Dividend/Distribution - TGG,dividend,,2273552,2020-08,NaT
TGG,2020,2020-02-21,Dividend/Distribution - TGG,dividend,,2205053,2020-02,NaT
TGG,2021,2021-02-18,Dividend/Distribution - TGG,dividend,,2343209,2021-02,NaT
TOP,2016,2016-09-26,Update - Dividend/Distribution - TOP,dividend,,1782500,2016-09,NaT
TOP,2016,2016-07-28,Dividend/Distribution - TOP,dividend,,1761558,2016-07,NaT
TOP,2016,2016-04-06,Update - Dividend/Distribution - TOP,dividend,,1729033,2016-04,NaT
TOP,2016,2016-02-16,Dividend/Distribution - TOP,dividend,,1712158,2016-02,NaT
TOP,2017,2017-09-25,Update - Dividend/Distribution - TOP,dividend,,1899472,2017-09,NaT
TOP,2017,2017-08-22,Dividend/Distribution - TOP,dividend,,1886206,2017-08,NaT
TOP,2017,2017-03-27,Update - Dividend/Distribution - TOP,dividend,,1842169,2017-03,NaT
TOP,2017,2017-01-31,Dividend/Distribution - TOP,dividend,,1823668,2017-01,NaT
TOP,2018,2018-11-16,Revised Dividend Statement FY 2018,dividend,,2048722,2018-11,NaT
TOP,2018,2018-08-31,Dividend/Distribution - TOP,dividend,,2017782,2018-08,NaT
TOP,2018,2018-03-26,Update - Dividend/Distribution - TOP,dividend,,1965234,2018-03,NaT
TOP,2018,2018-02-28,Dividend/Distribution - TOP,dividend,,1956396,2018-02,NaT
TOP,2019,2019-08-13,Dividend/Distribution - TOP,dividend,,2133215,2019-08,NaT
TOP,2019,2019-02-26,Dividend/Distribution - TOP,dividend,,2080047,2019-02,NaT
TOP,2020,2020-08-25,Dividend/Distribution - TOP,dividend,,2271520,2020-08,NaT
TOP,2020,2020-02-25,Dividend/Distribution - TOP,dividend,,2206445,2020-02,NaT
TOP,2021,2021-08-31,Dividend/Distribution - TOP,dividend,,2415938,2021-08,NaT
TOP,2021,2021-02-24,Dividend/Distribution - TOP,dividend,,2345926,2021-02,NaT
TOP,2022,2022-08-25,Dividend/Distribution - TOP,dividend,,2558504,2022-08,NaT
TOP,2022,2022-02-21,Dividend/Distribution - TOP,dividend,,2488983,2022-02,NaT
TOP,2023,2023-08-21,Dividend/Distribution - TOP,dividend,,2699991,2023-08,NaT
TOP,2023,2023-02-22,Dividend/Distribution - TOP,dividend,,2634543,2023-02,NaT
TOP,2024,2024-08-30,Dividend/Distribution - TOP,dividend,,2847883,2024-08,NaT
TOP,2024,2024-02-21,Dividend/Distribution - TOP,dividend,,2775709,2024-02,NaT
TOP,2025,2025-09-05,Dividend/Distribution - TOP,dividend,,2991832,2025-09,NaT
TOP,2025,2025-02-20,Dividend/Distribution - TOP,dividend,,2916332,2025-02,NaT
TOP,2026,2026-02-27,Dividend/Distribution - TOP,dividend,,3066645,2026-02,NaT
TVL,2021,2021-09-27,Distribution Schedule,dividend,,2426440,2021-09,NaT
URB,2017,2017-04-11,Distribution Schedule - Options,dividend,,1847213,2017-04,NaT
URB,2017,2017-04-11,Distribution Schedule - Shares,dividend,,1847212,2017-04,NaT
URB,2018,2018-11-16,Change to Franking on 2018FY Interim Dividend,dividend,,2048968,2018-11,NaT
URB,2018,2018-09-24,URB confirms DRP Pricing for 2018FY Final Dividend,dividend,,2025389,2018-09,NaT
URB,2018,2018-09-24,Update - Dividend/Distribution - URB,dividend,,2025384,2018-09,NaT
URB,2018,2018-09-04,Update - Dividend/Distribution - URB,dividend,,2018945,2018-09,NaT
URB,2018,2018-08-29,Clarification of 2018FY Final Dividend Dates,dividend,,2015976,2018-08,NaT
URB,2018,2018-08-28,Dividend/Distribution - URB,dividend,,2015115,2018-08,NaT
URB,2018,2018-03-12,URB 2018 Interim Dividend - DRP Price,dividend,,1960687,2018-03,NaT
URB,2018,2018-03-12,Update - Dividend/Distribution - URB,dividend,,1960686,2018-03,NaT
URB,2018,2018-02-15,Update - Dividend/Distribution - URB,dividend,,1950948,2018-02,NaT
URB,2018,2018-02-15,Establishment of URB Dividend Reinvestment Plan,dividend,,1950947,2018-02,NaT
URB,2018,2018-02-15,URB announces 2018 half year profit and pays first dividend,dividend,,1950787,2018-02,NaT
URB,2018,2018-02-15,Dividend/Distribution - URB,dividend,,1950785,2018-02,NaT
URB,2019,2019-09-20,URB confirms DRP Pricing for 2019FY Final Dividends,dividend,,2149457,2019-09,NaT
URB,2019,2019-09-20,Update - Dividend/Distribution - URB,dividend,,2149456,2019-09,NaT
URB,2019,2019-08-20,URB Increases Profit and Declares Another Special Dividend,dividend,,2135248,2019-08,NaT
URB,2019,2019-08-20,Dividend/Distribution - URB,dividend,,2135246,2019-08,NaT
URB,2019,2019-03-25,URB - DRP Pricing for 2019 Interim Dividend,dividend,,2089626,2019-03,NaT
URB,2019,2019-03-25,Update - Dividend/Distribution - URB,dividend,,2089625,2019-03,NaT
URB,2019,2019-02-22,URB announces strong lift in profit &amp; special dividend,dividend,,2078517,2019-02,NaT
URB,2019,2019-02-22,Dividend/Distribution - URB,dividend,,2078516,2019-02,NaT
VG1,2017,2017-09-26,Distribution Schedule,dividend,,1900235,2017-09,NaT
VG1,2020,2020-09-21,Update on Dividend Reinvestment Plan share purchases,dividend,,2283022,2020-09,NaT
VG1,2020,2020-09-21,Update - Dividend/Distribution - VG1,dividend,,2283008,2020-09,NaT
VG1,2020,2020-09-02,Purchase of shares to satisfy Dividend Reinvestment Plan,dividend,,2276249,2020-09,NaT
VG1,2020,2020-08-18,Dividend/Distribution - VG1,dividend,,2267874,2020-08,NaT
VG1,2020,2020-03-16,Update on Dividend Reinvestment Plan share purchases,dividend,,2214658,2020-03,NaT
VG1,2020,2020-03-16,Update - Dividend/Distribution - VG1,dividend,,2214647,2020-03,NaT
VG1,2020,2020-03-10,Purchase of shares to satisfy Dividend Reinvestment Plan,dividend,,2212145,2020-03,NaT
VG1,2020,2020-01-29,Dividend/Distribution - VG1,dividend,,2196130,2020-01,NaT
VG1,2020,2020-01-23,Dividend Reinvestment Plan Announcement,dividend,,2195014,2020-01,NaT
VG1,2021,2021-09-17,Update - Dividend/Distribution - VG1,dividend,,2422711,2021-09,NaT
VG1,2021,2021-09-02,Purchase of shares to satisfy Dividend Reinvestment Plan,dividend,,2416787,2021-09,NaT
VG1,2021,2021-08-17,Dividend/Distribution - VG1,dividend,,2407637,2021-08,NaT
VG1,2021,2021-05-11,Dividend Yield Target and Portfolio Performance,dividend,,2373450,2021-05,NaT
VG1,2021,2021-02-23,Update - Dividend/Distribution - VG1,dividend,,2344739,2021-02,NaT
VG1,2021,2021-02-18,Purchase of shares to satisfy Dividend Reinvestment Plan,dividend,,2342814,2021-02,NaT
VG1,2021,2021-02-02,Dividend/Distribution - VG1,dividend,,2336914,2021-02,NaT
VG1,2022,2022-09-12,Update on Dividend Reinvestment Plan Share Purchases,dividend,,2566822,2022-09,NaT
VG1,2022,2022-09-12,Update - Dividend/Distribution - VG1,dividend,,2566814,2022-09,NaT
VG1,2022,2022-09-01,Purchase of Shares to Satisfy Dividend Reinvestment Plan,dividend,,2562708,2022-09,NaT
VG1,2022,2022-08-16,Dividend/Distribution - VG1,dividend,,2553637,2022-08,NaT
VG1,2022,2022-08-16,"Dividend Policy, Dividend Reinvestment Plan and Buy-Back",dividend,,2553636,2022-08,NaT
VG1,2022,2022-08-16,"Appendix 4E and FY22 Annual Report, 4.5cps Final Dividend",dividend,,2553632,2022-08,NaT
VG1,2022,2022-04-07,Update on Dividend Reinvestment Plan share purchases,dividend,,2507976,2022-04,NaT
VG1,2022,2022-04-07,Update - Dividend/Distribution - VG1,dividend,,2507958,2022-04,NaT
VG1,2022,2022-03-24,Purchase of shares to satisfy Dividend Reinvestment Plan,dividend,,2502321,2022-03,NaT
VG1,2022,2022-02-28,Dividend/Distribution - VG1,dividend,,2492753,2022-02,NaT
VG1,2023,2023-10-24,Increase to Target Dividend Policy,dividend,,2729385,2023-10,NaT
VG1,2023,2023-08-31,Update on Dividend Reinvestment Plan Share Purchases,dividend,,2705903,2023-08,NaT
VG1,2023,2023-08-31,Update - Dividend/Distribution - VG1,dividend,,2705897,2023-08,NaT
VG1,2023,2023-08-29,Purchase of Shares to Satisfy Dividend Reinvestment Plan,dividend,,2704183,2023-08,NaT
VG1,2023,2023-08-15,Dividend/Distribution - VG1,dividend,,2697599,2023-08,NaT
VG1,2023,2023-08-15,Appendix 4E and FY23 Annual Report. 5cps Final Dividend,dividend,,2697588,2023-08,NaT
VG1,2023,2023-03-16,Update on Dividend Reinvestment Plan Share Purchases,dividend,,2644375,2023-03,NaT
VG1,2023,2023-03-16,Update - Dividend/Distribution - VG1,dividend,,2644372,2023-03,NaT
VG1,2023,2023-03-01,Purchase of Shares to Satisfy Dividend Reinvestment Plan,dividend,,2638431,2023-03,NaT
VG1,2023,2023-02-14,Dividend/Distribution - VG1,dividend,,2631011,2023-02,NaT
VG1,2024,2024-09-04,Update on Dividend Reinvestment Plan Share Purchases,dividend,,2849487,2024-09,NaT
VG1,2024,2024-09-04,Update - Dividend/Distribution - VG1,dividend,,2849482,2024-09,NaT
VG1,2024,2024-09-03,Purchase of Shares to Satisfy Dividend Reinvestment Plan,dividend,,2849011,2024-09,NaT
VG1,2024,2024-08-20,Dividend/Distribution - VG1,dividend,,2841349,2024-08,NaT
VG1,2024,2024-08-20,Appendix 4E and FY24 Annual Report 5cps Final Dividend,dividend,,2841341,2024-08,NaT
VG1,2024,2024-02-21,Update on Dividend Reinvestment Plan Share Purchases,dividend,,2775557,2024-02,NaT
VG1,2024,2024-02-21,Update - Dividend/Distribution - VG1,dividend,,2775555,2024-02,NaT
VG1,2024,2024-02-20,Purchase of Shares to Satisfy Dividend Reinvestment Plan,dividend,,2774854,2024-02,NaT
VG1,2024,2024-02-06,Dividend/Distribution - VG1,dividend,,2770170,2024-02,NaT
VG1,2025,2025-09-08,Update on Dividend Reinvestment Plan Share Purchases,dividend,,2992501,2025-09,NaT
VG1,2025,2025-09-08,Update - Dividend/Distribution - VG1,dividend,,2992498,2025-09,NaT
VG1,2025,2025-09-03,Purchase of Shares to Satisfy Dividend Reinvestment,dividend,,2990564,2025-09,NaT
VG1,2025,2025-08-20,Dividend/Distribution - VG1,dividend,,2982588,2025-08,NaT
VG1,2025,2025-08-20,"Appendix 4E and FY25 Annual Report, 6cps Final Dividend",dividend,,2982587,2025-08,NaT
VG1,2025,2025-02-27,Update - Dividend/Distribution - VG1,dividend,,2920209,2025-02,NaT
VG1,2025,2025-02-27,Update on Dividend Reinvestment Plan Share Purchases,dividend,,2920208,2025-02,NaT
VG1,2025,2025-02-25,Purchase of Shares to Satisfy Dividend Reinvestment Plan,dividend,,2918384,2025-02,NaT
VG1,2025,2025-02-11,Increase in Target Dividend Policy to 6cps Semi-Annually,dividend,,2912937,2025-02,NaT
VG1,2025,2025-02-11,Dividend/Distribution - VG1,dividend,,2912932,2025-02,NaT
WAA,2016,2016-10-20,Update - Dividend/Distribution - WAA,dividend,,1791861,2016-10,NaT
WAA,2016,2016-08-11,Dividend/Distribution - WAA,dividend,,1766333,2016-08,NaT
WAA,2016,2016-04-19,Update - Dividend/Distribution - WAA,dividend,,1732259,2016-04,NaT
WAA,2016,2016-02-24,Media Release HY16 Results - 2.5c FULLY FRANKED DIVIDEND,dividend,,1715239,2016-02,NaT
WAA,2016,2016-02-24,Dividend/Distribution - WAA,dividend,,1715235,2016-02,NaT
WAA,2017,2017-10-20,Update - Dividend/Distribution - WAA,dividend,,1910626,2017-10,NaT
WAA,2017,2017-08-03,Double digit returns and increased FF dividend,dividend,,1880618,2017-08,NaT
WAA,2017,2017-08-03,Dividend/Distribution - WAA,dividend,,1880604,2017-08,NaT
WAA,2017,2017-05-19,Update - Dividend/Distribution - WAA,dividend,,1858954,2017-05,NaT
WAA,2017,2017-02-15,Media release HY17 results - increased FF interim dividend,dividend,,1828579,2017-02,NaT
WAA,2017,2017-02-15,Dividend/Distribution - WAA,dividend,,1828572,2017-02,NaT
WAA,2018,2018-10-17,Update - Dividend/Distribution - WAA,dividend,,2035566,2018-10,NaT
WAA,2018,2018-08-17,Dividend/Distribution - WAA,dividend,,2010455,2018-08,NaT
WAA,2018,2018-04-18,Update - Dividend/Distribution - WAA,dividend,,1972266,2018-04,NaT
WAA,2018,2018-02-22,Profit up 85.0% and increased FF interim dividend,dividend,,1953935,2018-02,NaT
WAA,2018,2018-02-22,Dividend/Distribution - WAA,dividend,,1953919,2018-02,NaT
WAA,2019,2019-10-09,Update - Dividend/Distribution - WAA,dividend,,2157205,2019-10,NaT
WAA,2019,2019-08-22,Dividend/Distribution - WAA,dividend,,2136913,2019-08,NaT
WAA,2019,2019-04-15,Update - Dividend/Distribution - WAA,dividend,,2096546,2019-04,NaT
WAA,2019,2019-02-27,Dividend/Distribution - WAA,dividend,,2080737,2019-02,NaT
WAA,2020,2020-10-22,Update - Dividend/Distribution - WAA,dividend,,2297605,2020-10,NaT
WAA,2020,2020-08-27,Dividend/Distribution - WAA,dividend,,2273100,2020-08,NaT
WAA,2020,2020-04-20,Update - Dividend/Distribution - WAA,dividend,,2226577,2020-04,NaT
WAA,2020,2020-02-19,WAA - interim profit up 186% and 3.0cps FF interim dividend,dividend,,2203970,2020-02,NaT
WAA,2020,2020-02-19,Dividend/Distribution - WAA,dividend,,2203964,2020-02,NaT
WAA,2021,2021-10-21,Update - Dividend/Distribution - WAA,dividend,,2439197,2021-10,NaT
WAA,2021,2021-08-25,Dividend/Distribution - WAA,dividend,,2411944,2021-08,NaT
WAA,2021,2021-05-21,Update - Dividend/Distribution - WAA,dividend,,2377077,2021-05,NaT
WAA,2021,2021-02-24,Interim profit up 77% and 3.0cps FF interim dividend,dividend,,2345717,2021-02,NaT
WAA,2021,2021-02-02,Dividend/Distribution - WAA,dividend,,2337026,2021-02,NaT
WAA,2022,2022-10-20,Update - Dividend/Distribution - WAA,dividend,,2585341,2022-10,NaT
WAA,2022,2022-08-24,"6.0cps FF full year dividend, 2022 Full Year Results",dividend,,2557457,2022-08,NaT
WAA,2022,2022-08-24,Dividend/Distribution - WAA,dividend,,2557412,2022-08,NaT
WAA,2022,2022-05-19,Update - Dividend/Distribution - WAA,dividend,,2523210,2022-05,NaT
WAA,2022,2022-02-08,WAM Active Board declares 3.0cps FF interim dividend,dividend,,2484375,2022-02,NaT
WAA,2022,2022-02-08,Dividend/Distribution - WAA,dividend,,2484349,2022-02,NaT
WAA,2023,2023-10-06,Update - Dividend/Distribution - WAA,dividend,,2722575,2023-10,NaT
WAA,2023,2023-08-29,Dividend/Distribution - WAA,dividend,,2704400,2023-08,NaT
WAA,2023,2023-04-14,Update - Dividend/Distribution - WAA,dividend,,2654517,2023-04,NaT
WAA,2023,2023-02-16,"3.0cps ff interim dividend, 2023 Half Year Results",dividend,,2632223,2023-02,NaT
WAA,2023,2023-02-16,Dividend/Distribution - WAA,dividend,,2632209,2023-02,NaT
WAA,2024,2024-10-15,Update - Dividend/Distribution - WAA,dividend,,2867867,2024-10,NaT
WAA,2024,2024-08-27,Dividend/Distribution - WAA,dividend,,2844818,2024-08,NaT
WAA,2024,2024-04-18,Update - Dividend/Distribution - WAA,dividend,,2797583,2024-04,NaT
WAA,2024,2024-02-26,Strong investment port. performance and FF interim dividend,dividend,,2777577,2024-02,NaT
WAA,2024,2024-02-26,Dividend/Distribution - WAA,dividend,,2777479,2024-02,NaT
WAA,2025,2025-11-21,Update - Dividend/Distribution - WAA,dividend,,3030361,2025-11,NaT
WAA,2025,2025-08-26,Dividend/Distribution - WAA,dividend,,2985539,2025-08,NaT
WAA,2025,2025-04-17,Update - Dividend/Distribution - WAA,dividend,,2939510,2025-04,NaT
WAA,2025,2025-02-18,Dividend/Distribution - WAA,dividend,,2915312,2025-02,NaT
WAA,2026,2026-07-14,Dividend/Distribution - WAA,dividend,,3114717,2026-07,NaT
WAA,2026,2026-07-13,Dividend/Distribution - WAA,dividend,,3114282,2026-07,NaT
WAA,2026,2026-06-22,Update - Dividend/Distribution - WAA,dividend,,3106507,2026-06,NaT
WAA,2026,2026-05-20,Update - Dividend/Distribution - WAA,dividend,,3095962,2026-05,NaT
WAA,2026,2026-03-13,Updated Dividend Re-Investment Plan,dividend,,3072134,2026-03,NaT
WAA,2026,2026-01-06,Dividend/Distribution - WAA,dividend,,3047359,2026-01,NaT
WAM,2016,2016-10-20,Update - Dividend/Distribution - WAM,dividend,,1791859,2016-10,NaT
WAM,2016,2016-07-25,Dividend/Distribution - WAM,dividend,,1759796,2016-07,NaT
WAM,2016,2016-05-03,Update - Dividend/Distribution - WAM,dividend,,1737407,2016-05,NaT
WAM,2016,2016-02-01,Dividend/Distribution - WAM,dividend,,1707701,2016-02,NaT
WAM,2017,2017-10-20,Update - Dividend/Distribution - WAM,dividend,,1910614,2017-10,NaT
WAM,2017,2017-07-31,Dividend/Distribution - WAM,dividend,,1878375,2017-07,NaT
WAM,2017,2017-07-31,Media release FY17 results - increased FF dividend,dividend,,1878370,2017-07,NaT
WAM,2017,2017-04-20,Update - Dividend/Distribution - WAM,dividend,,1849281,2017-04,NaT
WAM,2017,2017-02-08,Media release HY17 results - increased FF interim dividend,dividend,,1826556,2017-02,NaT
WAM,2017,2017-02-08,Dividend/Distribution - WAM,dividend,,1826547,2017-02,NaT
WAM,2018,2018-11-21,Update - Dividend/Distribution - WAM,dividend,,2050728,2018-11,NaT
WAM,2018,2018-08-17,Dividend/Distribution - WAM,dividend,,2010465,2018-08,NaT
WAM,2018,2018-04-18,Update - Dividend/Distribution - WAM,dividend,,1972320,2018-04,NaT
WAM,2018,2018-02-12,Record $119.4 million profit and increased FF dividend,dividend,,1949594,2018-02,NaT
WAM,2018,2018-02-12,Dividend/Distribution - WAM,dividend,,1949420,2018-02,NaT
WAM,2019,2019-10-22,Update - Dividend/Distribution - WAM,dividend,,2162225,2019-10,NaT
WAM,2019,2019-08-20,Dividend/Distribution - WAM,dividend,,2135684,2019-08,NaT
WAM,2019,2019-04-15,Update - Dividend/Distribution - WAM,dividend,,2096540,2019-04,NaT
WAM,2019,2019-02-26,Dividend/Distribution - WAM,dividend,,2080072,2019-02,NaT
WAM,2020,2020-11-26,Shareholder distribution and top 20 shareholders,dividend,,2314084,2020-11,NaT
WAM,2020,2020-11-24,Update - Dividend/Distribution - WAM,dividend,,2313002,2020-11,NaT
WAM,2020,2020-07-08,Dividend/Distribution - WAM,dividend,,2253049,2020-07,NaT
WAM,2020,2020-04-23,Update - Dividend/Distribution - WAM,dividend,,2227795,2020-04,NaT
WAM,2020,2020-02-10,WAM - interim profit up 168% and 7.75cps FF interim dividend,dividend,,2200494,2020-02,NaT
WAM,2020,2020-02-10,Dividend/Distribution - WAM,dividend,,2200492,2020-02,NaT
WAM,2021,2021-10-21,Update - Dividend/Distribution - WAM,dividend,,2439169,2021-10,NaT
WAM,2021,2021-08-19,Dividend/Distribution - WAM,dividend,,2409139,2021-08,NaT
WAM,2021,2021-06-03,Update - Dividend/Distribution - WAM,dividend,,2381597,2021-06,NaT
WAM,2021,2021-04-13,Shareholder distribution and top 20 shareholders,dividend,,2363115,2021-04,NaT
WAM,2021,2021-04-06,Shareholder distribution and top 20 shareholders,dividend,,2360845,2021-04,NaT
WAM,2021,2021-03-23,"AYS: WAM takeover offer, distributions and important dates",dividend,,2356462,2021-03,NaT
WAM,2021,2021-02-19,Interim profit up 144% and 7.75cps FF interim dividend,dividend,,2343480,2021-02,NaT
WAM,2021,2021-01-18,Dividend/Distribution - WAM,dividend,,2331212,2021-01,NaT
WAM,2022,2022-10-20,Update - Dividend/Distribution - WAM,dividend,,2585342,2022-10,NaT
WAM,2022,2022-08-15,"15.5cps ff full year dividend, 2022 Full Year Results",dividend,,2553246,2022-08,NaT
WAM,2022,2022-08-15,Dividend/Distribution - WAM,dividend,,2553228,2022-08,NaT
WAM,2022,2022-06-09,Update - Dividend/Distribution - WAM,dividend,,2530540,2022-06,NaT
WAM,2022,2022-03-04,Shareholder distribution and top 20 shareholders,dividend,,2495859,2022-03,NaT
WAM,2022,2022-02-04,Dividend/Distribution - WAM,dividend,,2483246,2022-02,NaT
WAM,2023,2023-10-20,Update - Dividend/Distribution - WAM,dividend,,2728503,2023-10,NaT
WAM,2023,2023-08-15,"Investment portfolio outperformance, full year FF dividend",dividend,,2697645,2023-08,NaT
WAM,2023,2023-08-15,Dividend/Distribution - WAM,dividend,,2697610,2023-08,NaT
WAM,2023,2023-05-18,Update - Dividend/Distribution - WAM,dividend,,2667506,2023-05,NaT
WAM,2023,2023-02-15,"7.75cps ff interim dividend, 2023 Half Year Results",dividend,,2631615,2023-02,NaT
WAM,2023,2023-02-02,"Solid investment performance, 7.75cps ff interim dividend",dividend,,2627310,2023-02,NaT
WAM,2023,2023-02-02,Dividend/Distribution - WAM,dividend,,2627300,2023-02,NaT
WAM,2024,2024-10-24,Update - Dividend/Distribution - WAM,dividend,,2872182,2024-10,NaT
WAM,2024,2024-08-29,"Strong invest. port. outperformance, high full year dividend",dividend,,2846470,2024-08,NaT
WAM,2024,2024-08-29,Dividend/Distribution - WAM,dividend,,2846382,2024-08,NaT
WAM,2024,2024-04-23,Update - Dividend/Distribution - WAM,dividend,,2799064,2024-04,NaT
WAM,2024,2024-02-20,Strong investment port. outperformance and interim dividend,dividend,,2774940,2024-02,NaT
WAM,2024,2024-02-20,Dividend/Distribution - WAM,dividend,,2774915,2024-02,NaT
WAM,2025,2025-10-23,Update - Dividend/Distribution - WAM,dividend,,3014515,2025-10,NaT
WAM,2025,2025-08-14,Dividend/Distribution - WAM,dividend,,2980349,2025-08,NaT
WAM,2025,2025-04-23,Update - Dividend/Distribution - WAM,dividend,,2940395,2025-04,NaT
WAM,2025,2025-02-14,"Strong invest. port. outperformance, high interim dividend",dividend,,2914327,2025-02,NaT
WAM,2025,2025-02-14,Dividend/Distribution - WAM,dividend,,2914287,2025-02,NaT
WAM,2026,2026-05-21,Update - Dividend/Distribution - WAM,dividend,,3096421,2026-05,NaT
WAM,2026,2026-03-13,Updated Dividend Re-Investment Plan,dividend,,3072042,2026-03,NaT
WAM,2026,2026-02-27,Dividend/Distribution - WAM,dividend,,3066049,2026-02,NaT
WAR,2021,2021-06-24,Distribution Schedule,dividend,,2387879,2021-06,NaT
WAR,2021,2021-06-24,Dividend Reinvestment Plan,dividend,,2387875,2021-06,NaT
WAR,2022,2022-10-20,Update - Dividend/Distribution - WAR,dividend,,2585379,2022-10,NaT
WAR,2022,2022-08-30,"3.0cps FF full year dividend, 2022 Full Year Results",dividend,,2560932,2022-08,NaT
WAR,2022,2022-08-30,Dividend/Distribution - WAR,dividend,,2560874,2022-08,NaT
WAR,2022,2022-04-07,Update - Dividend/Distribution - WAR,dividend,,2508406,2022-04,NaT
WAR,2022,2022-02-16,Dividend/Distribution - WAR,dividend,,2487420,2022-02,NaT
WAR,2023,2023-10-19,Update - Dividend/Distribution - WAR,dividend,,2727827,2023-10,NaT
WAR,2023,2023-08-29,"Strong increase in FF dividend, 2023 full year results",dividend,,2704228,2023-08,NaT
WAR,2023,2023-07-18,Dividend/Distribution - WAR,dividend,,2687769,2023-07,NaT
WAR,2023,2023-04-19,Update - Dividend/Distribution - WAR,dividend,,2656060,2023-04,NaT
WAR,2023,2023-02-23,Dividend/Distribution - WAR,dividend,,2635275,2023-02,NaT
WAR,2024,2024-12-11,Update - Dividend/Distribution - WAR,dividend,,2894384,2024-12,NaT
WAR,2024,2024-10-18,Update - Dividend/Distribution - WAR,dividend,,2869643,2024-10,NaT
WAR,2024,2024-08-28,Dividend/Distribution - WAR,dividend,,2845399,2024-08,NaT
WAR,2024,2024-05-21,Update - Dividend/Distribution - WAR,dividend,,2809641,2024-05,NaT
WAR,2024,2024-02-15,Dividend/Distribution - WAR,dividend,,2773293,2024-02,NaT
WAR,2025,2025-10-22,Update - Dividend/Distribution - WAR,dividend,,3013903,2025-10,NaT
WAR,2025,2025-08-20,Dividend/Distribution - WAR,dividend,,2982628,2025-08,NaT
WAR,2025,2025-05-20,Update - Dividend/Distribution - WAR,dividend,,2950167,2025-05,NaT
WAR,2025,2025-02-27,Dividend/Distribution - WAR,dividend,,2920199,2025-02,NaT
WAR,2026,2026-08-03,"Investment portfolio outperformance, increased FF dividend",dividend,,3121312,2026-08,NaT
WAR,2026,2026-08-03,Dividend/Distribution - WAR,dividend,,3121291,2026-08,NaT
WAR,2026,2026-05-20,Update - Dividend/Distribution - WAR,dividend,,3095931,2026-05,NaT
WAR,2026,2026-03-13,Updated Dividend Re-Investment Plan,dividend,,3071982,2026-03,NaT
WAR,2026,2026-02-11,Dividend/Distribution - WAR,dividend,,3059081,2026-02,NaT
WAX,2016,2016-10-20,Update - Dividend/Distribution - WAX,dividend,,1791849,2016-10,NaT
WAX,2016,2016-08-08,Dividend/Distribution - WAX,dividend,,1764918,2016-08,NaT
WAX,2016,2016-04-19,Update - Dividend/Distribution - WAX,dividend,,1732299,2016-04,NaT
WAX,2016,2016-02-16,Dividend/Distribution - WAX,dividend,,1712054,2016-02,NaT
WAX,2017,2017-10-20,Update - Dividend/Distribution - WAX,dividend,,1910615,2017-10,NaT
WAX,2017,2017-08-08,Strong total shareholder return and increased FF dividend,dividend,,1881807,2017-08,NaT
WAX,2017,2017-08-08,Dividend/Distribution - WAX,dividend,,1881802,2017-08,NaT
WAX,2017,2017-04-11,Update - Dividend/Distribution - WAX,dividend,,1847227,2017-04,NaT
WAX,2017,2017-02-15,Media release HY17 results - record FF interim dividend,dividend,,1828562,2017-02,NaT
WAX,2017,2017-02-15,Dividend/Distribution - WAX,dividend,,1828553,2017-02,NaT
WAX,2018,2018-10-17,Update - Dividend/Distribution - WAX,dividend,,2035563,2018-10,NaT
WAX,2018,2018-08-17,Dividend/Distribution - WAX,dividend,,2010540,2018-08,NaT
WAX,2018,2018-04-18,Update - Dividend/Distribution - WAX,dividend,,1972260,2018-04,NaT
WAX,2018,2018-02-22,Interim profit of $20.4 million and increased FF dividend,dividend,,1953931,2018-02,NaT
WAX,2018,2018-02-22,Dividend/Distribution - WAX,dividend,,1953918,2018-02,NaT
WAX,2019,2019-10-09,Update - Dividend/Distribution - WAX,dividend,,2157208,2019-10,NaT
WAX,2019,2019-08-22,2019 Full Year Results - updated dividend dates,dividend,,2136932,2019-08,NaT
WAX,2019,2019-08-22,Dividend/Distribution - WAX,dividend,,2136714,2019-08,NaT
WAX,2019,2019-04-15,Update - Dividend/Distribution - WAX,dividend,,2096542,2019-04,NaT
WAX,2019,2019-02-27,Dividend/Distribution - WAX,dividend,,2080701,2019-02,NaT
WAX,2020,2020-10-15,Update - Dividend/Distribution - WAX,dividend,,2294355,2020-10,NaT
WAX,2020,2020-08-25,Dividend/Distribution - WAX,dividend,,2271374,2020-08,NaT
WAX,2020,2020-04-09,Update - Dividend/Distribution - WAX,dividend,,2224176,2020-04,NaT
WAX,2020,2020-02-17,WAX - interim profit up 153% and 4.9cps FF interim dividend,dividend,,2202797,2020-02,NaT
WAX,2020,2020-02-17,Dividend/Distribution - WAX,dividend,,2202769,2020-02,NaT
WAX,2021,2021-10-14,Update - Dividend/Distribution - WAX,dividend,,2435832,2021-10,NaT
WAX,2021,2021-08-24,Dividend/Distribution - WAX,dividend,,2411011,2021-08,NaT
WAX,2021,2021-04-12,Update - Dividend/Distribution - WAX,dividend,,2362729,2021-04,NaT
WAX,2021,2021-02-24,Interim profit up 205% and 4.95cps FF interim dividend,dividend,,2345489,2021-02,NaT
WAX,2021,2021-02-02,Dividend/Distribution - WAX,dividend,,2337010,2021-02,NaT
WAX,2022,2022-10-07,Update - Dividend/Distribution - WAX,dividend,,2579572,2022-10,NaT
WAX,2022,2022-08-19,"10.0cps FF full year dividend, 2022 Full Year Results",dividend,,2555403,2022-08,NaT
WAX,2022,2022-08-19,Dividend/Distribution - WAX,dividend,,2555376,2022-08,NaT
WAX,2022,2022-04-07,Update - Dividend/Distribution - WAX,dividend,,2508383,2022-04,NaT
WAX,2022,2022-02-15,Dividend/Distribution - WAX,dividend,,2486742,2022-02,NaT
WAX,2023,2023-10-06,Update - Dividend/Distribution - WAX,dividend,,2722587,2023-10,NaT
WAX,2023,2023-08-24,Dividend/Distribution - WAX,dividend,,2701686,2023-08,NaT
WAX,2023,2023-04-14,Update - Dividend/Distribution - WAX,dividend,,2654516,2023-04,NaT
WAX,2023,2023-02-24,"WAX maintains ff interim dividend, 2023 Half Year Results",dividend,,2635949,2023-02,NaT
WAX,2023,2023-02-24,Dividend/Distribution - WAX,dividend,,2635892,2023-02,NaT
WAX,2024,2024-10-16,Update - Dividend/Distribution - WAX,dividend,,2868428,2024-10,NaT
WAX,2024,2024-08-28,"Strong invest. port. outperformance, high full year dividend",dividend,,2845488,2024-08,NaT
WAX,2024,2024-08-28,Dividend/Distribution - WAX,dividend,,2845340,2024-08,NaT
WAX,2024,2024-04-24,Update - Dividend/Distribution - WAX,dividend,,2799671,2024-04,NaT
WAX,2024,2024-02-23,Strong investment port. outperformance and interim dividend,dividend,,2776906,2024-02,NaT
WAX,2024,2024-02-23,Dividend/Distribution - WAX,dividend,,2776868,2024-02,NaT
WAX,2025,2025-10-20,Update - Dividend/Distribution - WAX,dividend,,3012544,2025-10,NaT
WAX,2025,2025-08-27,Dividend/Distribution - WAX,dividend,,2986226,2025-08,NaT
WAX,2025,2025-04-23,Update - Dividend/Distribution - WAX,dividend,,2940048,2025-04,NaT
WAX,2025,2025-02-19,Dividend/Distribution - WAX,dividend,,2915868,2025-02,NaT
WAX,2026,2026-08-24,"Final dividend partially franked, 2026 Full Year Results",dividend,,3128875,2026-08,NaT
WAX,2026,2026-08-24,Dividend/Distribution - WAX,dividend,,3128774,2026-08,NaT
WAX,2026,2026-05-18,Update - Dividend/Distribution - WAX,dividend,,3095046,2026-05,NaT
WAX,2026,2026-03-13,Updated Dividend Re-Investment Plan,dividend,,3072038,2026-03,NaT
WAX,2026,2026-02-27,"WAX maintains interim dividend, 2026 Half Year Results",dividend,,3066445,2026-02,NaT
WAX,2026,2026-02-27,Dividend/Distribution - WAX,dividend,,3066265,2026-02,NaT
WDE,2016,2016-09-21,Update - Dividend/Distribution - WDE,dividend,,1780911,2016-09,NaT
WDE,2016,2016-08-25,Dividend/Distribution - WDE,dividend,,1771785,2016-08,NaT
WDE,2016,2016-04-18,Update - Dividend/Distribution - WDE,dividend,,1732085,2016-04,NaT
WDE,2016,2016-02-18,Dividend/Distribution - WDE,dividend,,1713160,2016-02,NaT
WDE,2016,2016-02-18,Dividend Reinvestment Plan - Amendment &amp; Activation,dividend,,1713150,2016-02,NaT
WDE,2016,2016-02-18,WDE releases Half-Year Report &amp; declares Inaugural Dividend,dividend,,1713149,2016-02,NaT
WDE,2017,2017-09-22,Update - Dividend/Distribution - WDE,dividend,,1898855,2017-09,NaT
WDE,2017,2017-08-24,Dividend/Distribution - WDE,dividend,,1887542,2017-08,NaT
WDE,2017,2017-08-01,Corporate Tax Rate Changes and Dividend Imputation,dividend,,1879587,2017-08,NaT
WDE,2018,2018-08-28,Dividend/Distribution - WDE,dividend,,2014685,2018-08,NaT
WDE,2018,2018-04-11,Update - Dividend/Distribution - WDE,dividend,,1970295,2018-04,NaT
WDE,2018,2018-01-30,Update - Dividend/Distribution - WDE,dividend,,1944945,2018-01,NaT
WDE,2018,2018-01-25,WDE Interim Dividend and On-market Share Buy-back,dividend,,1943835,2018-01,NaT
WDE,2018,2018-01-25,Dividend/Distribution - WDE,dividend,,1943830,2018-01,NaT
WGB,2018,2018-06-21,Distribution Schedule,dividend,,1992575,2018-06,NaT
WGB,2019,2019-10-16,Update - Dividend/Distribution - WGB,dividend,,2159876,2019-10,NaT
WGB,2019,2019-07-25,WGB announces inaugural fully franked dividend,dividend,,2126197,2019-07,NaT
WGB,2019,2019-07-25,Dividend/Distribution - WGB,dividend,,2126171,2019-07,NaT
WGB,2020,2020-12-10,"WAM Global FY2021 interim dividend guidance, 66.7% increase",dividend,,2320624,2020-12,NaT
WGB,2020,2020-10-22,Update - Dividend/Distribution - WGB,dividend,,2297614,2020-10,NaT
WGB,2020,2020-07-21,100% increase in fully franked final dividend,dividend,,2256893,2020-07,NaT
WGB,2020,2020-07-21,Dividend/Distribution - WGB,dividend,,2256860,2020-07,NaT
WGB,2020,2020-04-20,Update - Dividend/Distribution - WGB,dividend,,2226571,2020-04,NaT
WGB,2020,2020-01-30,Dividend/Distribution - WGB,dividend,,2196548,2020-01,NaT
WGB,2021,2021-11-24,Update - Dividend/Distribution - WGB,dividend,,2457100,2021-11,NaT
WGB,2021,2021-08-18,Dividend/Distribution - WGB,dividend,,2408547,2021-08,NaT
WGB,2021,2021-06-03,Update - Dividend/Distribution - WGB,dividend,,2381601,2021-06,NaT
WGB,2021,2021-01-29,Dividend/Distribution - WGB,dividend,,2335022,2021-01,NaT
WGB,2022,2022-10-17,Update - Dividend/Distribution - WGB,dividend,,2583417,2022-10,NaT
WGB,2022,2022-08-22,"11.0cps FF full year dividend, 2022 Full Year Results",dividend,,2556096,2022-08,NaT
WGB,2022,2022-08-22,Dividend/Distribution - WGB,dividend,,2556065,2022-08,NaT
WGB,2022,2022-05-19,Update - Dividend/Distribution - WGB,dividend,,2523213,2022-05,NaT
WGB,2022,2022-02-10,WGB announces 10% increase in FF interim dividend to 5.5cps,dividend,,2485338,2022-02,NaT
WGB,2022,2022-02-10,Dividend/Distribution - WGB,dividend,,2485336,2022-02,NaT
WGB,2023,2023-10-17,Update - Dividend/Distribution - WGB,dividend,,2726721,2023-10,NaT
WGB,2023,2023-08-30,Dividend/Distribution - WGB,dividend,,2705059,2023-08,NaT
WGB,2023,2023-04-17,Update - Dividend/Distribution - WGB,dividend,,2655115,2023-04,NaT
WGB,2023,2023-02-21,Dividend/Distribution - WGB,dividend,,2633794,2023-02,NaT
WGB,2024,2024-11-25,Update - Dividend/Distribution - WGB,dividend,,2886600,2024-11,NaT
WGB,2024,2024-06-03,WAM Global announces increased fully franked final dividend,dividend,,2814049,2024-06,NaT
WGB,2024,2024-06-03,Dividend/Distribution - WGB,dividend,,2814014,2024-06,NaT
WGB,2024,2024-04-19,Update - Dividend/Distribution - WGB,dividend,,2798034,2024-04,NaT
WGB,2024,2024-02-08,Dividend/Distribution - WGB,dividend,,2771090,2024-02,NaT
WGB,2025,2025-11-11,Update - Dividend/Distribution - WGB,dividend,,3024033,2025-11,NaT
WGB,2025,2025-07-22,Update - Dividend/Distribution - WGB,dividend,,2971568,2025-07,NaT
WGB,2025,2025-07-22,Dividend/Distribution - WGB,dividend,,2971386,2025-07,NaT
WGB,2025,2025-05-22,Update - Dividend/Distribution - WGB,dividend,,2951162,2025-05,NaT
WGB,2025,2025-02-10,Dividend/Distribution - WGB,dividend,,2912458,2025-02,NaT
WGB,2026,2026-08-19,"Increased FF full year dividend, 2026 Full Year Results",dividend,,3126860,2026-08,NaT
WGB,2026,2026-08-19,Dividend/Distribution - WGB,dividend,,3126734,2026-08,NaT
WGB,2026,2026-04-16,Update - Dividend/Distribution - WGB,dividend,,3083471,2026-04,NaT
WGB,2026,2026-03-13,Updated Dividend Re-Investment Plan,dividend,,3072112,2026-03,NaT
WGB,2026,2026-02-25,WAM Global increases fully franked interim dividend,dividend,,3064735,2026-02,NaT
WGB,2026,2026-02-25,Dividend/Distribution - WGB,dividend,,3064606,2026-02,NaT
WGF,2016,2016-12-20,Dividend re-investment plan,dividend,,1814985,2016-12,NaT
WGF,2016,2016-12-20,Distribution Schedule - Options,dividend,,1814974,2016-12,NaT
WGF,2016,2016-12-20,Distribution Schedule - Shares,dividend,,1814972,2016-12,NaT
WGF,2018,2018-08-28,WGF Declares Maiden Dividend,dividend,,2015285,2018-08,NaT
WGF,2018,2018-08-28,Dividend/Distribution - WGF,dividend,,2015277,2018-08,NaT
WHF,2016,2016-12-12,Appendix 3B - Dividend Reinvestment and Bonus Share Plans,dividend,,1811816,2016-12,NaT
WHF,2016,2016-12-01,Update - Dividend/Distribution - WHF,dividend,,1808825,2016-12,NaT
WHF,2016,2016-11-15,Dividend/Distribution - WHFPB,dividend,,1802181,2016-11,NaT
WHF,2016,2016-11-15,Dividend/Distribution - WHFPA,dividend,,1802179,2016-11,NaT
WHF,2016,2016-11-15,Dividend/Distribution - WHF,dividend,,1802178,2016-11,NaT
WHF,2016,2016-06-14,Appendix 3B - Dividend Reinvestment and Bonus Share Plans,dividend,,1748581,2016-06,NaT
WHF,2016,2016-06-03,Update - Dividend/Distribution - WHF,dividend,,1746192,2016-06,NaT
WHF,2016,2016-05-19,Dividend/Distribution - WHF,dividend,,1742259,2016-05,NaT
WHF,2016,2016-05-19,Dividend/Distribution - WHFPB,dividend,,1742242,2016-05,NaT
WHF,2016,2016-05-19,Dividend/Distribution - WHFPA,dividend,,1742241,2016-05,NaT
WHF,2017,2017-12-12,Appendix 3B - Dividend Reinvestment and Bonus Share Plans,dividend,,1932880,2017-12,NaT
WHF,2017,2017-12-01,Update - Dividend/Distribution - WHF,dividend,,1929286,2017-12,NaT
WHF,2017,2017-11-17,Dividend/Distribution - WHFPB,dividend,,1922716,2017-11,NaT
WHF,2017,2017-11-17,Dividend/Distribution - WHFPA,dividend,,1922715,2017-11,NaT
WHF,2017,2017-11-17,Dividend/Distribution - WHF,dividend,,1922712,2017-11,NaT
WHF,2017,2017-06-13,Appendix 3B - Dividend Reinvestment and Bonus Share Plans,dividend,,1865016,2017-06,NaT
WHF,2017,2017-06-02,Update - Dividend/Distribution - WHF,dividend,,1862642,2017-06,NaT
WHF,2017,2017-05-16,Dividend/Distribution - WHFPB,dividend,,1857750,2017-05,NaT
WHF,2017,2017-05-16,Dividend/Distribution - WHFPA,dividend,,1857749,2017-05,NaT
WHF,2017,2017-05-16,Dividend/Distribution - WHF,dividend,,1857748,2017-05,NaT
WHF,2018,2018-12-12,Appendix 3B - Dividend Reinvestment and Bonus Share Plans,dividend,,2058961,2018-12,NaT
WHF,2018,2018-12-03,Update - Dividend/Distribution - WHF,dividend,,2055643,2018-12,NaT
WHF,2018,2018-11-15,Dividend/Distribution - WHFPB,dividend,,2048332,2018-11,NaT
WHF,2018,2018-11-15,Dividend/Distribution - WHFPA,dividend,,2048330,2018-11,NaT
WHF,2018,2018-11-15,Dividend/Distribution - WHF,dividend,,2048328,2018-11,NaT
WHF,2018,2018-09-07,Earnings and Dividend Update,dividend,,2019981,2018-09,NaT
WHF,2018,2018-06-12,Appendix 3B - Dividend Reinvestment and Bonus Share Plans,dividend,,1989454,2018-06,NaT
WHF,2018,2018-05-30,Update - Dividend/Distribution - WHF,dividend,,1986147,2018-05,NaT
WHF,2018,2018-05-15,Dividend/Distribution - WHFPB,dividend,,1981753,2018-05,NaT
WHF,2018,2018-05-15,Dividend/Distribution - WHFPA,dividend,,1981751,2018-05,NaT
WHF,2018,2018-05-15,Dividend/Distribution - WHF,dividend,,1981750,2018-05,NaT
WHF,2019,2019-12-12,Appendix 2A - Dividend Reinvestment and Bonus Share Plans,dividend,,2184748,2019-12,NaT
WHF,2019,2019-12-02,Update - Dividend/Distribution - WHF,dividend,,2180737,2019-12,NaT
WHF,2019,2019-11-14,Dividend/Distribution - WHFPB,dividend,,2172852,2019-11,NaT
WHF,2019,2019-11-14,Dividend/Distribution - WHFPA,dividend,,2172851,2019-11,NaT
WHF,2019,2019-11-14,Dividend/Distribution - WHF,dividend,,2172850,2019-11,NaT
WHF,2019,2019-06-12,Appendix 3B - Dividend Reinvestment and Bonus Share Plans,dividend,,2113372,2019-06,NaT
WHF,2019,2019-06-03,Update - Dividend/Distribution - WHF,dividend,,2110906,2019-06,NaT
WHF,2019,2019-05-17,Dividend/Distribution - WHFPB,dividend,,2106664,2019-05,NaT
WHF,2019,2019-05-17,Dividend/Distribution - WHFPA,dividend,,2106662,2019-05,NaT
WHF,2019,2019-05-17,Dividend/Distribution - WHF,dividend,,2106660,2019-05,NaT
WHF,2020,2020-12-11,Appendix 2A - Dividend Reinvestment and Bonus Share Plans,dividend,,2321288,2020-12,NaT
WHF,2020,2020-12-02,Update - Dividend/Distribution - WHF,dividend,,2317330,2020-12,NaT
WHF,2020,2020-11-18,Dividend/Distribution - WHFPB,dividend,,2310346,2020-11,NaT
WHF,2020,2020-11-18,Dividend/Distribution - WHFPA,dividend,,2310342,2020-11,NaT
WHF,2020,2020-11-18,Dividend/Distribution - WHF,dividend,,2310338,2020-11,NaT
WHF,2020,2020-06-12,Appendix 2A - Dividend Reinvestment and Bonus Share Plans,dividend,,2244075,2020-06,NaT
WHF,2020,2020-06-03,Update - Dividend/Distribution - WHF,dividend,,2241285,2020-06,NaT
WHF,2020,2020-05-18,Dividend/Distribution - WHFPB,dividend,,2236204,2020-05,NaT
WHF,2020,2020-05-18,Dividend/Distribution - WHFPA,dividend,,2236203,2020-05,NaT
WHF,2020,2020-05-18,Dividend/Distribution - WHF,dividend,,2236202,2020-05,NaT
WHF,2021,2021-12-01,Update - Dividend/Distribution - WHF,dividend,,2460566,2021-12,NaT
WHF,2021,2021-11-18,Dividend/Distribution - WHFPB,dividend,,2453800,2021-11,NaT
WHF,2021,2021-11-18,Dividend/Distribution - WHFPA,dividend,,2453793,2021-11,NaT
WHF,2021,2021-11-18,Dividend/Distribution - WHF,dividend,,2453789,2021-11,NaT
WHF,2021,2021-06-02,Update - Dividend/Distribution - WHF,dividend,,2380936,2021-06,NaT
WHF,2021,2021-05-19,Dividend/Distribution - WHFPB,dividend,,2376128,2021-05,NaT
WHF,2021,2021-05-19,Dividend/Distribution - WHFPA,dividend,,2376125,2021-05,NaT
WHF,2021,2021-05-19,Dividend/Distribution - WHF,dividend,,2376124,2021-05,NaT
WHF,2022,2022-12-01,Update - Dividend/Distribution - WHF,dividend,,2607003,2022-12,NaT
WHF,2022,2022-11-17,Dividend/Distribution - WHFPB,dividend,,2599560,2022-11,NaT
WHF,2022,2022-11-17,Dividend/Distribution - WHFPA,dividend,,2599559,2022-11,NaT
WHF,2022,2022-11-17,Dividend/Distribution - WHF,dividend,,2599558,2022-11,NaT
WHF,2022,2022-06-03,Update - Dividend/Distribution - WHF,dividend,,2528295,2022-06,NaT
WHF,2022,2022-05-18,Dividend/Distribution - WHFPB,dividend,,2522738,2022-05,NaT
WHF,2022,2022-05-18,Dividend/Distribution - WHFPA,dividend,,2522736,2022-05,NaT
WHF,2022,2022-05-18,Dividend/Distribution - WHF,dividend,,2522735,2022-05,NaT
WHF,2023,2023-12-04,Update - Dividend/Distribution - WHF,dividend,,2749826,2023-12,NaT
WHF,2023,2023-11-21,Dividend/Distribution - WHFPB,dividend,,2743040,2023-11,NaT
WHF,2023,2023-11-21,Dividend/Distribution - WHFPA,dividend,,2743032,2023-11,NaT
WHF,2023,2023-11-21,Dividend/Distribution - WHF,dividend,,2743031,2023-11,NaT
WHF,2023,2023-06-02,Update - Dividend/Distribution - WHF,dividend,,2672533,2023-06,NaT
WHF,2023,2023-05-16,Dividend/Distribution - WHFPB,dividend,,2666617,2023-05,NaT
WHF,2023,2023-05-16,Dividend/Distribution - WHFPA,dividend,,2666616,2023-05,NaT
WHF,2023,2023-05-16,Dividend/Distribution - WHF,dividend,,2666615,2023-05,NaT
WHF,2024,2024-12-04,Update - Dividend/Distribution - WHF,dividend,,2891365,2024-12,NaT
WHF,2024,2024-11-21,Dividend/Distribution - WHFPB,dividend,,2885147,2024-11,NaT
WHF,2024,2024-11-21,Dividend/Distribution - WHFPA,dividend,,2885144,2024-11,NaT
WHF,2024,2024-11-21,Dividend/Distribution - WHF,dividend,,2885143,2024-11,NaT
WHF,2024,2024-06-03,Update - Dividend/Distribution - WHF,dividend,,2813887,2024-06,NaT
WHF,2024,2024-05-14,Dividend/Distribution - WHFPB,dividend,,2807271,2024-05,NaT
WHF,2024,2024-05-14,Dividend/Distribution - WHFPA,dividend,,2807270,2024-05,NaT
WHF,2024,2024-05-14,Dividend/Distribution - WHF,dividend,,2807269,2024-05,NaT
WHF,2025,2025-12-11,Update - Dividend/Distribution - WHF,dividend,,3039831,2025-12,NaT
WHF,2025,2025-12-01,Dividend/Distribution - WHFPA,dividend,,3034676,2025-12,NaT
WHF,2025,2025-12-01,Dividend/Distribution - WHF,dividend,,3034666,2025-12,NaT
WHF,2025,2025-11-19,"App 4D, HY Accounts and Dividend Determined - September 2025",dividend,,3028396,2025-11,NaT
WHF,2025,2025-06-02,Update - Dividend/Distribution - WHF,dividend,,2954345,2025-06,NaT
WHF,2025,2025-05-20,Dividend/Distribution - WHFPA,dividend,,2950044,2025-05,NaT
WHF,2025,2025-05-20,Dividend/Distribution - WHF,dividend,,2950043,2025-05,NaT
WHF,2026,2026-08-18,Dividend/Distribution - WHFPA,dividend,,3126192,2026-08,NaT
WHF,2026,2026-08-18,Dividend/Distribution - WHF,dividend,,3126191,2026-08,NaT
WHF,2026,2026-08-18,WHF Moves To Quarterly Dividends &amp; FF Qtrly Div Determined,dividend,,3126190,2026-08,NaT
WHF,2026,2026-06-15,Update - Dividend/Distribution - WHF,dividend,,3103859,2026-06,NaT
WHF,2026,2026-06-02,Dividend/Distribution - WHFPA,dividend,,3100036,2026-06,NaT
WHF,2026,2026-06-02,Dividend/Distribution - WHF,dividend,,3100035,2026-06,NaT
WHI,2024,2024-12-09,Distribution Schedule,dividend,,2893581,2024-12,NaT
WHI,2025,2025-12-11,Dividend/Distribution - WHI,dividend,,3039826,2025-12,NaT
WHI,2025,2025-11-11,Dividend/Distribution - WHI,dividend,,3023818,2025-11,NaT
WHI,2025,2025-10-13,Dividend/Distribution - WHI,dividend,,3008756,2025-10,NaT
WHI,2025,2025-10-13,"Whitefield Income Monthly Dividends Oct, Nov, Dec",dividend,,3008744,2025-10,NaT
WHI,2025,2025-09-10,Dividend/Distribution - WHI,dividend,,2993431,2025-09,NaT
WHI,2025,2025-08-11,Dividend/Distribution - WHI,dividend,,2978977,2025-08,NaT
WHI,2025,2025-07-10,Dividend/Distribution - WHI,dividend,,2968086,2025-07,NaT
WHI,2025,2025-07-10,"Whitefield Income Monthly Dividends Jul, Aug, Sep",dividend,,2968084,2025-07,NaT
WHI,2025,2025-06-11,Dividend/Distribution - WHI,dividend,,2957318,2025-06,NaT
WHI,2025,2025-05-12,Dividend/Distribution - WHI,dividend,,2947313,2025-05,NaT
WHI,2025,2025-04-10,Dividend/Distribution - WHI,dividend,,2936701,2025-04,NaT
WHI,2025,2025-04-10,"Whitefield Income Montlhy Dividends Apr, May, Jun",dividend,,2936693,2025-04,NaT
WHI,2026,2026-08-11,Dividend/Distribution - WHI,dividend,,3123921,2026-08,NaT
WHI,2026,2026-07-09,Dividend/Distribution - WHI,dividend,,3113502,2026-07,NaT
WHI,2026,2026-06-03,Dividend/Distribution - WHI,dividend,,3100542,2026-06,NaT
WHI,2026,2026-05-06,Dividend/Distribution - WHI,dividend,,3090956,2026-05,NaT
WHI,2026,2026-04-13,Dividend/Distribution - WHI,dividend,,3081902,2026-04,NaT
WHI,2026,2026-03-11,Dividend/Distribution - WHI,dividend,,3070649,2026-03,NaT
WHI,2026,2026-02-10,Dividend/Distribution - WHI,dividend,,3058495,2026-02,NaT
WHI,2026,2026-01-13,Dividend/Distribution - WHI,dividend,,3049316,2026-01,NaT
WLE,2016,2016-05-27,Dividend Reinvestment Plan Booklet,dividend,,1744384,2016-05,NaT
WLE,2016,2016-05-27,Distribution Schedule - Options,dividend,,1744377,2016-05,NaT
WLE,2016,2016-05-27,Distribution Schedule - Shares,dividend,,1744376,2016-05,NaT
WLE,2017,2017-11-29,Update - Dividend/Distribution - WLE,dividend,,1927457,2017-11,NaT
WLE,2017,2017-07-17,WLE - 2.0c FF final dividend &amp; $39.3m pre-tax profit,dividend,,1874476,2017-07,NaT
WLE,2017,2017-07-17,Dividend/Distribution - WLE,dividend,,1874474,2017-07,NaT
WLE,2017,2017-04-20,Update - Dividend/Distribution - WLE,dividend,,1849284,2017-04,NaT
WLE,2017,2017-02-06,WLE announces maiden FF dividend &amp; HY results,dividend,,1825682,2017-02,NaT
WLE,2017,2017-02-06,Dividend/Distribution - WLE,dividend,,1825678,2017-02,NaT
WLE,2018,2018-10-17,Update - Dividend/Distribution - WLE,dividend,,2035567,2018-10,NaT
WLE,2018,2018-07-09,Strong performance and increased fully franked dividend,dividend,,1997836,2018-07,NaT
WLE,2018,2018-07-09,Dividend/Distribution - WLE,dividend,,1997835,2018-07,NaT
WLE,2018,2018-04-18,Update - Dividend/Distribution - WLE,dividend,,1972298,2018-04,NaT
WLE,2018,2018-02-05,WLE - Strong portfolio performance and record FF dividend,dividend,,1947398,2018-02,NaT
WLE,2018,2018-02-05,Dividend/Distribution - WLE,dividend,,1947397,2018-02,NaT
WLE,2019,2019-11-13,WAM Leaders FY2020 interim dividend guidance,dividend,,2172297,2019-11,NaT
WLE,2019,2019-10-16,Update - Dividend/Distribution - WLE,dividend,,2159872,2019-10,NaT
WLE,2019,2019-07-22,WLE announces record fully franked dividend,dividend,,2125187,2019-07,NaT
WLE,2019,2019-07-22,Dividend/Distribution - WLE,dividend,,2125184,2019-07,NaT
WLE,2019,2019-04-15,Update - Dividend/Distribution - WLE,dividend,,2096532,2019-04,NaT
WLE,2019,2019-02-22,Dividend/Distribution - WLE,dividend,,2078702,2019-02,NaT
WLE,2020,2020-10-22,Update - Dividend/Distribution - WLE,dividend,,2297607,2020-10,NaT
WLE,2020,2020-09-17,WAM Leaders FY2021 interim dividend guidance - FF 3.5 cps,dividend,,2281967,2020-09,NaT
WLE,2020,2020-07-06,"Significant outperformance, 15.0% FF dividend increase",dividend,,2251742,2020-07,NaT
WLE,2020,2020-07-06,Dividend/Distribution - WLE,dividend,,2251721,2020-07,NaT
WLE,2020,2020-04-20,Update - Dividend/Distribution - WLE,dividend,,2226574,2020-04,NaT
WLE,2020,2020-01-31,Dividend/Distribution - WLE,dividend,,2197186,2020-01,NaT
WLE,2021,2021-10-21,Update - Dividend/Distribution - WLE,dividend,,2439199,2021-10,NaT
WLE,2021,2021-07-29,WAM Leaders 14.3% increase in FY22 interim dividend guidance,dividend,,2400984,2021-07,NaT
WLE,2021,2021-07-13,Dividend/Distribution - WLE,dividend,,2394687,2021-07,NaT
WLE,2021,2021-04-19,Update - Dividend/Distribution - WLE,dividend,,2364900,2021-04,NaT
WLE,2021,2021-02-05,Dividend/Distribution - WLE,dividend,,2338271,2021-02,NaT
WLE,2022,2022-11-22,Update - Dividend/Distribution - WLE,dividend,,2601570,2022-11,NaT
WLE,2022,2022-08-03,Dividend/Distribution - WLE,dividend,,2549280,2022-08,NaT
WLE,2022,2022-04-20,Update - Dividend/Distribution - WLE,dividend,,2511970,2022-04,NaT
WLE,2022,2022-02-03,Dividend/Distribution - WLE,dividend,,2482887,2022-02,NaT
WLE,2023,2023-10-20,Update - Dividend/Distribution - WLE,dividend,,2728498,2023-10,NaT
WLE,2023,2023-08-17,Dividend/Distribution - WLE,dividend,,2698578,2023-08,NaT
WLE,2023,2023-05-24,Update - Dividend/Distribution - WLE,dividend,,2669291,2023-05,NaT
WLE,2023,2023-01-23,WLE announces 12.5% increase in FY2023 interim dividend,dividend,,2623070,2023-01,NaT
WLE,2023,2023-01-23,Dividend/Distribution - WLE,dividend,,2623055,2023-01,NaT
WLE,2024,2024-11-21,Update - Dividend/Distribution - WLE,dividend,,2885175,2024-11,NaT
WLE,2024,2024-08-26,WAM Leaders increases fully franked full year dividend,dividend,,2844182,2024-08,NaT
WLE,2024,2024-08-26,Dividend/Distribution - WLE,dividend,,2844164,2024-08,NaT
WLE,2024,2024-05-28,QVE: Court approves distribution of amended Scheme Booklet,dividend,,2812069,2024-05,NaT
WLE,2024,2024-05-23,Update - Dividend/Distribution - WLE,dividend,,2810652,2024-05,NaT
WLE,2024,2024-02-26,"Increased FF interim dividend, FF final dividend guidance",dividend,,2777596,2024-02,NaT
WLE,2024,2024-02-26,Dividend/Distribution - WLE,dividend,,2777497,2024-02,NaT
WLE,2025,2025-11-07,Update - Dividend/Distribution - WLE,dividend,,3022592,2025-11,NaT
WLE,2025,2025-08-15,WAM Leaders increases fully franked full year dividend,dividend,,2980821,2025-08,NaT
WLE,2025,2025-08-15,Dividend/Distribution - WLE,dividend,,2980752,2025-08,NaT
WLE,2025,2025-04-16,Update - Dividend/Distribution - WLE,dividend,,2938951,2025-04,NaT
WLE,2025,2025-02-13,WAM Leaders increases fully franked interim dividend,dividend,,2913895,2025-02,NaT
WLE,2025,2025-02-13,Dividend/Distribution - WLE,dividend,,2913845,2025-02,NaT
WLE,2026,2026-07-29,Dividend/Distribution - WLE,dividend,,3119188,2026-07,NaT
WLE,2026,2026-04-20,Update - Dividend/Distribution - WLE,dividend,,3084407,2026-04,NaT
WLE,2026,2026-03-13,Updated Dividend Re-Investment Plan,dividend,,3072126,2026-03,NaT
WLE,2026,2026-02-13,Dividend/Distribution - WLE,dividend,,3059887,2026-02,NaT
WMA,2020,2020-08-28,FY20 Results - Final Dividend,dividend,,2273731,2020-08,NaT
WMA,2020,2020-08-28,Dividend/Distribution - BAF,dividend,,2273730,2020-08,NaT
WMA,2020,2020-02-25,Dividend/Distribution - BAF,dividend,,2206331,2020-02,NaT
WMA,2021,2021-10-14,Update - Dividend/Distribution - WMA,dividend,,2435874,2021-10,NaT
WMA,2021,2021-08-27,Dividend/Distribution - WMA,dividend,,2413826,2021-08,NaT
WMA,2021,2021-08-27,Dividend Reinvestment Plan,dividend,,2413818,2021-08,NaT
WMA,2021,2021-04-19,Update - Dividend/Distribution - WMA,dividend,,2364908,2021-04,NaT
WMA,2021,2021-04-16,Update - Dividend/Distribution - WMA,dividend,,2364408,2021-04,NaT
WMA,2021,2021-02-25,Dividend/Distribution - WMA,dividend,,2346634,2021-02,NaT
WMA,2021,2021-02-25,2020 Dividend imputation rate update,dividend,,2346624,2021-02,NaT
WMA,2022,2022-10-20,Update - Dividend/Distribution - WMA,dividend,,2585336,2022-10,NaT
WMA,2022,2022-08-30,"Strong portfolio performance, 4.0cps FF full year dividend",dividend,,2560839,2022-08,NaT
WMA,2022,2022-08-30,Dividend/Distribution - WMA,dividend,,2560789,2022-08,NaT
WMA,2022,2022-04-07,Update - Dividend/Distribution - WMA,dividend,,2508388,2022-04,NaT
WMA,2022,2022-02-14,Dividend/Distribution - WMA,dividend,,2486257,2022-02,NaT
WMA,2023,2023-10-10,Update - Dividend/Distribution - WMA,dividend,,2723766,2023-10,NaT
WMA,2023,2023-08-28,Dividend/Distribution - WMA,dividend,,2703542,2023-08,NaT
WMA,2023,2023-04-20,Update - Dividend/Distribution - WMA,dividend,,2656526,2023-04,NaT
WMA,2023,2023-02-22,Dividend/Distribution - WMA,dividend,,2634339,2023-02,NaT
WMA,2024,2024-10-21,Update - Dividend/Distribution - WMA,dividend,,2870376,2024-10,NaT
WMA,2024,2024-08-29,Dividend/Distribution - WMA,dividend,,2846281,2024-08,NaT
WMA,2024,2024-05-20,Update - Dividend/Distribution - WMA,dividend,,2809181,2024-05,NaT
WMA,2024,2024-02-22,Dividend/Distribution - WMA,dividend,,2776224,2024-02,NaT
WMA,2025,2025-10-24,Update - Dividend/Distribution - WMA,dividend,,3015324,2025-10,NaT
WMA,2025,2025-08-28,"Increased FF final dividend, 2025 full year results",dividend,,2987424,2025-08,NaT
WMA,2025,2025-08-05,WMA announces 15.4% increase in fully franked final dividend,dividend,,2976968,2025-08,NaT
WMA,2025,2025-08-05,Dividend/Distribution - WMA,dividend,,2976939,2025-08,NaT
WMA,2025,2025-05-20,Update - Dividend/Distribution - WMA,dividend,,2950214,2025-05,NaT
WMA,2025,2025-02-25,Dividend/Distribution - WMA,dividend,,2918344,2025-02,NaT
WMA,2026,2026-04-17,Update - Dividend/Distribution - WMA,dividend,,3083926,2026-04,NaT
WMA,2026,2026-03-13,Updated Dividend Re-Investment Plan,dividend,,3072114,2026-03,NaT
WMA,2026,2026-02-27,"Increased interim dividend, strong total shareholder return",dividend,,3066460,2026-02,NaT
WMA,2026,2026-02-27,Dividend/Distribution - WMA,dividend,,3066148,2026-02,NaT
WMI,2018,2018-10-17,Update - Dividend/Distribution - WMI,dividend,,2035561,2018-10,NaT
WMI,2018,2018-08-17,Dividend/Distribution - WMI,dividend,,2010675,2018-08,NaT
WMI,2018,2018-04-18,Update - Dividend/Distribution - WMI,dividend,,1972333,2018-04,NaT
WMI,2018,2018-02-20,"$37.2m profit, strong portfolio perf and FF maiden dividend",dividend,,1952459,2018-02,NaT
WMI,2018,2018-02-20,Dividend/Distribution - WMI,dividend,,1952440,2018-02,NaT
WMI,2019,2019-10-09,Update - Dividend/Distribution - WMI,dividend,,2157219,2019-10,NaT
WMI,2019,2019-08-13,WMI increased FF final and special dividend,dividend,,2133158,2019-08,NaT
WMI,2019,2019-08-13,Dividend/Distribution - WMI,dividend,,2133141,2019-08,NaT
WMI,2019,2019-04-15,Update - Dividend/Distribution - WMI,dividend,,2096538,2019-04,NaT
WMI,2019,2019-02-25,Dividend/Distribution - WMI,dividend,,2079292,2019-02,NaT
WMI,2020,2020-10-15,Update - Dividend/Distribution - WMI,dividend,,2294347,2020-10,NaT
WMI,2020,2020-08-03,Dividend/Distribution - WMI,dividend,,2262233,2020-08,NaT
WMI,2020,2020-04-09,Update - Dividend/Distribution - WMI,dividend,,2224171,2020-04,NaT
WMI,2020,2020-02-04,Dividend/Distribution - WMI,dividend,,2198982,2020-02,NaT
WMI,2021,2021-10-14,Update - Dividend/Distribution - WMI,dividend,,2435873,2021-10,NaT
WMI,2021,2021-08-23,Dividend/Distribution - WMI,dividend,,2410337,2021-08,NaT
WMI,2021,2021-04-12,Update - Dividend/Distribution - WMI,dividend,,2362736,2021-04,NaT
WMI,2021,2021-02-02,Dividend/Distribution - WMI,dividend,,2337002,2021-02,NaT
WMI,2022,2022-10-07,Update - Dividend/Distribution - WMI,dividend,,2579564,2022-10,NaT
WMI,2022,2022-08-22,"10.0cps FF full year dividend, 2022 Full Year Results",dividend,,2556105,2022-08,NaT
WMI,2022,2022-08-22,Dividend/Distribution - WMI,dividend,,2556063,2022-08,NaT
WMI,2022,2022-04-07,Update - Dividend/Distribution - WMI,dividend,,2508378,2022-04,NaT
WMI,2022,2022-02-09,Dividend/Distribution - WMI,dividend,,2484857,2022-02,NaT
WMI,2023,2023-10-06,Update - Dividend/Distribution - WMI,dividend,,2722578,2023-10,NaT
WMI,2023,2023-08-25,Strong outperformance drives increased FF dividend,dividend,,2702588,2023-08,NaT
WMI,2023,2023-08-25,Dividend/Distribution - WMI,dividend,,2702488,2023-08,NaT
WMI,2023,2023-04-17,Update - Dividend/Distribution - WMI,dividend,,2655135,2023-04,NaT
WMI,2023,2023-02-20,Dividend/Distribution - WMI,dividend,,2633248,2023-02,NaT
WMI,2024,2024-10-18,Update - Dividend/Distribution - WMI,dividend,,2869657,2024-10,NaT
WMI,2024,2024-08-23,Dividend/Distribution - WMI,dividend,,2843125,2024-08,NaT
WMI,2024,2024-05-22,Update - Dividend/Distribution - WMI,dividend,,2810145,2024-05,NaT
WMI,2024,2024-02-14,Dividend/Distribution - WMI,dividend,,2772956,2024-02,NaT
WMI,2025,2025-10-21,Update - Dividend/Distribution - WMI,dividend,,3013223,2025-10,NaT
WMI,2025,2025-08-25,Dividend/Distribution - WMI,dividend,,2984627,2025-08,NaT
WMI,2025,2025-04-17,Update - Dividend/Distribution - WMI,dividend,,2939507,2025-04,NaT
WMI,2025,2025-02-20,Dividend/Distribution - WMI,dividend,,2916668,2025-02,NaT
WMI,2026,2026-08-20,"Increased FF full year dividend, 2026 Full Year Results",dividend,,3127644,2026-08,NaT
WMI,2026,2026-08-20,Dividend/Distribution - WMI,dividend,,3127347,2026-08,NaT
WMI,2026,2026-05-20,Update - Dividend/Distribution - WMI,dividend,,3095976,2026-05,NaT
WMI,2026,2026-03-13,Updated Dividend Re-Investment Plan,dividend,,3072045,2026-03,NaT
WMI,2026,2026-02-19,Dividend/Distribution - WMI,dividend,,3062012,2026-02,NaT
WMK,2016,2016-08-16,Dividend/Distribution - WMK,dividend,,1767691,2016-08,NaT
WMK,2016,2016-02-16,Confirmation of dividend dates,dividend,,1712060,2016-02,NaT
WMK,2016,2016-02-15,Dividend/Distribution - WMK,dividend,,1711643,2016-02,NaT
WMK,2016,2016-02-15,SHARE PURCHASE PLAN AND INTERIM DIVIDEND,dividend,,1711477,2016-02,NaT
WMK,2017,2017-10-31,Update - Dividend/Distribution - WMK,dividend,,1916159,2017-10,NaT
WMK,2017,2017-10-25,Dividend Reinvestment Price,dividend,,1912611,2017-10,NaT
WMK,2017,2017-09-04,Update - Dividend/Distribution - WMK,dividend,,1892544,2017-09,NaT
WMK,2017,2017-08-31,Dividend/Distribution - WMK,dividend,,1891216,2017-08,NaT
WMK,2017,2017-02-24,Dividend/Distribution - WMK,dividend,,1832533,2017-02,NaT
WMK,2018,2018-08-28,Dividend/Distribution - WMK,dividend,,2015085,2018-08,NaT
WMK,2018,2018-02-27,Dividend/Distribution - WMK,dividend,,1955788,2018-02,NaT
WMX,2025,2025-12-22,Update - Dividend/Distribution - WMX,dividend,,3044398,2025-12,NaT
WMX,2025,2025-11-21,Update - Dividend/Distribution - WMX,dividend,,3030382,2025-11,NaT
WMX,2025,2025-11-10,Dividend/Distribution - WMX,dividend,,3023032,2025-11,NaT
WMX,2025,2025-10-20,Update - Dividend/Distribution - WMX,dividend,,3012319,2025-10,NaT
WMX,2025,2025-10-07,"October monthly fully franked div, CY2025 dividend guidance",dividend,,3006220,2025-10,NaT
WMX,2025,2025-10-07,Dividend/Distribution - WMX,dividend,,3006207,2025-10,NaT
WMX,2025,2025-09-24,Update - Dividend/Distribution - WMX,dividend,,2999646,2025-09,NaT
WMX,2025,2025-09-03,Dividend/Distribution - WMX,dividend,,2990590,2025-09,NaT
WMX,2025,2025-08-19,Update - Dividend/Distribution - WMX,dividend,,2982200,2025-08,NaT
WMX,2025,2025-07-18,Dividend/Distribution - WMX,dividend,,2970607,2025-07,NaT
WMX,2025,2025-04-28,Distribution Schedule,dividend,,2941531,2025-04,NaT
WMX,2025,2025-04-28,Dividend Re-investment Plan,dividend,,2941526,2025-04,NaT
WMX,2026,2026-08-21,Update - Dividend/Distribution - WMX,dividend,,3128437,2026-08,NaT
WMX,2026,2026-07-23,Dividend/Distribution - WMX,dividend,,3117495,2026-07,NaT
WMX,2026,2026-07-22,Update - Dividend/Distribution - WMX,dividend,,3117340,2026-07,NaT
WMX,2026,2026-07-22,Dividend/Distribution - WMX,dividend,,3117094,2026-07,NaT
WMX,2026,2026-07-21,Dividend/Distribution - WMX,dividend,,3116664,2026-07,NaT
WMX,2026,2026-06-22,Update - Dividend/Distribution - WMX,dividend,,3106505,2026-06,NaT
WMX,2026,2026-06-11,Dividend/Distribution - WMX,dividend,,3103061,2026-06,NaT
WMX,2026,2026-06-09,Dividend/Distribution - WMX,dividend,,3102194,2026-06,NaT
WMX,2026,2026-06-04,Dividend/Distribution - WMX,dividend,,3101068,2026-06,NaT
WMX,2026,2026-05-29,"Strong Performance, Dividend Exceeds Target in First Year",dividend,,3098998,2026-05,NaT
WMX,2026,2026-05-18,Update - Dividend/Distribution - WMX,dividend,,3095044,2026-05,NaT
WMX,2026,2026-04-21,Update - Dividend/Distribution - WMX,dividend,,3084839,2026-04,NaT
WMX,2026,2026-04-09,Update - Dividend/Distribution - WMX,dividend,,3080875,2026-04,NaT
WMX,2026,2026-04-08,Dividend/Distribution - WMX,dividend,,3080283,2026-04,NaT
WMX,2026,2026-04-07,Dividend/Distribution - WMX,dividend,,3079681,2026-04,NaT
WMX,2026,2026-04-02,Dividend/Distribution - WMX,dividend,,3079019,2026-04,NaT
WMX,2026,2026-03-19,Update - Dividend/Distribution - WMX,dividend,,3074052,2026-03,NaT
WMX,2026,2026-03-13,Updated Dividend Re-Investment Plan,dividend,,3072046,2026-03,NaT
WMX,2026,2026-02-27,Strong outperformance and monthly fully franked dividends,dividend,,3066636,2026-02,NaT
WMX,2026,2026-02-20,Update - Dividend/Distribution - WMX,dividend,,3062912,2026-02,NaT
WMX,2026,2026-01-22,Update - Dividend/Distribution - WMX,dividend,,3052124,2026-01,NaT
WMX,2026,2026-01-09,"January, February and March monthly fully franked dividends",dividend,,3048527,2026-01,NaT
WMX,2026,2026-01-09,Dividend/Distribution - WMX,dividend,,3048521,2026-01,NaT
WQG,2019,2019-05-08,Dividend/Distribution - WQG,dividend,,2103881,2019-05,NaT
WQG,2019,2019-05-08,Final Dividend for FY2019 and ongoing Dividend Policy,dividend,,2103877,2019-05,NaT
WQG,2020,2020-09-28,Update - Dividend/Distribution - WQG,dividend,,2286325,2020-09,NaT
WQG,2020,2020-08-25,Update - Dividend/Distribution - WQG,dividend,,2271304,2020-08,NaT
WQG,2020,2020-07-16,Dividend/Distribution - WQG,dividend,,2255585,2020-07,NaT
WQG,2020,2020-07-16,Final Dividend FY2020 and DRP Incentive,dividend,,2255538,2020-07,NaT
WQG,2020,2020-05-07,Dividend Reinvestment Plan,dividend,,2233336,2020-05,NaT
WQG,2020,2020-02-20,Dividend/Distribution - WQG,dividend,,2204712,2020-02,NaT
WQG,2021,2021-09-24,Update - Dividend/Distribution - WQG,dividend,,2425790,2021-09,NaT
WQG,2021,2021-08-19,Dividend/Distribution - WQG,dividend,,2409193,2021-08,NaT
WQG,2021,2021-08-19,Full Year Results and Dividend Update,dividend,,2409178,2021-08,NaT
WQG,2021,2021-04-13,"Appendix 2A, Top 20 Option Holders and Distribution Schedule",dividend,,2362943,2021-04,NaT
WQG,2021,2021-03-30,Update - Dividend/Distribution - WQG,dividend,,2358718,2021-03,NaT
WQG,2021,2021-02-17,Dividend/Distribution - WQG,dividend,,2342479,2021-02,NaT
WQG,2021,2021-02-17,"Interim Results Update, Dividend and Bonus Options Issue",dividend,,2342469,2021-02,NaT
WQG,2022,2022-09-23,Update - Dividend/Distribution - WQG,dividend,,2571547,2022-09,NaT
WQG,2022,2022-08-26,Dividend Reinvestment Plan Reminder,dividend,,2558971,2022-08,NaT
WQG,2022,2022-08-22,Dividend/Distribution - WQG,dividend,,2555988,2022-08,NaT
WQG,2022,2022-08-22,Full Year Results and Dividend Update,dividend,,2555987,2022-08,NaT
WQG,2022,2022-04-06,Update - Dividend/Distribution - WQG,dividend,,2507619,2022-04,NaT
WQG,2022,2022-03-16,Dividend Reinvestment Plan Reminder,dividend,,2499797,2022-03,NaT
WQG,2022,2022-02-23,Dividend/Distribution - WQG,dividend,,2490503,2022-02,NaT
WQG,2022,2022-02-23,Half Year Results and Dividend Update,dividend,,2490502,2022-02,NaT
WQG,2023,2023-12-21,Update - Dividend/Distribution - WQG,dividend,,2757533,2023-12,NaT
WQG,2023,2023-11-15,Q1 FY24 Quarterly Dividend Announcement,dividend,,2740765,2023-11,NaT
WQG,2023,2023-11-15,Dividend/Distribution - WQG,dividend,,2740762,2023-11,NaT
WQG,2023,2023-09-21,Update - Dividend/Distribution - WQG,dividend,,2714920,2023-09,NaT
WQG,2023,2023-08-17,Full Year Results and Dividend Update,dividend,,2698714,2023-08,NaT
WQG,2023,2023-08-17,Dividend/Distribution - WQG,dividend,,2698699,2023-08,NaT
WQG,2023,2023-06-22,Update - Dividend/Distribution - WQG,dividend,,2678782,2023-06,NaT
WQG,2023,2023-05-22,Dividend/Distribution - WQG,dividend,,2668159,2023-05,NaT
WQG,2023,2023-05-22,Q3 Quarterly Dividend Announcement,dividend,,2668156,2023-05,NaT
WQG,2023,2023-03-23,Update - Dividend/Distribution - WQG,dividend,,2647013,2023-03,NaT
WQG,2023,2023-02-22,Dividend/Distribution - WQG,dividend,,2634586,2023-02,NaT
WQG,2023,2023-02-22,Half Year Results and Dividend Update,dividend,,2634584,2023-02,NaT
WQG,2024,2024-12-18,Update - Dividend/Distribution - WQG,dividend,,2897529,2024-12,NaT
WQG,2024,2024-11-14,Q1 FY25 Quarterly Dividend Announcement,dividend,,2881776,2024-11,NaT
WQG,2024,2024-11-13,Dividend/Distribution - WQG,dividend,,2881463,2024-11,NaT
WQG,2024,2024-09-19,Update - Dividend/Distribution - WQG,dividend,,2855732,2024-09,NaT
WQG,2024,2024-08-15,Full Year Results and Dividend Update,dividend,,2839855,2024-08,NaT
WQG,2024,2024-08-15,Dividend/Distribution - WQG,dividend,,2839847,2024-08,NaT
WQG,2024,2024-06-20,Update - Dividend/Distribution - WQG,dividend,,2820171,2024-06,NaT
WQG,2024,2024-05-23,Dividend/Distribution - WQG,dividend,,2810527,2024-05,NaT
WQG,2024,2024-05-23,Q3 FY24 Quarterly Dividend Announcement,dividend,,2810524,2024-05,NaT
WQG,2024,2024-03-21,Update - Dividend/Distribution - WQG,dividend,,2788032,2024-03,NaT
WQG,2024,2024-02-21,Dividend/Distribution - WQG,dividend,,2775685,2024-02,NaT
WQG,2024,2024-02-21,Half Year Results and Dividend Update,dividend,,2775683,2024-02,NaT
WQG,2025,2025-12-17,Update - Dividend/Distribution - WQG,dividend,,3042302,2025-12,NaT
WQG,2025,2025-11-12,Q1 FY26 Quarterly Dividend Announcement,dividend,,3024544,2025-11,NaT
WQG,2025,2025-11-12,Dividend/Distribution - WQG,dividend,,3024528,2025-11,NaT
WQG,2025,2025-09-18,Update - Dividend/Distribution - WQG,dividend,,2996914,2025-09,NaT
WQG,2025,2025-08-26,Full Year Results and Dividend Update,dividend,,2985691,2025-08,NaT
WQG,2025,2025-08-26,Dividend/Distribution - WQG,dividend,,2985688,2025-08,NaT
WQG,2025,2025-06-18,Update - Dividend/Distribution - WQG,dividend,,2959667,2025-06,NaT
WQG,2025,2025-05-14,Update - Dividend/Distribution - WQG,dividend,,2948231,2025-05,NaT
WQG,2025,2025-05-14,Dividend/Distribution - WQG,dividend,,2948169,2025-05,NaT
WQG,2025,2025-05-14,Q3 FY25 Quarterly Dividend Announcement,dividend,,2948168,2025-05,NaT
WQG,2025,2025-03-19,Update - Dividend/Distribution - WQG,dividend,,2928197,2025-03,NaT
WQG,2025,2025-02-19,Dividend/Distribution - WQG,dividend,,2916191,2025-02,NaT
WQG,2025,2025-02-19,Half Year Results and Dividend Update,dividend,,2916189,2025-02,NaT
WQG,2026,2026-08-21,Updated - Full Year Results and Dividend Update,dividend,,3128139,2026-08,NaT
WQG,2026,2026-08-20,Dividend/Distribution - WQG,dividend,,3127587,2026-08,NaT
WQG,2026,2026-08-20,Full Year Results and Dividend Update,dividend,,3127573,2026-08,NaT
WQG,2026,2026-06-17,Update - Dividend/Distribution - WQG,dividend,,3105081,2026-06,NaT
WQG,2026,2026-05-15,Update - Dividend/Distribution - WQG,dividend,,3094436,2026-05,NaT
WQG,2026,2026-05-13,Dividend/Distribution - WQG,dividend,,3093511,2026-05,NaT
WQG,2026,2026-05-13,Q3 FY26 Quarterly Dividend Announcement,dividend,,3093510,2026-05,NaT
WQG,2026,2026-02-19,Update - Dividend/Distribution - WQG,dividend,,3062217,2026-02,NaT
WQG,2026,2026-02-13,Dividend/Distribution - WQG,dividend,,3060116,2026-02,NaT
WQG,2026,2026-02-13,Half Year Results and Dividend Update,dividend,,3060114,2026-02,NaT
ZER,2017,2017-07-27,BGH: Top 20 securityholders and distribution schedule,dividend,,1877566,2017-07,NaT
ZER,2020,2020-09-29,"Listed Options Appendix 2A, Top 20 and Distribution Schedule",dividend,,2286525,2020-09,NaT
