signal_month,holding_month,gross_return,buy_turnover,sell_turnover,n_holdings,missing_return_weight,n_missing_return,rebalanced,cost,net_return,strategy
2017-01,2017-02,0.021777777777777778,1.0,0.0,9,0.0,0,True,0.005,0.016777777777777777,A_absolute_discount_decile
2017-02,2017-03,-0.017099999999999997,0.5728928036344304,0.5728928036344303,9,0.0,0,True,0.005728928036344304,-0.0228289280363443,A_absolute_discount_decile
2017-03,2017-04,-0.051512499999999996,0.14791829167655796,0.14791829167655807,9,0.1111111111111111,1,True,0.00147918291676558,-0.05299168291676558,A_absolute_discount_decile
2017-04,2017-05,-0.021222222222222222,0.24233172404603232,0.24233172404603237,9,0.0,0,True,0.0024233172404603234,-0.023645539462682545,A_absolute_discount_decile
2017-05,2017-06,-0.00026695071428571625,0.26445806687604845,0.26445806687604856,9,0.2222222222222222,2,True,0.002644580668760485,-0.0029115313830462013,A_absolute_discount_decile
2017-06,2017-07,-0.028624999999999998,0.12610950025926765,0.1261095002592677,9,0.1111111111111111,1,True,0.0012610950025926768,-0.029886095002592674,A_absolute_discount_decile
2017-07,2017-08,0.025287499999999997,0.01693475743147596,0.0169347574314761,9,0.1111111111111111,1,True,0.0001693475743147603,0.02511815242568524,A_absolute_discount_decile
2017-08,2017-09,0.03129,0.2,0.19999999999999996,10,0.0,0,True,0.002,0.029289999999999997,A_absolute_discount_decile
2017-09,2017-10,0.02913333333333333,0.10285176817384044,0.10285176817384052,9,0.0,0,True,0.001028517681738405,0.028104815651594926,A_absolute_discount_decile
2017-10,2017-11,0.02716666666666667,0.23439715546342477,0.23439715546342488,9,0.0,0,True,0.0023439715546342485,0.02482269511203242,A_absolute_discount_decile
2017-11,2017-12,-0.008511111111111112,0.1333766023040726,0.13337660230407272,9,0.0,0,True,0.0013337660230407266,-0.009844877134151837,A_absolute_discount_decile
2017-12,2018-01,-0.0077,0.22452826899562445,0.2245282689956245,9,0.1111111111111111,1,True,0.002245282689956245,-0.009945282689956245,A_absolute_discount_decile
2018-01,2018-02,0.024914285714285708,0.4512524214227328,0.4512524214227328,9,0.2222222222222222,2,True,0.004512524214227328,0.02040176150005838,A_absolute_discount_decile
2018-02,2018-03,0.046700000000000005,0.30000000000000004,0.29999999999999993,10,0.0,0,True,0.003,0.0437,A_absolute_discount_decile
2018-03,2018-04,-0.005860000000000001,0.22439094296359996,0.22439094296359982,10,0.0,0,True,0.002243909429635999,-0.008103909429636,A_absolute_discount_decile
2018-04,2018-05,-0.016866666666666665,0.4296799243567305,0.4296799243567304,10,0.1,1,True,0.004296799243567305,-0.02116346591023397,A_absolute_discount_decile
2018-05,2018-06,-0.0011446412499999982,0.4545454545454546,0.45454545454545464,11,0.2727272727272727,3,True,0.004545454545454546,-0.005690095795454544,A_absolute_discount_decile
2018-06,2018-07,-0.057172727272727285,0.2986268874719413,0.2986268874719413,11,0.0,0,True,0.0029862688747194135,-0.0601589961474467,A_absolute_discount_decile
2018-07,2018-08,-0.001609090909090915,0.3898736085678648,0.3898736085678648,11,0.0,0,True,0.003898736085678648,-0.005507826994769563,A_absolute_discount_decile
2018-08,2018-09,-0.04395454545454546,0.36814196065901084,0.36814196065901084,11,0.0,0,True,0.0036814196065901084,-0.04763596506113557,A_absolute_discount_decile
2018-09,2018-10,-0.023345104399999997,0.47866772128646323,0.4786677212864633,11,0.09090909090909091,1,True,0.004786677212864633,-0.02813178161286463,A_absolute_discount_decile
2018-10,2018-11,-0.01981641,0.46931465831294794,0.46931465831294783,11,0.2727272727272727,3,True,0.004693146583129479,-0.024509556583129477,A_absolute_discount_decile
2018-11,2018-12,0.05857956457142857,0.27726407031378864,0.2772640703137887,11,0.36363636363636365,4,True,0.0027726407031378867,0.055806923868290684,A_absolute_discount_decile
2018-12,2019-01,0.014370994999999998,0.3681348273320876,0.36813482733208747,11,0.2727272727272727,3,True,0.0036813482733208756,0.010689646726679122,A_absolute_discount_decile
2019-01,2019-02,-0.008617003787499999,0.2877035527725329,0.2877035527725327,11,0.2727272727272727,3,True,0.002877035527725328,-0.011494039315225326,A_absolute_discount_decile
2019-02,2019-03,-0.010380941444444439,0.2755179364714166,0.2755179364714165,11,0.18181818181818182,2,True,0.002755179364714165,-0.013136120809158604,A_absolute_discount_decile
2019-03,2019-04,-0.06229897499999999,0.30005672859215293,0.300056728592153,11,0.2727272727272727,3,True,0.0030005672859215295,-0.06529954228592152,A_absolute_discount_decile
2019-04,2019-05,0.07156259555555555,0.2214889626176183,0.22148896261761813,11,0.18181818181818182,2,True,0.0022148896261761824,0.06934770592937937,A_absolute_discount_decile
2019-05,2019-06,0.09857028933333332,0.212083310927337,0.21208331092733695,11,0.18181818181818182,2,True,0.00212083310927337,0.09644945622405995,A_absolute_discount_decile
2019-06,2019-07,-0.0013268852500000032,0.2759843796081226,0.27598437960812255,11,0.2727272727272727,3,True,0.002759843796081226,-0.004086729046081229,A_absolute_discount_decile
2019-07,2019-08,0.099231915,0.27442708406823246,0.2744270840682324,11,0.18181818181818182,2,True,0.002744270840682324,0.09648764415931768,A_absolute_discount_decile
2019-08,2019-09,0.008062598750000002,0.2844808132148429,0.28448081321484286,11,0.2727272727272727,3,True,0.0028448081321484292,0.005217790617851573,A_absolute_discount_decile
2019-09,2019-10,-0.00037153124999999773,0.45372880556306466,0.4537288055630646,10,0.2,2,True,0.004537288055630646,-0.004908819305630644,A_absolute_discount_decile
2019-10,2019-11,0.008467256,0.36363636363636365,0.36363636363636365,11,0.09090909090909091,1,True,0.0036363636363636364,0.004830892363636363,A_absolute_discount_decile
2019-11,2019-12,-0.009499777777777777,0.39238756242139844,0.39238756242139833,11,0.18181818181818182,2,True,0.003923875624213985,-0.013423653401991762,A_absolute_discount_decile
2019-12,2020-01,-0.079264884,0.28224232308617614,0.2822423230861761,11,0.09090909090909091,1,True,0.0028224232308617613,-0.08208730723086176,A_absolute_discount_decile
2020-01,2020-02,-0.15979513181818183,0.4093558367314208,0.40935583673142084,11,0.0,0,True,0.004093558367314208,-0.16388869018549604,A_absolute_discount_decile
2020-02,2020-03,0.18213696444444444,0.23068971587070838,0.23068971587070827,11,0.18181818181818182,2,True,0.0023068971587070835,0.17983006728573736,A_absolute_discount_decile
2020-03,2020-04,0.12752668625000002,0.31794591258402327,0.31794591258402327,11,0.2727272727272727,3,True,0.0031794591258402327,0.12434722712415978,A_absolute_discount_decile
2020-04,2020-05,-0.02432429888888888,0.12419090386336712,0.12419090386336694,11,0.18181818181818182,2,True,0.0012419090386336703,-0.025566207927522552,A_absolute_discount_decile
2020-05,2020-06,0.03950809499999999,0.22697415040790686,0.22697415040790692,11,0.2727272727272727,3,True,0.002269741504079069,0.037238353495920924,A_absolute_discount_decile
2020-06,2020-07,0.09631101285714284,0.11256397715165983,0.11256397715165987,11,0.36363636363636365,4,True,0.0011256397715165985,0.09518537308562625,A_absolute_discount_decile
2020-07,2020-08,-0.03813371314285714,0.05985238974747435,0.0598523897474743,11,0.36363636363636365,4,True,0.0005985238974747433,-0.038732237040331886,A_absolute_discount_decile
2020-08,2020-09,0.02960955,0.1990672750377443,0.1990672750377442,11,0.18181818181818182,2,True,0.0019906727503774427,0.027618877249622555,A_absolute_discount_decile
2020-09,2020-10,0.13192143666666667,0.3138090948254034,0.31380909482540337,11,0.18181818181818182,2,True,0.003138090948254034,0.12878334571841263,A_absolute_discount_decile
2020-10,2020-11,0.14613476999999997,0.14194131506676383,0.14194131506676377,11,0.09090909090909091,1,True,0.001419413150667638,0.14471535684933234,A_absolute_discount_decile
2020-11,2020-12,0.0645611063,0.2335319773004611,0.233531977300461,11,0.09090909090909091,1,True,0.0023353197730046106,0.0622257865269954,A_absolute_discount_decile
2020-12,2021-01,-0.025561520000000004,0.18864447628971553,0.1886444762897155,10,0.1,1,True,0.0018864447628971553,-0.02744796476289716,A_absolute_discount_decile
2021-01,2021-02,0.03767778625,0.22554643675401653,0.22554643675401653,10,0.2,2,True,0.0022554643675401654,0.035422321882459834,A_absolute_discount_decile
2021-02,2021-03,0.10676831333333335,0.12699993605553583,0.1269999360555359,10,0.1,1,True,0.0012699993605553585,0.105498313972778,A_absolute_discount_decile
2021-03,2021-04,0.07188927875000001,0.039254481246532844,0.03925448124653268,10,0.2,2,True,0.00039254481246532764,0.07149673393753468,A_absolute_discount_decile
2021-04,2021-05,0.052807758749999996,0.1474036053744791,0.14740360537447905,10,0.2,2,True,0.001474036053744791,0.051333722696255205,A_absolute_discount_decile
2021-05,2021-06,0.051887526666666677,0.14154155591228457,0.14154155591228434,10,0.1,1,True,0.0014154155591228445,0.050472111107543835,A_absolute_discount_decile
2021-06,2021-07,-0.03320764422222222,0.21354163758534667,0.21354163758534664,10,0.1,1,True,0.0021354163758534666,-0.03534306059807569,A_absolute_discount_decile
2021-07,2021-08,0.03877083375,0.428045335087455,0.4280453350874549,10,0.2,2,True,0.00428045335087455,0.03449038039912545,A_absolute_discount_decile
2021-08,2021-09,0.013794440777777778,0.3161858496154567,0.3161858496154566,10,0.1,1,True,0.0031618584961545662,0.010632582281623212,A_absolute_discount_decile
2021-09,2021-10,-0.015122637333333334,0.321652145987793,0.32165214598779285,10,0.1,1,True,0.0032165214598779295,-0.018339158793211265,A_absolute_discount_decile
2021-10,2021-11,0.022372082857142865,0.10685459942111074,0.10685459942111072,10,0.30000000000000004,3,True,0.0010685459942111073,0.02130353686293176,A_absolute_discount_decile
2021-11,2021-12,-0.07950228625,0.502188252519046,0.5021882525190458,10,0.2,2,True,0.005021882525190459,-0.08452416877519045,A_absolute_discount_decile
2021-12,2022-01,0.0010358644444444422,0.5137041337111089,0.5137041337111088,10,0.1,1,True,0.005137041337111089,-0.004101176892666647,A_absolute_discount_decile
2022-01,2022-02,0.08299802444444444,0.5075164598553766,0.5075164598553766,10,0.1,1,True,0.0050751645985537665,0.07792285984589067,A_absolute_discount_decile
2022-02,2022-03,0.010807985555555557,0.21854571362909492,0.21854571362909497,10,0.1,1,True,0.0021854571362909495,0.008622528419264608,A_absolute_discount_decile
2022-03,2022-04,-0.027705235,0.3856588503212935,0.38565885032129354,9,0.1111111111111111,1,True,0.003856588503212935,-0.03156182350321294,A_absolute_discount_decile
2022-04,2022-05,-0.05851636,0.3408807433229595,0.3408807433229595,9,0.1111111111111111,1,True,0.003408807433229595,-0.0619251674332296,A_absolute_discount_decile
2022-05,2022-06,0.013592408571428566,0.05315883721097431,0.05315883721097436,9,0.2222222222222222,2,True,0.0005315883721097433,0.013060820199318823,A_absolute_discount_decile
2022-06,2022-07,-0.0336164235,0.3507723437500958,0.350772343750096,9,0.1111111111111111,1,True,0.003507723437500959,-0.037124146937500956,A_absolute_discount_decile
2022-07,2022-08,-0.02710436222222222,0.5729823574758246,0.5729823574758246,9,0.0,0,True,0.005729823574758246,-0.03283418579698047,A_absolute_discount_decile
2022-08,2022-09,0.007432182875,0.22841546881376343,0.22841546881376357,9,0.1111111111111111,1,True,0.002284154688137635,0.005148028186862365,A_absolute_discount_decile
2022-09,2022-10,0.045565503888888886,0.3346051071389454,0.33460510713894553,9,0.0,0,True,0.003346051071389455,0.042219452817499434,A_absolute_discount_decile
2022-10,2022-11,-0.022567437777777782,0.24063396845600077,0.2406339684560008,9,0.0,0,True,0.002406339684560008,-0.02497377746233779,A_absolute_discount_decile
2022-11,2022-12,-0.03193362422222222,0.24965223902459133,0.24965223902459138,9,0.0,0,True,0.002496522390245914,-0.034430146612468134,A_absolute_discount_decile
2022-12,2023-01,-0.022654349999999997,0.13526889760175892,0.13526889760175898,9,0.0,0,True,0.0013526889760175896,-0.024007038976017588,A_absolute_discount_decile
2023-01,2023-02,-0.013959430000000002,0.2297982238366175,0.22979822383661752,9,0.0,0,True,0.0022979822383661754,-0.016257412238366176,A_absolute_discount_decile
2023-02,2023-03,0.09632765144444444,0.23402088595378767,0.23402088595378767,9,0.0,0,True,0.002340208859537877,0.09398744258490656,A_absolute_discount_decile
2023-03,2023-04,-0.0037687233333333304,0.2940691445595825,0.29406914455958255,9,0.0,0,True,0.0029406914455958255,-0.006709414778929156,A_absolute_discount_decile
2023-04,2023-05,-0.06801428571428568,0.2520814262641728,0.2520814262641729,9,0.2222222222222222,2,True,0.0025208142626417284,-0.0705350999769274,A_absolute_discount_decile
2023-05,2023-06,-0.007077745555555553,0.2771416552130542,0.2771416552130542,9,0.0,0,True,0.0027714165521305423,-0.009849162107686094,A_absolute_discount_decile
2023-06,2023-07,0.03702313222222221,0.2635722206938305,0.26357222069383063,9,0.0,0,True,0.002635722206938306,0.034387410015283906,A_absolute_discount_decile
2023-07,2023-08,0.031188023888888885,0.24252390871729934,0.24252390871729945,9,0.0,0,True,0.0024252390871729937,0.02876278480171589,A_absolute_discount_decile
2023-08,2023-09,-0.02577464125,0.032678422180961536,0.03267842218096162,9,0.1111111111111111,1,True,0.0003267842218096158,-0.026101425471809617,A_absolute_discount_decile
2023-09,2023-10,0.06342713444444445,0.35197089850039903,0.3519708985003991,9,0.0,0,True,0.0035197089850039906,0.05990742545944046,A_absolute_discount_decile
2023-10,2023-11,-0.009023004444444448,0.46850737597228803,0.4685073759722881,9,0.0,0,True,0.004685073759722881,-0.013708078204167327,A_absolute_discount_decile
2023-11,2023-12,0.00905822444444444,0.3333333333333333,0.33333333333333337,9,0.0,0,True,0.0033333333333333335,0.005724891111111106,A_absolute_discount_decile
2023-12,2024-01,-0.016233638555555555,0.24942706612168625,0.2494270661216863,9,0.0,0,True,0.0024942706612168628,-0.018727909216772417,A_absolute_discount_decile
2024-01,2024-02,0.020007838375,0.325152717581463,0.32515271758146297,8,0.0,0,True,0.00325152717581463,0.01675631119918537,A_absolute_discount_decile
2024-02,2024-03,0.0006020676666666663,0.3333333333333333,0.33333333333333337,9,0.0,0,True,0.0033333333333333335,-0.0027312656666666673,A_absolute_discount_decile
2024-03,2024-04,-0.004709656666666667,0.3658198066855314,0.36581980668553127,9,0.0,0,True,0.0036581980668553135,-0.00836785473352198,A_absolute_discount_decile
2024-04,2024-05,-0.0076402000000000015,0.32781108432536676,0.3278110843253668,8,0.0,0,True,0.003278110843253668,-0.010918310843253669,A_absolute_discount_decile
2024-05,2024-06,-0.027012838888888887,0.4444444444444444,0.4444444444444444,9,0.0,0,True,0.0044444444444444444,-0.03145728333333333,A_absolute_discount_decile
2024-06,2024-07,-0.002547870875000001,0.5439121044928257,0.5439121044928256,8,0.0,0,True,0.005439121044928256,-0.007986991919928257,A_absolute_discount_decile
2024-07,2024-08,0.01680911333333333,0.3927256210154014,0.3927256210154014,8,0.25,2,True,0.0039272562101540145,0.012881857123179316,A_absolute_discount_decile
2024-08,2024-09,-0.015025089333333333,0.2609974763404788,0.260997476340479,8,0.25,2,True,0.002609974763404789,-0.017635064096738123,A_absolute_discount_decile
2024-09,2024-10,-0.008878577999999998,0.3949736953908983,0.3949736953908984,8,0.25,2,True,0.003949736953908984,-0.012828314953908982,A_absolute_discount_decile
2024-10,2024-11,0.0208210575,0.26129534737268545,0.26129534737268545,8,0.0,0,True,0.0026129534737268545,0.018208104026273146,A_absolute_discount_decile
2024-11,2024-12,0.010540205999999993,0.3958883107801683,0.39588831078016823,8,0.375,3,True,0.003958883107801682,0.006581322892198311,A_absolute_discount_decile
2024-12,2025-01,-0.009109441605000004,0.13867340524202754,0.1386734052420276,8,0.25,2,True,0.0013867340524202757,-0.01049617565742028,A_absolute_discount_decile
2025-01,2025-02,-0.01698324714285714,0.26025821622038103,0.260258216220381,8,0.125,1,True,0.0026025821622038103,-0.019585829305060948,A_absolute_discount_decile
2025-02,2025-03,-0.029868939999999997,0.2631064075732574,0.2631064075732573,8,0.125,1,True,0.0026310640757325737,-0.03250000407573257,A_absolute_discount_decile
2025-03,2025-04,0.035120000000000005,0.1466290286592824,0.14662902865928237,8,0.375,3,True,0.001466290286592824,0.033653709713407184,A_absolute_discount_decile
2025-04,2025-05,-0.018131257999999997,0.1378318455831208,0.13783184558312078,8,0.0,0,True,0.001378318455831208,-0.019509576455831207,A_absolute_discount_decile
2025-05,2025-06,0.0017285571428571414,0.26288729970589086,0.26288729970589075,8,0.125,1,True,0.002628872997058908,-0.0009003158542017667,A_absolute_discount_decile
2025-06,2025-07,0.073240018,0.38255595000151094,0.382555950001511,8,0.0,0,True,0.0038255595000151097,0.0694144584999849,A_absolute_discount_decile
2025-07,2025-08,0.0540415625,0.15765841532383107,0.15765841532383118,8,0.0,0,True,0.0015765841532383112,0.05246497834676169,A_absolute_discount_decile
2025-08,2025-09,-0.003983457125000001,0.1375470520760418,0.1375470520760419,8,0.0,0,True,0.0013754705207604185,-0.005358927645760419,A_absolute_discount_decile
2025-09,2025-10,-0.010805015666666667,0.2222222222222222,0.22222222222222218,9,0.0,0,True,0.002222222222222222,-0.01302723788888889,A_absolute_discount_decile
2025-10,2025-11,-0.01045894911111111,0.12821811335316097,0.12821811335316097,9,0.0,0,True,0.0012821811335316097,-0.01174113024464272,A_absolute_discount_decile
2025-11,2025-12,0.04209854122222222,0.01816592230883636,0.018165922308836346,9,0.0,0,True,0.00018165922308836351,0.04191688199913386,A_absolute_discount_decile
2025-12,2026-01,-0.058644444444444443,0.1341096148864438,0.13410961488644368,9,0.0,0,True,0.0013410961488644372,-0.05998554059330888,A_absolute_discount_decile
2026-01,2026-02,-0.09325529666666665,0.1290482073395602,0.12904820733956024,9,0.0,0,True,0.0012904820733956024,-0.09454577874006226,A_absolute_discount_decile
2026-02,2026-03,-0.009859327125000001,0.029047539098267794,0.029047539098267766,9,0.1111111111111111,1,True,0.00029047539098267777,-0.01014980251598268,A_absolute_discount_decile
2026-03,2026-04,-0.02000960555555555,0.01408379884946398,0.014083798849464021,9,0.0,0,True,0.00014083798849464003,-0.02015044354405019,A_absolute_discount_decile
2026-04,2026-05,-0.02000950111111111,0.027401394679454863,0.027401394679454932,9,0.0,0,True,0.00027401394679454894,-0.020283515057905658,A_absolute_discount_decile
2026-05,2026-06,0.059336891249999996,0.017976027263426814,0.017976027263426828,9,0.1111111111111111,1,True,0.0001797602726342682,0.059157130977365725,A_absolute_discount_decile
2026-06,2026-07,,0.11918099537712931,0.11918099537712949,9,1.0,9,True,0.001191809953771294,,A_absolute_discount_decile
2017-01,2017-02,0.012011111111111111,1.0,0.0,18,0.0,0,True,0.005,0.007011111111111111,B_absolute_discount_quintile
2017-02,2017-03,0.007372222222222221,0.2933347484351536,0.29333474843515345,18,0.0,0,True,0.0029333474843515352,0.004438874737870685,B_absolute_discount_quintile
2017-03,2017-04,-0.02970588235294118,0.25711621055392253,0.2571162105539226,18,0.05555555555555555,1,True,0.002571162105539226,-0.032277044458480404,B_absolute_discount_quintile
2017-04,2017-05,-0.008305555555555556,0.34904213397999395,0.34904213397999395,18,0.0,0,True,0.0034904213397999395,-0.011795976895355494,B_absolute_discount_quintile
2017-05,2017-06,0.0027418159375,0.22696843225679958,0.22696843225679936,19,0.1578947368421053,3,True,0.002269684322567995,0.0004721316149320048,B_absolute_discount_quintile
2017-06,2017-07,-0.000600000000000001,0.22502834192939322,0.2250283419293929,19,0.10526315789473686,2,True,0.002250283419293931,-0.002850283419293932,B_absolute_discount_quintile
2017-07,2017-08,0.017372222222222223,0.012439042372792176,0.01243904237279201,19,0.05263157894736843,1,True,0.00012439042372792094,0.017247831798494304,B_absolute_discount_quintile
2017-08,2017-09,0.03146315789473684,0.1743121612754796,0.1743121612754795,19,0.0,0,True,0.0017431216127547955,0.029720036281982044,B_absolute_discount_quintile
2017-09,2017-10,0.04683157894736842,0.22645694387823362,0.22645694387823315,19,0.0,0,True,0.0022645694387823335,0.04456700950858609,B_absolute_discount_quintile
2017-10,2017-11,0.02174444444444444,0.15090202571725755,0.15090202571725767,18,0.0,0,True,0.001509020257172576,0.020235424187271867,B_absolute_discount_quintile
2017-11,2017-12,-0.006283333333333333,0.23732167087757192,0.23732167087757203,18,0.0,0,True,0.0023732167087757196,-0.008656550042109051,B_absolute_discount_quintile
2017-12,2018-01,-0.0006222222222222228,0.26315789473684215,0.26315789473684187,19,0.05263157894736843,1,True,0.00263157894736842,-0.003253801169590643,B_absolute_discount_quintile
2018-01,2018-02,-0.0222,0.21233634391353579,0.21233634391353579,18,0.1111111111111111,2,True,0.002123363439135358,-0.02432336343913536,B_absolute_discount_quintile
2018-02,2018-03,0.022889473684210526,0.2658360635344413,0.26583606353444106,19,0.0,0,True,0.002658360635344412,0.020231113048866115,B_absolute_discount_quintile
2018-03,2018-04,-0.0008105263157894752,0.22932212831447302,0.22932212831447268,19,0.0,0,True,0.002293221283144729,-0.003103747598934204,B_absolute_discount_quintile
2018-04,2018-05,-0.01083888888888889,0.1282574186168624,0.12825741861686218,19,0.05263157894736843,1,True,0.001282574186168623,-0.012121463075057511,B_absolute_discount_quintile
2018-05,2018-06,0.0109043905882353,0.3809523809523808,0.38095238095238104,21,0.1904761904761904,4,True,0.0038095238095238095,0.007094866778711491,B_absolute_discount_quintile
2018-06,2018-07,-0.017333333333333336,0.35272091045457743,0.3527209104545778,21,0.0,0,True,0.0035272091045457764,-0.02086054243787911,B_absolute_discount_quintile
2018-07,2018-08,0.0033409090909090884,0.284977708858306,0.28497770885830576,22,0.0,0,True,0.002849777088583059,0.0004911320023260296,B_absolute_discount_quintile
2018-08,2018-09,-0.04719545454545456,0.2843586612495033,0.28435866124950304,22,0.0,0,True,0.0028435866124950316,-0.05003904115794959,B_absolute_discount_quintile
2018-09,2018-10,-0.01959581352380953,0.29755588872692934,0.2975558887269292,22,0.04545454545454546,1,True,0.0029755588872692924,-0.022571372411078823,B_absolute_discount_quintile
2018-10,2018-11,-0.021600231470588236,0.2840410438610775,0.28404104386107754,22,0.22727272727272732,5,True,0.002840410438610775,-0.02444064190919901,B_absolute_discount_quintile
2018-11,2018-12,0.020144864764705884,0.27858669221016186,0.2785866922101618,22,0.22727272727272732,5,True,0.0027858669221016187,0.017358997842604265,B_absolute_discount_quintile
2018-12,2019-01,0.0170122946,0.3913043478260871,0.3913043478260869,23,0.13043478260869568,3,True,0.00391304347826087,0.013099251121739128,B_absolute_discount_quintile
2019-01,2019-02,-0.013907225515000003,0.27292585653339235,0.2729258565333922,23,0.13043478260869568,3,True,0.002729258565333923,-0.016636484080333927,B_absolute_discount_quintile
2019-02,2019-03,-0.0007940380526315787,0.25555651763010895,0.2555565176301088,22,0.13636363636363638,3,True,0.002555565176301089,-0.0033496032289326676,B_absolute_discount_quintile
2019-03,2019-04,-0.02885457315789474,0.20262619470331278,0.20262619470331278,22,0.13636363636363638,3,True,0.002026261947033128,-0.030880835104927867,B_absolute_discount_quintile
2019-04,2019-05,0.039076425,0.2988862518219565,0.29888625182195633,22,0.09090909090909093,2,True,0.002988862518219564,0.03608756248178043,B_absolute_discount_quintile
2019-05,2019-06,0.07682561810526317,0.2874496452681307,0.2874496452681305,22,0.13636363636363638,3,True,0.0028744964526813063,0.07395112165258186,B_absolute_discount_quintile
2019-06,2019-07,-0.009868943947368428,0.3057479015150073,0.3057479015150072,23,0.1739130434782609,4,True,0.0030574790151500723,-0.0129264229625185,B_absolute_discount_quintile
2019-07,2019-08,0.04905044536842107,0.25192145205539923,0.25192145205539906,22,0.13636363636363638,3,True,0.0025192145205539915,0.046531230847867075,B_absolute_discount_quintile
2019-08,2019-09,0.005919504444444448,0.3294299138774443,0.3294299138774442,22,0.18181818181818185,4,True,0.0032942991387744426,0.0026252053056700056,B_absolute_discount_quintile
2019-09,2019-10,-0.0019746465263157896,0.2756240335302628,0.27562403353026316,21,0.0952380952380952,2,True,0.00275624033530263,-0.004730886861618419,B_absolute_discount_quintile
2019-10,2019-11,0.021749876952380957,0.42211540186213964,0.42211540186213947,22,0.04545454545454546,1,True,0.004221154018621396,0.01752872293375956,B_absolute_discount_quintile
2019-11,2019-12,-0.0076135587500000025,0.20152578993543713,0.20152578993543666,22,0.09090909090909093,2,True,0.002015257899354369,-0.00962881664935437,B_absolute_discount_quintile
2019-12,2020-01,-0.09348648761904764,0.14571264645348253,0.14571264645348242,22,0.04545454545454546,1,True,0.0014571264645348247,-0.09494361408358247,B_absolute_discount_quintile
2020-01,2020-02,-0.2069975818181819,0.3060170174078149,0.306017017407815,22,0.0,0,True,0.0030601701740781495,-0.21005775199226004,B_absolute_discount_quintile
2020-02,2020-03,0.17312050315789482,0.26275656068523506,0.2627565606852348,22,0.13636363636363638,3,True,0.0026275656068523493,0.17049293755104247,B_absolute_discount_quintile
2020-03,2020-04,0.1091201953888889,0.3849204703698512,0.38492047036985166,21,0.1428571428571428,3,True,0.0038492047036985146,0.10527099068519039,B_absolute_discount_quintile
2020-04,2020-05,0.011903729315789473,0.23820978352275257,0.2382097835227524,22,0.13636363636363638,3,True,0.002382097835227525,0.009521631480561947,B_absolute_discount_quintile
2020-05,2020-06,0.04995933431578949,0.3583235122401312,0.35832351224013115,22,0.13636363636363638,3,True,0.003583235122401312,0.046376099193388184,B_absolute_discount_quintile
2020-06,2020-07,0.0884852088888889,0.1972042837204353,0.197204283720435,22,0.18181818181818185,4,True,0.0019720428372043512,0.08651316605168455,B_absolute_discount_quintile
2020-07,2020-08,0.008503367666666666,0.304059724769386,0.30405972476938586,22,0.18181818181818185,4,True,0.0030405972476938593,0.005462770418972807,B_absolute_discount_quintile
2020-08,2020-09,0.0397018452631579,0.375641674593644,0.3756416745936443,21,0.0952380952380952,2,True,0.0037564167459364414,0.035945428517221455,B_absolute_discount_quintile
2020-09,2020-10,0.1086552285,0.3351889953141999,0.3351889953141995,22,0.09090909090909093,2,True,0.003351889953141997,0.10530333854685801,B_absolute_discount_quintile
2020-10,2020-11,0.08623518010526317,0.23501386279980613,0.23501386279980652,21,0.0952380952380952,2,True,0.002350138627998063,0.08388504147726511,B_absolute_discount_quintile
2020-11,2020-12,0.027668472789473684,0.4070707467298882,0.4070707467298885,21,0.0952380952380952,2,True,0.004070707467298883,0.0235977653221748,B_absolute_discount_quintile
2020-12,2021-01,0.01893561277777777,0.2433369585880222,0.2433369585880226,20,0.09999999999999998,2,True,0.002433369585880224,0.016502243191897546,B_absolute_discount_quintile
2021-01,2021-02,0.034849010666666666,0.27491284940274074,0.2749128494027409,20,0.09999999999999998,2,True,0.0027491284940274084,0.03209988217263926,B_absolute_discount_quintile
2021-02,2021-03,0.06076640694117648,0.3171733996136798,0.31717339961367996,20,0.14999999999999997,3,True,0.003171733996136799,0.05759467294503968,B_absolute_discount_quintile
2021-03,2021-04,0.05680257729411765,0.21050241694212987,0.21050241694212946,19,0.10526315789473686,2,True,0.002105024169421297,0.054697553124696346,B_absolute_discount_quintile
2021-04,2021-05,0.04017325935294117,0.2627886365302077,0.2627886365302079,20,0.14999999999999997,3,True,0.002627886365302078,0.037545372987639096,B_absolute_discount_quintile
2021-05,2021-06,0.034403426842105254,0.12667819392293628,0.1266781939229365,20,0.04999999999999999,1,True,0.0012667819392293638,0.03313664490287589,B_absolute_discount_quintile
2021-06,2021-07,-0.005464842368421056,0.21108376764744813,0.21108376764744824,20,0.04999999999999999,1,True,0.002110837676474482,-0.007575680044895538,B_absolute_discount_quintile
2021-07,2021-08,0.016519530555555547,0.22400240956102901,0.22400240956102918,20,0.09999999999999998,2,True,0.002240024095610291,0.014279506459945256,B_absolute_discount_quintile
2021-08,2021-09,0.014630227578947365,0.25710046867957775,0.25710046867957786,20,0.04999999999999999,1,True,0.0025710046867957782,0.012059222892151587,B_absolute_discount_quintile
2021-09,2021-10,-0.007760686473684208,0.16658917686968064,0.16658917686968083,20,0.04999999999999999,1,True,0.0016658917686968072,-0.009426578242381016,B_absolute_discount_quintile
2021-10,2021-11,0.045603631874999995,0.20164213366471395,0.20164213366471356,19,0.1578947368421053,3,True,0.0020164213366471373,0.04358721053835286,B_absolute_discount_quintile
2021-11,2021-12,-0.06408789764705881,0.2326213425844074,0.232621342584407,19,0.10526315789473686,2,True,0.0023262134258440724,-0.06641411107290289,B_absolute_discount_quintile
2021-12,2022-01,-0.00130993635294118,0.2787876626174292,0.27878766261742915,19,0.10526315789473686,2,True,0.002787876626174292,-0.004097812979115472,B_absolute_discount_quintile
2022-01,2022-02,0.043551261111111114,0.22605113082919082,0.22605113082919065,19,0.05263157894736843,1,True,0.0022605113082919074,0.04129074980281921,B_absolute_discount_quintile
2022-02,2022-03,-0.0033702438888888898,0.28334268611977476,0.2833426861197746,19,0.05263157894736843,1,True,0.002833426861197747,-0.006203670750086637,B_absolute_discount_quintile
2022-03,2022-04,-0.046318664999999995,0.16902794968347817,0.16902794968347787,19,0.05263157894736843,1,True,0.0016902794968347802,-0.04800894449683477,B_absolute_discount_quintile
2022-04,2022-05,-0.08275566499999999,0.12574797573072055,0.12574797573072036,19,0.05263157894736843,1,True,0.0012574797573072045,-0.0840131447573072,B_absolute_discount_quintile
2022-05,2022-06,0.050441968000000004,0.14794903756908726,0.14794903756908703,19,0.10526315789473686,2,True,0.0014794903756908714,0.04896247762430913,B_absolute_discount_quintile
2022-06,2022-07,0.0045394698333333355,0.13508999510555497,0.13508999510555486,19,0.05263157894736843,1,True,0.001350899951055549,0.0031885698822777865,B_absolute_discount_quintile
2022-07,2022-08,-0.034732913157894736,0.28906054849169427,0.28906054849169394,19,0.0,0,True,0.002890605484916941,-0.037623518642811674,B_absolute_discount_quintile
2022-08,2022-09,0.013727412944444442,0.22498612285752356,0.2249861228575235,19,0.05263157894736843,1,True,0.0022498612285752357,0.011477551715869207,B_absolute_discount_quintile
2022-09,2022-10,0.03569960429411764,0.313799385072426,0.313799385072426,18,0.05555555555555555,1,True,0.00313799385072426,0.03256161044339338,B_absolute_discount_quintile
2022-10,2022-11,-0.02242902058823529,0.1785253179022512,0.17852531790225126,18,0.05555555555555555,1,True,0.0017852531790225124,-0.024214273767257804,B_absolute_discount_quintile
2022-11,2022-12,-0.007697486000000002,0.1324911730988671,0.13249117309886718,18,0.0,0,True,0.0013249117309886715,-0.009022397730988674,B_absolute_discount_quintile
2022-12,2023-01,-0.01436890576470588,0.18576349389355673,0.18576349389355679,18,0.05555555555555555,1,True,0.0018576349389355677,-0.01622654070364145,B_absolute_discount_quintile
2023-01,2023-02,-0.0012913852222222225,0.2863113472450543,0.2863113472450544,18,0.0,0,True,0.0028631134724505436,-0.004154498694672766,B_absolute_discount_quintile
2023-02,2023-03,0.06129947072222222,0.1817305117269006,0.18173051172690066,18,0.0,0,True,0.0018173051172690065,0.059482165604953216,B_absolute_discount_quintile
2023-03,2023-04,0.007337199555555558,0.2654081362153672,0.2654081362153673,18,0.0,0,True,0.0026540813621536725,0.004683118193401886,B_absolute_discount_quintile
2023-04,2023-05,-0.044631250000000004,0.1398461102438014,0.1398461102438014,18,0.1111111111111111,2,True,0.001398461102438014,-0.04602971110243802,B_absolute_discount_quintile
2023-05,2023-06,0.019052608888888888,0.15055959340888586,0.15055959340888597,18,0.0,0,True,0.0015055959340888592,0.017547012954800028,B_absolute_discount_quintile
2023-06,2023-07,0.015885491999999998,0.08303933198650118,0.0830393319865011,18,0.0,0,True,0.0008303933198650114,0.015055098680134986,B_absolute_discount_quintile
2023-07,2023-08,0.027930401055555557,0.24086708933486328,0.24086708933486328,18,0.0,0,True,0.002408670893348633,0.025521730162206924,B_absolute_discount_quintile
2023-08,2023-09,-0.04110547,0.02835749672502013,0.02835749672502004,18,0.05555555555555555,1,True,0.00028357496725020087,-0.041389044967250196,B_absolute_discount_quintile
2023-09,2023-10,0.03754363111111111,0.24591828386196157,0.24591828386196152,18,0.0,0,True,0.0024591828386196155,0.03508444827249149,B_absolute_discount_quintile
2023-10,2023-11,0.0003666070588235343,0.23226142666295374,0.2322614266629538,17,0.0,0,True,0.0023226142666295376,-0.0019560072078060034,B_absolute_discount_quintile
2023-11,2023-12,0.024112456470588236,0.35844003280017733,0.3584400328001774,17,0.0,0,True,0.003584400328001774,0.020528056142586463,B_absolute_discount_quintile
2023-12,2024-01,-0.006260545500000001,0.34031434114517306,0.3403143411451731,18,0.0,0,True,0.003403143411451731,-0.009663688911451732,B_absolute_discount_quintile
2024-01,2024-02,0.024180308058823527,0.27680063323329573,0.27680063323329557,17,0.0,0,True,0.0027680063323329567,0.02141230172649057,B_absolute_discount_quintile
2024-02,2024-03,-0.000694518882352942,0.19257388494081476,0.19257388494081487,17,0.0,0,True,0.0019257388494081482,-0.00262025773176109,B_absolute_discount_quintile
2024-03,2024-04,-0.003973346176470589,0.31905781075717804,0.3190578107571781,17,0.0,0,True,0.003190578107571781,-0.00716392428404237,B_absolute_discount_quintile
2024-04,2024-05,0.003447478764705882,0.19334372343004852,0.1933437234300485,17,0.0,0,True,0.001933437234300485,0.001514041530405397,B_absolute_discount_quintile
2024-05,2024-06,-0.0010832717058823524,0.19037590452015954,0.19037590452015962,17,0.0,0,True,0.0019037590452015958,-0.0029870307510839484,B_absolute_discount_quintile
2024-06,2024-07,0.014661263117647056,0.35805782536111047,0.35805782536111047,17,0.0,0,True,0.003580578253611105,0.01108068486403595,B_absolute_discount_quintile
2024-07,2024-08,0.024379596493333332,0.37080271834219986,0.37080271834219986,17,0.11764705882352941,2,True,0.0037080271834219985,0.020671569309911333,B_absolute_discount_quintile
2024-08,2024-09,0.020244896266666666,0.24755646133509757,0.24755646133509757,17,0.11764705882352941,2,True,0.002475564613350976,0.01776933165331569,B_absolute_discount_quintile
2024-09,2024-10,-0.00198922557142857,0.18304972203728165,0.1830497220372817,16,0.125,2,True,0.0018304972203728167,-0.003819722791801387,B_absolute_discount_quintile
2024-10,2024-11,0.018587614375,0.1430370052345445,0.14303700523454463,16,0.0,0,True,0.0014303700523454455,0.017157244322654554,B_absolute_discount_quintile
2024-11,2024-12,0.029302599285714277,0.23752692825971256,0.23752692825971242,17,0.1764705882352941,3,True,0.0023752692825971247,0.02692733000311715,B_absolute_discount_quintile
2024-12,2025-01,-0.00011788410866666503,0.1315140165890824,0.13151401658908235,17,0.11764705882352941,2,True,0.0013151401658908239,-0.001433024274557489,B_absolute_discount_quintile
2025-01,2025-02,-0.012398106666666669,0.13551881216912523,0.1355188121691252,17,0.11764705882352941,2,True,0.0013551881216912524,-0.013753294788357922,B_absolute_discount_quintile
2025-02,2025-03,-0.0255815690625,0.19455166523898706,0.19455166523898706,17,0.058823529411764705,1,True,0.0019455166523898706,-0.02752708571488987,B_absolute_discount_quintile
2025-03,2025-04,0.0375,0.1985024295103278,0.1985024295103278,17,0.1764705882352941,3,True,0.001985024295103278,0.03551497570489672,B_absolute_discount_quintile
2025-04,2025-05,0.0038316680625000007,0.11444117647058813,0.11444117647058825,16,0.0,0,True,0.001144411764705882,0.0026872562977941186,B_absolute_discount_quintile
2025-05,2025-06,0.022570446,0.23862447178766732,0.23862447178766744,17,0.11764705882352941,2,True,0.002386244717876674,0.020184201282123327,B_absolute_discount_quintile
2025-06,2025-07,0.07142292494117648,0.13308908643208356,0.13308908643208356,17,0.0,0,True,0.0013308908643208355,0.07009203407685564,B_absolute_discount_quintile
2025-07,2025-08,0.05509721411764706,0.1981126289465535,0.19811262894655374,17,0.0,0,True,0.0019811262894655363,0.05311608782818152,B_absolute_discount_quintile
2025-08,2025-09,0.006060798312500001,0.2009141470051971,0.20091414700519722,17,0.058823529411764705,1,True,0.0020091414700519716,0.004051656842448029,B_absolute_discount_quintile
2025-09,2025-10,-0.006098284235294119,0.07662349202764455,0.0766234920276445,17,0.0,0,True,0.0007662349202764453,-0.006864519155570565,B_absolute_discount_quintile
2025-10,2025-11,0.0022916158235294134,0.07018126750060288,0.07018126750060287,17,0.0,0,True,0.0007018126750060287,0.0015898031485233847,B_absolute_discount_quintile
2025-11,2025-12,0.06480040417647058,0.19624241161129358,0.1962424116112937,17,0.0,0,True,0.001962424116112936,0.06283798006035765,B_absolute_discount_quintile
2025-12,2026-01,-0.04361764705882353,0.09407191630685119,0.09407191630685127,17,0.0,0,True,0.0009407191630685123,-0.04455836622189204,B_absolute_discount_quintile
2026-01,2026-02,-0.08908551647058824,0.07405103936583401,0.07405103936583389,17,0.0,0,True,0.0007405103936583395,-0.08982602686424658,B_absolute_discount_quintile
2026-02,2026-03,0.0032958831249999985,0.08431211274532155,0.08431211274532172,17,0.058823529411764705,1,True,0.0008431211274532163,0.002452761997546782,B_absolute_discount_quintile
2026-03,2026-04,-0.011349360588235293,0.07538616978192211,0.07538616978192204,17,0.0,0,True,0.0007538616978192208,-0.012103222286054514,B_absolute_discount_quintile
2026-04,2026-05,-0.01839202,0.11510131726889825,0.11510131726889841,18,0.0,0,True,0.0011510131726889833,-0.019543033172688982,B_absolute_discount_quintile
2026-05,2026-06,0.04334995882352941,0.12928261907116476,0.12928261907116484,18,0.05555555555555555,1,True,0.001292826190711648,0.04205713263281777,B_absolute_discount_quintile
2026-06,2026-07,,0.07701314124332903,0.07701314124332911,18,1.0,18,True,0.0007701314124332907,,B_absolute_discount_quintile
2018-12,2019-01,0.018821039999999997,1.0000000000000002,0.0,7,0.0,0,True,0.005000000000000001,0.013821039999999996,C_discount_zscore
2019-01,2019-02,-0.002256207142857144,0.44340335626699334,0.44340335626699307,7,0.0,0,True,0.004434033562669932,-0.006690240705527076,C_discount_zscore
2019-02,2019-03,0.005512983,0.7175874856024781,0.717587485602478,7,0.0,0,True,0.007175874856024781,-0.0016628918560247811,C_discount_zscore
2019-03,2019-04,-0.011761487142857142,0.5714285714285715,0.5714285714285715,7,0.0,0,True,0.005714285714285715,-0.017475772857142857,C_discount_zscore
2019-04,2019-05,-0.027270544285714283,0.8571736526086383,0.8571736526086382,7,0.0,0,True,0.008571736526086383,-0.035842280811800666,C_discount_zscore
2019-05,2019-06,0.05067663428571429,0.8571428571428573,0.8571428571428572,7,0.0,0,True,0.008571428571428574,0.04210520571428572,C_discount_zscore
2019-06,2019-07,-0.018418955,0.8571428571428573,0.857142857142857,7,0.14285714285714288,1,True,0.008571428571428572,-0.02699038357142857,C_discount_zscore
2019-07,2019-08,0.03289526128571429,0.5,0.4999999999999999,8,0.125,1,True,0.004999999999999999,0.02789526128571429,C_discount_zscore
2019-08,2019-09,-0.011278705571428571,0.7434222434317025,0.7434222434317023,7,0.0,0,True,0.007434222434317024,-0.018712928005745595,C_discount_zscore
2019-09,2019-10,0.036373205000000006,0.75,0.75,8,0.0,0,True,0.0075,0.028873205000000006,C_discount_zscore
2019-10,2019-11,0.009701136375000002,0.5152379814036199,0.5152379814036201,8,0.0,0,True,0.0051523798140362,0.0045487565609638025,C_discount_zscore
2019-11,2019-12,-0.019880895750000002,0.5014233338875993,0.5014233338875993,8,0.0,0,True,0.005014233338875993,-0.024895129088875995,C_discount_zscore
2019-12,2020-01,-0.1000557725,0.375,0.375,8,0.0,0,True,0.00375,-0.1038057725,C_discount_zscore
2020-01,2020-02,-0.17848507624999999,0.5312441900045412,0.531244190004541,8,0.0,0,True,0.005312441900045411,-0.18379751815004539,C_discount_zscore
2020-02,2020-03,0.06545301125,0.5373547303284762,0.5373547303284762,8,0.0,0,True,0.005373547303284763,0.060079463946715234,C_discount_zscore
2020-03,2020-04,0.08360991225,0.635229468161588,0.6352294681615882,8,0.0,0,True,0.0063522946816158814,0.07725761756838412,C_discount_zscore
2020-04,2020-05,0.018214780111111113,0.5555555555555556,0.5555555555555555,9,0.0,0,True,0.005555555555555555,0.012659224555555558,C_discount_zscore
2020-05,2020-06,0.020616801555555557,0.8888888888888888,0.888888888888889,9,0.0,0,True,0.008888888888888889,0.011727912666666668,C_discount_zscore
2020-06,2020-07,0.06695099177777779,1.0,1.0,9,0.0,0,True,0.01,0.056950991777777786,C_discount_zscore
2020-07,2020-08,0.01587361714285714,0.6793982808411251,0.6793982808411252,9,0.2222222222222222,2,True,0.006793982808411252,0.009079634334445887,C_discount_zscore
2020-08,2020-09,0.023845756250000003,0.45736517695323586,0.45736517695323586,9,0.1111111111111111,1,True,0.004573651769532359,0.019272104480467643,C_discount_zscore
2020-09,2020-10,0.1827527925,0.23750653538281274,0.2375065353828129,9,0.1111111111111111,1,True,0.0023750653538281282,0.1803777271461719,C_discount_zscore
2020-10,2020-11,0.10870181071428567,0.4523344525897151,0.4523344525897152,9,0.2222222222222222,2,True,0.004523344525897152,0.10417846618838851,C_discount_zscore
2020-11,2020-12,0.0881674747142857,0.4483634162982713,0.4483634162982714,9,0.2222222222222222,2,True,0.004483634162982714,0.08368384055130298,C_discount_zscore
2020-12,2021-01,-0.021298849444444448,0.681487255694787,0.6814872556947869,9,0.0,0,True,0.006814872556947869,-0.028113722001392318,C_discount_zscore
2021-01,2021-02,0.05321770022222221,0.5760623887427601,0.5760623887427602,9,0.0,0,True,0.005760623887427601,0.04745707633479461,C_discount_zscore
2021-02,2021-03,0.079707917,0.5741035031564433,0.5741035031564435,9,0.1111111111111111,1,True,0.0057410350315644345,0.07396688196843557,C_discount_zscore
2021-03,2021-04,0.04091165355555555,0.784031792924234,0.784031792924234,9,0.0,0,True,0.00784031792924234,0.03307133562631321,C_discount_zscore
2021-04,2021-05,0.06298194622222222,0.34468643497467094,0.3446864349746711,9,0.0,0,True,0.0034468643497467103,0.05953508187247551,C_discount_zscore
2021-05,2021-06,0.0013841061111111096,0.2412913746314233,0.2412913746314232,9,0.0,0,True,0.0024129137463142327,-0.001028807635203123,C_discount_zscore
2021-06,2021-07,0.018910670999999997,0.4444444444444444,0.4444444444444445,9,0.0,0,True,0.0044444444444444444,0.014466226555555552,C_discount_zscore
2021-07,2021-08,0.00761609922222222,0.4481461508044429,0.4481461508044432,9,0.0,0,True,0.00448146150804443,0.00313463771417779,C_discount_zscore
2021-08,2021-09,0.005565605555555556,0.4521544782471812,0.4521544782471814,9,0.0,0,True,0.004521544782471814,0.0010440607730837423,C_discount_zscore
2021-09,2021-10,0.0042928375555555546,0.33646184804459905,0.33646184804459933,9,0.0,0,True,0.003364618480445992,0.0009282190751095628,C_discount_zscore
2021-10,2021-11,0.021817380999999997,0.3368701526388875,0.3368701526388875,9,0.1111111111111111,1,True,0.0033687015263888748,0.01844867947361112,C_discount_zscore
2021-11,2021-12,-0.0388661165,0.5610502658128323,0.5610502658128325,9,0.1111111111111111,1,True,0.005610502658128324,-0.044476619158128325,C_discount_zscore
2021-12,2022-01,-0.020371831624999996,0.4453034048438407,0.44530340484384073,9,0.1111111111111111,1,True,0.004453034048438408,-0.024824865673438404,C_discount_zscore
2022-01,2022-02,0.050020339999999996,0.5746988933827335,0.5746988933827335,9,0.0,0,True,0.0057469889338273355,0.04427335106617266,C_discount_zscore
2022-02,2022-03,-0.029780450888888886,0.3452528696306545,0.3452528696306546,9,0.0,0,True,0.0034525286963065453,-0.03323297958519543,C_discount_zscore
2022-03,2022-04,-0.03815147142857143,0.4341795734645189,0.43417957346451874,8,0.125,1,True,0.004341795734645188,-0.042493267163216615,C_discount_zscore
2022-04,2022-05,-0.055775639625,0.6328053736319665,0.6328053736319664,8,0.0,0,True,0.006328053736319665,-0.06210369336131966,C_discount_zscore
2022-05,2022-06,0.08334882428571429,0.38170800856189996,0.3817080085619,8,0.125,1,True,0.003817080085619,0.07953174420009529,C_discount_zscore
2022-06,2022-07,-0.020552802624999998,0.6299212166628135,0.6299212166628135,8,0.0,0,True,0.006299212166628135,-0.02685201479162813,C_discount_zscore
2022-07,2022-08,-0.03296892,0.75,0.7499999999999999,8,0.0,0,True,0.0075,-0.04046892,C_discount_zscore
2022-08,2022-09,-0.011930504,0.7777777777777779,0.7777777777777779,9,0.0,0,True,0.007777777777777779,-0.01970828177777778,C_discount_zscore
2022-09,2022-10,0.029893823625,0.7694958623526709,0.769495862352671,8,0.0,0,True,0.0076949586235267094,0.022198865001473292,C_discount_zscore
2022-10,2022-11,-0.0030067407499999995,0.6302707592586035,0.6302707592586032,8,0.0,0,True,0.0063027075925860335,-0.009309448342586034,C_discount_zscore
2022-11,2022-12,0.005536452250000001,0.7511520112052854,0.7511520112052852,8,0.0,0,True,0.007511520112052854,-0.001975067862052853,C_discount_zscore
2022-12,2023-01,-0.036078423750000005,0.5193037652193677,0.5193037652193678,8,0.0,0,True,0.005193037652193679,-0.041271461402193683,C_discount_zscore
2023-01,2023-02,-0.01400247325,0.75,0.75,8,0.0,0,True,0.0075,-0.02150247325,C_discount_zscore
2023-02,2023-03,0.13322394662499998,0.2573350044853447,0.25733500448534463,8,0.0,0,True,0.0025733500448534468,0.13065059658014652,C_discount_zscore
2023-03,2023-04,0.004910211250000001,0.6523407115367839,0.6523407115367841,8,0.0,0,True,0.0065234071153678404,-0.0016131958653678394,C_discount_zscore
2023-04,2023-05,0.010175,0.75,0.7500000000000002,8,0.0,0,True,0.0075000000000000015,0.0026749999999999986,C_discount_zscore
2023-05,2023-06,0.0505162725,0.7514323013339272,0.7514323013339274,8,0.0,0,True,0.007514323013339273,0.04300194948666073,C_discount_zscore
2023-06,2023-07,0.0063746062499999995,0.5138332349701893,0.5138332349701894,8,0.0,0,True,0.005138332349701893,0.0012362739002981064,C_discount_zscore
2023-07,2023-08,0.037674749875,0.5065694675436372,0.5065694675436371,8,0.0,0,True,0.005065694675436371,0.032609055199563634,C_discount_zscore
2023-08,2023-09,-0.03496112444444444,0.2222222222222222,0.2222222222222224,9,0.0,0,True,0.002222222222222223,-0.037183346666666665,C_discount_zscore
2023-09,2023-10,0.061529846250000006,0.5504787850872394,0.5504787850872395,8,0.0,0,True,0.005504787850872394,0.05602505839912761,C_discount_zscore
2023-10,2023-11,0.04908773125,0.5130370819166217,0.5130370819166216,8,0.0,0,True,0.005130370819166216,0.043957360430833786,C_discount_zscore
2023-11,2023-12,0.024092511249999997,0.5087373711780313,0.5087373711780313,8,0.0,0,True,0.005087373711780314,0.019005137538219682,C_discount_zscore
2023-12,2024-01,-0.003948505444444445,0.8888888888888888,0.8888888888888891,9,0.0,0,True,0.00888888888888889,-0.012837394333333335,C_discount_zscore
2024-01,2024-02,0.02461435575,0.6634827801474852,0.6634827801474853,8,0.0,0,True,0.006634827801474853,0.01797952794852515,C_discount_zscore
2024-02,2024-03,0.004066664024999998,0.502085019525162,0.5020850195251619,8,0.0,0,True,0.005020850195251621,-0.0009541861702516228,C_discount_zscore
2024-03,2024-04,0.0020542396250000008,0.8781048142666426,0.8781048142666426,8,0.0,0,True,0.008781048142666425,-0.006726808517666424,C_discount_zscore
2024-04,2024-05,0.006710775374999999,0.3836029383157204,0.3836029383157204,8,0.0,0,True,0.0038360293831572042,0.002874745991842795,C_discount_zscore
2024-05,2024-06,0.02953104975,0.26235287332935087,0.26235287332935087,8,0.0,0,True,0.002623528733293509,0.02690752101670649,C_discount_zscore
2024-06,2024-07,0.011704158249999999,0.7505609373985275,0.7505609373985275,8,0.0,0,True,0.007505609373985275,0.004198548876014724,C_discount_zscore
2024-07,2024-08,0.0312187385,0.8786656254706562,0.8786656254706561,8,0.0,0,True,0.008786656254706562,0.022432082245293437,C_discount_zscore
2024-08,2024-09,0.012995393714285717,0.6323452078154804,0.6323452078154803,8,0.125,1,True,0.006323452078154804,0.0066719416361309125,C_discount_zscore
2024-09,2024-10,0.014275571428571426,0.39986091452056527,0.39986091452056527,8,0.125,1,True,0.003998609145205652,0.010276962283365772,C_discount_zscore
2024-10,2024-11,0.0420703125,0.3772805664676365,0.3772805664676365,8,0.0,0,True,0.0037728056646763653,0.03829750683532363,C_discount_zscore
2024-11,2024-12,0.010128139999999999,0.5146639931026726,0.5146639931026727,8,0.125,1,True,0.005146639931026728,0.004981500068973271,C_discount_zscore
2024-12,2025-01,-0.01497422342857143,0.6301204072980285,0.6301204072980285,8,0.125,1,True,0.006301204072980285,-0.021275427501551716,C_discount_zscore
2025-01,2025-02,-0.013468226750000001,0.75,0.7500000000000001,8,0.0,0,True,0.007500000000000001,-0.020968226750000003,C_discount_zscore
2025-02,2025-03,0.006168911624999997,0.507926384309944,0.507926384309944,8,0.0,0,True,0.00507926384309944,0.0010896477819005573,C_discount_zscore
2025-03,2025-04,0.059425,0.6392196469111165,0.6392196469111167,8,0.0,0,True,0.006392196469111166,0.053032803530888836,C_discount_zscore
2025-04,2025-05,-0.012437115874999998,0.6260058522311631,0.6260058522311631,8,0.0,0,True,0.006260058522311631,-0.01869717439731163,C_discount_zscore
2025-05,2025-06,0.04794244833333333,0.2729674972211735,0.2729674972211734,8,0.25,2,True,0.002729674972211735,0.045212773361121596,C_discount_zscore
2025-06,2025-07,0.084229010375,0.3821031747451131,0.382103174745113,8,0.0,0,True,0.003821031747451131,0.08040797862754887,C_discount_zscore
2025-07,2025-08,0.05902303125,0.390209925611607,0.39020992561160694,8,0.0,0,True,0.0039020992561160698,0.05512093199388393,C_discount_zscore
2025-08,2025-09,0.020330422666666667,0.39822182322699146,0.3982218232269912,8,0.25,2,True,0.0039822182322699125,0.016348204434396753,C_discount_zscore
2025-09,2025-10,-0.0080579255,0.3808411705341722,0.38084117053417216,8,0.0,0,True,0.003808411705341722,-0.011866337205341722,C_discount_zscore
2025-10,2025-11,0.0022994108749999987,0.5000174903736276,0.5000174903736276,8,0.0,0,True,0.005000174903736276,-0.0027007640287362777,C_discount_zscore
2025-11,2025-12,0.080234480625,0.5030406870704578,0.5030406870704577,8,0.0,0,True,0.005030406870704577,0.07520407375429541,C_discount_zscore
2025-12,2026-01,0.0118125,0.519300746141997,0.5193007461419968,8,0.0,0,True,0.005193007461419969,0.006619492538580031,C_discount_zscore
2026-01,2026-02,-0.07705779285714286,0.2524306627957256,0.2524306627957255,7,0.0,0,True,0.0025243066279572557,-0.07958209948510012,C_discount_zscore
2026-02,2026-03,0.028798490428571424,0.43686366843654156,0.4368636684365415,7,0.0,0,True,0.004368636684365415,0.02442985374420601,C_discount_zscore
2026-03,2026-04,-0.007392650999999999,0.4332898088324395,0.4332898088324393,7,0.0,0,True,0.004332898088324395,-0.011725549088324395,C_discount_zscore
2026-04,2026-05,-0.014860239857142857,0.7142857142857144,0.7142857142857143,7,0.0,0,True,0.0071428571428571435,-0.022003097,C_discount_zscore
2026-05,2026-06,0.03226889714285714,0.4361911495134968,0.43619114951349663,7,0.0,0,True,0.004361911495134967,0.027906985647722173,C_discount_zscore
2026-06,2026-07,,0.4358891228119245,0.4358891228119244,7,1.0000000000000002,7,True,0.004358891228119244,,C_discount_zscore
2018-12,2019-01,0.005563151774193548,1.0,0.0,6,0.0,0,True,0.005,0.0005631517741935483,D_sector_neutral_zscore
2019-01,2019-02,-0.012231765555555557,0.6154544100203242,0.6154544100203241,6,0.0,0,True,0.006154544100203241,-0.018386309655758798,D_sector_neutral_zscore
2019-02,2019-03,-0.009927118730158729,0.60022951020211,0.6002295102021101,6,0.0,0,True,0.006002295102021101,-0.01592941383217983,D_sector_neutral_zscore
2019-03,2019-04,-0.04101793914062501,0.8142980633983636,0.8142980633983637,6,0.0,0,True,0.008142980633983637,-0.049160919774608645,D_sector_neutral_zscore
2019-04,2019-05,-0.017930317499999997,1.0,1.0,7,0.0,0,True,0.01,-0.027930317499999996,D_sector_neutral_zscore
2019-05,2019-06,0.056790435147058824,0.7647058823529412,0.7647058823529413,7,0.0,0,True,0.007647058823529413,0.049143376323529414,D_sector_neutral_zscore
2019-06,2019-07,-0.021888520545454544,0.9562222466340038,0.9562222466340039,7,0.19117647058823528,1,True,0.009562222466340038,-0.03145074301179458,D_sector_neutral_zscore
2019-07,2019-08,0.03894159650847458,0.329895072815804,0.329895072815804,8,0.18055555555555555,1,True,0.00329895072815804,0.035642645780316534,D_sector_neutral_zscore
2019-08,2019-09,-0.014076426411111113,0.6453004398518609,0.645300439851861,8,0.16666666666666666,1,True,0.0064530043985186105,-0.020529430809629726,D_sector_neutral_zscore
2019-09,2019-10,0.026683573296803657,0.730593607305936,0.730593607305936,9,0.0,0,True,0.0073059360730593605,0.019377637223744297,D_sector_neutral_zscore
2019-10,2019-11,0.0025581725281385286,0.6735091859294082,0.6735091859294082,9,0.0,0,True,0.006735091859294082,-0.004176919331155554,D_sector_neutral_zscore
2019-11,2019-12,-0.019194612796536798,0.5295002861503251,0.529500286150325,9,0.0,0,True,0.005295002861503251,-0.02448961565804005,D_sector_neutral_zscore
2019-12,2020-01,-0.12192879940928268,0.2692765783156713,0.2692765783156713,9,0.0,0,True,0.0026927657831567133,-0.1246215651924394,D_sector_neutral_zscore
2020-01,2020-02,-0.168435102008547,0.321080994647585,0.32108099464758505,9,0.0,0,True,0.00321080994647585,-0.17164591195502285,D_sector_neutral_zscore
2020-02,2020-03,0.06974850956249999,0.6683579102587272,0.668357910258727,9,0.0,0,True,0.0066835791025872705,0.06306493045991272,D_sector_neutral_zscore
2020-03,2020-04,0.048028605424999996,0.65,0.6499999999999999,9,0.0,0,True,0.0065,0.041528605425,D_sector_neutral_zscore
2020-04,2020-05,0.011027698402684563,0.6375962780713142,0.6375962780713144,10,0.1130952380952381,1,True,0.006375962780713143,0.00465173562197142,D_sector_neutral_zscore
2020-05,2020-06,0.014255937837209302,0.7064889940723382,0.706488994072338,10,0.0,0,True,0.007064889940723381,0.007191047896485921,D_sector_neutral_zscore
2020-06,2020-07,0.03400106556060606,0.8939393939393939,0.8939393939393939,10,0.0,0,True,0.00893939393939394,0.025061671621212117,D_sector_neutral_zscore
2020-07,2020-08,0.019011499310344827,0.5159368877215875,0.5159368877215874,10,0.0,0,True,0.005159368877215875,0.013852130433128954,D_sector_neutral_zscore
2020-08,2020-09,0.05068481358108108,0.4082591376244178,0.4082591376244177,10,0.13953488372093023,1,True,0.004082591376244177,0.0466022222048369,D_sector_neutral_zscore
2020-09,2020-10,0.14960651421505375,0.5061577338225252,0.5061577338225252,10,0.10919540229885058,1,True,0.005061577338225252,0.14454493687682848,D_sector_neutral_zscore
2020-10,2020-11,0.04127672796690308,0.5934342876894049,0.5934342876894049,11,0.20786516853932585,2,True,0.005934342876894049,0.03534238509000903,D_sector_neutral_zscore
2020-11,2020-12,0.12307037319083972,0.5056527646314561,0.5056527646314563,10,0.2640449438202247,3,True,0.0050565276463145625,0.11801384554452515,D_sector_neutral_zscore
2020-12,2021-01,-0.021222425921052633,0.5371846549372801,0.5371846549372797,10,0.10588235294117647,1,True,0.005371846549372799,-0.026594272470425433,D_sector_neutral_zscore
2021-01,2021-02,0.022895647157894737,0.41206140787380513,0.4120614078738052,10,0.10588235294117647,1,True,0.0041206140787380515,0.018775033079156685,D_sector_neutral_zscore
2021-02,2021-03,0.050840732631578955,0.8313192375109962,0.8313192375109961,10,0.08433734939759036,1,True,0.008313192375109961,0.042527540256468994,D_sector_neutral_zscore
2021-03,2021-04,0.03067484888744588,0.5584736257458487,0.5584736257458489,11,0.08333333333333333,1,True,0.005584736257458488,0.02509011262998739,D_sector_neutral_zscore
2021-04,2021-05,0.03398880043881857,0.39442615243792023,0.39442615243792006,11,0.08139534883720931,1,True,0.003944261524379202,0.03004453891443937,D_sector_neutral_zscore
2021-05,2021-06,0.006036651734177214,0.3959990203164977,0.3959990203164977,10,0.08139534883720931,1,True,0.003959990203164977,0.0020766615310122373,D_sector_neutral_zscore
2021-06,2021-07,0.020930833740963856,0.5820183297607622,0.5820183297607623,9,0.0,0,True,0.005820183297607622,0.015110650443356233,D_sector_neutral_zscore
2021-07,2021-08,-0.0017336910833333338,0.6260853331877445,0.6260853331877444,10,0.0,0,True,0.006260853331877444,-0.007994544415210778,D_sector_neutral_zscore
2021-08,2021-09,0.013754356116279072,0.4886005427378667,0.4886005427378666,10,0.0,0,True,0.004886005427378666,0.008868350688900406,D_sector_neutral_zscore
2021-09,2021-10,0.00563049714117647,0.4870362856515359,0.4870362856515361,10,0.0,0,True,0.00487036285651536,0.0007601342846611098,D_sector_neutral_zscore
2021-10,2021-11,0.03247003316091954,0.4123743894432428,0.4123743894432428,11,0.0,0,True,0.004123743894432428,0.028346289266487107,D_sector_neutral_zscore
2021-11,2021-12,-0.04422340214102563,0.629093087304532,0.6290930873045318,10,0.08235294117647059,1,True,0.0062909308730453185,-0.05051433301407095,D_sector_neutral_zscore
2021-12,2022-01,-0.01322198555128205,0.38255706447214133,0.38255706447214133,10,0.08235294117647059,1,True,0.0038255706447214133,-0.017047556196003462,D_sector_neutral_zscore
2022-01,2022-02,0.041800441976744186,0.5561336055285951,0.5561336055285949,11,0.0,0,True,0.00556133605528595,0.03623910592145824,D_sector_neutral_zscore
2022-02,2022-03,-0.004437408488372093,0.4359106199093431,0.43591061990934304,11,0.0,0,True,0.004359106199093431,-0.008796514687465524,D_sector_neutral_zscore
2022-03,2022-04,-0.038274144578313254,0.2836007862818028,0.2836007862818028,11,0.0,0,True,0.002836007862818028,-0.04111015244113128,D_sector_neutral_zscore
2022-04,2022-05,-0.04658791009638555,0.3279857259212285,0.32798572592122843,11,0.0,0,True,0.0032798572592122846,-0.049867767355597836,D_sector_neutral_zscore
2022-05,2022-06,0.06287669107142857,0.19412824608153822,0.19412824608153811,11,0.1566265060240964,1,True,0.0019412824608153819,0.06093540861061319,D_sector_neutral_zscore
2022-06,2022-07,0.0221956497804878,0.3472316367715609,0.34723163677156077,11,0.0,0,True,0.0034723163677156084,0.018723333412772193,D_sector_neutral_zscore
2022-07,2022-08,-0.01793413420731707,0.6214782874322,0.6214782874322001,11,0.0,0,True,0.0062147828743220005,-0.02414891708163907,D_sector_neutral_zscore
2022-08,2022-09,-0.015480181428571431,0.7625196918448868,0.7625196918448869,11,0.0,0,True,0.007625196918448868,-0.023105378347020297,D_sector_neutral_zscore
2022-09,2022-10,0.023197145180722887,0.6950144551305506,0.6950144551305508,11,0.0,0,True,0.0069501445513055074,0.01624700062941738,D_sector_neutral_zscore
2022-10,2022-11,-0.014008922073170732,0.4512055939077305,0.45120559390773046,11,0.0,0,True,0.004512055939077305,-0.018520978012248036,D_sector_neutral_zscore
2022-11,2022-12,0.01272539429878049,0.8565119303338431,0.856511930333843,11,0.0,0,True,0.00856511930333843,0.004160274995442059,D_sector_neutral_zscore
2022-12,2023-01,-0.0026586524999999994,0.3082131529690776,0.3082131529690774,11,0.0,0,True,0.003082131529690775,-0.005740784029690775,D_sector_neutral_zscore
2023-01,2023-02,-0.015610884430379746,0.4786064890456257,0.47860648904562586,10,0.0,0,True,0.004786064890456258,-0.020396949320836005,D_sector_neutral_zscore
2023-02,2023-03,0.057953278536585356,0.48989068896193877,0.4898906889619389,11,0.0,0,True,0.004898906889619388,0.05305437164696597,D_sector_neutral_zscore
2023-03,2023-04,-0.0072020320731707305,0.4555151887714788,0.4555151887714789,11,0.0,0,True,0.004555151887714789,-0.01175718396088552,D_sector_neutral_zscore
2023-04,2023-05,-0.018024390243902438,0.5944002073806088,0.5944002073806088,11,0.0,0,True,0.005944002073806088,-0.023968392317708524,D_sector_neutral_zscore
2023-05,2023-06,0.0516365738271605,0.6222669458327621,0.6222669458327621,10,0.0,0,True,0.006222669458327621,0.04541390436883288,D_sector_neutral_zscore
2023-06,2023-07,-0.006507824629629633,0.5260215003427005,0.5260215003427005,10,0.0,0,True,0.005260215003427005,-0.011768039633056638,D_sector_neutral_zscore
2023-07,2023-08,0.02442712587654321,0.5034228824413814,0.5034228824413816,10,0.0,0,True,0.005034228824413815,0.019392897052129397,D_sector_neutral_zscore
2023-08,2023-09,-0.04382854347560976,0.3100222567691707,0.31002225676917067,10,0.0,0,True,0.0031002225676917067,-0.04692876604330146,D_sector_neutral_zscore
2023-09,2023-10,0.0375821044375,0.6389968561275203,0.6389968561275204,9,0.0,0,True,0.0063899685612752045,0.031192135876224797,D_sector_neutral_zscore
2023-10,2023-11,0.015520441913580247,0.3672540470479768,0.3672540470479768,10,0.0,0,True,0.003672540470479768,0.01184790144310048,D_sector_neutral_zscore
2023-11,2023-12,0.026761444580246912,0.5693704734351241,0.5693704734351244,10,0.0,0,True,0.005693704734351242,0.021067739845895668,D_sector_neutral_zscore
2023-12,2024-01,0.010642422768292683,0.6973936967440578,0.6973936967440577,10,0.0,0,True,0.006973936967440577,0.003668485800852106,D_sector_neutral_zscore
2024-01,2024-02,0.026908046948717953,0.6580666218372908,0.6580666218372907,9,0.0,0,True,0.006580666218372907,0.020327380730345047,D_sector_neutral_zscore
2024-02,2024-03,0.007496657592592594,0.765458507226111,0.7654585072261111,10,0.0,0,True,0.0076545850722611105,-0.00015792747966851626,D_sector_neutral_zscore
2024-03,2024-04,0.010782695897435897,0.8100046963440767,0.8100046963440768,10,0.037037037037037035,1,True,0.008100046963440768,0.002682648933995129,D_sector_neutral_zscore
2024-04,2024-05,-0.009364369740259743,0.6639559577275987,0.6639559577275989,9,0.0,0,True,0.006639559577275988,-0.01600392931753573,D_sector_neutral_zscore
2024-05,2024-06,0.01525425191025641,0.43026207308009,0.43026207308009007,9,0.0,0,True,0.004302620730800901,0.01095163117945551,D_sector_neutral_zscore
2024-06,2024-07,-0.004449306259999999,0.7612950608004139,0.761295060800414,8,0.0,0,True,0.0076129506080041395,-0.012062256868004138,D_sector_neutral_zscore
2024-07,2024-08,0.042080425315789476,0.6032882112700318,0.6032882112700318,9,0.0,0,True,0.0060328821127003185,0.03604754320308916,D_sector_neutral_zscore
2024-08,2024-09,0.0023086714193548373,0.7364667295408689,0.736466729540869,8,0.17333333333333334,1,True,0.007364667295408689,-0.005055995876053852,D_sector_neutral_zscore
2024-09,2024-10,-0.010435618708333334,0.5712358677356527,0.5712358677356526,9,0.04,1,True,0.005712358677356527,-0.01614797738568986,D_sector_neutral_zscore
2024-10,2024-11,0.05506950106666667,0.44498462956942214,0.4449846295694222,8,0.0,0,True,0.004449846295694221,0.05061965477097245,D_sector_neutral_zscore
2024-11,2024-12,0.00674931857142857,0.5810945117440328,0.5810945117440327,10,0.0,0,True,0.005810945117440328,0.0009383734539882421,D_sector_neutral_zscore
2024-12,2025-01,0.016850867087913668,0.5166744567939345,0.5166744567939345,10,0.09740259740259741,1,True,0.005166744567939346,0.011684122519974322,D_sector_neutral_zscore
2025-01,2025-02,-0.01682777151948052,0.5656942074358294,0.5656942074358298,10,0.0,0,True,0.005656942074358296,-0.022484713593838815,D_sector_neutral_zscore
2025-02,2025-03,-0.015333431756578952,0.5053727869377093,0.5053727869377092,10,0.0,0,True,0.005053727869377092,-0.020387159625956046,D_sector_neutral_zscore
2025-03,2025-04,0.06164333333333334,0.5097927908039729,0.5097927908039729,10,0.0,0,True,0.005097927908039729,0.05654540542529361,D_sector_neutral_zscore
2025-04,2025-05,0.018756793445945944,0.48432805303285975,0.4843280530328597,9,0.0,0,True,0.004843280530328597,0.013913512915617347,D_sector_neutral_zscore
2025-05,2025-06,0.0676904858,0.24000672513240495,0.24000672513240484,9,0.0,0,True,0.002400067251324049,0.06529041854867595,D_sector_neutral_zscore
2025-06,2025-07,0.07836662452054793,0.6113672070939158,0.6113672070939159,9,0.0,0,True,0.006113672070939158,0.07225295244960878,D_sector_neutral_zscore
2025-07,2025-08,0.10530970672000002,0.4761281684512657,0.4761281684512655,8,0.14383561643835616,1,True,0.004761281684512656,0.10054842503548736,D_sector_neutral_zscore
2025-08,2025-09,0.013883927198019806,0.3232509755161028,0.32325097551610293,8,0.3082191780821918,2,True,0.003232509755161029,0.010651417442858777,D_sector_neutral_zscore
2025-09,2025-10,-0.010656537450819674,0.3761464268754944,0.3761464268754943,8,0.1643835616438356,1,True,0.0037614642687549436,-0.014418001719574618,D_sector_neutral_zscore
2025-10,2025-11,-0.00729822512295082,0.7052024303088607,0.7052024303088607,8,0.1527777777777778,1,True,0.007052024303088607,-0.014350249426039427,D_sector_neutral_zscore
2025-11,2025-12,0.08540092399295776,0.4141703006732116,0.4141703006732116,8,0.0,0,True,0.004141703006732116,0.08125922098622565,D_sector_neutral_zscore
2025-12,2026-01,0.011626760563380285,0.2838398481735268,0.2838398481735267,8,0.0,0,True,0.002838398481735268,0.008788362081645018,D_sector_neutral_zscore
2026-01,2026-02,-0.08278284107142858,0.2663110097189916,0.26631100971899146,8,0.0,0,True,0.002663110097189915,-0.0854459511686185,D_sector_neutral_zscore
2026-02,2026-03,0.03183577745714286,0.6675761026317365,0.6675761026317366,8,0.0,0,True,0.0066757610263173655,0.025160016430825494,D_sector_neutral_zscore
2026-03,2026-04,0.0021541862142857165,0.6428892888040928,0.6428892888040928,8,0.0,0,True,0.006428892888040928,-0.004274706673755212,D_sector_neutral_zscore
2026-04,2026-05,0.015923054275362315,0.5987560456339841,0.598756045633984,8,0.0,0,True,0.00598756045633984,0.009935493819022475,D_sector_neutral_zscore
2026-05,2026-06,0.03762229763888889,0.5638786997335168,0.5638786997335167,9,0.0,0,True,0.005638786997335167,0.031983510641553727,D_sector_neutral_zscore
2026-06,2026-07,,0.5289869072452492,0.5289869072452492,9,1.0,9,True,0.005289869072452492,,D_sector_neutral_zscore
2018-12,2019-01,-0.00581218,1.0000000000000002,0.0,7,0.0,0,True,0.005000000000000001,-0.010812180000000001,E_discount_overshoot
2019-01,2019-02,-0.0029699057142857153,0.5830883889582498,0.5830883889582497,7,0.0,0,True,0.005830883889582497,-0.008800789603868212,E_discount_overshoot
2019-02,2019-03,0.0015762030000000008,0.7179345673618465,0.7179345673618465,7,0.0,0,True,0.007179345673618465,-0.005603142673618464,E_discount_overshoot
2019-03,2019-04,0.003606968142857144,0.8571428571428573,0.8571428571428571,7,0.0,0,True,0.008571428571428574,-0.00496446042857143,E_discount_overshoot
2019-04,2019-05,0.0021078,0.8606217799424132,0.8606217799424131,7,0.0,0,True,0.00860621779942413,-0.0064984177994241304,E_discount_overshoot
2019-05,2019-06,0.05998533428571428,0.8571428571428573,0.8571428571428572,7,0.0,0,True,0.008571428571428574,0.05141390571428571,E_discount_overshoot
2019-06,2019-07,-0.006313691666666664,0.8571428571428573,0.8571428571428572,7,0.14285714285714288,1,True,0.008571428571428574,-0.014885120238095238,E_discount_overshoot
2019-07,2019-08,0.10109610671428572,0.625,0.6250000000000002,8,0.125,1,True,0.006250000000000001,0.09484610671428571,E_discount_overshoot
2019-08,2019-09,-0.010703239857142857,0.7556715924261336,0.7556715924261334,7,0.0,0,True,0.0075567159242613344,-0.018259955781404193,E_discount_overshoot
2019-09,2019-10,0.040068977500000005,0.75,0.7499999999999999,8,0.0,0,True,0.0075,0.032568977500000006,E_discount_overshoot
2019-10,2019-11,0.014181744125,0.7526304935025331,0.7526304935025331,8,0.0,0,True,0.007526304935025331,0.006655439189974669,E_discount_overshoot
2019-11,2019-12,-0.013680550750000001,0.502853920831268,0.502853920831268,8,0.0,0,True,0.00502853920831268,-0.01870908995831268,E_discount_overshoot
2019-12,2020-01,-0.14422918375,0.5075600226801976,0.5075600226801975,8,0.0,0,True,0.005075600226801976,-0.14930478397680197,E_discount_overshoot
2020-01,2020-02,-0.20034495125,0.6555577627396685,0.6555577627396685,8,0.0,0,True,0.006555577627396685,-0.20690052887739668,E_discount_overshoot
2020-02,2020-03,0.06316801625,0.641257455154034,0.641257455154034,8,0.0,0,True,0.00641257455154034,0.05675544169845966,E_discount_overshoot
2020-03,2020-04,0.14099143142857143,0.7599827996318828,0.7599827996318826,8,0.125,1,True,0.007599827996318828,0.1333916034322526,E_discount_overshoot
2020-04,2020-05,0.01798064,0.44735422590540497,0.447354225905405,9,0.1111111111111111,1,True,0.0044735422590540495,0.01350709774094595,E_discount_overshoot
2020-05,2020-06,0.044345190500000006,0.5674407117299292,0.5674407117299292,9,0.1111111111111111,1,True,0.005674407117299292,0.03867078338270071,E_discount_overshoot
2020-06,2020-07,0.08625088125,0.5555555555555556,0.5555555555555555,9,0.1111111111111111,1,True,0.005555555555555555,0.08069532569444444,E_discount_overshoot
2020-07,2020-08,0.011819189999999993,0.5675963981077681,0.5675963981077682,9,0.2222222222222222,2,True,0.005675963981077682,0.0061432260189223115,E_discount_overshoot
2020-08,2020-09,0.053670706250000005,0.4496757677734014,0.4496757677734013,9,0.1111111111111111,1,True,0.0044967576777340135,0.049173948572265994,E_discount_overshoot
2020-09,2020-10,0.06605478125,0.6699877983503223,0.6699877983503223,9,0.1111111111111111,1,True,0.006699877983503223,0.05935490326649678,E_discount_overshoot
2020-10,2020-11,0.06881229999999998,0.6666666666666667,0.6666666666666667,9,0.2222222222222222,2,True,0.006666666666666668,0.06214563333333331,E_discount_overshoot
2020-11,2020-12,0.04940623757142855,0.3333333333333333,0.3333333333333333,9,0.2222222222222222,2,True,0.003333333333333333,0.046072904238095215,E_discount_overshoot
2020-12,2021-01,-0.0014281937500000026,0.5640964350258533,0.5640964350258533,9,0.1111111111111111,1,True,0.005640964350258533,-0.007069158100258536,E_discount_overshoot
2021-01,2021-02,0.04273571775,0.5755199470469283,0.5755199470469283,9,0.1111111111111111,1,True,0.005755199470469283,0.036980518279530715,E_discount_overshoot
2021-02,2021-03,0.08724116942857144,0.5525993674057206,0.5525993674057206,8,0.125,1,True,0.005525993674057206,0.08171517575451423,E_discount_overshoot
2021-03,2021-04,0.037584119111111106,0.6666666666666667,0.6666666666666667,9,0.0,0,True,0.006666666666666668,0.030917452444444438,E_discount_overshoot
2021-04,2021-05,0.0653415511111111,0.44987599830199515,0.44987599830199526,9,0.0,0,True,0.004498759983019952,0.060842791128091156,E_discount_overshoot
2021-05,2021-06,0.0018810016666666643,0.4561984951331954,0.45619849513319544,9,0.0,0,True,0.004561984951331954,-0.0026809832846652897,E_discount_overshoot
2021-06,2021-07,-0.009061666777777776,0.5555555555555556,0.5555555555555556,9,0.0,0,True,0.005555555555555556,-0.014617222333333332,E_discount_overshoot
2021-07,2021-08,0.013094804285714278,0.5886651540623952,0.5886651540623952,9,0.2222222222222222,2,True,0.0058866515406239515,0.007208152745090327,E_discount_overshoot
2021-08,2021-09,0.005283385555555555,0.5624899343963949,0.5624899343963949,9,0.0,0,True,0.005624899343963949,-0.000341513788408394,E_discount_overshoot
2021-09,2021-10,0.004797554666666668,0.4512323845962843,0.45123238459628445,9,0.0,0,True,0.0045123238459628436,0.0002852308207038244,E_discount_overshoot
2021-10,2021-11,0.01593800428571428,0.4478415634691033,0.44784156346910337,9,0.2222222222222222,2,True,0.004478415634691034,0.011459588651023247,E_discount_overshoot
2021-11,2021-12,-0.056464161250000006,0.6684097743736417,0.6684097743736418,9,0.1111111111111111,1,True,0.006684097743736418,-0.06314825899373643,E_discount_overshoot
2021-12,2022-01,-0.013170906375,0.6666666666666667,0.6666666666666666,9,0.1111111111111111,1,True,0.006666666666666667,-0.019837573041666667,E_discount_overshoot
2022-01,2022-02,0.0400935515,0.5588980496349114,0.5588980496349116,9,0.1111111111111111,1,True,0.005588980496349115,0.03450457100365088,E_discount_overshoot
2022-02,2022-03,-0.022260453333333333,0.5582200628292874,0.5582200628292874,9,0.0,0,True,0.005582200628292874,-0.027842653961626208,E_discount_overshoot
2022-03,2022-04,-0.04554279571428571,0.327225354738643,0.327225354738643,8,0.125,1,True,0.00327225354738643,-0.04881504926167214,E_discount_overshoot
2022-04,2022-05,-0.037601000875,0.505941373547448,0.505941373547448,8,0.0,0,True,0.0050594137354744795,-0.04266041461047448,E_discount_overshoot
2022-05,2022-06,0.07987227285714284,0.7513011818816973,0.7513011818816971,8,0.125,1,True,0.0075130118188169726,0.07235926103832586,E_discount_overshoot
2022-06,2022-07,-0.019389090125,0.6295346338453406,0.6295346338453405,8,0.0,0,True,0.006295346338453405,-0.025684436463453406,E_discount_overshoot
2022-07,2022-08,-0.053177976249999995,0.875,0.8750000000000001,8,0.0,0,True,0.00875,-0.061927976249999996,E_discount_overshoot
2022-08,2022-09,-0.020865637000000003,0.7777777777777779,0.7777777777777778,9,0.1111111111111111,1,True,0.007777777777777779,-0.028643414777777782,E_discount_overshoot
2022-09,2022-10,0.07533955125,1.0,1.0,8,0.0,0,True,0.01,0.06533955125,E_discount_overshoot
2022-10,2022-11,-0.02810155375,0.5063443451927063,0.5063443451927065,8,0.0,0,True,0.005063443451927064,-0.03316499720192707,E_discount_overshoot
2022-11,2022-12,0.021262087875,0.75807794483214,0.75807794483214,8,0.0,0,True,0.0075807794483214,0.013681308426678598,E_discount_overshoot
2022-12,2023-01,-0.032125415,0.6366008646158615,0.6366008646158615,8,0.0,0,True,0.006366008646158616,-0.03849142364615861,E_discount_overshoot
2023-01,2023-02,-0.014002473249999998,0.625,0.625,8,0.0,0,True,0.00625,-0.02025247325,E_discount_overshoot
2023-02,2023-03,0.13326839275,0.3819533152989727,0.3819533152989727,8,0.0,0,True,0.003819533152989727,0.12944885959701027,E_discount_overshoot
2023-03,2023-04,0.0002715737499999985,0.7646995620810761,0.7646995620810763,8,0.0,0,True,0.007646995620810762,-0.007375421870810764,E_discount_overshoot
2023-04,2023-05,0.008812500000000001,0.875,0.8750000000000002,8,0.0,0,True,0.00875,6.250000000000006e-05,E_discount_overshoot
2023-05,2023-06,0.05171563125,0.7584520785577102,0.7584520785577102,8,0.0,0,True,0.0075845207855771025,0.0441311104644229,E_discount_overshoot
2023-06,2023-07,-0.010719295,0.7599651641516382,0.7599651641516381,8,0.0,0,True,0.007599651641516381,-0.01831894664151638,E_discount_overshoot
2023-07,2023-08,0.053191883125000006,0.7524362024982586,0.7524362024982587,8,0.0,0,True,0.007524362024982587,0.04566752110001742,E_discount_overshoot
2023-08,2023-09,-0.04717106875,0.1111111111111111,0.11111111111111115,9,0.1111111111111111,1,True,0.0011111111111111113,-0.048282179861111114,E_discount_overshoot
2023-09,2023-10,0.0634249275,0.4445591047607757,0.44455910476077565,8,0.0,0,True,0.004445591047607757,0.05897933645239225,E_discount_overshoot
2023-10,2023-11,0.03494754875,0.5221785510688999,0.5221785510689,8,0.0,0,True,0.005221785510688999,0.029725763239311004,E_discount_overshoot
2023-11,2023-12,-0.0004172962499999974,0.5126685414669909,0.5126685414669908,8,0.0,0,True,0.005126685414669908,-0.005543981664669906,E_discount_overshoot
2023-12,2024-01,-0.0016893090000000026,0.875,0.875,8,0.0,0,True,0.00875,-0.010439309000000004,E_discount_overshoot
2024-01,2024-02,0.04968193275,0.5092130024830116,0.5092130024830115,8,0.0,0,True,0.005092130024830116,0.04458980272516988,E_discount_overshoot
2024-02,2024-03,0.010100819024999999,0.38043149001580256,0.3804314900158026,8,0.0,0,True,0.003804314900158026,0.006296504124841973,E_discount_overshoot
2024-03,2024-04,0.0005281171249999998,0.875,0.875,8,0.0,0,True,0.00875,-0.008221882875000001,E_discount_overshoot
2024-04,2024-05,-0.001437607500000002,0.5116159018651777,0.5116159018651777,8,0.0,0,True,0.005116159018651777,-0.006553766518651779,E_discount_overshoot
2024-05,2024-06,0.02441643375,0.5164084758229065,0.5164084758229066,8,0.0,0,True,0.005164084758229066,0.019252348991770935,E_discount_overshoot
2024-06,2024-07,0.002814983375,0.75,0.75,8,0.0,0,True,0.0075,-0.004685016625,E_discount_overshoot
2024-07,2024-08,0.028008289,0.8775900906098685,0.8775900906098685,8,0.125,1,True,0.008775900906098685,0.019232388093901313,E_discount_overshoot
2024-08,2024-09,0.06243625499999999,0.751922792010678,0.751922792010678,8,0.25,2,True,0.0075192279201067806,0.05491702707989321,E_discount_overshoot
2024-09,2024-10,-0.036253208333333335,0.2549513805889465,0.2549513805889464,8,0.25,2,True,0.0025495138058894643,-0.0388027221392228,E_discount_overshoot
2024-10,2024-11,0.04518360025,0.6305917010618669,0.6305917010618669,8,0.0,0,True,0.006305917010618669,0.03887768323938133,E_discount_overshoot
2024-11,2024-12,0.05330696499999999,0.75,0.7500000000000002,8,0.25,2,True,0.0075000000000000015,0.04580696499999999,E_discount_overshoot
2024-12,2025-01,-0.014681462285714285,0.5043187884929632,0.5043187884929632,8,0.125,1,True,0.005043187884929632,-0.01972465017064392,E_discount_overshoot
2025-01,2025-02,-0.040155783,0.875,0.875,8,0.0,0,True,0.00875,-0.048905783,E_discount_overshoot
2025-02,2025-03,-0.034768657125000005,0.38502939756212545,0.3850293975621255,8,0.0,0,True,0.003850293975621255,-0.03861895110062126,E_discount_overshoot
2025-03,2025-04,0.054174999999999994,0.875,0.8750000000000002,8,0.0,0,True,0.00875,0.04542499999999999,E_discount_overshoot
2025-04,2025-05,-0.012437115874999998,0.6253883368510921,0.625388336851092,8,0.0,0,True,0.00625388336851092,-0.01869099924351092,E_discount_overshoot
2025-05,2025-06,0.04794244833333333,0.27296749722117347,0.2729674972211734,8,0.25,2,True,0.0027296749722117344,0.045212773361121596,E_discount_overshoot
2025-06,2025-07,0.105067707875,0.5071031747451131,0.507103174745113,8,0.0,0,True,0.005071031747451131,0.09999667612754887,E_discount_overshoot
2025-07,2025-08,0.06075333285714285,0.47219310974862905,0.472193109748629,7,0.0,0,True,0.00472193109748629,0.05603140175965656,E_discount_overshoot
2025-08,2025-09,0.003124094333333334,0.5,0.5,8,0.25,2,True,0.005,-0.001875905666666666,E_discount_overshoot
2025-09,2025-10,-0.010101422375,0.382485408087345,0.382485408087345,8,0.0,0,True,0.00382485408087345,-0.01392627645587345,E_discount_overshoot
2025-10,2025-11,-0.006083267750000001,0.625,0.625,8,0.0,0,True,0.00625,-0.012333267750000002,E_discount_overshoot
2025-11,2025-12,0.12003832037500001,0.6270120840774285,0.6270120840774285,8,0.0,0,True,0.006270120840774285,0.11376819953422572,E_discount_overshoot
2025-12,2026-01,-0.005150000000000001,0.6344431658286556,0.6344431658286556,8,0.0,0,True,0.006344431658286556,-0.011494431658286557,E_discount_overshoot
2026-01,2026-02,-0.04804443428571428,0.47799919585867234,0.4779991958586721,7,0.0,0,True,0.004779991958586723,-0.052824426244301004,E_discount_overshoot
2026-02,2026-03,0.016631433285714287,0.8695363176134802,0.8695363176134799,7,0.0,0,True,0.0086953631761348,0.007936070109579486,E_discount_overshoot
2026-03,2026-04,0.0011232910000000007,0.5744937053279993,0.574493705327999,7,0.0,0,True,0.005744937053279992,-0.004621646053279992,E_discount_overshoot
2026-04,2026-05,-0.023649377,0.5801047474153143,0.5801047474153139,7,0.0,0,True,0.005801047474153141,-0.02945042447415314,E_discount_overshoot
2026-05,2026-06,0.045911742857142855,0.4330057872486831,0.4330057872486831,7,0.0,0,True,0.004330057872486831,0.041581684984656024,E_discount_overshoot
2026-06,2026-07,,0.29479995301589756,0.2947999530158975,7,1.0000000000000002,7,True,0.0029479995301589755,,E_discount_overshoot
2017-01,2017-02,0.007857142857142858,1.0,0.0,92,0.010869565217391304,1,True,0.005,0.0028571428571428576,BM_equal_weight_universe
2017-02,2017-03,0.006453932584269663,0.03992154466116829,0.039921544661168075,90,0.011111111111111112,1,True,0.00039921544661168185,0.006054717137657981,BM_equal_weight_universe
2017-03,2017-04,-0.008129545454545454,0.01697450511654122,0.01697450511654125,90,0.022222222222222223,2,True,0.00016974505116541236,-0.008299290505710866,BM_equal_weight_universe
2017-04,2017-05,0.0026977777777777772,0.029779130208525118,0.029779130208525205,92,0.021739130434782608,2,True,0.0002977913020852516,0.0023999864756925255,BM_equal_weight_universe
2017-05,2017-06,0.016044512358620693,0.04934674394107687,0.0493467439410768,94,0.07446808510638299,7,True,0.0004934674394107683,0.015551044919209923,BM_equal_weight_universe
2017-06,2017-07,-0.0021489130434782615,0.011099074735493356,0.011099074735493014,94,0.021276595744680854,2,True,0.00011099074735493185,-0.0022599037908331934,BM_equal_weight_universe
2017-07,2017-08,0.010997849462365594,0.011124958835570043,0.011124958835569757,94,0.010638297872340427,1,True,0.00011124958835569899,0.010886599874009896,BM_equal_weight_universe
2017-08,2017-09,0.02762421052631579,0.01984694620376571,0.019846946203766022,95,0.0,0,True,0.00019846946203765868,0.02742574106427813,BM_equal_weight_universe
2017-09,2017-10,0.019731818181818177,0.02797775351168226,0.027977753511682472,93,0.05376344086021505,5,True,0.0002797775351168236,0.019452040646701352,BM_equal_weight_universe
2017-10,2017-11,0.016429545454545454,0.142484393837281,0.14248439383728106,90,0.022222222222222223,2,True,0.0014248439383728103,0.015004701516172643,BM_equal_weight_universe
2017-11,2017-12,-0.00011758241758241567,0.040831157862924655,0.04083115786292451,91,0.0,0,True,0.0004083115786292458,-0.0005258939962116615,BM_equal_weight_universe
2017-12,2018-01,-0.008969565217391305,0.04834913836373233,0.04834913836373225,94,0.021276595744680854,2,True,0.00048349138363732293,-0.009453056601028628,BM_equal_weight_universe
2018-01,2018-02,-0.018690000000000005,0.037606880574304793,0.03760688057430478,92,0.021739130434782608,2,True,0.0003760688057430479,-0.019066068805743054,BM_equal_weight_universe
2018-02,2018-03,0.005459139784946237,0.045352940848516744,0.045352940848516744,96,0.03125,3,True,0.00045352940848516745,0.0050056103764610695,BM_equal_weight_universe
2018-03,2018-04,-0.010417021276595743,0.04346245730415371,0.04346245730415425,95,0.010526315789473679,1,True,0.00043462457304153983,-0.010851645849637282,BM_equal_weight_universe
2018-04,2018-05,-0.0035372340425531917,0.035399228574722046,0.03539922857472221,96,0.020833333333333332,2,True,0.00035399228574722126,-0.003891226328300413,BM_equal_weight_universe
2018-05,2018-06,0.017704292918021055,0.10821935462536174,0.10821935462536159,106,0.10377358490566038,11,True,0.0010821935462536165,0.016622099371767438,BM_equal_weight_universe
2018-06,2018-07,0.00585142857142857,0.03801176020675021,0.03801176020675015,107,0.018691588785046728,2,True,0.00038011760206750183,0.005471310969361068,BM_equal_weight_universe
2018-07,2018-08,0.00047047619047619097,0.024845549161795773,0.0248455491617957,108,0.027777777777777776,3,True,0.00024845549161795735,0.00022202069885823362,BM_equal_weight_universe
2018-08,2018-09,-0.04445943396226416,0.020534843723357052,0.020534843723356795,109,0.027522935779816522,3,True,0.00020534843723356923,-0.04466478239949773,BM_equal_weight_universe
2018-09,2018-10,-0.027312951489999994,0.029078208334205585,0.029078208334205467,109,0.08256880733944956,9,True,0.00029078208334205527,-0.02760373357334205,BM_equal_weight_universe
2018-10,2018-11,-0.022575260689959496,0.020828659159154037,0.02082865915915392,110,0.19090909090909094,21,True,0.00020828659159153977,-0.022783547281551034,BM_equal_weight_universe
2018-11,2018-12,0.013793492984693881,0.03354732791489223,0.033547327914891956,112,0.125,14,True,0.00033547327914892097,0.013458019705544961,BM_equal_weight_universe
2018-12,2019-01,0.012921249611650483,0.027930386734832967,0.02793038673483306,113,0.08849557522123894,10,True,0.00027930386734833015,0.012641945744302153,BM_equal_weight_universe
2019-01,2019-02,-0.008075390439528301,0.013372586290465185,0.013372586290465241,113,0.061946902654867256,7,True,0.00013372586290465215,-0.008209116302432953,BM_equal_weight_universe
2019-02,2019-03,0.003917681145098042,0.01808803821107695,0.018088038211076483,112,0.0892857142857143,10,True,0.00018088038211076714,0.003736800762987275,BM_equal_weight_universe
2019-03,2019-04,-0.008743400427184468,0.02402360705499346,0.024023607054993193,110,0.06363636363636364,7,True,0.00024023607054993325,-0.008983636497734402,BM_equal_weight_universe
2019-04,2019-05,0.004517341476190478,0.031146088700054902,0.03114608870005501,111,0.05405405405405404,6,True,0.00031146088700054956,0.004205880589189928,BM_equal_weight_universe
2019-05,2019-06,0.049769530432692326,0.02239431297872868,0.022394312978728317,112,0.07142857142857145,8,True,0.000223943129787285,0.04954558730290504,BM_equal_weight_universe
2019-06,2019-07,-0.020412119931372548,0.021080622487190157,0.021080622487190004,113,0.09734513274336283,11,True,0.0002108062248719008,-0.020622926156244448,BM_equal_weight_universe
2019-07,2019-08,0.03206952152941178,0.026470990670503895,0.026470990670504124,111,0.08108108108108106,9,True,0.0002647099067050401,0.03180481162270674,BM_equal_weight_universe
2019-08,2019-09,0.011215810773820207,0.044955392512457865,0.04495539251245791,108,0.07407407407407407,8,True,0.00044955392512457894,0.010766256848695628,BM_equal_weight_universe
2019-09,2019-10,0.016608737882000006,0.06821366244409563,0.06821366244409524,103,0.029126213592233018,3,True,0.0006821366244409543,0.015926601257559053,BM_equal_weight_universe
2019-10,2019-11,0.022195966203883484,0.06236091207923029,0.062360912079230287,108,0.046296296296296294,5,True,0.0006236091207923029,0.02157235708309118,BM_equal_weight_universe
2019-11,2019-12,0.0040801545764150935,0.03697477255674287,0.03697477255674253,109,0.027522935779816522,3,True,0.000369747725567427,0.0037104068508476665,BM_equal_weight_universe
2019-12,2020-01,-0.08335418313207546,0.021254688168770033,0.021254688168770117,108,0.018518518518518517,2,True,0.00021254688168770075,-0.08356673001376316,BM_equal_weight_universe
2020-01,2020-02,-0.17991365895327102,0.035644529969434846,0.03564452996943481,108,0.009259259259259259,1,True,0.00035644529969434827,-0.18027010425296536,BM_equal_weight_universe
2020-02,2020-03,0.11137650438834946,0.05029935372110447,0.050299353721104514,108,0.046296296296296294,5,True,0.0005029935372110449,0.11087351085113842,BM_equal_weight_universe
2020-03,2020-04,0.053658582466019414,0.04641519756196118,0.04641519756196126,107,0.037383177570093455,4,True,0.0004641519756196122,0.053194430490399805,BM_equal_weight_universe
2020-04,2020-05,-0.0021589072621359252,0.03546070774935386,0.03546070774935376,109,0.05504587155963304,6,True,0.0003546070774935381,-0.002513514339629463,BM_equal_weight_universe
2020-05,2020-06,0.04095272175192308,0.02701003324965622,0.02701003324965604,109,0.04587155963302753,5,True,0.0002701003324965613,0.040682621419426516,BM_equal_weight_universe
2020-06,2020-07,0.07003564264077673,0.023947139444063223,0.023947139444062973,110,0.06363636363636364,7,True,0.00023947139444063098,0.06979617124633611,BM_equal_weight_universe
2020-07,2020-08,0.007541344784313724,0.03886966282144625,0.038869662821446486,108,0.05555555555555555,6,True,0.0003886966282144637,0.00715264815609926,BM_equal_weight_universe
2020-08,2020-09,0.041614865831683175,0.03300231173849068,0.03300231173849085,107,0.056074766355140186,6,True,0.00033002311738490766,0.04128484271429827,BM_equal_weight_universe
2020-09,2020-10,0.07755891862999999,0.04157268161437634,0.041572681614376425,108,0.07407407407407407,8,True,0.00041572681614376384,0.07714319181385622,BM_equal_weight_universe
2020-10,2020-11,0.03388651212121212,0.039715479040844354,0.03971547904084452,107,0.07476635514018691,8,True,0.00039715479040844436,0.033489357330803673,BM_equal_weight_universe
2020-11,2020-12,0.009536256525773196,0.03697056695582206,0.03697056695582244,107,0.09345794392523364,10,True,0.00036970566955822246,0.009166550856214973,BM_equal_weight_universe
2020-12,2021-01,0.011354205239583331,0.07223455604595906,0.07223455604595896,101,0.049504950495049514,5,True,0.0007223455604595901,0.010631859679123742,BM_equal_weight_universe
2021-01,2021-02,0.015576802467368417,0.02327953377903999,0.023279533779039702,100,0.05000000000000001,5,True,0.00023279533779039846,0.015344007129578018,BM_equal_weight_universe
2021-02,2021-03,0.03205279596666667,0.0326369949280508,0.03263699492805053,98,0.0816326530612245,8,True,0.00032636994928050665,0.031726426017386164,BM_equal_weight_universe
2021-03,2021-04,0.018262890040860222,0.03354789431195579,0.03354789431195598,97,0.04123711340206185,4,True,0.00033547894311955885,0.017927411097740664,BM_equal_weight_universe
2021-04,2021-05,0.04305510324516129,0.027934614008078385,0.02793461400807802,99,0.06060606060606062,6,True,0.000279346140080782,0.04277575710508051,BM_equal_weight_universe
2021-05,2021-06,0.01853868765957447,0.031156465865239368,0.031156465865239444,98,0.04081632653061225,4,True,0.0003115646586523941,0.018227123000922076,BM_equal_weight_universe
2021-06,2021-07,0.0079940936,0.05098542007484106,0.050985420074841,98,0.030612244897959186,3,True,0.0005098542007484103,0.007484239399251589,BM_equal_weight_universe
2021-07,2021-08,0.008043432273684212,0.030685238484478003,0.030685238484477975,98,0.030612244897959186,3,True,0.0003068523848447799,0.007736579888839432,BM_equal_weight_universe
2021-08,2021-09,0.0205724520106383,0.027968588618040496,0.02796858861804049,98,0.04081632653061225,4,True,0.00027968588618040494,0.020292766124457896,BM_equal_weight_universe
2021-09,2021-10,-0.014945555410526322,0.028751421232054403,0.0287514212320542,98,0.030612244897959186,3,True,0.000287514212320543,-0.015233069622846864,BM_equal_weight_universe
2021-10,2021-11,0.015516316869565222,0.019398937357214534,0.01939893735721484,97,0.05154639175257731,5,True,0.00019398937357214687,0.015322327495993075,BM_equal_weight_universe
2021-11,2021-12,-0.040739790258064526,0.04476190751626151,0.044761907516261475,96,0.03125,3,True,0.0004476190751626149,-0.04118740933322714,BM_equal_weight_universe
2021-12,2022-01,-0.017394983970967746,0.02058015548262542,0.020580155482625536,96,0.03125,3,True,0.0002058015548262548,-0.017600785525794003,BM_equal_weight_universe
2022-01,2022-02,0.02696168807692308,0.03629093774290257,0.03629093774290268,97,0.06185567010309277,6,True,0.00036290937742902626,0.026598778699494053,BM_equal_weight_universe
2022-02,2022-03,-0.017230924586956527,0.03052335846822258,0.030523358468222635,97,0.05154639175257731,5,True,0.00030523358468222605,-0.01753615817163875,BM_equal_weight_universe
2022-03,2022-04,-0.042323811226086964,0.034311331317825954,0.034311331317825725,94,0.021276595744680854,2,True,0.0003431133131782584,-0.042666924539265225,BM_equal_weight_universe
2022-04,2022-05,-0.07622113272826089,0.01962437866898325,0.019624378668982936,94,0.021276595744680854,2,True,0.00019624378668983092,-0.07641737651495073,BM_equal_weight_universe
2022-05,2022-06,0.050583680098901095,0.029230731411855643,0.02923073141185545,94,0.03191489361702128,3,True,0.00029230731411855544,0.05029137278478254,BM_equal_weight_universe
2022-06,2022-07,0.011734968329891302,0.028632180969960258,0.028632180969960334,93,0.01075268817204301,1,True,0.00028632180969960296,0.011448646520191699,BM_equal_weight_universe
2022-07,2022-08,-0.04821295204347825,0.03151070805541445,0.03151070805541446,93,0.01075268817204301,1,True,0.00031510708055414454,-0.048528059124032394,BM_equal_weight_universe
2022-08,2022-09,0.01783706154666666,0.020223738996626307,0.020223738996626363,93,0.03225806451612903,3,True,0.00020223738996626335,0.017634824156700396,BM_equal_weight_universe
2022-09,2022-10,0.023494184133333335,0.03267074783835185,0.03267074783835172,92,0.021739130434782608,2,True,0.0003267074783835179,0.023167476654949816,BM_equal_weight_universe
2022-10,2022-11,-0.012011586846153848,0.030358494590259473,0.030358494590259653,92,0.010869565217391304,1,True,0.00030358494590259564,-0.012315171792056443,BM_equal_weight_universe
2022-11,2022-12,0.018923722255555556,0.016958010016404484,0.016958010016404523,92,0.021739130434782608,2,True,0.00016958010016404504,0.01875414215539151,BM_equal_weight_universe
2022-12,2023-01,-0.004687530938888887,0.02286213282124812,0.02286213282124798,91,0.01098901098901099,1,True,0.0002286213282124805,-0.004916152267101368,BM_equal_weight_universe
2023-01,2023-02,-0.0038704641011235953,0.01979381720373829,0.019793817203738177,90,0.011111111111111112,1,True,0.00019793817203738232,-0.004068402273160978,BM_equal_weight_universe
2023-02,2023-03,0.01739682190888889,0.01950922527661828,0.019509225276618213,91,0.01098901098901099,1,True,0.00019509225276618245,0.017201729656122707,BM_equal_weight_universe
2023-03,2023-04,-0.015024414911111108,0.02134330827898744,0.02134330827898743,91,0.01098901098901099,1,True,0.00021343308278987434,-0.015237847993900983,BM_equal_weight_universe
2023-04,2023-05,-0.002236904761904762,0.02060743592324262,0.020607435923242566,91,0.07692307692307693,7,True,0.00020607435923242594,-0.002442979121137188,BM_equal_weight_universe
2023-05,2023-06,0.03678156631460674,0.02536373710738747,0.0253637371073875,90,0.011111111111111112,1,True,0.0002536373710738749,0.036527928943532864,BM_equal_weight_universe
2023-06,2023-07,0.004827445044943819,0.014874999021336656,0.01487499902133667,90,0.011111111111111112,1,True,0.00014874999021336665,0.004678695054730453,BM_equal_weight_universe
2023-07,2023-08,0.0061831087415730335,0.016862327718137747,0.016862327718137646,90,0.011111111111111112,1,True,0.000168623277181377,0.006014485464391656,BM_equal_weight_universe
2023-08,2023-09,-0.026079928643678172,0.015293835148954936,0.015293835148954838,90,0.03333333333333333,3,True,0.00015293835148954887,-0.02623286699516772,BM_equal_weight_universe
2023-09,2023-10,0.02285516282558139,0.03174188766810493,0.03174188766810508,88,0.022727272727272724,2,True,0.00031741887668105005,0.02253774394890034,BM_equal_weight_universe
2023-10,2023-11,0.036033113000000005,0.035917862607466954,0.03591786260746675,87,0.01149425287356322,1,True,0.0003591786260746685,0.03567393437392534,BM_equal_weight_universe
2023-11,2023-12,0.03210551546511628,0.03230725045789916,0.03230725045789894,87,0.01149425287356322,1,True,0.00032307250457899045,0.03178244296053729,BM_equal_weight_universe
2023-12,2024-01,0.007766479862068965,0.03023501074579133,0.030235010745791664,88,0.011363636363636362,1,True,0.000302350107457915,0.00746412975461105,BM_equal_weight_universe
2024-01,2024-02,0.02370956857317073,0.057431470025827325,0.0574314700258272,83,0.012048192771084338,1,True,0.0005743147002582726,0.02313525387291246,BM_equal_weight_universe
2024-02,2024-03,4.098536705882203e-05,0.0507953471928102,0.05079534719281026,86,0.011627906976744186,1,True,0.0005079534719281023,-0.00046696810486928026,BM_equal_weight_universe
2024-03,2024-04,-0.0052066045,0.017489527002197146,0.0174895270021971,86,0.023255813953488372,2,True,0.00017489527002197125,-0.005381499770021971,BM_equal_weight_universe
2024-04,2024-05,-0.0013471347988095253,0.03845504251969002,0.03845504251968977,84,0.0,0,True,0.00038455042519689895,-0.0017316852240064243,BM_equal_weight_universe
2024-05,2024-06,0.017780853485714284,0.05271566656803059,0.05271566656803061,87,0.03448275862068966,3,True,0.000527156665680306,0.017253696820033977,BM_equal_weight_universe
2024-06,2024-07,-0.002708890144578315,0.04902202918171181,0.04902202918171178,84,0.011904761904761908,1,True,0.000490220291817118,-0.0031991104363954326,BM_equal_weight_universe
2024-07,2024-08,0.01963206431358025,0.02807284536347368,0.028072845363473296,85,0.04705882352941178,4,True,0.00028072845363473486,0.019351335859945515,BM_equal_weight_universe
2024-08,2024-09,0.013592850102531646,0.02962987730069782,0.029629877300697764,83,0.04819277108433735,4,True,0.00029629877300697794,0.013296551329524668,BM_equal_weight_universe
2024-09,2024-10,-0.00629068082894737,0.051151817000112176,0.05115181700011215,80,0.05000000000000001,4,True,0.0005115181700011216,-0.006802198998948491,BM_equal_weight_universe
2024-10,2024-11,0.006033233139240504,0.036781027805167156,0.03678102780516716,81,0.024691358024691357,2,True,0.00036781027805167163,0.005665422861188833,BM_equal_weight_universe
2024-11,2024-12,0.016712471448101274,0.038115013143214,0.03811501314321368,84,0.059523809523809534,5,True,0.0003811501314321384,0.016331321316669135,BM_equal_weight_universe
2024-12,2025-01,0.002617491816707317,0.018830774115316428,0.01883077411531616,85,0.03529411764705884,3,True,0.00018830774115316296,0.0024291840755541537,BM_equal_weight_universe
2025-01,2025-02,-0.02453245201219513,0.01399480520775618,0.01399480520775583,85,0.03529411764705884,3,True,0.00013994805207756007,-0.02467240006427269,BM_equal_weight_universe
2025-02,2025-03,-0.008673369732467536,0.026122778063145495,0.0261227780631453,84,0.08333333333333334,7,True,0.000261227780631454,-0.008934597513098991,BM_equal_weight_universe
2025-03,2025-04,0.0299897435897436,0.03930084229196353,0.039300842291963366,84,0.07142857142857144,6,True,0.00039300842291963446,0.029596735166823967,BM_equal_weight_universe
2025-04,2025-05,0.016090168602739725,0.03926229111319324,0.0392622911131933,81,0.09876543209876543,8,True,0.00039262291113193273,0.015697545691607792,BM_equal_weight_universe
2025-05,2025-06,0.03827188371604939,0.05219118282392664,0.052191182823926575,84,0.035714285714285726,3,True,0.0005219118282392661,0.037749971887810124,BM_equal_weight_universe
2025-06,2025-07,0.03555334855243904,0.03203809212831306,0.03203809212831279,85,0.03529411764705884,3,True,0.00032038092128312926,0.03523296763115591,BM_equal_weight_universe
2025-07,2025-08,0.03714457007692309,0.037390034783538605,0.03739003478353817,84,0.07142857142857144,6,True,0.0003739003478353839,0.036770669729087706,BM_equal_weight_universe
2025-08,2025-09,0.008988655513698632,0.0215564988018752,0.02155649880187498,84,0.130952380952381,11,True,0.00021556498801875092,0.00877309052567988,BM_equal_weight_universe
2025-09,2025-10,-0.007320891269880952,0.03757431656484412,0.03757431656484399,87,0.03448275862068966,3,True,0.00037574316564844055,-0.007696634435529393,BM_equal_weight_universe
2025-10,2025-11,0.018301835351764707,0.022891222799179236,0.022891222799179052,87,0.02298850574712644,2,True,0.00022891222799179144,0.018072923123772917,BM_equal_weight_universe
2025-11,2025-12,0.030088178525287362,0.027537852873619224,0.02753785287361915,87,0.0,0,True,0.0002753785287361919,0.02981279999655117,BM_equal_weight_universe
2025-12,2026-01,-0.013444186046511628,0.021274611024593208,0.021274611024593014,87,0.01149425287356322,1,True,0.00021274611024593113,-0.01365693215675756,BM_equal_weight_universe
2026-01,2026-02,-0.0635199206904762,0.025036243167081723,0.025036243167081668,86,0.023255813953488372,2,True,0.00025036243167081694,-0.06377028312214701,BM_equal_weight_universe
2026-02,2026-03,0.0222221905875,0.02217313620568026,0.02217313620568025,86,0.06976744186046512,6,True,0.00022173136205680256,0.022000459225443195,BM_equal_weight_universe
2026-03,2026-04,-0.002411783091764706,0.022240283009834542,0.02224028300983421,87,0.02298850574712644,2,True,0.00022240283009834376,-0.0026341859218630497,BM_equal_weight_universe
2026-04,2026-05,-0.005892956232558137,0.03616825436332582,0.03616825436332606,88,0.022727272727272724,2,True,0.0003616825436332594,-0.006254638776191397,BM_equal_weight_universe
2026-05,2026-06,0.021225584488095233,0.02000932134350396,0.02000932134350398,88,0.04545454545454545,4,True,0.0002000932134350397,0.021025491274660194,BM_equal_weight_universe
2026-06,2026-07,,0.016554645985555012,0.016554645985555165,88,1.0,88,True,0.00016554645985555089,,BM_equal_weight_universe
2017-01,2017-02,0.005029526679704749,1.0000000000000002,0.0,92,0.000568251870189228,1,True,0.005000000000000001,2.952667970474842e-05,BM_cap_weight_universe
2017-02,2017-03,0.011773799285961622,0.009301225704349997,0.009301225704349951,90,0.0015013864132494548,1,True,9.301225704349975e-05,0.011680787028918123,BM_cap_weight_universe
2017-03,2017-04,-0.004907912077205573,0.00544703307527039,0.005447033075270409,90,0.002996409609556172,2,True,5.4470330752704e-05,-0.004962382407958277,BM_cap_weight_universe
2017-04,2017-05,0.010883830413478887,0.004449369320649098,0.0044493693206491955,92,0.001971472657763337,2,True,4.449369320649147e-05,0.010839336720272395,BM_cap_weight_universe
2017-05,2017-06,0.029455837194543286,0.016723557062144036,0.01672355706214422,94,0.007813231970054216,7,True,0.00016723557062144127,0.029288601623921846,BM_cap_weight_universe
2017-06,2017-07,-0.009838786103762627,0.004397709260807833,0.004397709260808019,94,0.0010757864965228775,2,True,4.397709260807926e-05,-0.009882763196370707,BM_cap_weight_universe
2017-07,2017-08,0.0009078273560935661,0.005792192160841583,0.005792192160841744,94,0.0003875464660568686,1,True,5.792192160841664e-05,0.0008499054344851495,BM_cap_weight_universe
2017-08,2017-09,0.02439925087484454,0.003997029635071597,0.003997029635071505,95,0.0,0,True,3.997029635071551e-05,0.024359280578493826,BM_cap_weight_universe
2017-09,2017-10,0.0189029342729609,0.00454799725025391,0.004547997250253913,93,0.01591286363399964,5,True,4.547997250253911e-05,0.018857454300458362,BM_cap_weight_universe
2017-10,2017-11,0.015657335398809185,0.06070194768137253,0.060701947681372465,90,0.01042825202910816,2,True,0.000607019476813725,0.01505031592199546,BM_cap_weight_universe
2017-11,2017-12,0.012401489742571655,0.023932953660470876,0.02393295366047063,91,0.0,0,True,0.00023932953660470754,0.012162160205966948,BM_cap_weight_universe
2017-12,2018-01,-0.015606626569097734,0.06659848360075343,0.06659848360075345,94,0.0014204985811508918,2,True,0.0006659848360075344,-0.016272611405105268,BM_cap_weight_universe
2018-01,2018-02,-0.02175032589134957,0.01858708220543212,0.018587082205432315,92,0.0015812764296582904,2,True,0.00018587082205432216,-0.021936196713403893,BM_cap_weight_universe
2018-02,2018-03,-0.00020819673587594184,0.017472185542053997,0.017472185542053723,96,0.004895548040560762,3,True,0.0001747218554205386,-0.0003829185912964804,BM_cap_weight_universe
2018-03,2018-04,0.006236863388823174,0.01059378727778348,0.010593787277783717,95,0.004594381986965031,1,True,0.00010593787277783599,0.006130925516045338,BM_cap_weight_universe
2018-04,2018-05,0.014825066975189276,0.03745291900809897,0.03745291900809914,96,0.002662214702897702,2,True,0.00037452919008099057,0.014450537785108285,BM_cap_weight_universe
2018-05,2018-06,0.024694836770278738,0.059209860437904965,0.05920986043790497,106,0.014070477353673628,11,True,0.0005920986043790497,0.02410273816589969,BM_cap_weight_universe
2018-06,2018-07,0.015203941498845266,0.018826201938373664,0.018826201938373855,107,0.002258237702167639,2,True,0.00018826201938373758,0.015015679479461528,BM_cap_weight_universe
2018-07,2018-08,-0.004201813148262302,0.007458618751391516,0.007458618751391571,108,0.00681420356574574,3,True,7.458618751391544e-05,-0.004276399335776218,BM_cap_weight_universe
2018-08,2018-09,-0.03957065901647127,0.006704034915162157,0.006704034915162308,109,0.0024992824339839263,3,True,6.704034915162234e-05,-0.03963769936562289,BM_cap_weight_universe
2018-09,2018-10,-0.020726023574621784,0.01750859913259274,0.017508599132592746,109,0.0064084029396370736,9,True,0.00017508599132592744,-0.02090110956594771,BM_cap_weight_universe
2018-10,2018-11,-0.0154741928095657,0.01251209976909261,0.012512099769092887,110,0.024718941346148625,21,True,0.00012512099769092748,-0.015599313807256628,BM_cap_weight_universe
2018-11,2018-12,0.03194753268578782,0.02048265547794286,0.020482655477942844,112,0.009653755868544603,14,True,0.00020482655477942853,0.031742706131008394,BM_cap_weight_universe
2018-12,2019-01,0.007829449834951093,0.012560704393339582,0.012560704393339426,113,0.008056478503698703,10,True,0.00012560704393339503,0.007703842791017698,BM_cap_weight_universe
2019-01,2019-02,-0.002034145126409148,0.006594745779762616,0.006594745779762584,113,0.005612826029020086,7,True,6.5947457797626e-05,-0.002100092584206774,BM_cap_weight_universe
2019-02,2019-03,0.009604565490531397,0.009604463413464508,0.009604463413464426,112,0.00687016511095831,10,True,9.604463413464467e-05,0.009508520856396753,BM_cap_weight_universe
2019-03,2019-04,0.008411721216457634,0.007228456035258379,0.00722845603525874,110,0.006002628140737903,7,True,7.22845603525856e-05,0.008339436656105047,BM_cap_weight_universe
2019-04,2019-05,0.010685463602188649,0.012175909669733911,0.012175909669734392,111,0.002158310669831693,6,True,0.00012175909669734152,0.010563704505491307,BM_cap_weight_universe
2019-05,2019-06,0.042975715348366736,0.029586778394110575,0.029586778394110926,112,0.002777878770372654,8,True,0.0002958677839411075,0.04267984756442563,BM_cap_weight_universe
2019-06,2019-07,-0.0254829801052712,0.01809525451959572,0.018095254519595757,113,0.0066216966526417,11,True,0.00018095254519595737,-0.025663932650467156,BM_cap_weight_universe
2019-07,2019-08,0.02848225868371609,0.007600339453257884,0.007600339453257764,111,0.006441271547615495,9,True,7.600339453257824e-05,0.028406255289183512,BM_cap_weight_universe
2019-08,2019-09,0.01628700938715258,0.013804312471731322,0.013804312471731209,108,0.0050701171630693105,8,True,0.00013804312471731267,0.016148966262435265,BM_cap_weight_universe
2019-09,2019-10,0.02725144843489727,0.022055068655174676,0.02205506865517442,103,0.0024184265411485812,3,True,0.0002205506865517455,0.027030897748345523,BM_cap_weight_universe
2019-10,2019-11,0.019461043522904193,0.021410510117944686,0.02141051011794472,108,0.0017692729603467265,5,True,0.00021410510117944706,0.019246938421724747,BM_cap_weight_universe
2019-11,2019-12,0.007887789887882581,0.03039167072291312,0.03039167072291333,109,0.00010593663631952752,3,True,0.00030391670722913224,0.0075838731806534485,BM_cap_weight_universe
2019-12,2020-01,-0.08381045586596214,0.002715594572534701,0.0027155945725344725,108,5.397138504629078e-05,2,True,2.7155945725345868e-05,-0.08383761181168749,BM_cap_weight_universe
2020-01,2020-02,-0.1600384540915694,0.006707593800631751,0.006707593800631743,108,3.192246406598083e-05,1,True,6.707593800631747e-05,-0.1601055300295757,BM_cap_weight_universe
2020-02,2020-03,0.0866714217466885,0.002611673849525956,0.0026116738495259003,108,0.0005703057664936707,5,True,2.611673849525928e-05,0.08664530500819324,BM_cap_weight_universe
2020-03,2020-04,0.03596318692900824,0.005339258944255918,0.005339258944256034,107,0.0003031682109225801,4,True,5.3392589442559764e-05,0.03590979433956568,BM_cap_weight_universe
2020-04,2020-05,-0.020146363160091448,0.0013750458008618162,0.0013750458008614922,109,0.0003827837209987092,6,True,1.3750458008616543e-05,-0.020160113618100065,BM_cap_weight_universe
2020-05,2020-06,0.0314574734050822,0.0024276611201982413,0.0024276611201981668,109,0.0003774011468373626,5,True,2.427661120198204e-05,0.031433196793880215,BM_cap_weight_universe
2020-06,2020-07,0.046762165186567006,0.005314638038615383,0.005314638038615086,110,0.0029331505303344233,7,True,5.314638038615234e-05,0.046709018806180856,BM_cap_weight_universe
2020-07,2020-08,0.0015305916069625863,0.008882490111647087,0.008882490111647065,108,0.00039458513703653086,6,True,8.882490111647076e-05,0.0014417667058461156,BM_cap_weight_universe
2020-08,2020-09,0.02973050013732702,0.005551757047150923,0.005551757047150975,107,0.004272352469827432,6,True,5.5517570471509486e-05,0.029674982566855513,BM_cap_weight_universe
2020-09,2020-10,0.0873728042820241,0.006800268312472522,0.006800268312472455,108,0.04925539550464912,8,True,6.80026831247249e-05,0.08730480159889938,BM_cap_weight_universe
2020-10,2020-11,0.01440934428899352,0.05007173061759598,0.05007173061759599,107,0.0026370484141158656,8,True,0.0005007173061759599,0.01390862698281756,BM_cap_weight_universe
2020-11,2020-12,0.008241166430352375,0.003514813509186074,0.003514813509186175,107,0.012789966301635765,10,True,3.514813509186125e-05,0.008206018295260513,BM_cap_weight_universe
2020-12,2021-01,-0.004265655541147799,0.014625235717179663,0.014625235717179733,101,0.0003351090105606067,5,True,0.00014625235717179698,-0.004411907898319595,BM_cap_weight_universe
2021-01,2021-02,0.017774163612406035,0.006303068700219644,0.0063030687002196195,100,0.004032920762858009,5,True,6.303068700219631e-05,0.017711132925403838,BM_cap_weight_universe
2021-02,2021-03,0.024585704036697784,0.014383264797097254,0.014383264797097154,98,0.03940109465212136,8,True,0.00014383264797097206,0.02444187138872681,BM_cap_weight_universe
2021-03,2021-04,0.010419652869537875,0.00562742999535438,0.005627429995354319,97,0.0002980192755924053,4,True,5.62742999535435e-05,0.010363378569584332,BM_cap_weight_universe
2021-04,2021-05,0.05379227463974028,0.006517854632849511,0.006517854632849455,99,0.0033403433931772984,6,True,6.517854632849483e-05,0.05372709609341179,BM_cap_weight_universe
2021-05,2021-06,0.020840614159488586,0.005081091314951106,0.005081091314951332,98,0.001525793044909451,4,True,5.081091314951219e-05,0.020789803246339073,BM_cap_weight_universe
2021-06,2021-07,0.027098203659931094,0.008433583545947256,0.008433583545947443,98,0.017271750342648703,3,True,8.433583545947349e-05,0.02701386782447162,BM_cap_weight_universe
2021-07,2021-08,-0.0013057141670371115,0.01822663115592773,0.01822663115592729,98,0.0001778700489134253,3,True,0.0001822663115592751,-0.0014879804785963866,BM_cap_weight_universe
2021-08,2021-09,0.010382357462622786,0.008150634783046222,0.008150634783046033,98,0.07518359807195253,4,True,8.150634783046128e-05,0.010300851114792325,BM_cap_weight_universe
2021-09,2021-10,-0.008168536015483284,0.07492850072153473,0.07492850072153462,98,0.005964284360434794,3,True,0.0007492850072153467,-0.00891782102269863,BM_cap_weight_universe
2021-10,2021-11,0.020791530283157632,0.010901047614668098,0.01090104761466812,97,0.012868018716134362,5,True,0.0001090104761466811,0.02068251980701095,BM_cap_weight_universe
2021-11,2021-12,-0.02672605553300434,0.017483000005925037,0.017483000005925117,96,0.0002795026323267473,3,True,0.00017483000005925079,-0.026900885533063593,BM_cap_weight_universe
2021-12,2022-01,-0.022934121393695942,0.0018002415957699526,0.0018002415957698319,96,0.00028968350555764533,3,True,1.8002415957698923e-05,-0.02295212380965364,BM_cap_weight_universe
2022-01,2022-02,0.024606354827941705,0.00929522601659459,0.009295226016594486,97,0.009350936034934604,6,True,9.295226016594539e-05,0.02451340256777576,BM_cap_weight_universe
2022-02,2022-03,-0.013460489927742254,0.00676674533237218,0.006766745332372256,97,0.0063177673439623275,5,True,6.766745332372219e-05,-0.013528157381065976,BM_cap_weight_universe
2022-03,2022-04,-0.028508547852656364,0.011123271920124415,0.011123271920124262,94,0.00018879837629639205,2,True,0.00011123271920124338,-0.028619780571857607,BM_cap_weight_universe
2022-04,2022-05,-0.07641534513651024,0.002045527481830234,0.0020455274818303782,94,0.0001947330616629506,2,True,2.045527481830306e-05,-0.07643580041132855,BM_cap_weight_universe
2022-05,2022-06,0.06250720410114158,0.0045727342652056606,0.004572734265205902,94,0.0007245378787815167,3,True,4.5727342652057814e-05,0.06246147675848952,BM_cap_weight_universe
2022-06,2022-07,0.0015967671600736499,0.0035573767404571727,0.00355737674045689,93,6.421693590872316e-05,1,True,3.5573767404570316e-05,0.0015611933926690795,BM_cap_weight_universe
2022-07,2022-08,-0.045761658817270574,0.006928595750359428,0.0069285957503593355,93,0.00014460997808848813,1,True,6.928595750359381e-05,-0.04583094477477417,BM_cap_weight_universe
2022-08,2022-09,0.011355345410437562,0.0031406431509154197,0.0031406431509154323,93,0.0019786232171211033,3,True,3.140643150915426e-05,0.011323938978928407,BM_cap_weight_universe
2022-09,2022-10,0.03469796412969424,0.007644307424275587,0.007644307424275553,92,0.00875739427217947,2,True,7.64430742427557e-05,0.034621521055451486,BM_cap_weight_universe
2022-10,2022-11,-0.01359272540436709,0.013240331373305627,0.0132403313733058,92,1.4011460968943291e-05,1,True,0.00013240331373305715,-0.013725128718100147,BM_cap_weight_universe
2022-11,2022-12,0.035787824492013016,0.0036204773131303233,0.0036204773131303376,92,0.0004753120069151224,2,True,3.62047731313033e-05,0.035751619718881716,BM_cap_weight_universe
2022-12,2023-01,-0.0019881475089821694,0.0028661573403455202,0.0028661573403453463,91,1.3728630342302507e-05,1,True,2.8661573403454332e-05,-0.0020168090823856235,BM_cap_weight_universe
2023-01,2023-02,-0.008658741481736787,0.00576821876921765,0.005768218769217737,90,1.3925552783899638e-05,1,True,5.768218769217693e-05,-0.008716423669428965,BM_cap_weight_universe
2023-02,2023-03,0.004855658639616877,0.004118644435296304,0.004118644435296198,91,1.4105318072878294e-05,1,True,4.118644435296251e-05,0.004814472195263915,BM_cap_weight_universe
2023-03,2023-04,-0.00872054436153868,0.004235345955411496,0.004235345955411804,91,1.4058837252658696e-05,1,True,4.23534595541165e-05,-0.008762897821092797,BM_cap_weight_universe
2023-04,2023-05,0.004271704453325902,0.004008496278377453,0.004008496278377409,91,0.00944320261072899,7,True,4.0084962783774314e-05,0.004231619490542128,BM_cap_weight_universe
2023-05,2023-06,0.03263176175401629,0.003942701237124473,0.0039427012371244345,90,1.422114205663683e-05,1,True,3.942701237124454e-05,0.032592334741645045,BM_cap_weight_universe
2023-06,2023-07,0.005131052908958423,0.002572780409815566,0.002572780409815463,90,1.3812732576889375e-05,1,True,2.5727804098155146e-05,0.005105325104860268,BM_cap_weight_universe
2023-07,2023-08,-0.004188552362580925,0.006834496124023197,0.006834496124022859,89,0.0,0,True,6.834496124023028e-05,-0.004256897323821156,BM_cap_weight_universe
2023-08,2023-09,-0.030548577813218937,0.0038004727100077176,0.00380047271000747,89,0.0002471792930183159,2,True,3.800472710007594e-05,-0.030586582540319013,BM_cap_weight_universe
2023-09,2023-10,0.03408645529344852,0.007007903619500448,0.007007903619500394,88,0.010237454216850577,2,True,7.00790361950042e-05,0.03401637625725351,BM_cap_weight_universe
2023-10,2023-11,0.04356637648485153,0.011684701400830376,0.011684701400830453,87,6.65150539156477e-05,1,True,0.00011684701400830415,0.043449529470843226,BM_cap_weight_universe
2023-11,2023-12,0.019300560955790427,0.007911448174748438,0.007911448174748448,87,6.344112178177561e-05,1,True,7.911448174748444e-05,0.019221446474042943,BM_cap_weight_universe
2023-12,2024-01,0.010762125382947864,0.003169353477567646,0.003169353477567484,88,6.24106990661409e-05,1,True,3.1693534775675657e-05,0.010730431848172187,BM_cap_weight_universe
2024-01,2024-02,0.015600147315487742,0.013290162115331235,0.013290162115331256,83,6.30166131484951e-05,1,True,0.00013290162115331245,0.01546724569433443,BM_cap_weight_universe
2024-02,2024-03,-0.008711821846687381,0.01874192952165511,0.01874192952165509,86,6.119541416865075e-05,1,True,0.000187419295216551,-0.008899241141903932,BM_cap_weight_universe
2024-03,2024-04,0.005883473423081999,0.005392748133618542,0.005392748133618519,86,0.015044195257569334,2,True,5.3927481336185306e-05,0.005829545941745814,BM_cap_weight_universe
2024-04,2024-05,0.00808817544070322,0.02510263938486369,0.02510263938486356,84,0.0,0,True,0.0002510263938486362,0.007837149046854584,BM_cap_weight_universe
2024-05,2024-06,0.027032064868677045,0.015529076865468455,0.015529076865468353,86,0.07029361580772546,2,True,0.00015529076865468405,0.02687677410002236,BM_cap_weight_universe
2024-06,2024-07,0.012775921291869921,0.07075372868570395,0.070753728685704,84,0.0029047143751618834,1,True,0.0007075372868570398,0.012068384005012882,BM_cap_weight_universe
2024-07,2024-08,0.02034361814166269,0.008821654278353842,0.008821654278353819,85,0.004082967256036933,4,True,8.821654278353831e-05,0.02025540159887915,BM_cap_weight_universe
2024-08,2024-09,0.0018497253117674157,0.004196735281140308,0.004196735281140262,83,0.004302806203066247,4,True,4.1967352811402855e-05,0.0018077579589560128,BM_cap_weight_universe
2024-09,2024-10,0.01095931488725502,0.00826262321562262,0.008262623215622704,80,0.006882175208384168,4,True,8.262623215622662e-05,0.010876688655098794,BM_cap_weight_universe
2024-10,2024-11,-0.0001736284528158766,0.012502303246799382,0.012502303246799263,81,0.006603618991195175,2,True,0.00012502303246799323,-0.0002986514852838698,BM_cap_weight_universe
2024-11,2024-12,0.010834654667693394,0.003106590326702643,0.003106590326702562,84,0.016159826734484926,5,True,3.1065903267026024e-05,0.010803588764426369,BM_cap_weight_universe
2024-12,2025-01,0.0022245565757575557,0.004527094274207418,0.0045270942742073415,85,0.001754250658135401,3,True,4.52709427420738e-05,0.002179285633015482,BM_cap_weight_universe
2025-01,2025-02,-0.020654284449014886,0.0057207685082491895,0.005720768508249016,85,0.015205803840185612,3,True,5.720768508249103e-05,-0.020711492134097377,BM_cap_weight_universe
2025-02,2025-03,-0.006563102939097056,0.016275794382905634,0.01627579438290543,84,0.0136852067369302,7,True,0.0001627579438290553,-0.006725860882926111,BM_cap_weight_universe
2025-03,2025-04,0.02727432829512416,0.017576297471658002,0.01757629747165771,84,0.012954424867625094,6,True,0.00017576297471657857,0.027098565320407584,BM_cap_weight_universe
2025-04,2025-05,0.020968934431914207,0.006071231463387574,0.006071231463387861,81,0.08801571331722852,8,True,6.071231463387718e-05,0.020908222117280332,BM_cap_weight_universe
2025-05,2025-06,0.04116675155442101,0.02940059749054861,0.029400597490548862,84,0.003519152276504659,3,True,0.00029400597490548735,0.04087274557951552,BM_cap_weight_universe
2025-06,2025-07,0.0178565059407454,0.0071515988948034175,0.0071515988948035,85,0.023535924173934353,3,True,7.15159889480346e-05,0.017784989951797364,BM_cap_weight_universe
2025-07,2025-08,0.00918886530209964,0.012749240840687143,0.012749240840687025,84,0.07008899051431046,6,True,0.00012749240840687084,0.009061372893692769,BM_cap_weight_universe
2025-08,2025-09,0.007603517976901472,0.005255526074797311,0.00525552607479695,84,0.1368491107027708,11,True,5.2555260747971304e-05,0.007550962716153501,BM_cap_weight_universe
2025-09,2025-10,-0.013500611203940393,0.016089398866233118,0.01608939886623304,87,0.016505312104819293,3,True,0.0001608939886623308,-0.013661505192602725,BM_cap_weight_universe
2025-10,2025-11,0.02035586304277761,0.01363707340893041,0.013637073408930288,87,0.009487245155867331,2,True,0.00013637073408930347,0.020219492308688306,BM_cap_weight_universe
2025-11,2025-12,0.01396559699358797,0.02225367336605502,0.022253673366055216,87,0.0,0,True,0.0002225367336605512,0.01374306025992742,BM_cap_weight_universe
2025-12,2026-01,0.005729636753260388,0.0022225666648223777,0.002222566664822004,87,0.017562520949904098,1,True,2.2225666648221907e-05,0.005707411086612166,BM_cap_weight_universe
2026-01,2026-02,-0.062466321236181316,0.01808232426374716,0.018082324263746827,86,0.022302738553243794,2,True,0.00018082324263746994,-0.06264714447881879,BM_cap_weight_universe
2026-02,2026-03,0.03085539306163856,0.008072791024479008,0.008072791024478831,86,0.022858228715973303,6,True,8.07279102447892e-05,0.030774665151393772,BM_cap_weight_universe
2026-03,2026-04,0.008510338771636794,0.006733722372260203,0.006733722372260656,87,0.020698876084496134,2,True,6.73372237226043e-05,0.00844300154791419,BM_cap_weight_universe
2026-04,2026-05,0.024884839105126535,0.03960054738596903,0.039600547385969,88,0.025991581994965422,2,True,0.00039600547385969015,0.024488833631266846,BM_cap_weight_universe
2026-05,2026-06,0.0062717941188676855,0.006465159129114716,0.006465159129114788,88,0.017497356877322765,4,True,6.465159129114752e-05,0.006207142527576538,BM_cap_weight_universe
2026-06,2026-07,,0.003396811931709882,0.0033968119317098885,88,1.0,88,True,3.3968119317098855e-05,,BM_cap_weight_universe
