ticker,month,label,unit,truth,n_matching_labels,matched,nearest_label,nearest_value,nearest_unit,nearest_ratio,split,announcement_id
KKC,2026-06,,,2.3528,0,False,previous nta estimate,2.3358,dollars,0.9927745664739884,learn,03110692
GLS,2026-06,,,1.722,0,False,were nta per ordinary share nta before tax,1.7708,dollars,1.0283391405342626,learn,03110156
LSF,2026-06,,,4.317,0,False,per ordinary share f f nta before tax,4.3554,dollars,1.0088950660180682,learn,03109962
PIC,2026-06,,,1.207,0,False,nta after tax,1.204,dollars,0.9975144987572493,learn,03109653
SET,2026-06,,,1.985,0,False,at estimated nta per share pre tax nta,1.989,dollars,1.002015113350126,learn,03109749
LRT,2026-06,,,2.5375,0,False,unit of the trust as at was,2.5082,dollars,0.9884532019704433,learn,03109377
SET,2026-06,,,1.985,0,False,at estimated nta per share pre tax nta,1.975,dollars,0.9949622166246851,learn,03109141
PCI,2026-06,at close of business on nta per unit,dollars,1.099,1,True,,,,,holdout,03108926
ALI,2026-06,,,2.75,0,False,and approximate pre tax nta per share,2.68,dollars,0.9745454545454546,learn,03109340
RG8,2026-06,,,3.3,0,False,ordinary share for regal asian investments limited was,3.27,dollars,0.990909090909091,learn,03108773
RF1,2026-06,,,3.67,0,False,nav per unit of regal investment fund was,3.62,dollars,0.9863760217983651,learn,03108712
FPC,2026-06,,,1.6887,0,False,fund as at th amount pre tax nta,1.6994,dollars,1.0063362349736484,learn,03108608
SEC,2026-06,,,2.238,0,False,at estimated nta per share pre tax nta,2.221,dollars,0.9924039320822163,holdout,03108566
GCI,2026-06,,,2.0051,0,False,governor macquarie tower farrer place sydney nsw p,2.0,dollars,0.9974564859607999,learn,03108295
MXT,2026-06,,,2.0016,0,False,is as follows value date nta per unit,2.0105,dollars,1.0044464428457236,learn,03107927
PCI,2026-06,at close of business on nta per unit,dollars,1.099,1,True,,,,,holdout,03107904
REV,2026-06,please contact revolution private credit income trust on,dollars,2.0014,1,True,,,,,learn,03107275
KKC,2026-06,,,2.3528,0,False,nta per unit,2.32,dollars,0.986059163549813,learn,03107305
LSF,2026-06,,,4.317,0,False,per ordinary share f f nta before tax,4.4292,dollars,1.0259902710215427,learn,03106659
AMH,2026-06,,,1.08,0,False,pre tax nta per share,1.07,dollars,0.9907407407407407,learn,03106292
RG1,2026-06,,,2.65,0,False,share for regal partners global investments limited was,2.68,dollars,1.0113207547169811,learn,03106267
LSF,2026-06,,,4.317,0,False,per ordinary share f f nta before tax,4.4533,dollars,1.0315728515172573,learn,03106196
MEC,2026-06,,,1.6021,0,False,noted below dollars per share estimated nta pre tax,1.5619,dollars,0.9749079333374945,learn,03105988
SET,2026-06,,,1.985,0,False,at estimated nta per share pre tax nta,2.0,dollars,1.0075566750629723,learn,03105962
SEC,2026-06,,,2.238,0,False,at estimated nta per share pre tax nta,2.343,dollars,1.0469168900804289,holdout,03105595
SEC,2026-06,ordinaries accumulation index by post tax nta company facts,dollars,2.238,1,True,,,,,holdout,03105536
KKC,2026-06,,,2.3528,0,False,current nta estimate,2.3298,dollars,0.990224413464808,learn,03105321
OPH,2026-06,,,3.1428,0,False,quarterly company gics sector industry ticker unit price,3.11,dollars,0.9895634466081201,learn,03104894
PIA,2026-06,,,1.3778,0,False,and before tax on unrealised gains and losses,1.3417,cents,0.9737988096966178,holdout,03104849
LRT,2026-06,,,2.5375,0,False,unit of the trust as at was,2.5627,dollars,1.0099310344827586,learn,03104496
BKI,2026-06,,,2.07,0,False,per share as at below pre tax nta,2.09,dollars,1.0096618357487923,holdout,03103929
OPH,2026-06,,,3.1428,0,False,is as follows value date nav per unit,3.1325,dollars,0.9967226676848671,learn,03103995
GC1,2026-06,,,0.71,0,False,nta as at are as follows nta,0.6943,dollars,0.9778873239436621,holdout,03103810
PIC,2026-06,,,1.207,0,False,nta before tax,1.201,dollars,0.9950289975144988,learn,03103716
8IH,2026-06,,,0.0427,0,False,per share as of is s a,0.0428,dollars,1.0023419203747073,learn,03103698
ECL,2026-06,,,0.9633,0,False,cents as at nta before all taxes,0.9571999999999999,cents,0.9936676009550502,learn,03103687
GCI,2026-06,,,2.0051,0,False,governor macquarie tower farrer place sydney nsw p,2.0,dollars,0.9974564859607999,learn,03103651
CD1,2026-06,cdfunds k am com au or by calling,cents,0.61,2,True,,,,,holdout,03103588
CD1,2026-06,unit email cdfunds k am com au phone,cents,0.61,2,True,,,,,holdout,03103588
FGX,2026-06,s p asx all ordinaries accumulation index by cents,cents,1.3234,2,True,,,,,learn,03103804
FGX,2026-06,month end share price research ratings portfolio performance m,dollars,1.3234,2,True,,,,,learn,03103804
PIC,2026-06,,,1.207,0,False,nta before tax,1.201,dollars,0.9950289975144988,learn,03103291
MEC,2026-06,,,1.6021,0,False,noted below dollars per share estimated nta pre tax,1.5624,dollars,0.975220023718869,learn,03102979
LGF,2026-06,,,1.7534,0,False,f nta before tax f nta after tax,1.7722,dollars,1.0107220257784875,holdout,03102951
SET,2026-06,,,1.985,0,False,at estimated nta per share pre tax nta,2.0,dollars,1.0075566750629723,learn,03102854
REV,2026-06,is as follows value date nta per unit,dollars,2.0014,2,True,,,,,learn,03102681
REV,2026-06,please contact revolution private credit income trust on,dollars,2.0014,2,True,,,,,learn,03102681
RYD,2026-06,,,1.9803,0,False,to the provision and yield payment of tax,2.0,dollars,1.0099479876786346,holdout,03102276
WMI,2026-06,,,1.2808,0,False,fully franked dividend paid cents cents cents,1.2899,cents,1.0071049344159901,learn,03102193
AMH,2026-06,,,1.08,0,False,pre tax nta per share,1.05,dollars,0.9722222222222222,learn,03102198
SEC,2026-06,,,2.238,0,False,nta per share pre tax nta post tax nta,2.233,dollars,0.9977658623771225,holdout,03102437
MXT,2026-06,is as follows value date nta per unit,dollars,2.0016,1,True,,,,,learn,03102319
LRT,2026-06,,,2.5375,0,False,unit of the trust as at was,2.6516,dollars,1.0449655172413794,learn,03102636
HM1,2026-06,,,3.67,0,False,,,,,learn,03102089
MXT,2026-06,is as follows value date nta per unit,dollars,2.0016,1,True,,,,,learn,03102040
GFL,2026-06,,,4.428,0,False,,,,,learn,03101925
SEC,2026-06,,,2.238,0,False,at estimated nta per share pre tax nta,2.253,dollars,1.0067024128686328,holdout,03101834
PIC,2026-06,,,1.207,0,False,nta before tax,1.194,dollars,0.9892294946147472,learn,03101711
GCI,2026-06,on nta per unit as at,dollars,2.0051,1,True,,,,,learn,03101649
MRE,2026-06,,,2.5429,0,False,nta per unit set value date post tax,2.4791,dollars,0.9749105352156986,learn,03101125
ARG,2026-06,,,10.84,0,False,nta per share nta per share,10.59,dollars,0.9769372693726938,learn,03101150
MOT,2026-06,,,2.1458,0,False,is as follows value date nta per unit,2.162,dollars,1.0075496318389412,learn,03101199
SET,2026-06,,,1.985,0,False,as at nta per share pre tax nta,1.991,dollars,1.003022670025189,learn,03101221
LF1,2026-06,nta per unit,dollars,1.97,2,True,,,,,learn,03101533
LF1,2026-06,fund was as follows nta per unit,dollars,1.97,2,True,,,,,learn,03101533
REV,2026-06,please contact revolution private credit income trust on,dollars,2.0014,1,True,,,,,learn,03100720
ECP,2026-06,,,1.034,0,False,tax on on unrealised gains unrealised gains,1.02,cents,0.9864603481624759,learn,03100699
KKC,2026-06,,,2.3528,0,False,nta per unit,2.31,dollars,0.9818089085345122,learn,03100631
PIC,2026-06,,,1.207,0,False,nta before tax,1.199,dollars,0.9933719966859983,learn,03100290
AUI,2026-05,is as below weekly pre tax nta per share,dollars,13.46,1,True,,,,,holdout,03099960
ARG,2026-05,and approximate pre tax nta per share,dollars,10.59,1,True,,,,,learn,03099687
RF1,2026-05,nav per unit of regal investment fund was,dollars,3.72,1,True,,,,,learn,03099583
AFI,2026-05,,,7.76,0,False,pre tax nta per share,7.74,dollars,0.9974226804123711,learn,03099555
OPH,2026-05,prior value date nav per unit month end,dollars,3.1142,1,True,,,,,learn,03099517
PCI,2026-05,at close of business on nta per unit,dollars,1.096,1,True,,,,,holdout,03099059
PCI,2026-05,,,1.096,0,False,at close of business on nta per unit,1.102,dollars,1.0054744525547445,holdout,03098570
SEC,2026-05,,,2.271,0,False,at estimated nta per share pre tax nta,2.229,dollars,0.9815059445178337,holdout,03098255
LRT,2026-05,unit of the trust as at was,dollars,2.7184,1,True,,,,,learn,03097527
ARG,2026-05,,,10.59,0,False,and approximate pre tax nta per share,10.55,dollars,0.9962228517469311,learn,03097221
PGF,2026-05,,,2.857,0,False,nta before tax accruals,2.83,dollars,0.9905495274763738,learn,03097088
PCI,2026-05,,,1.096,0,False,at close of business on nta per unit,1.1,dollars,1.0036496350364963,holdout,03096692
SET,2026-05,,,1.991,0,False,at estimated nta per share pre tax nta,2.0,dollars,1.0045203415369162,learn,03095960
PCI,2026-05,,,1.096,0,False,at close of business on nta per unit,1.1,dollars,1.0036496350364963,holdout,03095846
MXT,2026-05,,,2.0148,0,False,is as follows value date nta per unit,2.0073,dollars,0.9962775461584275,learn,03094979
ARG,2026-05,,,10.59,0,False,and approximate pre tax nta per share,10.48,dollars,0.9896128423040604,learn,03094945
RG8,2026-05,,,3.31,0,False,ordinary share for regal asian investments limited was,3.37,dollars,1.0181268882175227,learn,03094727
SEC,2026-05,,,2.271,0,False,at estimated nta per share pre tax nta,2.238,dollars,0.9854689564068693,holdout,03094113
CD3,2026-05,,,1.52,0,False,inception year nta return last months since inception,1.56,dollars,1.0263157894736843,learn,03094068
REV,2026-05,is as follows value date nta per unit,dollars,2.0008,2,True,,,,,learn,03094009
REV,2026-05,please contact revolution private credit income trust on,dollars,2.0008,2,True,,,,,learn,03094009
KKC,2026-05,,,2.3236,0,False,at close of business nta per unit,2.312,dollars,0.9950077466001033,learn,03093522
PIC,2026-05,,,1.201,0,False,nta before tax,1.174,dollars,0.9775187343880098,learn,03093632
SET,2026-05,,,1.991,0,False,at estimated nta per share pre tax nta,2.0,dollars,1.0045203415369162,learn,03093658
WGB,2026-05,,,2.1849,0,False,companies nta nta fully franked dividend paid cents,2.1632,cents,0.9900681953407479,holdout,03093878
SB2,2026-05,,,0.813,0,False,visa regime for the period ending th,0.8,dollars,0.9840098400984011,learn,03093433
PIA,2026-05,,,1.35,0,False,pia pengana international equities limited pengana com pia acn,1.07,cents,0.7925925925925926,holdout,03093354
CDM,2026-05,,,0.876,0,False,price on the date of the announcement of,0.805,dollars,0.9189497716894978,learn,03093108
WHF,2026-05,,,5.99,0,False,investment returns per share prior month nta,5.96,dollars,0.9949916527545909,holdout,03093067
PCI,2026-05,at close of business on nta per unit,dollars,1.096,1,True,,,,,holdout,03093050
CDO,2026-05,,,2.316,0,False,opportunities fund returned a positive gross performance of,2.3,dollars,0.9930915371329879,learn,03093025
WAA,2026-05,,,1.0663,0,False,the nta figure is before the,1.0531,cents,0.9876207446309668,holdout,03093019
8IH,2026-05,,,0.0428,0,False,per share as of is s a,0.0409,dollars,0.955607476635514,learn,03092799
PIC,2026-05,,,1.201,0,False,nta before tax,1.181,dollars,0.9833472106577852,learn,03092719
MXT,2026-05,,,2.0148,0,False,is as follows value date nta per unit,2.0043,dollars,0.9947885646217988,learn,03092662
CIN,2026-05,,,45.19,0,False,,,,,learn,03092641
RF1,2026-05,,,3.72,0,False,nav per unit of regal investment fund was,3.71,dollars,0.9973118279569891,learn,03092482
OPH,2026-05,,,3.1142,0,False,is as follows value date nav per unit,3.0365,dollars,0.9750497720120739,learn,03092524
MEC,2026-05,,,1.5624,0,False,noted below dollars per share estimated nta pre tax,1.4465,dollars,0.9258192524321556,learn,03091730
MXT,2026-05,,,2.0148,0,False,is as follows value date nta per unit,2.0026,dollars,0.9939448084177089,learn,03090646
LF1,2026-05,nta per unit,dollars,1.97,2,True,,,,,learn,03090432
LF1,2026-05,fund was as follows nta per unit,dollars,1.97,2,True,,,,,learn,03090432
AUI,2026-05,,,13.46,0,False,is as below weekly pre tax nta per share,13.34,dollars,0.9910846953937592,holdout,03090362
DJW,2026-05,,,3.14,0,False,pre tax nta per share,3.22,dollars,1.0254777070063694,learn,03089948
MIR,2026-05,,,2.76,0,False,pre tax nta per share,2.77,dollars,1.0036231884057971,learn,03089890
HM1,2026-05,,,3.52,0,False,nta per share pre tax nta,3.35,dollars,0.9517045454545455,learn,03089796
GC1,2026-04,nta as at are as follows nta,dollars,0.6751,1,True,,,,,holdout,03089576
MOT,2026-04,is as follows value date nta per unit,dollars,2.1585,1,True,,,,,learn,03089569
PCI,2026-04,at close of business on nta per unit,dollars,1.096,1,True,,,,,holdout,03088636
SEC,2026-04,at estimated nta per share pre tax nta,dollars,2.263,1,True,,,,,holdout,03087906
MXT,2026-04,,,2.0009,0,False,is as follows value date nta per unit,2.0135,dollars,1.006297166275176,learn,03087791
PIC,2026-04,,,1.174,0,False,nta after tax,1.178,dollars,1.0034071550255537,learn,03087131
PCI,2026-04,,,1.096,0,False,at close of business on nta per unit,1.101,dollars,1.0045620437956204,holdout,03086980
SEC,2026-04,,,2.263,0,False,at estimated nta per share pre tax nta,2.284,dollars,1.0092797171895713,holdout,03087199
LSF,2026-04,,,4.1052,0,False,per ordinary share f f nta before tax,4.1436,dollars,1.0093539900613857,learn,03087307
MFF,2026-04,,,4.816,0,False,weekly nta per share as at approximates,4.773,dollars,0.9910714285714285,learn,03086625
DJW,2026-04,,,3.2,0,False,pre tax nta per share,3.25,dollars,1.015625,learn,03086516
BKI,2026-04,,,2.01,0,False,per share as at below pre tax nta,2.02,dollars,1.0049751243781095,holdout,03086451
MOT,2026-04,,,2.1585,0,False,is as follows value date nta per unit,2.1676,dollars,1.0042158906648135,learn,03086180
PCI,2026-04,,,1.096,0,False,at close of business on nta per unit,1.101,dollars,1.0045620437956204,holdout,03086137
PCI,2026-04,,,1.096,0,False,at close of business on nta per unit,1.1,dollars,1.0036496350364963,holdout,03085651
PIA,2026-04,,,1.3174,0,False,pia pengana international equities limited pengana com pia acn,1.07,cents,0.8122058600273266,holdout,03084993
GLS,2026-04,,,1.6668,0,False,ordinary share nta before tax nta after tax,1.7607,dollars,1.056335493160547,learn,03084987
MXT,2026-04,,,2.0009,0,False,is as follows value date nta per unit,2.0093,dollars,1.0041981108501175,learn,03084816
TGF,2026-04,,,3.4772,0,False,estimated nta pre tax,3.69,dollars,1.061198665593006,holdout,03084262
AFI,2026-04,,,7.69,0,False,error the estimated nta should have been not,7.81,dollars,1.0156046814044213,learn,03084234
MXT,2026-04,,,2.0009,0,False,is as follows value date nta per unit,2.008,dollars,1.0035484032185515,learn,03084312
MOT,2026-04,,,2.1585,0,False,is as follows value date nta per unit,2.1649,dollars,1.0029650220060227,learn,03084319
LSF,2026-04,,,4.1052,0,False,per ordinary share f f nta before tax,4.1794,dollars,1.0180746370456981,learn,03084539
MIR,2026-04,,,2.78,0,False,pre tax nta per share,2.83,dollars,1.0179856115107915,learn,03084193
DJW,2026-04,,,3.2,0,False,pre tax nta per share,3.29,dollars,1.028125,learn,03084187
HM1,2026-04,,,3.31,0,False,nta per share pre tax nta,3.29,dollars,0.9939577039274924,learn,03084082
GLS,2026-04,,,1.6668,0,False,ordinary share nta before tax nta after tax,1.7171,dollars,1.0301775857931366,learn,03082725
OPH,2026-04,,,2.9334,0,False,outside the s p asx inception date fund size benchmark,3.0,dollars,1.022704029453876,learn,03082719
CD1,2026-04,,,0.58,0,False,unit fund inception last months since inception return,0.61,dollars,1.0517241379310345,holdout,03082518
MOT,2026-04,,,2.1585,0,False,is as follows value date nta per unit,2.1638,dollars,1.0024554088487376,learn,03082440
ECL,2026-04,,,0.9466,0,False,excelsior capital limited abn,0.98,cents,1.0352841749418973,learn,03082061
CDM,2026-04,,,0.887,0,False,price on the date of the announcement of,0.805,dollars,0.9075535512965052,learn,03081965
PL8,2026-04,,,1.132,0,False,as at nta per share pre tax nta,1.12,dollars,0.9893992932862192,learn,03082000
CIN,2026-04,,,44.35,0,False,,,,,learn,03081952
ALI,2026-04,,,2.69,0,False,approximate pre tax nta per share share price,2.4,dollars,0.8921933085501859,learn,03082147
WAR,2026-04,,,1.2753,0,False,iii cin carlton investments ciw clime investment management,1.3,dollars,1.019367991845056,holdout,03082257
AIQ,2026-04,,,1.4842,0,False,at as at nta per unit,1.5405,dollars,1.037932893141086,learn,03082281
RF1,2026-04,,,3.67,0,False,nav per unit of regal investment fund was,3.63,dollars,0.989100817438692,learn,03081836
RG8,2026-04,,,3.36,0,False,ordinary share for regal asian investments limited was,3.26,dollars,0.9702380952380952,learn,03081829
NAC,2026-04,share price of holdings since inception dividend yield,dollars,0.61,1,True,,,,,holdout,03081730
MOT,2026-04,is as follows value date nta per unit,dollars,2.1585,1,True,,,,,learn,03081512
WAX,2026-04,,,0.8318,0,False,australian the nta figure is before,0.8046,cents,0.9672998316903102,learn,03081358
WQG,2026-04,,,1.942,0,False,level exchange centre sydney nsw weekly nta statement,2.0,dollars,1.0298661174047374,learn,03080212
LSF,2026-04,,,4.1052,0,False,taxes l long short fund limited phone acn,4.18,cents,1.0182207931404073,learn,03080135
MFF,2026-04,,,4.816,0,False,capital investments limited weekly nta mffadvisesitsgroupweeklyntapershareasatthursday approximates,4.0,dollars,0.8305647840531561,learn,03079875
GCI,2026-04,on nta per unit as at,dollars,2.0064,1,True,,,,,learn,03079856
GLS,2026-04,,,1.6668,0,False,ordinary share nta before tax nta after tax,1.5545,dollars,0.9326253899688025,learn,03079669
AUI,2026-04,,,13.27,0,False,is as below weekly pre tax nta per share,13.04,dollars,0.9826676714393369,holdout,03079662
PCI,2026-04,at close of business on nta per unit,dollars,1.096,1,True,,,,,holdout,03079477
TCF,2026-04,as follows value date nav per unit,dollars,5.939,1,True,,,,,learn,03079049
GCI,2026-04,on nta per unit as at,dollars,2.0064,1,True,,,,,learn,03079215
PIC,2026-04,,,1.174,0,False,nta after tax,1.159,dollars,0.9872231686541738,learn,03079257
MOT,2026-03,is as follows value date nta per unit,dollars,2.1581,1,True,,,,,learn,03078664
PCI,2026-03,at close of business on nta per unit,dollars,1.094,1,True,,,,,holdout,03078536
REV,2026-03,is as follows value date nta per unit,dollars,2.0133,1,True,,,,,learn,03078529
SEC,2026-03,at estimated nta per share pre tax nta,dollars,2.271,1,True,,,,,holdout,03078169
MOT,2026-03,,,2.1581,0,False,is as follows value date nta per unit,2.1658,dollars,1.0035679532922477,learn,03077940
WQG,2026-03,,,1.84,0,False,nta before tax,1.809,dollars,0.9831521739130434,learn,03077830
LSF,2026-03,,,3.8617,0,False,per ordinary share f f nta before tax,3.7792,dollars,0.9786363518657586,learn,03077627
AUI,2026-03,is as below weekly pre tax nta per share,dollars,12.9,1,True,,,,,holdout,03077610
SEC,2026-03,,,2.271,0,False,nta per share pre tax nta post tax nta,2.264,dollars,0.9969176574196389,holdout,03077523
GCI,2026-03,,,2.0068,0,False,governor macquarie tower farrer place sydney nsw p,2.0,dollars,0.9966115208291807,learn,03077362
TGF,2026-03,,,3.4173,0,False,estimated nta pre tax,3.29,dollars,0.9627483685950897,holdout,03077303
DJW,2026-03,,,3.17,0,False,pre tax nta per share,3.2,dollars,1.0094637223974765,learn,03077189
PIC,2026-03,ordinary share nta before tax nta after tax,dollars,1.135,2,True,,,,,learn,03076843
PIC,2026-03,nta after tax,dollars,1.135,2,True,,,,,learn,03076843
PCI,2026-03,,,1.094,0,False,at close of business on nta per unit,1.103,dollars,1.0082266910420474,holdout,03076730
MXT,2026-03,is as follows value date nta per unit,dollars,2.0133,1,True,,,,,learn,03076326
MXT,2026-03,is as follows value date nta per unit,dollars,2.0133,1,True,,,,,learn,03075823
KKC,2026-03,,,2.31,0,False,net tangible assets,2.33,dollars,1.0086580086580086,learn,03075725
SEC,2026-03,,,2.271,0,False,ordinaries accumulation index by post tax nta company facts,2.431,dollars,1.0704535446939676,holdout,03075524
PIC,2026-03,,,1.135,0,False,nta after tax,1.12,dollars,0.9867841409691631,learn,03075390
MOT,2026-03,,,2.1581,0,False,is as follows value date nta per unit,2.1648,dollars,1.003104582734813,learn,03075352
SEC,2026-03,,,2.271,0,False,as at nta per share pre tax nta,2.277,dollars,1.0026420079260239,holdout,03075056
MXT,2026-03,,,2.0133,0,False,is as follows value date nta per unit,2.0086,dollars,0.9976655242636466,learn,03074934
GCI,2026-03,,,2.0068,0,False,governor macquarie tower farrer place sydney nsw p,2.0,dollars,0.9966115208291807,learn,03074908
GC1,2026-03,,,0.66,0,False,as at are as follows nta nta,0.6633,dollars,1.005,holdout,03074611
PIC,2026-03,,,1.135,0,False,nta after tax,1.124,dollars,0.9903083700440529,learn,03074490
LSF,2026-03,,,3.8617,0,False,per ordinary share f f nta before tax,3.897,dollars,1.0091410518683481,learn,03074176
MXT,2026-03,,,2.0133,0,False,is as follows value date nta per unit,2.0076,dollars,0.9971688272984652,learn,03073993
SEC,2026-03,,,2.271,0,False,at estimated nta per share pre tax nta,2.309,dollars,1.0167327168648175,holdout,03073681
REV,2026-03,,,2.0133,0,False,is as follows value date nta per unit,2.0072,dollars,0.9969701485123926,learn,03073570
MEC,2026-03,,,1.3002,0,False,noted below dollars per share estimated nta pre tax,1.3125,dollars,1.009460083064144,learn,03073558
PCI,2026-03,,,1.094,0,False,at close of business on nta per unit,1.101,dollars,1.006398537477148,holdout,03073054
PIC,2026-03,was nta per ordinary share nta before tax,dollars,1.135,2,True,,,,,learn,03073145
PIC,2026-03,nta before tax,dollars,1.135,2,True,,,,,learn,03073145
CIN,2026-03,,,45.48,0,False,,,,,learn,03072583
ARG,2026-03,and approximate pre tax nta per share,dollars,10.24,1,True,,,,,learn,03072541
DJW,2026-03,,,3.17,0,False,pre tax nta per share,3.2,dollars,1.0094637223974765,learn,03072450
GC1,2026-03,,,0.66,0,False,as at are as follows nta nta,0.671,dollars,1.0166666666666666,holdout,03072065
MXT,2026-03,,,2.0133,0,False,is as follows value date nta per unit,2.0054,dollars,0.9960760939750657,learn,03071885
PIC,2026-03,,,1.135,0,False,as at the nta after tax was,1.212,dollars,1.06784140969163,learn,03071797
AIQ,2026-03,,,1.5547,0,False,at as at nta per unit,1.5152,dollars,0.974593169100148,learn,03071769
GCI,2026-03,,,2.0068,0,False,on nta per unit as at,2.0125,dollars,1.002840342834363,learn,03071348
WQG,2026-03,,,1.84,0,False,share dividend frequency stock universe fees price a,1.85,dollars,1.0054347826086956,learn,03071336
ACQ,2026-03,,,1.193,0,False,a p a nta per ordinary share acq,1.2,dollars,1.0058675607711651,learn,03071329
WAX,2026-03,,,0.8046,0,False,compelling undervalued growth opportunities in the australian,0.9001,cents,1.1186925180213771,learn,03071238
PCI,2026-03,,,1.094,0,False,at close of business on nta per unit,1.1,dollars,1.0054844606946984,holdout,03070277
CDM,2026-03,,,0.899,0,False,price on the date of the announcement of,0.805,dollars,0.8954393770856508,learn,03070263
CDO,2026-03,,,2.413,0,False,equinox gold announced record quarterly gold production of,2.47,cents,1.0236220472440947,learn,03070282
LSF,2026-03,,,3.8617,0,False,nta before tax f f nta after tax,3.727,dollars,0.9651189890462749,learn,03070559
LSF,2026-03,,,3.8617,0,False,nta before tax f f nta after tax,3.749,dollars,0.9708159618820728,learn,03070062
PCI,2026-03,,,1.094,0,False,at close of business on nta per unit,1.1,dollars,1.0054844606946984,holdout,03069773
WHI,2026-03,,,1.2,0,False,investment returns returns inclusive of franking income return,1.14,dollars,0.95,learn,03070131
HM1,2026-03,,,3.17,0,False,pre tax nta post current tax nta,3.15,dollars,0.9936908517350158,learn,03069620
LSF,2026-03,,,3.8617,0,False,nta before tax f f nta after tax,3.7727,dollars,0.9769531553460911,learn,03069579
PIC,2026-03,,,1.135,0,False,tax is and the nta after tax is,1.181,dollars,1.0405286343612334,learn,03068886
MOT,2026-03,is as follows value date nta per unit,dollars,2.1581,1,True,,,,,learn,03068844
GVF,2026-03,,,1.2169,0,False,per share at the end of was,1.2661,dollars,1.040430602350234,learn,03068647
REV,2026-03,is as follows value date nta per unit,dollars,2.0133,1,True,,,,,learn,03068287
GCI,2026-03,on nta per unit as at mach,dollars,2.0068,1,True,,,,,learn,03067830
LSF,2026-03,,,3.8617,0,False,nta before tax f f nta after tax,3.8925,dollars,1.0079757619701168,learn,03067537
ARG,2026-03,,,10.24,0,False,and approximate pre tax nta per share,10.63,dollars,1.0380859375,learn,03067341
TGF,2026-03,,,3.4173,0,False,estimated nta post tax,3.49,dollars,1.0212741052878003,holdout,03067303
RF1,2026-02,,,3.74,0,False,nav per unit of regal investment fund was,3.73,dollars,0.9973262032085561,learn,03067102
RG8,2026-02,applicable fees and charges the nta value of,dollars,3.51,2,True,,,,,learn,03067177
RG8,2026-02,ordinary share for regal asian investments limited was,dollars,3.51,2,True,,,,,learn,03067177
LSF,2026-02,,,4.3304,0,False,per ordinary share f f nta before tax,4.2882,dollars,0.9902549418067614,learn,03065304
GCI,2026-02,,,2.0089,0,False,governor macquarie tower farrer place sydney nsw p,2.0,dollars,0.9955697147692767,learn,03064908
PIC,2026-02,,,1.277,0,False,nta before tax,1.245,dollars,0.9749412685982773,learn,03064188
PCI,2026-02,,,1.099,0,False,at close of business on nta per unit,1.105,dollars,1.005459508644222,holdout,03064092
OPH,2026-02,,,3.2235,0,False,is as follows value date nav per unit,3.1332,dollars,0.971986970684039,learn,03063234
SEC,2026-02,,,2.524,0,False,at estimated nta per share pre tax nta,2.538,dollars,1.0055467511885894,holdout,03062974
MEC,2026-02,noted below dollars per share estimated nta pre tax,dollars,1.3561,1,True,,,,,learn,03062361
GCI,2026-02,,,2.0089,0,False,on nta per unit as at,2.0157,dollars,1.0033849370302155,learn,03061720
SEC,2026-02,,,2.524,0,False,as at nta per share pre tax nta,2.463,dollars,0.9758320126782885,holdout,03061381
PIC,2026-02,,,1.277,0,False,nta before tax,1.239,dollars,0.9702427564604543,learn,03060770
BHD,2026-02,,,0.2611,0,False,years and current year s tax losses at,0.25,cents,0.9574875526618154,holdout,03060106
AIQ,2026-02,,,1.5152,0,False,at as at nta per unit,1.5265,dollars,1.0074577613516367,learn,03060097
PCI,2026-02,,,1.099,0,False,at close of business on nta per unit,1.103,dollars,1.0036396724294814,holdout,03060041
TVL,2026-02,,,0.109,0,False,had an asset backing of m equating to,0.11,cents,1.0091743119266054,learn,03060144
FGX,2026-02,in line with the s p asx all ordinaries,cents,1.4974,1,True,,,,,learn,03060209
LSF,2026-02,,,4.3304,0,False,per ordinary share f f nta before tax,4.2779,dollars,0.9878764086458526,learn,03059861
MOT,2026-02,is as follows value date nta per unit,dollars,2.1579,1,True,,,,,learn,03059662
KKC,2026-02,,,2.3317,0,False,previous nta estimate,2.3541,dollars,1.009606724707295,learn,03059416
ARG,2026-02,,,10.73,0,False,nta per share nta per share,10.54,dollars,0.9822926374650511,learn,03058626
WAM,2026-02,,,1.3656,0,False,events zenith disclaimer the zenith investment partners abn,1.32,cents,0.9666080843585239,learn,03058581
WAR,2026-02,,,1.3188,0,False,investment update asx war discounted asset opportunities,1.3337,cents,1.011298149833182,holdout,03058548
WQG,2026-02,,,2.013,0,False,growth limited t abn w associateglobal com level,2.0,dollars,0.9935419771485345,learn,03058543
ARG,2026-02,,,10.73,0,False,and approximate pre tax nta per share,10.55,dollars,0.9832246039142591,learn,03058207
AMH,2026-02,,,1.11,0,False,pre tax nta per share,1.07,dollars,0.9639639639639639,learn,03058117
BKI,2026-02,,,2.05,0,False,per share as at below pre tax nta,1.97,dollars,0.9609756097560976,holdout,03058050
MOT,2026-02,is as follows value date nta per unit,dollars,2.1579,1,True,,,,,learn,03057729
GLS,2026-02,,,1.8106,0,False,nta backings per ordinary share nta before tax,1.7632,dollars,0.9738208328730809,learn,03057523
REV,2026-02,please contact revolution private credit income trust on,dollars,2.0,1,True,,,,,learn,03056822
NGE,2026-02,,,1.687,0,False,nta per share before tax,1.71,dollars,1.013633669235329,holdout,03056417
PCI,2026-02,at close of business on nta per unit,dollars,1.099,1,True,,,,,holdout,03056242
MOT,2026-02,,,2.1579,0,False,is as follows value date nta per unit,2.168,dollars,1.004680476389082,learn,03055842
WQG,2026-02,,,2.013,0,False,nta before tax,2.023,dollars,1.0049677098857428,learn,03056074
AUI,2026-02,,,13.75,0,False,is as below weekly pre tax nta per share,13.39,dollars,0.9738181818181818,holdout,03056015
RG8,2026-01,ordinary share for regal asian investments limited was,dollars,3.51,1,True,,,,,learn,03055579
SEC,2026-01,,,2.582,0,False,spheria emerging companies limited level,2.64,cents,1.0224632068164214,holdout,03054293
GCI,2026-01,,,2.01,0,False,governor macquarie tower farrer place sydney nsw p,2.0,dollars,0.9950248756218907,learn,03054169
REV,2026-01,is as follows value date nta per unit,dollars,2.0155,1,True,,,,,learn,03053505
GCI,2026-01,,,2.01,0,False,on nta per unit as at,2.0196,dollars,1.0047761194029852,learn,03053475
CIN,2026-01,,,44.89,0,False,,,,,learn,03053367
AMH,2026-01,share as at pre tax nta per share,dollars,1.13,2,True,,,,,learn,03052865
AMH,2026-01,pre tax nta per share,dollars,1.13,2,True,,,,,learn,03052865
AUI,2026-01,,,13.39,0,False,is as below weekly pre tax nta per share,13.27,dollars,0.9910380881254667,holdout,03052827
RG1,2026-01,,,2.71,0,False,share for regal partners global investments limited was,2.69,dollars,0.992619926199262,learn,03052782
SEC,2026-01,,,2.582,0,False,nta the s p asx small ordinaries accumulation index by,2.616,dollars,1.013168086754454,holdout,03052520
GCI,2026-01,,,2.01,0,False,on nta per unit as at,2.0169,dollars,1.0034328358208957,learn,03051708
PIC,2026-01,,,1.301,0,False,nta before tax,1.323,dollars,1.0169100691775557,learn,03051343
MXT,2026-01,,,2.0136,0,False,is as follows value date nta per unit,2.0086,dollars,0.9975168851807709,learn,03051322
AUI,2026-01,,,13.39,0,False,is as below weekly pre tax nta per share,13.33,dollars,0.9955190440627334,holdout,03051156
LSF,2026-01,,,4.3933,0,False,per ordinary share f f nta before tax,4.2822,dollars,0.974711492499943,learn,03050770
AMH,2026-01,,,1.13,0,False,pre tax nta per share,1.15,dollars,1.0176991150442478,learn,03050841
PGF,2026-01,,,2.9134,0,False,nta before tax accruals,2.94,dollars,1.0091302258529553,learn,03050862
PCI,2026-01,at close of business on nta per unit,dollars,1.099,1,True,,,,,holdout,03050167
SEC,2026-01,,,2.582,0,False,spheria emerging companies limited level,2.64,cents,1.0224632068164214,holdout,03049939
TGF,2026-01,,,3.928,0,False,fytd,3.98,dollars,1.0132382892057026,holdout,03049767
GLS,2026-01,,,1.76,0,False,nta backings per ordinary share nta before tax,1.6511,dollars,0.938125,learn,03049655
HM1,2026-01,,,3.61,0,False,in global securities based on the pre tax nta,3.6,dollars,0.997229916897507,learn,03049390
PE1,2026-01,,,1.562,0,False,net asset value,1.6744999999999999,cents,1.07202304737516,learn,03049281
IBC,2026-01,,,0.588,0,False,comparative purposes nta per ordinary share month end,0.31,cents,0.5272108843537415,learn,03049094
PCI,2026-01,at close of business on nta per unit,dollars,1.099,1,True,,,,,holdout,03049037
TGF,2026-01,,,3.928,0,False,com sydney nsw australia raffles place singapore abn,4.18,cents,1.0641547861507128,holdout,03049028
AFI,2026-01,,,8.0,0,False,pre tax nta per share,7.89,dollars,0.98625,learn,03049000
AMH,2026-01,share as at pre tax nta per share,dollars,1.13,2,True,,,,,learn,03048955
AMH,2026-01,pre tax nta per share,dollars,1.13,2,True,,,,,learn,03048955
HM1,2026-01,,,3.61,0,False,nta per share pre tax nta,3.63,dollars,1.005540166204986,learn,03048899
PGF,2026-01,,,2.9134,0,False,nta before tax accruals,2.92,dollars,1.0022653943845679,learn,03048892
PIC,2026-01,,,1.301,0,False,nta before tax,1.31,dollars,1.0069177555726365,learn,03048742
FPC,2026-01,,,2.0882,0,False,fund as at th amount pre tax nta,2.0073,dollars,0.9612585001436643,learn,03048522
MOT,2026-01,,,2.168,0,False,is as follows value date nta per unit,2.158,dollars,0.9953874538745386,learn,03048368
WMI,2026-01,,,1.4607,0,False,australian micro cap nta nta tax paid cents,1.4964,cents,1.0244403368248098,learn,03048581
MOT,2026-01,,,2.168,0,False,is as follows value date nta per unit,2.1576,dollars,0.9952029520295202,learn,03047916
GCI,2026-01,on nta per unit as at,dollars,2.01,1,True,,,,,learn,03047935
WQG,2026-01,,,2.023,0,False,level exchange centre sydney nsw weekly nta statement,2.0,dollars,0.9886307464162135,learn,03047383
ALI,2026-01,,,2.62,0,False,approximate pre tax nta per share share price,2.54,dollars,0.9694656488549618,learn,03047334
GVF,2026-01,,,1.2889,0,False,per share at the end of was,1.3185,dollars,1.0229653192644892,learn,03047093
MIR,2026-01,,,3.18,0,False,as at before tax after tax,3.27,dollars,1.0283018867924527,learn,03047072
TGF,2026-01,,,3.928,0,False,com sydney nsw australia raffles place singapore abn,4.18,cents,1.0641547861507128,holdout,03047013
RG1,2026-01,,,2.71,0,False,share for regal partners global investments limited was,2.58,dollars,0.9520295202952029,learn,03046952
PCI,2026-01,at close of business on nta per unit,dollars,1.099,1,True,,,,,holdout,03046689
GC1,2026-01,,,0.71,0,False,as at are as follows nta nta,0.7251,dollars,1.0212676056338028,holdout,03046815
PCI,2025-12,at close of business on nta per unit,dollars,1.098,1,True,,,,,holdout,03046403
LSF,2025-12,per ordinary share f f nta before tax,dollars,3.9987,1,True,,,,,learn,03045991
MFF,2025-12,,,5.264,0,False,weekly nta per share as at was,5.294,dollars,1.0056990881458965,learn,03045939
AMH,2025-12,,,1.12,0,False,pre tax nta per share,1.13,dollars,1.0089285714285712,learn,03045800
PGF,2025-12,,,2.8484,0,False,nta before tax accruals,2.87,dollars,1.0075832046060949,learn,03045786
LSF,2025-12,,,3.9987,0,False,per ordinary share f f nta before tax,3.9654,dollars,0.991672293495386,learn,03045191
GLS,2025-12,,,1.654,0,False,nta after tax,1.6693,dollars,1.0092503022974608,learn,03045170
GLS,2025-12,,,1.654,0,False,f nta before tax f nta after tax,1.6266,dollars,0.9834340991535672,learn,03045352
TGF,2025-12,,,3.4153,0,False,estimated nta pre tax,3.11,dollars,0.9106081456973033,holdout,03044245
PGF,2025-12,,,2.8484,0,False,nta before tax accruals,2.86,dollars,1.0040724617329027,learn,03044108
OPH,2025-12,,,3.4364,0,False,is as follows value date nav per unit,3.3934,dollars,0.9874869049004773,learn,03044006
KKC,2025-12,,,2.37,0,False,net tangible assets,2.38,dollars,1.0042194092827004,learn,03043511
LSF,2025-12,,,3.9987,0,False,per ordinary share f f nta before tax,3.8864,dollars,0.9719158726586141,learn,03043269
REV,2025-12,,,2.0167,0,False,is as follows value date nta per unit,2.0079,dollars,0.9956364357613922,learn,03042380
PCI,2025-12,,,1.098,0,False,at close of business on nta per unit,1.101,dollars,1.0027322404371584,holdout,03042314
KKC,2025-12,,,2.37,0,False,previous nta estimate,2.3759,dollars,1.0024894514767932,learn,03042859
SEC,2025-12,,,2.616,0,False,spheria emerging companies limited level,2.64,cents,1.0091743119266054,holdout,03042569
MOT,2025-12,is as follows value date nta per unit,dollars,2.1553,1,True,,,,,learn,03041805
PIC,2025-12,,,1.296,0,False,nta before tax,1.259,dollars,0.9714506172839505,learn,03041853
GCI,2025-12,,,2.0091,0,False,on nta per unit as at,2.0139,dollars,1.0023891294609526,learn,03041322
TGF,2025-12,,,3.4153,0,False,estimated nta pre tax,2.95,dollars,0.8637601382016222,holdout,03041252
HM1,2025-12,,,3.6,0,False,nta per share pre tax nta,3.62,dollars,1.0055555555555555,learn,03040967
TEK,2025-12,,,0.257,0,False,tax asx code tek structure listed investment,0.258,cents,1.0038910505836576,holdout,03040925
GVF,2025-12,,,1.3192,0,False,ytd year fy,1.3,dollars,0.9854457246816253,learn,03040504
GC1,2025-12,,,0.7498,0,False,nta share price cash weighting number of holdings,0.74,dollars,0.9869298479594558,holdout,03040732
TOP,2025-12,,,1.063,0,False,tax asx code top structure listed investment,1.06,cents,0.9971777986829728,holdout,03040106
KKC,2025-12,,,2.37,0,False,at close of business nta per unit,2.3781,dollars,1.0034177215189872,learn,03040017
MOT,2025-12,is as follows value date nta per unit,dollars,2.1553,1,True,,,,,learn,03039454
MXT,2025-12,is as follows value date nta per unit,dollars,2.0004,1,True,,,,,learn,03039435
PCI,2025-12,at close of business on nta per unit,dollars,1.098,1,True,,,,,holdout,03039463
MOT,2025-12,is as follows value date nta per unit,dollars,2.1553,1,True,,,,,learn,03038976
GFL,2025-12,,,4.795,0,False,further information please call the company secretary on,4.74,cents,0.9885297184567258,learn,03038850
WMI,2025-12,,,1.4964,0,False,australian micro cap nta nta tax paid cents,1.5272999999999999,cents,1.0206495589414595,learn,03038844
LRT,2025-12,,,2.855,0,False,lowell resources fund c lowell accounting services phone,3.0,dollars,1.0507880910683012,learn,03038812
DUI,2025-12,is as below weekly pre tax nta per share,dollars,6.38,1,True,,,,,holdout,03038714
8IH,2025-12,,,0.0444,0,False,per share as of is s a,0.0456,dollars,1.027027027027027,learn,03038490
LF1,2025-12,nta per unit,dollars,1.99,2,True,,,,,learn,03038162
LF1,2025-12,fund was as follows nta per unit,dollars,1.99,2,True,,,,,learn,03038162
SEC,2025-12,,,2.616,0,False,spheria emerging companies limited level,2.64,cents,1.0091743119266054,holdout,03037627
PCI,2025-12,at close of business on nta per unit,dollars,1.098,1,True,,,,,holdout,03037610
MXT,2025-12,is as follows value date nta per unit,dollars,2.0004,1,True,,,,,learn,03036441
MXT,2025-12,limited level exchange centre bridge street sydney nsw,dollars,2.0004,2,True,,,,,learn,03035799
MXT,2025-12,is as follows value date nta per unit,dollars,2.0004,2,True,,,,,learn,03035799
AUI,2025-11,is as below weekly pre tax nta per share,dollars,13.06,1,True,,,,,holdout,03035359
GCI,2025-11,on nta per unit as at,dollars,2.0207,1,True,,,,,learn,03034780
LRT,2025-11,unit of the trust as at was,dollars,2.513,1,True,,,,,learn,03035507
LSF,2025-11,,,3.8756,0,False,were nta per ordinary share nta before tax,3.8152,dollars,0.9844153163381154,learn,03035384
LSF,2025-11,,,3.8756,0,False,were nta per ordinary share nta before tax,3.8003,dollars,0.980570750335432,learn,03034639
PCI,2025-11,,,1.097,0,False,at close of business on nta per unit,1.101,dollars,1.0036463081130356,holdout,03033124
MXT,2025-11,is as follows value date nta per unit,dollars,2.013,1,True,,,,,learn,03033198
SEC,2025-11,at estimated nta per share pre tax nta,dollars,2.653,1,True,,,,,holdout,03033539
SEC,2025-11,,,2.653,0,False,spheria emerging companies limited level,2.64,cents,0.9950998869204675,holdout,03032698
QRI,2025-11,,,1.6007,0,False,is as follows value date nta per unit,1.6081,dollars,1.0046229774473667,holdout,03032342
MXT,2025-11,is as follows value date nta per unit,dollars,2.013,1,True,,,,,learn,03030999
LSF,2025-11,,,3.8756,0,False,were nta per ordinary share nta before tax,3.5946,dollars,0.9274950975332852,learn,03030623
PIC,2025-11,,,1.265,0,False,nta before tax,1.234,dollars,0.9754940711462451,learn,03030330
QRI,2025-11,asx qri performance update unit m m,dollars,1.6007,1,True,,,,,holdout,03029435
LSF,2025-11,,,3.8756,0,False,were nta per ordinary share nta before tax,3.5776,dollars,0.9231086799463308,learn,03029905
MOT,2025-11,,,2.1529,0,False,is as follows value date nta per unit,2.1582,dollars,1.0024617957174045,learn,03029572
MOT,2025-11,,,2.1529,0,False,is as follows value date nta per unit,2.1576,dollars,1.002183101862604,learn,03028611
DUI,2025-11,is as below weekly pre tax nta per share,dollars,6.37,1,True,,,,,holdout,03027610
HM1,2025-11,,,3.71,0,False,pre tax nta post current tax nta,3.73,dollars,1.005390835579515,learn,03026946
DJW,2025-11,,,3.37,0,False,pre tax nta per share,3.36,dollars,0.9970326409495548,learn,03027066
CD2,2025-11,,,1.16,0,False,nta value after tax as at was,1.131,dollars,0.9750000000000001,learn,03026663
FGG,2025-11,,,1.7962,0,False,per share payable on investment portfolio rose,1.8,dollars,1.0021155773299186,holdout,03026713
WMA,2025-11,,,1.1744,0,False,dividend paid cents cents cents net tangible,1.1826999999999999,cents,1.007067438692098,learn,03025799
GVF,2025-11,,,1.375,0,False,share staude capital global value nta before tax,1.3711,dollars,0.9971636363636364,learn,03025786
WMX,2025-11,,,1.59,0,False,dividend frequency fully franked dividend payable on,1.61,dollars,1.0125786163522013,learn,03025778
PIC,2025-11,,,1.265,0,False,nta before tax,1.269,dollars,1.0031620553359684,learn,03025390
PCI,2025-11,,,1.097,0,False,at close of business on nta per unit,1.1,dollars,1.0027347310847767,holdout,03024438
CDO,2025-11,,,2.178,0,False,to pay future dividends this amount is around,2.0,dollars,0.9182736455463728,learn,03024389
WGB,2025-11,dividend of cents per share payable on,cents,2.4916,1,True,,,,,holdout,03024321
PIA,2025-11,,,1.4416,0,False,and before tax on unrealised gains and losses,1.4325999999999999,cents,0.9937569367369589,holdout,03024293
NGE,2025-11,asx ticker nge nta per share before tax,dollars,1.581,1,True,,,,,holdout,03024224
SNC,2025-11,,,0.9643,0,False,investments limited nta before tax nta after tax,0.9538,dollars,0.9891112724255936,learn,03023283
ALI,2025-11,,,2.73,0,False,and approximate pre tax nta per share,2.7,dollars,0.989010989010989,learn,03023539
MFF,2025-11,weekly nta per share as at was,dollars,5.298,1,True,,,,,learn,03023312
MIR,2025-11,share as at pre tax nta per share,dollars,3.38,2,True,,,,,learn,03023077
MIR,2025-11,pre tax nta per share,dollars,3.38,2,True,,,,,learn,03023077
WMI,2025-11,,,1.5416,0,False,dividend paid cents cents cents net tangible,1.5671000000000002,cents,1.0165412558380904,learn,03023068
AUI,2025-11,,,13.06,0,False,the company s ordinary shares at was,13.34,dollars,1.021439509954058,holdout,03022981
GC1,2025-11,,,0.77,0,False,as at are as follows nta nta,0.7595,dollars,0.9863636363636363,holdout,03022607
AFI,2025-11,,,7.91,0,False,bank westpac banking corporation csl macquarie group wesfarmers,8.0,dollars,1.011378002528445,learn,03022419
BEL,2025-11,,,0.0098,0,False,limited lel materials other listed securities various various,0.01,dollars,1.0204081632653061,learn,03022027
MOT,2025-11,is as follows value date nta per unit,dollars,2.1529,1,True,,,,,learn,03021891
KKC,2025-11,,,2.38,0,False,current nta estimate,2.4126,dollars,1.0136974789915967,learn,03021755
SEC,2025-11,,,2.653,0,False,spheria emerging companies limited level,2.64,cents,0.9950998869204675,holdout,03021734
PIC,2025-11,,,1.265,0,False,nta before tax,1.272,dollars,1.0055335968379449,learn,03020764
TCF,2025-11,as follows value date nav per unit,dollars,5.936,1,True,,,,,learn,03020307
GCI,2025-11,,,2.0207,0,False,on nta per unit as at,2.0102,dollars,0.994803780868016,learn,03020296
MFF,2025-11,monthly nta per share as at was,dollars,5.298,1,True,,,,,learn,03020254
MXT,2025-10,,,2.0004,0,False,is as follows value date nta per unit,2.0118,dollars,1.0056988602279544,learn,03017580
QRI,2025-10,,,1.6012,0,False,is as follows value date nta per unit,1.6079,dollars,1.0041843617287036,holdout,03017652
PCI,2025-10,,,1.0821,0,False,at close of business on nta per unit,1.102,dollars,1.0183901672673505,holdout,03015880
PGF,2025-10,,,2.6724,0,False,nta before tax accruals,2.66,dollars,0.9953599760514893,learn,03015603
SEC,2025-10,,,2.699,0,False,at estimated nta per share pre tax nta,2.705,dollars,1.0022230455724344,holdout,03015346
KKC,2025-10,,,2.4168,0,False,previous nta estimate,2.4311,dollars,1.0059169149288314,learn,03014245
SEC,2025-10,,,2.699,0,False,at estimated nta per share pre tax nta,2.685,dollars,0.9948128936643202,holdout,03013882
MIR,2025-10,,,3.48,0,False,street melbourne victoria mufg corporate limited telephone,3.46,cents,0.9942528735632183,learn,03012211
RG8,2025-10,,,3.01,0,False,ordinary share for regal asian investments limited was,2.93,dollars,0.9734219269102992,learn,03012148
MOT,2025-10,,,2.1505,0,False,is as follows value date nta per unit,2.1552,dollars,1.0021855382469191,learn,03010967
MOT,2025-10,is as follows value date nta per unit,dollars,2.1505,1,True,,,,,learn,03010324
QRI,2025-10,is as follows value date nta per unit,dollars,1.6012,1,True,,,,,holdout,03010017
SEC,2025-10,at estimated nta per share pre tax nta,dollars,2.699,1,True,,,,,holdout,03009894
CD3,2025-10,,,1.75,0,False,nta value after tax as at was,1.731,dollars,0.9891428571428572,learn,03009750
SEC,2025-10,,,2.699,0,False,as at nta per share pre tax nta,2.715,dollars,1.0059281215264912,holdout,03009551
CIN,2025-10,,,46.95,0,False,,,,,learn,03009023
TGF,2025-10,,,2.6977,0,False,estimated nta pre tax,2.66,dollars,0.986025132520295,holdout,03008878
AUI,2025-10,,,13.34,0,False,is as below weekly pre tax nta per share,13.41,dollars,1.0052473763118441,holdout,03009310
GVF,2025-10,,,1.3711,0,False,share staude capital global value nta before tax,1.3545,dollars,0.9878929326817883,learn,03009440
MIR,2025-10,,,3.48,0,False,street melbourne victoria mufg corporate limited telephone,3.46,cents,0.9942528735632183,learn,03008794
REV,2025-10,,,2.015,0,False,is as follows value date nta per unit,2.0048,dollars,0.9949379652605458,learn,03007989
SEC,2025-10,,,2.699,0,False,at estimated nta per share pre tax nta,2.669,dollars,0.9888847721378289,holdout,03007813
GFL,2025-10,,,4.869,0,False,hathaway ecp global growth fund uk managed portfolio,4.83,dollars,0.9919901417128775,learn,03007051
CIN,2025-10,,,46.95,0,False,,,,,learn,03006364
SEC,2025-10,,,2.699,0,False,at estimated nta per share pre tax nta,2.665,dollars,0.9874027417562061,holdout,03006347
PCI,2025-10,,,1.0821,0,False,at close of business on nta per unit,1.097,dollars,1.0137695222253025,holdout,03006311
LSF,2025-10,,,3.6145,0,False,were nta per ordinary share nta before tax,3.6382,dollars,1.006556923502559,learn,03005617
AMH,2025-10,,,1.19,0,False,pre tax nta per share,1.22,dollars,1.0252100840336136,learn,03005778
PL8,2025-10,,,1.19,0,False,as at nta per share pre tax nta,1.196,dollars,1.0050420168067227,learn,03005359
AMH,2025-10,,,1.19,0,False,as at before tax after tax,1.2,dollars,1.0084033613445378,learn,03005185
PCI,2025-10,,,1.0821,0,False,at close of business on nta per unit,1.096,dollars,1.012845393216893,holdout,03005126
GCI,2025-10,on nta per unit as at,dollars,2.0102,1,True,,,,,learn,03004465
LSF,2025-09,,,3.5881,0,False,were nta per ordinary share nta before tax,3.6088,dollars,1.0057690699813273,learn,03004218
TCF,2025-09,as follows value date nav per unit,dollars,5.936,1,True,,,,,learn,03003924
MXT,2025-09,,,2.0002,0,False,is as follows value date nta per unit,2.0122,dollars,1.005999400059994,learn,03002777
WQG,2025-09,,,2.225,0,False,nta before tax,2.182,dollars,0.9806741573033707,learn,03002349
LRT,2025-09,,,2.5147,0,False,unit of the trust as at was,2.4892,dollars,0.9898596254026325,learn,03002406
GCI,2025-09,,,2.0105,0,False,governor macquarie tower farrer place sydney nsw p,2.0,dollars,0.9947774185525988,learn,03001900
VG1,2025-09,,,2.23,0,False,share for vgi partners global investments limited was,2.2,dollars,0.9865470852017938,learn,03001644
OPH,2025-09,,,3.7412,0,False,is as follows value date nav per unit,3.7122,dollars,0.9922484764246766,learn,03001509
GCI,2025-09,,,2.0105,0,False,on nta per unit as at,2.0207,dollars,1.0050733648346184,learn,03000967
SEC,2025-09,,,2.63,0,False,at estimated nta per share pre tax nta,2.637,dollars,1.002661596958175,holdout,03000436
MOT,2025-09,,,2.1485,0,False,is as follows value date nta per unit,2.156,dollars,1.0034908075401445,learn,02999632
QRI,2025-09,,,1.5997,0,False,is as follows value date nta per unit,1.6066,dollars,1.00431330874539,holdout,02999626
GCI,2025-09,,,2.0105,0,False,on nta per unit as at,2.0195,dollars,1.0044764983834866,learn,02998849
PIC,2025-09,,,1.276,0,False,nta before tax,1.287,dollars,1.0086206896551724,learn,02998926
MXT,2025-09,,,2.0002,0,False,is as follows value date nta per unit,2.0095,dollars,1.0046495350464955,learn,02998947
WQG,2025-09,,,2.225,0,False,nta before tax,2.159,dollars,0.9703370786516853,learn,02998655
ARG,2025-09,and approximate pre tax nta per share,dollars,10.65,1,True,,,,,learn,02998257
DJW,2025-09,share as at pre tax nta per share,dollars,3.36,2,True,,,,,learn,02998153
DJW,2025-09,pre tax nta per share,dollars,3.36,2,True,,,,,learn,02998153
AMH,2025-09,,,1.2,0,False,pre tax nta per share,1.22,dollars,1.0166666666666666,learn,02998132
HM1,2025-09,,,3.82,0,False,pre tax nta post current tax nta,3.83,dollars,1.0026178010471205,learn,02997927
FPC,2025-09,,,1.8874,0,False,estimated pre tax nta lifting to a record of,1.786,dollars,0.9462752993536082,learn,02997483
GCI,2025-09,,,2.0105,0,False,on nta per unit as at,2.0179,dollars,1.0036806764486446,learn,02997441
MXT,2025-09,,,2.0002,0,False,is as follows value date nta per unit,2.0074,dollars,1.0035996400359966,learn,02996977
KKC,2025-09,,,2.4408,0,False,current nta estimate,2.4332,dollars,0.9968862667977711,learn,02996795
MEC,2025-09,,,1.3737,0,False,noted below dollars per share estimated nta pre tax,1.3159,dollars,0.957923855281357,learn,02995955
MXT,2025-09,,,2.0002,0,False,is as follows value date nta per unit,2.0067,dollars,1.0032496750324966,learn,02995920
LSF,2025-09,,,3.5881,0,False,were nta per ordinary share nta before tax,3.604,dollars,1.0044313146233383,learn,02995012
KKC,2025-09,,,2.4408,0,False,current nta estimate,2.4277,dollars,0.9946329072435268,learn,02995067
VG1,2025-09,,,2.23,0,False,share for vgi partners global investments limited was,2.15,dollars,0.9641255605381166,learn,02995078
PGF,2025-09,,,2.6479,0,False,nta before tax accruals,2.61,dollars,0.9856867706484383,learn,02995092
FGX,2025-09,,,1.5189,0,False,yrs yrs pa firetrail investments eley griffiths group,1.5,dollars,0.9875567845151096,learn,02994894
CD3,2025-09,,,1.73,0,False,inception year nta return last months since inception,1.83,dollars,1.0578034682080926,learn,02994725
MOT,2025-09,is as follows value date nta per unit,dollars,2.1485,1,True,,,,,learn,02994719
PIC,2025-09,,,1.276,0,False,as at the nta after tax was,1.263,dollars,0.9898119122257052,learn,02994712
GCI,2025-09,rate distribution cap unit m distribution nta unit m,dollars,2.0105,1,True,,,,,learn,02994634
CDO,2025-09,,,2.201,0,False,franking credits based on the pre tax nta of,2.03,dollars,0.922308041799182,learn,02994049
MOT,2025-09,is as follows value date nta per unit,dollars,2.1485,1,True,,,,,learn,02994139
PIC,2025-09,,,1.276,0,False,nta after tax,1.292,dollars,1.0125391849529781,learn,02993693
SEC,2025-09,at estimated nta per share pre tax nta,dollars,2.63,1,True,,,,,holdout,02993777
HM1,2025-09,,,3.82,0,False,investment update at investment objective pre tax nta,3.89,dollars,1.018324607329843,learn,02992821
LSF,2025-09,,,3.5881,0,False,were nta per ordinary share nta before tax,3.5006,dollars,0.9756138346199938,learn,02992765
MFF,2025-09,,,5.231,0,False,chapter pre tax nta after accounting provision for dividend,5.196,dollars,0.9933091187153508,learn,02992601
OPH,2025-09,,,3.7412,0,False,reserve bank of australia cut interest rates from,3.85,dollars,1.0290815781032823,learn,02992511
CIN,2025-09,,,44.88,0,False,,,,,learn,02992475
OPH,2025-09,,,3.7412,0,False,is as follows value date nav per unit,3.5868,dollars,0.9587298193093126,learn,02992331
KKC,2025-09,,,2.4408,0,False,previous nta estimate,2.4249,dollars,0.9934857423795478,learn,02992203
BKI,2025-09,,,1.96,0,False,per share as at below pre tax nta,2.01,dollars,1.0255102040816326,holdout,02992198
SEC,2025-09,,,2.63,0,False,spheria emerging companies limited level,2.64,cents,1.0038022813688214,holdout,02991351
PIA,2025-09,,,1.4106,0,False,pia pengana international equities limited pengana com pia acn,1.07,cents,0.7585424641996313,holdout,02991017
LSF,2025-09,,,3.5881,0,False,were nta per ordinary share nta before tax,3.5263,dollars,0.9827763997658928,learn,02990348
ALI,2025-09,,,2.65,0,False,and approximate pre tax nta per share share price,2.46,dollars,0.9283018867924528,learn,02989983
TGF,2025-08,estimated nta pre tax,dollars,2.1972,2,True,,,,,holdout,02989459
TGF,2025-08,backing per ordinary share dividend estimated nta pre tax,dollars,2.1972,2,True,,,,,holdout,02989459
OPH,2025-08,prior value date nav per unit month end,dollars,3.634,1,True,,,,,learn,02989389
BKI,2025-08,per share as at below pre tax nta,dollars,2.02,1,True,,,,,holdout,02989377
LSF,2025-08,,,3.5263,0,False,were nta per ordinary share nta before tax,3.5081,dollars,0.9948387828602219,learn,02989812
PCI,2025-08,,,1.096,0,False,at close of business on nta per unit,1.101,dollars,1.0045620437956204,holdout,02987455
MOT,2025-08,,,2.1467,0,False,is as follows value date nta per unit,2.1565,dollars,1.0045651465039362,learn,02986633
PIA,2025-08,,,1.4004,0,False,pia pengana international equities limited pengana com pia acn,1.07,cents,0.7640674093116252,holdout,02986135
AUI,2025-08,,,13.48,0,False,is as below weekly pre tax nta per share,13.75,dollars,1.0200296735905043,holdout,02985108
PCI,2025-08,,,1.096,0,False,at close of business on nta per unit,1.101,dollars,1.0045620437956204,holdout,02984814
BKI,2025-08,payment of the fy interim dividend pre tax nta,dollars,2.02,1,True,,,,,holdout,02984792
MOT,2025-08,,,2.1467,0,False,is as follows value date nta per unit,2.1544,dollars,1.0035869008245213,learn,02983517
GCI,2025-08,,,2.0095,0,False,on nta per unit as at,2.0175,dollars,1.0039810898233392,learn,02982727
ARG,2025-08,,,10.81,0,False,and approximate pre tax nta per share,10.77,dollars,0.9962997224791859,learn,02981527
KKC,2025-08,,,2.4262,0,False,previous nta estimate,2.4412,dollars,1.0061825076250925,learn,02981457
HM1,2025-08,pre tax nta post current tax nta,dollars,3.89,1,True,,,,,learn,02981398
WMX,2025-08,,,1.5886,0,False,fully franked dividend frequency dividend payable on,1.58,dollars,0.9945864283016493,learn,02980407
TCF,2025-08,price unit nav commercial unit price unit nav,dollars,5.936,1,True,,,,,learn,02980381
MXT,2025-08,,,2.0005,0,False,is as follows value date nta per unit,2.0054,dollars,1.0024493876530867,learn,02980535
PIC,2025-08,,,1.352,0,False,nta before tax,1.302,dollars,0.9630177514792899,learn,02980493
BHD,2025-08,,,0.2628,0,False,in cents is cents nta before tax,0.2548,cents,0.9695585996955862,holdout,02980502
CDM,2025-08,,,0.814,0,False,moves the current portfolio can be purchased for,0.84,cents,1.031941031941032,learn,02980360
SEC,2025-08,,,2.664,0,False,spheria emerging companies limited level,2.64,cents,0.990990990990991,holdout,02980100
WAR,2025-08,,,1.3145,0,False,investment update asx war discounted asset opportunities,1.2622,cents,0.9602130087485736,holdout,02979868
LSF,2025-08,,,3.5263,0,False,were nta per ordinary share nta before tax,3.4349,dollars,0.9740804809573774,learn,02979704
PIC,2025-08,,,1.352,0,False,nta before tax,1.303,dollars,0.963757396449704,learn,02979547
KAT,2025-08,,,1.629,0,False,after tax nta backing per share before tax,1.521,dollars,0.9337016574585635,learn,02979511
CIN,2025-08,,,46.1,0,False,,,,,learn,02979035
WMI,2025-08,,,1.5095,0,False,assets investment portfolio performance month end share price m,1.53,dollars,1.0135806558463067,learn,02979373
AIQ,2025-08,,,1.8037,0,False,at as at nta per unit,1.8245,dollars,1.0115318511947662,learn,02978981
PCI,2025-08,at close of business on nta per unit,dollars,1.096,1,True,,,,,holdout,02978995
ARG,2025-08,,,10.81,0,False,approximate a ugust pre tax nta per share,10.66,dollars,0.9861239592969472,learn,02979021
VG1,2025-08,,,2.05,0,False,share for vgi partners global investments limited was,2.09,dollars,1.0195121951219512,learn,02978838
RYD,2025-08,,,1.9634,0,False,share price pre tax nta return nta pre tax hurdle,2.0,dollars,1.0186411327289395,holdout,02978865
DJW,2025-08,,,3.44,0,False,pre tax nta per share,3.43,dollars,0.9970930232558141,learn,02978884
MEC,2025-08,,,1.3227,0,False,noted below dollars per share estimated nta pre tax,1.2916,dollars,0.9764874877145234,learn,02978534
PIC,2025-08,,,1.352,0,False,nta before tax,1.311,dollars,0.9696745562130177,learn,02978613
OEQ,2025-08,per share nta post tax nta backing per share,dollars,0.4178,2,True,,,,,holdout,02978101
OEQ,2025-08,consolidated consolidated nta pre tax nta backing per share,dollars,0.4178,2,True,,,,,holdout,02978101
CD2,2025-08,ylno esu lanosrep rof cd quarterly nta movement,dollars,1.2,1,True,,,,,learn,02978052
CD3,2025-08,,,1.83,0,False,distributions as of x x x x,1.84,dollars,1.005464480874317,learn,02978046
NGE,2025-08,,,1.518,0,False,tax share price nta per share after tax,1.528,dollars,1.0065876152832676,holdout,02978314
PIA,2025-08,,,1.4004,0,False,pia pengana international equities limited pengana com pia acn,1.07,cents,0.7640674093116252,holdout,02977885
PIC,2025-08,,,1.352,0,False,nta before tax,1.294,dollars,0.9571005917159763,learn,02977137
RG8,2025-08,,,2.49,0,False,ordinary share for regal asian investments limited was,2.39,dollars,0.9598393574297188,learn,02976379
BKI,2025-08,,,2.02,0,False,per share as at below pre tax nta,1.99,dollars,0.9851485148514851,holdout,02976474
PCI,2025-07,at close of business on nta per unit,dollars,1.096,1,True,,,,,holdout,02975241
MXT,2025-07,,,2.0001,0,False,is as follows value date nta per unit,2.012,dollars,1.0059497025148743,learn,02974583
LSF,2025-07,,,3.3228,0,False,nta after tax,3.2537,dollars,0.9792042855423136,learn,02973603
MXT,2025-07,,,2.0001,0,False,is as follows value date nta per unit,2.0103,dollars,1.0050997450127492,learn,02973416
KKC,2025-07,,,2.4444,0,False,previous nta estimate,2.4589,dollars,1.0059319260350188,learn,02973126
RG8,2025-07,,,2.49,0,False,ordinary share for regal asian investments limited was,2.47,dollars,0.9919678714859438,learn,02973094
GCI,2025-07,,,2.0095,0,False,on nta per unit as at,2.017,dollars,1.0037322717093804,learn,02972780
PCI,2025-07,,,1.096,0,False,at close of business on nta per unit,1.101,dollars,1.0045620437956204,holdout,02972742
FPC,2025-07,,,1.5825,0,False,at rd amount pre tax nta pre tax nta,1.5571,dollars,0.9839494470774091,learn,02972611
LSF,2025-07,,,3.3228,0,False,were nta per ordinary share nta before tax,3.4088,dollars,1.0258817864451666,learn,02972543
SEC,2025-07,,,2.525,0,False,assets relating to capitalised issue related share price,2.43,dollars,0.9623762376237625,holdout,02971977
QRI,2025-07,,,1.6003,0,False,is as follows value date nta per unit,1.6068,dollars,1.0040617384240456,holdout,02971916
PCI,2025-07,,,1.096,0,False,at close of business on nta per unit,1.101,dollars,1.0045620437956204,holdout,02971898
PIA,2025-07,,,1.4576,0,False,pia pengana international equities limited pengana com pia acn,1.07,cents,0.7340834248079035,holdout,02971824
LSF,2025-07,,,3.3228,0,False,were nta per ordinary share nta before tax,3.332,dollars,1.0027687492476225,learn,02971690
LSF,2025-07,,,3.3228,0,False,were nta per ordinary share nta before tax,3.3337,dollars,1.0032803659564222,learn,02971267
ARG,2025-07,j uly j uly pre tax nta per share,dollars,10.74,1,True,,,,,learn,02971093
AMH,2025-07,,,1.32,0,False,pre tax nta per share,1.31,dollars,0.9924242424242424,learn,02971024
KKC,2025-07,,,2.4444,0,False,current nta estimate,2.4548,dollars,1.0042546228113238,learn,02970965
PGF,2025-07,,,2.539,0,False,nta before tax accruals,2.51,dollars,0.9885781803859786,learn,02970952
FPC,2025-07,,,1.5825,0,False,fund as at th amount pre tax nta,1.5772,dollars,0.996650868878357,learn,02970462
QRI,2025-07,asx qri performance update unit m m,dollars,1.6003,1,True,,,,,holdout,02970190
PCI,2025-07,,,1.096,0,False,at close of business on nta per unit,1.099,dollars,1.0027372262773722,holdout,02969821
LSF,2025-07,,,3.3228,0,False,were nta per ordinary share nta before tax,3.352,dollars,1.0087877693511496,learn,02969622
SEC,2025-07,,,2.525,0,False,as at nta per share pre tax nta,2.485,dollars,0.9841584158415841,holdout,02969203
CD3,2025-07,as at was per unit was,dollars,1.85,1,True,,,,,learn,02969077
TGF,2025-07,,,2.0478,0,False,estimated nta pre tax,2.07,dollars,1.010840902431878,holdout,02969021
DJW,2025-07,,,3.51,0,False,announcements australian securities exchange exchange centre level,4.0,dollars,1.1396011396011396,learn,02969009
BKI,2025-07,,,2.0,0,False,per share as at below pre tax nta,1.97,dollars,0.985,holdout,02968995
MXT,2025-07,,,2.0001,0,False,is as follows value date nta per unit,2.0048,dollars,1.0023498825058745,learn,02969145
KKC,2025-07,,,2.4444,0,False,current nta estimate,2.4525,dollars,1.0033136966126657,learn,02968929
GC1,2025-07,,,0.87,0,False,nta as at are as follows nta,0.8375,dollars,0.9626436781609196,holdout,02968796
DN1,2025-07,per unit of the dominion income trust was,dollars,100.26,1,True,,,,,learn,02968672
SNC,2025-07,,,0.9865,0,False,basis after investment management fees and brokerage,1.0,dollars,1.0136847440446022,learn,02968444
SB2,2025-07,,,1.061,0,False,share price xec unlisted sb nta xao cash,1.1,dollars,1.0367577756833177,learn,02968239
WMI,2025-07,,,1.4383,0,False,australian micro cap nta nta tax paid cents,1.4339,cents,0.9969408329277619,learn,02968115
SEC,2025-07,,,2.525,0,False,at estimated nta per share pre tax nta,2.454,dollars,0.971881188118812,holdout,02967923
PIC,2025-07,,,1.302,0,False,nta before tax,1.296,dollars,0.9953917050691244,learn,02967832
PIC,2025-07,was nta per ordinary share nta before tax,dollars,1.302,2,True,,,,,learn,02967407
PIC,2025-07,nta before tax,dollars,1.302,2,True,,,,,learn,02967407
PMC,2025-07,,,1.5735,0,False,pre tax nta per share as at was,1.5352,dollars,0.9756593581188433,learn,02967357
WQG,2025-07,,,2.084,0,False,nta before tax,2.01,dollars,0.9644913627639154,learn,02967070
ARG,2025-07,,,10.74,0,False,approximate j uly pre tax nta per share,10.51,dollars,0.978584729981378,learn,02966817
AFI,2025-07,,,8.51,0,False,foundation investment company limited abn share registrar telephone,8.57,cents,1.0070505287896594,learn,02966546
PIC,2025-07,,,1.302,0,False,nta before tax,1.296,dollars,0.9953917050691244,learn,02966345
MOT,2025-07,is as follows value date nta per unit,dollars,2.1463,1,True,,,,,learn,02965809
WLE,2025-07,,,1.3265,0,False,cents,1.2687,cents,0.9564266867696947,holdout,02966062
PCI,2025-07,at close of business on nta per unit,dollars,1.096,1,True,,,,,holdout,02965601
GCI,2025-07,on nta per unit as at,dollars,2.0095,1,True,,,,,learn,02965068
GVF,2025-07,,,1.3869,0,False,per share at the end of was,1.3622,dollars,0.9821904967914054,learn,02965449
GCI,2025-06,on nta per unit as at,dollars,2.0068,1,True,,,,,learn,02964562
PAI,2025-06,,,1.1692,0,False,pre tax nta per share as at was,1.1745,dollars,1.004533014026685,learn,02964541
ALI,2025-06,,,2.61,0,False,pre tax nta per share share price,2.29,dollars,0.8773946360153257,learn,02964444
AUI,2025-06,,,12.98,0,False,is as below weekly pre tax nta per share,12.95,dollars,0.99768875192604,holdout,02964174
TGF,2025-06,,,2.0906,0,False,estimated nta pre tax,2.07,dollars,0.990146369463312,holdout,02963634
LRT,2025-06,,,1.7755,0,False,unit of the trust as at as,1.7515,dollars,0.9864826809349478,learn,02964285
PGF,2025-06,,,2.4425,0,False,nta before tax accruals,2.45,dollars,1.0030706243602867,learn,02963507
MXT,2025-06,,,2.0,0,False,is as follows value date nta per unit,2.0106,dollars,1.0053,learn,02963111
FPC,2025-06,,,1.5571,0,False,fund as at th amount pre tax nta,1.5457,dollars,0.9926786975788325,learn,02963105
GCI,2025-06,,,2.0068,0,False,governor macquarie tower farrer place sydney nsw p,2.0,dollars,0.9966115208291807,learn,02961030
PIC,2025-06,,,1.289,0,False,nta before tax,1.264,dollars,0.9806051202482545,learn,02961093
LRT,2025-06,,,1.7755,0,False,unit of the trust as at as,1.7824,dollars,1.0038862292312025,learn,02961376
PGF,2025-06,,,2.4425,0,False,nta before tax accruals,2.36,dollars,0.9662231320368475,learn,02960895
AMH,2025-06,,,1.29,0,False,pre tax nta per share,1.27,dollars,0.9844961240310077,learn,02960881
RG8,2025-06,,,2.41,0,False,ordinary share for regal asian investments limited was,2.34,dollars,0.9709543568464729,learn,02960798
GCI,2025-06,,,2.0068,0,False,governor macquarie tower farrer place sydney nsw p,2.0,dollars,0.9966115208291807,learn,02960462
MEC,2025-06,,,1.2946,0,False,noted below dollars per share estimated nta pre tax,1.2293,dollars,0.9495597095627993,learn,02960165
SEC,2025-06,,,2.411,0,False,ordinaries accumulation index by post tax nta company facts,2.401,dollars,0.9958523434259642,holdout,02960048
QRI,2025-06,asx qri performance update unit m m,dollars,1.6009,1,True,,,,,holdout,02959648
GCI,2025-06,,,2.0068,0,False,on nta per unit as at,2.0132,dollars,1.0031891568666533,learn,02959241
PMC,2025-06,,,1.5151,0,False,pre tax nta per share as at was,1.5224,dollars,1.00481816381757,learn,02959208
DUI,2025-06,,,6.4,0,False,is as below weekly pre tax nta per share,6.35,dollars,0.9921874999999999,holdout,02959040
LSF,2025-06,,,3.2473,0,False,were nta per ordinary share nta before tax,3.086,dollars,0.9503279647707326,learn,02958960
MFF,2025-06,,,4.999,0,False,limited weekly nta mffadvisesthatitsapproximateweeklyntapershareasatfriday was pre tax and,4.06,dollars,0.8121624324864972,learn,02958846
RG8,2025-06,,,2.41,0,False,ordinary share for regal asian investments limited was,2.28,dollars,0.9460580912863069,learn,02958562
VG1,2025-06,,,2.06,0,False,share for vgi partners global investments limited was,2.02,dollars,0.9805825242718447,learn,02958555
AIQ,2025-06,,,1.8586,0,False,at as at nta per unit,1.8977,dollars,1.021037339933283,learn,02958122
CD1,2025-06,,,0.87,0,False,unaudited nta value before tax at of,0.88,dollars,1.0114942528735633,holdout,02958300
FPC,2025-06,,,1.5571,0,False,pre tax nta,1.5314,dollars,0.9834949585768417,learn,02958264
SEC,2025-06,,,2.411,0,False,at estimated nta per share pre tax nta,2.469,dollars,1.0240564081294068,holdout,02957847
ALI,2025-06,,,2.61,0,False,nta per share nta per share,2.64,dollars,1.0114942528735633,learn,02957762
SEC,2025-06,,,2.411,0,False,nta per share pre tax nta post tax nta,2.406,dollars,0.9979261717129823,holdout,02957091
LRT,2025-06,,,1.7755,0,False,unit of the trust as at as,1.8236,dollars,1.0270909602928753,learn,02957265
SNC,2025-06,,,0.9602,0,False,investments limited nta before tax nta after tax,0.9479,dollars,0.987190168714851,learn,02956841
RF1,2025-06,,,3.3,0,False,nav per unit of regal investment fund was,3.12,dollars,0.9454545454545455,learn,02956747
AMH,2025-06,,,1.29,0,False,pre tax nta per share,1.28,dollars,0.9922480620155039,learn,02956675
DUI,2025-06,,,6.4,0,False,is as below weekly pre tax nta per share,6.35,dollars,0.9921874999999999,holdout,02956600
ARG,2025-06,,,10.43,0,False,nta per share nta per share,10.27,dollars,0.9846596356663471,learn,02956167
PIC,2025-06,,,1.289,0,False,nta before tax,1.264,dollars,0.9806051202482545,learn,02955868
GCI,2025-06,on nta per unit as at,dollars,2.0068,1,True,,,,,learn,02955809
MXT,2025-06,is as follows value date nta per unit,dollars,2.0,1,True,,,,,learn,02955907
WAA,2025-06,,,0.8999,0,False,in the australian nta nta tax paid,0.8234999999999999,cents,0.9151016779642182,holdout,02956131
MOT,2025-06,is as follows value date nta per unit,dollars,2.1428,1,True,,,,,learn,02954948
ALI,2025-06,,,2.61,0,False,are unaudited and approximate pre tax nta per share,2.0,dollars,0.7662835249042146,learn,02954624
MXT,2025-06,limited level exchange centre bridge street sydney nsw,dollars,2.0,2,True,,,,,learn,02954499
MXT,2025-06,is as follows value date nta per unit,dollars,2.0,2,True,,,,,learn,02954499
GCI,2025-06,on nta per unit as at,dollars,2.0068,1,True,,,,,learn,02954394
DJW,2025-05,,,3.39,0,False,pre tax nta per share,3.38,dollars,0.9970501474926253,learn,02954291
AMH,2025-05,,,1.28,0,False,pre tax nta per share,1.27,dollars,0.9921875,learn,02954247
PCI,2025-05,at close of business on nta per unit,dollars,1.095,1,True,,,,,holdout,02953767
PIC,2025-05,,,1.257,0,False,nta before tax,1.252,dollars,0.9960222752585522,learn,02952873
SEC,2025-05,,,2.467,0,False,at estimated nta per share pre tax nta,2.457,dollars,0.9959464937170651,holdout,02952484
GCI,2025-05,on nta per unit as at,dollars,2.0192,1,True,,,,,learn,02951996
LSF,2025-05,,,3.0107,0,False,all taxes l long short fund limited phone,3.0,dollars,0.996446009233733,learn,02950815
SEC,2025-05,at estimated nta per share pre tax nta,dollars,2.467,1,True,,,,,holdout,02950724
MXT,2025-05,,,2.0002,0,False,is as follows value date nta per unit,2.0095,dollars,1.0046495350464955,learn,02950640
PL8,2025-05,,,1.153,0,False,a total return pre tax nta income post tax nta,1.111,dollars,0.9635732870771899,learn,02949727
LSF,2025-05,,,3.0107,0,False,all taxes l long short fund limited phone,3.0,dollars,0.996446009233733,learn,02949392
BKI,2025-05,,,1.91,0,False,per share as at below pre tax nta,1.9,dollars,0.9947643979057592,holdout,02949564
PGF,2025-05,,,2.3587,0,False,nta before tax accruals,2.37,dollars,1.0047907745792175,learn,02949505
AMH,2025-05,,,1.28,0,False,pre tax nta per share,1.26,dollars,0.984375,learn,02949539
PCI,2025-05,at close of business on nta per unit,dollars,1.095,1,True,,,,,holdout,02949082
GCI,2025-05,,,2.0192,0,False,on nta per unit as at,2.0134,dollars,0.9971275752773374,learn,02949166
GCI,2025-05,,,2.0192,0,False,on nta per unit as at,2.013,dollars,0.9969294770206021,learn,02948709
WMA,2025-05,,,1.1547,0,False,traditional assets the nta figure is before,1.1945999999999999,cents,1.0345544297220055,learn,02948148
BEL,2025-05,,,1.22,0,False,com au bentley capital limited a b n,1.08,cents,0.8852459016393444,learn,02948226
CD1,2025-05,inception year nta return last months since inception,dollars,0.89,2,True,,,,,holdout,02948239
CD1,2025-05,nta value after tax as at was,dollars,0.89,2,True,,,,,holdout,02948239
FPC,2025-05,,,1.5314,0,False,inc kanzhun ltd sumitomo mitsui financial group inc,1.5,cents,0.9794958861172782,learn,02948253
WAR,2025-05,,,1.2653,0,False,paid cents cents cents nta per share,1.2534,cents,0.9905951157828183,holdout,02947708
GC1,2025-05,,,0.82,0,False,nta as at are as follows nta,0.7762,dollars,0.9465853658536586,holdout,02946967
PL8,2025-05,,,1.153,0,False,nta per share pre tax nta post tax nta,1.111,dollars,0.9635732870771899,learn,02946906
TVL,2025-05,,,0.117,0,False,nta a m a m nta per share,0.118,dollars,1.0085470085470085,learn,02946747
TOP,2025-05,,,98.2,0,False,advocacy with boards and management to implement t,99.21,cents,1.0102851323828919,holdout,02946694
PCI,2025-05,at close of business on nta per unit,dollars,1.095,1,True,,,,,holdout,02946474
PMC,2025-05,,,1.5021,0,False,pre tax nta per share as at was,1.469,dollars,0.9779641834764663,learn,02946173
MOT,2025-05,is as follows value date nta per unit,dollars,2.1449,1,True,,,,,learn,02946119
TCF,2025-05,unit price unit nav unit price unit nav,dollars,5.937,1,True,,,,,learn,02945456
ALI,2025-05,,,2.65,0,False,pre tax nta per share share price,2.32,dollars,0.8754716981132075,learn,02945331
MRE,2025-05,,,2.130028,0,False,nta per unit set value date post tax,2.0663,dollars,0.9700811444732182,learn,02944716
DJW,2025-05,,,3.39,0,False,as at before tax after tax,3.32,dollars,0.9793510324483775,learn,02944342
SEC,2025-04,,,2.406,0,False,at estimated nta per share pre tax nta,2.435,dollars,1.012053200332502,holdout,02943875
CIN,2025-04,,,43.93,0,False,,,,,learn,02943958
NAC,2025-04,,,0.61,0,False,naos ex,0.5,cents,0.819672131147541,holdout,02943750
ARG,2025-04,,,9.9,0,False,and approximate pre tax nta per share,9.7,dollars,0.9797979797979797,learn,02941514
LRT,2025-04,,,1.6143,0,False,unit of the trust as at as,1.6336,dollars,1.0119556464102086,learn,02941977
HM1,2025-04,,,3.32,0,False,nta per share pre tax nta,3.3,dollars,0.9939759036144579,learn,02941140
PMC,2025-04,,,1.4579,0,False,pre tax nta per share as at was,1.4225,dollars,0.9757184992111942,learn,02940358
WQG,2025-04,,,1.837,0,False,nta before tax,1.752,dollars,0.9537289058247143,learn,02940223
GC1,2025-04,,,0.77,0,False,nta as at are as follows nta,0.733,dollars,0.9519480519480519,holdout,02939993
CAM,2025-04,,,0.75,0,False,nta before tax,0.73,dollars,0.9733333333333333,holdout,02939868
WQG,2025-04,,,1.837,0,False,nta before tax,1.782,dollars,0.9700598802395209,learn,02938247
DUI,2025-04,,,6.17,0,False,investment limited level collins street melbourne vic abn,6.0,dollars,0.9724473257698542,holdout,02938157
FGG,2025-04,,,1.6556,0,False,before tax since inception v zassetmanagement cashandcash equivalents fairl,1.6617,cents,1.0036844648465812,holdout,02938084
MOT,2025-04,,,2.1577,0,False,is as follows value date nta per unit,2.1459,dollars,0.9945312137924642,learn,02938046
MFF,2025-04,,,4.604,0,False,weekly nta per share as at was,4.624,dollars,1.0043440486533448,learn,02938038
PIC,2025-04,,,1.218,0,False,perpetual equity investment company limited abn level,1.23,cents,1.0098522167487685,learn,02937949
WHF,2025-04,,,6.33,0,False,national aust bank anz anz group holdings nta,6.31,dollars,0.9968404423380726,holdout,02937870
OPH,2025-04,,,3.2208,0,False,is as follows value date nav per unit,3.0945,dollars,0.9607861400894188,learn,02937516
MEC,2025-04,,,1.1393,0,False,noted below dollars per share estimated nta pre tax,1.1315,dollars,0.9931536908628105,learn,02937357
WHI,2025-04,,,1.22,0,False,mth fully franked dividend cps cps cps nta,1.21,dollars,0.9918032786885246,learn,02936705
BEL,2025-04,,,0.48,0,False,change pre tax nta backing per share,0.42200000000000004,cents,0.8791666666666668,learn,02936855
8IH,2025-04,,,0.0347,0,False,nta per share as of is s,0.0358,dollars,1.031700288184438,learn,02936318
PE1,2025-04,,,1.6889,0,False,net asset value,1.7128999999999999,cents,1.0142104328260997,learn,02936008
PIA,2025-04,,,1.3485,0,False,and before tax on unrealised gains and losses,1.2994999999999999,cents,0.9636633296255097,holdout,02936003
PMC,2025-04,,,1.4579,0,False,pre tax nta per share as at was,1.4757,dollars,1.0122093422045408,learn,02935710
WAM,2025-04,,,1.5024,0,False,the australian the nta figure is,1.5419999999999998,cents,1.0263578274760383,learn,02935585
SEC,2025-04,,,2.406,0,False,as at nta per share pre tax nta,2.318,dollars,0.9634247714048213,holdout,02935400
MFF,2025-04,,,4.604,0,False,weekly nta per share as at was,4.543,dollars,0.986750651607298,learn,02935283
ARG,2025-04,,,9.9,0,False,and approximate pre tax nta per share,9.81,dollars,0.990909090909091,learn,02935151
TCF,2025-04,unit price unit nav unit price unit nav,dollars,5.941,1,True,,,,,learn,02935077
PGF,2025-04,,,2.2249,0,False,nta before tax accruals,2.03,dollars,0.9124005573284192,learn,02934981
AUI,2025-04,,,12.28,0,False,ordinary shares at was per share,12.13,dollars,0.9877850162866451,holdout,02935021
FPC,2025-04,,,1.4018,0,False,fund as at nd amount pre tax nta,1.4547,dollars,1.0377371950349552,learn,02934569
SEC,2025-04,,,2.406,0,False,at estimated nta per share pre tax nta,2.42,dollars,1.0058187863674146,holdout,02933991
PCI,2025-04,,,1.091,0,False,at close of business on nta per unit,1.095,dollars,1.003666361136572,holdout,02933947
MOT,2025-04,,,2.1577,0,False,is as follows value date nta per unit,2.1417,dollars,0.9925846966677481,learn,02933513
AMH,2025-04,,,1.21,0,False,as at before tax after tax,1.18,dollars,0.9752066115702479,learn,02933359
LRT,2025-03,,,1.5862,0,False,unit of the trust as at as,1.6059,dollars,1.0124196192157358,learn,02932742
PIC,2025-03,,,1.173,0,False,nta after tax,1.18,dollars,1.0059676044330774,learn,02932218
MEC,2025-03,,,1.1315,0,False,per share estimated nta pre tax estimated nta post tax,1.1367,dollars,1.0045956694653115,learn,02931500
MOT,2025-03,,,2.1412,0,False,is as follows value date nta per unit,2.1516,dollars,1.0048570894825333,learn,02931470
MOT,2025-03,,,2.1412,0,False,is as follows value date nta per unit,2.1504,dollars,1.0042966560807023,learn,02930138
SEC,2025-03,,,2.417,0,False,as at nta per share pre tax nta,2.446,dollars,1.0119983450558545,holdout,02929752
MOT,2025-03,,,2.1412,0,False,is as follows value date nta per unit,2.1491,dollars,1.0036895198953857,learn,02929643
PGF,2025-03,,,2.2585,0,False,nta before tax accruals,2.32,dollars,1.0272304626964799,learn,02929392
SEC,2025-03,,,2.417,0,False,at estimated nta per share pre tax nta,2.438,dollars,1.0086884567645844,holdout,02929203
MOT,2025-03,,,2.1412,0,False,is as follows value date nta per unit,2.1489,dollars,1.0035961143284138,learn,02929063
SEC,2025-03,at estimated nta per share pre tax nta,dollars,2.417,1,True,,,,,holdout,02928974
AIQ,2025-03,,,1.8219,0,False,any enquiries please contact the responsible entity on,2.0,dollars,1.0977550908392337,learn,02928957
PIC,2025-03,,,1.173,0,False,nta after tax,1.192,dollars,1.0161977834612106,learn,02927832
DUI,2025-03,,,5.98,0,False,investment limited level collins street melbourne vic abn,6.0,dollars,1.0033444816053512,holdout,02927472
PCI,2025-03,,,1.095,0,False,at close of business on nta per unit,1.103,dollars,1.0073059360730594,holdout,02927227
GCI,2025-03,,,2.013,0,False,on nta per unit as at,2.019,dollars,1.0029806259314458,learn,02927233
WQG,2025-03,,,1.832,0,False,nta before tax,1.863,dollars,1.0169213973799127,learn,02927589
VG1,2025-03,,,1.82,0,False,share for vgi partners global investments limited was,1.99,dollars,1.0934065934065933,learn,02927039
OPH,2025-03,,,3.1722,0,False,is as follows value date nav per unit,3.2056,dollars,1.010528970430616,learn,02926992
SEC,2025-03,,,2.417,0,False,at estimated nta per share pre tax nta,2.375,dollars,0.9826230864708316,holdout,02926803
CAM,2025-03,,,0.75,0,False,limited nta nta before tax,0.763,dollars,1.0173333333333334,holdout,02926600
GC1,2025-03,total fy fy fy fy fy fy fy,dollars,0.74,2,True,,,,,holdout,02926538
GC1,2025-03,fy fy fy fy fy fy fy fy,dollars,0.74,2,True,,,,,holdout,02926538
PL8,2025-03,,,1.073,0,False,as at nta per share pre tax nta,1.111,dollars,1.0354147250698975,learn,02925802
MOT,2025-03,,,2.1412,0,False,is as follows value date nta per unit,2.1458,dollars,1.0021483280403511,learn,02925400
MXT,2025-03,,,2.0002,0,False,is as follows value date nta per unit,2.005,dollars,1.0023997600239976,learn,02925386
LRT,2025-03,,,1.5862,0,False,unit of the trust as at as,1.416,dollars,0.8926995334762324,learn,02925198
HM1,2025-03,,,3.37,0,False,and instead donates to leading australian post tax nta,3.43,dollars,1.0178041543026706,learn,02925234
NGE,2025-03,,,1.297,0,False,nta per share before tax,1.272,dollars,0.9807247494217426,holdout,02925082
ARG,2025-03,,,9.63,0,False,cba telcos i t materials csl health care,9.4,dollars,0.9761163032191069,learn,02924789
PIC,2025-03,,,1.173,0,False,tax is and the nta after tax is,1.186,dollars,1.011082693947144,learn,02924884
PCI,2025-03,,,1.095,0,False,at close of business on nta per unit,1.102,dollars,1.006392694063927,holdout,02924356
ACQ,2025-03,capital sirca microcap acc index companies universe asx,cents,1.0091,1,True,,,,,learn,02924486
DJW,2025-03,share as at pre tax nta per share,dollars,3.25,2,True,,,,,learn,02924698
DJW,2025-03,pre tax nta per share,dollars,3.25,2,True,,,,,learn,02924698
TGF,2025-03,estimated nta pre tax,dollars,1.8405,2,True,,,,,holdout,02924349
TGF,2025-03,nta backing per ordinary share estimated nta pre tax,dollars,1.8405,2,True,,,,,holdout,02924349
BTI,2025-03,,,1.64,0,False,at bailador provides exposure to a portfolio,1.61,dollars,0.9817073170731708,holdout,02924174
PCI,2025-03,,,1.095,0,False,at close of business on nta per unit,1.102,dollars,1.006392694063927,holdout,02923842
SEC,2025-03,,,2.417,0,False,at estimated nta per share pre tax nta,2.504,dollars,1.035995035167563,holdout,02923800
TCF,2025-03,unit price unit nav unit price unit nav,dollars,5.944,1,True,,,,,learn,02923477
DJW,2025-03,as at before tax after tax,dollars,3.25,1,True,,,,,learn,02922611
BKI,2025-03,,,1.78,0,False,total mer of only goodman group aurizon holdings,1.8,dollars,1.0112359550561798,holdout,02922515
PIC,2025-03,,,1.173,0,False,tax is and the nta after tax is,1.221,dollars,1.040920716112532,learn,02922316
GCI,2025-03,on nta per unit as at,dollars,2.013,1,True,,,,,learn,02922287
AMH,2025-03,,,1.18,0,False,after tax ex div cum div,1.21,dollars,1.0254237288135593,learn,02922162
WQG,2025-03,,,1.832,0,False,nta after tax,1.773,dollars,0.9677947598253275,learn,02922108
NSC,2025-03,,,0.32,0,False,of the investment portfolio is estimated to be,0.3015,cents,0.9421875,holdout,02921818
KKC,2025-02,,,2.45,0,False,previous nta estimate,2.4636,dollars,1.0055510204081632,learn,02919896
PAI,2025-02,,,1.1487,0,False,pre tax nta per share as at was,1.1711,dollars,1.0195003046922608,learn,02918740
SEC,2025-02,,,2.477,0,False,nta with the s p asx small ordinaries accumulation index,2.484,dollars,1.0028259991925716,holdout,02917914
DJW,2025-02,,,3.29,0,False,pre tax nta per share,3.34,dollars,1.0151975683890577,learn,02917783
PGF,2025-02,,,2.35,0,False,nta before tax accruals,2.31,dollars,0.9829787234042553,learn,02917755
PCI,2025-02,,,1.1,0,False,at close of business on nta per unit,1.105,dollars,1.0045454545454544,holdout,02916758
PCI,2025-02,,,1.1,0,False,at close of business on nta per unit,1.104,dollars,1.0036363636363637,holdout,02916106
PIC,2025-02,,,1.29,0,False,nta after tax,1.285,dollars,0.9961240310077518,learn,02915591
MOT,2025-02,,,2.142,0,False,is as follows value date nta per unit,2.1493,dollars,1.0034080298786183,learn,02915547
DUI,2025-02,,,6.17,0,False,investment limited level collins street melbourne vic abn,6.0,dollars,0.9724473257698542,holdout,02915288
FGG,2025-02,,,1.7242,0,False,,,,,holdout,02914583
MEC,2025-02,,,1.19,0,False,per share estimated nta pre tax estimated nta post tax,1.177,dollars,0.9890756302521009,learn,02914467
CDM,2025-02,,,0.776,0,False,website we also encourage you to visit our,0.52,cents,0.6701030927835051,learn,02914444
FPC,2025-02,,,1.3285,0,False,at th amount pre tax nta pre tax nta,1.3044,dollars,0.9818592397440723,learn,02914342
WAR,2025-02,,,1.2874,0,False,investment update asx war discounted asset opportunities,1.2747,cents,0.9901351561286312,holdout,02914258
GVF,2025-02,share staude capital global value nta before tax,dollars,1.3727,1,True,,,,,learn,02914247
TVL,2025-02,nta a m a m nta per share,dollars,0.119,2,True,,,,,learn,02914232
TVL,2025-02,m total nav nta per share a m,dollars,0.119,2,True,,,,,learn,02914232
FPP,2025-02,update change value per unit,dollars,0.9456,1,True,,,,,holdout,02914052
SEC,2025-02,,,2.477,0,False,at estimated nta per share pre tax nta,2.495,dollars,1.0072668550666128,holdout,02913991
CD2,2025-02,,,1.35,0,False,performance of the fund cd quarterly nta movement,1.32,dollars,0.9777777777777777,learn,02913080
MOT,2025-02,is as follows value date nta per unit,dollars,2.142,1,True,,,,,learn,02912737
MXT,2025-02,is as follows value date nta per unit,dollars,2.0002,1,True,,,,,learn,02912728
RYD,2025-02,,,1.5124,0,False,date of listing pre tax undiluted nta return,1.52,dollars,1.0050251256281408,holdout,02912691
GCI,2025-02,governor macquarie tower farrer place sydney nsw p,dollars,2.0027,2,True,,,,,learn,02912639
GCI,2025-02,macquarie tower farrer place sydney nsw p f,dollars,2.0027,2,True,,,,,learn,02912639
BKI,2025-02,,,1.83,0,False,payment of the fy interim dividend pre tax nta,1.88,dollars,1.0273224043715845,holdout,02912515
DJW,2025-02,,,3.29,0,False,pre tax nta per share,3.35,dollars,1.0182370820668694,learn,02912484
AFI,2025-02,,,8.04,0,False,pre tax nta per share,8.37,dollars,1.041044776119403,learn,02912465
HM1,2025-02,,,3.69,0,False,nta post current tax nta post tax nta,3.6,dollars,0.9756097560975611,learn,02912377
PIC,2025-02,,,1.29,0,False,nta before tax,1.284,dollars,0.9953488372093023,learn,02912117
HM1,2025-02,,,3.69,0,False,to leading australian medical research organisations post tax nta,3.61,dollars,0.978319783197832,learn,02911872
MIR,2025-02,,,3.34,0,False,arb corporation temple webster group gentrack group resmed,3.4,dollars,1.0179640718562875,learn,02911722
GCI,2025-02,governor macquarie tower farrer place sydney nsw p,dollars,2.0027,2,True,,,,,learn,02911646
GCI,2025-02,macquarie tower farrer place sydney nsw p f,dollars,2.0027,2,True,,,,,learn,02911646
SEC,2025-02,,,2.477,0,False,as at nta per share pre tax nta,2.484,dollars,1.0028259991925716,holdout,02911610
DJW,2025-02,,,3.29,0,False,before tax after tax ex div,3.31,dollars,1.006079027355623,learn,02911189
MRE,2025-02,,,2.0513,0,False,multi strategy fund value date nta per unit set,2.0369,dollars,0.9929800614244627,learn,02910696
LSF,2025-02,ordinary share nta before tax nta after tax,dollars,2.9227,2,True,,,,,learn,02910525
LSF,2025-02,nta after tax,dollars,2.9227,2,True,,,,,learn,02910525
MOT,2025-01,,,2.1421,0,False,is as follows value date nta per unit,2.1559,dollars,1.006442276270949,learn,02908716
MXT,2025-01,,,2.0002,0,False,is as follows value date nta per unit,2.0126,dollars,1.0061993800619937,learn,02908148
GCI,2025-01,governor macquarie tower farrer place sydney nsw p,dollars,2.002,2,True,,,,,learn,02907708
GCI,2025-01,macquarie tower farrer place sydney nsw p f,dollars,2.002,2,True,,,,,learn,02907708
ARG,2025-01,,,10.37,0,False,and approximate pre tax nta per share,10.22,dollars,0.9855351976856318,learn,02907699
AMH,2025-01,,,1.37,0,False,pre tax nta per share,1.35,dollars,0.9854014598540146,learn,02907487
HM1,2025-01,,,3.92,0,False,asx announcements asx limited exchange centre level,4.0,dollars,1.0204081632653061,learn,02907418
MEC,2025-01,,,1.2074,0,False,noted below dollars per share estimated nta pre tax,1.2167,dollars,1.0077025012423388,learn,02906481
GCI,2025-01,governor macquarie tower farrer place sydney nsw p,dollars,2.002,2,True,,,,,learn,02906393
GCI,2025-01,macquarie tower farrer place sydney nsw p f,dollars,2.002,2,True,,,,,learn,02906393
PIA,2025-01,,,1.473,0,False,and before tax on unrealised gains and losses,1.4325999999999999,cents,0.9725729803122877,holdout,02906277
LSF,2025-01,ordinary share nta before tax nta after tax,dollars,2.9439,2,True,,,,,learn,02906268
LSF,2025-01,nta after tax,dollars,2.9439,2,True,,,,,learn,02906268
MXT,2025-01,,,2.0002,0,False,is as follows value date nta per unit,2.0092,dollars,1.0044995500449954,learn,02906083
AIQ,2025-01,cents per unit closing aud usd cents per unit,dollars,1.6085,1,True,,,,,learn,02905752
SEC,2025-01,,,2.484,0,False,at estimated nta per share pre tax nta,2.43,dollars,0.9782608695652174,holdout,02905373
CAM,2025-01,,,0.775,0,False,nta before tax,0.765,dollars,0.9870967741935484,holdout,02905288
SEC,2025-01,,,2.484,0,False,at estimated nta per share pre tax nta,2.418,dollars,0.9734299516908214,holdout,02904789
GCI,2025-01,governor macquarie tower farrer place sydney nsw p,dollars,2.002,2,True,,,,,learn,02904314
GCI,2025-01,macquarie tower farrer place sydney nsw p f,dollars,2.002,2,True,,,,,learn,02904314
FPP,2025-01,than forecast change value per unit,dollars,0.9526,1,True,,,,,holdout,02904300
PIC,2025-01,,,1.289,0,False,nta before tax,1.252,dollars,0.9712955779674166,learn,02904342
AIQ,2025-01,,,1.6085,0,False,at as at nta per unit,1.6744,dollars,1.0409698476841778,learn,02904291
SEC,2025-01,,,2.484,0,False,at estimated nta per share pre tax nta,2.399,dollars,0.965780998389694,holdout,02904406
LSF,2025-01,,,2.9439,0,False,were nta per ordinary share nta before tax,2.9053,dollars,0.986888141580896,learn,02904467
FPC,2025-01,,,1.3383,0,False,pre tax nta,1.291,dollars,0.964656653963984,learn,02904541
SEC,2025-01,,,2.484,0,False,as at nta per share pre tax nta,2.442,dollars,0.9830917874396136,holdout,02904010
TGF,2025-01,,,1.9801,0,False,at tgfinvestors tribecaip com au or by calling,2.0,dollars,1.0100499974748751,holdout,02903875
PCI,2025-01,at close of business on nta per unit,dollars,1.1,1,True,,,,,holdout,02903880
DUI,2025-01,,,6.41,0,False,is as below weekly pre tax nta per share,6.27,dollars,0.9781591263650545,holdout,02904065
SNC,2025-01,,,0.916,0,False,investments limited nta before tax nta after tax,0.9186,dollars,1.0028384279475981,learn,02903786
NAC,2025-01,fy fy fy fy fy fy fy fy,dollars,0.43,1,True,,,,,holdout,02903719
PL8,2025-01,,,1.154,0,False,as at nta per share pre tax nta,1.124,dollars,0.9740034662045063,learn,02903620
MXT,2025-01,,,2.0002,0,False,is as follows value date nta per unit,2.0046,dollars,1.0021997800219977,learn,02903440
CIN,2025-01,,,42.41,0,False,,,,,learn,02903201
CD3,2025-01,,,1.81,0,False,as at was per unit was,1.861,dollars,1.0281767955801104,learn,02903170
MXT,2025-01,,,2.0002,0,False,is as follows value date nta per unit,2.0043,dollars,1.002049795020498,learn,02903132
MXT,2025-01,is as follows value date nta per unit,dollars,2.0002,1,True,,,,,learn,02902410
PCI,2025-01,at close of business on nta per unit,dollars,1.1,1,True,,,,,holdout,02902404
MOT,2025-01,,,2.1421,0,False,is as follows value date nta per unit,2.1474,dollars,1.0024742075533355,learn,02902446
SEC,2025-01,,,2.484,0,False,as at nta per share pre tax nta,2.417,dollars,0.9730273752012881,holdout,02902581
PIC,2025-01,,,1.289,0,False,nta before tax,1.282,dollars,0.9945694336695113,learn,02902067
GCI,2025-01,governor macquarie tower farrer place sydney nsw p,dollars,2.002,2,True,,,,,learn,02902025
GCI,2025-01,macquarie tower farrer place sydney nsw p f,dollars,2.002,2,True,,,,,learn,02902025
GFL,2025-01,,,5.394,0,False,,,,,learn,02902019
MOT,2025-01,is as follows value date nta per unit,dollars,2.1421,1,True,,,,,learn,02901996
WQG,2025-01,,,2.039,0,False,com wcm global growth limited abn t level,2.0,dollars,0.9808729769494849,learn,02902251
PGF,2025-01,,,2.2662,0,False,nta before tax accruals,2.14,dollars,0.9443120642485218,learn,02901851
HM1,2025-01,,,3.92,0,False,asx announcements asx limited exchange centre level,4.0,dollars,1.0204081632653061,learn,02901824
VG1,2025-01,,,2.16,0,False,share for vgi partners global investments limited was,2.02,dollars,0.9351851851851851,learn,02901818
PIC,2025-01,,,1.289,0,False,nta before tax,1.276,dollars,0.9899146625290924,learn,02901690
PIC,2025-01,,,1.289,0,False,nta before tax,1.273,dollars,0.9875872769588828,learn,02901411
SEC,2024-12,,,2.409,0,False,at estimated nta per share pre tax nta,2.418,dollars,1.0037359900373601,holdout,02901135
PIC,2024-12,,,1.273,0,False,nta before tax,1.278,dollars,1.0039277297721918,learn,02901087
PIC,2024-12,,,1.273,0,False,nta before tax,1.276,dollars,1.002356637863315,learn,02900462
MFF,2024-12,,,5.084,0,False,nta mffadvisesthat itsapproximate weeklyntapershare asat friday was,5.0,dollars,0.983477576711251,learn,02899688
MXT,2024-12,,,2.001,0,False,is as follows value date nta per unit,2.0087,dollars,1.0038480759620192,learn,02899603
AFI,2024-12,,,8.24,0,False,pre tax nta per share,8.15,dollars,0.9890776699029127,learn,02899421
PIC,2024-12,,,1.273,0,False,nta before tax,1.268,dollars,0.9960722702278084,learn,02899056
PIC,2024-12,,,1.273,0,False,nta before tax,1.284,dollars,1.0086410054988217,learn,02898309
MOT,2024-12,,,2.1444,0,False,is as follows value date nta per unit,2.1491,dollars,1.0021917552695392,learn,02897549
AUI,2024-12,,,12.15,0,False,is as below weekly pre tax nta per share,12.27,dollars,1.0098765432098764,holdout,02896713
LSF,2024-12,,,2.9417,0,False,all taxes l long short fund limited phone,3.0,dollars,1.0198184723119286,learn,02896707
ARG,2024-12,,,10.01,0,False,approximate d ecember pre tax nta per share,10.11,dollars,1.0099900099900099,learn,02896417
OPH,2024-12,,,3.2345,0,False,is as follows value date nav per unit,3.2967,dollars,1.0192301746792394,learn,02896138
GC1,2024-12,,,0.79,0,False,nta share price cash weighting number of holdings,0.78,dollars,0.9873417721518988,holdout,02895669
SB2,2024-12,post tax nta share price discount to nta,dollars,1.128,1,True,,,,,learn,02895310
8IH,2024-12,,,0.0449,0,False,per share as of is s a,0.0436,dollars,0.9710467706013363,learn,02895164
GCI,2024-12,,,2.01,0,False,on nta per unit as at,2.0148,dollars,1.0023880597014927,learn,02895153
MEC,2024-12,,,1.1936,0,False,per share estimated nta pre tax estimated nta post tax,1.2038,dollars,1.0085455764075066,learn,02895111
AIQ,2024-12,,,1.6744,0,False,at as at nta per unit,1.6089,dollars,0.9608815097945532,learn,02895023
TOP,2024-12,tax asx code top structure listed investment,cents,0.924,1,True,,,,,holdout,02894141
GCI,2024-12,on nta per unit as at,dollars,2.01,1,True,,,,,learn,02894108
BEL,2024-12,,,0.67,0,False,other listed securities cash net other assets nta,0.62,dollars,0.9253731343283581,learn,02893660
WAA,2024-12,,,0.8612,0,False,asx waa mispricing opportunities in the australian,0.887,cents,1.0299581978634464,holdout,02893889
WGB,2024-12,,,2.5878,0,False,undervalued growth companies nta nta dividend paid cents,2.5747000000000004,cents,0.9949377849911123,holdout,02893882
FPC,2024-12,,,1.2182,0,False,at th amount pre tax nta pre tax nta,1.2703,dollars,1.0427680183877852,learn,02892672
MIR,2024-12,,,3.41,0,False,collins street melbourne victoria link services ltd,3.46,cents,1.0146627565982405,learn,02892038
HCF,2024-12,,,0.966,0,False,per share before deferred tax on unrealised gains,1.003,dollars,1.0383022774327122,holdout,02891589
MFF,2024-12,,,5.084,0,False,monthly nta per share as at was,4.854,dollars,0.9547600314712825,learn,02890422
ARG,2024-12,,,10.01,0,False,approximate n ovember pre tax nta per share,10.2,dollars,1.018981018981019,learn,02890366
AMH,2024-11,,,1.37,0,False,pre tax nta per share,1.36,dollars,0.9927007299270073,learn,02890150
PCI,2024-11,at close of business on nta per unit,dollars,1.099,1,True,,,,,holdout,02889365
MEC,2024-11,,,1.2188,0,False,noted below dollars per share estimated nta pre tax,1.2112,dollars,0.993764358385297,learn,02888723
KKC,2024-11,,,2.4517,0,False,previous nta estimate,2.4641,dollars,1.0050577150548599,learn,02888287
WQG,2024-11,,,2.005,0,False,com wcm global growth limited abn t level,2.0,dollars,0.9975062344139651,learn,02886829
VG1,2024-11,,,2.02,0,False,share for vgi partners global investments limited was,2.01,dollars,0.9950495049504949,learn,02886165
KKC,2024-11,,,2.4517,0,False,current nta estimate,2.4641,dollars,1.0050577150548599,learn,02886228
BKI,2024-11,,,1.91,0,False,per share as at below pre tax nta,1.9,dollars,0.9947643979057592,holdout,02886358
DJW,2024-11,,,3.42,0,False,pre tax nta per share,3.39,dollars,0.9912280701754387,learn,02886391
PIC,2024-11,,,1.313,0,False,nta before tax,1.285,dollars,0.9786747905559786,learn,02885158
MEC,2024-11,,,1.2188,0,False,noted below dollars per share estimated nta pre tax,1.1706,dollars,0.9604529044962258,learn,02884389
FPP,2024-11,,,0.9818,0,False,funds limited abn afsl level governor macquarie tower,1.0,dollars,1.0185373803218578,holdout,02884316
MOT,2024-11,,,2.1422,0,False,is as follows value date nta per unit,2.148,dollars,1.0027074969657364,learn,02884298
PAI,2024-11,,,1.0751,0,False,pre tax nta per share as at was,1.0895,dollars,1.013394102874151,learn,02883759
MXT,2024-11,,,2.0002,0,False,is as follows value date nta per unit,2.0076,dollars,1.0036996300369962,learn,02883727
PCI,2024-11,,,1.099,0,False,at close of business on nta per unit,1.103,dollars,1.0036396724294814,holdout,02883077
TGF,2024-11,,,1.9913,0,False,at tgfinvestors tribecaip com au or by calling,2.0,dollars,1.0043690051725003,holdout,02883063
AFI,2024-11,,,8.48,0,False,foundation investment company limited abn share registrar telephone,8.57,cents,1.0106132075471699,learn,02883002
LSF,2024-11,,,3.0312,0,False,all taxes l long short fund limited phone,3.0,dollars,0.9897070467141725,learn,02882871
SEC,2024-11,,,2.394,0,False,at estimated nta per share pre tax nta,2.375,dollars,0.992063492063492,holdout,02882693
FGG,2024-11,,,1.6666,0,False,cash before tax before tax equivalents cum dividend ex dividend,1.6063,cents,0.9638185527421097,holdout,02882157
ECL,2024-11,,,4.1592,0,False,cents as at nta before all taxes,4.147,cents,0.9970667436045393,learn,02882115
SEC,2024-11,,,2.394,0,False,at estimated nta per share pre tax nta,2.373,dollars,0.9912280701754387,holdout,02882226
PIC,2024-11,,,1.313,0,False,nta before tax,1.285,dollars,0.9786747905559786,learn,02881479
BHD,2024-11,,,0.2697,0,False,nta before tax,0.2731,cents,1.0126065999258436,holdout,02881692
KAT,2024-11,,,1.376,0,False,after tax nta backing per share before tax,1.373,dollars,0.9978197674418605,learn,02881407
KKC,2024-11,,,2.4517,0,False,previous nta estimate,2.4657,dollars,1.0057103234490352,learn,02881839
LSF,2024-11,,,3.0312,0,False,nta after tax,3.0202,dollars,0.996371074162048,learn,02881047
PAI,2024-11,,,1.0751,0,False,pre tax nta per share as at was,1.1355,dollars,1.056180820388801,learn,02880869
NGE,2024-11,lamm adam saunders northern ocean ltd osl nol,dollars,1.302,1,True,,,,,holdout,02880600
SB2,2024-11,,,1.145,0,False,sustained momentum from the emerging companies index by,1.16,dollars,1.0131004366812226,learn,02880448
TOP,2024-11,,,0.924,0,False,tax asx code top structure listed investment,0.948,cents,1.025974025974026,holdout,02880436
PIC,2024-11,,,1.313,0,False,nta before tax,1.294,dollars,0.9855293221629856,learn,02880422
PCI,2024-11,at close of business on nta per unit,dollars,1.099,1,True,,,,,holdout,02880282
MOT,2024-11,is as follows value date nta per unit,dollars,2.1422,1,True,,,,,learn,02879754
AUI,2024-11,,,12.44,0,False,the company s ordinary shares at was,12.06,dollars,0.9694533762057879,holdout,02879541
SEC,2024-11,,,2.394,0,False,at estimated nta per share pre tax nta,2.382,dollars,0.9949874686716792,holdout,02879473
MXT,2024-11,is as follows value date nta per unit,dollars,2.0002,1,True,,,,,learn,02879323
MOT,2024-11,is as follows value date nta per unit,dollars,2.1422,1,True,,,,,learn,02879285
MXT,2024-11,is as follows value date nta per unit,dollars,2.0002,1,True,,,,,learn,02878752
PIC,2024-11,,,1.313,0,False,nta before tax,1.259,dollars,0.9588728103579588,learn,02878854
KKC,2024-11,,,2.4517,0,False,current nta estimate,2.4639,dollars,1.004976139005588,learn,02879136
MOT,2024-11,is as follows value date nta per unit,dollars,2.1422,1,True,,,,,learn,02878269
HCF,2024-11,,,1.003,0,False,unrealised gains nta per share after all taxes,1.037,dollars,1.033898305084746,holdout,02878255
MXT,2024-11,is as follows value date nta per unit,dollars,2.0002,1,True,,,,,learn,02877883
MOT,2024-11,is as follows value date nta per unit,dollars,2.1422,1,True,,,,,learn,02877876
BKI,2024-11,,,1.91,0,False,per share as at below pre tax nta,1.84,dollars,0.9633507853403143,holdout,02877747
AFI,2024-11,,,8.48,0,False,pre tax nta per share,8.11,dollars,0.9563679245283018,learn,02877758
MOT,2024-10,is as follows value date nta per unit,dollars,2.1417,1,True,,,,,learn,02877307
GC1,2024-10,nta as at are as follows nta,dollars,0.7582,1,True,,,,,holdout,02877379
MOT,2024-10,,,2.1417,0,False,is as follows value date nta per unit,2.1532,dollars,1.005369566232432,learn,02874386
PAI,2024-10,,,1.1266,0,False,pre tax nta per share as at was,1.1198,dollars,0.9939641398899342,learn,02874288
AUI,2024-10,,,12.06,0,False,is as below weekly pre tax nta per share,12.15,dollars,1.007462686567164,holdout,02873969
CAM,2024-10,,,0.785,0,False,nta before tax,0.795,dollars,1.0127388535031847,holdout,02873742
MFF,2024-10,,,4.55,0,False,weekly nta per share as at was,4.504,dollars,0.9898901098901098,learn,02873647
PCI,2024-10,,,1.099,0,False,perpetual credit income trust arsn angel place level,1.23,cents,1.1191992720655142,holdout,02873605
MXT,2024-10,,,2.0002,0,False,is as follows value date nta per unit,2.0107,dollars,1.0052494750524947,learn,02873536
PGF,2024-10,,,2.1618,0,False,nta before tax accruals,2.18,dollars,1.0084189101674532,learn,02873293
KKC,2024-10,,,2.4629,0,False,current nta estimate,2.4791,dollars,1.0065776117584961,learn,02873272
MOT,2024-10,,,2.1417,0,False,is as follows value date nta per unit,2.1516,dollars,1.00462249614792,learn,02872023
MEC,2024-10,,,1.1514,0,False,per share estimated nta pre tax estimated nta post tax,1.1451,dollars,0.9945284002084419,learn,02872126
GCI,2024-10,,,2.0117,0,False,on nta per unit as at,2.0222,dollars,1.0052194661231797,learn,02872075
QRI,2024-10,,,1.601,0,False,is as follows value date nta per unit,1.6084,dollars,1.0046221111805123,holdout,02871476
PAI,2024-10,pre tax nta per share as at was,dollars,1.1266,1,True,,,,,learn,02870872
LSF,2024-10,,,3.1483,0,False,nta after tax,3.1109,dollars,0.988120573007655,learn,02871171
DUI,2024-10,,,6.03,0,False,investment limited level collins street melbourne vic abn,6.0,dollars,0.9950248756218905,holdout,02870556
PL8,2024-10,,,1.118,0,False,portfolio,1.134,dollars,1.0143112701252235,learn,02870007
LSF,2024-10,,,3.1483,0,False,nta after tax,3.1057,dollars,0.9864688879712862,learn,02869890
OPH,2024-10,is as follows value date nav per unit,dollars,3.1825,1,True,,,,,learn,02869884
MOT,2024-10,,,2.1417,0,False,is as follows value date nta per unit,2.1497,dollars,1.0037353504225615,learn,02869541
MOT,2024-10,,,2.1417,0,False,is as follows value date nta per unit,2.149,dollars,1.0034085072605874,learn,02868386
GCI,2024-10,,,2.0117,0,False,on nta per unit as at,2.0188,dollars,1.003529353283293,learn,02868373
PIA,2024-10,,,1.3349,0,False,and before tax on unrealised gains and losses,1.3286000000000002,cents,0.9952805453592031,holdout,02868009
GCI,2024-10,,,2.0117,0,False,on nta per unit as at,2.0183,dollars,1.003280807277427,learn,02867758
FGX,2024-10,,,1.44,0,False,,,,,learn,02867199
GC1,2024-10,,,0.7582,0,False,nta share price cash weighting number of holdings,0.75,dollars,0.9891849116328146,holdout,02867112
FPC,2024-10,,,1.2925,0,False,pre tax nta,1.2513,dollars,0.9681237911025146,learn,02867282
OPH,2024-10,,,3.1825,0,False,is as follows value date nav per unit,3.1441,dollars,0.9879340141398271,learn,02866755
RG8,2024-10,,,2.44,0,False,ordinary share for regal asian investments limited was,2.62,dollars,1.0737704918032787,learn,02866858
IBC,2024-10,,,0.573,0,False,purposes nta per ordinary share month end,0.31,cents,0.5410122164048866,learn,02866582
KAT,2024-10,,,1.373,0,False,after tax nta backing per share before tax,1.368,dollars,0.9963583394027677,learn,02866516
MXT,2024-10,is as follows value date nta per unit,dollars,2.0002,1,True,,,,,learn,02865936
MOT,2024-10,,,2.1417,0,False,is as follows value date nta per unit,2.146,dollars,1.0020077508521268,learn,02865957
PMC,2024-10,,,1.5357,0,False,pre tax nta per share as at was,1.5768,dollars,1.0267630396561829,learn,02865492
MXT,2024-10,is as follows value date nta per unit,dollars,2.0002,1,True,,,,,learn,02865412
GCI,2024-10,on nta per unit as at,dollars,2.0117,1,True,,,,,learn,02865361
NCC,2024-10,fy fy fy fy fy fy fy fy,dollars,0.43,1,True,,,,,holdout,02865679
RYD,2024-10,,,1.5832,0,False,date of listing pre tax undiluted nta return,1.5637999999999999,cents,0.9877463365336028,holdout,02865838
WQG,2024-10,,,1.861,0,False,nta before tax,1.786,dollars,0.9596990865126277,learn,02865226
ALI,2024-10,,,2.61,0,False,and approximate pre tax nta per share,2.59,dollars,0.9923371647509579,learn,02865160
PIC,2024-10,,,1.266,0,False,nta after tax,1.272,dollars,1.004739336492891,learn,02864913
PCI,2024-10,,,1.099,0,False,perpetual credit income trust arsn angel place level,1.23,cents,1.1191992720655142,holdout,02864727
WAX,2024-10,,,1.1218,0,False,cents,1.053,cents,0.9386699946514531,learn,02864710
PGF,2024-10,,,2.1618,0,False,nta before tax accruals,2.2,dollars,1.017670459802017,learn,02864660
MXT,2024-10,is as follows value date nta per unit,dollars,2.0002,1,True,,,,,learn,02864423
AUI,2024-10,,,12.06,0,False,the company s ordinary shares at was,12.28,dollars,1.0182421227197345,holdout,02864297
AMH,2024-10,,,1.3,0,False,pre tax nta per share,1.31,dollars,1.0076923076923077,learn,02864283
LSX,2024-10,,,0.754,0,False,per share as at before tax,0.716,cents,0.9496021220159151,holdout,02863632
GCI,2024-10,on nta per unit as at,dollars,2.0117,1,True,,,,,learn,02863073
QRI,2024-10,is as follows value date nta per unit,dollars,1.601,1,True,,,,,holdout,02862384
KKC,2024-10,time current nta estimate previous nta estimate,dollars,2.4629,2,True,,,,,learn,02862861
KKC,2024-10,previous nta estimate,dollars,2.4629,2,True,,,,,learn,02862861
DJW,2024-10,,,3.38,0,False,as at before tax after tax,3.37,dollars,0.9970414201183433,learn,02862814
PIC,2024-09,,,1.304,0,False,nta before tax,1.299,dollars,0.9961656441717791,learn,02861043
AMH,2024-09,share as at pre tax nta per share,dollars,1.32,2,True,,,,,learn,02860453
AMH,2024-09,pre tax nta per share,dollars,1.32,2,True,,,,,learn,02860453
DJW,2024-09,,,3.47,0,False,pre tax nta per share,3.46,dollars,0.9971181556195965,learn,02860447
RF1,2024-09,nav per unit of regal investment fund was,dollars,3.45,1,True,,,,,learn,02860341
PL8,2024-09,as at nta per share pre tax nta,dollars,1.136,1,True,,,,,learn,02860045
GC1,2024-09,,,0.75,0,False,nta as at are as follows nta,0.7436,dollars,0.9914666666666667,holdout,02859922
KKC,2024-09,,,2.4751,0,False,current nta estimate,2.4636,dollars,0.9953537230818957,learn,02858636
MXT,2024-09,,,2.0001,0,False,is as follows value date nta per unit,2.0108,dollars,1.0053497325133742,learn,02858118
GCI,2024-09,governor macquarie tower farrer place sydney nsw p,dollars,2.0022,2,True,,,,,learn,02858068
GCI,2024-09,macquarie tower farrer place sydney nsw p f,dollars,2.0022,2,True,,,,,learn,02858068
GCI,2024-09,governor macquarie tower farrer place sydney nsw p,dollars,2.0022,2,True,,,,,learn,02857546
GCI,2024-09,macquarie tower farrer place sydney nsw p f,dollars,2.0022,2,True,,,,,learn,02857546
PAI,2024-09,,,1.1195,0,False,pre tax nta per share as at was,1.0024,dollars,0.8953997320232246,learn,02857533
TGF,2024-09,,,2.0136,0,False,at tgfinvestors tribecaip com au or by calling,2.0,dollars,0.9932459276916965,holdout,02856956
RF1,2024-09,,,3.45,0,False,nav per unit of regal investment fund was,3.34,dollars,0.9681159420289854,learn,02856811
AMH,2024-09,,,1.32,0,False,pre tax nta per share,1.31,dollars,0.9924242424242424,learn,02856762
MXT,2024-09,,,2.0001,0,False,is as follows value date nta per unit,2.0089,dollars,1.0043997800109994,learn,02856233
MOT,2024-09,,,2.1423,0,False,is as follows value date nta per unit,2.1491,dollars,1.003174158614573,learn,02856227
SEC,2024-09,,,2.407,0,False,at estimated nta per share pre tax nta,2.346,dollars,0.9746572496884088,holdout,02855492
PCI,2024-09,,,1.098,0,False,at close of business on nta per unit,1.101,dollars,1.0027322404371584,holdout,02855027
TGF,2024-09,,,2.0136,0,False,at tgfinvestors tribecaip com au or by calling,2.0,dollars,0.9932459276916965,holdout,02854040
DJW,2024-09,,,3.47,0,False,pre tax nta per share,3.42,dollars,0.9855907780979827,learn,02853867
RG8,2024-09,,,2.52,0,False,ordinary share for regal asian investments limited was,2.22,dollars,0.880952380952381,learn,02853819
FGG,2024-09,,,1.5679,0,False,,,,,holdout,02853691
TVL,2024-09,,,0.118,0,False,nta a m a m nta per share,0.117,dollars,0.9915254237288137,learn,02853266
ALI,2024-09,nta per share nta per share,dollars,2.56,1,True,,,,,learn,02852926
GCI,2024-09,governor macquarie tower farrer place sydney nsw p,dollars,2.0022,2,True,,,,,learn,02851927
GCI,2024-09,macquarie tower farrer place sydney nsw p f,dollars,2.0022,2,True,,,,,learn,02851927
WAA,2024-09,,,0.8413,0,False,solid fill caret up with solid fill years,0.9570000000000001,cents,1.1375252585284679,holdout,02852257
SEC,2024-09,,,2.407,0,False,at estimated nta per share pre tax nta,2.286,dollars,0.9497299542999584,holdout,02852056
MXT,2024-09,is as follows value date nta per unit,dollars,2.0001,1,True,,,,,learn,02851417
MFF,2024-09,,,4.383,0,False,capital investments limited weekly nta mffadvisesthatitsapproximateweeklyntapershareasatfriday was,4.231,dollars,0.9653205566963267,learn,02851483
DUI,2024-09,,,6.03,0,False,united investment limited asx announcement weekly nta,6.0,dollars,0.9950248756218905,holdout,02851801
KKC,2024-09,,,2.4751,0,False,previous nta estimate,2.4488,dollars,0.9893741667003353,learn,02851280
PGF,2024-09,,,2.1639,0,False,nta before tax accruals,2.09,dollars,0.9658486991080918,learn,02851242
RG8,2024-09,,,2.52,0,False,regal asian investments limited abn,2.19,cents,0.8690476190476191,learn,02851228
SEC,2024-09,,,2.407,0,False,at estimated nta per share pre tax nta,2.306,dollars,0.9580390527627752,holdout,02850989
PIC,2024-09,,,1.304,0,False,nta before tax,1.297,dollars,0.9946319018404907,learn,02850916
WAR,2024-09,,,1.2987,0,False,unity office fund caret up with solid fill,1.44,dollars,1.1088011088011087,holdout,02850575
BTI,2024-09,,,1.79,0,False,information technology companies with global addressable we,1.8,dollars,1.005586592178771,holdout,02850491
ARG,2024-09,nta per share nta per share,dollars,10.08,1,True,,,,,learn,02850485
PCI,2024-09,,,1.098,0,False,perpetual credit income trust arsn angel place level,1.23,cents,1.1202185792349726,holdout,02850182
SEC,2024-09,,,2.407,0,False,as at nta per share pre tax nta,2.342,dollars,0.9729954299958454,holdout,02850163
WLE,2024-09,,,1.4155,0,False,ylno esu lanosrep rof download outline download outline,1.4,dollars,0.9890498057223596,holdout,02850045
DJW,2024-09,,,3.47,0,False,after tax ex div cum div,3.51,dollars,1.0115273775216138,learn,02849735
PCI,2024-09,,,1.098,0,False,perpetual credit income trust arsn angel place level,1.23,cents,1.1202185792349726,holdout,02849569
AMH,2024-09,,,1.32,0,False,pre tax nta per share,1.3,dollars,0.9848484848484849,learn,02848378
TGF,2024-09,,,2.0136,0,False,at tgfinvestors tribecaip com au or by calling,2.0,dollars,0.9932459276916965,holdout,02848461
MXT,2024-09,limited level exchange centre bridge street sydney nsw,dollars,2.0001,2,True,,,,,learn,02848547
MXT,2024-09,is as follows value date nta per unit,dollars,2.0001,2,True,,,,,learn,02848547
MFF,2024-09,,,4.383,0,False,monthly nta per share as at was,4.329,dollars,0.9876796714579055,learn,02848591
KKC,2024-08,,,2.4481,0,False,previous nta estimate,2.4635,dollars,1.0062905927045462,learn,02848288
PIC,2024-08,,,1.313,0,False,nta before tax,1.304,dollars,0.9931454683929932,learn,02847764
KKC,2024-08,,,2.4481,0,False,previous nta estimate,2.46,dollars,1.0048609125444221,learn,02846430
CD1,2024-08,,,0.95,0,False,lp total underlying funds total underlying portfolio companies,0.96,cents,1.0105263157894737,holdout,02845698
MOT,2024-08,,,2.1411,0,False,is as follows value date nta per unit,2.1515,dollars,1.0048573163327263,learn,02845618
MXT,2024-08,,,2.001,0,False,is as follows value date nta per unit,2.0104,dollars,1.004697651174413,learn,02844107
AMH,2024-08,,,1.3,0,False,pre tax nta per share,1.29,dollars,0.9923076923076923,learn,02844054
MIR,2024-08,,,3.27,0,False,mir share price asx closing price on,3.26,dollars,0.9969418960244648,learn,02844040
AMH,2024-08,,,1.3,0,False,pre tax nta per share,1.26,dollars,0.9692307692307692,learn,02844035
RF1,2024-08,,,3.31,0,False,nav per unit of regal investment fund was,3.29,dollars,0.9939577039274924,learn,02843997
RG8,2024-08,,,2.27,0,False,ordinary share for regal asian investments limited was,2.34,dollars,1.0308370044052864,learn,02843831
MXT,2024-08,,,2.001,0,False,is as follows value date nta per unit,2.0085,dollars,1.0037481259370316,learn,02841476
MFF,2024-08,weekly nta per share as at was,dollars,4.329,1,True,,,,,learn,02841015
PCI,2024-08,,,1.099,0,False,perpetual credit income trust arsn angel place level,1.23,cents,1.1191992720655142,holdout,02840916
HM1,2024-08,,,3.24,0,False,estimated nta per ordinary share pre tax nta,3.2,dollars,0.9876543209876543,learn,02840722
PCI,2024-08,,,1.099,0,False,perpetual credit income trust arsn angel place level,1.23,cents,1.1191992720655142,holdout,02840299
PL8,2024-08,,,1.114,0,False,nta per share pre tax nta post tax nta,1.088,dollars,0.9766606822262118,learn,02840523
PIC,2024-08,,,1.313,0,False,nta before tax,1.301,dollars,0.9908606245239908,learn,02840013
MXT,2024-08,,,2.001,0,False,is as follows value date nta per unit,2.006,dollars,1.0024987506246876,learn,02839981
BEL,2024-08,,,0.94,0,False,limited lel materials other listed securities various various,1.0,dollars,1.0638297872340425,learn,02839569
PIC,2024-08,,,1.313,0,False,nta before tax,1.294,dollars,0.9855293221629856,learn,02839517
CD2,2024-08,,,1.36,0,False,p a since inception p a nta return,1.3,dollars,0.9558823529411764,learn,02839444
CAM,2024-08,out at face value of nta after tax,dollars,0.815,1,True,,,,,holdout,02839419
ACQ,2024-08,,,1.0491,0,False,p a p a nta before all taxes,1.0383,dollars,0.989705461824421,learn,02839349
PIC,2024-08,,,1.313,0,False,nta before tax,1.291,dollars,0.9832444782939832,learn,02838987
GCI,2024-08,,,2.0228,0,False,on nta per unit as at,2.0137,dollars,0.9955012853470436,learn,02838951
CDO,2024-08,,,1.917,0,False,for more information contact cadence opportunities fund on,2.0,dollars,1.0432968179447053,learn,02838913
PMC,2024-08,,,1.4793,0,False,pre tax nta per share as at was,1.5099,dollars,1.0206854593388766,learn,02838907
LRT,2024-08,,,1.2769,0,False,unit of the trust as at as,1.1857,dollars,0.9285770224763098,learn,02838816
AUI,2024-08,,,12.09,0,False,is as below weekly pre tax nta per share,11.81,dollars,0.9768403639371381,holdout,02838704
CIN,2024-08,,,39.46,0,False,,,,,learn,02838558
PIC,2024-08,,,1.313,0,False,nta before tax,1.29,dollars,0.9824828636709826,learn,02838539
TOP,2024-08,,,0.949,0,False,before tax after tax million capitalisation,0.9329999999999999,cents,0.9831401475237092,holdout,02838511
TGF,2024-08,,,1.8518,0,False,estimated nta pre tax,1.79,dollars,0.9666270655578357,holdout,02838480
SEC,2024-08,,,2.342,0,False,at estimated nta per share pre tax nta,2.226,dollars,0.950469684030743,holdout,02838151
SB2,2024-08,,,1.019,0,False,post tax nta share price discount to nta,1.016,dollars,0.9970559371933269,learn,02838009
NAC,2024-08,,,0.48,0,False,asx nac naos ex opportunities company limited abn,0.49,cents,1.0208333333333333,holdout,02837820
AUI,2024-08,,,12.09,0,False,the company s ordinary shares at was,12.23,dollars,1.011579818031431,holdout,02837546
HM1,2024-08,,,3.24,0,False,highest conviction ideas from respected fund pre tax nta,3.23,dollars,0.9969135802469135,learn,02837178
SEC,2024-08,,,2.342,0,False,at estimated nta per share pre tax nta,2.231,dollars,0.9526046114432108,holdout,02837307
PCI,2024-08,,,1.099,0,False,perpetual credit income trust arsn angel place level,1.23,cents,1.1191992720655142,holdout,02837167
PCI,2024-08,,,1.099,0,False,perpetual credit income trust arsn angel place level,1.23,cents,1.1191992720655142,holdout,02836839
SEC,2024-08,,,2.342,0,False,as at nta per share pre tax nta,2.324,dollars,0.9923142613151151,holdout,02836717
KKC,2024-08,,,2.4481,0,False,current nta estimate,2.4728,dollars,1.0100894571300192,learn,02836577
DUI,2024-08,,,6.03,0,False,diversified united investment limited,6.0,dollars,0.9950248756218905,holdout,02836516
MXT,2024-08,is as follows value date nta per unit,dollars,2.001,1,True,,,,,learn,02836357
OPH,2024-08,,,2.9898,0,False,company limited ophir asset management pty ltd abn,3.0,dollars,1.0034115994380897,learn,02836137
FPC,2024-08,,,1.1509,0,False,at th amount pre tax nta pre tax nta,1.2101,dollars,1.0514380050395342,learn,02835827
DJW,2024-08,,,3.42,0,False,before tax after tax cum div,3.4,dollars,0.9941520467836257,learn,02835789
MOT,2024-07,is as follows value date nta per unit,dollars,2.1409,1,True,,,,,learn,02835555
MXT,2024-07,is as follows value date nta per unit,dollars,2.0001,1,True,,,,,learn,02835473
SEC,2024-07,,,2.344,0,False,at estimated nta per share pre tax nta,2.304,dollars,0.9829351535836177,holdout,02834877
MOT,2024-07,,,2.1409,0,False,is as follows value date nta per unit,2.1537,dollars,1.005978793965155,learn,02833806
PIC,2024-07,,,1.349,0,False,nta before tax,1.323,dollars,0.9807264640474426,learn,02833293
MXT,2024-07,,,2.0001,0,False,is as follows value date nta per unit,2.0112,dollars,1.0055497225138743,learn,02833230
WQG,2024-07,,,1.77,0,False,nta before tax,1.747,dollars,0.9870056497175141,learn,02833632
PMC,2024-07,,,1.5813,0,False,pre tax nta per share as at was,1.5447,dollars,0.9768544868146462,learn,02833658
RF1,2024-07,,,3.27,0,False,nav per unit of regal investment fund was,3.24,dollars,0.9908256880733946,learn,02833103
PGF,2024-07,,,2.2024,0,False,nta before tax accruals,2.19,dollars,0.994369778423538,learn,02833025
OPH,2024-07,,,2.9815,0,False,company limited ophir asset management pty ltd abn,3.0,dollars,1.006204930404159,learn,02832926
PL8,2024-07,,,1.117,0,False,nta per share pre tax nta post tax nta,1.107,dollars,0.991047448522829,learn,02832719
PCI,2024-07,,,1.107,0,False,perpetual credit income trust arsn angel place level,1.23,cents,1.1111111111111112,holdout,02832191
PIC,2024-07,,,1.349,0,False,nta before tax,1.33,dollars,0.9859154929577465,learn,02831787
PIA,2024-07,,,1.3355,0,False,and before tax on unrealised gains and losses,1.2899,cents,0.9658554848371398,holdout,02831544
GCI,2024-07,,,2.008,0,False,governor macquarie tower farrer place sydney nsw p,2.0,dollars,0.9960159362549801,learn,02831275
WQG,2024-07,,,1.77,0,False,nta before tax,1.718,dollars,0.9706214689265537,learn,02831190
DUI,2024-07,,,6.11,0,False,investment limited level collins street melbourne vic abn,6.0,dollars,0.9819967266775776,holdout,02831133
SEC,2024-07,,,2.344,0,False,as at nta per share pre tax nta,2.301,dollars,0.9816552901023892,holdout,02830977
GCI,2024-07,,,2.008,0,False,governor macquarie tower farrer place sydney nsw p,2.0,dollars,0.9960159362549801,learn,02830320
MOT,2024-07,,,2.1409,0,False,is as follows value date nta per unit,2.1479,dollars,1.003269652949694,learn,02829995
SEC,2024-07,,,2.344,0,False,at estimated nta per share pre tax nta,2.277,dollars,0.9714163822525599,holdout,02829253
PIA,2024-07,,,1.3355,0,False,and before tax on unrealised gains and losses,1.3084,cents,0.9797079745413704,holdout,02829328
WQG,2024-07,,,1.77,0,False,nta before tax,1.747,dollars,0.9870056497175141,learn,02828987
MOT,2024-07,,,2.1409,0,False,is as follows value date nta per unit,2.146,dollars,1.0023821757204914,learn,02828695
PMC,2024-07,,,1.5813,0,False,pre tax nta per share as at was,1.5595,dollars,0.9862138746600899,learn,02828993
VG1,2024-07,,,2.22,0,False,share for vgi partners global investments limited was,2.26,dollars,1.0180180180180178,learn,02828532
FGG,2024-07,,,1.5647,0,False,,,,,holdout,02828344
GC1,2024-07,nta share price cash weighting number of holdings,dollars,0.7,1,True,,,,,holdout,02828312
WMA,2024-07,,,1.1843,0,False,outline download outline ylno esu lanosrep rof bn,2.0,cents,1.6887612935911511,learn,02828151
PCI,2024-07,,,1.107,0,False,perpetual credit income trust arsn angel place level,1.23,cents,1.1111111111111112,holdout,02828145
ZER,2024-07,for the company s ordinary shares as at,cents,0.2998,3,True,,,,,holdout,02827944
ZER,2024-07,the australian securities exchange nta per share at,cents,0.2998,3,True,,,,,holdout,02827944
ZER,2024-07,s financial statements for the financial year ending,cents,0.2998,3,True,,,,,holdout,02827944
KKC,2024-07,,,2.4727,0,False,at close of business nta per unit,2.4657,dollars,0.9971690864237472,learn,02827656
PAI,2024-07,,,1.0149,0,False,current share price current dividend yield pre tax nta,1.0266,dollars,1.0115282293822052,learn,02827436
MXT,2024-07,is as follows value date nta per unit,dollars,2.0001,1,True,,,,,learn,02827372
MEC,2024-07,,,1.1332,0,False,per share estimated nta pre tax estimated nta post tax,1.0792,dollars,0.9523473349805859,learn,02826923
PIC,2024-07,,,1.349,0,False,nta before tax,1.315,dollars,0.9747961452928094,learn,02826667
MXT,2024-07,is as follows value date nta per unit,dollars,2.0001,1,True,,,,,learn,02826596
CIN,2024-07,,,40.83,0,False,,,,,learn,02826540
WAM,2024-07,,,1.5359,0,False,ylno esu lanosrep rof download outline download outline,1.6,dollars,1.0417344879223909,learn,02826430
PIC,2024-07,,,1.349,0,False,nta before tax,1.315,dollars,0.9747961452928094,learn,02826032
SEC,2024-07,,,2.344,0,False,at estimated nta per share pre tax nta,2.211,dollars,0.943259385665529,holdout,02825789
MOT,2024-07,is as follows value date nta per unit,dollars,2.1409,1,True,,,,,learn,02825004
PCI,2024-07,,,1.107,0,False,perpetual credit income trust arsn angel place level,1.23,cents,1.1111111111111112,holdout,02824913
MXT,2024-07,is as follows value date nta per unit,dollars,2.0001,1,True,,,,,learn,02824840
GVF,2024-07,,,1.341,0,False,per share at the end of was,1.2997,dollars,0.9692020879940344,learn,02824738
MIR,2024-07,,,3.24,0,False,macquarie technology group arb corporation gentrack group mainfreight,3.3,dollars,1.0185185185185184,learn,02824306
