ticker,month,label,unit,truth,n_matching_labels,matched,nearest_label,nearest_value,nearest_unit,nearest_ratio,split,announcement_id
KIT,2026-06,,,2.0095,0,False,is as follows value date nta per unit,2.0145,dollars,1.002488181139587,learn,03110221
MFF,2026-06,,,4.991,0,False,weekly nta mffadvisesitsgroupweeklyntapershareasatfriday approximates pre tax and,4.214,dollars,0.8443197755960731,learn,03108997
PIC,2026-06,was nta per ordinary share nta before tax,dollars,1.207,2,True,,,,,learn,03109037
PIC,2026-06,nta before tax,dollars,1.207,2,True,,,,,learn,03109037
LSF,2026-06,,,4.317,0,False,per ordinary share f f nta before tax,4.3337,dollars,1.0038684271484828,learn,03108647
PIC,2026-06,,,1.207,0,False,nta before tax,1.202,dollars,0.9958574979287489,learn,03107916
SEC,2026-06,,,2.238,0,False,at estimated nta per share pre tax nta,2.248,dollars,1.0044682752457552,holdout,03107500
MXT,2026-06,,,2.0016,0,False,is as follows value date nta per unit,2.0101,dollars,1.0042466027178258,learn,03107362
PCI,2026-06,at close of business on nta per unit,dollars,1.099,1,True,,,,,holdout,03107308
LSF,2026-06,,,4.317,0,False,per ordinary share f f nta before tax,4.4,dollars,1.0192263145703035,learn,03107093
SEC,2026-06,,,2.238,0,False,nta per share pre tax nta post tax nta,2.279,dollars,1.0183199285075961,holdout,03106616
MXT,2026-06,,,2.0016,0,False,is as follows value date nta per unit,2.0082,dollars,1.0032973621103118,learn,03106512
SET,2026-06,,,1.985,0,False,at estimated nta per share pre tax nta,2.0,dollars,1.0075566750629723,learn,03105593
MOT,2026-06,,,2.1458,0,False,is as follows value date nta per unit,2.1663,dollars,1.0095535464628578,learn,03105496
MEC,2026-06,,,1.6021,0,False,noted below dollars per share estimated nta pre tax,1.541,dollars,0.9618625553960426,learn,03105042
GLS,2026-06,ordinary share nta before tax nta after tax,dollars,1.722,1,True,,,,,learn,03104850
CAM,2026-06,,,0.8225,0,False,nta before tax,0.82,cents,0.9969604863221884,holdout,03104155
RG1,2026-06,,,2.65,0,False,share for regal partners global investments limited was,2.58,dollars,0.9735849056603774,learn,03103993
DJW,2026-06,pre tax nta per share,dollars,3.22,2,True,,,,,learn,03104012
DJW,2026-06,share as at pre tax nta per share,dollars,3.22,2,True,,,,,learn,03104012
SEC,2026-06,,,2.238,0,False,at estimated nta per share pre tax nta,2.259,dollars,1.0093833780160857,holdout,03103816
CD3,2026-06,,,1.58,0,False,unaudited nta value before tax at of,1.57,dollars,0.9936708860759493,learn,03103591
TGF,2026-06,,,3.486,0,False,tgf nta vs share price share price nta,3.5,dollars,1.0040160642570282,holdout,03103570
MXT,2026-06,is as follows value date nta per unit,dollars,2.0016,1,True,,,,,learn,03103234
PIA,2026-06,,,1.3778,0,False,and before tax on unrealised gains and losses,1.3448,cents,0.9760487734068806,holdout,03103068
NSC,2026-06,for the treatment of sleep apnea operating in,cents,0.28,1,True,,,,,holdout,03102974
GLS,2026-06,,,1.722,0,False,ordinary share nta before tax nta after tax,1.6673,dollars,0.9682346109175377,learn,03102957
MOT,2026-06,,,2.1458,0,False,is as follows value date nta per unit,2.1637,dollars,1.0083418771553734,learn,03102782
ALI,2026-06,,,2.75,0,False,unaudited and approximate pre tax nta per share,2.61,dollars,0.9490909090909091,learn,03102314
DJW,2026-06,,,3.22,0,False,pre tax nta per share,3.13,dollars,0.9720496894409937,learn,03102195
RF1,2026-06,,,3.67,0,False,nav per unit of regal investment fund was,3.69,dollars,1.005449591280654,learn,03102101
AUI,2026-06,,,13.75,0,False,is as below weekly pre tax nta per share,13.35,dollars,0.9709090909090908,holdout,03101994
AFI,2026-06,,,7.93,0,False,banking corporation transurban group wesfarmers national australia bank,8.0,dollars,1.008827238335435,learn,03101259
GCI,2026-06,on nta per unit as at,dollars,2.0051,1,True,,,,,learn,03101156
SET,2026-06,,,1.985,0,False,at estimated nta per share pre tax nta,2.0,dollars,1.0075566750629723,learn,03101498
SET,2026-06,,,1.985,0,False,at estimated nta per share pre tax nta,1.991,dollars,1.003022670025189,learn,03101315
WAX,2026-06,,,0.7828,0,False,the australian nta nta dividend paid cents,0.7748999999999999,cents,0.9899080224833928,learn,03101535
MXT,2026-06,is as follows value date nta per unit,dollars,2.0016,1,True,,,,,learn,03100732
GVF,2026-06,,,1.3103,0,False,per share at the end of was,1.2941,dollars,0.9876364191406548,learn,03100623
GLS,2026-06,ordinary share nta before tax nta after tax,dollars,1.722,1,True,,,,,learn,03100436
FSI,2026-06,unrealised gains unrealised gains cents cents,cents,1.538,4,True,,,,,holdout,03100221
FSI,2026-06,tax on unrealised gains unrealised gains cents,cents,1.538,4,True,,,,,holdout,03100221
FSI,2026-06,gains unrealised gains cents cents cents,cents,1.538,4,True,,,,,holdout,03100221
FSI,2026-06,estimated tax on unrealised gains unrealised gains,cents,1.538,4,True,,,,,holdout,03100221
DN1,2026-06,per unit of the dominion income trust was,dollars,100.07,1,True,,,,,learn,03100186
LSF,2026-05,,,4.3778,0,False,per ordinary share f f nta before tax,4.3143,dollars,0.9854949974873225,learn,03099930
MXT,2026-05,,,2.0148,0,False,is as follows value date nta per unit,2.0,dollars,0.9926543577526304,learn,03099752
AMH,2026-05,,,1.05,0,False,pre tax nta per share,1.04,dollars,0.9904761904761905,learn,03099591
PL8,2026-05,,,1.145,0,False,as at nta per share pre tax nta,1.139,dollars,0.994759825327511,learn,03099350
SEC,2026-05,,,2.271,0,False,at estimated nta per share pre tax nta,2.241,dollars,0.9867899603698812,holdout,03099344
GCI,2026-05,on nta per unit as at,dollars,2.0186,1,True,,,,,learn,03099107
PCI,2026-05,,,1.096,0,False,at close of business on nta per unit,1.101,dollars,1.0045620437956204,holdout,03098065
KKC,2026-05,,,2.3236,0,False,previous nta estimate,2.329,dollars,1.0023239800309864,learn,03098431
MXT,2026-05,is as follows value date nta per unit,dollars,2.0148,1,True,,,,,learn,03098148
LGF,2026-05,,,1.8254,0,False,nta before tax f f nta after tax,1.8073,dollars,0.9900843650706694,holdout,03097826
SEC,2026-05,,,2.271,0,False,at estimated nta per share pre tax nta,2.223,dollars,0.9788639365918097,holdout,03097776
MOT,2026-05,,,2.1615,0,False,is as follows value date nta per unit,2.1679,dollars,1.0029609067777006,learn,03097252
CIN,2026-05,,,45.19,0,False,,,,,learn,03097194
DJW,2026-05,,,3.14,0,False,pre tax nta per share,3.13,dollars,0.9968152866242037,learn,03097175
HM1,2026-05,,,3.52,0,False,nta per share pre tax nta,3.43,dollars,0.9744318181818182,learn,03096999
MXT,2026-05,,,2.0148,0,False,is as follows value date nta per unit,2.0102,dollars,0.997716894977169,learn,03096753
LGF,2026-05,,,1.8254,0,False,nta backings per ordinary share nta before tax,1.8361,dollars,1.0058617289361236,holdout,03095591
SEC,2026-05,,,2.271,0,False,at estimated nta per share pre tax nta,2.171,dollars,0.9559665345662703,holdout,03095553
PCI,2026-05,,,1.096,0,False,at close of business on nta per unit,1.1,dollars,1.0036496350364963,holdout,03094915
BKI,2026-05,,,2.04,0,False,per share as at below pre tax nta,2.0,dollars,0.9803921568627451,holdout,03094901
PIC,2026-05,,,1.201,0,False,nta before tax,1.175,dollars,0.9783513738551207,learn,03095035
TCF,2026-05,price unit nav commercial unit price unit nav,dollars,5.948,2,True,,,,,learn,03094948
TCF,2026-05,unit nav,dollars,5.948,2,True,,,,,learn,03094948
HM1,2026-05,,,3.52,0,False,nta per share pre tax nta,3.36,dollars,0.9545454545454545,learn,03094735
GC1,2026-05,,,0.72,0,False,nta as at are as follows nta,0.6917,dollars,0.9606944444444444,holdout,03094520
LSF,2026-05,,,4.3778,0,False,per ordinary share f f nta before tax,4.2533,dollars,0.9715610580656953,learn,03094205
ECL,2026-05,,,0.9572,0,False,cents as at nta before all taxes,0.9466,cents,0.9889260342666109,learn,03093991
PCI,2026-05,,,1.096,0,False,at close of business on nta per unit,1.099,dollars,1.0027372262773722,holdout,03093958
TEK,2026-05,,,0.221,0,False,previous month before tax after tax,0.22399999999999998,cents,1.0135746606334841,holdout,03093926
PIC,2026-05,before tax paid s p asx acc index excess returns,dollars,1.201,1,True,,,,,learn,03093905
MOT,2026-05,is as follows value date nta per unit,dollars,2.1615,1,True,,,,,learn,03093778
KIT,2026-05,is as follows value date nta per unit,dollars,2.0047,1,True,,,,,learn,03093566
SEC,2026-05,as at nta per share pre tax nta,dollars,2.271,1,True,,,,,holdout,03093229
GFL,2026-05,,,4.189,0,False,unrealised gains at cents cents at,4.165,cents,0.9942707089997612,learn,03093042
BEL,2026-05,,,0.0099,0,False,limited lel materials other listed securities various various,0.01,dollars,1.01010101010101,learn,03093061
MEC,2026-05,,,1.5624,0,False,noted below dollars per share estimated nta pre tax,1.4512,dollars,0.9288274449564773,learn,03093346
GLS,2026-05,,,1.69,0,False,ordinary share nta before tax nta after tax,1.6841,dollars,0.996508875739645,learn,03093359
LRT,2026-05,,,2.7184,0,False,unit of the trust as at was,2.7765,dollars,1.0213728663919952,learn,03092955
ALI,2026-05,,,2.61,0,False,unaudited and approximate pre tax nta per share,2.0,dollars,0.7662835249042146,learn,03092844
AMH,2026-05,,,1.05,0,False,pre tax nta per share,1.04,dollars,0.9904761904761905,learn,03092536
MIR,2026-05,,,2.76,0,False,pre tax nta per share,2.78,dollars,1.0072463768115942,learn,03092501
KKC,2026-05,,,2.3236,0,False,current nta estimate,2.3189,dollars,0.9979772766396972,learn,03092490
HM1,2026-05,,,3.52,0,False,nta per share pre tax nta,3.36,dollars,0.9545454545454545,learn,03092396
SEC,2026-05,,,2.271,0,False,at estimated nta per share pre tax nta,2.282,dollars,1.0048436811977104,holdout,03091795
SEC,2026-05,,,2.271,0,False,nta per share pre tax nta post tax nta,2.26,dollars,0.9951563188022897,holdout,03091652
SEC,2026-05,,,2.271,0,False,as at nta per share pre tax nta,2.263,dollars,0.9964773227653017,holdout,03091426
SET,2026-05,,,1.991,0,False,at estimated nta per share pre tax nta,2.0,dollars,1.0045203415369162,learn,03091267
PCI,2026-05,at close of business on nta per unit,dollars,1.096,1,True,,,,,holdout,03090544
SET,2026-05,,,1.991,0,False,as at nta per share pre tax nta,2.0,dollars,1.0045203415369162,learn,03090724
LGF,2026-05,,,1.8254,0,False,ordinary share nta before tax nta after tax,1.8152,dollars,0.994412183630985,holdout,03090836
TGF,2026-05,,,3.6933,0,False,estimated nta pre tax,3.53,dollars,0.9557847995018005,holdout,03090022
MFF,2026-05,,,4.811,0,False,weekly nta per share as at approximates,4.787,dollars,0.9950114321346913,learn,03090104
AMH,2026-05,,,1.05,0,False,pre tax nta per share,1.04,dollars,0.9904761904761905,learn,03089913
LRT,2026-05,,,2.7184,0,False,unit of the trust as at was,2.6918,dollars,0.9902148322542673,learn,03089889
BKI,2026-05,,,2.04,0,False,per share as at below pre tax nta,2.02,dollars,0.9901960784313726,holdout,03089863
RG1,2026-05,,,2.59,0,False,share for regal partners global investments limited was,2.55,dollars,0.9845559845559846,learn,03089840
LSF,2026-05,,,4.3778,0,False,taxes l long short fund limited phone acn,4.18,cents,0.9548174882361004,learn,03089771
PIC,2026-04,was nta per ordinary share nta before tax,dollars,1.174,2,True,,,,,learn,03089539
PIC,2026-04,nta before tax,dollars,1.174,2,True,,,,,learn,03089539
PIC,2026-04,was nta per ordinary share nta before tax,dollars,1.174,2,True,,,,,learn,03087891
PIC,2026-04,nta before tax,dollars,1.174,2,True,,,,,learn,03087891
GCI,2026-04,,,2.0064,0,False,governor macquarie tower farrer place sydney nsw p,2.0,dollars,0.996810207336523,learn,03087783
PCI,2026-04,,,1.096,0,False,at close of business on nta per unit,1.102,dollars,1.0054744525547445,holdout,03087720
SET,2026-04,at estimated nta per share pre tax nta,dollars,1.951,1,True,,,,,learn,03087914
PIA,2026-04,,,1.3174,0,False,pia pengana international equities limited pengana com pia acn,1.07,cents,0.8122058600273266,holdout,03088258
WQG,2026-04,,,1.942,0,False,nta before tax,1.958,dollars,1.008238928939238,learn,03086820
AUI,2026-04,,,13.27,0,False,is as below weekly pre tax nta per share,13.34,dollars,1.0052750565184627,holdout,03086726
SET,2026-04,,,1.951,0,False,at estimated nta per share pre tax nta,1.962,dollars,1.0056381342901075,learn,03086628
SET,2026-04,,,1.951,0,False,at estimated nta per share pre tax nta,1.965,dollars,1.0071758072783188,learn,03086313
GC1,2026-04,nta as at are as follows nta,dollars,0.6751,1,True,,,,,holdout,03086199
MOT,2026-04,,,2.1585,0,False,is as follows value date nta per unit,2.1666,dollars,1.0037526059763724,learn,03085924
AIQ,2026-04,,,1.4842,0,False,entity one managed investment funds limited management fee,1.5,dollars,1.0106454655706778,learn,03085648
PIC,2026-04,,,1.174,0,False,nta after tax,1.192,dollars,1.0153321976149916,learn,03085276
PIC,2026-04,,,1.174,0,False,nta after tax,1.186,dollars,1.010221465076661,learn,03084804
PCI,2026-04,,,1.096,0,False,at close of business on nta per unit,1.1,dollars,1.0036496350364963,holdout,03084740
GCI,2026-04,,,2.0064,0,False,governor macquarie tower farrer place sydney nsw p,2.0,dollars,0.996810207336523,learn,03084300
ARG,2026-04,,,10.44,0,False,and approximate pre tax nta per share,10.68,dollars,1.0229885057471264,learn,03084291
LSF,2026-04,,,4.1052,0,False,taxes l long short fund limited phone acn,4.18,cents,1.0182207931404073,learn,03084059
OPH,2026-04,,,2.9334,0,False,company limited ophir asset management pty ltd abn,3.0,dollars,1.022704029453876,learn,03084101
RF1,2026-04,,,3.67,0,False,nav per unit of regal investment fund was,3.7,dollars,1.008174386920981,learn,03084148
GC1,2026-04,,,0.6751,0,False,as at are as follows nta nta,0.6723,dollars,0.9958524663012887,holdout,03083932
MXT,2026-04,,,2.0009,0,False,is as follows value date nta per unit,2.0076,dollars,1.0033484931780698,learn,03083828
PIC,2026-04,,,1.174,0,False,nta after tax,1.181,dollars,1.005962521294719,learn,03083435
MEC,2026-04,,,1.4465,0,False,noted below dollars per share estimated nta pre tax,1.3334,dollars,0.9218112685793294,learn,03083384
PIC,2026-04,,,1.174,0,False,nta after tax,1.179,dollars,1.0042589437819422,learn,03082997
GCI,2026-04,,,2.0064,0,False,governor macquarie tower farrer place sydney nsw p,2.0,dollars,0.996810207336523,learn,03082917
MXT,2026-04,,,2.0009,0,False,is as follows value date nta per unit,2.0067,dollars,1.0028986955869859,learn,03082892
MXT,2026-04,,,2.0009,0,False,is as follows value date nta per unit,2.0063,dollars,1.002698785546504,learn,03082438
IBC,2026-04,,,0.578,0,False,comparative purposes nta per ordinary share month end,0.31,cents,0.5363321799307958,learn,03081977
CDO,2026-04,,,2.36,0,False,estimated pre tax nta of and post tax nta of,2.5,dollars,1.0593220338983051,learn,03081968
BHD,2026-04,,,0.2536,0,False,years and current year s tax losses at,0.25,cents,0.9858044164037855,holdout,03081996
SEC,2026-04,,,2.263,0,False,nta per share pre tax nta post tax nta,2.278,dollars,1.0066283694211224,holdout,03082108
NSC,2026-04,calculated using the closing share price of,dollars,0.31,4,True,,,,,holdout,03081729
NSC,2026-04,share price of holdings since inception dividend yield,dollars,0.31,4,True,,,,,holdout,03081729
NSC,2026-04,abn monthly nta and portfolio update as at,cents,0.31,4,True,,,,,holdout,03081729
NSC,2026-04,cents per share and is calculated using the,cents,0.31,4,True,,,,,holdout,03081729
GC1,2026-04,,,0.6751,0,False,nta as at are as follows nta,0.6723,dollars,0.9958524663012887,holdout,03081575
PIC,2026-04,ordinary share nta before tax nta after tax,dollars,1.174,2,True,,,,,learn,03081556
PIC,2026-04,nta after tax,dollars,1.174,2,True,,,,,learn,03081556
PCI,2026-04,at close of business on nta per unit,dollars,1.096,1,True,,,,,holdout,03081439
LSF,2026-04,,,4.1052,0,False,taxes l long short fund limited phone acn,4.18,cents,1.0182207931404073,learn,03081292
KIT,2026-04,,,2.0098,0,False,any queries please contact kapstream investment trust on,2.0,dollars,0.9951238929246692,learn,03081051
WGB,2026-04,,,2.2292,0,False,per share payable on the shares will,2.1978999999999997,cents,0.9859590884622285,holdout,03080857
LSF,2026-04,,,4.1052,0,False,taxes l long short fund limited phone acn,4.18,cents,1.0182207931404073,learn,03080682
ARG,2026-04,,,10.44,0,False,and approximate pre tax nta per share,10.33,dollars,0.9894636015325671,learn,03079825
TGF,2026-04,,,3.4772,0,False,estimated nta pre tax,3.46,dollars,0.9950534913148511,holdout,03079812
GVF,2026-04,,,1.2533,0,False,per share at the end of was,1.2155,dollars,0.9698396233942391,learn,03079794
RG8,2026-04,,,3.36,0,False,ordinary share for regal asian investments limited was,3.07,dollars,0.9136904761904762,learn,03079685
FPC,2026-04,,,1.8173,0,False,fund as at st amount pre tax nta,1.8635,dollars,1.0254223298299676,learn,03079560
DN1,2026-04,,,100.09,0,False,per unit of the dominion income trust was,100.33,dollars,1.002397841942252,learn,03079169
PL8,2026-04,,,1.132,0,False,as at nta per share pre tax nta,1.127,dollars,0.995583038869258,learn,03079452
LSF,2026-03,,,3.8617,0,False,per ordinary share f f nta before tax,3.7158,dollars,0.9622187119662325,learn,03078828
MXT,2026-03,,,2.0133,0,False,is as follows value date nta per unit,2.0,dollars,0.9933939303630854,learn,03078655
MXT,2026-03,is as follows value date nta per unit,dollars,2.0133,1,True,,,,,learn,03077938
MFF,2026-03,,,4.585,0,False,nta mff advises itsgroupweeklynta pershareasat friday approximates,4.422,dollars,0.9644492911668484,learn,03077441
RF1,2026-03,,,3.55,0,False,nav per unit of regal investment fund was,3.5,dollars,0.9859154929577465,learn,03077184
PGF,2026-03,,,2.6161,0,False,nta before tax accruals,2.54,dollars,0.9709108979014565,learn,03077171
LSF,2026-03,,,3.8617,0,False,per ordinary share f f nta before tax,3.8293,dollars,0.9916099127327342,learn,03076523
PIC,2026-03,was nta per ordinary share nta before tax,dollars,1.135,2,True,,,,,learn,03076376
PIC,2026-03,nta before tax,dollars,1.135,2,True,,,,,learn,03076376
PCI,2026-03,,,1.094,0,False,at close of business on nta per unit,1.102,dollars,1.0073126142595978,holdout,03076267
LRT,2026-03,,,2.5833,0,False,unit of the trust as at was,2.5057,dollars,0.9699609027213255,learn,03075224
AUI,2026-03,,,12.9,0,False,is as below weekly pre tax nta per share,12.72,dollars,0.986046511627907,holdout,03075117
LSF,2026-03,per ordinary share f f nta before tax,dollars,3.8617,1,True,,,,,learn,03074676
OPH,2026-03,is as follows value date nav per unit,dollars,2.8304,1,True,,,,,learn,03074744
MIR,2026-03,,,2.72,0,False,pre tax nta per share,2.71,dollars,0.9963235294117646,learn,03074786
AMH,2026-03,,,1.02,0,False,pre tax nta per share,1.01,dollars,0.9901960784313726,learn,03074792
PL8,2026-03,,,1.12,0,False,nta per share pre tax nta post tax nta,1.131,dollars,1.0098214285714284,learn,03074551
PCI,2026-03,,,1.094,0,False,at close of business on nta per unit,1.102,dollars,1.0073126142595978,holdout,03074365
MOT,2026-03,,,2.1581,0,False,is as follows value date nta per unit,2.1638,dollars,1.0026412121773782,learn,03073995
GCI,2026-03,,,2.0068,0,False,governor macquarie tower farrer place sydney nsw p,2.0,dollars,0.9966115208291807,learn,03073534
MOT,2026-03,,,2.1581,0,False,is as follows value date nta per unit,2.1637,dollars,1.0025948751216347,learn,03073101
LRT,2026-03,,,2.5833,0,False,unit of the trust as at was,2.875,dollars,1.1129175860333682,learn,03072972
WQG,2026-03,,,1.84,0,False,before tax nta after tax closing share price,1.77,dollars,0.9619565217391304,learn,03072924
AUI,2026-03,,,12.9,0,False,is as below weekly pre tax nta per share,12.95,dollars,1.003875968992248,holdout,03072821
SEC,2026-03,,,2.271,0,False,nta per share pre tax nta post tax nta,2.301,dollars,1.013210039630119,holdout,03072790
PIC,2026-03,was nta per ordinary share nta before tax,dollars,1.135,2,True,,,,,learn,03072643
PIC,2026-03,nta before tax,dollars,1.135,2,True,,,,,learn,03072643
AMH,2026-03,,,1.02,0,False,company secretary amcil limited abn share registrar level,1.01,cents,0.9901960784313726,learn,03072437
HM1,2026-03,,,3.17,0,False,nta per share pre tax nta,3.16,dollars,0.9968454258675079,learn,03072319
CD2,2026-03,,,0.65,0,False,unit fund inception last months since inception return,0.67,dollars,1.0307692307692309,learn,03071834
BHD,2026-03,years and current year s tax losses at,cents,0.2499,1,True,,,,,holdout,03071862
KAT,2026-03,,,1.477,0,False,after tax nta backing per share before tax,1.5,dollars,1.0155721056194988,learn,03071552
SB2,2026-03,,,0.798,0,False,nta xso xtx xec xsi listed unlisted cash,0.8,dollars,1.0025062656641603,learn,03071448
CAM,2026-03,,,0.8025,0,False,nta before tax,0.8,dollars,0.9968847352024923,holdout,03071277
KKC,2026-03,,,2.31,0,False,current nta estimate,2.3192,dollars,1.003982683982684,learn,03071173
SEC,2026-03,,,2.271,0,False,at estimated nta per share pre tax nta,2.417,dollars,1.0642888595332451,holdout,03071003
PIA,2026-03,,,1.2617,0,False,tax on unrealised gains losses nta value after tax,1.2816999999999998,cents,1.0158516287548545,holdout,03070612
NCC,2026-03,calculated using the closing share price of,dollars,0.43,3,True,,,,,holdout,03070596
NCC,2026-03,share price of holdings since inception dividend yield,dollars,0.43,3,True,,,,,holdout,03070596
NCC,2026-03,fy fy fy fy fy fy fy fy,dollars,0.43,3,True,,,,,holdout,03070596
OEQ,2026-03,,,0.4116,0,False,nta m m pre tax nta backing per share,0.4181,dollars,1.0157920310981536,holdout,03069976
KKC,2026-03,,,2.31,0,False,previous nta estimate,2.3264,dollars,1.007099567099567,learn,03069632
BKI,2026-03,this document bki nta and monthly report,dollars,2.0,4,True,,,,,holdout,03069050
BKI,2026-03,portfolio positions based on bki share price at,dollars,2.0,4,True,,,,,holdout,03069050
BKI,2026-03,dividend of cps was up on last year,dollars,2.0,4,True,,,,,holdout,03069050
BKI,2026-03,cps telstra group woodside energy group wesfarmers limited,dollars,2.0,4,True,,,,,holdout,03069050
GCI,2026-03,on nta per unit as at mach,dollars,2.0068,1,True,,,,,learn,03068823
MRE,2026-03,,,2.467,0,False,nta per unit set value date post tax,2.4478,dollars,0.9922172679367652,learn,03068421
GCI,2026-03,on nta per unit as at mach,dollars,2.0068,1,True,,,,,learn,03068346
MXT,2026-03,,,2.0133,0,False,is as follows value date nta per unit,2.0012,dollars,0.9939899667213032,learn,03067927
MOT,2026-03,is as follows value date nta per unit,dollars,2.1581,1,True,,,,,learn,03067358
RG1,2026-02,share for regal partners global investments limited was,dollars,2.64,2,True,,,,,learn,03067171
RG1,2026-02,applicable fees and charges the nta value of,dollars,2.64,2,True,,,,,learn,03067171
PIC,2026-02,,,1.277,0,False,nta before tax,1.272,dollars,0.9960845732184809,learn,03066748
PCI,2026-02,at close of business on nta per unit,dollars,1.099,1,True,,,,,holdout,03066537
MEC,2026-02,,,1.3561,0,False,noted below dollars per share estimated nta pre tax,1.3684,dollars,1.0090701275717129,learn,03066453
MOT,2026-02,,,2.1579,0,False,is as follows value date nta per unit,2.1651,dollars,1.0033365772278602,learn,03065756
LSF,2026-02,,,4.3304,0,False,per ordinary share f f nta before tax,4.2932,dollars,0.9914095695547754,learn,03064507
MFF,2026-02,,,4.728,0,False,weekly nta mff advisesitsgroup weeklynta pershareasatfriday approximates,4.856,dollars,1.027072758037225,learn,03063517
BKI,2026-02,,,2.05,0,False,payment of the fy interim dividend pre tax nta,2.02,dollars,0.9853658536585367,holdout,03063232
FPC,2026-02,,,2.1916,0,False,fund as at th amount pre tax nta,2.1009,dollars,0.9586147107136339,learn,03062629
LSF,2026-02,,,4.3304,0,False,per ordinary share f f nta before tax,4.2483,dollars,0.9810410123776095,learn,03062553
PIC,2026-02,,,1.277,0,False,nta before tax,1.256,dollars,0.9835552075176195,learn,03062373
PCI,2026-02,,,1.099,0,False,at close of business on nta per unit,1.104,dollars,1.0045495905368518,holdout,03062283
MOT,2026-02,is as follows value date nta per unit,dollars,2.1579,1,True,,,,,learn,03061753
KKC,2026-02,,,2.3317,0,False,current nta estimate,2.3541,dollars,1.009606724707295,learn,03062151
DUI,2026-02,,,6.47,0,False,is as below weekly pre tax nta per share,6.44,dollars,0.9953632148377126,holdout,03060956
WQG,2026-02,,,2.013,0,False,growth limited t abn w associateglobal com level,2.0,dollars,0.9935419771485345,learn,03060914
AUI,2026-02,,,13.75,0,False,is as below weekly pre tax nta per share,13.59,dollars,0.9883636363636363,holdout,03060961
PL8,2026-02,,,1.214,0,False,as at nta per share pre tax nta,1.157,dollars,0.9530477759472817,learn,03060271
PIC,2026-02,,,1.277,0,False,nta before tax,1.259,dollars,0.9859044635865309,learn,03060246
GC1,2026-02,fy fy fy fy fy fy fy fy,dollars,0.72,1,True,,,,,holdout,03060156
MXT,2026-02,is as follows value date nta per unit,dollars,2.0002,1,True,,,,,learn,03060100
TEK,2026-02,,,0.243,0,False,tax asx code tek structure listed investment,0.25,cents,1.02880658436214,holdout,03060085
TGF,2026-02,,,4.0498,0,False,fytd,4.07,dollars,1.0049879006370686,holdout,03059976
WMX,2026-02,,,1.6743,0,False,dividend frequency fully franked dividend payable on,1.65,dollars,0.9854864719584304,learn,03059920
FPC,2026-02,,,2.1916,0,False,pre tax nta,2.0882,dollars,0.952819857638255,learn,03059404
PIC,2026-02,was nta per ordinary share nta before tax,dollars,1.277,2,True,,,,,learn,03059218
PIC,2026-02,nta before tax,dollars,1.277,2,True,,,,,learn,03059218
REV,2026-02,please contact revolution private credit income trust on,dollars,2.0,1,True,,,,,learn,03059176
PCI,2026-02,,,1.099,0,False,at close of business on nta per unit,1.103,dollars,1.0036396724294814,holdout,03058676
ALI,2026-02,,,2.75,0,False,nta per share nta per share,2.62,dollars,0.9527272727272728,learn,03058947
AUI,2026-02,,,13.75,0,False,is as below weekly pre tax nta per share,13.2,dollars,0.96,holdout,03058435
TGF,2026-02,,,4.0498,0,False,com sydney nsw australia raffles place singapore abn,4.18,cents,1.0321497357894216,holdout,03058191
LSX,2026-02,,,1.183,0,False,nta per share as at before tax,1.153,cents,0.9746407438715131,holdout,03058158
LSF,2026-02,,,4.3304,0,False,were nta per ordinary share nta before tax,4.3044,dollars,0.9939959357103271,learn,03057984
AFI,2026-02,,,8.1,0,False,before tax after tax cum div,8.0,dollars,0.9876543209876544,learn,03057578
LF1,2026-02,fund was as follows nta per unit,dollars,1.98,2,True,,,,,learn,03057488
LF1,2026-02,nta per unit,dollars,1.98,2,True,,,,,learn,03057488
DUI,2026-02,,,6.47,0,False,the company s ordinary shares at was,6.38,dollars,0.9860896445131376,holdout,03057408
MOT,2026-02,is as follows value date nta per unit,dollars,2.1579,1,True,,,,,learn,03057223
KKC,2026-02,,,2.3317,0,False,current nta estimate,2.3591,dollars,1.0117510829008878,learn,03057152
LSF,2026-02,,,4.3304,0,False,were nta per ordinary share nta before tax,4.3808,dollars,1.0116386476999815,learn,03056977
MXT,2026-02,is as follows value date nta per unit,dollars,2.0002,1,True,,,,,learn,03056774
MXT,2026-02,is as follows value date nta per unit,dollars,2.0002,1,True,,,,,learn,03056341
MXT,2026-02,limited level exchange centre bridge street sydney nsw,dollars,2.0002,1,True,,,,,learn,03055831
PCI,2026-02,at close of business on nta per unit,dollars,1.099,1,True,,,,,holdout,03055742
LSF,2026-02,,,4.3304,0,False,per ordinary share f f nta before tax,4.4084,dollars,1.0180121928690191,learn,03055997
SEC,2026-01,,,2.582,0,False,at estimated nta per share pre tax nta,2.61,dollars,1.010844306738962,holdout,03055354
GC1,2026-01,,,0.71,0,False,as at are as follows nta nta,0.7163,dollars,1.0088732394366198,holdout,03055321
PCI,2026-01,at close of business on nta per unit,dollars,1.099,1,True,,,,,holdout,03054905
MXT,2026-01,is as follows value date nta per unit,dollars,2.0136,1,True,,,,,learn,03053052
TGF,2026-01,,,3.928,0,False,estimated nta pre tax,3.99,dollars,1.0157841140529533,holdout,03052966
DJW,2026-01,,,3.33,0,False,pre tax nta per share,3.38,dollars,1.015015015015015,learn,03052868
AFI,2026-01,,,8.0,0,False,pre tax nta per share,7.95,dollars,0.99375,learn,03052863
GCI,2026-01,,,2.01,0,False,on nta per unit as at,2.0177,dollars,1.0038308457711445,learn,03052449
OPH,2026-01,the worst performing sectors inflation fell from to,dollars,3.4007,1,True,,,,,learn,03051855
SEC,2026-01,,,2.582,0,False,spheria emerging companies limited level,2.64,cents,1.0224632068164214,holdout,03051785
PIA,2026-01,,,1.3706,0,False,tax on unrealised gains losses nta value after tax,1.3843,cents,1.009995622355173,holdout,03051559
GLS,2026-01,,,1.76,0,False,nta backings per ordinary share nta before tax,1.6881,dollars,0.9591477272727272,learn,03051590
ALI,2026-01,,,2.62,0,False,and approximate pre tax nta per share,2.61,dollars,0.9961832061068702,learn,03051209
MOT,2026-01,,,2.168,0,False,is as follows value date nta per unit,2.1611,dollars,0.9968173431734316,learn,03051020
AFI,2026-01,,,8.0,0,False,pre tax nta per share,8.05,dollars,1.00625,learn,03050885
RG1,2026-01,,,2.71,0,False,share for regal partners global investments limited was,2.69,dollars,0.992619926199262,learn,03050853
GC1,2026-01,,,0.71,0,False,as at are as follows nta nta,0.7202,dollars,1.0143661971830986,holdout,03050686
PL8,2026-01,,,1.171,0,False,as at nta per share pre tax nta,1.16,dollars,0.9906063193851408,learn,03050650
MXT,2026-01,,,2.0136,0,False,is as follows value date nta per unit,2.0069,dollars,0.9966726261422328,learn,03050568
AIQ,2026-01,,,1.5265,0,False,change per unit aud usd aiq impact with hedging,1.5,dollars,0.982640026203734,learn,03050498
LSF,2026-01,,,4.3933,0,False,per ordinary share f f nta before tax,4.2463,dollars,0.966539958573282,learn,03050395
MOT,2026-01,,,2.168,0,False,is as follows value date nta per unit,2.161,dollars,0.996771217712177,learn,03050210
HM1,2026-01,,,3.61,0,False,in global securities based on the pre tax nta,3.6,dollars,0.997229916897507,learn,03049761
SNC,2026-01,,,0.9096,0,False,investments limited nta before tax nta after tax,0.9221,dollars,1.0137423043095868,learn,03049044
LSF,2026-01,,,4.3933,0,False,taxes l long short fund limited phone acn,4.18,cents,0.9514487970318439,learn,03049207
SEC,2026-01,,,2.582,0,False,at estimated nta per share pre tax nta,2.637,dollars,1.0213013168086755,holdout,03048964
KKC,2026-01,,,2.3568,0,False,previous nta estimate,2.3625,dollars,1.002418533604888,learn,03048905
NAC,2026-01,,,0.74,0,False,return fy fy,0.73,dollars,0.9864864864864865,holdout,03048861
PL8,2026-01,,,1.171,0,False,as at nta per share pre tax nta,1.161,dollars,0.9914602903501281,learn,03048750
PCI,2026-01,at close of business on nta per unit,dollars,1.099,1,True,,,,,holdout,03048620
MEC,2026-01,,,1.3517,0,False,noted below dollars per share estimated nta pre tax,1.3483,dollars,0.9974846489605683,learn,03048598
CIN,2026-01,,,44.89,0,False,,,,,learn,03048260
LSX,2026-01,,,1.153,0,False,of portfolio m as at m m,1.22,cents,1.0581092801387684,holdout,03048229
GLS,2026-01,,,1.76,0,False,nta backings per ordinary share nta before tax,1.654,dollars,0.9397727272727272,learn,03048191
MXT,2026-01,,,2.0136,0,False,is as follows value date nta per unit,2.0031,dollars,0.9947854588796187,learn,03047933
FSI,2026-01,,,1.981,0,False,investments limited level corporate centre one tel abn,2.0,dollars,1.0095911155981827,holdout,03047609
TCF,2026-01,as follows value date nav per unit,dollars,5.936,1,True,,,,,learn,03047127
PCI,2026-01,at close of business on nta per unit,dollars,1.099,1,True,,,,,holdout,03047261
MIR,2026-01,,,3.18,0,False,mir share price asx closing price on,3.12,dollars,0.9811320754716981,learn,03046963
MFF,2026-01,,,5.077,0,False,home depot montaka global fund active etf microsoft,5.1,dollars,1.004530234390388,learn,03046813
MXT,2026-01,,,2.0136,0,False,is as follows value date nta per unit,2.0004,dollars,0.9934445768772349,learn,03046748
GCI,2026-01,,,2.01,0,False,arsn asx announcement,2.0,dollars,0.9950248756218907,learn,03046665
SEC,2025-12,,,2.616,0,False,at estimated nta per share pre tax nta,2.625,dollars,1.003440366972477,holdout,03046453
GLS,2025-12,,,1.654,0,False,f nta before tax f nta after tax,1.6268,dollars,0.9835550181378477,learn,03046273
LSF,2025-12,,,3.9987,0,False,per ordinary share f f nta before tax,3.9793,dollars,0.9951484232375521,learn,03046250
SEC,2025-12,,,2.616,0,False,at estimated nta per share pre tax nta,2.626,dollars,1.0038226299694188,holdout,03046219
PIC,2025-12,,,1.296,0,False,nta before tax,1.292,dollars,0.9969135802469136,learn,03046182
TGF,2025-12,,,3.4153,0,False,estimated nta pre tax,3.45,dollars,1.010160161625626,holdout,03045844
AFI,2025-12,,,7.9,0,False,pre tax nta per share,7.93,dollars,1.0037974683544304,learn,03045806
HM1,2025-12,,,3.6,0,False,nta per share pre tax nta,3.63,dollars,1.0083333333333333,learn,03045780
GCI,2025-12,,,2.0091,0,False,on nta per unit as at,2.0182,dollars,1.0045293912697228,learn,03045471
CIN,2025-12,,,44.41,0,False,,,,,learn,03044236
ARG,2025-12,and approximate pre tax nta per share,dollars,10.34,1,True,,,,,learn,03044229
MIR,2025-12,,,3.27,0,False,pre tax nta per share,3.24,dollars,0.9908256880733946,learn,03044201
AMH,2025-12,pre tax nta per share,dollars,1.12,2,True,,,,,learn,03044191
AMH,2025-12,share as at pre tax nta per share,dollars,1.12,2,True,,,,,learn,03044191
KKC,2025-12,,,2.37,0,False,current nta estimate,2.3751,dollars,1.0021518987341773,learn,03044111
RF1,2025-12,,,3.84,0,False,nav per unit of regal investment fund was,3.78,dollars,0.984375,learn,03044037
PL8,2025-12,,,1.161,0,False,a reliable indicator of future performance pre tax nta,1.155,dollars,0.9948320413436692,learn,03043065
GCI,2025-12,,,2.0091,0,False,on nta per unit as at,2.0159,dollars,1.0033846000696829,learn,03042979
MOT,2025-12,is as follows value date nta per unit,dollars,2.1553,1,True,,,,,learn,03042344
SEC,2025-12,,,2.616,0,False,at estimated nta per share pre tax nta,2.603,dollars,0.9950305810397554,holdout,03041978
PCI,2025-12,at close of business on nta per unit,dollars,1.098,1,True,,,,,holdout,03041263
AUI,2025-12,,,13.11,0,False,is as below weekly pre tax nta per share,13.15,dollars,1.0030511060259344,holdout,03041552
OPH,2025-12,,,3.4364,0,False,is as follows value date nav per unit,3.384,dollars,0.9847514841112792,learn,03041017
BHD,2025-12,,,0.2668,0,False,in cents is cents nta before tax,0.2655,cents,0.9951274362818592,holdout,03040853
MOT,2025-12,is as follows value date nta per unit,dollars,2.1553,1,True,,,,,learn,03040678
FGX,2025-12,,,1.4777,0,False,since inception the investment portfolio has cents,1.4671,cents,0.992826690126548,learn,03040870
WMA,2025-12,,,1.1832,0,False,opportunities beyond traditional assets nta nta tax paid,1.1743999999999999,cents,0.9925625422582826,learn,03040479
WMX,2025-12,share before tax s p asx accumulation index and benchmark,dollars,1.61,1,True,,,,,learn,03040466
FPC,2025-12,,,1.9461,0,False,at th amount pre tax nta pre tax nta,1.8907,dollars,0.97153280920816,learn,03040348
LSF,2025-12,,,3.9987,0,False,were nta per ordinary share nta before tax,3.8679,dollars,0.9672893690449397,learn,03040284
SEC,2025-12,at estimated nta per share pre tax nta,dollars,2.616,1,True,,,,,holdout,03040238
PCI,2025-12,at close of business on nta per unit,dollars,1.098,1,True,,,,,holdout,03040053
GCI,2025-12,on nta per unit as at,dollars,2.0091,1,True,,,,,learn,03038970
NCC,2025-12,share price of holdings since inception dividend yield,dollars,0.5,2,True,,,,,holdout,03039251
NCC,2025-12,portfolio update as at fully franked dividends,cents,0.5,2,True,,,,,holdout,03039251
NSC,2025-12,,,0.4,0,False,share price of holdings since inception dividend yield,0.3975,dollars,0.99375,holdout,03039245
WAX,2025-12,,,1.0032,0,False,beenfoserse efexeps and taxes wam research limited abn,1.0,cents,0.996810207336523,learn,03038861
PE1,2025-12,net asset value,cents,1.6745,2,True,,,,,learn,03038814
PE1,2025-12,nav as at cents per unit nav,cents,1.6745,2,True,,,,,learn,03038814
GCI,2025-12,on nta per unit as at,dollars,2.0091,1,True,,,,,learn,03038384
MIR,2025-12,,,3.27,0,False,pre tax nta per share,3.28,dollars,1.003058103975535,learn,03038243
MOT,2025-12,is as follows value date nta per unit,dollars,2.1553,1,True,,,,,learn,03037682
DUI,2025-12,the company s ordinary shares at was,dollars,6.38,1,True,,,,,holdout,03037358
BEL,2025-12,,,0.0166,0,False,nta components m m investment strike resources limited,0.0161,cents,0.9698795180722891,learn,03036671
GCI,2025-12,on nta per unit as at,dollars,2.0091,1,True,,,,,learn,03036458
QRI,2025-12,is as follows value date nta per unit,dollars,1.6002,1,True,,,,,holdout,03036397
HCF,2025-12,month month nta per share before deferred tax,dollars,0.01,2,True,,,,,holdout,03036334
HCF,2025-12,deferred tax nta per share after all taxes,dollars,0.01,2,True,,,,,holdout,03036334
PIC,2025-12,,,1.296,0,False,nta before tax,1.261,dollars,0.9729938271604938,learn,03035819
MOT,2025-11,is as follows value date nta per unit,dollars,2.1529,1,True,,,,,learn,03035162
BKI,2025-11,per share as at below pre tax nta,dollars,1.94,1,True,,,,,holdout,03034926
TGF,2025-11,,,2.8188,0,False,estimated nta pre tax,2.81,dollars,0.9968781041577977,holdout,03034744
OPH,2025-11,prior value date nav per unit month end,dollars,3.5165,1,True,,,,,learn,03034662
SEC,2025-11,,,2.653,0,False,spheria emerging companies limited level,2.64,cents,0.9950998869204675,holdout,03034346
PCI,2025-11,,,1.097,0,False,at close of business on nta per unit,1.101,dollars,1.0036463081130356,holdout,03032325
MXT,2025-11,is as follows value date nta per unit,dollars,2.013,1,True,,,,,learn,03032386
SEC,2025-11,,,2.653,0,False,spheria emerging companies limited level,2.64,cents,0.9950998869204675,holdout,03031883
GCI,2025-11,on nta per unit as at,dollars,2.0207,1,True,,,,,learn,03031680
MXT,2025-11,is as follows value date nta per unit,dollars,2.013,1,True,,,,,learn,03031637
PCI,2025-11,,,1.097,0,False,at close of business on nta per unit,1.102,dollars,1.0045578851412946,holdout,03031565
LRT,2025-11,,,2.513,0,False,unit of the trust as at was,2.3668,dollars,0.9418225228810188,learn,03031401
DUI,2025-11,,,6.37,0,False,is as below weekly pre tax nta per share,6.25,dollars,0.9811616954474097,holdout,03031289
SEC,2025-11,,,2.653,0,False,spheria emerging companies limited level australia square tower,2.64,cents,0.9950998869204675,holdout,03031062
TGF,2025-11,,,2.8188,0,False,estimated nta pre tax,2.56,dollars,0.908187881367958,holdout,03030891
OPH,2025-11,,,3.5165,0,False,is as follows value date nav per unit,3.2788,dollars,0.9324043793544717,learn,03030625
FPC,2025-11,,,1.8907,0,False,at th amount pre tax nta pre tax nta,1.813,dollars,0.958904109589041,learn,03029917
PCI,2025-11,,,1.097,0,False,at close of business on nta per unit,1.101,dollars,1.0036463081130356,holdout,03029459
GCI,2025-11,on nta per unit as at,dollars,2.0207,1,True,,,,,learn,03029560
GCI,2025-11,on nta per unit as at,dollars,2.0207,1,True,,,,,learn,03028750
PIC,2025-11,,,1.265,0,False,perpetual equity investment company limited abn level,1.23,cents,0.9723320158102767,learn,03028953
PIA,2025-11,,,1.4416,0,False,pia pengana international equities limited pengana com pia acn,1.07,cents,0.7422308546059934,holdout,03028327
MXT,2025-11,,,2.013,0,False,is as follows value date nta per unit,2.0073,dollars,0.9971684053651266,learn,03027959
MIR,2025-11,,,3.38,0,False,pre tax nta per share,3.3,dollars,0.9763313609467456,learn,03027057
GCI,2025-11,,,2.0207,0,False,on nta per unit as at,2.0148,dollars,0.9970802197258376,learn,03026556
GC1,2025-11,,,0.77,0,False,nta share price cash weighting number of holdings,0.78,dollars,1.012987012987013,holdout,03026646
PIC,2025-11,,,1.265,0,False,nta before tax,1.257,dollars,0.9936758893280633,learn,03026638
SB2,2025-11,,,1.052,0,False,pre tax post tax dividends sb investment report,1.086,dollars,1.032319391634981,learn,03025543
PCI,2025-11,,,1.097,0,False,at close of business on nta per unit,1.1,dollars,1.0027347310847767,holdout,03025213
GCI,2025-11,,,2.0207,0,False,on nta per unit as at,2.0143,dollars,0.9968327807195525,learn,03025298
SEC,2025-11,,,2.653,0,False,spheria emerging companies limited level,2.64,cents,0.9950998869204675,holdout,03024706
IBC,2025-11,,,0.581,0,False,comparative purposes nta per ordinary share month end,0.31,cents,0.5335628227194492,learn,03024477
WAX,2025-11,,,1.0387,0,False,events zenith disclaimer the zenith investment partners abn,1.03,cents,0.9916241455665736,learn,03023071
FPC,2025-11,,,1.8907,0,False,fund as at th amount pre tax nta,1.813,dollars,0.958904109589041,learn,03022558
MXT,2025-11,,,2.013,0,False,is as follows value date nta per unit,2.0029,dollars,0.9949826130153999,learn,03022449
WLE,2025-11,,,1.3583,0,False,cents cents cents net tangible assets per,1.3621,cents,1.0027976146653905,holdout,03021680
QRI,2025-11,is as follows value date nta per unit,dollars,1.6007,1,True,,,,,holdout,03021351
REV,2025-11,please contact revolution private credit income trust on,dollars,2.0012,2,True,,,,,learn,03021277
REV,2025-11,is as follows value date nta per unit,dollars,2.0012,2,True,,,,,learn,03021277
GCI,2025-11,,,2.0207,0,False,on nta per unit as at,2.0118,dollars,0.9955955856881278,learn,03021235
HCF,2025-11,,,0.01,0,False,month month nta per share before deferred tax,0.011,dollars,1.0999999999999999,holdout,03020720
MOT,2025-11,is as follows value date nta per unit,dollars,2.1529,1,True,,,,,learn,03020246
ALI,2025-11,,,2.73,0,False,and approximate pre tax nta per share share price,2.49,dollars,0.9120879120879122,learn,03020487
HM1,2025-11,,,3.71,0,False,pre tax nta post current tax nta,3.85,dollars,1.0377358490566038,learn,03019920
OPH,2025-11,,,3.5165,0,False,prior value date nav per unit month end,3.7589,dollars,1.0689321768804207,learn,03019903
GCI,2025-10,,,2.0102,0,False,governor macquarie tower farrer place sydney nsw p,2.0,dollars,0.9949258780220872,learn,03019446
FPC,2025-10,,,1.813,0,False,fund as at th amount pre tax nta,1.8167,dollars,1.0020408163265306,learn,03019410
ALI,2025-10,,,2.64,0,False,respectively months year years since inception portfolio benchmark,2.6,dollars,0.9848484848484849,learn,03018489
REV,2025-10,is as follows value date nta per unit,dollars,2.015,1,True,,,,,learn,03017592
CDM,2025-10,,,0.872,0,False,pre tax nta,0.869,dollars,0.9965596330275229,learn,03016690
TGF,2025-10,,,2.6977,0,False,estimated nta pre tax,2.66,dollars,0.986025132520295,holdout,03015878
LSF,2025-10,,,3.6145,0,False,were nta per ordinary share nta before tax,3.5445,dollars,0.9806335592751418,learn,03016362
BKI,2025-10,,,1.98,0,False,per share as at below pre tax nta,1.99,dollars,1.005050505050505,holdout,03015831
GCI,2025-10,,,2.0102,0,False,on nta per unit as at,2.0199,dollars,1.004825390508407,learn,03015218
PIC,2025-10,,,1.278,0,False,nta before tax,1.287,dollars,1.0070422535211268,learn,03015279
MXT,2025-10,,,2.0004,0,False,is as follows value date nta per unit,2.0098,dollars,1.0046990601879624,learn,03015155
GCI,2025-10,,,2.0102,0,False,on nta per unit as at,2.0195,dollars,1.0046264053328025,learn,03014482
PL8,2025-10,,,1.19,0,False,a reliable indicator of future performance pre tax nta,1.197,dollars,1.0058823529411767,learn,03014416
MXT,2025-10,,,2.0004,0,False,is as follows value date nta per unit,2.0094,dollars,1.004499100179964,learn,03014333
REV,2025-10,,,2.015,0,False,is as follows value date nta per unit,2.0106,dollars,0.9978163771712159,learn,03013789
QRI,2025-10,,,1.6012,0,False,is as follows value date nta per unit,1.606,dollars,1.0029977516862354,holdout,03013698
PCI,2025-10,,,1.0821,0,False,at close of business on nta per unit,1.1,dollars,1.0165419092505315,holdout,03012386
WQG,2025-10,,,2.203,0,False,nta before tax,2.149,dollars,0.9754879709487064,learn,03012854
MFF,2025-10,,,5.293,0,False,weekly nta per share as at was,5.233,dollars,0.9886642735688644,learn,03012539
MXT,2025-10,,,2.0004,0,False,is as follows value date nta per unit,2.0073,dollars,1.0034493101379725,learn,03012449
QRI,2025-10,investment committee approved or mandated transactions m m,dollars,1.6012,1,True,,,,,holdout,03012392
MXT,2025-10,,,2.0004,0,False,is as follows value date nta per unit,2.0067,dollars,1.0031493701259748,learn,03011694
PIC,2025-10,,,1.278,0,False,nta before tax,1.275,dollars,0.9976525821596244,learn,03011003
LSF,2025-10,,,3.6145,0,False,were nta per ordinary share nta before tax,3.6495,dollars,1.009683220362429,learn,03010644
PIC,2025-10,after tax capitalisation million nta before tax,dollars,1.278,2,True,,,,,learn,03010487
PIC,2025-10,nta before tax,dollars,1.278,2,True,,,,,learn,03010487
GCI,2025-10,,,2.0102,0,False,on nta per unit as at,2.0162,dollars,1.0029847776340661,learn,03010357
FGG,2025-10,,,1.8095,0,False,this takes the month investment portfolio performance to,1.7796,cents,0.9834760983697154,holdout,03009825
MOT,2025-10,is as follows value date nta per unit,dollars,2.1505,1,True,,,,,learn,03009670
PMC,2025-10,,,1.6334,0,False,pre tax nta per share as at was,1.6536,dollars,1.0123668421697074,learn,03009574
PCI,2025-10,,,1.0821,0,False,at close of business on nta per unit,1.1,dollars,1.0165419092505315,holdout,03008880
BHD,2025-10,,,0.2701,0,False,in cents is cents nta before tax,0.26739999999999997,cents,0.9900037023324694,holdout,03008856
WAR,2025-10,of cents per share payable on the,cents,1.2719,1,True,,,,,holdout,03008842
OPH,2025-10,,,3.7589,0,False,is as follows value date nav per unit,3.8796,dollars,1.0321104578467104,learn,03008608
WAM,2025-10,,,1.6179,0,False,ex dividend on nta nta tax paid cents,1.6439,cents,1.0160702144755547,learn,03008126
MOT,2025-10,is as follows value date nta per unit,dollars,2.1505,1,True,,,,,learn,03007713
PIC,2025-10,,,1.278,0,False,nta before tax,1.269,dollars,0.9929577464788731,learn,03007682
ARG,2025-10,nta per share nta per share,dollars,10.65,1,True,,,,,learn,03007347
MOT,2025-10,is as follows value date nta per unit,dollars,2.1505,1,True,,,,,learn,03007138
PIC,2025-10,,,1.278,0,False,nta before tax,1.27,dollars,0.9937402190923318,learn,03007133
GCI,2025-10,on nta per unit as at,dollars,2.0102,1,True,,,,,learn,03007081
FSI,2025-10,,,2.435,0,False,tax on unrealised gains unrealised gains at,2.4619999999999997,cents,1.0110882956878848,holdout,03007048
PCI,2025-10,,,1.0821,0,False,at close of business on nta per unit,1.098,dollars,1.0146936512337124,holdout,03007036
CDO,2025-10,,,2.166,0,False,franking credits based on the pre tax nta of,2.03,dollars,0.9372114496768236,learn,03006989
LSF,2025-10,,,3.6145,0,False,were nta per ordinary share nta before tax,3.6371,dollars,1.00625259371974,learn,03006760
PIC,2025-10,was nta per ordinary share nta before tax,dollars,1.278,2,True,,,,,learn,03006542
PIC,2025-10,nta before tax,dollars,1.278,2,True,,,,,learn,03006542
SEC,2025-10,,,2.699,0,False,spheria emerging companies limited level,2.64,cents,0.9781400518710635,holdout,03005955
DUI,2025-10,,,6.49,0,False,is as below weekly pre tax nta per share,6.53,dollars,1.0061633281972264,holdout,03006072
MOT,2025-10,is as follows value date nta per unit,dollars,2.1505,1,True,,,,,learn,03005867
OPH,2025-10,,,3.7589,0,False,is as follows value date nav per unit,3.8584,dollars,1.0264705099896245,learn,03006121
GVF,2025-10,,,1.3711,0,False,per share at the end of was,1.3547,dollars,0.9880388009627307,learn,03006177
MIR,2025-10,,,3.48,0,False,street melbourne victoria mufg corporate limited telephone,3.46,cents,0.9942528735632183,learn,03005775
PIC,2025-10,,,1.278,0,False,nta before tax,1.282,dollars,1.0031298904538342,learn,03005396
AFI,2025-10,as at before tax after tax,dollars,8.13,1,True,,,,,learn,03004964
PCI,2025-10,,,1.0821,0,False,at close of business on nta per unit,1.096,dollars,1.012845393216893,holdout,03004468
MFF,2025-09,monthly nta per share as at was,dollars,5.231,1,True,,,,,learn,03004105
SEC,2025-09,,,2.63,0,False,spheria emerging companies limited level,2.64,cents,1.0038022813688214,holdout,03003361
GCI,2025-09,,,2.0105,0,False,governor macquarie tower farrer place sydney nsw p,2.0,dollars,0.9947774185525988,learn,03002601
MOT,2025-09,,,2.1485,0,False,is as follows value date nta per unit,2.1569,dollars,1.0039097044449616,learn,03001897
KKC,2025-09,previous nta estimate,dollars,2.4408,4,True,,,,,learn,03001546
KKC,2025-09,current nta estimate,dollars,2.4408,4,True,,,,,learn,03001546
KKC,2025-09,value of day us time current nta estimate,dollars,2.4408,4,True,,,,,learn,03001546
KKC,2025-09,time current nta estimate previous nta estimate,dollars,2.4408,4,True,,,,,learn,03001546
PCI,2025-09,,,1.096,0,False,at close of business on nta per unit,1.101,dollars,1.0045620437956204,holdout,03000137
MXT,2025-09,,,2.0002,0,False,is as follows value date nta per unit,2.0102,dollars,1.0049995000499952,learn,03000343
LSF,2025-09,were nta per ordinary share nta before tax,dollars,3.5881,1,True,,,,,learn,02999823
AUI,2025-09,,,13.33,0,False,is as below weekly pre tax nta per share,13.24,dollars,0.9932483120780196,holdout,02998529
LSF,2025-09,,,3.5881,0,False,nta per ordinary share nta before tax,3.573,dollars,0.9957916446029933,learn,02998293
LRT,2025-09,,,2.5147,0,False,unit of the trust as at was,2.2792,dollars,0.9063506581301944,learn,02998737
RG8,2025-09,,,2.92,0,False,ordinary share for regal asian investments limited was,2.78,dollars,0.9520547945205479,learn,02997977
LSF,2025-09,,,3.5881,0,False,were nta per ordinary share nta before tax,3.6139,dollars,1.0071904350491905,learn,02996110
AUI,2025-09,,,13.33,0,False,is as below weekly pre tax nta per share,13.41,dollars,1.0060015003750937,holdout,02995579
SEC,2025-09,as at nta per share pre tax nta,dollars,2.63,1,True,,,,,holdout,02995518
SEC,2025-09,assets relating to capitalised issue related share price,dollars,2.63,1,True,,,,,holdout,02995333
AMH,2025-09,,,1.2,0,False,pre tax nta per share,1.22,dollars,1.0166666666666666,learn,02995236
RF1,2025-09,,,3.63,0,False,nav per unit of regal investment fund was,3.51,dollars,0.9669421487603306,learn,02995170
PIC,2025-09,,,1.276,0,False,nta before tax,1.292,dollars,1.0125391849529781,learn,02994749
AIQ,2025-09,,,1.6527,0,False,at as at nta per unit,1.8037,dollars,1.0913656440975374,learn,02994742
FPC,2025-09,,,1.8874,0,False,sector dispersion as at industrials technology it,2.0,dollars,1.0596587898696619,learn,02994700
ACQ,2025-09,,,1.3115,0,False,acc index nta after taxes and before taxes,1.2243,dollars,0.9335112466641249,learn,02994092
FPC,2025-09,,,1.8874,0,False,fund as at th amount pre tax nta,1.7718,dollars,0.9387517219455336,learn,02994459
ALI,2025-09,,,2.65,0,False,nta per share nta per share,2.68,dollars,1.0113207547169811,learn,02993601
NAC,2025-09,,,0.71,0,False,share price of holdings since inception dividend yield,0.72,dollars,1.0140845070422535,holdout,02993868
PE1,2025-09,,,1.6527,0,False,net asset value,1.6712,cents,1.0111938040781752,learn,02993269
PMC,2025-09,,,1.6224,0,False,pre tax nta per share as at was,1.5704,dollars,0.967948717948718,learn,02992981
MXT,2025-09,is as follows value date nta per unit,dollars,2.0002,1,True,,,,,learn,02992499
RF1,2025-09,,,3.63,0,False,nav per unit of regal investment fund was,3.48,dollars,0.9586776859504132,learn,02992239
DUI,2025-09,,,6.42,0,False,total million portfolio commonwealth bank banks csl transurban,6.4,dollars,0.9968847352024923,holdout,02992181
HM1,2025-09,,,3.82,0,False,pre tax nta post current tax nta,3.84,dollars,1.0052356020942408,learn,02992174
PIC,2025-09,,,1.276,0,False,nta after tax,1.292,dollars,1.0125391849529781,learn,02992027
SEC,2025-09,at estimated nta per share pre tax nta,dollars,2.63,1,True,,,,,holdout,02991975
ARG,2025-09,,,10.65,0,False,nta per share nta per share,10.74,dollars,1.008450704225352,learn,02991204
SEC,2025-09,,,2.63,0,False,spheria emerging companies limited level,2.64,cents,1.0038022813688214,holdout,02991100
AFI,2025-09,,,8.14,0,False,australia bank westpac banking corporation macquarie group wesfarmers,8.0,dollars,0.9828009828009827,learn,02990705
MRE,2025-09,,,2.2247,0,False,nta per unit set value date post tax,2.2025,dollars,0.9900211264440151,learn,02990656
WLE,2025-09,,,1.3694,0,False,actively investing in the highest quality australian companies,1.3825999999999998,cents,1.0096392580692273,holdout,02991047
PIC,2025-08,was nta per ordinary share nta before tax,dollars,1.352,2,True,,,,,learn,02989572
PIC,2025-08,nta before tax,dollars,1.352,2,True,,,,,learn,02989572
ARG,2025-08,and approximate pre tax nta per share,dollars,10.81,1,True,,,,,learn,02989513
CIN,2025-08,,,46.1,0,False,,,,,learn,02989530
PCI,2025-08,at close of business on nta per unit,dollars,1.096,1,True,,,,,holdout,02989463
MFF,2025-08,monthly nta per share as at was,dollars,5.258,1,True,,,,,learn,02989620
LRT,2025-08,unit of the trust as at was,dollars,2.0952,1,True,,,,,learn,02989939
HM1,2025-08,nta per share pre tax nta,dollars,3.89,1,True,,,,,learn,02989153
KKC,2025-08,,,2.4262,0,False,current nta estimate,2.4408,dollars,1.0060176407550903,learn,02989229
LSF,2025-08,,,3.5263,0,False,were nta per ordinary share nta before tax,3.5607,dollars,1.0097552675608996,learn,02987954
MXT,2025-08,,,2.0005,0,False,is as follows value date nta per unit,2.0113,dollars,1.0053986503374155,learn,02986635
PIC,2025-08,,,1.352,0,False,nta before tax,1.34,dollars,0.9911242603550295,learn,02984976
MOT,2025-08,,,2.1467,0,False,is as follows value date nta per unit,2.155,dollars,1.0038663995900683,learn,02984908
GCI,2025-08,,,2.0095,0,False,on nta per unit as at,2.0188,dollars,1.0046280169196318,learn,02984825
DJW,2025-08,,,3.44,0,False,pre tax nta per share,3.46,dollars,1.005813953488372,learn,02984737
CAM,2025-08,,,0.815,0,False,nta before tax,0.825,dollars,1.0122699386503067,holdout,02984574
RG8,2025-08,,,2.49,0,False,ordinary share for regal asian investments limited was,2.54,dollars,1.0200803212851406,learn,02984548
VG1,2025-08,,,2.05,0,False,level gateway macquarie place sydney nsw australia t,2.0,dollars,0.9756097560975611,learn,02984543
PIC,2025-08,,,1.352,0,False,nta before tax,1.348,dollars,0.9970414201183432,learn,02984155
GCI,2025-08,,,2.0095,0,False,on nta per unit as at,2.0171,dollars,1.0037820353321723,learn,02982084
LSF,2025-08,,,3.5263,0,False,were nta per ordinary share nta before tax,3.5453,dollars,1.005388083827241,learn,02982375
VG1,2025-08,,,2.05,0,False,share for vgi partners global investments limited was,2.09,dollars,1.0195121951219512,learn,02981374
LSF,2025-08,were nta per ordinary share nta before tax,dollars,3.5263,1,True,,,,,learn,02981259
PIC,2025-08,,,1.352,0,False,nta before tax,1.322,dollars,0.9778106508875739,learn,02980992
HM1,2025-08,investment update at investment objective pre tax nta,dollars,3.89,1,True,,,,,learn,02980967
CAM,2025-08,nta before tax nta after tax,dollars,0.815,1,True,,,,,holdout,02980401
WMA,2025-08,,,1.1593,0,False,beyond traditional assets nta nta tax paid cents,1.1726,cents,1.0114724402656776,learn,02980379
KKC,2025-08,,,2.4262,0,False,current nta estimate,2.4412,dollars,1.0061825076250925,learn,02980324
NCC,2025-08,fy fy fy fy fy fy fy fy,dollars,0.44,1,True,,,,,holdout,02980209
NAC,2025-08,,,0.72,0,False,share price of holdings since inception dividend yield,0.71,dollars,0.986111111111111,holdout,02980199
SEC,2025-08,,,2.664,0,False,spheria emerging companies limited level,2.64,cents,0.990990990990991,holdout,02979672
MXT,2025-08,,,2.0005,0,False,is as follows value date nta per unit,2.0047,dollars,1.002099475131217,learn,02979555
WQG,2025-08,management tax share price inception date a,dollars,2.085,1,True,,,,,learn,02979486
LRT,2025-08,,,2.0952,0,False,unit of the trust as at was,1.8583,dollars,0.8869320351279114,learn,02979342
WQG,2025-08,,,2.085,0,False,nta before tax,2.058,dollars,0.9870503597122301,learn,02979291
AUI,2025-08,,,13.48,0,False,is as below weekly pre tax nta per share,13.39,dollars,0.9933234421364985,holdout,02979226
SEC,2025-08,,,2.664,0,False,spheria emerging companies limited level,2.64,cents,0.990990990990991,holdout,02978660
MXT,2025-08,is as follows value date nta per unit,dollars,2.0005,1,True,,,,,learn,02978539
WGB,2025-08,,,2.5398,0,False,assets investment portfolio performance month end share price m,2.55,dollars,1.004016064257028,holdout,02978400
MOT,2025-08,is as follows value date nta per unit,dollars,2.1467,1,True,,,,,learn,02978172
MXT,2025-08,is as follows value date nta per unit,dollars,2.0005,1,True,,,,,learn,02977642
GVF,2025-08,,,1.3806,0,False,per share at the end of was,1.3917,dollars,1.0080399826162538,learn,02977457
ALI,2025-08,,,2.61,0,False,pre tax nta per share share price,2.35,dollars,0.9003831417624522,learn,02977097
GCI,2025-08,on nta per unit as at,dollars,2.0095,1,True,,,,,learn,02977083
WQG,2025-08,,,2.085,0,False,nta before tax,2.028,dollars,0.9726618705035972,learn,02976914
MXT,2025-08,is as follows value date nta per unit,dollars,2.0005,1,True,,,,,learn,02976644
LSF,2025-08,,,3.5263,0,False,were nta per ordinary share nta before tax,3.3391,dollars,0.9469131951337096,learn,02976271
GCI,2025-07,on nta per unit as at,dollars,2.0095,1,True,,,,,learn,02975995
MOT,2025-07,is as follows value date nta per unit,dollars,2.1463,1,True,,,,,learn,02976064
OPH,2025-07,prior value date nav per unit month end,dollars,3.4171,1,True,,,,,learn,02976005
GCI,2025-07,,,2.0095,0,False,governor macquarie tower farrer place sydney nsw p,2.0,dollars,0.9952724558347847,learn,02975258
PIC,2025-07,,,1.302,0,False,nta before tax,1.309,dollars,1.0053763440860215,learn,02974643
LSF,2025-07,,,3.3228,0,False,were nta per ordinary share nta before tax,3.4044,dollars,1.0245576020223908,learn,02974821
PIA,2025-07,,,1.4576,0,False,pia pengana international equities limited pengana com pia acn,1.07,cents,0.7340834248079035,holdout,02974241
SEC,2025-07,,,2.525,0,False,at estimated nta per share pre tax nta,2.514,dollars,0.9956435643564356,holdout,02974077
MEC,2025-07,,,1.2916,0,False,noted below dollars per share estimated nta pre tax,1.296,dollars,1.0034066274388356,learn,02973728
VG1,2025-07,,,2.06,0,False,share for vgi partners global investments limited was,2.1,dollars,1.0194174757281553,learn,02973086
RF1,2025-07,nav per unit of regal investment fund was,dollars,3.36,1,True,,,,,learn,02973207
PL8,2025-07,,,1.173,0,False,a reliable indicator of future performance pre tax nta,1.153,dollars,0.9829497016197783,learn,02971550
PIC,2025-07,was nta per ordinary share nta before tax,dollars,1.302,2,True,,,,,learn,02971531
PIC,2025-07,nta before tax,dollars,1.302,2,True,,,,,learn,02971531
CIN,2025-07,,,49.23,0,False,,,,,learn,02971519
BKI,2025-07,,,2.0,0,False,per share as at below pre tax nta,1.99,dollars,0.995,holdout,02971081
TGF,2025-07,,,2.0478,0,False,at tgfinvestors tribecaip com au or by calling,2.0,dollars,0.976657876745776,holdout,02971074
GCI,2025-07,,,2.0095,0,False,on nta per unit as at,2.014,dollars,1.002239363025628,learn,02970575
KKC,2025-07,,,2.4444,0,False,previous nta estimate,2.4525,dollars,1.0033136966126657,learn,02970079
MXT,2025-07,,,2.0001,0,False,is as follows value date nta per unit,2.0065,dollars,1.0031998400079996,learn,02969901
PIC,2025-07,,,1.302,0,False,nta before tax,1.295,dollars,0.9946236559139784,learn,02969884
CAM,2025-07,,,0.79,0,False,nta before tax,0.778,dollars,0.9848101265822785,holdout,02969852
LSF,2025-07,,,3.3228,0,False,were nta per ordinary share nta before tax,3.349,dollars,1.0078849163356207,learn,02970024
PMC,2025-07,,,1.5735,0,False,pre tax nta per share as at was,1.5411,dollars,0.9794089609151573,learn,02969467
LRT,2025-07,,,1.8464,0,False,unit of the trust as at was,1.8089,dollars,0.9796902079722704,learn,02969349
FPC,2025-07,,,1.5825,0,False,pre tax nta,1.5571,dollars,0.9839494470774091,learn,02969181
CAM,2025-07,,,0.79,0,False,nta before tax nta after tax,0.795,dollars,1.0063291139240507,holdout,02969052
GCI,2025-07,on nta per unit as at,dollars,2.0095,1,True,,,,,learn,02969046
ALI,2025-07,,,2.68,0,False,nta per share nta per share,2.65,dollars,0.9888059701492536,learn,02969027
WMX,2025-07,,,1.5296,0,False,dividend frequency to be and paid in,1.54,dollars,1.0067991631799162,learn,02968993
PIC,2025-07,before tax paid s p asx acc index excess returns,dollars,1.302,1,True,,,,,learn,02968882
PL8,2025-07,,,1.173,0,False,as at nta per share pre tax nta,1.153,dollars,0.9829497016197783,learn,02968816
AIQ,2025-07,,,1.6988,0,False,at as at nta per unit,1.8586,dollars,1.0940663998116318,learn,02968553
WAR,2025-07,,,1.3041,0,False,cents,1.2585,cents,0.9650333563377042,holdout,02968511
MXT,2025-07,is as follows value date nta per unit,dollars,2.0001,1,True,,,,,learn,02968325
PIC,2025-07,,,1.302,0,False,nta before tax,1.29,dollars,0.9907834101382489,learn,02968297
CIN,2025-07,,,49.23,0,False,,,,,learn,02968172
PMC,2025-07,,,1.5735,0,False,current share price current dividend yield pre tax nta,1.51,cents,0.9596441054972991,learn,02967559
LSF,2025-07,were nta per ordinary share nta before tax,dollars,3.3228,1,True,,,,,learn,02967614
RYD,2025-07,,,1.742,0,False,nta pre tax,1.6273,dollars,0.9341561423650976,holdout,02967088
LSF,2025-07,were nta per ordinary share nta before tax,dollars,3.3228,1,True,,,,,learn,02967017
MXT,2025-07,is as follows value date nta per unit,dollars,2.0001,1,True,,,,,learn,02966891
PIC,2025-07,,,1.302,0,False,nta before tax,1.299,dollars,0.9976958525345622,learn,02966826
TCF,2025-07,as follows value date nav per unit,dollars,5.938,1,True,,,,,learn,02966625
PCX,2025-07,net asset value,cents,2.0372,2,True,,,,,learn,02967144
PCX,2025-07,nav as at cents per unit nav,cents,2.0372,2,True,,,,,learn,02967144
VG1,2025-07,,,2.06,0,False,share for vgi partners global investments limited was,2.08,dollars,1.0097087378640777,learn,02966554
LSX,2025-07,,,0.924,0,False,nta per share as at before tax,0.927,cents,1.0032467532467533,holdout,02966563
BKI,2025-07,,,2.0,0,False,per share as at below pre tax nta,1.97,dollars,0.985,holdout,02966596
GC1,2025-07,,,0.87,0,False,nta as at are as follows nta,0.8442,dollars,0.9703448275862069,holdout,02966252
SEC,2025-07,,,2.525,0,False,as at nta per share pre tax nta,2.411,dollars,0.9548514851485149,holdout,02966204
GCI,2025-07,on nta per unit as at,dollars,2.0095,1,True,,,,,learn,02966161
FSI,2025-07,,,2.634,0,False,,,,,holdout,02965702
LF1,2025-07,fund was as follows nta per unit,dollars,2.0,2,True,,,,,learn,02965672
LF1,2025-07,nta per unit,dollars,2.0,2,True,,,,,learn,02965672
AFI,2025-07,,,8.51,0,False,australian foundation investment company limited abn share registrar,8.57,cents,1.0070505287896594,learn,02965645
LSF,2025-07,,,3.3228,0,False,were nta per ordinary share nta before tax,3.2473,dollars,0.977278199109185,learn,02965412
QRI,2025-07,is as follows value date nta per unit,dollars,1.6003,1,True,,,,,holdout,02965059
DJW,2025-07,,,3.51,0,False,com djerri cm mpms mufg com page of,3.4,dollars,0.9686609686609687,learn,02965004
OPH,2025-06,vs prior value date cum month end distribution,dollars,3.5759,1,True,,,,,learn,02964187
LSF,2025-06,,,3.2473,0,False,were nta per ordinary share nta before tax,3.1966,dollars,0.9843870292242787,learn,02964040
ARG,2025-06,,,10.43,0,False,approximate j une pre tax nta per share,10.38,dollars,0.9952061361457336,learn,02963685
AMH,2025-06,,,1.29,0,False,pre tax nta per share,1.27,dollars,0.9844961240310077,learn,02963529
SEC,2025-06,,,2.411,0,False,at estimated nta per share pre tax nta,2.401,dollars,0.9958523434259642,holdout,02963188
PCI,2025-06,,,1.096,0,False,at close of business on nta per unit,1.1,dollars,1.0036496350364963,holdout,02962953
LSF,2025-06,,,3.2473,0,False,were nta per ordinary share nta before tax,3.103,dollars,0.9555630831767931,learn,02962662
MXT,2025-06,,,2.0,0,False,is as follows value date nta per unit,2.0101,dollars,1.00505,learn,02962545
MXT,2025-06,,,2.0,0,False,is as follows value date nta per unit,2.0097,dollars,1.00485,learn,02962049
GCI,2025-06,,,2.0068,0,False,governor macquarie tower farrer place sydney nsw p,2.0,dollars,0.9966115208291807,learn,02961476
DUI,2025-06,,,6.4,0,False,is as below weekly pre tax nta per share,6.34,dollars,0.990625,holdout,02961249
RF1,2025-06,,,3.3,0,False,nav per unit of regal investment fund was,3.16,dollars,0.9575757575757576,learn,02960818
HM1,2025-06,,,3.71,0,False,nta per share pre tax nta,3.57,dollars,0.9622641509433962,learn,02960845
OPH,2025-06,,,3.5759,0,False,is as follows value date nav per unit,3.5564,dollars,0.9945468273721302,learn,02960757
SEC,2025-06,at estimated nta per share pre tax nta,dollars,2.411,1,True,,,,,holdout,02960219
SEC,2025-06,,,2.411,0,False,at estimated nta per share pre tax nta,2.42,dollars,1.003732890916632,holdout,02959337
ARG,2025-06,,,10.43,0,False,and approximate pre tax nta per share,10.39,dollars,0.9961649089165868,learn,02958771
AUI,2025-06,investment company limited asx announcement weekly nta,dollars,12.98,3,True,,,,,holdout,02959033
AUI,2025-06,close of normal trading on the asx on,dollars,12.98,3,True,,,,,holdout,02959033
AUI,2025-06,of the company s ordinary shares as at,dollars,12.98,3,True,,,,,holdout,02959033
MIR,2025-06,,,3.32,0,False,pre tax nta per share,3.29,dollars,0.9909638554216869,learn,02958681
PL8,2025-06,,,1.153,0,False,nta per share pre tax nta post tax nta,1.147,dollars,0.99479618386817,learn,02958392
MXT,2025-06,,,2.0,0,False,is as follows value date nta per unit,2.005,dollars,1.0025,learn,02958378
MXT,2025-06,,,2.0,0,False,is as follows value date nta per unit,2.0046,dollars,1.0023,learn,02957841
GCI,2025-06,,,2.0068,0,False,on nta per unit as at,2.0111,dollars,1.0021427147697826,learn,02957764
PIA,2025-06,,,1.4131,0,False,pia pengana international equities limited pengana com pia acn,1.07,cents,0.7572004812115208,holdout,02957694
LSF,2025-06,,,3.2473,0,False,were nta per ordinary share nta before tax,3.1056,dollars,0.9563637483447787,learn,02957565
MXT,2025-06,,,2.0,0,False,is as follows value date nta per unit,2.004,dollars,1.002,learn,02957460
PIC,2025-06,,,1.289,0,False,nta before tax,1.284,dollars,0.996121024049651,learn,02957422
GCI,2025-06,on nta per unit as at,dollars,2.0068,1,True,,,,,learn,02957366
MOT,2025-06,,,2.1428,0,False,is as follows value date nta per unit,2.1471,dollars,1.002006720179205,learn,02957083
SEC,2025-06,,,2.411,0,False,at estimated nta per share pre tax nta,2.481,dollars,1.0290335960182497,holdout,02956487
PMC,2025-06,,,1.5151,0,False,price current dividend yield pre tax nta post tax nta,1.4,dollars,0.9240314170681804,learn,02956451
PAI,2025-06,,,1.1692,0,False,current share price current dividend yield pre tax nta,1.114,dollars,0.952788231269244,learn,02956445
AFI,2025-06,,,8.33,0,False,as at before tax after tax,8.23,dollars,0.9879951980792318,learn,02956123
TCF,2025-06,unit price unit nav unit price unit nav,dollars,5.936,1,True,,,,,learn,02955754
QRI,2025-06,is as follows value date nta per unit,dollars,1.6009,1,True,,,,,holdout,02955569
LSF,2025-06,,,3.2473,0,False,all taxes l long short fund limited phone,3.0,dollars,0.9238444245988975,learn,02955499
PIC,2025-06,,,1.289,0,False,nta before tax,1.261,dollars,0.978277734678045,learn,02955375
LSX,2025-06,,,0.927,0,False,as at before tax cps after tax,0.922,cents,0.9946062567421791,holdout,02955239
PIC,2025-06,,,1.289,0,False,nta before tax,1.255,dollars,0.973622963537626,learn,02954913
AUI,2025-06,,,12.98,0,False,is as below weekly pre tax nta per share,12.72,dollars,0.9799691833590138,holdout,02954615
PCI,2025-06,at close of business on nta per unit,dollars,1.096,1,True,,,,,holdout,02954386
TGF,2025-06,ordinary share estimated nta pre tax estimated nta post tax,dollars,2.0906,2,True,,,,,holdout,02954367
TGF,2025-06,estimated nta post tax,dollars,2.0906,2,True,,,,,holdout,02954367
KKC,2025-05,,,2.432,0,False,previous nta estimate,2.4395,dollars,1.0030838815789473,learn,02954187
LSF,2025-05,,,3.0107,0,False,nta after tax,3.0026,dollars,0.997309595775069,learn,02954145
MOT,2025-05,,,2.1449,0,False,is as follows value date nta per unit,2.159,dollars,1.0065737330411675,learn,02953920
MEC,2025-05,,,1.2089,0,False,noted below dollars per share estimated nta pre tax,1.1964,dollars,0.9896600215071552,learn,02953761
PIC,2025-05,was nta per ordinary share nta before tax,dollars,1.257,2,True,,,,,learn,02953438
PIC,2025-05,nta before tax,dollars,1.257,2,True,,,,,learn,02953438
PCI,2025-05,,,1.095,0,False,at close of business on nta per unit,1.101,dollars,1.0054794520547945,holdout,02953287
LSF,2025-05,,,3.0107,0,False,all taxes l long short fund limited phone,3.0,dollars,0.996446009233733,learn,02953073
PIA,2025-05,,,1.3928,0,False,pia pengana international equities limited pengana com pia acn,1.07,cents,0.7682366456059736,holdout,02952669
MOT,2025-05,,,2.1449,0,False,is as follows value date nta per unit,2.1574,dollars,1.0058277775187656,learn,02952482
PAI,2025-05,,,1.114,0,False,pre tax nta per share as at was,1.1092,dollars,0.9956912028725313,learn,02952333
LRT,2025-05,,,1.7333,0,False,unit of the trust as at as,1.6962,dollars,0.9785957422258119,learn,02952295
WQG,2025-05,,,2.012,0,False,growth limited t abn w associateglobal com level,2.0,dollars,0.9940357852882704,learn,02952274
RG8,2025-05,,,2.22,0,False,regal asian investments limited abn,2.19,cents,0.9864864864864864,learn,02951798
KKC,2025-05,previous nta estimate,dollars,2.432,2,True,,,,,learn,02951787
KKC,2025-05,time current nta estimate previous nta estimate,dollars,2.432,2,True,,,,,learn,02951787
MXT,2025-05,,,2.0002,0,False,is as follows value date nta per unit,2.0102,dollars,1.0049995000499952,learn,02951586
MOT,2025-05,,,2.1449,0,False,is as follows value date nta per unit,2.1555,dollars,1.0049419553359131,learn,02951127
PCI,2025-05,,,1.095,0,False,at close of business on nta per unit,1.098,dollars,1.0027397260273974,holdout,02951036
PCI,2025-05,,,1.095,0,False,at close of business on nta per unit,1.098,dollars,1.0027397260273974,holdout,02950549
PIA,2025-05,,,1.3928,0,False,pia pengana international equities limited pengana com pia acn,1.07,cents,0.7682366456059736,holdout,02950376
PAI,2025-05,,,1.114,0,False,pre tax nta per share as at was,1.1347,dollars,1.0185816876122082,learn,02950140
TGF,2025-05,sydney nsw australia raffles place singapore abn t,dollars,2.0036,2,True,,,,,holdout,02949618
TGF,2025-05,at tgfinvestors tribecaip com au or by calling,dollars,2.0036,2,True,,,,,holdout,02949618
LRT,2025-05,,,1.7333,0,False,unit of the trust as at as,1.6073,dollars,0.9273062943518144,learn,02949957
CAM,2025-05,,,0.765,0,False,nta before tax,0.77,dollars,1.0065359477124183,holdout,02949645
MIR,2025-05,,,3.35,0,False,pre tax nta per share,3.33,dollars,0.9940298507462687,learn,02949541
GC1,2025-05,,,0.82,0,False,nta as at are as follows nta,0.7816,dollars,0.953170731707317,holdout,02949285
MOT,2025-05,,,2.1449,0,False,is as follows value date nta per unit,2.152,dollars,1.003310177630659,learn,02949160
MOT,2025-05,,,2.1449,0,False,is as follows value date nta per unit,2.1514,dollars,1.0030304443097582,learn,02948771
LSF,2025-05,,,3.0107,0,False,all taxes l long short fund limited phone,3.0,dollars,0.996446009233733,learn,02948868
MXT,2025-05,,,2.0002,0,False,is as follows value date nta per unit,2.0065,dollars,1.003149685031497,learn,02948283
CD3,2025-05,,,1.85,0,False,nta value after tax as at was,1.831,dollars,0.9897297297297296,learn,02948241
ALI,2025-05,,,2.65,0,False,nta per share nta per share,2.64,dollars,0.9962264150943397,learn,02948063
PIC,2025-05,,,1.257,0,False,perpetual equity investment company limited abn level,1.23,cents,0.9785202863961815,learn,02948016
MEC,2025-05,,,1.2089,0,False,noted below dollars per share estimated nta pre tax,1.1393,dollars,0.9424269997518404,learn,02947869
PMC,2025-05,,,1.5021,0,False,pre tax nta per share as at was,1.4713,dollars,0.9794953731442647,learn,02947820
DUI,2025-05,,,6.31,0,False,is as below weekly pre tax nta per share,6.17,dollars,0.9778129952456419,holdout,02947628
AMH,2025-05,,,1.28,0,False,pre tax nta per share,1.23,dollars,0.9609375,learn,02947277
RG8,2025-05,,,2.22,0,False,regal asian investments limited abn,2.19,cents,0.9864864864864864,learn,02947221
RF1,2025-05,,,3.1,0,False,nav per unit of regal investment fund was,3.07,dollars,0.9903225806451612,learn,02947209
SEC,2025-05,at estimated nta per share pre tax nta,dollars,2.467,1,True,,,,,holdout,02946980
MOT,2025-05,is as follows value date nta per unit,dollars,2.1449,1,True,,,,,learn,02946900
NAC,2025-05,,,0.67,0,False,share price of holdings since inception dividend yield,0.65,dollars,0.9701492537313433,holdout,02946741
ARG,2025-05,,,10.27,0,False,nta per share nta per share,9.9,dollars,0.963972736124635,learn,02946673
LSF,2025-05,,,3.0107,0,False,all taxes l long short fund limited phone,3.0,dollars,0.996446009233733,learn,02946284
AUI,2025-05,,,12.72,0,False,the company s ordinary shares at was,12.28,dollars,0.9654088050314464,holdout,02946374
PCX,2025-05,net asset value,cents,2.0036,3,True,,,,,learn,02946395
PCX,2025-05,visit our website pengana com pcx client service t,dollars,2.0036,3,True,,,,,learn,02946395
PCX,2025-05,nav as at cents per unit nav,cents,2.0036,3,True,,,,,learn,02946395
PMC,2025-05,an insurance group china financials finland total italy,dollars,1.5021,1,True,,,,,learn,02946161
HCF,2025-05,,,0.012,0,False,month month nta per share before deferred tax,0.013,dollars,1.0833333333333333,holdout,02945431
LSF,2025-05,,,3.0107,0,False,all taxes l long short fund limited phone,3.0,dollars,0.996446009233733,learn,02945740
MXT,2025-05,is as follows value date nta per unit,dollars,2.0002,1,True,,,,,learn,02945588
PCI,2025-05,,,1.095,0,False,at close of business on nta per unit,1.092,dollars,0.9972602739726029,holdout,02944913
LSF,2025-05,,,3.0107,0,False,all taxes l long short fund limited phone,3.0,dollars,0.996446009233733,learn,02944648
PIC,2025-05,,,1.257,0,False,perpetual equity investment company limited abn level,1.23,cents,0.9785202863961815,learn,02944423
GCI,2025-05,,,2.0192,0,False,on nta per unit as at,2.0077,dollars,0.9943046751188588,learn,02944331
PCI,2025-05,,,1.095,0,False,at close of business on nta per unit,1.092,dollars,0.9972602739726029,holdout,02944325
MFF,2025-04,monthly nta per share as at was,dollars,4.604,1,True,,,,,learn,02944077
GCI,2025-04,on nta per unit as at,dollars,2.0075,1,True,,,,,learn,02943917
MOT,2025-04,is as follows value date nta per unit,dollars,2.1577,1,True,,,,,learn,02943471
PIC,2025-04,,,1.218,0,False,nta before tax,1.211,dollars,0.9942528735632185,learn,02943410
MEC,2025-04,,,1.1393,0,False,noted below dollars per share estimated nta pre tax,1.1136,dollars,0.9774422891249012,learn,02943188
PL8,2025-04,,,1.109,0,False,nta per share pre tax nta post tax nta,1.089,dollars,0.981965734896303,learn,02943019
PIC,2025-04,,,1.218,0,False,perpetual equity investment company limited abn level,1.23,cents,1.0098522167487685,learn,02942248
GCI,2025-04,,,2.0075,0,False,holiday in brisbane on the nta for,2.0,dollars,0.9962640099626402,learn,02941497
DUI,2025-04,,,6.17,0,False,is as below weekly pre tax nta per share,6.03,dollars,0.9773095623987035,holdout,02941793
VG1,2025-04,,,1.81,0,False,share for vgi partners global investments limited was,1.8,dollars,0.994475138121547,learn,02941332
OPH,2025-04,,,3.2208,0,False,is as follows value date nav per unit,3.166,dollars,0.9829855936413313,learn,02941146
MOT,2025-04,,,2.1577,0,False,is as follows value date nta per unit,2.1509,dollars,0.9968484960837929,learn,02940887
GCI,2025-04,,,2.0075,0,False,governor macquarie tower farrer place sydney nsw p,2.0,dollars,0.9962640099626402,learn,02940845
PAI,2025-04,,,1.0794,0,False,pre tax nta per share as at was,1.0588,dollars,0.9809153233277748,learn,02940362
GCI,2025-04,,,2.0075,0,False,governor macquarie tower farrer place sydney nsw p,2.0,dollars,0.9962640099626402,learn,02939948
MIR,2025-04,,,3.1236,0,False,pre tax nta per share,3.02,dollars,0.9668331412472787,learn,02939846
PGF,2025-04,,,2.2249,0,False,nta before tax accruals,2.11,dollars,0.9483572295384062,learn,02939789
AIQ,2025-04,,,1.8811,0,False,street special investments emerging fortress pe funds,1.9,dollars,1.0100473127425442,learn,02939349
LSF,2025-04,,,2.8069,0,False,nta after tax,2.7675,dollars,0.9859631622074174,learn,02939090
PIA,2025-04,,,1.3485,0,False,pia pengana international equities limited pengana com pia acn,1.07,cents,0.7934742306266221,holdout,02938681
SEC,2025-04,,,2.406,0,False,at estimated nta per share pre tax nta,2.363,dollars,0.982128013300083,holdout,02938558
ARG,2025-04,,,9.9,0,False,and approximate pre tax nta per share,9.34,dollars,0.9434343434343434,learn,02937841
LSF,2025-04,,,2.8069,0,False,nta after tax,2.7007,dollars,0.9621646656453738,learn,02938166
PIC,2025-04,,,1.218,0,False,perpetual equity investment company limited abn level,1.23,cents,1.0098522167487685,learn,02938002
CD2,2025-04,as at was per unit was,dollars,1.35,1,True,,,,,learn,02937973
PIC,2025-04,,,1.218,0,False,perpetual equity investment company limited abn level,1.23,cents,1.0098522167487685,learn,02937296
TGF,2025-04,,,1.8449,0,False,gb boe au nta per share nta pre tax,1.8405,dollars,0.9976150468860101,holdout,02937209
GVF,2025-04,,,1.3099,0,False,share staude capital global value nta before tax,1.3192,dollars,1.007099778609054,learn,02937221
PCI,2025-04,at close of business on nta per unit,dollars,1.091,1,True,,,,,holdout,02937199
PAI,2025-04,,,1.0794,0,False,pre tax nta per share as at was,1.1445,dollars,1.0603112840466928,learn,02935709
WMI,2025-04,,,1.3635,0,False,australian micro cap the nta figure is,1.4021000000000001,cents,1.0283094976164284,learn,02935583
LRT,2025-04,,,1.6143,0,False,unit of the trust as at as,1.5473,dollars,0.958495942513783,learn,02935562
TGF,2025-04,,,1.8449,0,False,estimated nta post tax,1.81,dollars,0.9810829855276709,holdout,02935174
AMH,2025-04,,,1.21,0,False,pre tax nta per share,1.14,dollars,0.9421487603305785,learn,02934972
HM1,2025-04,,,3.32,0,False,pre tax nta post current tax nta,3.34,dollars,1.0060240963855422,learn,02934877
MXT,2025-04,,,2.0133,0,False,is as follows value date nta per unit,2.0015,dollars,0.9941389758108578,learn,02934657
GCI,2025-04,,,2.0075,0,False,on nta per unit as at,2.0137,dollars,1.0030884184308844,learn,02934547
AFI,2025-04,of million portfolio commonwealth bank of australia bhp,cents,7.93,1,True,,,,,learn,02934400
MXT,2025-04,,,2.0133,0,False,is as follows value date nta per unit,2.0011,dollars,0.9939402970247851,learn,02934040
SEC,2025-04,,,2.406,0,False,as at nta per share pre tax nta,2.417,dollars,1.0045719035743972,holdout,02933831
PIC,2025-04,,,1.218,0,False,perpetual equity investment company limited abn level,1.23,cents,1.0098522167487685,learn,02933465
FSI,2025-04,,,2.283,0,False,,,,,holdout,02933363
PCI,2025-03,at close of business on nta per unit,dollars,1.095,1,True,,,,,holdout,02932792
PAI,2025-03,,,1.135,0,False,pre tax nta per share as at was,1.1437,dollars,1.0076651982378855,learn,02932911
MFF,2025-03,monthly nta per share as at was,dollars,4.832,1,True,,,,,learn,02932939
DUI,2025-03,,,5.98,0,False,investment limited level collins street melbourne vic abn,6.0,dollars,1.0033444816053512,holdout,02932551
LSF,2025-03,,,2.8857,0,False,nta after tax,2.9313,dollars,1.0158020584260317,learn,02932530
MXT,2025-03,,,2.0002,0,False,is as follows value date nta per unit,2.012,dollars,1.0058994100589942,learn,02931469
GCI,2025-03,,,2.013,0,False,on nta per unit as at,2.0253,dollars,1.0061102831594635,learn,02931408
FPC,2025-03,,,1.4734,0,False,fund as at th amount pre tax nta,1.4996,dollars,1.0177820008144427,learn,02931275
PCI,2025-03,,,1.095,0,False,at close of business on nta per unit,1.105,dollars,1.0091324200913243,holdout,02930447
PMC,2025-03,,,1.5182,0,False,pre tax nta per share as at was,1.5574,dollars,1.0258200500592807,learn,02930098
VG1,2025-03,,,1.82,0,False,level gateway macquarie place sydney nsw australia t,2.0,dollars,1.0989010989010988,learn,02929375
GCI,2025-03,,,2.013,0,False,on nta per unit as at,2.0218,dollars,1.0043715846994534,learn,02929052
MXT,2025-03,,,2.0002,0,False,is as follows value date nta per unit,2.1482,dollars,1.073992600739926,learn,02928241
GCI,2025-03,,,2.013,0,False,on nta per unit as at,2.0204,dollars,1.0036761053154497,learn,02927705
MOT,2025-03,,,2.1412,0,False,is as follows value date nta per unit,2.1466,dollars,1.0025219503082383,learn,02927263
BKI,2025-03,,,1.78,0,False,per share as at below pre tax nta,1.75,dollars,0.9831460674157303,holdout,02927112
HM1,2025-03,,,3.37,0,False,pre tax nta post current tax nta,3.41,dollars,1.0118694362017804,learn,02926994
LSF,2025-03,,,2.8857,0,False,nta after tax,2.9046,dollars,1.0065495373739473,learn,02926980
AMH,2025-03,,,1.18,0,False,pre tax nta per share,1.2,dollars,1.0169491525423728,learn,02927167
FPC,2025-03,,,1.4734,0,False,holdings ltd evolution mining ltd meituan kanzhun ltd,1.5,cents,1.0180534817429074,learn,02926692
FGX,2025-03,,,1.3456,0,False,cents nta volatility grossed up dividend after tax yield,1.3349000000000002,cents,0.992048156956005,learn,02926797
SB2,2025-03,,,1.073,0,False,price chg alfabs australia ltd camplify holdings ltd,1.11,dollars,1.0344827586206897,learn,02925948
TVL,2025-03,m total nav nta per share a m,dollars,0.119,2,True,,,,,learn,02926315
TVL,2025-03,nta a m a m nta per share,dollars,0.119,2,True,,,,,learn,02926315
SEC,2025-03,,,2.417,0,False,at estimated nta per share pre tax nta,2.383,dollars,0.9859329747621018,holdout,02926142
PIC,2025-03,ordinary share nta before tax nta after tax,dollars,1.173,2,True,,,,,learn,02925957
PIC,2025-03,nta after tax,dollars,1.173,2,True,,,,,learn,02925957
PCI,2025-03,,,1.095,0,False,at close of business on nta per unit,1.103,dollars,1.0073059360730594,holdout,02925865
KAT,2025-03,,,1.265,0,False,per share after tax as at was,1.29,dollars,1.0197628458498025,learn,02924918
SEC,2025-03,,,2.417,0,False,at estimated nta per share pre tax nta,2.452,dollars,1.014480761274307,holdout,02925004
SEC,2025-03,,,2.417,0,False,nta per share pre tax nta post tax nta,2.378,dollars,0.9838642945800581,holdout,02924972
PAI,2025-03,,,1.135,0,False,the ex dividend pre tax nta as at was,1.1745,dollars,1.0348017621145376,learn,02924951
CD1,2025-03,,,0.92,0,False,nta value after tax as at was,0.891,dollars,0.9684782608695652,holdout,02924913
MXT,2025-03,,,2.0002,0,False,is as follows value date nta per unit,2.0046,dollars,1.0021997800219977,learn,02924840
SNC,2025-03,,,0.9038,0,False,investments limited nta before tax nta after tax,0.8998,dollars,0.9955742420889577,learn,02924790
OEQ,2025-03,,,0.4104,0,False,nta m m pre tax nta backing per share,0.4084,dollars,0.9951267056530214,holdout,02924461
MOT,2025-03,is as follows value date nta per unit,dollars,2.1412,1,True,,,,,learn,02924392
MEC,2025-03,,,1.1315,0,False,per share estimated nta pre tax estimated nta post tax,1.1613,dollars,1.026336721166593,learn,02924400
8IH,2025-03,,,0.0358,0,False,nta per share as of is s,0.0382,dollars,1.0670391061452513,learn,02924386
LSF,2025-03,,,2.8857,0,False,nta after tax,2.8945,dollars,1.003049520047129,learn,02924591
CDM,2025-03,,,0.791,0,False,price on the date of the announcement of,0.69,dollars,0.8723135271807837,learn,02924733
RYD,2025-03,,,1.4777,0,False,nta post tax,1.4852,dollars,1.0050754550991405,holdout,02924350
MXT,2025-03,is as follows value date nta per unit,dollars,2.0002,1,True,,,,,learn,02923903
MOT,2025-03,is as follows value date nta per unit,dollars,2.1412,1,True,,,,,learn,02923941
SEC,2025-03,,,2.417,0,False,nta per share pre tax nta post tax nta,2.394,dollars,0.9904840711625984,holdout,02923557
MRE,2025-03,,,2.0496,0,False,nta per unit set value date post tax,2.0433,dollars,0.9969262295081968,learn,02923382
PCI,2025-03,,,1.095,0,False,at close of business on nta per unit,1.102,dollars,1.006392694063927,holdout,02923321
LSX,2025-03,,,0.82,0,False,per share as at before tax,0.77,cents,0.9390243902439025,holdout,02923162
GCI,2025-03,on nta per unit as at,dollars,2.013,1,True,,,,,learn,02922849
MXT,2025-03,is as follows value date nta per unit,dollars,2.0002,1,True,,,,,learn,02922823
MOT,2025-03,is as follows value date nta per unit,dollars,2.1412,1,True,,,,,learn,02922359
LSF,2025-03,,,2.8857,0,False,nta after tax,2.8784,dollars,0.997470284506359,learn,02922028
TGF,2025-03,,,1.8405,0,False,estimated nta pre tax,1.88,dollars,1.0214615593588698,holdout,02921779
NAC,2025-03,naos ex opportunities company limited abn,cents,0.49,1,True,,,,,holdout,02921815
PIC,2025-02,,,1.29,0,False,nta before tax,1.294,dollars,1.0031007751937984,learn,02921200
GCI,2025-02,macquarie tower farrer place sydney nsw p f,dollars,2.0027,2,True,,,,,learn,02921001
GCI,2025-02,governor macquarie tower farrer place sydney nsw p,dollars,2.0027,2,True,,,,,learn,02921001
SEC,2025-02,,,2.477,0,False,at estimated nta per share pre tax nta,2.49,dollars,1.005248284214776,holdout,02920388
GCI,2025-02,macquarie tower farrer place sydney nsw p f,dollars,2.0027,2,True,,,,,learn,02920212
GCI,2025-02,governor macquarie tower farrer place sydney nsw p,dollars,2.0027,2,True,,,,,learn,02920212
PIC,2025-02,,,1.29,0,False,nta before tax,1.286,dollars,0.9968992248062015,learn,02919613
PIA,2025-02,,,1.4195,0,False,pia pengana international equities limited pengana com pia acn,1.07,cents,0.753786544557943,holdout,02919071
ALI,2025-02,,,2.67,0,False,and approximate pre tax nta per share,2.61,dollars,0.9775280898876404,learn,02918511
PL8,2025-02,,,1.111,0,False,distributed each financial year share price pre tax nta,1.1,dollars,0.9900990099009902,learn,02917925
LRT,2025-02,,,1.4131,0,False,unit of the trust as at as,1.4583,dollars,1.0319864128511782,learn,02918423
AMH,2025-02,,,1.26,0,False,pre tax nta per share,1.31,dollars,1.0396825396825398,learn,02917785
MIR,2025-02,,,3.34,0,False,mir share price asx closing price on,3.38,dollars,1.0119760479041917,learn,02917711
MOT,2025-02,,,2.142,0,False,is as follows value date nta per unit,2.1503,dollars,1.003874883286648,learn,02916797
LSF,2025-02,,,2.9227,0,False,nta after tax,2.9296,dollars,1.0023608307387006,learn,02915777
PIA,2025-02,,,1.4195,0,False,pia pengana international equities limited pengana com pia acn,1.07,cents,0.753786544557943,holdout,02915865
WQG,2025-02,,,1.983,0,False,com wcm global growth limited abn t level,2.0,dollars,1.0085728693898133,learn,02915349
AUI,2025-02,,,12.13,0,False,is as below weekly pre tax nta per share,12.64,dollars,1.0420445177246496,holdout,02915285
MFF,2025-02,,,5.209,0,False,chapter pre tax nta after accounting provision for dividend,5.171,dollars,0.9927049337684778,learn,02915101
MOT,2025-02,,,2.142,0,False,is as follows value date nta per unit,2.1473,dollars,1.0024743230625583,learn,02915027
PCI,2025-02,,,1.1,0,False,at close of business on nta per unit,1.103,dollars,1.0027272727272727,holdout,02914979
OPH,2025-02,,,3.3624,0,False,is as follows value date nav per unit,3.4913,dollars,1.0383357125862478,learn,02914759
DJW,2025-02,,,3.29,0,False,pre tax nta per share,3.36,dollars,1.0212765957446808,learn,02914918
GC1,2025-02,,,0.81,0,False,total fy,0.82,dollars,1.0123456790123455,holdout,02914449
WAA,2025-02,,,0.8278,0,False,month end share price pa since inception m,0.85,dollars,1.026818071998067,holdout,02914269
PCI,2025-02,,,1.1,0,False,at close of business on nta per unit,1.103,dollars,1.0027272727272727,holdout,02913988
SB2,2025-02,,,1.126,0,False,tax nta share price discount premium to nta,1.113,dollars,0.988454706927176,learn,02914077
PL8,2025-02,,,1.111,0,False,nta per share pre tax nta post tax nta,1.143,dollars,1.028802880288029,learn,02914172
PIC,2025-02,after tax capitalisation million nta before tax,dollars,1.29,2,True,,,,,learn,02914325
PIC,2025-02,nta before tax,dollars,1.29,2,True,,,,,learn,02914325
AIQ,2025-02,,,1.6038,0,False,at as at nta per unit,1.6085,dollars,1.0029305399675772,learn,02914276
WHI,2025-02,,,1.21,0,False,income total return gross of franking credits nta,1.2,dollars,0.9917355371900827,learn,02913983
PIC,2025-02,was nta per ordinary share nta before tax,dollars,1.29,2,True,,,,,learn,02913595
PIC,2025-02,nta before tax,dollars,1.29,2,True,,,,,learn,02913595
GCI,2025-02,macquarie tower farrer place sydney nsw p f,dollars,2.0027,2,True,,,,,learn,02913605
GCI,2025-02,governor macquarie tower farrer place sydney nsw p,dollars,2.0027,2,True,,,,,learn,02913605
NCC,2025-02,return fy fy fy,dollars,0.41,1,True,,,,,holdout,02913321
LSF,2025-02,,,2.9227,0,False,nta after tax,2.9307,dollars,1.0027371950593629,learn,02913316
PIC,2025-02,,,1.29,0,False,nta before tax,1.285,dollars,0.9961240310077518,learn,02913117
SEC,2025-02,,,2.477,0,False,at estimated nta per share pre tax nta,2.486,dollars,1.0036334275333065,holdout,02913433
MFF,2025-02,,,5.209,0,False,chapter pre tax nta after accounting provision for dividend,5.198,dollars,0.9978882703014016,learn,02912712
OPH,2025-02,,,3.3624,0,False,is as follows value date nav per unit,3.4452,dollars,1.0246252676659529,learn,02912551
RG8,2025-02,,,2.39,0,False,ordinary share for regal asian investments limited was,2.58,dollars,1.0794979079497908,learn,02912390
AUI,2025-02,,,12.13,0,False,the company s ordinary shares at was,12.62,dollars,1.0403957131079966,holdout,02911971
SEC,2025-02,,,2.477,0,False,at estimated nta per share pre tax nta,2.444,dollars,0.9866774323778765,holdout,02911793
ARG,2025-02,,,9.94,0,False,and approximate pre tax nta per share,10.22,dollars,1.0281690140845072,learn,02910317
LRT,2025-02,,,1.4131,0,False,unit of the trust as at as,1.3337,dollars,0.9438114783100984,learn,02910604
OPH,2025-02,,,3.3624,0,False,is as follows value date nav per unit,3.4484,dollars,1.0255769688317868,learn,02910273
GCI,2025-01,macquarie tower farrer place sydney nsw p f,dollars,2.002,2,True,,,,,learn,02909555
GCI,2025-01,governor macquarie tower farrer place sydney nsw p,dollars,2.002,2,True,,,,,learn,02909555
GC1,2025-01,,,0.83,0,False,nta as at are as follows nta,0.8136,dollars,0.9802409638554217,holdout,02909534
MOT,2025-01,,,2.1421,0,False,is as follows value date nta per unit,2.1564,dollars,1.0066756920778674,learn,02909517
SEC,2025-01,,,2.484,0,False,at estimated nta per share pre tax nta,2.478,dollars,0.997584541062802,holdout,02908854
PIC,2025-01,,,1.289,0,False,nta before tax,1.276,dollars,0.9899146625290924,learn,02908179
RG8,2025-01,,,2.56,0,False,ordinary share for regal asian investments limited was,2.54,dollars,0.9921875,learn,02907387
PAI,2025-01,,,1.1294,0,False,pre tax nta per share as at was,1.115,dollars,0.9872498671861165,learn,02906053
MXT,2025-01,,,2.0002,0,False,is as follows value date nta per unit,2.0081,dollars,1.0039496050394963,learn,02905777
PGF,2025-01,,,2.2662,0,False,nta before tax accruals,2.22,dollars,0.9796134498279059,learn,02905588
RG8,2025-01,,,2.56,0,False,ordinary share for regal asian investments limited was,2.41,dollars,0.94140625,learn,02905555
MXT,2025-01,,,2.0002,0,False,is as follows value date nta per unit,2.0075,dollars,1.0036496350364963,learn,02905300
GCI,2025-01,macquarie tower farrer place sydney nsw p f,dollars,2.002,2,True,,,,,learn,02904987
GCI,2025-01,governor macquarie tower farrer place sydney nsw p,dollars,2.002,2,True,,,,,learn,02904987
MEC,2025-01,noted below dollars per share estimated nta pre tax,dollars,1.2074,1,True,,,,,learn,02904262
FGG,2025-01,,,1.7338,0,False,,,,,holdout,02904367
KKC,2025-01,,,2.46,0,False,at close of business nta per unit,2.4716,dollars,1.0047154471544715,learn,02904312
CAM,2025-01,,,0.775,0,False,limited nta nta before tax,0.765,dollars,0.9870967741935484,holdout,02904386
WMA,2025-01,,,1.1984,0,False,asx wma unique opportunities beyond traditional assets,1.1917,cents,0.9944092122830441,learn,02904151
AUI,2025-01,,,12.62,0,False,is as below weekly pre tax nta per share,12.35,dollars,0.9786053882725833,holdout,02904063
TEK,2025-01,,,0.256,0,False,previous month before tax after tax,0.257,cents,1.00390625,holdout,02903988
WHI,2025-01,portfolio portfolio return gross of franking credits nta,dollars,1.2,1,True,,,,,learn,02903955
MFF,2025-01,,,5.392,0,False,weekly nta per share as at was,5.097,dollars,0.9452893175074184,learn,02903934
DJW,2025-01,,,3.38,0,False,pre tax nta per share,3.42,dollars,1.0118343195266273,learn,02903878
PGF,2025-01,,,2.2662,0,False,nta before tax accruals,2.16,dollars,0.9531374106433678,learn,02903737
OPH,2025-01,,,3.4484,0,False,is as follows value date nav per unit,3.2988,dollars,0.9566175617677763,learn,02903749
KAT,2025-01,,,1.352,0,False,nta backing per share after tax,1.337,dollars,0.9889053254437868,learn,02903581
TOP,2025-01,,,0.91,0,False,amplitude energy ltd top fully franked dividend history,0.9,dollars,0.989010989010989,holdout,02903543
PIC,2025-01,,,1.289,0,False,nta before tax,1.279,dollars,0.9922420480993018,learn,02903515
PAI,2025-01,,,1.1294,0,False,current share price current dividend yield pre tax nta,1.1247,dollars,0.9958384983176909,learn,02903120
WGB,2025-01,,,2.7105,0,False,exposure ice us intercontinental exchange inc united states,2.7,dollars,0.9961261759822911,holdout,02903340
SEC,2025-01,,,2.484,0,False,at estimated nta per share pre tax nta,2.443,dollars,0.9834943639291466,holdout,02903266
WAX,2025-01,,,1.186,0,False,cents cents cents cents cents cents m,1.16,dollars,0.9780775716694772,learn,02903044
MOT,2025-01,,,2.1421,0,False,is as follows value date nta per unit,2.1476,dollars,1.0025675738761028,learn,02902773
QRI,2025-01,,,1.5962,0,False,is as follows value date nta per unit,1.6038,dollars,1.0047613081067535,holdout,02902669
SEC,2025-01,,,2.484,0,False,at estimated nta per share pre tax nta,2.404,dollars,0.9677938808373591,holdout,02902566
MFF,2025-01,,,5.392,0,False,weekly nta per share as at was,5.118,dollars,0.9491839762611276,learn,02902056
MRE,2025-01,,,2.02,0,False,multi strategy fund value date nta per unit set,2.0246,dollars,1.0022772277227723,learn,02901927
AMH,2025-01,,,1.37,0,False,pre tax nta per share,1.34,dollars,0.9781021897810219,learn,02901881
MIR,2025-01,at before tax after tax,dollars,3.47,1,True,,,,,learn,02901578
KKC,2025-01,,,2.46,0,False,previous nta estimate,2.466,dollars,1.002439024390244,learn,02901573
CAM,2025-01,,,0.775,0,False,nta before tax,0.77,dollars,0.9935483870967742,holdout,02901370
MXT,2025-01,is as follows value date nta per unit,dollars,2.0002,2,True,,,,,learn,02901358
MXT,2025-01,limited level exchange centre bridge street sydney nsw,dollars,2.0002,2,True,,,,,learn,02901358
QRI,2024-12,,,1.6015,0,False,is as follows value date nta per unit,1.6123,dollars,1.0067436778020606,holdout,02900968
PCI,2024-12,at close of business on nta per unit,dollars,1.099,1,True,,,,,holdout,02900982
LSF,2024-12,,,2.9417,0,False,were nta per ordinary share nta before tax,2.9152,dollars,0.9909916034945779,learn,02900866
AFI,2024-12,,,8.24,0,False,pre tax nta per share,8.33,dollars,1.0109223300970873,learn,02900633
MOT,2024-12,,,2.1444,0,False,is as follows value date nta per unit,2.1543,dollars,1.0046166759932849,learn,02900432
KKC,2024-12,,,2.4716,0,False,current nta estimate,2.466,dollars,0.9977342612073151,learn,02900334
PMC,2024-12,,,1.5363,0,False,pre tax nta per share as at was,1.5165,dollars,0.987111892208553,learn,02900072
ARG,2024-12,,,10.01,0,False,approximate d ecember pre tax nta per share,10.11,dollars,1.0099900099900099,learn,02899611
RG8,2024-12,,,2.33,0,False,ordinary share for regal asian investments limited was,2.24,dollars,0.96137339055794,learn,02899321
GC1,2024-12,,,0.79,0,False,nta as at are as follows nta,0.7805,dollars,0.9879746835443037,holdout,02899050
MOT,2024-12,,,2.1444,0,False,is as follows value date nta per unit,2.1511,dollars,1.0031244170863645,learn,02898799
PIC,2024-12,,,1.273,0,False,nta after tax,1.258,dollars,0.988216810683425,learn,02897718
PIC,2024-12,investment company listing date nta after tax,dollars,1.273,2,True,,,,,learn,02897779
PIC,2024-12,nta after tax,dollars,1.273,2,True,,,,,learn,02897779
PMC,2024-12,,,1.5363,0,False,pre tax nta per share as at was,1.5402,dollars,1.0025385666861941,learn,02896996
AIQ,2024-12,,,1.6744,0,False,to long term while nta per unit aud,1.6089,dollars,0.9608815097945532,learn,02896549
CAM,2024-12,,,0.765,0,False,nta before tax,0.775,dollars,1.0130718954248366,holdout,02896523
SEC,2024-12,as at nta per share pre tax nta,dollars,2.409,1,True,,,,,holdout,02896638
RG8,2024-12,,,2.33,0,False,ordinary share for regal asian investments limited was,2.29,dollars,0.9828326180257511,learn,02896093
CAM,2024-12,,,0.765,0,False,limited nta nta before tax,0.785,dollars,1.0261437908496733,holdout,02895850
FPC,2024-12,,,1.2182,0,False,resona holdings inc mitsubishi ufj financial group inc,1.2,cents,0.9850599244787391,learn,02895831
NGE,2024-12,,,1.288,0,False,nta per share before tax,1.302,dollars,1.0108695652173914,holdout,02895340
RYD,2024-12,,,1.5446,0,False,nta post tax,1.5366,dollars,0.9948206655444776,holdout,02895162
MXT,2024-12,is as follows value date nta per unit,dollars,2.001,1,True,,,,,learn,02895092
SEC,2024-12,at estimated nta per share pre tax nta,dollars,2.409,1,True,,,,,holdout,02894799
PL8,2024-12,,,1.113,0,False,nta per share pre tax nta post tax nta,1.142,dollars,1.0260557053009882,learn,02894991
MOT,2024-12,is as follows value date nta per unit,dollars,2.1444,1,True,,,,,learn,02894579
QRI,2024-12,is as follows value date nta per unit,dollars,1.6015,1,True,,,,,holdout,02894489
TVL,2024-12,,,0.121,0,False,nta a m a m nta per share,0.12,dollars,0.9917355371900827,learn,02894468
PIC,2024-12,,,1.273,0,False,nta after tax,1.268,dollars,0.9960722702278084,learn,02894126
PE1,2024-12,,,1.7044,0,False,net asset value,1.588,cents,0.9317061722600329,learn,02893804
CAM,2024-12,,,0.765,0,False,nta before tax,0.79,dollars,1.0326797385620916,holdout,02893588
ALI,2024-12,,,2.65,0,False,and approximate pre tax nta per share,2.68,dollars,1.0113207547169811,learn,02893693
MFF,2024-12,,,5.084,0,False,weekly nta per share as at was,5.045,dollars,0.9923288749016523,learn,02893503
WAX,2024-12,cents cents cents cents cents cents m,dollars,1.1371,1,True,,,,,learn,02893884
KKC,2024-12,,,2.4716,0,False,current nta estimate,2.4587,dollars,0.9947807088525651,learn,02893226
MXT,2024-12,is as follows value date nta per unit,dollars,2.001,1,True,,,,,learn,02892784
PIC,2024-12,,,1.273,0,False,nta after tax,1.281,dollars,1.0062843676355067,learn,02892918
ECP,2024-12,,,1.703,0,False,active investing ecp emerging growth limited tel acn,1.67,cents,0.9806224310041103,learn,02892276
MXT,2024-12,is as follows value date nta per unit,dollars,2.001,1,True,,,,,learn,02892187
WLE,2024-12,,,1.3107,0,False,cents,1.3576,cents,1.035782406347753,holdout,02892021
LSX,2024-12,,,0.711,0,False,tax nta post tax m nta per share,0.72,cents,1.0126582278481013,holdout,02891919
PIC,2024-12,,,1.273,0,False,nta after tax,1.283,dollars,1.0078554595443834,learn,02891062
MXT,2024-12,is as follows value date nta per unit,dollars,2.001,1,True,,,,,learn,02891020
CAM,2024-12,,,0.765,0,False,nta before tax,0.79,dollars,1.0326797385620916,holdout,02890487
AUI,2024-12,,,12.15,0,False,is as below weekly pre tax nta per share,12.44,dollars,1.0238683127572015,holdout,02890686
GCI,2024-12,on nta per unit as at,dollars,2.01,1,True,,,,,learn,02890381
BKI,2024-12,,,1.87,0,False,per share as at below pre tax nta,1.9,dollars,1.016042780748663,holdout,02890265
AFI,2024-11,pre tax nta per share,dollars,8.48,2,True,,,,,learn,02890161
AFI,2024-11,share as at pre tax nta per share,dollars,8.48,2,True,,,,,learn,02890161
PL8,2024-11,,,1.153,0,False,as at nta per share pre tax nta,1.149,dollars,0.9965307892454467,learn,02889685
MXT,2024-11,,,2.0002,0,False,is as follows value date nta per unit,2.0113,dollars,1.0055494450554945,learn,02888593
GCI,2024-11,on nta per unit as at,dollars,2.022,1,True,,,,,learn,02888518
LSF,2024-11,,,3.0312,0,False,were nta per ordinary share nta before tax,3.0222,dollars,0.9970308788598575,learn,02889019
LSF,2024-11,,,3.0312,0,False,were nta per ordinary share nta before tax,3.054,dollars,1.0075217735550277,learn,02887462
GCI,2024-11,on nta per unit as at,dollars,2.022,1,True,,,,,learn,02887133
MOT,2024-11,,,2.1422,0,False,is as follows value date nta per unit,2.1494,dollars,1.0033610307160863,learn,02886491
OPH,2024-11,,,3.4209,0,False,is as follows value date nav per unit,3.2897,dollars,0.9616475196585693,learn,02886182
PCI,2024-11,,,1.099,0,False,at close of business on nta per unit,1.105,dollars,1.005459508644222,holdout,02885658
MXT,2024-11,,,2.0002,0,False,is as follows value date nta per unit,2.0089,dollars,1.0043495650434957,learn,02885761
PCI,2024-11,,,1.099,0,False,at close of business on nta per unit,1.104,dollars,1.0045495905368518,holdout,02884970
SEC,2024-11,,,2.394,0,False,at estimated nta per share pre tax nta,2.38,dollars,0.9941520467836257,holdout,02883929
LSF,2024-11,,,3.0312,0,False,were nta per ordinary share nta before tax,3.0136,dollars,0.9941937186592767,learn,02884000
MXT,2024-11,,,2.0002,0,False,is as follows value date nta per unit,2.0065,dollars,1.003149685031497,learn,02883136
DUI,2024-11,,,6.25,0,False,is as below weekly pre tax nta per share,6.15,dollars,0.9840000000000001,holdout,02883412
PCI,2024-11,,,1.099,0,False,at close of business on nta per unit,1.103,dollars,1.0036396724294814,holdout,02882511
GC1,2024-11,,,0.82,0,False,nta as at are as follows nta,0.7801,dollars,0.9513414634146342,holdout,02882657
PL8,2024-11,,,1.153,0,False,as at nta per share pre tax nta,1.136,dollars,0.9852558542931482,learn,02882710
CDM,2024-11,,,0.79,0,False,dividend yield based on the pre tax nta of,0.81,dollars,1.0253164556962024,learn,02882118
FPP,2024-11,,,0.9818,0,False,funds limited abn afsl level governor macquarie tower,1.0,dollars,1.0185373803218578,holdout,02882187
LSF,2024-11,,,3.0312,0,False,were nta per ordinary share nta before tax,3.0216,dollars,0.9968329374505146,learn,02882283
GC1,2024-11,total fy,dollars,0.82,1,True,,,,,holdout,02881393
WMA,2024-11,assets nta nta fully franked dividend paid cents,cents,1.1908,1,True,,,,,learn,02881855
MXT,2024-11,,,2.0002,0,False,is as follows value date nta per unit,2.0051,dollars,1.0024497550244975,learn,02881415
LSF,2024-11,,,3.0312,0,False,were nta per ordinary share nta before tax,3.0415,dollars,1.0033979941937186,learn,02881642
GCI,2024-11,,,2.022,0,False,on nta per unit as at,2.0127,dollars,0.9954005934718103,learn,02880301
WGB,2024-11,,,2.6347,0,False,exposure ice us intercontinental exchange inc united states,2.7,dollars,1.024784605457927,holdout,02880703
LSF,2024-11,,,3.0312,0,False,nta after tax,3.0505,dollars,1.0063671153338611,learn,02880554
PAI,2024-11,,,1.0751,0,False,post tax nta maximum franked dividend cps management fee,1.1,dollars,1.0231606362198866,learn,02879399
SEC,2024-11,,,2.394,0,False,at estimated nta per share pre tax nta,2.363,dollars,0.9870509607351712,holdout,02878960
PIC,2024-11,,,1.313,0,False,nta before tax,1.26,dollars,0.9596344249809596,learn,02878314
SEC,2024-11,,,2.394,0,False,as at nta per share pre tax nta,2.377,dollars,0.9928989139515454,holdout,02878038
PCI,2024-10,at close of business on nta per unit,dollars,1.099,1,True,,,,,holdout,02877204
PCI,2024-10,at close of business on nta per unit,dollars,1.099,1,True,,,,,holdout,02876324
QRI,2024-10,,,1.601,0,False,is as follows value date nta per unit,1.611,dollars,1.0062460961898814,holdout,02875386
LSF,2024-10,were nta per ordinary share nta before tax,dollars,3.1483,1,True,,,,,learn,02874810
MXT,2024-10,,,2.0002,0,False,is as follows value date nta per unit,2.0098,dollars,1.004799520047995,learn,02872019
LSF,2024-10,,,3.1483,0,False,nta after tax,3.1195,dollars,0.9908522059524187,learn,02870586
MXT,2024-10,,,2.0002,0,False,is as follows value date nta per unit,2.0077,dollars,1.0037496250374962,learn,02870256
RF1,2024-10,,,3.52,0,False,nav per unit of regal investment fund was,3.49,dollars,0.9914772727272728,learn,02870074
MEC,2024-10,,,1.1514,0,False,noted below dollars per share estimated nta pre tax,1.1423,dollars,0.9920965780788606,learn,02869021
GCI,2024-10,,,2.0117,0,False,on nta per unit as at,2.0192,dollars,1.0037281900879855,learn,02868901
SEC,2024-10,,,2.395,0,False,at estimated nta per share pre tax nta,2.474,dollars,1.0329853862212945,holdout,02868492
PIC,2024-10,,,1.266,0,False,nta after tax,1.276,dollars,1.0078988941548184,learn,02868394
TEK,2024-10,,,0.249,0,False,tax asx code tek structure listed investment,0.254,cents,1.0200803212851406,holdout,02867091
TGF,2024-10,,,2.0508,0,False,au aal gb nta per share nta pre tax,2.0136,dollars,0.9818607372732591,holdout,02867238
CD1,2024-10,,,0.96,0,False,as at was per unit was,0.951,dollars,0.990625,holdout,02867348
MOT,2024-10,,,2.1417,0,False,is as follows value date nta per unit,2.1463,dollars,1.0021478264929728,learn,02866448
FPC,2024-10,,,1.2925,0,False,fund as at th amount pre tax nta,1.2446,dollars,0.9629400386847194,learn,02866415
PIC,2024-10,ordinary share nta before tax nta after tax,dollars,1.266,2,True,,,,,learn,02865987
PIC,2024-10,nta after tax,dollars,1.266,2,True,,,,,learn,02865987
KKC,2024-10,,,2.4629,0,False,at close of business nta per unit,2.4751,dollars,1.0049535100897315,learn,02866202
GCI,2024-10,on nta per unit as at,dollars,2.0117,1,True,,,,,learn,02865896
SEC,2024-10,,,2.395,0,False,at estimated nta per share pre tax nta,2.429,dollars,1.0141962421711899,holdout,02865585
PAI,2024-10,,,1.1266,0,False,pre tax nta per share as at was,1.1819,dollars,1.0490857447186224,learn,02865494
8IH,2024-10,,,0.0427,0,False,per share as of is s a,0.0415,dollars,0.9718969555035128,learn,02865475
PCI,2024-10,at close of business on nta per unit,dollars,1.099,1,True,,,,,holdout,02865392
SNC,2024-10,,,0.9385,0,False,investments limited nta before tax nta after tax,0.9294,dollars,0.9903036760788493,learn,02865344
TOP,2024-10,before tax after tax million capitalisation,cents,0.948,1,True,,,,,holdout,02864782
BKI,2024-10,,,1.86,0,False,per share as at below pre tax nta,1.88,dollars,1.010752688172043,holdout,02864763
MOT,2024-10,is as follows value date nta per unit,dollars,2.1417,1,True,,,,,learn,02864859
MEC,2024-10,,,1.1514,0,False,noted below dollars per share estimated nta pre tax,1.1166,dollars,0.9697759249609172,learn,02865002
CAM,2024-10,,,0.785,0,False,nta before tax,0.82,dollars,1.0445859872611465,holdout,02864804
RF1,2024-10,,,3.52,0,False,nav per unit of regal investment fund was,3.44,dollars,0.9772727272727273,learn,02864211
MOT,2024-10,is as follows value date nta per unit,dollars,2.1417,1,True,,,,,learn,02863778
MIR,2024-10,,,3.29,0,False,at before tax after tax,3.27,dollars,0.9939209726443768,learn,02863080
AMH,2024-10,at before tax after tax,dollars,1.3,1,True,,,,,learn,02862298
LSF,2024-09,were nta per ordinary share nta before tax,dollars,3.17,1,True,,,,,learn,02862134
MOT,2024-09,is as follows value date nta per unit,dollars,2.1423,1,True,,,,,learn,02861893
WQG,2024-09,below net tangible assets nta before tax,dollars,1.753,2,True,,,,,learn,02861646
WQG,2024-09,nta before tax,dollars,1.753,2,True,,,,,learn,02861646
OPH,2024-09,prior value date nav per unit month end,dollars,3.0685,1,True,,,,,learn,02861594
SEC,2024-09,,,2.407,0,False,as at nta per share pre tax nta,2.38,dollars,0.9887827170751973,holdout,02861206
MFF,2024-09,,,4.383,0,False,weekly nta per share as at was,4.374,dollars,0.9979466119096508,learn,02860874
BKI,2024-09,,,1.91,0,False,per share as at below pre tax nta,1.89,dollars,0.9895287958115183,holdout,02860441
HM1,2024-09,estimated nta per ordinary share pre tax nta,dollars,3.28,1,True,,,,,learn,02860249
SEC,2024-09,,,2.407,0,False,at estimated nta per share pre tax nta,2.336,dollars,0.9705027004570004,holdout,02859107
MOT,2024-09,,,2.1423,0,False,is as follows value date nta per unit,2.1513,dollars,1.0042010922839937,learn,02858846
PIC,2024-09,,,1.304,0,False,nta before tax,1.277,dollars,0.9792944785276072,learn,02858239
PCI,2024-09,,,1.098,0,False,at close of business on nta per unit,1.103,dollars,1.0045537340619306,holdout,02858090
PMC,2024-09,,,1.5229,0,False,pre tax nta per share as at was,1.4659,dollars,0.9625714098102305,learn,02857535
MFF,2024-09,,,4.383,0,False,chapter pre tax nta after accounting provision for dividend,4.403,dollars,1.00456308464522,learn,02857085
GC1,2024-09,,,0.75,0,False,as at are as follows nta nta,0.7173,dollars,0.9564,holdout,02856457
PL8,2024-09,,,1.136,0,False,as at nta per share pre tax nta,1.12,dollars,0.9859154929577466,learn,02856436
OPH,2024-09,,,3.0685,0,False,s p asx small ordinaries accumulation index since inception years,3.0,dollars,0.9776763891152029,learn,02856020
LSF,2024-09,,,3.17,0,False,all taxes l long short fund limited phone,3.0,dollars,0.9463722397476341,learn,02855325
QRI,2024-09,,,1.6006,0,False,is as follows value date nta per unit,1.6066,dollars,1.003748594277146,holdout,02854833
SEC,2024-09,,,2.407,0,False,as at nta per share pre tax nta,2.344,dollars,0.9738263398421271,holdout,02854291
CAM,2024-09,,,0.83,0,False,nta before tax,0.815,dollars,0.9819277108433735,holdout,02854065
MOT,2024-09,,,2.1423,0,False,is as follows value date nta per unit,2.1467,dollars,1.0020538673388415,learn,02854033
GVF,2024-09,,,1.3147,0,False,share staude capital global value nta before tax,1.328,dollars,1.010116376359626,learn,02853496
PL8,2024-09,,,1.136,0,False,taxes all p a returns are pre tax nta,1.114,dollars,0.9806338028169016,learn,02853463
FPC,2024-09,music entertainment group sumitomo mitsui financial group inc,cents,1.2513,1,True,,,,,learn,02853513
ECL,2024-09,,,4.1276,0,False,cents as at nta before all taxes,4.1143,cents,0.9967777885454017,learn,02853593
WMA,2024-09,,,1.2024,0,False,outline download outline ylno esu lanosrep rof bn,2.0,cents,1.6633399866932803,learn,02853327
PIC,2024-09,,,1.304,0,False,nta before tax,1.293,dollars,0.991564417177914,learn,02853000
8IH,2024-09,,,0.0415,0,False,per share as of is s a,0.0419,dollars,1.0096385542168673,learn,02852605
MEC,2024-09,per share estimated nta pre tax estimated nta post tax,dollars,1.1166,1,True,,,,,learn,02852019
PCI,2024-09,,,1.098,0,False,perpetual credit income trust arsn angel place level,1.23,cents,1.1202185792349726,holdout,02851898
PMC,2024-09,,,1.5229,0,False,pre tax nta per share as at was,1.4626,dollars,0.9604044914308227,learn,02851866
PCX,2024-09,,,1.98,0,False,visit our website pengana com pcx client service t,2.0,dollars,1.0101010101010102,learn,02851813
SEC,2024-09,,,2.407,0,False,outperforming the s p asx small ordinaries accumulation index by,2.342,dollars,0.9729954299958454,holdout,02851652
LSF,2024-09,,,3.17,0,False,all taxes l long short fund limited phone,3.0,dollars,0.9463722397476341,learn,02851633
PCI,2024-09,,,1.098,0,False,perpetual credit income trust arsn angel place level,1.23,cents,1.1202185792349726,holdout,02851388
BKI,2024-09,,,1.91,0,False,per share as at below pre tax nta,1.83,dollars,0.9581151832460734,holdout,02851317
VG1,2024-09,,,2.19,0,False,share for vgi partners global investments limited was,2.01,dollars,0.9178082191780821,learn,02851219
OPH,2024-09,,,3.0685,0,False,company limited ophir asset management pty ltd abn,3.0,dollars,0.9776763891152029,learn,02851196
LSF,2024-09,,,3.17,0,False,all taxes l long short fund limited phone,3.0,dollars,0.9463722397476341,learn,02851098
WGB,2024-09,,,2.4807,0,False,ylno esu lanosrep rof download outline download outline,2.5,dollars,1.0077800620792519,holdout,02851267
AUI,2024-09,,,12.28,0,False,of cents per share payable on,12.23,dollars,0.9959283387622151,holdout,02850793
LSF,2024-09,,,3.17,0,False,were nta per ordinary share nta before tax,3.0023,dollars,0.9470977917981073,learn,02850506
AFI,2024-09,,,8.33,0,False,of million portfolio commonwealth bank of australia bhp,8.355,cents,1.003001200480192,learn,02849695
MOT,2024-09,is as follows value date nta per unit,dollars,2.1423,1,True,,,,,learn,02849622
FSI,2024-09,,,2.734,0,False,tax on unrealised gains unrealised gains at,2.6180000000000003,cents,0.9575713240673008,holdout,02849564
QRI,2024-09,is as follows value date nta per unit,dollars,1.6006,1,True,,,,,holdout,02849532
LSX,2024-09,,,0.716,0,False,per share as at before tax,0.65,cents,0.9078212290502794,holdout,02848981
CAM,2024-09,,,0.83,0,False,nta before tax,0.815,dollars,0.9819277108433735,holdout,02848517
ALI,2024-09,,,2.56,0,False,and approximate pre tax nta per share,2.55,dollars,0.9960937499999999,learn,02848827
GCI,2024-09,macquarie tower farrer place sydney nsw p f,dollars,2.0022,3,True,,,,,learn,02848520
GCI,2024-09,governor macquarie tower farrer place sydney nsw p,dollars,2.0022,3,True,,,,,learn,02848520
GCI,2024-09,arsn asx announcement,dollars,2.0022,3,True,,,,,learn,02848520
RF1,2024-08,nav per unit of regal investment fund was,dollars,3.31,1,True,,,,,learn,02848247
MOT,2024-08,,,2.1411,0,False,is as follows value date nta per unit,2.1519,dollars,1.0050441361916773,learn,02846571
QRI,2024-08,,,1.6007,0,False,is as follows value date nta per unit,1.6107,dollars,1.0062472668207658,holdout,02845511
SEC,2024-08,,,2.342,0,False,as at nta per share pre tax nta,2.253,dollars,0.9619982920580701,holdout,02815746
PMC,2024-08,,,1.4793,0,False,estimated weekly pre tax nta as at was,1.4971,dollars,1.0120327181775164,learn,02844721
VG1,2024-08,,,2.12,0,False,share for vgi partners global investments limited was,2.19,dollars,1.0330188679245282,learn,02843828
MOT,2024-08,,,2.1411,0,False,is as follows value date nta per unit,2.1495,dollars,1.0039232170379713,learn,02843440
GCI,2024-08,on nta per unit as at,dollars,2.0228,1,True,,,,,learn,02843371
PIC,2024-08,was nta per ordinary share nta before tax,dollars,1.313,2,True,,,,,learn,02842892
PIC,2024-08,nta before tax,dollars,1.313,2,True,,,,,learn,02842892
AIQ,2024-08,,,1.5479,0,False,cents per unit closing aud usd cents per unit,1.5652,dollars,1.0111764325860844,learn,02842120
PIC,2024-08,,,1.313,0,False,nta before tax,1.307,dollars,0.9954303122619954,learn,02842188
LRT,2024-08,,,1.2769,0,False,unit of the trust as at as,1.2119,dollars,0.9490954655807033,learn,02841369
LSF,2024-08,were nta per ordinary share nta before tax,dollars,3.094,1,True,,,,,learn,02841250
SEC,2024-08,,,2.342,0,False,as at nta per share pre tax nta,2.322,dollars,0.9914602903501281,holdout,02841102
RF1,2024-08,,,3.31,0,False,nav per unit of regal investment fund was,3.24,dollars,0.9788519637462236,learn,02840801
MOT,2024-08,,,2.1411,0,False,is as follows value date nta per unit,2.1463,dollars,1.0024286581663633,learn,02840332
PCI,2024-08,,,1.099,0,False,perpetual credit income trust arsn angel place level,1.23,cents,1.1191992720655142,holdout,02839930
BHD,2024-08,,,0.2755,0,False,nta before tax,0.2738,cents,0.9938294010889291,holdout,02839526
CD1,2024-08,,,0.95,0,False,by during the month of performance summary,1.0,dollars,1.0526315789473684,holdout,02839442
PCI,2024-08,,,1.099,0,False,perpetual credit income trust arsn angel place level,1.23,cents,1.1191992720655142,holdout,02839400
GVF,2024-08,,,1.328,0,False,share staude capital global value nta before tax,1.341,dollars,1.009789156626506,learn,02839344
AIQ,2024-08,,,1.5479,0,False,at as at nta per unit,1.602,dollars,1.0349505782027264,learn,02839297
SEC,2024-08,,,2.342,0,False,as at nta per share pre tax nta,2.254,dollars,0.9624252775405636,holdout,02838666
IBC,2024-08,,,0.582,0,False,comparative purposes nta per ordinary share month end,0.31,cents,0.5326460481099656,learn,02838520
BKI,2024-08,,,1.85,0,False,payment of the fy final dividend pre tax nta,1.81,dollars,0.9783783783783784,holdout,02838425
KKC,2024-08,previous nta estimate,dollars,2.4481,4,True,,,,,learn,02838349
KKC,2024-08,current nta estimate,dollars,2.4481,4,True,,,,,learn,02838349
KKC,2024-08,time current nta estimate previous nta estimate,dollars,2.4481,4,True,,,,,learn,02838349
KKC,2024-08,end of day us time current nta estimate,dollars,2.4481,4,True,,,,,learn,02838349
WAR,2024-08,,,1.2702,0,False,liiclsson ao s scteonctkre s gporotluigph l data,1.46,dollars,1.1494252873563218,holdout,02837937
RYD,2024-08,,,1.4924,0,False,nta pre tax,1.4715,dollars,0.9859957116054677,holdout,02837885
ARG,2024-08,,,9.91,0,False,nta per share nta per share,10.06,dollars,1.0151362260343089,learn,02837847
BTI,2024-08,,,1.7,0,False,portfolio nta share at of information technology companies,1.77,dollars,1.0411764705882354,holdout,02837853
MIR,2024-08,,,3.27,0,False,before tax after tax ex div,3.24,dollars,0.9908256880733946,learn,02837424
PIC,2024-08,,,1.313,0,False,nta before tax,1.271,dollars,0.968012185833968,learn,02837238
PIA,2024-08,,,1.2962,0,False,tax on unrealised gains losses nta value after tax,1.3193000000000001,cents,1.0178213238697733,holdout,02836999
GCI,2024-08,,,2.0228,0,False,on nta per unit as at,2.0104,dollars,0.9938698833300376,learn,02836739
PCI,2024-08,,,1.099,0,False,perpetual credit income trust arsn angel place level,1.23,cents,1.1191992720655142,holdout,02836680
SEC,2024-08,as at nta per share pre tax nta,dollars,2.342,1,True,,,,,holdout,02836296
AMH,2024-08,,,1.3,0,False,before tax after tax cum div,1.32,dollars,1.0153846153846153,learn,02836268
HM1,2024-08,,,3.24,0,False,estimated nta per ordinary share pre tax nta,3.13,dollars,0.9660493827160492,learn,02836088
GCI,2024-08,,,2.0228,0,False,on nta per unit as at,2.0085,dollars,0.9929305912596401,learn,02835809
MOT,2024-08,is as follows value date nta per unit,dollars,2.1411,1,True,,,,,learn,02835924
GC1,2024-08,,,0.72,0,False,as at are as follows nta nta,0.7161,dollars,0.9945833333333333,holdout,02835930
PIC,2024-07,was nta per ordinary share nta before tax,dollars,1.349,2,True,,,,,learn,02835494
PIC,2024-07,nta before tax,dollars,1.349,2,True,,,,,learn,02835494
GCI,2024-07,on nta per unit as at,dollars,2.008,1,True,,,,,learn,02835428
OPH,2024-07,prior value date nav per unit month end,dollars,2.9815,1,True,,,,,learn,02835187
ALI,2024-07,,,2.56,0,False,business each friday nta per share,2.54,dollars,0.9921875,learn,02833440
KKC,2024-07,current nta estimate,dollars,2.4727,2,True,,,,,learn,02833061
KKC,2024-07,end of day us time current nta estimate,dollars,2.4727,2,True,,,,,learn,02833061
PCI,2024-07,,,1.107,0,False,perpetual credit income trust arsn angel place level,1.23,cents,1.1111111111111112,holdout,02832581
PIC,2024-07,,,1.349,0,False,nta before tax,1.321,dollars,0.9792438843587843,learn,02832266
MXT,2024-07,,,2.0001,0,False,is as follows value date nta per unit,2.0097,dollars,1.0047997600119993,learn,02831736
OPH,2024-07,,,2.9815,0,False,s p asx small ordinaries accumulation index since inception years,3.0,dollars,1.006204930404159,learn,02831824
PCI,2024-07,,,1.107,0,False,perpetual credit income trust arsn angel place level,1.23,cents,1.1111111111111112,holdout,02831273
MFF,2024-07,,,4.43,0,False,mff advises thatits approximateweeklynta pershareas atfriday was,4.323,dollars,0.9758465011286683,learn,02830910
MOT,2024-07,,,2.1409,0,False,is as follows value date nta per unit,2.1488,dollars,1.0036900369003692,learn,02830843
PL8,2024-07,,,1.117,0,False,p a pre tax nta total return post tax nta,1.095,dollars,0.9803043867502238,learn,02830822
BKI,2024-07,,,1.91,0,False,per share as at below pre tax nta,1.88,dollars,0.9842931937172775,holdout,02830793
OPH,2024-07,,,2.9815,0,False,company limited ophir asset management pty ltd abn,3.0,dollars,1.006204930404159,learn,02830772
KKC,2024-07,previous nta estimate,dollars,2.4727,4,True,,,,,learn,02830689
KKC,2024-07,current nta estimate,dollars,2.4727,4,True,,,,,learn,02830689
KKC,2024-07,time current nta estimate previous nta estimate,dollars,2.4727,4,True,,,,,learn,02830689
KKC,2024-07,end of day us time current nta estimate,dollars,2.4727,4,True,,,,,learn,02830689
RF1,2024-07,,,3.27,0,False,nav per unit of regal investment fund was,3.23,dollars,0.9877675840978594,learn,02830718
AIQ,2024-07,,,1.602,0,False,cents per unit closing aud usd cents per unit,1.5658,dollars,0.9774032459425718,learn,02830081
SEC,2024-07,,,2.344,0,False,at estimated nta per share pre tax nta,2.278,dollars,0.9718430034129694,holdout,02829727
MOT,2024-07,,,2.1409,0,False,is as follows value date nta per unit,2.1476,dollars,1.0031295249661358,learn,02829558
HM1,2024-07,,,3.23,0,False,estimated nta per ordinary share pre tax nta,3.18,dollars,0.9845201238390093,learn,02828478
CD3,2024-07,,,1.75,0,False,unit fund inception last months since inception return,1.8,dollars,1.0285714285714287,learn,02828232
MXT,2024-07,,,2.0001,0,False,is as follows value date nta per unit,2.0047,dollars,1.0022998850057496,learn,02828181
CD2,2024-07,,,1.45,0,False,unit fund inception last months since inception return,1.5,dollars,1.0344827586206897,learn,02828239
LSF,2024-07,,,3.2558,0,False,were nta per ordinary share nta before tax,3.226,dollars,0.9908471036304441,learn,02827582
PIC,2024-07,,,1.349,0,False,nta before tax,1.313,dollars,0.9733135656041512,learn,02827445
SNC,2024-07,,,0.8986,0,False,period snc s voting power in ccil was,0.9148000000000001,cents,1.0180280436234144,learn,02827413
ARG,2024-07,,,10.06,0,False,nta per share nta per share,9.61,dollars,0.9552683896620278,learn,02827343
GCI,2024-07,,,2.008,0,False,on nta per unit as at,2.0123,dollars,1.0021414342629482,learn,02826986
HCF,2024-07,,,1.079,0,False,month nta per share before deferred tax on,1.073,dollars,0.9944392956441149,holdout,02826999
AUI,2024-07,,,12.23,0,False,the company s ordinary shares at was,11.74,dollars,0.9599345870809485,holdout,02827032
MEC,2024-07,,,1.1332,0,False,per share estimated nta pre tax estimated nta post tax,1.0781,dollars,0.9513766325450054,learn,02826869
PGF,2024-07,,,2.2024,0,False,nta before tax accruals,2.17,dollars,0.9852887758808573,learn,02826387
SEC,2024-07,,,2.344,0,False,at estimated nta per share pre tax nta,2.208,dollars,0.9419795221843005,holdout,02825802
MXT,2024-07,is as follows value date nta per unit,dollars,2.0001,1,True,,,,,learn,02825511
PIA,2024-07,,,1.3355,0,False,and before tax on unrealised gains and losses,1.2985,cents,0.9722950205915388,holdout,02825255
GCI,2024-07,on nta per unit as at,dollars,2.008,1,True,,,,,learn,02824406
