security_id,share_type,primary_name,all_names,sedols,codes,first_seen,last_seen,n_months,sector_last
SEDOL:B05KL90,Ordinary Share,F&C Commercial Property,BMO Commercial Property; Balanced Commercial Property; F&C Commercial Property,B05KL90; B4ZPCJ0,B05KL90; B4ZPCJ0; GG00B4ZPCJ00,2005-06,2024-10,221,Property - UK Commercial
SEDOL:414850,Ordinary Share,Pantheon International Participations,Oakley Capital Investments; Pantheon International; Pantheon International Participations,0414850; 414850; BP37WF1,0414850; 414850; GB0004148507; GB00BP37WF17,2005-12,2026-07,240,Private Equity
SEDOL:B020KN0,Participating Redeem Pref,Pantheon International Participations R shares,Pantheon International Participations R shares,B020KN0,B020KN0,2005-12,2006-12,5,Private Equity
SEDOL:981536,Ordinary Share,World Trust Fund,Lazard World Trust Fund; World Trust Fund,0981536; 8326625; 981536,0981536; 981536; LU0483266259,2006-01,2018-10,144,Global
SEDOL:3079405,Ordinary Income,Royal London UK Equity & Income,Royal London UK Equity & Income,3079405,3079405,2006-03,2008-08,22,Split Capital Trust
SEDOL:422002,Ordinary Share,Polar Capital Technology,Polar Capital Technology,0422002; 422002; BR3YV26,0422002; 422002; GB0004220025; GB00BR3YV268,2006-06,2026-07,236,Technology & Technology Innovation
SEDOL:717429,Ordinary Share,Quester VCT,Albion KAY VCT; Kings Arms Yard VCT; Quester VCT; SPARK VCT,0717429; 717429,0717429; 717429; GB0007174294,2006-08,2024-11,218,VCT
SEDOL:736639,Ordinary Share,RIT Capital Partners,RIT Capital Partners,0736639; 736639,0736639; 736639; GB0007366395,2006-08,2026-07,240,Flexible Investment
SEDOL:911544,Ordinary Share,SVM UK Active,SVM UK Active,0911544; 911544,0911544; 911544,2006-08,2011-07,60,UK Growth
SEDOL:204006,Ordinary Share,Close Brothers Protected VCT,Albion Prime VCT; Albion Protected VCT; Close Brothers Protected VCT,0204006; 204006,0204006; 204006,2006-09,2012-08,70,VCT Generalist
SEDOL:B01YYK8,Ordinary Share,Close Income & Growth VCT,Albion Income & Growth VCT; Close Income & Growth VCT,B01YYK8,B01YYK8; GB00B01YYK84,2006-09,2013-10,84,VCT Generalist
SEDOL:558167,Ordinary Share,Close Technology & General VCT,Albion Technology & General VCT; Close Technology & General VCT,0558167; 558167,0558167; 558167; GB0005581672,2006-09,2026-07,237,VCT
SEDOL:B0MV237,Ordinary Share,Close Technology & General VCT C shares,Albion Technology & General VCT C shares; Close Technology & General VCT C shares,B0MV237,B0MV237,2006-09,2011-02,52,VCT Generalist
SEDOL:782609,Ordinary Share,Scottish Investment Trust,Scottish Investment Trust,0782609; 782609,0782609; 782609; GB0007826091,2006-09,2022-07,189,Global
SEDOL:3047468,Ordinary Share,Standard Life European Private Equity,Patria Private Equity; Standard Life European Private Equity; Standard Life Private Equity; abrdn Private Equity Opportunities,3047468,3047468; GB0030474687,2006-09,2026-07,237,Private Equity
SEDOL:483247,Ordinary Share,Close Brothers Development VCT,Albion Development VCT; Close Brothers Development VCT,0483247; 483247,0483247; 483247; GB0004832472,2006-10,2024-11,216,VCT
SEDOL:3204218,C share,Close Brothers Development VCT C shares,Close Brothers Development VCT C shares,3204218,3204218,2006-10,2007-02,3,Venture Capital Trusts
SEDOL:721163,ZDPs,JZ Equity Partners,JZ Capital Partners; JZ Equity Partners,721163; B2RK0S4; B40D7X8,721163; B2RK0S4; B40D7X8; GG00B40D7X85,2006-10,2016-05,115,Split Capital Trust
SEDOL:290481,Ordinary Income,JZ Equity Partners,JZ Capital Partners; JZ Equity Partners,290481; B2RK0R3; B403HK5,290481; B2RK0R3; B403HK5; GG00B403HK58,2006-10,2020-03,161,Flexible Investment
SEDOL:783884,Ordinary Share,Scottish Mortgage,Scottish Mortgage; Scottish Mortgage Investment Trust,0783884; 783884; BLDYK61,0783884; 783884; GB0007838849; GB00BLDYK618,2006-10,2026-07,237,Global
SEDOL:B05NYM3,Ordinary Income,INVESCO Leveraged High Yield,INVESCO Leveraged High Yield; INVESCO Perpetual Enhanced Income; Invesco Enhanced Income; Invesco Perpetual Enhanced Income,B05NYM3,B05NYM3; GB00B05NYM32,2006-11,2021-04,174,Debt - Loans & Bonds
SEDOL:3152845,Income,Smaller Companies Value Trust,Smaller Companies Value Trust,3152845,3152845,2006-11,2009-03,29,Split Capital Trust
SEDOL:3152856,Capital,Smaller Companies Value Trust,Smaller Companies Value Trust,3152856,3152856,2006-11,2009-03,29,Split Capital Trust
SEDOL:167518,Ordinary Share,Advance UK,Advance UK,167518,167518,2006-12,2010-02,39,Global Growth
SEDOL:278175,Ordinary Share,Allianz Dresdner Endowment Policy 2010,Allianz Dresdner Endowment Policy 2010,278175,278175,2006-12,2010-11,48,Sector Specialist: Endowment Policies
SEDOL:493990,Ordinary Share,Allianz Dresdner Second Endowment 2009,Allianz Dresdner Second Endowment 2009,493990,493990,2006-12,2009-11,36,Sector Specialist: Endowment Policies
SEDOL:B06GDT1,Ordinary Share,Alternative Investment Strategies,Alternative Investment Strategies,B06GDT1; BC9ZSR2,B06GDT1; GB00B06GDT12; GG00BC9ZSR27,2006-12,2013-09,82,Hedge Funds
SEDOL:B02WQ94,Ordinary Share,Artemis AIM VCT 2,Artemis AIM VCT 2; Artemis VCT,B02WQ94,B02WQ94; GB00B02WQ947,2006-12,2020-08,165,VCT AIM Quoted
NAME:baronsmead vct|ordinary share,Ordinary Share,Baronsmead VCT,Baronsmead VCT,0080358,0080358; 80358; GB0000803584,2006-12,2015-11,108,VCT Generalist
SEDOL:263193,Ordinary Share,Baronsmead VCT 2,Baronsmead VCT 2; Baronsmead Venture Trust,0263193; 263193,0263193; 263193; GB0002631934,2006-12,2026-07,236,VCT
SEDOL:B02T219,Ordinary Share,Baronsmead VCT 2 C shares,Baronsmead VCT 2 C shares,B02T219,B02T219,2006-12,2006-12,1,Venture Capital Trusts
SEDOL:3002810,Ordinary Share,Baronsmead VCT 3,Baronsmead Second Venture Trust; Baronsmead VCT 3,3002810,3002810; GB0030028103,2006-12,2026-07,236,VCT
SEDOL:B0GDRP6,Ordinary Share,Baronsmead VCT 3 C shares,Baronsmead VCT 3 C shares,B0GDRP6,B0GDRP6,2006-12,2007-12,13,VCT Generalist Pre Qualifying
SEDOL:3109528,Ordinary Share,Baronsmead VCT 4,Baronsmead VCT 4,3109528,3109528; GB0031095283,2006-12,2016-02,111,VCT Generalist
SEDOL:B0WV8X9,C share,Baronsmead VCT 4 C shares,Baronsmead VCT 4 C shares,B0WV8X9,B0WV8X9,2006-12,2008-12,25,VCT Generalist
SEDOL:B067N38,Ordinary Share,Baronsmead VCT C shares,Baronsmead VCT C shares,B067N38,B067N38,2006-12,2007-03,4,Venture Capital Trusts
SEDOL:203962,Ordinary Share,Close Brothers VCT,Albion VCT; Close Brothers VCT,0203962; 203962,0203962; 203962; GB0002039625,2006-12,2024-11,216,VCT
SEDOL:257743,Ordinary Share,Crown Place VCT,Albion Crown VCT; Crown Place VCT,0257743; 257743,0257743; 257743; GB0002577434,2006-12,2026-07,236,VCT
SEDOL:341947,Ordinary Share,Eclectic,Eclectic; Eclectic (AIM),341947,341947,2006-12,2010-12,49,Global Growth & Income
SEDOL:322566,Ordinary Share,European Assets,European Assets; European Assets Trust,0022609; 0322566; 1283881; 322566; BHJVQ59,0322566; 322566; GB00BHJVQ590; NL0000226090; NL0012838817,2006-12,2025-09,226,European Smaller Companies
SEDOL:B17MXW8,Ordinary Share,Henderson Global Property Companies,Henderson Global Property Companies,B17MXW8,B17MXW8,2006-12,2011-03,52,Property Securities
SEDOL:455934,Ordinary Share,International Biotechnology,International Biotechnology,0455934; 455934,0455934; 455934; GB0004559349,2006-12,2026-07,236,Biotechnology & Healthcare
SEDOL:B1DPVL6,Ordinary Share,Invesco Perpetual Select UK Equity,Invesco Perpetual Select UK Equity; Invesco Select Trust - UK Equity shares; Invesco Select UK Equity,B1DPVL6,B1DPVL6; GB00B1DPVL60,2006-12,2024-03,208,UK Equity Income
SEDOL:B0GYJV9,Ordinary Share,Investec Capital Accumulator,Investec Capital Accumulator,B0GYJV9,B0GYJV9,2006-12,2010-04,41,Sector Specialist: Zero Dividend
SEDOL:3216473,Ordinary Share,JPMorgan Russian Securities,"JPMorgan Emerging Europe, Middle East & Africa; JPMorgan Russian Securities",3216473,3216473; GB0032164732,2006-12,2026-07,236,Global Emerging Markets
SEDOL:341710,Ordinary Share,JPMorgan US Discovery,JPMorgan US Discovery; JPMorgan US Smaller Companies,0341710; 341710; BJL5F34,0341710; 341710; GB0003417101; GB00BJL5F346,2006-12,2026-07,236,North American Smaller Companies
SEDOL:3253953,Ordinary Share,Jubilee Investment Trust,Jubilee Investment Trust,3253953,3253953,2006-12,2007-01,2,Global Smaller Companies
SEDOL:B0JMRX8,Ordinary Share,Matrix Income & Growth 3 VCT,Matrix Income & Growth 3 VCT,B0JMRX8,B0JMRX8,2006-12,2010-04,41,VCT Generalist
SEDOL:B01WL23,Ordinary Share,Matrix Income & Growth VCT,Gresham House Income & Growth 2 VCT; Matrix Income & Growth VCT; Mobeus Income & Growth VCT,B01WL23,B01WL23; GB00B01WL239,2006-12,2026-07,236,VCT
SEDOL:596286,Ordinary Share,Mithras,Mithras,0596286; 596286,0596286; 596286; GB0005962864,2006-12,2018-08,141,Private Equity
SEDOL:791348,Ordinary Share,Schroder UK Growth,Baillie Gifford UK Growth; Schroder UK Growth,0791348; 791348,0791348; 791348; GB0007913485,2006-12,2026-07,236,UK All Companies
SEDOL:B0HW611,Ordinary Share,Ukraine Opportunity,Ukraine Opportunity,B0HW611,B0HW611; GB00B0HW6117,2006-12,2015-10,107,Country Specialists: Europe
NAME:aim distribution trust vct|ordinary share,Ordinary Share,AIM Distribution Trust VCT,AIM Distribution Trust VCT,,11637,2007-01,2010-02,38,VCT AIM Quoted
SEDOL:448451,Ordinary Share,AIM VCT,AIM VCT; Bluehone AIM VCT,448451,448451,2007-01,2008-06,18,VCT AIM Quoted
SEDOL:205753,Ordinary Share,AIM VCT 2,AIM VCT 2; Bluehone AIM VCT 2; Maven Income & Growth VCT 5; Maven Income and Growth VCT 5,0205753; 205753,0205753; 205753; GB0002057536,2007-01,2026-07,235,VCT
SEDOL:B0PKQN9,Ordinary Share,AIM VCT 2 C shares,AIM VCT 2 C shares; Bluehone AIM VCT 2 C shares,B0PKQN9,B0PKQN9,2007-01,2009-10,34,VCT AIM Quoted
SEDOL:392075,Ordinary Share,Aberdeen All Asia,Aberdeen All Asia; Aberdeen Japan; abrdn Japan; abrdn Japan Investment Trust,0392075; 392075,0392075; 392075; GB0003920757,2007-01,2023-09,201,Japan
SEDOL:B0P6J83,Ordinary Share,Aberdeen Asian Income,Aberdeen Asian Income; Aberdeen Asian Income Fund; abrdn Asian Income; abrdn Asian Income Fund,B0P6J83,B0P6J83; GB00B0P6J834,2007-01,2026-07,235,Asia Pacific Equity Income
NAME:aberdeen asia focus|ordinary share,Ordinary Share,Aberdeen Asian Smaller Companies,Aberdeen Asia Focus; Aberdeen Asian Smaller Companies; Aberdeen Standard Asia Focus; abrdn Asia Focus,0010076; BMF19B5,0010076; 10076; GB0000100767; GB00BMF19B58,2007-01,2026-07,235,Asia Pacific Smaller Companies
SEDOL:B08P0H3,ZDP 2010,Aberdeen Development Capital,Aberdeen Development Capital,B08P0H3,B08P0H3,2007-01,2011-08,56,Split Capital Trust
SEDOL:B08P147,ZDP 2012,Aberdeen Development Capital,Aberdeen Development Capital,B08P147,B08P147,2007-01,2011-08,56,Split Capital Trust
SEDOL:735250,Ordinary Income,Aberdeen Development Capital,Aberdeen Development Capital,0735250; 735250,0735250; 735250,2007-01,2012-03,63,Private Equity
SEDOL:3115376,Ordinary Share,Aberdeen Growth Opportunities VCT,Aberdeen Growth Opportunities VCT; Maven Income & Growth VCT 3; Maven Income and Growth VCT 3,3115376,3115376; GB0031153769,2007-01,2026-07,235,VCT
SEDOL:B043QW8,Ordinary Share,Aberdeen Growth Opportunities VCT 2,Aberdeen Growth Opportunities VCT 2; Maven Income & Growth VCT 4; Maven Income and Growth VCT 4,B043QW8,B043QW8; GB00B043QW84,2007-01,2026-07,205,VCT
SEDOL:B0WH8F9,Ordinary Share,Aberdeen Growth Opportunities VCT C shares,Aberdeen Growth Opportunities VCT C shares,B0WH8F9,B0WH8F9,2007-01,2009-02,26,VCT Generalist
SEDOL:3036745,Ordinary Share,Aberdeen Growth VCT I,Aberdeen Growth VCT I; Maven Income & Growth VCT 2; Maven Income and Growth VCT 2,3036745,3036745; GB0030367451,2007-01,2017-02,122,VCT Generalist
NAME:abrdn new dawn|ordinary share,Ordinary Share,Aberdeen New Dawn,Aberdeen New Dawn; abrdn New Dawn; abrdn New Dawn Investment Trust,0005685; BBM56V2,0005685; 5685; GB0000056852; GB00BBM56V29,2007-01,2023-10,202,Asia Pacific
NAME:aberdeen new thai|ordinary share,Ordinary Share,Aberdeen New Thai,Aberdeen New Thai,0005997,0005997; 5997; GB0000059971,2007-01,2021-10,178,Country Specialist
SEDOL:3110003,Income,Aberforth Geared Capital & Income,Aberforth Geared Capital & Income,3110003,3110003,2007-01,2011-07,55,Split Capital Trust
SEDOL:3110014,Capital,Aberforth Geared Capital & Income,Aberforth Geared Capital & Income,3110014,3110014,2007-01,2011-07,55,Split Capital Trust
NAME:aberforth smaller companies|ordinary share,Ordinary Share,Aberforth Smaller Companies,Aberforth Smaller Companies,0006655,0006655; 6655; GB0000066554,2007-01,2026-07,235,UK Smaller Companies
SEDOL:B05PYY1,Ordinary Share,Absolute Return Trust,Absolute Return Trust,B05PYY1; B82PW35; B9NMW21; BCCW580,B05PYY1; B82PW35; GB00B82PW354; GG00B9NMW217; GG00BCCW5806,2007-01,2013-11,83,Hedge Funds
SEDOL:B0Q73G1,Ordinary Share,AcenciA Debt Strategies,AcenciA Debt Strategies; AcenciA Debt Strategies (Chpt 14),B0MSB42; B0Q73G1,B0Q73G1; GB00B0MSB420,2007-01,2017-08,128,Hedge Funds
SEDOL:3038332,Ordinary Share,Active Capital,Active Capital,3038332,3038332,2007-01,2009-08,32,UK Smaller Companies
SEDOL:167499,Ordinary Share,Advance Developing Markets,Aberdeen Emerging Markets; Advance Developing Markets; abrdn China; abrdn China Investment Company,167499; B45L2K9,167499; B45L2K9; GG00B45L2K95,2007-01,2024-02,206,China / Greater China
NAME:albany|ordinary share,Ordinary Share,Albany,Albany,0012102,0012102; 12102,2007-01,2012-07,67,UK Growth & Income
SEDOL:B11V7W9,Ordinary Share,Alliance Trust,Alliance Trust; Alliance Witan,B11V7W9,B11V7W9; GB00B11V7W98,2007-01,2026-07,235,Global
SEDOL:B0BZVZ5,Ordinary Share,Anglo & Overseas,Anglo & Overseas,B0BZVZ5,B0BZVZ5,2007-01,2011-02,50,Global Growth
SEDOL:3016703,Ordinary Share,Artemis AIM VCT,Artemis AIM VCT,3016703,3016703,2007-01,2009-02,26,VCT AIM Quoted
SEDOL:435594,Ordinary Share,Artemis Alpha,Artemis Alpha; Artemis Alpha Trust,0435594; 435594,0435594; 435594; GB0004355946,2007-01,2024-10,214,UK All Companies
NAME:asset management|ordinary share,Ordinary Share,Asset Management,Asset Management,,58065,2007-01,2011-01,49,Sector Specialist: Financials
NAME:atlantis japan growth|ordinary share,Ordinary Share,Atlantis Japan Growth,Atlantis Japan Growth; Atlantis Japan Growth Fund,B61ND55,62356; B61ND55; GG00B61ND550,2007-01,2023-08,200,Japanese Smaller Companies
SEDOL:3095531,Ordinary Share,August Equity,August Equity; Henderson Private Equity; New Star Private Equity,3095531,3095531,2007-01,2010-09,45,Private Equity
NAME:aurora uk alpha|ordinary share,Ordinary Share,Aurora,Aurora; Aurora Investment Trust; Aurora UK Alpha,0063326,0063326; 63326; GB0000633262,2007-01,2026-07,235,UK All Companies
NAME:baillie gifford japan|ordinary share,Ordinary Share,Baillie Gifford Japan,Baillie Gifford Japan; Baillie Gifford Japan Trust,0048583,0048583; 48583; GB0000485838,2007-01,2026-07,235,Japan
NAME:baillie gifford shin nippon|ordinary share,Ordinary Share,Baillie Gifford Shin Nippon,Baillie Gifford Shin Nippon,0070627; BFXYH24,0070627; 70627; GB0000706274; GB00BFXYH242,2007-01,2026-07,235,Japanese Smaller Companies
NAME:bankers|ordinary share,Ordinary Share,Bankers,Bankers; Bankers Investment Trust,0076700; BN4NDR3,0076700; 76700; GB0000767003; GB00BN4NDR39,2007-01,2026-07,235,Global
SEDOL:3227334,Ordinary Share,Baring Emerging Europe,Baring Emerging Europe; Barings Emerging EMEA Opportunities,3227334,3227334; GB0032273343,2007-01,2026-07,235,Global Emerging Markets
SEDOL:B0YZHK9,Ordinary Share,Baronsmead AIM VCT,Baronsmead AIM VCT; Baronsmead VCT 5,B0YZHK9,B0YZHK9; GB00B0YZHK97,2007-01,2016-10,118,VCT Generalist
SEDOL:532707,Ordinary Share,Blue Planet European Financials,Blue Planet European Financials; Blue Planet International Financials; Blue Planet Investment Trust,0532707; 532707,0532707; 532707; GB0005327076,2007-01,2023-01,193,Global
SEDOL:B1B9C40,Ordinary Share,Blue Planet Financials Growth & Income,Blue Planet Financials Growth & Income,B1B9C40,B1B9C40,2007-01,2012-05,65,Sector Specialist: Financials
SEDOL:152417,Ordinary Share,Blue Planet Worldwide Financials,Blue Planet Worldwide Financials,0152417; 152417,0152417; 152417,2007-01,2012-05,65,Sector Specialist: Financials
NAME:british and american|ordinary share,Ordinary Share,British & American,British & American,0065311,0065311; 65311; GB0000653112,2007-01,2026-07,235,Global Equity Income
SEDOL:129756,Ordinary Share,British Assets,Aberdeen Diversified Income & Growth; BlackRock Income Strategies; British Assets; abrdn Diversified Income and Growth,0129756; 129756,0129756; 129756; GB0001297562,2007-01,2026-03,231,Flexible Investment
SEDOL:133508,Ordinary Share,British Empire Securities & General,AVI Global; AVI Global Trust; British Empire; British Empire Securities & General,0133508; 133508; BLH3CY6,0133508; 133508; GB0001335081; GB00BLH3CY60,2007-01,2026-07,235,Global
SEDOL:3096169,Ordinary Share,British Portfolio Trust,BlackRock Income & Growth; British Portfolio Trust,3096169,3096169; GB0030961691,2007-01,2026-07,235,UK Equity Income
SEDOL:140315,Ordinary Share,British Smaller Companies VCT,British Smaller Companies VCT,0140315; 140315,0140315; 140315; GB0001403152,2007-01,2026-07,235,VCT
SEDOL:B04KJJ7,Ordinary Share,British Smaller Companies VCT C shares,British Smaller Companies VCT C shares,B04KJJ7,B04KJJ7,2007-01,2007-04,4,Venture Capital Trusts
SEDOL:500179,Ordinary Share,British Smaller Technology Companies VCT 2,British Smaller Companies VCT 2; British Smaller Technology Companies VCT 2,0500179; 500179,0500179; 500179; GB0005001796,2007-01,2026-07,235,VCT
SEDOL:149000,Ordinary Share,Brunner,Brunner; Brunner Investment Trust,0149000; 149000,0149000; 149000; GB0001490001,2007-01,2026-07,235,Global
SEDOL:171315,Ordinary Share,Candover,Candover,171315,171315,2007-01,2010-11,47,Private Equity
SEDOL:173861,Ordinary Share,Capital Gearing,Capital Gearing; Capital Gearing Trust,0173861; 173861; BT66KP9,0173861; 173861; GB0001738615; GB00BT66KP92,2007-01,2026-07,235,Flexible Investment
SEDOL:636911,Ordinary Share,Cayenne,Cayenne; Cayenne Trust,0636911; 636911,0636911; 636911; GB0006369119,2007-01,2015-09,105,Global
SEDOL:3148639,Ordinary Share,Charter European,Charter European,3148639,3148639,2007-01,2012-01,61,Europe
SEDOL:B0LNG76,Ordinary Share,City Merchants High Yield,City Merchants High Yield; Invesco Bond Income Plus,B0LNG76; B6RMDP6; B7N25F1,B0LNG76; B6RMDP6; B7N25F1; JE00B6RMDP68,2007-01,2026-07,235,Debt - Loans & Bonds
SEDOL:199049,Ordinary Share,City of London,City of London; City of London Investment Trust,0199049; 199049,0199049; 199049; GB0001990497,2007-01,2026-07,235,UK Equity Income
SEDOL:248167,Ordinary Share,Close Brothers AIM VCT,Close Brothers AIM VCT,248167,248167,2007-01,2008-04,16,VCT AIM Quoted
SEDOL:3420207,Ordinary Share,Close Brothers AIM VCT D shares,Close Brothers AIM VCT; Close Brothers AIM VCT D shares; Octopus AIM VCT,3420207,3420207; GB0034202076,2007-01,2026-07,235,VCT AIM Quoted
SEDOL:958477,Ordinary Share,Close Finsbury EuroTech,Close Finsbury EuroTech,958477,958477,2007-01,2007-02,2,Sector Specialist: Tech Media & Telecomm
SEDOL:B0JQZZ8,Ordinary Share,Close IHT AIM VCT A,Close IHT AIM VCT A; Octopus AIM VCT 2; Octopus IHT AIM VCT A; Octopus Second AIM VCT,B0JQZZ8,B0JQZZ8; GB00B0JQZZ80,2007-01,2026-07,235,VCT AIM Quoted
SEDOL:B0JR9G0,Ordinary Share,Close IHT AIM VCT B,Close IHT AIM VCT B; Octopus IHT AIM VCT B,B0JR9G0,B0JR9G0,2007-01,2009-08,32,VCT AIM Quoted
SEDOL:3019627,Ordinary Share,Close Second AIM VCT,Close Second AIM VCT; Octopus Second AIM VCT,3019627,3019627,2007-01,2010-07,43,VCT AIM Quoted
SEDOL:B0RFCD4,Ordinary Share,Close Second AIM VCT C shares,Close Second AIM VCT C shares; Octopus Second AIM VCT C shares,B0RFCD4,B0RFCD4,2007-01,2009-05,29,VCT AIM Quoted
SEDOL:B0RFCM3,Ordinary Share,Close Second AIM VCT D shares,Close Second AIM VCT D shares; Octopus Second AIM VCT D shares,B0RFCM3,B0RFCM3,2007-01,2009-08,32,VCT AIM Quoted
SEDOL:B03FH33,Ordinary Share,Core VCT 1,Core VCT 1; Core VCT I,B03FH33,B03FH33,2007-01,2009-06,30,VCT Generalist
SEDOL:B03FH99,Ordinary Share,Core VCT 1 B shares,Core VCT 1 B shares; Core VCT I B shares,B03FH99,B03FH99,2007-01,2007-05,5,Venture Capital Trusts
SEDOL:B03FJ60,Ordinary Share,Core VCT II,Core VCT II,B03FJ60,B03FJ60,2007-01,2009-06,30,VCT Generalist
SEDOL:B03FJB5,Ordinary Share,Core VCT II B shares,Core VCT II B shares,B03FJB5,B03FJB5,2007-01,2007-05,5,Venture Capital Trusts
SEDOL:B0K4B08,Ordinary Share,Core VCT III,Core VCT; Core VCT III,B0K4B08,B0K4B08,2007-01,2011-10,58,VCT Generalist
NAME:core vct iii b|ordinary share,Ordinary Share,Core VCT III B shares,Core VCT III B shares,,B0K5CWO,2007-01,2007-05,5,Venture Capital Trusts
SEDOL:279071,Ordinary Share,Downing Protected VCT I,Downing Absolute Income VCT 1; Downing Absolute Income VCT I; Downing Protected VCT I,0279071; 279071,0279071; 279071; GB0002790714,2007-01,2013-10,82,VCT Generalist
SEDOL:577656,Ordinary Share,Dunedin Enterprise,Dunedin Enterprise,0577656; 577656,0577656; 577656; GB0005776561,2007-01,2023-08,200,Private Equity
SEDOL:340609,Ordinary Share,Dunedin Income Growth,Dunedin Income Growth,0340609; 340609,0340609; 340609; GB0003406096,2007-01,2026-07,235,UK Equity Income
SEDOL:B1GCL25,Ordinary Share,Dunedin Smaller Companies,Dunedin Smaller Companies,B1GCL25,B1GCL25; GB00B1GCL258,2007-01,2018-09,141,UK Smaller Companies
SEDOL:3386257,Ordinary Share,EP Global Opportunities,EP Global Opportunities; Global Opportunities; Global Opportunities Trust,3386257,3386257; GB0033862573,2007-01,2026-07,235,Flexible Investment
SEDOL:B0BN1P9,Ordinary Share,Eastern European,BlackRock Emerging Europe; Eastern European,B0BN1P9,B0BN1P9; GB00B0BN1P96,2007-01,2018-10,142,European Emerging Markets
SEDOL:B00MKB6,Ordinary Share,Eclipse VCT,Eclipse VCT; Octopus Eclipse VCT,B00MKB6,B00MKB6; GB00B00MKB60,2007-01,2016-11,119,VCT Generalist
SEDOL:B05Q9S3,Ordinary Share,Eclipse VCT 2,Eclipse VCT 2; Octopus Eclipse VCT 2,B05Q9S3,B05Q9S3,2007-01,2012-09,69,VCT Generalist
SEDOL:B0FXRZ7,Ordinary Share,Eclipse VCT 3,Eclipse VCT 3; Octopus Eclipse VCT 3,B0FXRZ7,B0FXRZ7,2007-01,2012-09,69,VCT Generalist
SEDOL:B0FXS09,Ordinary Share,Eclipse VCT 4,Eclipse VCT 4; Octopus Eclipse VCT 4,B0FXS09,B0FXS09,2007-01,2012-09,69,VCT Generalist
SEDOL:3132632,Income,Ecofin Water & Power Opportunities,Ecofin Water & Power Opportunities,3132632,3132632,2007-01,2009-03,27,Split Capital Trust
SEDOL:B09LK25,Ordinary Income,Ecofin Water & Power Opportunities,Ecofin Water & Power Opportunities,B09LK25,B09LK25; GB00B09LK252,2007-01,2016-08,116,Split Capital Trust
SEDOL:3132643,Capital,Ecofin Water & Power Opportunities,Ecofin Water & Power Opportunities,3132643,3132643,2007-01,2009-03,27,Split Capital Trust
SEDOL:294502,Ordinary Share,Edinburgh Dragon,Asia Dragon; Asia Dragon Trust; Edinburgh Dragon,0294502; 294502,0294502; 294502; GB0002945029,2007-01,2025-01,217,Asia Pacific
SEDOL:305233,Ordinary Share,Edinburgh Investment,Edinburgh Investment; Edinburgh Investment Trust,0305233; 305233,0305233; 305233; GB0003052338,2007-01,2026-07,235,UK Equity Income
SEDOL:B084LV1,ZDPs,Edinburgh New Income,Edinburgh New Income,B084LV1,B084LV1,2007-01,2011-04,52,Split Capital Trust
SEDOL:B084LP5,Ordinary Income,Edinburgh New Income,Edinburgh New Income,B084LP5,B084LP5,2007-01,2011-04,52,Split Capital Trust
SEDOL:295958,Ordinary Share,Edinburgh Small Companies,Aberdeen UK Smaller Companies Growth; Edinburgh Small Companies; Standard Life UK Smaller Companies; abrdn UK Smaller Companies Growth,0295958; 295958,0295958; 295958; GB0002959582,2007-01,2026-07,235,UK Smaller Companies
NAME:north american income|ordinary share,Ordinary Share,Edinburgh US Tracker,Edinburgh US Tracker; North American Income; North American Income Trust,0029362; BJ00Z30,0029362; 29362; GB0000293620; GB00BJ00Z303,2007-01,2026-07,235,North America
SEDOL:291633,Ordinary Share,Edinburgh Worldwide,Edinburgh Worldwide,0291633; 291633; BHSRZC8,0291633; 291633; GB0002916335; GB00BHSRZC82,2007-01,2026-07,235,Global Smaller Companies
SEDOL:3116153,Ordinary Share,Electra Kingsway VCT,Acuity VCT; Electra Kingsway VCT,3116153,3116153,2007-01,2009-12,36,VCT Generalist
SEDOL:B031G67,Ordinary Share,Electra Kingsway VCT 2,Acuity Growth VCT; Acuity VCT 2; Electra Kingsway VCT 2; Foresight 5 VCT,B031G67,B031G67,2007-01,2011-10,58,VCT Generalist
SEDOL:B0LHSD8,Ordinary Share,Electra Kingsway VCT 3,Acuity VCT 3; Electra Kingsway VCT 3,B0LHSD8,B0LHSD8,2007-01,2011-10,58,VCT Generalist
SEDOL:309019,Ordinary Share,Electric & General,Electric & General,0309019; 309019,0309019; 309019,2007-01,2011-07,55,Global Growth
SEDOL:3133691,Ordinary Share,Establishment Investment Trust,Establishment Investment Trust,3133691,3133691; GB0031336919,2007-01,2019-06,150,Flexible Investment
SEDOL:476128,ZDPs,European Utilities,European Utilities,476128,476128,2007-01,2008-01,13,Split Capital Trust
SEDOL:476117,Ordinary Income,European Utilities,European Utilities,476117,476117,2007-01,2008-01,13,Split Capital Trust
SEDOL:346328,Ordinary Share,F&C Capital & Income,BMO Capital & Income; CT UK Capital & Income; CT UK Capital and Income; F&C Capital & Income,0346328; 346328,0346328; 346328; GB0003463287,2007-01,2026-07,235,UK Equity Income
NAME:global smaller companies trust|ordinary share,Ordinary Share,F&C Global Smaller Companies,BMO Global Smaller Companies; F&C Global Smaller Companies; Global Smaller Companies; Global Smaller Companies Trust; The Global Smaller Companies Trust,0017505; BKLXD97,0017505; 17505; GB0000175058; GB00BKLXD974,2007-01,2026-07,235,Global Smaller Companies
SEDOL:3073816,Ordinary Share,F&C Private Equity A,F&C Private Equity A; F&C Private Equity Restricted Voting,3073816,3073816,2007-01,2012-12,72,Private Equity
SEDOL:3073827,Ordinary Share,F&C Private Equity B,BMO Private Equity; CT Private Equity; CT Private Equity Trust; F&C Private Equity; F&C Private Equity B,3073827,3073827; GB0030738271,2007-01,2026-07,235,Private Equity
SEDOL:156828,Ordinary Share,F&C UK Select,F&C UK Select,156828,156828,2007-01,2010-05,41,UK Growth
SEDOL:346340,Ordinary Share,F&C US Smaller Companies,Brown Advisory US Smaller Companies; F&C US Smaller Companies; Jupiter US Smaller Companies,0346340; 346340,0346340; 346340; GB0003463402,2007-01,2026-07,235,North American Smaller Companies
SEDOL:332231,Ordinary Share,Fidelity Asian Values,Fidelity Asian Values,0332231; 332231,0332231; 332231; GB0003322319,2007-01,2026-07,235,Asia Pacific Smaller Companies
SEDOL:337582,Ordinary Share,Fidelity European Values,Fidelity European; Fidelity European Trust; Fidelity European Values,0337582; 337582; BK1PKQ9,0337582; 337582; GB0003375820; GB00BK1PKQ95,2007-01,2026-07,235,Europe
SEDOL:332855,Ordinary Share,Fidelity Japanese Values,Fidelity Japan; Fidelity Japan Trust; Fidelity Japanese Values,0332855; 332855,0332855; 332855; GB0003328555,2007-01,2025-10,226,Japan
SEDOL:332510,Ordinary Share,Fidelity Special Values,Fidelity Special Values,0332510; 332510; BWXC7Y9,0332510; 332510; GB0003325106; GB00BWXC7Y93,2007-01,2026-07,235,UK All Companies
NAME:biotech growth|ordinary share,Ordinary Share,Finsbury Emerging Biotechnology,Biotech Growth; Biotech Growth Trust; Finsbury Emerging Biotechnology,0038551,0038551; 38551; GB0000385517,2007-01,2026-07,235,Biotechnology & Healthcare
SEDOL:781606,Ordinary Share,Finsbury Growth & Income,Finsbury Growth & Income; Finsbury Growth & Income Trust,0781606; 781606,0781606; 781606; GB0007816068,2007-01,2026-07,235,UK Equity Income
SEDOL:339072,Ordinary Share,Finsbury Technology,Allianz Technology; Allianz Technology Trust; Finsbury Technology; RCM Technology,0339072; 339072; BNG2M15,0339072; 339072; GB0003390720; GB00BNG2M159,2007-01,2026-07,235,Technology & Technology Innovation
SEDOL:338530,Ordinary Share,Finsbury Worldwide Pharmaceutical,Finsbury Worldwide Pharmaceutical; Worldwide Healthcare; Worldwide Healthcare Trust,0338530; 338530; BN455J5,0338530; 338530; GB0003385308; GB00BN455J50,2007-01,2026-07,235,Biotechnology & Healthcare
SEDOL:B05N8X2,Ordinary Share,First State Investments AIM VCT,Amati VCT; First State Investments AIM VCT; Noble AIM VCT,B05N8X2,B05N8X2; GB00B05N8X20,2007-01,2018-04,136,VCT AIM Quoted
SEDOL:346607,Ordinary Share,Foreign & Colonial,F&C Investment Trust; Foreign & Colonial; Foreign & Colonial Investment Trust,0346607; 346607; BS88V64,0346607; 346607; GB0003466074; GB00BS88V647,2007-01,2026-07,235,Global
SEDOL:329501,Ordinary Share,Foreign & Colonial Eurotrust,Baillie Gifford European Growth; European Investment Trust; Foreign & Colonial Eurotrust,0329501; 329501; BMC7T38,0329501; 329501; GB0003295010; GB00BMC7T380,2007-01,2026-07,235,Europe
SEDOL:B03CKY6,Ordinary Share,Foresight 2 VCT,Foresight 2 VCT,B03CKY6,B03CKY6; GB00B03CKY62,2007-01,2015-11,107,VCT Generalist
SEDOL:B1GGVY9,Ordinary Share,Foresight 2 VCT C shares,Foresight 2 VCT C shares,B1GGVY9,B1GGVY9; GB00B1GGVY97,2007-01,2013-02,74,VCT Specialist: Technology
SEDOL:B083776,Ordinary Share,Foresight 3 VCT,Foresight 3 VCT,B083776; B3QF377,B083776; B3QF377; GB00B3QF3772,2007-01,2017-05,125,VCT Generalist
SEDOL:B07YBS9,Ordinary Share,Foresight 4 VCT,Foresight 4 VCT; Foresight Enterprise VCT,B07YBS9,B07YBS9; GB00B07YBS95,2007-01,2026-07,235,VCT
SEDOL:B1M27S7,Ordinary Share,Foresight VCT,Foresight VCT,B1M27S7; B68K371,B1M27S7; B68K371; GB00B68K3716,2007-01,2026-07,235,VCT
SEDOL:B02WQ61,Ordinary Share,Framlington AIM VCT,Downing Income VCT 4; Framlington AIM VCT,B02WQ61,B02WQ61; GB00B02WQ616,2007-01,2013-10,82,VCT AIM Quoted
SEDOL:B0MV7V0,Ordinary Share,Framlington AIM VCT 2,Downing Income VCT; Framlington AIM VCT 2,B0MV7V0,B0MV7V0; GB00B0MV7V01,2007-01,2013-10,82,VCT AIM Quoted
SEDOL:633310,Income,Framlington Income & Capital,Framlington Income & Capital,633310,633310,2007-01,2008-08,20,Split Capital Trust
SEDOL:633354,Capital,Framlington Income & Capital,Framlington Income & Capital,633354,633354,2007-01,2008-08,20,Split Capital Trust
SEDOL:890632,Ordinary Share,Framlington Innovative Growth,Framlington Innovative Growth,890632,890632,2007-01,2010-08,44,UK Smaller Companies
SEDOL:526885,Ordinary Share,Gartmore European,Gartmore European; Henderson European Focus; Henderson European Focus Trust; Henderson European Trust,0526885; 526885; BLSNGB0,0526885; 526885; GB0005268858; GB00BLSNGB01,2007-01,2025-08,224,Europe
SEDOL:371922,Ordinary Share,Gartmore Fledgling,Gartmore Fledgling; Henderson Fledgling; Miton Income Opportunities,0371922; 371922,0371922; 371922; GB0003719225,2007-01,2013-08,80,UK Growth & Income
SEDOL:318402,Ordinary Share,Gartmore Global,Gartmore Global; Henderson Global,0318402; 318402,0318402; 318402; GB0003184024,2007-01,2016-03,111,Global
SEDOL:B07BP66,Ordinary Share,Gartmore Growth Opportunities,Gartmore Growth Opportunities,B07BP66,B07BP66,2007-01,2010-11,47,UK Smaller Companies
SEDOL:615200,Ordinary Share,Gartmore Irish Growth,Gartmore Irish Growth,615200,615200,2007-01,2011-02,50,Country Specialists: Europe
SEDOL:532309,Ordinary Share,Gartmore Smaller Companies,Gartmore Smaller Companies,532309,532309,2007-01,2009-01,25,UK Smaller Companies
SEDOL:370866,Ordinary Share,Glasgow Income,Glasgow Income; Troy Income & Growth; Troy Income & Growth Trust,0370866; 370866,0370866; 370866; GB0003708665,2007-01,2024-02,206,UK Equity Income
SEDOL:329200,Ordinary Share,Graphite Enterprise,Graphite Enterprise; ICG Enterprise; ICG Enterprise Trust,0329200; 329200,0329200; 329200; GB0003292009,2007-01,2026-07,235,Private Equity
SEDOL:394510,Ordinary Share,Guinness Flight VCT,Guinness Flight VCT; Ortus VCT,0394510; 394510,0394510; 394510; GB0003945101,2007-01,2013-02,74,VCT Generalist
SEDOL:787983,Class A Ordinary,Hansa Trust ('A' Ord),Hansa Trust ('A' Ord); Hansa Trust (A Ord),0787983; 787983,0787983; 787983; GB0007879835,2007-01,2019-03,147,Flexible Investment
SEDOL:787972,Ordinary Share,Hansa Trust (Ord),Hansa Investment Company; Hansa Investment Company (Ord); Hansa Trust (Ord),0787972; 2894116; 787972,0787972; 787972; BMG428941162; GB0007879728,2007-01,2026-07,235,Flexible Investment
SEDOL:B1GXH75,Ordinary Share,Henderson Far East Income,Henderson Far East Income,B1GXH75,B1GXH75; JE00B1GXH751,2007-01,2026-07,235,Asia Pacific Equity Income
SEDOL:958057,Ordinary Share,Henderson High Income,Henderson High Income; Henderson High Income Trust,0958057; 958057,0958057; 958057; GB0009580571,2007-01,2026-07,235,UK Equity & Bond Income
SEDOL:853657,Ordinary Share,Henderson Opportunities,Henderson Opportunities; Henderson Opportunities Trust,0853657; 853657; BSHRGN4,0853657; 853657; GB0008536574; GB00BSHRGN41,2007-01,2025-02,218,UK All Companies
SEDOL:906506,Ordinary Share,Henderson Smaller Companies,Henderson Smaller Companies,0906506; 906506,0906506; 906506; GB0009065060,2007-01,2026-07,235,UK Smaller Companies
SEDOL:871079,Ordinary Share,Henderson TR Pacific,Asian Total Return; Henderson Asian Growth; Henderson TR Pacific; Schroder Asian Total Return,0871079; 871079,0871079; 871079; GB0008710799,2007-01,2026-07,235,Asia Pacific
SEDOL:422864,Ordinary Share,Herald,Herald; Herald Investment Trust,0422864; 422864,0422864; 422864; GB0004228648,2007-01,2026-07,235,Global Smaller Companies
SEDOL:B0LCW20,Ordinary Share,ING UK Real Estate Income,ING UK Real Estate Income; Picton Property Income,B0LCW20,B0LCW20; GB00B0LCW208,2007-01,2018-09,141,Property Direct - UK
SEDOL:453530,Ordinary Share,INVESCO Asia,INVESCO Asia; Invesco Asia; Invesco Asia Dragon Trust; Invesco Asia Trust,0453530; 453530,0453530; 453530; GB0004535307,2007-01,2026-07,235,Asia Pacific Equity Income
SEDOL:B0LM0M6,Ordinary Share,INVESCO English & International,INVESCO English & International,B0LM0M6,B0LM0M6,2007-01,2010-09,45,UK Smaller Companies
SEDOL:358572,Ordinary Share,INVESCO Income Growth,INVESCO Income Growth; Invesco Income Growth,0358572; 358572,0358572; 358572; GB0003585725,2007-01,2021-03,171,UK Equity Income
SEDOL:453110,Ordinary Share,INVESCO Japan Discovery,INVESCO Japan Discovery,453110,453110,2007-01,2007-09,9,Japanese Smaller Companies
SEDOL:3123249,Ordinary Share,Impax Environmental Markets,Impax Environmental Markets,3123249,3123249; GB0031232498,2007-01,2026-07,235,Environmental
NAME:independent investment trust|ordinary share,Ordinary Share,Independent Investment Trust,Independent Investment Trust,0081168,0081168; 81168; GB0000811686,2007-01,2022-10,190,UK All Companies
SEDOL:B01JDF1,Ordinary Share,Invesco Perpetual AiM VCT,Amati AIM VCT; Amati VCT 2; Invesco Perpetual AiM VCT; Maven Renovar VCT; Singer & Friedlander AIM 3 VCT,3020715; B01JDF1; B641BB8,3020715; B01JDF1; B641BB8; GB00B641BB82,2007-01,2026-07,225,VCT AIM Quoted
SEDOL:323406,Ordinary Share,Invesco Perpetual European Absolute,Invesco Perpetual European Absolute,323406,323406,2007-01,2009-09,33,Europe
SEDOL:B0LNNV9,ZDPs,Invesco Perpetual Recovery 2011,Invesco Perpetual Recovery 2011,B0LNNV9,B0LNNV9,2007-01,2011-09,57,Split Capital Trust
SEDOL:B0LNMX4,Ordinary Income,Invesco Perpetual Recovery 2011,Invesco Perpetual Recovery 2011,B0LNMX4,B0LNMX4,2007-01,2011-09,57,Split Capital Trust
SEDOL:B1DQ647,Ordinary Share,Invesco Perpetual Select Global Equity,Invesco Global Equity Income Trust; Invesco Perpetual Select Global Equity; Invesco Perpetual Select Global Equity Income; Invesco Select Global Equity Income; Invesco Select Trust - Global Equity Income shares,B1DQ647,B1DQ647; GB00B1DQ6472,2007-01,2026-07,235,Global Equity Income
SEDOL:B1DQ669,Ordinary Share,Invesco Perpetual Select Hedge Fund,Invesco Perpetual Select Balanced Risk; Invesco Perpetual Select Balanced Risk Allocation; Invesco Perpetual Select Hedge Fund; Invesco Select Balanced Risk Allocation; Invesco Select Trust - Balanced Risk Allocation sh,B1DQ669,B1DQ669; GB00B1DQ6696,2007-01,2024-03,207,Flexible Investment
SEDOL:B1DQ670,Ordinary Share,Invesco Perpetual Select Managed Liquidity,Invesco Perpetual Select Managed Liquidity; Invesco Select Managed Liquidity; Invesco Select Trust - Managed Liquidity share; Invesco Select Trust plc - Managed Liquidity share,B1DQ670,B1DQ670; GB00B1DQ6704,2007-01,2024-03,207,Liquidity Funds
SEDOL:B1FL3C7,Ordinary Share,Invesco Perpetual UK Smaller Companies,Artemis UK Future Leaders; Invesco Perpetual UK Smaller Companies,B1FL3C7,B1FL3C7; GB00B1FL3C76,2007-01,2026-07,235,UK Smaller Companies
SEDOL:3019779,ZDPs,Investec High Income,Investec High Income,3019779,3019779,2007-01,2009-02,26,Split Capital Trust
SEDOL:3019746,Ordinary Income,Investec High Income,Investec High Income,3019746,3019746,2007-01,2009-02,26,Split Capital Trust
SEDOL:3050949,ZDPs,Investors Capital,Investors Capital,3050949,3050949,2007-01,2007-01,1,Split Capital Trust
SEDOL:3050961,Income,Investors Capital,Investors Capital,3050961,3050961,2007-01,2007-01,1,Split Capital Trust
SEDOL:3050972,Capital,Investors Capital,Investors Capital,3050972,3050972,2007-01,2007-01,1,Split Capital Trust
SEDOL:B01HM14,Ordinary Share,Invista Foundation Property,Invista Foundation Property; Schroder Real Estate,B01HM14,B01HM14; GB00B01HM147,2007-01,2026-07,235,Property - UK Commercial
SEDOL:846505,Ordinary Share,JPMorgan American,JPMorgan American,0846505; 846505; BKZGVH6,0846505; 846505; GB0008465055; GB00BKZGVH64,2007-01,2026-07,235,North America
SEDOL:132077,Ordinary Share,JPMorgan Asian,JPMorgan Asia Growth & Income; JPMorgan Asian,0132077; 132077,0132077; 132077; GB0001320778,2007-01,2026-07,235,Asia Pacific Equity Income
SEDOL:343501,Ordinary Share,JPMorgan Chinese,JPMorgan China Growth & Income; JPMorgan Chinese,0343501; 343501,0343501; 343501; GB0003435012,2007-01,2026-07,235,China / Greater China
SEDOL:3408009,Ordinary Share,JPMorgan Elect Managed Cash,JPMorgan Elect Managed Cash,3408009,3408009; GB0034080092,2007-01,2022-11,191,Liquidity Funds
SEDOL:852814,Ordinary Share,JPMorgan Elect Managed Growth,JPMorgan Elect Managed Growth,0852814; 852814,0852814; 852814; GB0008528142,2007-01,2022-11,191,Global
SEDOL:3408021,Ordinary Share,JPMorgan Elect Managed Income,JPMorgan Elect Managed Income,3408021,3408021; GB0034080217,2007-01,2022-11,191,UK Equity Income
SEDOL:341895,Ordinary Share,JPMorgan Emerging Markets,JPMorgan Emerging Markets; JPMorgan Emerging Markets Growth & Income,0341895; 341895; BMXWN18,0341895; 341895; GB0003418950; GB00BMXWN182,2007-01,2026-07,235,Global Emerging Markets
SEDOL:341969,Ordinary Share,JPMorgan European Fledgeling,JPMorgan European Discovery; JPMorgan European Fledgeling; JPMorgan European Smaller Companies,0341969; 341969; B91LPT8; BMTS0Z3,0341969; 341969; B91LPT8; GB0003419693; GB00BMTS0Z37,2007-01,2026-07,235,European Smaller Companies
SEDOL:B18JK16,Ordinary Share,JPMorgan European Growth,JPMorgan European Growth; JPMorgan European Growth & Income,B18JK16; BPR9Y24,B18JK16; GB00B18JK166; GB00BPR9Y246,2007-01,2026-07,235,Europe
SEDOL:B17XWW4,Ordinary Share,JPMorgan European Income,JPMorgan European Income,B17XWW4,B17XWW4; GB00B17XWW44,2007-01,2022-01,181,Europe
SEDOL:342218,Ordinary Share,JPMorgan Fleming Claverhouse,JPMorgan Claverhouse; JPMorgan Fleming Claverhouse,0342218; 342218,0342218; 342218; GB0003422184,2007-01,2026-07,235,UK Equity Income
SEDOL:316581,Ordinary Share,JPMorgan Fleming Japanese Smaller Cos,JPMorgan Fleming Japanese Smaller Cos; JPMorgan Japan Small Cap Growth & Income; JPMorgan Japan Smaller Companies,0316581; 316581,0316581; 316581; GB0003165817,2007-01,2024-09,213,Japanese Smaller Companies
SEDOL:579403,Ordinary Share,JPMorgan Fleming Mercantile,JPMorgan Fleming Mercantile; Mercantile; Mercantile Investment Trust,0579403; 579403; BF4JDH5,0579403; 579403; GB0005794036; GB00BF4JDH58,2007-01,2026-07,235,UK All Companies
SEDOL:3073203,ZDPs,JPMorgan Income & Capital,JPMorgan Income & Capital,3073203; B2NBJ28,3073203; B2NBJ28; GB00B2NBJ282,2007-01,2018-01,132,Split Capital Trust
SEDOL:3073184,Ordinary Income,JPMorgan Income & Capital,JPMorgan Income & Capital,3073184; B2NBJ06,3073184; B2NBJ06; GB00B2NBJ068,2007-01,2018-01,132,Split Capital Trust
SEDOL:B1G3N11,Income,JPMorgan Income & Growth,JPMorgan Income & Growth,B1G3N11,B1G3N11; GB00B1G3N114,2007-01,2016-10,118,Split Capital Trust
SEDOL:B1G3N00,Capital,JPMorgan Income & Growth,JPMorgan Income & Growth,B1G3N00,B1G3N00; GB00B1G3N007,2007-01,2016-10,118,Split Capital Trust
SEDOL:345035,Ordinary Share,JPMorgan Indian,JPMorgan India Growth & Income; JPMorgan Indian,0345035; 345035,0345035; 345035; GB0003450359,2007-01,2026-07,235,India / Indian Subcontinent
SEDOL:174002,Ordinary Share,JPMorgan Japanese,JPMorgan Japanese,0174002; 174002,0174002; 174002; GB0001740025,2007-01,2026-07,235,Japan
SEDOL:235761,Ordinary Share,JPMorgan Mid Cap,JPMorgan Mid Cap; JPMorgan MidCap,0235761; 235761,0235761; 235761; GB0002357613,2007-01,2024-01,205,UK All Companies
SEDOL:914327,Ordinary Share,JPMorgan Overseas,JPMorgan Global Growth & Income; JPMorgan Overseas,0914327; 914327; BYMKY69,0914327; 914327; GB0009143271; GB00BYMKY695,2007-01,2026-07,235,Global Equity Income
SEDOL:741600,Ordinary Share,JPMorgan Smaller Companies,JPMorgan Smaller Companies; JPMorgan UK Small Cap Growth & Income; JPMorgan UK Smaller Companies,0741600; 741600; BF7L8P1,0741600; 741600; GB0007416000; GB00BF7L8P11,2007-01,2026-07,235,UK Smaller Companies
NAME:european opportunities|ordinary share,Ordinary Share,Jupiter European Opportunities,European Opportunities; European Opportunities Trust; Jupiter European Opportunities,0019772,0019772; 19772; GB0000197722,2007-01,2026-07,235,Europe
SEDOL:703376,Ordinary Share,Jupiter Primadona Growth,Jupiter Global; Jupiter Primadona Growth; Jupiter UK Growth,0703376; 703376; BFD3V96,0703376; 703376; GB0007033763; GB00BFD3V961,2007-01,2021-02,170,UK All Companies
SEDOL:B02WRW4,ZDPs,Jupiter Second Enhanced Income,Jupiter Second Enhanced Income,B02WRW4,B02WRW4,2007-01,2009-09,33,Split Capital Trust
SEDOL:B02WRR9,Ordinary Income,Jupiter Second Enhanced Income,Jupiter Second Enhanced Income,B02WRR9,B02WRR9,2007-01,2009-09,33,Split Capital Trust
SEDOL:B0MSVZ3,Redeemable Preference Shr,KGR Absolute Return,Castle Asia Alternative; KGR Absolute Return,B0MSVZ3,B0MSVZ3,2007-01,2011-03,51,Hedge Funds
SEDOL:B02WHS0,Ordinary Share,Keydata AIM VCT,Hargreave Hale AIM VCT; Hargreave Hale AIM VCT 1; Keydata AIM VCT,B02WHS0,B02WHS0; GB00B02WHS05,2007-01,2026-07,216,VCT AIM Quoted
SEDOL:B0LSPY1,Ordinary Share,Keydata AIM VCT C shares,Keydata AIM VCT C shares,B0LSPY1,B0LSPY1,2007-01,2008-09,21,VCT AIM Quoted
SEDOL:491206,Ordinary Share,Keystone,Keystone; Keystone Positive Change,0491206; 491206; BK96BB6,0491206; 491206; GB0004912068; GB00BK96BB68,2007-01,2025-02,218,Global
SEDOL:3142921,Ordinary Share,Law Debenture Corporation,Law Debenture Corporation,3142921,3142921; GB0031429219,2007-01,2026-07,235,UK Equity Income
SEDOL:529914,Ordinary Share,Life Offices Opportunities,Life Offices Opportunities,529914,529914,2007-01,2008-09,21,Sector Specialist: Endowment Policies
SEDOL:531005,Ordinary Share,London & St Lawrence,London & St Lawrence,0531005; 531005,0531005; 531005; GB0005310056,2007-01,2017-03,123,Global Equity Income
SEDOL:536806,Ordinary Share,Lowland,Lowland; Lowland Investment Company,0536806; 536806; BNXGHS2,0536806; 536806; GB0005368062; GB00BNXGHS27,2007-01,2026-07,235,UK Equity Income
SEDOL:551092,ZDPs,M&G Equity,M&G Equity,551092,551092,2007-01,2011-01,49,Split Capital Trust
SEDOL:551199,Income,M&G Equity,M&G Equity,551199,551199,2007-01,2011-01,49,Split Capital Trust
SEDOL:551166,Capital,M&G Equity,M&G Equity,551166,551166,2007-01,2011-01,49,Split Capital Trust
SEDOL:553322,ZDPs,M&G High Income,M&G High Income,0553322; 553322,0553322; 553322; GB0005533228,2007-01,2017-02,122,Split Capital Trust
SEDOL:553281,Income,M&G High Income,M&G High Income,0553281; 553281,0553281; 553281; GB0005532816,2007-01,2017-02,122,Split Capital Trust
SEDOL:553270,Capital,M&G High Income,M&G High Income,0553270; 553270,0553270; 553270; GB0005532709,2007-01,2017-02,122,Split Capital Trust
SEDOL:3119390,ZDPs,M&G Recovery,M&G Recovery,3119390,3119390,2007-01,2009-02,26,Split Capital Trust
SEDOL:3119389,Ordinary Income,M&G Recovery,M&G Recovery,3119389,3119389,2007-01,2009-02,26,Split Capital Trust
SEDOL:567000,ZDPs,Martin Currie Income & Growth,Martin Currie Income & Growth,567000,567000,2007-01,2007-03,3,Split Capital Trust
SEDOL:568724,Income,Martin Currie Income & Growth,Martin Currie Income & Growth,568724,568724,2007-01,2007-03,3,Split Capital Trust
SEDOL:568809,Capital,Martin Currie Income & Growth,Martin Currie Income & Growth,568809,568809,2007-01,2007-03,3,Split Capital Trust
SEDOL:569512,Ordinary Share,Martin Currie Pacific,Martin Currie Asia Unconstrained; Martin Currie Pacific,0569512; 569512,0569512; 569512; GB0005695126,2007-01,2019-08,152,Asia Pacific Income
SEDOL:537241,Ordinary Share,Martin Currie Portfolio,Franklin Global Trust; Martin Currie Global Portfolio; Martin Currie Portfolio,0537241; 537241,0537241; 537241; GB0005372411,2007-01,2025-10,226,Global
SEDOL:923323,Ordinary Share,Matrix Income & Growth 2 VCT,Matrix Income & Growth 2 VCT,923323,923323,2007-01,2010-08,44,VCT Generalist
SEDOL:B0LKLZ0,Ordinary Share,Matrix Income & Growth 2 VCT C shares,Matrix Income & Growth 2 VCT; Matrix Income & Growth 2 VCT C shares; Mobeus Income & Growth 2 VCT,B0LKLZ0,B0LKLZ0; GB00B0LKLZ05,2007-01,2024-06,210,VCT
SEDOL:B1FMDH5,Ordinary Share,Matrix Income & Growth 4 VCT,Matrix Income & Growth 4 VCT; Mobeus Income & Growth 4 VCT,B1FMDH5,B1FMDH5; GB00B1FMDH51,2007-01,2024-06,210,VCT
SEDOL:B104VL6,Ordinary Share,Melchior Japan,Melchior Japan,B104VL6,B104VL6,2007-01,2010-10,46,Japan
SEDOL:580007,Ordinary Share,Merchants,Merchants; Merchants Trust,0580007; 580007,0580007; 580007; GB0005800072,2007-01,2026-07,235,UK Equity Income
SEDOL:643610,Ordinary Share,Merrill Lynch British Smaller Companies,BlackRock British Smaller Companies; BlackRock Smaller Companies; Merrill Lynch British Smaller Companies,0643610; 643610; BWQGKH2,0643610; 643610; GB0006436108; GB00BWQGKH23,2007-01,2026-07,235,UK Smaller Companies
SEDOL:B0N8MF9,Ordinary Share,Merrill Lynch Commodities Income,BlackRock Commodities Income; BlackRock Energy and Resources Income; Merrill Lynch Commodities Income,B0N8MF9,B0N8MF9; GB00B0N8MF98,2007-01,2026-07,235,Commodities & Natural Resources
SEDOL:B01RDH7,Ordinary Share,Merrill Lynch Greater Europe,BlackRock Greater Europe; Merrill Lynch Greater Europe,B01RDH7,B01RDH7; GB00B01RDH75,2007-01,2026-07,235,Europe
SEDOL:505840,Ordinary Share,Merrill Lynch Latin American,BlackRock Latin American; Merrill Lynch Latin American,0505840; 505840,0505840; 505840; GB0005058408,2007-01,2022-11,191,Latin America
SEDOL:973793,Ordinary Share,Merrill Lynch New Energy Technology,BlackRock New Energy; BlackRock New Energy Technology; Merrill Lynch New Energy Technology,0973793; 973793,0973793; 973793; GB0009737932,2007-01,2014-01,85,Sector Specialist: Environmental
SEDOL:577485,Ordinary Share,Merrill Lynch World Mining,BlackRock World Mining; Merrill Lynch World Mining,0577485; 577485,0577485; 577485; GB0005774855,2007-01,2026-07,235,Commodities & Natural Resources
SEDOL:589383,Ordinary Share,Mid Wynd International,Mid Wynd International,0589383; 589383; B6VTTK0,0589383; 589383; B6VTTK0; GB00B6VTTK07,2007-01,2026-07,235,Global
SEDOL:876999,Ordinary Share,Midas Income & Growth,Midas Income & Growth; Momentum Multi-Asset Value; Seneca Global Income & Growth,0876999; 876999,0876999; 876999; GB0008769993,2007-01,2023-07,199,Flexible Investment
SEDOL:3051726,Ordinary Share,Monks,Monks; Monks Investment Trust,3051726,3051726; GB0030517261,2007-01,2026-07,235,Global
SEDOL:454351,Ordinary Share,Montanaro European Smaller Companies,Montanaro European Smaller Companies,0454351; 454351; BM8H3X0,0454351; 454351; GB0004543517; GB00BM8H3X05,2007-01,2026-07,235,European Smaller Companies
SEDOL:600756,Ordinary Share,Montanaro UK Smaller Companies,Montanaro UK Smaller Companies,0600756; 600756; BZ1H9L8,0600756; 600756; GB0006007560; GB00BZ1H9L86,2007-01,2026-07,235,UK Smaller Companies
SEDOL:611112,Ordinary Share,Murray Income,Murray Income; Murray Income Trust,0611112; 611112,0611112; 611112; GB0006111123,2007-01,2026-07,235,UK Equity Income
SEDOL:611190,Ordinary Share,Murray International,Murray International; Murray International Trust,0611190; 611190; BQZCCB7,0611190; 611190; GB0006111909; GB00BQZCCB79,2007-01,2026-07,235,Global Equity Income
SEDOL:412285,Ordinary Share,Murray VCT 4,Aberdeen Income & Growth VCT; Maven Income & Growth VCT; Maven Income and Growth VCT; Murray VCT 4,0412285; 412285,0412285; 412285; GB0004122858,2007-01,2026-07,228,VCT
SEDOL:B0523M3,Ordinary Share,Neptune-Calculus Income & Growth VCT,Neptune-Calculus Income & Growth VCT,B0523M3,B0523M3; GB00B0523M32,2007-01,2016-10,118,VCT Generalist
SEDOL:B0YK8W3,Ordinary Share,Neptune-Calculus Income & Growth VCT C shares,Neptune-Calculus Income & Growth VCT C shares,B0YK8W3,B0YK8W3,2007-01,2009-03,27,VCT Generalist
SEDOL:506241,Ordinary Share,New City High Yield,CQS New City High Yield; CQS New City High Yield Fund; New City High Yield,506241; B1LZS51,506241; B1LZS51; JE00B1LZS514,2007-01,2026-07,235,Debt - Loans & Bonds
SEDOL:604877,Ordinary Share,New India,Aberdeen New India; Aberdeen New India Investment Trust; New India; abrdn New India Investment Trust,0604877; 604877,0604877; 604877; GB0006048770,2007-01,2026-07,235,India / Indian Subcontinent
SEDOL:634874,Ordinary Share,New Zealand,New Zealand,634874,634874,2007-01,2008-01,13,Country Specialists: Asia Pacific
SEDOL:258296,Class A Ordinary,Noble VCT,Enterprise VCT; Noble VCT,258296,258296,2007-01,2008-08,20,VCT Generalist
SEDOL:643900,Ordinary Share,North Atlantic Smaller Companies,North Atlantic Smaller Companies,0643900; 643900,0643900; 643900; GB0006439003,2007-01,2015-11,107,North American Smaller Companies
SEDOL:535643,Ordinary Share,Northern 2 VCT,Northern 2 VCT,0535643; 535643,0535643; 535643; GB0005356430,2007-01,2026-07,235,VCT
SEDOL:3115202,Ordinary Share,Northern 3 VCT,Northern 3 VCT,3115202,3115202; GB0031152027,2007-01,2026-07,235,VCT
SEDOL:209368,Ordinary Share,Northern AIM VCT,Northern AIM VCT,0209368; 209368,0209368; 209368,2007-01,2011-08,56,VCT AIM Quoted
SEDOL:B08S4K3,Ordinary Share,Northern Investors,Northern Investors; Northern Investors Company,B08S4K3,B08S4K3; GB00B08S4K30,2007-01,2018-08,140,Private Equity
SEDOL:645070,Ordinary Share,Northern Venture Trust VCT,Northern Venture Trust; Northern Venture Trust VCT,0645070; 645070,0645070; 645070; GB0006450703,2007-01,2026-07,235,VCT
SEDOL:B0PR328,Ordinary Share,Northern Venture Trust VCT C shares,Northern Venture Trust VCT C shares,B0PR328,B0PR328,2007-01,2009-09,33,VCT Generalist
SEDOL:659941,Ordinary Share,Old Mutual South Africa,Old Mutual South Africa,659941,659941,2007-01,2007-01,1,Country Specialists: Other
SEDOL:667438,Ordinary Share,Pacific Assets,Pacific Assets; Pacific Assets Trust,0667438; 667438,0667438; 667438; GB0006674385,2007-01,2026-07,235,Asia Pacific
SEDOL:666747,Ordinary Share,Pacific Horizon,Pacific Horizon; Pacific Horizon Investment Trust,0666747; 666747,0666747; 666747; GB0006667470,2007-01,2026-07,235,Asia Pacific
SEDOL:680350,Ordinary Share,Pennine AIM VCT,Downing Distribution VCT 2; Downing Income VCT 3; Pennine AIM VCT,680350; B55T8S0,680350; B55T8S0; GB00B55T8S03,2007-01,2013-10,82,VCT AIM Quoted
SEDOL:B05L0T6,Ordinary Share,Pennine AIM VCT 5,Pennine AIM VCT 5,B05L0T6,B05L0T6,2007-01,2010-02,38,VCT AIM Quoted
SEDOL:B0LKM13,Ordinary Share,Pennine AIM VCT 6,Pennine AIM VCT 6,B0LKM13,B0LKM13,2007-01,2010-02,38,VCT AIM Quoted
SEDOL:3051823,Ordinary Share,Pennine Downing AIM VCT 2,Pennine Downing AIM VCT 2,3051823,3051823,2007-01,2010-04,40,VCT AIM Quoted
SEDOL:679842,Ordinary Share,Perpetual Income & Growth,Perpetual Income & Growth,0679842; 679842,0679842; 679842; GB0006798424,2007-01,2020-10,166,UK Equity Income
SEDOL:682958,Ordinary Share,Perpetual Japanese,Perpetual Japanese,682958,682958,2007-01,2008-11,23,Japan
SEDOL:682754,Ordinary Share,Personal Assets,Personal Assets; Personal Assets Trust,0682754; 682754; BM8B5H0,0682754; 682754; GB0006827546; GB00BM8B5H06,2007-01,2026-07,235,Flexible Investment
SEDOL:3236299,Ordinary Share,Phoenix VCT,Octopus Phoenix VCT; Phoenix VCT,3236299,3236299,2007-01,2010-07,43,VCT AIM Quoted
SEDOL:B0672L9,Ordinary Share,Phoenix VCT C shares,Phoenix VCT C shares,B0672L9,B0672L9,2007-01,2009-01,25,VCT AIM Quoted
SEDOL:463584,Ordinary Share,Platinum,Platinum,463584,463584,2007-01,2007-01,1,UK Smaller Companies
SEDOL:699248,Ordinary Share,Prelude Trust,Prelude Trust,699248,699248,2007-01,2008-05,17,Private Equity
SEDOL:3353820,ZDPs,Premier Utilities,Premier Energy & Water; Premier Utilities,3353820; BPYP384,3353820; GB0033538207; GB00BPYP3846,2007-01,2015-12,108,Split Capital Trust
SEDOL:3353790,Ordinary Income,Premier Utilities,Premier Energy & Water; Premier Global Infrastructure; Premier Miton Global Renewables; Premier Utilities,3353790,3353790; GB0033537902,2007-01,2025-11,227,Infrastructure Securities
SEDOL:B0K32V3,Ordinary Share,Principle Capital,Principle Capital,B0K32V3,B0K32V3,2007-01,2009-09,33,UK Growth
SEDOL:B18CC19,Ordinary Share,Principle Capital C shares,Principle Capital C shares,B18CC19,B18CC19,2007-01,2007-01,1,UK Growth
NAME:private equity investor|ordinary share,Ordinary Share,Private Equity Investor,Private Equity Investor,0050403,0050403; 50403; GB0000504034,2007-01,2014-08,92,Private Equity
SEDOL:3051801,Ordinary Share,ProVen Growth and Income VCT,ProVen Growth and Income VCT,3051801; B5B7YS0,3051801; B5B7YS0; GB00B5B7YS03,2007-01,2026-07,235,VCT
SEDOL:B0WV9X6,Ordinary Share,ProVen Growth and Income VCT C shares,ProVen Growth and Income VCT C shares,B0WV9X6,B0WV9X6,2007-01,2009-09,33,VCT Generalist
SEDOL:413880,Ordinary Share,ProVen VCT,ProVen VCT,0413880; 413880; B8GH9P8,0413880; 413880; B8GH9P8; GB00B8GH9P84,2007-01,2026-07,235,VCT
SEDOL:B06FN10,Ordinary Share,Prodesse,Prodesse,B06FN10,B06FN10,2007-01,2010-03,39,Sector Specialist: Debt
SEDOL:B011QL4,Ordinary Share,Prospect Japan Fund,Prospect Japan; Prospect Japan Fund,B011QL4,B011QL4; GB00B011QL44,2007-01,2017-06,126,Japanese Smaller Companies
SEDOL:B0634L1,Ordinary Share,Puma VCT,Puma VCT,B0634L1,B0634L1,2007-01,2010-08,44,VCT Generalist
SEDOL:B0634N3,Ordinary Share,Puma VCT II,Puma VCT II,B0634N3,B0634N3,2007-01,2010-08,44,VCT Generalist
SEDOL:3076053,ZDPs,Recovery Trust,Recovery Trust,3076053,3076053,2007-01,2007-07,7,Split Capital Trust
SEDOL:3076031,Ordinary Income,Recovery Trust,Recovery Trust,3076031,3076031,2007-01,2007-07,7,Split Capital Trust
SEDOL:732518,Ordinary Share,Renaissance US Growth,RENN Universal Growth; Renaissance US Growth,0732518; 732518,0732518; 732518; GB0007325185,2007-01,2014-12,96,North American Smaller Companies
SEDOL:572316,Ordinary Share,Rensburg AIM VCT,Rensburg AIM VCT,0572316; 572316,0572316; 572316; GB0005723167,2007-01,2015-12,108,VCT AIM Quoted
SEDOL:3098314,Ordinary Share,Resources Investment Trust,Resources Investment Trust,3098314,3098314,2007-01,2008-02,14,Sector Specialist: Commodities and Natural Resources
NAME:rights and issues|preference,Preference,Rights & Issues,Rights & Issues,0739241; 739241,0; 0739241; 739241; GB0007392417,2007-01,2014-01,85,Split Capital Trust
SEDOL:739207,Income,Rights & Issues,Rights & Issues; Rights & Issues Investment Trust,0739207; 739207,0739207; 739207; GB0007392078,2007-01,2026-07,235,UK Smaller Companies
SEDOL:739229,Capital,Rights & Issues,Rights & Issues,0739229; 739229,0739229; 739229; GB0007392292,2007-01,2016-04,112,Split Capital Trust
SEDOL:3079416,ZDPs,Royal London UK Equity & Income,Royal London UK Equity & Income,3079416,3079416,2007-01,2008-08,20,Split Capital Trust
NAME:royal london uk equity and income|income annuity,Income Annuity,Royal London UK Equity & Income,Royal London UK Equity & Income,,0,2007-01,2008-08,20,Split Capital Trust
SEDOL:486912,Ordinary Share,Rutland Trust,Rutland Trust,486912,486912,2007-01,2007-06,6,Private Equity
SEDOL:3066894,Ordinary Share,SR Europe,SR Europe,3066894,3066894,2007-01,2012-04,64,Europe
SEDOL:789235,Ordinary Share,SVG Capital,SVG Capital,789235,789235,2007-01,2008-06,18,Private Equity
SEDOL:791887,Ordinary Share,Schroder AsiaPacific,Schroder AsiaPacific; Schroder AsiaPacific Fund,0791887; 791887,0791887; 791887; GB0007918872,2007-01,2026-07,235,Asia Pacific
SEDOL:791586,Ordinary Share,Schroder Income Growth,Schroder Income Growth; Schroder Income Growth Fund,0791586; 791586,0791586; 791586; GB0007915860,2007-01,2026-07,235,UK Equity Income
SEDOL:802284,Ordinary Share,Schroder Japan Growth,Schroder Japan Growth; Schroder Japan Growth Fund; Schroder Japan Trust,0802284; 802284,0802284; 802284; GB0008022849,2007-01,2026-07,235,Japan
SEDOL:610841,Ordinary Share,Schroder UK Mid & Small Cap,Schroder UK Mid & Small Cap; Schroder UK Mid Cap; Schroder UK Mid Cap Fund,0610841; 610841,0610841; 610841; GB0006108418,2007-01,2026-07,235,UK All Companies
SEDOL:787369,Ordinary Share,Scottish American,Scottish American,0787369; 787369,0787369; 787369; GB0007873697,2007-01,2026-07,235,Global Equity Income
SEDOL:783613,Ordinary Share,Scottish Oriental Smaller Companies,Scottish Oriental Smaller Companies,0783613; 783613; BRBL657,0783613; 783613; GB0007836132; GB00BRBL6574,2007-01,2026-07,235,Asia Pacific Smaller Companies
SEDOL:B09G3N2,Ordinary Share,Securities Trust of Scotland,STS Global Income & Growth Trust; Securities Trust of Scotland,B09G3N2,B09G3N2; GB00B09G3N23,2007-01,2026-07,235,Global Equity Income
SEDOL:805250,Ordinary Share,Shires Income,Shires Income,0805250; 805250,0805250; 805250; GB0008052507,2007-01,2026-02,230,UK Equity Income
SEDOL:806372,Ordinary Share,Shires Smaller Companies,Aberdeen Smaller Companies High Income; Aberdeen Smaller Companies Income; Shires Smaller Companies; abrdn Smaller Companies Income,0806372; 806372,0806372; 806372; GB0008063728,2007-01,2023-10,202,UK Smaller Companies
SEDOL:3019939,Ordinary Share,Sitka Health Fund VCT,Noble Health Fund VCT; ProVen Health VCT; Sitka Health Fund VCT,3019939,3019939; GB0030199391,2007-01,2013-07,79,VCT Specialist: Healthcare & Biotechnology
SEDOL:661593,ZDPs,Small Companies Dividend,Small Companies Dividend,661593,661593,2007-01,2007-03,3,Split Capital Trust
SEDOL:661582,Ordinary Income,Small Companies Dividend,Chelverton Small Companies Dividend; Chelverton UK Dividend; Chelverton UK Dividend Trust; Small Companies Dividend,0661582; 661582,0661582; 661582; GB0006615826,2007-01,2026-07,235,UK Equity Income
SEDOL:603959,Ordinary Share,Standard Life Equity Income,Aberdeen Equity Income Trust; Aberdeen Standard Equity Income; Standard Life Equity Income; abrdn Equity Income; abrdn Equity Income Trust,0603959; 603959,0603959; 603959; GB0006039597,2007-01,2026-07,235,UK Equity Income
SEDOL:3387528,Ordinary Share,Standard Life Investments Property Income,Standard Life Investments Property Income; abrdn Property Income; abrdn Property Income Trust,3387528,3387528; GB0033875286,2007-01,2023-12,204,Property - UK Commercial
SEDOL:B0BDCB2,Ordinary Share,Strategic Equity Capital,Strategic Equity Capital,B0BDCB2,B0BDCB2; GB00B0BDCB21,2007-01,2026-07,235,UK Smaller Companies
SEDOL:906692,Ordinary Share,TR European Growth,European Smaller Companies; TR European Growth; The European Smaller Companies Trust,0906692; 906692; BMCF868,0906692; 906692; GB0009066928; GB00BMCF8689,2007-01,2026-07,235,European Smaller Companies
SEDOL:906409,Ordinary Share,TR Property,TR Property; TR Property Investment Trust,0906409; 906409,0906409; 906409; GB0009064097,2007-01,2026-07,235,Property Securities
SEDOL:B063C84,Ordinary Share,Tapestry,Tapestry,B063C84; B56ZXH1,B063C84; B56ZXH1,2007-01,2009-12,36,Hedge Funds
SEDOL:882532,Ordinary Share,Temple Bar,Temple Bar; Temple Bar Investment Trust,0882532; 882532; BMV92D6,0882532; 882532; GB0008825324; GB00BMV92D64,2007-01,2026-07,235,UK Equity Income
SEDOL:882929,Ordinary Share,Templeton Emerging Markets,Templeton Emerging Markets,0882929; 882929; BKPG0S0,0882929; 882929; GB0008829292; GB00BKPG0S09,2007-01,2026-07,235,Global Emerging Markets
SEDOL:891055,Ordinary Share,Throgmorton Trust,BlackRock Throgmorton Trust; Throgmorton Trust,0891055; 891055,0891055; 891055; GB0008910555,2007-01,2026-03,231,UK Smaller Companies
SEDOL:B0S49V7,Ordinary Share,Tribune UK Tracker,Tribune UK Tracker,B0S49V7,B0S49V7,2007-01,2007-08,8,UK Growth
SEDOL:461823,Ordinary Share,UK Select Trust,Threadneedle UK Select Trust; UK Select Trust,0461823; 461823,0461823; 461823; GB0004618236,2007-01,2017-05,125,UK All Companies
SEDOL:3031290,ZDPs,US Special Opportunities,US Special Opportunities,3031290,3031290,2007-01,2008-05,17,Split Capital Trust
SEDOL:3031331,Income,US Special Opportunities,Global Special Opportunities; US Special Opportunities,3031331,3031331,2007-01,2011-04,52,Split Capital Trust
SEDOL:3031319,Capital,US Special Opportunities,Global Special Opportunities; US Special Opportunities,3031319,3031319,2007-01,2011-04,52,Split Capital Trust
SEDOL:3091830,Ordinary Share,Unicorn AIM VCT,Unicorn AIM VCT,3091830,3091830,2007-01,2010-02,38,VCT AIM Quoted
SEDOL:B03GW19,Ordinary Share,Unicorn AIM VCT II,Unicorn AIM VCT II,B03GW19,B03GW19,2007-01,2010-02,38,VCT AIM Quoted
SEDOL:B0M2L66,Ordinary Share,Unicorn AIM VCT II C shares,Unicorn AIM VCT II C shares,B0M2L66,B0M2L66,2007-01,2010-02,38,VCT AIM Quoted
SEDOL:3420672,Ordinary Share,Unicorn AIM VCT Series 2,Unicorn AIM VCT Series 2; Unicorn AIM VCT Series 2 shares,3420672,3420672,2007-01,2010-02,38,VCT AIM Quoted
SEDOL:B00JZX4,ZDPs,Utilico,Utilico,B00JZX4,B00JZX4,2007-01,2007-05,5,Split Capital Trust
SEDOL:B00KTN5,Ordinary Income,Utilico,UIL; Utilico; Utilico Investments,1707102; 314Y100; B00KTN5; B1XHSF5,B00KTN5; B1XHSF5; BMG917071026; BMG9314Y1003,2007-01,2026-07,235,Flexible Investment
SEDOL:B0DQY35,Ordinary Share,Utilico Emerging Markets,Utilico Emerging Markets; Utilico Emerging Markets (AIM); Utilico Emerging Markets Trust,3115106; B0DQY35; BD45S96,B0DQY35; BMG931151069; GB00BD45S967,2007-01,2026-07,235,Global Emerging Markets
SEDOL:848471,Ordinary Share,Value and Income,Value and Income; Value and Indexed Property Income; Value and Indexed Property Income Trust,0848471; 848471,0848471; 848471; GB0008484718,2007-01,2026-07,235,Property - UK Commercial
SEDOL:B0WCHT1,Ordinary Share,Ventus 2 VCT,Ventus 2 VCT,B0WCHT1,B0WCHT1; GB00B0WCHT14,2007-01,2021-09,177,VCT Specialist: Environmental
SEDOL:B0WCHV3,Ordinary Share,Ventus 3 VCT,Ventus 3 VCT,B0WCHV3,B0WCHV3,2007-01,2010-04,40,VCT Specialist: Environmental
SEDOL:B03KMY4,Ordinary Share,Ventus VCT,Ventus VCT,B03KMY4,B03KMY4; GB00B03KMY45,2007-01,2021-09,177,VCT Specialist: Environmental
SEDOL:3351642,Ordinary Share,Vietnam Opportunity,Vietnam Opportunity; Vietnam Opportunity (AIM); VinaCapital Vietnam Opportunity; VinaCapital Vietnam Opportunity (AIM),3351642; 361Y102; BYXVT88,3351642; GG00BYXVT888; KYG9361Y1026,2007-01,2026-07,235,Country Specialist
SEDOL:B0WHX65,Ordinary Share,Vinaland,Vinaland; Vinaland (AIM),B0WHX65,B0WHX65,2007-01,2012-12,72,Property Specialist
SEDOL:974406,Ordinary Share,Witan,Witan; Witan Investment Trust,0974406; 974406; BJTRSD3,0974406; 974406; GB0009744060; GB00BJTRSD38,2007-01,2024-09,213,Global
SEDOL:365602,Ordinary Share,Witan Pacific,Baillie Gifford China Growth; Witan Pacific,0365602; 365602,0365602; 365602; GB0003656021,2007-01,2026-07,235,China / Greater China
SEDOL:822022,ZDPs,Zero Preference Growth,Zero Preference Growth,822022,822022,2007-01,2008-07,19,Split Capital Trust
SEDOL:822196,Growth,Zero Preference Growth,Zero Preference Growth,822196,822196,2007-01,2008-07,19,Split Capital Trust
SEDOL:3436594,Ordinary Share,iimia Investment Trust,MIGO Opportunities; MIGO Opportunities Trust; Miton Global Opportunities; Miton Worldwide Growth; iimia Investment Trust,3436594,3436594; GB0034365949,2007-01,2026-07,235,Flexible Investment
SEDOL:B1QHMQ1,Ordinary Share,AcenciA Debt Strategies C shares,AcenciA Debt Strategies C shares,B1QHMQ1,B1QHMQ1,2007-02,2007-05,4,Hedge Funds
SEDOL:B1N0T84,Ordinary Share,Alternative Investment Strategies C shares,Alternative Investment Strategies C shares,B1N0T84,B1N0T84,2007-02,2007-02,1,Hedge Funds
SEDOL:B1LP1B8,Ordinary Share,International Biotechnology C shares,International Biotechnology C shares,B1LP1B8,B1LP1B8,2007-02,2007-04,3,Sector Specialist: Biotechnology/Life Sciences
SEDOL:B1N4G29,Ordinary Share,Investors Capital A,BMO UK High Income; CT UK High Income; CT UK High Income Trust; F&C UK High Income; F&C UK High Income A; Investors Capital A,B1N4G29,B1N4G29; GB00B1N4G299,2007-02,2026-07,234,UK Equity Income
SEDOL:B1N4H59,Ordinary Share,Investors Capital B,BMO UK High Income; BMO UK High Income B; CT UK High Income; CT UK High Income Trust; F&C UK High Income B; Investors Capital B,B1N4H59,B1N4H59; GB00B1N4H594,2007-02,2026-07,234,UK Equity Income
SEDOL:B02VD56,Ordinary Share,Langley Park,Langley Park,B02VD56,B02VD56,2007-02,2007-05,4,North American Smaller Companies
SEDOL:B1FPZ56,Ordinary Share,Aberdeen Growth Opportunities VCT 2 S shares,Aberdeen Growth Opportunities VCT 2 S shares; Maven Income & Growth VCT 4 S shares,B1FPZ56,B1FPZ56; GB00B1FPZ567,2007-03,2013-02,72,VCT Generalist
SEDOL:B1L0P66,Ordinary Share,Baronsmead AIM VCT C shares,Baronsmead AIM VCT C shares,B1L0P66,B1L0P66,2007-03,2007-07,5,Venture Capital Trusts
SEDOL:B1KR115,Ordinary Share,Electra Kingsway VCT C shares,Acuity VCT C shares; Electra Kingsway VCT C shares,B1KR115,B1KR115,2007-03,2009-12,34,VCT Generalist
SEDOL:B1N92H1,Ordinary Share,Gartmore Growth Opportunities C shares,Gartmore Growth Opportunities C shares,B1N92H1,B1N92H1,2007-03,2007-04,2,UK Smaller Companies
SEDOL:388728,Ordinary Share,Gresham House,Gresham House,388728,388728,2007-03,2008-09,19,UK Smaller Companies
SEDOL:B1P8HX7,Ordinary Share,Midas Income & Growth C shares,Midas Income & Growth C shares,B1P8HX7,B1P8HX7,2007-03,2007-03,1,Global Growth & Income
SEDOL:B1KR104,Ordinary Share,Pennine AIM VCT D shares,Downing Distribution VCT 2 D shares; Downing Income VCT 3 D shares; Pennine AIM VCT D shares,B1KR104,B1KR104,2007-03,2012-08,66,VCT AIM Quoted
SEDOL:B1GH1X1,Ordinary Share,ProVen VCT C shares,ProVen VCT C shares,B1GH1X1,B1GH1X1,2007-03,2012-09,67,VCT Generalist
SEDOL:B05L0J6,Ordinary Share,Ingenious Music VCT,Ingenious Music VCT,B05L0J6,B05L0J6,2007-04,2008-07,16,"VCT Specialist: Media, Leisure & Events"
SEDOL:B0M9M31,Ordinary Share,Ingenious Music VCT 2,Ingenious Music VCT 2,B0M9M31,B0M9M31,2007-04,2008-09,18,"VCT Specialist: Media, Leisure & Events Pre Qualifying"
SEDOL:166399,Ordinary Share,TriVest VCT,Income & Growth VCT; TriVest VCT,166399,166399,2007-04,2010-02,35,VCT Generalist
SEDOL:B13YV68,Ordinary Share,Apollo VCT 1,Apollo VCT 1; Octopus Apollo VCT 1,B13YV68,B13YV68,2007-05,2012-08,64,VCT Generalist
SEDOL:B13YVK2,Ordinary Share,Apollo VCT 2,Apollo VCT 2; Octopus Apollo VCT 2,B13YVK2,B13YVK2,2007-05,2012-08,64,VCT Generalist
SEDOL:B1FCZR9,Ordinary Share,Camper & Nicholsons Marina Investments (AIM),Camper & Nicholsons Marina Investments (AIM),B1FCZR9,B1FCZR9,2007-05,2010-09,41,Property Specialist
SEDOL:B1G3LR3,Ordinary Share,Close Enterprise VCT,Albion Enterprise VCT; Close Enterprise VCT,B1G3LR3,B1G3LR3; GB00B1G3LR35,2007-05,2026-07,231,VCT
SEDOL:B1GJY27,Ordinary Share,Core VCT IV,Core VCT IV,B1GJY27,B1GJY27,2007-05,2012-10,66,VCT Generalist
SEDOL:B1GJY49,Ordinary Share,Core VCT V,Core VCT V,B1GJY49,B1GJY49,2007-05,2012-10,66,VCT Generalist
SEDOL:B069709,Ordinary Share,Downing Protected VCT II,Downing Planned Exit VCT 2; Downing Protected VCT II,B069709,B069709,2007-05,2012-06,62,VCT Generalist
SEDOL:B078VQ9,Ordinary Share,Downing Protected VCT III,Downing Planned Exit VCT 3; Downing Protected VCT III,B078VQ9,B078VQ9,2007-05,2012-06,62,VCT Generalist
SEDOL:B0S5PX4,Ordinary Share,Downing Protected VCT IV,Downing Planned Exit VCT 4; Downing Protected VCT IV,B0S5PX4,B0S5PX4,2007-05,2012-01,57,VCT Generalist
SEDOL:B0S5PZ6,Ordinary Share,Downing Protected VCT V,Downing Planned Exit VCT 5; Downing Protected VCT V,B0S5PZ6,B0S5PZ6,2007-05,2012-01,57,VCT Generalist
SEDOL:B1NB0H3,Ordinary Share,Downing Protected VCT VI,Downing Planned Exit VCT 6; Downing Protected VCT VI,B1NB0H3,B1NB0H3; GB00B1NB0H38,2007-05,2015-06,98,VCT Generalist
SEDOL:B1NB0T5,Ordinary Share,Downing Protected VCT VI A shares,Downing Protected VCT VI A shares,B1NB0T5,B1NB0T5,2007-05,2007-05,1,Venture Capital Trusts
SEDOL:B1NB0J5,Ordinary Share,Downing Protected VCT VII,Downing FOUR VCT DP67 shares; Downing Planned Exit VCT 7; Downing Protected VCT VII; Thames Ventures VCT 2 DP67 shares,B1NB0J5; BWX53D9,B1NB0J5; GB00B1NB0J51; GB00BWX53D91,2007-05,2024-10,209,VCT
SEDOL:B1NB0V7,Ordinary Share,Downing Protected VCT VII A shares,Downing Protected VCT VII A shares,B1NB0V7,B1NB0V7,2007-05,2007-05,1,Venture Capital Trusts
SEDOL:B17B347,Ordinary Share,Octopus Protected VCT,Octopus Apollo VCT; Octopus Apollo VCT 3; Octopus Protected VCT,B17B347,B17B347; GB00B17B3479,2007-05,2026-07,231,VCT
SEDOL:B1BV3Z4,Ordinary Share,Talisman First VCT,Talisman First VCT,B1BV3Z4,B1BV3Z4,2007-05,2008-04,12,VCT Generalist
NAME:unicorn aim vct following conversion of unicorn aim vct ords and series 2 and merger with unicorn aim vct ii|ordinary share,Ordinary Share,Unicorn AIM VCT Series 3 shares,Unicorn AIM VCT; Unicorn AIM VCT Series 3 shares,B1RTFN4,B1RTFN4; B1RTFNA; GB00B1RTFN43,2007-05,2026-07,231,VCT AIM Quoted
SEDOL:286714,Ordinary Share,Elderstreet VCT,Draper Esprit VCT; Elderstreet Draper Esprit VCT; Elderstreet VCT; Molten Ventures VCT,0286714; 286714,0286714; 286714; GB0002867140,2007-06,2026-07,230,VCT
SEDOL:B068X31,Ordinary Share,Elderstreet VCT C shares,Elderstreet VCT C shares,B068X31,B068X31,2007-06,2008-09,16,VCT Generalist
SEDOL:308544,Ordinary Share,Electra Private Equity,Electra Private Equity,0308544; 308544,0308544; 308544; GB0003085445,2007-06,2021-12,175,Private Equity
SEDOL:B120GL7,Ordinary Share,Jupiter Green,Jupiter Green; Jupiter Green Investment Trust,B120GL7,B120GL7; GB00B120GL77,2007-06,2025-02,213,Environmental
SEDOL:B1XHSL1,2012 ZDPs,Utilico,Utilico; Utilico Investments,B1XHSL1,B1XHSL1,2007-06,2012-09,64,Split Capital Trust
SEDOL:B1XHV78,2014 ZDPs,Utilico,Utilico; Utilico Investments,3126111; B1XHV78,B1XHV78; BMG931261116,2007-06,2014-09,88,Split Capital Trust
SEDOL:B1XHVB2,2016 ZDPs,Utilico,UIL; Utilico; Utilico Investments,1610108; 3126129; B1XHVB2,B1XHVB2; BMG916101089; BMG931261298,2007-06,2016-09,112,Split Capital Trust
SEDOL:163992,Ordinary Share,Caledonia,Caledonia; Caledonia Investments,0163992; 163992; BTNQ8K3,0163992; 163992; GB0001639920; GB00BTNQ8K38,2007-07,2026-07,229,Flexible Investment
SEDOL:B1Y1NS4,Ordinary Share,Henderson Diversified Income,Henderson Diversified Income,B1Y1NS4; BF03YC3,B1Y1NS4; GB00BF03YC36; JE00B1Y1NS49,2007-07,2023-12,198,Debt - Loans & Bonds
SEDOL:B1G17L3,Ordinary Share,Ingenious Live VCT 1,Ingenious Live VCT 1,B1G17L3,B1G17L3,2007-07,2010-08,31,"VCT Specialist: Media, Leisure & Events"
SEDOL:B1G17N5,Ordinary Share,Ingenious Live VCT 2,Ingenious Live VCT 2,B1G17N5,B1G17N5,2007-07,2010-08,31,"VCT Specialist: Media, Leisure & Events"
SEDOL:B1Z9707,Ordinary Share,Jupiter Green C shares,Jupiter Green C shares,B1Z9707,B1Z9707,2007-07,2007-10,4,Sector Specialist: Environmental
SEDOL:B15PV03,Ordinary Share,Middlefield Canadian Income Trusts,Middlefield Canadian Income; Middlefield Canadian Income Trust; Middlefield Canadian Income Trusts,B15PV03,B15PV03; GB00B15PV034,2007-07,2025-09,183,North America
SEDOL:B1YW2J1,Ordinary Share,TR Property Sigma,TR Property Sigma,B1YW2J1,B1YW2J1,2007-07,2012-11,65,Property Securities
SEDOL:B1RZDH2,Ordinary Share,JPMorgan Progressive Multi-Strategy (AIM),JPMorgan Progressive Multi-Strategy (AIM),B1RZDH2,B1RZDH2,2007-08,2009-11,28,Hedge Funds
SEDOL:B1CH317,Ordinary Share,Kenmore European Industrial,Kenmore European Industrial; Tamar European Industrial,B1CH317,B1CH317; GB00B1CH3174,2007-08,2014-07,84,Property Direct - Europe
SEDOL:B1NP514,Ordinary Share,BH Macro (Chpt 14),BH Macro; BH Macro (Chpt 14); BH Macro USD,B1NP514,B1NP514; GG00B1NP5142,2007-09,2023-01,185,Hedge Funds
SEDOL:B1NPGZ5,Ordinary Share,BH Macro Euro (Chpt 14),BH Macro Euro; BH Macro Euro (Chpt 14),B1NPGZ5,B1NPGZ5; GG00B1NPGZ52,2007-09,2017-05,117,Hedge Funds
SEDOL:B1NPGV1,Ordinary Share,BH Macro USD (Chpt 14),BH Macro; BH Macro USD; BH Macro USD (Chpt 14),B1NPGV1; BQBFY36; BQBFY47,B1NPGV1; GG00B1NPGV15; GG00BQBFY362; GG00BQBFY479,2007-09,2026-07,227,Hedge Funds
SEDOL:B235SB2,Ordinary Share,Impax Environmental Markets C shares,Impax Environmental Markets C shares,B235SB2,B235SB2,2007-09,2007-11,3,Sector Specialist: Environmental
SEDOL:B2425D3,Ordinary Share,Tapestry C shares,Tapestry C shares,B2425D3,B2425D3,2007-09,2007-10,2,Hedge Funds
SEDOL:B1NNWQ2,Ordinary Share,Cambium Global Timberland (AIM),Cambium Global Timberland; Cambium Global Timberland (AIM),B1NNWQ2,B1NNWQ2; JE00B1NNWQ21,2007-10,2015-09,96,Sector Specialist: Forestry & Timber
SEDOL:B1YW310,Ordinary Share,Ludgate Environmental (AIM),Ludgate Environmental; Ludgate Environmental (AIM),B1YW310,B1YW310; JE00B1YW3102,2007-10,2017-06,117,Sector Specialist: Environmental
SEDOL:B1GGVM7,Ordinary Share,MW TOPS (Euronext),MW TOPS (Euronext),B1GGVM7,B1GGVM7,2007-10,2008-05,8,Hedge Funds
SEDOL:B1GGVL6,Ordinary Share,MW TOPS Euro (Euronext),MW TOPS Euro (Euronext),B1GGVL6,B1GGVL6,2007-10,2008-05,8,Hedge Funds
SEDOL:B1GGVN8,Ordinary Share,MW TOPS USD (Euronext),MW TOPS USD (Euronext),B1GGVN8,B1GGVN8,2007-10,2008-05,8,Hedge Funds
SEDOL:B0D5V53,Ordinary Share,Raven Russia (AIM),Raven Russia (AIM),B0D5V53,B0D5V53,2007-10,2008-09,12,Property Specialist
SEDOL:B1GJR06,Ordinary Share,Signet Capital Fixed Income Strategies Euro,Signet Capital Fixed Income Strategies Euro; Signet Global Fixed Income Strategies Euro,B1GJR06,B1GJR06,2007-10,2009-02,17,Hedge Funds
SEDOL:B1GJQ98,Ordinary Share,Signet Global Fixed Income Strategies,Global Fixed Income Realisation; Signet Global Fixed Income Strategies,B1GJQ98,B1GJQ98; GG00B1GJQ984,2007-10,2014-10,85,Hedge Funds
SEDOL:B1GJQX2,Ordinary Share,Signet Global Fixed Income Strategies USD,Signet Global Fixed Income Strategies USD,B1GJQX2,B1GJQX2,2007-10,2009-06,21,Hedge Funds
SEDOL:B0WGN95,Ordinary Share,Edge Performance VCT,Edge Performance VCT,B0WGN95,B0WGN95,2007-11,2009-11,25,"VCT Specialist: Media, Leisure & Events"
SEDOL:B1GJYK5,Ordinary Share,Edge Performance VCT C shares,Edge Performance VCT C shares,B1GJYK5,B1GJYK5; GB00B1GJYK55,2007-11,2016-08,106,"VCT Specialist: Media, Leisure & Events"
SEDOL:B1XCBD9,Ordinary Share,F&C Event Driven,F&C Event Driven,B1XCBD9,B1XCBD9,2007-11,2008-11,13,Hedge Funds
SEDOL:B19Z2J5,Ordinary Share,UK Commercial Property,UK Commercial Property; UK Commercial Property REIT,B19Z2J5,B19Z2J5; GB00B19Z2J52,2007-11,2024-04,198,Property - UK Commercial
SEDOL:B1S4QQ8,Ordinary Share,Gottex Market Neutral,Gottex Market Neutral,B1S4QQ8; B43NP08; B4WVKV9; B62DZ70,B1S4QQ8; B43NP08; B4WVKV9; B62DZ70,2007-12,2011-05,42,Hedge Funds
SEDOL:B0CRWN5,Ordinary Share,Schroder Oriental Income,Schroder Oriental Income,B0CRWN5,B0CRWN5; GB00B0CRWN59,2007-12,2026-07,224,Asia Pacific Equity Income
SEDOL:B29MWP9,Ordinary Share,Utilico Emerging Markets C shares (AIM),Utilico Emerging Markets C shares (AIM),B29MWP9,B29MWP9,2007-12,2008-02,3,Global Emerging Markets
SEDOL:B29YCK0,Ordinary Share,Absolute Return Trust C shares,Absolute Return Trust C shares,B29YCK0; B3CRX55,B29YCK0; B3CRX55,2008-01,2008-09,3,Hedge Funds
SEDOL:B29YCR7,Ordinary Share,Absolute Return Trust Euro C shares,Absolute Return Trust Euro; Absolute Return Trust Euro C shares; Absolute Return Trust Euro shares,B29YCR7; B7KFV44; B9GQ2X1; BCCW5C4,B29YCR7; B7KFV44; GB00B7KFV440; GG00B9GQ2X10; GG00BCCW5C45,2008-01,2013-11,71,Hedge Funds
SEDOL:B1G3RS6,Ordinary Share,Phaunos Timber (AIM),Phaunos Timber; Phaunos Timber (AIM),B1G3RS6,B1G3RS6; GG00B1G3RS66,2008-01,2014-10,82,Sector Specialist: Forestry & Timber
SEDOL:B188SR5,Ordinary Share,Babcock & Brown,Babcock & Brown; International Public Partnerships,B188SR5,B188SR5; GB00B188SR50,2008-02,2026-07,222,Infrastructure
SEDOL:B28B2R9,Ordinary Share,Ceres Agriculture,Ceres Agriculture,B28B2R9,B28B2R9,2008-02,2009-01,12,Sector Specialist: Commodities and Natural Resources
SEDOL:B28C2R2,Ordinary Share,Princess Private Equity,Partners Group Private Equity; Princess Private Equity; Princess Private Equity Holding,B28C2R2,B28C2R2; GG00B28C2R28,2008-02,2026-07,222,Private Equity
SEDOL:B1LT574,Ordinary Share,Prosperity Russia Domestic (AIM),Prosperity Russia Domestic (AIM),B1LT574,B1LT574,2008-02,2009-03,14,Country Specialists: Europe
SEDOL:B1D5SN7,Ordinary Share,Prosperity Voskhod (AIM),Prosperity Voskhod (AIM),B1D5SN7,B1D5SN7,2008-02,2009-01,12,Country Specialists: Europe
SEDOL:B1YWTR8,Ordinary Share,Ashmore Global Opportunities (Chpt 14),Ashmore Global Opportunities; Ashmore Global Opportunities (Chpt 14); Ashmore Global Opportunities USD,B1YWTR8; B94X2T0; BC4DPL4; BDB5P10; BFNYF20; BFYYCT5; BHZ7G51; BJJPTV2; BP40Y64; BRJG751; BV0M1Q5; BWT5Y52; BYNJ9P9; BYV0R61; BZ60M91,B1YWTR8; GG00B1YWTR89; GG00B94X2T08; GG00BC4DPL43; GG00BDB5P108; GG00BFNYF204; GG00BFYYCT56; GG00BHZ7G515; GG00BJJPTV26; GG00BP40Y647; GG00BRJG7519; GG00BV0M1Q56; GG00BWT5Y529; GG00BYNJ9P93; GG00BYV0R619; GG00BZ60M912,2008-03,2019-05,135,Global Emerging Markets
SEDOL:B1YWWB3,Ordinary Share,Ashmore Global Opportunities Euro (Chpt 14),Ashmore Global Opportunities Euro; Ashmore Global Opportunities Euro (Chpt 14),B1YWWB3,B1YWWB3,2008-03,2012-03,49,Global Emerging Markets
SEDOL:B1YWWJ1,Ordinary Share,Ashmore Global Opportunities USD (Chpt 14),Ashmore Global Opportunities; Ashmore Global Opportunities USD; Ashmore Global Opportunities USD (Chpt 14),B1YWWJ1; B9592R5; BC4DPM5; BDB5P21; BDZRFT0; BFNYF53; BHZ7G62; BJJMSL6; BJJMSM7; BJJPTW3; BLF0CV6; BP40Y75; BRJG773; BV0M1R6; BWT5Y74; BYNJ9F9; BYV0RC7; BZ60MQ8,B1YWWJ1; GG00B1YWWJ19; GG00B9592R54; GG00BC4DPM59; GG00BDB5P215; GG00BDZRFT04; GG00BFNYF535; GG00BHZ7G622; GG00BJJMSL63; GG00BJJMSM70; GG00BJJPTW33; GG00BLF0CV69; GG00BP40Y753; GG00BRJG7733; GG00BV0M1R63; GG00BWT5Y743; GG00BYNJ9F95; GG00BYV0RC73; GG00BZ60MQ84,2008-03,2020-09,151,Global Emerging Markets
SEDOL:419929,Ordinary Share,Henderson EuroTrust,Henderson EuroTrust,0419929; 419929; BP6QR38,0419929; 419929; GB0004199294; GB00BP6QR382,2008-03,2024-06,196,Europe
SEDOL:B29LSW5,Ordinary Share,Juridica Investments (AIM),Juridica Investments; Juridica Investments (AIM),B29LSW5,B29LSW5; GG00B29LSW52,2008-03,2015-10,92,Sector Specialist: Litigation
SEDOL:B29LG10,ZDP,Premier Renewable Energy,Premier Renewable Energy,B29LG10,B29LG10,2008-03,2010-11,33,Split Capital Trust
SEDOL:B29LC01,Ordinary Income,Premier Renewable Energy,Premier Renewable Energy,B29LC01,B29LC01,2008-03,2010-11,33,Split Capital Trust
SEDOL:B2PW2P3,Ordinary Share,Babcock & Brown C shares,Babcock & Brown C shares,B2PW2P3,B2PW2P3,2008-04,2008-05,2,Sector Specialist: Infrastructure
SEDOL:B28C4Z4,Ordinary Share,Downing Protected VCT IX,Downing Planned Exit VCT 9; Downing Protected VCT IX,B28C4Z4,B28C4Z4; GB00B28C4Z43,2008-04,2014-04,73,VCT Generalist
SEDOL:B28C4Y3,Ordinary Share,Downing Protected VCT VIII,Downing Planned Exit VCT 8; Downing Protected VCT VIII,B28C4Y3,B28C4Y3; GB00B28C4Y36,2008-04,2014-04,73,VCT Generalist
SEDOL:B28M6V4,Ordinary Share,Edge Performance VCT D shares,Edge Performance VCT D shares,B28M6V4,B28M6V4; GB00B28M6V44,2008-04,2016-08,101,"VCT Specialist: Media, Leisure & Events"
SEDOL:392105,Ordinary Share,HgCapital,HgCapital; HgCapital Trust,0392105; 392105; BJ0LT19,0392105; 392105; GB0003921052; GB00BJ0LT190,2008-04,2026-07,220,Private Equity
SEDOL:B29BN19,Ordinary Share,Income & Growth VCT S shares,Gresham House Income & Growth VCT; Income & Growth VCT; Income & Growth VCT S shares; The Income & Growth VCT,B29BN19,B29BN19; GB00B29BN198,2008-04,2026-07,220,VCT
SEDOL:B18J027,Ordinary Share,ACP Mezzanine (AIM),ACP Mezzanine (AIM),B18J027,B18J027,2008-05,2009-01,9,Sector Specialist: Mezzanine Finance
SEDOL:B2QQPT9,Ordinary Share,BH Global,BH Global; BH Global USD,B2QQPT9,B2QQPT9; GG00B2QQPT96,2008-05,2021-06,158,Hedge Funds
SEDOL:B2QQPM2,Ordinary Share,BH Global Euro,BH Global Euro,B2QQPM2,B2QQPM2; GG00B2QQPM28,2008-05,2014-07,75,Hedge Funds
SEDOL:B2QQPS8,Ordinary Share,BH Global USD,BH Global; BH Global USD,B2QQPS8,B2QQPS8; GG00B2QQPS89,2008-05,2021-06,158,Hedge Funds
SEDOL:297437,Ordinary Share,Eaglet,Directors' Dealing; Eaglet,297437,297437,2008-05,2009-11,19,UK Smaller Companies
SEDOL:B2PP252,Ordinary Share,F&C Managed Portfolio Growth,BMO Managed Portfolio Growth; CT Global Managed Portfolio Growth; F&C Managed Portfolio Growth,B2PP252,B2PP252; GB00B2PP2527,2008-05,2026-07,219,Flexible Investment
SEDOL:B2PP3J3,Ordinary Share,F&C Managed Portfolio Income,BMO Managed Portfolio Income; CT Global Managed Portfolio Income; F&C Managed Portfolio Income,B2PP3J3,B2PP3J3; GB00B2PP3J36,2008-05,2026-07,219,Flexible Investment
SEDOL:B1DSZV3,Ordinary Share,Marwyn Value Investors (AIM),Marwyn Value Investors; Marwyn Value Investors (AIM),897M109; 897M158; 897M166; 897M174; B1DSZV3; B614XS1,B1DSZV3; B614XS1; KYG5897M1096; KYG5897M1583; KYG5897M1666; KYG5897M1740,2008-05,2026-07,219,UK Smaller Companies
SEDOL:B16KPY9,Ordinary Share,Partners Group Global Opportunities (AIM),Partners Group Global Opportunities; Partners Group Global Opportunities (AIM),B16KPY9,B16KPY9,2008-05,2009-11,19,Private Equity
SEDOL:B0T9K29,Ordinary Share,ACP Capital (AIM),ACP Capital (AIM),B0T9K29,B0T9K29,2008-06,2009-01,8,Sector Specialist
SEDOL:B06T260,Ordinary Share,AXA Property,AXA Property; Worsley Investors,B06T260; BHXH0C8; BK4Z914; BKXH201; BRJ94K4,B06T260; GB00B06T2607; GB00BKXH2018; GG00BHXH0C87; GG00BK4Z9144; GG00BKXH2013; GG00BRJ94K44,2008-06,2026-07,157,UK Smaller Companies
SEDOL:B2PXDB9,Ordinary Share,BlackRock Absolute Return Strategies,BlackRock Absolute Return Strategies,B2PXDB9,B2PXDB9,2008-06,2011-10,41,Hedge Funds
SEDOL:B2PXNC0,Ordinary Share,BlackRock Absolute Return Strategies Euro,BlackRock Absolute Return Strategies Euro,B2PXNC0,B2PXNC0,2008-06,2011-10,41,Hedge Funds
SEDOL:B2PXNQ4,Ordinary Share,BlackRock Absolute Return Strategies USD,BlackRock Absolute Return Strategies USD,B2PXNQ4,B2PXNQ4,2008-06,2011-10,41,Hedge Funds
SEDOL:3228702,Ordinary Share,Dexion Absolute,Dexion Absolute,3228702,3228702; GB0032287020,2008-06,2016-02,93,Hedge Funds
SEDOL:B1BPPM7,Ordinary Share,Dexion Absolute AUD,Dexion Absolute AUD,B1BPPM7,B1BPPM7,2008-06,2009-08,15,Hedge Funds
SEDOL:B0FXK92,Ordinary Share,Dexion Absolute Euro,Dexion Absolute Euro,B0FXK92,B0FXK92; GB00B0FXK920,2008-06,2015-09,88,Hedge Funds
SEDOL:B0FXL33,Ordinary Share,Dexion Absolute USD,Dexion Absolute USD,B0FXL33,B0FXL33; GB00B0FXL332,2008-06,2015-09,87,Hedge Funds
SEDOL:B0ZQ8Q4,Ordinary Share,Dexion Alpha Strategies,Dexion Alpha Strategies; Dexion Commodities,B0ZQ8Q4,B0ZQ8Q4,2008-06,2011-02,33,Hedge Funds
SEDOL:B0ZQ994,Ordinary Share,Dexion Alpha Strategies Euro,Dexion Alpha Strategies Euro; Dexion Commodities Euro,B0ZQ994,B0ZQ994,2008-06,2011-02,33,Hedge Funds
SEDOL:B0ZQBH6,Ordinary Share,Dexion Alpha Strategies USD,Dexion Alpha Strategies USD; Dexion Commodities USD,B0ZQBH6,B0ZQBH6,2008-06,2011-02,33,Hedge Funds
SEDOL:3431232,Ordinary Share,Dexion Equity Alternative,Dexion Equity Alternative,3431232,3431232,2008-06,2012-10,53,Hedge Funds
SEDOL:B39VY02,Ordinary Share,MW TOPS,MW TOPS,B39VY02,B39VY02,2008-06,2010-07,26,Hedge Funds
SEDOL:B39VXT4,Ordinary Share,MW TOPS Euro,MW TOPS Euro,B39VXT4,B39VXT4,2008-06,2010-07,26,Hedge Funds
SEDOL:B39VY13,Ordinary Share,MW TOPS USD,MW TOPS USD,B39VY13,B39VY13,2008-06,2010-07,26,Hedge Funds
SEDOL:B28V8Y8,Ordinary Share,Octopus Titan VCT 1,Octopus Titan VCT 1,B28V8Y8,B28V8Y8; GB00B28V8Y81,2008-06,2014-10,77,VCT Generalist
SEDOL:B28V934,Ordinary Share,Octopus Titan VCT 2,Octopus Titan VCT; Octopus Titan VCT 2,B28V934,B28V934; GB00B28V9347,2008-06,2026-07,218,VCT
SEDOL:B09NK11,Redeemable Preference Shr,KGR Absolute Return C shares,KGR Absolute Return C shares,B09NK11,B09NK11,2008-07,2008-08,2,Hedge Funds
SEDOL:B0LVM72,Ordinary Share,Morant Wright Japan Income Trust,Morant Wright Japan Income Trust,B0LVM72,B0LVM72,2008-07,2010-10,28,Japan
SEDOL:B1XCHB9,Ordinary Share,Bramdean Alternatives,Aberdeen Private Equity; Bramdean Alternatives,B1XCHB9; BD5G638; BFNS016,B1XCHB9; GG00B1XCHB94; GG00BD5G6386; GG00BFNS0161,2008-08,2018-06,119,Private Equity
SEDOL:B1XCLF1,Ordinary Share,Bramdean Alternatives USD,Aberdeen Private Equity USD; Bramdean Alternatives USD,B1XCLF1,B1XCLF1,2008-08,2010-05,22,Private Equity
SEDOL:B037814,Ordinary Share,Dexion Trading,Dexion Trading,B037814,B037814; GB00B0378141,2008-08,2014-04,69,Hedge Funds
SEDOL:B28XHD6,Ordinary Share,HarbourVest Global Private Equity (Euronext),HarbourVest Global Private Equity; HarbourVest Global Private Equity (Euronext),B28XHD6; B447KB5; BDSTPW6; BR30MJ8,B28XHD6; B447KB5; GG00B28XHD63; GG00BDSTPW61; GG00BR30MJ80,2008-08,2026-07,216,Private Equity
SEDOL:B3CCM75,Ordinary Share,Foresight 3 VCT C shares,Foresight 3 VCT C shares,B3CCM75,B3CCM75,2008-09,2009-06,10,VCT Specialist: Technology Pre Qualifying
SEDOL:B012T52,Ordinary Share,ISIS Property 2,BMO Real Estate Investments; CT Property; CT Property Trust; F&C UK Real Estate Investments; IRP Property Investments; ISIS Property 2,B012T52,B012T52; GB00B012T521,2008-09,2023-07,179,Property - UK Commercial
SEDOL:B2Q5VD2,Ordinary Share,Octopus Titan VCT 3,Octopus Titan VCT 3,B2Q5VD2,B2Q5VD2; GB00B2Q5VD26,2008-10,2014-10,73,VCT Generalist
SEDOL:920227,Ordinary Share,Gateway VCT,Gateway VCT,920227,920227,2008-11,2009-08,10,VCT Generalist
SEDOL:B173611,Ordinary Share,Goldman Sachs Dynamic Opportunities,Goldman Sachs Dynamic Opportunities,B173611,B173611,2008-11,2012-03,41,Hedge Funds
SEDOL:B173NZ4,Ordinary Share,Goldman Sachs Dynamic Opportunities Euro,Goldman Sachs Dynamic Opportunities Euro,B173NZ4,B173NZ4,2008-11,2011-07,33,Hedge Funds
SEDOL:B173P70,Ordinary Share,Goldman Sachs Dynamic Opportunities USD,Goldman Sachs Dynamic Opportunities USD,B173P70,B173P70,2008-11,2011-07,33,Hedge Funds
SEDOL:B296Z74,Ordinary Share,Origo Resource Partners (AIM),Origo Resource Partners (AIM),B296Z74,B296Z74,2008-11,2009-11,13,Country Specialists: Asia Pacific
SEDOL:B1FQF60,Ordinary Share,Cazenove Absolute Equity,Cazenove Absolute Equity,B1FQF60,B1FQF60,2008-12,2012-06,43,Hedge Funds
SEDOL:B0XQ3R2,Ordinary Share,Eastern European Property (AIM),Eastern European Property; Eastern European Property (AIM),B0XQ3R2,B0XQ3R2; GB00B0XQ3R24,2008-12,2014-10,71,Property Direct - Europe
SEDOL:B0P8RJ6,Ordinary Share,India Capital Growth (AIM),India Capital Growth; India Capital Growth (AIM); India Capital Growth Fund,B0P8RJ6,B0P8RJ6; GB00B0P8RJ60,2008-12,2026-07,212,India / Indian Subcontinent
SEDOL:B39XCB5,Ordinary Share,Octopus Protected VCT 2,Octopus Apollo VCT 4; Octopus Protected VCT 2,B39XCB5,B39XCB5,2008-12,2012-08,45,VCT Generalist
SEDOL:B1436N6,Ordinary Share,Macau Property Opportunities (AIM),Macau Property Opportunities; Macau Property Opportunities (AIM),B1436N6; BGDYFV6,B1436N6; GB00B1436N68; GG00BGDYFV61,2009-01,2025-10,202,Property - Rest of World
SEDOL:B3KHF28,Ordinary Share,Standard Life UK Smaller Cos Continuation shares,Standard Life UK Smaller Cos Continuation shares,B3KHF28,B3KHF28,2009-02,2009-05,4,UK Smaller Companies
SEDOL:B1Z2SL4,Ordinary Share,Crystal Amber (AIM),Crystal Amber; Crystal Amber (AIM); Crystal Amber Fund,B1Z2SL4,B1Z2SL4; GG00B1Z2SL48,2009-03,2026-07,209,Flexible Investment
SEDOL:B3KVC41,Ordinary Share,Ventus 2 VCT C shares,Ventus 2 VCT C shares; Ventus VCT C shares,B3KVC41; B3KVC52,B3KVC41; B3KVC52; GB00B3KVC412; GB00B3KVC529,2009-03,2021-09,151,VCT Specialist: Environmental
SEDOL:B3L2G07,Ordinary Share,Downing Protected Opportunities VCT 1,Downing FOUR VCT; Downing Protected Opportunities VCT 1; Downing Structured Opportunities VCT 1,B3L2G07,B3L2G07; GB00B3L2G079,2009-04,2016-06,87,VCT Generalist
SEDOL:B3D74S4,Ordinary Share,Downing Protected VCT II C shares,Downing Planned Exit VCT 2 C shares; Downing Protected VCT II C shares; Downing TWO VCT C shares,B3D74S4,B3D74S4; GB00B3D74S43,2009-04,2016-09,90,VCT Generalist
SEDOL:B3D7514,Ordinary Share,Downing Protected VCT III C shares,Downing Planned Exit VCT 3 C shares; Downing Protected VCT III C shares; Downing THREE VCT C shares,B3D7514,B3D7514; GB00B3D75146,2009-04,2016-09,90,VCT Generalist
SEDOL:B3DD233,Ordinary Share,ProVen Growth and Income VCT D shares,ProVen Growth and Income VCT D shares,B3DD233,B3DD233,2009-04,2012-09,42,VCT Generalist
SEDOL:B3DD211,Ordinary Share,ProVen VCT D shares,ProVen VCT D shares,B3DD211,B3DD211,2009-04,2012-09,42,VCT Generalist
SEDOL:B292WH1,Ordinary Share,Ingenious Entertainment VCT 1,Ingenious Entertainment VCT 1,B292WH1,B292WH1,2009-05,2010-08,16,"VCT Specialist: Media, Leisure & Events Pre Qualifying"
SEDOL:B3D0WQ7,Ordinary Share,Ingenious Entertainment VCT 1 C shares,Ingenious Entertainment VCT 1 C shares,B3D0WQ7,B3D0WQ7,2009-05,2010-08,16,"VCT Specialist: Media, Leisure & Events Pre Qualifying"
SEDOL:B292WQ0,Ordinary Share,Ingenious Entertainment VCT 2,Ingenious Entertainment VCT 2,B292WQ0,B292WQ0,2009-05,2010-08,16,"VCT Specialist: Media, Leisure & Events Pre Qualifying"
SEDOL:B3D0WR8,Ordinary Share,Ingenious Entertainment VCT 2 C shares,Ingenious Entertainment VCT 2 C shares,B3D0WR8,B3D0WR8,2009-05,2010-08,16,"VCT Specialist: Media, Leisure & Events Pre Qualifying"
SEDOL:3034868,Ordinary Share,Chrysalis VCT,Chrysalis VCT,3034868,3034868; GB0030348683,2009-06,2020-10,137,VCT Generalist
SEDOL:B1VR2X3,Ordinary Share,FRM Credit Alpha,FRM Credit Alpha,B1VR2X3; B3ZPG02; B4K46K1; B786967,B1VR2X3; B3ZPG02; B4K46K1; B786967,2009-06,2012-02,33,Hedge Funds
SEDOL:B4Z6HJ8,ZDP 2016,Ecofin Water & Power Opportunities,Ecofin Water & Power Opportunities,B4Z6HJ8,B4Z6HJ8; GB00B4Z6HJ81,2009-07,2016-06,84,Split Capital Trust
SEDOL:B1DVQL9,Ordinary Share,MedicX,MedicX,B1DVQL9,B1DVQL9; GG00B1DVQL92,2009-07,2019-02,116,Property Specialist
SEDOL:B0CL3P6,Ordinary Share,T2 Income (AIM),GLI Finance; Greenwich Loan Income; Greenwich Loan Income (AIM); T2 Income (AIM),B0CL3P6,B0CL3P6; GB00B0CL3P62,2009-07,2013-06,48,Sector Specialist: Debt
SEDOL:B3K3HN1,ZDP 2016,Electra Private Equity,Electra Private Equity,B3K3HN1,B3K3HN1; GB00B3K3HN17,2009-08,2016-07,84,Split Capital Trust
SEDOL:B132SB6,Ordinary Share,ING Global Real Estate Securities,ING Global Real Estate Securities; Investors In Global Real Estate; Schroder Global Real Estate Securities,B132SB6,B132SB6; GB00B132SB63,2009-09,2016-04,80,Property Securities
SEDOL:B236KR5,Ordinary Share,PSource Structured Debt,PSource Structured Debt,B236KR5,B236KR5,2009-09,2012-02,30,Sector Specialist: Debt
SEDOL:B40HG88,Ordinary Share,BlackRock Hedge Selector Cash,BlackRock Hedge Selector Cash,B40HG88,B40HG88; JE00B40HG889,2009-10,2013-01,40,Hedge Funds
SEDOL:B42J3Y7,Ordinary Share,BlackRock Hedge Selector UK Emerging,BlackRock Hedge Selector UK Emerging,B42J3Y7,28/02/2013; 29/02/2012; 30/04/2012; 30/04/2013; 30/06/2010; 30/06/2011; 30/06/2012; 30/06/2013; 30/09/2010; 30/09/2012; 30/11/2009; 31/01/2013; 31/05/2010; 31/05/2011; 31/05/2012; 31/07/2010; 31/07/2012; 31/07/2013; 31/08/2010; 31/08/2011; 31/08/2012; 31/10/2009; 31/10/2010; 31/10/2013; 31/12/2009; B42J3Y7; JE00B42J3Y72,2009-10,2014-10,61,Hedge Funds
SEDOL:B0T4LH6,Ordinary Share,HSBC Infrastructure Company,HICL Infrastructure; HSBC Infrastructure Company,B0T4LH6; BJLP1Y7,B0T4LH6; GB00B0T4LH64; GB00BJLP1Y77,2009-10,2026-07,202,Infrastructure
SEDOL:B4LJGB6,B Share,Marwyn Value Investors B shares,Marwyn Value Investors B shares,897M133; B4LJGB6,B4LJGB6; KYG5897M1336,2009-11,2014-10,60,Global Smaller Companies
SEDOL:B2NJD97,Ordinary Share,Acuity VCT 2 C shares,Acuity Growth VCT C shares; Acuity VCT 2 C shares; Foresight 5 VCT C shares,B2NJD97,B2NJD97,2009-12,2011-10,23,VCT Generalist
SEDOL:B4KFM51,Ordinary Share,Albion Development VCT D shares,Albion Development VCT D shares,B4KFM51,B4KFM51; GB00B4KFM511,2009-12,2015-02,63,VCT Generalist
SEDOL:B13YVW4,Ordinary Share,BlueCrest AllBlue,BlueCrest AllBlue; Highbridge Multi-Strategy; Highbridge Tactical Credit,B13YVW4; BL6KH65; BMXD849; BNNFCF1,B13YVW4; GB00B13YVW48; GG00BL6KH658; GG00BMXD8491; GG00BNNFCF17,2009-12,2021-08,141,Hedge Funds
SEDOL:B3QFJX5,Ordinary Share,BlueCrest AllBlue C shares,BlueCrest AllBlue C shares,B3QFJX5; B3Y72K1,B3QFJX5; B3Y72K1,2009-12,2010-07,4,Hedge Funds
SEDOL:B3RX4S8,Ordinary Share,BlueCrest AllBlue Euro C shares,BlueCrest AllBlue Euro C shares,B3RX4S8; B3XGCG5,B3RX4S8; B3XGCG5,2009-12,2010-07,4,Hedge Funds
SEDOL:B13YXC8,Ordinary Share,BlueCrest AllBlue Euro shares,BlueCrest AllBlue Euro; BlueCrest AllBlue Euro shares,B13YXC8,B13YXC8; GB00B13YXC81,2009-12,2014-08,57,Hedge Funds
SEDOL:B3NPKD5,Ordinary Share,BlueCrest AllBlue USD C shares,BlueCrest AllBlue USD C shares,B3NPKD5; B3R7T74,B3NPKD5; B3R7T74,2009-12,2010-07,4,Hedge Funds
SEDOL:B13YXH3,Ordinary Share,BlueCrest AllBlue USD shares,BlueCrest AllBlue USD; BlueCrest AllBlue USD shares,B13YXH3,B13YXH3; GB00B13YXH37,2009-12,2016-01,74,Hedge Funds
SEDOL:B00DDX2,Ordinary Share,Edge Performance VCT E shares,Edge Performance VCT E shares,B00DDX2,B00DDX2; GB00B00DDX23,2009-12,2016-08,81,"VCT Specialist: Media, Leisure & Events"
SEDOL:B5883J0,ZDP 2014,F&C Private Equity B,F&C Private Equity; F&C Private Equity B,B5883J0,B5883J0; GB00B5883J06,2009-12,2014-11,60,Split Capital Trust
SEDOL:B597WD3,Ordinary Share,HSBC Infrastructure Company C shares,HSBC Infrastructure Company C shares,B4TB120; B597WD3,B4TB120; B597WD3,2009-12,2010-12,2,Sector Specialist: Infrastructure
SEDOL:B1W3VF5,Ordinary Share,Sirius Real Estate (AIM),Sirius Real Estate (AIM),B1W3VF5,B1W3VF5,2009-12,2011-10,23,Property Direct - Europe
SEDOL:B4VR3D1,Ordinary Share,Downing Planned Exit VCT 2 D shares,Downing Planned Exit VCT 2 D shares; Downing TWO VCT D shares,B4VR3D1,B4VR3D1; GB00B4VR3D16,2010-01,2017-11,95,VCT Generalist
SEDOL:B4V7FP7,Ordinary Share,Downing Planned Exit VCT 3 D shares,Downing Planned Exit VCT 3 D shares; Downing THREE VCT D shares,B4V7FP7,B4V7FP7; GB00B4V7FP75,2010-01,2017-11,95,VCT Generalist
SEDOL:B4MGR24,Ordinary Share,Downing Structured Opportunities VCT 1 B shares,Downing FOUR VCT B shares; Downing Structured Opportunities VCT 1 B shares; Downing Structured Opportunities VCT 1 B shs,B4MGR24,B4MGR24; GB00B4MGR241,2010-01,2018-03,99,VCT Generalist
SEDOL:B588594,Ordinary Share,Better Capital (AIM),Better Capital; Better Capital (AIM); Better Capital 2009,B588594; BYXP9G8,B588594; GG00B5885941; GG00BYXP9G82,2010-03,2020-04,122,Private Equity
SEDOL:B560SW6,Ordinary Share,Edge Performance VCT F shares,Edge Performance VCT F shares,B560SW6,B560SW6; GB00B560SW69,2010-03,2016-08,78,"VCT Specialist: Media, Leisure & Events"
SEDOL:B61M8H9,Ordinary Share,Foresight 2 VCT Planned Exit shares,Foresight 2 VCT Planned Exit shares,B61M8H9,B61M8H9; GB00B61M8H90,2010-03,2015-11,69,VCT Generalist
SEDOL:B61K7Y3,Ordinary Share,Foresight VCT Planned Exit shares,Foresight VCT Planned Exit shares,B61K7Y3,B61K7Y3; GB00B61K7Y37,2010-03,2017-11,93,VCT Generalist
SEDOL:3367456,Ordinary Share,ISIS Property,ISIS Property,3367456,3367456; GB0033674564,2010-03,2013-03,37,Property Direct - UK
SEDOL:B4WLXD2,ZDP 2017,Aberforth Geared Income,Aberforth Geared Income,B4WLXD2,B4WLXD2; GB00B4WLXD25,2010-04,2017-05,86,Split Capital Trust
SEDOL:B4TR344,Ordinary Income,Aberforth Geared Income,Aberforth Geared Income,B4TR344,B4TR344; GB00B4TR3444,2010-04,2017-05,86,Split Capital Trust
SEDOL:B61LT73,Ordinary Share,Downing Distribution VCT 1,Downing Distribution VCT 1; Downing ONE VCT; Foresight Ventures VCT; Thames Ventures VCT 1,B61LT73; BFRSVQ4; BRBQ0C7,B61LT73; GB00B61LT734; GB00BFRSVQ41; GB00BRBQ0C76,2010-04,2026-07,196,VCT
SEDOL:B62Z3C7,Ordinary Share,Fidelity China Special Situations,Fidelity China Special Situations,B62Z3C7,B62Z3C7; GB00B62Z3C74,2010-04,2026-07,196,China / Greater China
SEDOL:B602HS4,Ordinary Share,JPMorgan Brazil,JPMorgan Brazil,B602HS4,B602HS4; GB00B602HS43,2010-04,2020-10,127,Country Specialist: Latin America
SEDOL:B4N5LG2,Ordinary Share,HarbourVest Senior Loans Europe,HarbourVest Senior Loans Europe,B4N5LG2,B4N5LG2; GG00B4N5LG23,2010-05,2014-10,54,Global High Income
SEDOL:B42T325,Ordinary Share,Octopus VCT,Octopus VCT,B42T325,B42T325; GB00B42T3254,2010-05,2014-10,54,VCT Generalist
SEDOL:B0HW536,Ordinary Share,Queen's Walk Investment,Queen's Walk Investment; Real Estate Credit Investments,B0HW536,B0HW536; GB00B0HW5366,2010-05,2026-07,195,Property - Debt
SEDOL:B3L9RC7,Ordinary Share,El Oro,El Oro,B3L9RC7; B4MXPQ5; B6T0TM7; B77Q719,B3L9RC7; B4MXPQ5; B6T0TM7; GG00B77Q7194,2010-06,2015-09,64,Sector Specialist: Commodities & Natural Resources
SEDOL:B5467F2,Ordinary Share,Octopus Titan VCT 4,Octopus Titan VCT 4,B5467F2,B5467F2; GB00B5467F20,2010-06,2014-10,53,VCT Generalist
SEDOL:B6832P1,Ordinary Share,Polar Capital Global Healthcare Growth & Income,Polar Capital Global Healthcare; Polar Capital Global Healthcare Growth & Income,B6832P1,B6832P1; GB00B6832P16,2010-06,2026-07,194,Biotechnology & Healthcare
SEDOL:B6686L2,Ordinary Share,Baker Steel Resources,Baker Steel Resources; Baker Steel Resources Trust,B6686L2,B6686L2; GG00B6686L20,2010-07,2026-07,136,Commodities & Natural Resources
SEDOL:B4K0JB1,Ordinary Share,Downing Absolute Income VCT 2,Downing Absolute Income VCT 2,B4K0JB1,B4K0JB1; GB00B4K0JB10,2010-07,2013-10,40,VCT Generalist
SEDOL:B5ZZY91,Ordinary Share,JPMorgan Global Emerging Markets Income,JPMorgan Emerging Markets Dividend Income; JPMorgan Global Emerging Markets Income,B5ZZY91,B5ZZY91; GB00B5ZZY915,2010-07,2026-07,193,Global Emerging Markets
SEDOL:B44ZTP6,Ordinary Share,Aberdeen Latin American Income,Aberdeen Latin American Income; abrdn Latin American Income,B44ZTP6,B44ZTP6; JE00B44ZTP62,2010-08,2023-05,154,Latin America
SEDOL:B598LZ1,Ordinary Share,Ingenious Entertainment VCT 1 D shares,Ingenious Entertainment VCT 1 D shares,B598LZ1,B598LZ1,2010-08,2010-08,1,"VCT Specialist: Media, Leisure & Events Pre Qualifying"
SEDOL:B59YCM3,Ordinary Share,Ingenious Entertainment VCT 2 D shares,Ingenious Entertainment VCT 2 D shares,B59YCM3,B59YCM3,2010-08,2010-08,1,"VCT Specialist: Media, Leisure & Events Pre Qualifying"
SEDOL:B3ZY353,Ordinary Share,TP10 VCT,TP10 VCT,B3ZY353,B3ZY353; GB00B3ZY3539,2010-08,2014-09,50,VCT Generalist
SEDOL:B3BVWS4,Ordinary Share,TP5 VCT,TP5 VCT,B3BVWS4,B3BVWS4; GB00B3BVWS49,2010-08,2014-08,49,VCT Generalist
SEDOL:B3YSKP5,Ordinary Share,TP5 VCT B shares,TP5 VCT B shares,B3YSKP5,B3YSKP5; GB00B3YSKP51,2010-08,2014-08,49,VCT Generalist
SEDOL:B29KPN2,Ordinary Share,TP70 2008 (I) VCT,TP Income VCT; TP70 2008 (I) VCT; Triple Point Income VCT,B29KPN2,B29KPN2; GB00B29KPN29,2010-08,2018-08,97,VCT Generalist
SEDOL:B29KPP4,Ordinary Share,TP70 2008 (II) VCT,TP70 2008 (II) VCT,B29KPP4,B29KPP4,2010-08,2012-10,27,VCT Generalist
SEDOL:B1KBGF6,Ordinary Share,TP70 VCT,TP70 VCT,B1KBGF6,B1KBGF6,2010-08,2011-09,14,VCT Generalist
SEDOL:B4VQX50,Ordinary Share,BlackRock Commodities Income C shares,BlackRock Commodities Income C shares,B4VQX50,B4VQX50,2010-09,2010-10,2,Sector Specialist: Commodities and Natural Resources
SEDOL:B4QHGL5,Ordinary Share,Castle Alternative Invest,Castle Alternative Invest,0509275; B4QHGL5,B4QHGL5; CH0005092751,2010-09,2013-12,40,Hedge Funds
SEDOL:B6173J1,Ordinary Share,GCP Infrastructure Investments,GCP Infrastructure Investments,B6173J1,B6173J1; JE00B6173J15,2010-09,2026-07,191,Infrastructure
SEDOL:B4XR6J6,Ordinary Share,TP70 2010 VCT,TP70 2010 VCT,B4XR6J6,B4XR6J6; GB00B4XR6J62,2010-09,2014-09,49,VCT Generalist
SEDOL:B1YQ6R9,Ordinary Share,Third Point Offshore Investors (Chpt 14),Third Point Offshore Investors; Third Point Offshore Investors (Chpt 14),B1YQ6R9,B1YQ6R9; GG00B1YQ6R97,2010-11,2018-06,92,Hedge Funds
SEDOL:B1YQ6Y6,Ordinary Share,Third Point Offshore Investors Euro (Chpt 14),Third Point Offshore Investors Euro; Third Point Offshore Investors Euro (Chpt 14),B1YQ6Y6,B1YQ6Y6; GG00B1YQ6Y64,2010-11,2014-02,40,Hedge Funds
SEDOL:B1YQ721,Ordinary Share,Third Point Offshore Investors USD (Chpt 14),Third Point Investors; Third Point Offshore Investors; Third Point Offshore Investors USD; Third Point Offshore Investors USD (Chpt 14),B1YQ721,B1YQ721; GG00B1YQ7219,2010-11,2025-08,178,Hedge Funds
SEDOL:B1W59J1,Ordinary Share,Advance Frontier Markets (AIM),Aberdeen Frontier Markets; Advance Frontier Markets; Advance Frontier Markets (AIM),B1W59J1,B1W59J1; GG00B1W59J17,2010-12,2020-07,116,Global Emerging Markets
SEDOL:B4XV933,Ordinary Share,BH Credit Catalysts,BH Credit Catalysts; DW Catalyst; DW Catalyst Offshore,B4XV933,B4XV933; GG00B4XV9331,2010-12,2017-06,79,Hedge Funds
SEDOL:B4T5WS5,Ordinary Share,BH Credit Catalysts USD,BH Credit Catalysts USD; DW Catalyst Offshore USD; DW Catalyst USD,B4T5WS5,B4T5WS5; GG00B4T5WS56,2010-12,2016-03,64,Hedge Funds
SEDOL:B3SXM83,Ordinary Share,BlackRock Frontiers,BlackRock Frontiers,B3SXM83,B3SXM83; GB00B3SXM832,2010-12,2026-07,188,Global Emerging Markets
SEDOL:B5B3RG7,Ordinary Share,CQS Diversified,CQS Diversified,B5B3RG7,B5B3RG7; GG00B5B3RG70,2010-12,2015-01,50,Hedge Funds
SEDOL:B5WDRR7,Ordinary Share,CQS Diversified USD,CQS Diversified USD,B5WDRR7,B5WDRR7; GG00B5WDRR74,2010-12,2014-08,45,Hedge Funds
SEDOL:B1VVFG9,Ordinary Share,Global Special Opportunities,Global Special Opportunities,B1VVFG9,B1VVFG9,2010-12,2010-12,1,Split Capital Trust
SEDOL:B4M2G81,Ordinary Share,Hazel Renewable Energy VCT 1,Gresham House Renewable Energy VCT 1; Hazel Renewable Energy VCT 1,B4M2G81,B4M2G81; GB00B4M2G812,2011-01,2021-10,130,VCT Specialist: Environmental
SEDOL:B43GVJ8,Ordinary Share,Hazel Renewable Energy VCT 2,Gresham House Renewable Energy VCT 2; Hazel Renewable Energy VCT 2,B43GVJ8,B43GVJ8; GB00B43GVJ82,2011-01,2021-10,130,VCT Specialist: Environmental
SEDOL:B4ZWPH0,Ordinary Share,John Laing Infrastructure,John Laing Infrastructure,B4ZWPH0,B4ZWPH0; GG00B4ZWPH08,2011-01,2018-09,93,Sector Specialist: Infrastructure
NAME:fidelity china special situations c|ordinary share,Ordinary Share,Fidelity China Special Situations C shares,Fidelity China Special Situations C shares,,,2011-02,2011-02,1,Country Specialists: Asia Pacific
SEDOL:B15FW33,Ordinary Share,Geiger Counter,Geiger Counter,B15FW33,B15FW33; GB00B15FW330,2011-02,2026-07,186,Commodities & Natural Resources
SEDOL:B4M5KX3,Ordinary Share,Impax Asian Enviromental Markets,Impax Asian Enviromental Markets; Impax Asian Environmental Markets,B4M5KX3,B4M5KX3; GB00B4M5KX38,2011-02,2013-07,30,Asia Pacific - Excluding Japan
SEDOL:B64GWK9,Ordinary Share,NB Distressed Debt,NB Distressed Debt,B64GWK9; BDB6PT1; BDFZ6F7; BF52R04; BG5NC87; BJ05NQ4; BLT1SN9; BPT2C72; BSNLHB5; BVYQ6F7; BX1BBW1; BYRKJ92; BYT2S11; BYVJWD0; BYVZ164; BZBXBX2,B64GWK9; GG00B64GWK95; GG00BDB6PT19; GG00BDFZ6F78; GG00BF52R043; GG00BG5NC876; GG00BJ05NQ40; GG00BLT1SN95; GG00BPT2C729; GG00BSNLHB54; GG00BVYQ6F70; GG00BX1BBW13; GG00BYRKJ926; GG00BYT2S112; GG00BYVJWD00; GG00BYVZ1647; GG00BZBXBX22,2011-02,2025-09,176,Debt - Loans & Bonds
NAME:cqs natural resources growth and income|ordinary share,Ordinary Share,City Natural Resources High Yield,CQS Natural Resources Growth & Income; City Natural Resources High Yield,0035392,0035392; 35392; GB0000353929,2011-03,2026-07,185,Commodities & Natural Resources
SEDOL:B628S54,Ordinary Share,Duet Real Estate Finance,Duet Real Estate Finance,B628S54,B628S54; GG00B628S547,2011-03,2016-11,69,Sector Specialist: Debt
SEDOL:B3WQ8G8,Ordinary Share,CATCo Reinsurance Opportunities,CATCo Reinsurance Opportunities,961Q100; 961Q126; 961Q175; 961Q183; 961Q209; 961Q217; 961Q258; 961Q274; B3WQ8G8,B3WQ8G8; BMG1961Q1006; BMG1961Q1261; BMG1961Q1758; BMG1961Q1832; BMG1961Q2095; BMG1961Q2178; BMG1961Q2582; BMG1961Q2749,2011-04,2021-09,126,Insurance & Reinsurance Strategies
SEDOL:B65TLW2,Ordinary Share,Diverse Income Trust,Diverse Income Trust,B65TLW2,B65TLW2; GB00B65TLW28,2011-04,2026-05,182,UK Equity Income
SEDOL:B52Y963,Ordinary Share,Downing Absolute Income VCT 1 C shares,Downing Absolute Income VCT 1 C shares,B52Y963,B52Y963; GB00B52Y9632,2011-04,2013-10,31,VCT Generalist
SEDOL:B4LQCP3,Ordinary Share,Edge Performance VCT G shares,Edge Performance VCT G shares,B4LQCP3,B4LQCP3; GB00B4LQCP32,2011-04,2016-08,65,"VCT Specialist: Media, Leisure & Events"
SEDOL:B3PHCS8,Ordinary Share,Henderson International Income,Henderson International Income,B3PHCS8,B3PHCS8; GB00B3PHCS86,2011-04,2025-04,169,Global Equity Income
SEDOL:B3X2PV9,Ordinary Share,JPMorgan Global Emerging Markets Income C shares,JPMorgan Global Emerging Markets Income C shares,B3X2PV9,B3X2PV9,2011-04,2011-04,1,Global Emerging Markets
SEDOL:B07V0R2,ZDP 2013,JPMorgan Private Equity,JPMorgan Private Equity,B07V0R2,B07V0R2; GB00B07V0R25,2011-04,2013-03,24,Split Capital Trust
SEDOL:B00DDT8,ZDP 2015,JPMorgan Private Equity,JPMorgan Private Equity,B00DDT8,B00DDT8; GG00B00DDT81,2011-04,2015-09,54,Split Capital Trust
SEDOL:B07V0H2,Ordinary Income,JPMorgan Private Equity,JPEL Private Equity; JPMorgan Private Equity,B07V0H2; BD25J51; BF1F1F0; BFMX1M0; BKTRF39; BM8B8T3; BMDQPC5; BMFD2F6; BNDVXN4; BPSMLX2; BS82YQ7; BVPBWF3; BYVQ4H9; BYWVH41,B07V0H2; GB00B07V0H27; GG00BD25J512; GG00BF1F1F02; GG00BFMX1M05; GG00BKTRF395; GG00BM8B8T38; GG00BMDQPC56; GG00BMFD2F62; GG00BNDVXN48; GG00BPSMLX26; GG00BS82YQ75; GG00BVPBWF31; GG00BYVQ4H96; GG00BYWVH414,2011-04,2026-07,184,Private Equity
SEDOL:B3KX4Q3,Ordinary Share,NB Global Floating Rate Income,NB Global Floating Rate Income; NB Global Floating Rate Income USD; NB Global Monthly Income; NB Global Monthly Income Fund,B3KX4Q3; BLPNMH1; BNNJMX1; BP0XL11; BQT33Y6; BQT48T9; BQWPBN4; BRJTP89,B3KX4Q3; GG00B3KX4Q34; GG00BLPNMH13; GG00BNNJMX19; GG00BP0XL116; GG00BQT33Y66; GG00BQT48T90; GG00BQWPBN46; GG00BRJTP891,2011-04,2024-06,159,Debt - Loans & Bonds
SEDOL:B3P7S35,Ordinary Share,NB Global Floating Rate Income USD,NB Global Floating Rate Income; NB Global Floating Rate Income USD,B3P7S35,B3P7S35; GG00B3P7S359,2011-04,2020-06,111,Debt - Loans & Bonds
SEDOL:B3SD2L6,Ordinary Share,Octopus VCT 2,Octopus VCT 2,B3SD2L6,B3SD2L6; GB00B3SD2L64,2011-04,2015-12,49,VCT Generalist
SEDOL:B231Q83,Ordinary Share,Vietnam Infrastructure (AIM),Vietnam Infrastructure (AIM),B231Q83,B231Q83,2011-04,2012-03,12,Sector Specialist: Infrastructure
SEDOL:B4QDLR4,Ordinary Share,CATCo Reinsurance Opportunities C shares,Blackstone/GSO Loan Financing C shares; CATCo Reinsurance Opportunities C; CATCo Reinsurance Opportunities C Shares; CATCo Reinsurance Opportunities C shares,961Q142; 961Q159; B4QDLR4,B4QDLR4; BMG1961Q1428; BMG1961Q1592,2011-05,2020-12,70,Insurance & Reinsurance Strategies
SEDOL:B5BB891,Ordinary Share,Downing Planned Exit VCT 2011,Downing FOUR VCT 2011 General shares; Downing Planned Exit VCT 2011,B5BB891; BWX5384,B5BB891; GB00B5BB8911; GB00BWX53847,2011-05,2017-10,78,VCT Generalist
SEDOL:B576CP4,Ordinary Share,Downing Planned Exit VCT 2011 Low Carbon shares,Downing FOUR VCT 2011 Low Carbon shares; Downing Planned Exit VCT 2011 Low Carbon shares; Downing Planned Exit VCT 2011 Low Carbon shs,B576CP4; BWX5395,B576CP4; GB00B576CP43; GB00BWX53953,2011-05,2018-03,83,VCT Generalist
SEDOL:B59C119,Ordinary Share,Downing Planned Exit VCT 2011 Structured shares,Downing FOUR VCT 2011 Structured shares; Downing Planned Exit VCT 2011 Structured shares; Downing Planned Exit VCT 2011 Structured shs,B59C119; BWX53B7,B59C119; GB00B59C1190; GB00BWX53B77,2011-05,2017-10,78,VCT Generalist
SEDOL:B6883D1,Ordinary Share,HarbourVest Senior Loans Europe C shares,HarbourVest Senior Loans Europe C shares,B6883D1,B6883D1,2011-05,2011-11,7,Global High Income
SEDOL:B67CCM6,Ordinary Share,Octopus Titan VCT 5,Octopus Titan VCT 5,B67CCM6,B67CCM6; GB00B67CCM69,2011-07,2014-10,40,VCT Generalist
SEDOL:B5LVKC8,Ordinary Share,Renaissance Russia Infrastructure Equities,Renaissance Russia Infrastructure Equities,B5LVKC8,B5LVKC8,2011-07,2012-06,12,Sector Specialist: Infrastructure
SEDOL:B29Q2M8,Ordinary Share,International Oil & Gas Technology (Chpt 14),International Oil & Gas Technology; International Oil & Gas Technology (Chpt 14),B29Q2M8,B29Q2M8; GG00B29Q2M88,2011-08,2014-11,40,Sector Specialist: Commodities & Natural Resources
SEDOL:B54ST29,Ordinary Share,Triple Point VCT 2011,Triple Point VCT 2011,B54ST29,B54ST29; GB00B54ST296,2011-08,2017-12,77,VCT Generalist
SEDOL:B4TC8Z5,Ordinary Share,Forest Company,Forest Company,B4TC8Z5,B4TC8Z5; GG00B4TC8Z57,2011-09,2019-11,99,Forestry & Timber
SEDOL:B5N4JV7,ZDP 2017,JPMorgan Private Equity,JPEL Private Equity; JPMorgan Private Equity,B5N4JV7,B5N4JV7; GG00B5N4JV75,2011-09,2017-09,73,Split Capital Trust
SEDOL:B0Z52Y7,Ordinary Share,Aurora Russia (AIM),Aurora Russia; Aurora Russia (AIM),B0Z52Y7,B0Z52Y7,2011-10,2013-01,16,Private Equity
SEDOL:B6YSJD7,Ordinary Share,NB Global Floating Rate Income C shares,NB Global Floating Rate Income C shares,B6YSJD7; B818G44; BDD2746,B6YSJD7; GG00B818G440; GG00BDD27461,2011-10,2013-12,10,Sector Specialist: Debt
SEDOL:B4WNWJ7,Ordinary Share,NB Global Floating Rate Income USD C shares,NB Global Floating Rate Income USD C shares,B4WNWJ7,B4WNWJ7,2011-10,2011-12,3,Sector Specialist: Debt
SEDOL:B6QWXM4,Ordinary Share,Bilfinger Berger Global Infrastructure Sicav S.A.,BBGI Global Infrastructure S.A.; BBGI SICAV S.A.; Bilfinger Berger Global Infrastructure Sicav S.A.,8655005; B6QWXM4,B6QWXM4; LU0686550053,2011-12,2025-05,162,Infrastructure
SEDOL:B6SRCQ4,Ordinary Share,GCP Infrastructure Investments C shares,GCP Infrastructure Investments C shares,B6SRCQ4; B8GM942; BJT12C2,B6SRCQ4; B8GM942; JE00B8GM9429; JE00BJT12C24,2011-12,2014-07,16,Sector Specialist: Infrastructure
SEDOL:B7GHFN1,Ordinary Share,Aberdeen Latin American Income C shares,Aberdeen Latin American Income C shares,B7GHFN1,B7GHFN1,2012-01,2012-03,3,Latin America
NAME:barramundi|ordinary share,Ordinary Share,Barramundi,Barramundi,,0,2012-01,2012-09,9,Country Specialists: Asia Pacific
SEDOL:B4N1RV7,Ordinary Share,Better Capital 2012,Better Capital 2012,B4N1RV7,B4N1RV7; GG00B4N1RV71,2012-01,2020-04,100,Private Equity
SEDOL:B6X5T17,ZDP 2018,Utilico Investments,UIL; Utilico Investments,1610116; 3126137; B6X5T17,B6X5T17; BMG916101162; BMG931261371,2012-01,2018-09,81,Flexible Investment
SEDOL:B1FBT07,Ordinary Share,Yatra Capital,Yatra Capital; Yatra Capital (Euronext),B1FBT07,B1FBT07; JE00B1FBT077,2012-01,2017-08,68,Property Direct - Asia Pacific
SEDOL:B6116N8,Ordinary Share,Alcentra European Floating Rate Income,Alcentra European Floating Rate Income,B6116N8; BL64994; BN4CFL8,B6116N8; GG00B6116N85; GG00BL649943; GG00BN4CFL84,2012-02,2020-10,105,Debt - Loans & Bonds
SEDOL:B7173K9,Ordinary Share,Foresight 4 VCT C shares,Foresight 4 VCT C shares,B7173K9,B7173K9; GB00B7173K99,2012-02,2015-07,42,VCT Generalist
SEDOL:B2PKXF4,Ordinary Share,New City Energy,New City Energy,B2B0SY2; B2PKXF4,B2PKXF4; JE00B2B0SY27,2012-02,2017-02,61,Sector Specialist: Commodities & Natural Resources
SEDOL:B7690L0,Ordinary Share,Downing Income VCT 3 E shares,Downing Income VCT 3 E shares,B7690L0,B7690L0; GB00B7690L01,2012-03,2013-10,20,VCT AIM Quoted Pre Qualifying
SEDOL:B6ZS0J9,Ordinary Share,Downing Planned Exit VCT 2 F shares,Downing Planned Exit VCT 2 F shares; Downing TWO VCT F shares,B6ZS0J9,B6ZS0J9; GB00B6ZS0J90,2012-03,2021-02,108,VCT Generalist
SEDOL:B6ZS1P2,Ordinary Share,Downing Planned Exit VCT 3 F shares,Downing Planned Exit VCT 3 F shares; Downing THREE VCT F shares,B6ZS1P2,B6ZS1P2; GB00B6ZS1P26,2012-03,2021-02,108,VCT Generalist
SEDOL:B6QPQ46,Ordinary Share,Downing Structured Opportunities VCT 1 D shs,Downing FOUR VCT D shares; Downing Structured Opportunities VCT 1 D shs; Thames Ventures VCT 2 D shares,B6QPQ46,B6QPQ46; GB00B6QPQ463,2012-03,2024-02,144,VCT Generalist
SEDOL:B5M3H11,Ordinary Share,Foresight 2 VCT Infrastructure shares,Foresight 2 VCT Infrastructure shares,B5M3H11,B5M3H11; GB00B5M3H114,2012-03,2015-11,45,VCT Specialist: Infrastructure
SEDOL:B45M5X6,Ordinary Share,Foresight VCT Infrastructure shares,Foresight VCT Infrastructure shares,B45M5X6,B45M5X6; GB00B45M5X62,2012-03,2017-11,69,VCT Specialist: Infrastructure
SEDOL:B5SNML0,Ordinary Share,HICL Infrastructure C shares,HICL Infrastructure C shares,B5SNML0,B5SNML0,2012-03,2012-03,1,Sector Specialist: Infrastructure
SEDOL:B44VMB1,Ordinary Share,Edge Performance VCT H shares,Edge Performance VCT H shares,B44VMB1,B44VMB1; GB00B44VMB16,2012-04,2016-08,53,"VCT Specialist: Media, Leisure & Events"
SEDOL:B5B6VC0,Ordinary Share,Edge Performance VCT I shares,Edge Performance VCT I shares,B5B6VC0,B5B6VC0; GB00B5B6VC05,2012-04,2016-08,53,"VCT Specialist: Media, Leisure & Events"
SEDOL:B4KQKM7,Ordinary Share,Octopus VCT 3,Octopus VCT 3,B4KQKM7,B4KQKM7; GB00B4KQKM77,2012-04,2017-10,67,VCT Specialist: Environmental
SEDOL:B6QM2B6,Ordinary Share,Octopus VCT 4,Octopus VCT 4,B6QM2B6,B6QM2B6; GB00B6QM2B64,2012-04,2017-10,67,VCT Specialist: Environmental
SEDOL:B7DZCC6,Ordinary Share,DCG IRIS,DCG IRIS,B7DZCC6,B7DZCC6; GG00B7DZCC65,2012-06,2014-09,28,Sector Specialist: Insurance & Reinsurance Strategies
SEDOL:B7ZZ0Y2,Ordinary Share,Diverse Income Trust C shares,Diverse Income Trust C shares,B7ZZ0Y2; B84G601; BLTVC93,B7ZZ0Y2; B84G601; GB00B84G6012; GB00BLTVC930,2012-07,2014-09,9,UK Equity Income
SEDOL:B8FJ579,ZDP 2018,Small Companies Dividend,Chelverton Small Companies Dividend; Small Companies Dividend,B8FJ579,B8FJ579; GB00B8FJ5797,2012-08,2017-12,65,Split Capital Trust
SEDOL:B54BPN1,Ordinary Share,Altus Resource Capital,Altus Resource Capital,B54BPN1,B54BPN1; GG00B54BPN15,2012-09,2013-09,13,Sector Specialist: Commodities & Natural Resources
SEDOL:B7W0XJ6,Ordinary Share,BlackRock North American Income,BlackRock American Income; BlackRock North American Income; BlackRock Sustainable American Income,B7W0XJ6,B7W0XJ6; GB00B7W0XJ61,2012-10,2026-07,166,North America
SEDOL:B8N2KC0,ZDP 2016,Picton Property Income,Picton Property Income,B8N2KC0,B8N2KC0; GG00B8N2KC06,2012-10,2016-09,48,Split Capital Trust
SEDOL:B841RZ8,Ordinary Share,Aberdeen Asian Income C Shares,Aberdeen Asian Income C Shares; Aberdeen Asian Income C shares,B841RZ8,B841RZ8,2012-11,2013-01,3,Asia Pacific - Excluding Japan
SEDOL:B8Y6MG9,Ordinary Share,Alcentra European Floating Rate Income C shares,Alcentra European Floating Rate Income C shares,B8Y6MG9,B8Y6MG9,2012-12,2013-01,2,Sector Specialist: Debt
SEDOL:B7TT4M6,Ordinary Share,Blue Capital Global Reinsurance,Blue Capital Alternative Income; Blue Capital Global Reinsurance; Blue Capital Global Reinsurance Fund,189R104; B7TT4M6,B7TT4M6; BMG1189R1043,2012-12,2018-06,67,Sector Specialist: Insurance & Reinsurance Strategies
SEDOL:B8H75C6,Ordinary Share,DCG IRIS C shares,DCG IRIS C shares,B8H75C6,B8H75C6; GG00B8H75C65,2012-12,2013-02,3,Sector Specialist: Insurance & Reinsurance Strategies
SEDOL:B79WC10,Ordinary Share,Starwood European Real Estate Finance,Starwood European Real Estate Finance,B79WC10; BP6VJD7; BPGJYV4; BPLZ2K2; BQRGMH3; BQWPBM3; BRC3R37; BT8PBR3; BTZJM64; BW5S7K1; BW9KGG2,B79WC10; GG00B79WC100; GG00BP6VJD72; GG00BPGJYV48; GG00BPLZ2K28; GG00BQRGMH31; GG00BQWPBM39; GG00BRC3R375; GG00BT8PBR31; GG00BTZJM644; GG00BW5S7K10; GG00BW9KGG29,2012-12,2026-01,158,Property - Debt
SEDOL:B4L0PD4,Participating Pref Share,Genesis Emerging Markets,Fidelity Emerging Markets; Genesis Emerging Markets; Genesis Emerging Markets Fund,B4L0PD4,GG00B4L0PD47,2013-02,2026-07,160,Global Emerging Markets
SEDOL:B8C23S8,Ordinary Share,ICG-Longbow Senior Secured UK Property Debt Inv,ICG-Longbow Senior Secured UK Property Debt Inv; ICG-Longbow Senior Secured UK Property Debt Invest,B8C23S8,GG00B8C23S81,2013-02,2026-07,162,Property - Debt
SEDOL:B90J5Z9,Ordinary Share,TwentyFour Income,TwentyFour Income; TwentyFour Income Fund,B90J5Z9,GG00B90J5Z95,2013-02,2026-07,162,Debt - Structured Finance
SEDOL:B8P59C0,Ordinary Share,BACIT,BACIT; Syncona,B8P59C0,GG00B8P59C08,2013-03,2026-07,51,Biotechnology & Healthcare
SEDOL:B8SC6K5,Ordinary Share,Greencoat UK Wind,Greencoat UK Wind,B8SC6K5,GB00B8SC6K54,2013-03,2026-07,161,Renewable Energy Infrastructure
SEDOL:B8Y7CS4,Ordinary Share,Downing Planned Exit VCT 2 G shares,Downing Planned Exit VCT 2 G shares; Downing TWO VCT G shares,B8Y7CS4,GB00B8Y7CS47,2013-04,2021-02,95,VCT Generalist
SEDOL:B97F2L5,Ordinary Share,Maven Income & Growth VCT 4 C shares,Maven Income & Growth VCT 4 C shares; Maven Income and Growth VCT 4 C shares,B97F2L5,GB00B97F2L56,2013-04,2014-08,17,VCT Generalist Pre Qualifying
SEDOL:B9CBV55,Ordinary Share,NB Distressed Debt Extended Life shares,NB Distressed Debt Extended Life shares,B9CBV55; BDB6Q10; BDFZ6C4; BF2B4Y7; BF2N2B6; BF52QZ2; BFZ5JL8; BG0QZP9; BG5NC98; BJ05NR5; BKP4Y71; BKVDG87; BMBL6D0; BMY7163; BNTXRC1; BPNZ1C5; BPT2C94; BQWN644; BR88RQ9; BRZRVJ0; BVYQ6B3; BX1BC51; BYP25X6; BYRKJM5; BYT2S33; BYVJWF2; BZ001B2; BZBXBY3,GG00B9CBV553; GG00BDB6Q104; GG00BDFZ6C48; GG00BF2B4Y78; GG00BF2N2B64; GG00BF52QZ26; GG00BFZ5JL85; GG00BG0QZP96; GG00BG5NC983; GG00BJ05NR56; GG00BKP4Y710; GG00BKVDG878; GG00BMBL6D05; GG00BMY71631; GG00BNTXRC15; GG00BPNZ1C58; GG00BPT2C943; GG00BQWN6441; GG00BR88RQ95; GG00BRZRVJ00; GG00BVYQ6B33; GG00BX1BC515; GG00BYP25X61; GG00BYRKJM58; GG00BYT2S336; GG00BYVJWF24; GG00BZ001B27; GG00BZBXBY39,2013-04,2025-09,150,Debt - Loans & Bonds
SEDOL:B1Z4070,Ordinary Share,Qatar Investment,Gulf Investment; Gulf Investment Fund; Qatar Investment,B1Z4070,IM00B1Z40704,2013-04,2024-09,138,Global Emerging Markets
SEDOL:B8BQXB4,Ordinary Share,Triple Point Income VCT B shares,Triple Point Income VCT B shares,B8BQXB4,GB00B8BQXB49,2013-04,2013-09,6,VCT Generalist Pre Qualifying
SEDOL:0121600,Ordinary Share,Henderson Value,Henderson Alternative Strategies; Henderson Value,0121600,GB0001216000,2013-05,2020-08,88,Flexible Investment
SEDOL:B9MRHZ5,Ordinary Share,CVC Credit Partners European Opportunities,CVC Credit Partners European Opportunities; CVC Credit Partners European Opps; CVC Income & Growth,B9MRHZ5,JE00B9MRHZ51,2013-06,2026-07,158,Debt - Loans & Bonds
SEDOL:B9G79F5,Ordinary Share,CVC Credit Partners European Opportunities Euro,CVC Credit Partners European Opportunities; CVC Credit Partners European Opportunities Euro; CVC Credit Partners European Opps; CVC Credit Partners European Opps Euro; CVC Income & Growth,B9G79F5,JE00B9G79F59,2013-06,2026-07,158,Debt - Loans & Bonds
SEDOL:B96SW59,Ordinary Share,JPMorgan Global Convertibles Income,JPMorgan Global Convertibles Income,B96SW59,GG00B96SW597,2013-06,2019-09,76,Debt - Loans & Bonds
SEDOL:BBBSB40,Ordinary Share,BlackRock Frontiers C shares,BlackRock Frontiers C shares,BBBSB40; BD5GQJ4; BZ4T784,GB00BBBSB408; GB00BD5GQJ41; GB00BZ4T7848,2013-07,2018-12,5,Global Emerging Markets
SEDOL:BB0RDB9,Ordinary Share,Bluefield Solar Income Fund,Bluefield Solar Income Fund,BB0RDB9,GG00BB0RDB98,2013-07,2026-07,157,Renewable Energy Infrastructure
SEDOL:B979FD0,Ordinary Share,Globalworth Real Estate Investments,Globalworth Real Estate Investments,B979FD0,GG00B979FD04,2013-07,2016-10,40,Property Direct - Europe
SEDOL:B9XQT11,Ordinary Share,Polar Capital Global Financials,Polar Capital Global Financials,B9XQT11,GB00B9XQT119,2013-07,2026-07,157,Financials & Financial Innovation
SEDOL:B4W1FT2,ZDP 2017,Acorn Income,Acorn Income,B4W1FT2,GG00B4W1FT21,2013-09,2016-12,40,Split Capital Trust
SEDOL:0482943,Ord Income,Acorn Income,Acorn Income,0482943,GB0004829437,2013-09,2021-08,96,UK Equity & Bond Income
SEDOL:B40PR12,Ordinary Share,Puma VCT 8,Puma VCT 8,B40PR12,GB00B40PR121,2013-09,2017-09,49,VCT Generalist
SEDOL:B73D8H7,Ordinary Share,Puma VCT 9,Puma VCT 9,B73D8H7,GB00B73D8H78,2013-09,2018-07,59,VCT Generalist
SEDOL:B41RMC3,Ordinary Share,Puma VCT VII,Puma VCT VII,B41RMC3,GB00B41RMC30,2013-09,2016-08,36,VCT Generalist
SEDOL:BBHX2H9,Ordinary Share,Renewables Infrastructure Company,Renewables Infrastructure Company; Renewables Infrastructure Group,BBHX2H9,GG00BBHX2H91,2013-09,2026-07,155,Renewable Energy Infrastructure
SEDOL:BDZDGG2,Ordinary Share,BACIT C shares,BACIT C shares,BDZDGG2,GG00BDZDGG20,2013-10,2013-11,2,Global Growth
SEDOL:B1GDYS5,Ordinary Share,Hargreave Hale AIM VCT 2,Hargreave Hale AIM VCT 2,B1GDYS5,GB00B1GDYS53,2013-10,2018-02,53,VCT AIM Quoted
SEDOL:B53Y133,Ordinary Share,Puma High Income VCT,Puma High Income VCT,B53Y133,GB00B53Y1331,2013-10,2015-08,23,VCT Generalist
SEDOL:B95CGW7,Ordinary Share,Target Healthcare REIT,Target Healthcare REIT,B95CGW7; BJGTLF5,GB00BJGTLF51; JE00B95CGW71,2013-10,2026-07,154,Property - UK Healthcare
SEDOL:BFMYZ98,Ordinary Share,Henderson International Income C shares,Henderson International Income C shares,BF2CLK5; BFMYZ98,GB00BF2CLK52; GB00BFMYZ981,2013-11,2017-07,5,Global Equity Income
SEDOL:BFPMFG6,Ordinary Share,GCP Sovereign Infrastructure Debt,GCP Sovereign Infrastructure Debt,BFPMFG6,JE00BFPMFG60,2013-12,2014-07,8,Sector Specialist: Infrastructure
SEDOL:BGCZJW9,Ordinary Share,JPMorgan Senior Secured Loan,JPMorgan Senior Secured Loan,BGCZJW9,GG00BGCZJW90,2013-12,2016-05,30,Sector Specialist: Debt
SEDOL:0555522,Ordinary Share,Majedie,Majedie; Majedie Investments,0555522,GB0005555221,2014-01,2026-07,151,Flexible Investment
SEDOL:BBHXCL3,Ordinary Share,Riverstone Energy,Riverstone Energy,BBHXCL3; BSNRFW0; BWZ6KH3,GG00BBHXCL35; GG00BSNRFW06; GG00BWZ6KH33,2014-01,2026-07,151,Commodities & Natural Resources
SEDOL:0465825,Ordinary Share,Investment Company,Investment Company; The Investment Company,0465825; BV4FKD0,GB0004658257; GB00BV4FKD05,2014-02,2026-07,141,Flexible Investment
SEDOL:BH7JH18,Ordinary Share,NB Distressed Debt New Global shares,NB Distressed Debt New Global shares,BDFZ6D5; BFZ5JM9; BG0QZQ0; BG5NCB0; BH7JH18; BMBL6F2; BMY7174; BNTXRB0; BPNZ1D6; BQWN633; BTLMK41,GG00BDFZ6D54; GG00BFZ5JM92; GG00BG0QZQ04; GG00BG5NCB06; GG00BH7JH183; GG00BMBL6F29; GG00BMY71748; GG00BNTXRB08; GG00BPNZ1D65; GG00BQWN6334; GG00BTLMK410,2014-02,2025-09,140,Debt - Loans & Bonds
SEDOL:BGSH2G4,Ordinary Share,Triple Point Income VCT C shares,Triple Point Income VCT C shares,BGSH2G4,GB00BGSH2G43,2014-02,2022-10,105,VCT Generalist
SEDOL:BJFLFT4,Ordinary Share,Custodian REIT,Custodian Property Income REIT; Custodian REIT,BJFLFT4,GB00BJFLFT45,2014-03,2026-07,122,Property - UK Commercial
SEDOL:BH7Y7B3,Ordinary Share,Downing THREE VCT H shares,Downing THREE VCT H shares,BH7Y7B3,GB00BH7Y7B35,2014-03,2021-02,84,VCT Generalist
SEDOL:BD3QJR5,Ordinary Share,Foresight Solar Fund,Foresight Solar Fund,BD3QJR5,JE00BD3QJR55,2014-03,2026-07,118,Renewable Energy Infrastructure
SEDOL:BCKFVJ4,Ordinary Share,Global Resources,GRIT Investment Trust; Global Resources,BCKFVJ4; BL594W8,GB00BCKFVJ45; GB00BL594W83,2014-03,2022-01,23,Commodities & Natural Resources
SEDOL:BJL5FH8,Ordinary Share,John Laing Environmental Assets Group,Foresight Environmental Infrastructure; JLEN Environmental Assets Group; John Laing Environmental Assets Group,BJL5FH8,GG00BJL5FH87,2014-03,2026-07,149,Renewable Energy Infrastructure
SEDOL:BJVDZ94,Ordinary Share,TwentyFour Select Monthly Income,TwentyFour Select Monthly Income,BJVDZ94,GG00BJVDZ946,2014-03,2026-07,149,Debt - Loans & Bonds
SEDOL:BKF1X86,Ordinary Share,CVC Credit Partners European Opps C shares,CVC Credit Partners European Opps C shares,BKF1X86,JE00BKF1X867,2014-04,2014-06,3,Sector Specialist: Debt
SEDOL:BKF1X42,Ordinary Share,CVC Credit Partners European Opps Euro C shares,CVC Credit Partners European Opps Euro C shares,BKF1X42,JE00BKF1X420,2014-04,2014-06,3,Sector Specialist: Debt
SEDOL:BJT3251,Ordinary Share,Kennedy Wilson Europe Real Estate,Kennedy Wilson Europe Real Estate,BJT3251,JE00BJT32513,2014-04,2017-09,42,Property Direct - Europe
SEDOL:BJ0JVY0,Ordinary Share,NextEnergy Solar,NextEnergy Solar; NextEnergy Solar Fund,BJ0JVY0,GG00BJ0JVY01,2014-04,2026-07,148,Renewable Energy Infrastructure
SEDOL:BJWVDP9,Ordinary Share,Renewables Infrastructure Group C shares,Renewables Infrastructure Group C shares,BJWVDP9,GG00BJWVDP92,2014-04,2014-05,2,Sector Specialist: Infrastructure - Renewable Energy
SEDOL:BFXW784,Ordinary Share,Ventus 2 VCT D shares,Ventus 2 VCT D shares,BFXW784,GB00BFXW7841,2014-04,2021-09,90,VCT Specialist: Environmental
SEDOL:BFXW773,Ordinary Share,Ventus VCT D shares,Ventus VCT D shares,BFXW773,GB00BFXW7734,2014-04,2021-09,90,VCT Specialist: Environmental
SEDOL:BMBN1D1,Ordinary Share,Fair Oaks Income,Fair Oaks Income,BD5NCP3; BMBN1D1; BYMJ6H1,GG00BD5NCP31; GG00BMBN1D14; GG00BYMJ6H15,2014-06,2017-02,33,Sector Specialist: Debt
SEDOL:BLSNND1,Ordinary Share,Fundsmith Emerging Equities,Fundsmith Emerging Equities,BLSNND1,GB00BLSNND18,2014-06,2022-10,101,Global Emerging Markets
SEDOL:BLP57Y9,Ordinary Share,P2P Global Investments,Alternative Credit Investments; P2P Global Investments; Pollen Street Secured Lending,BLP57Y9,GB00BLP57Y95,2014-06,2021-02,81,Debt - Direct Lending
SEDOL:BFG3QX2,Ordinary Share,Puma VCT 10,Puma VCT 10,BFG3QX2,GB00BFG3QX28,2014-06,2019-09,64,VCT Generalist
SEDOL:BMPHJ80,Ordinary Share,Sanditon Investment,Sanditon Investment,BMPHJ80,GB00BMPHJ807,2014-06,2019-11,66,UK All Companies
SEDOL:BNCB5T5,Ordinary Share,Blackstone/GSO Loan Financing,Blackstone Loan Financing; Blackstone/GSO Loan Financing,BM8J7D4; BNCB5T5; BSMSML2,JE00BM8J7D47; JE00BNCB5T53; JE00BSMSML25,2014-07,2024-12,126,Debt - Structured Finance
SEDOL:B1FB3X8,Ordinary Share,Japan Residential,Japan Residential,B1FB3X8,GG00B1FB3X85,2014-07,2015-10,16,Property Direct - Asia Pacific
SEDOL:B4ZXGJ2,ZDP 2017,NB Private Equity Partners,NB Private Equity Partners,B4ZXGJ2,GG00B4ZXGJ22,2014-07,2017-04,34,Split Capital Trust
SEDOL:B1ZBD49,Ord Income,NB Private Equity Partners,NB Private Equity Partners; Neuberger Private Equity Partners,B1ZBD49,GG00B1ZBD492,2014-07,2026-07,145,Private Equity
SEDOL:BN56JF1,Ordinary Share,SQN Asset Finance Income,KKV Secured Loan; SQN Asset Finance Income,BN56JF1,GG00BN56JF17,2014-07,2021-08,86,Leasing
SEDOL:3137100,ZDP 2020,Utilico Investments,UIL; Utilico Investments,1610124; 3137100,BMG916101246; BMG931371006,2014-07,2020-09,75,Flexible Investment
SEDOL:3612102,Ordinary Share,Vietnam Infrastructure,Vietnam Infrastructure; Vietnam Infrastructure Private Equity,3612102,KYG936121022,2014-07,2015-10,16,Sector Specialist: Infrastructure
SEDOL:BFN0VM0,ZDP 2016,Vinaland,Vinaland,BFN0VM0,GG00BFN0VM06,2014-07,2016-11,29,Split Capital Trust
SEDOL:3636101,Ord Income,Vinaland,Vinaland,3636101,KYG936361016,2014-07,2018-08,50,Property Direct - Asia Pacific
SEDOL:0664020,Ordinary Share,Oxford Technology VCT,Oxford Technology 2 VCT - OT1 shares; Oxford Technology VCT,0664020; BN73FM9,GB0006640204; GB00BN73FM99,2014-08,2026-07,137,VCT
SEDOL:3197794,Ordinary Share,Lindsell Train,Lindsell Train; Lindsell Train Investment Trust,3197794; BNKDVV7,GB0031977944; GB00BNKDVV71,2014-09,2026-07,143,Global
SEDOL:BCDP4K3,ZDP 2018,Taliesin Property,Taliesin Property,BCDP4K3,JE00BCDP4K39,2014-10,2018-01,40,Split Capital Trust
SEDOL:B3B3WB3,Ord Inc,Taliesin Property,Taliesin Property,B3B3WB3,JE00B3B3WB31,2014-10,2018-01,40,Split Capital Trust
SEDOL:0060929,Ordinary Share,Athelney,Athelney; Athelney Trust,0060929,GB0000609296,2014-11,2026-07,141,UK Smaller Companies
SEDOL:BRJZ8K0,Ordinary Share,Octopus Apollo VCT C shares,Octopus Apollo VCT C shares,BRJZ8K0,GB00BRJZ8K07,2014-11,2015-07,9,VCT Generalist Pre Qualifying
SEDOL:BRGCGK0,Ordinary Share,River & Mercantile UK Micro Cap,River & Mercantile UK Micro Cap; River UK Micro Cap,BDG13K8; BMVHP75; BNDMJP1; BRGCGK0; BZ3GBN9; BZ8VFG0,GG00BDG13K82; GG00BMVHP751; GG00BNDMJP11; GG00BRGCGK06; GG00BZ3GBN95; GG00BZ8VFG05,2014-11,2026-07,141,UK Smaller Companies
SEDOL:BG49KP9,Ordinary Share,Tritax Big Box REIT,Tritax Big Box REIT,BG49KP9,GB00BG49KP99,2014-11,2026-07,141,Property - UK Logistics
SEDOL:BNGMZB6,Ordinary Share,Ediston Property,Ediston Property,BNGMZB6,GB00BNGMZB68,2015-01,2023-09,105,Property - UK Commercial
SEDOL:BV7L905,Ordinary Share,P2P Global Investments C shares,P2P Global Investments C Shares; P2P Global Investments C shares,BV7L905; BYRY7J0,GB00BV7L9053; GB00BYRY7J03,2015-01,2016-02,14,Sector Specialist: Debt
SEDOL:BSTK642,Ordinary Share,Downing THREE VCT J shares,Downing THREE VCT J shares,BSTK642,GB00BSTK6426,2015-02,2021-02,73,VCT Generalist
SEDOL:BLWDVR7,Ordinary Share,Empiric Student Property,Empiric Student Property,BLWDVR7,GB00BLWDVR75,2015-02,2018-03,36,Property Specialist
SEDOL:BV54HY6,Ordinary Share,Sequoia Economic Infrastructure Income,Sequoia Economic Infrastructure Income,BV54HY6,GG00BV54HY67,2015-02,2026-07,138,Infrastructure
SEDOL:BNCBFH3,Ordinary Share,Triple Point Income VCT D shares,Triple Point Income VCT D shares,BNCBFH3,GB00BNCBFH30,2015-02,2022-10,93,VCT Generalist
SEDOL:BPFJTF4,Ordinary Share,Pershing Square Holdings,Pershing Square Holdings,BPFJTF4,GG00BPFJTF46,2015-03,2026-07,137,North America
SEDOL:306P103,Ordinary Share,Qannas Investments,Qannas Investments,306P103,KYG7306P1037,2015-03,2019-02,48,Global Emerging Markets
SEDOL:BNCBFM8,Ordinary Share,Triple Point VCT 2011 A shares,Triple Point VCT 2011 A shares,BNCBFM8,GB00BNCBFM82,2015-03,2023-03,97,VCT Generalist
SEDOL:BTLJYS4,Ordinary Share,Gabelli Value Plus+,Gabelli Value Plus+,BTLJYS4,GB00BTLJYS47,2015-04,2020-09,66,North America
SEDOL:BWFGQ08,Ordinary Share,Miton UK Microcap,Miton UK Microcap; Miton UK Microcap Trust,BWFGQ08,GB00BWFGQ085,2015-04,2025-04,121,UK Smaller Companies
SEDOL:BWD2415,Ordinary Share,AEW UK REIT,AEW UK REIT,BWD2415,GB00BWD24154,2015-05,2026-07,135,Property - UK Commercial
SEDOL:BVG1CF2,Ordinary Share,Woodford Patient Capital,Schroder UK Public Private Trust; Schroders Capital Global Innovation Trust; Woodford Patient Capital,BVG1CF2,GB00BVG1CF25,2015-05,2026-07,135,Growth Capital
SEDOL:BWWYMV8,Ordinary Share,Apax Global Alpha,Apax Global Alpha,BWWYMV8,GG00BWWYMV85,2015-06,2025-08,123,Private Equity
SEDOL:BBP6HP3,Ordinary Share,DP Aircraft I,DP Aircraft I,BBP6HP3,GG00BBP6HP33,2015-06,2026-07,134,Leasing
SEDOL:BQVBS54,Ordinary Share,Puma VCT 11,Puma VCT 11,BQVBS54,GB00BQVBS545,2015-06,2021-09,76,VCT Generalist
SEDOL:BVG6X43,Ordinary Share,VPC Specialty Lending Investments,VPC Specialty Lending Investments,BVG6X43,GB00BVG6X439,2015-06,2026-07,134,Debt - Direct Lending
SEDOL:BW4NWS0,Ordinary Share,Drum Income Plus REIT,Drum Income Plus REIT,BW4NWS0,GB00BW4NWS02,2015-07,2021-09,71,Property - UK Commercial
SEDOL:BW4NPD6,Ordinary Share,Ranger Direct Lending,RDL Realisation; Ranger Direct Lending,BW4NPD6,GB00BW4NPD65,2015-07,2021-01,67,Debt - Direct Lending
SEDOL:BXDZMK6,Ordinary Share,UK Mortgages,UK Mortgages,BXDZMK6,GG00BXDZMK63,2015-07,2022-02,80,Debt - Structured Finance
SEDOL:3612110,Ordinary Share,Vietnam Infrastructure Listed,Vietnam Infrastructure Listed,3612110,KYG936121105,2015-07,2015-10,4,Sector Specialist: Infrastructure
SEDOL:B1GHHH7,Ordinary Share,Volta Finance,Volta Finance,B1GHHH7,GG00B1GHHH78,2015-07,2026-07,133,Debt - Structured Finance
SEDOL:BYM6LJ9,Ordinary Share,Fair Oaks Income C Shares,Fair Oaks Income C Shares; Fair Oaks Income C shares,BF00L67; BYM6LJ9,GG00BF00L672; GG00BYM6LJ91,2015-08,2017-05,7,Sector Specialist: Debt
SEDOL:BYRGPD6,Ordinary Share,Alternative Liquidity Fund,Alternative Liquidity Fund,BYRGPD6,GG00BYRGPD65,2015-09,2026-07,131,Hedge Funds
SEDOL:BYMK5S8,Ordinary Share,GLI Alternative Finance,GLI Alternative Finance; SME Loan; SQN Secured Income; Secured Income,BYMK5S8,GB00BYMK5S87,2015-09,2021-08,72,Debt - Direct Lending
SEDOL:BZ0RY03,ZDP 2022,JZ Capital Partners,JZ Capital Partners,BZ0RY03,GG00BZ0RY036,2015-09,2020-03,55,Flexible Investment
SEDOL:BVG6X65,Ordinary Share,VPC Specialty Lending Investments C share,VPC Specialty Lending Investments C share; VPC Specialty Lending Investments C shares,BVG6X65,GB00BVG6X652,2015-09,2016-01,5,Sector Specialist: Debt
SEDOL:BZ0XWD0,Ordinary Share,Menhaden Capital,Menhaden; Menhaden Capital; Menhaden Resource Efficiency,BZ0XWD0,GB00BZ0XWD04,2015-10,2025-02,113,Environmental
SEDOL:BYYJCZ9,Ordinary Share,Funding Circle SME Income Fund,Funding Circle SME Income Fund; Funding Circle SME Income Fund C shares; SME Credit Realisation; SME Credit Realisation Fund,BKQN9M7; BKTRF28; BKX9MJ6; BL64G59; BLFGSJ4; BM9TKG7; BMD04Y2; BMF75J3; BMHZLZ3; BMT81R2; BN94L55; BNDB1G3; BP6G062; BPP4PP1; BYNV267; BYYJCZ9,GG00BKQN9M74; GG00BKTRF288; GG00BKX9MJ69; GG00BL64G593; GG00BLFGSJ40; GG00BM9TKG74; GG00BMD04Y22; GG00BMF75J31; GG00BMHZLZ33; GG00BMT81R29; GG00BN94L554; GG00BNDB1G36; GG00BP6G0622; GG00BPP4PP19; GG00BYNV2672; GG00BYYJCZ96,2015-11,2023-02,88,Debt - Direct Lending
SEDOL:BZ184P0,Ordinary Share,SQN Asset Finance Income C shares,KKV Secured Loan C; KKV Secured Loan C shares; SQN Asset Finance Income C shares,BFXYHJ1; BYNJG14; BZ184P0,GG00BFXYHJ13; GG00BYNJG147; GG00BZ184P04,2015-11,2021-08,66,Leasing
SEDOL:BYP6HV0,Ordinary Share,Sequoia Economic Infrastructure Income C shares,Sequoia Economic Infrastructure Income C shares,BYP6HV0; BYTNQV0,GG00BYP6HV03; GG00BYTNQV04,2015-11,2016-09,7,Sector Specialist: Infrastructure
SEDOL:BYSRMH1,Ordinary Share,CC Japan Income & Growth,CC Japan Income & Growth; CC Japan Income & Growth Trust,BYSRMH1,GB00BYSRMH16,2015-12,2026-07,128,Japan
SEDOL:BYRH498,Ordinary Share,Gresham House Strategic,Gresham House Strategic; Rockwood Realisation; Rockwood Strategic,BRRD5L6; BYRH498,GB00BRRD5L66; GB00BYRH4982,2015-12,2026-07,128,UK Smaller Companies
SEDOL:B248KJ2,Ordinary Share,Phoenix Spree Deutschland,Phoenix Spree Deutschland,B248KJ2; BT7JKP7,JE00B248KJ21; JE00BT7JKP71,2015-12,2026-07,128,Property - Europe
SEDOL:B018CS4,Ordinary Share,Ruffer Investment Company,Ruffer Investment Company,B018CS4,GB00B018CS46,2015-12,2026-07,127,Flexible Investment
SEDOL:BWC53H4,Ordinary Share,Amedeo Air Four Plus,Amedeo Air Four Plus,BKY41C6; BMZQ5R8; BNDVLS5; BQKNKR7; BWC53H4,GG00BKY41C61; GG00BMZQ5R81; GG00BNDVLS54; GG00BQKNKR70; GG00BWC53H48,2016-01,2026-05,125,Leasing
SEDOL:BYM91M1,Ordinary Share,Octopus Apollo VCT D shares,Octopus Apollo VCT D shares,BYM91M1,GB00BYM91M12,2016-01,2016-06,6,VCT Generalist
SEDOL:BYP98L6,ZDP 2020,Premier Energy & Water,Premier Energy & Water; Premier Global Infrastructure; Premier Miton Global Renewables,BYP98L6,GB00BYP98L62,2016-01,2020-11,59,Infrastructure Securities
SEDOL:BZ6CSD3,Ordinary Share,Downing TWO VCT K shares,Downing TWO VCT K shares,BZ6CSD3,GB00BZ6CSD33,2016-02,2021-02,61,VCT Generalist
SEDOL:BWFGQ20,Ordinary Share,Miton UK Microcap C shares,Miton UK Microcap C shares,BWFGQ20,GB00BWFGQ200,2016-02,2016-06,5,UK Smaller Companies
SEDOL:B8460Z4,Ordinary Share,GCP Student Living,GCP Student Living,B8460Z4,GB00B8460Z43,2016-03,2021-11,69,Property - UK Residential
SEDOL:BYV2ZQ3,Ordinary Share,Regional REIT,Regional REIT,BSY2LD7; BYV2ZQ3,GG00BSY2LD72; GG00BYV2ZQ34,2016-04,2026-07,124,Property - UK Commercial
SEDOL:BY7R8K7,Ordinary Share,Schroder European Real Estate,Schroder European Real Estate,BY7R8K7,GB00BY7R8K77,2016-04,2026-07,124,Property - Europe
SEDOL:BYSQV48,Ordinary Share,Triple Point VCT 2011 B shares,Triple Point VCT 2011 B shares,BYSQV48,GB00BYSQV489,2016-04,2023-03,84,VCT Generalist
SEDOL:BYMYC34,Ordinary Share,Hadrian's Wall Secured Investments,HWSI Realisation; Hadrian's Wall Secured Investments,BYMYC34,GG00BYMYC345,2016-06,2020-08,51,Debt - Direct Lending
SEDOL:BYSJJR6,Ordinary Share,Puma VCT 12,Puma VCT 12,BYSJJR6,GB00BYSJJR68,2016-06,2022-05,72,VCT Generalist
SEDOL:1610132,ZDP 2022,UIL,UIL,1610132,BMG916101329,2016-06,2022-09,76,Flexible Investment
SEDOL:361H109,Ordinary Share,Vietnam Enterprise Investments,Vietnam Enterprise Investments,361H109,KYG9361H1092,2016-07,2026-07,121,Country Specialist
SEDOL:BD20L05,ZDP 2021,Ranger Direct Lending,RDL Realisation; Ranger Direct Lending,BD20L05,GB00BD20L056,2016-08,2019-05,34,Debt - Direct Lending
SEDOL:BD3V464,Ordinary Share,Ecofin Global Utilities and Infrastructure,Ecofin Global Utilities and Infrastructure,BD3V464,GB00BD3V4641,2016-09,2026-07,119,Infrastructure Securities
SEDOL:BYZV3G2,Ordinary Share,Honeycomb,Honeycomb; Pollen Street,BYZV3G2,GB00BYZV3G25,2016-09,2023-12,48,Debt - Direct Lending
SEDOL:BD0FRW6,ZDP 2022,NB Private Equity Partners,NB Private Equity Partners,BD0FRW6,GG00BD0FRW63,2016-09,2022-08,72,Private Equity
SEDOL:B1RMC54,Ordinary Share,Tetragon Financial Group,Tetragon Financial Group,B1RMC54,GG00B1RMC548,2016-09,2026-07,119,Flexible Investment
SEDOL:B12MHD2,Ordinary Share,LMS Capital,LMS Capital,B12MHD2,GB00B12MHD28,2016-10,2026-07,118,Private Equity
SEDOL:B631ZQ2,Ordinary Share,Calculus VCT,Calculus VCT; Calculus VCT D shares,B631ZQ2; BDD9H81; BYQPF34,GB00B631ZQ22; GB00BDD9H811; GB00BYQPF348,2016-11,2026-07,117,VCT
SEDOL:B3RNDW5,Ordinary Share,Calculus VCT C shares,Calculus VCT C shares,B3RNDW5,GB00B3RNDW55,2016-11,2017-06,8,VCT Generalist
SEDOL:BZCNLL9,Ordinary Share,BB Healthcare,BB Healthcare; Bellevue Healthcare; Bellevue Healthcare Trust; CT Healthcare Trust,BZCNLL9,GB00BZCNLL95,2016-12,2026-07,116,Biotechnology & Healthcare
SEDOL:BYMTBG5,Ordinary Share,RM Secured Direct Lending,RM Infrastructure Income; RM Secured Direct Lending,BYMTBG5,GB00BYMTBG55,2016-12,2024-09,94,Debt - Direct Lending
SEDOL:BYZKH01,Ordinary Share,Ranger Direct Lending C Shares,Ranger Direct Lending C Shares; Ranger Direct Lending C shares,BYZKH01,GB00BYZKH015,2016-12,2017-02,3,Sector Specialist: Debt
SEDOL:BYMJ7X4,ZDP 2022,Acorn Income,Acorn Income,BYMJ7X4,GG00BYMJ7X48,2017-01,2021-08,56,UK Equity & Bond Income
SEDOL:BTC2K73,Ordinary Share,Axiom European Financial Debt,Axiom European Financial Debt,BTC2K73,GG00BTC2K735,2017-01,2023-02,74,Debt - Loans & Bonds
SEDOL:BD8HBD3,Ordinary Share,Civitas Social Housing,Civitas Social Housing,BD8HBD3,GB00BD8HBD32,2017-01,2023-12,84,Property - UK Residential
SEDOL:BDHF5B4,Ordinary Share,Downing FOUR VCT Generalist shares,Downing FOUR VCT Generalist shares; Downing FOUR VCT Ventures Shares; Downing FOUR VCT Ventures shares; Thames Ventures VCT 2 Ventures shares,BDHF5B4,GB00BDHF5B49,2017-02,2024-10,93,VCT
SEDOL:BDHF5D6,Ordinary Share,Downing FOUR VCT Healthcare shares,Downing FOUR VCT Healthcare shares; Thames Ventures VCT 2 Healthcare shares,BDHF5D6,GB00BDHF5D62,2017-02,2024-10,93,VCT
SEDOL:BYQ46T4,Ordinary Share,LXI REIT,LXI REIT,BYQ46T4,GB00BYQ46T41,2017-02,2024-02,85,Property - UK Commercial
SEDOL:BDGKMY2,Ordinary Share,BioPharma Credit,BioPharma Credit,BDGKMY2,GB00BDGKMY29,2017-03,2026-07,113,Debt - Direct Lending
SEDOL:BY7QK53,Ordinary Share,EF Realisation Company,EF Realisation Company,BF243Y9; BY7QK53,GG00BF243Y95; GG00BY7QK538,2017-03,2018-03,13,Sector Specialist: Utilities
SEDOL:BF00L34,Ordinary Share,Fair Oaks Income 2017,Fair Oaks Income 2017; Fair Oaks Income 2021,BF00L34; BNNLWT3; BS874H3,GG00BF00L342; GG00BNNLWT35; GG00BS874H38,2017-03,2026-07,113,Debt - Structured Finance
SEDOL:BYXX8B0,Ordinary Share,GCP Asset Backed Income,GCP Asset Backed Income,BMFX698; BPCSN74; BSY6HT7; BYXX8B0,JE00BMFX6989; JE00BPCSN748; JE00BSY6HT75; JE00BYXX8B08,2017-03,2026-07,113,Debt - Direct Lending
SEDOL:BYYS2J0,Ordinary Share,GCP Asset Backed Income C shares,GCP Asset Backed Income C shares,BYYS2J0,JE00BYYS2J04,2017-03,2017-06,4,Sector Specialist: Debt
SEDOL:BD0ND66,Ordinary Share,TOC Property Backed Lending,Develop North; TOC Property Backed Lending,BD0ND66,GB00BD0ND667,2017-03,2026-07,113,Property - Debt
SEDOL:BYR8GK6,Ordinary Share,3i Infrastructure,3i Infrastructure,BF5FX16; BYR8GK6,JE00BF5FX167; JE00BYR8GK67,2017-04,2026-07,112,Infrastructure
SEDOL:BF0D1M2,Ordinary Share,EJF Investments,EJF Investments,BF0D1M2,JE00BF0D1M25,2017-04,2026-07,112,Debt - Structured Finance
SEDOL:BF00L12,Ordinary Share,Fair Oaks Income 2014,Fair Oaks Income 2014,BF00L12; BF1Y566; BFMF9X3; BGN9771; BHJWCC1,GG00BF00L128; GG00BF1Y5666; GG00BFMF9X35; GG00BGN97714; GG00BHJWCC13,2017-04,2019-03,24,Sector Specialist: Debt
SEDOL:BD89H86,Ordinary Share,Triple Point Income VCT E shares,Triple Point Income VCT E shares,BD89H86,GB00BD89H869,2017-04,2023-07,76,VCT Generalist
SEDOL:BF0SCX5,Ordinary Share,Downing Strategic Micro-Cap,Downing Strategic Micro-Cap,BF0SCX5,GB00BF0SCX52,2017-05,2025-01,93,UK Smaller Companies
SEDOL:BDD98Q6,Ordinary Share,Hadrian's Wall Secured Investments C shares,Hadrian's Wall Secured Investments C shares,BDD98Q6; BG04CB8,GG00BDD98Q61; GG00BG04CB85,2017-05,2018-11,18,Sector Specialist: Debt
SEDOL:BYXVMJ0,Ordinary Share,Impact Healthcare REIT,Care REIT; Impact Healthcare REIT,BYXVMJ0,GB00BYXVMJ03,2017-05,2025-04,96,Property - UK Healthcare
SEDOL:BDR0575,Ordinary Share,Jupiter Emerging & Frontier Income,Jupiter Emerging & Frontier Income,BDR0575,GB00BDR05757,2017-05,2022-05,61,Global Emerging Markets
SEDOL:BF01NH5,Ordinary Share,PRS REIT,PRS REIT,BF01NH5,GB00BF01NH51,2017-05,2025-12,104,Property - UK Residential
SEDOL:BDVK708,Ordinary Share,AEW UK Long Lease REIT,AEW UK Long Lease REIT,BDVK708,GB00BDVK7088,2017-06,2018-06,13,Property Specialist
SEDOL:BDHXP96,ZDP 2024,Polar Capital Global Healthcare,Polar Capital Global Healthcare,BDHXP96,GB00BDHXP963,2017-06,2024-05,84,Biotechnology & Healthcare
SEDOL:BYT2554,Ordinary Share,ScotGems,ScotGems,BYT2554,GB00BYT25542,2017-06,2022-08,63,Global Emerging Markets
SEDOL:BYPBD51,ZDP 2024,Aberforth Split Level Income,Aberforth Split Level Income,BYPBD51,GB00BYPBD519,2017-07,2024-06,84,UK Smaller Companies
SEDOL:BYPBD39,Ord Income,Aberforth Split Level Income,Aberforth Split Level Income,BYPBD39,GB00BYPBD394,2017-07,2024-06,84,UK Smaller Companies
SEDOL:B0P6FY1,Ordinary Share,Alpha Pyrenees Trust,Alpha Pyrenees Trust,B0P6FY1,GB00B0P6FY18,2017-07,2017-11,4,Property Direct - Europe
SEDOL:BF2NR11,Ordinary Share,Greencoat Renewables,Greencoat Renewables,BF2NR11,IE00BF2NR112,2017-07,2026-07,109,Renewable Energy Infrastructure
SEDOL:7013105,Ordinary Share,Oakley Capital Investments,Oakley Capital Investments,7013105,BMG670131058,2017-07,2026-07,108,Private Equity
SEDOL:BYSX150,Ordinary Share,Residential Secure Income REIT,Residential Secure Income REIT,BYSX150,GB00BYSX1508,2017-07,2026-07,109,Property - UK Residential
SEDOL:BWBSDM9,Ordinary Share,Toro,Chenavari Toro Income; Chenavari Toro Income Fund; Toro,BWBSDM9,GG00BWBSDM98,2017-08,2026-07,105,Debt - Structured Finance
SEDOL:BF0P7H5,Ordinary Share,Triple Point Social Housing REIT,Living REIT; Social Housing REIT; Triple Point Social Housing REIT,BF0P7H5,GB00BF0P7H59,2017-08,2026-07,108,Property - UK Residential
SEDOL:BD2NCM3,Ordinary Share,Warehouse REIT,Warehouse REIT,BD2NCM3,GB00BD2NCM38,2017-09,2025-09,97,Property - UK Logistics
SEDOL:BYW1DN2,C Share,GCP Asset Backed Income C shares,GCP Asset Backed Income C Shares; GCP Asset Backed Income C shares,BG0CTY4; BYW1DN2,JE00BG0CTY49; JE00BYW1DN23,2017-10,2018-11,8,Sector Specialist: Debt
SEDOL:BD884W6,C Share,RM Secured Direct Lending C shares,RM Secured Direct Lending C shares,BD884W6; BFX12M0,GB00BD884W63; GB00BFX12M00,2017-10,2018-06,8,Sector Specialist: Debt
SEDOL:BDZZT36,Ordinary Share,Civitas Social Housing C shares,Civitas Social Housing C shares,BDZZT36,GB00BDZZT368,2017-11,2018-11,13,Property Specialist
SEDOL:BDG12N4,ZDP 2022,EJF Investments,EJF Investments,BDG12N4,JE00BDG12N48,2017-11,2022-10,60,Debt - Structured Finance
SEDOL:1610207,ZDP 2024,UIL,UIL,1610207,BMG916102079,2017-11,2024-09,83,Flexible Investment
SEDOL:BD9PXH4,Ordinary Share,Aberdeen Standard European Logistics Income,Aberdeen Standard European Logistics Income; abrdn European Logistics Income,BD9PXH4,GB00BD9PXH49,2018-01,2026-07,103,Property - Europe
SEDOL:BZ7MQD8,ZDP 2025,Chelverton Small Companies Dividend,Chelverton Small Companies Dividend; Chelverton UK Dividend; Chelverton UK Dividend Trust,BZ7MQD8,GB00BZ7MQD81,2018-01,2025-03,87,UK Equity Income
SEDOL:BF1Q4G5,Ordinary Share,Marble Point Loan Financing,Marble Point Loan Financing,BF1Q4G5,GG00BF1Q4G54,2018-02,2024-08,79,Debt - Structured Finance
SEDOL:BG12XV8,Ordinary Share,Augmentum Fintech,Augmentum Fintech,BG12XV8,GB00BG12XV81,2018-03,2026-04,98,Financials & Financial Innovation
SEDOL:BDFGHW4,Ordinary Share,Baillie Gifford US Growth,Baillie Gifford US Growth,BDFGHW4,GB00BDFGHW41,2018-03,2026-07,101,North America
SEDOL:BFWJJT1,Ordinary Share,JPMorgan Multi-Asset,JPMorgan Multi-Asset; JPMorgan Multi-Asset Growth & Income,BFWJJT1,GB00BFWJJT14,2018-03,2024-02,72,Flexible Investment
SEDOL:BFYV7J1,Ordinary Share,Triple Point Social Housing REIT C shares,Triple Point Social Housing REIT C shares,BFYV7J1,GB00BFYV7J12,2018-03,2018-07,5,Property Specialist
SEDOL:BDFC164,Ordinary Share,Tufton Oceanic Assets,Tufton Assets; Tufton Oceanic Assets,BDFC164; BSFVPB9,GG00BDFC1649; GG00BSFVPB94,2018-03,2026-07,101,Leasing
SEDOL:BDRNW62,Ordinary Share,BioPharma Credit C shares,BioPharma Credit C shares,BDRNW62,GB00BDRNW621,2018-04,2018-09,6,Sector Specialist: Debt
SEDOL:BG1TSQ9,ZDP 2021,RM Secured Direct Lending,RM Secured Direct Lending,BG1TSQ9,GB00BG1TSQ91,2018-04,2021-02,35,Debt - Direct Lending
SEDOL:BH4TCL6,ZDP 2019,Regional REIT,Regional REIT,BH4TCL6,GB00BH4TCL65,2018-04,2018-12,9,Property Direct - UK
SEDOL:BF345X1,Ordinary Share,Supermarket Income REIT,Supermarket Income REIT,BF345X1,GB00BF345X11,2018-04,2025-06,87,Property - UK Commercial
SEDOL:1610140,ZDP 2026,UIL,UIL,1610140,BMG916101402,2018-04,2026-07,100,Flexible Investment
SEDOL:BF8NW87,Ordinary Share,CIP Merchant Capital,CIP Merchant Capital,BF8NW87,GG00BF8NW879,2018-05,2022-04,48,Flexible Investment
SEDOL:BD96PR1,ZDP 2024,NB Private Equity Partners,NB Private Equity Partners,BD96PR1,GG00BD96PR19,2018-05,2024-09,77,Private Equity
SEDOL:BFFK7H5,Ordinary Share,Odyssean,Odyssean; Odyssean Investment Trust,BFFK7H5,GB00BFFK7H57,2018-05,2026-07,99,UK Smaller Companies
SEDOL:BD8P074,Ordinary Share,Gabelli Merger Plus+,Gabelli Merchant Partners; Gabelli Merger Plus+; Gabelli Merger Plus+ Trust,BD8P074,GB00BD8P0741,2018-06,2026-07,98,Hedge Funds
SEDOL:BF50VS4,Ordinary Share,Ashoka India Equity,Ashoka India Equity,BF50VS4,GB00BF50VS41,2018-07,2026-07,97,India / Indian Subcontinent
SEDOL:B62DS15,Ordinary Share,Channel Islands Property,Channel Islands Property,B62DS15,GG00B62DS151,2018-07,2026-07,97,Property - UK Commercial
SEDOL:BFYT9H7,Ordinary Share,Hipgnosis Songs,Hipgnosis Songs; Hipgnosis Songs Fund,BFYT9H7,GG00BFYT9H72,2018-07,2024-06,72,Royalties
SEDOL:BG382L7,Ordinary Share,Tritax Eurobox,Tritax Eurobox,BG382L7,GB00BG382L74,2018-07,2024-11,77,Property - Europe
SEDOL:BYV8MN7,Ordinary Share,Urban Logistics REIT,Urban Logistics REIT,BYV8MN7,GB00BYV8MN78,2018-07,2025-05,83,Property - UK Logistics
SEDOL:BRK9BQ8,Ordinary Share,Fastforward Innovations,Fastforward Innovations,BRK9BQ8,GG00BRK9BQ81,2018-08,2019-08,13,Private Equity
SEDOL:BG0P0V7,Ordinary Share,Gore Street Energy Storage,Gore Street Energy Storage,BG0P0V7,GB00BG0P0V73,2018-08,2026-07,96,Renewable Energy Infrastructure
SEDOL:BD6H5D3,Ordinary Share,AVI Japan Opportunity,AVI Japan Opportunity; AVI Japan Opportunity Trust,BD6H5D3,GB00BD6H5D36,2018-10,2026-07,94,Japanese Smaller Companies
SEDOL:B3KJH95,Ordinary Share,Bailiwick Investments,Bailiwick Investments,B3KJH95,GG00B3KJH957,2018-10,2026-04,91,Flexible Investment
SEDOL:BFZ7R98,Ordinary Share,Mobius Investment,Mobius Investment; Mobius Investment Trust,BFZ7R98,GB00BFZ7R980,2018-10,2026-07,94,Global Emerging Markets
SEDOL:B89W2T5,Ordinary Share,Pembroke VCT,Pembroke VCT,B89W2T5,GB00B89W2T50,2018-10,2019-09,12,VCT Generalist
SEDOL:BQVC9S7,Ordinary Share,Pembroke VCT B shares,Pembroke VCT B shares,BQVC9S7,GB00BQVC9S79,2018-10,2026-07,54,VCT
SEDOL:3125610,Ordinary Share,Seneca Growth Capital VCT,Seneca Growth Capital VCT,3125610,GB0031256109,2018-10,2026-07,94,VCT
SEDOL:BG13MH0,Ordinary Share,Seneca Growth Capital VCT B shares,Seneca Growth Capital VCT B shares,BG13MH0,GB00BG13MH08,2018-10,2026-07,94,VCT
SEDOL:BGJWTR8,Ordinary Share,Smithson,Smithson; Smithson Investment Trust,BGJWTR8,GB00BGJWTR88,2018-10,2026-01,88,Global Smaller Companies
SEDOL:BG0QZS2,Ordinary Share,Tufton Oceanic Assets C shares,Tufton Oceanic Assets C shares,BG0QZS2,GG00BG0QZS28,2018-10,2019-01,4,Sector Specialist: Leasing
SEDOL:BFX3K77,Ordinary Share,Gresham House Energy Storage,Gresham House Energy Storage,BFX3K77,GB00BFX3K770,2018-11,2026-07,93,Renewable Energy Infrastructure
SEDOL:BFYYL32,Ordinary Share,M&G Credit Income,M&G Credit Income,BFYYL32,GB00BFYYL325,2018-11,2026-07,93,Debt - Loans & Bonds
SEDOL:BF8Q3P0,Ordinary Share,Blackstone/GSO Loan Financing C,Blackstone/GSO Loan Financing C; Blackstone/GSO Loan Financing C shares,BF8Q3P0,JE00BF8Q3P09,2018-12,2020-01,11,Debt - Structured Finance
SEDOL:BGHVZM4,Ordinary Share,SDCL Energy Efficiency Income,SDCL Efficiency Income; SDCL Energy Efficiency Income,BGHVZM4,GB00BGHVZM47,2018-12,2026-07,92,Renewable Energy Infrastructure
SEDOL:0827124,Ordinary Share,Adamas Finance Asia,Adamas Finance Asia,0827124,VGG008271246,2019-01,2020-04,16,Growth Capital
SEDOL:BGJYPP4,Ordinary Share,Merian Chrysalis,Chrysalis Investments; Merian Chrysalis,BGJYPP4,GG00BGJYPP46,2019-01,2026-07,91,Growth Capital
SEDOL:BJQZ9H1,Ordinary Share,VietNam Holding,VietNam Holding,BJQZ9H1,GG00BJQZ9H10,2019-02,2026-07,90,Country Specialist
SEDOL:BJ0CDD2,Ordinary Share,Schiehallion Fund,Schiehallion; Schiehallion Fund,BJ0CDD2,GG00BJ0CDD21,2019-03,2026-07,89,Growth Capital
SEDOL:BJCWFX4,Ordinary Share,US Solar Fund,US Solar Fund,BJCWFX4,GB00BJCWFX49,2019-04,2026-07,88,Renewable Energy Infrastructure
SEDOL:BJHPS39,Ordinary Share,Riverstone Credit Opportunities Income,Riverstone Credit Opportunities Income,BJHPS39; BP0R4J2; BRBWLX3; BS0C7H7,GB00BJHPS390; GB00BP0R4J21; GB00BRBWLX34; GB00BS0C7H78,2019-05,2026-07,87,Debt - Direct Lending
SEDOL:BK6RLF6,Ordinary Share,Aquila European Renewables Income,Aquila European Renewables; Aquila European Renewables Income,BK6RLF6,GB00BK6RLF66,2019-07,2024-11,65,Renewable Energy Infrastructure
SEDOL:0262134,Ordinary Share,Chelverton Growth Trust,Chelverton Growth Trust,0262134,GB0002621349,2019-07,2020-07,13,UK Smaller Companies
SEDOL:BFMDJH1,Ordinary Share,Ceiba Investments,Ceiba Investments,BFMDJH1,GG00BFMDJH11,2019-08,2026-07,84,Property - Rest of World
SEDOL:2894108,Ordinary Share,Hansa Investment Company (A Ord),Hansa Investment Company; Hansa Investment Company (A Ord); Hansa Investment Company (Ord),2894108,BMG428941089,2019-08,2026-07,83,Flexible Investment
SEDOL:0068417,Ordinary Share,SVM UK Emerging Fund,SVM UK Emerging Fund,0068417,GB0000684174,2019-09,2025-02,66,UK Smaller Companies
SEDOL:BDTYGZ0,Ordinary Share,Triple Point 2011 Venture Shares,Triple Point 2011 Venture Shares; Triple Point VCT 2011 Venture Shares; Triple Point VCT 2011 Venture shares; Triple Point Venture VCT Venture shares,BDTYGZ0,GB00BDTYGZ09,2019-09,2026-07,80,VCT
SEDOL:BFYT966,Ordinary Share,Hipgnosis Songs C shares,Hipgnosis Songs C shares,BFYT966; BLPHZK7,GG00BFYT9663; GG00BLPHZK78,2019-10,2020-11,9,Royalties
SEDOL:BJVKW83,Ordinary Share,JPMorgan Global Core Real Assets,JPMorgan Global Core Real Assets,BJVKW83; BP6KKQ4; BS5ZFX3; BS9CXW5; BWPKR30,GG00BJVKW831; GG00BP6KKQ44; GG00BS5ZFX32; GG00BS9CXW59; GG00BWPKR307,2019-10,2026-07,82,Flexible Investment
SEDOL:BKTRRM2,Ordinary Share,RTW Venture,RTW Biotech Opportunities; RTW Venture; RTW Venture Fund,BKTRRM2,GG00BKTRRM22,2019-11,2026-07,81,Biotechnology & Healthcare
SEDOL:B92LHN5,Ordinary Share,Doric Nimrod Air Three,Doric Nimrod Air Three,B92LHN5,GG00B92LHN58,2019-12,2025-12,73,Leasing
SEDOL:BJM0293,Ordinary Share,Octopus Renewables Infrastructure,Octopus Renewables Infrastructure; Octopus Renewables Infrastructure Trust,BJM0293,GB00BJM02935,2019-12,2026-07,80,Renewable Energy Infrastructure
SEDOL:BKLGLS1,Ordinary Share,Nippon Active Value,Nippon Active Value; Nippon Active Value Fund,BKLGLS1,GB00BKLGLS10,2020-05,2026-07,75,Japanese Smaller Companies
SEDOL:BK1WV90,EJF Investments ZDP 2025,EJF Investments,EJF Investments,BK1WV90; BRZSNL9,JE00BK1WV903; JE00BRZSNL95,2020-06,2026-07,74,Debt - Structured Finance
SEDOL:BD5B1L6,Ordinary Share,Puma VCT 13,Puma VCT 13,BD5B1L6,GB00BD5B1L68,2020-06,2026-07,74,VCT
SEDOL:BGMG7F1,Ordinary Share,Puma Alpha VCT,Puma Alpha VCT,BGMG7F1,GB00BGMG7F10,2020-07,2026-07,73,VCT
SEDOL:BYWYZ46,Ordinary Share,Sure Ventures,Sure Ventures,BYWYZ46,GB00BYWYZ460,2020-07,2023-12,42,Technology & Technology Innovation
SEDOL:B1FQG45,Ordinary Share,Boussard & Gavaudan Holding,Boussard & Gavaudan Holding,B1FQG45; B39VMM0,GG00B1FQG453; GG00B39VMM07,2020-08,2024-10,51,Hedge Funds
SEDOL:BJP5HK1,Ordinary Share,Home REIT,Home REIT,BJP5HK1,GB00BJP5HK17,2020-10,2026-07,70,Property - UK Residential
SEDOL:BMCBZL0,Ordinary Share,Triple Point Energy Efficiency Infrastructure,Triple Point Energy Efficiency Infrastructure; Triple Point Energy Transition,BMCBZL0,GB00BMCBZL07,2020-10,2025-01,52,Renewable Energy Infrastructure
SEDOL:BMXNVC8,Ordinary Share,Round Hill Music Royalty,Round Hill Music Royalty; Round Hill Music Royalty Fund,BMXNVC8,GG00BMXNVC81,2020-11,2023-09,35,Royalties
SEDOL:BLF7PP2,Ordinary Share,Downing Renewables & Infrastructure,Downing Renewables & Infrastructure,BLF7PP2,GB00BLF7PP25,2020-12,2025-10,59,Renewable Energy Infrastructure
SEDOL:BNG43G3,Premier Miton Glb Renewables ZDP 2025,Premier Miton Global Renewables,Premier Miton Global Renewables,BNG43G3,GB00BNG43G36,2020-12,2025-11,60,Infrastructure Securities
SEDOL:BN7JZR2,Ordinary Share,Schroder British Opportunities,Schroder British Opportunities,BN7JZR2,GB00BN7JZR28,2020-12,2026-07,68,Growth Capital
SEDOL:BLPK443,Ordinary Share,Ecofin US Renewables Infrastructure,Ecofin US Renewables Infrastructure,BLPK443,GB00BLPK4430,2021-01,2025-10,58,Renewable Energy Infrastructure
SEDOL:B933LL6,Ordinary Share,Weiss Korea Opportunity,Weiss Korea Opportunity; Weiss Korea Opportunity Fund,B933LL6; BT26K97; BVN7480,GG00B933LL68; GG00BT26K977; GG00BVN74803,2021-01,2025-11,59,Country Specialist
SEDOL:BMC7TM7,Ordinary Share,Cordiant Digital Infrastructure,Cordiant Digital Infrastructure,BMC7TM7,GG00BMC7TM77,2021-02,2026-07,65,Infrastructure
SEDOL:BNKVP75,Ordinary Share,VH Global Sustainable Energy Opportunities,VH Global Energy Infrastructure; VH Global Sustainable Energy Opportunities,BNKVP75,GB00BNKVP754,2021-02,2026-07,66,Renewable Energy Infrastructure
SEDOL:BMDKH43,Ordinary Share,Digital 9 Infrastructure,Digital 9 Infrastructure; Digital 9 Infrastructure Ord,BMDKH43,JE00BMDKH437,2021-03,2026-07,63,Infrastructure
SEDOL:BF78131,Ordinary Share,Schroder BSC Social Impact,Schroder BSC Social Impact,BF78131,GB00BF781319,2021-03,2026-07,63,Flexible Investment
SEDOL:BMH3TR5,Ordinary Share,Schiehallion C Shares,Schiehallion C Shares,BMH3TR5,GG00BMH3TR59,2021-04,2024-05,35,Growth Capital
SEDOL:1610157,UIL ZDP 2028,UIL,UIL,1610157,BMG916101576,2021-04,2026-07,64,Flexible Investment
SEDOL:5825107,Ordinary Share,Canadian General Investments Unit,Canadian General Investments; Canadian General Investments Unit,5825107,CA1358251074,2021-05,2026-07,63,North America
SEDOL:B640GZ4,Ordinary Share,Foresight Solar & Technology VCT,Foresight Solar & Technology VCT,B640GZ4,GB00B640GZ49,2021-05,2022-08,16,VCT Specialist: Environmental
SEDOL:BP2NJT3,Ordinary Share,Taylor Maritime Investments,Taylor Maritime Investments,BP2NJT3,GG00BP2NJT37,2021-05,2025-01,43,Leasing
SEDOL:BN6JYS7,Ordinary Share,Aquila Energy Efficiency Trust,Aquila Energy Efficiency; Aquila Energy Efficiency Trust; Parvus Energy Efficiency Trust,BN6JYS7,GB00BN6JYS78,2021-06,2026-07,60,Renewable Energy Infrastructure
SEDOL:BMC7TN8,Ordinary Share,Cordiant Digital Infrastructure C Share,Cordiant Digital Infrastructure C Share,BMC7TN8,GG00BMC7TN84,2021-06,2021-06,1,Infrastructure
SEDOL:BKF2JH0,Ordinary Share,Foresight Solar & Tech VCT FWT,Foresight Solar & Tech VCT FWT,BKF2JH0,GB00BKF2JH04,2021-06,2024-05,27,VTC
SEDOL:BNG2HN2,Ordinary Share,Polar Capital Global Financials C Share,Polar Capital Global Financials C Share,BNG2HN2,GB00BNG2HN26,2021-06,2021-10,4,Financials
SEDOL:BL6K7L0,Ordinary Share,HydrogenOne Capital Growth,Hydrogen Capital Growth; HydrogenOne Capital Growth,BL6K7L0,GB00BL6K7L04,2021-08,2026-03,56,Renewable Energy Infrastructure
SEDOL:BMGWM18,Ordinary Share,Round Hill Music Royalty C Share,Round Hill Music Royalty C Share,BMGWM18,GG00BMGWM188,2021-08,2022-04,9,Royalties
SEDOL:BKPG013,Ordinary Share,Seraphim Space,Seraphim Space; Seraphim Space Investment Trust,BKPG013,GB00BKPG0138,2021-08,2026-07,60,Growth Capital
SEDOL:BMWWJM2,Ordinary Share,Castelnau Group,Castelnau Group,BMWWJM2,GG00BMWWJM28,2021-10,2026-07,57,Flexible Investment
SEDOL:BL9ZF30,Ordinary Share,Petershill Partners,Petershill Partners,BL9ZF30,GB00BL9ZF303,2021-10,2025-11,49,Growth Capital
SEDOL:BN497V3,Ordinary Share,Atrato Onsite Energy Ord,Atrato Onsite Energy; Atrato Onsite Energy Ord,BN497V3,GB00BN497V39,2021-11,2024-09,34,Renewable Energy Infrastructure
SEDOL:BMDPKM7,Ordinary Share,Foresight Sustainable Forestry Ord,Foresight Sustainable Forestry; Foresight Sustainable Forestry Ord,BMDPKM7,GB00BMDPKM71,2021-11,2024-06,31,Farmland & Forestry
SEDOL:BLNNFY1,Ordinary Share,Harmony Energy Income Trust Ord,Harmony Energy Income; Harmony Energy Income Trust; Harmony Energy Income Trust Ord,BLNNFY1,GB00BLNNFY18,2021-11,2025-05,42,Renewable Energy Infrastructure
SEDOL:BP5X4Q2,Ordinary Share,Life Science REIT Ord,Life Science REIT; Life Science REIT Ord,BP5X4Q2,GB00BP5X4Q29,2021-11,2026-03,52,Property - UK Commercial
SEDOL:BLNNFL8,Ordinary Share,Pantheon Infrastructure,Pantheon Infrastructure,BLNNFL8,GB00BLNNFL88,2021-11,2026-07,56,Infrastructure
SEDOL:BLBJFZ2,Ordinary Share,Thomas Lloyd Energy Impact Trust,Asian Energy Impact Trust; Thomas Lloyd Energy Impact Trust,BLBJFZ2,GB00BLBJFZ25,2021-12,2024-05,29,Renewable Energy Infrastructure
SEDOL:BMF1L08,Ordinary Share,Literacy Capital,Literacy Capital,BMF1L08,GB00BMF1L080,2022-01,2026-07,55,Private Equity
SEDOL:BL594H3,Ordinary Share,Superseed Capital,SuperSeed Capital; Superseed Capital,BL594H3,GG00BL594H32,2022-02,2024-10,32,Technology & Technology Innovation
SEDOL:BMYXV61,Ordinary Share,Downing Four AIM shares,Downing Four AIM; Downing Four AIM shares; Thames Ventures VCT 2 AIM shares,BMYXV61,GB00BMYXV611,2022-04,2024-10,30,VCT AIM Quoted
SEDOL:BNGFHX1,Ordinary Share,Octopus Future Generations VCT,Octopus Future Generations VCT,BNGFHX1,GB00BNGFHX14,2022-05,2026-07,50,VCT
SEDOL:0310505,Ordinary Share,Oxford Technology 2 VCT,Oxford Technology 2 VCT; Oxford Technology 2 VCT - OT2 shares,0310505,GB0003105052,2022-08,2026-07,48,VCT
SEDOL:BLNNFZ2,Ordinary Share,Harmony Energy Income C Shares,Harmony Energy Income C Shares,BLNNFZ2,GB00BLNNFZ25,2022-10,2022-12,3,Renewable Energy Infrastructure
SEDOL:BNNPF74,Ordinary Share,JPMorgan Global Growth & Income C Shares,JPMorgan Global Growth & Income C Shares,BNNPF74,GB00BNNPF744,2022-12,2023-02,3,Global Equity Income
SEDOL:BLN7H03,Ordinary Share,M7 Regional E-Warehouse REIT,M7 Regional E-Warehouse REIT,BLN7H03,GB00BLN7H037,2023-01,2023-10,10,Property - UK Logistics
SEDOL:3142039,Ordinary Share,Oxford Technology 2 VCT - OT3 shares,Oxford Technology 2 VCT - OT3 shares,3142039; BN73FN0,GB0031420390; GB00BN73FN07,2023-01,2026-07,43,VCT
SEDOL:B01H4V8,Ordinary Share,Oxford Technology 2 VCT - OT4 shares,Oxford Technology 2 VCT - OT4 shares,B01H4V8; BN73FP2,GB00B01H4V84; GB00BN73FP21,2023-01,2026-07,43,VCT
SEDOL:BMZR151,Ordinary Share,Onward Opportunities,Onward Opportunities,BMZR151,GG00BMZR1514,2023-04,2026-07,39,UK Smaller Companies
SEDOL:BMZR7D1,Ordinary Share,Ashoka WhiteOak Emerging Markets Trust,Ashoka WhiteOak Emerging Markets; Ashoka WhiteOak Emerging Markets Trust,BMZR7D1,GB00BMZR7D19,2023-05,2026-07,38,Global Emerging Markets
SEDOL:BKV46W4,Ordinary Share,BlackFinch Spring VCT,BlackFinch Spring VCT; Blackfinch Spring VCT,BKV46W4,GB00BKV46W45,2023-10,2026-07,34,VCT
SEDOL:BP2RHT1,Ordinary Share,Fuel Ventures VCT,Fuel Ventures VCT,BP2RHT1,GB00BP2RHT10,2024-06,2025-10,17,VCT
SEDOL:BPJMQ25,Ordinary Share,Aberforth Geared Value & Income Trust,Aberforth Geared Value & Income Trust,BPJMQ25,GB00BPJMQ253,2024-07,2026-07,25,UK Smaller Companies
SEDOL:BPJMQ36,Aberforth Geared Value & Inc ZDP,Aberforth Geared Value & Income Trust,Aberforth Geared Value & Income Trust,BPJMQ36,GB00BPJMQ360,2024-07,2026-07,25,UK Smaller Companies
SEDOL:B1G9T99,Ordinary Share,Golden Prospect Precious Metals,Golden Prospect Precious Metals,B1G9T99,GG00B1G9T992,2024-07,2026-07,25,Commodities & Natural Resources
SEDOL:BSPT654,C Share,Albion Crown VCT C Share,Albion Crown VCT C Share; Albion Crown VCT C shares,BSPT654,GB00BSPT6546,2025-01,2026-07,19,VCT
SEDOL:BT3GKD0,Ordinary Share,Achilles Investment Company,Achilles Investment Company,BT3GKD0,GG00BT3GKD08,2025-02,2026-07,18,Flexible Investment
SEDOL:BRC8992,Ordinary Share,Puma AIM VCT,Puma AIM VCT,BRC8992,GB00BRC89928,2025-04,2026-07,16,VCT AIM Quoted
SEDOL:BY7QYJ5,Ordinary Share,Molten Ventures,Molten Ventures,BY7QYJ5,GB00BY7QYJ50,2026-01,2026-07,7,Growth Capital
SEDOL:BL690L8,Ordinary Share,Praetura Growth VCT,PXN Growth VCT; Praetura Growth VCT,BL690L8,GB00BL690L89,2026-02,2026-07,6,VCT
SEDOL:BW6HS59,C Share,Seraphim Space Investment Trust C shares,Seraphim Space Investment Trust C shares,BW6HS59,GB00BW6HS596,2026-06,2026-07,2,Growth Capital
