month,month_end,n_funds,sufficient,mean_discount,median_discount,cap_weighted_discount,p10_discount,p25_discount,p75_discount,p90_discount,std_discount,iqr_discount,pct_at_discount,pct_wider_than_10,pct_wider_than_20,pct_at_premium,n_with_market_cap,total_market_cap_local,mean_discount_pct,median_discount_pct,cap_weighted_discount_pct,p10_discount_pct,p25_discount_pct,p75_discount_pct,p90_discount_pct,std_discount_pct,iqr_discount_pct,pct_at_discount_pct,pct_at_discount_share_pct,pct_wider_than_10_share_pct,pct_wider_than_20_share_pct,pct_at_premium_share_pct,mean_discount_balanced,markets_included,n_markets,mean_discount_balanced_pct
2007-01,2007-01-31,176,True,-0.05478043823056034,-0.05546255355474289,-0.07258388064082191,-0.11081260127028997,-0.09248257171304974,-0.027078745262030773,0.017356268765551297,0.050667746593925304,0.06540382645101897,0.8636363636363636,0.1534090909090909,0.0,0.13636363636363635,176,44385.763138545,-5.478043823056034,-5.546255355474289,-7.258388064082191,-11.081260127028997,-9.248257171304974,-2.7078745262030774,1.7356268765551297,5.0667746593925305,6.540382645101897,86.36363636363636,86.36363636363636,15.340909090909092,0.0,13.636363636363635,-0.05478043823056034,UK,1,-5.478043823056034
2007-02,2007-02-28,177,True,-0.05589925784432255,-0.057588208439314004,-0.07540264937614125,-0.11457193275539142,-0.09133709981167604,-0.022509378907878297,0.010437908566819292,0.05077573481338173,0.06882772090379774,0.8418079096045198,0.1864406779661017,0.005649717514124294,0.15819209039548024,177,43996.718213838,-5.589925784432255,-5.7588208439314,-7.540264937614125,-11.457193275539142,-9.133709981167604,-2.2509378907878297,1.0437908566819292,5.077573481338173,6.882772090379774,84.18079096045197,84.18079096045197,18.64406779661017,0.5649717514124294,15.819209039548024,-0.05589925784432255,UK,1,-5.589925784432255
2007-03,2007-03-31,183,True,-0.06104232962283934,-0.06566559408890482,-0.07461681852290046,-0.12193853982886674,-0.0984796284717358,-0.031172430217841496,0.007840875503074687,0.055753841034372524,0.06730719825389431,0.8852459016393442,0.23497267759562843,0.00546448087431694,0.11475409836065574,183,45639.2181001035,-6.104232962283934,-6.566559408890482,-7.461681852290046,-12.193853982886674,-9.84796284717358,-3.11724302178415,0.7840875503074687,5.575384103437252,6.73071982538943,88.52459016393442,88.52459016393442,23.497267759562842,0.546448087431694,11.475409836065573,-0.06104232962283934,UK,1,-6.104232962283934
2007-04,2007-04-30,182,True,-0.0601210612032418,-0.06426205987304151,-0.0747345309687608,-0.11628312800315249,-0.09463039438869908,-0.029639263132823335,0.005848436157127896,0.055032999846075556,0.06499113125587574,0.8791208791208791,0.2087912087912088,0.005494505494505495,0.12087912087912088,182,46503.637762339495,-6.01210612032418,-6.426205987304151,-7.47345309687608,-11.62831280031525,-9.463039438869908,-2.9639263132823332,0.5848436157127896,5.503299984607556,6.4991131255875745,87.91208791208791,87.91208791208791,20.87912087912088,0.5494505494505495,12.087912087912088,-0.0601210612032418,UK,1,-6.01210612032418
2007-05,2007-05-31,179,True,-0.07364730514233452,-0.08255556624651206,-0.08481923065984628,-0.13461882663289676,-0.10761767390628085,-0.04432547422556182,-0.00022745205762006037,0.056688196632556954,0.06329219968071903,0.8994413407821229,0.329608938547486,0.01675977653631285,0.1005586592178771,179,45643.419835722496,-7.364730514233451,-8.255556624651206,-8.481923065984628,-13.461882663289677,-10.761767390628085,-4.4325474225561825,-0.022745205762006036,5.668819663255696,6.329219968071903,89.94413407821229,89.94413407821229,32.960893854748605,1.675977653631285,10.05586592178771,-0.07364730514233452,UK,1,-7.364730514233451
2007-06,2007-06-30,189,True,-0.07666689725631567,-0.08445719394978024,-0.09426847306071065,-0.13797267583567532,-0.11521446432006155,-0.04372464421405109,0.010310946319914766,0.05682980084848219,0.07148982010601046,0.8888888888888888,0.3968253968253968,0.0,0.1111111111111111,189,48049.3539058245,-7.666689725631567,-8.445719394978024,-9.426847306071066,-13.797267583567532,-11.521446432006154,-4.372464421405109,1.0310946319914767,5.682980084848219,7.1489820106010455,88.88888888888889,88.88888888888889,39.682539682539684,0.0,11.11111111111111,-0.07666689725631567,UK,1,-7.666689725631567
2007-07,2007-07-31,185,True,-0.07334755432039827,-0.07902554961378483,-0.08310059948746189,-0.14010732018461614,-0.1071428571428571,-0.037569573283858904,-0.0015524798949701495,0.052109880745701165,0.06957328385899819,0.9027027027027027,0.31891891891891894,0.0,0.0972972972972973,185,45962.621498261506,-7.334755432039827,-7.902554961378483,-8.310059948746188,-14.010732018461614,-10.71428571428571,-3.7569573283858904,-0.15524798949701496,5.210988074570117,6.957328385899819,90.27027027027027,90.27027027027027,31.891891891891895,0.0,9.72972972972973,-0.07334755432039827,UK,1,-7.334755432039827
2007-08,2007-08-31,184,True,-0.07383967631635946,-0.07715294488658259,-0.08137348129129518,-0.14474262880836095,-0.10582210115172838,-0.04252214225798645,-0.009885330897899449,0.05612465029149311,0.06329995889374193,0.9184782608695652,0.31521739130434784,0.005434782608695652,0.08152173913043478,184,43165.599216350005,-7.3839676316359455,-7.715294488658259,-8.137348129129517,-14.474262880836095,-10.582210115172838,-4.252214225798645,-0.9885330897899449,5.612465029149312,6.329995889374193,91.84782608695652,91.84782608695652,31.521739130434785,0.5434782608695652,8.152173913043478,-0.07383967631635946,UK,1,-7.3839676316359455
2007-09,2007-09-30,193,True,-0.07636953003975719,-0.08550525834476452,-0.08748308392543112,-0.1447534202699716,-0.11158051689860837,-0.03856175091193337,-0.0027146718621074047,0.05976176671081959,0.073018765986675,0.9119170984455959,0.34196891191709844,0.015544041450777202,0.08808290155440414,193,49230.666830636,-7.6369530039757185,-8.550525834476453,-8.748308392543112,-14.47534202699716,-11.158051689860837,-3.856175091193337,-0.27146718621074045,5.9761766710819595,7.3018765986675005,91.19170984455958,91.19170984455958,34.196891191709845,1.5544041450777202,8.808290155440414,-0.07636953003975719,UK,1,-7.6369530039757185
2007-10,2007-10-31,187,True,-0.08228211696066207,-0.08377671566417177,-0.09268250489505503,-0.15955638521137055,-0.11829516383220312,-0.04225963240595154,-0.004544722732362749,0.060596833685739086,0.07603553142625158,0.9144385026737968,0.40641711229946526,0.0213903743315508,0.0855614973262032,187,49001.6842961255,-8.228211696066207,-8.377671566417177,-9.268250489505503,-15.955638521137056,-11.829516383220312,-4.225963240595155,-0.45447227323627487,6.059683368573909,7.603553142625158,91.44385026737967,91.44385026737967,40.64171122994652,2.13903743315508,8.55614973262032,-0.08228211696066207,UK,1,-8.228211696066207
2007-11,2007-11-30,185,True,-0.09883467278784389,-0.09748150966729296,-0.09539292176077087,-0.18467262016314107,-0.13514997597638823,-0.056119916614274734,-0.013043166060445964,0.06677987739393498,0.07903005936211349,0.9351351351351351,0.4702702702702703,0.05405405405405406,0.06486486486486487,185,45964.864242634,-9.883467278784389,-9.748150966729296,-9.539292176077087,-18.467262016314105,-13.514997597638823,-5.611991661427473,-1.3043166060445965,6.677987739393498,7.903005936211349,93.51351351351352,93.51351351351352,47.02702702702703,5.405405405405405,6.486486486486487,-0.09883467278784389,UK,1,-9.883467278784389
2007-12,2007-12-31,191,True,-0.10524615932107564,-0.10510873317224712,-0.11186584227824242,-0.187771286837897,-0.13588725539580426,-0.062480252266526815,-0.030923966685972082,0.06249149649954895,0.07340700312927745,0.9581151832460733,0.518324607329843,0.07853403141361257,0.041884816753926704,191,47319.4607416955,-10.524615932107565,-10.51087331722471,-11.186584227824243,-18.7771286837897,-13.588725539580427,-6.248025226652682,-3.092396668597208,6.249149649954895,7.340700312927745,95.81151832460732,95.81151832460732,51.832460732984295,7.853403141361256,4.18848167539267,-0.10524615932107564,UK,1,-10.524615932107565
2008-01,2008-01-31,185,True,-0.09820160259068639,-0.09589780496581501,-0.09611405255346048,-0.18508854407587225,-0.14170313025917203,-0.060247167868177076,-0.02052505437633058,0.06437588007287734,0.08145596239099495,0.9297297297297298,0.4594594594594595,0.04864864864864865,0.07027027027027027,185,40170.492448149496,-9.820160259068638,-9.5897804965815,-9.611405255346048,-18.508854407587226,-14.170313025917203,-6.024716786817708,-2.052505437633058,6.437588007287734,8.145596239099495,92.97297297297298,92.97297297297298,45.94594594594595,4.864864864864865,7.027027027027027,-0.09820160259068639,UK,1,-9.820160259068638
2008-02,2008-02-29,182,True,-0.08467383569979482,-0.08915158556946268,-0.08679759369874121,-0.16788721752257627,-0.12002157050336926,-0.04698273079709861,-0.007089263507033915,0.06192770557832888,0.07303883970627065,0.9285714285714286,0.3901098901098901,0.027472527472527472,0.07142857142857142,182,43329.42817713201,-8.467383569979482,-8.915158556946267,-8.679759369874121,-16.788721752257626,-12.002157050336926,-4.698273079709861,-0.7089263507033915,6.192770557832888,7.303883970627065,92.85714285714286,92.85714285714286,39.010989010989015,2.7472527472527473,7.142857142857142,-0.08467383569979482,UK,1,-8.467383569979482
2008-03,2008-03-31,190,True,-0.10075039016657618,-0.09875115695926279,-0.09053324215011573,-0.18682390824253736,-0.1425391613434902,-0.058005868325359144,-0.018114066822379787,0.06845638954498752,0.08453329301813106,0.9263157894736842,0.48947368421052634,0.07894736842105263,0.07368421052631578,190,44453.917317066,-10.075039016657618,-9.87511569592628,-9.053324215011573,-18.682390824253737,-14.253916134349021,-5.800586832535915,-1.8114066822379788,6.845638954498752,8.453329301813106,92.63157894736842,92.63157894736842,48.94736842105264,7.894736842105263,7.368421052631578,-0.10075039016657618,UK,1,-10.075039016657618
2008-04,2008-04-30,185,True,-0.0928287332629637,-0.09266876360996856,-0.06775497230373514,-0.17926843705246548,-0.13345843912131583,-0.05703647744442042,-0.012329671459123184,0.06634548732399559,0.07642196167689541,0.9135135135135135,0.42702702702702705,0.043243243243243246,0.08648648648648649,185,75327.9377197585,-9.28287332629637,-9.266876360996857,-6.775497230373515,-17.926843705246547,-13.345843912131583,-5.703647744442042,-1.2329671459123184,6.6345487323995584,7.642196167689541,91.35135135135135,91.35135135135135,42.7027027027027,4.324324324324325,8.64864864864865,-0.0928287332629637,UK,1,-9.28287332629637
2008-05,2008-05-31,188,True,-0.09394493000670479,-0.09656255730337926,-0.09445277232013312,-0.17273869888632482,-0.12545791029599287,-0.06066585774023053,-0.017492972173870282,0.06629374535937535,0.06479205255576234,0.925531914893617,0.4734042553191489,0.047872340425531915,0.07446808510638298,188,45069.3816998525,-9.39449300067048,-9.656255730337925,-9.445277232013312,-17.273869888632483,-12.545791029599288,-6.0665857740230535,-1.7492972173870283,6.629374535937535,6.479205255576234,92.5531914893617,92.5531914893617,47.340425531914896,4.787234042553192,7.446808510638298,-0.09394493000670479,UK,1,-9.39449300067048
2008-06,2008-06-30,192,True,-0.09939322638468089,-0.10317482314461246,-0.10189228334366188,-0.190225577525763,-0.13542527040156419,-0.06104610857154019,-0.014253639414529897,0.06714774457316698,0.074379161830024,0.9166666666666666,0.5260416666666666,0.0625,0.08333333333333333,192,39941.988761349494,-9.939322638468088,-10.317482314461246,-10.189228334366188,-19.0225577525763,-13.542527040156418,-6.104610857154019,-1.4253639414529897,6.7147744573166985,7.437916183002399,91.66666666666666,91.66666666666666,52.604166666666664,6.25,8.333333333333332,-0.09939322638468089,UK,1,-9.939322638468088
2008-07,2008-07-31,190,True,-0.09574930881317231,-0.09300145705217627,-0.08230908246674475,-0.1843109300889001,-0.13516817005628945,-0.06226713053261276,-0.01486059072169304,0.07158124560808621,0.07290103952367669,0.9315789473684211,0.45263157894736844,0.07368421052631578,0.06842105263157895,190,39744.955482337995,-9.574930881317231,-9.300145705217627,-8.230908246674474,-18.43109300889001,-13.516817005628944,-6.226713053261276,-1.486059072169304,7.158124560808621,7.2901039523676685,93.15789473684211,93.15789473684211,45.26315789473684,7.368421052631578,6.842105263157896,-0.09574930881317231,UK,1,-9.574930881317231
2008-08,2008-08-31,186,True,-0.11164441585546145,-0.10790787814045044,-0.09612485967139556,-0.1934436631235394,-0.15113609135866946,-0.06987618140404425,-0.03977407931941945,0.06604873324628645,0.0812599099546252,0.9623655913978495,0.5645161290322581,0.0967741935483871,0.03763440860215054,186,39147.693827181,-11.164441585546145,-10.790787814045045,-9.612485967139555,-19.344366312353937,-15.113609135866945,-6.987618140404425,-3.9774079319419453,6.604873324628644,8.125990995462521,96.23655913978494,96.23655913978494,56.451612903225815,9.67741935483871,3.763440860215054,-0.11164441585546145,UK,1,-11.164441585546145
2008-09,2008-09-30,193,True,-0.11381464426065697,-0.11116522586143918,-0.10143759822540856,-0.19960351958922554,-0.15066254159126735,-0.07217308907138342,-0.010417281963032722,0.07570643149588764,0.07848945251988393,0.9378238341968912,0.6010362694300518,0.10362694300518134,0.06217616580310881,193,33772.062783252506,-11.381464426065698,-11.116522586143917,-10.143759822540856,-19.960351958922555,-15.066254159126736,-7.217308907138342,-1.041728196303272,7.570643149588764,7.848945251988393,93.78238341968913,93.78238341968913,60.10362694300518,10.362694300518134,6.217616580310881,-0.11381464426065697,UK,1,-11.381464426065698
2008-10,2008-10-31,188,True,-0.12422965386640938,-0.12156888847125641,-0.10407455233658934,-0.2377263855973517,-0.1717631263149766,-0.06524917477765055,-0.0199796592521194,0.09214182049113752,0.10651395153732604,0.9361702127659575,0.6117021276595744,0.18085106382978725,0.06382978723404255,188,27786.612902329,-12.42296538664094,-12.156888847125641,-10.407455233658935,-23.77263855973517,-17.17631263149766,-6.5249174777650545,-1.99796592521194,9.214182049113752,10.651395153732604,93.61702127659575,93.61702127659575,61.170212765957444,18.085106382978726,6.382978723404255,-0.12422965386640938,UK,1,-12.42296538664094
2008-11,2008-11-30,189,True,-0.1361516732945261,-0.11824397548816767,-0.11135625164027277,-0.2672262016764776,-0.17794970986460346,-0.07548054383497427,-0.028445995081199507,0.10113651586043772,0.10246916602962919,0.9417989417989417,0.5978835978835979,0.19047619047619047,0.0582010582010582,189,27599.283475446,-13.61516732945261,-11.824397548816767,-11.135625164027276,-26.722620167647758,-17.794970986460346,-7.548054383497426,-2.8445995081199507,10.113651586043773,10.24691660296292,94.17989417989418,94.17989417989418,59.78835978835979,19.047619047619047,5.82010582010582,-0.1361516732945261,UK,1,-13.61516732945261
2008-12,2008-12-31,194,True,-0.15197467891835378,-0.12472898158806117,-0.12817860338984247,-0.2951089480607726,-0.1972365493069301,-0.07271756820349295,-0.031884365700653436,0.13026610258956095,0.12451898110343715,0.9690721649484536,0.6082474226804123,0.2422680412371134,0.030927835051546393,194,29531.272734248996,-15.197467891835378,-12.472898158806117,-12.817860338984246,-29.51089480607726,-19.72365493069301,-7.271756820349296,-3.1884365700653436,13.026610258956095,12.451898110343715,96.90721649484536,96.90721649484536,60.824742268041234,24.22680412371134,3.0927835051546393,-0.15197467891835378,UK,1,-15.197467891835378
2009-01,2009-01-31,189,True,-0.11743094641947803,-0.08927703182855218,-0.08835650431221014,-0.2628881275889928,-0.16744330537433982,-0.04068610044011145,0.0008229151546524297,0.11957659197986449,0.12675720493422837,0.8941798941798942,0.4497354497354497,0.1746031746031746,0.10582010582010581,189,28844.783896004003,-11.743094641947803,-8.927703182855218,-8.835650431221014,-26.288812758899283,-16.74433053743398,-4.068610044011145,0.08229151546524296,11.95765919798645,12.675720493422837,89.41798941798942,89.41798941798942,44.97354497354497,17.46031746031746,10.582010582010582,-0.11743094641947803,UK,1,-11.743094641947803
2009-02,2009-02-28,189,True,-0.12741275735941035,-0.10936850851682589,-0.10234162533377288,-0.2401252972588192,-0.17860021077428556,-0.05584572117316189,0.004700750732694251,0.11975158295815014,0.12275448960112367,0.8783068783068783,0.5555555555555556,0.20105820105820105,0.12169312169312169,189,26538.3479139065,-12.741275735941034,-10.936850851682589,-10.234162533377287,-24.01252972588192,-17.860021077428556,-5.584572117316188,0.4700750732694251,11.975158295815014,12.275448960112367,87.83068783068782,87.83068783068782,55.55555555555556,20.105820105820104,12.16931216931217,-0.12741275735941035,UK,1,-12.741275735941034
2009-03,2009-03-31,194,True,-0.13702221985717486,-0.11302702774904161,-0.09169059123031911,-0.26896479881442603,-0.17522571769932163,-0.06507730558976246,-0.015878266622560422,0.12668470695644166,0.11014841210955917,0.9329896907216495,0.5567010309278351,0.20618556701030927,0.06701030927835051,194,28948.0737791895,-13.702221985717486,-11.30270277490416,-9.16905912303191,-26.896479881442602,-17.522571769932163,-6.507730558976246,-1.5878266622560422,12.668470695644166,11.014841210955916,93.29896907216495,93.29896907216495,55.670103092783506,20.618556701030926,6.701030927835052,-0.13702221985717486,UK,1,-13.702221985717486
2009-04,2009-04-30,191,True,-0.11258994763124595,-0.09809229994333568,-0.06994476974274776,-0.20971158546521096,-0.159650522222764,-0.045463387040514724,-0.0057088487155090295,0.10802915786990736,0.11418713518224927,0.9057591623036649,0.49214659685863876,0.1256544502617801,0.09424083769633508,191,32036.6749292075,-11.258994763124596,-9.809229994333569,-6.994476974274775,-20.971158546521096,-15.965052222276398,-4.546338704051473,-0.570884871550903,10.802915786990736,11.418713518224926,90.57591623036649,90.57591623036649,49.21465968586388,12.56544502617801,9.424083769633508,-0.11258994763124595,UK,1,-11.258994763124596
2009-05,2009-05-31,189,True,-0.09087068718110748,-0.08817155883263439,-0.07221561430726546,-0.1811842229638604,-0.13233204789933029,-0.02974766701478959,0.007731791559082232,0.08179396581576061,0.1025843808845407,0.8677248677248677,0.42857142857142855,0.06878306878306878,0.13227513227513227,189,33157.0744333815,-9.087068718110748,-8.817155883263439,-7.221561430726546,-18.11842229638604,-13.233204789933028,-2.974766701478959,0.7731791559082232,8.17939658157606,10.258438088454069,86.77248677248677,86.77248677248677,42.857142857142854,6.878306878306878,13.227513227513226,-0.09087068718110748,UK,1,-9.087068718110748
2009-06,2009-06-30,194,True,-0.09105156658328961,-0.08659328726999643,-0.07497089053261191,-0.17911839708561017,-0.12985228836780446,-0.03815545382878885,0.003113754651299633,0.08095806425809096,0.09169683453901561,0.8917525773195877,0.41237113402061853,0.08247422680412371,0.10824742268041238,194,33763.332546636,-9.105156658328962,-8.659328726999643,-7.497089053261191,-17.91183970856102,-12.985228836780447,-3.815545382878885,0.3113754651299633,8.095806425809096,9.16968345390156,89.17525773195877,89.17525773195877,41.23711340206185,8.24742268041237,10.824742268041238,-0.09105156658328961,UK,1,-9.105156658328962
2009-07,2009-07-31,188,True,-0.1031652109817646,-0.09395089188282651,-0.08745560471622515,-0.1913763741402352,-0.14768055990334636,-0.05228998632184345,-0.011005973204810202,0.08300973960061629,0.09539057358150291,0.9148936170212766,0.4627659574468085,0.0851063829787234,0.0851063829787234,188,33982.545595660005,-10.316521098176459,-9.395089188282652,-8.745560471622515,-19.13763741402352,-14.768055990334636,-5.228998632184345,-1.1005973204810202,8.30097396006163,9.539057358150291,91.48936170212765,91.48936170212765,46.27659574468085,8.51063829787234,8.51063829787234,-0.1031652109817646,UK,1,-10.316521098176459
2009-08,2009-08-31,186,True,-0.10061067380560074,-0.0942866951750701,-0.08556751272530194,-0.18887165029623904,-0.14538128299297534,-0.05467056485483335,-0.016753700305002894,0.07809115894391425,0.090710718138142,0.9354838709677419,0.46236559139784944,0.06451612903225806,0.06451612903225806,186,34683.818429413004,-10.061067380560074,-9.42866951750701,-8.556751272530194,-18.887165029623905,-14.538128299297535,-5.467056485483335,-1.6753700305002894,7.809115894391424,9.0710718138142,93.54838709677419,93.54838709677419,46.236559139784944,6.451612903225806,6.451612903225806,-0.10061067380560074,UK,1,-10.061067380560074
2009-09,2009-09-30,191,True,-0.10297942344883829,-0.0949694405265632,-0.09654885773706155,-0.18455298293053912,-0.14275451723838012,-0.05968562227822949,-0.017766864076267597,0.07715973988654612,0.08306889496015063,0.9267015706806283,0.46596858638743455,0.07853403141361257,0.07329842931937172,191,37990.39711126749,-10.297942344883829,-9.49694405265632,-9.654885773706155,-18.45529829305391,-14.275451723838012,-5.968562227822948,-1.7766864076267597,7.715973988654612,8.306889496015064,92.67015706806284,92.67015706806284,46.596858638743456,7.853403141361256,7.329842931937172,-0.10297942344883829,UK,1,-10.297942344883829
2009-10,2009-10-31,184,True,-0.09335798426012386,-0.08718703524028615,-0.09409252271557186,-0.1828555097407099,-0.13404321769542427,-0.047497221620924235,-0.008801835993530563,0.07644366430341422,0.08654599607450003,0.907608695652174,0.3967391304347826,0.07608695652173914,0.09239130434782608,184,35758.756098018996,-9.335798426012385,-8.718703524028616,-9.409252271557186,-18.28555097407099,-13.404321769542427,-4.749722162092423,-0.8801835993530562,7.644366430341422,8.654599607450002,90.76086956521739,90.76086956521739,39.67391304347826,7.608695652173914,9.239130434782608,-0.09335798426012386,UK,1,-9.335798426012385
2009-11,2009-11-30,184,True,-0.10420846408519834,-0.10064483196631069,-0.10327279714491668,-0.18749709047092686,-0.14798720034918528,-0.05531502765199675,-0.016468759970532067,0.0766829908300988,0.09267217269718853,0.9402173913043478,0.5054347826086957,0.06521739130434782,0.059782608695652176,184,37246.6548631255,-10.420846408519834,-10.06448319663107,-10.327279714491668,-18.749709047092686,-14.798720034918528,-5.531502765199675,-1.6468759970532068,7.66829908300988,9.267217269718852,94.02173913043478,94.02173913043478,50.54347826086957,6.521739130434782,5.978260869565218,-0.10420846408519834,UK,1,-10.420846408519834
2009-12,2009-12-31,182,True,-0.10430195556809692,-0.09443342746769445,-0.09892783130690319,-0.19722021107502566,-0.14916733911903585,-0.056751597723516234,-0.017642785513098464,0.07725776528930962,0.09241574139551961,0.9285714285714286,0.46703296703296704,0.09340659340659341,0.07142857142857142,182,37378.23641084101,-10.430195556809691,-9.443342746769446,-9.892783130690319,-19.722021107502567,-14.916733911903584,-5.675159772351623,-1.7642785513098465,7.725776528930963,9.241574139551961,92.85714285714286,92.85714285714286,46.7032967032967,9.340659340659341,7.142857142857142,-0.10430195556809692,UK,1,-10.430195556809691
2010-01,2010-01-31,182,True,-0.10268503020292528,-0.09196522705200044,-0.10006603256365298,-0.19646259481674128,-0.1433240580230857,-0.06044462161654174,-0.01717596306842382,0.07450900961534145,0.08287943640654397,0.9395604395604396,0.4340659340659341,0.0989010989010989,0.06043956043956044,182,37603.767342710504,-10.268503020292528,-9.196522705200044,-10.006603256365299,-19.64625948167413,-14.332405802308571,-6.044462161654174,-1.717596306842382,7.450900961534145,8.287943640654397,93.95604395604396,93.95604395604396,43.40659340659341,9.89010989010989,6.043956043956044,-0.10268503020292528,UK,1,-10.268503020292528
2010-02,2010-02-28,182,True,-0.1102433783431789,-0.10421095303563294,-0.10687869943280214,-0.20574209470456137,-0.15579086921422475,-0.06020475415011564,-0.0188070894632956,0.07427255416643473,0.0955861150641091,0.9560439560439561,0.532967032967033,0.11538461538461539,0.04395604395604396,182,38716.505170658,-11.02433783431789,-10.421095303563293,-10.687869943280214,-20.574209470456136,-15.579086921422475,-6.020475415011564,-1.8807089463295599,7.427255416643473,9.55861150641091,95.6043956043956,95.6043956043956,53.2967032967033,11.538461538461538,4.395604395604396,-0.1102433783431789,UK,1,-11.02433783431789
2010-03,2010-03-31,185,True,-0.10694464909684562,-0.09655046541339662,-0.09702929264478365,-0.19960020930925126,-0.14662164032441105,-0.05621968121968113,-0.009431197662672827,0.08404483710166898,0.09040195910472992,0.9297297297297298,0.4648648648648649,0.10270270270270271,0.07027027027027027,185,41657.64251994251,-10.694464909684562,-9.655046541339662,-9.702929264478364,-19.960020930925126,-14.662164032441105,-5.621968121968113,-0.9431197662672827,8.404483710166897,9.040195910472992,92.97297297297298,92.97297297297298,46.48648648648649,10.27027027027027,7.027027027027027,-0.10694464909684562,UK,1,-10.694464909684562
2010-04,2010-04-30,181,True,-0.10480740034939365,-0.09728478810041163,-0.10248656293368621,-0.19980833732630565,-0.14864522105448885,-0.060661648428110615,-0.007711499206169314,0.07836631248806811,0.08798357262637824,0.9226519337016574,0.49171270718232046,0.09944751381215469,0.07734806629834254,181,39997.928961728,-10.480740034939364,-9.728478810041164,-10.248656293368622,-19.980833732630565,-14.864522105448884,-6.0661648428110615,-0.7711499206169314,7.83663124880681,8.798357262637824,92.26519337016575,92.26519337016575,49.171270718232044,9.94475138121547,7.734806629834254,-0.10480740034939365,UK,1,-10.480740034939364
2010-05,2010-05-31,181,True,-0.10718915395939684,-0.10445942652912033,-0.10122228606637357,-0.19665503126491046,-0.15663671808781154,-0.04973357015985791,-0.001328955597248327,0.0823516599071487,0.10690314792795363,0.9005524861878453,0.5303867403314917,0.09392265193370165,0.09944751381215469,181,37486.054208267495,-10.718915395939684,-10.445942652912033,-10.122228606637357,-19.665503126491046,-15.663671808781155,-4.9733570159857905,-0.1328955597248327,8.23516599071487,10.690314792795363,90.05524861878453,90.05524861878453,53.03867403314917,9.392265193370166,9.94475138121547,-0.10718915395939684,UK,1,-10.718915395939684
2010-06,2010-06-30,183,True,-0.0966046717479224,-0.0949011954135155,-0.08840156669496617,-0.18880196046054337,-0.14581276447128516,-0.04110011174757572,0.01779148409482745,0.09184428554593087,0.10471265272370944,0.8579234972677595,0.47540983606557374,0.08196721311475409,0.14207650273224043,183,37714.34538259299,-9.66046717479224,-9.49011954135155,-8.840156669496617,-18.880196046054337,-14.581276447128516,-4.110011174757572,1.7791484094827452,9.184428554593087,10.471265272370944,85.79234972677595,85.79234972677595,47.540983606557376,8.19672131147541,14.207650273224044,-0.0966046717479224,UK,1,-9.66046717479224
2010-07,2010-07-31,181,True,-0.091792327297679,-0.09316446088895225,-0.08604535595993444,-0.18141801233463584,-0.14548725407639895,-0.02621722846441943,0.015364779198452805,0.08996064169663391,0.11927002561197952,0.856353591160221,0.4696132596685083,0.06077348066298342,0.143646408839779,181,38589.0816168874,-9.1792327297679,-9.316446088895225,-8.604535595993443,-18.141801233463582,-14.548725407639896,-2.621722846441943,1.5364779198452805,8.996064169663391,11.927002561197952,85.6353591160221,85.6353591160221,46.96132596685083,6.077348066298343,14.3646408839779,-0.091792327297679,UK,1,-9.1792327297679
2010-08,2010-08-31,183,True,-0.09905185336308475,-0.09896553996178437,-0.09061092766759277,-0.18685388091774874,-0.15809213836779168,-0.033705507209498387,0.01063390343711241,0.08801935436344414,0.12438663115829329,0.8524590163934426,0.4918032786885246,0.07103825136612021,0.14754098360655737,183,38412.64715240851,-9.905185336308476,-9.896553996178437,-9.061092766759277,-18.685388091774875,-15.809213836779168,-3.3705507209498387,1.063390343711241,8.801935436344415,12.438663115829328,85.24590163934425,85.24590163934425,49.18032786885246,7.103825136612022,14.754098360655737,-0.09905185336308475,UK,1,-9.905185336308476
2010-09,2010-09-30,184,True,-0.09881386773659663,-0.09295329652360051,-0.09232882789881232,-0.1933711394590447,-0.15949785824592408,-0.031341362109317705,0.010375476155925004,0.09206958186104437,0.12815649613660637,0.8695652173913043,0.45108695652173914,0.09239130434782608,0.13043478260869565,184,42470.7799789071,-9.881386773659663,-9.295329652360051,-9.232882789881232,-19.33711394590447,-15.949785824592407,-3.1341362109317705,1.0375476155925003,9.206958186104437,12.815649613660637,86.95652173913044,86.95652173913044,45.108695652173914,9.239130434782608,13.043478260869565,-0.09881386773659663,UK,1,-9.881386773659663
2010-10,2010-10-31,181,True,-0.08493269411797265,-0.08224182482402209,-0.08292494616861723,-0.18495908559553187,-0.14346895074946464,-0.02379499694935938,0.014637391882900808,0.08160430842784766,0.11967395380010526,0.861878453038674,0.425414364640884,0.049723756906077346,0.13812154696132597,181,42861.3281535068,-8.493269411797264,-8.22418248240221,-8.292494616861724,-18.495908559553186,-14.346895074946463,-2.379499694935938,1.4637391882900808,8.160430842784766,11.967395380010526,86.1878453038674,86.1878453038674,42.5414364640884,4.972375690607735,13.812154696132598,-0.08493269411797265,UK,1,-8.493269411797264
2010-11,2010-11-30,181,True,-0.087035760644518,-0.08203709243194734,-0.08236198137020513,-0.17799185057823208,-0.14671287544633482,-0.0247852415152795,0.016608202689897045,0.08311564725147998,0.12192763393105532,0.850828729281768,0.4530386740331492,0.06077348066298342,0.14917127071823205,181,44316.2374918885,-8.7035760644518,-8.203709243194734,-8.236198137020514,-17.79918505782321,-14.671287544633483,-2.47852415152795,1.6608202689897045,8.311564725147997,12.192763393105533,85.0828729281768,85.0828729281768,45.30386740331492,6.077348066298343,14.917127071823206,-0.087035760644518,UK,1,-8.7035760644518
2010-12,2010-12-31,184,True,-0.08446228405659346,-0.07966507939231754,-0.07573176806737997,-0.17475185987528727,-0.14024294885018304,-0.017383262619522583,0.02183002297640034,0.08559131087786566,0.12285968623066046,0.8478260869565217,0.3967391304347826,0.07065217391304347,0.15217391304347827,184,48893.668499163,-8.446228405659346,-7.966507939231754,-7.5731768067379965,-17.475185987528725,-14.024294885018303,-1.7383262619522584,2.183002297640034,8.559131087786566,12.285968623066045,84.78260869565217,84.78260869565217,39.67391304347826,7.065217391304348,15.217391304347828,-0.08446228405659346,UK,1,-8.446228405659346
2011-01,2011-01-31,180,True,-0.07351162258586055,-0.07373813024976311,-0.0712652410008718,-0.15691937290769029,-0.12708421417807017,-0.017299800752312078,0.02744720409633749,0.08204993051084743,0.10978441342575809,0.8333333333333334,0.35555555555555557,0.03888888888888889,0.16111111111111112,180,47298.4099840866,-7.351162258586055,-7.373813024976311,-7.126524100087179,-15.691937290769028,-12.708421417807017,-1.7299800752312078,2.7447204096337487,8.204993051084744,10.97844134257581,83.33333333333334,83.33333333333334,35.55555555555556,3.888888888888889,16.11111111111111,-0.07351162258586055,UK,1,-7.351162258586055
2011-02,2011-02-28,180,True,-0.08472376524294213,-0.08304365432039673,-0.08395815346878327,-0.17274664846619583,-0.13149548208419315,-0.027331153351593723,0.009738983816315596,0.07856582419553836,0.10416432873259943,0.8722222222222222,0.39444444444444443,0.044444444444444446,0.12222222222222222,180,46490.205252491396,-8.472376524294214,-8.304365432039674,-8.395815346878328,-17.274664846619583,-13.149548208419315,-2.7331153351593724,0.9738983816315596,7.856582419553836,10.416432873259943,87.22222222222223,87.22222222222223,39.44444444444444,4.444444444444445,12.222222222222221,-0.08472376524294213,UK,1,-8.472376524294214
2011-03,2011-03-31,183,True,-0.09129959696885998,-0.0943413187109533,-0.08237273426914431,-0.1816899997563653,-0.13575185088400415,-0.026507378249158053,0.00436745415971839,0.08289616514038209,0.1092444726348461,0.8797814207650273,0.4426229508196721,0.060109289617486336,0.12021857923497267,183,49165.856750634994,-9.129959696885997,-9.43413187109533,-8.237273426914431,-18.16899997563653,-13.575185088400415,-2.6507378249158053,0.436745415971839,8.289616514038208,10.92444726348461,87.97814207650273,87.97814207650273,44.26229508196721,6.0109289617486334,12.021857923497267,-0.09129959696885998,UK,1,-9.129959696885997
2011-04,2011-04-30,180,True,-0.08364969157673353,-0.08399965376322216,-0.07312303947358262,-0.17322025962411572,-0.13645486992634537,-0.01976238576690531,0.01621556309589838,0.0853507101205468,0.11669248415944006,0.8277777777777777,0.4222222222222222,0.044444444444444446,0.17222222222222222,180,49046.496573924596,-8.364969157673354,-8.399965376322216,-7.312303947358262,-17.322025962411573,-13.645486992634536,-1.976238576690531,1.6215563095898378,8.535071012054681,11.669248415944006,82.77777777777777,82.77777777777777,42.22222222222222,4.444444444444445,17.22222222222222,-0.08364969157673353,UK,1,-8.364969157673354
2011-05,2011-05-31,179,True,-0.08361568898896002,-0.08959156785243749,-0.07387878730912047,-0.17407491832125946,-0.13434626055629573,-0.019989661532677783,0.02291834343403792,0.0809487164019918,0.11435659902361794,0.8268156424581006,0.4134078212290503,0.055865921787709494,0.17318435754189945,179,48193.3583040544,-8.361568898896001,-8.95915678524375,-7.387878730912047,-17.407491832125945,-13.434626055629572,-1.9989661532677783,2.291834343403792,8.09487164019918,11.435659902361795,82.68156424581005,82.68156424581005,41.340782122905026,5.58659217877095,17.318435754189945,-0.08361568898896002,UK,1,-8.361568898896001
2011-06,2011-06-30,183,True,-0.08911498554524559,-0.0900752938165219,-0.07750320864128347,-0.1794121340550398,-0.14182109596332876,-0.026163593218762937,0.01974994488225123,0.08240288656341788,0.11565750274456582,0.8306010928961749,0.45901639344262296,0.07650273224043716,0.16939890710382513,183,49867.2661248803,-8.91149855452456,-9.00752938165219,-7.750320864128348,-17.94121340550398,-14.182109596332875,-2.6163593218762937,1.974994488225123,8.240288656341788,11.565750274456581,83.06010928961749,83.06010928961749,45.90163934426229,7.650273224043716,16.939890710382514,-0.08911498554524559,UK,1,-8.91149855452456
2011-07,2011-07-31,181,True,-0.08140700530092017,-0.08556499020248198,-0.07623129832582279,-0.1658897993228987,-0.1281866784916459,-0.022864959937463403,0.017538748397622594,0.0790596779557073,0.10532171855418249,0.8287292817679558,0.40331491712707185,0.04419889502762431,0.16574585635359115,181,47483.669459127195,-8.140700530092017,-8.556499020248198,-7.623129832582279,-16.58897993228987,-12.818667849164589,-2.2864959937463403,1.7538748397622594,7.90596779557073,10.532171855418248,82.87292817679558,82.87292817679558,40.331491712707184,4.41988950276243,16.574585635359114,-0.08140700530092017,UK,1,-8.140700530092017
2011-08,2011-08-31,179,True,-0.08296605542820384,-0.0770095108150407,-0.07279920416442065,-0.17553067790475002,-0.131286707450661,-0.017470205686210383,0.02077035974591969,0.0890912461156101,0.11381650176445063,0.8268156424581006,0.3854748603351955,0.055865921787709494,0.17318435754189945,179,42204.537796627905,-8.296605542820384,-7.700951081504071,-7.2799204164420654,-17.553067790475,-13.1286707450661,-1.7470205686210383,2.077035974591969,8.90912461156101,11.381650176445063,82.68156424581005,82.68156424581005,38.547486033519554,5.58659217877095,17.318435754189945,-0.08296605542820384,UK,1,-8.296605542820384
2011-09,2011-09-30,182,True,-0.08557068834616872,-0.07880245951034814,-0.0676162637972331,-0.17927952184492804,-0.13721876715477438,-0.01623603333521842,0.02944461368064908,0.1058482653659369,0.12098273381955596,0.8131868131868132,0.3956043956043956,0.06043956043956044,0.18681318681318682,182,41093.8721186456,-8.557068834616873,-7.880245951034814,-6.761626379723309,-17.927952184492803,-13.721876715477437,-1.6236033335218418,2.944461368064908,10.58482653659369,12.098273381955597,81.31868131868131,81.31868131868131,39.56043956043956,6.043956043956044,18.681318681318682,-0.08557068834616872,UK,1,-8.557068834616873
2011-10,2011-10-31,180,True,-0.0943543396133281,-0.08209564960757687,-0.07216324359472355,-0.1906076166731888,-0.14886215606931388,-0.024911244307499913,0.01088941343272352,0.1005490565338052,0.12395091176181397,0.8444444444444444,0.40555555555555556,0.09444444444444444,0.15555555555555556,180,43099.8767681764,-9.43543396133281,-8.209564960757687,-7.216324359472355,-19.06076166731888,-14.886215606931389,-2.4911244307499913,1.088941343272352,10.054905653380521,12.395091176181397,84.44444444444444,84.44444444444444,40.55555555555556,9.444444444444445,15.555555555555555,-0.0943543396133281,UK,1,-9.43543396133281
2011-11,2011-11-30,179,True,-0.09893590811528978,-0.09260799920529472,-0.07736754121380619,-0.19845102087872002,-0.15019544641573457,-0.029401519345391425,0.013674653672836766,0.09529733555463483,0.12079392707034314,0.8659217877094972,0.4692737430167598,0.1005586592178771,0.1340782122905028,179,42002.615502625,-9.893590811528979,-9.260799920529472,-7.73675412138062,-19.845102087872,-15.019544641573457,-2.9401519345391423,1.3674653672836765,9.529733555463483,12.079392707034314,86.59217877094973,86.59217877094973,46.927374301675975,10.05586592178771,13.40782122905028,-0.09893590811528978,UK,1,-9.893590811528979
2011-12,2011-12-31,181,True,-0.10347625537346904,-0.08753479740179404,-0.08265539766960027,-0.20262664165103195,-0.15421482943332387,-0.03803626713843433,0.0029773540645394725,0.09829849588311337,0.11617856229488954,0.8950276243093923,0.43646408839779005,0.11049723756906077,0.10497237569060773,181,41737.1186710471,-10.347625537346904,-8.753479740179404,-8.265539766960027,-20.262664165103196,-15.421482943332387,-3.803626713843433,0.29773540645394725,9.829849588311337,11.617856229488954,89.50276243093923,89.50276243093923,43.646408839779006,11.049723756906078,10.497237569060774,-0.10347625537346904,UK,1,-10.347625537346904
2012-01,2012-01-31,178,True,-0.10216809932400245,-0.0888702892389785,-0.08298943222386071,-0.21157976654602342,-0.15323543591271524,-0.02739435761989878,0.007347783053306016,0.0977935401510485,0.12584107829281646,0.8595505617977528,0.449438202247191,0.12359550561797752,0.1404494382022472,178,43499.379553373205,-10.216809932400245,-8.88702892389785,-8.298943222386072,-21.157976654602344,-15.323543591271523,-2.7394357619898777,0.7347783053306016,9.77935401510485,12.584107829281646,85.95505617977528,85.95505617977528,44.9438202247191,12.359550561797752,14.04494382022472,-0.10216809932400245,UK,1,-10.216809932400245
2012-02,2012-02-29,181,True,-0.09378716657117656,-0.08260181321053384,-0.0753893153570772,-0.19221698113207553,-0.1374836101398601,-0.020085803432137284,0.01330913490623109,0.10133389565088682,0.11739780670772282,0.8453038674033149,0.4198895027624309,0.08287292817679558,0.15469613259668508,181,45931.96780739671,-9.378716657117655,-8.260181321053384,-7.53893153570772,-19.22169811320755,-13.74836101398601,-2.0085803432137284,1.330913490623109,10.133389565088683,11.739780670772282,84.5303867403315,84.5303867403315,41.988950276243095,8.287292817679557,15.469613259668508,-0.09378716657117656,UK,1,-9.378716657117655
2012-03,2012-03-31,183,True,-0.09775020820976686,-0.08681144997951185,-0.07844349340139106,-0.20156812366940033,-0.14260521281683408,-0.023060447892947533,0.018055134172883455,0.10678524028388389,0.11954476492388655,0.8142076502732241,0.453551912568306,0.10382513661202186,0.18579234972677597,183,45685.121669618995,-9.775020820976685,-8.681144997951185,-7.8443493401391065,-20.156812366940034,-14.260521281683408,-2.306044789294753,1.8055134172883454,10.67852402838839,11.954476492388654,81.4207650273224,81.4207650273224,45.3551912568306,10.382513661202186,18.579234972677597,-0.09775020820976686,UK,1,-9.775020820976685
2012-04,2012-04-30,179,True,-0.09551076785284703,-0.09396514010729662,-0.0832104543301886,-0.2004909579926873,-0.14164977860572048,-0.02221252360782694,0.018209987843355323,0.09646476977037828,0.11943725499789354,0.8268156424581006,0.46368715083798884,0.1005586592178771,0.17318435754189945,179,44478.4199893652,-9.551076785284703,-9.396514010729662,-8.32104543301886,-20.04909579926873,-14.164977860572048,-2.221252360782694,1.8209987843355324,9.646476977037828,11.943725499789354,82.68156424581005,82.68156424581005,46.36871508379888,10.05586592178771,17.318435754189945,-0.09551076785284703,UK,1,-9.551076785284703
2012-05,2012-05-31,179,True,-0.10151120075153795,-0.09970781592403222,-0.09056713471616565,-0.20105005953421617,-0.15157878773485012,-0.035530731805305416,0.011186355159131299,0.09309286204355759,0.1160480559295447,0.8547486033519553,0.4972067039106145,0.10614525139664804,0.1452513966480447,179,41646.965965863696,-10.151120075153795,-9.970781592403222,-9.056713471616565,-20.105005953421617,-15.157878773485011,-3.5530731805305416,1.1186355159131298,9.30928620435576,11.60480559295447,85.47486033519553,85.47486033519553,49.72067039106145,10.614525139664805,14.52513966480447,-0.10151120075153795,UK,1,-10.151120075153795
2012-06,2012-06-30,177,True,-0.1003077623489519,-0.10030262548052027,-0.08826386020931638,-0.20124581181345708,-0.14538524824123977,-0.03507206282629072,0.011106497038993277,0.08992444171540118,0.11031318541494906,0.8531073446327684,0.5084745762711864,0.10734463276836158,0.14689265536723164,177,41369.276812341006,-10.03077623489519,-10.030262548052027,-8.826386020931638,-20.124581181345707,-14.538524824123977,-3.5072062826290717,1.1106497038993277,8.992444171540118,11.031318541494905,85.31073446327684,85.31073446327684,50.847457627118644,10.734463276836157,14.689265536723164,-0.1003077623489519,UK,1,-10.03077623489519
2012-07,2012-07-31,178,True,-0.09522229642618936,-0.10276408523110087,-0.07746509376221199,-0.19760942795469583,-0.14648667666719958,-0.02533845138098828,0.016057101318578893,0.09143475954965956,0.1211482252862113,0.848314606741573,0.5224719101123596,0.0898876404494382,0.15168539325842698,178,43786.0361423611,-9.522229642618935,-10.276408523110087,-7.746509376221199,-19.76094279546958,-14.648667666719959,-2.533845138098828,1.6057101318578892,9.143475954965956,12.114822528621131,84.8314606741573,84.8314606741573,52.24719101123596,8.98876404494382,15.168539325842698,-0.09522229642618936,UK,1,-9.522229642618935
2012-08,2012-08-31,174,True,-0.09351013338468588,-0.09695812630460482,-0.079689828463554,-0.1985134542909142,-0.14129904825705322,-0.030839415255903224,0.021144883036584898,0.09151223628434138,0.11045963300115,0.8390804597701149,0.4827586206896552,0.10344827586206896,0.16091954022988506,174,43872.749421108405,-9.351013338468588,-9.695812630460482,-7.9689828463554,-19.85134542909142,-14.129904825705323,-3.0839415255903226,2.1144883036584896,9.151223628434138,11.045963300115,83.9080459770115,83.9080459770115,48.275862068965516,10.344827586206897,16.091954022988507,-0.09351013338468588,UK,1,-9.351013338468588
2012-09,2012-09-30,173,True,-0.09047752821109975,-0.09008229828894454,-0.08022921274980353,-0.18886252112209678,-0.1435423090099348,-0.023509244520631856,0.022195165722064508,0.0942220729339799,0.12003306448930295,0.838150289017341,0.47398843930635837,0.08092485549132948,0.16184971098265896,173,43628.9790998591,-9.047752821109976,-9.008229828894454,-8.022921274980353,-18.88625211220968,-14.354230900993482,-2.3509244520631856,2.2195165722064507,9.42220729339799,12.003306448930296,83.8150289017341,83.8150289017341,47.398843930635834,8.092485549132949,16.184971098265898,-0.09047752821109975,UK,1,-9.047752821109976
2012-10,2012-10-31,174,True,-0.08329656357793035,-0.09064728780377684,-0.07670904622200027,-0.1826867466018007,-0.13770893819264166,-0.02213054435611969,0.023233440017413547,0.0892049232570154,0.11557839383652196,0.8045977011494253,0.4425287356321839,0.07471264367816093,0.1896551724137931,174,43824.25259341209,-8.329656357793034,-9.064728780377685,-7.670904622200027,-18.26867466018007,-13.770893819264165,-2.2130544356119692,2.3233440017413547,8.92049232570154,11.557839383652196,80.45977011494253,80.45977011494253,44.252873563218394,7.471264367816093,18.96551724137931,-0.08329656357793035,UK,1,-8.329656357793034
2012-11,2012-11-30,176,True,-0.08847350806369525,-0.09756498726667745,-0.08115056587900342,-0.18864883159172252,-0.13762818926135284,-0.013684535627827565,0.01889672166456091,0.09035008134541721,0.12394365363352527,0.8068181818181818,0.48863636363636365,0.07386363636363637,0.19318181818181818,176,44212.9032724021,-8.847350806369525,-9.756498726667745,-8.115056587900343,-18.86488315917225,-13.762818926135283,-1.3684535627827565,1.8896721664560912,9.035008134541721,12.394365363352527,80.68181818181817,80.68181818181817,48.86363636363637,7.386363636363637,19.318181818181817,-0.08847350806369525,UK,1,-8.847350806369525
2012-12,2012-12-31,177,True,-0.07525137147873916,-0.07964777871747675,-0.0700930673619926,-0.17598378229860487,-0.12787162162162158,-0.003128964059196604,0.027140492215019442,0.09194664695763598,0.12474265756242497,0.751412429378531,0.4350282485875706,0.05649717514124294,0.24858757062146894,177,45714.2978489558,-7.525137147873916,-7.964777871747675,-7.009306736199259,-17.598378229860486,-12.787162162162158,-0.3128964059196604,2.714049221501944,9.194664695763597,12.474265756242497,75.14124293785311,75.14124293785311,43.50282485875706,5.649717514124294,24.858757062146893,-0.07525137147873916,UK,1,-7.525137147873916
2013-01,2013-01-31,176,True,-0.06543850708264297,-0.06444178763063096,-0.06519930707428918,-0.15614074327815358,-0.11219838646673802,-0.003415588269528619,0.026175128161761152,0.08253557273179876,0.1087827981972094,0.7556818181818182,0.3465909090909091,0.05113636363636364,0.24431818181818182,176,48700.4923221982,-6.543850708264297,-6.444178763063096,-6.519930707428919,-15.614074327815358,-11.219838646673802,-0.3415588269528619,2.617512816176115,8.253557273179876,10.878279819720941,75.56818181818183,75.56818181818183,34.659090909090914,5.113636363636364,24.431818181818183,-0.06543850708264297,UK,1,-6.543850708264297
2013-02,2013-02-28,174,True,-0.07256254498756165,-0.06891771853079615,-0.06636376060160754,-0.15686489979876325,-0.12098198043502653,-0.016790699126982583,0.01745812225464343,0.07973467123840684,0.10419128130804395,0.8160919540229885,0.367816091954023,0.034482758620689655,0.1839080459770115,174,48671.5933817518,-7.2562544987561655,-6.891771853079614,-6.636376060160753,-15.686489979876326,-12.098198043502654,-1.6790699126982584,1.7458122254643431,7.973467123840685,10.419128130804395,81.60919540229885,81.60919540229885,36.7816091954023,3.4482758620689653,18.39080459770115,-0.07256254498756165,UK,1,-7.2562544987561655
2013-03,2013-03-31,175,True,-0.07493044245957019,-0.07095325903952543,-0.07046269255414644,-0.17350091426862338,-0.11972201367671509,-0.018621849009962832,0.01571650714488979,0.08126977956638946,0.10110016466675226,0.8057142857142857,0.38285714285714284,0.045714285714285714,0.19428571428571428,175,50970.034892914,-7.493044245957019,-7.095325903952543,-7.046269255414645,-17.35009142686234,-11.97220136767151,-1.8621849009962832,1.5716507144889789,8.126977956638946,10.110016466675226,80.57142857142857,80.57142857142857,38.285714285714285,4.571428571428571,19.428571428571427,-0.07493044245957019,UK,1,-7.493044245957019
2013-04,2013-04-30,172,True,-0.06646424956352509,-0.06747729860728935,-0.061753304941542894,-0.15201466091387356,-0.11384125870832781,-0.0028719362860712416,0.027308438995786995,0.08517282188811287,0.11096932242225657,0.7616279069767442,0.3546511627906977,0.03488372093023256,0.23837209302325582,172,50917.98890630681,-6.646424956352509,-6.747729860728935,-6.17533049415429,-15.201466091387356,-11.384125870832781,-0.28719362860712416,2.7308438995786997,8.517282188811286,11.096932242225657,76.16279069767442,76.16279069767442,35.46511627906977,3.488372093023256,23.837209302325583,-0.06646424956352509,UK,1,-6.646424956352509
2013-05,2013-05-31,174,True,-0.06909511249682337,-0.07030509750082492,-0.06349620719918207,-0.16172790238979864,-0.12327980194628269,-0.004231369098888299,0.025479308006991913,0.08591051385851564,0.11904843284739439,0.764367816091954,0.3735632183908046,0.034482758620689655,0.23563218390804597,174,52188.2449386691,-6.909511249682337,-7.0305097500824925,-6.3496207199182075,-16.172790238979864,-12.32798019462827,-0.4231369098888299,2.5479308006991914,8.591051385851564,11.904843284739439,76.4367816091954,76.4367816091954,37.35632183908046,3.4482758620689653,23.563218390804597,-0.06909511249682337,UK,1,-6.909511249682337
2013-06,2013-06-30,177,True,-0.07403793678315251,-0.07232048277854464,-0.06990595139249481,-0.16849086474439184,-0.1268470543081942,-0.0035445601851852304,0.014482698108244655,0.08604048209426045,0.12330249412300898,0.7740112994350282,0.4350282485875706,0.05649717514124294,0.22598870056497175,177,50310.5258303594,-7.403793678315251,-7.232048277854464,-6.990595139249481,-16.849086474439183,-12.68470543081942,-0.35445601851852304,1.4482698108244656,8.604048209426045,12.330249412300898,77.40112994350282,77.40112994350282,43.50282485875706,5.649717514124294,22.598870056497177,-0.07403793678315251,UK,1,-7.403793678315251
2013-07,2013-07-31,175,True,-0.06725969548632905,-0.06695102444969159,-0.06076683515453829,-0.15970345055237176,-0.12179190392050593,-0.00020130156098474572,0.01842925729006146,0.08374590460285306,0.12159060235952118,0.7485714285714286,0.35428571428571426,0.03428571428571429,0.25142857142857145,175,52563.1072036807,-6.725969548632905,-6.695102444969159,-6.076683515453829,-15.970345055237175,-12.179190392050593,-0.020130156098474572,1.8429257290061458,8.374590460285306,12.159060235952118,74.85714285714286,74.85714285714286,35.42857142857142,3.428571428571429,25.142857142857146,-0.06725969548632905,UK,1,-6.725969548632905
2013-08,2013-08-31,176,True,-0.061456956091508134,-0.05586922470581007,-0.05930733980862109,-0.1441609008991105,-0.11068944823529536,-0.0009861738119856522,0.02282855737641387,0.08273946707337757,0.10970327442330971,0.7613636363636364,0.32954545454545453,0.03977272727272727,0.23863636363636365,176,50955.8072233815,-6.145695609150813,-5.586922470581007,-5.930733980862109,-14.416090089911048,-11.068944823529536,-0.09861738119856522,2.282855737641387,8.273946707337757,10.970327442330971,76.13636363636364,76.13636363636364,32.95454545454545,3.977272727272727,23.863636363636363,-0.061456956091508134,UK,1,-6.145695609150813
2013-09,2013-09-30,173,True,-0.05463003907553364,-0.05335628227194489,-0.05503246311262893,-0.13459579176291578,-0.10628907686649491,0.0016475698344942113,0.02372720692750506,0.06918514190931986,0.10793664670098913,0.7398843930635838,0.2832369942196532,0.017341040462427744,0.26011560693641617,173,52509.3726226037,-5.463003907553364,-5.335628227194489,-5.503246311262893,-13.459579176291578,-10.628907686649491,0.16475698344942113,2.372720692750506,6.918514190931986,10.793664670098913,73.98843930635837,73.98843930635837,28.32369942196532,1.7341040462427744,26.011560693641616,-0.05463003907553364,UK,1,-5.463003907553364
2013-10,2013-10-31,173,True,-0.05589725972977533,-0.05228342450069967,-0.05319385817543896,-0.13210732124330743,-0.1014595502674045,-0.0009596271163204717,0.025091822700630532,0.07371665048288388,0.10049992315108403,0.7514450867052023,0.2774566473988439,0.04046242774566474,0.24855491329479767,173,54565.3859421996,-5.589725972977533,-5.228342450069967,-5.319385817543896,-13.210732124330743,-10.145955026740449,-0.09596271163204717,2.5091822700630533,7.371665048288388,10.049992315108403,75.14450867052022,75.14450867052022,27.74566473988439,4.046242774566474,24.85549132947977,-0.05589725972977533,UK,1,-5.589725972977533
2013-11,2013-11-30,174,True,-0.05314441179135896,-0.048083829550268464,-0.05197772218312947,-0.133299847765943,-0.0983153092222728,0.0006746334077592508,0.02733615857396479,0.07468696639130382,0.09898994263003205,0.7183908045977011,0.23563218390804597,0.022988505747126436,0.28160919540229884,174,54135.205897908694,-5.314441179135896,-4.808382955026847,-5.197772218312947,-13.3299847765943,-9.83153092222728,0.06746334077592508,2.733615857396479,7.468696639130382,9.898994263003205,71.83908045977012,71.83908045977012,23.563218390804597,2.2988505747126435,28.160919540229884,-0.05314441179135896,UK,1,-5.314441179135896
2013-12,2013-12-31,172,True,-0.055295474398712255,-0.04999513261839822,-0.05328959427226799,-0.13710490949876583,-0.10186439532869274,-0.003621906259790142,0.01967590071471812,0.0693997880369549,0.0982424890689026,0.7848837209302325,0.2616279069767442,0.03488372093023256,0.21511627906976744,172,54697.73230693409,-5.529547439871226,-4.999513261839822,-5.328959427226799,-13.710490949876583,-10.186439532869274,-0.3621906259790142,1.9675900714718122,6.939978803695491,9.82424890689026,78.48837209302324,78.48837209302324,26.16279069767442,3.488372093023256,21.511627906976745,-0.055295474398712255,UK,1,-5.529547439871226
2014-01,2014-01-31,172,True,-0.05299864407396409,-0.04914484007120501,-0.053214745608233006,-0.13151693497091332,-0.10324468632720626,0.00018053763149927793,0.021918069049122177,0.0691573728310193,0.10342522395870554,0.75,0.2616279069767442,0.029069767441860465,0.25,172,53268.710061727106,-5.2998644073964085,-4.914484007120501,-5.321474560823301,-13.151693497091333,-10.324468632720626,0.018053763149927793,2.1918069049122177,6.91573728310193,10.342522395870555,75.0,75.0,26.16279069767442,2.9069767441860463,25.0,-0.05299864407396409,UK,1,-5.2998644073964085
2014-02,2014-02-28,174,True,-0.05543649268949229,-0.04718616310810375,-0.048547466511816684,-0.12510532766562832,-0.10487748195220553,-0.008395120373696302,0.018542634159387342,0.0674537192341341,0.09648236157850923,0.7873563218390804,0.27586206896551724,0.022988505747126436,0.21264367816091953,174,55572.1889220514,-5.5436492689492285,-4.718616310810376,-4.854746651181668,-12.510532766562832,-10.487748195220552,-0.8395120373696302,1.8542634159387343,6.745371923413409,9.648236157850922,78.73563218390804,78.73563218390804,27.586206896551722,2.2988505747126435,21.26436781609195,-0.05543649268949229,UK,1,-5.5436492689492285
2014-03,2014-03-31,178,True,-0.06155594332498823,-0.06013146072728992,-0.05850293737644416,-0.1371142125199828,-0.10788276382904943,-0.005809292359643753,0.021520443544185787,0.07676427331141866,0.10207347146940568,0.7865168539325843,0.33707865168539325,0.028089887640449437,0.21348314606741572,178,55364.0668578713,-6.155594332498823,-6.013146072728992,-5.8502937376444155,-13.71142125199828,-10.788276382904943,-0.5809292359643753,2.1520443544185786,7.676427331141866,10.207347146940569,78.65168539325843,78.65168539325843,33.70786516853933,2.8089887640449436,21.34831460674157,-0.06155594332498823,UK,1,-6.155594332498823
2014-04,2014-04-30,176,True,-0.056533700887449585,-0.0453266288051965,-0.056638320576829014,-0.1362014067599575,-0.10367969998002644,-0.009754369813601588,0.018468820446827072,0.07211305561730791,0.09392533016642485,0.7954545454545454,0.2897727272727273,0.028409090909090908,0.20454545454545456,176,54291.2884910882,-5.653370088744959,-4.53266288051965,-5.663832057682901,-13.620140675995751,-10.367969998002643,-0.9754369813601588,1.8468820446827072,7.211305561730791,9.392533016642485,79.54545454545455,79.54545454545455,28.97727272727273,2.840909090909091,20.454545454545457,-0.056533700887449585,UK,1,-5.653370088744959
2014-05,2014-05-31,175,True,-0.06018094859984306,-0.049975773516993116,-0.05364831418250228,-0.13699056158391443,-0.11233401624999573,-0.004775501426683648,0.016037146362388552,0.06912091018535448,0.10755851482331208,0.7771428571428571,0.32571428571428573,0.022857142857142857,0.22285714285714286,175,54358.395874372596,-6.0180948599843065,-4.997577351699311,-5.364831418250228,-13.699056158391443,-11.233401624999573,-0.4775501426683648,1.6037146362388552,6.912091018535447,10.755851482331208,77.71428571428571,77.71428571428571,32.57142857142858,2.2857142857142856,22.285714285714285,-0.06018094859984306,UK,1,-6.0180948599843065
2014-06,2014-06-30,176,True,-0.057406815556224074,-0.053053430216412345,-0.05693228604982586,-0.1343171761463064,-0.10917765904051152,0.002146428111763299,0.020059556559791858,0.06927021850260466,0.11132408715227482,0.7443181818181818,0.3068181818181818,0.022727272727272728,0.2556818181818182,176,54173.1911902201,-5.740681555622407,-5.305343021641234,-5.693228604982585,-13.431717614630639,-10.917765904051151,0.21464281117632988,2.005955655979186,6.927021850260466,11.132408715227482,74.43181818181817,74.43181818181817,30.681818181818183,2.272727272727273,25.568181818181817,-0.057406815556224074,UK,1,-5.740681555622407
2014-07,2014-07-31,178,True,-0.0601926451957986,-0.05370134510590219,-0.05668985945908628,-0.13181464780818974,-0.11116817726084902,-0.0017525192029382297,0.022536027303099074,0.0746499060765193,0.10941565805791079,0.7584269662921348,0.3202247191011236,0.02247191011235955,0.24157303370786518,178,55190.1002478577,-6.019264519579861,-5.370134510590219,-5.668985945908628,-13.181464780818974,-11.116817726084902,-0.17525192029382297,2.2536027303099075,7.464990607651931,10.941565805791079,75.84269662921348,75.84269662921348,32.02247191011236,2.247191011235955,24.15730337078652,-0.0601926451957986,UK,1,-6.019264519579861
2014-08,2014-08-31,178,True,-0.07109143424728102,-0.06575896758489802,-0.06266155309938881,-0.144735267153169,-0.12088979829185692,-0.020495565057135873,0.016775555086784702,0.07521191327728832,0.10039423323472105,0.8146067415730337,0.4044943820224719,0.033707865168539325,0.1853932584269663,178,56489.1515914671,-7.109143424728102,-6.575896758489802,-6.266155309938881,-14.4735267153169,-12.088979829185693,-2.0495565057135874,1.6775555086784701,7.5211913277288325,10.039423323472105,81.46067415730337,81.46067415730337,40.44943820224719,3.3707865168539324,18.53932584269663,-0.07109143424728102,UK,1,-7.109143424728102
2014-09,2014-09-30,181,True,-0.06208729183978536,-0.054940404824035505,-0.05512028361118532,-0.13949632904397258,-0.10964751798999872,-0.004851965541142644,0.02002998601775574,0.07538856349034323,0.10479555244885608,0.7790055248618785,0.3370165745856354,0.022099447513812154,0.22099447513812154,181,56709.986359929506,-6.208729183978536,-5.49404048240355,-5.5120283611185314,-13.949632904397259,-10.964751798999872,-0.48519655411426443,2.002998601775574,7.538856349034323,10.479555244885608,77.90055248618785,77.90055248618785,33.70165745856354,2.209944751381215,22.099447513812155,-0.06208729183978536,UK,1,-6.208729183978536
2014-10,2014-10-31,177,True,-0.06454994356403954,-0.06122305199380018,-0.05244540522333061,-0.1354810970088913,-0.11078449384530586,-0.00786330304847116,0.01960428277464069,0.07655121279061788,0.1029211907968347,0.7853107344632768,0.327683615819209,0.03389830508474576,0.21468926553672316,177,56622.056338203896,-6.454994356403954,-6.122305199380018,-5.244540522333061,-13.54810970088913,-11.078449384530586,-0.786330304847116,1.960428277464069,7.655121279061788,10.29211907968347,78.53107344632768,78.53107344632768,32.7683615819209,3.389830508474576,21.468926553672315,-0.06454994356403954,UK,1,-6.454994356403954
2014-11,2014-11-30,177,True,-0.06288600119842863,-0.06374218416355493,-0.05280610507748121,-0.13926708337601032,-0.11190546747666319,-0.005581574388913824,0.017809156015941602,0.07573513584032944,0.10632389308774937,0.7853107344632768,0.3050847457627119,0.02824858757062147,0.21468926553672316,177,58529.750660937396,-6.288600119842863,-6.374218416355493,-5.280610507748121,-13.926708337601031,-11.19054674766632,-0.5581574388913824,1.78091560159416,7.573513584032944,10.632389308774936,78.53107344632768,78.53107344632768,30.508474576271187,2.824858757062147,21.468926553672315,-0.06288600119842863,UK,1,-6.288600119842863
2014-12,2014-12-31,178,True,-0.06145914840605763,-0.059495695410311356,-0.05042098677159165,-0.14742994973561482,-0.11232890948836197,0.00305325613625107,0.025019642077695303,0.08108345135229475,0.11538216562461304,0.7415730337078652,0.3146067415730337,0.033707865168539325,0.25842696629213485,178,58119.2848471931,-6.145914840605763,-5.949569541031136,-5.042098677159165,-14.742994973561482,-11.232890948836197,0.305325613625107,2.5019642077695305,8.108345135229476,11.538216562461304,74.15730337078652,74.15730337078652,31.46067415730337,3.3707865168539324,25.842696629213485,-0.06145914840605763,UK,1,-6.145914840605763
2015-01,2015-01-31,174,True,-0.06792517581158772,-0.06778996915637137,-0.05765232607361322,-0.14234335941468598,-0.11377602055644728,-0.006811655427608865,0.015587040641818815,0.0776071433698976,0.10696436512883842,0.7988505747126436,0.3390804597701149,0.034482758620689655,0.20114942528735633,174,58716.3640374595,-6.792517581158772,-6.778996915637137,-5.765232607361322,-14.234335941468599,-11.377602055644727,-0.6811655427608865,1.5587040641818815,7.760714336989761,10.696436512883842,79.88505747126436,79.88505747126436,33.90804597701149,3.4482758620689653,20.114942528735632,-0.06792517581158772,UK,1,-6.792517581158772
2015-02,2015-02-28,176,True,-0.0752420152439418,-0.07096269204046757,-0.06230751069162895,-0.15306106060126717,-0.11913519363864211,-0.01880645894222338,0.014886123897498327,0.08461949116717893,0.10032873469641873,0.8238636363636364,0.35795454545454547,0.03977272727272727,0.17613636363636365,176,60079.6173002539,-7.524201524394181,-7.096269204046757,-6.230751069162896,-15.306106060126718,-11.91351936386421,-1.880645894222338,1.4886123897498327,8.461949116717893,10.032873469641872,82.38636363636364,82.38636363636364,35.79545454545455,3.977272727272727,17.613636363636363,-0.0752420152439418,UK,1,-7.524201524394181
2015-03,2015-03-31,180,True,-0.07334785522836779,-0.07303034430809063,-0.06633120016883667,-0.16061557737648724,-0.11258336196406685,-0.016149037879564343,0.019768274256592725,0.08286382953641556,0.0964343240845025,0.8,0.36666666666666664,0.05,0.2,180,61622.130429020595,-7.334785522836778,-7.303034430809063,-6.633120016883668,-16.061557737648723,-11.258336196406685,-1.6149037879564343,1.9768274256592726,8.286382953641557,9.64343240845025,80.0,80.0,36.666666666666664,5.0,20.0,-0.07334785522836779,UK,1,-7.334785522836778
2015-04,2015-04-30,176,True,-0.07684084841775249,-0.07566900896501028,-0.06971127355399931,-0.16867932112748624,-0.11525285828554846,-0.018989346270588153,0.01187668035000089,0.08576997319700833,0.0962635120149603,0.8238636363636364,0.3693181818181818,0.03977272727272727,0.17045454545454544,176,60961.652127452006,-7.684084841775249,-7.566900896501028,-6.971127355399931,-16.867932112748623,-11.525285828554846,-1.8989346270588152,1.187668035000089,8.576997319700833,9.62635120149603,82.38636363636364,82.38636363636364,36.93181818181818,3.977272727272727,17.045454545454543,-0.07684084841775249,UK,1,-7.684084841775249
2015-05,2015-05-31,178,True,-0.0691289015861817,-0.06719635571615745,-0.05989729748794692,-0.15266448307397945,-0.11072948411701236,-0.011535174429996992,0.016673631387681145,0.08551448424593588,0.09919430968701537,0.7921348314606742,0.33707865168539325,0.0449438202247191,0.20786516853932585,178,62653.9544175479,-6.912890158618171,-6.719635571615745,-5.9897297487946926,-15.266448307397946,-11.072948411701237,-1.153517442999699,1.6673631387681145,8.551448424593588,9.919430968701537,79.21348314606742,79.21348314606742,33.70786516853933,4.49438202247191,20.786516853932586,-0.0691289015861817,UK,1,-6.912890158618171
2015-06,2015-06-30,180,True,-0.06307633681223608,-0.05528442815468254,-0.05253021967475426,-0.14990695391876083,-0.10880589064871019,8.190913729222427e-07,0.022348557549224178,0.08887610854917605,0.10880670974008311,0.75,0.3055555555555556,0.05,0.25,180,61096.24528985641,-6.307633681223608,-5.528442815468254,-5.253021967475426,-14.990695391876082,-10.88058906487102,8.190913729222427e-05,2.234855754922418,8.887610854917604,10.88067097400831,75.0,75.0,30.555555555555557,5.0,25.0,-0.06307633681223608,UK,1,-6.307633681223608
2015-07,2015-07-31,181,True,-0.0646642344358012,-0.06163571710786242,-0.053294023239103955,-0.14854723879161058,-0.10772633589704916,-0.006973082402339403,0.020010153667083586,0.09191707337587939,0.10075325349470976,0.7734806629834254,0.2983425414364641,0.03867403314917127,0.2265193370165746,181,61411.66379190401,-6.46642344358012,-6.1635717107862416,-5.329402323910395,-14.854723879161059,-10.772633589704917,-0.6973082402339403,2.0010153667083586,9.191707337587939,10.075325349470976,77.34806629834254,77.34806629834254,29.83425414364641,3.867403314917127,22.65193370165746,-0.0646642344358012,UK,1,-6.46642344358012
2015-08,2015-08-31,181,True,-0.06534009595507961,-0.0460899131091802,-0.0495261483846998,-0.15360330938384492,-0.1136884631970766,-0.002799819944239279,0.022675292426321603,0.09813218000660463,0.11088864325283732,0.7569060773480663,0.30386740331491713,0.049723756906077346,0.2430939226519337,181,58640.2788712034,-6.534009595507961,-4.60899131091802,-4.95261483846998,-15.360330938384493,-11.368846319707659,-0.2799819944239279,2.2675292426321603,9.813218000660463,11.088864325283732,75.69060773480662,75.69060773480662,30.386740331491712,4.972375690607735,24.30939226519337,-0.06534009595507961,UK,1,-6.534009595507961
2015-09,2015-09-30,183,True,-0.06806288226556792,-0.05516097257504271,-0.05819229478932719,-0.1526868384824921,-0.12261092824766362,-0.0053628389618703975,0.019799219542673684,0.0926725306772078,0.11724808928579322,0.7868852459016393,0.3770491803278688,0.0546448087431694,0.21311475409836064,183,57604.1094080571,-6.806288226556792,-5.516097257504271,-5.819229478932719,-15.268683848249209,-12.261092824766362,-0.5362838961870398,1.9799219542673683,9.26725306772078,11.724808928579321,78.68852459016394,78.68852459016394,37.704918032786885,5.46448087431694,21.311475409836063,-0.06806288226556792,UK,1,-6.806288226556792
2015-10,2015-10-31,178,True,-0.06183446271124323,-0.05755994853068097,-0.051353995874618724,-0.14026085907430036,-0.10840722071191519,-0.00130974953387894,0.024419488871753662,0.09327033881128206,0.10709747117803625,0.7696629213483146,0.3146067415730337,0.028089887640449437,0.2303370786516854,178,59289.114329557306,-6.183446271124323,-5.755994853068097,-5.1353995874618725,-14.026085907430035,-10.84072207119152,-0.130974953387894,2.441948887175366,9.327033881128207,10.709747117803625,76.96629213483146,76.96629213483146,31.46067415730337,2.8089887640449436,23.03370786516854,-0.06183446271124323,UK,1,-6.183446271124323
2015-11,2015-11-30,177,True,-0.06374602008708438,-0.0678733031674208,-0.05621495451053987,-0.14934694428074718,-0.11264927811775882,-0.0027469246387196167,0.014491502764841445,0.07610952195660539,0.1099023534790392,0.7627118644067796,0.3220338983050847,0.03389830508474576,0.23163841807909605,177,59851.6242821747,-6.374602008708438,-6.7873303167420795,-5.621495451053987,-14.93469442807472,-11.264927811775882,-0.27469246387196167,1.4491502764841446,7.6109521956605395,10.990235347903921,76.27118644067797,76.27118644067797,32.20338983050847,3.389830508474576,23.163841807909606,-0.06374602008708438,UK,1,-6.374602008708438
2015-12,2015-12-31,182,True,-0.06022884404948524,-0.05998092057240295,-0.04978044526755179,-0.14937788147843012,-0.11085383863335718,0.0007229764750360523,0.02526482079797593,0.07969540044809226,0.11157681510839323,0.7417582417582418,0.31868131868131866,0.038461538461538464,0.25824175824175827,182,61574.0810240561,-6.022884404948524,-5.998092057240295,-4.97804452675518,-14.937788147843012,-11.085383863335718,0.07229764750360523,2.526482079797593,7.969540044809226,11.157681510839323,74.17582417582418,74.17582417582418,31.868131868131865,3.8461538461538463,25.82417582417583,-0.06022884404948524,UK,1,-6.022884404948524
2016-01,2016-01-31,180,True,-0.07882901369314099,-0.08007787820410212,-0.06868285359355215,-0.16699672386200443,-0.12437418256723484,-0.018884815002308653,0.004564780789850859,0.0732522530679473,0.10548936756492619,0.8666666666666667,0.4,0.044444444444444446,0.13333333333333333,180,56971.589450647996,-7.8829013693141,-8.007787820410211,-6.868285359355215,-16.699672386200444,-12.437418256723484,-1.8884815002308653,0.4564780789850859,7.325225306794731,10.548936756492619,86.66666666666667,86.66666666666667,40.0,4.444444444444445,13.333333333333334,-0.07882901369314099,UK,1,-7.8829013693141
2016-02,2016-02-29,181,True,-0.07971672914513714,-0.08937374475077597,-0.07443823666026521,-0.16579770594369136,-0.1310101842275938,-0.019798464815879435,0.014061544732015596,0.07504392845291939,0.11121171941171437,0.8397790055248618,0.44751381215469616,0.055248618784530384,0.16022099447513813,181,56765.4906462049,-7.9716729145137135,-8.937374475077597,-7.443823666026521,-16.579770594369137,-13.101018422759381,-1.9798464815879435,1.4061544732015596,7.504392845291939,11.121171941171436,83.97790055248619,83.97790055248619,44.751381215469614,5.524861878453039,16.022099447513813,-0.07971672914513714,UK,1,-7.9716729145137135
2016-03,2016-03-31,183,True,-0.0882482146165041,-0.09562434475528325,-0.08285635173966906,-0.17191591413107274,-0.133648836569147,-0.029690243266132343,0.011278282802808225,0.0818655848334265,0.10395859330301466,0.8688524590163934,0.46994535519125685,0.06557377049180328,0.13114754098360656,183,59134.2627233762,-8.82482146165041,-9.562434475528326,-8.285635173966906,-17.191591413107275,-13.3648836569147,-2.9690243266132343,1.1278282802808226,8.18655848334265,10.395859330301466,86.88524590163934,86.88524590163934,46.994535519125684,6.557377049180328,13.114754098360656,-0.0882482146165041,UK,1,-8.82482146165041
2016-04,2016-04-30,179,True,-0.07425224816949647,-0.07292605951307485,-0.06883301536575251,-0.15613238948089003,-0.12437019337797217,-0.01687835111027547,0.015826427543967948,0.07679842865970853,0.1074918422676967,0.8212290502793296,0.40782122905027934,0.055865921787709494,0.1787709497206704,179,58367.7091507955,-7.425224816949647,-7.292605951307484,-6.883301536575251,-15.613238948089004,-12.437019337797217,-1.687835111027547,1.5826427543967947,7.679842865970852,10.749184226769671,82.12290502793296,82.12290502793296,40.78212290502793,5.58659217877095,17.877094972067038,-0.07425224816949647,UK,1,-7.425224816949647
2016-05,2016-05-31,179,True,-0.08121878070948467,-0.08526145869001611,-0.07430935244106333,-0.1585312497045958,-0.12952983011028918,-0.020685339996831142,0.013207883369919944,0.07988269807917324,0.10884449011345804,0.8547486033519553,0.4301675977653631,0.05027932960893855,0.1452513966480447,179,58595.977550112206,-8.121878070948467,-8.526145869001612,-7.430935244106333,-15.85312497045958,-12.952983011028918,-2.0685339996831145,1.3207883369919944,7.988269807917324,10.884449011345804,85.47486033519553,85.47486033519553,43.01675977653631,5.027932960893855,14.52513966480447,-0.08121878070948467,UK,1,-8.121878070948467
2016-06,2016-06-30,181,True,-0.10144487812451071,-0.11001070663811574,-0.09478477832743269,-0.18761758166581155,-0.14676541717049585,-0.04680984748957551,0.002368465572661016,0.08622396315371053,0.09995556968092034,0.8895027624309392,0.5469613259668509,0.08839779005524862,0.11049723756906077,181,60609.025144802305,-10.144487812451072,-11.001070663811575,-9.47847783274327,-18.761758166581156,-14.676541717049584,-4.680984748957551,0.2368465572661016,8.622396315371054,9.995556968092034,88.95027624309392,88.95027624309392,54.69613259668509,8.83977900552486,11.049723756906078,-0.10144487812451071,UK,1,-10.144487812451072
2016-07,2016-07-31,175,True,-0.08509380740143734,-0.08764865034921032,-0.0779640792017123,-0.18263487824837407,-0.1360214834732983,-0.028306499101783622,0.013218453780625956,0.08695182633936331,0.10771498437151467,0.8514285714285714,0.44571428571428573,0.07428571428571429,0.14857142857142858,175,62780.9922195188,-8.509380740143733,-8.764865034921032,-7.79640792017123,-18.26348782483741,-13.602148347329829,-2.830649910178362,1.3218453780625956,8.695182633936332,10.771498437151466,85.14285714285714,85.14285714285714,44.57142857142857,7.428571428571429,14.857142857142858,-0.08509380740143734,UK,1,-8.509380740143733
2016-08,2016-08-31,176,True,-0.08493000764342622,-0.09558001877076072,-0.07977095540447149,-0.17242780288309345,-0.12933882422489576,-0.027204311823883887,0.006734838870422921,0.08334053330008605,0.10213451240101187,0.8693181818181818,0.4772727272727273,0.05113636363636364,0.13068181818181818,176,64561.25678156001,-8.493000764342622,-9.558001877076073,-7.977095540447149,-17.242780288309344,-12.933882422489576,-2.7204311823883884,0.6734838870422921,8.334053330008604,10.213451240101188,86.93181818181817,86.93181818181817,47.72727272727273,5.113636363636364,13.068181818181818,-0.08493000764342622,UK,1,-8.493000764342622
2016-09,2016-09-30,183,True,-0.08434982913108553,-0.0933372646622671,-0.07440765201026121,-0.18331902037806208,-0.1346175759554623,-0.019461472186102724,0.008362482302411687,0.09065266641307536,0.11515610376935959,0.8360655737704918,0.46994535519125685,0.08196721311475409,0.16393442622950818,183,68374.6815475646,-8.434982913108554,-9.333726466226711,-7.440765201026121,-18.33190203780621,-13.461757595546231,-1.9461472186102724,0.8362482302411687,9.065266641307536,11.515610376935959,83.60655737704919,83.60655737704919,46.994535519125684,8.19672131147541,16.39344262295082,-0.08434982913108553,UK,1,-8.434982913108554
2016-10,2016-10-31,180,True,-0.08832500333310765,-0.1026511545251374,-0.08474776836152408,-0.1769301283939787,-0.13687065499956108,-0.026425105532197957,0.0055855953032759725,0.0818272988987635,0.11044554946736312,0.8611111111111112,0.5111111111111111,0.06111111111111111,0.1388888888888889,180,67789.51992854959,-8.832500333310765,-10.26511545251374,-8.474776836152408,-17.69301283939787,-13.687065499956109,-2.642510553219796,0.5585595303275972,8.18272988987635,11.044554946736312,86.11111111111111,86.11111111111111,51.11111111111111,6.111111111111111,13.88888888888889,-0.08832500333310765,UK,1,-8.832500333310765
2016-11,2016-11-30,178,True,-0.08192145876975675,-0.08432034651139242,-0.07325329589388542,-0.17600858271958905,-0.13522684247622538,-0.02258579159864052,0.01190473757801998,0.09170622328487422,0.11264105087758486,0.8370786516853933,0.43820224719101125,0.07303370786516854,0.16292134831460675,178,66037.1467792315,-8.192145876975674,-8.432034651139242,-7.325329589388542,-17.600858271958906,-13.522684247622538,-2.258579159864052,1.190473757801998,9.170622328487422,11.264105087758486,83.70786516853933,83.70786516853933,43.82022471910113,7.303370786516854,16.292134831460675,-0.08192145876975675,UK,1,-8.192145876975674
2016-12,2016-12-31,276,True,-0.06754217939827796,-0.07013981825899934,-0.042242618050998076,-0.17324460189066426,-0.1241402305904995,-0.009092918746531398,0.026559102869258222,0.09984814831151428,0.1150473118439681,0.7789855072463768,0.391304347826087,0.05434782608695652,0.21739130434782608,276,102284.78858132559,-6.754217939827796,-7.0139818258999345,-4.2242618050998075,-17.324460189066425,-12.41402305904995,-0.9092918746531398,2.655910286925822,9.984814831151429,11.50473118439681,77.89855072463769,77.89855072463769,39.130434782608695,5.434782608695652,21.73913043478261,-0.06354239466389912,ASX+UK,2,-6.354239466389912
2017-01,2017-01-31,272,True,-0.06644420776525893,-0.06534460678780768,-0.04976005880056731,-0.15851133327447267,-0.12845833288668868,-0.011041508652653659,0.02040704246702565,0.09097484082650728,0.11741682423403502,0.8088235294117647,0.36764705882352944,0.04779411764705882,0.1875,272,100809.96315670709,-6.644420776525893,-6.534460678780768,-4.976005880056731,-15.851133327447267,-12.845833288668867,-1.1041508652653658,2.040704246702565,9.097484082650729,11.741682423403502,80.88235294117648,80.88235294117648,36.76470588235294,4.779411764705882,18.75,-0.061216739750400026,ASX+UK,2,-6.121673975040003
2017-02,2017-02-28,269,True,-0.06563029497357525,-0.06347305389221547,-0.04480918055144308,-0.16197064332178035,-0.12277948653568516,-0.006702872779307256,0.024511752936226802,0.0905089558114947,0.1160766137563779,0.7992565055762082,0.3420074349442379,0.03717472118959108,0.1895910780669145,269,103339.7768804845,-6.563029497357525,-6.347305389221547,-4.480918055144309,-16.197064332178034,-12.277948653568515,-0.6702872779307256,2.45117529362268,9.05089558114947,11.60766137563779,79.92565055762083,79.92565055762083,34.20074349442379,3.717472118959108,18.95910780669145,-0.05984661710564419,ASX+UK,2,-5.984661710564419
2017-03,2017-03-31,274,True,-0.06383206544640667,-0.0673027327467482,-0.04255079130353229,-0.1753200204813108,-0.12231434256079479,-0.008119231102655,0.035790980439459705,0.10019578629844132,0.11419511145813979,0.7664233576642335,0.354014598540146,0.06204379562043796,0.22992700729927007,274,106810.414431889,-6.383206544640667,-6.730273274674819,-4.255079130353229,-17.53200204813108,-12.23143425607948,-0.8119231102655,3.5790980439459705,10.019578629844132,11.41951114581398,76.64233576642336,76.64233576642336,35.4014598540146,6.204379562043796,22.99270072992701,-0.0593637878948063,ASX+UK,2,-5.93637878948063
2017-04,2017-04-30,268,True,-0.06585834131916986,-0.060484596554250425,-0.05141543316056019,-0.15560069048855943,-0.1208623957551051,-0.01007129697722206,0.030683787207143872,0.08673170701907887,0.11079109877788304,0.7835820895522388,0.34701492537313433,0.048507462686567165,0.20149253731343283,268,104913.0247212463,-6.585834131916986,-6.0484596554250425,-5.141543316056019,-15.560069048855944,-12.08623957551051,-1.0071296977222062,3.0683787207143873,8.673170701907887,11.079109877788303,78.35820895522389,78.35820895522389,34.701492537313435,4.850746268656716,20.149253731343283,-0.06489011435271487,ASX+UK,2,-6.489011435271487
2017-05,2017-05-31,276,True,-0.06441544725872268,-0.06378461915782058,-0.04239629345528642,-0.15906529333305008,-0.11981201074182543,3.404139433549336e-05,0.029078045741745884,0.09451359070702083,0.11984605213616092,0.7463768115942029,0.33695652173913043,0.043478260869565216,0.25,276,108909.12518826939,-6.4415447258722685,-6.378461915782058,-4.239629345528642,-15.90652933330501,-11.981201074182543,0.003404139433549336,2.9078045741745884,9.451359070702082,11.984605213616092,74.63768115942028,74.63768115942028,33.69565217391305,4.3478260869565215,25.0,-0.06266091837902336,ASX+UK,2,-6.266091837902336
2017-06,2017-06-30,282,True,-0.05628123790339775,-0.05583458415117576,-0.0292656117581537,-0.15734649884177201,-0.11192758522963941,0.005225316632845811,0.04326590326028164,0.09730085467090674,0.11715290186248523,0.723404255319149,0.3049645390070922,0.0425531914893617,0.2730496453900709,282,112051.69251880338,-5.628123790339775,-5.583458415117576,-2.92656117581537,-15.734649884177202,-11.192758522963942,0.5225316632845811,4.326590326028164,9.730085467090674,11.715290186248522,72.3404255319149,72.3404255319149,30.49645390070922,4.25531914893617,27.30496453900709,-0.054078775503201254,ASX+UK,2,-5.4078775503201255
2017-07,2017-07-31,277,True,-0.06007673927653095,-0.05708630773678469,-0.031688248770550466,-0.15982819621866975,-0.11116073921054093,0.000828271673108727,0.03673046051805807,0.10044137486039378,0.11198901088364965,0.740072202166065,0.3104693140794224,0.05054151624548736,0.2563176895306859,277,110578.2926387543,-6.007673927653094,-5.708630773678469,-3.1688248770550467,-15.982819621866975,-11.116073921054092,0.0828271673108727,3.673046051805807,10.044137486039379,11.198901088364966,74.0072202166065,74.0072202166065,31.046931407942242,5.054151624548736,25.63176895306859,-0.057865032880821884,ASX+UK,2,-5.786503288082188
2017-08,2017-08-31,275,True,-0.06304240734664074,-0.06413432424993126,-0.03735698931676521,-0.1595572580462123,-0.12016148960393302,-0.008219776129680445,0.027431937287240023,0.10427468982050321,0.11194171347425258,0.7636363636363637,0.3563636363636364,0.04363636363636364,0.2290909090909091,275,111751.9952296306,-6.304240734664074,-6.413432424993126,-3.735698931676521,-15.95572580462123,-12.016148960393302,-0.8219776129680445,2.7431937287240022,10.427468982050321,11.194171347425257,76.36363636363637,76.36363636363637,35.63636363636364,4.363636363636364,22.90909090909091,-0.05967746963954504,ASX+UK,2,-5.967746963954504
2017-09,2017-09-30,282,True,-0.06073858234866924,-0.05934887610268824,-0.034069682878890506,-0.15541214676676363,-0.1137030305716615,-0.00579974605894748,0.03614372339053021,0.09353559241190551,0.10790328451271403,0.7553191489361702,0.3262411347517731,0.04964539007092199,0.24468085106382978,282,116219.33499745041,-6.073858234866924,-5.934887610268824,-3.4069682878890504,-15.541214676676363,-11.37030305716615,-0.579974605894748,3.6143723390530207,9.35355924119055,10.790328451271403,75.53191489361703,75.53191489361703,32.62411347517731,4.964539007092199,24.46808510638298,-0.05975154957397921,ASX+UK,2,-5.975154957397921
2017-10,2017-10-31,271,True,-0.061392311919513366,-0.059236227377820305,-0.03936950051792626,-0.16010746842524093,-0.11635638673307386,0.0019243295626252266,0.03851747748925538,0.091421578053274,0.11828071629569908,0.7416974169741697,0.31365313653136534,0.05166051660516605,0.25461254612546125,271,114786.79558311019,-6.139231191951336,-5.923622737782031,-3.9369500517926257,-16.010746842524092,-11.635638673307385,0.19243295626252266,3.851747748925538,9.1421578053274,11.828071629569909,74.16974169741697,74.16974169741697,31.365313653136536,5.166051660516605,25.461254612546124,-0.06043198350365217,ASX+UK,2,-6.043198350365217
2017-11,2017-11-30,271,True,-0.04970493789581061,-0.05398368338830062,-0.02941154594808661,-0.1518386714116251,-0.1081214464868811,0.011940933114505059,0.042162962277678906,0.11106790726203529,0.12006237960138616,0.7047970479704797,0.2693726937269373,0.03690036900369004,0.2915129151291513,271,115061.1406964482,-4.970493789581061,-5.398368338830062,-2.941154594808661,-15.18386714116251,-10.81214464868811,1.194093311450506,4.216296227767891,11.10679072620353,12.006237960138616,70.47970479704797,70.47970479704797,26.937269372693727,3.6900369003690034,29.15129151291513,-0.04794480427176365,ASX+UK,2,-4.794480427176365
2017-12,2017-12-31,282,True,-0.05165354226365039,-0.04857155574334038,-0.027557882766477422,-0.14981918174871572,-0.10886269451273825,0.00880766843035391,0.049931453446819624,0.09355636753503419,0.11767036294309216,0.7021276595744681,0.2624113475177305,0.03900709219858156,0.2978723404255319,282,122384.1804970442,-5.165354226365039,-4.857155574334038,-2.7557882766477424,-14.981918174871572,-10.886269451273826,0.880766843035391,4.993145344681962,9.355636753503418,11.767036294309216,70.2127659574468,70.2127659574468,26.24113475177305,3.900709219858156,29.78723404255319,-0.04956420478461975,ASX+UK,2,-4.956420478461975
2018-01,2018-01-31,272,True,-0.052699782776588294,-0.04857863829678627,-0.026106221035518042,-0.1562200171258965,-0.1032467104629606,0.005540681879490472,0.043183743255113635,0.09323121528924314,0.10878739234245108,0.7169117647058824,0.27205882352941174,0.04411764705882353,0.28308823529411764,272,118973.56607696929,-5.269978277658829,-4.857863829678627,-2.6106221035518042,-15.62200171258965,-10.32467104629606,0.5540681879490472,4.318374325511363,9.323121528924313,10.878739234245108,71.69117647058823,71.69117647058823,27.205882352941174,4.411764705882353,28.308823529411764,-0.05319409960082802,ASX+UK,2,-5.319409960082802
2018-02,2018-02-28,276,True,-0.058286352943033415,-0.05058714243629481,-0.03410262795131539,-0.1518127225472573,-0.11824296162957182,0.00010251383370829537,0.03095067049808431,0.09604549125047425,0.11834547546328011,0.7427536231884058,0.33695652173913043,0.03985507246376811,0.2536231884057971,276,116836.3329165325,-5.828635294303341,-5.058714243629481,-3.410262795131539,-15.18127225472573,-11.824296162957182,0.010251383370829537,3.095067049808431,9.604549125047425,11.834547546328011,74.27536231884058,74.27536231884058,33.69565217391305,3.985507246376811,25.36231884057971,-0.0564602876749071,ASX+UK,2,-5.64602876749071
2018-03,2018-03-31,285,True,-0.05619056467004055,-0.04807692307692313,-0.0313503519798374,-0.16472251963481957,-0.11449016100178899,-8.546278095877824e-05,0.03218673218673209,0.09329132709802111,0.11440469822083021,0.7508771929824561,0.312280701754386,0.0456140350877193,0.24561403508771928,285,118302.30316775301,-5.619056467004055,-4.807692307692313,-3.13503519798374,-16.472251963481956,-11.449016100178898,-0.008546278095877824,3.218673218673209,9.329132709802112,11.44046982208302,75.08771929824562,75.08771929824562,31.2280701754386,4.56140350877193,24.561403508771928,-0.05519151493832486,ASX+UK,2,-5.519151493832486
2018-04,2018-04-30,277,True,-0.05786280191639508,-0.05091590941872204,-0.029407176516543218,-0.15698312541061682,-0.11817221149291257,0.0023677979479086453,0.034358331642100205,0.08970960573897205,0.12054000944082122,0.7328519855595668,0.3140794223826715,0.039711191335740074,0.26353790613718414,277,119230.5489303551,-5.786280191639508,-5.091590941872203,-2.940717651654322,-15.698312541061682,-11.817221149291257,0.23677979479086453,3.4358331642100204,8.970960573897205,12.054000944082121,73.28519855595668,73.28519855595668,31.40794223826715,3.9711191335740073,26.353790613718413,-0.05699094850391776,ASX+UK,2,-5.699094850391776
2018-05,2018-05-31,288,True,-0.06543574264623148,-0.06499202551834132,-0.040084734611210024,-0.1591209922936001,-0.12339091806020422,-0.004895982783357289,0.028403495018533103,0.09035261975711896,0.11849493527684693,0.7743055555555556,0.3472222222222222,0.04513888888888889,0.2222222222222222,288,124406.8770686508,-6.543574264623148,-6.4992025518341325,-4.008473461121002,-15.91209922936001,-12.339091806020422,-0.4895982783357289,2.8403495018533103,9.035261975711895,11.849493527684693,77.43055555555556,77.43055555555556,34.72222222222222,4.513888888888888,22.22222222222222,-0.0662774407761135,ASX+UK,2,-6.62774407761135
2018-06,2018-06-30,296,True,-0.06430473455688515,-0.0587057514135047,-0.030838689210051173,-0.1657641395908544,-0.12654225679832776,-0.00014997000599878407,0.034903574788334946,0.09467637024497459,0.12639228679232897,0.75,0.34121621621621623,0.057432432432432436,0.24324324324324326,296,128696.62483794519,-6.4304734556885155,-5.8705751413504705,-3.0838689210051173,-16.57641395908544,-12.654225679832775,-0.014997000599878407,3.4903574788334946,9.46763702449746,12.639228679232897,75.0,75.0,34.12162162162162,5.743243243243244,24.324324324324326,-0.06660653202388724,ASX+UK,2,-6.6606532023887235
2018-07,2018-07-31,294,True,-0.06268734982315774,-0.0657819597062026,-0.03701646743696492,-0.16257763975155276,-0.1257438502602614,-0.0023995747963845293,0.03533213644510573,0.09316246081656626,0.12334427546387688,0.7619047619047619,0.35374149659863946,0.04081632653061224,0.23129251700680273,294,128584.1311764624,-6.268734982315774,-6.57819597062026,-3.701646743696492,-16.257763975155274,-12.57438502602614,-0.23995747963845293,3.533213644510573,9.316246081656626,12.334427546387689,76.19047619047619,76.19047619047619,35.374149659863946,4.081632653061225,23.12925170068027,-0.06315940985119455,ASX+UK,2,-6.315940985119455
2018-08,2018-08-31,293,True,-0.06293690564651314,-0.0653256121101291,-0.03762746561428357,-0.16628134280666138,-0.1232887459302554,-0.0066225165562914245,0.02726169227847435,0.09210440025450058,0.11666622937396398,0.7781569965870307,0.3583617747440273,0.03754266211604096,0.21843003412969283,293,127914.4207588274,-6.293690564651314,-6.5325612110129105,-3.7627465614283566,-16.62813428066614,-12.32887459302554,-0.6622516556291425,2.7261692278474348,9.210440025450058,11.666622937396397,77.81569965870307,77.81569965870307,35.83617747440273,3.754266211604096,21.843003412969285,-0.06294684530705087,ASX+UK,2,-6.294684530705087
2018-09,2018-09-30,296,True,-0.05623843809409433,-0.06097217528444293,-0.0355430650375155,-0.15938675552661297,-0.1253894548609765,0.0002375197897779846,0.03476454386672034,0.10366089159525863,0.12562697465075448,0.7466216216216216,0.34797297297297297,0.033783783783783786,0.2533783783783784,296,127448.5170507509,-5.623843809409433,-6.097217528444293,-3.55430650375155,-15.938675552661296,-12.53894548609765,0.02375197897779846,3.4764543866720343,10.366089159525863,12.562697465075448,74.66216216216216,74.66216216216216,34.7972972972973,3.3783783783783785,25.33783783783784,-0.05418165342361295,ASX+UK,2,-5.418165342361295
2018-10,2018-10-31,291,True,-0.05706605006006214,-0.056447608011918504,-0.02943425979780572,-0.1605537264868403,-0.12253928973569295,-0.0007545936104330075,0.03776551645272863,0.11134942168932782,0.12178469612525994,0.7525773195876289,0.3436426116838488,0.054982817869415807,0.24398625429553264,291,119379.8270661832,-5.706605006006214,-5.64476080119185,-2.943425979780572,-16.05537264868403,-12.253928973569295,-0.07545936104330075,3.776551645272863,11.134942168932781,12.178469612525994,75.25773195876289,75.25773195876289,34.36426116838488,5.498281786941581,24.398625429553263,-0.05489193524577454,ASX+UK,2,-5.489193524577455
2018-11,2018-11-30,295,True,-0.05300323347820969,-0.05043660829317176,-0.026485264649847916,-0.15764706030148792,-0.11699431475924554,0.0029416959394683584,0.04390437901367982,0.1038899918430453,0.1199360106987139,0.7254237288135593,0.3152542372881356,0.03728813559322034,0.2677966101694915,295,120563.9502446545,-5.300323347820969,-5.043660829317176,-2.6485264649847915,-15.764706030148792,-11.699431475924554,0.29416959394683584,4.390437901367982,10.38899918430453,11.99360106987139,72.54237288135593,72.54237288135593,31.52542372881356,3.728813559322034,26.779661016949152,-0.04937327464219776,ASX+UK,2,-4.937327464219776
2018-12,2018-12-31,299,True,-0.05449095172846725,-0.058510638297872286,-0.02848913297683758,-0.1591935948412338,-0.11036854364182874,-0.0005502348960045311,0.03661069236136187,0.10349721705331306,0.10981830874582421,0.7525083612040134,0.29431438127090304,0.043478260869565216,0.24749163879598662,299,118907.68089437991,-5.449095172846725,-5.851063829787229,-2.848913297683758,-15.91935948412338,-11.036854364182874,-0.05502348960045311,3.661069236136187,10.349721705331307,10.981830874582421,75.25083612040135,75.25083612040135,29.431438127090303,4.3478260869565215,24.74916387959866,-0.05372410023339719,ASX+UK,2,-5.372410023339719
2019-01,2019-01-31,296,True,-0.059926142555655405,-0.06066775035510452,-0.02627968711194209,-0.16547488538967503,-0.12403136836523201,0.0008803583855839792,0.03092513990359924,0.10601661953146364,0.124911726750816,0.7398648648648649,0.3277027027027027,0.05067567567567568,0.2533783783783784,296,121813.10967498951,-5.992614255565541,-6.066775035510452,-2.627968711194209,-16.547488538967503,-12.4031368365232,0.08803583855839792,3.092513990359924,10.601661953146364,12.4911726750816,73.98648648648648,73.98648648648648,32.77027027027027,5.0675675675675675,25.33783783783784,-0.06104689856773775,ASX+UK,2,-6.104689856773775
2019-02,2019-02-28,294,True,-0.05925891088469274,-0.06361353366145706,-0.0358758374261782,-0.15959554790511324,-0.11074438542792467,-0.0061321647058024675,0.02671486158408917,0.11138423506917934,0.1046122207221222,0.7687074829931972,0.3129251700680272,0.05442176870748299,0.23129251700680273,294,123458.684565364,-5.925891088469274,-6.361353366145705,-3.5875837426178196,-15.959554790511325,-11.074438542792468,-0.6132164705802468,2.671486158408917,11.138423506917935,10.46122207221222,76.87074829931973,76.87074829931973,31.292517006802722,5.442176870748299,23.12925170068027,-0.06124186063559124,ASX+UK,2,-6.124186063559124
2019-03,2019-03-31,296,True,-0.0734945561792347,-0.07144120759890787,-0.044432931492655564,-0.18817332065906212,-0.12977712999973742,-0.012858372047291483,0.015621254724738964,0.11792288504431211,0.11691875795244594,0.8108108108108109,0.36824324324324326,0.0777027027027027,0.18243243243243243,296,127005.3183952155,-7.34945561792347,-7.144120759890788,-4.443293149265556,-18.81733206590621,-12.977712999973742,-1.2858372047291482,1.5621254724738964,11.79228850443121,11.691875795244593,81.08108108108108,81.08108108108108,36.82432432432432,7.77027027027027,18.243243243243242,-0.07707301021892313,ASX+UK,2,-7.707301021892313
2019-04,2019-04-30,294,True,-0.0682875882316183,-0.06986414588596346,-0.04443523910226766,-0.18140006890514573,-0.12142098898886935,-0.010370441398378144,0.022276216029724908,0.11716633860424758,0.11105054759049121,0.7789115646258503,0.3401360544217687,0.07482993197278912,0.21768707482993196,294,128726.50847146299,-6.828758823161831,-6.986414588596346,-4.443523910226766,-18.140006890514574,-12.142098898886935,-1.0370441398378145,2.2276216029724907,11.716633860424757,11.105054759049121,77.89115646258503,77.89115646258503,34.01360544217687,7.482993197278912,21.768707482993197,-0.0736787788008333,ASX+UK,2,-7.367877880083331
2019-05,2019-05-31,296,True,-0.07806783745437058,-0.08032793100180075,-0.05146432304948667,-0.1850803562531732,-0.13781476797268835,-0.015290272782030934,0.013208586097535613,0.12474819538060185,0.12252449519065742,0.8040540540540541,0.39864864864864863,0.0777027027027027,0.19594594594594594,296,129096.95481607551,-7.806783745437058,-8.032793100180074,-5.146432304948667,-18.50803562531732,-13.781476797268835,-1.5290272782030934,1.3208586097535613,12.474819538060185,12.252449519065742,80.4054054054054,80.4054054054054,39.86486486486486,7.77027027027027,19.594594594594593,-0.08318078542613024,ASX+UK,2,-8.318078542613023
2019-06,2019-06-30,301,True,-0.07775539133194359,-0.07817258883248734,-0.04752396090917678,-0.19354838709677424,-0.13888888888888884,-0.012499999999999956,0.02257513503531694,0.130139206820352,0.12638888888888888,0.7940199335548173,0.3754152823920266,0.08970099667774087,0.2026578073089701,301,138198.0376046455,-7.775539133194359,-7.817258883248734,-4.752396090917678,-19.354838709677423,-13.888888888888884,-1.2499999999999956,2.257513503531694,13.013920682035199,12.63888888888889,79.40199335548172,79.40199335548172,37.54152823920266,8.970099667774086,20.26578073089701,-0.08461623226799762,ASX+UK,2,-8.461623226799762
2019-07,2019-07-31,294,True,-0.07131972025396192,-0.06611586616619325,-0.039108454039774525,-0.1806994233029736,-0.12712069179362376,-0.01068655424056128,0.03130836883429752,0.11549734868630478,0.11643413755306248,0.782312925170068,0.36054421768707484,0.06802721088435375,0.2108843537414966,294,135939.07146798001,-7.131972025396192,-6.611586616619325,-3.9108454039774525,-18.06994233029736,-12.712069179362375,-1.0686554240561281,3.1308368834297524,11.549734868630477,11.643413755306248,78.2312925170068,78.2312925170068,36.054421768707485,6.802721088435375,21.08843537414966,-0.07382034814340672,ASX+UK,2,-7.382034814340672
2019-08,2019-08-31,292,True,-0.08529403370500756,-0.08374180702290485,-0.05510765327547571,-0.20463795288631742,-0.143576996767517,-0.02246255093281377,0.015921899678615445,0.1344429734918692,0.12111444583470324,0.8356164383561644,0.4486301369863014,0.10273972602739725,0.1643835616438356,292,133073.58052393098,-8.529403370500756,-8.374180702290484,-5.510765327547571,-20.463795288631744,-14.3576996767517,-2.246255093281377,1.5921899678615445,13.44429734918692,12.111444583470323,83.56164383561644,83.56164383561644,44.86301369863014,10.273972602739725,16.43835616438356,-0.08982258511938931,ASX+UK,2,-8.982258511938932
2019-09,2019-09-30,287,True,-0.07776588526800546,-0.08248914616497827,-0.04927865230831921,-0.18526841448189754,-0.13106070577147394,-0.02099038265808384,0.016909147304604685,0.09980585419314408,0.1100703231133901,0.8118466898954704,0.40069686411149824,0.06620209059233449,0.18466898954703834,287,135269.486891057,-7.776588526800546,-8.248914616497826,-4.927865230831921,-18.526841448189753,-13.106070577147394,-2.099038265808384,1.6909147304604684,9.980585419314409,11.00703231133901,81.18466898954703,81.18466898954703,40.069686411149824,6.620209059233449,18.466898954703833,-0.08147792420011171,ASX+UK,2,-8.147792420011172
2019-10,2019-10-31,290,True,-0.07315642724765448,-0.06998199556032408,-0.04110689288343051,-0.1825091640650285,-0.12988578045142052,-0.013119409272577681,0.023026250488236054,0.11343958565286921,0.11676637117884284,0.7965517241379311,0.3689655172413793,0.07931034482758621,0.20344827586206896,290,136749.937050542,-7.315642724765448,-6.998199556032408,-4.110689288343051,-18.250916406502853,-12.988578045142052,-1.3119409272577682,2.3026250488236055,11.343958565286922,11.676637117884283,79.65517241379311,79.65517241379311,36.896551724137936,7.931034482758621,20.344827586206897,-0.07637452733447778,ASX+UK,2,-7.637452733447778
2019-11,2019-11-30,291,True,-0.07049426045333272,-0.07041985640245352,-0.034253766554662966,-0.17948717948717952,-0.11784510715347557,-0.007317018562629618,0.02469546292657876,0.1117687051001445,0.11052808859084595,0.7697594501718213,0.3127147766323024,0.07216494845360824,0.2268041237113402,291,142692.78479374648,-7.049426045333272,-7.041985640245352,-3.4253766554662968,-17.948717948717952,-11.784510715347556,-0.7317018562629618,2.469546292657876,11.17687051001445,11.052808859084596,76.97594501718214,76.97594501718214,31.27147766323024,7.216494845360824,22.68041237113402,-0.07483907238789117,ASX+UK,2,-7.483907238789117
2019-12,2019-12-31,292,True,-0.06094305981796597,-0.0515212142518382,-0.014306159176488906,-0.15653513954706588,-0.1146537820026684,0.009617683471327909,0.031525165400019615,0.09725656849431023,0.12427146547399631,0.702054794520548,0.3013698630136986,0.0547945205479452,0.2876712328767123,292,147952.4161355655,-6.094305981796596,-5.15212142518382,-1.4306159176488906,-15.653513954706588,-11.46537820026684,0.9617683471327909,3.1525165400019617,9.725656849431024,12.427146547399632,70.2054794520548,70.2054794520548,30.136986301369863,5.47945205479452,28.767123287671232,-0.06579063375203599,ASX+UK,2,-6.579063375203599
2020-01,2020-01-31,293,True,-0.06420210094672847,-0.05944319036869816,-0.030878050013095466,-0.17325862966929842,-0.11860642653896869,-0.0015594690198167394,0.02823831806977199,0.12281947816317684,0.11704695751915195,0.7610921501706485,0.3515358361774744,0.07508532423208192,0.23208191126279865,293,140323.08705659647,-6.420210094672847,-5.944319036869816,-3.0878050013095466,-17.325862966929844,-11.86064265389687,-0.15594690198167394,2.823831806977199,12.281947816317684,11.704695751915196,76.10921501706484,76.10921501706484,35.153583617747444,7.508532423208192,23.208191126279864,-0.06865782407932916,ASX+UK,2,-6.865782407932916
2020-02,2020-02-29,295,True,-0.0923510716946576,-0.08679274000228299,-0.06152455224588174,-0.2029239887431013,-0.1419130350464448,-0.02899159663865547,0.010604896646076192,0.12344675362189429,0.11292143840778934,0.8610169491525423,0.43728813559322033,0.10508474576271186,0.1288135593220339,295,124749.34656491649,-9.23510716946576,-8.679274000228299,-6.1524552245881745,-20.29239887431013,-14.19130350464448,-2.899159663865547,1.0604896646076192,12.34467536218943,11.292143840778934,86.10169491525423,86.10169491525423,43.728813559322035,10.508474576271185,12.88135593220339,-0.09625488249673049,ASX+UK,2,-9.62548824967305
2020-03,2020-03-31,293,True,-0.11567253768720803,-0.10404095812762848,-0.0510858144169414,-0.2635251262116933,-0.1712062256809338,-0.0334239206567114,0.019060197137826824,0.15406575147828358,0.1377823050242224,0.8498293515358362,0.515358361774744,0.18430034129692832,0.15017064846416384,293,117146.51425603151,-11.567253768720803,-10.404095812762847,-5.10858144169414,-26.35251262116933,-17.12062256809338,-3.3423920656711403,1.9060197137826824,15.406575147828358,13.77823050242224,84.98293515358361,84.98293515358361,51.5358361774744,18.43003412969283,15.017064846416384,-0.12423472428322227,ASX+UK,2,-12.423472428322228
2020-04,2020-04-30,293,True,-0.11948098846037684,-0.09853752097818269,-0.05865807622640378,-0.2813720124064952,-0.18280585734529997,-0.03011740684022468,0.013801539940432275,0.15027261150754434,0.1526884505050753,0.8464163822525598,0.4948805460750853,0.21160409556313994,0.15358361774744028,293,126491.388061012,-11.948098846037684,-9.853752097818269,-5.865807622640378,-28.137201240649517,-18.280585734529996,-3.011740684022468,1.3801539940432275,15.027261150754434,15.26884505050753,84.64163822525597,84.64163822525597,49.48805460750853,21.160409556313994,15.358361774744028,-0.13617150488185295,ASX+UK,2,-13.617150488185295
2020-05,2020-05-31,297,True,-0.10224036767862088,-0.0887048438947311,-0.04473240601538676,-0.22471613849475122,-0.15744957709824325,-0.03409090909090917,0.01797359925916186,0.12990337225884716,0.12335866800733408,0.8451178451178452,0.47474747474747475,0.14814814814814814,0.15151515151515152,297,130166.4417285185,-10.224036767862088,-8.87048438947311,-4.473240601538675,-22.471613849475123,-15.744957709824325,-3.409090909090917,1.7973599259161859,12.990337225884716,12.335866800733408,84.51178451178451,84.51178451178451,47.474747474747474,14.814814814814813,15.151515151515152,-0.10807611527362711,ASX+UK,2,-10.807611527362711
2020-06,2020-06-30,295,True,-0.10760842602412095,-0.10262685593082066,-0.052179995834891274,-0.2347632940539909,-0.15830382853379493,-0.04010549866498403,0.012645334860085117,0.13379836291272137,0.1181983298688109,0.8610169491525423,0.511864406779661,0.1423728813559322,0.13898305084745763,295,137381.3357730885,-10.760842602412096,-10.262685593082066,-5.217999583489127,-23.476329405399092,-15.830382853379493,-4.010549866498403,1.2645334860085118,13.379836291272138,11.81983298688109,86.10169491525423,86.10169491525423,51.186440677966104,14.237288135593221,13.898305084745763,-0.11563267755033793,ASX+UK,2,-11.563267755033793
2020-07,2020-07-31,291,True,-0.10401861365838716,-0.09255422381914036,-0.04914324925295962,-0.22420480993017833,-0.1620659000646532,-0.0369514101350889,0.01255867679225342,0.13545398481481855,0.1251144899295643,0.8591065292096219,0.47079037800687284,0.14776632302405499,0.140893470790378,291,136785.3291674075,-10.401861365838716,-9.255422381914036,-4.914324925295962,-22.420480993017833,-16.206590006465323,-3.6951410135088905,1.255867679225342,13.545398481481854,12.511448992956431,85.91065292096219,85.91065292096219,47.07903780068728,14.776632302405499,14.0893470790378,-0.1114271098431724,ASX+UK,2,-11.14271098431724
2020-08,2020-08-31,291,True,-0.10227851603471236,-0.09098387627509052,-0.04892674460324923,-0.22184044556056204,-0.1498315982485503,-0.033221861005834186,0.010101010101010166,0.11569469073551572,0.11660973724271612,0.872852233676976,0.4570446735395189,0.12714776632302405,0.12714776632302405,291,141267.88221572852,-10.227851603471235,-9.098387627509052,-4.892674460324923,-22.184044556056204,-14.98315982485503,-3.3221861005834183,1.0101010101010166,11.569469073551572,11.660973724271612,87.2852233676976,87.2852233676976,45.70446735395189,12.714776632302405,12.714776632302405,-0.10825983512537829,ASX+UK,2,-10.825983512537828
2020-09,2020-09-30,293,True,-0.10342602012547371,-0.09476309226932667,-0.046121213660852145,-0.21304078404878612,-0.1573516766981944,-0.03552105386967763,0.01229402238354822,0.1275394784679127,0.12183062282851675,0.8600682593856656,0.47440273037542663,0.11604095563139932,0.13993174061433447,293,145802.5288869465,-10.34260201254737,-9.476309226932667,-4.612121366085215,-21.304078404878613,-15.73516766981944,-3.5521053869677632,1.229402238354822,12.75394784679127,12.183062282851676,86.00682593856655,86.00682593856655,47.44027303754266,11.604095563139932,13.993174061433447,-0.10711324930796182,ASX+UK,2,-10.71132493079618
2020-10,2020-10-31,289,True,-0.08283978586136884,-0.0779403822595729,-0.031232723867574492,-0.18077429144671853,-0.1318983080875189,-0.01653854349358297,0.019234104417368062,0.12185570098091186,0.11535976459393593,0.8269896193771626,0.3875432525951557,0.08650519031141868,0.17301038062283736,289,147322.198644522,-8.283978586136884,-7.794038225957289,-3.1232723867574492,-18.077429144671854,-13.18983080875189,-1.653854349358297,1.9234104417368063,12.185570098091187,11.535976459393593,82.69896193771626,82.69896193771626,38.75432525951557,8.650519031141869,17.301038062283737,-0.08530375063361137,ASX+UK,2,-8.530375063361136
2020-11,2020-11-30,287,True,-0.0679176152375172,-0.059463499709326406,-0.02360790198700584,-0.17436034397482933,-0.1193137855651562,-0.004574688796680548,0.026047358030648806,0.12779451976785783,0.11473909676847566,0.7700348432055749,0.3170731707317073,0.07665505226480836,0.2264808362369338,287,158339.7298202715,-6.79176152375172,-5.946349970932641,-2.3607901987005837,-17.43603439748293,-11.93137855651562,-0.45746887966805483,2.6047358030648806,12.779451976785783,11.473909676847565,77.00348432055749,77.00348432055749,31.70731707317073,7.665505226480835,22.64808362369338,-0.07107689115795757,ASX+UK,2,-7.107689115795757
2020-12,2020-12-31,284,True,-0.058892759387876956,-0.045753667638212314,-0.005088253018361078,-0.17578948120499133,-0.10416109399677753,0.002070231816663881,0.0448247294568424,0.12338969196283006,0.10623132581344141,0.7359154929577465,0.2746478873239437,0.07746478873239436,0.2605633802816901,284,168761.7419980805,-5.889275938787695,-4.575366763821231,-0.5088253018361079,-17.57894812049913,-10.416109399677753,0.2070231816663881,4.48247294568424,12.338969196283006,10.62313258134414,73.59154929577466,73.59154929577466,27.464788732394368,7.746478873239436,26.056338028169012,-0.0637329930322002,ASX+UK,2,-6.37329930322002
2021-01,2021-01-31,282,True,-0.06271445894805772,-0.060146511061049346,-0.01925839737155233,-0.171505783210196,-0.10423203341824644,-0.0033352165377568965,0.03729646571550132,0.11638427734056532,0.10089681688048954,0.7588652482269503,0.26595744680851063,0.07446808510638298,0.2375886524822695,282,163942.57931557202,-6.271445894805772,-6.014651106104934,-1.9258397371552332,-17.150578321019598,-10.423203341824644,-0.33352165377568965,3.729646571550132,11.638427734056531,10.089681688048953,75.88652482269504,75.88652482269504,26.595744680851062,7.446808510638298,23.75886524822695,-0.0661776042696537,ASX+UK,2,-6.61776042696537
2021-02,2021-02-28,280,True,-0.06998415552451348,-0.06173868769653823,-0.035190180401655065,-0.1906208316148904,-0.11855838257161586,-0.005988106661524217,0.028290931790235296,0.11843949038921571,0.11257027591009164,0.7857142857142857,0.32142857142857145,0.08928571428571429,0.21428571428571427,280,164226.2099769885,-6.998415552451348,-6.173868769653823,-3.5190180401655065,-19.062083161489042,-11.855838257161585,-0.5988106661524217,2.8290931790235296,11.84394903892157,11.257027591009164,78.57142857142857,78.57142857142857,32.142857142857146,8.928571428571429,21.428571428571427,-0.07470657909089296,ASX+UK,2,-7.4706579090892955
2021-03,2021-03-31,279,True,-0.06994480437260224,-0.06400771952396267,-0.032089947386687544,-0.18637958532695378,-0.11752211063066426,-0.00763657704550319,0.029113308569384218,0.11768997769081786,0.10988553358516107,0.7634408602150538,0.3154121863799283,0.08602150537634409,0.23655913978494625,279,170209.407518336,-6.994480437260224,-6.400771952396267,-3.2089947386687543,-18.63795853269538,-11.752211063066426,-0.763657704550319,2.911330856938422,11.768997769081786,10.988553358516107,76.34408602150538,76.34408602150538,31.54121863799283,8.60215053763441,23.655913978494624,-0.0757822779510794,ASX+UK,2,-7.57822779510794
2021-04,2021-04-30,275,True,-0.06644138322423555,-0.058054594386774294,-0.02893286759636932,-0.19214014707948845,-0.11265708366127553,-0.0023904074927118546,0.028020970339209448,0.129279289301218,0.11026667616856367,0.76,0.3090909090909091,0.09454545454545454,0.23636363636363636,275,172532.7540391855,-6.644138322423555,-5.805459438677429,-2.893286759636932,-19.214014707948845,-11.265708366127553,-0.23904074927118546,2.802097033920945,12.927928930121798,11.026667616856367,76.0,76.0,30.909090909090907,9.454545454545455,23.636363636363637,-0.07230959155540978,ASX+UK,2,-7.230959155540978
2021-05,2021-05-31,277,True,-0.06483995037706246,-0.061475409836065587,-0.03452465091863793,-0.1714141841523833,-0.11477642430203527,-0.00012472456658219055,0.027420256326561178,0.12222498852989164,0.11465169973545308,0.7509025270758123,0.3104693140794224,0.08664259927797834,0.24548736462093862,277,176627.13461039402,-6.483995037706245,-6.147540983606559,-3.4524650918637927,-17.14141841523833,-11.477642430203527,-0.012472456658219055,2.7420256326561177,12.222498852989164,11.465169973545308,75.09025270758123,75.09025270758123,31.046931407942242,8.664259927797833,24.548736462093864,-0.07077795401290557,ASX+UK,2,-7.077795401290557
2021-06,2021-06-30,277,True,-0.0706443276680214,-0.06413932992935567,-0.035265771576735466,-0.17828512771617855,-0.10895099230457672,-0.013036364595978234,0.019365495415128244,0.0956352091214585,0.09591462770859849,0.8014440433212996,0.2924187725631769,0.08303249097472924,0.19494584837545126,277,181161.957652793,-7.064432766802139,-6.4139329929355675,-3.5265771576735467,-17.828512771617856,-10.895099230457673,-1.3036364595978234,1.9365495415128244,9.563520912145849,9.591462770859849,80.14440433212997,80.14440433212997,29.24187725631769,8.303249097472925,19.494584837545126,-0.07533883900722295,ASX+UK,2,-7.533883900722295
2021-07,2021-07-31,275,True,-0.06392773928080896,-0.06887998473573753,-0.027277552881533395,-0.1705271827418978,-0.11029539656771797,-0.010033491239033965,0.020449407848865373,0.11907360326032092,0.10026190532868401,0.7890909090909091,0.29454545454545455,0.05818181818181818,0.2109090909090909,275,179506.5768508755,-6.392773928080896,-6.887998473573753,-2.7277552881533396,-17.05271827418978,-11.029539656771798,-1.0033491239033965,2.0449407848865375,11.907360326032093,10.026190532868402,78.9090909090909,78.9090909090909,29.454545454545457,5.818181818181818,21.09090909090909,-0.06577662478171567,ASX+UK,2,-6.577662478171567
2021-08,2021-08-31,277,True,-0.07476257531615292,-0.07010366865460749,-0.029074326505545204,-0.1965366082874089,-0.12302602833780663,-0.013605442176870874,0.019938090013503686,0.10230500532992497,0.10942058616093575,0.8122743682310469,0.34296028880866425,0.09386281588447654,0.18411552346570398,277,185137.95428251248,-7.476257531615292,-7.010366865460749,-2.9074326505545205,-19.65366082874089,-12.302602833780663,-1.3605442176870874,1.9938090013503686,10.230500532992497,10.942058616093576,81.2274368231047,81.2274368231047,34.29602888086642,9.386281588447654,18.4115523465704,-0.07865285154896823,ASX+UK,2,-7.865285154896823
2021-09,2021-09-30,279,True,-0.06658832545335606,-0.07085020242914974,-0.02967901958034496,-0.17959825805421928,-0.11518868253998987,-0.013810770154633445,0.028368503092161886,0.10977922565219474,0.10137791238535643,0.8136200716845878,0.3225806451612903,0.07885304659498207,0.1827956989247312,279,182399.48050950098,-6.658832545335606,-7.0850202429149745,-2.967901958034496,-17.95982580542193,-11.518868253998987,-1.3810770154633445,2.8368503092161887,10.977922565219474,10.137791238535643,81.36200716845879,81.36200716845879,32.25806451612903,7.885304659498208,18.27956989247312,-0.0685983763924481,ASX+UK,2,-6.859837639244811
2021-10,2021-10-31,273,True,-0.06700036077594117,-0.07024191197901486,-0.0260872152309047,-0.17332732597431855,-0.11732427182186855,-0.016683518705763456,0.018376335627110052,0.10780028702004345,0.1006407531161051,0.8241758241758241,0.32234432234432236,0.07326007326007326,0.16483516483516483,273,179127.7504365135,-6.700036077594117,-7.0241911979014855,-2.6087215230904697,-17.332732597431853,-11.732427182186855,-1.6683518705763456,1.8376335627110052,10.780028702004344,10.064075311610509,82.41758241758241,82.41758241758241,32.234432234432234,7.326007326007327,16.483516483516482,-0.06691773467520282,ASX+UK,2,-6.691773467520282
2021-11,2021-11-30,273,True,-0.07135051766143705,-0.06791290163891983,-0.029581608448075107,-0.19075715830323176,-0.11832412523020253,-0.005434782608695676,0.02084057599765799,0.0993151718673695,0.11288934262150685,0.7912087912087912,0.326007326007326,0.09157509157509157,0.2087912087912088,273,180431.585710591,-7.135051766143705,-6.791290163891983,-2.9581608448075105,-19.075715830323176,-11.832412523020253,-0.5434782608695676,2.0840575997657993,9.93151718673695,11.288934262150685,79.12087912087912,79.12087912087912,32.6007326007326,9.157509157509157,20.87912087912088,-0.07388072826032019,ASX+UK,2,-7.388072826032019
2021-12,2021-12-31,275,True,-0.0664394434383983,-0.061797752808988804,-0.023081427709197817,-0.18786653217362395,-0.11354270918848008,-0.003986190895022779,0.028854203136903126,0.10345580899241698,0.1095565182934573,0.7709090909090909,0.3054545454545455,0.08727272727272728,0.22181818181818183,275,180502.417420102,-6.643944343839831,-6.17977528089888,-2.3081427709197815,-18.786653217362396,-11.354270918848009,-0.39861908950227787,2.8854203136903127,10.345580899241698,10.955651829345731,77.0909090909091,77.0909090909091,30.545454545454547,8.727272727272728,22.181818181818183,-0.06909494322943627,ASX+UK,2,-6.909494322943627
2022-01,2022-01-31,277,True,-0.07112200793684127,-0.06903353057199224,-0.02958750545105564,-0.18281518214762543,-0.1191275167785234,-0.012345679012345623,0.023700967399290385,0.12921421866983976,0.10678183776617778,0.7870036101083032,0.35379061371841153,0.09025270758122744,0.21299638989169675,277,166644.36371378548,-7.112200793684127,-6.903353057199224,-2.958750545105564,-18.281518214762542,-11.91275167785234,-1.2345679012345623,2.3700967399290387,12.921421866983977,10.678183776617779,78.70036101083032,78.70036101083032,35.37906137184115,9.025270758122744,21.299638989169676,-0.07105632158375433,ASX+UK,2,-7.105632158375433
2022-02,2022-02-28,272,True,-0.07071585399806388,-0.0716467938595356,-0.02503533186450094,-0.19026322519142014,-0.12356925510261235,-0.02212393352648226,0.009341466759360652,0.13850447029285431,0.10144532157613009,0.8382352941176471,0.35661764705882354,0.09191176470588236,0.15441176470588236,272,161241.8116381695,-7.071585399806388,-7.164679385953559,-2.503533186450094,-19.026322519142013,-12.356925510261235,-2.212393352648226,0.9341466759360653,13.850447029285432,10.144532157613009,83.82352941176471,83.82352941176471,35.661764705882355,9.191176470588236,15.441176470588236,-0.07014908599738807,ASX+UK,2,-7.014908599738807
2022-03,2022-03-31,271,True,-0.07758139605887035,-0.0733631622143972,-0.03779253237271671,-0.2015768022983897,-0.12307456695731217,-0.015097684893057794,0.02069747660901622,0.11250131915438734,0.10797688206425438,0.7970479704797048,0.3726937269372694,0.1033210332103321,0.19557195571955718,271,167543.983908633,-7.758139605887035,-7.33631622143972,-3.779253237271671,-20.15768022983897,-12.307456695731217,-1.5097684893057794,2.069747660901622,11.250131915438734,10.797688206425438,79.70479704797047,79.70479704797047,37.269372693726936,10.33210332103321,19.557195571955717,-0.07663812644565819,ASX+UK,2,-7.6638126445658195
2022-04,2022-04-30,268,True,-0.07765958718000193,-0.07309543265432378,-0.042042919496601,-0.18498252745465002,-0.1266973295418482,-0.02435405414722608,0.017392068935197395,0.10878830734908886,0.10234327539462212,0.8246268656716418,0.3805970149253731,0.09328358208955224,0.17537313432835822,268,157309.767985302,-7.765958718000193,-7.309543265432378,-4.2042919496601,-18.498252745465003,-12.66973295418482,-2.4354054147226076,1.7392068935197396,10.878830734908886,10.234327539462212,82.46268656716418,82.46268656716418,38.059701492537314,9.328358208955224,17.537313432835823,-0.07982997452755497,ASX+UK,2,-7.982997452755497
2022-05,2022-05-31,271,True,-0.09419249813980964,-0.09048095602519579,-0.054556370127462235,-0.19862962687122965,-0.139596298049454,-0.03756621206749028,0.010423314188470645,0.10535526595144572,0.10203008598196373,0.8745387453874539,0.45387453874538747,0.0996309963099631,0.12177121771217712,271,150077.697187419,-9.419249813980963,-9.04809560251958,-5.455637012746224,-19.862962687122966,-13.9596298049454,-3.7566212067490277,1.0423314188470645,10.535526595144571,10.203008598196373,87.4538745387454,87.4538745387454,45.38745387453875,9.96309963099631,12.177121771217712,-0.09530272290687923,ASX+UK,2,-9.530272290687924
2022-06,2022-06-30,271,True,-0.09388733026955062,-0.09502262443438914,-0.062122743903022304,-0.1948998178506376,-0.14437405010725307,-0.03368618271291218,0.013476697301027851,0.1125197237703431,0.11068786739434089,0.8745387453874539,0.46863468634686345,0.0959409594095941,0.12177121771217712,271,149572.315465851,-9.388733026955062,-9.502262443438914,-6.21227439030223,-19.48998178506376,-14.437405010725307,-3.3686182712912185,1.3476697301027851,11.25197237703431,11.068786739434088,87.4538745387454,87.4538745387454,46.86346863468634,9.59409594095941,12.177121771217712,-0.09537757749199852,ASX+UK,2,-9.537757749199852
2022-07,2022-07-31,270,True,-0.08869263953244112,-0.08468250917487191,-0.04456865255617369,-0.22779690694011595,-0.1376562755504022,-0.031987242223834644,0.010712376304877634,0.11859537405119955,0.10566903332656755,0.8629629629629629,0.43703703703703706,0.10740740740740741,0.13333333333333333,270,152549.2575307102,-8.869263953244113,-8.468250917487191,-4.456865255617369,-22.779690694011595,-13.765627555040219,-3.1987242223834644,1.0712376304877635,11.859537405119955,10.566903332656755,86.29629629629629,86.29629629629629,43.7037037037037,10.74074074074074,13.333333333333334,-0.08966699515123616,ASX+UK,2,-8.966699515123617
2022-08,2022-08-31,270,True,-0.09089791567361305,-0.09256763502046522,-0.0628372471049419,-0.21408185071080904,-0.14252831351166947,-0.029178736102656727,0.014282968659213345,0.12202081563673904,0.11334957740901275,0.8777777777777778,0.45925925925925926,0.1111111111111111,0.12222222222222222,270,148425.2063799223,-9.089791567361305,-9.256763502046523,-6.28372471049419,-21.408185071080904,-14.252831351166947,-2.917873610265673,1.4282968659213346,12.202081563673904,11.334957740901274,87.77777777777777,87.77777777777777,45.925925925925924,11.11111111111111,12.222222222222221,-0.09111468742216261,ASX+UK,2,-9.11146874221626
2022-09,2022-09-30,269,True,-0.09589921051400654,-0.09397650587353168,-0.05718806013054091,-0.21651359705611933,-0.14456686167150834,-0.03733133870200023,0.011572019383132535,0.12380443178469895,0.10723552296950811,0.862453531598513,0.4795539033457249,0.11895910780669144,0.13382899628252787,269,146112.4892666113,-9.589921051400655,-9.397650587353167,-5.718806013054091,-21.651359705611934,-14.456686167150835,-3.7331338702000227,1.1572019383132535,12.380443178469895,10.72355229695081,86.2453531598513,86.2453531598513,47.95539033457249,11.895910780669144,13.382899628252787,-0.0977587535252232,ASX+UK,2,-9.77587535252232
2022-10,2022-10-31,262,True,-0.10109921798083409,-0.09874875156783841,-0.06795583860789298,-0.22834699983103235,-0.14457876687801924,-0.03744674425070893,0.0007642848477496015,0.1159458301581241,0.10713202262731031,0.8893129770992366,0.48854961832061067,0.14122137404580154,0.10305343511450382,262,143663.5989551635,-10.109921798083409,-9.87487515678384,-6.795583860789297,-22.834699983103235,-14.457876687801924,-3.744674425070893,0.07642848477496014,11.59458301581241,10.71320226273103,88.93129770992367,88.93129770992367,48.854961832061065,14.122137404580155,10.305343511450381,-0.10538602045297976,ASX+UK,2,-10.538602045297976
2022-11,2022-11-30,261,True,-0.09824959345978196,-0.09830074913210296,-0.06623809032049052,-0.2184524444309024,-0.14800000000000002,-0.04337631887456028,0.004948026542902051,0.11518878154987537,0.10462368112543974,0.8735632183908046,0.4904214559386973,0.12643678160919541,0.12260536398467432,261,148467.924010939,-9.824959345978195,-9.830074913210296,-6.623809032049052,-21.845244443090237,-14.800000000000002,-4.337631887456029,0.4948026542902051,11.518878154987537,10.462368112543974,87.35632183908046,87.35632183908046,49.042145593869726,12.643678160919542,12.260536398467432,-0.10348960277874295,ASX+UK,2,-10.348960277874294
2022-12,2022-12-31,254,True,-0.0883554288112059,-0.08290109392501116,-0.05321640716360707,-0.19243817625064563,-0.13514952894652177,-0.033962981583794544,0.01634393977306542,0.12136430020447947,0.10118654736272722,0.8267716535433071,0.4015748031496063,0.0984251968503937,0.16535433070866143,254,146740.65498267452,-8.83554288112059,-8.290109392501115,-5.321640716360707,-19.243817625064562,-13.514952894652177,-3.3962981583794543,1.634393977306542,12.136430020447946,10.118654736272722,82.67716535433071,82.67716535433071,40.15748031496063,9.84251968503937,16.535433070866144,-0.09316785966390914,ASX+UK,2,-9.316785966390913
2023-01,2023-01-31,251,True,-0.10509151779351113,-0.09415584415584421,-0.06718957084249078,-0.22600619195046445,-0.14511040564373895,-0.03829990435600955,0.002808305508259057,0.10922888931461497,0.1068105012877294,0.8844621513944223,0.4581673306772908,0.13545816733067728,0.11553784860557768,251,149637.9689988775,-10.509151779351113,-9.415584415584421,-6.718957084249078,-22.600619195046445,-14.511040564373895,-3.829990435600955,0.2808305508259057,10.922888931461497,10.68105012877294,88.44621513944223,88.44621513944223,45.81673306772908,13.545816733067728,11.553784860557768,-0.11055659908424528,ASX+UK,2,-11.055659908424529
2023-02,2023-02-28,257,True,-0.0994198201477708,-0.09299903013757671,-0.06312518854966413,-0.23261218507920997,-0.13715547558681607,-0.03214285714285714,0.0027915967029260875,0.10942713848775679,0.10501261844395893,0.8871595330739299,0.4669260700389105,0.1245136186770428,0.10894941634241245,257,149468.8684566195,-9.94198201477708,-9.299903013757671,-6.312518854966413,-23.261218507920997,-13.715547558681607,-3.214285714285714,0.27915967029260874,10.942713848775679,10.501261844395893,88.715953307393,88.715953307393,46.69260700389105,12.45136186770428,10.894941634241246,-0.10527522084715774,ASX+UK,2,-10.527522084715773
2023-03,2023-03-31,258,True,-0.10755215771241032,-0.09934004611725927,-0.07831447065135637,-0.22663627391823687,-0.15077046812724698,-0.040873448013715286,-0.0012196561166770317,0.11530109418068003,0.1098970201135317,0.8992248062015504,0.49612403100775193,0.12790697674418605,0.10077519379844961,258,149770.5674416076,-10.755215771241032,-9.934004611725927,-7.831447065135637,-22.663627391823688,-15.077046812724697,-4.087344801371529,-0.12196561166770317,11.530109418068003,10.98970201135317,89.92248062015504,89.92248062015504,49.6124031007752,12.790697674418606,10.077519379844961,-0.11073531649271737,ASX+UK,2,-11.073531649271736
2023-04,2023-04-30,258,True,-0.1079670337846161,-0.10041005024364374,-0.08235537710970543,-0.25096153846153846,-0.14535088927241466,-0.04531959042868883,0.0036515900412278403,0.10774425640428809,0.10003129884372583,0.8837209302325582,0.5038759689922481,0.12403100775193798,0.1124031007751938,258,145829.49618440948,-10.79670337846161,-10.041005024364374,-8.235537710970544,-25.096153846153847,-14.535088927241466,-4.531959042868882,0.365159004122784,10.77442564042881,10.003129884372584,88.37209302325581,88.37209302325581,50.3875968992248,12.4031007751938,11.24031007751938,-0.11303002697964017,ASX+UK,2,-11.303002697964017
2023-05,2023-05-31,258,True,-0.10818713334950267,-0.10090672543960671,-0.08187693581278865,-0.23000272283486012,-0.14889028176106933,-0.047813216882725995,0.0024645104970165664,0.1083245618661075,0.10107706487834334,0.8875968992248062,0.5,0.12403100775193798,0.10852713178294573,258,144918.161846322,-10.818713334950267,-10.090672543960672,-8.187693581278864,-23.000272283486012,-14.889028176106933,-4.7813216882726,0.24645104970165665,10.83245618661075,10.107706487834333,88.75968992248062,88.75968992248062,50.0,12.4031007751938,10.852713178294573,-0.11442298177717554,ASX+UK,2,-11.442298177717554
2023-06,2023-06-30,257,True,-0.11938595963207668,-0.10772987696064618,-0.09418174054496742,-0.2367440807548645,-0.16257668711656437,-0.05614546464015546,-0.011960544392566233,0.11008332474603941,0.1064312224764089,0.933852140077821,0.556420233463035,0.1517509727626459,0.06614785992217899,257,149173.4223712755,-11.938595963207668,-10.772987696064618,-9.418174054496742,-23.67440807548645,-16.257668711656436,-5.614546464015547,-1.1960544392566232,11.008332474603941,10.64312224764089,93.3852140077821,93.3852140077821,55.6420233463035,15.17509727626459,6.614785992217899,-0.12567092037577401,ASX+UK,2,-12.567092037577401
2023-07,2023-07-31,256,True,-0.11362817299544006,-0.10216732290127717,-0.08466498108543617,-0.2301199898673565,-0.14607725047140316,-0.052852207142213004,-0.010005538007074988,0.11349653854127269,0.09322504332919015,0.91796875,0.5078125,0.125,0.08203125,255,148496.154858194,-11.362817299544007,-10.216732290127716,-8.466498108543616,-23.011998986735648,-14.607725047140315,-5.285220714221301,-1.0005538007074988,11.349653854127268,9.322504332919015,91.796875,91.796875,50.78125,12.5,8.203125,-0.11877443009432279,ASX+UK,2,-11.877443009432278
2023-08,2023-08-31,253,True,-0.1162234052190758,-0.10389812082621519,-0.08803145648177989,-0.23346212240381908,-0.1465109813733667,-0.05755395683453224,-0.017921170559091412,0.11280831392712419,0.08895702453883447,0.932806324110672,0.5177865612648221,0.12648221343873517,0.06719367588932806,252,144103.79706918902,-11.62234052190758,-10.38981208262152,-8.803145648177988,-23.34621224038191,-14.651098137336671,-5.755395683453224,-1.7921170559091413,11.280831392712418,8.895702453883448,93.2806324110672,93.2806324110672,51.77865612648221,12.648221343873518,6.719367588932807,-0.12067635721583843,ASX+UK,2,-12.067635721583843
2023-09,2023-09-30,251,True,-0.10672272004342154,-0.10161450860252585,-0.08284572518747563,-0.21797840130822665,-0.14645996673830858,-0.05110404681420033,-0.0025041736227043865,0.11878615712122334,0.09535591992410825,0.9083665338645418,0.5059760956175299,0.11553784860557768,0.08366533864541832,251,144523.885685004,-10.672272004342155,-10.161450860252586,-8.284572518747563,-21.797840130822664,-14.645996673830858,-5.110404681420033,-0.25041736227043865,11.878615712122334,9.535591992410824,90.83665338645417,90.83665338645417,50.59760956175299,11.553784860557768,8.366533864541832,-0.10903533695251118,ASX+UK,2,-10.903533695251118
2023-10,2023-10-31,249,True,-0.11566058743546076,-0.11003236245954684,-0.0893833354663893,-0.224245198939162,-0.158855187653705,-0.05633802816901401,-0.0073516763916602924,0.1099532513267546,0.10251715948469098,0.9036144578313253,0.5381526104417671,0.14056224899598393,0.08835341365461848,249,136702.7853809715,-11.566058743546076,-11.003236245954684,-8.93833354663893,-22.4245198939162,-15.885518765370499,-5.633802816901401,-0.7351676391660292,10.99532513267546,10.251715948469098,90.36144578313254,90.36144578313254,53.81526104417671,14.056224899598394,8.835341365461847,-0.11456656822533223,ASX+UK,2,-11.456656822533223
2023-11,2023-11-30,245,True,-0.1105417814086226,-0.1041937743969572,-0.05898401665253176,-0.22840517241379307,-0.14829659318637267,-0.057615913242671124,0.0,0.12479996215187614,0.09068067994370155,0.889795918367347,0.5346938775510204,0.11836734693877551,0.09795918367346938,245,144227.09211385902,-11.05417814086226,-10.41937743969572,-5.898401665253176,-22.840517241379306,-14.829659318637267,-5.761591324267112,0.0,12.479996215187613,9.068067994370155,88.9795918367347,88.9795918367347,53.46938775510204,11.83673469387755,9.795918367346939,-0.11282889995897302,ASX+UK,2,-11.282889995897301
2023-12,2023-12-31,249,True,-0.10193647827777798,-0.09851495503032848,-0.07315452540518214,-0.23545869480496526,-0.1341027593883648,-0.05084006109535233,-0.005753368496061233,0.12480177396571175,0.08326269829301247,0.9116465863453815,0.4899598393574297,0.11244979919678715,0.08433734939759036,249,152142.56017344547,-10.193647827777799,-9.851495503032847,-7.315452540518214,-23.545869480496524,-13.410275938836481,-5.084006109535233,-0.5753368496061233,12.480177396571175,8.326269829301246,91.16465863453816,91.16465863453816,48.99598393574297,11.244979919678714,8.433734939759036,-0.1017712730837893,ASX+UK,2,-10.17712730837893
2024-01,2024-01-31,244,True,-0.10310819895902369,-0.10264156789836537,-0.07782340405510152,-0.1978721841745125,-0.13502481505933955,-0.0567056189995255,-0.006669292492694083,0.11549438001370245,0.07831919605981405,0.9098360655737705,0.5081967213114754,0.09836065573770492,0.09016393442622951,244,149704.907306619,-10.31081989590237,-10.264156789836537,-7.782340405510152,-19.78721841745125,-13.502481505933956,-5.67056189995255,-0.6669292492694083,11.549438001370245,7.831919605981405,90.98360655737704,90.98360655737704,50.81967213114754,9.836065573770492,9.01639344262295,-0.10331726005359525,ASX+UK,2,-10.331726005359524
2024-02,2024-02-29,245,True,-0.11800433373574214,-0.11086604404314715,-0.09180524980016043,-0.24057798311068684,-0.1519999999999999,-0.059282925097621675,-0.012825630022455606,0.12144151895104144,0.09271707490237824,0.9142857142857143,0.5714285714285714,0.1469387755102041,0.08571428571428572,245,152471.45114064,-11.800433373574213,-11.086604404314715,-9.180524980016044,-24.057798311068684,-15.199999999999992,-5.9282925097621675,-1.2825630022455605,12.144151895104145,9.271707490237823,91.42857142857143,91.42857142857143,57.14285714285714,14.69387755102041,8.571428571428571,-0.11959058629131428,ASX+UK,2,-11.959058629131428
2024-03,2024-03-31,244,True,-0.12299389485790325,-0.11557941689638956,-0.0796702891263687,-0.25178897502990577,-0.14967312532862015,-0.06276937273450622,-0.012980331565299317,0.11578151775769066,0.08690375259411393,0.9098360655737705,0.6229508196721312,0.15163934426229508,0.09016393442622951,244,157947.60973418597,-12.299389485790325,-11.557941689638957,-7.96702891263687,-25.178897502990576,-14.967312532862016,-6.276937273450622,-1.2980331565299317,11.578151775769067,8.690375259411393,90.98360655737704,90.98360655737704,62.295081967213115,15.163934426229508,9.01639344262295,-0.123718714205428,ASX+UK,2,-12.3718714205428
2024-04,2024-04-30,239,True,-0.11745719054844811,-0.10304010587067591,-0.08042561552915353,-0.25341050337044924,-0.14313911396805667,-0.065443773794156,-0.005546174340500567,0.12678856527222435,0.07769534017390067,0.9037656903765691,0.5271966527196653,0.13807531380753138,0.09623430962343096,239,153194.65004799754,-11.74571905484481,-10.30401058706759,-8.042561552915354,-25.341050337044923,-14.313911396805668,-6.5443773794156,-0.5546174340500567,12.678856527222434,7.769534017390067,90.3765690376569,90.3765690376569,52.719665271966534,13.807531380753138,9.623430962343097,-0.12310033697139974,ASX+UK,2,-12.310033697139975
2024-05,2024-05-31,238,True,-0.11770657811869112,-0.10120501546101335,-0.0846506560024965,-0.24303931645599852,-0.13869019501990693,-0.06296593405124967,-0.012479147883740454,0.1161201698460917,0.07572426096865725,0.9159663865546218,0.5042016806722689,0.13445378151260504,0.08403361344537816,237,154465.92130243249,-11.770657811869112,-10.120501546101334,-8.46506560024965,-24.303931645599853,-13.869019501990692,-6.296593405124967,-1.2479147883740453,11.61201698460917,7.572426096865725,91.59663865546219,91.59663865546219,50.42016806722689,13.445378151260504,8.403361344537815,-0.12237551121477137,ASX+UK,2,-12.237551121477138
2024-06,2024-06-30,233,True,-0.1158757700475684,-0.10660300648416488,-0.08396589736188041,-0.25326756457110006,-0.1314980874145607,-0.0619976804281035,-0.001611329507745141,0.13483011657730573,0.06950040698645721,0.9012875536480687,0.5622317596566524,0.15021459227467812,0.09871244635193133,233,152781.397089431,-11.58757700475684,-10.660300648416488,-8.39658973618804,-25.326756457110005,-13.14980874145607,-6.19976804281035,-0.1611329507745141,13.483011657730573,6.95004069864572,90.12875536480686,90.12875536480686,56.22317596566524,15.021459227467812,9.871244635193133,-0.11946492705293113,ASX+UK,2,-11.946492705293114
2024-07,2024-07-31,238,True,-0.10608198297941478,-0.0934337127482538,-0.07644039220289013,-0.2421782752298747,-0.14029973601679502,-0.04993047536893469,0.009052107370249496,0.12128107188582979,0.09036926064786033,0.8781512605042017,0.4495798319327731,0.14285714285714285,0.12184873949579832,238,155277.199340206,-10.608198297941478,-9.34337127482538,-7.644039220289013,-24.21782752298747,-14.029973601679501,-4.993047536893469,0.9052107370249496,12.128107188582979,9.036926064786034,87.81512605042016,87.81512605042016,44.957983193277315,14.285714285714285,12.184873949579831,-0.11124233722350119,ASX+UK,2,-11.12423372235012
2024-08,2024-08-31,235,True,-0.11993975426555281,-0.1071428571428572,-0.08705691766306645,-0.24301698080362089,-0.13608891322080968,-0.06583495434357611,-0.001679800534439385,0.11727276150583135,0.07025395887723357,0.902127659574468,0.5702127659574469,0.13191489361702127,0.09787234042553192,235,152799.70240218297,-11.99397542655528,-10.71428571428572,-8.705691766306645,-24.301698080362087,-13.608891322080968,-6.583495434357611,-0.16798005344393852,11.727276150583135,7.025395887723357,90.2127659574468,90.2127659574468,57.02127659574469,13.191489361702127,9.787234042553191,-0.12560514882894885,ASX+UK,2,-12.560514882894886
2024-09,2024-09-30,232,True,-0.11685341197495792,-0.10639140746489217,-0.08739647907160822,-0.25116817809418873,-0.1342476932761997,-0.06419112831997051,0.006778743840113293,0.1123617324675598,0.0700565649562292,0.8836206896551724,0.5344827586206896,0.1336206896551724,0.11206896551724138,232,152005.08607958126,-11.685341197495793,-10.639140746489218,-8.739647907160823,-25.116817809418873,-13.42476932761997,-6.419112831997051,0.6778743840113293,11.23617324675598,7.00565649562292,88.36206896551724,88.36206896551724,53.44827586206896,13.36206896551724,11.206896551724139,-0.12222652577603926,ASX+UK,2,-12.222652577603926
2024-10,2024-10-31,231,True,-0.11124781766722944,-0.1071428571428572,-0.09137715188802924,-0.22676080013447641,-0.14432718550636708,-0.06443292498668884,0.006079027355623046,0.12166406441825725,0.07989426051967824,0.8917748917748918,0.5714285714285714,0.15151515151515152,0.10822510822510822,231,151078.04839377422,-11.124781766722943,-10.71428571428572,-9.137715188802924,-22.676080013447642,-14.432718550636709,-6.443292498668884,0.6079027355623046,12.166406441825725,7.989426051967824,89.17748917748918,89.17748917748918,57.14285714285714,15.151515151515152,10.822510822510822,-0.11112589199063894,ASX+UK,2,-11.112589199063894
2024-11,2024-11-30,234,True,-0.12554436312153075,-0.11135037826739808,-0.0915920094626069,-0.2681190103940474,-0.14907845303867398,-0.05959444321998297,-0.0005437053877268444,0.11482587507051412,0.08948400981869101,0.9017094017094017,0.5854700854700855,0.1623931623931624,0.09829059829059829,234,154216.73319602996,-12.554436312153076,-11.135037826739808,-9.15920094626069,-26.811901039404738,-14.907845303867399,-5.959444321998298,-0.05437053877268443,11.482587507051411,8.948400981869101,90.17094017094017,90.17094017094017,58.54700854700855,16.23931623931624,9.82905982905983,-0.13209431777628505,ASX+UK,2,-13.209431777628506
2024-12,2024-12-31,234,True,-0.11630570632555094,-0.1013412168633816,-0.0828359859226476,-0.24342849447885803,-0.1408933292360722,-0.04735828582467766,0.006948789291661154,0.11967858809253877,0.09353504341139454,0.8803418803418803,0.5213675213675214,0.13675213675213677,0.11965811965811966,234,154620.2898089145,-11.630570632555095,-10.13412168633816,-8.28359859226476,-24.342849447885804,-14.08933292360722,-4.735828582467766,0.6948789291661154,11.967858809253878,9.353504341139454,88.03418803418803,88.03418803418803,52.13675213675214,13.675213675213676,11.965811965811966,-0.12360401052140979,ASX+UK,2,-12.360401052140979
2025-01,2025-01-31,233,True,-0.11845062957285321,-0.09898042521800987,-0.08455238077597116,-0.25004812938357357,-0.14481707317073156,-0.060308555399719466,-0.017928069627610177,0.11146757509686936,0.08450851777101209,0.9184549356223176,0.49356223175965663,0.14163090128755365,0.0815450643776824,233,157520.4875188832,-11.845062957285322,-9.898042521800987,-8.455238077597116,-25.004812938357357,-14.481707317073155,-6.030855539971947,-1.7928069627610177,11.146757509686935,8.45085177710121,91.84549356223177,91.84549356223177,49.35622317596567,14.163090128755366,8.15450643776824,-0.12606100380142363,ASX+UK,2,-12.606100380142363
2025-02,2025-02-28,229,True,-0.10929091050515093,-0.09295707849181889,-0.08369786174311648,-0.25364126841959356,-0.13217577882098908,-0.0531840069252828,-0.006434065414078583,0.11200830741227775,0.07899177189570628,0.9039301310043668,0.4410480349344978,0.13537117903930132,0.09606986899563319,229,152506.714796001,-10.929091050515092,-9.29570784918189,-8.369786174311649,-25.364126841959354,-13.217577882098908,-5.3184006925282805,-0.6434065414078584,11.200830741227776,7.8991771895706275,90.39301310043668,90.39301310043668,44.10480349344978,13.537117903930133,9.606986899563319,-0.11606316859811701,ASX+UK,2,-11.6063168598117
2025-03,2025-03-31,225,True,-0.11131993607309916,-0.09412284577993812,-0.07963528453262632,-0.2512883222418322,-0.13649851632047472,-0.055264307557885584,0.008065703025835962,0.11672278819137451,0.08123420876258913,0.8888888888888888,0.4622222222222222,0.13777777777777778,0.1111111111111111,225,145683.589862664,-11.131993607309916,-9.412284577993812,-7.963528453262632,-25.128832224183217,-13.649851632047472,-5.526430755788558,0.8065703025835962,11.672278819137452,8.123420876258914,88.88888888888889,88.88888888888889,46.22222222222222,13.777777777777779,11.11111111111111,-0.1178516947611542,ASX+UK,2,-11.78516947611542
2025-04,2025-04-30,222,True,-0.10960384829536021,-0.0942446395427824,-0.08499232106929656,-0.26522745035117773,-0.13355778480729766,-0.046687939720635174,0.0008391559057124449,0.13243580424922485,0.08686984508666248,0.8963963963963963,0.46396396396396394,0.15315315315315314,0.1036036036036036,222,145464.7468875735,-10.960384829536022,-9.42446395427824,-8.499232106929657,-26.522745035117772,-13.355778480729766,-4.668793972063518,0.0839155905712445,13.243580424922484,8.686984508666248,89.63963963963964,89.63963963963964,46.3963963963964,15.315315315315313,10.36036036036036,-0.11694679004830016,ASX+UK,2,-11.694679004830016
2025-05,2025-05-31,224,True,-0.11552888834382433,-0.09356701346813628,-0.08634586493135595,-0.2845854738323989,-0.1382805494584083,-0.047099413447941274,0.002847398857112586,0.1201063033178727,0.09118113601046701,0.8928571428571429,0.44642857142857145,0.15625,0.10714285714285714,224,152648.453750544,-11.552888834382433,-9.356701346813628,-8.634586493135595,-28.45854738323989,-13.82805494584083,-4.709941344794127,0.2847398857112586,12.01063033178727,9.118113601046701,89.28571428571429,89.28571428571429,44.642857142857146,15.625,10.714285714285714,-0.12560525177461765,ASX+UK,2,-12.560525177461765
2025-06,2025-06-30,225,True,-0.10876877460572192,-0.08912076633595623,-0.08140697540408467,-0.29697281616993404,-0.1358024691358024,-0.036660422799036585,0.0066318204026238866,0.11737274169445323,0.09914204633676582,0.8755555555555555,0.4088888888888889,0.15555555555555556,0.12,225,157416.78087063303,-10.876877460572192,-8.912076633595623,-8.140697540408468,-29.697281616993404,-13.58024691358024,-3.6660422799036585,0.6631820402623887,11.737274169445323,9.914204633676583,87.55555555555556,87.55555555555556,40.88888888888889,15.555555555555555,12.0,-0.11813173252253248,ASX+UK,2,-11.813173252253248
2025-07,2025-07-31,222,True,-0.10307450834677881,-0.08675692109409994,-0.07327545097409688,-0.27494120989597004,-0.12515168370116755,-0.03456552003688018,0.010397103401818921,0.11614935405931344,0.09058616366428737,0.8693693693693694,0.36486486486486486,0.14414414414414414,0.13063063063063063,222,159711.2406855665,-10.307450834677882,-8.675692109409994,-7.327545097409688,-27.494120989597004,-12.515168370116756,-3.456552003688018,1.0397103401818921,11.614935405931345,9.058616366428737,86.93693693693693,86.93693693693693,36.486486486486484,14.414414414414415,13.063063063063062,-0.1116112398138718,ASX+UK,2,-11.161123981387181
2025-08,2025-08-31,222,True,-0.1040579139623329,-0.08647497086312833,-0.07703403685009555,-0.26152951272731445,-0.11907863213776582,-0.04061910725407486,0.009809686780874426,0.11072809201341487,0.07845952488369096,0.8918918918918919,0.33783783783783783,0.13963963963963963,0.10810810810810811,222,159276.792786846,-10.40579139623329,-8.647497086312834,-7.703403685009555,-26.152951272731446,-11.907863213776581,-4.061910725407486,0.9809686780874426,11.072809201341487,7.845952488369096,89.1891891891892,89.1891891891892,33.78378378378378,13.963963963963963,10.81081081081081,-0.11147688896942465,ASX+UK,2,-11.147688896942466
2025-09,2025-09-30,228,True,-0.09936202929370583,-0.08713853654097814,-0.07365576839581882,-0.23737627179009282,-0.1257470549484779,-0.03491621756302485,0.011005776565831347,0.11337129153814243,0.09083083738545306,0.8640350877192983,0.40350877192982454,0.13157894736842105,0.13596491228070176,228,165977.797991664,-9.936202929370582,-8.713853654097814,-7.365576839581882,-23.737627179009284,-12.574705494847791,-3.491621756302485,1.1005776565831347,11.337129153814244,9.083083738545305,86.40350877192982,86.40350877192982,40.35087719298245,13.157894736842104,13.596491228070176,-0.10459073769229253,ASX+UK,2,-10.459073769229253
2025-10,2025-10-31,224,True,-0.09849518808785754,-0.09022322682322753,-0.07667933687445627,-0.23824407048920135,-0.12838780950578635,-0.039857958689752754,0.007990270012724262,0.11716473034378726,0.0885298508160336,0.8883928571428571,0.39285714285714285,0.13392857142857142,0.11160714285714286,224,164508.17682839299,-9.849518808785755,-9.022322682322754,-7.667933687445627,-23.824407048920136,-12.838780950578634,-3.9857958689752753,0.7990270012724262,11.716473034378726,8.852985081603359,88.83928571428571,88.83928571428571,39.285714285714285,13.392857142857142,11.160714285714286,-0.10303999160448667,ASX+UK,2,-10.303999160448667
2025-11,2025-11-30,221,True,-0.09293975048062443,-0.08112623458306711,-0.07471609613124444,-0.23672566371681425,-0.12753623188405805,-0.03433941021088649,0.008844200827252235,0.13168104401082745,0.09319682167317156,0.8552036199095022,0.37104072398190047,0.13574660633484162,0.14027149321266968,221,163495.6114700615,-9.293975048062443,-8.112623458306711,-7.4716096131244445,-23.672566371681427,-12.753623188405804,-3.433941021088649,0.8844200827252235,13.168104401082745,9.319682167317156,85.52036199095022,85.52036199095022,37.10407239819005,13.574660633484163,14.027149321266968,-0.09765104082842836,ASX+UK,2,-9.765104082842836
2025-12,2025-12-31,220,True,-0.08905904432217794,-0.07272955332062042,-0.06599858739382358,-0.24921024336237008,-0.11899947126077648,-0.024663904011312632,0.01247137600025935,0.1198686328045114,0.09433556724946385,0.8318181818181818,0.32727272727272727,0.11818181818181818,0.16818181818181818,220,166595.539901289,-8.905904432217794,-7.272955332062042,-6.599858739382358,-24.921024336237007,-11.899947126077649,-2.466390401131263,1.247137600025935,11.986863280451141,9.433556724946385,83.18181818181817,83.18181818181817,32.72727272727273,11.818181818181818,16.818181818181817,-0.09322437557042831,ASX+UK,2,-9.322437557042832
2026-01,2026-01-31,220,True,-0.08190388538894934,-0.06565472196297706,-0.05535157488722468,-0.23175153261058903,-0.10651409887992683,-0.02262829488936574,0.013798389416235715,0.1149472098713522,0.08388580399056109,0.8318181818181818,0.2681818181818182,0.11818181818181818,0.16818181818181818,220,167688.071655521,-8.190388538894934,-6.565472196297706,-5.535157488722469,-23.175153261058902,-10.651409887992683,-2.262829488936574,1.3798389416235715,11.494720987135219,8.388580399056108,83.18181818181817,83.18181818181817,26.81818181818182,11.818181818181818,16.818181818181817,-0.0852755680675295,ASX+UK,2,-8.527556806752951
2026-02,2026-02-28,218,True,-0.08443329897083235,-0.07265865761086582,-0.05905815069338457,-0.23198999584271854,-0.11853109276832802,-0.01747928025856843,0.020528549120279464,0.1242350870913361,0.10105181250975959,0.8165137614678899,0.3165137614678899,0.14220183486238533,0.1834862385321101,218,165472.28867618402,-8.443329897083235,-7.265865761086582,-5.905815069338457,-23.198999584271853,-11.853109276832802,-1.747928025856843,2.0528549120279465,12.42350870913361,10.105181250975958,81.65137614678899,81.65137614678899,31.65137614678899,14.220183486238533,18.34862385321101,-0.08764685474096814,ASX+UK,2,-8.764685474096815
2026-03,2026-03-31,219,True,-0.09535062290847518,-0.08598510494245093,-0.07877346926452884,-0.24104502609245254,-0.12466360172235824,-0.04342166717942453,0.001486208155449067,0.13508862423771992,0.08124193454293371,0.8904109589041096,0.3698630136986301,0.1324200913242009,0.1095890410958904,219,158628.281199576,-9.535062290847518,-8.598510494245094,-7.877346926452884,-24.104502609245255,-12.466360172235824,-4.342166717942453,0.1486208155449067,13.508862423771992,8.124193454293371,89.04109589041096,89.04109589041096,36.986301369863014,13.24200913242009,10.95890410958904,-0.09711615582154087,ASX+UK,2,-9.711615582154087
2026-04,2026-04-30,218,True,-0.08326620692771469,-0.07199245643076829,-0.056414613650185165,-0.2299344913731789,-0.11113669391193087,-0.023704246272803237,0.015681507569501114,0.1346483586251991,0.08743244763912764,0.8532110091743119,0.29357798165137616,0.12385321100917432,0.14678899082568808,218,167474.822831803,-8.326620692771469,-7.1992456430768295,-5.641461365018516,-22.99344913731789,-11.113669391193087,-2.3704246272803235,1.5681507569501114,13.46483586251991,8.743244763912763,85.3211009174312,85.3211009174312,29.357798165137616,12.385321100917432,14.678899082568808,-0.0856108337457143,ASX+UK,2,-8.56108337457143
2026-05,2026-05-31,217,True,-0.08344003704212882,-0.06710348993912352,-0.05033863946096716,-0.23575855165394885,-0.10828025477707015,-0.01683052824529241,0.020495347437667233,0.12950245672137875,0.09144972653177774,0.815668202764977,0.28110599078341014,0.12442396313364056,0.17972350230414746,217,175373.39140774898,-8.344003704212883,-6.710348993912351,-5.033863946096716,-23.575855165394884,-10.828025477707016,-1.6830528245292409,2.0495347437667233,12.950245672137875,9.144972653177774,81.5668202764977,81.5668202764977,28.110599078341014,12.442396313364055,17.972350230414747,-0.08777948853407358,ASX+UK,2,-8.777948853407358
2026-06,2026-06-30,218,True,-0.09162031389058224,-0.06947801150705507,-0.0660799033414932,-0.23584957147719945,-0.11729393164413829,-0.02025216658324186,0.016887548584788054,0.1322609800476466,0.09704176506089643,0.8302752293577982,0.3165137614678899,0.15137614678899083,0.16972477064220184,218,176677.19474097004,-9.162031389058225,-6.947801150705507,-6.607990334149321,-23.584957147719944,-11.729393164413828,-2.0252166583241857,1.6887548584788052,13.22609800476466,9.704176506089643,83.02752293577981,83.02752293577981,31.65137614678899,15.137614678899084,16.972477064220186,-0.09712967220980583,ASX+UK,2,-9.712967220980582
2026-07,2026-07-31,216,True,-0.08093125390781504,-0.07005677401853572,-0.06129168938722008,-0.2391662169349567,-0.10855666197019079,-0.015553804898078893,0.022285866253688225,0.13080844928578356,0.0930028570721119,0.7962962962962963,0.30092592592592593,0.13425925925925927,0.2037037037037037,216,170919.347305435,-8.093125390781504,-7.005677401853571,-6.129168938722008,-23.91662169349567,-10.85566619701908,-1.5553804898078893,2.2285866253688225,13.080844928578356,9.30028570721119,79.62962962962963,79.62962962962963,30.09259259259259,13.425925925925927,20.37037037037037,-0.08388318794458692,ASX+UK,2,-8.388318794458693
2026-08,2026-08-31,127,True,-0.06541435737908813,-0.06129995733181626,-0.059353941315732274,-0.10379596192769582,-0.08568252675785942,-0.02357821676525529,0.006744456670649381,0.07314273252130613,0.062104309992604134,0.8661417322834646,0.13385826771653545,0.047244094488188976,0.13385826771653545,127,117051.35558541451,-6.541435737908813,-6.129995733181626,-5.9353941315732275,-10.379596192769581,-8.568252675785942,-2.357821676525529,0.6744456670649381,7.314273252130612,6.210430999260414,86.61417322834646,86.61417322834646,13.385826771653544,4.724409448818897,13.385826771653544,-0.06541435737908813,UK,1,-6.541435737908813
