Fund,Sector,Country,Percent,Date,ISIN
3i Infrastructure,Sector Specialist: Infrastructure,Not reported,,,
Aberdeen Asian Income,Asia Pacific - Excluding Japan,Australia,15.89,30/06/2018,GB00B0P6J834
Aberdeen Asian Income,Asia Pacific - Excluding Japan,China,6.6,30/06/2018,GB00B0P6J834
Aberdeen Asian Income,Asia Pacific - Excluding Japan,Hong Kong,10.63,30/06/2018,GB00B0P6J834
Aberdeen Asian Income,Asia Pacific - Excluding Japan,Japan,4.15,30/06/2018,GB00B0P6J834
Aberdeen Asian Income,Asia Pacific - Excluding Japan,Malaysia,6.82,30/06/2018,GB00B0P6J834
Aberdeen Asian Income,Asia Pacific - Excluding Japan,New Zealand,2.97,30/06/2018,GB00B0P6J834
Aberdeen Asian Income,Asia Pacific - Excluding Japan,Singapore,23.98,30/06/2018,GB00B0P6J834
Aberdeen Asian Income,Asia Pacific - Excluding Japan,South Korea,5.55,30/06/2018,GB00B0P6J834
Aberdeen Asian Income,Asia Pacific - Excluding Japan,Taiwan,7.1,30/06/2018,GB00B0P6J834
Aberdeen Asian Income,Asia Pacific - Excluding Japan,Thailand,5.9,30/06/2018,GB00B0P6J834
Aberdeen Asian Income,Asia Pacific - Excluding Japan,UK,4.25,30/06/2018,GB00B0P6J834
Aberdeen Asian Income,Asia Pacific - Excluding Japan,USA,1.79,30/06/2018,GB00B0P6J834
Aberdeen Asian Income,Asia Pacific - Excluding Japan,Cash/Cash Equivalent,1.37,30/06/2018,GB00B0P6J834
Aberdeen Asian Income,Asia Pacific - Excluding Japan,Fixed Interest,3,30/06/2018,GB00B0P6J834
Aberdeen Asian Smaller Companies,Asia Pacific - Excluding Japan,Australia,1.85,30/06/2018,GB0000100767
Aberdeen Asian Smaller Companies,Asia Pacific - Excluding Japan,China,2.4,30/06/2018,GB0000100767
Aberdeen Asian Smaller Companies,Asia Pacific - Excluding Japan,Hong Kong,15.24,30/06/2018,GB0000100767
Aberdeen Asian Smaller Companies,Asia Pacific - Excluding Japan,India,10.49,30/06/2018,GB0000100767
Aberdeen Asian Smaller Companies,Asia Pacific - Excluding Japan,Indonesia,4.54,30/06/2018,GB0000100767
Aberdeen Asian Smaller Companies,Asia Pacific - Excluding Japan,Malaysia,14.49,30/06/2018,GB0000100767
Aberdeen Asian Smaller Companies,Asia Pacific - Excluding Japan,New Zealand,0.51,30/06/2018,GB0000100767
Aberdeen Asian Smaller Companies,Asia Pacific - Excluding Japan,Pakistan,0.81,30/06/2018,GB0000100767
Aberdeen Asian Smaller Companies,Asia Pacific - Excluding Japan,Philippines,5.99,30/06/2018,GB0000100767
Aberdeen Asian Smaller Companies,Asia Pacific - Excluding Japan,Singapore,11.67,30/06/2018,GB0000100767
Aberdeen Asian Smaller Companies,Asia Pacific - Excluding Japan,South Korea,0.89,30/06/2018,GB0000100767
Aberdeen Asian Smaller Companies,Asia Pacific - Excluding Japan,Sri Lanka,3.05,30/06/2018,GB0000100767
Aberdeen Asian Smaller Companies,Asia Pacific - Excluding Japan,Taiwan,2.39,30/06/2018,GB0000100767
Aberdeen Asian Smaller Companies,Asia Pacific - Excluding Japan,Thailand,15,30/06/2018,GB0000100767
Aberdeen Asian Smaller Companies,Asia Pacific - Excluding Japan,Denmark,1.89,30/06/2018,GB0000100767
Aberdeen Asian Smaller Companies,Asia Pacific - Excluding Japan,Netherlands,3.37,30/06/2018,GB0000100767
Aberdeen Asian Smaller Companies,Asia Pacific - Excluding Japan,UK,3.1,30/06/2018,GB0000100767
Aberdeen Asian Smaller Companies,Asia Pacific - Excluding Japan,Cash/Cash Equivalent,2.32,30/06/2018,GB0000100767
Aberdeen Diversified Income & Growth,Flexible Investment,India,1.99,30/06/2018,GB0001297562
Aberdeen Diversified Income & Growth,Flexible Investment,Denmark,0.7,30/06/2018,GB0001297562
Aberdeen Diversified Income & Growth,Flexible Investment,Guernsey,8.76,30/06/2018,GB0001297562
Aberdeen Diversified Income & Growth,Flexible Investment,Ireland,2.06,30/06/2018,GB0001297562
Aberdeen Diversified Income & Growth,Flexible Investment,Luxembourg,27.26,30/06/2018,GB0001297562
Aberdeen Diversified Income & Growth,Flexible Investment,Netherlands,0.93,30/06/2018,GB0001297562
Aberdeen Diversified Income & Growth,Flexible Investment,UK,27.24,30/06/2018,GB0001297562
Aberdeen Diversified Income & Growth,Flexible Investment,USA,6.18,30/06/2018,GB0001297562
Aberdeen Diversified Income & Growth,Flexible Investment,Bermuda,5.64,30/06/2018,GB0001297562
Aberdeen Diversified Income & Growth,Flexible Investment,Cayman Islands,0.71,30/06/2018,GB0001297562
Aberdeen Diversified Income & Growth,Flexible Investment,Cash/Cash Equivalent,2.67,30/06/2018,GB0001297562
Aberdeen Diversified Income & Growth,Flexible Investment,Fixed Interest,15.86,30/06/2018,GB0001297562
Aberdeen Emerging Markets,Global Emerging Markets,Kenya,1,30/06/2018,GG00B45L2K95
Aberdeen Emerging Markets,Global Emerging Markets,Nigeria,1,30/06/2018,GG00B45L2K95
Aberdeen Emerging Markets,Global Emerging Markets,South Africa,5,30/06/2018,GG00B45L2K95
Aberdeen Emerging Markets,Global Emerging Markets,China,20,30/06/2018,GG00B45L2K95
Aberdeen Emerging Markets,Global Emerging Markets,Hong Kong,9,30/06/2018,GG00B45L2K95
Aberdeen Emerging Markets,Global Emerging Markets,India,3,30/06/2018,GG00B45L2K95
Aberdeen Emerging Markets,Global Emerging Markets,Indonesia,3,30/06/2018,GG00B45L2K95
Aberdeen Emerging Markets,Global Emerging Markets,Philippines,1,30/06/2018,GG00B45L2K95
Aberdeen Emerging Markets,Global Emerging Markets,Singapore,1,30/06/2018,GG00B45L2K95
Aberdeen Emerging Markets,Global Emerging Markets,South Korea,15,30/06/2018,GG00B45L2K95
Aberdeen Emerging Markets,Global Emerging Markets,Taiwan,11,30/06/2018,GG00B45L2K95
Aberdeen Emerging Markets,Global Emerging Markets,Thailand,3,30/06/2018,GG00B45L2K95
Aberdeen Emerging Markets,Global Emerging Markets,Vietnam,1,30/06/2018,GG00B45L2K95
Aberdeen Emerging Markets,Global Emerging Markets,Poland,2,30/06/2018,GG00B45L2K95
Aberdeen Emerging Markets,Global Emerging Markets,Romania,4,30/06/2018,GG00B45L2K95
Aberdeen Emerging Markets,Global Emerging Markets,Russia,9,30/06/2018,GG00B45L2K95
Aberdeen Emerging Markets,Global Emerging Markets,Turkey,3,30/06/2018,GG00B45L2K95
Aberdeen Emerging Markets,Global Emerging Markets,Argentina,1,30/06/2018,GG00B45L2K95
Aberdeen Emerging Markets,Global Emerging Markets,Brazil,5,30/06/2018,GG00B45L2K95
Aberdeen Emerging Markets,Global Emerging Markets,Chile,1,30/06/2018,GG00B45L2K95
Aberdeen Emerging Markets,Global Emerging Markets,Colombia,1,30/06/2018,GG00B45L2K95
Aberdeen Emerging Markets,Global Emerging Markets,Mexico,2,30/06/2018,GG00B45L2K95
Aberdeen Emerging Markets,Global Emerging Markets,Peru,1,30/06/2018,GG00B45L2K95
Aberdeen Emerging Markets,Global Emerging Markets,Egypt,1,30/06/2018,GG00B45L2K95
Aberdeen Emerging Markets,Global Emerging Markets,Cash/Cash Equivalent,-4,30/06/2018,GG00B45L2K95
Aberdeen Emerging Markets,Global Emerging Markets,Fixed Interest,0,30/06/2018,GG00B45L2K95
Aberdeen Frontier Markets,Global Emerging Markets,Ghana,2,30/06/2018,GG00B1W59J17
Aberdeen Frontier Markets,Global Emerging Markets,Kenya,9,30/06/2018,GG00B1W59J17
Aberdeen Frontier Markets,Global Emerging Markets,Morocco,1,30/06/2018,GG00B1W59J17
Aberdeen Frontier Markets,Global Emerging Markets,Nigeria,10,30/06/2018,GG00B1W59J17
Aberdeen Frontier Markets,Global Emerging Markets,Other African,2,30/06/2018,GG00B1W59J17
Aberdeen Frontier Markets,Global Emerging Markets,South Africa,2,30/06/2018,GG00B1W59J17
Aberdeen Frontier Markets,Global Emerging Markets,Bangladesh,8,30/06/2018,GG00B1W59J17
Aberdeen Frontier Markets,Global Emerging Markets,Myanmar,2,30/06/2018,GG00B1W59J17
Aberdeen Frontier Markets,Global Emerging Markets,Pakistan,10,30/06/2018,GG00B1W59J17
Aberdeen Frontier Markets,Global Emerging Markets,Sri Lanka,8,30/06/2018,GG00B1W59J17
Aberdeen Frontier Markets,Global Emerging Markets,Thailand,2,30/06/2018,GG00B1W59J17
Aberdeen Frontier Markets,Global Emerging Markets,Vietnam,16,30/06/2018,GG00B1W59J17
Aberdeen Frontier Markets,Global Emerging Markets,Belarus,1,30/06/2018,GG00B1W59J17
Aberdeen Frontier Markets,Global Emerging Markets,Georgia,3,30/06/2018,GG00B1W59J17
Aberdeen Frontier Markets,Global Emerging Markets,Romania,4,30/06/2018,GG00B1W59J17
Aberdeen Frontier Markets,Global Emerging Markets,Turkey,1,30/06/2018,GG00B1W59J17
Aberdeen Frontier Markets,Global Emerging Markets,Argentina,8,30/06/2018,GG00B1W59J17
Aberdeen Frontier Markets,Global Emerging Markets,Panama,2,30/06/2018,GG00B1W59J17
Aberdeen Frontier Markets,Global Emerging Markets,Egypt,5,30/06/2018,GG00B1W59J17
Aberdeen Frontier Markets,Global Emerging Markets,Lebanon,1,30/06/2018,GG00B1W59J17
Aberdeen Frontier Markets,Global Emerging Markets,Oman,1,30/06/2018,GG00B1W59J17
Aberdeen Frontier Markets,Global Emerging Markets,Cash/Cash Equivalent,2,30/06/2018,GG00B1W59J17
Aberdeen Frontier Markets,Global Emerging Markets,Fixed Interest,0,30/06/2018,GG00B1W59J17
Aberdeen Japan,Japan,Japan,99.99,30/06/2018,GB0003920757
Aberdeen Japan,Japan,Cash/Cash Equivalent,0.01,30/06/2018,GB0003920757
Aberdeen Latin American Income,Latin America,Argentina,1.98,30/06/2018,JE00B44ZTP62
Aberdeen Latin American Income,Latin America,Brazil,27.3,30/06/2018,JE00B44ZTP62
Aberdeen Latin American Income,Latin America,Chile,4.58,30/06/2018,JE00B44ZTP62
Aberdeen Latin American Income,Latin America,Colombia,0.86,30/06/2018,JE00B44ZTP62
Aberdeen Latin American Income,Latin America,Mexico,13.2,30/06/2018,JE00B44ZTP62
Aberdeen Latin American Income,Latin America,Peru,1.11,30/06/2018,JE00B44ZTP62
Aberdeen Latin American Income,Latin America,Cash/Cash Equivalent,2.81,30/06/2018,JE00B44ZTP62
Aberdeen Latin American Income,Latin America,Fixed Interest,48.16,30/06/2018,JE00B44ZTP62
Aberdeen New Dawn,Asia Pacific - Excluding Japan,Australia,2.58,30/06/2018,GB00BBM56V29
Aberdeen New Dawn,Asia Pacific - Excluding Japan,China,14.87,30/06/2018,GB00BBM56V29
Aberdeen New Dawn,Asia Pacific - Excluding Japan,Hong Kong,16.51,30/06/2018,GB00BBM56V29
Aberdeen New Dawn,Asia Pacific - Excluding Japan,India,13.31,30/06/2018,GB00BBM56V29
Aberdeen New Dawn,Asia Pacific - Excluding Japan,Indonesia,4.38,30/06/2018,GB00BBM56V29
Aberdeen New Dawn,Asia Pacific - Excluding Japan,Malaysia,0.94,30/06/2018,GB00BBM56V29
Aberdeen New Dawn,Asia Pacific - Excluding Japan,Other Asia,0.75,30/06/2018,GB00BBM56V29
Aberdeen New Dawn,Asia Pacific - Excluding Japan,Philippines,2.79,30/06/2018,GB00BBM56V29
Aberdeen New Dawn,Asia Pacific - Excluding Japan,Singapore,13.19,30/06/2018,GB00BBM56V29
Aberdeen New Dawn,Asia Pacific - Excluding Japan,South Korea,8.66,30/06/2018,GB00BBM56V29
Aberdeen New Dawn,Asia Pacific - Excluding Japan,Sri Lanka,1.02,30/06/2018,GB00BBM56V29
Aberdeen New Dawn,Asia Pacific - Excluding Japan,Taiwan,5.09,30/06/2018,GB00BBM56V29
Aberdeen New Dawn,Asia Pacific - Excluding Japan,Thailand,2.44,30/06/2018,GB00BBM56V29
Aberdeen New Dawn,Asia Pacific - Excluding Japan,Vietnam,0.63,30/06/2018,GB00BBM56V29
Aberdeen New Dawn,Asia Pacific - Excluding Japan,UK,11.23,30/06/2018,GB00BBM56V29
Aberdeen New Dawn,Asia Pacific - Excluding Japan,Cash/Cash Equivalent,1.61,30/06/2018,GB00BBM56V29
Aberdeen New India,Country Specialists: Asia Pacific,India,98.93,30/06/2018,GB0006048770
Aberdeen New India,Country Specialists: Asia Pacific,Cash/Cash Equivalent,1.07,30/06/2018,GB0006048770
Aberdeen New India,Country Specialists: Asia Pacific,Fixed Interest,0,30/06/2018,GB0006048770
Aberdeen New Thai,Country Specialists: Asia Pacific,Thailand,99.23,30/06/2018,GB0000059971
Aberdeen New Thai,Country Specialists: Asia Pacific,Cash/Cash Equivalent,0.77,30/06/2018,GB0000059971
Aberdeen Smaller Companies Income,UK Equity & Bond Income,Denmark,1.46,30/06/2018,GB0008063728
Aberdeen Smaller Companies Income,UK Equity & Bond Income,Ireland,1.71,30/06/2018,GB0008063728
Aberdeen Smaller Companies Income,UK Equity & Bond Income,Italy,0.4,30/06/2018,GB0008063728
Aberdeen Smaller Companies Income,UK Equity & Bond Income,UK,87.22,30/06/2018,GB0008063728
Aberdeen Smaller Companies Income,UK Equity & Bond Income,Cash/Cash Equivalent,1.51,30/06/2018,GB0008063728
Aberdeen Smaller Companies Income,UK Equity & Bond Income,Fixed Interest,7.7,30/06/2018,GB0008063728
Aberdeen Standard European Logistics Income,Property Direct - Europe,Not reported,,,
Aberforth Smaller Companies,UK Smaller Companies,UK,99.61,30/06/2018,GB0000066554
Aberforth Smaller Companies,UK Smaller Companies,Cash/Cash Equivalent,0.39,30/06/2018,GB0000066554
Aberforth Split Level Income,UK Smaller Companies,UK,97.9,30/06/2018,GB00BYPBD394
Aberforth Split Level Income,UK Smaller Companies,Cash/Cash Equivalent,2.1,30/06/2018,GB00BYPBD394
Acorn Income,UK Equity & Bond Income,Other European,1.37,30/06/2018,GB0004829437
Acorn Income,UK Equity & Bond Income,UK,89.86,30/06/2018,GB0004829437
Acorn Income,UK Equity & Bond Income,USA,2.89,30/06/2018,GB0004829437
Acorn Income,UK Equity & Bond Income,Bermuda,1.46,30/06/2018,GB0004829437
Acorn Income,UK Equity & Bond Income,Other Countries,1.24,30/06/2018,GB0004829437
Acorn Income,UK Equity & Bond Income,Cash/Cash Equivalent,3.18,30/06/2018,GB0004829437
Acorn Income,UK Equity & Bond Income,Fixed Interest,0,30/06/2018,GB0004829437
AEW UK Long Lease REIT,Property Specialist,Not reported,,,
AEW UK REIT,Property Direct - UK,Not reported,,,
Albion Development VCT,VCT Generalist,Not reported,,,
Albion Enterprise VCT,VCT Generalist,Not reported,,,
Albion Technology & General VCT,VCT Generalist,Not reported,,,
Albion VCT,VCT Generalist,Not reported,,,
Alcentra European Floating Rate Income,Sector Specialist: Debt,Not reported,,,
Alliance Trust,Global,Mauritius,0.64,30/06/2018,GB00B11V7W98
Alliance Trust,Global,South Africa,0.44,30/06/2018,GB00B11V7W98
Alliance Trust,Global,Australia,1.86,30/06/2018,GB00B11V7W98
Alliance Trust,Global,China,2.78,30/06/2018,GB00B11V7W98
Alliance Trust,Global,Hong Kong,1.28,30/06/2018,GB00B11V7W98
Alliance Trust,Global,India,2.88,30/06/2018,GB00B11V7W98
Alliance Trust,Global,Indonesia,0.23,30/06/2018,GB00B11V7W98
Alliance Trust,Global,Japan,2.49,30/06/2018,GB00B11V7W98
Alliance Trust,Global,Malaysia,0.37,30/06/2018,GB00B11V7W98
Alliance Trust,Global,South Korea,0.79,30/06/2018,GB00B11V7W98
Alliance Trust,Global,Sri Lanka,0.15,30/06/2018,GB00B11V7W98
Alliance Trust,Global,Thailand,0.2,30/06/2018,GB00B11V7W98
Alliance Trust,Global,Denmark,0.8,30/06/2018,GB00B11V7W98
Alliance Trust,Global,France,6.31,30/06/2018,GB00B11V7W98
Alliance Trust,Global,Germany,3,30/06/2018,GB00B11V7W98
Alliance Trust,Global,Ireland,3.32,30/06/2018,GB00B11V7W98
Alliance Trust,Global,Italy,2.13,30/06/2018,GB00B11V7W98
Alliance Trust,Global,Netherlands,1.1,30/06/2018,GB00B11V7W98
Alliance Trust,Global,Spain,0.7,30/06/2018,GB00B11V7W98
Alliance Trust,Global,Sweden,0.67,30/06/2018,GB00B11V7W98
Alliance Trust,Global,Switzerland,1.18,30/06/2018,GB00B11V7W98
Alliance Trust,Global,UK,14.22,30/06/2018,GB00B11V7W98
Alliance Trust,Global,Argentina,0.4,30/06/2018,GB00B11V7W98
Alliance Trust,Global,Brazil,0.8,30/06/2018,GB00B11V7W98
Alliance Trust,Global,Mexico,1.37,30/06/2018,GB00B11V7W98
Alliance Trust,Global,Israel,0.28,30/06/2018,GB00B11V7W98
Alliance Trust,Global,Canada,1.51,30/06/2018,GB00B11V7W98
Alliance Trust,Global,USA,44.84,30/06/2018,GB00B11V7W98
Alliance Trust,Global,Cash/Cash Equivalent,3.26,30/06/2018,GB00B11V7W98
Alliance Trust,Global,Fixed Interest,0,30/06/2018,GB00B11V7W98
Allianz Technology,Sector Specialist: Tech Media & Telecomm,China,1.56,30/06/2018,GB0003390720
Allianz Technology,Sector Specialist: Tech Media & Telecomm,France,0.83,30/06/2018,GB0003390720
Allianz Technology,Sector Specialist: Tech Media & Telecomm,Germany,1.91,30/06/2018,GB0003390720
Allianz Technology,Sector Specialist: Tech Media & Telecomm,Netherlands,0.84,30/06/2018,GB0003390720
Allianz Technology,Sector Specialist: Tech Media & Telecomm,Spain,0.48,30/06/2018,GB0003390720
Allianz Technology,Sector Specialist: Tech Media & Telecomm,Switzerland,1.81,30/06/2018,GB0003390720
Allianz Technology,Sector Specialist: Tech Media & Telecomm,UK,2.63,30/06/2018,GB0003390720
Allianz Technology,Sector Specialist: Tech Media & Telecomm,USA,84.08,30/06/2018,GB0003390720
Allianz Technology,Sector Specialist: Tech Media & Telecomm,Cash/Cash Equivalent,5.86,30/06/2018,GB0003390720
Alternative Liquidity Fund,Hedge Funds,Not reported,,,
Amati AIM VCT,VCT AIM Quoted,UK,93.84,30/06/2018,GB00B641BB82
Amati AIM VCT,VCT AIM Quoted,Cash/Cash Equivalent,6.16,30/06/2018,GB00B641BB82
Amati AIM VCT,VCT AIM Quoted,Fixed Interest,0,30/06/2018,GB00B641BB82
Amedeo Air Four Plus,Sector Specialist: Leasing,Not reported,,,
Apax Global Alpha,Private Equity,Not reported,,,
Artemis Alpha Trust,UK All Companies,Australia,1.52,30/06/2018,GB0004355946
Artemis Alpha Trust,UK All Companies,Japan,1.18,30/06/2018,GB0004355946
Artemis Alpha Trust,UK All Companies,France,1.55,30/06/2018,GB0004355946
Artemis Alpha Trust,UK All Companies,Germany,6.51,30/06/2018,GB0004355946
Artemis Alpha Trust,UK All Companies,UK,80.8,30/06/2018,GB0004355946
Artemis Alpha Trust,UK All Companies,Israel,2.28,30/06/2018,GB0004355946
Artemis Alpha Trust,UK All Companies,Canada,0.24,30/06/2018,GB0004355946
Artemis Alpha Trust,UK All Companies,USA,3.64,30/06/2018,GB0004355946
Artemis Alpha Trust,UK All Companies,Cash/Cash Equivalent,2.28,30/06/2018,GB0004355946
Artemis VCT,VCT AIM Quoted,UK,84.72,30/06/2018,GB00B02WQ947
Artemis VCT,VCT AIM Quoted,Cash/Cash Equivalent,15.28,30/06/2018,GB00B02WQ947
Ashmore Global Opportunities,Global Emerging Markets,Not reported,,,
Ashmore Global Opportunities USD,Global Emerging Markets,Not reported,,,
Athelney,UK Smaller Companies,Not reported,,,
Atlantis Japan Growth,Japanese Smaller Companies,Not reported,,,
Augmentum Fintech,Sector Specialist: Tech Media & Telecomm,Not reported,,,
Aurora,UK All Companies,UK,88,30/06/2018,GB0000633262
Aurora,UK All Companies,Cayman Islands,6,30/06/2018,GB0000633262
Aurora,UK All Companies,Cash/Cash Equivalent,2,30/06/2018,GB0000633262
Aurora,UK All Companies,Fixed Interest,4,30/06/2018,GB0000633262
Axiom European Financial Debt,Sector Specialist: Debt,Not reported,,,
Baillie Gifford Japan,Japan,Japan,95,30/06/2018,GB0000485838
Baillie Gifford Japan,Japan,Cash/Cash Equivalent,5,30/06/2018,GB0000485838
Baillie Gifford Shin Nippon,Japanese Smaller Companies,Japan,98,30/06/2018,GB00BFXYH242
Baillie Gifford Shin Nippon,Japanese Smaller Companies,Cash/Cash Equivalent,2,30/06/2018,GB00BFXYH242
Baillie Gifford UK Growth,UK All Companies,Australia,1,30/06/2018,GB0007913485
Baillie Gifford UK Growth,UK All Companies,UK,93,30/06/2018,GB0007913485
Baillie Gifford UK Growth,UK All Companies,Cash/Cash Equivalent,6,30/06/2018,GB0007913485
Baillie Gifford US Growth,North America,Canada,2,30/06/2018,GB00BDFGHW41
Baillie Gifford US Growth,North America,USA,96,30/06/2018,GB00BDFGHW41
Baillie Gifford US Growth,North America,Cash/Cash Equivalent,2,30/06/2018,GB00BDFGHW41
Bankers,Global,South Africa,0.74,30/06/2018,GB0000767003
Bankers,Global,Australia,2.27,30/06/2018,GB0000767003
Bankers,Global,China,8.92,30/06/2018,GB0000767003
Bankers,Global,Hong Kong,0.39,30/06/2018,GB0000767003
Bankers,Global,Japan,10.98,30/06/2018,GB0000767003
Bankers,Global,Malaysia,0.5,30/06/2018,GB0000767003
Bankers,Global,Singapore,0.47,30/06/2018,GB0000767003
Bankers,Global,South Korea,1.81,30/06/2018,GB0000767003
Bankers,Global,Taiwan,0.94,30/06/2018,GB0000767003
Bankers,Global,Thailand,0.41,30/06/2018,GB0000767003
Bankers,Global,Turkey,0.07,30/06/2018,GB0000767003
Bankers,Global,Denmark,0.8,30/06/2018,GB0000767003
Bankers,Global,France,3.02,30/06/2018,GB0000767003
Bankers,Global,Germany,4.77,30/06/2018,GB0000767003
Bankers,Global,Netherlands,2.13,30/06/2018,GB0000767003
Bankers,Global,Norway,0.45,30/06/2018,GB0000767003
Bankers,Global,Spain,0.71,30/06/2018,GB0000767003
Bankers,Global,Sweden,0.33,30/06/2018,GB0000767003
Bankers,Global,Switzerland,2.77,30/06/2018,GB0000767003
Bankers,Global,UK,24.36,30/06/2018,GB0000767003
Bankers,Global,Brazil,0.48,30/06/2018,GB0000767003
Bankers,Global,Chile,0.21,30/06/2018,GB0000767003
Bankers,Global,Mexico,0.36,30/06/2018,GB0000767003
Bankers,Global,Peru,0.25,30/06/2018,GB0000767003
Bankers,Global,USA,28.6,30/06/2018,GB0000767003
Bankers,Global,Cash/Cash Equivalent,3.26,30/06/2018,GB0000767003
Bankers,Global,Fixed Interest,0,30/06/2018,GB0000767003
Baring Emerging Europe,European Emerging Markets,Czech Republic,1.72,30/06/2018,GB0032273343
Baring Emerging Europe,European Emerging Markets,Hungary,2.89,30/06/2018,GB0032273343
Baring Emerging Europe,European Emerging Markets,Poland,15.79,30/06/2018,GB0032273343
Baring Emerging Europe,European Emerging Markets,Romania,4.06,30/06/2018,GB0032273343
Baring Emerging Europe,European Emerging Markets,Russia,58.46,30/06/2018,GB0032273343
Baring Emerging Europe,European Emerging Markets,Turkey,9.5,30/06/2018,GB0032273343
Baring Emerging Europe,European Emerging Markets,Greece,2.46,30/06/2018,GB0032273343
Baring Emerging Europe,European Emerging Markets,Other European,2.25,30/06/2018,GB0032273343
Baring Emerging Europe,European Emerging Markets,Cash/Cash Equivalent,2.87,30/06/2018,GB0032273343
Baronsmead Second Venture Trust,VCT Generalist,Not reported,,,
Baronsmead Venture Trust,VCT Generalist,Not reported,,,
BB Healthcare,Sector Specialist: Biotechnology & Healthcare,Switzerland,4,30/06/2018,GB00BZCNLL95
BB Healthcare,Sector Specialist: Biotechnology & Healthcare,UK,5,30/06/2018,GB00BZCNLL95
BB Healthcare,Sector Specialist: Biotechnology & Healthcare,USA,91,30/06/2018,GB00BZCNLL95
BBGI SICAV S.A.,Sector Specialist: Infrastructure,Not reported,,,
Better Capital 2009,Private Equity,Not reported,,,
Better Capital 2012,Private Equity,Not reported,,,
BH Global,Hedge Funds,Not reported,,,
BH Global USD,Hedge Funds,Not reported,,,
BH Macro,Hedge Funds,Not reported,,,
BH Macro USD,Hedge Funds,Not reported,,,
BioPharma Credit,Sector Specialist: Debt,Not reported,,,
BioPharma Credit C shares,Sector Specialist: Debt,Not reported,,,
Biotech Growth,Sector Specialist: Biotechnology & Healthcare,Far East & Pacific Region,0.81,30/06/2018,GB0000385517
Biotech Growth,Sector Specialist: Biotechnology & Healthcare,France,1.63,30/06/2018,GB0000385517
Biotech Growth,Sector Specialist: Biotechnology & Healthcare,Ireland,3.06,30/06/2018,GB0000385517
Biotech Growth,Sector Specialist: Biotechnology & Healthcare,Netherlands,4.12,30/06/2018,GB0000385517
Biotech Growth,Sector Specialist: Biotechnology & Healthcare,Switzerland,0.4,30/06/2018,GB0000385517
Biotech Growth,Sector Specialist: Biotechnology & Healthcare,UK,0.44,30/06/2018,GB0000385517
Biotech Growth,Sector Specialist: Biotechnology & Healthcare,Israel,0.83,30/06/2018,GB0000385517
Biotech Growth,Sector Specialist: Biotechnology & Healthcare,Canada,0.14,30/06/2018,GB0000385517
Biotech Growth,Sector Specialist: Biotechnology & Healthcare,USA,86.89,30/06/2018,GB0000385517
Biotech Growth,Sector Specialist: Biotechnology & Healthcare,Cayman Islands,0.66,30/06/2018,GB0000385517
Biotech Growth,Sector Specialist: Biotechnology & Healthcare,Cash/Cash Equivalent,1.02,30/06/2018,GB0000385517
BlackRock Commodities Income,Sector Specialist: Commodities & Natural Resources,Australia,11.88,30/06/2018,GB00B0N8MF98
BlackRock Commodities Income,Sector Specialist: Commodities & Natural Resources,Luxembourg,1.3,30/06/2018,GB00B0N8MF98
BlackRock Commodities Income,Sector Specialist: Commodities & Natural Resources,Netherlands,6.8,30/06/2018,GB00B0N8MF98
BlackRock Commodities Income,Sector Specialist: Commodities & Natural Resources,Norway,1.09,30/06/2018,GB00B0N8MF98
BlackRock Commodities Income,Sector Specialist: Commodities & Natural Resources,Switzerland,5.75,30/06/2018,GB00B0N8MF98
BlackRock Commodities Income,Sector Specialist: Commodities & Natural Resources,UK,14,30/06/2018,GB00B0N8MF98
BlackRock Commodities Income,Sector Specialist: Commodities & Natural Resources,Brazil,2.94,30/06/2018,GB00B0N8MF98
BlackRock Commodities Income,Sector Specialist: Commodities & Natural Resources,Mexico,0.71,30/06/2018,GB00B0N8MF98
BlackRock Commodities Income,Sector Specialist: Commodities & Natural Resources,Canada,17.62,30/06/2018,GB00B0N8MF98
BlackRock Commodities Income,Sector Specialist: Commodities & Natural Resources,USA,29.04,30/06/2018,GB00B0N8MF98
BlackRock Commodities Income,Sector Specialist: Commodities & Natural Resources,Cash/Cash Equivalent,-1.05,30/06/2018,GB00B0N8MF98
BlackRock Commodities Income,Sector Specialist: Commodities & Natural Resources,Fixed Interest,9.92,30/06/2018,GB00B0N8MF98
BlackRock Emerging Europe,European Emerging Markets,Hungary,3.72,30/06/2018,GB00B0BN1P96
BlackRock Emerging Europe,European Emerging Markets,Poland,17.05,30/06/2018,GB00B0BN1P96
BlackRock Emerging Europe,European Emerging Markets,Russia,57.83,30/06/2018,GB00B0BN1P96
BlackRock Emerging Europe,European Emerging Markets,Turkey,7.55,30/06/2018,GB00B0BN1P96
BlackRock Emerging Europe,European Emerging Markets,Ukraine,3.55,30/06/2018,GB00B0BN1P96
BlackRock Emerging Europe,European Emerging Markets,Austria,2.71,30/06/2018,GB00B0BN1P96
BlackRock Emerging Europe,European Emerging Markets,Greece,6.57,30/06/2018,GB00B0BN1P96
BlackRock Emerging Europe,European Emerging Markets,Cash/Cash Equivalent,1.02,30/06/2018,GB00B0BN1P96
BlackRock Emerging Europe,European Emerging Markets,Fixed Interest,0,30/06/2018,GB00B0BN1P96
BlackRock Frontiers,Global Emerging Markets,Kenya,1.58,30/06/2018,GB00B3SXM832
BlackRock Frontiers,Global Emerging Markets,Morocco,0.64,30/06/2018,GB00B3SXM832
BlackRock Frontiers,Global Emerging Markets,Nigeria,4.71,30/06/2018,GB00B3SXM832
BlackRock Frontiers,Global Emerging Markets,Other African,2.08,30/06/2018,GB00B3SXM832
BlackRock Frontiers,Global Emerging Markets,Bangladesh,1.86,30/06/2018,GB00B3SXM832
BlackRock Frontiers,Global Emerging Markets,China,-0.98,30/06/2018,GB00B3SXM832
BlackRock Frontiers,Global Emerging Markets,Hong Kong,0.82,30/06/2018,GB00B3SXM832
BlackRock Frontiers,Global Emerging Markets,Indonesia,5.45,30/06/2018,GB00B3SXM832
BlackRock Frontiers,Global Emerging Markets,Kazakhstan,2.58,30/06/2018,GB00B3SXM832
BlackRock Frontiers,Global Emerging Markets,Malaysia,1.03,30/06/2018,GB00B3SXM832
BlackRock Frontiers,Global Emerging Markets,Philippines,0.65,30/06/2018,GB00B3SXM832
BlackRock Frontiers,Global Emerging Markets,Sri Lanka,0.51,30/06/2018,GB00B3SXM832
BlackRock Frontiers,Global Emerging Markets,Thailand,4.2,30/06/2018,GB00B3SXM832
BlackRock Frontiers,Global Emerging Markets,Vietnam,5.54,30/06/2018,GB00B3SXM832
BlackRock Frontiers,Global Emerging Markets,Estonia,0.75,30/06/2018,GB00B3SXM832
BlackRock Frontiers,Global Emerging Markets,Hungary,2.08,30/06/2018,GB00B3SXM832
BlackRock Frontiers,Global Emerging Markets,Poland,2.79,30/06/2018,GB00B3SXM832
BlackRock Frontiers,Global Emerging Markets,Romania,4.33,30/06/2018,GB00B3SXM832
BlackRock Frontiers,Global Emerging Markets,Slovenia,0.16,30/06/2018,GB00B3SXM832
BlackRock Frontiers,Global Emerging Markets,Turkey,1.48,30/06/2018,GB00B3SXM832
BlackRock Frontiers,Global Emerging Markets,Ukraine,2.4,30/06/2018,GB00B3SXM832
BlackRock Frontiers,Global Emerging Markets,Greece,3.28,30/06/2018,GB00B3SXM832
BlackRock Frontiers,Global Emerging Markets,Argentina,6.37,30/06/2018,GB00B3SXM832
BlackRock Frontiers,Global Emerging Markets,Egypt,5.29,30/06/2018,GB00B3SXM832
BlackRock Frontiers,Global Emerging Markets,Kuwait,4.7,30/06/2018,GB00B3SXM832
BlackRock Frontiers,Global Emerging Markets,Other Middle East,4.42,30/06/2018,GB00B3SXM832
BlackRock Frontiers,Global Emerging Markets,Saudi Arabia,5.41,30/06/2018,GB00B3SXM832
BlackRock Frontiers,Global Emerging Markets,United Arab Emirates,3.14,30/06/2018,GB00B3SXM832
BlackRock Frontiers,Global Emerging Markets,Cash/Cash Equivalent,22.73,30/06/2018,GB00B3SXM832
BlackRock Greater Europe,Europe,Poland,1.23,30/06/2018,GB00B01RDH75
BlackRock Greater Europe,Europe,Russia,3.66,30/06/2018,GB00B01RDH75
BlackRock Greater Europe,Europe,Belgium,2.51,30/06/2018,GB00B01RDH75
BlackRock Greater Europe,Europe,Denmark,11.4,30/06/2018,GB00B01RDH75
BlackRock Greater Europe,Europe,Finland,2.83,30/06/2018,GB00B01RDH75
BlackRock Greater Europe,Europe,France,15.98,30/06/2018,GB00B01RDH75
BlackRock Greater Europe,Europe,Germany,11.59,30/06/2018,GB00B01RDH75
BlackRock Greater Europe,Europe,Greece,1.47,30/06/2018,GB00B01RDH75
BlackRock Greater Europe,Europe,Ireland,2.19,30/06/2018,GB00B01RDH75
BlackRock Greater Europe,Europe,Italy,1.4,30/06/2018,GB00B01RDH75
BlackRock Greater Europe,Europe,Netherlands,11.27,30/06/2018,GB00B01RDH75
BlackRock Greater Europe,Europe,Spain,5.67,30/06/2018,GB00B01RDH75
BlackRock Greater Europe,Europe,Sweden,7.13,30/06/2018,GB00B01RDH75
BlackRock Greater Europe,Europe,Switzerland,17.84,30/06/2018,GB00B01RDH75
BlackRock Greater Europe,Europe,Israel,3.64,30/06/2018,GB00B01RDH75
BlackRock Greater Europe,Europe,Cash/Cash Equivalent,0.19,30/06/2018,GB00B01RDH75
BlackRock Income & Growth,UK Equity Income,Ireland,2.76,30/06/2018,GB0030961691
BlackRock Income & Growth,UK Equity Income,UK,91.42,30/06/2018,GB0030961691
BlackRock Income & Growth,UK Equity Income,Cash/Cash Equivalent,5.82,30/06/2018,GB0030961691
BlackRock Income & Growth,UK Equity Income,Fixed Interest,0,30/06/2018,GB0030961691
BlackRock Latin American,Latin America,Argentina,2.92,30/06/2018,GB0005058408
BlackRock Latin American,Latin America,Brazil,64.35,30/06/2018,GB0005058408
BlackRock Latin American,Latin America,Chile,4.39,30/06/2018,GB0005058408
BlackRock Latin American,Latin America,Colombia,1.22,30/06/2018,GB0005058408
BlackRock Latin American,Latin America,Mexico,27.73,30/06/2018,GB0005058408
BlackRock Latin American,Latin America,Cash/Cash Equivalent,-0.78,30/06/2018,GB0005058408
BlackRock Latin American,Latin America,Fixed Interest,0.17,30/06/2018,GB0005058408
BlackRock North American Income,North America,Denmark,0.74,30/06/2018,GB00B7W0XJ61
BlackRock North American Income,North America,France,0.93,30/06/2018,GB00B7W0XJ61
BlackRock North American Income,North America,Germany,0.67,30/06/2018,GB00B7W0XJ61
BlackRock North American Income,North America,Ireland,2.77,30/06/2018,GB00B7W0XJ61
BlackRock North American Income,North America,Netherlands,2.83,30/06/2018,GB00B7W0XJ61
BlackRock North American Income,North America,UK,5.38,30/06/2018,GB00B7W0XJ61
BlackRock North American Income,North America,Chile,0.34,30/06/2018,GB00B7W0XJ61
BlackRock North American Income,North America,Canada,3.3,30/06/2018,GB00B7W0XJ61
BlackRock North American Income,North America,USA,78.99,30/06/2018,GB00B7W0XJ61
BlackRock North American Income,North America,Cash/Cash Equivalent,4.05,30/06/2018,GB00B7W0XJ61
BlackRock North American Income,North America,Fixed Interest,0,30/06/2018,GB00B7W0XJ61
BlackRock Smaller Companies,UK Smaller Companies,South Africa,0.45,30/06/2018,GB0006436108
BlackRock Smaller Companies,UK Smaller Companies,Singapore,0.31,30/06/2018,GB0006436108
BlackRock Smaller Companies,UK Smaller Companies,Ireland,1.5,30/06/2018,GB0006436108
BlackRock Smaller Companies,UK Smaller Companies,UK,93.98,30/06/2018,GB0006436108
BlackRock Smaller Companies,UK Smaller Companies,USA,1.01,30/06/2018,GB0006436108
BlackRock Smaller Companies,UK Smaller Companies,Bermuda,0.81,30/06/2018,GB0006436108
BlackRock Smaller Companies,UK Smaller Companies,Cash/Cash Equivalent,1.94,30/06/2018,GB0006436108
BlackRock Throgmorton Trust,UK Smaller Companies,South Africa,0.21,30/06/2018,GB0008910555
BlackRock Throgmorton Trust,UK Smaller Companies,Australia,1.37,30/06/2018,GB0008910555
BlackRock Throgmorton Trust,UK Smaller Companies,France,0.77,30/06/2018,GB0008910555
BlackRock Throgmorton Trust,UK Smaller Companies,Ireland,1.88,30/06/2018,GB0008910555
BlackRock Throgmorton Trust,UK Smaller Companies,Netherlands,0.72,30/06/2018,GB0008910555
BlackRock Throgmorton Trust,UK Smaller Companies,Switzerland,1.11,30/06/2018,GB0008910555
BlackRock Throgmorton Trust,UK Smaller Companies,UK,90.76,30/06/2018,GB0008910555
BlackRock Throgmorton Trust,UK Smaller Companies,Bermuda,2.34,30/06/2018,GB0008910555
BlackRock Throgmorton Trust,UK Smaller Companies,Cash/Cash Equivalent,0.84,30/06/2018,GB0008910555
BlackRock World Mining,Sector Specialist: Commodities & Natural Resources,Mali,2.08,30/06/2018,GB0005774855
BlackRock World Mining,Sector Specialist: Commodities & Natural Resources,Mozambique,0.17,30/06/2018,GB0005774855
BlackRock World Mining,Sector Specialist: Commodities & Natural Resources,Other African,3.1,30/06/2018,GB0005774855
BlackRock World Mining,Sector Specialist: Commodities & Natural Resources,South Africa,0.46,30/06/2018,GB0005774855
BlackRock World Mining,Sector Specialist: Commodities & Natural Resources,Zimbabwe,0.01,30/06/2018,GB0005774855
BlackRock World Mining,Sector Specialist: Commodities & Natural Resources,Australia,11.49,30/06/2018,GB0005774855
BlackRock World Mining,Sector Specialist: Commodities & Natural Resources,Kazakhstan,0.38,30/06/2018,GB0005774855
BlackRock World Mining,Sector Specialist: Commodities & Natural Resources,Philippines,0.28,30/06/2018,GB0005774855
BlackRock World Mining,Sector Specialist: Commodities & Natural Resources,Russia,0.36,30/06/2018,GB0005774855
BlackRock World Mining,Sector Specialist: Commodities & Natural Resources,Turkey,0.02,30/06/2018,GB0005774855
BlackRock World Mining,Sector Specialist: Commodities & Natural Resources,Belgium,0.43,30/06/2018,GB0005774855
BlackRock World Mining,Sector Specialist: Commodities & Natural Resources,Luxembourg,0.37,30/06/2018,GB0005774855
BlackRock World Mining,Sector Specialist: Commodities & Natural Resources,Sweden,1.64,30/06/2018,GB0005774855
BlackRock World Mining,Sector Specialist: Commodities & Natural Resources,UK,48.01,30/06/2018,GB0005774855
BlackRock World Mining,Sector Specialist: Commodities & Natural Resources,Argentina,0.16,30/06/2018,GB0005774855
BlackRock World Mining,Sector Specialist: Commodities & Natural Resources,Brazil,1.16,30/06/2018,GB0005774855
BlackRock World Mining,Sector Specialist: Commodities & Natural Resources,Ecuador,0.36,30/06/2018,GB0005774855
BlackRock World Mining,Sector Specialist: Commodities & Natural Resources,Mexico,2.38,30/06/2018,GB0005774855
BlackRock World Mining,Sector Specialist: Commodities & Natural Resources,Peru,4.12,30/06/2018,GB0005774855
BlackRock World Mining,Sector Specialist: Commodities & Natural Resources,Egypt,0.66,30/06/2018,GB0005774855
BlackRock World Mining,Sector Specialist: Commodities & Natural Resources,Canada,5.87,30/06/2018,GB0005774855
BlackRock World Mining,Sector Specialist: Commodities & Natural Resources,USA,5.04,30/06/2018,GB0005774855
BlackRock World Mining,Sector Specialist: Commodities & Natural Resources,Cash/Cash Equivalent,0.64,30/06/2018,GB0005774855
BlackRock World Mining,Sector Specialist: Commodities & Natural Resources,Fixed Interest,10.81,30/06/2018,GB0005774855
Blackstone/GSO Loan Financing,Sector Specialist: Debt,Not reported,,,
Blue Capital Alternative Income,Sector Specialist: Insurance & Reinsurance Strategies,Not reported,,,
Blue Planet Investment Trust,Global Equity Income,France,3,30/06/2018,GB0005327076
Blue Planet Investment Trust,Global Equity Income,Germany,2,30/06/2018,GB0005327076
Blue Planet Investment Trust,Global Equity Income,UK,18,30/06/2018,GB0005327076
Blue Planet Investment Trust,Global Equity Income,USA,22,30/06/2018,GB0005327076
Blue Planet Investment Trust,Global Equity Income,Cash/Cash Equivalent,2,30/06/2018,GB0005327076
Blue Planet Investment Trust,Global Equity Income,Fixed Interest,53,30/06/2018,GB0005327076
Bluefield Solar Income Fund,Sector Specialist: Infrastructure - Renewable Energy,Not reported,,,
British & American,UK Equity Income,Not reported,,,
British Empire,Global,Japan,18.04,30/06/2018,GB0001335081
British Empire,Global,Singapore,5.06,30/06/2018,GB0001335081
British Empire,Global,France,4.41,30/06/2018,GB0001335081
British Empire,Global,Germany,4.16,30/06/2018,GB0001335081
British Empire,Global,Ireland,3.03,30/06/2018,GB0001335081
British Empire,Global,Italy,5.53,30/06/2018,GB0001335081
British Empire,Global,Netherlands,10.48,30/06/2018,GB0001335081
British Empire,Global,Norway,3.7,30/06/2018,GB0001335081
British Empire,Global,Sweden,2.73,30/06/2018,GB0001335081
British Empire,Global,Switzerland,5.12,30/06/2018,GB0001335081
British Empire,Global,UK,30.07,30/06/2018,GB0001335081
British Empire,Global,Brazil,1.02,30/06/2018,GB0001335081
British Empire,Global,USA,3.23,30/06/2018,GB0001335081
British Empire,Global,Cash/Cash Equivalent,3.42,30/06/2018,GB0001335081
British Smaller Companies VCT,VCT Generalist,Not reported,,,
British Smaller Companies VCT 2,VCT Generalist,Not reported,,,
Brunner,Global,Australia,1.72,30/06/2018,GB0001490001
Brunner,Global,China,3.4,30/06/2018,GB0001490001
Brunner,Global,Hong Kong,1.43,30/06/2018,GB0001490001
Brunner,Global,Japan,2.05,30/06/2018,GB0001490001
Brunner,Global,Taiwan,1.54,30/06/2018,GB0001490001
Brunner,Global,France,1.05,30/06/2018,GB0001490001
Brunner,Global,Germany,9.17,30/06/2018,GB0001490001
Brunner,Global,Italy,1.22,30/06/2018,GB0001490001
Brunner,Global,Spain,4.43,30/06/2018,GB0001490001
Brunner,Global,Sweden,0.81,30/06/2018,GB0001490001
Brunner,Global,Switzerland,6.77,30/06/2018,GB0001490001
Brunner,Global,UK,28.56,30/06/2018,GB0001490001
Brunner,Global,Brazil,1.2,30/06/2018,GB0001490001
Brunner,Global,USA,37.33,30/06/2018,GB0001490001
Brunner,Global,Cash/Cash Equivalent,-0.68,30/06/2018,GB0001490001
Calculus VCT,VCT Generalist Pre Qualifying,Not reported,,,
Caledonia,Global,Australia,0.58,30/06/2018,GB0001639920
Caledonia,Global,China,2.5,30/06/2018,GB0001639920
Caledonia,Global,Far East & Pacific Region,9.76,30/06/2018,GB0001639920
Caledonia,Global,India,0.23,30/06/2018,GB0001639920
Caledonia,Global,Singapore,1.59,30/06/2018,GB0001639920
Caledonia,Global,Belgium,5.57,30/06/2018,GB0001639920
Caledonia,Global,European Developed,0.01,30/06/2018,GB0001639920
Caledonia,Global,France,0.61,30/06/2018,GB0001639920
Caledonia,Global,Germany,0.87,30/06/2018,GB0001639920
Caledonia,Global,Guernsey,3.87,30/06/2018,GB0001639920
Caledonia,Global,Norway,0.62,30/06/2018,GB0001639920
Caledonia,Global,Sweden,0.58,30/06/2018,GB0001639920
Caledonia,Global,Switzerland,1.04,30/06/2018,GB0001639920
Caledonia,Global,UK,35.82,30/06/2018,GB0001639920
Caledonia,Global,Canada,0.25,30/06/2018,GB0001639920
Caledonia,Global,USA,26.69,30/06/2018,GB0001639920
Caledonia,Global,Cash/Cash Equivalent,9.41,30/06/2018,GB0001639920
Caledonia,Global,Fixed Interest,0,30/06/2018,GB0001639920
Capital Gearing,Flexible Investment,Asia exc Japan,0.52,30/06/2018,GB0001738615
Capital Gearing,Flexible Investment,Asia inc Japan,0.22,30/06/2018,GB0001738615
Capital Gearing,Flexible Investment,Australia,0.02,30/06/2018,GB0001738615
Capital Gearing,Flexible Investment,Japan,2.42,30/06/2018,GB0001738615
Capital Gearing,Flexible Investment,European Developed,0.85,30/06/2018,GB0001738615
Capital Gearing,Flexible Investment,Germany,6.4,30/06/2018,GB0001738615
Capital Gearing,Flexible Investment,Other Investment Cos,0.15,30/06/2018,GB0001738615
Capital Gearing,Flexible Investment,Sweden,3.9,30/06/2018,GB0001738615
Capital Gearing,Flexible Investment,UK,17.03,30/06/2018,GB0001738615
Capital Gearing,Flexible Investment,Brazil,0.1,30/06/2018,GB0001738615
Capital Gearing,Flexible Investment,USA,2.56,30/06/2018,GB0001738615
Capital Gearing,Flexible Investment,Other Countries,3.62,30/06/2018,GB0001738615
Capital Gearing,Flexible Investment,Cash/Cash Equivalent,4.09,30/06/2018,GB0001738615
Capital Gearing,Flexible Investment,Fixed Interest,58.12,30/06/2018,GB0001738615
CATCo Reinsurance Opportunities,Sector Specialist: Insurance & Reinsurance Strategies,Not reported,,,
CATCo Reinsurance Opportunities C shares,Sector Specialist: Insurance & Reinsurance Strategies,Not reported,,,
CC Japan Income & Growth,Japan,Japan,97.6,30/06/2018,GB00BYSRMH16
CC Japan Income & Growth,Japan,Cash/Cash Equivalent,2.4,30/06/2018,GB00BYSRMH16
Chelverton UK Dividend,UK Equity Income,Not reported,,,
Chelverton UK Dividend,UK Equity Income,UK,99.43,30/06/2018,GB0006615826
Chelverton UK Dividend,UK Equity Income,Cash/Cash Equivalent,0.57,30/06/2018,GB0006615826
Chelverton UK Dividend,UK Equity Income,Fixed Interest,0,30/06/2018,GB0006615826
Chenavari Toro Income,Sector Specialist: Debt,Not reported,,,
Chrysalis VCT,VCT Generalist,Not reported,,,
CIP Merchant Capital,Flexible Investment,Not reported,,,
City Merchants High Yield,UK Equity & Bond Income,France,0.71,30/06/2018,JE00B6RMDP68
City Merchants High Yield,UK Equity & Bond Income,Ireland,0.5,30/06/2018,JE00B6RMDP68
City Merchants High Yield,UK Equity & Bond Income,UK,3.22,30/06/2018,JE00B6RMDP68
City Merchants High Yield,UK Equity & Bond Income,USA,0.04,30/06/2018,JE00B6RMDP68
City Merchants High Yield,UK Equity & Bond Income,Cash/Cash Equivalent,4.95,30/06/2018,JE00B6RMDP68
City Merchants High Yield,UK Equity & Bond Income,Fixed Interest,90.58,30/06/2018,JE00B6RMDP68
City Natural Resources High Yield,Sector Specialist: Commodities & Natural Resources,Australia,15.3,30/06/2018,GB0000353929
City Natural Resources High Yield,Sector Specialist: Commodities & Natural Resources,Norway,4.2,30/06/2018,GB0000353929
City Natural Resources High Yield,Sector Specialist: Commodities & Natural Resources,UK,13.3,30/06/2018,GB0000353929
City Natural Resources High Yield,Sector Specialist: Commodities & Natural Resources,Canada,34.1,30/06/2018,GB0000353929
City Natural Resources High Yield,Sector Specialist: Commodities & Natural Resources,USA,3.7,30/06/2018,GB0000353929
City Natural Resources High Yield,Sector Specialist: Commodities & Natural Resources,Cash/Cash Equivalent,12.9,30/06/2018,GB0000353929
City Natural Resources High Yield,Sector Specialist: Commodities & Natural Resources,Fixed Interest,16.5,30/06/2018,GB0000353929
City of London,UK Equity Income,Hong Kong,0.49,30/06/2018,GB0001990497
City of London,UK Equity Income,France,0.5,30/06/2018,GB0001990497
City of London,UK Equity Income,Germany,1.51,30/06/2018,GB0001990497
City of London,UK Equity Income,Netherlands,3.15,30/06/2018,GB0001990497
City of London,UK Equity Income,Switzerland,1.84,30/06/2018,GB0001990497
City of London,UK Equity Income,UK,87.75,30/06/2018,GB0001990497
City of London,UK Equity Income,USA,3.63,30/06/2018,GB0001990497
City of London,UK Equity Income,Cash/Cash Equivalent,0.53,30/06/2018,GB0001990497
City of London,UK Equity Income,Fixed Interest,0.6,30/06/2018,GB0001990497
Civitas Social Housing,Property Specialist,Not reported,,,
Civitas Social Housing C shares,Property Specialist,Not reported,,,
CQS New City High Yield,UK Equity & Bond Income,Other European,1,30/06/2018,JE00B1LZS514
CQS New City High Yield,UK Equity & Bond Income,UK,16,30/06/2018,JE00B1LZS514
CQS New City High Yield,UK Equity & Bond Income,USA,1,30/06/2018,JE00B1LZS514
CQS New City High Yield,UK Equity & Bond Income,Cash/Cash Equivalent,2,30/06/2018,JE00B1LZS514
CQS New City High Yield,UK Equity & Bond Income,Fixed Interest,80,30/06/2018,JE00B1LZS514
Crown Place VCT,VCT Generalist,Not reported,,,
Crystal Amber,UK All Companies,Not reported,,,
Custodian REIT,Property Direct - UK,Not reported,,,
CVC Credit Partners European Opps,Sector Specialist: Debt,Not reported,,,
CVC Credit Partners European Opps Euro,Sector Specialist: Debt,Not reported,,,
Diverse Income Trust,UK Equity Income,France,0.96,30/06/2018,GB00B65TLW28
Diverse Income Trust,UK Equity Income,Norway,1.06,30/06/2018,GB00B65TLW28
Diverse Income Trust,UK Equity Income,UK,91.34,30/06/2018,GB00B65TLW28
Diverse Income Trust,UK Equity Income,Other Countries,3.13,30/06/2018,GB00B65TLW28
Diverse Income Trust,UK Equity Income,Cash/Cash Equivalent,0.97,30/06/2018,GB00B65TLW28
Diverse Income Trust,UK Equity Income,Fixed Interest,2.54,30/06/2018,GB00B65TLW28
Downing FOUR VCT D shares,VCT Generalist,Not reported,,,
Downing FOUR VCT DP67 shares,VCT Generalist,Not reported,,,
Downing FOUR VCT Generalist shares,VCT Generalist Pre Qualifying,Not reported,,,
Downing FOUR VCT Healthcare shares,VCT Specialist: Healthcare & Biotechnology Pre Qualifying,Not reported,,,
Downing ONE VCT,VCT Generalist,Not reported,,,
Downing Strategic Micro-Cap,UK Smaller Companies,UK,63.58,30/06/2018,GB00BF0SCX52
Downing Strategic Micro-Cap,UK Smaller Companies,Cash/Cash Equivalent,14.54,30/06/2018,GB00BF0SCX52
Downing Strategic Micro-Cap,UK Smaller Companies,Fixed Interest,21.88,30/06/2018,GB00BF0SCX52
Downing THREE VCT F shares,VCT Generalist,Not reported,,,
Downing THREE VCT H shares,VCT Generalist,Not reported,,,
Downing THREE VCT J shares,VCT Generalist,Not reported,,,
Downing TWO VCT F shares,VCT Generalist,Not reported,,,
Downing TWO VCT G shares,VCT Generalist,Not reported,,,
Downing TWO VCT K shares,VCT Generalist Pre Qualifying,Not reported,,,
DP Aircraft I,Sector Specialist: Leasing,Not reported,,,
Drum Income Plus REIT,Property Direct - UK,Not reported,,,
Dunedin Enterprise,Private Equity,Not reported,,,
Dunedin Income Growth,UK Equity Income,Denmark,1.62,30/06/2018,GB0003406096
Dunedin Income Growth,UK Equity Income,Finland,1.46,30/06/2018,GB0003406096
Dunedin Income Growth,UK Equity Income,France,3.03,30/06/2018,GB0003406096
Dunedin Income Growth,UK Equity Income,Italy,2.85,30/06/2018,GB0003406096
Dunedin Income Growth,UK Equity Income,Netherlands,3.09,30/06/2018,GB0003406096
Dunedin Income Growth,UK Equity Income,Spain,2.7,30/06/2018,GB0003406096
Dunedin Income Growth,UK Equity Income,Switzerland,2.71,30/06/2018,GB0003406096
Dunedin Income Growth,UK Equity Income,UK,74.31,30/06/2018,GB0003406096
Dunedin Income Growth,UK Equity Income,Cash/Cash Equivalent,2.68,30/06/2018,GB0003406096
Dunedin Income Growth,UK Equity Income,Fixed Interest,5.55,30/06/2018,GB0003406096
Dunedin Smaller Companies,UK Smaller Companies,UK,97.94,30/06/2018,GB00B1GCL258
Dunedin Smaller Companies,UK Smaller Companies,Cash/Cash Equivalent,2.06,30/06/2018,GB00B1GCL258
Dunedin Smaller Companies,UK Smaller Companies,Fixed Interest,0,30/06/2018,GB00B1GCL258
Ecofin Global Utilities and Infrastructure,Sector Specialist: Utilities,Australia,1.78,30/06/2018,GB00BD3V4641
Ecofin Global Utilities and Infrastructure,Sector Specialist: Utilities,China,2.64,30/06/2018,GB00BD3V4641
Ecofin Global Utilities and Infrastructure,Sector Specialist: Utilities,Philippines,0.88,30/06/2018,GB00BD3V4641
Ecofin Global Utilities and Infrastructure,Sector Specialist: Utilities,France,6.84,30/06/2018,GB00BD3V4641
Ecofin Global Utilities and Infrastructure,Sector Specialist: Utilities,Germany,5.9,30/06/2018,GB00BD3V4641
Ecofin Global Utilities and Infrastructure,Sector Specialist: Utilities,Italy,8.27,30/06/2018,GB00BD3V4641
Ecofin Global Utilities and Infrastructure,Sector Specialist: Utilities,Portugal,1.5,30/06/2018,GB00BD3V4641
Ecofin Global Utilities and Infrastructure,Sector Specialist: Utilities,Spain,7.72,30/06/2018,GB00BD3V4641
Ecofin Global Utilities and Infrastructure,Sector Specialist: Utilities,Switzerland,2.95,30/06/2018,GB00BD3V4641
Ecofin Global Utilities and Infrastructure,Sector Specialist: Utilities,UK,16.67,30/06/2018,GB00BD3V4641
Ecofin Global Utilities and Infrastructure,Sector Specialist: Utilities,Canada,6.15,30/06/2018,GB00BD3V4641
Ecofin Global Utilities and Infrastructure,Sector Specialist: Utilities,USA,33.34,30/06/2018,GB00BD3V4641
Ecofin Global Utilities and Infrastructure,Sector Specialist: Utilities,Cash/Cash Equivalent,5.36,30/06/2018,GB00BD3V4641
Edinburgh Dragon,Asia Pacific - Excluding Japan,China,16.62,30/06/2018,GB0002945029
Edinburgh Dragon,Asia Pacific - Excluding Japan,Hong Kong,21.27,30/06/2018,GB0002945029
Edinburgh Dragon,Asia Pacific - Excluding Japan,India,13.88,30/06/2018,GB0002945029
Edinburgh Dragon,Asia Pacific - Excluding Japan,Indonesia,5.48,30/06/2018,GB0002945029
Edinburgh Dragon,Asia Pacific - Excluding Japan,Malaysia,1.03,30/06/2018,GB0002945029
Edinburgh Dragon,Asia Pacific - Excluding Japan,Philippines,3.41,30/06/2018,GB0002945029
Edinburgh Dragon,Asia Pacific - Excluding Japan,Singapore,13.03,30/06/2018,GB0002945029
Edinburgh Dragon,Asia Pacific - Excluding Japan,South Korea,9.89,30/06/2018,GB0002945029
Edinburgh Dragon,Asia Pacific - Excluding Japan,Sri Lanka,1.61,30/06/2018,GB0002945029
Edinburgh Dragon,Asia Pacific - Excluding Japan,Taiwan,5.14,30/06/2018,GB0002945029
Edinburgh Dragon,Asia Pacific - Excluding Japan,Thailand,2.99,30/06/2018,GB0002945029
Edinburgh Dragon,Asia Pacific - Excluding Japan,Vietnam,1.27,30/06/2018,GB0002945029
Edinburgh Dragon,Asia Pacific - Excluding Japan,UK,1.33,30/06/2018,GB0002945029
Edinburgh Dragon,Asia Pacific - Excluding Japan,USA,1.61,30/06/2018,GB0002945029
Edinburgh Dragon,Asia Pacific - Excluding Japan,Cash/Cash Equivalent,1.44,30/06/2018,GB0002945029
Edinburgh Investment,UK Equity Income,Switzerland,4.27,30/06/2018,GB0003052338
Edinburgh Investment,UK Equity Income,UK,93.82,30/06/2018,GB0003052338
Edinburgh Investment,UK Equity Income,USA,3.15,30/06/2018,GB0003052338
Edinburgh Investment,UK Equity Income,Cash/Cash Equivalent,-1.24,30/06/2018,GB0003052338
Edinburgh Worldwide,Global,Australia,1,30/06/2018,GB0002916335
Edinburgh Worldwide,Global,China,2,30/06/2018,GB0002916335
Edinburgh Worldwide,Global,Japan,7,30/06/2018,GB0002916335
Edinburgh Worldwide,Global,New Zealand,1,30/06/2018,GB0002916335
Edinburgh Worldwide,Global,Belgium,1,30/06/2018,GB0002916335
Edinburgh Worldwide,Global,Denmark,1,30/06/2018,GB0002916335
Edinburgh Worldwide,Global,France,1,30/06/2018,GB0002916335
Edinburgh Worldwide,Global,Germany,2,30/06/2018,GB0002916335
Edinburgh Worldwide,Global,Italy,1,30/06/2018,GB0002916335
Edinburgh Worldwide,Global,Switzerland,2,30/06/2018,GB0002916335
Edinburgh Worldwide,Global,UK,19,30/06/2018,GB0002916335
Edinburgh Worldwide,Global,Israel,1,30/06/2018,GB0002916335
Edinburgh Worldwide,Global,USA,55,30/06/2018,GB0002916335
Edinburgh Worldwide,Global,Cash/Cash Equivalent,6,30/06/2018,GB0002916335
Ediston Property,Property Direct - UK,Not reported,,,
EJF Investments,Sector Specialist: Financials,Not reported,,,
EJF Investments,Split Capital Trust,Not reported,,,
Elderstreet Draper Esprit VCT,VCT Generalist,Not reported,,,
Electra Private Equity,Private Equity,Not reported,,,
EP Global Opportunities,Global,China,3.81,30/06/2018,GB0033862573
EP Global Opportunities,Global,Hong Kong,8.31,30/06/2018,GB0033862573
EP Global Opportunities,Global,Indonesia,2.04,30/06/2018,GB0033862573
EP Global Opportunities,Global,Japan,18.55,30/06/2018,GB0033862573
EP Global Opportunities,Global,Singapore,2.29,30/06/2018,GB0033862573
EP Global Opportunities,Global,Thailand,2.36,30/06/2018,GB0033862573
EP Global Opportunities,Global,Finland,2.51,30/06/2018,GB0033862573
EP Global Opportunities,Global,France,4.67,30/06/2018,GB0033862573
EP Global Opportunities,Global,Germany,3.51,30/06/2018,GB0033862573
EP Global Opportunities,Global,Ireland,2.21,30/06/2018,GB0033862573
EP Global Opportunities,Global,Italy,2.9,30/06/2018,GB0033862573
EP Global Opportunities,Global,Netherlands,8.97,30/06/2018,GB0033862573
EP Global Opportunities,Global,Norway,2.31,30/06/2018,GB0033862573
EP Global Opportunities,Global,Spain,1.57,30/06/2018,GB0033862573
EP Global Opportunities,Global,Switzerland,5.79,30/06/2018,GB0033862573
EP Global Opportunities,Global,UK,8.81,30/06/2018,GB0033862573
EP Global Opportunities,Global,USA,10.31,30/06/2018,GB0033862573
EP Global Opportunities,Global,Cash/Cash Equivalent,9.08,30/06/2018,GB0033862573
Establishment Investment Trust,Flexible Investment,Asia exc Japan,17,30/06/2018,GB0031336919
Establishment Investment Trust,Flexible Investment,Australia,1,30/06/2018,GB0031336919
Establishment Investment Trust,Flexible Investment,Hong Kong,22,30/06/2018,GB0031336919
Establishment Investment Trust,Flexible Investment,India,9,30/06/2018,GB0031336919
Establishment Investment Trust,Flexible Investment,Indonesia,2,30/06/2018,GB0031336919
Establishment Investment Trust,Flexible Investment,Malaysia,1,30/06/2018,GB0031336919
Establishment Investment Trust,Flexible Investment,Philippines,4,30/06/2018,GB0031336919
Establishment Investment Trust,Flexible Investment,South Korea,10,30/06/2018,GB0031336919
Establishment Investment Trust,Flexible Investment,Sri Lanka,1,30/06/2018,GB0031336919
Establishment Investment Trust,Flexible Investment,Taiwan,7,30/06/2018,GB0031336919
Establishment Investment Trust,Flexible Investment,Thailand,5,30/06/2018,GB0031336919
Establishment Investment Trust,Flexible Investment,UK,16,30/06/2018,GB0031336919
Establishment Investment Trust,Flexible Investment,Cash/Cash Equivalent,5,30/06/2018,GB0031336919
European Assets,European Smaller Companies,Austria,2.8,30/06/2018,NL0012838817
European Assets,European Smaller Companies,Denmark,3.2,30/06/2018,NL0012838817
European Assets,European Smaller Companies,France,4,30/06/2018,NL0012838817
European Assets,European Smaller Companies,Germany,20.5,30/06/2018,NL0012838817
European Assets,European Smaller Companies,Ireland,6.7,30/06/2018,NL0012838817
European Assets,European Smaller Companies,Italy,7.9,30/06/2018,NL0012838817
European Assets,European Smaller Companies,Netherlands,8.5,30/06/2018,NL0012838817
European Assets,European Smaller Companies,Norway,10.5,30/06/2018,NL0012838817
European Assets,European Smaller Companies,Spain,10.1,30/06/2018,NL0012838817
European Assets,European Smaller Companies,Sweden,11.9,30/06/2018,NL0012838817
European Assets,European Smaller Companies,Switzerland,13.9,30/06/2018,NL0012838817
European Investment Trust,Europe,Poland,1.9,30/06/2018,GB0003295010
European Investment Trust,Europe,Belgium,2.14,30/06/2018,GB0003295010
European Investment Trust,Europe,Denmark,5.15,30/06/2018,GB0003295010
European Investment Trust,Europe,Finland,4.7,30/06/2018,GB0003295010
European Investment Trust,Europe,France,17.28,30/06/2018,GB0003295010
European Investment Trust,Europe,Germany,17.14,30/06/2018,GB0003295010
European Investment Trust,Europe,Ireland,5.5,30/06/2018,GB0003295010
European Investment Trust,Europe,Italy,5.4,30/06/2018,GB0003295010
European Investment Trust,Europe,Netherlands,12.45,30/06/2018,GB0003295010
European Investment Trust,Europe,Norway,5.04,30/06/2018,GB0003295010
European Investment Trust,Europe,Spain,7,30/06/2018,GB0003295010
European Investment Trust,Europe,Sweden,4.87,30/06/2018,GB0003295010
European Investment Trust,Europe,Switzerland,10.69,30/06/2018,GB0003295010
European Investment Trust,Europe,Cash/Cash Equivalent,0.74,30/06/2018,GB0003295010
European Investment Trust,Europe,Fixed Interest,0,30/06/2018,GB0003295010
F&C Capital & Income,UK Equity Income,Germany,0.91,30/06/2018,GB0003463287
F&C Capital & Income,UK Equity Income,Ireland,1.54,30/06/2018,GB0003463287
F&C Capital & Income,UK Equity Income,UK,95.81,30/06/2018,GB0003463287
F&C Capital & Income,UK Equity Income,Cash/Cash Equivalent,1.74,30/06/2018,GB0003463287
F&C Capital & Income,UK Equity Income,Fixed Interest,0,30/06/2018,GB0003463287
F&C Commercial Property,Property Direct - UK,Not reported,,,
F&C Global Smaller Companies,Global,Australia,0.33,30/06/2018,GB0000175058
F&C Global Smaller Companies,Global,Japan,9.15,30/06/2018,GB0000175058
F&C Global Smaller Companies,Global,Other Asia,11.3,30/06/2018,GB0000175058
F&C Global Smaller Companies,Global,Austria,0.39,30/06/2018,GB0000175058
F&C Global Smaller Companies,Global,Denmark,0.45,30/06/2018,GB0000175058
F&C Global Smaller Companies,Global,France,0.45,30/06/2018,GB0000175058
F&C Global Smaller Companies,Global,Germany,2.54,30/06/2018,GB0000175058
F&C Global Smaller Companies,Global,Ireland,0.54,30/06/2018,GB0000175058
F&C Global Smaller Companies,Global,Italy,0.94,30/06/2018,GB0000175058
F&C Global Smaller Companies,Global,Netherlands,0.97,30/06/2018,GB0000175058
F&C Global Smaller Companies,Global,Norway,1.22,30/06/2018,GB0000175058
F&C Global Smaller Companies,Global,Spain,1.24,30/06/2018,GB0000175058
F&C Global Smaller Companies,Global,Sweden,1.46,30/06/2018,GB0000175058
F&C Global Smaller Companies,Global,Switzerland,1.28,30/06/2018,GB0000175058
F&C Global Smaller Companies,Global,UK,26.6,30/06/2018,GB0000175058
F&C Global Smaller Companies,Global,Canada,1.68,30/06/2018,GB0000175058
F&C Global Smaller Companies,Global,USA,38.56,30/06/2018,GB0000175058
F&C Global Smaller Companies,Global,Cash/Cash Equivalent,0.9,30/06/2018,GB0000175058
F&C Managed Portfolio Growth,Flexible Investment,Africa Regional,1,30/06/2018,GB00B2PP2527
F&C Managed Portfolio Growth,Flexible Investment,Asia exc Japan,8,30/06/2018,GB00B2PP2527
F&C Managed Portfolio Growth,Flexible Investment,China,3,30/06/2018,GB00B2PP2527
F&C Managed Portfolio Growth,Flexible Investment,Japan,5,30/06/2018,GB00B2PP2527
F&C Managed Portfolio Growth,Flexible Investment,European Developed,19,30/06/2018,GB00B2PP2527
F&C Managed Portfolio Growth,Flexible Investment,UK,25,30/06/2018,GB00B2PP2527
F&C Managed Portfolio Growth,Flexible Investment,Argentina,2,30/06/2018,GB00B2PP2527
F&C Managed Portfolio Growth,Flexible Investment,Other North America,24,30/06/2018,GB00B2PP2527
F&C Managed Portfolio Growth,Flexible Investment,Other Countries,1,30/06/2018,GB00B2PP2527
F&C Managed Portfolio Growth,Flexible Investment,Cash/Cash Equivalent,9,30/06/2018,GB00B2PP2527
F&C Managed Portfolio Growth,Flexible Investment,Fixed Interest,3,30/06/2018,GB00B2PP2527
F&C Managed Portfolio Income,Flexible Investment,Asia exc Japan,7,30/06/2018,GB00B2PP3J36
F&C Managed Portfolio Income,Flexible Investment,China,2,30/06/2018,GB00B2PP3J36
F&C Managed Portfolio Income,Flexible Investment,Japan,4,30/06/2018,GB00B2PP3J36
F&C Managed Portfolio Income,Flexible Investment,Russia,2,30/06/2018,GB00B2PP3J36
F&C Managed Portfolio Income,Flexible Investment,European Developed,13,30/06/2018,GB00B2PP3J36
F&C Managed Portfolio Income,Flexible Investment,UK,36,30/06/2018,GB00B2PP3J36
F&C Managed Portfolio Income,Flexible Investment,Argentina,2,30/06/2018,GB00B2PP3J36
F&C Managed Portfolio Income,Flexible Investment,Other North America,18,30/06/2018,GB00B2PP3J36
F&C Managed Portfolio Income,Flexible Investment,Other Countries,1,30/06/2018,GB00B2PP3J36
F&C Managed Portfolio Income,Flexible Investment,Cash/Cash Equivalent,8,30/06/2018,GB00B2PP3J36
F&C Managed Portfolio Income,Flexible Investment,Fixed Interest,7,30/06/2018,GB00B2PP3J36
F&C Private Equity,Private Equity,Not reported,,,
F&C UK High Income,UK Equity Income,Ireland,2.25,30/06/2018,GB00B1N4G299
F&C UK High Income,UK Equity Income,Spain,2.7,30/06/2018,GB00B1N4G299
F&C UK High Income,UK Equity Income,UK,92.12,30/06/2018,GB00B1N4G299
F&C UK High Income,UK Equity Income,Cash/Cash Equivalent,2.93,30/06/2018,GB00B1N4G299
F&C UK High Income,UK Equity Income,Fixed Interest,0,30/06/2018,GB00B1N4G299
F&C UK High Income,UK Equity Income,Ireland,2.25,30/06/2018,GB00B1N4H594
F&C UK High Income,UK Equity Income,Spain,2.7,30/06/2018,GB00B1N4H594
F&C UK High Income,UK Equity Income,UK,92.12,30/06/2018,GB00B1N4H594
F&C UK High Income,UK Equity Income,Cash/Cash Equivalent,2.93,30/06/2018,GB00B1N4H594
F&C UK High Income,UK Equity Income,Not reported,,,
F&C UK Real Estate Investments,Property Direct - UK,Not reported,,,
Fair Oaks Income 2014,Sector Specialist: Debt,Not reported,,,
Fair Oaks Income 2017,Sector Specialist: Debt,Not reported,,,
Fidelity Asian Values,Asia Pacific - Excluding Japan,Australia,7.25,30/06/2018,GB0003322319
Fidelity Asian Values,Asia Pacific - Excluding Japan,China,16.45,30/06/2018,GB0003322319
Fidelity Asian Values,Asia Pacific - Excluding Japan,Hong Kong,7.1,30/06/2018,GB0003322319
Fidelity Asian Values,Asia Pacific - Excluding Japan,India,14.49,30/06/2018,GB0003322319
Fidelity Asian Values,Asia Pacific - Excluding Japan,Indonesia,7.98,30/06/2018,GB0003322319
Fidelity Asian Values,Asia Pacific - Excluding Japan,Japan,0.18,30/06/2018,GB0003322319
Fidelity Asian Values,Asia Pacific - Excluding Japan,Malaysia,0.76,30/06/2018,GB0003322319
Fidelity Asian Values,Asia Pacific - Excluding Japan,Philippines,6.07,30/06/2018,GB0003322319
Fidelity Asian Values,Asia Pacific - Excluding Japan,Singapore,3.28,30/06/2018,GB0003322319
Fidelity Asian Values,Asia Pacific - Excluding Japan,South Korea,9.75,30/06/2018,GB0003322319
Fidelity Asian Values,Asia Pacific - Excluding Japan,Sri Lanka,2.4,30/06/2018,GB0003322319
Fidelity Asian Values,Asia Pacific - Excluding Japan,Taiwan,7.61,30/06/2018,GB0003322319
Fidelity Asian Values,Asia Pacific - Excluding Japan,Thailand,4.75,30/06/2018,GB0003322319
Fidelity Asian Values,Asia Pacific - Excluding Japan,Netherlands,0.02,30/06/2018,GB0003322319
Fidelity Asian Values,Asia Pacific - Excluding Japan,UK,0.35,30/06/2018,GB0003322319
Fidelity Asian Values,Asia Pacific - Excluding Japan,USA,1.94,30/06/2018,GB0003322319
Fidelity Asian Values,Asia Pacific - Excluding Japan,Cayman Islands,2.44,30/06/2018,GB0003322319
Fidelity Asian Values,Asia Pacific - Excluding Japan,Cash/Cash Equivalent,7.18,30/06/2018,GB0003322319
Fidelity China Special Situations,Country Specialists: Asia Pacific,Australia,0.41,30/06/2018,GB00B62Z3C74
Fidelity China Special Situations,Country Specialists: Asia Pacific,China,30.14,30/06/2018,GB00B62Z3C74
Fidelity China Special Situations,Country Specialists: Asia Pacific,Hong Kong,45.85,30/06/2018,GB00B62Z3C74
Fidelity China Special Situations,Country Specialists: Asia Pacific,Singapore,0.17,30/06/2018,GB00B62Z3C74
Fidelity China Special Situations,Country Specialists: Asia Pacific,Taiwan,1.61,30/06/2018,GB00B62Z3C74
Fidelity China Special Situations,Country Specialists: Asia Pacific,Canada,0.02,30/06/2018,GB00B62Z3C74
Fidelity China Special Situations,Country Specialists: Asia Pacific,USA,21.78,30/06/2018,GB00B62Z3C74
Fidelity China Special Situations,Country Specialists: Asia Pacific,Cash/Cash Equivalent,0.02,30/06/2018,GB00B62Z3C74
Fidelity European Values,Europe,Austria,1.54,30/06/2018,GB00BK1PKQ95
Fidelity European Values,Europe,Belgium,4.18,30/06/2018,GB00BK1PKQ95
Fidelity European Values,Europe,Denmark,3.52,30/06/2018,GB00BK1PKQ95
Fidelity European Values,Europe,Finland,4.58,30/06/2018,GB00BK1PKQ95
Fidelity European Values,Europe,France,25.16,30/06/2018,GB00BK1PKQ95
Fidelity European Values,Europe,Germany,21.41,30/06/2018,GB00BK1PKQ95
Fidelity European Values,Europe,Italy,4.41,30/06/2018,GB00BK1PKQ95
Fidelity European Values,Europe,Netherlands,5.07,30/06/2018,GB00BK1PKQ95
Fidelity European Values,Europe,Norway,4.08,30/06/2018,GB00BK1PKQ95
Fidelity European Values,Europe,Spain,4.31,30/06/2018,GB00BK1PKQ95
Fidelity European Values,Europe,Sweden,1.19,30/06/2018,GB00BK1PKQ95
Fidelity European Values,Europe,Switzerland,13.86,30/06/2018,GB00BK1PKQ95
Fidelity European Values,Europe,UK,5.37,30/06/2018,GB00BK1PKQ95
Fidelity European Values,Europe,Cash/Cash Equivalent,1.32,30/06/2018,GB00BK1PKQ95
Fidelity Japan,Japan,Japan,99.54,30/06/2018,GB0003328555
Fidelity Japan,Japan,Cash/Cash Equivalent,0.46,30/06/2018,GB0003328555
Fidelity Special Values,UK All Companies,Japan,0.36,30/06/2018,GB00BWXC7Y93
Fidelity Special Values,UK All Companies,Singapore,0.2,30/06/2018,GB00BWXC7Y93
Fidelity Special Values,UK All Companies,France,1.34,30/06/2018,GB00BWXC7Y93
Fidelity Special Values,UK All Companies,Germany,0.45,30/06/2018,GB00BWXC7Y93
Fidelity Special Values,UK All Companies,Ireland,12.79,30/06/2018,GB00BWXC7Y93
Fidelity Special Values,UK All Companies,Sweden,0.12,30/06/2018,GB00BWXC7Y93
Fidelity Special Values,UK All Companies,UK,76.89,30/06/2018,GB00BWXC7Y93
Fidelity Special Values,UK All Companies,Canada,0.21,30/06/2018,GB00BWXC7Y93
Fidelity Special Values,UK All Companies,USA,7.4,30/06/2018,GB00BWXC7Y93
Fidelity Special Values,UK All Companies,Cash/Cash Equivalent,0.24,30/06/2018,GB00BWXC7Y93
Finsbury Growth & Income,UK Equity Income,France,2.95,30/06/2018,GB0007816068
Finsbury Growth & Income,UK Equity Income,Netherlands,5.62,30/06/2018,GB0007816068
Finsbury Growth & Income,UK Equity Income,UK,81.27,30/06/2018,GB0007816068
Finsbury Growth & Income,UK Equity Income,USA,9.49,30/06/2018,GB0007816068
Finsbury Growth & Income,UK Equity Income,Cash/Cash Equivalent,0.65,30/06/2018,GB0007816068
Finsbury Growth & Income,UK Equity Income,Fixed Interest,0.02,30/06/2018,GB0007816068
Foreign & Colonial Investment Trust,Global,Nigeria,0.09,30/06/2018,GB0003466074
Foreign & Colonial Investment Trust,Global,South Africa,0.72,30/06/2018,GB0003466074
Foreign & Colonial Investment Trust,Global,Australia,0.46,30/06/2018,GB0003466074
Foreign & Colonial Investment Trust,Global,China,2.95,30/06/2018,GB0003466074
Foreign & Colonial Investment Trust,Global,Hong Kong,0.71,30/06/2018,GB0003466074
Foreign & Colonial Investment Trust,Global,India,1.65,30/06/2018,GB0003466074
Foreign & Colonial Investment Trust,Global,Indonesia,0.79,30/06/2018,GB0003466074
Foreign & Colonial Investment Trust,Global,Japan,9.14,30/06/2018,GB0003466074
Foreign & Colonial Investment Trust,Global,Malaysia,0.49,30/06/2018,GB0003466074
Foreign & Colonial Investment Trust,Global,New Zealand,0.04,30/06/2018,GB0003466074
Foreign & Colonial Investment Trust,Global,Other Asia,0.81,30/06/2018,GB0003466074
Foreign & Colonial Investment Trust,Global,Philippines,0.3,30/06/2018,GB0003466074
Foreign & Colonial Investment Trust,Global,South Korea,0.18,30/06/2018,GB0003466074
Foreign & Colonial Investment Trust,Global,Taiwan,0.39,30/06/2018,GB0003466074
Foreign & Colonial Investment Trust,Global,Thailand,0.21,30/06/2018,GB0003466074
Foreign & Colonial Investment Trust,Global,Russia,0.41,30/06/2018,GB0003466074
Foreign & Colonial Investment Trust,Global,Turkey,0.14,30/06/2018,GB0003466074
Foreign & Colonial Investment Trust,Global,Austria,0.34,30/06/2018,GB0003466074
Foreign & Colonial Investment Trust,Global,Denmark,0.7,30/06/2018,GB0003466074
Foreign & Colonial Investment Trust,Global,France,1.54,30/06/2018,GB0003466074
Foreign & Colonial Investment Trust,Global,Germany,4.27,30/06/2018,GB0003466074
Foreign & Colonial Investment Trust,Global,Ireland,5.88,30/06/2018,GB0003466074
Foreign & Colonial Investment Trust,Global,Italy,0.68,30/06/2018,GB0003466074
Foreign & Colonial Investment Trust,Global,Luxembourg,2.81,30/06/2018,GB0003466074
Foreign & Colonial Investment Trust,Global,Netherlands,1.64,30/06/2018,GB0003466074
Foreign & Colonial Investment Trust,Global,Norway,0.81,30/06/2018,GB0003466074
Foreign & Colonial Investment Trust,Global,Other Investment Cos,0.98,30/06/2018,GB0003466074
Foreign & Colonial Investment Trust,Global,Spain,0.84,30/06/2018,GB0003466074
Foreign & Colonial Investment Trust,Global,Sweden,0.63,30/06/2018,GB0003466074
Foreign & Colonial Investment Trust,Global,Switzerland,1.41,30/06/2018,GB0003466074
Foreign & Colonial Investment Trust,Global,UK,11.15,30/06/2018,GB0003466074
Foreign & Colonial Investment Trust,Global,Brazil,0.08,30/06/2018,GB0003466074
Foreign & Colonial Investment Trust,Global,Chile,0.08,30/06/2018,GB0003466074
Foreign & Colonial Investment Trust,Global,Mexico,1,30/06/2018,GB0003466074
Foreign & Colonial Investment Trust,Global,Other Latin America,0.41,30/06/2018,GB0003466074
Foreign & Colonial Investment Trust,Global,Peru,0.24,30/06/2018,GB0003466074
Foreign & Colonial Investment Trust,Global,Egypt,0.47,30/06/2018,GB0003466074
Foreign & Colonial Investment Trust,Global,Israel,0.16,30/06/2018,GB0003466074
Foreign & Colonial Investment Trust,Global,Canada,0.28,30/06/2018,GB0003466074
Foreign & Colonial Investment Trust,Global,USA,41.9,30/06/2018,GB0003466074
Foreign & Colonial Investment Trust,Global,Cash/Cash Equivalent,2.22,30/06/2018,GB0003466074
Foresight 4 VCT,VCT Generalist,Not reported,,,
Foresight Solar Fund,Sector Specialist: Infrastructure - Renewable Energy,Not reported,,,
Foresight VCT,VCT Generalist,Not reported,,,
Forest Company,Sector Specialist: Forestry & Timber,Not reported,,,
Funding Circle SME Income Fund,Sector Specialist: Debt,Not reported,,,
Fundsmith Emerging Equities,Global Emerging Markets,Ghana,0.76,30/06/2018,GB00BLSNND18
Fundsmith Emerging Equities,Global Emerging Markets,Kenya,1.43,30/06/2018,GB00BLSNND18
Fundsmith Emerging Equities,Global Emerging Markets,Nigeria,3.23,30/06/2018,GB00BLSNND18
Fundsmith Emerging Equities,Global Emerging Markets,South Africa,4.18,30/06/2018,GB00BLSNND18
Fundsmith Emerging Equities,Global Emerging Markets,Bangladesh,2.42,30/06/2018,GB00BLSNND18
Fundsmith Emerging Equities,Global Emerging Markets,China,4.17,30/06/2018,GB00BLSNND18
Fundsmith Emerging Equities,Global Emerging Markets,Hong Kong,10.71,30/06/2018,GB00BLSNND18
Fundsmith Emerging Equities,Global Emerging Markets,India,41.04,30/06/2018,GB00BLSNND18
Fundsmith Emerging Equities,Global Emerging Markets,Indonesia,4.74,30/06/2018,GB00BLSNND18
Fundsmith Emerging Equities,Global Emerging Markets,Pakistan,1.16,30/06/2018,GB00BLSNND18
Fundsmith Emerging Equities,Global Emerging Markets,Philippines,3.13,30/06/2018,GB00BLSNND18
Fundsmith Emerging Equities,Global Emerging Markets,Sri Lanka,1.81,30/06/2018,GB00BLSNND18
Fundsmith Emerging Equities,Global Emerging Markets,Vietnam,2.93,30/06/2018,GB00BLSNND18
Fundsmith Emerging Equities,Global Emerging Markets,Turkey,1.25,30/06/2018,GB00BLSNND18
Fundsmith Emerging Equities,Global Emerging Markets,UK,4,30/06/2018,GB00BLSNND18
Fundsmith Emerging Equities,Global Emerging Markets,Brazil,3.64,30/06/2018,GB00BLSNND18
Fundsmith Emerging Equities,Global Emerging Markets,Mexico,2.19,30/06/2018,GB00BLSNND18
Fundsmith Emerging Equities,Global Emerging Markets,Egypt,5.11,30/06/2018,GB00BLSNND18
Fundsmith Emerging Equities,Global Emerging Markets,USA,1.76,30/06/2018,GB00BLSNND18
Fundsmith Emerging Equities,Global Emerging Markets,Cash/Cash Equivalent,0.34,30/06/2018,GB00BLSNND18
Gabelli Merger Plus+,North America,Not reported,,,
Gabelli Value Plus+,North America,USA,97.4,30/06/2018,GB00BTLJYS47
Gabelli Value Plus+,North America,Cash/Cash Equivalent,2.6,30/06/2018,GB00BTLJYS47
GCP Asset Backed Income,Sector Specialist: Debt,Not reported,,,
GCP Infrastructure Investments,Sector Specialist: Infrastructure,Not reported,,,
GCP Student Living,Property Specialist,Not reported,,,
Geiger Counter,Sector Specialist: Commodities & Natural Resources,Other African,5.84,30/06/2018,GB00B15FW330
Geiger Counter,Sector Specialist: Commodities & Natural Resources,Australia,9.12,30/06/2018,GB00B15FW330
Geiger Counter,Sector Specialist: Commodities & Natural Resources,Hong Kong,1.75,30/06/2018,GB00B15FW330
Geiger Counter,Sector Specialist: Commodities & Natural Resources,UK,0.7,30/06/2018,GB00B15FW330
Geiger Counter,Sector Specialist: Commodities & Natural Resources,Canada,61.75,30/06/2018,GB00B15FW330
Geiger Counter,Sector Specialist: Commodities & Natural Resources,USA,20.84,30/06/2018,GB00B15FW330
Genesis Emerging Markets,Global Emerging Markets,Not reported,,,
Greencoat Renewables,Sector Specialist: Infrastructure - Renewable Energy,Not reported,,,
Greencoat UK Wind,Sector Specialist: Infrastructure - Renewable Energy,Not reported,,,
Gresham House Strategic,UK Smaller Companies,UK,94,30/06/2018,GB00BYRH4982
Gresham House Strategic,UK Smaller Companies,Cash/Cash Equivalent,6,30/06/2018,GB00BYRH4982
Gresham House Strategic,UK Smaller Companies,Fixed Interest,0,30/06/2018,GB00BYRH4982
Gulf Investment,Country Specialists: Other,Other European,0.02,30/06/2018,IM00B1Z40704
Gulf Investment,Country Specialists: Other,Kuwait,9.15,30/06/2018,IM00B1Z40704
Gulf Investment,Country Specialists: Other,Other Middle East,36.19,30/06/2018,IM00B1Z40704
Gulf Investment,Country Specialists: Other,Saudi Arabia,39.31,30/06/2018,IM00B1Z40704
Gulf Investment,Country Specialists: Other,United Arab Emirates,10.85,30/06/2018,IM00B1Z40704
Gulf Investment,Country Specialists: Other,Cash/Cash Equivalent,4.48,30/06/2018,IM00B1Z40704
Hadrian's Wall Secured Investments,Sector Specialist: Debt,Not reported,,,
Hadrian's Wall Secured Investments C shares,Sector Specialist: Debt,Not reported,,,
Hansa Trust (A Ord),Flexible Investment,Not reported,,,
Hansa Trust (Ord),Flexible Investment,Africa Regional,0.4,30/06/2018,GB0007879728
Hansa Trust (Ord),Flexible Investment,Asia exc Japan,7.59,30/06/2018,GB0007879728
Hansa Trust (Ord),Flexible Investment,Japan,8.02,30/06/2018,GB0007879728
Hansa Trust (Ord),Flexible Investment,European Emerging,0.45,30/06/2018,GB0007879728
Hansa Trust (Ord),Flexible Investment,European Developed,10.54,30/06/2018,GB0007879728
Hansa Trust (Ord),Flexible Investment,Other Investment Cos,28.27,30/06/2018,GB0007879728
Hansa Trust (Ord),Flexible Investment,UK,8.79,30/06/2018,GB0007879728
Hansa Trust (Ord),Flexible Investment,Middle East Region,0.99,30/06/2018,GB0007879728
Hansa Trust (Ord),Flexible Investment,USA,32.91,30/06/2018,GB0007879728
Hansa Trust (Ord),Flexible Investment,Latin America Region,0.67,30/06/2018,GB0007879728
Hansa Trust (Ord),Flexible Investment,Cash/Cash Equivalent,1.37,30/06/2018,GB0007879728
Hansa Trust (Ord),Flexible Investment,Fixed Interest,0,30/06/2018,GB0007879728
HarbourVest Global Private Equity,Private Equity,Not reported,,,
Hargreave Hale AIM VCT 1,VCT AIM Quoted,Not reported,,,
Hazel Renewable Energy VCT 1,VCT Specialist: Environmental,Not reported,,,
Hazel Renewable Energy VCT 2,VCT Specialist: Environmental,Not reported,,,
Henderson Alternative Strategies,Flexible Investment,Russia,3.54,30/06/2018,GB0001216000
Henderson Alternative Strategies,Flexible Investment,France,5.14,30/06/2018,GB0001216000
Henderson Alternative Strategies,Flexible Investment,Guernsey,17.96,30/06/2018,GB0001216000
Henderson Alternative Strategies,Flexible Investment,Ireland,4.11,30/06/2018,GB0001216000
Henderson Alternative Strategies,Flexible Investment,Luxembourg,12.35,30/06/2018,GB0001216000
Henderson Alternative Strategies,Flexible Investment,Other European,0.07,30/06/2018,GB0001216000
Henderson Alternative Strategies,Flexible Investment,Switzerland,1.44,30/06/2018,GB0001216000
Henderson Alternative Strategies,Flexible Investment,UK,31.32,30/06/2018,GB0001216000
Henderson Alternative Strategies,Flexible Investment,USA,11.25,30/06/2018,GB0001216000
Henderson Alternative Strategies,Flexible Investment,Cayman Islands,11.34,30/06/2018,GB0001216000
Henderson Alternative Strategies,Flexible Investment,Cash/Cash Equivalent,1.48,30/06/2018,GB0001216000
Henderson Diversified Income,Global High Income,UK,2.05,30/06/2018,GB00BF03YC36
Henderson Diversified Income,Global High Income,Cash/Cash Equivalent,5.97,30/06/2018,GB00BF03YC36
Henderson Diversified Income,Global High Income,Fixed Interest,91.98,30/06/2018,GB00BF03YC36
Henderson European Focus,Europe,Austria,1.18,30/06/2018,GB0005268858
Henderson European Focus,Europe,Belgium,4.05,30/06/2018,GB0005268858
Henderson European Focus,Europe,Denmark,7.11,30/06/2018,GB0005268858
Henderson European Focus,Europe,Finland,5.27,30/06/2018,GB0005268858
Henderson European Focus,Europe,France,8.69,30/06/2018,GB0005268858
Henderson European Focus,Europe,Germany,16.28,30/06/2018,GB0005268858
Henderson European Focus,Europe,Ireland,4.61,30/06/2018,GB0005268858
Henderson European Focus,Europe,Italy,6.25,30/06/2018,GB0005268858
Henderson European Focus,Europe,Netherlands,9.35,30/06/2018,GB0005268858
Henderson European Focus,Europe,Norway,4.17,30/06/2018,GB0005268858
Henderson European Focus,Europe,Portugal,3.24,30/06/2018,GB0005268858
Henderson European Focus,Europe,Spain,3.21,30/06/2018,GB0005268858
Henderson European Focus,Europe,Sweden,11.18,30/06/2018,GB0005268858
Henderson European Focus,Europe,Switzerland,10.6,30/06/2018,GB0005268858
Henderson European Focus,Europe,UK,4.81,30/06/2018,GB0005268858
Henderson European Focus,Europe,Cash/Cash Equivalent,0,30/06/2018,GB0005268858
Henderson European Focus,Europe,Fixed Interest,0,30/06/2018,GB0005268858
Henderson EuroTrust,Europe,Austria,1.25,30/06/2018,GB0004199294
Henderson EuroTrust,Europe,Belgium,1.19,30/06/2018,GB0004199294
Henderson EuroTrust,Europe,Denmark,6.16,30/06/2018,GB0004199294
Henderson EuroTrust,Europe,France,22.81,30/06/2018,GB0004199294
Henderson EuroTrust,Europe,Germany,25.51,30/06/2018,GB0004199294
Henderson EuroTrust,Europe,Netherlands,9.98,30/06/2018,GB0004199294
Henderson EuroTrust,Europe,Norway,3.02,30/06/2018,GB0004199294
Henderson EuroTrust,Europe,Spain,5.45,30/06/2018,GB0004199294
Henderson EuroTrust,Europe,Sweden,3.4,30/06/2018,GB0004199294
Henderson EuroTrust,Europe,Switzerland,17.23,30/06/2018,GB0004199294
Henderson EuroTrust,Europe,Cash/Cash Equivalent,4,30/06/2018,GB0004199294
Henderson Far East Income,Asia Pacific - Excluding Japan,Australia,13.81,30/06/2018,JE00B1GXH751
Henderson Far East Income,Asia Pacific - Excluding Japan,China,29.04,30/06/2018,JE00B1GXH751
Henderson Far East Income,Asia Pacific - Excluding Japan,Hong Kong,4.43,30/06/2018,JE00B1GXH751
Henderson Far East Income,Asia Pacific - Excluding Japan,Indonesia,2.01,30/06/2018,JE00B1GXH751
Henderson Far East Income,Asia Pacific - Excluding Japan,Malaysia,2.19,30/06/2018,JE00B1GXH751
Henderson Far East Income,Asia Pacific - Excluding Japan,New Zealand,2.07,30/06/2018,JE00B1GXH751
Henderson Far East Income,Asia Pacific - Excluding Japan,Singapore,8.02,30/06/2018,JE00B1GXH751
Henderson Far East Income,Asia Pacific - Excluding Japan,South Korea,12.83,30/06/2018,JE00B1GXH751
Henderson Far East Income,Asia Pacific - Excluding Japan,Taiwan,9.05,30/06/2018,JE00B1GXH751
Henderson Far East Income,Asia Pacific - Excluding Japan,Thailand,7.64,30/06/2018,JE00B1GXH751
Henderson Far East Income,Asia Pacific - Excluding Japan,UK,7.39,30/06/2018,JE00B1GXH751
Henderson Far East Income,Asia Pacific - Excluding Japan,Cash/Cash Equivalent,1.52,30/06/2018,JE00B1GXH751
Henderson High Income,UK Equity & Bond Income,Germany,0.78,30/06/2018,GB0009580571
Henderson High Income,UK Equity & Bond Income,Ireland,2.2,30/06/2018,GB0009580571
Henderson High Income,UK Equity & Bond Income,Netherlands,2.98,30/06/2018,GB0009580571
Henderson High Income,UK Equity & Bond Income,Sweden,0.55,30/06/2018,GB0009580571
Henderson High Income,UK Equity & Bond Income,Switzerland,0.89,30/06/2018,GB0009580571
Henderson High Income,UK Equity & Bond Income,UK,82.09,30/06/2018,GB0009580571
Henderson High Income,UK Equity & Bond Income,Cash/Cash Equivalent,1.09,30/06/2018,GB0009580571
Henderson High Income,UK Equity & Bond Income,Fixed Interest,9.42,30/06/2018,GB0009580571
Henderson International Income,Global Equity Income,Australia,3.81,30/06/2018,GB00B3PHCS86
Henderson International Income,Global Equity Income,China,7.41,30/06/2018,GB00B3PHCS86
Henderson International Income,Global Equity Income,Hong Kong,1.2,30/06/2018,GB00B3PHCS86
Henderson International Income,Global Equity Income,Japan,1.2,30/06/2018,GB00B3PHCS86
Henderson International Income,Global Equity Income,Malaysia,1.3,30/06/2018,GB00B3PHCS86
Henderson International Income,Global Equity Income,New Zealand,1.13,30/06/2018,GB00B3PHCS86
Henderson International Income,Global Equity Income,Singapore,0.86,30/06/2018,GB00B3PHCS86
Henderson International Income,Global Equity Income,South Korea,2.43,30/06/2018,GB00B3PHCS86
Henderson International Income,Global Equity Income,Taiwan,4.06,30/06/2018,GB00B3PHCS86
Henderson International Income,Global Equity Income,Denmark,0.71,30/06/2018,GB00B3PHCS86
Henderson International Income,Global Equity Income,Finland,1.46,30/06/2018,GB00B3PHCS86
Henderson International Income,Global Equity Income,France,7.54,30/06/2018,GB00B3PHCS86
Henderson International Income,Global Equity Income,Germany,8.1,30/06/2018,GB00B3PHCS86
Henderson International Income,Global Equity Income,Italy,2.39,30/06/2018,GB00B3PHCS86
Henderson International Income,Global Equity Income,Netherlands,4.71,30/06/2018,GB00B3PHCS86
Henderson International Income,Global Equity Income,Norway,1.03,30/06/2018,GB00B3PHCS86
Henderson International Income,Global Equity Income,Spain,0.92,30/06/2018,GB00B3PHCS86
Henderson International Income,Global Equity Income,Sweden,3.84,30/06/2018,GB00B3PHCS86
Henderson International Income,Global Equity Income,Switzerland,8.2,30/06/2018,GB00B3PHCS86
Henderson International Income,Global Equity Income,Canada,2.88,30/06/2018,GB00B3PHCS86
Henderson International Income,Global Equity Income,USA,32.33,30/06/2018,GB00B3PHCS86
Henderson International Income,Global Equity Income,Cash/Cash Equivalent,2.49,30/06/2018,GB00B3PHCS86
Henderson International Income,Global Equity Income,Fixed Interest,0,30/06/2018,GB00B3PHCS86
Henderson Opportunities,UK All Companies,UK,96.59,30/06/2018,GB0008536574
Henderson Opportunities,UK All Companies,Cash/Cash Equivalent,3.41,30/06/2018,GB0008536574
Henderson Opportunities,UK All Companies,Fixed Interest,0,30/06/2018,GB0008536574
Henderson Smaller Companies,UK Smaller Companies,UK,100.76,30/06/2018,GB0009065060
Henderson Smaller Companies,UK Smaller Companies,Cash/Cash Equivalent,-0.76,30/06/2018,GB0009065060
Herald,"Sector Specialist: Small Media, Comms & IT Cos",Australia,0.71,30/06/2018,GB0004228648
Herald,"Sector Specialist: Small Media, Comms & IT Cos",China,1.58,30/06/2018,GB0004228648
Herald,"Sector Specialist: Small Media, Comms & IT Cos",Hong Kong,0.04,30/06/2018,GB0004228648
Herald,"Sector Specialist: Small Media, Comms & IT Cos",South Korea,1.25,30/06/2018,GB0004228648
Herald,"Sector Specialist: Small Media, Comms & IT Cos",Taiwan,1.61,30/06/2018,GB0004228648
Herald,"Sector Specialist: Small Media, Comms & IT Cos",Belgium,0.31,30/06/2018,GB0004228648
Herald,"Sector Specialist: Small Media, Comms & IT Cos",Finland,0.08,30/06/2018,GB0004228648
Herald,"Sector Specialist: Small Media, Comms & IT Cos",France,1.87,30/06/2018,GB0004228648
Herald,"Sector Specialist: Small Media, Comms & IT Cos",Germany,0.86,30/06/2018,GB0004228648
Herald,"Sector Specialist: Small Media, Comms & IT Cos",Ireland,0.18,30/06/2018,GB0004228648
Herald,"Sector Specialist: Small Media, Comms & IT Cos",Netherlands,0.98,30/06/2018,GB0004228648
Herald,"Sector Specialist: Small Media, Comms & IT Cos",Norway,1.18,30/06/2018,GB0004228648
Herald,"Sector Specialist: Small Media, Comms & IT Cos",Sweden,0.1,30/06/2018,GB0004228648
Herald,"Sector Specialist: Small Media, Comms & IT Cos",UK,56.43,30/06/2018,GB0004228648
Herald,"Sector Specialist: Small Media, Comms & IT Cos",Canada,0.56,30/06/2018,GB0004228648
Herald,"Sector Specialist: Small Media, Comms & IT Cos",USA,22.38,30/06/2018,GB0004228648
Herald,"Sector Specialist: Small Media, Comms & IT Cos",Cash/Cash Equivalent,6.99,30/06/2018,GB0004228648
Herald,"Sector Specialist: Small Media, Comms & IT Cos",Fixed Interest,2.89,30/06/2018,GB0004228648
HgCapital,Private Equity,Not reported,,,
HICL Infrastructure,Sector Specialist: Infrastructure,Not reported,,,
Highbridge Multi-Strategy,Hedge Funds,Not reported,,,
ICG Enterprise,Private Equity,Not reported,,,
ICG-Longbow Senior Secured UK Property Debt Inv,Sector Specialist: Debt,Not reported,,,
Impact Healthcare REIT,Property Specialist,Not reported,,,
Impax Environmental Markets,Sector Specialist: Environmental,Australia,3,30/06/2018,GB0031232498
Impax Environmental Markets,Sector Specialist: Environmental,Hong Kong,7,30/06/2018,GB0031232498
Impax Environmental Markets,Sector Specialist: Environmental,India,1,30/06/2018,GB0031232498
Impax Environmental Markets,Sector Specialist: Environmental,Japan,3,30/06/2018,GB0031232498
Impax Environmental Markets,Sector Specialist: Environmental,South Korea,2,30/06/2018,GB0031232498
Impax Environmental Markets,Sector Specialist: Environmental,Taiwan,2,30/06/2018,GB0031232498
Impax Environmental Markets,Sector Specialist: Environmental,Thailand,1,30/06/2018,GB0031232498
Impax Environmental Markets,Sector Specialist: Environmental,Austria,2,30/06/2018,GB0031232498
Impax Environmental Markets,Sector Specialist: Environmental,Belgium,2,30/06/2018,GB0031232498
Impax Environmental Markets,Sector Specialist: Environmental,Denmark,1,30/06/2018,GB0031232498
Impax Environmental Markets,Sector Specialist: Environmental,Finland,1,30/06/2018,GB0031232498
Impax Environmental Markets,Sector Specialist: Environmental,France,4,30/06/2018,GB0031232498
Impax Environmental Markets,Sector Specialist: Environmental,Germany,1,30/06/2018,GB0031232498
Impax Environmental Markets,Sector Specialist: Environmental,Ireland,1,30/06/2018,GB0031232498
Impax Environmental Markets,Sector Specialist: Environmental,Netherlands,5,30/06/2018,GB0031232498
Impax Environmental Markets,Sector Specialist: Environmental,Norway,3,30/06/2018,GB0031232498
Impax Environmental Markets,Sector Specialist: Environmental,Portugal,3,30/06/2018,GB0031232498
Impax Environmental Markets,Sector Specialist: Environmental,Sweden,2,30/06/2018,GB0031232498
Impax Environmental Markets,Sector Specialist: Environmental,Switzerland,2,30/06/2018,GB0031232498
Impax Environmental Markets,Sector Specialist: Environmental,UK,8,30/06/2018,GB0031232498
Impax Environmental Markets,Sector Specialist: Environmental,USA,45,30/06/2018,GB0031232498
Impax Environmental Markets,Sector Specialist: Environmental,Cash/Cash Equivalent,1,30/06/2018,GB0031232498
Independent Investment Trust,Global,Australia,3,30/06/2018,GB0000811686
Independent Investment Trust,Global,Ireland,1,30/06/2018,GB0000811686
Independent Investment Trust,Global,UK,93,30/06/2018,GB0000811686
Independent Investment Trust,Global,USA,2,30/06/2018,GB0000811686
Independent Investment Trust,Global,Cash/Cash Equivalent,1,30/06/2018,GB0000811686
Independent Investment Trust,Global,Fixed Interest,0,30/06/2018,GB0000811686
India Capital Growth,Country Specialists: Asia Pacific,Not reported,,,
International Biotechnology,Sector Specialist: Biotechnology & Healthcare,Denmark,3.58,30/06/2018,GB0004559349
International Biotechnology,Sector Specialist: Biotechnology & Healthcare,France,0.99,30/06/2018,GB0004559349
International Biotechnology,Sector Specialist: Biotechnology & Healthcare,Germany,4.31,30/06/2018,GB0004559349
International Biotechnology,Sector Specialist: Biotechnology & Healthcare,Ireland,0.87,30/06/2018,GB0004559349
International Biotechnology,Sector Specialist: Biotechnology & Healthcare,Netherlands,0.53,30/06/2018,GB0004559349
International Biotechnology,Sector Specialist: Biotechnology & Healthcare,UK,4.29,30/06/2018,GB0004559349
International Biotechnology,Sector Specialist: Biotechnology & Healthcare,USA,86.62,30/06/2018,GB0004559349
International Biotechnology,Sector Specialist: Biotechnology & Healthcare,Cash/Cash Equivalent,-1.19,30/06/2018,GB0004559349
International Public Partnerships,Sector Specialist: Infrastructure,Not reported,,,
Invesco Asia,Asia Pacific - Excluding Japan,Australia,1.51,30/06/2018,GB0004535307
Invesco Asia,Asia Pacific - Excluding Japan,China,25.7,30/06/2018,GB0004535307
Invesco Asia,Asia Pacific - Excluding Japan,Hong Kong,15.69,30/06/2018,GB0004535307
Invesco Asia,Asia Pacific - Excluding Japan,India,14.25,30/06/2018,GB0004535307
Invesco Asia,Asia Pacific - Excluding Japan,Indonesia,0.88,30/06/2018,GB0004535307
Invesco Asia,Asia Pacific - Excluding Japan,Japan,1.83,30/06/2018,GB0004535307
Invesco Asia,Asia Pacific - Excluding Japan,Malaysia,1.04,30/06/2018,GB0004535307
Invesco Asia,Asia Pacific - Excluding Japan,Philippines,1.03,30/06/2018,GB0004535307
Invesco Asia,Asia Pacific - Excluding Japan,Singapore,2.24,30/06/2018,GB0004535307
Invesco Asia,Asia Pacific - Excluding Japan,South Korea,17.82,30/06/2018,GB0004535307
Invesco Asia,Asia Pacific - Excluding Japan,Taiwan,12.58,30/06/2018,GB0004535307
Invesco Asia,Asia Pacific - Excluding Japan,Thailand,1.99,30/06/2018,GB0004535307
Invesco Asia,Asia Pacific - Excluding Japan,Cash/Cash Equivalent,3.44,30/06/2018,GB0004535307
Invesco Asia,Asia Pacific - Excluding Japan,Fixed Interest,0,30/06/2018,GB0004535307
Invesco Income Growth,UK Equity Income,UK,98.79,30/06/2018,GB0003585725
Invesco Income Growth,UK Equity Income,Cash/Cash Equivalent,0.48,30/06/2018,GB0003585725
Invesco Income Growth,UK Equity Income,Fixed Interest,0.73,30/06/2018,GB0003585725
Invesco Perpetual Enhanced Income,Global High Income,France,0.33,30/06/2018,GB00B05NYM32
Invesco Perpetual Enhanced Income,Global High Income,UK,1.18,30/06/2018,GB00B05NYM32
Invesco Perpetual Enhanced Income,Global High Income,USA,0.02,30/06/2018,GB00B05NYM32
Invesco Perpetual Enhanced Income,Global High Income,Cash/Cash Equivalent,1.92,30/06/2018,GB00B05NYM32
Invesco Perpetual Enhanced Income,Global High Income,Fixed Interest,96.55,30/06/2018,GB00B05NYM32
Invesco Perpetual Select Balanced Risk Allocation,Flexible Investment,Ireland,12.48,30/06/2018,GB00B1DQ6696
Invesco Perpetual Select Balanced Risk Allocation,Flexible Investment,Cayman Islands,0.22,30/06/2018,GB00B1DQ6696
Invesco Perpetual Select Balanced Risk Allocation,Flexible Investment,Cash/Cash Equivalent,11.5,30/06/2018,GB00B1DQ6696
Invesco Perpetual Select Balanced Risk Allocation,Flexible Investment,Fixed Interest,75.8,30/06/2018,GB00B1DQ6696
Invesco Perpetual Select Global Equity Income,Global Equity Income,Australia,1.47,30/06/2018,GB00B1DQ6472
Invesco Perpetual Select Global Equity Income,Global Equity Income,Hong Kong,1.72,30/06/2018,GB00B1DQ6472
Invesco Perpetual Select Global Equity Income,Global Equity Income,Japan,3.27,30/06/2018,GB00B1DQ6472
Invesco Perpetual Select Global Equity Income,Global Equity Income,South Korea,1.31,30/06/2018,GB00B1DQ6472
Invesco Perpetual Select Global Equity Income,Global Equity Income,Taiwan,2.19,30/06/2018,GB00B1DQ6472
Invesco Perpetual Select Global Equity Income,Global Equity Income,France,8.44,30/06/2018,GB00B1DQ6472
Invesco Perpetual Select Global Equity Income,Global Equity Income,Germany,5.66,30/06/2018,GB00B1DQ6472
Invesco Perpetual Select Global Equity Income,Global Equity Income,Italy,1.98,30/06/2018,GB00B1DQ6472
Invesco Perpetual Select Global Equity Income,Global Equity Income,Netherlands,7.14,30/06/2018,GB00B1DQ6472
Invesco Perpetual Select Global Equity Income,Global Equity Income,Norway,2.75,30/06/2018,GB00B1DQ6472
Invesco Perpetual Select Global Equity Income,Global Equity Income,Spain,2.26,30/06/2018,GB00B1DQ6472
Invesco Perpetual Select Global Equity Income,Global Equity Income,Switzerland,7.14,30/06/2018,GB00B1DQ6472
Invesco Perpetual Select Global Equity Income,Global Equity Income,UK,17.88,30/06/2018,GB00B1DQ6472
Invesco Perpetual Select Global Equity Income,Global Equity Income,Brazil,0.89,30/06/2018,GB00B1DQ6472
Invesco Perpetual Select Global Equity Income,Global Equity Income,Canada,2.42,30/06/2018,GB00B1DQ6472
Invesco Perpetual Select Global Equity Income,Global Equity Income,USA,32.57,30/06/2018,GB00B1DQ6472
Invesco Perpetual Select Global Equity Income,Global Equity Income,Cash/Cash Equivalent,0.91,30/06/2018,GB00B1DQ6472
Invesco Perpetual Select Global Equity Income,Global Equity Income,Fixed Interest,0,30/06/2018,GB00B1DQ6472
Invesco Perpetual Select Managed Liquidity,Sector Specialist: Liquidity Funds,Ireland,3.91,30/06/2018,GB00B1DQ6704
Invesco Perpetual Select Managed Liquidity,Sector Specialist: Liquidity Funds,UK,96.7,30/06/2018,GB00B1DQ6704
Invesco Perpetual Select Managed Liquidity,Sector Specialist: Liquidity Funds,Cash/Cash Equivalent,-0.61,30/06/2018,GB00B1DQ6704
Invesco Perpetual Select UK Equity,UK All Companies,Ireland,2.71,30/06/2018,GB00B1DPVL60
Invesco Perpetual Select UK Equity,UK All Companies,UK,95.54,30/06/2018,GB00B1DPVL60
Invesco Perpetual Select UK Equity,UK All Companies,Canada,2.03,30/06/2018,GB00B1DPVL60
Invesco Perpetual Select UK Equity,UK All Companies,USA,0.95,30/06/2018,GB00B1DPVL60
Invesco Perpetual Select UK Equity,UK All Companies,Cash/Cash Equivalent,-1.23,30/06/2018,GB00B1DPVL60
Invesco Perpetual Select UK Equity,UK All Companies,Fixed Interest,0,30/06/2018,GB00B1DPVL60
Invesco Perpetual UK Smaller Companies,UK Smaller Companies,UK,100.05,30/06/2018,GB00B1FL3C76
Invesco Perpetual UK Smaller Companies,UK Smaller Companies,Cash/Cash Equivalent,-0.05,30/06/2018,GB00B1FL3C76
Investment Company,UK Equity Income,Australia,0.01,30/06/2018,GB0004658257
Investment Company,UK Equity Income,UK,68.98,30/06/2018,GB0004658257
Investment Company,UK Equity Income,Cash/Cash Equivalent,5.68,30/06/2018,GB0004658257
Investment Company,UK Equity Income,Fixed Interest,25.33,30/06/2018,GB0004658257
John Laing Environmental Assets Group,Sector Specialist: Infrastructure - Renewable Energy,Not reported,,,
John Laing Infrastructure,Sector Specialist: Infrastructure,Not reported,,,
JPEL Private Equity,Private Equity,Not reported,,,
JPMorgan American,North America,USA,99.4,30/06/2018,GB00BKZGVH64
JPMorgan American,North America,Cash/Cash Equivalent,0.6,30/06/2018,GB00BKZGVH64
JPMorgan Asian,Asia Pacific - Excluding Japan,China,35.1,30/06/2018,GB0001320778
JPMorgan Asian,Asia Pacific - Excluding Japan,Hong Kong,12.8,30/06/2018,GB0001320778
JPMorgan Asian,Asia Pacific - Excluding Japan,India,7.3,30/06/2018,GB0001320778
JPMorgan Asian,Asia Pacific - Excluding Japan,Indonesia,4.6,30/06/2018,GB0001320778
JPMorgan Asian,Asia Pacific - Excluding Japan,Philippines,1,30/06/2018,GB0001320778
JPMorgan Asian,Asia Pacific - Excluding Japan,Singapore,3.5,30/06/2018,GB0001320778
JPMorgan Asian,Asia Pacific - Excluding Japan,South Korea,16.8,30/06/2018,GB0001320778
JPMorgan Asian,Asia Pacific - Excluding Japan,Taiwan,12.4,30/06/2018,GB0001320778
JPMorgan Asian,Asia Pacific - Excluding Japan,Thailand,3.1,30/06/2018,GB0001320778
JPMorgan Asian,Asia Pacific - Excluding Japan,Vietnam,2.1,30/06/2018,GB0001320778
JPMorgan Asian,Asia Pacific - Excluding Japan,Cash/Cash Equivalent,1.3,30/06/2018,GB0001320778
JPMorgan Asian,Asia Pacific - Excluding Japan,Fixed Interest,0,30/06/2018,GB0001320778
JPMorgan Brazil,Country Specialists: Latin America,Brazil,98.3,30/06/2018,GB00B602HS43
JPMorgan Brazil,Country Specialists: Latin America,Cash/Cash Equivalent,1.7,30/06/2018,GB00B602HS43
JPMorgan Brazil,Country Specialists: Latin America,Fixed Interest,0,30/06/2018,GB00B602HS43
JPMorgan Chinese,Country Specialists: Asia Pacific,China,96.8,30/06/2018,GB0003435012
JPMorgan Chinese,Country Specialists: Asia Pacific,Hong Kong,1.5,30/06/2018,GB0003435012
JPMorgan Chinese,Country Specialists: Asia Pacific,Taiwan,1.5,30/06/2018,GB0003435012
JPMorgan Chinese,Country Specialists: Asia Pacific,Cash/Cash Equivalent,0.2,30/06/2018,GB0003435012
JPMorgan Chinese,Country Specialists: Asia Pacific,Fixed Interest,0,30/06/2018,GB0003435012
JPMorgan Claverhouse,UK Equity Income,UK,97.8,30/06/2018,GB0003422184
JPMorgan Claverhouse,UK Equity Income,Cash/Cash Equivalent,2.2,30/06/2018,GB0003422184
JPMorgan Claverhouse,UK Equity Income,Fixed Interest,0,30/06/2018,GB0003422184
JPMorgan Elect Managed Cash,Sector Specialist: Liquidity Funds,Cash/Cash Equivalent,100,30/06/2018,GB0034080092
JPMorgan Elect Managed Cash,Sector Specialist: Liquidity Funds,Fixed Interest,0,30/06/2018,GB0034080092
JPMorgan Elect Managed Growth,Global,Far East & Pacific Region,4.6,30/06/2018,GB0008528142
JPMorgan Elect Managed Growth,Global,Japan,7.3,30/06/2018,GB0008528142
JPMorgan Elect Managed Growth,Global,European Emerging,1.8,30/06/2018,GB0008528142
JPMorgan Elect Managed Growth,Global,European Developed,7.3,30/06/2018,GB0008528142
JPMorgan Elect Managed Growth,Global,UK,46.5,30/06/2018,GB0008528142
JPMorgan Elect Managed Growth,Global,USA,24.5,30/06/2018,GB0008528142
JPMorgan Elect Managed Growth,Global,Cash/Cash Equivalent,8,30/06/2018,GB0008528142
JPMorgan Elect Managed Income,UK Equity Income,UK,92,30/06/2018,GB0034080217
JPMorgan Elect Managed Income,UK Equity Income,Cash/Cash Equivalent,5.1,30/06/2018,GB0034080217
JPMorgan Elect Managed Income,UK Equity Income,Fixed Interest,2.9,30/06/2018,GB0034080217
JPMorgan Emerging Markets,Global Emerging Markets,South Africa,11.7,30/06/2018,GB0003418950
JPMorgan Emerging Markets,Global Emerging Markets,China,28.4,30/06/2018,GB0003418950
JPMorgan Emerging Markets,Global Emerging Markets,India,21.9,30/06/2018,GB0003418950
JPMorgan Emerging Markets,Global Emerging Markets,Indonesia,4,30/06/2018,GB0003418950
JPMorgan Emerging Markets,Global Emerging Markets,Philippines,0.4,30/06/2018,GB0003418950
JPMorgan Emerging Markets,Global Emerging Markets,South Korea,0.7,30/06/2018,GB0003418950
JPMorgan Emerging Markets,Global Emerging Markets,Taiwan,8.7,30/06/2018,GB0003418950
JPMorgan Emerging Markets,Global Emerging Markets,Belarus,3.5,30/06/2018,GB0003418950
JPMorgan Emerging Markets,Global Emerging Markets,Russia,2.3,30/06/2018,GB0003418950
JPMorgan Emerging Markets,Global Emerging Markets,Argentina,1.6,30/06/2018,GB0003418950
JPMorgan Emerging Markets,Global Emerging Markets,Brazil,8.7,30/06/2018,GB0003418950
JPMorgan Emerging Markets,Global Emerging Markets,Chile,1,30/06/2018,GB0003418950
JPMorgan Emerging Markets,Global Emerging Markets,Mexico,5,30/06/2018,GB0003418950
JPMorgan Emerging Markets,Global Emerging Markets,Peru,1.4,30/06/2018,GB0003418950
JPMorgan Emerging Markets,Global Emerging Markets,Cash/Cash Equivalent,0.7,30/06/2018,GB0003418950
JPMorgan Emerging Markets,Global Emerging Markets,Fixed Interest,0,30/06/2018,GB0003418950
JPMorgan European Growth,Europe,Austria,3.1,30/06/2018,GB00B18JK166
JPMorgan European Growth,Europe,Belgium,1.4,30/06/2018,GB00B18JK166
JPMorgan European Growth,Europe,Denmark,3.9,30/06/2018,GB00B18JK166
JPMorgan European Growth,Europe,Finland,3.5,30/06/2018,GB00B18JK166
JPMorgan European Growth,Europe,France,17.1,30/06/2018,GB00B18JK166
JPMorgan European Growth,Europe,Germany,14.9,30/06/2018,GB00B18JK166
JPMorgan European Growth,Europe,Italy,2.8,30/06/2018,GB00B18JK166
JPMorgan European Growth,Europe,Luxembourg,1.2,30/06/2018,GB00B18JK166
JPMorgan European Growth,Europe,Netherlands,11.3,30/06/2018,GB00B18JK166
JPMorgan European Growth,Europe,Norway,2.1,30/06/2018,GB00B18JK166
JPMorgan European Growth,Europe,Other European,0.3,30/06/2018,GB00B18JK166
JPMorgan European Growth,Europe,Other Investment Cos,5.6,30/06/2018,GB00B18JK166
JPMorgan European Growth,Europe,Portugal,1,30/06/2018,GB00B18JK166
JPMorgan European Growth,Europe,Spain,4.2,30/06/2018,GB00B18JK166
JPMorgan European Growth,Europe,Sweden,4,30/06/2018,GB00B18JK166
JPMorgan European Growth,Europe,Switzerland,17.5,30/06/2018,GB00B18JK166
JPMorgan European Growth,Europe,Cash/Cash Equivalent,6.1,30/06/2018,GB00B18JK166
JPMorgan European Growth,Europe,Fixed Interest,0,30/06/2018,GB00B18JK166
JPMorgan European Income,Europe,Austria,1.2,30/06/2018,GB00B17XWW44
JPMorgan European Income,Europe,Belgium,1.8,30/06/2018,GB00B17XWW44
JPMorgan European Income,Europe,Denmark,3.5,30/06/2018,GB00B17XWW44
JPMorgan European Income,Europe,Finland,5.5,30/06/2018,GB00B17XWW44
JPMorgan European Income,Europe,France,15,30/06/2018,GB00B17XWW44
JPMorgan European Income,Europe,Germany,11.4,30/06/2018,GB00B17XWW44
JPMorgan European Income,Europe,Ireland,1.4,30/06/2018,GB00B17XWW44
JPMorgan European Income,Europe,Italy,9.5,30/06/2018,GB00B17XWW44
JPMorgan European Income,Europe,Luxembourg,0.6,30/06/2018,GB00B17XWW44
JPMorgan European Income,Europe,Netherlands,6.4,30/06/2018,GB00B17XWW44
JPMorgan European Income,Europe,Norway,7.9,30/06/2018,GB00B17XWW44
JPMorgan European Income,Europe,Other European,0.2,30/06/2018,GB00B17XWW44
JPMorgan European Income,Europe,Portugal,1.4,30/06/2018,GB00B17XWW44
JPMorgan European Income,Europe,Spain,7.9,30/06/2018,GB00B17XWW44
JPMorgan European Income,Europe,Sweden,9.7,30/06/2018,GB00B17XWW44
JPMorgan European Income,Europe,Switzerland,10.2,30/06/2018,GB00B17XWW44
JPMorgan European Income,Europe,Cash/Cash Equivalent,6.4,30/06/2018,GB00B17XWW44
JPMorgan European Income,Europe,Fixed Interest,0,30/06/2018,GB00B17XWW44
JPMorgan European Smaller Companies,European Smaller Companies,Austria,4.2,30/06/2018,GB00BMTS0Z37
JPMorgan European Smaller Companies,European Smaller Companies,Belgium,3.2,30/06/2018,GB00BMTS0Z37
JPMorgan European Smaller Companies,European Smaller Companies,Denmark,5.4,30/06/2018,GB00BMTS0Z37
JPMorgan European Smaller Companies,European Smaller Companies,Finland,2.8,30/06/2018,GB00BMTS0Z37
JPMorgan European Smaller Companies,European Smaller Companies,France,14.2,30/06/2018,GB00BMTS0Z37
JPMorgan European Smaller Companies,European Smaller Companies,Germany,5,30/06/2018,GB00BMTS0Z37
JPMorgan European Smaller Companies,European Smaller Companies,Italy,11.2,30/06/2018,GB00BMTS0Z37
JPMorgan European Smaller Companies,European Smaller Companies,Luxembourg,1.6,30/06/2018,GB00BMTS0Z37
JPMorgan European Smaller Companies,European Smaller Companies,Netherlands,14.3,30/06/2018,GB00BMTS0Z37
JPMorgan European Smaller Companies,European Smaller Companies,Norway,6.5,30/06/2018,GB00BMTS0Z37
JPMorgan European Smaller Companies,European Smaller Companies,Sweden,8.5,30/06/2018,GB00BMTS0Z37
JPMorgan European Smaller Companies,European Smaller Companies,Switzerland,12.2,30/06/2018,GB00BMTS0Z37
JPMorgan European Smaller Companies,European Smaller Companies,Cash/Cash Equivalent,10.9,30/06/2018,GB00BMTS0Z37
JPMorgan Global Convertibles Income,Sector Specialist: Debt,Australia,2.4,30/06/2018,GG00B96SW597
JPMorgan Global Convertibles Income,Sector Specialist: Debt,China,7.8,30/06/2018,GG00B96SW597
JPMorgan Global Convertibles Income,Sector Specialist: Debt,Hong Kong,3.6,30/06/2018,GG00B96SW597
JPMorgan Global Convertibles Income,Sector Specialist: Debt,Japan,2.1,30/06/2018,GG00B96SW597
JPMorgan Global Convertibles Income,Sector Specialist: Debt,Singapore,4.1,30/06/2018,GG00B96SW597
JPMorgan Global Convertibles Income,Sector Specialist: Debt,Russia,2.2,30/06/2018,GG00B96SW597
JPMorgan Global Convertibles Income,Sector Specialist: Debt,Cyprus,0.9,30/06/2018,GG00B96SW597
JPMorgan Global Convertibles Income,Sector Specialist: Debt,France,0.8,30/06/2018,GG00B96SW597
JPMorgan Global Convertibles Income,Sector Specialist: Debt,Netherlands,3.4,30/06/2018,GG00B96SW597
JPMorgan Global Convertibles Income,Sector Specialist: Debt,UK,11.8,30/06/2018,GG00B96SW597
JPMorgan Global Convertibles Income,Sector Specialist: Debt,Israel,0.4,30/06/2018,GG00B96SW597
JPMorgan Global Convertibles Income,Sector Specialist: Debt,Other Middle East,5.4,30/06/2018,GG00B96SW597
JPMorgan Global Convertibles Income,Sector Specialist: Debt,USA,38.8,30/06/2018,GG00B96SW597
JPMorgan Global Convertibles Income,Sector Specialist: Debt,Other Countries,9.1,30/06/2018,GG00B96SW597
JPMorgan Global Convertibles Income,Sector Specialist: Debt,Cash/Cash Equivalent,7.2,30/06/2018,GG00B96SW597
JPMorgan Global Convertibles Income,Sector Specialist: Debt,Fixed Interest,0,30/06/2018,GG00B96SW597
JPMorgan Global Emerging Markets Income,Global Emerging Markets,Kenya,1,30/06/2018,GB00B5ZZY915
JPMorgan Global Emerging Markets Income,Global Emerging Markets,South Africa,6.3,30/06/2018,GB00B5ZZY915
JPMorgan Global Emerging Markets Income,Global Emerging Markets,China,17.7,30/06/2018,GB00B5ZZY915
JPMorgan Global Emerging Markets Income,Global Emerging Markets,Hong Kong,6.5,30/06/2018,GB00B5ZZY915
JPMorgan Global Emerging Markets Income,Global Emerging Markets,India,2.9,30/06/2018,GB00B5ZZY915
JPMorgan Global Emerging Markets Income,Global Emerging Markets,Indonesia,1.7,30/06/2018,GB00B5ZZY915
JPMorgan Global Emerging Markets Income,Global Emerging Markets,Malaysia,1,30/06/2018,GB00B5ZZY915
JPMorgan Global Emerging Markets Income,Global Emerging Markets,South Korea,4.8,30/06/2018,GB00B5ZZY915
JPMorgan Global Emerging Markets Income,Global Emerging Markets,Taiwan,15.7,30/06/2018,GB00B5ZZY915
JPMorgan Global Emerging Markets Income,Global Emerging Markets,Thailand,4.7,30/06/2018,GB00B5ZZY915
JPMorgan Global Emerging Markets Income,Global Emerging Markets,Czech Republic,3,30/06/2018,GB00B5ZZY915
JPMorgan Global Emerging Markets Income,Global Emerging Markets,Hungary,1.5,30/06/2018,GB00B5ZZY915
JPMorgan Global Emerging Markets Income,Global Emerging Markets,Russia,7.8,30/06/2018,GB00B5ZZY915
JPMorgan Global Emerging Markets Income,Global Emerging Markets,Turkey,2.5,30/06/2018,GB00B5ZZY915
JPMorgan Global Emerging Markets Income,Global Emerging Markets,Brazil,8.8,30/06/2018,GB00B5ZZY915
JPMorgan Global Emerging Markets Income,Global Emerging Markets,Chile,1,30/06/2018,GB00B5ZZY915
JPMorgan Global Emerging Markets Income,Global Emerging Markets,Mexico,5.6,30/06/2018,GB00B5ZZY915
JPMorgan Global Emerging Markets Income,Global Emerging Markets,Other Middle East,1.6,30/06/2018,GB00B5ZZY915
JPMorgan Global Emerging Markets Income,Global Emerging Markets,Saudi Arabia,2.7,30/06/2018,GB00B5ZZY915
JPMorgan Global Emerging Markets Income,Global Emerging Markets,Cash/Cash Equivalent,3.2,30/06/2018,GB00B5ZZY915
JPMorgan Global Emerging Markets Income,Global Emerging Markets,Fixed Interest,0,30/06/2018,GB00B5ZZY915
JPMorgan Global Growth & Income,Global Equity Income,South Africa,0.9,30/06/2018,GB00BYMKY695
JPMorgan Global Growth & Income,Global Equity Income,China,2.2,30/06/2018,GB00BYMKY695
JPMorgan Global Growth & Income,Global Equity Income,India,0.7,30/06/2018,GB00BYMKY695
JPMorgan Global Growth & Income,Global Equity Income,Indonesia,0.5,30/06/2018,GB00BYMKY695
JPMorgan Global Growth & Income,Global Equity Income,Japan,6.2,30/06/2018,GB00BYMKY695
JPMorgan Global Growth & Income,Global Equity Income,Singapore,1,30/06/2018,GB00BYMKY695
JPMorgan Global Growth & Income,Global Equity Income,Russia,0.9,30/06/2018,GB00BYMKY695
JPMorgan Global Growth & Income,Global Equity Income,Belgium,0.6,30/06/2018,GB00BYMKY695
JPMorgan Global Growth & Income,Global Equity Income,Finland,1.7,30/06/2018,GB00BYMKY695
JPMorgan Global Growth & Income,Global Equity Income,France,3.2,30/06/2018,GB00BYMKY695
JPMorgan Global Growth & Income,Global Equity Income,Germany,4.8,30/06/2018,GB00BYMKY695
JPMorgan Global Growth & Income,Global Equity Income,Ireland,6.8,30/06/2018,GB00BYMKY695
JPMorgan Global Growth & Income,Global Equity Income,Italy,1.1,30/06/2018,GB00BYMKY695
JPMorgan Global Growth & Income,Global Equity Income,Luxembourg,1,30/06/2018,GB00BYMKY695
JPMorgan Global Growth & Income,Global Equity Income,Netherlands,4.8,30/06/2018,GB00BYMKY695
JPMorgan Global Growth & Income,Global Equity Income,Spain,3,30/06/2018,GB00BYMKY695
JPMorgan Global Growth & Income,Global Equity Income,Sweden,1.4,30/06/2018,GB00BYMKY695
JPMorgan Global Growth & Income,Global Equity Income,Switzerland,1.6,30/06/2018,GB00BYMKY695
JPMorgan Global Growth & Income,Global Equity Income,UK,7.8,30/06/2018,GB00BYMKY695
JPMorgan Global Growth & Income,Global Equity Income,Canada,1.4,30/06/2018,GB00BYMKY695
JPMorgan Global Growth & Income,Global Equity Income,USA,46.7,30/06/2018,GB00BYMKY695
JPMorgan Global Growth & Income,Global Equity Income,Cash/Cash Equivalent,1.7,30/06/2018,GB00BYMKY695
JPMorgan Global Growth & Income,Global Equity Income,Fixed Interest,0,30/06/2018,GB00BYMKY695
JPMorgan Indian,Country Specialists: Asia Pacific,India,99,30/06/2018,GB0003450359
JPMorgan Indian,Country Specialists: Asia Pacific,Cash/Cash Equivalent,1,30/06/2018,GB0003450359
JPMorgan Japan Smaller Companies,Japanese Smaller Companies,Japan,97.4,30/06/2018,GB0003165817
JPMorgan Japan Smaller Companies,Japanese Smaller Companies,Cash/Cash Equivalent,2.6,30/06/2018,GB0003165817
JPMorgan Japan Smaller Companies,Japanese Smaller Companies,Fixed Interest,0,30/06/2018,GB0003165817
JPMorgan Japanese,Japan,Japan,99,30/06/2018,GB0001740025
JPMorgan Japanese,Japan,Cash/Cash Equivalent,1,30/06/2018,GB0001740025
JPMorgan Japanese,Japan,Fixed Interest,0,30/06/2018,GB0001740025
JPMorgan MidCap,UK All Companies,Not reported,,,
JPMorgan Multi-Asset,Flexible Investment,Australia,1.6,30/06/2018,GB00BFWJJT14
JPMorgan Multi-Asset,Flexible Investment,Japan,2.3,30/06/2018,GB00BFWJJT14
JPMorgan Multi-Asset,Flexible Investment,Singapore,0.5,30/06/2018,GB00BFWJJT14
JPMorgan Multi-Asset,Flexible Investment,Finland,0.6,30/06/2018,GB00BFWJJT14
JPMorgan Multi-Asset,Flexible Investment,France,4.6,30/06/2018,GB00BFWJJT14
JPMorgan Multi-Asset,Flexible Investment,Germany,1.9,30/06/2018,GB00BFWJJT14
JPMorgan Multi-Asset,Flexible Investment,Ireland,1.4,30/06/2018,GB00BFWJJT14
JPMorgan Multi-Asset,Flexible Investment,Italy,1.5,30/06/2018,GB00BFWJJT14
JPMorgan Multi-Asset,Flexible Investment,Netherlands,4.3,30/06/2018,GB00BFWJJT14
JPMorgan Multi-Asset,Flexible Investment,Norway,0.3,30/06/2018,GB00BFWJJT14
JPMorgan Multi-Asset,Flexible Investment,Spain,2.4,30/06/2018,GB00BFWJJT14
JPMorgan Multi-Asset,Flexible Investment,Sweden,1.4,30/06/2018,GB00BFWJJT14
JPMorgan Multi-Asset,Flexible Investment,Switzerland,4.1,30/06/2018,GB00BFWJJT14
JPMorgan Multi-Asset,Flexible Investment,UK,9.7,30/06/2018,GB00BFWJJT14
JPMorgan Multi-Asset,Flexible Investment,Canada,1.3,30/06/2018,GB00BFWJJT14
JPMorgan Multi-Asset,Flexible Investment,USA,26.2,30/06/2018,GB00BFWJJT14
JPMorgan Multi-Asset,Flexible Investment,Other Countries,10.1,30/06/2018,GB00BFWJJT14
JPMorgan Multi-Asset,Flexible Investment,Cash/Cash Equivalent,10.8,30/06/2018,GB00BFWJJT14
JPMorgan Multi-Asset,Flexible Investment,Fixed Interest,15,30/06/2018,GB00BFWJJT14
JPMorgan Russian Securities,Country Specialists: Europe,Russia,96.5,30/06/2018,GB0032164732
JPMorgan Russian Securities,Country Specialists: Europe,Cash/Cash Equivalent,3.5,30/06/2018,GB0032164732
JPMorgan Smaller Companies,UK Smaller Companies,UK,98.2,30/06/2018,GB0007416000
JPMorgan Smaller Companies,UK Smaller Companies,Cash/Cash Equivalent,1.8,30/06/2018,GB0007416000
JPMorgan Smaller Companies,UK Smaller Companies,Fixed Interest,0,30/06/2018,GB0007416000
JPMorgan US Smaller Companies,North American Smaller Companies,USA,98.5,30/06/2018,GB00BJL5F346
JPMorgan US Smaller Companies,North American Smaller Companies,Cash/Cash Equivalent,1.5,30/06/2018,GB00BJL5F346
Jupiter Emerging & Frontier Income,Global Emerging Markets,Kenya,2.93,30/06/2018,GB00BDR05757
Jupiter Emerging & Frontier Income,Global Emerging Markets,Nigeria,4.33,30/06/2018,GB00BDR05757
Jupiter Emerging & Frontier Income,Global Emerging Markets,South Africa,3.42,30/06/2018,GB00BDR05757
Jupiter Emerging & Frontier Income,Global Emerging Markets,Indonesia,1.73,30/06/2018,GB00BDR05757
Jupiter Emerging & Frontier Income,Global Emerging Markets,Malaysia,2.13,30/06/2018,GB00BDR05757
Jupiter Emerging & Frontier Income,Global Emerging Markets,Pakistan,1.56,30/06/2018,GB00BDR05757
Jupiter Emerging & Frontier Income,Global Emerging Markets,Philippines,1.29,30/06/2018,GB00BDR05757
Jupiter Emerging & Frontier Income,Global Emerging Markets,South Korea,4.95,30/06/2018,GB00BDR05757
Jupiter Emerging & Frontier Income,Global Emerging Markets,Taiwan,10.85,30/06/2018,GB00BDR05757
Jupiter Emerging & Frontier Income,Global Emerging Markets,Czech Republic,2.29,30/06/2018,GB00BDR05757
Jupiter Emerging & Frontier Income,Global Emerging Markets,Romania,4.31,30/06/2018,GB00BDR05757
Jupiter Emerging & Frontier Income,Global Emerging Markets,Russia,10.29,30/06/2018,GB00BDR05757
Jupiter Emerging & Frontier Income,Global Emerging Markets,Turkey,1.61,30/06/2018,GB00BDR05757
Jupiter Emerging & Frontier Income,Global Emerging Markets,Guernsey,2.28,30/06/2018,GB00BDR05757
Jupiter Emerging & Frontier Income,Global Emerging Markets,Luxembourg,1.97,30/06/2018,GB00BDR05757
Jupiter Emerging & Frontier Income,Global Emerging Markets,UK,4.85,30/06/2018,GB00BDR05757
Jupiter Emerging & Frontier Income,Global Emerging Markets,Brazil,2.17,30/06/2018,GB00BDR05757
Jupiter Emerging & Frontier Income,Global Emerging Markets,Chile,1.5,30/06/2018,GB00BDR05757
Jupiter Emerging & Frontier Income,Global Emerging Markets,Colombia,2.24,30/06/2018,GB00BDR05757
Jupiter Emerging & Frontier Income,Global Emerging Markets,Mexico,2.94,30/06/2018,GB00BDR05757
Jupiter Emerging & Frontier Income,Global Emerging Markets,Netherlands Antilles,2.32,30/06/2018,GB00BDR05757
Jupiter Emerging & Frontier Income,Global Emerging Markets,United Arab Emirates,4.5,30/06/2018,GB00BDR05757
Jupiter Emerging & Frontier Income,Global Emerging Markets,Bermuda,5.82,30/06/2018,GB00BDR05757
Jupiter Emerging & Frontier Income,Global Emerging Markets,Cayman Islands,16.07,30/06/2018,GB00BDR05757
Jupiter Emerging & Frontier Income,Global Emerging Markets,Other Countries,1.61,30/06/2018,GB00BDR05757
Jupiter Emerging & Frontier Income,Global Emerging Markets,Cash/Cash Equivalent,0.04,30/06/2018,GB00BDR05757
Jupiter European Opportunities,Europe,Belgium,1.41,30/06/2018,GB0000197722
Jupiter European Opportunities,Europe,Denmark,7.58,30/06/2018,GB0000197722
Jupiter European Opportunities,Europe,Finland,0.67,30/06/2018,GB0000197722
Jupiter European Opportunities,Europe,France,9.79,30/06/2018,GB0000197722
Jupiter European Opportunities,Europe,Germany,32.46,30/06/2018,GB0000197722
Jupiter European Opportunities,Europe,Guernsey,4.92,30/06/2018,GB0000197722
Jupiter European Opportunities,Europe,Ireland,3.33,30/06/2018,GB0000197722
Jupiter European Opportunities,Europe,Italy,0.95,30/06/2018,GB0000197722
Jupiter European Opportunities,Europe,Netherlands,8.04,30/06/2018,GB0000197722
Jupiter European Opportunities,Europe,Norway,1.79,30/06/2018,GB0000197722
Jupiter European Opportunities,Europe,Other European,0.24,30/06/2018,GB0000197722
Jupiter European Opportunities,Europe,Spain,10.32,30/06/2018,GB0000197722
Jupiter European Opportunities,Europe,Sweden,0.2,30/06/2018,GB0000197722
Jupiter European Opportunities,Europe,UK,16.55,30/06/2018,GB0000197722
Jupiter European Opportunities,Europe,Cash/Cash Equivalent,1.75,30/06/2018,GB0000197722
Jupiter Green,Sector Specialist: Environmental,Australia,0.66,30/06/2018,GB00B120GL77
Jupiter Green,Sector Specialist: Environmental,China,1.03,30/06/2018,GB00B120GL77
Jupiter Green,Sector Specialist: Environmental,Hong Kong,0.74,30/06/2018,GB00B120GL77
Jupiter Green,Sector Specialist: Environmental,Japan,12.98,30/06/2018,GB00B120GL77
Jupiter Green,Sector Specialist: Environmental,Singapore,1.16,30/06/2018,GB00B120GL77
Jupiter Green,Sector Specialist: Environmental,Austria,3.28,30/06/2018,GB00B120GL77
Jupiter Green,Sector Specialist: Environmental,Denmark,4.45,30/06/2018,GB00B120GL77
Jupiter Green,Sector Specialist: Environmental,France,3.98,30/06/2018,GB00B120GL77
Jupiter Green,Sector Specialist: Environmental,Germany,3.27,30/06/2018,GB00B120GL77
Jupiter Green,Sector Specialist: Environmental,Italy,1.27,30/06/2018,GB00B120GL77
Jupiter Green,Sector Specialist: Environmental,Luxembourg,0.83,30/06/2018,GB00B120GL77
Jupiter Green,Sector Specialist: Environmental,Netherlands,2.06,30/06/2018,GB00B120GL77
Jupiter Green,Sector Specialist: Environmental,Norway,4.92,30/06/2018,GB00B120GL77
Jupiter Green,Sector Specialist: Environmental,Sweden,1.23,30/06/2018,GB00B120GL77
Jupiter Green,Sector Specialist: Environmental,UK,15.77,30/06/2018,GB00B120GL77
Jupiter Green,Sector Specialist: Environmental,Chile,0.58,30/06/2018,GB00B120GL77
Jupiter Green,Sector Specialist: Environmental,Canada,1.27,30/06/2018,GB00B120GL77
Jupiter Green,Sector Specialist: Environmental,USA,33.58,30/06/2018,GB00B120GL77
Jupiter Green,Sector Specialist: Environmental,Other Countries,0.93,30/06/2018,GB00B120GL77
Jupiter Green,Sector Specialist: Environmental,Cash/Cash Equivalent,6.01,30/06/2018,GB00B120GL77
Jupiter UK Growth,UK All Companies,Germany,3.27,30/06/2018,GB00BFD3V961
Jupiter UK Growth,UK All Companies,Ireland,7.18,30/06/2018,GB00BFD3V961
Jupiter UK Growth,UK All Companies,Netherlands,1.57,30/06/2018,GB00BFD3V961
Jupiter UK Growth,UK All Companies,Spain,3.72,30/06/2018,GB00BFD3V961
Jupiter UK Growth,UK All Companies,UK,71.06,30/06/2018,GB00BFD3V961
Jupiter UK Growth,UK All Companies,USA,4.29,30/06/2018,GB00BFD3V961
Jupiter UK Growth,UK All Companies,Other Countries,2.71,30/06/2018,GB00BFD3V961
Jupiter UK Growth,UK All Companies,Cash/Cash Equivalent,6.2,30/06/2018,GB00BFD3V961
Jupiter US Smaller Companies,North American Smaller Companies,Canada,2.65,30/06/2018,GB0003463402
Jupiter US Smaller Companies,North American Smaller Companies,USA,92.44,30/06/2018,GB0003463402
Jupiter US Smaller Companies,North American Smaller Companies,Cash/Cash Equivalent,4.91,30/06/2018,GB0003463402
JZ Capital Partners,Flexible Investment,Not reported,,,
Keystone,UK All Companies,Ireland,2.23,30/06/2018,GB0004912068
Keystone,UK All Companies,UK,96.12,30/06/2018,GB0004912068
Keystone,UK All Companies,Canada,2.12,30/06/2018,GB0004912068
Keystone,UK All Companies,USA,0.99,30/06/2018,GB0004912068
Keystone,UK All Companies,Cash/Cash Equivalent,-1.46,30/06/2018,GB0004912068
Kings Arms Yard VCT,VCT Generalist,Not reported,,,
Law Debenture Corporation,Global,Asia exc Japan,3.91,30/06/2018,GB0031429219
Law Debenture Corporation,Global,Japan,1.63,30/06/2018,GB0031429219
Law Debenture Corporation,Global,Denmark,0.39,30/06/2018,GB0031429219
Law Debenture Corporation,Global,France,1.24,30/06/2018,GB0031429219
Law Debenture Corporation,Global,Germany,2.31,30/06/2018,GB0031429219
Law Debenture Corporation,Global,Ireland,0.8,30/06/2018,GB0031429219
Law Debenture Corporation,Global,Netherlands,0.85,30/06/2018,GB0031429219
Law Debenture Corporation,Global,Spain,0.38,30/06/2018,GB0031429219
Law Debenture Corporation,Global,Sweden,0.19,30/06/2018,GB0031429219
Law Debenture Corporation,Global,Switzerland,1.38,30/06/2018,GB0031429219
Law Debenture Corporation,Global,UK,70.2,30/06/2018,GB0031429219
Law Debenture Corporation,Global,Brazil,1.82,30/06/2018,GB0031429219
Law Debenture Corporation,Global,Canada,0.49,30/06/2018,GB0031429219
Law Debenture Corporation,Global,USA,6.62,30/06/2018,GB0031429219
Law Debenture Corporation,Global,Cash/Cash Equivalent,7.79,30/06/2018,GB0031429219
Law Debenture Corporation,Global,Fixed Interest,0,30/06/2018,GB0031429219
Lazard World Trust Fund,Global,Not reported,,,
Lindsell Train,Global,Japan,6.24,30/06/2018,GB0031977944
Lindsell Train,Global,France,0.98,30/06/2018,GB0031977944
Lindsell Train,Global,Ireland,3.7,30/06/2018,GB0031977944
Lindsell Train,Global,Netherlands,3.26,30/06/2018,GB0031977944
Lindsell Train,Global,UK,73.8,30/06/2018,GB0031977944
Lindsell Train,Global,USA,9.57,30/06/2018,GB0031977944
Lindsell Train,Global,Cash/Cash Equivalent,2.45,30/06/2018,GB0031977944
Lindsell Train,Global,Fixed Interest,0,30/06/2018,GB0031977944
LMS Capital,Private Equity,Not reported,,,
Lowland,UK Equity Income,Finland,0.01,30/06/2018,GB0005368062
Lowland,UK Equity Income,Ireland,4.57,30/06/2018,GB0005368062
Lowland,UK Equity Income,UK,93.19,30/06/2018,GB0005368062
Lowland,UK Equity Income,Canada,0.49,30/06/2018,GB0005368062
Lowland,UK Equity Income,USA,0.72,30/06/2018,GB0005368062
Lowland,UK Equity Income,Cash/Cash Equivalent,0.59,30/06/2018,GB0005368062
Lowland,UK Equity Income,Fixed Interest,0.43,30/06/2018,GB0005368062
LXI REIT,Property Direct - UK,Not reported,,,
Macau Property Opportunities,Property Direct - Asia Pacific,Not reported,,,
Majedie,Global,South Africa,0.1,30/06/2018,GB0005555221
Majedie,Global,Japan,0.08,30/06/2018,GB0005555221
Majedie,Global,Denmark,0.02,30/06/2018,GB0005555221
Majedie,Global,France,0.87,30/06/2018,GB0005555221
Majedie,Global,Ireland,18.3,30/06/2018,GB0005555221
Majedie,Global,Italy,0.17,30/06/2018,GB0005555221
Majedie,Global,Netherlands,0.22,30/06/2018,GB0005555221
Majedie,Global,Switzerland,0.07,30/06/2018,GB0005555221
Majedie,Global,UK,77.63,30/06/2018,GB0005555221
Majedie,Global,Canada,0.63,30/06/2018,GB0005555221
Majedie,Global,USA,0.21,30/06/2018,GB0005555221
Majedie,Global,Cash/Cash Equivalent,1.7,30/06/2018,GB0005555221
Marble Point Loan Financing,Sector Specialist: Debt,Not reported,,,
Martin Currie Asia Unconstrained,Asia Pacific - Excluding Japan,China,1.54,30/06/2018,GB0005695126
Martin Currie Asia Unconstrained,Asia Pacific - Excluding Japan,Hong Kong,16.44,30/06/2018,GB0005695126
Martin Currie Asia Unconstrained,Asia Pacific - Excluding Japan,India,20.98,30/06/2018,GB0005695126
Martin Currie Asia Unconstrained,Asia Pacific - Excluding Japan,Indonesia,1.64,30/06/2018,GB0005695126
Martin Currie Asia Unconstrained,Asia Pacific - Excluding Japan,Malaysia,3.69,30/06/2018,GB0005695126
Martin Currie Asia Unconstrained,Asia Pacific - Excluding Japan,Singapore,9.27,30/06/2018,GB0005695126
Martin Currie Asia Unconstrained,Asia Pacific - Excluding Japan,South Korea,12,30/06/2018,GB0005695126
Martin Currie Asia Unconstrained,Asia Pacific - Excluding Japan,Taiwan,3.8,30/06/2018,GB0005695126
Martin Currie Asia Unconstrained,Asia Pacific - Excluding Japan,Thailand,2.47,30/06/2018,GB0005695126
Martin Currie Asia Unconstrained,Asia Pacific - Excluding Japan,Luxembourg,2.43,30/06/2018,GB0005695126
Martin Currie Asia Unconstrained,Asia Pacific - Excluding Japan,UK,4.94,30/06/2018,GB0005695126
Martin Currie Asia Unconstrained,Asia Pacific - Excluding Japan,Bermuda,6.98,30/06/2018,GB0005695126
Martin Currie Asia Unconstrained,Asia Pacific - Excluding Japan,Cayman Islands,10.99,30/06/2018,GB0005695126
Martin Currie Asia Unconstrained,Asia Pacific - Excluding Japan,Cash/Cash Equivalent,2.83,30/06/2018,GB0005695126
Martin Currie Global Portfolio,Global,Australia,2.39,30/06/2018,GB0005372411
Martin Currie Global Portfolio,Global,China,1.29,30/06/2018,GB0005372411
Martin Currie Global Portfolio,Global,Hong Kong,4.31,30/06/2018,GB0005372411
Martin Currie Global Portfolio,Global,Japan,3.81,30/06/2018,GB0005372411
Martin Currie Global Portfolio,Global,Taiwan,2.29,30/06/2018,GB0005372411
Martin Currie Global Portfolio,Global,France,1.57,30/06/2018,GB0005372411
Martin Currie Global Portfolio,Global,Germany,0.83,30/06/2018,GB0005372411
Martin Currie Global Portfolio,Global,Ireland,4.12,30/06/2018,GB0005372411
Martin Currie Global Portfolio,Global,Netherlands,4.71,30/06/2018,GB0005372411
Martin Currie Global Portfolio,Global,Spain,3.19,30/06/2018,GB0005372411
Martin Currie Global Portfolio,Global,Sweden,2.32,30/06/2018,GB0005372411
Martin Currie Global Portfolio,Global,UK,12.49,30/06/2018,GB0005372411
Martin Currie Global Portfolio,Global,Israel,2.9,30/06/2018,GB0005372411
Martin Currie Global Portfolio,Global,USA,43.43,30/06/2018,GB0005372411
Martin Currie Global Portfolio,Global,Cayman Islands,5.03,30/06/2018,GB0005372411
Martin Currie Global Portfolio,Global,Other Countries,4.55,30/06/2018,GB0005372411
Martin Currie Global Portfolio,Global,Cash/Cash Equivalent,0.77,30/06/2018,GB0005372411
Marwyn Value Investors,Global Smaller Companies,Not reported,,,
Maven Income and Growth VCT,VCT Generalist,Not reported,,,
Maven Income and Growth VCT 3,VCT Generalist,Not reported,,,
Maven Income and Growth VCT 5,VCT Generalist,Not reported,,,
MedicX,Property Specialist,Not reported,,,
Menhaden Capital,Sector Specialist: Environmental,Australia,5.23,30/06/2018,GB00BZ0XWD04
Menhaden Capital,Sector Specialist: Environmental,Japan,0.42,30/06/2018,GB00BZ0XWD04
Menhaden Capital,Sector Specialist: Environmental,France,20.44,30/06/2018,GB00BZ0XWD04
Menhaden Capital,Sector Specialist: Environmental,Germany,2.83,30/06/2018,GB00BZ0XWD04
Menhaden Capital,Sector Specialist: Environmental,Spain,18.64,30/06/2018,GB00BZ0XWD04
Menhaden Capital,Sector Specialist: Environmental,UK,12.15,30/06/2018,GB00BZ0XWD04
Menhaden Capital,Sector Specialist: Environmental,Brazil,0.95,30/06/2018,GB00BZ0XWD04
Menhaden Capital,Sector Specialist: Environmental,Canada,3.11,30/06/2018,GB00BZ0XWD04
Menhaden Capital,Sector Specialist: Environmental,USA,25.14,30/06/2018,GB00BZ0XWD04
Menhaden Capital,Sector Specialist: Environmental,Cash/Cash Equivalent,10.88,30/06/2018,GB00BZ0XWD04
Menhaden Capital,Sector Specialist: Environmental,Fixed Interest,0.21,30/06/2018,GB00BZ0XWD04
Mercantile,UK All Companies,UK,94.7,30/06/2018,GB00BF4JDH58
Mercantile,UK All Companies,Cash/Cash Equivalent,5.3,30/06/2018,GB00BF4JDH58
Mercantile,UK All Companies,Fixed Interest,0,30/06/2018,GB00BF4JDH58
Merchants,UK Equity Income,UK,97,30/06/2018,GB0005800072
Merchants,UK Equity Income,Cash/Cash Equivalent,3,30/06/2018,GB0005800072
Mid Wynd International,Global,Australia,0.95,30/06/2018,GB00B6VTTK07
Mid Wynd International,Global,China,3.09,30/06/2018,GB00B6VTTK07
Mid Wynd International,Global,Hong Kong,1.32,30/06/2018,GB00B6VTTK07
Mid Wynd International,Global,India,0.59,30/06/2018,GB00B6VTTK07
Mid Wynd International,Global,Japan,10.78,30/06/2018,GB00B6VTTK07
Mid Wynd International,Global,Singapore,1.04,30/06/2018,GB00B6VTTK07
Mid Wynd International,Global,South Korea,1.8,30/06/2018,GB00B6VTTK07
Mid Wynd International,Global,Thailand,0.81,30/06/2018,GB00B6VTTK07
Mid Wynd International,Global,France,6.95,30/06/2018,GB00B6VTTK07
Mid Wynd International,Global,Germany,3.36,30/06/2018,GB00B6VTTK07
Mid Wynd International,Global,Ireland,1.98,30/06/2018,GB00B6VTTK07
Mid Wynd International,Global,Luxembourg,1.15,30/06/2018,GB00B6VTTK07
Mid Wynd International,Global,Netherlands,3.62,30/06/2018,GB00B6VTTK07
Mid Wynd International,Global,Other European,1.14,30/06/2018,GB00B6VTTK07
Mid Wynd International,Global,Spain,3.16,30/06/2018,GB00B6VTTK07
Mid Wynd International,Global,Sweden,1.99,30/06/2018,GB00B6VTTK07
Mid Wynd International,Global,Switzerland,0.92,30/06/2018,GB00B6VTTK07
Mid Wynd International,Global,UK,3.67,30/06/2018,GB00B6VTTK07
Mid Wynd International,Global,Panama,1.43,30/06/2018,GB00B6VTTK07
Mid Wynd International,Global,USA,43.83,30/06/2018,GB00B6VTTK07
Mid Wynd International,Global,Cayman Islands,2.02,30/06/2018,GB00B6VTTK07
Mid Wynd International,Global,Cash/Cash Equivalent,4.4,30/06/2018,GB00B6VTTK07
Middlefield Canadian Income Trusts,North America,Not reported,,,
Mithras,Private Equity,Not reported,,,
Miton Global Opportunities,Flexible Investment,Asia exc Japan,12.77,30/06/2018,GB0034365949
Miton Global Opportunities,Flexible Investment,Australia,3.83,30/06/2018,GB0034365949
Miton Global Opportunities,Flexible Investment,India,7.63,30/06/2018,GB0034365949
Miton Global Opportunities,Flexible Investment,Japan,6.93,30/06/2018,GB0034365949
Miton Global Opportunities,Flexible Investment,European Developed,7.49,30/06/2018,GB0034365949
Miton Global Opportunities,Flexible Investment,Italy,0.39,30/06/2018,GB0034365949
Miton Global Opportunities,Flexible Investment,UK,33.62,30/06/2018,GB0034365949
Miton Global Opportunities,Flexible Investment,Canada,0.1,30/06/2018,GB0034365949
Miton Global Opportunities,Flexible Investment,Other North America,5.71,30/06/2018,GB0034365949
Miton Global Opportunities,Flexible Investment,USA,0.06,30/06/2018,GB0034365949
Miton Global Opportunities,Flexible Investment,Other Countries,4.79,30/06/2018,GB0034365949
Miton Global Opportunities,Flexible Investment,Latin America Region,3.35,30/06/2018,GB0034365949
Miton Global Opportunities,Flexible Investment,Cash/Cash Equivalent,12.39,30/06/2018,GB0034365949
Miton Global Opportunities,Flexible Investment,Fixed Interest,0.94,30/06/2018,GB0034365949
Miton UK Microcap,UK Smaller Companies,UK,97.03,30/06/2018,GB00BWFGQ085
Miton UK Microcap,UK Smaller Companies,Cash/Cash Equivalent,2.97,30/06/2018,GB00BWFGQ085
Miton UK Microcap,UK Smaller Companies,Fixed Interest,0,30/06/2018,GB00BWFGQ085
Mobeus Income & Growth 2 VCT,VCT Generalist,Not reported,,,
Mobeus Income & Growth 4 VCT,VCT Generalist,Not reported,,,
Mobeus Income & Growth VCT,VCT Generalist,Not reported,,,
Monks,Global,South Africa,3,30/06/2018,GB0030517261
Monks,Global,China,8,30/06/2018,GB0030517261
Monks,Global,Hong Kong,2,30/06/2018,GB0030517261
Monks,Global,India,2,30/06/2018,GB0030517261
Monks,Global,Japan,8,30/06/2018,GB0030517261
Monks,Global,Singapore,1,30/06/2018,GB0030517261
Monks,Global,Taiwan,2,30/06/2018,GB0030517261
Monks,Global,Russia,1,30/06/2018,GB0030517261
Monks,Global,Denmark,1,30/06/2018,GB0030517261
Monks,Global,France,2,30/06/2018,GB0030517261
Monks,Global,Germany,3,30/06/2018,GB0030517261
Monks,Global,Ireland,4,30/06/2018,GB0030517261
Monks,Global,Italy,1,30/06/2018,GB0030517261
Monks,Global,Netherlands,1,30/06/2018,GB0030517261
Monks,Global,Norway,1,30/06/2018,GB0030517261
Monks,Global,Sweden,2,30/06/2018,GB0030517261
Monks,Global,Switzerland,2,30/06/2018,GB0030517261
Monks,Global,UK,6,30/06/2018,GB0030517261
Monks,Global,Brazil,2,30/06/2018,GB0030517261
Monks,Global,Canada,1,30/06/2018,GB0030517261
Monks,Global,USA,46,30/06/2018,GB0030517261
Monks,Global,Cash/Cash Equivalent,1,30/06/2018,GB0030517261
Montanaro European Smaller Companies,European Smaller Companies,Austria,1.19,30/06/2018,GB0004543517
Montanaro European Smaller Companies,European Smaller Companies,Belgium,1.47,30/06/2018,GB0004543517
Montanaro European Smaller Companies,European Smaller Companies,Denmark,4.4,30/06/2018,GB0004543517
Montanaro European Smaller Companies,European Smaller Companies,France,5.95,30/06/2018,GB0004543517
Montanaro European Smaller Companies,European Smaller Companies,Germany,19.74,30/06/2018,GB0004543517
Montanaro European Smaller Companies,European Smaller Companies,Italy,14.23,30/06/2018,GB0004543517
Montanaro European Smaller Companies,European Smaller Companies,Netherlands,3.93,30/06/2018,GB0004543517
Montanaro European Smaller Companies,European Smaller Companies,Norway,4.63,30/06/2018,GB0004543517
Montanaro European Smaller Companies,European Smaller Companies,Portugal,0.49,30/06/2018,GB0004543517
Montanaro European Smaller Companies,European Smaller Companies,Spain,3.65,30/06/2018,GB0004543517
Montanaro European Smaller Companies,European Smaller Companies,Sweden,23.42,30/06/2018,GB0004543517
Montanaro European Smaller Companies,European Smaller Companies,Switzerland,8.37,30/06/2018,GB0004543517
Montanaro European Smaller Companies,European Smaller Companies,Cash/Cash Equivalent,8.53,30/06/2018,GB0004543517
Montanaro European Smaller Companies,European Smaller Companies,Fixed Interest,0,30/06/2018,GB0004543517
Montanaro UK Smaller Companies,UK Smaller Companies,UK,97.51,30/06/2018,GB0006007560
Montanaro UK Smaller Companies,UK Smaller Companies,Cash/Cash Equivalent,2.49,30/06/2018,GB0006007560
Montanaro UK Smaller Companies,UK Smaller Companies,Fixed Interest,0,30/06/2018,GB0006007560
Murray Income,UK Equity Income,Denmark,2.32,30/06/2018,GB0006111123
Murray Income,UK Equity Income,Finland,1.3,30/06/2018,GB0006111123
Murray Income,UK Equity Income,Italy,0.7,30/06/2018,GB0006111123
Murray Income,UK Equity Income,Sweden,1.76,30/06/2018,GB0006111123
Murray Income,UK Equity Income,Switzerland,4.74,30/06/2018,GB0006111123
Murray Income,UK Equity Income,UK,82.13,30/06/2018,GB0006111123
Murray Income,UK Equity Income,USA,2.58,30/06/2018,GB0006111123
Murray Income,UK Equity Income,Cash/Cash Equivalent,4.47,30/06/2018,GB0006111123
Murray International,Global Equity Income,South Africa,0.8,30/06/2018,GB0006111909
Murray International,Global Equity Income,Australia,0.88,30/06/2018,GB0006111909
Murray International,Global Equity Income,Hong Kong,2.3,30/06/2018,GB0006111909
Murray International,Global Equity Income,Indonesia,3.56,30/06/2018,GB0006111909
Murray International,Global Equity Income,Japan,4.22,30/06/2018,GB0006111909
Murray International,Global Equity Income,Malaysia,2.8,30/06/2018,GB0006111909
Murray International,Global Equity Income,New Zealand,1.28,30/06/2018,GB0006111909
Murray International,Global Equity Income,Singapore,3.18,30/06/2018,GB0006111909
Murray International,Global Equity Income,Taiwan,7.64,30/06/2018,GB0006111909
Murray International,Global Equity Income,Thailand,2.45,30/06/2018,GB0006111909
Murray International,Global Equity Income,Poland,0.98,30/06/2018,GB0006111909
Murray International,Global Equity Income,France,4.44,30/06/2018,GB0006111909
Murray International,Global Equity Income,Germany,0.97,30/06/2018,GB0006111909
Murray International,Global Equity Income,Sweden,2.48,30/06/2018,GB0006111909
Murray International,Global Equity Income,Switzerland,3.12,30/06/2018,GB0006111909
Murray International,Global Equity Income,UK,12.23,30/06/2018,GB0006111909
Murray International,Global Equity Income,Brazil,4.82,30/06/2018,GB0006111909
Murray International,Global Equity Income,Chile,3.9,30/06/2018,GB0006111909
Murray International,Global Equity Income,Mexico,5.68,30/06/2018,GB0006111909
Murray International,Global Equity Income,Canada,3.29,30/06/2018,GB0006111909
Murray International,Global Equity Income,USA,11.39,30/06/2018,GB0006111909
Murray International,Global Equity Income,Bermuda,0.73,30/06/2018,GB0006111909
Murray International,Global Equity Income,Cash/Cash Equivalent,0.89,30/06/2018,GB0006111909
Murray International,Global Equity Income,Fixed Interest,15.97,30/06/2018,GB0006111909
NB Distressed Debt,Sector Specialist: Debt,Not reported,,,
NB Distressed Debt Extended Life shares,Sector Specialist: Debt,Not reported,,,
NB Distressed Debt New Global shares,Sector Specialist: Debt,Not reported,,,
NB Global Floating Rate Income,Sector Specialist: Debt,Not reported,,,
NB Global Floating Rate Income USD,Sector Specialist: Debt,Not reported,,,
NB Private Equity Partners,Private Equity,Not reported,,,
NextEnergy Solar,Sector Specialist: Infrastructure - Renewable Energy,Not reported,,,
North American Income,North America,Canada,9.18,30/06/2018,GB0000293620
North American Income,North America,USA,85.64,30/06/2018,GB0000293620
North American Income,North America,Cash/Cash Equivalent,2.89,30/06/2018,GB0000293620
North American Income,North America,Fixed Interest,2.29,30/06/2018,GB0000293620
Northern 2 VCT,VCT Generalist,Not reported,,,
Northern 3 VCT,VCT Generalist,Not reported,,,
Northern Investors Company,Private Equity,Not reported,,,
Northern Venture Trust,VCT Generalist,Not reported,,,
Oakley Capital Investments,Private Equity,Not reported,,,
Octopus AIM VCT,VCT AIM Quoted,Not reported,,,
Octopus AIM VCT 2,VCT AIM Quoted,Not reported,,,
Octopus Apollo VCT,VCT Generalist,Not reported,,,
Octopus Titan VCT,VCT Generalist,Not reported,,,
Odyssean Investment Trust,UK Smaller Companies,UK,18.5,30/06/2018,GB00BFFK7H57
Odyssean Investment Trust,UK Smaller Companies,Cash/Cash Equivalent,81.5,30/06/2018,GB00BFFK7H57
Oxford Technology VCT,VCT Specialist: Technology,Not reported,,,
P2P Global Investments,Sector Specialist: Debt,Not reported,,,
Pacific Assets,Asia Pacific - Excluding Japan,Bangladesh,4.53,30/06/2018,GB0006674385
Pacific Assets,Asia Pacific - Excluding Japan,Hong Kong,7.39,30/06/2018,GB0006674385
Pacific Assets,Asia Pacific - Excluding Japan,India,34.22,30/06/2018,GB0006674385
Pacific Assets,Asia Pacific - Excluding Japan,Indonesia,5.5,30/06/2018,GB0006674385
Pacific Assets,Asia Pacific - Excluding Japan,Japan,5.23,30/06/2018,GB0006674385
Pacific Assets,Asia Pacific - Excluding Japan,Malaysia,3.45,30/06/2018,GB0006674385
Pacific Assets,Asia Pacific - Excluding Japan,Philippines,6.97,30/06/2018,GB0006674385
Pacific Assets,Asia Pacific - Excluding Japan,Singapore,1.15,30/06/2018,GB0006674385
Pacific Assets,Asia Pacific - Excluding Japan,South Korea,0.82,30/06/2018,GB0006674385
Pacific Assets,Asia Pacific - Excluding Japan,Sri Lanka,2.65,30/06/2018,GB0006674385
Pacific Assets,Asia Pacific - Excluding Japan,Taiwan,13.18,30/06/2018,GB0006674385
Pacific Assets,Asia Pacific - Excluding Japan,Thailand,3.06,30/06/2018,GB0006674385
Pacific Assets,Asia Pacific - Excluding Japan,USA,1.2,30/06/2018,GB0006674385
Pacific Assets,Asia Pacific - Excluding Japan,Cash/Cash Equivalent,10.65,30/06/2018,GB0006674385
Pacific Assets,Asia Pacific - Excluding Japan,Fixed Interest,0,30/06/2018,GB0006674385
Pacific Horizon,Asia Pacific - Excluding Japan,China,39,30/06/2018,GB0006667470
Pacific Horizon,Asia Pacific - Excluding Japan,Hong Kong,2,30/06/2018,GB0006667470
Pacific Horizon,Asia Pacific - Excluding Japan,India,9,30/06/2018,GB0006667470
Pacific Horizon,Asia Pacific - Excluding Japan,Indonesia,3,30/06/2018,GB0006667470
Pacific Horizon,Asia Pacific - Excluding Japan,Other Asia,1,30/06/2018,GB0006667470
Pacific Horizon,Asia Pacific - Excluding Japan,Singapore,3,30/06/2018,GB0006667470
Pacific Horizon,Asia Pacific - Excluding Japan,South Korea,22,30/06/2018,GB0006667470
Pacific Horizon,Asia Pacific - Excluding Japan,Taiwan,11,30/06/2018,GB0006667470
Pacific Horizon,Asia Pacific - Excluding Japan,Vietnam,9,30/06/2018,GB0006667470
Pacific Horizon,Asia Pacific - Excluding Japan,Cash/Cash Equivalent,1,30/06/2018,GB0006667470
Pantheon International,Private Equity,Not reported,,,
Perpetual Income & Growth,UK Equity Income,Switzerland,3.88,30/06/2018,GB0006798424
Perpetual Income & Growth,UK Equity Income,UK,92.49,30/06/2018,GB0006798424
Perpetual Income & Growth,UK Equity Income,USA,3.73,30/06/2018,GB0006798424
Perpetual Income & Growth,UK Equity Income,Cash/Cash Equivalent,-0.1,30/06/2018,GB0006798424
Perpetual Income & Growth,UK Equity Income,Fixed Interest,0,30/06/2018,GB0006798424
Pershing Square Holdings,Hedge Funds,Not reported,,,
Personal Assets,Flexible Investment,France,0.79,30/06/2018,GB0006827546
Personal Assets,Flexible Investment,Germany,1.49,30/06/2018,GB0006827546
Personal Assets,Flexible Investment,Switzerland,2.66,30/06/2018,GB0006827546
Personal Assets,Flexible Investment,UK,11.42,30/06/2018,GB0006827546
Personal Assets,Flexible Investment,Canada,2.61,30/06/2018,GB0006827546
Personal Assets,Flexible Investment,Other North America,8.66,30/06/2018,GB0006827546
Personal Assets,Flexible Investment,USA,18.43,30/06/2018,GB0006827546
Personal Assets,Flexible Investment,Cash/Cash Equivalent,23.71,30/06/2018,GB0006827546
Personal Assets,Flexible Investment,Fixed Interest,30.23,30/06/2018,GB0006827546
Phoenix Spree Deutschland,Property Direct - Europe,Not reported,,,
Picton Property Income,Property Direct - UK,Not reported,,,
Polar Capital Global Financials,Sector Specialist: Financials,Australia,1,30/06/2018,GB00B9XQT119
Polar Capital Global Financials,Sector Specialist: Financials,Hong Kong,1,30/06/2018,GB00B9XQT119
Polar Capital Global Financials,Sector Specialist: Financials,India,2,30/06/2018,GB00B9XQT119
Polar Capital Global Financials,Sector Specialist: Financials,Japan,3,30/06/2018,GB00B9XQT119
Polar Capital Global Financials,Sector Specialist: Financials,Singapore,5,30/06/2018,GB00B9XQT119
Polar Capital Global Financials,Sector Specialist: Financials,Taiwan,1,30/06/2018,GB00B9XQT119
Polar Capital Global Financials,Sector Specialist: Financials,Thailand,1,30/06/2018,GB00B9XQT119
Polar Capital Global Financials,Sector Specialist: Financials,Belgium,2,30/06/2018,GB00B9XQT119
Polar Capital Global Financials,Sector Specialist: Financials,Finland,2,30/06/2018,GB00B9XQT119
Polar Capital Global Financials,Sector Specialist: Financials,France,3,30/06/2018,GB00B9XQT119
Polar Capital Global Financials,Sector Specialist: Financials,Germany,2,30/06/2018,GB00B9XQT119
Polar Capital Global Financials,Sector Specialist: Financials,Italy,1,30/06/2018,GB00B9XQT119
Polar Capital Global Financials,Sector Specialist: Financials,Netherlands,2,30/06/2018,GB00B9XQT119
Polar Capital Global Financials,Sector Specialist: Financials,Norway,2,30/06/2018,GB00B9XQT119
Polar Capital Global Financials,Sector Specialist: Financials,Spain,3,30/06/2018,GB00B9XQT119
Polar Capital Global Financials,Sector Specialist: Financials,Sweden,2,30/06/2018,GB00B9XQT119
Polar Capital Global Financials,Sector Specialist: Financials,Switzerland,4,30/06/2018,GB00B9XQT119
Polar Capital Global Financials,Sector Specialist: Financials,UK,17,30/06/2018,GB00B9XQT119
Polar Capital Global Financials,Sector Specialist: Financials,Canada,2,30/06/2018,GB00B9XQT119
Polar Capital Global Financials,Sector Specialist: Financials,USA,39,30/06/2018,GB00B9XQT119
Polar Capital Global Financials,Sector Specialist: Financials,Cash/Cash Equivalent,5,30/06/2018,GB00B9XQT119
Polar Capital Global Financials,Sector Specialist: Financials,Fixed Interest,0,30/06/2018,GB00B9XQT119
Polar Capital Global Healthcare,Sector Specialist: Biotechnology & Healthcare,Japan,5,30/06/2018,GB00B6832P16
Polar Capital Global Healthcare,Sector Specialist: Biotechnology & Healthcare,Denmark,2,30/06/2018,GB00B6832P16
Polar Capital Global Healthcare,Sector Specialist: Biotechnology & Healthcare,Germany,3,30/06/2018,GB00B6832P16
Polar Capital Global Healthcare,Sector Specialist: Biotechnology & Healthcare,Ireland,4,30/06/2018,GB00B6832P16
Polar Capital Global Healthcare,Sector Specialist: Biotechnology & Healthcare,Italy,1,30/06/2018,GB00B6832P16
Polar Capital Global Healthcare,Sector Specialist: Biotechnology & Healthcare,Switzerland,4,30/06/2018,GB00B6832P16
Polar Capital Global Healthcare,Sector Specialist: Biotechnology & Healthcare,UK,10,30/06/2018,GB00B6832P16
Polar Capital Global Healthcare,Sector Specialist: Biotechnology & Healthcare,USA,63,30/06/2018,GB00B6832P16
Polar Capital Global Healthcare,Sector Specialist: Biotechnology & Healthcare,Cash/Cash Equivalent,8,30/06/2018,GB00B6832P16
Polar Capital Global Healthcare,Sector Specialist: Biotechnology & Healthcare,Fixed Interest,0,30/06/2018,GB00B6832P16
Polar Capital Technology,Sector Specialist: Tech Media & Telecomm,Japan,5,30/06/2018,GB0004220025
Polar Capital Technology,Sector Specialist: Tech Media & Telecomm,South Korea,3,30/06/2018,GB0004220025
Polar Capital Technology,Sector Specialist: Tech Media & Telecomm,Taiwan,2,30/06/2018,GB0004220025
Polar Capital Technology,Sector Specialist: Tech Media & Telecomm,France,1,30/06/2018,GB0004220025
Polar Capital Technology,Sector Specialist: Tech Media & Telecomm,Germany,1,30/06/2018,GB0004220025
Polar Capital Technology,Sector Specialist: Tech Media & Telecomm,Netherlands,1,30/06/2018,GB0004220025
Polar Capital Technology,Sector Specialist: Tech Media & Telecomm,UK,2,30/06/2018,GB0004220025
Polar Capital Technology,Sector Specialist: Tech Media & Telecomm,USA,71,30/06/2018,GB0004220025
Polar Capital Technology,Sector Specialist: Tech Media & Telecomm,Cayman Islands,7,30/06/2018,GB0004220025
Polar Capital Technology,Sector Specialist: Tech Media & Telecomm,Cash/Cash Equivalent,7,30/06/2018,GB0004220025
Polar Capital Technology,Sector Specialist: Tech Media & Telecomm,Fixed Interest,0,30/06/2018,GB0004220025
Premier Global Infrastructure,Sector Specialist: Utilities,China,17.91,30/06/2018,GB0033537902
Premier Global Infrastructure,Sector Specialist: Utilities,India,2.43,30/06/2018,GB0033537902
Premier Global Infrastructure,Sector Specialist: Utilities,Indonesia,0.26,30/06/2018,GB0033537902
Premier Global Infrastructure,Sector Specialist: Utilities,Philippines,2.62,30/06/2018,GB0033537902
Premier Global Infrastructure,Sector Specialist: Utilities,Thailand,2.99,30/06/2018,GB0033537902
Premier Global Infrastructure,Sector Specialist: Utilities,Italy,2.2,30/06/2018,GB0033537902
Premier Global Infrastructure,Sector Specialist: Utilities,UK,20.31,30/06/2018,GB0033537902
Premier Global Infrastructure,Sector Specialist: Utilities,Brazil,10.7,30/06/2018,GB0033537902
Premier Global Infrastructure,Sector Specialist: Utilities,United Arab Emirates,3.68,30/06/2018,GB0033537902
Premier Global Infrastructure,Sector Specialist: Utilities,Canada,12.94,30/06/2018,GB0033537902
Premier Global Infrastructure,Sector Specialist: Utilities,USA,21.65,30/06/2018,GB0033537902
Premier Global Infrastructure,Sector Specialist: Utilities,Cash/Cash Equivalent,2.31,30/06/2018,GB0033537902
Princess Private Equity Holding,Private Equity,Not reported,,,
ProVen Growth and Income VCT,VCT Generalist,Not reported,,,
ProVen VCT,VCT Generalist,Not reported,,,
PRS REIT,Property Direct - UK,Not reported,,,
Puma VCT 10,VCT Generalist,Not reported,,,
Puma VCT 11,VCT Generalist,Not reported,,,
Puma VCT 12,VCT Generalist Pre Qualifying,Not reported,,,
Puma VCT 9,VCT Generalist,Not reported,,,
Qannas Investments,Private Equity,Not reported,,,
Ranger Direct Lending,Sector Specialist: Debt,Not reported,,,
Real Estate Credit Investments,Sector Specialist: Debt,Not reported,,,
Regional REIT,Property Direct - UK,Not reported,,,
Regional REIT,Property Direct - UK,Not reported,,,
Renewables Infrastructure Group,Sector Specialist: Infrastructure - Renewable Energy,Not reported,,,
Residential Secure Income REIT,Property Specialist,Not reported,,,
Rights & Issues,UK Smaller Companies,Not reported,,,
RIT Capital Partners,Flexible Investment,Not reported,,,
River & Mercantile UK Micro Cap,UK Smaller Companies,Not reported,,,
Riverstone Energy,Sector Specialist: Commodities & Natural Resources,Not reported,,,
RM Secured Direct Lending,Sector Specialist: Debt,Not reported,,,
RM Secured Direct Lending C shares,Sector Specialist: Debt,Not reported,,,
Ruffer Investment Company,Flexible Investment,Not reported,,,
Sanditon Investment,UK All Companies,UK,22.43,30/06/2018,GB00BMPHJ807
Sanditon Investment,UK All Companies,Cash/Cash Equivalent,31.63,30/06/2018,GB00BMPHJ807
Sanditon Investment,UK All Companies,Fixed Interest,45.94,30/06/2018,GB00BMPHJ807
Schroder Asian Total Return,Asia Pacific - Excluding Japan,Australia,12.49,30/06/2018,GB0008710799
Schroder Asian Total Return,Asia Pacific - Excluding Japan,China,9.69,30/06/2018,GB0008710799
Schroder Asian Total Return,Asia Pacific - Excluding Japan,Hong Kong,30.82,30/06/2018,GB0008710799
Schroder Asian Total Return,Asia Pacific - Excluding Japan,India,5.29,30/06/2018,GB0008710799
Schroder Asian Total Return,Asia Pacific - Excluding Japan,Singapore,4.52,30/06/2018,GB0008710799
Schroder Asian Total Return,Asia Pacific - Excluding Japan,South Korea,4.94,30/06/2018,GB0008710799
Schroder Asian Total Return,Asia Pacific - Excluding Japan,Taiwan,9.91,30/06/2018,GB0008710799
Schroder Asian Total Return,Asia Pacific - Excluding Japan,Thailand,2.05,30/06/2018,GB0008710799
Schroder Asian Total Return,Asia Pacific - Excluding Japan,Luxembourg,0.88,30/06/2018,GB0008710799
Schroder Asian Total Return,Asia Pacific - Excluding Japan,UK,2.49,30/06/2018,GB0008710799
Schroder Asian Total Return,Asia Pacific - Excluding Japan,USA,14.3,30/06/2018,GB0008710799
Schroder Asian Total Return,Asia Pacific - Excluding Japan,Cash/Cash Equivalent,2.62,30/06/2018,GB0008710799
Schroder AsiaPacific,Asia Pacific - Excluding Japan,China,12.55,30/06/2018,GB0007918872
Schroder AsiaPacific,Asia Pacific - Excluding Japan,Hong Kong,20.22,30/06/2018,GB0007918872
Schroder AsiaPacific,Asia Pacific - Excluding Japan,India,9.84,30/06/2018,GB0007918872
Schroder AsiaPacific,Asia Pacific - Excluding Japan,Indonesia,1.02,30/06/2018,GB0007918872
Schroder AsiaPacific,Asia Pacific - Excluding Japan,Philippines,0.2,30/06/2018,GB0007918872
Schroder AsiaPacific,Asia Pacific - Excluding Japan,Singapore,5.78,30/06/2018,GB0007918872
Schroder AsiaPacific,Asia Pacific - Excluding Japan,South Korea,15.07,30/06/2018,GB0007918872
Schroder AsiaPacific,Asia Pacific - Excluding Japan,Sri Lanka,0.48,30/06/2018,GB0007918872
Schroder AsiaPacific,Asia Pacific - Excluding Japan,Taiwan,9.94,30/06/2018,GB0007918872
Schroder AsiaPacific,Asia Pacific - Excluding Japan,Thailand,3.65,30/06/2018,GB0007918872
Schroder AsiaPacific,Asia Pacific - Excluding Japan,Italy,0.12,30/06/2018,GB0007918872
Schroder AsiaPacific,Asia Pacific - Excluding Japan,UK,6.56,30/06/2018,GB0007918872
Schroder AsiaPacific,Asia Pacific - Excluding Japan,USA,9.8,30/06/2018,GB0007918872
Schroder AsiaPacific,Asia Pacific - Excluding Japan,Cash/Cash Equivalent,4.77,30/06/2018,GB0007918872
Schroder European Real Estate,Property Direct - Europe,Not reported,,,
Schroder Income Growth,UK Equity Income,Germany,1.09,30/06/2018,GB0007915860
Schroder Income Growth,UK Equity Income,Ireland,1.63,30/06/2018,GB0007915860
Schroder Income Growth,UK Equity Income,Portugal,1.72,30/06/2018,GB0007915860
Schroder Income Growth,UK Equity Income,Sweden,1.74,30/06/2018,GB0007915860
Schroder Income Growth,UK Equity Income,UK,92.34,30/06/2018,GB0007915860
Schroder Income Growth,UK Equity Income,Cash/Cash Equivalent,1.48,30/06/2018,GB0007915860
Schroder Income Growth,UK Equity Income,Fixed Interest,0,30/06/2018,GB0007915860
Schroder Japan Growth,Japan,Japan,97.95,30/06/2018,GB0008022849
Schroder Japan Growth,Japan,Cash/Cash Equivalent,2.05,30/06/2018,GB0008022849
Schroder Oriental Income,Asia Pacific - Excluding Japan,Australia,13.52,30/06/2018,GB00B0CRWN59
Schroder Oriental Income,Asia Pacific - Excluding Japan,China,11.49,30/06/2018,GB00B0CRWN59
Schroder Oriental Income,Asia Pacific - Excluding Japan,Hong Kong,15.19,30/06/2018,GB00B0CRWN59
Schroder Oriental Income,Asia Pacific - Excluding Japan,India,0.63,30/06/2018,GB00B0CRWN59
Schroder Oriental Income,Asia Pacific - Excluding Japan,Japan,2.65,30/06/2018,GB00B0CRWN59
Schroder Oriental Income,Asia Pacific - Excluding Japan,Malaysia,0.56,30/06/2018,GB00B0CRWN59
Schroder Oriental Income,Asia Pacific - Excluding Japan,New Zealand,1.85,30/06/2018,GB00B0CRWN59
Schroder Oriental Income,Asia Pacific - Excluding Japan,Singapore,10.69,30/06/2018,GB00B0CRWN59
Schroder Oriental Income,Asia Pacific - Excluding Japan,South Korea,9.04,30/06/2018,GB00B0CRWN59
Schroder Oriental Income,Asia Pacific - Excluding Japan,Taiwan,14.72,30/06/2018,GB00B0CRWN59
Schroder Oriental Income,Asia Pacific - Excluding Japan,Thailand,6.99,30/06/2018,GB00B0CRWN59
Schroder Oriental Income,Asia Pacific - Excluding Japan,UK,9.02,30/06/2018,GB00B0CRWN59
Schroder Oriental Income,Asia Pacific - Excluding Japan,Cayman Islands,0.93,30/06/2018,GB00B0CRWN59
Schroder Oriental Income,Asia Pacific - Excluding Japan,Cash/Cash Equivalent,2.72,30/06/2018,GB00B0CRWN59
Schroder Real Estate,Property Direct - UK,Not reported,,,
Schroder UK Mid Cap,UK All Companies,Ireland,1.33,30/06/2018,GB0006108418
Schroder UK Mid Cap,UK All Companies,UK,98.74,30/06/2018,GB0006108418
Schroder UK Mid Cap,UK All Companies,Cash/Cash Equivalent,-0.07,30/06/2018,GB0006108418
Schroder UK Mid Cap,UK All Companies,Fixed Interest,0,30/06/2018,GB0006108418
ScotGems,Global Smaller Companies,Nigeria,6.64,30/06/2018,GB00BYT25542
ScotGems,Global Smaller Companies,South Africa,4.66,30/06/2018,GB00BYT25542
ScotGems,Global Smaller Companies,Hong Kong,5.91,30/06/2018,GB00BYT25542
ScotGems,Global Smaller Companies,India,7.98,30/06/2018,GB00BYT25542
ScotGems,Global Smaller Companies,Indonesia,3.94,30/06/2018,GB00BYT25542
ScotGems,Global Smaller Companies,Malaysia,3.97,30/06/2018,GB00BYT25542
ScotGems,Global Smaller Companies,Philippines,3.74,30/06/2018,GB00BYT25542
ScotGems,Global Smaller Companies,Singapore,5.52,30/06/2018,GB00BYT25542
ScotGems,Global Smaller Companies,South Korea,5.38,30/06/2018,GB00BYT25542
ScotGems,Global Smaller Companies,Taiwan,2.44,30/06/2018,GB00BYT25542
ScotGems,Global Smaller Companies,Greece,0.52,30/06/2018,GB00BYT25542
ScotGems,Global Smaller Companies,UK,1.99,30/06/2018,GB00BYT25542
ScotGems,Global Smaller Companies,Mexico,2.11,30/06/2018,GB00BYT25542
ScotGems,Global Smaller Companies,Cash/Cash Equivalent,45.2,30/06/2018,GB00BYT25542
ScotGems,Global Smaller Companies,Fixed Interest,0,30/06/2018,GB00BYT25542
Scottish American,Global Equity Income,South Africa,2,30/06/2018,GB0007873697
Scottish American,Global Equity Income,Australia,5,30/06/2018,GB0007873697
Scottish American,Global Equity Income,China,2,30/06/2018,GB0007873697
Scottish American,Global Equity Income,Hong Kong,5,30/06/2018,GB0007873697
Scottish American,Global Equity Income,Japan,2,30/06/2018,GB0007873697
Scottish American,Global Equity Income,Singapore,1,30/06/2018,GB0007873697
Scottish American,Global Equity Income,Taiwan,1,30/06/2018,GB0007873697
Scottish American,Global Equity Income,Denmark,2,30/06/2018,GB0007873697
Scottish American,Global Equity Income,France,5,30/06/2018,GB0007873697
Scottish American,Global Equity Income,Germany,4,30/06/2018,GB0007873697
Scottish American,Global Equity Income,Netherlands,2,30/06/2018,GB0007873697
Scottish American,Global Equity Income,Spain,2,30/06/2018,GB0007873697
Scottish American,Global Equity Income,Sweden,3,30/06/2018,GB0007873697
Scottish American,Global Equity Income,Switzerland,4,30/06/2018,GB0007873697
Scottish American,Global Equity Income,UK,28,30/06/2018,GB0007873697
Scottish American,Global Equity Income,Brazil,1,30/06/2018,GB0007873697
Scottish American,Global Equity Income,Mexico,1,30/06/2018,GB0007873697
Scottish American,Global Equity Income,USA,24,30/06/2018,GB0007873697
Scottish American,Global Equity Income,Cash/Cash Equivalent,2,30/06/2018,GB0007873697
Scottish American,Global Equity Income,Fixed Interest,4,30/06/2018,GB0007873697
Scottish Investment Trust,Global,Australia,3.21,30/06/2018,GB0007826091
Scottish Investment Trust,Global,Hong Kong,1.62,30/06/2018,GB0007826091
Scottish Investment Trust,Global,Japan,8.17,30/06/2018,GB0007826091
Scottish Investment Trust,Global,France,5.01,30/06/2018,GB0007826091
Scottish Investment Trust,Global,Germany,3.75,30/06/2018,GB0007826091
Scottish Investment Trust,Global,Ireland,0.71,30/06/2018,GB0007826091
Scottish Investment Trust,Global,Italy,0.86,30/06/2018,GB0007826091
Scottish Investment Trust,Global,Netherlands,2.71,30/06/2018,GB0007826091
Scottish Investment Trust,Global,Norway,0.93,30/06/2018,GB0007826091
Scottish Investment Trust,Global,Switzerland,2.49,30/06/2018,GB0007826091
Scottish Investment Trust,Global,UK,30.5,30/06/2018,GB0007826091
Scottish Investment Trust,Global,Canada,3.93,30/06/2018,GB0007826091
Scottish Investment Trust,Global,USA,29.93,30/06/2018,GB0007826091
Scottish Investment Trust,Global,Cash/Cash Equivalent,6.18,30/06/2018,GB0007826091
Scottish Mortgage,Global,China,23,30/06/2018,GB00BLDYK618
Scottish Mortgage,Global,India,2,30/06/2018,GB00BLDYK618
Scottish Mortgage,Global,France,3,30/06/2018,GB00BLDYK618
Scottish Mortgage,Global,Germany,7,30/06/2018,GB00BLDYK618
Scottish Mortgage,Global,Italy,3,30/06/2018,GB00BLDYK618
Scottish Mortgage,Global,Netherlands,3,30/06/2018,GB00BLDYK618
Scottish Mortgage,Global,Spain,3,30/06/2018,GB00BLDYK618
Scottish Mortgage,Global,Sweden,5,30/06/2018,GB00BLDYK618
Scottish Mortgage,Global,UK,3,30/06/2018,GB00BLDYK618
Scottish Mortgage,Global,USA,47,30/06/2018,GB00BLDYK618
Scottish Mortgage,Global,Cash/Cash Equivalent,1,30/06/2018,GB00BLDYK618
Scottish Mortgage,Global,Fixed Interest,0,30/06/2018,GB00BLDYK618
Scottish Oriental Smaller Companies,Asia Pacific - Excluding Japan,Bangladesh,1.6,30/06/2018,GB0007836132
Scottish Oriental Smaller Companies,Asia Pacific - Excluding Japan,China,8.64,30/06/2018,GB0007836132
Scottish Oriental Smaller Companies,Asia Pacific - Excluding Japan,Hong Kong,5.8,30/06/2018,GB0007836132
Scottish Oriental Smaller Companies,Asia Pacific - Excluding Japan,India,27.96,30/06/2018,GB0007836132
Scottish Oriental Smaller Companies,Asia Pacific - Excluding Japan,Indonesia,7.94,30/06/2018,GB0007836132
Scottish Oriental Smaller Companies,Asia Pacific - Excluding Japan,Malaysia,2,30/06/2018,GB0007836132
Scottish Oriental Smaller Companies,Asia Pacific - Excluding Japan,Pakistan,1.71,30/06/2018,GB0007836132
Scottish Oriental Smaller Companies,Asia Pacific - Excluding Japan,Philippines,9.37,30/06/2018,GB0007836132
Scottish Oriental Smaller Companies,Asia Pacific - Excluding Japan,Singapore,5.19,30/06/2018,GB0007836132
Scottish Oriental Smaller Companies,Asia Pacific - Excluding Japan,South Korea,1.86,30/06/2018,GB0007836132
Scottish Oriental Smaller Companies,Asia Pacific - Excluding Japan,Sri Lanka,4.73,30/06/2018,GB0007836132
Scottish Oriental Smaller Companies,Asia Pacific - Excluding Japan,Taiwan,12.17,30/06/2018,GB0007836132
Scottish Oriental Smaller Companies,Asia Pacific - Excluding Japan,Thailand,2.1,30/06/2018,GB0007836132
Scottish Oriental Smaller Companies,Asia Pacific - Excluding Japan,Vietnam,1.65,30/06/2018,GB0007836132
Scottish Oriental Smaller Companies,Asia Pacific - Excluding Japan,Cash/Cash Equivalent,7.28,30/06/2018,GB0007836132
Securities Trust of Scotland,Global Equity Income,Australia,4.12,30/06/2018,GB00B09G3N23
Securities Trust of Scotland,Global Equity Income,China,1,30/06/2018,GB00B09G3N23
Securities Trust of Scotland,Global Equity Income,Singapore,1.65,30/06/2018,GB00B09G3N23
Securities Trust of Scotland,Global Equity Income,South Korea,0.92,30/06/2018,GB00B09G3N23
Securities Trust of Scotland,Global Equity Income,Taiwan,2.01,30/06/2018,GB00B09G3N23
Securities Trust of Scotland,Global Equity Income,France,4.14,30/06/2018,GB00B09G3N23
Securities Trust of Scotland,Global Equity Income,Germany,3.78,30/06/2018,GB00B09G3N23
Securities Trust of Scotland,Global Equity Income,Ireland,2,30/06/2018,GB00B09G3N23
Securities Trust of Scotland,Global Equity Income,Italy,1.53,30/06/2018,GB00B09G3N23
Securities Trust of Scotland,Global Equity Income,Netherlands,8.57,30/06/2018,GB00B09G3N23
Securities Trust of Scotland,Global Equity Income,Sweden,1.8,30/06/2018,GB00B09G3N23
Securities Trust of Scotland,Global Equity Income,Switzerland,4.38,30/06/2018,GB00B09G3N23
Securities Trust of Scotland,Global Equity Income,UK,14.25,30/06/2018,GB00B09G3N23
Securities Trust of Scotland,Global Equity Income,Canada,6.76,30/06/2018,GB00B09G3N23
Securities Trust of Scotland,Global Equity Income,USA,33.86,30/06/2018,GB00B09G3N23
Securities Trust of Scotland,Global Equity Income,Bermuda,2.09,30/06/2018,GB00B09G3N23
Securities Trust of Scotland,Global Equity Income,Cash/Cash Equivalent,7.14,30/06/2018,GB00B09G3N23
Seneca Global Income & Growth,Flexible Investment,Asia exc Japan,4.89,30/06/2018,GB0008769993
Seneca Global Income & Growth,Flexible Investment,Asia inc Japan,3.9,30/06/2018,GB0008769993
Seneca Global Income & Growth,Flexible Investment,Japan,3.06,30/06/2018,GB0008769993
Seneca Global Income & Growth,Flexible Investment,European Developed,7.37,30/06/2018,GB0008769993
Seneca Global Income & Growth,Flexible Investment,UK,47.44,30/06/2018,GB0008769993
Seneca Global Income & Growth,Flexible Investment,USA,2.59,30/06/2018,GB0008769993
Seneca Global Income & Growth,Flexible Investment,Other Countries,14.99,30/06/2018,GB0008769993
Seneca Global Income & Growth,Flexible Investment,Cash/Cash Equivalent,6.61,30/06/2018,GB0008769993
Seneca Global Income & Growth,Flexible Investment,Fixed Interest,9.15,30/06/2018,GB0008769993
Sequoia Economic Infrastructure Income,Sector Specialist: Infrastructure,Not reported,,,
Shires Income,UK Equity Income,Denmark,0.99,30/06/2018,GB0008052507
Shires Income,UK Equity Income,Finland,0.69,30/06/2018,GB0008052507
Shires Income,UK Equity Income,Italy,0.34,30/06/2018,GB0008052507
Shires Income,UK Equity Income,Netherlands,1.29,30/06/2018,GB0008052507
Shires Income,UK Equity Income,Switzerland,1.21,30/06/2018,GB0008052507
Shires Income,UK Equity Income,UK,67.06,30/06/2018,GB0008052507
Shires Income,UK Equity Income,Cash/Cash Equivalent,2.59,30/06/2018,GB0008052507
Shires Income,UK Equity Income,Fixed Interest,25.83,30/06/2018,GB0008052507
SQN Asset Finance Income,Sector Specialist: Leasing,Not reported,,,
SQN Asset Finance Income C shares,Sector Specialist: Leasing,Not reported,,,
SQN Secured Income,Sector Specialist: Debt,Not reported,,,
Standard Life Equity Income,UK Equity Income,UK,99.61,30/06/2018,GB0006039597
Standard Life Equity Income,UK Equity Income,Cash/Cash Equivalent,0.39,30/06/2018,GB0006039597
Standard Life Investments Property Income,Property Direct - UK,Not reported,,,
Standard Life Private Equity,Private Equity,Not reported,,,
Standard Life UK Smaller Companies,UK Smaller Companies,UK,97.88,30/06/2018,GB0002959582
Standard Life UK Smaller Companies,UK Smaller Companies,Cash/Cash Equivalent,2.12,30/06/2018,GB0002959582
Starwood European Real Estate Finance,Sector Specialist: Debt,Not reported,,,
Strategic Equity Capital,UK Smaller Companies,European Developed,0.49,30/06/2018,GB00B0BDCB21
Strategic Equity Capital,UK Smaller Companies,UK,91.92,30/06/2018,GB00B0BDCB21
Strategic Equity Capital,UK Smaller Companies,Cash/Cash Equivalent,7.59,30/06/2018,GB00B0BDCB21
Strategic Equity Capital,UK Smaller Companies,Fixed Interest,0,30/06/2018,GB00B0BDCB21
Supermarket Income REIT,Property Specialist,Not reported,,,
Target Healthcare REIT,Property Specialist,Not reported,,,
Temple Bar,UK Equity Income,Ireland,1,30/06/2018,GB0008825324
Temple Bar,UK Equity Income,UK,85,30/06/2018,GB0008825324
Temple Bar,UK Equity Income,USA,6,30/06/2018,GB0008825324
Temple Bar,UK Equity Income,Cash/Cash Equivalent,8,30/06/2018,GB0008825324
Templeton Emerging Markets,Global Emerging Markets,Kenya,1,30/06/2018,GB0008829292
Templeton Emerging Markets,Global Emerging Markets,South Africa,7.4,30/06/2018,GB0008829292
Templeton Emerging Markets,Global Emerging Markets,Cambodia,0.9,30/06/2018,GB0008829292
Templeton Emerging Markets,Global Emerging Markets,China,23.9,30/06/2018,GB0008829292
Templeton Emerging Markets,Global Emerging Markets,India,5.3,30/06/2018,GB0008829292
Templeton Emerging Markets,Global Emerging Markets,Indonesia,3.5,30/06/2018,GB0008829292
Templeton Emerging Markets,Global Emerging Markets,Pakistan,1.1,30/06/2018,GB0008829292
Templeton Emerging Markets,Global Emerging Markets,Philippines,0.5,30/06/2018,GB0008829292
Templeton Emerging Markets,Global Emerging Markets,South Korea,13.8,30/06/2018,GB0008829292
Templeton Emerging Markets,Global Emerging Markets,Taiwan,9.8,30/06/2018,GB0008829292
Templeton Emerging Markets,Global Emerging Markets,Thailand,4.1,30/06/2018,GB0008829292
Templeton Emerging Markets,Global Emerging Markets,Czech Republic,0.5,30/06/2018,GB0008829292
Templeton Emerging Markets,Global Emerging Markets,Hungary,0.8,30/06/2018,GB0008829292
Templeton Emerging Markets,Global Emerging Markets,Russia,8.5,30/06/2018,GB0008829292
Templeton Emerging Markets,Global Emerging Markets,UK,1.8,30/06/2018,GB0008829292
Templeton Emerging Markets,Global Emerging Markets,Argentina,0.1,30/06/2018,GB0008829292
Templeton Emerging Markets,Global Emerging Markets,Brazil,6.7,30/06/2018,GB0008829292
Templeton Emerging Markets,Global Emerging Markets,Mexico,2.2,30/06/2018,GB0008829292
Templeton Emerging Markets,Global Emerging Markets,Peru,3.2,30/06/2018,GB0008829292
Templeton Emerging Markets,Global Emerging Markets,Saudi Arabia,0.5,30/06/2018,GB0008829292
Templeton Emerging Markets,Global Emerging Markets,USA,1.1,30/06/2018,GB0008829292
Templeton Emerging Markets,Global Emerging Markets,Cash/Cash Equivalent,3.3,30/06/2018,GB0008829292
Tetragon Financial Group,Flexible Investment,Not reported,,,
The Income & Growth VCT,VCT Generalist,Not reported,,,
Third Point Offshore Investors,Hedge Funds,Not reported,,,
Third Point Offshore Investors USD,Hedge Funds,Not reported,,,
TOC Property Backed Lending,Sector Specialist: Debt,Not reported,,,
TR European Growth,European Smaller Companies,Austria,2.11,30/06/2018,GB0009066928
TR European Growth,European Smaller Companies,Belgium,4.35,30/06/2018,GB0009066928
TR European Growth,European Smaller Companies,Denmark,2.44,30/06/2018,GB0009066928
TR European Growth,European Smaller Companies,Finland,10.9,30/06/2018,GB0009066928
TR European Growth,European Smaller Companies,France,12.14,30/06/2018,GB0009066928
TR European Growth,European Smaller Companies,Germany,17.81,30/06/2018,GB0009066928
TR European Growth,European Smaller Companies,Greece,0.63,30/06/2018,GB0009066928
TR European Growth,European Smaller Companies,Ireland,1.69,30/06/2018,GB0009066928
TR European Growth,European Smaller Companies,Italy,8.6,30/06/2018,GB0009066928
TR European Growth,European Smaller Companies,Netherlands,13.02,30/06/2018,GB0009066928
TR European Growth,European Smaller Companies,Norway,6.44,30/06/2018,GB0009066928
TR European Growth,European Smaller Companies,Portugal,0.8,30/06/2018,GB0009066928
TR European Growth,European Smaller Companies,Spain,0.68,30/06/2018,GB0009066928
TR European Growth,European Smaller Companies,Sweden,9.67,30/06/2018,GB0009066928
TR European Growth,European Smaller Companies,Switzerland,9.52,30/06/2018,GB0009066928
TR European Growth,European Smaller Companies,Cash/Cash Equivalent,-0.8,30/06/2018,GB0009066928
TR European Growth,European Smaller Companies,Fixed Interest,0,30/06/2018,GB0009066928
TR Property,Property Securities,Austria,0.82,30/06/2018,GB0009064097
TR Property,Property Securities,Belgium,1.12,30/06/2018,GB0009064097
TR Property,Property Securities,France,17.46,30/06/2018,GB0009064097
TR Property,Property Securities,Germany,21.11,30/06/2018,GB0009064097
TR Property,Property Securities,Ireland,0.94,30/06/2018,GB0009064097
TR Property,Property Securities,Netherlands,1.73,30/06/2018,GB0009064097
TR Property,Property Securities,Norway,1.43,30/06/2018,GB0009064097
TR Property,Property Securities,Spain,5.04,30/06/2018,GB0009064097
TR Property,Property Securities,Sweden,7.98,30/06/2018,GB0009064097
TR Property,Property Securities,Switzerland,1.21,30/06/2018,GB0009064097
TR Property,Property Securities,UK,39.99,30/06/2018,GB0009064097
TR Property,Property Securities,Cash/Cash Equivalent,1.17,30/06/2018,GB0009064097
TR Property,Property Securities,Fixed Interest,0,30/06/2018,GB0009064097
Triple Point Income VCT,VCT Generalist,Not reported,,,
Triple Point Income VCT C shares,VCT Generalist,Not reported,,,
Triple Point Income VCT D shares,VCT Generalist,Not reported,,,
Triple Point Income VCT E shares,VCT Generalist Pre Qualifying,Not reported,,,
Triple Point Social Housing REIT,Property Specialist,Not reported,,,
Triple Point Social Housing REIT C shares,Property Specialist,Not reported,,,
Triple Point VCT 2011 A shares,VCT Generalist,Not reported,,,
Triple Point VCT 2011 B shares,VCT Generalist Pre Qualifying,Not reported,,,
Tritax Big Box REIT,Property Specialist,Not reported,,,
Troy Income & Growth,UK Equity Income,Switzerland,2.47,30/06/2018,GB0003708665
Troy Income & Growth,UK Equity Income,UK,84.06,30/06/2018,GB0003708665
Troy Income & Growth,UK Equity Income,USA,7.07,30/06/2018,GB0003708665
Troy Income & Growth,UK Equity Income,Cash/Cash Equivalent,6.4,30/06/2018,GB0003708665
Tufton Oceanic Assets,Sector Specialist: Leasing,Not reported,,,
TwentyFour Income,Sector Specialist: Debt,Not reported,,,
TwentyFour Select Monthly Income,Sector Specialist: Debt,Not reported,,,
UIL,Flexible Investment,Australia,38.26,30/06/2018,BMG917071026
UIL,Flexible Investment,New Zealand,2.42,30/06/2018,BMG917071026
UIL,Flexible Investment,Ireland,0.06,30/06/2018,BMG917071026
UIL,Flexible Investment,UK,30.54,30/06/2018,BMG917071026
UIL,Flexible Investment,Canada,2.35,30/06/2018,BMG917071026
UIL,Flexible Investment,USA,26.19,30/06/2018,BMG917071026
UIL,Flexible Investment,Bermuda,1.36,30/06/2018,BMG917071026
UIL,Flexible Investment,Cash/Cash Equivalent,-1.18,30/06/2018,BMG917071026
UK Commercial Property REIT,Property Direct - UK,Not reported,,,
UK Mortgages,Sector Specialist: Debt,Not reported,,,
Unicorn AIM VCT,VCT AIM Quoted,UK,96,30/06/2018,GB00B1RTFN43
Unicorn AIM VCT,VCT AIM Quoted,Cash/Cash Equivalent,3.63,30/06/2018,GB00B1RTFN43
Unicorn AIM VCT,VCT AIM Quoted,Fixed Interest,0.37,30/06/2018,GB00B1RTFN43
Utilico Emerging Markets,Global Emerging Markets,Kenya,0.48,30/06/2018,GB00BD45S967
Utilico Emerging Markets,Global Emerging Markets,Other African,0.81,30/06/2018,GB00BD45S967
Utilico Emerging Markets,Global Emerging Markets,Australia,2.1,30/06/2018,GB00BD45S967
Utilico Emerging Markets,Global Emerging Markets,Hong Kong,14.23,30/06/2018,GB00BD45S967
Utilico Emerging Markets,Global Emerging Markets,Indonesia,0.5,30/06/2018,GB00BD45S967
Utilico Emerging Markets,Global Emerging Markets,Malaysia,3.55,30/06/2018,GB00BD45S967
Utilico Emerging Markets,Global Emerging Markets,Philippines,5.28,30/06/2018,GB00BD45S967
Utilico Emerging Markets,Global Emerging Markets,Singapore,0.12,30/06/2018,GB00BD45S967
Utilico Emerging Markets,Global Emerging Markets,Thailand,0.81,30/06/2018,GB00BD45S967
Utilico Emerging Markets,Global Emerging Markets,Vietnam,0.67,30/06/2018,GB00BD45S967
Utilico Emerging Markets,Global Emerging Markets,Lithuania,0.11,30/06/2018,GB00BD45S967
Utilico Emerging Markets,Global Emerging Markets,Poland,0.9,30/06/2018,GB00BD45S967
Utilico Emerging Markets,Global Emerging Markets,Romania,10.41,30/06/2018,GB00BD45S967
Utilico Emerging Markets,Global Emerging Markets,Slovenia,0.51,30/06/2018,GB00BD45S967
Utilico Emerging Markets,Global Emerging Markets,Turkey,0.87,30/06/2018,GB00BD45S967
Utilico Emerging Markets,Global Emerging Markets,Greece,0.78,30/06/2018,GB00BD45S967
Utilico Emerging Markets,Global Emerging Markets,UK,6.89,30/06/2018,GB00BD45S967
Utilico Emerging Markets,Global Emerging Markets,Argentina,2.52,30/06/2018,GB00BD45S967
Utilico Emerging Markets,Global Emerging Markets,Brazil,16.02,30/06/2018,GB00BD45S967
Utilico Emerging Markets,Global Emerging Markets,Chile,5.46,30/06/2018,GB00BD45S967
Utilico Emerging Markets,Global Emerging Markets,Colombia,1.42,30/06/2018,GB00BD45S967
Utilico Emerging Markets,Global Emerging Markets,Mexico,3.91,30/06/2018,GB00BD45S967
Utilico Emerging Markets,Global Emerging Markets,Egypt,0.15,30/06/2018,GB00BD45S967
Utilico Emerging Markets,Global Emerging Markets,Kuwait,0.67,30/06/2018,GB00BD45S967
Utilico Emerging Markets,Global Emerging Markets,Other Middle East,0.29,30/06/2018,GB00BD45S967
Utilico Emerging Markets,Global Emerging Markets,USA,19.82,30/06/2018,GB00BD45S967
Utilico Emerging Markets,Global Emerging Markets,Cash/Cash Equivalent,0.72,30/06/2018,GB00BD45S967
Utilico Emerging Markets,Global Emerging Markets,Fixed Interest,0,30/06/2018,GB00BD45S967
Value and Income,UK Equity Income,UK,98.15,30/06/2018,GB0008484718
Value and Income,UK Equity Income,Cash/Cash Equivalent,1.85,30/06/2018,GB0008484718
Ventus 2 VCT,VCT Specialist: Environmental,Not reported,,,
Ventus 2 VCT C shares,VCT Specialist: Environmental,Not reported,,,
Ventus 2 VCT D shares,VCT Specialist: Environmental,Not reported,,,
Ventus VCT,VCT Specialist: Environmental,Not reported,,,
Ventus VCT C shares,VCT Specialist: Environmental,Not reported,,,
Ventus VCT D shares,VCT Specialist: Environmental,Not reported,,,
Vietnam Enterprise Investments,Country Specialists: Asia Pacific,Not reported,,,
VinaCapital Vietnam Opportunity,Country Specialists: Asia Pacific,Not reported,,,
Vinaland,Property Direct - Asia Pacific,Not reported,,,
Volta Finance,Sector Specialist: Debt,Not reported,,,
VPC Specialty Lending Investments,Sector Specialist: Debt,Not reported,,,
Warehouse REIT,Property Specialist,Not reported,,,
Witan,Global,Australia,0.56,30/06/2018,GB0009744060
Witan,Global,China,4.05,30/06/2018,GB0009744060
Witan,Global,Far East & Pacific Region,0.21,30/06/2018,GB0009744060
Witan,Global,Hong Kong,2.89,30/06/2018,GB0009744060
Witan,Global,India,1.16,30/06/2018,GB0009744060
Witan,Global,Indonesia,0.46,30/06/2018,GB0009744060
Witan,Global,Japan,4.33,30/06/2018,GB0009744060
Witan,Global,Malaysia,0.02,30/06/2018,GB0009744060
Witan,Global,Philippines,0.08,30/06/2018,GB0009744060
Witan,Global,Singapore,0.56,30/06/2018,GB0009744060
Witan,Global,South Korea,2.65,30/06/2018,GB0009744060
Witan,Global,Taiwan,1.44,30/06/2018,GB0009744060
Witan,Global,Thailand,0.36,30/06/2018,GB0009744060
Witan,Global,Vietnam,0.41,30/06/2018,GB0009744060
Witan,Global,Belgium,0.21,30/06/2018,GB0009744060
Witan,Global,Denmark,0.46,30/06/2018,GB0009744060
Witan,Global,Finland,0.36,30/06/2018,GB0009744060
Witan,Global,France,4.66,30/06/2018,GB0009744060
Witan,Global,Germany,3.33,30/06/2018,GB0009744060
Witan,Global,Guernsey,1.79,30/06/2018,GB0009744060
Witan,Global,Ireland,0.29,30/06/2018,GB0009744060
Witan,Global,Italy,0.94,30/06/2018,GB0009744060
Witan,Global,Luxembourg,2.32,30/06/2018,GB0009744060
Witan,Global,Netherlands,2.53,30/06/2018,GB0009744060
Witan,Global,Norway,0.31,30/06/2018,GB0009744060
Witan,Global,Other European,0.12,30/06/2018,GB0009744060
Witan,Global,Spain,0.59,30/06/2018,GB0009744060
Witan,Global,Sweden,1.06,30/06/2018,GB0009744060
Witan,Global,Switzerland,1.52,30/06/2018,GB0009744060
Witan,Global,UK,34.96,30/06/2018,GB0009744060
Witan,Global,Mexico,0.01,30/06/2018,GB0009744060
Witan,Global,Israel,0.15,30/06/2018,GB0009744060
Witan,Global,USA,22.41,30/06/2018,GB0009744060
Witan,Global,Other Countries,0.31,30/06/2018,GB0009744060
Witan,Global,Cash/Cash Equivalent,2.49,30/06/2018,GB0009744060
Witan,Global,Fixed Interest,0,30/06/2018,GB0009744060
Witan Pacific,Asia Pacific - Including Japan,Australia,4.9,30/06/2018,GB0003656021
Witan Pacific,Asia Pacific - Including Japan,China,19.81,30/06/2018,GB0003656021
Witan Pacific,Asia Pacific - Including Japan,Hong Kong,10.85,30/06/2018,GB0003656021
Witan Pacific,Asia Pacific - Including Japan,India,5.63,30/06/2018,GB0003656021
Witan Pacific,Asia Pacific - Including Japan,Indonesia,2.04,30/06/2018,GB0003656021
Witan Pacific,Asia Pacific - Including Japan,Japan,28.76,30/06/2018,GB0003656021
Witan Pacific,Asia Pacific - Including Japan,Malaysia,0.41,30/06/2018,GB0003656021
Witan Pacific,Asia Pacific - Including Japan,Other Asia,0.44,30/06/2018,GB0003656021
Witan Pacific,Asia Pacific - Including Japan,Philippines,0.79,30/06/2018,GB0003656021
Witan Pacific,Asia Pacific - Including Japan,Singapore,5.2,30/06/2018,GB0003656021
Witan Pacific,Asia Pacific - Including Japan,South Korea,10.27,30/06/2018,GB0003656021
Witan Pacific,Asia Pacific - Including Japan,Taiwan,5.13,30/06/2018,GB0003656021
Witan Pacific,Asia Pacific - Including Japan,Thailand,1.62,30/06/2018,GB0003656021
Witan Pacific,Asia Pacific - Including Japan,Vietnam,1.56,30/06/2018,GB0003656021
Witan Pacific,Asia Pacific - Including Japan,USA,0.2,30/06/2018,GB0003656021
Witan Pacific,Asia Pacific - Including Japan,Cash/Cash Equivalent,2.39,30/06/2018,GB0003656021
Woodford Patient Capital,UK All Companies,Ireland,4.82,30/06/2018,GB00BVG1CF25
Woodford Patient Capital,UK All Companies,Luxembourg,1.74,30/06/2018,GB00BVG1CF25
Woodford Patient Capital,UK All Companies,Norway,1.57,30/06/2018,GB00BVG1CF25
Woodford Patient Capital,UK All Companies,Switzerland,1.3,30/06/2018,GB00BVG1CF25
Woodford Patient Capital,UK All Companies,UK,85.82,30/06/2018,GB00BVG1CF25
Woodford Patient Capital,UK All Companies,USA,6.18,30/06/2018,GB00BVG1CF25
Woodford Patient Capital,UK All Companies,Cash/Cash Equivalent,-1.43,30/06/2018,GB00BVG1CF25
Worldwide Healthcare,Sector Specialist: Biotechnology & Healthcare,China,3.06,30/06/2018,GB0003385308
Worldwide Healthcare,Sector Specialist: Biotechnology & Healthcare,India,0.44,30/06/2018,GB0003385308
Worldwide Healthcare,Sector Specialist: Biotechnology & Healthcare,Japan,6.96,30/06/2018,GB0003385308
Worldwide Healthcare,Sector Specialist: Biotechnology & Healthcare,Malaysia,0.31,30/06/2018,GB0003385308
Worldwide Healthcare,Sector Specialist: Biotechnology & Healthcare,Belgium,1.38,30/06/2018,GB0003385308
Worldwide Healthcare,Sector Specialist: Biotechnology & Healthcare,Denmark,3.34,30/06/2018,GB0003385308
Worldwide Healthcare,Sector Specialist: Biotechnology & Healthcare,Germany,1.29,30/06/2018,GB0003385308
Worldwide Healthcare,Sector Specialist: Biotechnology & Healthcare,Ireland,5.64,30/06/2018,GB0003385308
Worldwide Healthcare,Sector Specialist: Biotechnology & Healthcare,Netherlands,5.34,30/06/2018,GB0003385308
Worldwide Healthcare,Sector Specialist: Biotechnology & Healthcare,Other European,0.9,30/06/2018,GB0003385308
Worldwide Healthcare,Sector Specialist: Biotechnology & Healthcare,Switzerland,1.65,30/06/2018,GB0003385308
Worldwide Healthcare,Sector Specialist: Biotechnology & Healthcare,USA,69.2,30/06/2018,GB0003385308
Worldwide Healthcare,Sector Specialist: Biotechnology & Healthcare,Cayman Islands,0.52,30/06/2018,GB0003385308
Worldwide Healthcare,Sector Specialist: Biotechnology & Healthcare,Cash/Cash Equivalent,-0.61,30/06/2018,GB0003385308
Worldwide Healthcare,Sector Specialist: Biotechnology & Healthcare,Fixed Interest,0.58,30/06/2018,GB0003385308
