Fund,Sector,Country,Percent,Date,ISIN
Aberdeen Asian Income,Asia Pacific - Excluding Japan,UK,2.84,30/06/2014,GB00B0P6J834
Aberdeen Asian Income,Asia Pacific - Excluding Japan,Australia,17.35,30/06/2014,GB00B0P6J834
Aberdeen Asian Income,Asia Pacific - Excluding Japan,China,4.45,30/06/2014,GB00B0P6J834
Aberdeen Asian Income,Asia Pacific - Excluding Japan,Hong Kong,9.43,30/06/2014,GB00B0P6J834
Aberdeen Asian Income,Asia Pacific - Excluding Japan,Japan,3.01,30/06/2014,GB00B0P6J834
Aberdeen Asian Income,Asia Pacific - Excluding Japan,Malaysia,9.21,30/06/2014,GB00B0P6J834
Aberdeen Asian Income,Asia Pacific - Excluding Japan,New Zealand,1.71,30/06/2014,GB00B0P6J834
Aberdeen Asian Income,Asia Pacific - Excluding Japan,Singapore,30.89,30/06/2014,GB00B0P6J834
Aberdeen Asian Income,Asia Pacific - Excluding Japan,Taiwan,4.35,30/06/2014,GB00B0P6J834
Aberdeen Asian Income,Asia Pacific - Excluding Japan,Thailand,10.62,30/06/2014,GB00B0P6J834
Aberdeen Asian Income,Asia Pacific - Excluding Japan,Cash/Cash Equiv.,1.25,30/06/2014,GB00B0P6J834
Aberdeen Asian Income,Asia Pacific - Excluding Japan,Fixed Interest,4.89,30/06/2014,GB00B0P6J834
Aberdeen Asian Smaller Companies,Asia Pacific - Excluding Japan,India,12.83,30/06/2014,GB0000100767
Aberdeen Asian Smaller Companies,Asia Pacific - Excluding Japan,Pakistan,0.22,30/06/2014,GB0000100767
Aberdeen Asian Smaller Companies,Asia Pacific - Excluding Japan,Sri Lanka,4.44,30/06/2014,GB0000100767
Aberdeen Asian Smaller Companies,Asia Pacific - Excluding Japan,Denmark,0.43,30/06/2014,GB0000100767
Aberdeen Asian Smaller Companies,Asia Pacific - Excluding Japan,UK,3,30/06/2014,GB0000100767
Aberdeen Asian Smaller Companies,Asia Pacific - Excluding Japan,Australia,3.05,30/06/2014,GB0000100767
Aberdeen Asian Smaller Companies,Asia Pacific - Excluding Japan,China,2,30/06/2014,GB0000100767
Aberdeen Asian Smaller Companies,Asia Pacific - Excluding Japan,Hong Kong,13.77,30/06/2014,GB0000100767
Aberdeen Asian Smaller Companies,Asia Pacific - Excluding Japan,Indonesia,9.47,30/06/2014,GB0000100767
Aberdeen Asian Smaller Companies,Asia Pacific - Excluding Japan,Malaysia,20.45,30/06/2014,GB0000100767
Aberdeen Asian Smaller Companies,Asia Pacific - Excluding Japan,New Zealand,1.69,30/06/2014,GB0000100767
Aberdeen Asian Smaller Companies,Asia Pacific - Excluding Japan,Philippines,5.44,30/06/2014,GB0000100767
Aberdeen Asian Smaller Companies,Asia Pacific - Excluding Japan,Singapore,8.6,30/06/2014,GB0000100767
Aberdeen Asian Smaller Companies,Asia Pacific - Excluding Japan,South Korea,0.68,30/06/2014,GB0000100767
Aberdeen Asian Smaller Companies,Asia Pacific - Excluding Japan,Thailand,13.13,30/06/2014,GB0000100767
Aberdeen Asian Smaller Companies,Asia Pacific - Excluding Japan,Cash/Cash Equiv.,0.8,30/06/2014,GB0000100767
Aberdeen Japan,Japan,Japan,99.55,30/06/2014,GB0003920757
Aberdeen Japan,Japan,Cash/Cash Equiv.,0.45,30/06/2014,GB0003920757
Aberdeen Japan,Japan,Fixed Interest,0,30/06/2014,GB0003920757
Aberdeen Latin American Income,Latin America,Argentina,1.81,30/06/2014,JE00B44ZTP62
Aberdeen Latin American Income,Latin America,Brazil,36.03,30/06/2014,JE00B44ZTP62
Aberdeen Latin American Income,Latin America,Chile,4.24,30/06/2014,JE00B44ZTP62
Aberdeen Latin American Income,Latin America,Colombia,1.75,30/06/2014,JE00B44ZTP62
Aberdeen Latin American Income,Latin America,Mexico,9.98,30/06/2014,JE00B44ZTP62
Aberdeen Latin American Income,Latin America,Peru,0.68,30/06/2014,JE00B44ZTP62
Aberdeen Latin American Income,Latin America,USA,0.95,30/06/2014,JE00B44ZTP62
Aberdeen Latin American Income,Latin America,Cash/Cash Equiv.,2.63,30/06/2014,JE00B44ZTP62
Aberdeen Latin American Income,Latin America,Fixed Interest,41.93,30/06/2014,JE00B44ZTP62
Aberdeen New Dawn,Asia Pacific - Excluding Japan,India,12.42,30/06/2014,GB00BBM56V29
Aberdeen New Dawn,Asia Pacific - Excluding Japan,Other Asia,0.97,30/06/2014,GB00BBM56V29
Aberdeen New Dawn,Asia Pacific - Excluding Japan,Sri Lanka,2.66,30/06/2014,GB00BBM56V29
Aberdeen New Dawn,Asia Pacific - Excluding Japan,UK,10.68,30/06/2014,GB00BBM56V29
Aberdeen New Dawn,Asia Pacific - Excluding Japan,Australia,4.64,30/06/2014,GB00BBM56V29
Aberdeen New Dawn,Asia Pacific - Excluding Japan,China,5.64,30/06/2014,GB00BBM56V29
Aberdeen New Dawn,Asia Pacific - Excluding Japan,Hong Kong,21.16,30/06/2014,GB00BBM56V29
Aberdeen New Dawn,Asia Pacific - Excluding Japan,Indonesia,0.82,30/06/2014,GB00BBM56V29
Aberdeen New Dawn,Asia Pacific - Excluding Japan,Malaysia,2.71,30/06/2014,GB00BBM56V29
Aberdeen New Dawn,Asia Pacific - Excluding Japan,Philippines,3.16,30/06/2014,GB00BBM56V29
Aberdeen New Dawn,Asia Pacific - Excluding Japan,Singapore,19.53,30/06/2014,GB00BBM56V29
Aberdeen New Dawn,Asia Pacific - Excluding Japan,South Korea,5.76,30/06/2014,GB00BBM56V29
Aberdeen New Dawn,Asia Pacific - Excluding Japan,Taiwan,5.04,30/06/2014,GB00BBM56V29
Aberdeen New Dawn,Asia Pacific - Excluding Japan,Thailand,4.1,30/06/2014,GB00BBM56V29
Aberdeen New Dawn,Asia Pacific - Excluding Japan,Cash/Cash Equiv.,0.51,30/06/2014,GB00BBM56V29
Aberdeen New Dawn,Asia Pacific - Excluding Japan,Fixed Interest,0.2,30/06/2014,GB00BBM56V29
Aberdeen New Thai,Country Specialists: Asia Pacific,Thailand,99,30/06/2014,GB0000059971
Aberdeen New Thai,Country Specialists: Asia Pacific,Cash/Cash Equiv.,1,30/06/2014,GB0000059971
Aberdeen New Thai,Country Specialists: Asia Pacific,Fixed Interest,0,30/06/2014,GB0000059971
Aberdeen Private Equity,Private Equity,Not reported,,,
Aberdeen Smaller Companies High Income,UK Equity & Bond Income,UK,86.14,30/06/2014,GB0008063728
Aberdeen Smaller Companies High Income,UK Equity & Bond Income,Cash/Cash Equiv.,0.99,30/06/2014,GB0008063728
Aberdeen Smaller Companies High Income,UK Equity & Bond Income,Fixed Interest,12.87,30/06/2014,GB0008063728
Aberforth Geared Income,Split Capital Trust,UK,99,30/06/2014,GB00B4TR3444
Aberforth Geared Income,Split Capital Trust,Cash/Cash Equiv.,1,30/06/2014,GB00B4TR3444
Aberforth Geared Income,Split Capital Trust,Fixed Interest,0,30/06/2014,GB00B4TR3444
Aberforth Smaller Companies,UK Smaller Companies,UK,100,30/06/2014,GB0000066554
AcenciA Debt Strategies,Hedge Funds,Not reported,,,
Acorn Income,Split Capital Trust,Not reported,,,
Advance Developing Markets,Global Emerging Markets,Nigeria,1,30/06/2014,GG00B45L2K95
Advance Developing Markets,Global Emerging Markets,Other African,1,30/06/2014,GG00B45L2K95
Advance Developing Markets,Global Emerging Markets,South Africa,6,30/06/2014,GG00B45L2K95
Advance Developing Markets,Global Emerging Markets,India,7,30/06/2014,GG00B45L2K95
Advance Developing Markets,Global Emerging Markets,European Emerging,1,30/06/2014,GG00B45L2K95
Advance Developing Markets,Global Emerging Markets,Russia,9,30/06/2014,GG00B45L2K95
Advance Developing Markets,Global Emerging Markets,Turkey,2,30/06/2014,GG00B45L2K95
Advance Developing Markets,Global Emerging Markets,China,13,30/06/2014,GG00B45L2K95
Advance Developing Markets,Global Emerging Markets,Hong Kong,5,30/06/2014,GG00B45L2K95
Advance Developing Markets,Global Emerging Markets,Indonesia,3,30/06/2014,GG00B45L2K95
Advance Developing Markets,Global Emerging Markets,Philippines,1,30/06/2014,GG00B45L2K95
Advance Developing Markets,Global Emerging Markets,Singapore,2,30/06/2014,GG00B45L2K95
Advance Developing Markets,Global Emerging Markets,South Korea,15,30/06/2014,GG00B45L2K95
Advance Developing Markets,Global Emerging Markets,Taiwan,8,30/06/2014,GG00B45L2K95
Advance Developing Markets,Global Emerging Markets,Thailand,4,30/06/2014,GG00B45L2K95
Advance Developing Markets,Global Emerging Markets,Brazil,11,30/06/2014,GG00B45L2K95
Advance Developing Markets,Global Emerging Markets,Mexico,5,30/06/2014,GG00B45L2K95
Advance Developing Markets,Global Emerging Markets,Other Latin America,1,30/06/2014,GG00B45L2K95
Advance Developing Markets,Global Emerging Markets,Peru,1,30/06/2014,GG00B45L2K95
Advance Developing Markets,Global Emerging Markets,Cash/Cash Equiv.,4,30/06/2014,GG00B45L2K95
Advance Frontier Markets,Global Emerging Markets,Botswana,1,30/06/2014,GG00B1W59J17
Advance Frontier Markets,Global Emerging Markets,Ghana,2,30/06/2014,GG00B1W59J17
Advance Frontier Markets,Global Emerging Markets,Ivory Coast,1,30/06/2014,GG00B1W59J17
Advance Frontier Markets,Global Emerging Markets,Kenya,5,30/06/2014,GG00B1W59J17
Advance Frontier Markets,Global Emerging Markets,Mauritius,1,30/06/2014,GG00B1W59J17
Advance Frontier Markets,Global Emerging Markets,Morocco,1,30/06/2014,GG00B1W59J17
Advance Frontier Markets,Global Emerging Markets,Nigeria,13,30/06/2014,GG00B1W59J17
Advance Frontier Markets,Global Emerging Markets,Other African,8,30/06/2014,GG00B1W59J17
Advance Frontier Markets,Global Emerging Markets,Tunisia,2,30/06/2014,GG00B1W59J17
Advance Frontier Markets,Global Emerging Markets,Zambia,3,30/06/2014,GG00B1W59J17
Advance Frontier Markets,Global Emerging Markets,Zimbabwe,2,30/06/2014,GG00B1W59J17
Advance Frontier Markets,Global Emerging Markets,Bangladesh,2,30/06/2014,GG00B1W59J17
Advance Frontier Markets,Global Emerging Markets,Kazakhstan,2,30/06/2014,GG00B1W59J17
Advance Frontier Markets,Global Emerging Markets,Other Asia,2,30/06/2014,GG00B1W59J17
Advance Frontier Markets,Global Emerging Markets,Pakistan,4,30/06/2014,GG00B1W59J17
Advance Frontier Markets,Global Emerging Markets,Romania,6,30/06/2014,GG00B1W59J17
Advance Frontier Markets,Global Emerging Markets,Russia,1,30/06/2014,GG00B1W59J17
Advance Frontier Markets,Global Emerging Markets,Turkey,1,30/06/2014,GG00B1W59J17
Advance Frontier Markets,Global Emerging Markets,Vietnam,11,30/06/2014,GG00B1W59J17
Advance Frontier Markets,Global Emerging Markets,Argentina,5,30/06/2014,GG00B1W59J17
Advance Frontier Markets,Global Emerging Markets,Egypt,3,30/06/2014,GG00B1W59J17
Advance Frontier Markets,Global Emerging Markets,Kuwait,1,30/06/2014,GG00B1W59J17
Advance Frontier Markets,Global Emerging Markets,Oman,1,30/06/2014,GG00B1W59J17
Advance Frontier Markets,Global Emerging Markets,Other Middle East,5,30/06/2014,GG00B1W59J17
Advance Frontier Markets,Global Emerging Markets,Saudi Arabia,12,30/06/2014,GG00B1W59J17
Advance Frontier Markets,Global Emerging Markets,United Arab Emirates,3,30/06/2014,GG00B1W59J17
Advance Frontier Markets,Global Emerging Markets,Cash/Cash Equiv.,2,30/06/2014,GG00B1W59J17
Albion Development VCT,VCT Generalist,Not reported,,,
Albion Development VCT D shares,VCT Generalist,Not reported,,,
Albion Enterprise VCT,VCT Generalist,Not reported,,,
Albion Technology & General VCT,VCT Generalist,Not reported,,,
Albion VCT,VCT Generalist,Not reported,,,
Alcentra European Floating Rate Income,Sector Specialist: Debt,Not reported,,,
Alliance Trust,Global,Czech Republic,0.32,30/06/2014,GB00B11V7W98
Alliance Trust,Global,Belgium,0.4,30/06/2014,GB00B11V7W98
Alliance Trust,Global,Denmark,1.08,30/06/2014,GB00B11V7W98
Alliance Trust,Global,Finland,0.01,30/06/2014,GB00B11V7W98
Alliance Trust,Global,France,3.19,30/06/2014,GB00B11V7W98
Alliance Trust,Global,Germany,6.05,30/06/2014,GB00B11V7W98
Alliance Trust,Global,Ireland,0.09,30/06/2014,GB00B11V7W98
Alliance Trust,Global,Italy,3.35,30/06/2014,GB00B11V7W98
Alliance Trust,Global,Luxembourg,1.08,30/06/2014,GB00B11V7W98
Alliance Trust,Global,Netherlands,0.44,30/06/2014,GB00B11V7W98
Alliance Trust,Global,Norway,0.75,30/06/2014,GB00B11V7W98
Alliance Trust,Global,Spain,0.05,30/06/2014,GB00B11V7W98
Alliance Trust,Global,Sweden,0.95,30/06/2014,GB00B11V7W98
Alliance Trust,Global,Switzerland,1.95,30/06/2014,GB00B11V7W98
Alliance Trust,Global,UK,24.1,30/06/2014,GB00B11V7W98
Alliance Trust,Global,Hong Kong,1.31,30/06/2014,GB00B11V7W98
Alliance Trust,Global,Indonesia,0.54,30/06/2014,GB00B11V7W98
Alliance Trust,Global,Japan,1.88,30/06/2014,GB00B11V7W98
Alliance Trust,Global,New Zealand,0.58,30/06/2014,GB00B11V7W98
Alliance Trust,Global,Singapore,0.72,30/06/2014,GB00B11V7W98
Alliance Trust,Global,South Korea,0.83,30/06/2014,GB00B11V7W98
Alliance Trust,Global,Thailand,1.02,30/06/2014,GB00B11V7W98
Alliance Trust,Global,Mexico,1.59,30/06/2014,GB00B11V7W98
Alliance Trust,Global,Canada,1.68,30/06/2014,GB00B11V7W98
Alliance Trust,Global,USA,38.62,30/06/2014,GB00B11V7W98
Alliance Trust,Global,Cash/Cash Equiv.,1.59,30/06/2014,GB00B11V7W98
Alliance Trust,Global,Fixed Interest,5.83,30/06/2014,GB00B11V7W98
Amati VCT,VCT AIM Quoted,UK,71.64,30/06/2014,GB00B05N8X20
Amati VCT,VCT AIM Quoted,Cash/Cash Equiv.,12.14,30/06/2014,GB00B05N8X20
Amati VCT,VCT AIM Quoted,Fixed Interest,16.22,30/06/2014,GB00B05N8X20
Amati VCT 2,VCT AIM Quoted,UK,80.42,30/06/2014,GB00B641BB82
Amati VCT 2,VCT AIM Quoted,Cash/Cash Equiv.,10.06,30/06/2014,GB00B641BB82
Amati VCT 2,VCT AIM Quoted,Fixed Interest,9.52,30/06/2014,GB00B641BB82
Artemis Alpha Trust,UK All Companies,Cyprus,0.57,30/06/2014,GB0004355946
Artemis Alpha Trust,UK All Companies,Denmark,1.78,30/06/2014,GB0004355946
Artemis Alpha Trust,UK All Companies,Finland,0.79,30/06/2014,GB0004355946
Artemis Alpha Trust,UK All Companies,Ireland,1.16,30/06/2014,GB0004355946
Artemis Alpha Trust,UK All Companies,Luxembourg,1.44,30/06/2014,GB0004355946
Artemis Alpha Trust,UK All Companies,Netherlands,0.01,30/06/2014,GB0004355946
Artemis Alpha Trust,UK All Companies,UK,79.11,30/06/2014,GB0004355946
Artemis Alpha Trust,UK All Companies,Australia,1.48,30/06/2014,GB0004355946
Artemis Alpha Trust,UK All Companies,Papua New Guinea,1.02,30/06/2014,GB0004355946
Artemis Alpha Trust,UK All Companies,Singapore,4.87,30/06/2014,GB0004355946
Artemis Alpha Trust,UK All Companies,Canada,3.75,30/06/2014,GB0004355946
Artemis Alpha Trust,UK All Companies,USA,0.71,30/06/2014,GB0004355946
Artemis Alpha Trust,UK All Companies,Bermuda,0.6,30/06/2014,GB0004355946
Artemis Alpha Trust,UK All Companies,Cayman Islands,1.61,30/06/2014,GB0004355946
Artemis Alpha Trust,UK All Companies,Cash/Cash Equiv.,0.32,30/06/2014,GB0004355946
Artemis Alpha Trust,UK All Companies,Fixed Interest,0.78,30/06/2014,GB0004355946
Artemis VCT,VCT AIM Quoted,UK,88.02,30/06/2014,GB00B02WQ947
Artemis VCT,VCT AIM Quoted,Cash/Cash Equiv.,11.55,30/06/2014,GB00B02WQ947
Artemis VCT,VCT AIM Quoted,Fixed Interest,0.43,30/06/2014,GB00B02WQ947
Ashmore Global Opportunities,Global Emerging Markets,Not reported,,,
Ashmore Global Opportunities USD,Global Emerging Markets,Not reported,,,
Asian Total Return,Asia Pacific - Excluding Japan,India,1,30/06/2014,GB0008710799
Asian Total Return,Asia Pacific - Excluding Japan,France,2,30/06/2014,GB0008710799
Asian Total Return,Asia Pacific - Excluding Japan,Luxembourg,2,30/06/2014,GB0008710799
Asian Total Return,Asia Pacific - Excluding Japan,Netherlands,2,30/06/2014,GB0008710799
Asian Total Return,Asia Pacific - Excluding Japan,Australia,7,30/06/2014,GB0008710799
Asian Total Return,Asia Pacific - Excluding Japan,Hong Kong,24,30/06/2014,GB0008710799
Asian Total Return,Asia Pacific - Excluding Japan,Indonesia,3,30/06/2014,GB0008710799
Asian Total Return,Asia Pacific - Excluding Japan,Philippines,9,30/06/2014,GB0008710799
Asian Total Return,Asia Pacific - Excluding Japan,Singapore,5,30/06/2014,GB0008710799
Asian Total Return,Asia Pacific - Excluding Japan,South Korea,3,30/06/2014,GB0008710799
Asian Total Return,Asia Pacific - Excluding Japan,Taiwan,9,30/06/2014,GB0008710799
Asian Total Return,Asia Pacific - Excluding Japan,Thailand,10,30/06/2014,GB0008710799
Asian Total Return,Asia Pacific - Excluding Japan,USA,21,30/06/2014,GB0008710799
Asian Total Return,Asia Pacific - Excluding Japan,Latin America Region,2,30/06/2014,GB0008710799
Asian Total Return,Asia Pacific - Excluding Japan,Cash/Cash Equiv.,0,30/06/2014,GB0008710799
Atlantis Japan Growth,Japanese Smaller Companies,Not reported,,,
Aurora,UK All Companies,Guernsey,2,30/06/2014,GB0000633262
Aurora,UK All Companies,Ireland,1,30/06/2014,GB0000633262
Aurora,UK All Companies,UK,76,30/06/2014,GB0000633262
Aurora,UK All Companies,Japan,6,30/06/2014,GB0000633262
Aurora,UK All Companies,Bermuda,8,30/06/2014,GB0000633262
Aurora,UK All Companies,Cash/Cash Equiv.,1,30/06/2014,GB0000633262
Aurora,UK All Companies,Fixed Interest,6,30/06/2014,GB0000633262
AXA Property,Property Direct - Europe,Not reported,,,
BACIT,Global,Not reported,,,
Baillie Gifford Japan,Japan,Japan,98,30/06/2014,GB0000485838
Baillie Gifford Japan,Japan,Cash/Cash Equiv.,2,30/06/2014,GB0000485838
Baillie Gifford Shin Nippon,Japanese Smaller Companies,Japan,94,30/06/2014,GB0000706274
Baillie Gifford Shin Nippon,Japanese Smaller Companies,Cash/Cash Equiv.,6,30/06/2014,GB0000706274
Baker Steel Resources,Sector Specialist: Commodities & Natural Resources,Not reported,,,
Bankers,Global,Poland,0.21,30/06/2014,GB0000767003
Bankers,Global,Denmark,0.67,30/06/2014,GB0000767003
Bankers,Global,France,2.27,30/06/2014,GB0000767003
Bankers,Global,Germany,3.21,30/06/2014,GB0000767003
Bankers,Global,Netherlands,0.62,30/06/2014,GB0000767003
Bankers,Global,Spain,0.57,30/06/2014,GB0000767003
Bankers,Global,Sweden,0.66,30/06/2014,GB0000767003
Bankers,Global,Switzerland,3.93,30/06/2014,GB0000767003
Bankers,Global,UK,43.92,30/06/2014,GB0000767003
Bankers,Global,Australia,1.71,30/06/2014,GB0000767003
Bankers,Global,China,4.57,30/06/2014,GB0000767003
Bankers,Global,Hong Kong,0.77,30/06/2014,GB0000767003
Bankers,Global,Japan,8.94,30/06/2014,GB0000767003
Bankers,Global,Singapore,0.91,30/06/2014,GB0000767003
Bankers,Global,South Korea,1.47,30/06/2014,GB0000767003
Bankers,Global,Taiwan,1.45,30/06/2014,GB0000767003
Bankers,Global,Thailand,0.83,30/06/2014,GB0000767003
Bankers,Global,Brazil,1.2,30/06/2014,GB0000767003
Bankers,Global,Colombia,0.24,30/06/2014,GB0000767003
Bankers,Global,Mexico,0.56,30/06/2014,GB0000767003
Bankers,Global,Peru,0.28,30/06/2014,GB0000767003
Bankers,Global,USA,20.24,30/06/2014,GB0000767003
Bankers,Global,Cash/Cash Equiv.,0.77,30/06/2014,GB0000767003
Baring Emerging Europe,European Emerging Markets,Hungary,2.87,30/06/2014,GB0032273343
Baring Emerging Europe,European Emerging Markets,Poland,10.5,30/06/2014,GB0032273343
Baring Emerging Europe,European Emerging Markets,Romania,1.13,30/06/2014,GB0032273343
Baring Emerging Europe,European Emerging Markets,Russia,59.24,30/06/2014,GB0032273343
Baring Emerging Europe,European Emerging Markets,Turkey,16.29,30/06/2014,GB0032273343
Baring Emerging Europe,European Emerging Markets,Ukraine,2,30/06/2014,GB0032273343
Baring Emerging Europe,European Emerging Markets,Greece,5.12,30/06/2014,GB0032273343
Baring Emerging Europe,European Emerging Markets,Cash/Cash Equiv.,2.85,30/06/2014,GB0032273343
Baring Emerging Europe,European Emerging Markets,Fixed Interest,0,30/06/2014,GB0032273343
Baronsmead VCT,VCT Generalist,Not reported,,,
Baronsmead VCT 2,VCT Generalist,Not reported,,,
Baronsmead VCT 3,VCT Generalist,Not reported,,,
Baronsmead VCT 4,VCT Generalist,Not reported,,,
Baronsmead VCT 5,VCT Generalist,Not reported,,,
BBGI SICAV S.A.,Sector Specialist: Infrastructure,Not reported,,,
Better Capital 2009,Private Equity,Not reported,,,
Better Capital 2012,Private Equity,Not reported,,,
BH Credit Catalysts,Hedge Funds,Not reported,,,
BH Credit Catalysts USD,Hedge Funds,Not reported,,,
BH Global,Hedge Funds,Not reported,,,
BH Global Euro,Hedge Funds,Not reported,,,
BH Global USD,Hedge Funds,Not reported,,,
BH Macro,Hedge Funds,Not reported,,,
BH Macro Euro,Hedge Funds,Not reported,,,
BH Macro USD,Hedge Funds,Not reported,,,
Biotech Growth,Sector Specialist: Biotechnology & Healthcare,France,1.58,30/06/2014,GB0000385517
Biotech Growth,Sector Specialist: Biotechnology & Healthcare,Ireland,4.03,30/06/2014,GB0000385517
Biotech Growth,Sector Specialist: Biotechnology & Healthcare,Netherlands,0.93,30/06/2014,GB0000385517
Biotech Growth,Sector Specialist: Biotechnology & Healthcare,Switzerland,3.4,30/06/2014,GB0000385517
Biotech Growth,Sector Specialist: Biotechnology & Healthcare,Japan,3.17,30/06/2014,GB0000385517
Biotech Growth,Sector Specialist: Biotechnology & Healthcare,USA,86,30/06/2014,GB0000385517
Biotech Growth,Sector Specialist: Biotechnology & Healthcare,Cash/Cash Equiv.,0.89,30/06/2014,GB0000385517
BlackRock Commodities Income,Sector Specialist: Commodities & Natural Resources,South Africa,1.92,30/06/2014,GB00B0N8MF98
BlackRock Commodities Income,Sector Specialist: Commodities & Natural Resources,Russia,0.83,30/06/2014,GB00B0N8MF98
BlackRock Commodities Income,Sector Specialist: Commodities & Natural Resources,France,3.22,30/06/2014,GB00B0N8MF98
BlackRock Commodities Income,Sector Specialist: Commodities & Natural Resources,Germany,-0.03,30/06/2014,GB00B0N8MF98
BlackRock Commodities Income,Sector Specialist: Commodities & Natural Resources,Italy,3.98,30/06/2014,GB00B0N8MF98
BlackRock Commodities Income,Sector Specialist: Commodities & Natural Resources,Norway,5.02,30/06/2014,GB00B0N8MF98
BlackRock Commodities Income,Sector Specialist: Commodities & Natural Resources,Spain,1.81,30/06/2014,GB00B0N8MF98
BlackRock Commodities Income,Sector Specialist: Commodities & Natural Resources,Switzerland,1.98,30/06/2014,GB00B0N8MF98
BlackRock Commodities Income,Sector Specialist: Commodities & Natural Resources,UK,19.59,30/06/2014,GB00B0N8MF98
BlackRock Commodities Income,Sector Specialist: Commodities & Natural Resources,Australia,1.01,30/06/2014,GB00B0N8MF98
BlackRock Commodities Income,Sector Specialist: Commodities & Natural Resources,China,1.86,30/06/2014,GB00B0N8MF98
BlackRock Commodities Income,Sector Specialist: Commodities & Natural Resources,Brazil,2.9,30/06/2014,GB00B0N8MF98
BlackRock Commodities Income,Sector Specialist: Commodities & Natural Resources,Mexico,1.18,30/06/2014,GB00B0N8MF98
BlackRock Commodities Income,Sector Specialist: Commodities & Natural Resources,Canada,24.2,30/06/2014,GB00B0N8MF98
BlackRock Commodities Income,Sector Specialist: Commodities & Natural Resources,USA,30.45,30/06/2014,GB00B0N8MF98
BlackRock Commodities Income,Sector Specialist: Commodities & Natural Resources,Cash/Cash Equiv.,-1.9,30/06/2014,GB00B0N8MF98
BlackRock Commodities Income,Sector Specialist: Commodities & Natural Resources,Fixed Interest,1.98,30/06/2014,GB00B0N8MF98
BlackRock Emerging Europe,European Emerging Markets,Hungary,6.13,30/06/2014,GB00B0BN1P96
BlackRock Emerging Europe,European Emerging Markets,Lithuania,1.56,30/06/2014,GB00B0BN1P96
BlackRock Emerging Europe,European Emerging Markets,Poland,8.85,30/06/2014,GB00B0BN1P96
BlackRock Emerging Europe,European Emerging Markets,Romania,4.4,30/06/2014,GB00B0BN1P96
BlackRock Emerging Europe,European Emerging Markets,Russia,50.87,30/06/2014,GB00B0BN1P96
BlackRock Emerging Europe,European Emerging Markets,Turkey,14.72,30/06/2014,GB00B0BN1P96
BlackRock Emerging Europe,European Emerging Markets,Ukraine,3.95,30/06/2014,GB00B0BN1P96
BlackRock Emerging Europe,European Emerging Markets,Other Middle East,6.78,30/06/2014,GB00B0BN1P96
BlackRock Emerging Europe,European Emerging Markets,Cash/Cash Equiv.,2.74,30/06/2014,GB00B0BN1P96
BlackRock Emerging Europe,European Emerging Markets,Fixed Interest,0,30/06/2014,GB00B0BN1P96
BlackRock Frontiers,Global Emerging Markets,Morocco,2,30/06/2014,GB00B3SXM832
BlackRock Frontiers,Global Emerging Markets,Nigeria,9.63,30/06/2014,GB00B3SXM832
BlackRock Frontiers,Global Emerging Markets,Bangladesh,6.2,30/06/2014,GB00B3SXM832
BlackRock Frontiers,Global Emerging Markets,Kazakhstan,4.8,30/06/2014,GB00B3SXM832
BlackRock Frontiers,Global Emerging Markets,Other Asia,2.46,30/06/2014,GB00B3SXM832
BlackRock Frontiers,Global Emerging Markets,Pakistan,6.58,30/06/2014,GB00B3SXM832
BlackRock Frontiers,Global Emerging Markets,Sri Lanka,4.58,30/06/2014,GB00B3SXM832
BlackRock Frontiers,Global Emerging Markets,Croatia,0.45,30/06/2014,GB00B3SXM832
BlackRock Frontiers,Global Emerging Markets,Estonia,1.19,30/06/2014,GB00B3SXM832
BlackRock Frontiers,Global Emerging Markets,Romania,4.91,30/06/2014,GB00B3SXM832
BlackRock Frontiers,Global Emerging Markets,Slovenia,1.9,30/06/2014,GB00B3SXM832
BlackRock Frontiers,Global Emerging Markets,Ukraine,3.82,30/06/2014,GB00B3SXM832
BlackRock Frontiers,Global Emerging Markets,UK,0.98,30/06/2014,GB00B3SXM832
BlackRock Frontiers,Global Emerging Markets,Vietnam,2.32,30/06/2014,GB00B3SXM832
BlackRock Frontiers,Global Emerging Markets,Argentina,4.12,30/06/2014,GB00B3SXM832
BlackRock Frontiers,Global Emerging Markets,Brazil,1.76,30/06/2014,GB00B3SXM832
BlackRock Frontiers,Global Emerging Markets,Panama,0.98,30/06/2014,GB00B3SXM832
BlackRock Frontiers,Global Emerging Markets,Kuwait,8.7,30/06/2014,GB00B3SXM832
BlackRock Frontiers,Global Emerging Markets,Oman,4.38,30/06/2014,GB00B3SXM832
BlackRock Frontiers,Global Emerging Markets,Other Middle East,4.8,30/06/2014,GB00B3SXM832
BlackRock Frontiers,Global Emerging Markets,Saudi Arabia,5.69,30/06/2014,GB00B3SXM832
BlackRock Frontiers,Global Emerging Markets,United Arab Emirates,1.45,30/06/2014,GB00B3SXM832
BlackRock Frontiers,Global Emerging Markets,Cash/Cash Equiv.,16.27,30/06/2014,GB00B3SXM832
BlackRock Frontiers,Global Emerging Markets,Fixed Interest,0.03,30/06/2014,GB00B3SXM832
BlackRock Greater Europe,Europe,Hungary,1.19,30/06/2014,GB00B01RDH75
BlackRock Greater Europe,Europe,Russia,3.29,30/06/2014,GB00B01RDH75
BlackRock Greater Europe,Europe,Turkey,2.61,30/06/2014,GB00B01RDH75
BlackRock Greater Europe,Europe,Belgium,2.16,30/06/2014,GB00B01RDH75
BlackRock Greater Europe,Europe,Denmark,6.32,30/06/2014,GB00B01RDH75
BlackRock Greater Europe,Europe,Finland,1.63,30/06/2014,GB00B01RDH75
BlackRock Greater Europe,Europe,France,19.33,30/06/2014,GB00B01RDH75
BlackRock Greater Europe,Europe,Germany,12.07,30/06/2014,GB00B01RDH75
BlackRock Greater Europe,Europe,Ireland,2.93,30/06/2014,GB00B01RDH75
BlackRock Greater Europe,Europe,Italy,6.43,30/06/2014,GB00B01RDH75
BlackRock Greater Europe,Europe,Netherlands,9.32,30/06/2014,GB00B01RDH75
BlackRock Greater Europe,Europe,Portugal,2.61,30/06/2014,GB00B01RDH75
BlackRock Greater Europe,Europe,Spain,4.57,30/06/2014,GB00B01RDH75
BlackRock Greater Europe,Europe,Sweden,7.35,30/06/2014,GB00B01RDH75
BlackRock Greater Europe,Europe,Switzerland,16.66,30/06/2014,GB00B01RDH75
BlackRock Greater Europe,Europe,Cash/Cash Equiv.,1.53,30/06/2014,GB00B01RDH75
BlackRock Greater Europe,Europe,Fixed Interest,0,30/06/2014,GB00B01RDH75
BlackRock Hedge Selector UK Emerging,Hedge Funds,UK,100,30/06/2014,JE00B42J3Y72
BlackRock Income & Growth,UK Equity Income,Ireland,3.13,30/06/2014,GB0030961691
BlackRock Income & Growth,UK Equity Income,UK,91.35,30/06/2014,GB0030961691
BlackRock Income & Growth,UK Equity Income,Cash/Cash Equiv.,5.52,30/06/2014,GB0030961691
BlackRock Latin American,Latin America,Argentina,0.52,30/06/2014,GB0005058408
BlackRock Latin American,Latin America,Brazil,61.31,30/06/2014,GB0005058408
BlackRock Latin American,Latin America,Chile,1.97,30/06/2014,GB0005058408
BlackRock Latin American,Latin America,Colombia,1.65,30/06/2014,GB0005058408
BlackRock Latin American,Latin America,Mexico,28.24,30/06/2014,GB0005058408
BlackRock Latin American,Latin America,Peru,6.03,30/06/2014,GB0005058408
BlackRock Latin American,Latin America,Cash/Cash Equiv.,0.01,30/06/2014,GB0005058408
BlackRock Latin American,Latin America,Fixed Interest,0.27,30/06/2014,GB0005058408
BlackRock North American Income,North America,France,1.77,30/06/2014,GB00B7W0XJ61
BlackRock North American Income,North America,Netherlands,0.5,30/06/2014,GB00B7W0XJ61
BlackRock North American Income,North America,UK,1.22,30/06/2014,GB00B7W0XJ61
BlackRock North American Income,North America,Australia,1.22,30/06/2014,GB00B7W0XJ61
BlackRock North American Income,North America,Canada,2.73,30/06/2014,GB00B7W0XJ61
BlackRock North American Income,North America,USA,93.91,30/06/2014,GB00B7W0XJ61
BlackRock North American Income,North America,Cash/Cash Equiv.,-1.35,30/06/2014,GB00B7W0XJ61
BlackRock North American Income,North America,Fixed Interest,0,30/06/2014,GB00B7W0XJ61
BlackRock Smaller Companies,UK Smaller Companies,Other African,0.05,30/06/2014,GB0006436108
BlackRock Smaller Companies,UK Smaller Companies,Greece,0.06,30/06/2014,GB0006436108
BlackRock Smaller Companies,UK Smaller Companies,Ireland,0.29,30/06/2014,GB0006436108
BlackRock Smaller Companies,UK Smaller Companies,UK,96.35,30/06/2014,GB0006436108
BlackRock Smaller Companies,UK Smaller Companies,China,0.94,30/06/2014,GB0006436108
BlackRock Smaller Companies,UK Smaller Companies,Peru,0.3,30/06/2014,GB0006436108
BlackRock Smaller Companies,UK Smaller Companies,Egypt,0.32,30/06/2014,GB0006436108
BlackRock Smaller Companies,UK Smaller Companies,Canada,0.6,30/06/2014,GB0006436108
BlackRock Smaller Companies,UK Smaller Companies,USA,0.29,30/06/2014,GB0006436108
BlackRock Smaller Companies,UK Smaller Companies,Bermuda,1.01,30/06/2014,GB0006436108
BlackRock Smaller Companies,UK Smaller Companies,Cash/Cash Equiv.,-0.21,30/06/2014,GB0006436108
BlackRock Smaller Companies,UK Smaller Companies,Fixed Interest,0,30/06/2014,GB0006436108
BlackRock Throgmorton Trust,UK Smaller Companies,Greece,0.04,30/06/2014,GB0008910555
BlackRock Throgmorton Trust,UK Smaller Companies,Ireland,-0.01,30/06/2014,GB0008910555
BlackRock Throgmorton Trust,UK Smaller Companies,UK,96.22,30/06/2014,GB0008910555
BlackRock Throgmorton Trust,UK Smaller Companies,China,0.97,30/06/2014,GB0008910555
BlackRock Throgmorton Trust,UK Smaller Companies,Egypt,0.35,30/06/2014,GB0008910555
BlackRock Throgmorton Trust,UK Smaller Companies,Canada,0.6,30/06/2014,GB0008910555
BlackRock Throgmorton Trust,UK Smaller Companies,USA,0.25,30/06/2014,GB0008910555
BlackRock Throgmorton Trust,UK Smaller Companies,Bermuda,0.91,30/06/2014,GB0008910555
BlackRock Throgmorton Trust,UK Smaller Companies,Cash/Cash Equiv.,0.67,30/06/2014,GB0008910555
BlackRock Throgmorton Trust,UK Smaller Companies,Fixed Interest,0,30/06/2014,GB0008910555
BlackRock World Mining,Sector Specialist: Commodities & Natural Resources,Botswana,0.41,30/06/2014,GB0005774855
BlackRock World Mining,Sector Specialist: Commodities & Natural Resources,Mali,0.86,30/06/2014,GB0005774855
BlackRock World Mining,Sector Specialist: Commodities & Natural Resources,Mozambique,0.61,30/06/2014,GB0005774855
BlackRock World Mining,Sector Specialist: Commodities & Natural Resources,Other African,7,30/06/2014,GB0005774855
BlackRock World Mining,Sector Specialist: Commodities & Natural Resources,South Africa,3.25,30/06/2014,GB0005774855
BlackRock World Mining,Sector Specialist: Commodities & Natural Resources,Zimbabwe,0.01,30/06/2014,GB0005774855
BlackRock World Mining,Sector Specialist: Commodities & Natural Resources,Russia,0.98,30/06/2014,GB0005774855
BlackRock World Mining,Sector Specialist: Commodities & Natural Resources,Sweden,0.43,30/06/2014,GB0005774855
BlackRock World Mining,Sector Specialist: Commodities & Natural Resources,UK,49.26,30/06/2014,GB0005774855
BlackRock World Mining,Sector Specialist: Commodities & Natural Resources,Australia,5.49,30/06/2014,GB0005774855
BlackRock World Mining,Sector Specialist: Commodities & Natural Resources,China,1.36,30/06/2014,GB0005774855
BlackRock World Mining,Sector Specialist: Commodities & Natural Resources,Indonesia,0.24,30/06/2014,GB0005774855
BlackRock World Mining,Sector Specialist: Commodities & Natural Resources,Brazil,0.95,30/06/2014,GB0005774855
BlackRock World Mining,Sector Specialist: Commodities & Natural Resources,Chile,1.31,30/06/2014,GB0005774855
BlackRock World Mining,Sector Specialist: Commodities & Natural Resources,Colombia,0.08,30/06/2014,GB0005774855
BlackRock World Mining,Sector Specialist: Commodities & Natural Resources,Guatemala,0.61,30/06/2014,GB0005774855
BlackRock World Mining,Sector Specialist: Commodities & Natural Resources,Mexico,3.88,30/06/2014,GB0005774855
BlackRock World Mining,Sector Specialist: Commodities & Natural Resources,Peru,4.64,30/06/2014,GB0005774855
BlackRock World Mining,Sector Specialist: Commodities & Natural Resources,Canada,3.33,30/06/2014,GB0005774855
BlackRock World Mining,Sector Specialist: Commodities & Natural Resources,USA,1.15,30/06/2014,GB0005774855
BlackRock World Mining,Sector Specialist: Commodities & Natural Resources,Cash/Cash Equiv.,2.91,30/06/2014,GB0005774855
BlackRock World Mining,Sector Specialist: Commodities & Natural Resources,Fixed Interest,11.24,30/06/2014,GB0005774855
Blue Capital Global Reinsurance Fund,Sector Specialist: Insurance & Reinsurance Strategies,Not reported,,,
Blue Planet International Financials,Global Equity Income,France,13,30/06/2014,GB0005327076
Blue Planet International Financials,Global Equity Income,Greece,5,30/06/2014,GB0005327076
Blue Planet International Financials,Global Equity Income,Ireland,4,30/06/2014,GB0005327076
Blue Planet International Financials,Global Equity Income,Spain,4,30/06/2014,GB0005327076
Blue Planet International Financials,Global Equity Income,Switzerland,2,30/06/2014,GB0005327076
Blue Planet International Financials,Global Equity Income,UK,38,30/06/2014,GB0005327076
Blue Planet International Financials,Global Equity Income,Australia,4,30/06/2014,GB0005327076
Blue Planet International Financials,Global Equity Income,USA,20,30/06/2014,GB0005327076
Blue Planet International Financials,Global Equity Income,Fixed Interest,10,30/06/2014,GB0005327076
BlueCrest AllBlue,Hedge Funds,Not reported,,,
BlueCrest AllBlue Euro,Hedge Funds,Not reported,,,
BlueCrest AllBlue USD,Hedge Funds,Not reported,,,
Bluefield Solar Income Fund,Sector Specialist: Infrastructure - Renewable Energy,Not reported,,,
British & American,UK Equity Income,Not reported,,,
British Assets,Global Equity Income,European Developed,6.01,30/06/2014,GB0001297562
British Assets,Global Equity Income,UK,65,30/06/2014,GB0001297562
British Assets,Global Equity Income,Far East & Pacific Region,3.56,30/06/2014,GB0001297562
British Assets,Global Equity Income,Japan,2.67,30/06/2014,GB0001297562
British Assets,Global Equity Income,Brazil,1.11,30/06/2014,GB0001297562
British Assets,Global Equity Income,USA,7.73,30/06/2014,GB0001297562
British Assets,Global Equity Income,Cash/Cash Equiv.,4.23,30/06/2014,GB0001297562
British Assets,Global Equity Income,Fixed Interest,9.69,30/06/2014,GB0001297562
British Empire Securities & General,Global,Turkey,2.47,30/06/2014,GB0001335081
British Empire Securities & General,Global,Austria,2.34,30/06/2014,GB0001335081
British Empire Securities & General,Global,Belgium,8.82,30/06/2014,GB0001335081
British Empire Securities & General,Global,France,6.65,30/06/2014,GB0001335081
British Empire Securities & General,Global,Germany,3.23,30/06/2014,GB0001335081
British Empire Securities & General,Global,Netherlands,5.06,30/06/2014,GB0001335081
British Empire Securities & General,Global,Norway,4.98,30/06/2014,GB0001335081
British Empire Securities & General,Global,Sweden,5.94,30/06/2014,GB0001335081
British Empire Securities & General,Global,Switzerland,2,30/06/2014,GB0001335081
British Empire Securities & General,Global,UK,18.11,30/06/2014,GB0001335081
British Empire Securities & General,Global,Australia,2.54,30/06/2014,GB0001335081
British Empire Securities & General,Global,Hong Kong,3.24,30/06/2014,GB0001335081
British Empire Securities & General,Global,Japan,4.79,30/06/2014,GB0001335081
British Empire Securities & General,Global,Singapore,9.27,30/06/2014,GB0001335081
British Empire Securities & General,Global,South Korea,3.11,30/06/2014,GB0001335081
British Empire Securities & General,Global,Canada,10.43,30/06/2014,GB0001335081
British Empire Securities & General,Global,Cayman Islands,2.19,30/06/2014,GB0001335081
British Empire Securities & General,Global,Cash/Cash Equiv.,3.3,30/06/2014,GB0001335081
British Empire Securities & General,Global,Fixed Interest,1.53,30/06/2014,GB0001335081
British Smaller Companies VCT,VCT Generalist,Not reported,,,
British Smaller Companies VCT 2,VCT Generalist,Not reported,,,
Brunner,Global,Belgium,0.65,30/06/2014,GB0001490001
Brunner,Global,France,1.61,30/06/2014,GB0001490001
Brunner,Global,Germany,3.69,30/06/2014,GB0001490001
Brunner,Global,Spain,0.85,30/06/2014,GB0001490001
Brunner,Global,Switzerland,4.55,30/06/2014,GB0001490001
Brunner,Global,UK,44.49,30/06/2014,GB0001490001
Brunner,Global,Australia,1.65,30/06/2014,GB0001490001
Brunner,Global,China,2.11,30/06/2014,GB0001490001
Brunner,Global,Hong Kong,0.5,30/06/2014,GB0001490001
Brunner,Global,Japan,2.97,30/06/2014,GB0001490001
Brunner,Global,Taiwan,0.58,30/06/2014,GB0001490001
Brunner,Global,Brazil,2.26,30/06/2014,GB0001490001
Brunner,Global,Canada,0.99,30/06/2014,GB0001490001
Brunner,Global,USA,24,30/06/2014,GB0001490001
Brunner,Global,Cash/Cash Equiv.,3.55,30/06/2014,GB0001490001
Brunner,Global,Fixed Interest,5.55,30/06/2014,GB0001490001
Caledonia,Global,India,3.83,30/06/2014,GB0001639920
Caledonia,Global,Belgium,6.8,30/06/2014,GB0001639920
Caledonia,Global,European Developed,0.04,30/06/2014,GB0001639920
Caledonia,Global,Finland,0.23,30/06/2014,GB0001639920
Caledonia,Global,France,2.01,30/06/2014,GB0001639920
Caledonia,Global,Germany,3.78,30/06/2014,GB0001639920
Caledonia,Global,Guernsey,1.65,30/06/2014,GB0001639920
Caledonia,Global,Luxembourg,0.28,30/06/2014,GB0001639920
Caledonia,Global,Norway,0.36,30/06/2014,GB0001639920
Caledonia,Global,Sweden,1.08,30/06/2014,GB0001639920
Caledonia,Global,Switzerland,1.61,30/06/2014,GB0001639920
Caledonia,Global,UK,52.12,30/06/2014,GB0001639920
Caledonia,Global,Australia,0.67,30/06/2014,GB0001639920
Caledonia,Global,China,2.93,30/06/2014,GB0001639920
Caledonia,Global,Far East & Pacific Region,2.26,30/06/2014,GB0001639920
Caledonia,Global,Hong Kong,0.5,30/06/2014,GB0001639920
Caledonia,Global,Singapore,1.57,30/06/2014,GB0001639920
Caledonia,Global,Taiwan,0.22,30/06/2014,GB0001639920
Caledonia,Global,Brazil,0.71,30/06/2014,GB0001639920
Caledonia,Global,Canada,0.07,30/06/2014,GB0001639920
Caledonia,Global,USA,14.6,30/06/2014,GB0001639920
Caledonia,Global,Cash/Cash Equiv.,2.68,30/06/2014,GB0001639920
Caledonia,Global,Fixed Interest,0,30/06/2014,GB0001639920
Cambium Global Timberland,Sector Specialist: Forestry & Timber,Not reported,,,
Capital Gearing,UK All Companies,European Developed,1.63,30/06/2014,GB0001738615
Capital Gearing,UK All Companies,Other European,2.8,30/06/2014,GB0001738615
Capital Gearing,UK All Companies,Other Investment Cos,19.11,30/06/2014,GB0001738615
Capital Gearing,UK All Companies,UK,17.42,30/06/2014,GB0001738615
Capital Gearing,UK All Companies,Australia,0.06,30/06/2014,GB0001738615
Capital Gearing,UK All Companies,Far East & Pacific Region,1.67,30/06/2014,GB0001738615
Capital Gearing,UK All Companies,Japan,1.6,30/06/2014,GB0001738615
Capital Gearing,UK All Companies,USA,4.18,30/06/2014,GB0001738615
Capital Gearing,UK All Companies,Cash/Cash Equiv.,8.57,30/06/2014,GB0001738615
Capital Gearing,UK All Companies,Fixed Interest,42.96,30/06/2014,GB0001738615
CATCo Reinsurance Opportunities,Sector Specialist: Insurance & Reinsurance Strategies,Not reported,,,
Cayenne Trust,Global,European Emerging,1,30/06/2014,GB0006369119
Cayenne Trust,Global,European Developed,18,30/06/2014,GB0006369119
Cayenne Trust,Global,UK,29,30/06/2014,GB0006369119
Cayenne Trust,Global,Far East & Pacific Region,7,30/06/2014,GB0006369119
Cayenne Trust,Global,Japan,1,30/06/2014,GB0006369119
Cayenne Trust,Global,Other North America,22,30/06/2014,GB0006369119
Cayenne Trust,Global,Latin America Region,1,30/06/2014,GB0006369119
Cayenne Trust,Global,Cash/Cash Equiv.,7,30/06/2014,GB0006369119
Cayenne Trust,Global,Fixed Interest,14,30/06/2014,GB0006369119
Chrysalis VCT,VCT Generalist,Not reported,,,
City Merchants High Yield,UK Equity & Bond Income,UK,6.24,30/06/2014,JE00B6RMDP68
City Merchants High Yield,UK Equity & Bond Income,USA,3.39,30/06/2014,JE00B6RMDP68
City Merchants High Yield,UK Equity & Bond Income,Cash/Cash Equiv.,8.71,30/06/2014,JE00B6RMDP68
City Merchants High Yield,UK Equity & Bond Income,Fixed Interest,81.66,30/06/2014,JE00B6RMDP68
City Natural Resources High Yield,Sector Specialist: Commodities & Natural Resources,UK,21.2,30/06/2014,GB0000353929
City Natural Resources High Yield,Sector Specialist: Commodities & Natural Resources,Australia,13,30/06/2014,GB0000353929
City Natural Resources High Yield,Sector Specialist: Commodities & Natural Resources,Canada,31.7,30/06/2014,GB0000353929
City Natural Resources High Yield,Sector Specialist: Commodities & Natural Resources,USA,3.6,30/06/2014,GB0000353929
City Natural Resources High Yield,Sector Specialist: Commodities & Natural Resources,Cash/Cash Equiv.,10,30/06/2014,GB0000353929
City Natural Resources High Yield,Sector Specialist: Commodities & Natural Resources,Fixed Interest,20.5,30/06/2014,GB0000353929
City of London,UK Equity Income,France,0.37,30/06/2014,GB0001990497
City of London,UK Equity Income,Germany,1.69,30/06/2014,GB0001990497
City of London,UK Equity Income,Italy,0.41,30/06/2014,GB0001990497
City of London,UK Equity Income,Netherlands,0.81,30/06/2014,GB0001990497
City of London,UK Equity Income,Norway,0.78,30/06/2014,GB0001990497
City of London,UK Equity Income,Switzerland,2.96,30/06/2014,GB0001990497
City of London,UK Equity Income,UK,88.73,30/06/2014,GB0001990497
City of London,UK Equity Income,Hong Kong,0.43,30/06/2014,GB0001990497
City of London,UK Equity Income,USA,3.33,30/06/2014,GB0001990497
City of London,UK Equity Income,Cash/Cash Equiv.,0.49,30/06/2014,GB0001990497
CQS Diversified,Hedge Funds,Not reported,,,
CQS Diversified USD,Hedge Funds,Not reported,,,
Crown Place VCT,VCT Generalist,Not reported,,,
Crystal Amber,UK All Companies,Not reported,,,
Custodian REIT,Property Direct - UK,Not reported,,,
CVC Credit Partners European Opps,Sector Specialist: Debt,Not reported,,,
CVC Credit Partners European Opps C shares,Sector Specialist: Debt,Not reported,,,
CVC Credit Partners European Opps Euro,Sector Specialist: Debt,Not reported,,,
CVC Credit Partners European Opps Euro C shares,Sector Specialist: Debt,Not reported,,,
DCG IRIS,Sector Specialist: Insurance & Reinsurance Strategies,Not reported,,,
Dexion Absolute,Hedge Funds,Not reported,,,
Dexion Absolute Euro,Hedge Funds,Not reported,,,
Dexion Absolute USD,Hedge Funds,Not reported,,,
Diverse Income Trust,UK Equity Income,UK,99.12,30/06/2014,GB00B65TLW28
Diverse Income Trust,UK Equity Income,Cash/Cash Equiv.,0.55,30/06/2014,GB00B65TLW28
Diverse Income Trust,UK Equity Income,Fixed Interest,0.33,30/06/2014,GB00B65TLW28
Diverse Income Trust C shares,UK Equity Income,UK,0.96,30/06/2014,GB00BLTVC930
Diverse Income Trust C shares,UK Equity Income,Cash/Cash Equiv.,99.04,30/06/2014,GB00BLTVC930
Downing ONE VCT,VCT AIM Quoted,Not reported,,,
Downing Planned Exit VCT 2011,VCT Generalist,Not reported,,,
Downing Planned Exit VCT 2011 Low Carbon shs,VCT Generalist,Not reported,,,
Downing Planned Exit VCT 2011 Structured shs,VCT Generalist,Not reported,,,
Downing Planned Exit VCT 6,VCT Generalist,Not reported,,,
Downing Planned Exit VCT 7,VCT Generalist,Not reported,,,
Downing Structured Opportunities VCT 1,VCT Generalist,Not reported,,,
Downing Structured Opportunities VCT 1 B shs,VCT Generalist,Not reported,,,
Downing Structured Opportunities VCT 1 D shs,VCT Generalist Pre Qualifying,Not reported,,,
Downing THREE VCT C shares,VCT Generalist,Not reported,,,
Downing THREE VCT D shares,VCT Generalist,Not reported,,,
Downing THREE VCT F shares,VCT Generalist Pre Qualifying,Not reported,,,
Downing THREE VCT H shares,VCT Generalist Pre Qualifying,Not reported,,,
Downing TWO VCT C shares,VCT Generalist,Not reported,,,
Downing TWO VCT D shares,VCT Generalist,Not reported,,,
Downing TWO VCT F shares,VCT Generalist Pre Qualifying,Not reported,,,
Downing TWO VCT G shares,VCT Generalist Pre Qualifying,Not reported,,,
Duet Real Estate Finance,Sector Specialist: Debt,Not reported,,,
Dunedin Enterprise,Private Equity,Not reported,,,
Dunedin Income Growth,UK Equity Income,France,8.38,30/06/2014,GB0003406096
Dunedin Income Growth,UK Equity Income,Germany,1.23,30/06/2014,GB0003406096
Dunedin Income Growth,UK Equity Income,Italy,3.05,30/06/2014,GB0003406096
Dunedin Income Growth,UK Equity Income,Switzerland,6.46,30/06/2014,GB0003406096
Dunedin Income Growth,UK Equity Income,UK,79.31,30/06/2014,GB0003406096
Dunedin Income Growth,UK Equity Income,Cash/Cash Equiv.,1.57,30/06/2014,GB0003406096
Dunedin Smaller Companies,UK Smaller Companies,UK,98.78,30/06/2014,GB00B1GCL258
Dunedin Smaller Companies,UK Smaller Companies,Cash/Cash Equiv.,1.22,30/06/2014,GB00B1GCL258
Dunedin Smaller Companies,UK Smaller Companies,Fixed Interest,0,30/06/2014,GB00B1GCL258
Eastern European Property,Property Direct - Europe,Not reported,,,
Ecofin Water & Power Opportunities,Split Capital Trust,Czech Republic,0.69,30/06/2014,GB00B09LK252
Ecofin Water & Power Opportunities,Split Capital Trust,Finland,0.56,30/06/2014,GB00B09LK252
Ecofin Water & Power Opportunities,Split Capital Trust,France,5.76,30/06/2014,GB00B09LK252
Ecofin Water & Power Opportunities,Split Capital Trust,Germany,5.28,30/06/2014,GB00B09LK252
Ecofin Water & Power Opportunities,Split Capital Trust,Italy,0.71,30/06/2014,GB00B09LK252
Ecofin Water & Power Opportunities,Split Capital Trust,Norway,2.28,30/06/2014,GB00B09LK252
Ecofin Water & Power Opportunities,Split Capital Trust,Portugal,2.2,30/06/2014,GB00B09LK252
Ecofin Water & Power Opportunities,Split Capital Trust,Spain,6.54,30/06/2014,GB00B09LK252
Ecofin Water & Power Opportunities,Split Capital Trust,UK,15.92,30/06/2014,GB00B09LK252
Ecofin Water & Power Opportunities,Split Capital Trust,Australia,18.7,30/06/2014,GB00B09LK252
Ecofin Water & Power Opportunities,Split Capital Trust,China,0.57,30/06/2014,GB00B09LK252
Ecofin Water & Power Opportunities,Split Capital Trust,Hong Kong,4.99,30/06/2014,GB00B09LK252
Ecofin Water & Power Opportunities,Split Capital Trust,Japan,0.4,30/06/2014,GB00B09LK252
Ecofin Water & Power Opportunities,Split Capital Trust,Brazil,1.14,30/06/2014,GB00B09LK252
Ecofin Water & Power Opportunities,Split Capital Trust,Mexico,2.07,30/06/2014,GB00B09LK252
Ecofin Water & Power Opportunities,Split Capital Trust,Israel,0.17,30/06/2014,GB00B09LK252
Ecofin Water & Power Opportunities,Split Capital Trust,Canada,3.95,30/06/2014,GB00B09LK252
Ecofin Water & Power Opportunities,Split Capital Trust,USA,26.53,30/06/2014,GB00B09LK252
Ecofin Water & Power Opportunities,Split Capital Trust,Cash/Cash Equiv.,-0.1,30/06/2014,GB00B09LK252
Ecofin Water & Power Opportunities,Split Capital Trust,Fixed Interest,1.64,30/06/2014,GB00B09LK252
Edge Performance VCT C shares,"VCT Specialist: Media, Leisure & Events",Not reported,,,
Edge Performance VCT D shares,"VCT Specialist: Media, Leisure & Events",Not reported,,,
Edge Performance VCT E shares,"VCT Specialist: Media, Leisure & Events",Not reported,,,
Edge Performance VCT F shares,"VCT Specialist: Media, Leisure & Events",Not reported,,,
Edge Performance VCT G shares,"VCT Specialist: Media, Leisure & Events",Not reported,,,
Edge Performance VCT H shares,"VCT Specialist: Media, Leisure & Events Pre Qualifying",Not reported,,,
Edge Performance VCT I shares,"VCT Specialist: Media, Leisure & Events Pre Qualifying",Not reported,,,
Edinburgh Dragon,Asia Pacific - Excluding Japan,India,13.41,30/06/2014,GB0002945029
Edinburgh Dragon,Asia Pacific - Excluding Japan,Sri Lanka,2.74,30/06/2014,GB0002945029
Edinburgh Dragon,Asia Pacific - Excluding Japan,UK,2.71,30/06/2014,GB0002945029
Edinburgh Dragon,Asia Pacific - Excluding Japan,China,6.94,30/06/2014,GB0002945029
Edinburgh Dragon,Asia Pacific - Excluding Japan,Hong Kong,24.19,30/06/2014,GB0002945029
Edinburgh Dragon,Asia Pacific - Excluding Japan,Indonesia,0.67,30/06/2014,GB0002945029
Edinburgh Dragon,Asia Pacific - Excluding Japan,Malaysia,3.52,30/06/2014,GB0002945029
Edinburgh Dragon,Asia Pacific - Excluding Japan,Philippines,4.11,30/06/2014,GB0002945029
Edinburgh Dragon,Asia Pacific - Excluding Japan,Singapore,20.96,30/06/2014,GB0002945029
Edinburgh Dragon,Asia Pacific - Excluding Japan,South Korea,8.24,30/06/2014,GB0002945029
Edinburgh Dragon,Asia Pacific - Excluding Japan,Taiwan,6.19,30/06/2014,GB0002945029
Edinburgh Dragon,Asia Pacific - Excluding Japan,Thailand,5.03,30/06/2014,GB0002945029
Edinburgh Dragon,Asia Pacific - Excluding Japan,Cash/Cash Equiv.,1.29,30/06/2014,GB0002945029
Edinburgh Investment,UK Equity Income,France,0.8,30/06/2014,GB0003052338
Edinburgh Investment,UK Equity Income,Switzerland,7,30/06/2014,GB0003052338
Edinburgh Investment,UK Equity Income,UK,86.01,30/06/2014,GB0003052338
Edinburgh Investment,UK Equity Income,USA,7.17,30/06/2014,GB0003052338
Edinburgh Investment,UK Equity Income,Cash/Cash Equiv.,-0.98,30/06/2014,GB0003052338
Edinburgh Worldwide,Global,India,1,30/06/2014,GB0002916335
Edinburgh Worldwide,Global,Austria,1,30/06/2014,GB0002916335
Edinburgh Worldwide,Global,Belgium,1,30/06/2014,GB0002916335
Edinburgh Worldwide,Global,Finland,1,30/06/2014,GB0002916335
Edinburgh Worldwide,Global,France,1,30/06/2014,GB0002916335
Edinburgh Worldwide,Global,Germany,7,30/06/2014,GB0002916335
Edinburgh Worldwide,Global,Italy,1,30/06/2014,GB0002916335
Edinburgh Worldwide,Global,Switzerland,2,30/06/2014,GB0002916335
Edinburgh Worldwide,Global,UK,22,30/06/2014,GB0002916335
Edinburgh Worldwide,Global,Australia,2,30/06/2014,GB0002916335
Edinburgh Worldwide,Global,China,3,30/06/2014,GB0002916335
Edinburgh Worldwide,Global,Hong Kong,1,30/06/2014,GB0002916335
Edinburgh Worldwide,Global,Indonesia,1,30/06/2014,GB0002916335
Edinburgh Worldwide,Global,Japan,6,30/06/2014,GB0002916335
Edinburgh Worldwide,Global,New Zealand,1,30/06/2014,GB0002916335
Edinburgh Worldwide,Global,Mexico,1,30/06/2014,GB0002916335
Edinburgh Worldwide,Global,Canada,2,30/06/2014,GB0002916335
Edinburgh Worldwide,Global,USA,42,30/06/2014,GB0002916335
Edinburgh Worldwide,Global,Cash/Cash Equiv.,4,30/06/2014,GB0002916335
El Oro,Sector Specialist: Commodities & Natural Resources,Not reported,,,
Elderstreet VCT,VCT Generalist,Not reported,,,
Electra Private Equity,Split Capital Trust,Not reported,,,
EP Global Opportunities,Global,Russia,1.91,30/06/2014,GB0033862573
EP Global Opportunities,Global,France,4.1,30/06/2014,GB0033862573
EP Global Opportunities,Global,Germany,2.21,30/06/2014,GB0033862573
EP Global Opportunities,Global,Ireland,1.06,30/06/2014,GB0033862573
EP Global Opportunities,Global,Italy,3.21,30/06/2014,GB0033862573
EP Global Opportunities,Global,Netherlands,7.51,30/06/2014,GB0033862573
EP Global Opportunities,Global,Spain,2.37,30/06/2014,GB0033862573
EP Global Opportunities,Global,Switzerland,7.06,30/06/2014,GB0033862573
EP Global Opportunities,Global,UK,10.51,30/06/2014,GB0033862573
EP Global Opportunities,Global,Hong Kong,5.12,30/06/2014,GB0033862573
EP Global Opportunities,Global,Indonesia,1.55,30/06/2014,GB0033862573
EP Global Opportunities,Global,Japan,32.69,30/06/2014,GB0033862573
EP Global Opportunities,Global,Singapore,2.22,30/06/2014,GB0033862573
EP Global Opportunities,Global,South Korea,1.93,30/06/2014,GB0033862573
EP Global Opportunities,Global,Thailand,2.07,30/06/2014,GB0033862573
EP Global Opportunities,Global,USA,9.38,30/06/2014,GB0033862573
EP Global Opportunities,Global,Cash/Cash Equiv.,5.1,30/06/2014,GB0033862573
EP Global Opportunities,Global,Fixed Interest,0,30/06/2014,GB0033862573
Establishment Investment Trust,Global,India,8,30/06/2014,GB0031336919
Establishment Investment Trust,Global,Ireland,14,30/06/2014,GB0031336919
Establishment Investment Trust,Global,UK,11,30/06/2014,GB0031336919
Establishment Investment Trust,Global,Hong Kong,10,30/06/2014,GB0031336919
Establishment Investment Trust,Global,Japan,5,30/06/2014,GB0031336919
Establishment Investment Trust,Global,Malaysia,10,30/06/2014,GB0031336919
Establishment Investment Trust,Global,Philippines,7,30/06/2014,GB0031336919
Establishment Investment Trust,Global,South Korea,4,30/06/2014,GB0031336919
Establishment Investment Trust,Global,Taiwan,5,30/06/2014,GB0031336919
Establishment Investment Trust,Global,Thailand,9,30/06/2014,GB0031336919
Establishment Investment Trust,Global,Cash/Cash Equiv.,17,30/06/2014,GB0031336919
Establishment Investment Trust,Global,Fixed Interest,0,30/06/2014,GB0031336919
European Assets,European Smaller Companies,Denmark,7.47,30/06/2014,NL0000226090
European Assets,European Smaller Companies,Finland,2.6,30/06/2014,NL0000226090
European Assets,European Smaller Companies,France,2.84,30/06/2014,NL0000226090
European Assets,European Smaller Companies,Germany,20.93,30/06/2014,NL0000226090
European Assets,European Smaller Companies,Ireland,17.97,30/06/2014,NL0000226090
European Assets,European Smaller Companies,Italy,9.16,30/06/2014,NL0000226090
European Assets,European Smaller Companies,Netherlands,6.79,30/06/2014,NL0000226090
European Assets,European Smaller Companies,Norway,5.77,30/06/2014,NL0000226090
European Assets,European Smaller Companies,Portugal,1.7,30/06/2014,NL0000226090
European Assets,European Smaller Companies,Spain,9.43,30/06/2014,NL0000226090
European Assets,European Smaller Companies,Sweden,4.17,30/06/2014,NL0000226090
European Assets,European Smaller Companies,Switzerland,10.78,30/06/2014,NL0000226090
European Assets,European Smaller Companies,Cash/Cash Equiv.,0.39,30/06/2014,NL0000226090
European Assets,European Smaller Companies,Fixed Interest,0,30/06/2014,NL0000226090
European Investment Trust,Europe,Belgium,2.86,30/06/2014,GB0003295010
European Investment Trust,Europe,Denmark,5.25,30/06/2014,GB0003295010
European Investment Trust,Europe,Finland,1.86,30/06/2014,GB0003295010
European Investment Trust,Europe,France,16.19,30/06/2014,GB0003295010
European Investment Trust,Europe,Germany,12.6,30/06/2014,GB0003295010
European Investment Trust,Europe,Ireland,2.4,30/06/2014,GB0003295010
European Investment Trust,Europe,Italy,12.99,30/06/2014,GB0003295010
European Investment Trust,Europe,Netherlands,16.98,30/06/2014,GB0003295010
European Investment Trust,Europe,Portugal,2.28,30/06/2014,GB0003295010
European Investment Trust,Europe,Spain,5.42,30/06/2014,GB0003295010
European Investment Trust,Europe,Sweden,2.03,30/06/2014,GB0003295010
European Investment Trust,Europe,Switzerland,17.33,30/06/2014,GB0003295010
European Investment Trust,Europe,Cash/Cash Equiv.,1.81,30/06/2014,GB0003295010
European Investment Trust,Europe,Fixed Interest,0,30/06/2014,GB0003295010
F&C Capital & Income,UK Equity Income,France,2.45,30/06/2014,GB0003463287
F&C Capital & Income,UK Equity Income,Germany,0.66,30/06/2014,GB0003463287
F&C Capital & Income,UK Equity Income,Ireland,2.17,30/06/2014,GB0003463287
F&C Capital & Income,UK Equity Income,UK,91.68,30/06/2014,GB0003463287
F&C Capital & Income,UK Equity Income,Cash/Cash Equiv.,2.24,30/06/2014,GB0003463287
F&C Capital & Income,UK Equity Income,Fixed Interest,0.8,30/06/2014,GB0003463287
F&C Commercial Property,Property Direct - UK,Not reported,,,
F&C Global Smaller Companies,Global,Denmark,0.84,30/06/2014,GB0000175058
F&C Global Smaller Companies,Global,Finland,0.28,30/06/2014,GB0000175058
F&C Global Smaller Companies,Global,France,0.36,30/06/2014,GB0000175058
F&C Global Smaller Companies,Global,Germany,2.74,30/06/2014,GB0000175058
F&C Global Smaller Companies,Global,Ireland,1.75,30/06/2014,GB0000175058
F&C Global Smaller Companies,Global,Italy,1.03,30/06/2014,GB0000175058
F&C Global Smaller Companies,Global,Netherlands,1.27,30/06/2014,GB0000175058
F&C Global Smaller Companies,Global,Norway,0.74,30/06/2014,GB0000175058
F&C Global Smaller Companies,Global,Portugal,0.18,30/06/2014,GB0000175058
F&C Global Smaller Companies,Global,Spain,1.04,30/06/2014,GB0000175058
F&C Global Smaller Companies,Global,Sweden,0.5,30/06/2014,GB0000175058
F&C Global Smaller Companies,Global,Switzerland,1.11,30/06/2014,GB0000175058
F&C Global Smaller Companies,Global,UK,26.65,30/06/2014,GB0000175058
F&C Global Smaller Companies,Global,Australia,0.63,30/06/2014,GB0000175058
F&C Global Smaller Companies,Global,Far East & Pacific Region,9.14,30/06/2014,GB0000175058
F&C Global Smaller Companies,Global,Japan,9.13,30/06/2014,GB0000175058
F&C Global Smaller Companies,Global,Brazil,0.3,30/06/2014,GB0000175058
F&C Global Smaller Companies,Global,USA,38.39,30/06/2014,GB0000175058
F&C Global Smaller Companies,Global,Cash/Cash Equiv.,3.92,30/06/2014,GB0000175058
F&C Global Smaller Companies,Global,Fixed Interest,0,30/06/2014,GB0000175058
F&C Managed Portfolio Growth,Global,Africa Regional,1,30/06/2014,GB00B2PP2527
F&C Managed Portfolio Growth,Global,European Developed,19,30/06/2014,GB00B2PP2527
F&C Managed Portfolio Growth,Global,UK,38,30/06/2014,GB00B2PP2527
F&C Managed Portfolio Growth,Global,China,2,30/06/2014,GB00B2PP2527
F&C Managed Portfolio Growth,Global,Far East & Pacific Region,9,30/06/2014,GB00B2PP2527
F&C Managed Portfolio Growth,Global,Japan,3,30/06/2014,GB00B2PP2527
F&C Managed Portfolio Growth,Global,Chile,1,30/06/2014,GB00B2PP2527
F&C Managed Portfolio Growth,Global,Other Middle East,1,30/06/2014,GB00B2PP2527
F&C Managed Portfolio Growth,Global,USA,19,30/06/2014,GB00B2PP2527
F&C Managed Portfolio Growth,Global,Cash/Cash Equiv.,5,30/06/2014,GB00B2PP2527
F&C Managed Portfolio Growth,Global,Fixed Interest,2,30/06/2014,GB00B2PP2527
F&C Managed Portfolio Income,Global Equity Income,Africa Regional,1,30/06/2014,GB00B2PP3J36
F&C Managed Portfolio Income,Global Equity Income,European Developed,12,30/06/2014,GB00B2PP3J36
F&C Managed Portfolio Income,Global Equity Income,UK,48,30/06/2014,GB00B2PP3J36
F&C Managed Portfolio Income,Global Equity Income,China,2,30/06/2014,GB00B2PP3J36
F&C Managed Portfolio Income,Global Equity Income,Far East & Pacific Region,13,30/06/2014,GB00B2PP3J36
F&C Managed Portfolio Income,Global Equity Income,Japan,1,30/06/2014,GB00B2PP3J36
F&C Managed Portfolio Income,Global Equity Income,Brazil,1,30/06/2014,GB00B2PP3J36
F&C Managed Portfolio Income,Global Equity Income,Peru,1,30/06/2014,GB00B2PP3J36
F&C Managed Portfolio Income,Global Equity Income,USA,10,30/06/2014,GB00B2PP3J36
F&C Managed Portfolio Income,Global Equity Income,Fixed Interest,11,30/06/2014,GB00B2PP3J36
F&C Private Equity,Split Capital Trust,Not reported,,,
F&C UK Real Estate Investments,Property Direct - UK,Not reported,,,
Fair Oaks Income,Sector Specialist: Debt,Not reported,,,
Fidelity Asian Values,Asia Pacific - Excluding Japan,India,9.04,30/06/2014,GB0003322319
Fidelity Asian Values,Asia Pacific - Excluding Japan,Australia,4.88,30/06/2014,GB0003322319
Fidelity Asian Values,Asia Pacific - Excluding Japan,China,24.76,30/06/2014,GB0003322319
Fidelity Asian Values,Asia Pacific - Excluding Japan,Hong Kong,18.95,30/06/2014,GB0003322319
Fidelity Asian Values,Asia Pacific - Excluding Japan,Malaysia,0.98,30/06/2014,GB0003322319
Fidelity Asian Values,Asia Pacific - Excluding Japan,Singapore,6.24,30/06/2014,GB0003322319
Fidelity Asian Values,Asia Pacific - Excluding Japan,South Korea,26.55,30/06/2014,GB0003322319
Fidelity Asian Values,Asia Pacific - Excluding Japan,Taiwan,7.47,30/06/2014,GB0003322319
Fidelity Asian Values,Asia Pacific - Excluding Japan,USA,0.94,30/06/2014,GB0003322319
Fidelity Asian Values,Asia Pacific - Excluding Japan,Cash/Cash Equiv.,0.19,30/06/2014,GB0003322319
Fidelity China Special Situations,Country Specialists: Asia Pacific,UK,3.4,30/06/2014,GB00B62Z3C74
Fidelity China Special Situations,Country Specialists: Asia Pacific,Australia,0.55,30/06/2014,GB00B62Z3C74
Fidelity China Special Situations,Country Specialists: Asia Pacific,China,50.12,30/06/2014,GB00B62Z3C74
Fidelity China Special Situations,Country Specialists: Asia Pacific,Hong Kong,36.65,30/06/2014,GB00B62Z3C74
Fidelity China Special Situations,Country Specialists: Asia Pacific,Singapore,1.82,30/06/2014,GB00B62Z3C74
Fidelity China Special Situations,Country Specialists: Asia Pacific,Taiwan,1.33,30/06/2014,GB00B62Z3C74
Fidelity China Special Situations,Country Specialists: Asia Pacific,USA,5.42,30/06/2014,GB00B62Z3C74
Fidelity China Special Situations,Country Specialists: Asia Pacific,Cash/Cash Equiv.,0.71,30/06/2014,GB00B62Z3C74
Fidelity European Values,Europe,Czech Republic,0.31,30/06/2014,GB00BK1PKQ95
Fidelity European Values,Europe,Turkey,0.53,30/06/2014,GB00BK1PKQ95
Fidelity European Values,Europe,Belgium,7.91,30/06/2014,GB00BK1PKQ95
Fidelity European Values,Europe,Denmark,5.14,30/06/2014,GB00BK1PKQ95
Fidelity European Values,Europe,Finland,5.82,30/06/2014,GB00BK1PKQ95
Fidelity European Values,Europe,France,20.74,30/06/2014,GB00BK1PKQ95
Fidelity European Values,Europe,Germany,15.81,30/06/2014,GB00BK1PKQ95
Fidelity European Values,Europe,Italy,2.09,30/06/2014,GB00BK1PKQ95
Fidelity European Values,Europe,Luxembourg,1.87,30/06/2014,GB00BK1PKQ95
Fidelity European Values,Europe,Netherlands,1.86,30/06/2014,GB00BK1PKQ95
Fidelity European Values,Europe,Norway,6.03,30/06/2014,GB00BK1PKQ95
Fidelity European Values,Europe,Spain,3.31,30/06/2014,GB00BK1PKQ95
Fidelity European Values,Europe,Sweden,3.13,30/06/2014,GB00BK1PKQ95
Fidelity European Values,Europe,Switzerland,18.95,30/06/2014,GB00BK1PKQ95
Fidelity European Values,Europe,UK,4.66,30/06/2014,GB00BK1PKQ95
Fidelity European Values,Europe,Cash/Cash Equiv.,1.84,30/06/2014,GB00BK1PKQ95
Fidelity Japanese Values,Japanese Smaller Companies,Japan,98,30/06/2014,GB0003328555
Fidelity Japanese Values,Japanese Smaller Companies,Cash/Cash Equiv.,2,30/06/2014,GB0003328555
Fidelity Special Values,UK All Companies,Denmark,2.71,30/06/2014,GB0003325106
Fidelity Special Values,UK All Companies,France,4.53,30/06/2014,GB0003325106
Fidelity Special Values,UK All Companies,Germany,0.8,30/06/2014,GB0003325106
Fidelity Special Values,UK All Companies,Ireland,1.32,30/06/2014,GB0003325106
Fidelity Special Values,UK All Companies,Italy,0.51,30/06/2014,GB0003325106
Fidelity Special Values,UK All Companies,Netherlands,0.77,30/06/2014,GB0003325106
Fidelity Special Values,UK All Companies,Norway,0.27,30/06/2014,GB0003325106
Fidelity Special Values,UK All Companies,Spain,1.66,30/06/2014,GB0003325106
Fidelity Special Values,UK All Companies,Sweden,0.84,30/06/2014,GB0003325106
Fidelity Special Values,UK All Companies,UK,80.06,30/06/2014,GB0003325106
Fidelity Special Values,UK All Companies,Brazil,0.21,30/06/2014,GB0003325106
Fidelity Special Values,UK All Companies,USA,6.23,30/06/2014,GB0003325106
Fidelity Special Values,UK All Companies,Cash/Cash Equiv.,0.09,30/06/2014,GB0003325106
Finsbury Growth & Income,UK Equity Income,Netherlands,6.33,30/06/2014,GB0007816068
Finsbury Growth & Income,UK Equity Income,UK,85.3,30/06/2014,GB0007816068
Finsbury Growth & Income,UK Equity Income,Canada,1.69,30/06/2014,GB0007816068
Finsbury Growth & Income,UK Equity Income,USA,6.26,30/06/2014,GB0007816068
Finsbury Growth & Income,UK Equity Income,Cash/Cash Equiv.,0.39,30/06/2014,GB0007816068
Finsbury Growth & Income,UK Equity Income,Fixed Interest,0.03,30/06/2014,GB0007816068
Foreign & Colonial Investment Trust,Global,South Africa,0.26,30/06/2014,GB0003466074
Foreign & Colonial Investment Trust,Global,India,1.22,30/06/2014,GB0003466074
Foreign & Colonial Investment Trust,Global,Poland,0.07,30/06/2014,GB0003466074
Foreign & Colonial Investment Trust,Global,Russia,0.67,30/06/2014,GB0003466074
Foreign & Colonial Investment Trust,Global,Turkey,0.28,30/06/2014,GB0003466074
Foreign & Colonial Investment Trust,Global,European Developed,4.63,30/06/2014,GB0003466074
Foreign & Colonial Investment Trust,Global,Finland,0.25,30/06/2014,GB0003466074
Foreign & Colonial Investment Trust,Global,France,2.19,30/06/2014,GB0003466074
Foreign & Colonial Investment Trust,Global,Germany,2.93,30/06/2014,GB0003466074
Foreign & Colonial Investment Trust,Global,Ireland,6.24,30/06/2014,GB0003466074
Foreign & Colonial Investment Trust,Global,Italy,0.59,30/06/2014,GB0003466074
Foreign & Colonial Investment Trust,Global,Luxembourg,1.79,30/06/2014,GB0003466074
Foreign & Colonial Investment Trust,Global,Netherlands,2.98,30/06/2014,GB0003466074
Foreign & Colonial Investment Trust,Global,Norway,0.47,30/06/2014,GB0003466074
Foreign & Colonial Investment Trust,Global,Portugal,0.24,30/06/2014,GB0003466074
Foreign & Colonial Investment Trust,Global,Spain,0.08,30/06/2014,GB0003466074
Foreign & Colonial Investment Trust,Global,Sweden,1.59,30/06/2014,GB0003466074
Foreign & Colonial Investment Trust,Global,Switzerland,2.69,30/06/2014,GB0003466074
Foreign & Colonial Investment Trust,Global,UK,16.77,30/06/2014,GB0003466074
Foreign & Colonial Investment Trust,Global,Australia,0.18,30/06/2014,GB0003466074
Foreign & Colonial Investment Trust,Global,China,1.87,30/06/2014,GB0003466074
Foreign & Colonial Investment Trust,Global,Hong Kong,0.8,30/06/2014,GB0003466074
Foreign & Colonial Investment Trust,Global,Indonesia,0.29,30/06/2014,GB0003466074
Foreign & Colonial Investment Trust,Global,Japan,5.3,30/06/2014,GB0003466074
Foreign & Colonial Investment Trust,Global,Malaysia,0.19,30/06/2014,GB0003466074
Foreign & Colonial Investment Trust,Global,New Zealand,0.02,30/06/2014,GB0003466074
Foreign & Colonial Investment Trust,Global,Philippines,0.13,30/06/2014,GB0003466074
Foreign & Colonial Investment Trust,Global,Singapore,0.14,30/06/2014,GB0003466074
Foreign & Colonial Investment Trust,Global,South Korea,1.39,30/06/2014,GB0003466074
Foreign & Colonial Investment Trust,Global,Taiwan,0.37,30/06/2014,GB0003466074
Foreign & Colonial Investment Trust,Global,Thailand,0.43,30/06/2014,GB0003466074
Foreign & Colonial Investment Trust,Global,Brazil,1.06,30/06/2014,GB0003466074
Foreign & Colonial Investment Trust,Global,Colombia,0.04,30/06/2014,GB0003466074
Foreign & Colonial Investment Trust,Global,Mexico,0.34,30/06/2014,GB0003466074
Foreign & Colonial Investment Trust,Global,Other Latin America,3.02,30/06/2014,GB0003466074
Foreign & Colonial Investment Trust,Global,Peru,0.16,30/06/2014,GB0003466074
Foreign & Colonial Investment Trust,Global,Israel,0.24,30/06/2014,GB0003466074
Foreign & Colonial Investment Trust,Global,Canada,0.56,30/06/2014,GB0003466074
Foreign & Colonial Investment Trust,Global,USA,36.17,30/06/2014,GB0003466074
Foreign & Colonial Investment Trust,Global,Bermuda,0.52,30/06/2014,GB0003466074
Foreign & Colonial Investment Trust,Global,Cash/Cash Equiv.,0.84,30/06/2014,GB0003466074
Foresight 2 VCT,VCT Specialist: Technology,Not reported,,,
Foresight 2 VCT Infrastructure shares,VCT Specialist: Infrastructure Pre Qualifying,Not reported,,,
Foresight 2 VCT Planned Exit shares,VCT Specialist: Environmental,Not reported,,,
Foresight 3 VCT,VCT Specialist: Technology,Not reported,,,
Foresight 4 VCT,VCT Specialist: Technology,Not reported,,,
Foresight 4 VCT C shares,VCT Specialist: Technology Pre Qualifying,Not reported,,,
Foresight Solar Fund,Sector Specialist: Infrastructure - Renewable Energy,Not reported,,,
Foresight VCT,VCT Generalist,Not reported,,,
Foresight VCT Infrastructure shares,VCT Specialist: Infrastructure Pre Qualifying,Not reported,,,
Foresight VCT Planned Exit shares,VCT Specialist: Environmental,Not reported,,,
Forest Company,Sector Specialist: Forestry & Timber,Not reported,,,
Fundsmith Emerging Equities,Global Emerging Markets,Not reported,,,
GCP Infrastructure Investments,Sector Specialist: Infrastructure,Not reported,,,
GCP Infrastructure Investments C shares,Sector Specialist: Infrastructure,Not reported,,,
GCP Sovereign Infrastructure Debt,Sector Specialist: Infrastructure,Not reported,,,
Geiger Counter,Sector Specialist: Commodities & Natural Resources,Not reported,,,
Genesis Emerging Markets,Global Emerging Markets,Not reported,,,
Global Fixed Income Realisation,Hedge Funds,Not reported,,,
Global Resources,Sector Specialist: Commodities & Natural Resources,European Developed,10,30/06/2014,GB00BCKFVJ45
Global Resources,Sector Specialist: Commodities & Natural Resources,UK,3,30/06/2014,GB00BCKFVJ45
Global Resources,Sector Specialist: Commodities & Natural Resources,Australia,3,30/06/2014,GB00BCKFVJ45
Global Resources,Sector Specialist: Commodities & Natural Resources,Canada,54,30/06/2014,GB00BCKFVJ45
Global Resources,Sector Specialist: Commodities & Natural Resources,Cash/Cash Equiv.,3,30/06/2014,GB00BCKFVJ45
Global Resources,Sector Specialist: Commodities & Natural Resources,Fixed Interest,27,30/06/2014,GB00BCKFVJ45
Globalworth Real Estate Investments,Property Direct - Europe,Not reported,,,
Graphite Enterprise,Private Equity,Not reported,,,
Greencoat UK Wind,Sector Specialist: Infrastructure - Renewable Energy,Not reported,,,
Hansa Trust (A Ord),UK All Companies,Not reported,,,
Hansa Trust (Ord),UK All Companies,Ireland,11.91,30/06/2014,GB0007879728
Hansa Trust (Ord),UK All Companies,Other Investment Cos,37.81,30/06/2014,GB0007879728
Hansa Trust (Ord),UK All Companies,UK,45.9,30/06/2014,GB0007879728
Hansa Trust (Ord),UK All Companies,USA,2.23,30/06/2014,GB0007879728
Hansa Trust (Ord),UK All Companies,Bermuda,1.15,30/06/2014,GB0007879728
Hansa Trust (Ord),UK All Companies,Cash/Cash Equiv.,1,30/06/2014,GB0007879728
Hansa Trust (Ord),UK All Companies,Fixed Interest,0,30/06/2014,GB0007879728
HarbourVest Global Private Equity,Private Equity,Not reported,,,
HarbourVest Senior Loans Europe,Global High Income,Not reported,,,
Hargreave Hale AIM VCT 1,VCT AIM Quoted,Not reported,,,
Hargreave Hale AIM VCT 2,VCT AIM Quoted,Not reported,,,
Hazel Renewable Energy VCT 1,VCT Specialist: Environmental,Not reported,,,
Hazel Renewable Energy VCT 2,VCT Specialist: Environmental,Not reported,,,
Henderson Diversified Income,Global High Income,UK,5.56,30/06/2014,JE00B1Y1NS49
Henderson Diversified Income,Global High Income,Cash/Cash Equiv.,-0.07,30/06/2014,JE00B1Y1NS49
Henderson Diversified Income,Global High Income,Fixed Interest,94.51,30/06/2014,JE00B1Y1NS49
Henderson European Focus,Europe,Belgium,5.93,30/06/2014,GB0005268858
Henderson European Focus,Europe,Denmark,6.33,30/06/2014,GB0005268858
Henderson European Focus,Europe,Finland,2.34,30/06/2014,GB0005268858
Henderson European Focus,Europe,France,12.93,30/06/2014,GB0005268858
Henderson European Focus,Europe,Germany,22.91,30/06/2014,GB0005268858
Henderson European Focus,Europe,Italy,4.76,30/06/2014,GB0005268858
Henderson European Focus,Europe,Netherlands,4.65,30/06/2014,GB0005268858
Henderson European Focus,Europe,Norway,2.86,30/06/2014,GB0005268858
Henderson European Focus,Europe,Portugal,0.92,30/06/2014,GB0005268858
Henderson European Focus,Europe,Spain,3.67,30/06/2014,GB0005268858
Henderson European Focus,Europe,Sweden,12.01,30/06/2014,GB0005268858
Henderson European Focus,Europe,Switzerland,21.63,30/06/2014,GB0005268858
Henderson European Focus,Europe,Cash/Cash Equiv.,-0.94,30/06/2014,GB0005268858
Henderson EuroTrust,Europe,Austria,1.58,30/06/2014,GB0004199294
Henderson EuroTrust,Europe,Denmark,7.33,30/06/2014,GB0004199294
Henderson EuroTrust,Europe,France,21.15,30/06/2014,GB0004199294
Henderson EuroTrust,Europe,Germany,26.57,30/06/2014,GB0004199294
Henderson EuroTrust,Europe,Italy,2.86,30/06/2014,GB0004199294
Henderson EuroTrust,Europe,Netherlands,4.66,30/06/2014,GB0004199294
Henderson EuroTrust,Europe,Norway,2.83,30/06/2014,GB0004199294
Henderson EuroTrust,Europe,Portugal,1.57,30/06/2014,GB0004199294
Henderson EuroTrust,Europe,Spain,4.72,30/06/2014,GB0004199294
Henderson EuroTrust,Europe,Sweden,5.3,30/06/2014,GB0004199294
Henderson EuroTrust,Europe,Switzerland,21.42,30/06/2014,GB0004199294
Henderson EuroTrust,Europe,Cash/Cash Equiv.,0.01,30/06/2014,GB0004199294
Henderson Far East Income,Asia Pacific - Excluding Japan,India,4.68,30/06/2014,JE00B1GXH751
Henderson Far East Income,Asia Pacific - Excluding Japan,Australia,16.44,30/06/2014,JE00B1GXH751
Henderson Far East Income,Asia Pacific - Excluding Japan,China,20.57,30/06/2014,JE00B1GXH751
Henderson Far East Income,Asia Pacific - Excluding Japan,Hong Kong,9.72,30/06/2014,JE00B1GXH751
Henderson Far East Income,Asia Pacific - Excluding Japan,Indonesia,1.54,30/06/2014,JE00B1GXH751
Henderson Far East Income,Asia Pacific - Excluding Japan,Japan,2.02,30/06/2014,JE00B1GXH751
Henderson Far East Income,Asia Pacific - Excluding Japan,Malaysia,2.07,30/06/2014,JE00B1GXH751
Henderson Far East Income,Asia Pacific - Excluding Japan,New Zealand,1.77,30/06/2014,JE00B1GXH751
Henderson Far East Income,Asia Pacific - Excluding Japan,Philippines,1.71,30/06/2014,JE00B1GXH751
Henderson Far East Income,Asia Pacific - Excluding Japan,Singapore,8.45,30/06/2014,JE00B1GXH751
Henderson Far East Income,Asia Pacific - Excluding Japan,South Korea,6.33,30/06/2014,JE00B1GXH751
Henderson Far East Income,Asia Pacific - Excluding Japan,Taiwan,15.75,30/06/2014,JE00B1GXH751
Henderson Far East Income,Asia Pacific - Excluding Japan,Thailand,5.96,30/06/2014,JE00B1GXH751
Henderson Far East Income,Asia Pacific - Excluding Japan,Cash/Cash Equiv.,2.99,30/06/2014,JE00B1GXH751
Henderson Far East Income,Asia Pacific - Excluding Japan,Fixed Interest,0,30/06/2014,JE00B1GXH751
Henderson Global,Global,France,5.09,30/06/2014,GB0003184024
Henderson Global,Global,Germany,1.48,30/06/2014,GB0003184024
Henderson Global,Global,Portugal,1.27,30/06/2014,GB0003184024
Henderson Global,Global,Switzerland,6.9,30/06/2014,GB0003184024
Henderson Global,Global,UK,16.94,30/06/2014,GB0003184024
Henderson Global,Global,Australia,3.42,30/06/2014,GB0003184024
Henderson Global,Global,China,0.59,30/06/2014,GB0003184024
Henderson Global,Global,Hong Kong,3.02,30/06/2014,GB0003184024
Henderson Global,Global,Japan,5.48,30/06/2014,GB0003184024
Henderson Global,Global,Singapore,3.73,30/06/2014,GB0003184024
Henderson Global,Global,South Korea,0.89,30/06/2014,GB0003184024
Henderson Global,Global,Brazil,0.44,30/06/2014,GB0003184024
Henderson Global,Global,Canada,2.86,30/06/2014,GB0003184024
Henderson Global,Global,USA,47.64,30/06/2014,GB0003184024
Henderson Global,Global,Cash/Cash Equiv.,0.25,30/06/2014,GB0003184024
Henderson High Income,UK Equity & Bond Income,Netherlands,1.61,30/06/2014,GB0009580571
Henderson High Income,UK Equity & Bond Income,Norway,0.98,30/06/2014,GB0009580571
Henderson High Income,UK Equity & Bond Income,Sweden,0.3,30/06/2014,GB0009580571
Henderson High Income,UK Equity & Bond Income,Switzerland,0.8,30/06/2014,GB0009580571
Henderson High Income,UK Equity & Bond Income,UK,82.92,30/06/2014,GB0009580571
Henderson High Income,UK Equity & Bond Income,USA,2.59,30/06/2014,GB0009580571
Henderson High Income,UK Equity & Bond Income,Cash/Cash Equiv.,-0.5,30/06/2014,GB0009580571
Henderson High Income,UK Equity & Bond Income,Fixed Interest,11.3,30/06/2014,GB0009580571
Henderson International Income,Global Equity Income,France,10.5,30/06/2014,GB00B3PHCS86
Henderson International Income,Global Equity Income,Germany,10.69,30/06/2014,GB00B3PHCS86
Henderson International Income,Global Equity Income,Italy,2.42,30/06/2014,GB00B3PHCS86
Henderson International Income,Global Equity Income,Luxembourg,0.94,30/06/2014,GB00B3PHCS86
Henderson International Income,Global Equity Income,Netherlands,0.89,30/06/2014,GB00B3PHCS86
Henderson International Income,Global Equity Income,Norway,1.17,30/06/2014,GB00B3PHCS86
Henderson International Income,Global Equity Income,Switzerland,8.92,30/06/2014,GB00B3PHCS86
Henderson International Income,Global Equity Income,Australia,5.16,30/06/2014,GB00B3PHCS86
Henderson International Income,Global Equity Income,China,8.13,30/06/2014,GB00B3PHCS86
Henderson International Income,Global Equity Income,Hong Kong,2.59,30/06/2014,GB00B3PHCS86
Henderson International Income,Global Equity Income,Japan,1.83,30/06/2014,GB00B3PHCS86
Henderson International Income,Global Equity Income,New Zealand,1.32,30/06/2014,GB00B3PHCS86
Henderson International Income,Global Equity Income,Singapore,2.29,30/06/2014,GB00B3PHCS86
Henderson International Income,Global Equity Income,South Korea,2.53,30/06/2014,GB00B3PHCS86
Henderson International Income,Global Equity Income,Taiwan,3.48,30/06/2014,GB00B3PHCS86
Henderson International Income,Global Equity Income,Thailand,0.96,30/06/2014,GB00B3PHCS86
Henderson International Income,Global Equity Income,Brazil,1.87,30/06/2014,GB00B3PHCS86
Henderson International Income,Global Equity Income,Canada,1.9,30/06/2014,GB00B3PHCS86
Henderson International Income,Global Equity Income,USA,31.88,30/06/2014,GB00B3PHCS86
Henderson International Income,Global Equity Income,Cash/Cash Equiv.,0.53,30/06/2014,GB00B3PHCS86
Henderson International Income,Global Equity Income,Fixed Interest,0,30/06/2014,GB00B3PHCS86
Henderson Opportunities,UK All Companies,UK,100.17,30/06/2014,GB0008536574
Henderson Opportunities,UK All Companies,Cash/Cash Equiv.,-0.17,30/06/2014,GB0008536574
Henderson Smaller Companies,UK Smaller Companies,UK,99.75,30/06/2014,GB0009065060
Henderson Smaller Companies,UK Smaller Companies,Cash/Cash Equiv.,0.25,30/06/2014,GB0009065060
Henderson Value,Global,Russia,5.3,30/06/2014,GB0001216000
Henderson Value,Global,Guernsey,10.94,30/06/2014,GB0001216000
Henderson Value,Global,Luxembourg,2.39,30/06/2014,GB0001216000
Henderson Value,Global,Other European,0.06,30/06/2014,GB0001216000
Henderson Value,Global,UK,47.23,30/06/2014,GB0001216000
Henderson Value,Global,Hong Kong,4.25,30/06/2014,GB0001216000
Henderson Value,Global,Singapore,0.33,30/06/2014,GB0001216000
Henderson Value,Global,Brazil,1.05,30/06/2014,GB0001216000
Henderson Value,Global,USA,4.37,30/06/2014,GB0001216000
Henderson Value,Global,Bermuda,0.26,30/06/2014,GB0001216000
Henderson Value,Global,Cayman Islands,18.3,30/06/2014,GB0001216000
Henderson Value,Global,Cash/Cash Equiv.,5.52,30/06/2014,GB0001216000
Herald,"Sector Specialist: Small Media, Comms & IT Cos",South Africa,0.28,30/06/2014,GB0004228648
Herald,"Sector Specialist: Small Media, Comms & IT Cos",Belgium,0.04,30/06/2014,GB0004228648
Herald,"Sector Specialist: Small Media, Comms & IT Cos",France,0.55,30/06/2014,GB0004228648
Herald,"Sector Specialist: Small Media, Comms & IT Cos",Germany,0.34,30/06/2014,GB0004228648
Herald,"Sector Specialist: Small Media, Comms & IT Cos",Ireland,0.16,30/06/2014,GB0004228648
Herald,"Sector Specialist: Small Media, Comms & IT Cos",Netherlands,1.28,30/06/2014,GB0004228648
Herald,"Sector Specialist: Small Media, Comms & IT Cos",Norway,0.85,30/06/2014,GB0004228648
Herald,"Sector Specialist: Small Media, Comms & IT Cos",UK,67.32,30/06/2014,GB0004228648
Herald,"Sector Specialist: Small Media, Comms & IT Cos",Australia,0.25,30/06/2014,GB0004228648
Herald,"Sector Specialist: Small Media, Comms & IT Cos",China,0.91,30/06/2014,GB0004228648
Herald,"Sector Specialist: Small Media, Comms & IT Cos",Hong Kong,0.34,30/06/2014,GB0004228648
Herald,"Sector Specialist: Small Media, Comms & IT Cos",South Korea,2.04,30/06/2014,GB0004228648
Herald,"Sector Specialist: Small Media, Comms & IT Cos",Taiwan,1.79,30/06/2014,GB0004228648
Herald,"Sector Specialist: Small Media, Comms & IT Cos",Canada,0.34,30/06/2014,GB0004228648
Herald,"Sector Specialist: Small Media, Comms & IT Cos",USA,18.8,30/06/2014,GB0004228648
Herald,"Sector Specialist: Small Media, Comms & IT Cos",Cash/Cash Equiv.,1.85,30/06/2014,GB0004228648
Herald,"Sector Specialist: Small Media, Comms & IT Cos",Fixed Interest,2.86,30/06/2014,GB0004228648
HgCapital,Private Equity,Not reported,,,
HICL Infrastructure,Sector Specialist: Infrastructure,Not reported,,,
ICG-Longbow Senior Secured UK Property Debt Inv,Sector Specialist: Debt,Not reported,,,
Impax Environmental Markets,Sector Specialist: Environmental,India,2,30/06/2014,GB0031232498
Impax Environmental Markets,Sector Specialist: Environmental,Austria,1,30/06/2014,GB0031232498
Impax Environmental Markets,Sector Specialist: Environmental,Belgium,2,30/06/2014,GB0031232498
Impax Environmental Markets,Sector Specialist: Environmental,Denmark,3,30/06/2014,GB0031232498
Impax Environmental Markets,Sector Specialist: Environmental,Finland,5,30/06/2014,GB0031232498
Impax Environmental Markets,Sector Specialist: Environmental,Germany,3,30/06/2014,GB0031232498
Impax Environmental Markets,Sector Specialist: Environmental,Ireland,3,30/06/2014,GB0031232498
Impax Environmental Markets,Sector Specialist: Environmental,Netherlands,1,30/06/2014,GB0031232498
Impax Environmental Markets,Sector Specialist: Environmental,Norway,1,30/06/2014,GB0031232498
Impax Environmental Markets,Sector Specialist: Environmental,Portugal,2,30/06/2014,GB0031232498
Impax Environmental Markets,Sector Specialist: Environmental,Spain,2,30/06/2014,GB0031232498
Impax Environmental Markets,Sector Specialist: Environmental,Sweden,3,30/06/2014,GB0031232498
Impax Environmental Markets,Sector Specialist: Environmental,Switzerland,3,30/06/2014,GB0031232498
Impax Environmental Markets,Sector Specialist: Environmental,UK,11,30/06/2014,GB0031232498
Impax Environmental Markets,Sector Specialist: Environmental,Hong Kong,6,30/06/2014,GB0031232498
Impax Environmental Markets,Sector Specialist: Environmental,Japan,6,30/06/2014,GB0031232498
Impax Environmental Markets,Sector Specialist: Environmental,South Korea,1,30/06/2014,GB0031232498
Impax Environmental Markets,Sector Specialist: Environmental,Taiwan,1,30/06/2014,GB0031232498
Impax Environmental Markets,Sector Specialist: Environmental,Brazil,1,30/06/2014,GB0031232498
Impax Environmental Markets,Sector Specialist: Environmental,Canada,1,30/06/2014,GB0031232498
Impax Environmental Markets,Sector Specialist: Environmental,USA,40,30/06/2014,GB0031232498
Impax Environmental Markets,Sector Specialist: Environmental,Cash/Cash Equiv.,2,30/06/2014,GB0031232498
Impax Environmental Markets,Sector Specialist: Environmental,Fixed Interest,0,30/06/2014,GB0031232498
Income & Growth VCT,VCT Generalist,Not reported,,,
Independent Investment Trust,Global,Ireland,2,30/06/2014,GB0000811686
Independent Investment Trust,Global,UK,70,30/06/2014,GB0000811686
Independent Investment Trust,Global,China,5,30/06/2014,GB0000811686
Independent Investment Trust,Global,USA,21,30/06/2014,GB0000811686
Independent Investment Trust,Global,Cash/Cash Equiv.,2,30/06/2014,GB0000811686
India Capital Growth,Country Specialists: Asia Pacific,Not reported,,,
International Biotechnology,Sector Specialist: Biotechnology & Healthcare,Denmark,1,30/06/2014,GB0004559349
International Biotechnology,Sector Specialist: Biotechnology & Healthcare,France,1,30/06/2014,GB0004559349
International Biotechnology,Sector Specialist: Biotechnology & Healthcare,Ireland,5,30/06/2014,GB0004559349
International Biotechnology,Sector Specialist: Biotechnology & Healthcare,Switzerland,1,30/06/2014,GB0004559349
International Biotechnology,Sector Specialist: Biotechnology & Healthcare,UK,5,30/06/2014,GB0004559349
International Biotechnology,Sector Specialist: Biotechnology & Healthcare,USA,96,30/06/2014,GB0004559349
International Biotechnology,Sector Specialist: Biotechnology & Healthcare,Cash/Cash Equiv.,-9,30/06/2014,GB0004559349
International Oil & Gas Technology,Sector Specialist: Commodities & Natural Resources,Not reported,,,
International Public Partnerships,Sector Specialist: Infrastructure,Not reported,,,
Invesco Asia,Asia Pacific - Excluding Japan,India,11.84,30/06/2014,GB0004535307
Invesco Asia,Asia Pacific - Excluding Japan,UK,3.76,30/06/2014,GB0004535307
Invesco Asia,Asia Pacific - Excluding Japan,Australia,9.93,30/06/2014,GB0004535307
Invesco Asia,Asia Pacific - Excluding Japan,China,18.8,30/06/2014,GB0004535307
Invesco Asia,Asia Pacific - Excluding Japan,Hong Kong,14.28,30/06/2014,GB0004535307
Invesco Asia,Asia Pacific - Excluding Japan,Indonesia,3.72,30/06/2014,GB0004535307
Invesco Asia,Asia Pacific - Excluding Japan,Philippines,1.61,30/06/2014,GB0004535307
Invesco Asia,Asia Pacific - Excluding Japan,Singapore,2.74,30/06/2014,GB0004535307
Invesco Asia,Asia Pacific - Excluding Japan,South Korea,20.82,30/06/2014,GB0004535307
Invesco Asia,Asia Pacific - Excluding Japan,Taiwan,10.94,30/06/2014,GB0004535307
Invesco Asia,Asia Pacific - Excluding Japan,Thailand,1.03,30/06/2014,GB0004535307
Invesco Asia,Asia Pacific - Excluding Japan,Cash/Cash Equiv.,0.53,30/06/2014,GB0004535307
Invesco Income Growth,UK Equity Income,UK,99.29,30/06/2014,GB0003585725
Invesco Income Growth,UK Equity Income,Cash/Cash Equiv.,-0.99,30/06/2014,GB0003585725
Invesco Income Growth,UK Equity Income,Fixed Interest,1.7,30/06/2014,GB0003585725
Invesco Perpetual Enhanced Income,Global High Income,UK,0.41,30/06/2014,GB00B05NYM32
Invesco Perpetual Enhanced Income,Global High Income,USA,3.22,30/06/2014,GB00B05NYM32
Invesco Perpetual Enhanced Income,Global High Income,Cash/Cash Equiv.,8.87,30/06/2014,GB00B05NYM32
Invesco Perpetual Enhanced Income,Global High Income,Fixed Interest,87.5,30/06/2014,GB00B05NYM32
Invesco Perpetual Select Balanced Risk,Global,Ireland,29.14,30/06/2014,GB00B1DQ6696
Invesco Perpetual Select Balanced Risk,Global,Cayman Islands,0.27,30/06/2014,GB00B1DQ6696
Invesco Perpetual Select Balanced Risk,Global,Cash/Cash Equiv.,11.32,30/06/2014,GB00B1DQ6696
Invesco Perpetual Select Balanced Risk,Global,Fixed Interest,59.27,30/06/2014,GB00B1DQ6696
Invesco Perpetual Select Global Equity Income,Global Equity Income,France,1.24,30/06/2014,GB00B1DQ6472
Invesco Perpetual Select Global Equity Income,Global Equity Income,Germany,4.45,30/06/2014,GB00B1DQ6472
Invesco Perpetual Select Global Equity Income,Global Equity Income,Italy,2.28,30/06/2014,GB00B1DQ6472
Invesco Perpetual Select Global Equity Income,Global Equity Income,Luxembourg,2.93,30/06/2014,GB00B1DQ6472
Invesco Perpetual Select Global Equity Income,Global Equity Income,Netherlands,5.63,30/06/2014,GB00B1DQ6472
Invesco Perpetual Select Global Equity Income,Global Equity Income,Norway,3.19,30/06/2014,GB00B1DQ6472
Invesco Perpetual Select Global Equity Income,Global Equity Income,Spain,1.93,30/06/2014,GB00B1DQ6472
Invesco Perpetual Select Global Equity Income,Global Equity Income,Sweden,2.95,30/06/2014,GB00B1DQ6472
Invesco Perpetual Select Global Equity Income,Global Equity Income,Switzerland,12.38,30/06/2014,GB00B1DQ6472
Invesco Perpetual Select Global Equity Income,Global Equity Income,UK,23.32,30/06/2014,GB00B1DQ6472
Invesco Perpetual Select Global Equity Income,Global Equity Income,Australia,2,30/06/2014,GB00B1DQ6472
Invesco Perpetual Select Global Equity Income,Global Equity Income,Hong Kong,2.64,30/06/2014,GB00B1DQ6472
Invesco Perpetual Select Global Equity Income,Global Equity Income,Indonesia,0.97,30/06/2014,GB00B1DQ6472
Invesco Perpetual Select Global Equity Income,Global Equity Income,Japan,3.47,30/06/2014,GB00B1DQ6472
Invesco Perpetual Select Global Equity Income,Global Equity Income,Singapore,0.99,30/06/2014,GB00B1DQ6472
Invesco Perpetual Select Global Equity Income,Global Equity Income,USA,29.18,30/06/2014,GB00B1DQ6472
Invesco Perpetual Select Global Equity Income,Global Equity Income,Cash/Cash Equiv.,0.45,30/06/2014,GB00B1DQ6472
Invesco Perpetual Select Managed Liquidity,Sector Specialist: Liquidity Funds,Ireland,16.64,30/06/2014,GB00B1DQ6704
Invesco Perpetual Select Managed Liquidity,Sector Specialist: Liquidity Funds,UK,82.72,30/06/2014,GB00B1DQ6704
Invesco Perpetual Select Managed Liquidity,Sector Specialist: Liquidity Funds,Cash/Cash Equiv.,0.64,30/06/2014,GB00B1DQ6704
Invesco Perpetual Select UK Equity,UK All Companies,Switzerland,6.34,30/06/2014,GB00B1DPVL60
Invesco Perpetual Select UK Equity,UK All Companies,UK,90.89,30/06/2014,GB00B1DPVL60
Invesco Perpetual Select UK Equity,UK All Companies,USA,4.11,30/06/2014,GB00B1DPVL60
Invesco Perpetual Select UK Equity,UK All Companies,Cash/Cash Equiv.,-1.34,30/06/2014,GB00B1DPVL60
Invesco Perpetual Select UK Equity,UK All Companies,Fixed Interest,0,30/06/2014,GB00B1DPVL60
Invesco Perpetual UK Smaller Companies,UK Smaller Companies,UK,97.31,30/06/2014,GB00B1FL3C76
Invesco Perpetual UK Smaller Companies,UK Smaller Companies,Cash/Cash Equiv.,2.69,30/06/2014,GB00B1FL3C76
Investment Company,UK Equity Income,UK,70.63,30/06/2014,GB0004658257
Investment Company,UK Equity Income,Cash/Cash Equiv.,8.19,30/06/2014,GB0004658257
Investment Company,UK Equity Income,Fixed Interest,21.18,30/06/2014,GB0004658257
Investors Capital A,UK Equity & Bond Income,UK,84.31,30/06/2014,GB00B1N4G299
Investors Capital A,UK Equity & Bond Income,Cash/Cash Equiv.,2.19,30/06/2014,GB00B1N4G299
Investors Capital A,UK Equity & Bond Income,Fixed Interest,13.5,30/06/2014,GB00B1N4G299
Investors Capital B,UK Equity & Bond Income,UK,84.31,30/06/2014,GB00B1N4H594
Investors Capital B,UK Equity & Bond Income,Cash/Cash Equiv.,2.19,30/06/2014,GB00B1N4H594
Investors Capital B,UK Equity & Bond Income,Fixed Interest,13.5,30/06/2014,GB00B1N4H594
Investors Capital Unit,UK Equity & Bond Income,Not reported,,,
Investors In Global Real Estate,Property Securities,Not reported,,,
John Laing Environmental Assets Group,Sector Specialist: Infrastructure - Renewable Energy,Not reported,,,
John Laing Infrastructure,Sector Specialist: Infrastructure,Not reported,,,
JPMorgan American,North America,USA,98,30/06/2014,GB00BKZGVH64
JPMorgan American,North America,Cash/Cash Equiv.,2,30/06/2014,GB00BKZGVH64
JPMorgan Asian,Asia Pacific - Excluding Japan,India,11,30/06/2014,GB0001320778
JPMorgan Asian,Asia Pacific - Excluding Japan,China,29,30/06/2014,GB0001320778
JPMorgan Asian,Asia Pacific - Excluding Japan,Hong Kong,11,30/06/2014,GB0001320778
JPMorgan Asian,Asia Pacific - Excluding Japan,Indonesia,2,30/06/2014,GB0001320778
JPMorgan Asian,Asia Pacific - Excluding Japan,Malaysia,2,30/06/2014,GB0001320778
JPMorgan Asian,Asia Pacific - Excluding Japan,Philippines,1,30/06/2014,GB0001320778
JPMorgan Asian,Asia Pacific - Excluding Japan,Singapore,3,30/06/2014,GB0001320778
JPMorgan Asian,Asia Pacific - Excluding Japan,South Korea,19,30/06/2014,GB0001320778
JPMorgan Asian,Asia Pacific - Excluding Japan,Taiwan,15,30/06/2014,GB0001320778
JPMorgan Asian,Asia Pacific - Excluding Japan,Thailand,4,30/06/2014,GB0001320778
JPMorgan Asian,Asia Pacific - Excluding Japan,Cash/Cash Equiv.,3,30/06/2014,GB0001320778
JPMorgan Asian,Asia Pacific - Excluding Japan,Fixed Interest,0,30/06/2014,GB0001320778
JPMorgan Brazil,Country Specialists: Latin America,Brazil,99,30/06/2014,GB00B602HS43
JPMorgan Brazil,Country Specialists: Latin America,Cash/Cash Equiv.,1,30/06/2014,GB00B602HS43
JPMorgan Brazil,Country Specialists: Latin America,Fixed Interest,0,30/06/2014,GB00B602HS43
JPMorgan Chinese,Country Specialists: Asia Pacific,China,52,30/06/2014,GB0003435012
JPMorgan Chinese,Country Specialists: Asia Pacific,Hong Kong,19,30/06/2014,GB0003435012
JPMorgan Chinese,Country Specialists: Asia Pacific,Taiwan,28,30/06/2014,GB0003435012
JPMorgan Chinese,Country Specialists: Asia Pacific,Cash/Cash Equiv.,1,30/06/2014,GB0003435012
JPMorgan Claverhouse,UK Equity Income,UK,99,30/06/2014,GB0003422184
JPMorgan Claverhouse,UK Equity Income,Cash/Cash Equiv.,1,30/06/2014,GB0003422184
JPMorgan Elect Managed Cash,Sector Specialist: Liquidity Funds,Cash/Cash Equiv.,100,30/06/2014,GB0034080092
JPMorgan Elect Managed Cash,Sector Specialist: Liquidity Funds,Fixed Interest,0,30/06/2014,GB0034080092
JPMorgan Elect Managed Growth,Global,European Emerging,3,30/06/2014,GB0008528142
JPMorgan Elect Managed Growth,Global,Other European,10,30/06/2014,GB0008528142
JPMorgan Elect Managed Growth,Global,UK,46,30/06/2014,GB0008528142
JPMorgan Elect Managed Growth,Global,Far East & Pacific Region,3,30/06/2014,GB0008528142
JPMorgan Elect Managed Growth,Global,Japan,5,30/06/2014,GB0008528142
JPMorgan Elect Managed Growth,Global,USA,30,30/06/2014,GB0008528142
JPMorgan Elect Managed Growth,Global,Cash/Cash Equiv.,3,30/06/2014,GB0008528142
JPMorgan Elect Managed Income,UK Equity Income,UK,94,30/06/2014,GB0034080217
JPMorgan Elect Managed Income,UK Equity Income,Cash/Cash Equiv.,1,30/06/2014,GB0034080217
JPMorgan Elect Managed Income,UK Equity Income,Fixed Interest,5,30/06/2014,GB0034080217
JPMorgan Emerging Markets,Global Emerging Markets,South Africa,11,30/06/2014,GB0003418950
JPMorgan Emerging Markets,Global Emerging Markets,India,18,30/06/2014,GB0003418950
JPMorgan Emerging Markets,Global Emerging Markets,Poland,1,30/06/2014,GB0003418950
JPMorgan Emerging Markets,Global Emerging Markets,Russia,4,30/06/2014,GB0003418950
JPMorgan Emerging Markets,Global Emerging Markets,Turkey,3,30/06/2014,GB0003418950
JPMorgan Emerging Markets,Global Emerging Markets,UK,3,30/06/2014,GB0003418950
JPMorgan Emerging Markets,Global Emerging Markets,China,6,30/06/2014,GB0003418950
JPMorgan Emerging Markets,Global Emerging Markets,Hong Kong,8,30/06/2014,GB0003418950
JPMorgan Emerging Markets,Global Emerging Markets,Indonesia,5,30/06/2014,GB0003418950
JPMorgan Emerging Markets,Global Emerging Markets,South Korea,4,30/06/2014,GB0003418950
JPMorgan Emerging Markets,Global Emerging Markets,Taiwan,7,30/06/2014,GB0003418950
JPMorgan Emerging Markets,Global Emerging Markets,Thailand,1,30/06/2014,GB0003418950
JPMorgan Emerging Markets,Global Emerging Markets,Brazil,16,30/06/2014,GB0003418950
JPMorgan Emerging Markets,Global Emerging Markets,Chile,1,30/06/2014,GB0003418950
JPMorgan Emerging Markets,Global Emerging Markets,Mexico,7,30/06/2014,GB0003418950
JPMorgan Emerging Markets,Global Emerging Markets,Cash/Cash Equiv.,5,30/06/2014,GB0003418950
JPMorgan Emerging Markets,Global Emerging Markets,Fixed Interest,0,30/06/2014,GB0003418950
JPMorgan European Growth,Europe,Austria,1,30/06/2014,GB00B18JK166
JPMorgan European Growth,Europe,Belgium,2,30/06/2014,GB00B18JK166
JPMorgan European Growth,Europe,Denmark,3,30/06/2014,GB00B18JK166
JPMorgan European Growth,Europe,Finland,2,30/06/2014,GB00B18JK166
JPMorgan European Growth,Europe,France,16,30/06/2014,GB00B18JK166
JPMorgan European Growth,Europe,Germany,18,30/06/2014,GB00B18JK166
JPMorgan European Growth,Europe,Italy,5,30/06/2014,GB00B18JK166
JPMorgan European Growth,Europe,Netherlands,8,30/06/2014,GB00B18JK166
JPMorgan European Growth,Europe,Other Investment Cos,5,30/06/2014,GB00B18JK166
JPMorgan European Growth,Europe,Spain,7,30/06/2014,GB00B18JK166
JPMorgan European Growth,Europe,Sweden,7,30/06/2014,GB00B18JK166
JPMorgan European Growth,Europe,Switzerland,18,30/06/2014,GB00B18JK166
JPMorgan European Growth,Europe,Cash/Cash Equiv.,8,30/06/2014,GB00B18JK166
JPMorgan European Growth,Europe,Fixed Interest,0,30/06/2014,GB00B18JK166
JPMorgan European Income,Europe,Austria,1,30/06/2014,GB00B17XWW44
JPMorgan European Income,Europe,Belgium,3,30/06/2014,GB00B17XWW44
JPMorgan European Income,Europe,Denmark,2,30/06/2014,GB00B17XWW44
JPMorgan European Income,Europe,Finland,6,30/06/2014,GB00B17XWW44
JPMorgan European Income,Europe,France,16,30/06/2014,GB00B17XWW44
JPMorgan European Income,Europe,Germany,14,30/06/2014,GB00B17XWW44
JPMorgan European Income,Europe,Italy,9,30/06/2014,GB00B17XWW44
JPMorgan European Income,Europe,Luxembourg,1,30/06/2014,GB00B17XWW44
JPMorgan European Income,Europe,Netherlands,6,30/06/2014,GB00B17XWW44
JPMorgan European Income,Europe,Norway,5,30/06/2014,GB00B17XWW44
JPMorgan European Income,Europe,Portugal,1,30/06/2014,GB00B17XWW44
JPMorgan European Income,Europe,Spain,5,30/06/2014,GB00B17XWW44
JPMorgan European Income,Europe,Sweden,11,30/06/2014,GB00B17XWW44
JPMorgan European Income,Europe,Switzerland,15,30/06/2014,GB00B17XWW44
JPMorgan European Income,Europe,Cash/Cash Equiv.,5,30/06/2014,GB00B17XWW44
JPMorgan European Income,Europe,Fixed Interest,0,30/06/2014,GB00B17XWW44
JPMorgan European Smaller Companies,European Smaller Companies,Austria,3,30/06/2014,GB0003419693
JPMorgan European Smaller Companies,European Smaller Companies,Belgium,3,30/06/2014,GB0003419693
JPMorgan European Smaller Companies,European Smaller Companies,Denmark,3,30/06/2014,GB0003419693
JPMorgan European Smaller Companies,European Smaller Companies,Finland,2,30/06/2014,GB0003419693
JPMorgan European Smaller Companies,European Smaller Companies,France,14,30/06/2014,GB0003419693
JPMorgan European Smaller Companies,European Smaller Companies,Germany,12,30/06/2014,GB0003419693
JPMorgan European Smaller Companies,European Smaller Companies,Greece,4,30/06/2014,GB0003419693
JPMorgan European Smaller Companies,European Smaller Companies,Italy,12,30/06/2014,GB0003419693
JPMorgan European Smaller Companies,European Smaller Companies,Luxembourg,3,30/06/2014,GB0003419693
JPMorgan European Smaller Companies,European Smaller Companies,Netherlands,8,30/06/2014,GB0003419693
JPMorgan European Smaller Companies,European Smaller Companies,Norway,3,30/06/2014,GB0003419693
JPMorgan European Smaller Companies,European Smaller Companies,Other European,2,30/06/2014,GB0003419693
JPMorgan European Smaller Companies,European Smaller Companies,Portugal,2,30/06/2014,GB0003419693
JPMorgan European Smaller Companies,European Smaller Companies,Spain,4,30/06/2014,GB0003419693
JPMorgan European Smaller Companies,European Smaller Companies,Sweden,16,30/06/2014,GB0003419693
JPMorgan European Smaller Companies,European Smaller Companies,Switzerland,7,30/06/2014,GB0003419693
JPMorgan European Smaller Companies,European Smaller Companies,UK,2,30/06/2014,GB0003419693
JPMorgan Global Convertibles Income,Sector Specialist: Debt,Hungary,1,30/06/2014,GG00B96SW597
JPMorgan Global Convertibles Income,Sector Specialist: Debt,Cyprus,2,30/06/2014,GG00B96SW597
JPMorgan Global Convertibles Income,Sector Specialist: Debt,France,8,30/06/2014,GG00B96SW597
JPMorgan Global Convertibles Income,Sector Specialist: Debt,Germany,1,30/06/2014,GG00B96SW597
JPMorgan Global Convertibles Income,Sector Specialist: Debt,Luxembourg,5,30/06/2014,GG00B96SW597
JPMorgan Global Convertibles Income,Sector Specialist: Debt,Netherlands,2,30/06/2014,GG00B96SW597
JPMorgan Global Convertibles Income,Sector Specialist: Debt,Other European,4,30/06/2014,GG00B96SW597
JPMorgan Global Convertibles Income,Sector Specialist: Debt,Spain,9,30/06/2014,GG00B96SW597
JPMorgan Global Convertibles Income,Sector Specialist: Debt,Sweden,3,30/06/2014,GG00B96SW597
JPMorgan Global Convertibles Income,Sector Specialist: Debt,UK,12,30/06/2014,GG00B96SW597
JPMorgan Global Convertibles Income,Sector Specialist: Debt,Australia,1,30/06/2014,GG00B96SW597
JPMorgan Global Convertibles Income,Sector Specialist: Debt,China,4,30/06/2014,GG00B96SW597
JPMorgan Global Convertibles Income,Sector Specialist: Debt,Singapore,3,30/06/2014,GG00B96SW597
JPMorgan Global Convertibles Income,Sector Specialist: Debt,Canada,1,30/06/2014,GG00B96SW597
JPMorgan Global Convertibles Income,Sector Specialist: Debt,USA,38,30/06/2014,GG00B96SW597
JPMorgan Global Convertibles Income,Sector Specialist: Debt,Cash/Cash Equiv.,6,30/06/2014,GG00B96SW597
JPMorgan Global Convertibles Income,Sector Specialist: Debt,Fixed Interest,0,30/06/2014,GG00B96SW597
JPMorgan Global Emerging Markets Income,Global Emerging Markets,South Africa,11,30/06/2014,GB00B5ZZY915
JPMorgan Global Emerging Markets Income,Global Emerging Markets,India,1,30/06/2014,GB00B5ZZY915
JPMorgan Global Emerging Markets Income,Global Emerging Markets,Kazakhstan,1,30/06/2014,GB00B5ZZY915
JPMorgan Global Emerging Markets Income,Global Emerging Markets,Hungary,1,30/06/2014,GB00B5ZZY915
JPMorgan Global Emerging Markets Income,Global Emerging Markets,Poland,2,30/06/2014,GB00B5ZZY915
JPMorgan Global Emerging Markets Income,Global Emerging Markets,Russia,8,30/06/2014,GB00B5ZZY915
JPMorgan Global Emerging Markets Income,Global Emerging Markets,Turkey,5,30/06/2014,GB00B5ZZY915
JPMorgan Global Emerging Markets Income,Global Emerging Markets,China,10,30/06/2014,GB00B5ZZY915
JPMorgan Global Emerging Markets Income,Global Emerging Markets,Hong Kong,9,30/06/2014,GB00B5ZZY915
JPMorgan Global Emerging Markets Income,Global Emerging Markets,Indonesia,4,30/06/2014,GB00B5ZZY915
JPMorgan Global Emerging Markets Income,Global Emerging Markets,Malaysia,1,30/06/2014,GB00B5ZZY915
JPMorgan Global Emerging Markets Income,Global Emerging Markets,South Korea,5,30/06/2014,GB00B5ZZY915
JPMorgan Global Emerging Markets Income,Global Emerging Markets,Taiwan,17,30/06/2014,GB00B5ZZY915
JPMorgan Global Emerging Markets Income,Global Emerging Markets,Thailand,5,30/06/2014,GB00B5ZZY915
JPMorgan Global Emerging Markets Income,Global Emerging Markets,Brazil,10,30/06/2014,GB00B5ZZY915
JPMorgan Global Emerging Markets Income,Global Emerging Markets,Mexico,1,30/06/2014,GB00B5ZZY915
JPMorgan Global Emerging Markets Income,Global Emerging Markets,Other Middle East,1,30/06/2014,GB00B5ZZY915
JPMorgan Global Emerging Markets Income,Global Emerging Markets,Saudi Arabia,5,30/06/2014,GB00B5ZZY915
JPMorgan Global Emerging Markets Income,Global Emerging Markets,United Arab Emirates,1,30/06/2014,GB00B5ZZY915
JPMorgan Global Emerging Markets Income,Global Emerging Markets,Cash/Cash Equiv.,2,30/06/2014,GB00B5ZZY915
JPMorgan Global Emerging Markets Income,Global Emerging Markets,Fixed Interest,0,30/06/2014,GB00B5ZZY915
JPMorgan Income & Capital,Split Capital Trust,UK,98,30/06/2014,GB00B2NBJ068
JPMorgan Income & Capital,Split Capital Trust,Cash/Cash Equiv.,2,30/06/2014,GB00B2NBJ068
JPMorgan Income & Capital,Split Capital Trust,Fixed Interest,0,30/06/2014,GB00B2NBJ068
JPMorgan Income & Capital Pkg Unit,UK Equity Income,Not reported,,,
JPMorgan Income & Growth,Split Capital Trust,Other European,6,30/06/2014,GB00B1G3N007
JPMorgan Income & Growth,Split Capital Trust,UK,89,30/06/2014,GB00B1G3N007
JPMorgan Income & Growth,Split Capital Trust,Cash/Cash Equiv.,1,30/06/2014,GB00B1G3N007
JPMorgan Income & Growth,Split Capital Trust,Fixed Interest,4,30/06/2014,GB00B1G3N007
JPMorgan Income & Growth Pkg Unit,UK Equity Income,Not reported,,,
JPMorgan Indian,Country Specialists: Asia Pacific,India,99,30/06/2014,GB0003450359
JPMorgan Indian,Country Specialists: Asia Pacific,Cash/Cash Equiv.,1,30/06/2014,GB0003450359
JPMorgan Indian,Country Specialists: Asia Pacific,Fixed Interest,0,30/06/2014,GB0003450359
JPMorgan Japan Smaller Companies,Japanese Smaller Companies,Not reported,,,
JPMorgan Japanese,Japan,Japan,95,30/06/2014,GB0001740025
JPMorgan Japanese,Japan,Cash/Cash Equiv.,5,30/06/2014,GB0001740025
JPMorgan Japanese,Japan,Fixed Interest,0,30/06/2014,GB0001740025
JPMorgan Mid Cap,UK All Companies,UK,94,30/06/2014,GB0002357613
JPMorgan Mid Cap,UK All Companies,Cash/Cash Equiv.,6,30/06/2014,GB0002357613
JPMorgan Mid Cap,UK All Companies,Fixed Interest,0,30/06/2014,GB0002357613
JPMorgan Overseas,Global,South Africa,2,30/06/2014,GB0009143271
JPMorgan Overseas,Global,India,2,30/06/2014,GB0009143271
JPMorgan Overseas,Global,European Emerging,1,30/06/2014,GB0009143271
JPMorgan Overseas,Global,Belgium,2,30/06/2014,GB0009143271
JPMorgan Overseas,Global,Finland,6,30/06/2014,GB0009143271
JPMorgan Overseas,Global,France,8,30/06/2014,GB0009143271
JPMorgan Overseas,Global,Germany,4,30/06/2014,GB0009143271
JPMorgan Overseas,Global,Guernsey,3,30/06/2014,GB0009143271
JPMorgan Overseas,Global,Ireland,2,30/06/2014,GB0009143271
JPMorgan Overseas,Global,Netherlands,1,30/06/2014,GB0009143271
JPMorgan Overseas,Global,Other European,0,30/06/2014,GB0009143271
JPMorgan Overseas,Global,Sweden,1,30/06/2014,GB0009143271
JPMorgan Overseas,Global,Switzerland,2,30/06/2014,GB0009143271
JPMorgan Overseas,Global,UK,12,30/06/2014,GB0009143271
JPMorgan Overseas,Global,Hong Kong,1,30/06/2014,GB0009143271
JPMorgan Overseas,Global,Japan,10,30/06/2014,GB0009143271
JPMorgan Overseas,Global,South Korea,1,30/06/2014,GB0009143271
JPMorgan Overseas,Global,Taiwan,1,30/06/2014,GB0009143271
JPMorgan Overseas,Global,Canada,6,30/06/2014,GB0009143271
JPMorgan Overseas,Global,USA,34,30/06/2014,GB0009143271
JPMorgan Overseas,Global,Cash/Cash Equiv.,1,30/06/2014,GB0009143271
JPMorgan Overseas,Global,Fixed Interest,0,30/06/2014,GB0009143271
JPMorgan Private Equity,Split Capital Trust,Not reported,,,
JPMorgan Russian Securities,Country Specialists: Europe,Russia,98,30/06/2014,GB0032164732
JPMorgan Russian Securities,Country Specialists: Europe,Cash/Cash Equiv.,2,30/06/2014,GB0032164732
JPMorgan Russian Securities,Country Specialists: Europe,Fixed Interest,0,30/06/2014,GB0032164732
JPMorgan Senior Secured Loan,Sector Specialist: Debt,Luxembourg,2,30/06/2014,GG00BGCZJW90
JPMorgan Senior Secured Loan,Sector Specialist: Debt,Spain,1,30/06/2014,GG00BGCZJW90
JPMorgan Senior Secured Loan,Sector Specialist: Debt,Mexico,1,30/06/2014,GG00BGCZJW90
JPMorgan Senior Secured Loan,Sector Specialist: Debt,Canada,1,30/06/2014,GG00BGCZJW90
JPMorgan Senior Secured Loan,Sector Specialist: Debt,USA,91,30/06/2014,GG00BGCZJW90
JPMorgan Senior Secured Loan,Sector Specialist: Debt,Cash/Cash Equiv.,4,30/06/2014,GG00BGCZJW90
JPMorgan Senior Secured Loan,Sector Specialist: Debt,Fixed Interest,0,30/06/2014,GG00BGCZJW90
JPMorgan Smaller Companies,UK Smaller Companies,UK,96,30/06/2014,GB0007416000
JPMorgan Smaller Companies,UK Smaller Companies,Cash/Cash Equiv.,4,30/06/2014,GB0007416000
JPMorgan Smaller Companies,UK Smaller Companies,Fixed Interest,0,30/06/2014,GB0007416000
JPMorgan US Smaller Companies,North American Smaller Companies,USA,100,30/06/2014,GB00BJL5F346
Jupiter European Opportunities,Europe,Denmark,16.92,30/06/2014,GB0000197722
Jupiter European Opportunities,Europe,Finland,0.33,30/06/2014,GB0000197722
Jupiter European Opportunities,Europe,France,7.4,30/06/2014,GB0000197722
Jupiter European Opportunities,Europe,Germany,18.52,30/06/2014,GB0000197722
Jupiter European Opportunities,Europe,Ireland,1.1,30/06/2014,GB0000197722
Jupiter European Opportunities,Europe,Italy,0.22,30/06/2014,GB0000197722
Jupiter European Opportunities,Europe,Luxembourg,0.01,30/06/2014,GB0000197722
Jupiter European Opportunities,Europe,Netherlands,8.2,30/06/2014,GB0000197722
Jupiter European Opportunities,Europe,Norway,4.96,30/06/2014,GB0000197722
Jupiter European Opportunities,Europe,Other European,0.13,30/06/2014,GB0000197722
Jupiter European Opportunities,Europe,Spain,3.42,30/06/2014,GB0000197722
Jupiter European Opportunities,Europe,Sweden,1.9,30/06/2014,GB0000197722
Jupiter European Opportunities,Europe,Switzerland,8.49,30/06/2014,GB0000197722
Jupiter European Opportunities,Europe,UK,24.53,30/06/2014,GB0000197722
Jupiter European Opportunities,Europe,Cash/Cash Equiv.,3.87,30/06/2014,GB0000197722
Jupiter Green,Sector Specialist: Environmental,Austria,2.28,30/06/2014,GB00B120GL77
Jupiter Green,Sector Specialist: Environmental,Denmark,5.29,30/06/2014,GB00B120GL77
Jupiter Green,Sector Specialist: Environmental,France,3.29,30/06/2014,GB00B120GL77
Jupiter Green,Sector Specialist: Environmental,Germany,2.76,30/06/2014,GB00B120GL77
Jupiter Green,Sector Specialist: Environmental,Netherlands,0.89,30/06/2014,GB00B120GL77
Jupiter Green,Sector Specialist: Environmental,Norway,1.83,30/06/2014,GB00B120GL77
Jupiter Green,Sector Specialist: Environmental,Spain,2.34,30/06/2014,GB00B120GL77
Jupiter Green,Sector Specialist: Environmental,Sweden,0.98,30/06/2014,GB00B120GL77
Jupiter Green,Sector Specialist: Environmental,UK,24.45,30/06/2014,GB00B120GL77
Jupiter Green,Sector Specialist: Environmental,Australia,0.9,30/06/2014,GB00B120GL77
Jupiter Green,Sector Specialist: Environmental,China,1.52,30/06/2014,GB00B120GL77
Jupiter Green,Sector Specialist: Environmental,Hong Kong,1.4,30/06/2014,GB00B120GL77
Jupiter Green,Sector Specialist: Environmental,Japan,8.76,30/06/2014,GB00B120GL77
Jupiter Green,Sector Specialist: Environmental,Singapore,0.36,30/06/2014,GB00B120GL77
Jupiter Green,Sector Specialist: Environmental,Canada,7.38,30/06/2014,GB00B120GL77
Jupiter Green,Sector Specialist: Environmental,USA,35.47,30/06/2014,GB00B120GL77
Jupiter Green,Sector Specialist: Environmental,Cash/Cash Equiv.,0.1,30/06/2014,GB00B120GL77
Jupiter Primadona Growth,Global,Ireland,5.96,30/06/2014,GB00BFD3V961
Jupiter Primadona Growth,Global,UK,66.56,30/06/2014,GB00BFD3V961
Jupiter Primadona Growth,Global,Far East & Pacific Region,4.79,30/06/2014,GB00BFD3V961
Jupiter Primadona Growth,Global,Japan,4.29,30/06/2014,GB00BFD3V961
Jupiter Primadona Growth,Global,USA,16.43,30/06/2014,GB00BFD3V961
Jupiter Primadona Growth,Global,Cayman Islands,0.13,30/06/2014,GB00BFD3V961
Jupiter Primadona Growth,Global,Latin America Region,1.37,30/06/2014,GB00BFD3V961
Jupiter Primadona Growth,Global,Cash/Cash Equiv.,0.47,30/06/2014,GB00BFD3V961
Jupiter US Smaller Companies,North American Smaller Companies,USA,97.25,30/06/2014,GB0003463402
Jupiter US Smaller Companies,North American Smaller Companies,Cash/Cash Equiv.,2.75,30/06/2014,GB0003463402
Jupiter US Smaller Companies,North American Smaller Companies,Fixed Interest,0,30/06/2014,GB0003463402
Juridica Investments,Sector Specialist: Litigation,Not reported,,,
JZ Capital Partners,Split Capital Trust,Not reported,,,
Kennedy Wilson Europe Real Estate,Property Direct - Europe,Not reported,,,
Keystone,UK All Companies,Switzerland,5.78,30/06/2014,GB0004912068
Keystone,UK All Companies,UK,83.12,30/06/2014,GB0004912068
Keystone,UK All Companies,USA,4.72,30/06/2014,GB0004912068
Keystone,UK All Companies,Cash/Cash Equiv.,6.38,30/06/2014,GB0004912068
Kings Arms Yard VCT,VCT Generalist,Not reported,,,
Law Debenture Corporation,Global,Denmark,0.43,30/06/2014,GB0031429219
Law Debenture Corporation,Global,France,1.14,30/06/2014,GB0031429219
Law Debenture Corporation,Global,Germany,1.79,30/06/2014,GB0031429219
Law Debenture Corporation,Global,Netherlands,0.18,30/06/2014,GB0031429219
Law Debenture Corporation,Global,Norway,0.01,30/06/2014,GB0031429219
Law Debenture Corporation,Global,Spain,0.41,30/06/2014,GB0031429219
Law Debenture Corporation,Global,Sweden,0.19,30/06/2014,GB0031429219
Law Debenture Corporation,Global,Switzerland,1.88,30/06/2014,GB0031429219
Law Debenture Corporation,Global,UK,70,30/06/2014,GB0031429219
Law Debenture Corporation,Global,Far East & Pacific Region,5.57,30/06/2014,GB0031429219
Law Debenture Corporation,Global,Japan,2.54,30/06/2014,GB0031429219
Law Debenture Corporation,Global,Brazil,1,30/06/2014,GB0031429219
Law Debenture Corporation,Global,Canada,0.92,30/06/2014,GB0031429219
Law Debenture Corporation,Global,USA,7.68,30/06/2014,GB0031429219
Law Debenture Corporation,Global,Cash/Cash Equiv.,6.26,30/06/2014,GB0031429219
Law Debenture Corporation,Global,Fixed Interest,0,30/06/2014,GB0031429219
London & St Lawrence,Global Equity Income,Not reported,,,
Lowland,UK Equity Income,Germany,1.65,30/06/2014,GB0005368062
Lowland,UK Equity Income,Ireland,4,30/06/2014,GB0005368062
Lowland,UK Equity Income,UK,91.07,30/06/2014,GB0005368062
Lowland,UK Equity Income,Canada,2.41,30/06/2014,GB0005368062
Lowland,UK Equity Income,USA,0.66,30/06/2014,GB0005368062
Lowland,UK Equity Income,Cash/Cash Equiv.,0.18,30/06/2014,GB0005368062
Lowland,UK Equity Income,Fixed Interest,0.03,30/06/2014,GB0005368062
Ludgate Environmental,Sector Specialist: Environmental,Not reported,,,
M&G High Income,Split Capital Trust,UK,89,30/06/2014,GB0005532709
M&G High Income,Split Capital Trust,USA,2,30/06/2014,GB0005532709
M&G High Income,Split Capital Trust,Cash/Cash Equiv.,2,30/06/2014,GB0005532709
M&G High Income,Split Capital Trust,Fixed Interest,7,30/06/2014,GB0005532709
M&G High Income Inc & Gth Unit,Split Capital Trust,Not reported,,,
M&G High Income Package Unit,UK Equity & Bond Income,Not reported,,,
Macau Property Opportunities,Property Direct - Asia Pacific,Not reported,,,
Majedie,Global,France,1.45,30/06/2014,GB0005555221
Majedie,Global,Germany,0.81,30/06/2014,GB0005555221
Majedie,Global,Ireland,20.61,30/06/2014,GB0005555221
Majedie,Global,Italy,1.48,30/06/2014,GB0005555221
Majedie,Global,Netherlands,0.84,30/06/2014,GB0005555221
Majedie,Global,Norway,0.19,30/06/2014,GB0005555221
Majedie,Global,Spain,0.14,30/06/2014,GB0005555221
Majedie,Global,UK,71.42,30/06/2014,GB0005555221
Majedie,Global,Japan,0.18,30/06/2014,GB0005555221
Majedie,Global,USA,0.87,30/06/2014,GB0005555221
Majedie,Global,Cash/Cash Equiv.,2.01,30/06/2014,GB0005555221
Majedie,Global,Fixed Interest,0,30/06/2014,GB0005555221
Martin Currie Global Portfolio,Global,Belgium,1.15,30/06/2014,GB0005372411
Martin Currie Global Portfolio,Global,France,5.89,30/06/2014,GB0005372411
Martin Currie Global Portfolio,Global,Germany,1.44,30/06/2014,GB0005372411
Martin Currie Global Portfolio,Global,Italy,0.87,30/06/2014,GB0005372411
Martin Currie Global Portfolio,Global,Norway,2.73,30/06/2014,GB0005372411
Martin Currie Global Portfolio,Global,Switzerland,3.54,30/06/2014,GB0005372411
Martin Currie Global Portfolio,Global,UK,14.4,30/06/2014,GB0005372411
Martin Currie Global Portfolio,Global,Australia,1.49,30/06/2014,GB0005372411
Martin Currie Global Portfolio,Global,China,1.04,30/06/2014,GB0005372411
Martin Currie Global Portfolio,Global,Hong Kong,1.95,30/06/2014,GB0005372411
Martin Currie Global Portfolio,Global,Indonesia,1.02,30/06/2014,GB0005372411
Martin Currie Global Portfolio,Global,Japan,6.35,30/06/2014,GB0005372411
Martin Currie Global Portfolio,Global,Singapore,4.37,30/06/2014,GB0005372411
Martin Currie Global Portfolio,Global,Canada,1.61,30/06/2014,GB0005372411
Martin Currie Global Portfolio,Global,USA,50.33,30/06/2014,GB0005372411
Martin Currie Global Portfolio,Global,Cash/Cash Equiv.,1.82,30/06/2014,GB0005372411
Martin Currie Pacific,Asia Pacific - Including Japan,India,3.41,30/06/2014,GB0005695126
Martin Currie Pacific,Asia Pacific - Including Japan,UK,3.2,30/06/2014,GB0005695126
Martin Currie Pacific,Asia Pacific - Including Japan,Australia,12.65,30/06/2014,GB0005695126
Martin Currie Pacific,Asia Pacific - Including Japan,Hong Kong,25.51,30/06/2014,GB0005695126
Martin Currie Pacific,Asia Pacific - Including Japan,Indonesia,0.39,30/06/2014,GB0005695126
Martin Currie Pacific,Asia Pacific - Including Japan,Japan,24.66,30/06/2014,GB0005695126
Martin Currie Pacific,Asia Pacific - Including Japan,Malaysia,2.49,30/06/2014,GB0005695126
Martin Currie Pacific,Asia Pacific - Including Japan,Singapore,6.55,30/06/2014,GB0005695126
Martin Currie Pacific,Asia Pacific - Including Japan,South Korea,9.22,30/06/2014,GB0005695126
Martin Currie Pacific,Asia Pacific - Including Japan,Taiwan,7.51,30/06/2014,GB0005695126
Martin Currie Pacific,Asia Pacific - Including Japan,Thailand,1.73,30/06/2014,GB0005695126
Martin Currie Pacific,Asia Pacific - Including Japan,Cash/Cash Equiv.,2.45,30/06/2014,GB0005695126
Martin Currie Pacific,Asia Pacific - Including Japan,Fixed Interest,0.23,30/06/2014,GB0005695126
Marwyn Value Investors,Global Smaller Companies,Not reported,,,
Marwyn Value Investors B shares,Global Smaller Companies,Not reported,,,
Maven Income and Growth VCT,VCT Generalist,Not reported,,,
Maven Income and Growth VCT 2,VCT Generalist,Not reported,,,
Maven Income and Growth VCT 3,VCT Generalist,Not reported,,,
Maven Income and Growth VCT 4,VCT Generalist,Not reported,,,
Maven Income and Growth VCT 4 C shares,VCT Generalist Pre Qualifying,Not reported,,,
Maven Income and Growth VCT 5,VCT Generalist,Not reported,,,
MedicX,Property Specialist,Not reported,,,
Mercantile,UK All Companies,UK,90,30/06/2014,GB0005794036
Mercantile,UK All Companies,Cash/Cash Equiv.,10,30/06/2014,GB0005794036
Mercantile,UK All Companies,Fixed Interest,0,30/06/2014,GB0005794036
Merchants,UK Equity Income,UK,97.9,30/06/2014,GB0005800072
Merchants,UK Equity Income,Cash/Cash Equiv.,2.1,30/06/2014,GB0005800072
Mid Wynd International,Global,Botswana,0.92,30/06/2014,GB00B6VTTK07
Mid Wynd International,Global,Kenya,1.85,30/06/2014,GB00B6VTTK07
Mid Wynd International,Global,Kazakhstan,0.01,30/06/2014,GB00B6VTTK07
Mid Wynd International,Global,Turkey,1.21,30/06/2014,GB00B6VTTK07
Mid Wynd International,Global,France,4.4,30/06/2014,GB00B6VTTK07
Mid Wynd International,Global,Germany,5.34,30/06/2014,GB00B6VTTK07
Mid Wynd International,Global,Greece,0.14,30/06/2014,GB00B6VTTK07
Mid Wynd International,Global,Ireland,1.95,30/06/2014,GB00B6VTTK07
Mid Wynd International,Global,Luxembourg,1.75,30/06/2014,GB00B6VTTK07
Mid Wynd International,Global,Netherlands,0.24,30/06/2014,GB00B6VTTK07
Mid Wynd International,Global,Switzerland,3.02,30/06/2014,GB00B6VTTK07
Mid Wynd International,Global,UK,9.93,30/06/2014,GB00B6VTTK07
Mid Wynd International,Global,China,1.63,30/06/2014,GB00B6VTTK07
Mid Wynd International,Global,Hong Kong,3.35,30/06/2014,GB00B6VTTK07
Mid Wynd International,Global,Japan,15.88,30/06/2014,GB00B6VTTK07
Mid Wynd International,Global,Singapore,6.4,30/06/2014,GB00B6VTTK07
Mid Wynd International,Global,Egypt,1.34,30/06/2014,GB00B6VTTK07
Mid Wynd International,Global,USA,34.88,30/06/2014,GB00B6VTTK07
Mid Wynd International,Global,Bermuda,1.41,30/06/2014,GB00B6VTTK07
Mid Wynd International,Global,Cayman Islands,2.08,30/06/2014,GB00B6VTTK07
Mid Wynd International,Global,Cash/Cash Equiv.,1.89,30/06/2014,GB00B6VTTK07
Mid Wynd International,Global,Fixed Interest,0.38,30/06/2014,GB00B6VTTK07
Midas Income & Growth,Global Equity Income,European Developed,3,30/06/2014,GB0008769993
Midas Income & Growth,Global Equity Income,UK,92,30/06/2014,GB0008769993
Midas Income & Growth,Global Equity Income,USA,1,30/06/2014,GB0008769993
Midas Income & Growth,Global Equity Income,Cash/Cash Equiv.,1,30/06/2014,GB0008769993
Midas Income & Growth,Global Equity Income,Fixed Interest,3,30/06/2014,GB0008769993
Middlefield Canadian Income,North America,Not reported,,,
Mithras,Private Equity,Not reported,,,
Miton Worldwide Growth,Global,European Developed,17.56,30/06/2014,GB0034365949
Miton Worldwide Growth,Global,UK,22.05,30/06/2014,GB0034365949
Miton Worldwide Growth,Global,Far East & Pacific Region,24.31,30/06/2014,GB0034365949
Miton Worldwide Growth,Global,Japan,10.63,30/06/2014,GB0034365949
Miton Worldwide Growth,Global,Other North America,14.81,30/06/2014,GB0034365949
Miton Worldwide Growth,Global,Cash/Cash Equiv.,8.66,30/06/2014,GB0034365949
Miton Worldwide Growth,Global,Fixed Interest,1.98,30/06/2014,GB0034365949
Mobeus Income & Growth 2 VCT,VCT Generalist,Not reported,,,
Mobeus Income & Growth 4 VCT,VCT Generalist,Not reported,,,
Mobeus Income & Growth VCT,VCT Generalist,Not reported,,,
Monks,Global,South Africa,1,30/06/2014,GB0030517261
Monks,Global,India,1,30/06/2014,GB0030517261
Monks,Global,European Emerging,2,30/06/2014,GB0030517261
Monks,Global,Russia,1,30/06/2014,GB0030517261
Monks,Global,Turkey,1,30/06/2014,GB0030517261
Monks,Global,Denmark,4,30/06/2014,GB0030517261
Monks,Global,Finland,2,30/06/2014,GB0030517261
Monks,Global,France,2,30/06/2014,GB0030517261
Monks,Global,Germany,4,30/06/2014,GB0030517261
Monks,Global,Luxembourg,1,30/06/2014,GB0030517261
Monks,Global,Norway,3,30/06/2014,GB0030517261
Monks,Global,Switzerland,3,30/06/2014,GB0030517261
Monks,Global,UK,21,30/06/2014,GB0030517261
Monks,Global,Australia,2,30/06/2014,GB0030517261
Monks,Global,China,1,30/06/2014,GB0030517261
Monks,Global,Japan,5,30/06/2014,GB0030517261
Monks,Global,New Zealand,2,30/06/2014,GB0030517261
Monks,Global,South Korea,1,30/06/2014,GB0030517261
Monks,Global,Taiwan,2,30/06/2014,GB0030517261
Monks,Global,Brazil,1,30/06/2014,GB0030517261
Monks,Global,Canada,3,30/06/2014,GB0030517261
Monks,Global,USA,30,30/06/2014,GB0030517261
Monks,Global,Bermuda,1,30/06/2014,GB0030517261
Monks,Global,Cash/Cash Equiv.,3,30/06/2014,GB0030517261
Monks,Global,Fixed Interest,3,30/06/2014,GB0030517261
Montanaro European Smaller Companies,European Smaller Companies,Austria,3.95,30/06/2014,GB0004543517
Montanaro European Smaller Companies,European Smaller Companies,Belgium,1.87,30/06/2014,GB0004543517
Montanaro European Smaller Companies,European Smaller Companies,Denmark,2.8,30/06/2014,GB0004543517
Montanaro European Smaller Companies,European Smaller Companies,Finland,6.69,30/06/2014,GB0004543517
Montanaro European Smaller Companies,European Smaller Companies,France,11.63,30/06/2014,GB0004543517
Montanaro European Smaller Companies,European Smaller Companies,Germany,21.22,30/06/2014,GB0004543517
Montanaro European Smaller Companies,European Smaller Companies,Greece,0.87,30/06/2014,GB0004543517
Montanaro European Smaller Companies,European Smaller Companies,Ireland,1.65,30/06/2014,GB0004543517
Montanaro European Smaller Companies,European Smaller Companies,Italy,7.7,30/06/2014,GB0004543517
Montanaro European Smaller Companies,European Smaller Companies,Norway,2.04,30/06/2014,GB0004543517
Montanaro European Smaller Companies,European Smaller Companies,Spain,4.61,30/06/2014,GB0004543517
Montanaro European Smaller Companies,European Smaller Companies,Sweden,17.07,30/06/2014,GB0004543517
Montanaro European Smaller Companies,European Smaller Companies,Switzerland,12.08,30/06/2014,GB0004543517
Montanaro European Smaller Companies,European Smaller Companies,Cash/Cash Equiv.,5.82,30/06/2014,GB0004543517
Montanaro European Smaller Companies,European Smaller Companies,Fixed Interest,0,30/06/2014,GB0004543517
Montanaro UK Smaller Companies,UK Smaller Companies,UK,98.83,30/06/2014,GB0006007560
Montanaro UK Smaller Companies,UK Smaller Companies,Cash/Cash Equiv.,1.17,30/06/2014,GB0006007560
Montanaro UK Smaller Companies,UK Smaller Companies,Fixed Interest,0,30/06/2014,GB0006007560
Murray Income,UK Equity Income,France,4.68,30/06/2014,GB0006111123
Murray Income,UK Equity Income,Germany,0.97,30/06/2014,GB0006111123
Murray Income,UK Equity Income,Italy,2.72,30/06/2014,GB0006111123
Murray Income,UK Equity Income,Sweden,3.08,30/06/2014,GB0006111123
Murray Income,UK Equity Income,Switzerland,4.65,30/06/2014,GB0006111123
Murray Income,UK Equity Income,UK,81.25,30/06/2014,GB0006111123
Murray Income,UK Equity Income,USA,1.01,30/06/2014,GB0006111123
Murray Income,UK Equity Income,Cash/Cash Equiv.,1.64,30/06/2014,GB0006111123
Murray International,Global Equity Income,South Africa,1.83,30/06/2014,GB0006111909
Murray International,Global Equity Income,France,6.83,30/06/2014,GB0006111909
Murray International,Global Equity Income,Germany,0.05,30/06/2014,GB0006111909
Murray International,Global Equity Income,Italy,2.03,30/06/2014,GB0006111909
Murray International,Global Equity Income,Sweden,3.25,30/06/2014,GB0006111909
Murray International,Global Equity Income,Switzerland,6.97,30/06/2014,GB0006111909
Murray International,Global Equity Income,UK,13.39,30/06/2014,GB0006111909
Murray International,Global Equity Income,Australia,1,30/06/2014,GB0006111909
Murray International,Global Equity Income,China,1.9,30/06/2014,GB0006111909
Murray International,Global Equity Income,Hong Kong,2.28,30/06/2014,GB0006111909
Murray International,Global Equity Income,Indonesia,2.74,30/06/2014,GB0006111909
Murray International,Global Equity Income,Japan,1.98,30/06/2014,GB0006111909
Murray International,Global Equity Income,Malaysia,3.23,30/06/2014,GB0006111909
Murray International,Global Equity Income,Singapore,2.81,30/06/2014,GB0006111909
Murray International,Global Equity Income,Taiwan,5.5,30/06/2014,GB0006111909
Murray International,Global Equity Income,Thailand,0.82,30/06/2014,GB0006111909
Murray International,Global Equity Income,Brazil,8.18,30/06/2014,GB0006111909
Murray International,Global Equity Income,Chile,0.63,30/06/2014,GB0006111909
Murray International,Global Equity Income,Mexico,9.84,30/06/2014,GB0006111909
Murray International,Global Equity Income,Canada,4.08,30/06/2014,GB0006111909
Murray International,Global Equity Income,USA,9.54,30/06/2014,GB0006111909
Murray International,Global Equity Income,Bermuda,0.94,30/06/2014,GB0006111909
Murray International,Global Equity Income,Cash/Cash Equiv.,0.42,30/06/2014,GB0006111909
Murray International,Global Equity Income,Fixed Interest,9.76,30/06/2014,GB0006111909
NB Distressed Debt,Sector Specialist: Debt,Not reported,,,
NB Distressed Debt Extended Life shares,Sector Specialist: Debt,Not reported,,,
NB Distressed Debt New Global shares,Sector Specialist: Debt,Not reported,,,
NB Global Floating Rate Income,Sector Specialist: Debt,Not reported,,,
NB Global Floating Rate Income USD,Sector Specialist: Debt,Not reported,,,
Neptune-Calculus Income & Growth VCT,VCT Generalist,Not reported,,,
New City Energy,Sector Specialist: Commodities & Natural Resources,Not reported,,,
New City High Yield,UK Equity & Bond Income,European Developed,1,30/06/2014,JE00B1LZS514
New City High Yield,UK Equity & Bond Income,UK,13,30/06/2014,JE00B1LZS514
New City High Yield,UK Equity & Bond Income,USA,1,30/06/2014,JE00B1LZS514
New City High Yield,UK Equity & Bond Income,Cash/Cash Equiv.,2,30/06/2014,JE00B1LZS514
New City High Yield,UK Equity & Bond Income,Fixed Interest,83,30/06/2014,JE00B1LZS514
New India,Country Specialists: Asia Pacific,India,99.12,30/06/2014,GB0006048770
New India,Country Specialists: Asia Pacific,Cash/Cash Equiv.,0.88,30/06/2014,GB0006048770
NextEnergy Solar,Sector Specialist: Infrastructure - Renewable Energy,Not reported,,,
North American Income,North America,Canada,8.57,30/06/2014,GB0000293620
North American Income,North America,USA,79.05,30/06/2014,GB0000293620
North American Income,North America,Cash/Cash Equiv.,4.94,30/06/2014,GB0000293620
North American Income,North America,Fixed Interest,7.44,30/06/2014,GB0000293620
North Atlantic Smaller Companies,North American Smaller Companies,Not reported,,,
Northern 2 VCT,VCT Generalist,Not reported,,,
Northern 3 VCT,VCT Generalist,Not reported,,,
Northern Investors Company,Private Equity,Not reported,,,
Northern Venture Trust,VCT Generalist,Not reported,,,
Octopus AIM VCT,VCT AIM Quoted,Not reported,,,
Octopus AIM VCT 2,VCT AIM Quoted,Not reported,,,
Octopus Apollo VCT,VCT Generalist,Not reported,,,
Octopus Eclipse VCT,VCT Generalist,Not reported,,,
Octopus Titan VCT 1,VCT Generalist,Not reported,,,
Octopus Titan VCT 2,VCT Generalist,Not reported,,,
Octopus Titan VCT 3,VCT Generalist,Not reported,,,
Octopus Titan VCT 4,VCT Generalist,Not reported,,,
Octopus Titan VCT 5,VCT Generalist,Not reported,,,
Octopus VCT,VCT Generalist,Not reported,,,
Octopus VCT 2,VCT Generalist,Not reported,,,
Octopus VCT 3,VCT Specialist: Environmental Pre Qualifying,Not reported,,,
Octopus VCT 4,VCT Specialist: Environmental Pre Qualifying,Not reported,,,
P2P Global Investments,Sector Specialist: Debt,Not reported,,,
Pacific Assets,Asia Pacific - Excluding Japan,Bangladesh,0.69,30/06/2014,GB0006674385
Pacific Assets,Asia Pacific - Excluding Japan,India,29.48,30/06/2014,GB0006674385
Pacific Assets,Asia Pacific - Excluding Japan,Sri Lanka,0.3,30/06/2014,GB0006674385
Pacific Assets,Asia Pacific - Excluding Japan,China,3.57,30/06/2014,GB0006674385
Pacific Assets,Asia Pacific - Excluding Japan,Hong Kong,4.92,30/06/2014,GB0006674385
Pacific Assets,Asia Pacific - Excluding Japan,Indonesia,2.15,30/06/2014,GB0006674385
Pacific Assets,Asia Pacific - Excluding Japan,Malaysia,5.11,30/06/2014,GB0006674385
Pacific Assets,Asia Pacific - Excluding Japan,Philippines,7,30/06/2014,GB0006674385
Pacific Assets,Asia Pacific - Excluding Japan,Singapore,6.8,30/06/2014,GB0006674385
Pacific Assets,Asia Pacific - Excluding Japan,South Korea,9.65,30/06/2014,GB0006674385
Pacific Assets,Asia Pacific - Excluding Japan,Taiwan,17.34,30/06/2014,GB0006674385
Pacific Assets,Asia Pacific - Excluding Japan,Thailand,6.73,30/06/2014,GB0006674385
Pacific Assets,Asia Pacific - Excluding Japan,Cash/Cash Equiv.,6.26,30/06/2014,GB0006674385
Pacific Assets,Asia Pacific - Excluding Japan,Fixed Interest,0,30/06/2014,GB0006674385
Pacific Horizon,Asia Pacific - Excluding Japan,India,15,30/06/2014,GB0006667470
Pacific Horizon,Asia Pacific - Excluding Japan,China,18,30/06/2014,GB0006667470
Pacific Horizon,Asia Pacific - Excluding Japan,Hong Kong,8,30/06/2014,GB0006667470
Pacific Horizon,Asia Pacific - Excluding Japan,Indonesia,1,30/06/2014,GB0006667470
Pacific Horizon,Asia Pacific - Excluding Japan,Malaysia,1,30/06/2014,GB0006667470
Pacific Horizon,Asia Pacific - Excluding Japan,Singapore,7,30/06/2014,GB0006667470
Pacific Horizon,Asia Pacific - Excluding Japan,South Korea,28,30/06/2014,GB0006667470
Pacific Horizon,Asia Pacific - Excluding Japan,Taiwan,19,30/06/2014,GB0006667470
Pacific Horizon,Asia Pacific - Excluding Japan,Thailand,1,30/06/2014,GB0006667470
Pacific Horizon,Asia Pacific - Excluding Japan,Vietnam,1,30/06/2014,GB0006667470
Pacific Horizon,Asia Pacific - Excluding Japan,Cash/Cash Equiv.,1,30/06/2014,GB0006667470
Pantheon International Participations,Private Equity,Not reported,,,
Perpetual Income & Growth,UK Equity Income,Switzerland,6.12,30/06/2014,GB0006798424
Perpetual Income & Growth,UK Equity Income,UK,89.18,30/06/2014,GB0006798424
Perpetual Income & Growth,UK Equity Income,USA,4.88,30/06/2014,GB0006798424
Perpetual Income & Growth,UK Equity Income,Cash/Cash Equiv.,-0.18,30/06/2014,GB0006798424
Personal Assets,Global,Switzerland,3.7,30/06/2014,GB0006827546
Personal Assets,Global,UK,13.3,30/06/2014,GB0006827546
Personal Assets,Global,Australia,0.7,30/06/2014,GB0006827546
Personal Assets,Global,Canada,4.3,30/06/2014,GB0006827546
Personal Assets,Global,USA,33.3,30/06/2014,GB0006827546
Personal Assets,Global,Cash/Cash Equiv.,23.4,30/06/2014,GB0006827546
Personal Assets,Global,Fixed Interest,21.3,30/06/2014,GB0006827546
Phaunos Timber,Sector Specialist: Forestry & Timber,Not reported,,,
Picton Property Income,Split Capital Trust,Not reported,,,
Polar Capital Global Financials,Sector Specialist: Financials,Czech Republic,1,30/06/2014,GB00B9XQT119
Polar Capital Global Financials,Sector Specialist: Financials,Russia,1,30/06/2014,GB00B9XQT119
Polar Capital Global Financials,Sector Specialist: Financials,Turkey,1,30/06/2014,GB00B9XQT119
Polar Capital Global Financials,Sector Specialist: Financials,Belgium,2,30/06/2014,GB00B9XQT119
Polar Capital Global Financials,Sector Specialist: Financials,Finland,2,30/06/2014,GB00B9XQT119
Polar Capital Global Financials,Sector Specialist: Financials,France,6,30/06/2014,GB00B9XQT119
Polar Capital Global Financials,Sector Specialist: Financials,Germany,1,30/06/2014,GB00B9XQT119
Polar Capital Global Financials,Sector Specialist: Financials,Greece,1,30/06/2014,GB00B9XQT119
Polar Capital Global Financials,Sector Specialist: Financials,Ireland,1,30/06/2014,GB00B9XQT119
Polar Capital Global Financials,Sector Specialist: Financials,Italy,3,30/06/2014,GB00B9XQT119
Polar Capital Global Financials,Sector Specialist: Financials,Norway,3,30/06/2014,GB00B9XQT119
Polar Capital Global Financials,Sector Specialist: Financials,Other European,1,30/06/2014,GB00B9XQT119
Polar Capital Global Financials,Sector Specialist: Financials,Spain,0,30/06/2014,GB00B9XQT119
Polar Capital Global Financials,Sector Specialist: Financials,Sweden,2,30/06/2014,GB00B9XQT119
Polar Capital Global Financials,Sector Specialist: Financials,Switzerland,7,30/06/2014,GB00B9XQT119
Polar Capital Global Financials,Sector Specialist: Financials,UK,20,30/06/2014,GB00B9XQT119
Polar Capital Global Financials,Sector Specialist: Financials,Indonesia,1,30/06/2014,GB00B9XQT119
Polar Capital Global Financials,Sector Specialist: Financials,Japan,2,30/06/2014,GB00B9XQT119
Polar Capital Global Financials,Sector Specialist: Financials,Philippines,1,30/06/2014,GB00B9XQT119
Polar Capital Global Financials,Sector Specialist: Financials,Singapore,6,30/06/2014,GB00B9XQT119
Polar Capital Global Financials,Sector Specialist: Financials,Taiwan,1,30/06/2014,GB00B9XQT119
Polar Capital Global Financials,Sector Specialist: Financials,Thailand,1,30/06/2014,GB00B9XQT119
Polar Capital Global Financials,Sector Specialist: Financials,Brazil,2,30/06/2014,GB00B9XQT119
Polar Capital Global Financials,Sector Specialist: Financials,Other Latin America,2,30/06/2014,GB00B9XQT119
Polar Capital Global Financials,Sector Specialist: Financials,Canada,2,30/06/2014,GB00B9XQT119
Polar Capital Global Financials,Sector Specialist: Financials,USA,26,30/06/2014,GB00B9XQT119
Polar Capital Global Financials,Sector Specialist: Financials,Cash/Cash Equiv.,4,30/06/2014,GB00B9XQT119
Polar Capital Global Financials,Sector Specialist: Financials,Fixed Interest,0,30/06/2014,GB00B9XQT119
Polar Capital Global Healthcare Growth & Income,Sector Specialist: Biotechnology & Healthcare,Belgium,1,30/06/2014,GB00B6832P16
Polar Capital Global Healthcare Growth & Income,Sector Specialist: Biotechnology & Healthcare,France,5,30/06/2014,GB00B6832P16
Polar Capital Global Healthcare Growth & Income,Sector Specialist: Biotechnology & Healthcare,Ireland,1,30/06/2014,GB00B6832P16
Polar Capital Global Healthcare Growth & Income,Sector Specialist: Biotechnology & Healthcare,Italy,1,30/06/2014,GB00B6832P16
Polar Capital Global Healthcare Growth & Income,Sector Specialist: Biotechnology & Healthcare,Switzerland,15,30/06/2014,GB00B6832P16
Polar Capital Global Healthcare Growth & Income,Sector Specialist: Biotechnology & Healthcare,UK,17,30/06/2014,GB00B6832P16
Polar Capital Global Healthcare Growth & Income,Sector Specialist: Biotechnology & Healthcare,Australia,2,30/06/2014,GB00B6832P16
Polar Capital Global Healthcare Growth & Income,Sector Specialist: Biotechnology & Healthcare,Japan,6,30/06/2014,GB00B6832P16
Polar Capital Global Healthcare Growth & Income,Sector Specialist: Biotechnology & Healthcare,Singapore,1,30/06/2014,GB00B6832P16
Polar Capital Global Healthcare Growth & Income,Sector Specialist: Biotechnology & Healthcare,Canada,2,30/06/2014,GB00B6832P16
Polar Capital Global Healthcare Growth & Income,Sector Specialist: Biotechnology & Healthcare,USA,48,30/06/2014,GB00B6832P16
Polar Capital Global Healthcare Growth & Income,Sector Specialist: Biotechnology & Healthcare,Cash/Cash Equiv.,1,30/06/2014,GB00B6832P16
Polar Capital Technology,Sector Specialist: Tech Media & Telecomm,Germany,2,30/06/2014,GB0004220025
Polar Capital Technology,Sector Specialist: Tech Media & Telecomm,Netherlands,2,30/06/2014,GB0004220025
Polar Capital Technology,Sector Specialist: Tech Media & Telecomm,Sweden,1,30/06/2014,GB0004220025
Polar Capital Technology,Sector Specialist: Tech Media & Telecomm,UK,2,30/06/2014,GB0004220025
Polar Capital Technology,Sector Specialist: Tech Media & Telecomm,Japan,5,30/06/2014,GB0004220025
Polar Capital Technology,Sector Specialist: Tech Media & Telecomm,South Korea,4,30/06/2014,GB0004220025
Polar Capital Technology,Sector Specialist: Tech Media & Telecomm,Taiwan,4,30/06/2014,GB0004220025
Polar Capital Technology,Sector Specialist: Tech Media & Telecomm,Israel,3,30/06/2014,GB0004220025
Polar Capital Technology,Sector Specialist: Tech Media & Telecomm,USA,67,30/06/2014,GB0004220025
Polar Capital Technology,Sector Specialist: Tech Media & Telecomm,Cayman Islands,4,30/06/2014,GB0004220025
Polar Capital Technology,Sector Specialist: Tech Media & Telecomm,Cash/Cash Equiv.,6,30/06/2014,GB0004220025
Polar Capital Technology,Sector Specialist: Tech Media & Telecomm,Fixed Interest,0,30/06/2014,GB0004220025
Premier Energy & Water,Split Capital Trust,India,9.63,30/06/2014,GB0033537902
Premier Energy & Water,Split Capital Trust,Poland,2.92,30/06/2014,GB0033537902
Premier Energy & Water,Split Capital Trust,France,3.33,30/06/2014,GB0033537902
Premier Energy & Water,Split Capital Trust,Italy,6.44,30/06/2014,GB0033537902
Premier Energy & Water,Split Capital Trust,UK,24.05,30/06/2014,GB0033537902
Premier Energy & Water,Split Capital Trust,Australia,1.23,30/06/2014,GB0033537902
Premier Energy & Water,Split Capital Trust,China,19.98,30/06/2014,GB0033537902
Premier Energy & Water,Split Capital Trust,Malaysia,3,30/06/2014,GB0033537902
Premier Energy & Water,Split Capital Trust,Philippines,0.72,30/06/2014,GB0033537902
Premier Energy & Water,Split Capital Trust,Brazil,9.08,30/06/2014,GB0033537902
Premier Energy & Water,Split Capital Trust,Other Latin America,3.07,30/06/2014,GB0033537902
Premier Energy & Water,Split Capital Trust,Other Middle East,2.52,30/06/2014,GB0033537902
Premier Energy & Water,Split Capital Trust,USA,8.8,30/06/2014,GB0033537902
Premier Energy & Water,Split Capital Trust,Cash/Cash Equiv.,1.8,30/06/2014,GB0033537902
Premier Energy & Water,Split Capital Trust,Fixed Interest,3.43,30/06/2014,GB0033537902
Princess Private Equity Holding,Private Equity,Not reported,,,
Private Equity Investor,Private Equity,USA,80.75,30/06/2014,GB0000504034
Private Equity Investor,Private Equity,Cash/Cash Equiv.,19.25,30/06/2014,GB0000504034
Private Equity Investor,Private Equity,Fixed Interest,0,30/06/2014,GB0000504034
Prospect Japan,Japanese Smaller Companies,Not reported,,,
ProVen Growth and Income VCT,VCT Generalist,Not reported,,,
ProVen VCT,VCT Generalist,Not reported,,,
Puma High Income VCT,VCT Generalist,Not reported,,,
Puma VCT 10,VCT Generalist Pre Qualifying,Not reported,,,
Puma VCT 8,VCT Generalist Pre Qualifying,Not reported,,,
Puma VCT 9,VCT Generalist Pre Qualifying,Not reported,,,
Puma VCT VII,VCT Generalist,Not reported,,,
Qatar Investment,Country Specialists: Other,Other European,0.02,30/06/2014,IM00B1Z40704
Qatar Investment,Country Specialists: Other,Kuwait,1.51,30/06/2014,IM00B1Z40704
Qatar Investment,Country Specialists: Other,Oman,2.62,30/06/2014,IM00B1Z40704
Qatar Investment,Country Specialists: Other,Other Middle East,85.35,30/06/2014,IM00B1Z40704
Qatar Investment,Country Specialists: Other,United Arab Emirates,2.95,30/06/2014,IM00B1Z40704
Qatar Investment,Country Specialists: Other,Cash/Cash Equiv.,7.55,30/06/2014,IM00B1Z40704
RCM Technology,Sector Specialist: Tech Media & Telecomm,France,1.21,30/06/2014,GB0003390720
RCM Technology,Sector Specialist: Tech Media & Telecomm,Netherlands,2.3,30/06/2014,GB0003390720
RCM Technology,Sector Specialist: Tech Media & Telecomm,Spain,2.04,30/06/2014,GB0003390720
RCM Technology,Sector Specialist: Tech Media & Telecomm,Sweden,0.59,30/06/2014,GB0003390720
RCM Technology,Sector Specialist: Tech Media & Telecomm,UK,0.19,30/06/2014,GB0003390720
RCM Technology,Sector Specialist: Tech Media & Telecomm,China,3.37,30/06/2014,GB0003390720
RCM Technology,Sector Specialist: Tech Media & Telecomm,Hong Kong,0.52,30/06/2014,GB0003390720
RCM Technology,Sector Specialist: Tech Media & Telecomm,Japan,0.99,30/06/2014,GB0003390720
RCM Technology,Sector Specialist: Tech Media & Telecomm,Singapore,1.31,30/06/2014,GB0003390720
RCM Technology,Sector Specialist: Tech Media & Telecomm,Taiwan,1.34,30/06/2014,GB0003390720
RCM Technology,Sector Specialist: Tech Media & Telecomm,Canada,1.04,30/06/2014,GB0003390720
RCM Technology,Sector Specialist: Tech Media & Telecomm,USA,82.1,30/06/2014,GB0003390720
RCM Technology,Sector Specialist: Tech Media & Telecomm,Cash/Cash Equiv.,3,30/06/2014,GB0003390720
Real Estate Credit Investments,Sector Specialist: Debt,Not reported,,,
Renewables Infrastructure Group,Sector Specialist: Infrastructure - Renewable Energy,Not reported,,,
RENN Universal Growth,North American Smaller Companies,USA,93.82,30/06/2014,GB0007325185
RENN Universal Growth,North American Smaller Companies,Cash/Cash Equiv.,5.95,30/06/2014,GB0007325185
RENN Universal Growth,North American Smaller Companies,Fixed Interest,0.23,30/06/2014,GB0007325185
Rensburg AIM VCT,VCT AIM Quoted,Not reported,,,
Rights & Issues,Split Capital Trust,Not reported,,,
RIT Capital Partners,Global,Not reported,,,
Riverstone Energy,Sector Specialist: Commodities & Natural Resources,Not reported,,,
Sanditon Investment,Europe,Not reported,,,
Schroder AsiaPacific,Asia Pacific - Excluding Japan,India,14,30/06/2014,GB0007918872
Schroder AsiaPacific,Asia Pacific - Excluding Japan,Sri Lanka,1,30/06/2014,GB0007918872
Schroder AsiaPacific,Asia Pacific - Excluding Japan,Australia,1,30/06/2014,GB0007918872
Schroder AsiaPacific,Asia Pacific - Excluding Japan,China,6,30/06/2014,GB0007918872
Schroder AsiaPacific,Asia Pacific - Excluding Japan,Hong Kong,22,30/06/2014,GB0007918872
Schroder AsiaPacific,Asia Pacific - Excluding Japan,Indonesia,2,30/06/2014,GB0007918872
Schroder AsiaPacific,Asia Pacific - Excluding Japan,Philippines,2,30/06/2014,GB0007918872
Schroder AsiaPacific,Asia Pacific - Excluding Japan,Singapore,11,30/06/2014,GB0007918872
Schroder AsiaPacific,Asia Pacific - Excluding Japan,South Korea,11,30/06/2014,GB0007918872
Schroder AsiaPacific,Asia Pacific - Excluding Japan,Taiwan,12,30/06/2014,GB0007918872
Schroder AsiaPacific,Asia Pacific - Excluding Japan,Thailand,7,30/06/2014,GB0007918872
Schroder AsiaPacific,Asia Pacific - Excluding Japan,USA,9,30/06/2014,GB0007918872
Schroder AsiaPacific,Asia Pacific - Excluding Japan,Cash/Cash Equiv.,2,30/06/2014,GB0007918872
Schroder Income Growth,UK Equity Income,France,3,30/06/2014,GB0007915860
Schroder Income Growth,UK Equity Income,Ireland,1,30/06/2014,GB0007915860
Schroder Income Growth,UK Equity Income,Norway,1,30/06/2014,GB0007915860
Schroder Income Growth,UK Equity Income,Sweden,3,30/06/2014,GB0007915860
Schroder Income Growth,UK Equity Income,UK,90,30/06/2014,GB0007915860
Schroder Income Growth,UK Equity Income,Cash/Cash Equiv.,2,30/06/2014,GB0007915860
Schroder Japan Growth,Japan,Japan,97,30/06/2014,GB0008022849
Schroder Japan Growth,Japan,Cash/Cash Equiv.,3,30/06/2014,GB0008022849
Schroder Oriental Income,Asia Pacific - Excluding Japan,Luxembourg,1,30/06/2014,GB00B0CRWN59
Schroder Oriental Income,Asia Pacific - Excluding Japan,UK,3,30/06/2014,GB00B0CRWN59
Schroder Oriental Income,Asia Pacific - Excluding Japan,Australia,21,30/06/2014,GB00B0CRWN59
Schroder Oriental Income,Asia Pacific - Excluding Japan,China,5,30/06/2014,GB00B0CRWN59
Schroder Oriental Income,Asia Pacific - Excluding Japan,Hong Kong,18,30/06/2014,GB00B0CRWN59
Schroder Oriental Income,Asia Pacific - Excluding Japan,Indonesia,1,30/06/2014,GB00B0CRWN59
Schroder Oriental Income,Asia Pacific - Excluding Japan,New Zealand,2,30/06/2014,GB00B0CRWN59
Schroder Oriental Income,Asia Pacific - Excluding Japan,Philippines,1,30/06/2014,GB00B0CRWN59
Schroder Oriental Income,Asia Pacific - Excluding Japan,Singapore,16,30/06/2014,GB00B0CRWN59
Schroder Oriental Income,Asia Pacific - Excluding Japan,South Korea,4,30/06/2014,GB00B0CRWN59
Schroder Oriental Income,Asia Pacific - Excluding Japan,Taiwan,13,30/06/2014,GB00B0CRWN59
Schroder Oriental Income,Asia Pacific - Excluding Japan,Thailand,7,30/06/2014,GB00B0CRWN59
Schroder Oriental Income,Asia Pacific - Excluding Japan,Cayman Islands,1,30/06/2014,GB00B0CRWN59
Schroder Oriental Income,Asia Pacific - Excluding Japan,Cash/Cash Equiv.,7,30/06/2014,GB00B0CRWN59
Schroder Real Estate,Property Direct - UK,Not reported,,,
Schroder UK Growth,UK All Companies,Spain,1,30/06/2014,GB0007913485
Schroder UK Growth,UK All Companies,UK,97,30/06/2014,GB0007913485
Schroder UK Growth,UK All Companies,Cash/Cash Equiv.,2,30/06/2014,GB0007913485
Schroder UK Mid Cap,UK All Companies,Ireland,4,30/06/2014,GB0006108418
Schroder UK Mid Cap,UK All Companies,UK,94,30/06/2014,GB0006108418
Schroder UK Mid Cap,UK All Companies,Cash/Cash Equiv.,2,30/06/2014,GB0006108418
Scottish American,Global Equity Income,Denmark,1,30/06/2014,GB0007873697
Scottish American,Global Equity Income,Finland,1,30/06/2014,GB0007873697
Scottish American,Global Equity Income,France,3,30/06/2014,GB0007873697
Scottish American,Global Equity Income,Germany,2,30/06/2014,GB0007873697
Scottish American,Global Equity Income,Netherlands,1,30/06/2014,GB0007873697
Scottish American,Global Equity Income,Norway,2,30/06/2014,GB0007873697
Scottish American,Global Equity Income,Portugal,1,30/06/2014,GB0007873697
Scottish American,Global Equity Income,Sweden,2,30/06/2014,GB0007873697
Scottish American,Global Equity Income,Switzerland,3,30/06/2014,GB0007873697
Scottish American,Global Equity Income,UK,37,30/06/2014,GB0007873697
Scottish American,Global Equity Income,Australia,2,30/06/2014,GB0007873697
Scottish American,Global Equity Income,China,4,30/06/2014,GB0007873697
Scottish American,Global Equity Income,Hong Kong,1,30/06/2014,GB0007873697
Scottish American,Global Equity Income,Japan,5,30/06/2014,GB0007873697
Scottish American,Global Equity Income,South Korea,2,30/06/2014,GB0007873697
Scottish American,Global Equity Income,Taiwan,3,30/06/2014,GB0007873697
Scottish American,Global Equity Income,Thailand,1,30/06/2014,GB0007873697
Scottish American,Global Equity Income,Brazil,2,30/06/2014,GB0007873697
Scottish American,Global Equity Income,Egypt,1,30/06/2014,GB0007873697
Scottish American,Global Equity Income,USA,20,30/06/2014,GB0007873697
Scottish American,Global Equity Income,Fixed Interest,6,30/06/2014,GB0007873697
Scottish Investment Trust,Global,South Africa,0.99,30/06/2014,GB0007826091
Scottish Investment Trust,Global,Poland,0.6,30/06/2014,GB0007826091
Scottish Investment Trust,Global,Russia,0.45,30/06/2014,GB0007826091
Scottish Investment Trust,Global,Belgium,0.33,30/06/2014,GB0007826091
Scottish Investment Trust,Global,Denmark,3.57,30/06/2014,GB0007826091
Scottish Investment Trust,Global,Finland,3.1,30/06/2014,GB0007826091
Scottish Investment Trust,Global,France,5.01,30/06/2014,GB0007826091
Scottish Investment Trust,Global,Germany,6.15,30/06/2014,GB0007826091
Scottish Investment Trust,Global,Netherlands,1.02,30/06/2014,GB0007826091
Scottish Investment Trust,Global,Norway,2.19,30/06/2014,GB0007826091
Scottish Investment Trust,Global,Spain,0.34,30/06/2014,GB0007826091
Scottish Investment Trust,Global,Sweden,1.89,30/06/2014,GB0007826091
Scottish Investment Trust,Global,Switzerland,3.72,30/06/2014,GB0007826091
Scottish Investment Trust,Global,UK,16.98,30/06/2014,GB0007826091
Scottish Investment Trust,Global,Australia,2.34,30/06/2014,GB0007826091
Scottish Investment Trust,Global,China,4.11,30/06/2014,GB0007826091
Scottish Investment Trust,Global,Hong Kong,0.51,30/06/2014,GB0007826091
Scottish Investment Trust,Global,Indonesia,0.31,30/06/2014,GB0007826091
Scottish Investment Trust,Global,Japan,3.81,30/06/2014,GB0007826091
Scottish Investment Trust,Global,Philippines,0.09,30/06/2014,GB0007826091
Scottish Investment Trust,Global,Singapore,1.65,30/06/2014,GB0007826091
Scottish Investment Trust,Global,Taiwan,0.44,30/06/2014,GB0007826091
Scottish Investment Trust,Global,Thailand,0.99,30/06/2014,GB0007826091
Scottish Investment Trust,Global,Brazil,0.88,30/06/2014,GB0007826091
Scottish Investment Trust,Global,Mexico,1.04,30/06/2014,GB0007826091
Scottish Investment Trust,Global,Canada,2.26,30/06/2014,GB0007826091
Scottish Investment Trust,Global,USA,25.45,30/06/2014,GB0007826091
Scottish Investment Trust,Global,Cash/Cash Equiv.,9.78,30/06/2014,GB0007826091
Scottish Investment Trust,Global,Fixed Interest,0,30/06/2014,GB0007826091
Scottish Mortgage,Global,India,2,30/06/2014,GB00BLDYK618
Scottish Mortgage,Global,Czech Republic,1,30/06/2014,GB00BLDYK618
Scottish Mortgage,Global,Poland,1,30/06/2014,GB00BLDYK618
Scottish Mortgage,Global,Russia,1,30/06/2014,GB00BLDYK618
Scottish Mortgage,Global,Denmark,2,30/06/2014,GB00BLDYK618
Scottish Mortgage,Global,France,3,30/06/2014,GB00BLDYK618
Scottish Mortgage,Global,Germany,4,30/06/2014,GB00BLDYK618
Scottish Mortgage,Global,Italy,3,30/06/2014,GB00BLDYK618
Scottish Mortgage,Global,Netherlands,1,30/06/2014,GB00BLDYK618
Scottish Mortgage,Global,Spain,8,30/06/2014,GB00BLDYK618
Scottish Mortgage,Global,Sweden,4,30/06/2014,GB00BLDYK618
Scottish Mortgage,Global,UK,9,30/06/2014,GB00BLDYK618
Scottish Mortgage,Global,China,18,30/06/2014,GB00BLDYK618
Scottish Mortgage,Global,Japan,1,30/06/2014,GB00BLDYK618
Scottish Mortgage,Global,Taiwan,1,30/06/2014,GB00BLDYK618
Scottish Mortgage,Global,Brazil,1,30/06/2014,GB00BLDYK618
Scottish Mortgage,Global,USA,38,30/06/2014,GB00BLDYK618
Scottish Mortgage,Global,Fixed Interest,2,30/06/2014,GB00BLDYK618
Scottish Oriental Smaller Companies,Asia Pacific - Excluding Japan,India,21.4,30/06/2014,GB0007836132
Scottish Oriental Smaller Companies,Asia Pacific - Excluding Japan,Sri Lanka,2.8,30/06/2014,GB0007836132
Scottish Oriental Smaller Companies,Asia Pacific - Excluding Japan,China,13.9,30/06/2014,GB0007836132
Scottish Oriental Smaller Companies,Asia Pacific - Excluding Japan,Hong Kong,7.5,30/06/2014,GB0007836132
Scottish Oriental Smaller Companies,Asia Pacific - Excluding Japan,Indonesia,2.2,30/06/2014,GB0007836132
Scottish Oriental Smaller Companies,Asia Pacific - Excluding Japan,Malaysia,3.9,30/06/2014,GB0007836132
Scottish Oriental Smaller Companies,Asia Pacific - Excluding Japan,Philippines,0.9,30/06/2014,GB0007836132
Scottish Oriental Smaller Companies,Asia Pacific - Excluding Japan,Singapore,15.1,30/06/2014,GB0007836132
Scottish Oriental Smaller Companies,Asia Pacific - Excluding Japan,South Korea,3.9,30/06/2014,GB0007836132
Scottish Oriental Smaller Companies,Asia Pacific - Excluding Japan,Taiwan,11.5,30/06/2014,GB0007836132
Scottish Oriental Smaller Companies,Asia Pacific - Excluding Japan,Thailand,1.9,30/06/2014,GB0007836132
Scottish Oriental Smaller Companies,Asia Pacific - Excluding Japan,Cash/Cash Equiv.,15,30/06/2014,GB0007836132
Scottish Oriental Smaller Companies,Asia Pacific - Excluding Japan,Fixed Interest,0,30/06/2014,GB0007836132
Securities Trust of Scotland,Global Equity Income,France,13.14,30/06/2014,GB00B09G3N23
Securities Trust of Scotland,Global Equity Income,Germany,8.34,30/06/2014,GB00B09G3N23
Securities Trust of Scotland,Global Equity Income,Sweden,3.26,30/06/2014,GB00B09G3N23
Securities Trust of Scotland,Global Equity Income,Switzerland,5.94,30/06/2014,GB00B09G3N23
Securities Trust of Scotland,Global Equity Income,UK,21.76,30/06/2014,GB00B09G3N23
Securities Trust of Scotland,Global Equity Income,Australia,3.37,30/06/2014,GB00B09G3N23
Securities Trust of Scotland,Global Equity Income,Hong Kong,1.05,30/06/2014,GB00B09G3N23
Securities Trust of Scotland,Global Equity Income,Japan,2.57,30/06/2014,GB00B09G3N23
Securities Trust of Scotland,Global Equity Income,Singapore,1.34,30/06/2014,GB00B09G3N23
Securities Trust of Scotland,Global Equity Income,Thailand,1.35,30/06/2014,GB00B09G3N23
Securities Trust of Scotland,Global Equity Income,Canada,2.19,30/06/2014,GB00B09G3N23
Securities Trust of Scotland,Global Equity Income,USA,34.67,30/06/2014,GB00B09G3N23
Securities Trust of Scotland,Global Equity Income,Cash/Cash Equiv.,1.02,30/06/2014,GB00B09G3N23
Securities Trust of Scotland,Global Equity Income,Fixed Interest,0,30/06/2014,GB00B09G3N23
Shires Income,UK Equity Income,UK,69.16,30/06/2014,GB0008052507
Shires Income,UK Equity Income,Cash/Cash Equiv.,4.81,30/06/2014,GB0008052507
Shires Income,UK Equity Income,Fixed Interest,26.03,30/06/2014,GB0008052507
Small Companies Dividend,Split Capital Trust,UK,99.81,30/06/2014,GB0006615826
Small Companies Dividend,Split Capital Trust,Cash/Cash Equiv.,0.19,30/06/2014,GB0006615826
Standard Life Equity Income,UK Equity Income,UK,96.88,30/06/2014,GB0006039597
Standard Life Equity Income,UK Equity Income,Israel,0.69,30/06/2014,GB0006039597
Standard Life Equity Income,UK Equity Income,Cash/Cash Equiv.,2.43,30/06/2014,GB0006039597
Standard Life Equity Income,UK Equity Income,Fixed Interest,0,30/06/2014,GB0006039597
Standard Life European Private Equity,Private Equity,Not reported,,,
Standard Life Investments Property Income,Property Direct - UK,Not reported,,,
Standard Life UK Smaller Companies,UK Smaller Companies,Ireland,1.29,30/06/2014,GB0002959582
Standard Life UK Smaller Companies,UK Smaller Companies,UK,87.83,30/06/2014,GB0002959582
Standard Life UK Smaller Companies,UK Smaller Companies,Cash/Cash Equiv.,10.88,30/06/2014,GB0002959582
Starwood European Real Estate Finance,Sector Specialist: Debt,Not reported,,,
Strategic Equity Capital,UK Smaller Companies,UK,87.52,30/06/2014,GB00B0BDCB21
Strategic Equity Capital,UK Smaller Companies,USA,1.84,30/06/2014,GB00B0BDCB21
Strategic Equity Capital,UK Smaller Companies,Cash/Cash Equiv.,10.64,30/06/2014,GB00B0BDCB21
Strategic Equity Capital,UK Smaller Companies,Fixed Interest,0,30/06/2014,GB00B0BDCB21
Tamar European Industrial,Property Direct - Europe,Not reported,,,
Target Healthcare REIT,Property Specialist,Not reported,,,
Temple Bar,UK Equity Income,France,1,30/06/2014,GB0008825324
Temple Bar,UK Equity Income,Ireland,1,30/06/2014,GB0008825324
Temple Bar,UK Equity Income,UK,77,30/06/2014,GB0008825324
Temple Bar,UK Equity Income,USA,5,30/06/2014,GB0008825324
Temple Bar,UK Equity Income,Cash/Cash Equiv.,14,30/06/2014,GB0008825324
Temple Bar,UK Equity Income,Fixed Interest,2,30/06/2014,GB0008825324
Templeton Emerging Markets,Global Emerging Markets,Not reported,,,
Third Point Offshore Investors,Hedge Funds,Not reported,,,
Third Point Offshore Investors USD,Hedge Funds,Not reported,,,
Threadneedle UK Select Trust,UK All Companies,Not reported,,,
TP10 VCT,VCT Generalist,Not reported,,,
TP5 VCT,VCT Generalist,Not reported,,,
TP5 VCT B shares,VCT Generalist,Not reported,,,
TP70 2010 VCT,VCT Generalist,Not reported,,,
TR European Growth,European Smaller Companies,European Emerging,0.2,30/06/2014,GB0009066928
TR European Growth,European Smaller Companies,Austria,4.45,30/06/2014,GB0009066928
TR European Growth,European Smaller Companies,Belgium,3.03,30/06/2014,GB0009066928
TR European Growth,European Smaller Companies,Denmark,3.48,30/06/2014,GB0009066928
TR European Growth,European Smaller Companies,Finland,4.69,30/06/2014,GB0009066928
TR European Growth,European Smaller Companies,France,13.46,30/06/2014,GB0009066928
TR European Growth,European Smaller Companies,Germany,23.33,30/06/2014,GB0009066928
TR European Growth,European Smaller Companies,Greece,2.77,30/06/2014,GB0009066928
TR European Growth,European Smaller Companies,Ireland,2.51,30/06/2014,GB0009066928
TR European Growth,European Smaller Companies,Italy,10.45,30/06/2014,GB0009066928
TR European Growth,European Smaller Companies,Luxembourg,1.74,30/06/2014,GB0009066928
TR European Growth,European Smaller Companies,Netherlands,5.48,30/06/2014,GB0009066928
TR European Growth,European Smaller Companies,Norway,4.1,30/06/2014,GB0009066928
TR European Growth,European Smaller Companies,Portugal,0.39,30/06/2014,GB0009066928
TR European Growth,European Smaller Companies,Spain,4.95,30/06/2014,GB0009066928
TR European Growth,European Smaller Companies,Sweden,3.71,30/06/2014,GB0009066928
TR European Growth,European Smaller Companies,Switzerland,11.65,30/06/2014,GB0009066928
TR European Growth,European Smaller Companies,Cash/Cash Equiv.,-0.39,30/06/2014,GB0009066928
TR Property,Property Securities,Austria,0.83,30/06/2014,GB0009064097
TR Property,Property Securities,Belgium,0.52,30/06/2014,GB0009064097
TR Property,Property Securities,Finland,0.54,30/06/2014,GB0009064097
TR Property,Property Securities,France,17.76,30/06/2014,GB0009064097
TR Property,Property Securities,Germany,13.16,30/06/2014,GB0009064097
TR Property,Property Securities,Ireland,0.5,30/06/2014,GB0009064097
TR Property,Property Securities,Italy,0.15,30/06/2014,GB0009064097
TR Property,Property Securities,Netherlands,4.84,30/06/2014,GB0009064097
TR Property,Property Securities,Norway,0.51,30/06/2014,GB0009064097
TR Property,Property Securities,Spain,0.61,30/06/2014,GB0009064097
TR Property,Property Securities,Sweden,7.39,30/06/2014,GB0009064097
TR Property,Property Securities,Switzerland,3.29,30/06/2014,GB0009064097
TR Property,Property Securities,UK,48.14,30/06/2014,GB0009064097
TR Property,Property Securities,Cash/Cash Equiv.,0.87,30/06/2014,GB0009064097
TR Property,Property Securities,Fixed Interest,0.89,30/06/2014,GB0009064097
Triple Point Income VCT,VCT Generalist,Not reported,,,
Triple Point Income VCT C shares,VCT Generalist Pre Qualifying,Not reported,,,
Triple Point VCT 2011,VCT Generalist,Not reported,,,
Troy Income & Growth,UK Equity Income,Switzerland,1.93,30/06/2014,GB0003708665
Troy Income & Growth,UK Equity Income,UK,87.11,30/06/2014,GB0003708665
Troy Income & Growth,UK Equity Income,USA,8.18,30/06/2014,GB0003708665
Troy Income & Growth,UK Equity Income,Cash/Cash Equiv.,2.78,30/06/2014,GB0003708665
Troy Income & Growth,UK Equity Income,Fixed Interest,0,30/06/2014,GB0003708665
TwentyFour Income,Sector Specialist: Debt,Not reported,,,
TwentyFour Select Monthly Income,Sector Specialist: Debt,Not reported,,,
UK Commercial Property,Property Direct - UK,Not reported,,,
Ukraine Opportunity,Country Specialists: Europe,Not reported,,,
Unicorn AIM VCT,VCT AIM Quoted,Not reported,,,
Utilico Emerging Markets,Global Emerging Markets,Ivory Coast,0.12,30/06/2014,BMG931151069
Utilico Emerging Markets,Global Emerging Markets,Other African,0.77,30/06/2014,BMG931151069
Utilico Emerging Markets,Global Emerging Markets,Lithuania,0.2,30/06/2014,BMG931151069
Utilico Emerging Markets,Global Emerging Markets,Romania,2.14,30/06/2014,BMG931151069
Utilico Emerging Markets,Global Emerging Markets,UK,10.74,30/06/2014,BMG931151069
Utilico Emerging Markets,Global Emerging Markets,Australia,0.69,30/06/2014,BMG931151069
Utilico Emerging Markets,Global Emerging Markets,China,0.65,30/06/2014,BMG931151069
Utilico Emerging Markets,Global Emerging Markets,Hong Kong,29.64,30/06/2014,BMG931151069
Utilico Emerging Markets,Global Emerging Markets,Indonesia,2.25,30/06/2014,BMG931151069
Utilico Emerging Markets,Global Emerging Markets,Malaysia,16,30/06/2014,BMG931151069
Utilico Emerging Markets,Global Emerging Markets,Philippines,7.87,30/06/2014,BMG931151069
Utilico Emerging Markets,Global Emerging Markets,South Korea,0.42,30/06/2014,BMG931151069
Utilico Emerging Markets,Global Emerging Markets,Thailand,6.04,30/06/2014,BMG931151069
Utilico Emerging Markets,Global Emerging Markets,Vietnam,0.33,30/06/2014,BMG931151069
Utilico Emerging Markets,Global Emerging Markets,Brazil,9.23,30/06/2014,BMG931151069
Utilico Emerging Markets,Global Emerging Markets,Chile,3.86,30/06/2014,BMG931151069
Utilico Emerging Markets,Global Emerging Markets,Mexico,0.67,30/06/2014,BMG931151069
Utilico Emerging Markets,Global Emerging Markets,Oman,0.68,30/06/2014,BMG931151069
Utilico Emerging Markets,Global Emerging Markets,USA,6.34,30/06/2014,BMG931151069
Utilico Emerging Markets,Global Emerging Markets,Cash/Cash Equiv.,1.36,30/06/2014,BMG931151069
Utilico Emerging Markets,Global Emerging Markets,Fixed Interest,0,30/06/2014,BMG931151069
Utilico Investments,Split Capital Trust,Belgium,1.49,30/06/2014,BMG9314Y1003
Utilico Investments,Split Capital Trust,UK,38.77,30/06/2014,BMG9314Y1003
Utilico Investments,Split Capital Trust,Australia,18.52,30/06/2014,BMG9314Y1003
Utilico Investments,Split Capital Trust,New Zealand,16.28,30/06/2014,BMG9314Y1003
Utilico Investments,Split Capital Trust,USA,24.54,30/06/2014,BMG9314Y1003
Utilico Investments,Split Capital Trust,Bermuda,1.62,30/06/2014,BMG9314Y1003
Utilico Investments,Split Capital Trust,Cash/Cash Equiv.,-1.22,30/06/2014,BMG9314Y1003
Utilico Investments,Split Capital Trust,Fixed Interest,0,30/06/2014,BMG9314Y1003
Value and Income,UK Equity Income,UK,97.89,30/06/2014,GB0008484718
Value and Income,UK Equity Income,Cash/Cash Equiv.,2.11,30/06/2014,GB0008484718
Ventus 2 VCT,VCT Specialist: Environmental,Not reported,,,
Ventus 2 VCT C shares,VCT Specialist: Environmental,Not reported,,,
Ventus 2 VCT D shares,VCT Specialist: Environmental Pre Qualifying,Not reported,,,
Ventus VCT,VCT Specialist: Environmental,Not reported,,,
Ventus VCT C shares,VCT Specialist: Environmental,Not reported,,,
Ventus VCT D shares,VCT Specialist: Environmental Pre Qualifying,Not reported,,,
VinaCapital Vietnam Opportunity,Country Specialists: Asia Pacific,Not reported,,,
Witan,Global,South Africa,0.7,30/06/2014,GB0009744060
Witan,Global,India,0.51,30/06/2014,GB0009744060
Witan,Global,Czech Republic,0.02,30/06/2014,GB0009744060
Witan,Global,European Emerging,0.36,30/06/2014,GB0009744060
Witan,Global,Russia,0.21,30/06/2014,GB0009744060
Witan,Global,Austria,0.1,30/06/2014,GB0009744060
Witan,Global,Belgium,0.18,30/06/2014,GB0009744060
Witan,Global,Denmark,0.83,30/06/2014,GB0009744060
Witan,Global,Finland,0.25,30/06/2014,GB0009744060
Witan,Global,France,3.25,30/06/2014,GB0009744060
Witan,Global,Germany,1.94,30/06/2014,GB0009744060
Witan,Global,Ireland,0.25,30/06/2014,GB0009744060
Witan,Global,Italy,0.74,30/06/2014,GB0009744060
Witan,Global,Luxembourg,0.47,30/06/2014,GB0009744060
Witan,Global,Netherlands,1.65,30/06/2014,GB0009744060
Witan,Global,Norway,0.15,30/06/2014,GB0009744060
Witan,Global,Other European,0.7,30/06/2014,GB0009744060
Witan,Global,Spain,0.29,30/06/2014,GB0009744060
Witan,Global,Sweden,0.48,30/06/2014,GB0009744060
Witan,Global,Switzerland,3.04,30/06/2014,GB0009744060
Witan,Global,UK,40.92,30/06/2014,GB0009744060
Witan,Global,Australia,1.45,30/06/2014,GB0009744060
Witan,Global,China,1.07,30/06/2014,GB0009744060
Witan,Global,Far East & Pacific Region,2.1,30/06/2014,GB0009744060
Witan,Global,Hong Kong,1.63,30/06/2014,GB0009744060
Witan,Global,Indonesia,0.8,30/06/2014,GB0009744060
Witan,Global,Japan,7.35,30/06/2014,GB0009744060
Witan,Global,Malaysia,0.23,30/06/2014,GB0009744060
Witan,Global,Philippines,0.1,30/06/2014,GB0009744060
Witan,Global,Singapore,0.91,30/06/2014,GB0009744060
Witan,Global,South Korea,0.65,30/06/2014,GB0009744060
Witan,Global,Taiwan,0.65,30/06/2014,GB0009744060
Witan,Global,Thailand,0.38,30/06/2014,GB0009744060
Witan,Global,Brazil,0.98,30/06/2014,GB0009744060
Witan,Global,Mexico,0.21,30/06/2014,GB0009744060
Witan,Global,Peru,0.13,30/06/2014,GB0009744060
Witan,Global,Israel,0.04,30/06/2014,GB0009744060
Witan,Global,Canada,0.22,30/06/2014,GB0009744060
Witan,Global,USA,23.06,30/06/2014,GB0009744060
Witan,Global,Cash/Cash Equiv.,1,30/06/2014,GB0009744060
Witan Pacific,Asia Pacific - Including Japan,India,4.87,30/06/2014,GB0003656021
Witan Pacific,Asia Pacific - Including Japan,Australia,7.39,30/06/2014,GB0003656021
Witan Pacific,Asia Pacific - Including Japan,China,10.32,30/06/2014,GB0003656021
Witan Pacific,Asia Pacific - Including Japan,Far East & Pacific Region,9.85,30/06/2014,GB0003656021
Witan Pacific,Asia Pacific - Including Japan,Hong Kong,12.43,30/06/2014,GB0003656021
Witan Pacific,Asia Pacific - Including Japan,Indonesia,4.57,30/06/2014,GB0003656021
Witan Pacific,Asia Pacific - Including Japan,Japan,21.88,30/06/2014,GB0003656021
Witan Pacific,Asia Pacific - Including Japan,Malaysia,1.88,30/06/2014,GB0003656021
Witan Pacific,Asia Pacific - Including Japan,Philippines,1.34,30/06/2014,GB0003656021
Witan Pacific,Asia Pacific - Including Japan,Singapore,10.45,30/06/2014,GB0003656021
Witan Pacific,Asia Pacific - Including Japan,South Korea,4.06,30/06/2014,GB0003656021
Witan Pacific,Asia Pacific - Including Japan,Taiwan,4.37,30/06/2014,GB0003656021
Witan Pacific,Asia Pacific - Including Japan,Thailand,3.09,30/06/2014,GB0003656021
Witan Pacific,Asia Pacific - Including Japan,Cash/Cash Equiv.,3.5,30/06/2014,GB0003656021
Witan Pacific,Asia Pacific - Including Japan,Fixed Interest,0,30/06/2014,GB0003656021
World Trust Fund,Global,Not reported,,,
Worldwide Healthcare,Sector Specialist: Biotechnology & Healthcare,France,1.02,30/06/2014,GB0003385308
Worldwide Healthcare,Sector Specialist: Biotechnology & Healthcare,Ireland,1.69,30/06/2014,GB0003385308
Worldwide Healthcare,Sector Specialist: Biotechnology & Healthcare,Luxembourg,0.12,30/06/2014,GB0003385308
Worldwide Healthcare,Sector Specialist: Biotechnology & Healthcare,Netherlands,1.53,30/06/2014,GB0003385308
Worldwide Healthcare,Sector Specialist: Biotechnology & Healthcare,Switzerland,9.19,30/06/2014,GB0003385308
Worldwide Healthcare,Sector Specialist: Biotechnology & Healthcare,China,1.02,30/06/2014,GB0003385308
Worldwide Healthcare,Sector Specialist: Biotechnology & Healthcare,Japan,4.62,30/06/2014,GB0003385308
Worldwide Healthcare,Sector Specialist: Biotechnology & Healthcare,Israel,0.03,30/06/2014,GB0003385308
Worldwide Healthcare,Sector Specialist: Biotechnology & Healthcare,USA,75.34,30/06/2014,GB0003385308
Worldwide Healthcare,Sector Specialist: Biotechnology & Healthcare,Bermuda,0.44,30/06/2014,GB0003385308
Worldwide Healthcare,Sector Specialist: Biotechnology & Healthcare,Cayman Islands,0.72,30/06/2014,GB0003385308
Worldwide Healthcare,Sector Specialist: Biotechnology & Healthcare,Cash/Cash Equiv.,-0.33,30/06/2014,GB0003385308
Worldwide Healthcare,Sector Specialist: Biotechnology & Healthcare,Fixed Interest,4.61,30/06/2014,GB0003385308
Yatra Capital,Property Direct - Asia Pacific,Not reported,,,
