AIC,Name,Type,MonthEnd,Code,TA,PC Total Par,PC Total Fair,PC Debt Par,PC Debt Fair,PC Equity,Convertibles Par,Convertibles Fair,PC Gearing,MonthendMidPrice,CurrYrRev,Rev (splits only),Rev (splits only),Shares,SharesIssued,SharesPurch,TryShares,SellbelowNAV,Cash,Gearing,Unlisted,PermLoss,Perffee,ShHolderFunds for share,Par, Par, Par, Par, Par, Par, Par, Par, Par, Par,Fair,Fair,Fair,Fair,Fair,Fair,Fair,Fair,Fair,Fair,PFY,Regional distribution,,,,,,,Additional geographic,,,,,,,CFI Exposure,,,,,,CCY Exposure,,,,,,Flags,Add P/F,,,,,,,AIC Cat 2,Unit1,Unit1,Unit1,Unit1,Unit2,Unit2,Unit2,Unit2,Unit2,Unit2,FootNote,FairValue,ShareNote
Category,Fund,Share,Date,SEDOL,TotalAssets,PC Total Par,PC Total Fair,PC Debt Par,PC Debt Fair,PC Equity,Convertibles Par,Convertibles Fair,PC Gearing,Price,CurrYrRev,Res (splits only),Res% (splits only),NumberShares,SharesIssued,SharesPurch,TryShares,SellbelowNAV,Cash,Gearing,Unlisted,PermLoss,Perffee,ShHolder Funds for share,PCNCWNE,   PCNCWE,   PCCWNE,   PCCWE,   PCCWETS,PCNCWNEcum,PCNCWEcum,PCCWNEcum,PCCWEcum,PCCWETScum,FCNCWNE,   FCNCWE,   FCCWNE,   FCCWE,   FCCWETS,FCNCWNEcum,FCNCWEcum,FCCWNEcum,FCCWEcum,FCCWETScum,PFY,CFI,Japan ,Hong Kong,Korea ,Taiwan ,Singa pore,Other , , , , , , , ,Japan ,Hong Kong,Korea ,Taiwan ,Singa pore,Other ,Japan ,Hong Kong,Korea ,Taiwan ,Singa pore,Other ,Flags,,,,,,,,AIC Cat 2,Name,in issue,Perf NAV,Pub NAV,Gearing,Name,in issue,NAV Par,NAV Fair,Gearing,FootNote,Note,
Asia Pacific - Including Japan,Aberdeen All Asia,Ordinary Share,31/01/2007,392075,41618211,1674016,1674016,1674016,1674016,0,0,0,1674016,218,431346,,,16686767,0,0,0,N/A,1,104,0,,Y,39944195,239.38,,,,,241.96,,,,,239.38,,,,,241.96,,,,,2,1,25,12,11,6,14,31,0,0,0,0,0,0,0,0,0,0,0,0,0,0,0,0,0,0,0,,0,0,0,0,0,0,0,,,,,,,,,,,,,Short term borrowings at borrowed amount,
Asia Pacific - Including Japan,Martin Currie Pacific,Ordinary Share,31/01/2007,569512,128123240,12841734,12846269,12841734,12846269,0,0,0,12841734,243.25,1247802,,,44037018,0,0,0,N/A,0,111,0.1,,N,115281506,261.78,,,,,264.62,,,,,261.77,,,,,264.61,,,,,0,0,30,13,11,10,3,33,0,0,0,0,0,0,0,0,0,0,0,0,0,0,0,0,0,0,0,,0,0,0,0,0,0,0,,,,,,,,,,,,,Fair value = discounted future cash flows,
Asia Pacific - Including Japan,Witan Pacific,Ordinary Share,31/01/2007,365602,134076000,3000000,3000000,3000000,3000000,0,0,0,3000000,161.5,1386455,,,72890323,0,150000,0,N/A,1,102,,,Y,131076000,179.83,,,,,181.73,,,,,179.83,,,,,181.73,,,,,0,1,41,8,9,6,7,28,0,0,0,0,0,0,0,0,0,0,0,0,0,0,0,0,0,0,0,,0,0,0,0,0,0,0,,,,,,,,,,,,,Short term loan,
Category,Fund,Share,Date,SEDOL,TotalAssets,PC Total Par,PC Total Fair,PC Debt Par,PC Debt Fair,PC Equity,Convertibles Par,Convertibles Fair,PC Gearing,Price,CurrYrRev,Res (splits only),Res% (splits only),NumberShares,SharesIssued,SharesPurch,TryShares,SellbelowNAV,Cash,Gearing,Unlisted,PermLoss,Perffee,ShHolder Funds for share,PCNCWNE,   PCNCWE,   PCCWNE,   PCCWE,   PCCWETS,PCNCWNEcum,PCNCWEcum,PCCWNEcum,PCCWEcum,PCCWETScum,FCNCWNE,   FCNCWE,   FCCWNE,   FCCWE,   FCCWETS,FCNCWNEcum,FCNCWEcum,FCCWNEcum,FCCWEcum,FCCWETScum,PFY,CFI,Hong Kong,Singa pore,Korea ,Taiwan ,China ,Other , , , , , , , ,Hong Kong,Singa pore,Korea ,Taiwan ,China ,Other ,Hong Kong,Singa pore,Korea ,Taiwan ,China ,Other ,Flags,,,,,,,,AIC Cat 2,Name,in issue,Perf NAV,Pub NAV,Gearing,Name,in issue,NAV Par,NAV Fair,Gearing,FootNote,Note,
Asia Pacific - Excluding Japan,Aberdeen Asian Income,Ordinary Share,31/01/2007,B0P6J83,137151545,15251286,15615665,15251286,15615665,0,0,0,15251286,109.75,0,,,110000000,0,0,0,N/A,5,113,,,N,121900259,110.82,,,,,,,,,,110.49,,,,,,,,,,4.06,5,9,19,0,11,3,53,0,0,0,0,0,0,0,0,0,0,0,0,0,0,0,0,0,0,0,/,0,0,0,0,0,0,0,,,,,,,,,,,,,The Fair value of long term loans are calculated by discounting future cashflows.,
Asia Pacific - Excluding Japan,Aberdeen Asian Smaller Companies,Ordinary Share,31/01/2007,10076,124006732,7625626,7625626,7625626,7625626,0,0,0,7625626,310.25,942000,,,32579597,0,0,0,N/A,2,107,,,,116381106,357.22,320.95,,,,360.11,323.43,,,,357.22,320.95,,,,360.11,323.43,,,,0,2,16,19,8,0,0,55,0,0,0,0,0,0,0,0,0,0,0,0,0,0,0,0,0,0,0,,0,0,0,0,0,0,0,,,,,,,,,,,,,For loans repayable within 1 year par value has been used.,
Asia Pacific - Excluding Japan,Aberdeen New Dawn,Ordinary Share,31/01/2007,5685,140181165,6980495,6980495,6980495,6980495,0,0,0,6980495,518.5,1895814,,,25387133,0,0,0,N/A,-1,105,0,,,133200670,524.68,,,,,532.15,,,,,524.68,,,,,532.15,,,,,0,-1,16,17,13,6,7,42,0,0,0,0,0,0,0,0,0,0,0,0,0,0,0,0,0,0,0,,0,0,0,0,0,0,0,,,,,,,,,,,,,FAIR AND PAR VALUE ARE NOT MATERIALLY DIFFERENT,
Asia Pacific - Excluding Japan,Edinburgh Dragon,Ordinary Share,31/01/2007,294502,393703882,40870543,41864899,40870543,41864899,0,0,0,40870543,135.75,-1109798,,,237276875,0,0,0,N/A,1,112,,,N,352833339,148.7,,,,,148.23,,,,,148.28,,,,,147.81,,,,,0,1,24,20,14,8,1,32,0,0,0,0,0,0,0,0,0,0,0,0,0,0,0,0,0,0,0,,0,0,0,0,0,0,0,,,,,,,,,,,,,Discounted Cash Flow method.,
Asia Pacific - Excluding Japan,Fidelity Asian Values,Ordinary Share,31/01/2007,332231,149857737,9177820,9799644,9177820,9799644,0,0,0,9177820,110.75,154525,,,113974200,0,0,0,N/A,1,107,0,,N,140679917,123.43,,,,,123.57,,,,,122.89,,,,,123.02,,,,,0,1,28,14,26,20,3,8,0,0,0,0,0,0,0,0,0,0,0,0,0,0,0,0,0,0,0,/,0,0,0,0,0,0,0,,,,,,,,,,,,,"The fair value has been calculated by discounting future cash flows to ç
current US Dollar interest rates.",
Asia Pacific - Excluding Japan,Henderson Far East Income,Ordinary Share,31/01/2007,B1GXH75,184775000,0,0,0,0,0,0,0,0,231.5,1622535,,,77622621,0,0,0,N/A,4,100,,,N,184775000,238.04,,,,,240.13,,,,,238.04,,,,,240.13,,,,,0,4,17,6,18,11,4,40,0,0,0,0,0,0,0,0,0,0,0,0,0,0,0,0,0,0,0,,0,0,0,0,0,0,0,,,,,,,,,,,,,,
Asia Pacific - Excluding Japan,Henderson TR Pacific,Ordinary Share,31/01/2007,871079,269745000,25718503,25718503,25718503,25718503,0,0,0,25718503,124.25,0,,,183168359,0,550000,0,N/A,-2,111,,,Y,244026497,133.23,,,,,,,,,,133.23,,,,,,,,,,1.9,-2,21,11,17,15,15,23,0,0,0,0,0,0,0,0,0,0,0,0,0,0,0,0,0,0,0,/,0,0,0,0,0,0,0,,,,,,,,,,,,,,"09/01/07 Buy Back 550,000 @ ú0.674m."
Asia Pacific - Excluding Japan,INVESCO Asia,Ordinary Share,31/01/2007,453530,119087795,10350000,10350000,10350000,10350000,0,0,0,10350000,94.5,0,,,105962425,0,0,0,N/A,0,110,0,,N,108737795,102.62,,,,,,,,,,102.62,,,,,,,,,,2.1,0,22,14,14,12,7,31,0,0,0,0,0,0,0,0,0,0,0,0,0,0,0,0,0,0,0,,0,0,0,0,0,0,0,,,,,,,,,,,,,par value of o/draft used as not materially different to fair value,
Asia Pacific - Excluding Japan,JPMorgan Asian,Ordinary Share,31/01/2007,132077,285086178,15485927,15485927,15485927,15485927,0,0,0,15485927,153.25,0,,,161457154,0,0,0,N/A,0,106,,,Y,269600251,166.98,,,,,,,,,,166.98,,,,,,,,,,1.43,0,18,12,21,15,13,21,0,0,0,0,0,0,0,0,0,0,0,0,0,0,0,0,0,0,0,,0,0,0,0,0,0,0,,,,,,,,,,,,,,
Asia Pacific - Excluding Japan,Pacific Assets,Ordinary Share,31/01/2007,667438,133636897,10217636,10217636,10217636,10217636,0,0,0,10217636,93.5,0,,,118848386,0,0,0,N/A,1,108,0,,N,123419261,103.85,,,,,,,,,,103.85,,,,,,,,,,1.1,1,21,15,19,16,10,18,0,0,0,0,0,0,0,122,-152,28,26,0,76,122,-152,28,26,0,76,,0,0,0,0,0,0,0,,,,,,,,,,,,,,
Asia Pacific - Excluding Japan,Pacific Horizon,Ordinary Share,31/01/2007,666747,95952271,0,0,0,0,0,0,0,0,128.25,0,,,77937002,400000,0,0,N/A,1,100,1,,N,95952271,123.12,,,,,,,,,,123.12,,,,,,,,,,2.7,1,33,13,14,14,0,25,0,0,0,0,0,0,0,0,0,0,0,0,0,0,0,0,0,0,0,,0,0,0,0,0,0,0,,,,,,,,,,,,,,"On 26 January 2007, 400,000 shares issued at a price of 130p for ú518,000"
Asia Pacific - Excluding Japan,Schroder AsiaPacific,Ordinary Share,31/01/2007,791887,282717193,28098947,28098947,28098947,28098947,0,0,0,28098947,138,699135,,,167189762,0,0,0,N/A,3,111,,,,254618246,152.29,,,,,152.71,,,,,152.29,,,,,152.71,,,,,0.8,3,23,13,20,12,6,23,0,0,0,0,0,0,0,0,0,0,0,0,0,0,0,0,0,0,0,,0,0,0,0,0,0,0,,,,,,,,,,,,,,
Asia Pacific - Excluding Japan,Scottish Oriental Smaller Companies,Ordinary Share,31/01/2007,783613,85221820,0,0,0,0,0,0,0,0,279.25,663561,,,26235601,0,0,0,N/A,3,100,,,,85221820,324.83,295.23,,,,327.36,297.43,,,,324.83,295.23,,,,327.36,297.43,,,,3.19,3,14,18,10,9,6,40,0,0,0,0,0,0,0,0,0,0,0,0,0,14,18,10,9,6,43,,0,0,0,0,0,0,0,,,,,,,,,,,,,,
Category,Fund,Share,Date,SEDOL,TotalAssets,PC Total Par,PC Total Fair,PC Debt Par,PC Debt Fair,PC Equity,Convertibles Par,Convertibles Fair,PC Gearing,Price,CurrYrRev,Res (splits only),Res% (splits only),NumberShares,SharesIssued,SharesPurch,TryShares,SellbelowNAV,Cash,Gearing,Unlisted,PermLoss,Perffee,ShHolder Funds for share,PCNCWNE,   PCNCWE,   PCCWNE,   PCCWE,   PCCWETS,PCNCWNEcum,PCNCWEcum,PCCWNEcum,PCCWEcum,PCCWETScum,FCNCWNE,   FCNCWE,   FCCWNE,   FCCWE,   FCCWETS,FCNCWNEcum,FCNCWEcum,FCCWNEcum,FCCWEcum,FCCWETScum,PFY,CFI,UK ,Cont. Europe,North America,Japan ,Other Pacific,Other , , , , , , , ,UK ,Cont. Europe,North America,Japan ,Other Pacific,Other ,UK ,Cont. Europe,North America,Japan ,Other Pacific,Other ,Flags,,,,,,,,AIC Cat 2,Name,in issue,Perf NAV,Pub NAV,Gearing,Name,in issue,NAV Par,NAV Fair,Gearing,FootNote,Note,
Country Specialists: Europe,Gartmore Irish Growth,Ordinary Share,31/01/2007,615200,133076448,0,0,0,0,0,0,0,0,935,-650243,,,14252042,0,0,760000,No,8,100,,,N,133076448,933.74,,,,933.74,929.17,,,,929.17,933.74,,,,933.74,929.17,,,,929.17,0,8,5,87,0,0,0,0,0,0,0,0,0,0,0,0,0,0,0,0,0,0,0,0,0,0,0,,0,0,0,0,0,0,0,,,,,,,,,,,,,,
Country Specialists: Europe,JPMorgan Russian Securities,Ordinary Share,31/01/2007,3216473,307970207,8314169,8314169,8314169,8314169,0,0,0,8314169,478,-213570,,,56012812,0,0,0,N/A,0,103,,Y,N,299656038,,,,,,534.6,,,,,,,,,,534.6,,,,,1.62,0,0,0,0,0,0,100,0,0,0,0,0,0,0,0,0,0,0,0,0,0,0,0,0,0,0,,0,0,0,0,0,0,0,,,,,,,,,,,,,,
Country Specialists: Europe,Ukraine Opportunity,Ordinary Share,31/01/2007,B0HW611,,,,,,,,,,,,,,,,,,,,,,,,,,,,,,,,,,,,,,,,,,,,,,,,,,,,,,,,,,,,,,,,,,,,,,,,,,,,,,,,,,,,,,,,,,,,,
Category,Fund,Share,Date,SEDOL,TotalAssets,PC Total Par,PC Total Fair,PC Debt Par,PC Debt Fair,PC Equity,Convertibles Par,Convertibles Fair,PC Gearing,Price,CurrYrRev,Res (splits only),Res% (splits only),NumberShares,SharesIssued,SharesPurch,TryShares,SellbelowNAV,Cash,Gearing,Unlisted,PermLoss,Perffee,ShHolder Funds for share,PCNCWNE,   PCNCWE,   PCCWNE,   PCCWE,   PCCWETS,PCNCWNEcum,PCNCWEcum,PCCWNEcum,PCCWEcum,PCCWETScum,FCNCWNE,   FCNCWE,   FCCWNE,   FCCWE,   FCCWETS,FCNCWNEcum,FCNCWEcum,FCCWNEcum,FCCWEcum,FCCWETScum,PFY,CFI,UK ,Cont. Europe,North America,Japan ,Other Pacific,Other , , , , , , , ,UK ,Cont. Europe,North America,Japan ,Other Pacific,Other ,UK ,Cont. Europe,North America,Japan ,Other Pacific,Other ,Flags,,,,,,,,AIC Cat 2,Name,in issue,Perf NAV,Pub NAV,Gearing,Name,in issue,NAV Par,NAV Fair,Gearing,FootNote,Note,
Country Specialists: Asia Pacific,Aberdeen New Thai,Ordinary Share,31/01/2007,5997,29781971,1440687,1440687,1440687,1440687,0,0,0,1440687,151,578791,,,18095420,0,0,0,N/A,-3,105,,,N,28341284,156.62,,,,,159.82,,,,,156.62,,,,,159.82,,,,,0,-3,0,0,0,0,103,0,0,0,0,0,0,0,0,0,0,0,0,0,0,0,0,0,0,0,0,,0,0,0,0,0,0,0,,,,,,,,,,,,,Fair and par value are not materially different,
Country Specialists: Asia Pacific,JPMorgan Chinese,Ordinary Share,31/01/2007,343501,78569518,5453134,5453134,5453134,5453134,0,0,0,5453134,94.75,139920,,,75462001,1475000,0,0,N/A,0,107,,,Y,73116384,96.89,,,,,97.08,,,,,96.89,,,,,97.08,,,,,2.14,0,0,0,0,0,100,0,0,0,0,0,0,0,0,0,0,0,0,0,0,0,0,0,0,0,0,,0,0,0,0,0,0,0,,,,,,,,,,,,,,
Country Specialists: Asia Pacific,JPMorgan Indian,Ordinary Share,31/01/2007,345035,339745113,0,0,0,0,0,0,0,0,309.75,-938595,,,104806662,0,0,0,N/A,1,100,,Y,N,339745113,,,,,,323.27,,,,,,,,,,323.27,,,,,0.03,1,0,0,0,0,99,0,0,0,0,0,0,0,0,0,0,0,0,0,0,0,0,0,0,0,0,,0,0,0,0,0,0,0,,,,,,,,,,,,,,
Country Specialists: Asia Pacific,New India,Ordinary Share,31/01/2007,604877,77383701,0,0,0,0,0,0,0,0,140.5,-181883,,,47839850,0,0,0,N/A,0,100,,Y,Y,77383701,,,,,,161.38,148.42,,,,,,,,,161.38,148.42,,,,1.3,0,0,0,0,0,100,0,0,0,0,0,0,0,0,87,0,13,0,0,0,87,0,13,0,0,0,,0,0,0,0,0,0,0,,,,,,,,,,,,,,
Country Specialists: Asia Pacific,New Zealand,Ordinary Share,31/01/2007,634874,,,,,,,,,,,,,,,,,,,,,,,,,,,,,,,,,,,,,,,,,,,,,,,,,,,,,,,,,,,,,,,,,,,,,,,,,,,,,,,,,,,,,,,,,,,,,
Country Specialists: Asia Pacific,Vietnam Opportunity,Ordinary Share,31/01/2007,3351642,,,,,,,,,,,,,,,,,,,,,,,,,,,,,,,,,,,,,,,,,,,,,,,,,,,,,,,,,,,,,,,,,,,,,,,,,,,,,,,,,,,,,,,,,,,,,
Category,Fund,Share,Date,SEDOL,TotalAssets,PC Total Par,PC Total Fair,PC Debt Par,PC Debt Fair,PC Equity,Convertibles Par,Convertibles Fair,PC Gearing,Price,CurrYrRev,Res (splits only),Res% (splits only),NumberShares,SharesIssued,SharesPurch,TryShares,SellbelowNAV,Cash,Gearing,Unlisted,PermLoss,Perffee,ShHolder Funds for share,PCNCWNE,   PCNCWE,   PCCWNE,   PCCWE,   PCCWETS,PCNCWNEcum,PCNCWEcum,PCCWNEcum,PCCWEcum,PCCWETScum,FCNCWNE,   FCNCWE,   FCCWNE,   FCCWE,   FCCWETS,FCNCWNEcum,FCNCWEcum,FCCWNEcum,FCCWEcum,FCCWETScum,PFY,CFI,UK ,Cont. Europe,North America,Japan ,Other Pacific,Other , , , , , , , ,UK ,Cont. Europe,North America,Japan ,Other Pacific,Other ,UK ,Cont. Europe,North America,Japan ,Other Pacific,Other ,Flags,,,,,,,,AIC Cat 2,Name,in issue,Perf NAV,Pub NAV,Gearing,Name,in issue,NAV Par,NAV Fair,Gearing,FootNote,Note,
Country Specialists: Other,Old Mutual South Africa,Ordinary Share,31/01/2007,659941,95623021,0,0,0,0,0,0,0,0,187.75,529561,,,49801063,0,0,0,N/A,100,100,,,N,95623021,192.01,,,,,193.07,,,,,192.01,,,,,193.07,,,,,0,100,0,0,0,0,0,0,0,0,0,0,0,0,0,28,0,0,0,0,72,0,0,0,0,0,0,,0,0,0,0,0,0,0,,,,,,,,,,,,,Short term loans,
Category,Fund,Share,Date,SEDOL,TotalAssets,PC Total Par,PC Total Fair,PC Debt Par,PC Debt Fair,PC Equity,Convertibles Par,Convertibles Fair,PC Gearing,Price,CurrYrRev,Res (splits only),Res% (splits only),NumberShares,SharesIssued,SharesPurch,TryShares,SellbelowNAV,Cash,Gearing,Unlisted,PermLoss,Perffee,ShHolder Funds for share,PCNCWNE,   PCNCWE,   PCCWNE,   PCCWE,   PCCWETS,PCNCWNEcum,PCNCWEcum,PCCWNEcum,PCCWEcum,PCCWETScum,FCNCWNE,   FCNCWE,   FCCWNE,   FCCWE,   FCCWETS,FCNCWNEcum,FCNCWEcum,FCCWNEcum,FCCWEcum,FCCWETScum,PFY,CFI,Czech Republic,Hungary ,Poland ,Russia ,Turkey ,Other , , , , , , , ,Czech Republic,Hungary ,Poland ,Russia ,Turkey ,Other ,Czech Republic,Hungary ,Poland ,Russia ,Turkey ,Other ,Flags,,,,,,,,AIC Cat 2,Name,in issue,Perf NAV,Pub NAV,Gearing,Name,in issue,NAV Par,NAV Fair,Gearing,FootNote,Note,
European Emerging Markets,Baring Emerging Europe,Ordinary Share,31/01/2007,3227334,336385914,0,0,0,0,0,0,0,0,700,0,,,43259906,0,0,1100000,No,3,100,0,,Y,336385914,777.59,,,,777.59,,,,,,777.59,,,,777.59,,,,,,0.35,3,6,12,12,57,7,3,0,0,0,0,0,0,0,0,0,0,0,0,0,0,0,0,0,0,0,,0,0,0,0,0,0,0,,,,,,,,,,,,,,
European Emerging Markets,Eastern European,Ordinary Share,31/01/2007,B0BN1P9,230938152,24624439,24624439,24624439,24624439,0,0,0,24624439,310.5,-1055206,,,58983270,0,0,200000,N/A,-8,112,3.3,,Y,206313713,349.78,,,,349.65,347.99,,,,347.87,349.78,,,,349.65,347.99,,,,347.87,0,-8,3,6,7,59,20,13,0,0,0,0,0,0,0,0,0,0,0,0,0,0,0,0,0,0,0,,0,0,0,0,0,0,0,,,,,,,,,,,,,,
Category,Fund,Share,Date,SEDOL,TotalAssets,PC Total Par,PC Total Fair,PC Debt Par,PC Debt Fair,PC Equity,Convertibles Par,Convertibles Fair,PC Gearing,Price,CurrYrRev,Res (splits only),Res% (splits only),NumberShares,SharesIssued,SharesPurch,TryShares,SellbelowNAV,Cash,Gearing,Unlisted,PermLoss,Perffee,ShHolder Funds for share,PCNCWNE,   PCNCWE,   PCCWNE,   PCCWE,   PCCWETS,PCNCWNEcum,PCNCWEcum,PCCWNEcum,PCCWEcum,PCCWETScum,FCNCWNE,   FCNCWE,   FCCWNE,   FCCWE,   FCCWETS,FCNCWNEcum,FCNCWEcum,FCCWNEcum,FCCWEcum,FCCWETScum,PFY,CFI,UK ,Cont. Europe,North America,Japan ,Other Pacific,Other , , , , , , , ,UK ,Cont. Europe,North America,Japan ,Other Pacific,Other ,UK ,Cont. Europe,North America,Japan ,Other Pacific,Other ,Flags,,,,,,,,AIC Cat 2,Name,in issue,Perf NAV,Pub NAV,Gearing,Name,in issue,NAV Par,NAV Fair,Gearing,FootNote,Note,
Sector Specialist: Environmental,Impax Environmental Markets,Ordinary Share,31/01/2007,3123249,229292147,0,0,0,0,0,0,0,0,116.25,0,,,200356027,0,0,0,N/A,1,100,4,,N,229292147,114.44,112.78,,,,,,,,,114.44,112.78,,,,,,,,,0.6,1,21,27,42,4,4,1,0,0,0,0,0,0,0,0,0,0,0,0,0,0,0,0,0,0,0,,0,0,0,0,0,0,0,,,,,,,,,,,,,,
Sector Specialist: Environmental,Merrill Lynch New Energy Technology,Ordinary Share,31/01/2007,973793,116896970,0,0,0,0,0,0,0,0,55.25,-325437,,,218750000,2600000,0,0,N/A,6,100,4,Y,Y,116896970,,,,,,53.29,,,,,,,,,,53.29,,,,,0.5,6,13,31,40,0,4,6,0,0,0,0,0,0,0,0,0,0,0,0,0,0,0,0,0,0,0,,0,0,0,0,0,0,0,,,,,,,,,,,,"On 08/01/2007, 2,600,000 shares issued at 50.625p, ú1,316,250.",,
Category,Fund,Share,Date,SEDOL,TotalAssets,PC Total Par,PC Total Fair,PC Debt Par,PC Debt Fair,PC Equity,Convertibles Par,Convertibles Fair,PC Gearing,Price,CurrYrRev,Res (splits only),Res% (splits only),NumberShares,SharesIssued,SharesPurch,TryShares,SellbelowNAV,Cash,Gearing,Unlisted,PermLoss,Perffee,ShHolder Funds for share,PCNCWNE,   PCNCWE,   PCCWNE,   PCCWE,   PCCWETS,PCNCWNEcum,PCNCWEcum,PCCWNEcum,PCCWEcum,PCCWETScum,FCNCWNE,   FCNCWE,   FCCWNE,   FCCWE,   FCCWETS,FCNCWNEcum,FCNCWEcum,FCCWNEcum,FCCWEcum,FCCWETScum,PFY,CFI,UK ,France ,Germany ,Nether lands,Switzer land,Other , , , , , , , ,UK ,France ,Germany ,Nether lands,Switzer land,Other ,UK ,France ,Germany ,Nether lands,Switzer land,Other ,Flags,,,,,,,,AIC Cat 2,Name,in issue,Perf NAV,Pub NAV,Gearing,Name,in issue,NAV Par,NAV Fair,Gearing,FootNote,Note,
European Smaller Companies,European Assets,Ordinary Share,31/01/2007,322566,179127469,6638519,6638519,6638519,6638519,0,0,0,6638519,977.75,0,,,17240858,707383,0,1245000,Yes,4,104,,,N,172488950,1000.47,,,,998.94,,,,,,1000.47,,,,998.94,,,,,,0,4,0,12,5,2,7,70,0,0,0,0,0,0,0,0,0,0,0,0,0,0,0,0,0,0,0,,0,0,0,0,0,0,0,,,,,,,,,,,,,The par and fair value are not materially different.,"2 JAN 2007 ISSUED 225,000 ORD SHARES AT ú9.79 PER SHARE. 
9 JAN 2007 ISSUED 175,000 ORD SHARES AT ú9.80 PER SHARE. 
24 JAN 2007 ISSUED 100,000 ORD SHARES AT ú9.63 PER SHARE. 
24 JAN 2007 ISSUED 7,383 ORD SHARES AT ú10.61 PER SHARE. 
25 JAN 2007 ISSUED 50,000 ORD SHARES AT ú9.705 PER SHARE. 
30 JAN 2007 ISSUED 150,000 ORD SHARES AT ú9.73 PER SHARE. 
"
European Smaller Companies,JPMorgan European Fledgeling,Ordinary Share,31/01/2007,341969,479210193,48340842,48340842,48340842,48340842,0,0,0,48340842,763,0,,,50900198,0,0,1881319,Yes,0,111,,,N,430869351,846.5,,,,843.52,,,,,,846.5,,,,843.52,,,,,,1.19,0,0,13,8,14,13,52,0,0,0,0,0,0,0,0,0,0,0,0,0,0,0,0,0,0,0,,0,0,0,0,0,0,0,,,,,,,,,,,,,,
European Smaller Companies,Montanaro European Smaller Companies,Ordinary Share,31/01/2007,454351,80462061,9853620,9853620,9853620,9853620,0,0,0,9853620,387,261724,,,17448260,0,0,0,N/A,8,114,0,,Y,70608441,404.67,,,,,406.17,,,,,404.67,,,,,406.17,,,,,1.1,8,24,4,6,2,3,53,0,0,0,0,0,0,0,-7,0,0,0,0,107,-7,0,0,0,0,107,,0,0,0,0,0,0,0,,,,,,,,,,,,,,
European Smaller Companies,TR European Growth,Ordinary Share,31/01/2007,906692,431904000,13538176,13538176,13538176,13538176,0,0,0,13538176,440,0,,,86014355,0,611000,0,N/A,0,103,2,,Y,418365824,486.39,,,,,,,,,,486.39,,,,,,,,,,0,0,6,12,11,11,6,54,0,0,0,0,0,0,0,0,0,0,0,0,0,0,0,0,0,0,0,/,0,0,0,0,0,0,0,,,,,,,,,,,,,par and fair value are not materially different,"611,000 shares were bought back for a total consideration of ú2,663,000."
Category,Fund,Share,Date,SEDOL,TotalAssets,PC Total Par,PC Total Fair,PC Debt Par,PC Debt Fair,PC Equity,Convertibles Par,Convertibles Fair,PC Gearing,Price,CurrYrRev,Res (splits only),Res% (splits only),NumberShares,SharesIssued,SharesPurch,TryShares,SellbelowNAV,Cash,Gearing,Unlisted,PermLoss,Perffee,ShHolder Funds for share,PCNCWNE,   PCNCWE,   PCCWNE,   PCCWE,   PCCWETS,PCNCWNEcum,PCNCWEcum,PCCWNEcum,PCCWEcum,PCCWETScum,FCNCWNE,   FCNCWE,   FCCWNE,   FCCWE,   FCCWETS,FCNCWNEcum,FCNCWEcum,FCCWNEcum,FCCWEcum,FCCWETScum,PFY,CFI,UK ,France ,Germany ,Nether lands,Switzer land,Other , , , , , , , ,UK ,France ,Germany ,Nether lands,Switzer land,Other ,UK ,France ,Germany ,Nether lands,Switzer land,Other ,Flags,,,,,,,,AIC Cat 2,Name,in issue,Perf NAV,Pub NAV,Gearing,Name,in issue,NAV Par,NAV Fair,Gearing,FootNote,Note,
Europe,Charter European,Ordinary Share,31/01/2007,3148639,69010033,6306845,6306845,6306845,6306845,0,0,0,6306845,206.75,916146,,,27801688,0,217000,1485000,Yes,-2,110,,,Y,62703188,225.54,,,,224.58,228.83,,,,227.71,225.54,,,,224.58,228.83,,,,227.71,2.27,-2,17,22,16,8,20,19,0,0,0,0,0,0,0,100,0,0,0,0,0,100,0,0,0,0,0,/A,0,0,0,0,0,0,0,,,,,,,,,,,,,Rollover,"10/1/07 25,000 buy back for value 52,668.53; 24/1/07 72,000 buy back for value 147,247.90; 31/1/07 120,000 buy back for value 245,218.46"
Europe,Foreign & Colonial Eurotrust,Ordinary Share,31/01/2007,329501,476686630,36512099,36512099,36512099,36512099,0,0,0,36512099,741.5,-240934,,,54663701,0,586277,0,N/A,0,108,,,Y,440174531,805.24,,,,,804.8,,,,,805.24,,,,,804.8,,,,,0,0,0,18,14,4,13,51,0,0,0,0,0,0,0,0,0,0,0,0,100,0,0,0,0,0,100,,0,0,0,0,0,0,0,,,,,,,,,,,,,Fair value is par value revalued for the exchange rate at the month end.,
Europe,Fidelity European Values,Ordinary Share,31/01/2007,337582,913906400,102728743,101434052,102728743,101434052,0,0,0,102728743,1235,-982601,,,62143051,0,302601,0,N/A,0,113,0,,N,811177657,1305.34,,,,,1303.76,,,,,1307.42,,,,,1305.84,,,,,0,0,1,17,16,10,15,41,0,0,0,0,0,0,0,0,0,0,0,0,0,0,0,0,0,0,0,/,0,0,0,0,0,0,0,,,,,,,,,,,,,The fair value has been calculated by discounting future cash flows to current Euro interest rates.,"During the month 302,601 shares were repurchased by the company for cancellation at an average cost of 1,215.43p per share, for a total consideration of ú3,677,923.81"
Europe,Gartmore European,Ordinary Share,31/01/2007,526885,390345480,43815100,43815100,43815100,43815100,0,0,0,43815100,577.5,219173,,,57678389,0,93000,1762000,Yes,2,113,,,Y,346530380,600.8,,,,600.11,601.18,,,,600.48,600.8,,,,600.11,601.18,,,,600.48,2.3,2,0,20,19,12,21,26,0,0,0,0,0,0,0,0,0,0,0,8,92,0,20,19,12,21,28,,0,0,0,0,0,0,0,,,,,,,,,,,,,,"Shares cancelled to be held in treasury
05/01/07 20,000 shares at a total cost of ú0.1153
26/01/07 45,000 shares at a total cost of ú0.257625
30/01/07 28,000 shares at a total cost of ú0.16058"
Europe,Invesco Perpetual European Absolute,Ordinary Share,31/01/2007,323406,54719117,0,0,0,0,0,0,0,0,179.25,1317390,,,28825000,0,0,2900000,N/A,44,100,0,,Y,54719117,189.83,,,,188.86,194.4,,,,193.02,189.83,,,,188.86,194.4,,,,193.02,3.2,44,5,9,5,6,7,24,0,0,0,0,0,0,0,29,0,0,0,0,71,0,0,0,0,0,0,,0,0,0,0,0,0,0,,,,,,,,,,,,,,
Europe,JPMorgan European Growth,Ordinary Share,31/01/2007,B18JK16,436034418,73904423,77693954,73904423,77693954,0,0,0,73904423,224.25,0,,,150634718,0,517500,16673813,Yes,16,120,,,Y,362129995,240.4,,,,238.79,,,,,,237.89,,,,236.53,,,,,,2.63,16,0,16,14,5,10,39,0,0,0,0,0,0,0,0,0,0,0,0,100,0,0,0,0,0,0,,0,0,0,0,0,0,0,,,,,,,,,,,,,"Debentures have been revalued using an estimated fair market spread over the ç
relevant gilt; Interest rate swaps and fixed rate loans have been revalued ç
using mark to market estimates provided by a counterparty or other relevant ç
source.",
Europe,JPMorgan European Income,Ordinary Share,31/01/2007,B17XWW4,90072818,15003354,15003354,15003354,15003354,0,0,0,15003354,109,0,,,64862083,0,111000,7208190,Yes,12,120,,,N,75069464,115.74,,,,115.06,,,,,,115.74,,,,115.06,,,,,,3.16,12,28,11,9,5,7,28,0,0,0,0,0,0,0,0,0,0,0,0,0,0,0,0,0,0,0,,0,0,0,0,0,0,0,,,,,,,,,,,,,,
Europe,Jupiter European Opportunities,Ordinary Share,31/01/2007,19772,197690260,36838178,36838178,36838178,36838178,0,0,0,36838178,192.25,-219805,,,80664723,0,0,0,N/A,-17,123,,,Y,160852082,199.41,,,,,199.14,,,,,199.41,,,,,199.14,,,,,1.94,-17,21,39,7,17,7,26,0,0,0,0,0,0,0,0,0,0,0,0,0,0,0,0,0,0,0,,0,0,0,0,0,0,0,,,,,,,,,,,,,EURO'S CONVERTED AT EXCHANGE RATE AT MONTH END,
Europe,Merrill Lynch Greater Europe,Ordinary Share,31/01/2007,B01RDH7,246588334,28170019,28170019,28170019,28170019,0,0,0,28170019,168,138940,,,124729045,0,0,5509887,Yes,0,113,1.5,,Y,218418315,175.11,,,,174.81,175.23,,,,174.92,175.11,,,,174.81,175.23,,,,174.92,2.41,0,1,16,18,3,15,47,0,0,0,0,0,0,0,0,0,0,0,0,0,0,0,0,0,0,0,,0,0,0,0,0,0,0,,,,,,,,,,,,,there is no difference between par and fair values. There is an overdraft which will rollover to next month,
Europe,SR Europe,Ordinary Share,31/01/2007,3066894,73466230,8612948,8612948,8612948,8612948,0,0,0,8612948,209.5,0,,,29694372,0,0,0,N/A,-1,113,,,Y,64853282,218.4,,,,,,,,,,218.4,,,,,,,,,,1.38,-1,27,8,23,13,7,23,0,0,0,0,0,0,0,100,0,0,0,0,0,100,0,0,0,0,0,/,0,0,0,0,0,0,0,,,,,,,,,,,,,,
Category,Fund,Share,Date,SEDOL,TotalAssets,PC Total Par,PC Total Fair,PC Debt Par,PC Debt Fair,PC Equity,Convertibles Par,Convertibles Fair,PC Gearing,Price,CurrYrRev,Res (splits only),Res% (splits only),NumberShares,SharesIssued,SharesPurch,TryShares,SellbelowNAV,Cash,Gearing,Unlisted,PermLoss,Perffee,ShHolder Funds for share,PCNCWNE,   PCNCWE,   PCCWNE,   PCCWE,   PCCWETS,PCNCWNEcum,PCNCWEcum,PCCWNEcum,PCCWEcum,PCCWETScum,FCNCWNE,   FCNCWE,   FCCWNE,   FCCWE,   FCCWETS,FCNCWNEcum,FCNCWEcum,FCCWNEcum,FCCWEcum,FCCWETScum,PFY,CFI,Latin America,Asia ,Europe ,Africa Sub-Sahara,Middle East,Other , , , , , , , ,Latin America,Asia ,Europe ,Africa Sub-Sahara,Middle East,Other ,Latin America,Asia ,Europe ,Africa Sub-Sahara,Middle East,Other ,Flags,,,,,,,,AIC Cat 2,Name,in issue,Perf NAV,Pub NAV,Gearing,Name,in issue,NAV Par,NAV Fair,Gearing,FootNote,Note,
Global Emerging Markets,Advance Developing Markets,Ordinary Share,31/01/2007,167499,294434136,0,0,0,0,0,0,0,0,341,0,,,78975034,0,0,0,N/A,5,100,0,,Y,294434136,372.82,,,,,,,,,,372.82,,,,,,,,,,0.6,5,19,44,27,5,0,0,0,0,0,0,0,0,0,0,0,0,0,0,0,0,0,0,0,0,0,/,0,0,0,0,0,0,0,,,,,,,,,,,,,,
Global Emerging Markets,JPMorgan Emerging Markets,Ordinary Share,31/01/2007,341895,440435306,0,0,0,0,0,0,0,0,360.5,1531949,,,110303742,0,0,0,N/A,1,100,,,Y,440435306,399.29,,,,,400.68,,,,,399.29,,,,,400.68,,,,,1.6,1,26,37,3,13,9,11,0,0,0,0,0,0,0,0,0,0,0,0,0,0,0,0,0,0,0,,0,0,0,0,0,0,0,,,,,,,,,,,,,,
Global Emerging Markets,Templeton Emerging Markets,Ordinary Share,31/01/2007,882929,1791776377,0,0,0,0,0,0,0,0,305.75,17995455,,,535981593,0,0,0,N/A,2,100,,,N,1791776377,334.3,,,,,337.66,,,,,334.3,,,,,337.66,,,,,0,2,21,48,26,3,0,0,0,0,0,0,0,0,0,21,48,26,3,0,2,0,0,0,0,0,0,,0,0,0,0,0,0,0,,,,,,,,,,,,,,
Global Emerging Markets,Utilico Emerging Markets,Ordinary Share,31/01/2007,B0DQY35,250271000,24996000,24996000,24996000,24996000,0,0,0,24996000,128.25,-417669,,,164623573,0,0,0,N/A,1,111,3,,Y,225275000,136.84,130.71,,,,136.59,130.49,,,,136.84,130.71,,,,136.59,130.49,,,,2.81,1,30,48,12,0,1,8,0,0,0,0,0,0,0,0,0,0,0,0,0,0,0,0,0,0,0,,0,0,0,0,0,0,0,,,,,,,,,,,,,,
Category,Fund,Share,Date,SEDOL,TotalAssets,PC Total Par,PC Total Fair,PC Debt Par,PC Debt Fair,PC Equity,Convertibles Par,Convertibles Fair,PC Gearing,Price,CurrYrRev,Res (splits only),Res% (splits only),NumberShares,SharesIssued,SharesPurch,TryShares,SellbelowNAV,Cash,Gearing,Unlisted,PermLoss,Perffee,ShHolder Funds for share,PCNCWNE,   PCNCWE,   PCCWNE,   PCCWE,   PCCWETS,PCNCWNEcum,PCNCWEcum,PCCWNEcum,PCCWEcum,PCCWETScum,FCNCWNE,   FCNCWE,   FCCWNE,   FCCWE,   FCCWETS,FCNCWNEcum,FCNCWEcum,FCCWNEcum,FCCWEcum,FCCWETScum,PFY,CFI,UK ,Cont. Europe,North America,Japan ,Other Pacific,Other , , , , , , , ,UK ,Cont. Europe,North America,Japan ,Other Pacific,Other ,UK ,Cont. Europe,North America,Japan ,Other Pacific,Other ,Flags,,,,,,,,AIC Cat 2,Name,in issue,Perf NAV,Pub NAV,Gearing,Name,in issue,NAV Par,NAV Fair,Gearing,FootNote,Note,
Global Growth,Advance UK,Ordinary Share,31/01/2007,167518,90854712,0,0,0,0,0,0,0,0,222,0,0,,38839660,0,650000,3075000,No,15,100,,,Y,90854712,233.92,,,,233.92,,,,,,233.92,,,,233.92,,,,,,1,15,58,12,12,1,1,1,0,0,0,0,0,0,0,100,0,0,0,0,0,100,0,0,0,0,0,,0,0,0,0,0,0,0,,,,,,,,,,,,,,
Global Growth,Alliance Trust,Ordinary Share,31/01/2007,B11V7W9,2801692066,0,0,0,0,0,0,0,0,365.5,33432202,,,671746820,0,0,0,N/A,7,100,4.67,,N,2801692066,417.08,,,,,422.05,,,,,417.08,,,,,422.05,,,,,0,7,52,13,12,7,9,0,0,0,0,0,0,0,0,0,0,0,0,0,0,0,0,0,0,0,0,,0,0,0,0,0,0,0,,,,,,,,,,,,,,
Global Growth,Anglo & Overseas,Ordinary Share,31/01/2007,B0BZVZ5,116059057,0,0,0,0,0,0,0,0,126.25,0,,,88900207,0,0,824174,No,3,100,,,,116059057,130.55,,,,130.55,,,,,,130.55,,,,130.55,,,,,,0,3,52,27,12,5,1,0,0,0,0,0,0,0,0,0,0,0,0,0,0,0,0,0,0,0,0,/,0,0,0,0,0,0,0,,,,,,,,,,,,,,
Global Growth,Bankers,Ordinary Share,31/01/2007,76700,560313000,25000000,32670000,25000000,32670000,0,0,0,25000000,414,1354000,,,116365552,0,45111,0,N/A,0,105,0.3,,Y,535313000,460.03,,,,,461.19,,,,,453.44,,,,,454.6,,,,,2.43,0,54,17,12,8,6,3,0,0,0,0,0,0,0,0,0,0,0,0,0,0,0,0,0,0,0,,0,0,0,0,0,0,0,,,,,,,,,,,,,Fair values based on quoted price for each security,"12/01/07 Buy Back 45,111 @ 409p ú0.185m."
Global Growth,British Empire Securities & General,Ordinary Share,31/01/2007,133508,770870922,32472221,38449497,32472221,38449497,0,0,0,32472221,445,1739184,,,160080089,0,0,0,N/A,13,104,0.5,,Y,738398701,461.27,,,,,462.35,,,,,457.53,,,,,458.62,,,,,2.3,13,24,27,7,15,14,0,0,0,0,0,0,0,0,91,0,9,0,0,0,36,27,8,15,14,0,,0,0,0,0,0,0,0,,,,,,,,,,,,,"Fair Values are calculated by using the Mid market price of the Debenture 10.375% stock, Debenture 8.125% stock and the Equities Index stock.",
Global Growth,Brunner,Ordinary Share,31/01/2007,149000,298710230,52842152,64828091,52842152,64828091,0,0,0,52842152,429,2903502,,,48319161,0,122677,0,N/A,10,121,,,N,245868078,508.84,,,,,514.85,,,,,484.04,,,,,490.05,,,,,2.67,10,51,13,16,5,4,1,0,0,0,0,0,0,0,100,0,0,0,0,0,100,0,0,0,0,0,,0,0,0,0,0,0,0,,,,,,,,,,,,,The fair values for the FDF and Fintrust loans are based on sedol prices.,"16/1/07 25,000 shs were repurchased @ 430p total cost of ú107,673, 24/1/07 97,677 shs were repurchased @ 422p a total cost of ú413,231"
Global Growth,Cayenne,Ordinary Share,31/01/2007,636911,60299750,0,0,0,0,0,10000000,10450000,10000000,118.25,467550,,,42475143,0,0,0,N/A,8,120,0,,N,50299750,118.42,,,,,119.52,,,,,117.36,,,,,118.46,,,,,1.4,8,45,22,10,4,7,4,0,0,0,0,0,0,0,100,0,0,0,0,0,53,22,10,4,7,4,,0,0,0,0,0,0,0,,,,,,,,,,,,,,
Global Growth,EP Global Opportunities,Ordinary Share,31/01/2007,3386257,58284045,0,0,0,0,0,0,0,0,171,0,,,33998180,0,0,0,N/A,3,100,,,N,58284045,171.43,,,,,,,,,,171.43,,,,,,,,,,0,3,22,42,22,9,2,0,0,0,0,0,0,0,0,0,0,0,0,0,0,0,0,0,0,0,0,/A,0,0,0,0,0,0,0,,,,,,,,,,,,,,
Global Growth,Electric & General,Ordinary Share,31/01/2007,309019,296824782,7000000,8364090,7000000,8364090,0,0,0,7000000,406.75,2035441,,,65520296,0,0,0,N/A,8,102,,,Y,289824782,442.34,,,,,445.45,,,,,440.26,,,,,443.37,,,,,0,8,22,32,18,8,12,0,0,0,0,0,0,0,0,0,0,0,0,0,0,100,0,0,0,0,0,,0,0,0,0,0,0,0,,,,,,,,,,,,,Fair value is based on the offer price,
Global Growth,Establishment Investment Trust,Ordinary Share,31/01/2007,3133691,35510495,3462475,3462475,3462475,3462475,0,0,0,3462475,161,383049,,,20000000,0,0,0,N/A,13,111,7,,Y,32048020,160.24,,,,,162.16,,,,,160.24,,,,,162.16,,,,,3.6,13,22,9,1,11,32,12,0,0,0,0,0,0,0,89,64,-62,-22,30,1,34,17,-7,8,36,12,,0,0,0,0,0,0,0,,,,,,,,,,,,,The Loan Facility is valued at current liability value so there is no difference between par and fair value.,
Global Growth,Foreign & Colonial,Ordinary Share,31/01/2007,346607,2575779000,188914000,227685443,188914000,227685443,0,0,0,188914000,281,30527031,,,748436615,0,1540000,0,N/A,-1,108,5,,Y,2386865000,318.91,,,,,322.99,,,,,313.73,,,,,317.81,,,,,2.9,-1,44,16,21,6,10,4,0,0,0,0,0,0,0,0,0,0,0,0,0,0,0,0,0,0,0,,0,0,0,0,0,0,0,,,,,,,,,,,,,"Fair values on debentures are calculated based on traded price, short term loans are calculated based on the exchange rates on the NAV date.","During the period 1,540,000 ordinary shares were repurchased at a cost of ú4.35million"
Global Growth,Gartmore Global,Ordinary Share,31/01/2007,318402,154787355,16399901,20114709,16399901,20114709,0,0,0,16399901,262.75,2173790,,,47033163,0,225000,0,N/A,8,112,1.7,,N,138387454,294.23,,,,,298.86,,,,,286.34,,,,,290.96,,,,,2.3,8,37,16,21,7,9,2,0,0,0,0,0,0,0,84,0,16,0,0,0,44,16,22,7,9,2,,0,0,0,0,0,0,0,,,,,,,,,,,,,Fair values are based on the mid-market prices as provided in the SEDOL at the month-end or the price at which the last trade was effected.,"05/01/07 30,000 shares at a cost of ú0.0777m
12/01/07 20,000 shares at a cost of ú0.0516m
18/01/07 65,000 shares at a cost of ú0.16835m
24/01/07 20,000 shares at a cost of ú0.052m
31/01/07 90,000 shares at a cost of ú0.23535m"
Global Growth,Invesco Perpetual Select Global Equity,Ordinary Share,31/01/2007,B1DQ647,39063795,0,0,0,0,0,0,0,0,99.5,0,,,37595658,0,0,0,N/A,-1,100,0,,Y,39063795,103.91,,,,,,,,,,103.91,,,,,,,,,,2.2,-1,30,21,19,9,14,8,0,0,0,0,0,0,0,0,0,0,0,0,0,0,0,0,0,0,0,,0,0,0,0,0,0,0,,,,,,,,,,,,,FV of overdraft considered not to be materially different to PAR,
Global Growth,Independent Investment Trust,Ordinary Share,31/01/2007,81168,230002212,38181705,38181705,38181705,38181705,0,0,0,38181705,311.5,0,,,66128895,0,0,0,N/A,2,120,,,N,191820507,290.07,,,,,,,,,,290.07,,,,,,,,,,2.4,2,71,5,22,0,0,0,0,0,0,0,0,0,0,0,0,0,0,0,0,0,0,0,0,0,0,,0,0,0,0,0,0,0,,,,,,,,,,,,,"Short term loans (within 1 year) - Par value.

Long term loans - Yield of government bond with a similar duration + appropriate spread.",
Global Growth,JPMorgan Elect Managed Growth,Ordinary Share,31/01/2007,852814,203085531,0,0,0,0,0,0,0,0,395,796105,,,50540432,0,45000,0,N/A,0,100,,,N,203085531,401.83,,,,,403.4,,,,,401.83,,,,,403.4,,,,,0.98,0,56,14,12,7,5,6,0,0,0,0,0,0,0,0,0,0,0,0,0,0,0,0,0,0,0,,0,0,0,0,0,0,0,,,,,,,,,,,,,,
Global Growth,Jupiter Primadona Growth,Ordinary Share,31/01/2007,703376,56871242,7500000,7500000,7500000,7500000,0,0,0,7500000,1033,119091,,,4644908,0,0,0,No,-15,115,,,Y,49371242,1062.91,,,,,1065.47,,,,,1062.91,,,,,1065.47,,,,,1.91,-15,76,14,5,3,14,3,0,0,0,0,0,0,0,0,0,0,0,0,0,0,0,0,0,0,0,,0,0,0,0,0,0,0,,,,,,,,,,,,,,
Global Growth,Law Debenture Corporation,Ordinary Share,31/01/2007,3142921,420770000,39257000,39257000,39257000,39257000,0,0,0,39257000,353,10112000,,,117112656,0,0,0,N/A,13,110,,,N,381513000,325.77,,,,,334.4,,,,,325.77,,,,,334.4,,,,,3.2,13,64,12,0,4,7,0,0,0,0,0,0,0,0,0,0,0,0,0,0,0,0,0,0,0,0,,0,0,0,0,0,0,0,,,,,,,,,,,,,Directors valuation,
Global Growth,London & St Lawrence,Ordinary Share,31/01/2007,531005,91615313,280000,280000,280000,280000,0,0,0,280000,282.5,0,,,29580694,0,0,0,N/A,28,100,0,,N,91335313,308.77,,,,,,,,,,308.77,,,,,,,,,,4.75,28,71,0,1,0,0,0,0,0,0,0,0,0,0,100,0,0,0,0,0,100,0,0,0,0,0,,0,0,0,0,0,0,0,,,,,,,,,,,,,,
Global Growth,Martin Currie Portfolio,Ordinary Share,31/01/2007,537241,192919993,9927966,9930974,9927966,9930974,0,0,0,9927966,117.25,3187521,,,143527886,0,1227156,0,N/A,-1,105,,,Y,182992027,127.5,,,,,129.72,,,,,127.49,,,,,129.71,,,,,0,-1,78,6,12,2,3,0,0,0,0,0,0,0,0,100,0,0,0,0,0,100,0,0,0,0,0,,0,0,0,0,0,0,0,,,,,,,,,,,,,Net present value of future cashflows,"1,227,156 shares were bought back during the month:  168,156 on 03-01-07 for ú199,664.39, 33,000 on 12-01-07 for ú38,853.55, 175,000 on 22-01-07 for ú205,160.50 and 851,000 shares on 31-01-07 for ú989,228.27"
Global Growth,Monks,Ordinary Share,31/01/2007,3051726,1061632922,150111092,163669657,150111092,163669657,0,0,0,150111092,281.25,0,,,284060295,0,1660000,0,N/A,12,116,0,,N,911521830,320.89,,,,,,,,,,316.12,,,,,,,,,,2.3,12,17,12,27,12,11,9,0,0,0,0,0,0,0,129,-21,-42,33,1,0,0,0,0,0,0,0,,0,0,0,0,0,0,0,,,,,,,,,,,,,Debentures at fair value is calculated using closing mid market price from the London Stock Exchange.,"19th January 2007, 900,000 shares were bought back at a price of 274.21, ú2,470,323
26th January 2007, 760,000 shares were bought back at a price of 280.64p, ú2,134,973"
Global Growth,Personal Assets,Ordinary Share,31/01/2007,682754,191746986,0,0,0,0,0,0,0,0,26125,0,,,733880,0,1744,17031,No,48,100,,,N,191746986,26127.84,,,,26127.84,,,,,,26127.84,,,,26127.84,,,,,,0,48,50,0,2,0,0,0,0,0,0,0,0,0,0,68,0,32,0,0,0,0,0,0,0,0,0,,0,0,0,0,0,0,0,,,,,,,,,,,,,,"4 JANUARY 2007 NOUGHT BACK FOR TREASURY 1,000 ORD ú12.50 SHARES AT ú261.50 PER SHARE
5 JANUARY 2007 BOUGHT BACK FOR TREASURY 250 ORD ú12.50 SHARES AT ú261.50 PER SHARE
24 JANUARY 2007 BOUGHT BACK FOR TREASURY 344 ORD ú12.50 SHARES AT ú260.50 PER SHARE
26 JANUARY 2007 BOUGHT BACK FOR TREASURY 150 ORD ú12.50 SHARES AT ú259.21"
Global Growth,RIT Capital Partners,Ordinary Share,31/01/2007,736639,1760990908,176210718,175271179,176210718,175271179,0,0,0,176210718,961.5,-39640000,,,156178167,0,0,0,N/A,7,111,,,Y,1584780190,1014.73,,,,,989.34,,,,,1015.33,,,,,989.95,,,,,0.4,7,12,20,41,5,8,7,0,0,0,0,0,0,0,36,-4,46,22,0,0,63,18,8,5,5,1,,0,0,0,0,0,0,0,,,,,,,,,,,,,The fair value of the loans is based on the net present value of their future cash flows.,
Global Growth,Scottish Investment Trust,Ordinary Share,31/01/2007,782609,850911724,107281886,115582073,107281886,115582073,0,0,0,107281886,466,1988237,,,142673615,0,269000,0,N/A,9,114,2,,N,743629838,521.21,,,,,522.6,,,,,515.39,,,,,516.79,,,,,2.3,9,37,18,21,3,12,0,0,0,0,0,0,0,0,0,0,0,0,0,0,37,20,24,3,15,1,,0,0,0,0,0,0,0,,,,,,,,,,,,,Borrowings are quoted and valued at market.,"Shares bought back during the period amounted to 269,000 @ cost of ú1.3m"
Global Growth,Scottish Mortgage,Ordinary Share,31/01/2007,783884,2007204907,266701500,332825085,266701500,332825085,0,0,0,266701500,528.5,0,0,,282686176,0,300000,1660000,No,5,115,0,,N,1740503407,615.7,,,,615.7,,,,,,592.31,,,,592.31,,,,,,2.3,5,35,12,25,3,8,12,0,0,0,0,0,0,0,0,0,0,0,0,0,0,0,0,0,0,0,,0,0,0,0,0,0,0,,,,,,,,,,,,,"Debentures - fair value is calculated using closing mid market price from the London Stock Exchange.

Short term loans (within 1 year) - Par value.

Long term loans - Yield of government bond with a similar duration + appropriate spread.","31 January 2007, 300,000 shares bought back at a price of 529p, ú1,589,713"
Global Growth,Witan,Ordinary Share,31/01/2007,974406,1478089315,146834570,166068022,146834570,166068022,0,0,0,146834570,456.75,18391048,,,259965887,0,807000,0,N/A,5,111,,,Y,1331254745,512.09,,,,,519.16,,,,,504.69,,,,,511.76,,,,,0,5,44,15,21,8,6,1,0,0,0,0,0,0,0,0,0,0,0,0,0,0,0,0,0,0,0,/,0,0,0,0,0,0,0,,,,,,,,,,,,,Fair values based on bid market prices as at month-end.,"In the month Witan bought back 807,000 shares for ú3.7m."
Global Growth,World Trust Fund,Ordinary Share,31/01/2007,981536,,,,,,,,,,,,,,,,,,,,,,,,,,,,,,,,,,,,,,,,,,,,,,,,,,,,,,,,,,,,,,,,,,,,,,,,,,,,,,,,,,,,,,,,,,,,,
Global Growth,iimia Investment Trust,Ordinary Share,31/01/2007,3436594,50648411,3750000,3750000,3750000,3750000,0,0,0,3750000,147.75,30553,,,30878945,0,265000,365000,No,5,108,,,Y,46898411,151.88,,,,151.88,151.98,,,,151.98,151.88,,,,151.88,151.98,,,,151.98,1.03,5,27,14,17,19,11,7,0,0,0,0,0,0,0,0,0,0,0,0,0,0,0,0,0,0,0,,0,0,0,0,0,0,0,,,,,,,,,,,,,,
Category,Fund,Share,Date,SEDOL,TotalAssets,PC Total Par,PC Total Fair,PC Debt Par,PC Debt Fair,PC Equity,Convertibles Par,Convertibles Fair,PC Gearing,Price,CurrYrRev,Res (splits only),Res% (splits only),NumberShares,SharesIssued,SharesPurch,TryShares,SellbelowNAV,Cash,Gearing,Unlisted,PermLoss,Perffee,ShHolder Funds for share,PCNCWNE,   PCNCWE,   PCCWNE,   PCCWE,   PCCWETS,PCNCWNEcum,PCNCWEcum,PCCWNEcum,PCCWEcum,PCCWETScum,FCNCWNE,   FCNCWE,   FCCWNE,   FCCWE,   FCCWETS,FCNCWNEcum,FCNCWEcum,FCCWNEcum,FCCWEcum,FCCWETScum,PFY,CFI,UK ,Cont. Europe,North America,Japan ,Other Pacific,Other , , , , , , , ,UK ,Cont. Europe,North America,Japan ,Other Pacific,Other ,UK ,Cont. Europe,North America,Japan ,Other Pacific,Other ,Flags,,,,,,,,AIC Cat 2,Name,in issue,Perf NAV,Pub NAV,Gearing,Name,in issue,NAV Par,NAV Fair,Gearing,FootNote,Note,
Global Growth & Income,British Assets,Ordinary Share,31/01/2007,129756,599627837,119246499,129072000,119246499,129072000,0,0,0,119246499,146.25,5577902,,,308512282,0,0,0,N/A,10,125,,,Y,480381338,155.71,,,,,157.52,,,,,152.52,,,,,154.33,,,,,3,10,66,6,10,5,3,0,0,0,0,0,0,0,0,0,0,0,0,0,0,0,0,0,0,0,0,,0,0,0,0,0,0,0,,,,,,,,,,,,,Based on the quoted market prices of the Bonds.,
Global Growth & Income,Eclectic,Ordinary Share,31/01/2007,341947,28761447,395766,395766,395766,395766,0,541199,867107,936965,165,1,,,17676598,0,0,0,N/A,0,103,,,Y,28365681,157.41,,155.6,,,157.41,,155.6,,,155.56,,155.6,,,155.56,,155.6,,,3.2,0,35,2,4,0,59,0,0,0,0,0,0,0,0,36,2,3,0,59,0,88,0,1,0,11,0,,0,0,0,0,0,0,0,,,,,,,,,,,,,The loan facility is valued at current liability value so there is no difference between par and fair value,
Global Growth & Income,Midas Income & Growth,Ordinary Share,31/01/2007,876999,59575437,3250000,3265801,3250000,3265801,0,0,0,3250000,169.5,1487447,,,33633125,0,0,0,N/A,24,106,,,Y,56325437,167.47,163.62,,,,171.89,167.79,,,,167.42,163.58,,,,171.85,167.75,,,,5,24,47,15,1,5,2,6,0,0,0,0,0,0,0,57,43,0,0,0,0,100,0,0,0,0,0,,0,0,0,0,0,0,0,,,,,,,,,,,,,"The fair values of long term bank loans are calculated by discounting future ç
cash flows.",
Global Growth & Income,Murray International,Ordinary Share,31/01/2007,611190,640634494,71097557,72328060,71097557,72328060,0,0,0,71097557,623.5,0,,,87676798,0,0,0,N/A,12,112,,,Y,569536937,649.59,,,,,,,,,,648.18,,,,,,,,,,3.52,12,23,16,7,12,19,11,0,0,0,0,0,0,0,60,13,11,-5,10,11,0,0,0,0,0,0,/,0,0,0,0,0,0,0,,,,,,,,,,,,,"The fair value of long term bank loans are calculated by discounting future cashflows.
Debentures have no fixed redemption date.",
Global Growth & Income,Scottish American,Ordinary Share,31/01/2007,787369,461458517,89048933,99844000,89048933,99844000,0,0,0,89048933,253.75,0,,,132485943,0,0,0,N/A,4,124,10,,N,372409584,281.09,,,,,,,,,,272.95,,,,,,,,,,3.6,4,68,7,12,2,1,6,0,0,0,0,0,0,0,0,0,0,0,0,0,0,0,0,0,0,0,,0,0,0,0,0,0,0,,,,,,,,,,,,,"Debentures at fair value is calculated using closing  offer market price from ç
the London Stock Exchange.",
Category,Fund,Share,Date,SEDOL,TotalAssets,PC Total Par,PC Total Fair,PC Debt Par,PC Debt Fair,PC Equity,Convertibles Par,Convertibles Fair,PC Gearing,Price,CurrYrRev,Res (splits only),Res% (splits only),NumberShares,SharesIssued,SharesPurch,TryShares,SellbelowNAV,Cash,Gearing,Unlisted,PermLoss,Perffee,ShHolder Funds for share,PCNCWNE,   PCNCWE,   PCCWNE,   PCCWE,   PCCWETS,PCNCWNEcum,PCNCWEcum,PCCWNEcum,PCCWEcum,PCCWETScum,FCNCWNE,   FCNCWE,   FCCWNE,   FCCWE,   FCCWETS,FCNCWNEcum,FCNCWEcum,FCCWNEcum,FCCWEcum,FCCWETScum,PFY,CFI,UK ,Cont. Europe,North America,Japan ,Other Pacific,Other , , , , , , , ,UK ,Cont. Europe,North America,Japan ,Other Pacific,Other ,UK ,Cont. Europe,North America,Japan ,Other Pacific,Other ,Flags,,,,,,,,AIC Cat 2,Name,in issue,Perf NAV,Pub NAV,Gearing,Name,in issue,NAV Par,NAV Fair,Gearing,FootNote,Note,
Global Smaller Companies,F&C Global Smaller Companies,Ordinary Share,31/01/2007,17505,241519190,10000000,13387900,10000000,13387900,0,0,0,10000000,440.25,1027719,,,47627781,0,120000,0,N/A,2,104,,,Y,231519190,486.1,,,,,488.26,,,,,478.99,,,,,481.15,,,,,0,2,43,14,26,11,4,0,0,0,0,0,0,0,0,100,0,0,0,0,0,100,0,0,0,0,0,,0,0,0,0,0,0,0,,,,,,,,,,,,,"Fair value of the debenture is based upon a similar UK gilt.
Fair value of the loan is based upon the market value of the loan.",
Global Smaller Companies,Jubilee Investment Trust,Ordinary Share,31/01/2007,3253953,,,,,,,,,,,,,,,,,,,,,,,,,,,,,,,,,,,,,,,,,,,,,,,,,,,,,,,,,,,,,,,,,,,,,,,,,,,,,,,,,,,,,,,,,,,,,
Category,Fund,Share,Date,SEDOL,TotalAssets,PC Total Par,PC Total Fair,PC Debt Par,PC Debt Fair,PC Equity,Convertibles Par,Convertibles Fair,PC Gearing,Price,CurrYrRev,Res (splits only),Res% (splits only),NumberShares,SharesIssued,SharesPurch,TryShares,SellbelowNAV,Cash,Gearing,Unlisted,PermLoss,Perffee,ShHolder Funds for share,PCNCWNE,   PCNCWE,   PCCWNE,   PCCWE,   PCCWETS,PCNCWNEcum,PCNCWEcum,PCCWNEcum,PCCWEcum,PCCWETScum,FCNCWNE,   FCNCWE,   FCCWNE,   FCCWE,   FCCWETS,FCNCWNEcum,FCNCWEcum,FCCWNEcum,FCCWEcum,FCCWETScum,PFY,CFI,UK ,Cont. Europe,North America,Japan ,Other Pacific,Other , , , , , , , ,UK ,Cont. Europe,North America,Japan ,Other Pacific,Other ,UK ,Cont. Europe,North America,Japan ,Other Pacific,Other ,Flags,,,,,,,,AIC Cat 2,Name,in issue,Perf NAV,Pub NAV,Gearing,Name,in issue,NAV Par,NAV Fair,Gearing,FootNote,Note
Hedge Funds,Absolute Return Trust,Ordinary Share,31/01/2007,B05PYY1,,,,,,,,,,,,,,,,,,,,,,,,,,,,,,,,,,,,,,,,,,,,,,,,,,,,,,,,,,,,,,,,,,,,,,,,,,,,,,,,,,,,,,,,,,,,
Hedge Funds,AcenciA Debt Strategies,Ordinary Share,31/01/2007,B0Q73G1,,,,,,,,,,,,,,,,,,,,,,,,,,,,,,,,,,,,,,,,,,,,,,,,,,,,,,,,,,,,,,,,,,,,,,,,,,,,,,,,,,,,,,,,,,,,
Hedge Funds,Alternative Investment Strategies,Ordinary Share,31/01/2007,B06GDT1,,,,,,,,,,,,,,,,,,,,,,,,,,,,,,,,,,,,,,,,,,,,,,,,,,,,,,,,,,,,,,,,,,,,,,,,,,,,,,,,,,,,,,,,,,,,
Hedge Funds,Invesco Perpetual Select Hedge Fund,Ordinary Share,31/01/2007,B1DQ669,20276135,0,0,0,0,0,0,0,0,99.5,0,,,19587501,0,0,0,N/A,0,100,0,,N,20276135,103.52,,,,,,,,,,103.52,,,,,,,,,,0,0,100,0,0,0,0,0,0,0,0,0,0,0,0,0,0,0,0,0,0,0,0,0,0,0,0,,0,0,0,0,0,0,0,,,,,,,,,,,,,
Hedge Funds,KGR Absolute Return,Redeemable Preference Shr,31/01/2007,B0MSVZ3,,,,,,,,,,,,,,,,,,,,,,,,,,,,,,,,,,,,,,,,,,,,,,,,,,,,,,,,,,,,,,,,,,,,,,,,,,,,,,,,,,,,,,,,,,,,
Hedge Funds,Tapestry,Ordinary Share,31/01/2007,B063C84,,,,,,,,,,,,,,,,,,,,,,,,,,,,,,,,,,,,,,,,,,,,,,,,,,,,,,,,,,,,,,,,,,,,,,,,,,,,,,,,,,,,,,,,,,,,
Category,Fund,Share,Date,SEDOL,TotalAssets,PC Total Par,PC Total Fair,PC Debt Par,PC Debt Fair,PC Equity,Convertibles Par,Convertibles Fair,PC Gearing,Price,CurrYrRev,Res (splits only),Res% (splits only),NumberShares,SharesIssued,SharesPurch,TryShares,SellbelowNAV,Cash,Gearing,Unlisted,PermLoss,Perffee,ShHolder Funds for share,PCNCWNE,   PCNCWE,   PCCWNE,   PCCWE,   PCCWETS,PCNCWNEcum,PCNCWEcum,PCCWNEcum,PCCWEcum,PCCWETScum,FCNCWNE,   FCNCWE,   FCCWNE,   FCCWE,   FCCWETS,FCNCWNEcum,FCNCWEcum,FCCWNEcum,FCCWEcum,FCCWETScum,PFY,CFI,UK ,Cont. Europe,North America,Japan ,Pacific ,Other ,Cash/Non Japan FI,Japan Bonds,UK Equities,Japan 1 section,Japan 2 section,Jap OTC/ Region,TA Yen Exposure,UK ,Cont. Europe,North America,Japan ,Pacific ,Other ,UK ,Cont. Europe,North America,Japan ,Pacific ,Other ,Flags,,,,,,,,AIC Cat 2,Name,in issue,Perf NAV,Pub NAV,Gearing,Name,in issue,NAV Par,NAV Fair,Gearing,FootNote,Note
Japan,Baillie Gifford Japan,Ordinary Share,31/01/2007,48583,171469215,25763716,25575232,25763716,25575232,0,0,0,25763716,234,0,,,61935000,0,0,0,N/A,4,118,,,N,145705499,235.26,,,,,,,,,,235.56,,,,,,,,,,1,4,0,0,0,96,0,0,4,0,0,92,0,4,100,0,0,0,0,0,0,0,0,0,0,0,0,,0,0,0,0,0,0,0,,,,,,,,,,,,,"Short term loans (within 1 year) - Par value.

Long term loans - Yield of government bond with a similar duration + appropriate spread."
Japan,JPMorgan Japanese,Ordinary Share,31/01/2007,174002,577632257,72609909,72609909,72609909,72609909,0,0,0,72609909,249.75,0,,,185489919,0,0,0,N/A,0,114,,,N,505022348,272.26,,,,,,,,,,272.26,,,,,,,,,,1.16,0,0,0,0,100,0,0,0,0,0,85,0,15,100,0,0,0,0,0,0,0,0,0,0,0,0,,0,0,0,0,0,0,0,,,,,,,,,,,,,
Japan,Melchior Japan,Ordinary Share,31/01/2007,B104VL6,63037706,0,0,0,0,0,0,0,0,71.5,-37000,,,87256552,0,0,0,N/A,1,100,,Y,,63037706,,,,,,72.2,,,,,,,,,,72.2,,,,,0,1,0,0,0,99,0,0,0,0,0,0,0,0,0,2,0,0,98,0,0,2,0,0,98,0,0,/,0,0,0,0,0,0,0,,,,,,,,,,,,,
Japan,Perpetual Japanese,Ordinary Share,31/01/2007,682958,58485510,645708,645708,645708,645708,0,0,0,645708,57.75,0,,,92165331,0,0,0,N/A,0,101,0,,Y,57839802,62.76,,,,,,,,,,62.76,,,,,,,,,,1.5,0,0,0,0,100,0,0,0,0,0,100,0,0,100,0,0,0,0,0,0,0,0,0,0,0,0,,0,0,0,0,0,0,0,,,,,,,,,,,,,FV of overdraft considered to be not materially different to Par
Japan,Schroder Japan Growth,Ordinary Share,31/01/2007,802284,162012223,23440756,23440756,23440756,23440756,0,0,0,23440756,103.5,0,,,125008200,0,0,0,N/A,1,117,,,N,138571467,110.85,,,,,,,,,,110.85,,,,,,,,,,1.18,1,0,0,0,99,0,0,1,0,0,99,0,0,100,0,0,0,100,0,0,0,0,0,100,0,0,,0,0,0,0,0,0,0,,,,,,,,,,,,,Fair and Par are not materially different
Category,Fund,Share,Date,SEDOL,TotalAssets,PC Total Par,PC Total Fair,PC Debt Par,PC Debt Fair,PC Equity,Convertibles Par,Convertibles Fair,PC Gearing,Price,CurrYrRev,Res (splits only),Res% (splits only),NumberShares,SharesIssued,SharesPurch,TryShares,SellbelowNAV,Cash,Gearing,Unlisted,PermLoss,Perffee,ShHolder Funds for share,PCNCWNE,   PCNCWE,   PCCWNE,   PCCWE,   PCCWETS,PCNCWNEcum,PCNCWEcum,PCCWNEcum,PCCWEcum,PCCWETScum,FCNCWNE,   FCNCWE,   FCCWNE,   FCCWE,   FCCWETS,FCNCWNEcum,FCNCWEcum,FCCWNEcum,FCCWEcum,FCCWETScum,PFY,CFI,UK ,Cont. Europe,North America,Japan ,Pacific ,Other ,Cash/Non Japan FI,Japan Bonds,UK Equities,Japan 1 section,Japan 2 section,Jap OTC/ Region,TA Yen Exposure,UK ,Cont. Europe,North America,Japan ,Pacific ,Other ,UK ,Cont. Europe,North America,Japan ,Pacific ,Other ,Flags,,,,,,,,AIC Cat 2,Name,in issue,Perf NAV,Pub NAV,Gearing,Name,in issue,NAV Par,NAV Fair,Gearing,FootNote,Note
Japanese Smaller Companies,Atlantis Japan Growth,Ordinary Share,31/01/2007,62356,,,,,,,,,,,,,,,,,,,,,,,,,,,,,,,,,,,,,,,,,,,,,,,,,,,,,,,,,,,,,,,,,,,,,,,,,,,,,,,,,,,,,,,,,,,,
Japanese Smaller Companies,Baillie Gifford Shin Nippon,Ordinary Share,31/01/2007,70627,77689577,12248318,12249360,12248318,12249360,0,0,0,12248318,205,0,,,30600497,0,0,0,N/A,1,119,,,N,65441259,213.86,,,,,,,,,,213.85,,,,,,,,,,1.2,1,0,0,0,99,0,0,1,0,0,60,12,27,100,0,0,0,0,0,0,0,0,0,0,0,0,,0,0,0,0,0,0,0,,,,,,,,,,,,,"Short term loans (within 1 year) - Par value.

Long term loans - Yield of government bond with a similar duration + appropriate spread."
Japanese Smaller Companies,Fidelity Japanese Values,Ordinary Share,31/01/2007,332855,91689762,13392204,13511308,13392204,13511308,0,0,0,13392204,76.25,-142289,,,98207453,0,0,0,N/A,1,117,,Y,N,78297558,,,,,,79.58,,,,,,,,,,79.46,,,,,0,1,0,0,0,99,0,0,1,0,0,77,6,16,100,0,0,0,0,0,0,0,0,0,0,0,0,/,0,0,0,0,0,0,0,,,,,,,,,,,,,The fair value has been calculated by discounting future cash flows to current Japanese Yen interest rates.,
Japanese Smaller Companies,INVESCO Japan Discovery,Ordinary Share,31/01/2007,453110,30432032,0,0,0,0,0,0,0,0,95.25,0,,,29009915,0,0,0,N/A,1,100,0,,N,30432032,104.9,,,,,,,,,,104.9,,,,,,,,,,0.9,1,0,0,0,99,0,0,1,0,0,54,7,38,100,0,0,0,0,0,0,0,0,0,0,0,0,,0,0,0,0,0,0,0,,,,,,,,,,,,,,
Japanese Smaller Companies,JPMorgan Fleming Japanese Smaller Cos,Ordinary Share,31/01/2007,316581,126478282,16894239,16894239,16894239,16894239,0,0,0,16894239,271.75,-821501,,,39409423,0,0,0,N/A,4,115,,Y,N,109584043,,,,,,275.98,,,,,,,,,,275.98,,,,,0.79,4,0,0,0,96,0,0,4,0,0,75,6,15,100,0,0,0,0,0,0,0,0,0,0,0,0,,0,0,0,0,0,0,0,,,,,,,,,,,,,,
Japanese Smaller Companies,Prospect Japan Fund,Ordinary Share,31/01/2007,B011QL4,,,,,,,,,,,,,,,,,,,,,,,,,,,,,,,,,,,,,,,,,,,,,,,,,,,,,,,,,,,,,,,,,,,,,,,,,,,,,,,,,,,,,,,,,,,,,
Category,Fund,Share,Date,SEDOL,TotalAssets,PC Total Par,PC Total Fair,PC Debt Par,PC Debt Fair,PC Equity,Convertibles Par,Convertibles Fair,PC Gearing,Price,CurrYrRev,Res (splits only),Res% (splits only),NumberShares,SharesIssued,SharesPurch,TryShares,SellbelowNAV,Cash,Gearing,Unlisted,PermLoss,Perffee,ShHolder Funds for share,PCNCWNE,   PCNCWE,   PCCWNE,   PCCWE,   PCCWETS,PCNCWNEcum,PCNCWEcum,PCCWNEcum,PCCWEcum,PCCWETScum,FCNCWNE,   FCNCWE,   FCCWNE,   FCCWE,   FCCWETS,FCNCWNEcum,FCNCWEcum,FCCWNEcum,FCCWEcum,FCCWETScum,PFY,CFI,Argen tina,Brazil ,Chile ,Colum bia,Mexico ,Other , , , , , , , ,Argen tina,Brazil ,Chile ,Colum bia,Mexico ,Other ,Argen tina,Brazil ,Chile ,Colum bia,Mexico ,Other ,Flags,,,,,,,,AIC Cat 2,Name,in issue,Perf NAV,Pub NAV,Gearing,Name,in issue,NAV Par,NAV Fair,Gearing,FootNote,Note,
Latin America,Merrill Lynch Latin American,Ordinary Share,31/01/2007,505840,193153000,13000,13000,13000,13000,0,0,0,13000,390,2314663,,,47789753,0,0,0,N/A,-1,100,0,,N,193140000,404.15,,,,,408.99,,,,,404.15,,,,,408.99,,,,,0,-1,3,62,6,1,28,1,0,0,0,0,0,0,0,0,0,0,0,0,0,0,0,0,0,0,0,/,0,0,0,0,0,0,0,,,,,,,,,,,,,Calculated based on the exchange rates on the NAV date.,
Category,Fund,Share,Date,SEDOL,TotalAssets,PC Total Par,PC Total Fair,PC Debt Par,PC Debt Fair,PC Equity,Convertibles Par,Convertibles Fair,PC Gearing,Price,CurrYrRev,Res (splits only),Res% (splits only),NumberShares,SharesIssued,SharesPurch,TryShares,SellbelowNAV,Cash,Gearing,Unlisted,PermLoss,Perffee,ShHolder Funds for share,PCNCWNE,   PCNCWE,   PCCWNE,   PCCWE,   PCCWETS,PCNCWNEcum,PCNCWEcum,PCCWNEcum,PCCWEcum,PCCWETScum,FCNCWNE,   FCNCWE,   FCCWNE,   FCCWE,   FCCWETS,FCNCWNEcum,FCNCWEcum,FCCWNEcum,FCCWEcum,FCCWETScum,PFY,CFI,UK ,United States,Canada ,Mexico ,North America,Other ,Cash/Non US FI,US Bonds,UK Equities,S&P 500 ,Other US Equities,Other Equities,TA $ Exposure,UK ,United States,Canada ,Mexico ,North America,Other ,UK ,United States,Canada ,Mexico ,North America,Other ,Flags,,,,,,,,AIC Cat 2,Name,in issue,Perf NAV,Pub NAV,Gearing,Name,in issue,NAV Par,NAV Fair,Gearing,FootNote,Note,
North America,Edinburgh US Tracker,Ordinary Share,31/01/2007,29362,443270905,0,0,0,0,0,0,0,0,586.5,5139000,0,,72536242,0,204000,0,N/A,0,100,,,N,443270905,611.1,,,,,618.19,,,,,611.1,,,,,618.19,,,,,0,0,0,100,0,0,0,0,0,0,0,100,0,0,100,0,0,0,0,0,0,0,0,0,0,0,0,/,0,0,0,0,0,0,0,,,,,,,,,,,,,,"05/01/07 ú0.21M
10/01/07 ú0.15M
16/01/07 ú0.34M
17/01/07 ú0.17M
29/01/07 0.21M
31/01/07 0.13M"
North America,JPMorgan American,Ordinary Share,31/01/2007,846505,363401635,49666189,53795070,49666189,53795070,0,0,0,49666189,657.5,0,,,43279449,0,0,0,N/A,12,116,,,Y,313735446,724.91,,,,,,,,,,715.37,,,,,,,,,,1.86,12,0,88,0,0,0,0,12,0,0,76,12,0,100,0,100,0,0,0,0,0,0,0,0,0,0,,0,0,0,0,0,0,0,,,,,,,,,,,,,Debentures have been revalued using an estimated fair market spread over the relevant gilt; Interest rate sawaps and fixed rate loans have been revalued using mark to market estimates provided by a counterparty or other relevant source.,
Category,Fund,Share,Date,SEDOL,TotalAssets,PC Total Par,PC Total Fair,PC Debt Par,PC Debt Fair,PC Equity,Convertibles Par,Convertibles Fair,PC Gearing,Price,CurrYrRev,Res (splits only),Res% (splits only),NumberShares,SharesIssued,SharesPurch,TryShares,SellbelowNAV,Cash,Gearing,Unlisted,PermLoss,Perffee,ShHolder Funds for share,PCNCWNE,   PCNCWE,   PCCWNE,   PCCWE,   PCCWETS,PCNCWNEcum,PCNCWEcum,PCCWNEcum,PCCWEcum,PCCWETScum,FCNCWNE,   FCNCWE,   FCCWNE,   FCCWE,   FCCWETS,FCNCWNEcum,FCNCWEcum,FCCWNEcum,FCCWEcum,FCCWETScum,PFY,CFI,UK ,United States,Canada ,Mexico ,North America,Other ,Cash/Non US FI,US Bonds,UK Equities,S&P 500 ,Other US Equities,Other Equities,TA $ Exposure,UK ,United States,Canada ,Mexico ,North America,Other ,UK ,United States,Canada ,Mexico ,North America,Other ,Flags,,,,,,,,AIC Cat 2,Name,in issue,Perf NAV,Pub NAV,Gearing,Name,in issue,NAV Par,NAV Fair,Gearing,FootNote,Note,
North American Smaller Companies,F&C US Smaller Companies,Ordinary Share,31/01/2007,346340,73361858,0,0,0,0,0,0,0,0,287.75,78980,,,22507585,0,0,0,N/A,3,100,,,Y,73361858,325.94,,,,,326.29,,,,,325.94,,,,,326.29,,,,,1.4,3,0,97,0,0,0,0,3,0,0,0,97,0,100,0,100,0,0,0,0,0,100,0,0,0,0,,0,0,0,0,0,0,0,,,,,,,,,,,,,,
North American Smaller Companies,JPMorgan US Discovery,Ordinary Share,31/01/2007,341710,107089857,11328392,11328392,11328392,11328392,0,0,0,11328392,805.5,-884851,,,10159480,0,0,0,N/A,0,112,,Y,Y,95761465,,,,,,933.87,,,,,,,,,,933.87,,,,,0.3,0,0,100,0,0,0,0,0,0,0,0,100,0,100,0,0,0,0,0,0,0,0,0,0,0,0,,0,0,0,0,0,0,0,,,,,,,,,,,,,,
North American Smaller Companies,North Atlantic Smaller Companies,Ordinary Share,31/01/2007,643900,243783559,2070478,2070478,2070478,2070478,0,285555,65534953,2356033,1153,0,,,13780945,0,0,0,N/A,22,101,35,,Y,241713081,1751.89,1680.71,1240.06,1214.37,,,,,,,1278.42,1240.16,1240.06,1214.37,,,,,,,0,22,55,23,0,0,0,0,22,0,55,0,23,0,30,50,32,18,0,0,0,66,30,4,0,0,0,/zA,0,0,0,0,0,0,0,,,,,,,,,,,,,"Fair value has been estimated using a discounted cash flow model utilising the rate of interest which would be paid if debt with the same terms and conditions were taken out today.  The CULS have been valued using the month
end market value.",
North American Smaller Companies,Renaissance US Growth,Ordinary Share,31/01/2007,732518,62661009,0,0,0,0,0,0,0,0,288.5,-280511,,,19332008,0,0,0,N/A,19,100,,,Y,62661009,324.13,,,,,322.68,,,,,324.13,,,,,322.68,,,,,0,19,0,78,3,0,0,0,19,0,0,0,78,3,97,8,92,0,0,0,0,0,97,3,0,0,0,,0,0,0,0,0,0,0,,,,,,,,,,,,,,
Category,Fund,Share,Date,SEDOL,TotalAssets,PC Total Par,PC Total Fair,PC Debt Par,PC Debt Fair,PC Equity,Convertibles Par,Convertibles Fair,PC Gearing,Price,CurrYrRev,Res (splits only),Res% (splits only),NumberShares,SharesIssued,SharesPurch,TryShares,SellbelowNAV,Cash,Gearing,Unlisted,PermLoss,Perffee,ShHolder Funds for share,PCNCWNE,   PCNCWE,   PCCWNE,   PCCWE,   PCCWETS,PCNCWNEcum,PCNCWEcum,PCCWNEcum,PCCWEcum,PCCWETScum,FCNCWNE,   FCNCWE,   FCCWNE,   FCCWE,   FCCWETS,FCNCWNEcum,FCNCWEcum,FCCWNEcum,FCCWEcum,FCCWETScum,PFY,CFI,UK ,Cont. Europe,North America,Japan ,Other Pacific,Other , , , , , , , ,UK ,Cont. Europe,North America,Japan ,Other Pacific,Other ,UK ,Cont. Europe,North America,Japan ,Other Pacific,Other ,Flags,,,,,,,,AIC Cat 2,Name,in issue,Perf NAV,Pub NAV,Gearing,Name,in issue,NAV Par,NAV Fair,Gearing,FootNote,Note,
Overseas Growth,Edinburgh Worldwide,Ordinary Share,31/01/2007,291633,152348808,25311435,25781027,25311435,25781027,0,0,0,25311435,236.75,0,,,49004319,0,0,0,N/A,5,120,,,Y,127037373,259.24,,,,,,,,,,258.28,,,,,,,,,,1.4,5,2,25,33,5,5,25,0,0,0,0,0,0,0,0,0,0,0,0,0,0,0,0,0,0,0,,0,0,0,0,0,0,0,,,,,,,,,,,,,"Short term loans (within 1 year) - Par value.

Long term loans - Yield of government bond with a similar duration + appropriate spread.",
Overseas Growth,JPMorgan Overseas,Ordinary Share,31/01/2007,914327,215855862,200000,151373,200000,151373,0,0,0,200000,620,1841648,,,32854448,0,453000,0,N/A,1,100,,,Y,215655862,656.4,,,,,662,,,,,656.55,,,,,662.15,,,,,1.87,1,6,33,38,11,3,8,0,0,0,0,0,0,0,0,0,0,0,0,0,0,0,0,0,0,0,,0,0,0,0,0,0,0,,,,,,,,,,,,,Debentures have been revalued using an estimated fair market spread over the relevant gilt; Interest rate swaps and fixed rate loans have been revalued using mark to market estimates provided by a counterparty or other relevant source.
Overseas Growth,Mid Wynd International,Ordinary Share,31/01/2007,589383,48875612,1532645,1532645,1532645,1532645,0,0,0,1532645,800.5,0,,,5027766,0,0,0,N/A,4,103,,,N,47342967,941.63,,,,,,,,,,941.63,,,,,,,,,,2.2,4,20,30,25,9,9,3,0,0,0,0,0,0,0,0,0,0,0,0,0,0,0,0,0,0,0,,0,0,0,0,0,0,0,,,,,,,,,,,,,"Short term loans (within 1 year) - Par value.

Long term loans - Yield of government bond with a similar duration + appropriate spread."
Category,Fund,Share,Date,SEDOL,TotalAssets,PC Total Par,PC Total Fair,PC Debt Par,PC Debt Fair,PC Equity,Convertibles Par,Convertibles Fair,PC Gearing,Price,CurrYrRev,Res (splits only),Res% (splits only),NumberShares,SharesIssued,SharesPurch,TryShares,SellbelowNAV,Cash,Gearing,Unlisted,PermLoss,Perffee,ShHolder Funds for share,PCNCWNE,   PCNCWE,   PCCWNE,   PCCWE,   PCCWETS,PCNCWNEcum,PCNCWEcum,PCCWNEcum,PCCWEcum,PCCWETScum,FCNCWNE,   FCNCWE,   FCCWNE,   FCCWE,   FCCWETS,FCNCWNEcum,FCNCWEcum,FCCWNEcum,FCCWEcum,FCCWETScum,PFY,CFI,UK ,Cont. Europe,North America,Japan ,Other Pacific,Other ,Cash & Fixed Int.,UK listed,UK unlisted,Cont.Eur listed,Cont.Eur unlisted,US listed,US unlisted,UK ,Cont. Europe,North America,Japan ,Other Pacific,Other ,UK ,Cont. Europe,North America,Japan ,Other Pacific,Other ,Flags,,,,,,,,AIC Cat 2,Name,in issue,Perf NAV,Pub NAV,Gearing,Name,in issue,NAV Par,NAV Fair,Gearing,FootNote,Note
Private Equity,August Equity,Ordinary Share,31/01/2007,3095531,,,,,,,,,,,,,,,,,,,,,,,,,,,,,,,,,,,,,,,,,,,,,,,,,,,,,,,,,,,,,,,,,,,,,,,,,,,,,,,,,,,,,,,,,,,,
Private Equity,Candover,Ordinary Share,31/01/2007,171315,,,,,,,,,,,,,,,,,,,,,,,,,,,,,,,,,,,,,,,,,,,,,,,,,,,,,,,,,,,,,,,,,,,,,,,,,,,,,,,,,,,,,,,,,,,,
Private Equity,Dunedin Enterprise,Ordinary Share,31/01/2007,577656,,,,,,,,,,,,,,,,,,,,,,,,,,,,,,,,,,,,,,,,,,,,,,,,,,,,,,,,,,,,,,,,,,,,,,,,,,,,,,,,,,,,,,,,,,,,
Private Equity,F&C Private Equity A,Ordinary Share,31/01/2007,3073816,,,,,,,,,,,,,,,,,,,,,,,,,,,,,,,,,,,,,,,,,,,,,,,,,,,,,,,,,,,,,,,,,,,,,,,,,,,,,,,,,,,,,,,,,,,,
Private Equity,F&C Private Equity B,Ordinary Share,31/01/2007,3073827,,,,,,,,,,,,,,,,,,,,,,,,,,,,,,,,,,,,,,,,,,,,,,,,,,,,,,,,,,,,,,,,,,,,,,,,,,,,,,,,,,,,,,,,,,,,
Private Equity,Graphite Enterprise,Ordinary Share,31/01/2007,329200,,,,,,,,,,,,,,,,,,,,,,,,,,,,,,,,,,,,,,,,,,,,,,,,,,,,,,,,,,,,,,,,,,,,,,,,,,,,,,,,,,,,,,,,,,,,
Private Equity,Mithras,Ordinary Share,31/01/2007,596286,,,,,,,,,,,,,,,,,,,,,,,,,,,,,,,,,,,,,,,,,,,,,,,,,,,,,,,,,,,,,,,,,,,,,,,,,,,,,,,,,,,,,,,,,,,,
Private Equity,Northern Investors,Ordinary Share,31/01/2007,B08S4K3,,,,,,,,,,,,,,,,,,,,,,,,,,,,,,,,,,,,,,,,,,,,,,,,,,,,,,,,,,,,,,,,,,,,,,,,,,,,,,,,,,,,,,,,,,,,
Private Equity,Pantheon International Participations,Ordinary Share,31/01/2007,414850,,,,,,,,,,,,,,,,,,,,,,,,,,,,,,,,,,,,,,,,,,,,,,,,,,,,,,,,,,,,,,,,,,,,,,,,,,,,,,,,,,,,,,,,,,,,
Private Equity,Prelude Trust,Ordinary Share,31/01/2007,699248,,,,,,,,,,,,,,,,,,,,,,,,,,,,,,,,,,,,,,,,,,,,,,,,,,,,,,,,,,,,,,,,,,,,,,,,,,,,,,,,,,,,,,,,,,,,
Private Equity,Private Equity Investor,Ordinary Share,31/01/2007,50403,82407813,0,0,0,0,0,0,0,0,169,379036,,,50000000,0,0,0,N/A,38,100,62,,N,82407813,164.82,,,,,165.57,,,,,164.82,,,,,165.57,,,,,0,38,0,0,62,0,0,0,0,0,0,0,0,0,0,0,0,100,0,0,0,0,0,0,0,0,0,,0,0,0,0,0,0,0,,,,,,,,,,,,,
Private Equity,Rutland Trust,Ordinary Share,31/01/2007,486912,,,,,,,,,,,,,,,,,,,,,,,,,,,,,,,,,,,,,,,,,,,,,,,,,,,,,,,,,,,,,,,,,,,,,,,,,,,,,,,,,,,,,,,,,,,,
Private Equity,SVG Capital,Ordinary Share,31/01/2007,789235,,,,,,,,,,,,,,,,,,,,,,,,,,,,,,,,,,,,,,,,,,,,,,,,,,,,,,,,,,,,,,,,,,,,,,,,,,,,,,,,,,,,,,,,,,,,
Private Equity,Standard Life European Private Equity,Ordinary Share,31/01/2007,3047468,,,,,,,,,,,,,,,,,,,,,,,,,,,,,,,,,,,,,,,,,,,,,,,,,,,,,,,,,,,,,,,,,,,,,,,,,,,,,,,,,,,,,,,,,,,,
Category,Fund,Share,Date,SEDOL,TotalAssets,PC Total Par,PC Total Fair,PC Debt Par,PC Debt Fair,PC Equity,Convertibles Par,Convertibles Fair,PC Gearing,Price,CurrYrRev,Res (splits only),Res% (splits only),NumberShares,SharesIssued,SharesPurch,TryShares,SellbelowNAV,Cash,Gearing,Unlisted,PermLoss,Perffee,ShHolder Funds for share,PCNCWNE,   PCNCWE,   PCCWNE,   PCCWE,   PCCWETS,PCNCWNEcum,PCNCWEcum,PCCWNEcum,PCCWEcum,PCCWETScum,FCNCWNE,   FCNCWE,   FCCWNE,   FCCWE,   FCCWETS,FCNCWNEcum,FCNCWEcum,FCCWNEcum,FCCWEcum,FCCWETScum,PFY,CFI,UK ,Cont. Europe,North America,Japan ,Other Pacific,Other , , , , , , , ,UK ,Cont. Europe,North America,Japan ,Other Pacific,Other ,UK ,Cont. Europe,North America,Japan ,Other Pacific,Other ,Flags,,,,,,,,AIC Cat 2,Name,in issue,Perf NAV,Pub NAV,Gearing,Name,in issue,NAV Par,NAV Fair,Gearing,FootNote,Note
Property,F&C Commercial Property,Ordinary Share,31/01/2007,B05KL90,,,,,,,,,,,,,,,,,,,,,,,,,,,,,,,,,,,,,,,,,,,,,,,,,,,,,,,,,,,,,,,,,,,,,,,,,,,,,,,,,,,,,,,,,,,,
Property,Henderson Global Property Companies,Ordinary Share,31/01/2007,B17MXW8,52374918,8988382,8988382,8988382,8988382,0,0,0,8988382,113.75,0,,,37500000,0,0,0,N/A,0,121,,,Y,43386536,115.7,,,,,,,,,,115.7,,,,,,,,,,0,0,0,44,24,0,11,21,0,0,0,0,0,0,0,0,0,0,0,0,0,0,0,0,0,0,0,,0,0,0,0,0,0,0,,,,,,,,,,,,,
Property,ING UK Real Estate Income,Ordinary Share,31/01/2007,B0LCW20,,,,,,,,,,,,,,,,,,,,,,,,,,,,,,,,,,,,,,,,,,,,,,,,,,,,,,,,,,,,,,,,,,,,,,,,,,,,,,,,,,,,,,,,,,,,
Property,Invista Foundation Property,Ordinary Share,31/01/2007,B01HM14,,,,,,,,,,,,,,,,,,,,,,,,,,,,,,,,,,,,,,,,,,,,,,,,,,,,,,,,,,,,,,,,,,,,,,,,,,,,,,,,,,,,,,,,,,,,
Property,Standard Life Investments Property Income,Ordinary Share,31/01/2007,3387528,,,,,,,,,,,,,,,,,,,,,,,,,,,,,,,,,,,,,,,,,,,,,,,,,,,,,,,,,,,,,,,,,,,,,,,,,,,,,,,,,,,,,,,,,,,,
Property,TR Property,Ordinary Share,31/01/2007,906409,1059130000,118339233,125254996,118339233,125254996,0,0,0,118339233,246.5,6907210,,,343850000,0,0,0,N/A,-1,113,,,Y,940790767,273.6,,,,,275.61,,,,,271.59,,,,,273.6,,,,,0,-1,63,38,0,0,0,0,0,0,0,0,0,0,0,0,0,0,0,0,0,0,0,0,0,0,0,,0,0,0,0,0,0,0,,,,,,,,,,,,,"11.5% Deb = ú15m*138.225 (per daily official list)
8.125% Deb = ú10m*103.996(per daily official list)
8.125% Deb = ú15m*103.996(per daily official list)

"
Property,Vinaland,Ordinary Share,31/01/2007,B0WHX65,,,,,,,,,,,,,,,,,,,,,,,,,,,,,,,,,,,,,,,,,,,,,,,,,,,,,,,,,,,,,,,,,,,,,,,,,,,,,,,,,,,,,,,,,,,,
Category,Fund,Share,Date,SEDOL,TotalAssets,PC Total Par,PC Total Fair,PC Debt Par,PC Debt Fair,PC Equity,Convertibles Par,Convertibles Fair,PC Gearing,Price,CurrYrRev,Res (splits only),Res% (splits only),NumberShares,SharesIssued,SharesPurch,TryShares,SellbelowNAV,Cash,Gearing,Unlisted,PermLoss,Perffee,ShHolder Funds for share,PCNCWNE,   PCNCWE,   PCCWNE,   PCCWE,   PCCWETS,PCNCWNEcum,PCNCWEcum,PCCWNEcum,PCCWEcum,PCCWETScum,FCNCWNE,   FCNCWE,   FCCWNE,   FCCWE,   FCCWETS,FCNCWNEcum,FCNCWEcum,FCCWNEcum,FCCWEcum,FCCWETScum,PFY,CFI,UK ,Cont. Europe,North America,Japan ,Other Pacific,Other , , , , , , , ,UK ,Cont. Europe,North America,Japan ,Other Pacific,Other ,UK ,Cont. Europe,North America,Japan ,Other Pacific,Other ,Flags,,,,,,,,AIC Cat 2,Name,in issue,Perf NAV,Pub NAV,Gearing,Name,in issue,NAV Par,NAV Fair,Gearing,FootNote,Note
"Sector Specialist: Small Media, Comms & IT Cos",Herald,Ordinary Share,31/01/2007,422864,401165064,20000000,20000000,20000000,20000000,0,0,0,20000000,392.5,0,,,87556010,0,0,0,N/A,3,105,,,N,381165064,435.34,,,,,,,,,,435.34,,,,,,,,,,1.2,3,67,6,16,0,8,0,0,0,0,0,0,0,0,0,0,0,0,0,0,0,0,0,0,0,0,,0,0,0,0,0,0,0,,,,,,,,,,,,,
Category,Fund,Share,Date,SEDOL,TotalAssets,PC Total Par,PC Total Fair,PC Debt Par,PC Debt Fair,PC Equity,Convertibles Par,Convertibles Fair,PC Gearing,Price,CurrYrRev,Res (splits only),Res% (splits only),NumberShares,SharesIssued,SharesPurch,TryShares,SellbelowNAV,Cash,Gearing,Unlisted,PermLoss,Perffee,ShHolder Funds for share,PCNCWNE,   PCNCWE,   PCCWNE,   PCCWE,   PCCWETS,PCNCWNEcum,PCNCWEcum,PCCWNEcum,PCCWEcum,PCCWETScum,FCNCWNE,   FCNCWE,   FCCWNE,   FCCWE,   FCCWETS,FCNCWNEcum,FCNCWEcum,FCCWNEcum,FCCWEcum,FCCWETScum,PFY,CFI,UK ,Cont. Europe,North America,Japan ,Other Pacific,Other ,Cash/ cash equiv,Bonds ,UK Equity x IC,Int. Equities,SC Inc Shares,SC Ord Inc Shares,Other SC & ICs,UK ,Cont. Europe,North America,Japan ,Other Pacific,Other ,UK ,Cont. Europe,North America,Japan ,Other Pacific,Other ,Flags,Cash & Fixed Int.,UK listed,UK unlisted,Cont.Eur listed,Cont.Eur unlisted,US listed,US unlisted,AIC Cat 2,Name,in issue,Perf NAV,Pub NAV,Gearing,Name,in issue,NAV Par,NAV Fair,Gearing,FootNote,Note
Split Capital Trust,Aberdeen Development Capital,ZDP 2010,31/01/2007,B08P0H3,0,0,0,0,0,0,0,0,0,103.75,0,,0,8750000,0,0,0,N/A,0,0,,,,9670973,110.53,,,,,,,,,,110.53,,,,,,,,,,0,0,0,0,0,0,0,0,0,0,0,0,0,0,0,0,0,0,0,0,0,0,0,0,0,0,0,,0,0,0,0,0,0,0,PE,,,,,,,,,,,,
Split Capital Trust,Aberdeen Development Capital,ZDP 2012,31/01/2007,B08P147,0,9670973,9670973,0,0,9670973,0,0,0,102.25,0,,0,8750000,0,0,0,N/A,0,0,,,,9670848,110.52,,,,,,,,,,110.52,,,,,,,,,,0,0,0,0,0,0,0,0,0,0,0,0,0,0,0,0,0,0,0,0,0,0,0,0,0,0,0,,0,0,0,0,0,0,0,PE,,,,,,,,,,,,
Split Capital Trust,Aberdeen Development Capital,Ordinary Income,31/01/2007,735250,30716682,19341821,19341821,0,0,19341821,0,0,19341821,21.75,-532355,1238902,0,36919225,0,0,0,N/A,18,270,99,Y,Y,11374861,,,,,,29.37,,,,,,,,,,29.37,,,,,3.57,18,82,0,0,0,0,0,18,0,82,0,0,0,0,0,0,0,0,0,0,0,0,0,0,0,0,,18,1,81,0,0,0,0,PE,Aberdeen Development (Units),0,0,0,270,,,,,,,
Split Capital Trust,Aberforth Geared Capital & Income,Income,31/01/2007,3110003,0,32896916,32896916,32896916,32896916,0,0,0,0,119.5,45993,,100,24500000,0,0,0,N/A,0,0,,,,19924450,81.32,,,,,81.51,,,,,81.32,,,,,81.51,,,,,0,0,0,0,0,0,0,0,0,0,0,0,0,0,0,0,0,0,0,0,0,0,0,0,0,0,0,,0,0,0,0,0,0,0,USC,,,,,,,,,,,,
Split Capital Trust,Aberforth Geared Capital & Income,Capital,31/01/2007,3110014,135878583,52821366,52821366,32896916,32896916,19924450,0,0,52821366,581,0,917196,0,10500000,0,0,0,N/A,-2,164,0,,N,83057217,791.02,,,,,,,,,,791.02,,,,,,,,,,2.79,-2,102,0,0,0,0,0,-2,0,102,0,0,0,0,100,0,0,0,0,0,100,0,0,0,0,0,d,-2,0,43,55,4,0,0,USC,,,,,,,,,,,"Dividend of 5.9p per Income Share, ex-d on 31/1/07, record 2/2/07 and payable on 22/2/07",Fair value and Par value are not materially different,
Split Capital Trust,Ecofin Water & Power Opportunities,Income,31/01/2007,3132632,0,143700225,143700225,143700225,143700225,0,0,0,0,109.25,1426623,0,0,32423253,0,0,0,N/A,0,0,,,,28432403,87.69,,,,,92.09,,,,,87.69,,,,,92.09,,,,,0,0,0,0,0,0,0,0,0,0,0,0,0,0,0,0,0,0,0,0,0,0,0,0,0,0,0,,0,0,0,0,0,0,0,SSU,,,,,,,,,,,,,
Split Capital Trust,Ecofin Water & Power Opportunities,Ordinary Income,31/01/2007,B09LK25,0,172132628,172132628,143700225,143700225,28432403,0,0,0,179.25,6864059,0,100,182552352,61250960,0,0,N/A,0,0,,,,360469960,169.02,,,,,171.9,,,,,169.02,,,,,171.9,,,,,0,0,0,0,0,0,0,0,0,0,0,0,0,0,0,0,0,0,0,0,0,0,0,0,0,0,0,,0,0,0,0,0,0,0,SSU,,,,,,,,,,,"ç
                                                                              ç
                                                                              ç
",,"On 11th January 2007 61,250,960 new shares were listed on the London Stock Exchange, at a price of 176.6620p.  Total proceeds received from the issue amounted to ú108,207,170.96."
Split Capital Trust,Ecofin Water & Power Opportunities,Capital,31/01/2007,3132643,585038208,532602588,532602588,143700225,143700225,388902363,0,0,532602588,576,0,1710914,0,19282142,0,0,0,N/A,-1,1116,,,Y,52435620,662.46,,,,,,,,,,662.46,,,,,,,,,,3.5,-1,26,47,21,2,4,1,-3,2,26,75,0,0,0,294,-166,-22,0,0,-6,23,48,22,2,4,1,,0,0,0,0,0,0,0,SSU,,,,,,,,,,,"ç
                                                                              ç
                                                                              ç
",,
Split Capital Trust,Edinburgh New Income,ZDPs,31/01/2007,B084LV1,0,0,0,0,0,0,0,0,0,115.5,0,,0,15166618,0,0,0,N/A,0,0,,,,16715193,110.21,,,,,,,,,,110.21,,,,,,,,,,0,0,0,0,0,0,0,0,0,0,0,0,0,0,0,0,0,0,0,0,0,0,0,0,0,0,0,,0,0,0,0,0,0,0,UGI,,,,,,,,,,,,,
Split Capital Trust,Edinburgh New Income,Ordinary Income,31/01/2007,B084LP5,45782804,16715193,16715193,0,0,16715193,0,0,16715193,135.5,474287,216556,100,20519056,0,0,0,N/A,8,158,,,,29067611,141.66,,,,,143.97,,,,,141.66,,,,,143.97,,,,,4,8,92,0,0,0,0,0,8,0,92,0,0,0,0,0,0,0,0,0,0,0,0,0,0,0,0,,8,56,20,16,0,0,0,UGI,Edinburgh New Income Units,0,535.2,535.19,100,,,,,,,,
Split Capital Trust,European Utilities,ZDPs,31/01/2007,476128,0,3438483,3415221,3438483,3415221,0,0,0,0,322.5,0,,0,3275000,0,0,0,N/A,0,0,,,,9758578,297.97,,,,,,,,,,297.97,,,,,,,,,,0,0,0,0,0,0,0,0,0,0,0,0,0,0,0,0,0,0,0,0,0,0,0,0,0,0,0,,0,0,0,0,0,0,0,SSU,,,,,,,,,,,,,
Split Capital Trust,European Utilities,Ordinary Income,31/01/2007,476117,38059022,13197061,13173799,3438483,3415221,9758578,0,0,13197061,243.75,149768,149768,100,9052500,0,0,0,N/A,8,153,,,N,24861961,274.64,,,,,276.3,,,,,274.9,,,,,276.55,,,,,2.47,8,28,64,0,0,0,0,8,0,28,64,0,0,0,99,1,0,0,0,0,99,1,0,0,0,0,/,0,0,0,0,0,0,0,SSU,,,,,,,,,,,,"'Fair value has been estimated using a discounted cash flow model utilising the rate of interest which would be paid if debt with the same terms and conditions were taken out today'.

",
Split Capital Trust,Framlington Income & Capital,Income,31/01/2007,633310,0,32802029,33871870,32802029,33871870,0,0,0,0,40.75,729423,,100,39134832,0,0,0,N/A,0,0,,,,12135367,31.01,,,,,32.87,,,,,31.01,,,,,32.87,,,,,0,0,0,0,0,0,0,0,0,0,0,0,0,0,0,0,0,0,0,0,0,0,0,0,0,0,0,,0,0,0,0,0,0,0,UGI,,,,,,,,,,,,,
Split Capital Trust,Framlington Income & Capital,Capital,31/01/2007,633354,116360698,44937396,46007237,32802029,33871870,12135367,0,0,44937396,264.5,0,394917,0,24830091,0,0,0,N/A,4,163,0,,N,71423302,287.65,,,,,,,,,,283.34,,,,,,,,,,3.51,4,94,2,0,0,0,0,4,0,92,2,0,0,2,0,0,0,0,0,0,0,0,0,0,0,0,,4,56,29,7,0,2,2,UGI,,,,,,,,,,,,Fair Value of Debenture at quoted market price. Fair Value of Bank Loans estimated at discounted value of future cash flows.,
Split Capital Trust,INVESCO Leveraged High Yield,Ordinary Income,31/01/2007,B05NYM3,86745636,34757561,34757561,34757561,34757561,0,0,0,34757561,109.75,0,,,48661775,0,0,0,N/A,97,167,0,,Y,51988075,106.84,,,,,,,,,,106.84,,,,,,,,,,6.1,97,1,1,1,0,0,0,9,88,0,3,0,0,0,37,50,13,0,0,0,0,0,0,0,0,0,,0,0,0,0,0,0,0,GHI,,,,,,,,,,,,FV of REPO contracts considered not materially different to PAR,
Split Capital Trust,Invesco Perpetual Recovery 2011,ZDPs,31/01/2007,B0LNNV9,0,0,0,0,0,0,0,0,0,107.25,0,,,19610250,0,0,0,N/A,0,0,,,,21039928,107.29,,,,,,,,,,107.29,,,,,,,,,,0,0,0,0,0,0,0,0,0,0,0,0,0,0,0,0,0,0,0,0,0,0,0,0,0,0,0,,0,0,0,0,0,0,0,UGI,,,,,,,,,,,,,
Split Capital Trust,Invesco Perpetual Recovery 2011,Ordinary Income,31/01/2007,B0LNMX4,44934540,21039928,21039928,0,0,21039928,0,0,21039928,133.5,0,,,16044750,0,0,0,N/A,17,188,0,,Y,23894612,148.92,,,,,,,,,,148.92,,,,,,,,,,3.9,17,83,0,0,0,0,0,15,2,83,0,0,0,0,90,10,0,0,0,0,0,0,0,0,0,0,,17,58,12,13,0,0,0,UGI,INVESCO Perp Recovery 2011 Uts,377799,2520.52,2520.47,100,,,,,,,,
Split Capital Trust,Investec High Income,ZDPs,31/01/2007,3019779,0,14600000,14600000,14600000,14600000,0,0,0,0,170,0,,0,8400000,0,0,0,N/A,0,0,,,,13736161,163.53,,,,,,,,,,163.53,,,,,,,,,,0,0,0,0,0,0,0,0,0,0,0,0,0,0,0,0,0,0,0,0,0,0,0,0,0,0,0,,0,0,0,0,0,0,0,UKH,,,,,,,,,,,,,
Split Capital Trust,Investec High Income,Ordinary Income,31/01/2007,3019746,56011078,28336161,28336161,14600000,14600000,13736161,0,0,28336161,93.5,-209093,599954,100,28000000,0,0,0,N/A,5,202,,,N,27674917,98.84,,,,,98.09,,,,,98.84,,,,,98.09,,,,,3.83,5,95,0,0,0,0,0,3,2,79,0,2,6,8,100,0,0,0,0,0,100,0,0,0,0,0,d,3,2,79,0,2,6,8,UKH,,,,,,,,,,,,The fair value is not materially different from the par value.,
Split Capital Trust,Investors Capital,ZDPs,31/01/2007,3050949,0,105000000,105099061,105000000,105099061,0,0,0,0,52,0,,0,251282051,0,0,0,N/A,0,0,,,,130975552,52.12,,,,,,,,,,52.12,,,,,,,,,,0,0,0,0,0,0,0,0,0,0,0,0,0,0,0,0,0,0,0,0,0,0,0,0,0,0,0,,0,0,0,0,0,0,0,UGI,,,,,,,,,,,,,
Split Capital Trust,Investors Capital,Income,31/01/2007,3050961,0,235975552,236074613,105000000,105099061,130975552,0,0,0,35.5,0,,100,251282051,0,0,0,N/A,0,0,,,,86686677,34.5,,,,,,,,,,34.46,,,,,,,,,,0,0,0,0,0,0,0,0,0,0,0,0,0,0,0,0,0,0,0,0,0,0,0,0,0,0,0,,0,0,0,0,0,0,0,UGI,,,,,,,,,,,,
Split Capital Trust,Investors Capital,Capital,31/01/2007,3050972,322662229,322662229,322761290,105000000,105099061,217662229,0,0,322662229,0.03,0,6266000,0,251282051,0,0,0,N/A,36,0,0,,N,0,0,,,,,,,,,,0,,,,,,,,,,4.9,36,64,0,0,0,0,0,15,21,64,0,0,0,0,85,8,7,0,0,0,100,0,0,0,0,0,,36,56,8,0,0,0,0,UGI,Investors Capital Grd Uts,251282051,34.5,34.46,372,Investors Capital Pkg Uts,251282051,86.62,86.58,148,,Fair values were calculated as supplied by lender - calculated on a marked to market basis.
Split Capital Trust,JPMorgan Income & Capital,ZDPs,31/01/2007,3073203,0,0,0,0,0,0,0,0,0,145.25,1843760,,,65085982,0,0,0,N/A,0,0,,,,92107653,141.52,,,,,144.35,,,,,141.52,,,,,144.35,,,,,0,0,0,0,0,0,0,0,0,0,0,0,0,0,0,0,0,0,0,0,0,0,0,0,0,0,0,,0,0,0,0,0,0,0,UGI,,,,,,,,,,,,
Split Capital Trust,JPMorgan Income & Capital,Ordinary Income,31/01/2007,3073184,197046510,92107653,92107653,0,0,92107653,0,0,92107653,141,1843760,,,71543900,0,0,0,N/A,13,188,,,N,104938857,146.68,,,,,149.25,,,,,146.68,,,,,149.25,,,,,3.35,13,87,0,0,0,0,0,13,0,87,0,0,0,0,24,76,0,0,0,0,0,0,0,0,0,0,,13,42,23,22,0,0,0,UGI,JPMorgan Income & Capital Uts,13869306,434.87,434.88,100,,,,,,,
Split Capital Trust,JPMorgan Income & Growth,Income,31/01/2007,B1G3N11,0,24694043,24694043,24694043,24694043,0,0,0,0,107.5,0,,,62617803,0,0,0,N/A,0,0,,,,64746808,103.4,,,,,,,,,,103.4,,,,,,,,,,0,0,0,0,0,0,0,0,0,0,0,0,0,0,0,0,0,0,0,0,0,0,0,0,0,0,0,,0,0,0,0,0,0,0,UGI,,,,,,,,,,,,
Split Capital Trust,JPMorgan Income & Growth,Capital,31/01/2007,B1G3N00,117356099,89440851,89440851,24694043,24694043,64746808,0,0,89440851,49,0,,,62617803,0,0,0,N/A,0,420,,,,27915248,44.58,,,,,,,,,,44.58,,,,,,,,,,4.29,0,99,1,0,0,0,0,0,0,99,1,0,0,0,0,0,0,0,0,0,0,0,0,0,0,0,,0,60,30,0,0,10,0,UGI,JPMorgan Income & Growth Units,19394387,147.98,147.98,127,,,,,,,
Split Capital Trust,JZ Equity Partners,ZDPs,31/01/2007,721163,,,,,,,,,,,,,,,,,,,,,,,,,,,,,,,,,,,,,,,,,,,,,,,,,,,,,,,,,,,,,,,,,,,,,,,,,,,,,,,,,,,,,,,,,,,,
Split Capital Trust,JZ Equity Partners,Ordinary Income,31/01/2007,290481,,,,,,,,,,,,,,,,,,,,,,,,,,,,,,,,,,,,,,,,,,,,,,,,,,,,,,,,,,,,,,,,,,,,,,,,,,,,,,,,,,,,,,,,,,,,
Split Capital Trust,Jupiter Second Enhanced Income,ZDPs,31/01/2007,B02WRW4,0,0,0,0,0,0,0,0,0,71.25,0,,,62822084,0,0,0,N/A,0,0,,,,43343908,68.99,,,,,,,,,,68.99,,,,,,,,,,0,0,0,0,0,0,0,0,0,0,0,0,0,0,0,0,0,0,0,0,0,0,0,0,0,0,0,,0,0,0,0,0,0,0,UGI,,,,,,,,,,,,
Split Capital Trust,Jupiter Second Enhanced Income,Ordinary Income,31/01/2007,B02WRR9,87072331,43343908,43343908,0,0,43343908,0,0,43343908,63,979134,,,62822084,0,0,0,N/A,1,199,,,Y,43728423,69.61,,,,,71.17,,,,,69.61,,,,,71.17,,,,,3.7,1,96,3,0,0,0,0,0,1,96,3,0,0,0,0,0,0,0,0,0,0,0,0,0,0,0,,0,0,0,0,0,0,0,UGI,Jupiter Second Enhanced Pkg Ut,0,138.6,138.6,100,,,,,,,
Split Capital Trust,M&G Equity,ZDPs,31/01/2007,551092,,,,,,,,,,,,,,,,,,,,,,,,,,,,,,,,,,,,,,,,,,,,,,,,,,,,,,,,,,,,,,,,,,,,,,,,,,,,,,,,,,,,,,,,,,,,
Split Capital Trust,M&G Equity,Income,31/01/2007,551199,,,,,,,,,,,,,,,,,,,,,,,,,,,,,,,,,,,,,,,,,,,,,,,,,,,,,,,,,,,,,,,,,,,,,,,,,,,,,,,,,,,,,,,,,,,,
Split Capital Trust,M&G Equity,Capital,31/01/2007,551166,,,,,,,,,,,,,,,,,,,,,,,,,,,,,,,,,,,,,,,,,,,,,,,,,,,,,,,,,,,,,,,,,,,,,,,,,,,,,,,,,,,,,,,,,,,,
Split Capital Trust,M&G High Income,ZDPs,31/01/2007,553322,,,,,,,,,,,,,,,,,,,,,,,,,,,,,,,,,,,,,,,,,,,,,,,,,,,,,,,,,,,,,,,,,,,,,,,,,,,,,,,,,,,,,,,,,,,,
Split Capital Trust,M&G High Income,Income,31/01/2007,553281,,,,,,,,,,,,,,,,,,,,,,,,,,,,,,,,,,,,,,,,,,,,,,,,,,,,,,,,,,,,,,,,,,,,,,,,,,,,,,,,,,,,,,,,,,,,
Split Capital Trust,M&G High Income,Capital,31/01/2007,553270,,,,,,,,,,,,,,,,,,,,,,,,,,,,,,,,,,,,,,,,,,,,,,,,,,,,,,,,,,,,,,,,,,,,,,,,,,,,,,,,,,,,,,,,,,,,
Split Capital Trust,M&G Recovery,ZDPs,31/01/2007,3119390,0,27935113,27977374,27935113,27977374,0,0,0,0,48.5,0,,0,194868561,0,0,0,N/A,0,0,,,,91918970,47.17,,,,,,,,,,47.17,,,,,,,,,,0,0,0,0,0,0,0,0,0,0,0,0,0,0,0,0,0,0,0,0,0,0,0,0,0,0,0,,0,0,0,0,0,0,0,UGI,,,,,,,,,,,,
Split Capital Trust,M&G Recovery,Ordinary Income,31/01/2007,3119389,204565878,119854083,119896344,27935113,27977374,91918970,0,0,119854083,34.25,2126021,1114364,100,238904266,0,0,0,N/A,22,241,,,,84711795,35.46,,,,,36.35,,,,,35.44,,,,,36.33,,,,,4.05,22,78,0,0,0,0,0,1,21,78,0,0,0,0,78,0,0,0,0,22,100,0,0,0,0,0,,22,63,14,1,0,0,0,UGI,M&G Recovery Inv Co Pkg Uts,0,118.09,118.05,116,,,,,,,
Split Capital Trust,Martin Currie Income & Growth,ZDPs,31/01/2007,567000,0,6200000,6200952,6200000,6200952,0,0,0,0,217,0,,0,33135032,0,0,0,N/A,0,0,,,,71759304,216.57,,,,,,,,,,216.57,,,,,,,,,,0,0,0,0,0,0,0,0,0,0,0,0,0,0,0,0,0,0,0,0,0,0,0,0,0,0,0,,0,0,0,0,0,0,0,UGI,,,,,,,,,,,,
Split Capital Trust,Martin Currie Income & Growth,Income,31/01/2007,568724,0,77959304,77960256,6200000,6200952,71759304,0,0,0,97.25,728622,,100,37276911,0,0,0,N/A,0,0,,,,37438330,100.43,,,,,102.39,,,,,100.43,,,,,102.39,,,,,0,0,0,0,0,0,0,0,0,0,0,0,0,0,0,0,0,0,0,0,0,0,0,0,0,0,0,,0,0,0,0,0,0,0,UGI,,,,,,,,,,,,
Split Capital Trust,Martin Currie Income & Growth,Capital,31/01/2007,568809,117080243,115397634,115398586,6200000,6200952,109197634,0,0,115397634,28,0,801814,0,12425637,0,0,0,N/A,1,6958,0,,N,1682609,13.54,,,,,,,,,,13.53,,,,,,,,,,3.08,1,99,0,0,0,0,0,1,0,98,0,0,0,1,100,0,0,0,0,0,100,0,0,0,0,0,,1,79,16,3,0,1,0,UGI,,,,,,,,,,,,Net present value of future cash flows.
Split Capital Trust,Premier Utilities,ZDPs,31/01/2007,3353820,0,0,0,0,0,0,0,0,0,130.5,0,,,19143433,0,0,0,N/A,0,0,,,,23846023,124.57,,,,,,,,,,124.57,,,,,,,,,,0,0,0,0,0,0,0,0,0,0,0,0,0,0,0,0,0,0,0,0,0,0,0,0,0,0,0,,0,0,0,0,0,0,0,SSU,,,,,,,,,,,,
Split Capital Trust,Premier Utilities,Ordinary Income,31/01/2007,3353790,61055735,23846023,23846023,0,0,23846023,0,0,23846023,173.75,105647,,,18143433,0,0,0,N/A,1,164,0.68,,Y,37209712,205.09,,,,,205.67,,,,,205.09,,,,,205.67,,,,,3.85,1,22,39,11,0,20,7,1,0,20,79,0,0,0,100,0,0,0,0,0,100,0,0,0,0,0,/,0,0,0,0,0,0,0,SSU,,,,,,,,,,,,
Split Capital Trust,Recovery Trust,ZDPs,31/01/2007,3076053,0,3000000,3000000,3000000,3000000,0,0,0,0,162.25,0,,0,9860000,0,0,0,N/A,0,0,,,,15791647,160.16,,,,,,,,,,160.16,,,,,,,,,,0,0,0,0,0,0,0,0,0,0,0,0,0,0,0,0,0,0,0,0,0,0,0,0,0,0,0,,0,0,0,0,0,0,0,UGI,,,,,,,,,,,,
Split Capital Trust,Recovery Trust,Ordinary Income,31/01/2007,3076031,25345129,18791647,18791647,3000000,3000000,15791647,0,0,18791647,19,0,31966,100,30000000,0,0,0,N/A,3,387,,,N,6553482,21.84,,,,,,,,,,21.84,,,,,,,,,,3.37,3,97,0,0,0,0,0,3,0,88,0,5,4,0,0,0,0,0,0,0,0,0,0,0,0,0,/,3,34,23,31,9,0,0,UGI,,,,,,,,,,,Note - the bid price net asset value to be announced for the Ordinary Income shares is 21.73p with accrued income attributable of 0.11p as at 31st July 2006.,
Split Capital Trust,Rights & Issues,Preference,31/01/2007,0,,,,,,,,,,,,,,,,,,,,,,,,,,,,,,,,,,,,,,,,,,,,,,,,,,,,,,,,,,,,,,,,,,,,,,,,,,,,,,,,,,,,,,,,,,,,
Split Capital Trust,Rights & Issues,Income,31/01/2007,739207,,,,,,,,,,,,,,,,,,,,,,,,,,,,,,,,,,,,,,,,,,,,,,,,,,,,,,,,,,,,,,,,,,,,,,,,,,,,,,,,,,,,,,,,,,,,
Split Capital Trust,Rights & Issues,Capital,31/01/2007,739229,,,,,,,,,,,,,,,,,,,,,,,,,,,,,,,,,,,,,,,,,,,,,,,,,,,,,,,,,,,,,,,,,,,,,,,,,,,,,,,,,,,,,,,,,,,,
Split Capital Trust,Royal London UK Equity & Income,ZDPs,31/01/2007,3079416,0,50150000,50150000,50150000,50150000,0,0,0,0,160.75,0,,,13039100,0,0,0,N/A,0,0,,,,20474584,157.02,,,,,,,,,,157.02,,,,,,,,,,0,0,0,0,0,0,0,0,0,0,0,0,0,0,0,0,0,0,0,0,0,0,0,0,0,0,0,,0,0,0,0,0,0,0,UGI,,,,,,,,,,,,
Split Capital Trust,Royal London UK Equity & Income,Income Annuity,31/01/2007,0,0,70624584,70624584,50150000,50150000,20474584,0,0,0,75,1062500,,,30000000,0,0,0,N/A,0,0,,,,22500000,75,,,,,78.54,,,,,75,,,,,78.54,,,,,0,0,0,0,0,0,0,0,0,0,0,0,0,0,0,0,0,0,0,0,0,0,0,0,0,0,0,,0,0,0,0,0,0,0,UGI,,,,,,,,,,,,
Split Capital Trust,Royal London UK Equity & Income,Ordinary Income,31/01/2007,3079405,122435000,93124584,93124584,50150000,50150000,42974584,0,0,93124584,25.75,58750,,,70000000,0,0,0,N/A,18,418,,,Y,29310416,41.87,,,,,41.96,,,,,41.87,,,,,41.96,,,,,2.73,18,82,0,0,0,0,0,0,18,74,0,0,8,0,100,0,0,0,0,0,100,0,0,0,0,0,,0,0,0,0,0,0,0,UGI,,,,,,,,,,,,Fair value of bank loan calculated by discounting future cash flows at prevailing interest rate.
Split Capital Trust,Small Companies Dividend,ZDPs,31/01/2007,661593,0,9069733,9069733,9069733,9069733,0,0,0,0,181.5,0,,0,6250000,0,0,0,N/A,0,0,,,,11324912,181.2,,,,,,,,,,181.2,,,,,,,,,,0,0,0,0,0,0,0,0,0,0,0,0,0,0,0,0,0,0,0,0,0,0,0,0,0,0,0,,0,0,0,0,0,0,0,USC,,,,,,,,,,,,
Split Capital Trust,Small Companies Dividend,Ordinary Income,31/01/2007,661582,61391550,20394645,20394645,9069733,9069733,11324912,0,0,20394645,233.75,311195,1283996,100,16250000,0,0,0,N/A,-1,150,,,Y,40996905,252.29,,,,,254.2,,,,,252.29,,,,,254.2,,,,,4.54,-1,101,0,0,0,0,0,-1,0,101,0,0,0,0,100,0,0,0,0,0,100,0,0,0,0,0,,-1,8,11,38,21,23,0,USC,,,,,,,,,,,,,
Split Capital Trust,Smaller Companies Value Trust,Income,31/01/2007,3152845,0,8126824,8126824,8126824,8126824,0,0,0,0,64.5,601053,,,20317060,0,0,0,N/A,0,0,,,,10235159,50.38,,,,,53.34,,,,,50.38,,,,,53.34,,,,,0,0,0,0,0,0,0,0,0,0,0,0,0,0,0,0,0,0,0,0,0,0,0,0,0,0,0,,0,0,0,0,0,0,0,USC,,,,,,,,,,,,,
Split Capital Trust,Smaller Companies Value Trust,Capital,31/01/2007,3152856,60212081,18361983,18361983,8126824,8126824,10235159,0,0,18361983,179,0,,,20317060,0,0,0,N/A,-1,144,,,N,41850098,205.99,,,,,,,,,,205.99,,,,,,,,,,1.94,-1,101,0,0,0,0,0,-1,0,101,0,0,0,0,100,0,0,0,0,0,100,0,0,0,0,0,,-1,0,58,43,0,0,0,USC,Smaller Companies Value Units,0,256.36,256.37,116,,,,,,,,
Split Capital Trust,US Special Opportunities,ZDPs,31/01/2007,3031290,0,34986946,34681356,34986946,34681356,0,0,0,0,167.5,0,,0,13799000,0,0,0,N/A,0,0,,,,22521626,163.21,,,,,,,,,,163.21,,,,,,,,,,0,0,0,0,0,0,0,0,0,0,0,0,0,0,0,0,0,0,0,0,0,0,0,0,0,0,0,,0,0,0,0,0,0,0,NAS,,,,,,,,,,,,,
Split Capital Trust,US Special Opportunities,Income,31/01/2007,3031331,0,57508572,57202982,34986946,34681356,22521626,0,0,0,86.75,506924,,100,49670000,0,0,0,N/A,0,0,,,,49461163,99.58,,,,,100.6,,,,,99.58,,,,,100.6,,,,,0,0,0,0,0,0,0,0,0,0,0,0,0,0,0,0,0,0,0,0,0,0,0,0,0,0,0,,0,0,0,0,0,0,0,NAS,,,,,,,,,,,,,
Split Capital Trust,US Special Opportunities,Capital,31/01/2007,3031319,115786096,106969735,106664145,34986946,34681356,71982789,0,0,106969735,19.5,0,1274006,0,50000000,0,0,0,N/A,34,1313,15.8,,Y,8816361,17.63,,,,,,,,,,18.24,,,,,,,,,,2.76,34,9,1,54,0,2,0,21,13,0,56,0,5,5,16,0,84,0,0,0,0,0,0,0,0,0,/,22,12,0,0,64,2,74,NAS,US Special Opps Grd Units,0,117.21,117.82,199,,,,,,,"Fair values are based on valuations provided by the bank.
The total asset figure has been adjusted for the gain on the currency swap at 31/01/07",
Split Capital Trust,Utilico,ZDPs,31/01/2007,B00JZX4,0,44423000,44423000,44423000,44423000,0,0,0,0,126.25,0,,0,45444137,0,0,0,N/A,0,0,,,,54679650,120.32,,,,,,,,,,120.32,,,,,,,,,,0,0,0,0,0,0,0,0,0,0,0,0,0,0,0,0,0,0,0,0,0,0,0,0,0,0,0,,0,0,0,0,0,0,0,SSU,,,,,,,,,,,,,
Split Capital Trust,Utilico,Ordinary Income,31/01/2007,B00KTN5,341395000,99102650,99102650,44423000,44423000,54679650,19958502,37521984,119061152,256.75,-391910,285545,100,64706093,0,0,0,N/A,-2,154,36,,Y,242292350,343.61,299.9,304.1,272.82,,343,299.39,303.61,272.39,,316.46,277.12,304.1,272.82,,315.86,276.61,303.61,272.39,,1.8,-2,41,19,9,0,33,0,-3,1,41,37,0,0,24,0,0,0,0,0,0,0,0,0,0,0,0,,0,0,0,0,0,0,0,SSU,,,,,,,,,,,,Fair and Par are not materially different,
Split Capital Trust,Zero Preference Growth,ZDPs,31/01/2007,822022,0,3270000,3270000,3270000,3270000,0,0,0,0,66.5,0,,0,14209498,0,0,0,N/A,0,0,,,,8901701,62.65,,,,,,,,,,62.65,,,,,,,,,,0,0,0,0,0,0,0,0,0,0,0,0,0,0,0,0,0,0,0,0,0,0,0,0,0,0,0,,0,0,0,0,0,0,0,SZD,,,,,,,,,,,,,
Split Capital Trust,Zero Preference Growth,Growth,31/01/2007,822196,14748297,12171701,12171701,3270000,3270000,8901701,0,0,12171701,5.13,-252086,-8819017,100,30000000,0,0,0,N/A,9,572,,Y,Y,2576596,,,,,,7.75,,,,,,,,,,7.75,,,,,0.29,9,91,0,0,0,0,0,1,8,0,0,0,4,87,100,0,0,0,0,0,100,0,0,0,0,0,/,0,0,0,0,0,0,0,SZD,Zero Pref Growth Units AIC,0,71.23,62.65,128,,,,,,,"Floating rate loan, so the par value and fair value are not materially ç
different",
Category,Fund,Share,Date,SEDOL,TotalAssets,PC Total Par,PC Total Fair,PC Debt Par,PC Debt Fair,PC Equity,Convertibles Par,Convertibles Fair,PC Gearing,Price,CurrYrRev,Res (splits only),Res% (splits only),NumberShares,SharesIssued,SharesPurch,TryShares,SellbelowNAV,Cash,Gearing,Unlisted,PermLoss,Perffee,ShHolder Funds for share,PCNCWNE,   PCNCWE,   PCCWNE,   PCCWE,   PCCWETS,PCNCWNEcum,PCNCWEcum,PCCWNEcum,PCCWEcum,PCCWETScum,FCNCWNE,   FCNCWE,   FCCWNE,   FCCWE,   FCCWETS,FCNCWNEcum,FCNCWEcum,FCCWNEcum,FCCWEcum,FCCWETScum,PFY,CFI,UK ,Cont. Europe,North America,Japan ,Other Pacific,Other , , , , , , , ,UK ,Cont. Europe,North America,Japan ,Other Pacific,Other ,UK ,Cont. Europe,North America,Japan ,Other Pacific,Other ,Flags,,,,,,,,AIC Cat 2,Name,in issue,Perf NAV,Pub NAV,Gearing,Name,in issue,NAV Par,NAV Fair,Gearing,FootNote,Note,
Sector Specialist: Biotechnology/Life Sciences,Finsbury Emerging Biotechnology,Ordinary Share,31/01/2007,38551,80274000,0,0,0,0,0,0,0,0,117,-260000,,,65912263,0,0,0,N/A,-2,100,2,Y,Y,80274000,,,,,,121.39,,,,,,,,,,121.39,,,,,0,-2,3,4,95,0,0,0,0,0,0,0,0,0,0,0,0,0,0,0,0,0,0,0,0,0,0,,0,0,0,0,0,0,0,,,,,,,,,,,,,,
Sector Specialist: Biotechnology/Life Sciences,Finsbury Worldwide Pharmaceutical,Ordinary Share,31/01/2007,338530,319248452,12363339,12363339,12363339,12363339,0,0,0,12363339,489.5,982178,,,57206881,0,398000,398000,Yes,4,104,1.46,,Y,306885113,536.45,524.97,,,524.76,538.16,526.41,,,526.2,536.45,524.97,,,524.76,538.16,526.41,,,526.2,0.9,4,1,10,74,11,0,0,0,0,0,0,0,0,0,0,0,0,0,0,0,0,0,0,0,0,0,,0,0,0,0,0,0,0,,,,,,,,,,,,,The short term nature of the loans means there is no difference between the par and fair values,"On 16/1/07, 100,000 bought back @ 493p, on 19/01/07, 60,000 bought back @ 493p, 26/01/07, 60,000 bought back at 488p. on 30/01/07, 105,000 bought back @ 489p and on 31/01/07, 73,000 bought back at 489p. All of the shares bought back in January 2007 are being held in Treasury."
Sector Specialist: Biotechnology/Life Sciences,International Biotechnology,Ordinary Share,31/01/2007,455934,74628620,0,0,0,0,0,0,0,0,155.5,0,,,47065467,0,0,0,N/A,10,100,,,Y,74628620,158.56,,,,,,,,,,158.56,,,,,,,,,,0,10,13,15,59,0,3,0,0,0,0,0,0,0,0,0,0,0,0,0,0,0,0,0,0,0,0,,0,0,0,0,0,0,0,,,,,,,,,,,,,,
Category,Fund,Share,Date,SEDOL,TotalAssets,PC Total Par,PC Total Fair,PC Debt Par,PC Debt Fair,PC Equity,Convertibles Par,Convertibles Fair,PC Gearing,Price,CurrYrRev,Res (splits only),Res% (splits only),NumberShares,SharesIssued,SharesPurch,TryShares,SellbelowNAV,Cash,Gearing,Unlisted,PermLoss,Perffee,ShHolder Funds for share,PCNCWNE,   PCNCWE,   PCCWNE,   PCCWE,   PCCWETS,PCNCWNEcum,PCNCWEcum,PCCWNEcum,PCCWEcum,PCCWETScum,FCNCWNE,   FCNCWE,   FCCWNE,   FCCWE,   FCCWETS,FCNCWNEcum,FCNCWEcum,FCCWNEcum,FCCWEcum,FCCWETScum,PFY,CFI,UK ,Cont. Europe,North America,Japan ,Other Pacific,Other , , , , , , , ,UK ,Cont. Europe,North America,Japan ,Other Pacific,Other ,UK ,Cont. Europe,North America,Japan ,Other Pacific,Other ,Flags,,,,,,,,AIC Cat 2,Name,in issue,Perf NAV,Pub NAV,Gearing,Name,in issue,NAV Par,NAV Fair,Gearing,FootNote,Note,
Sector Specialist: Securitised Debt,Prodesse,Ordinary Share,31/01/2007,B06FN10,,,,,,,,,,,,,,,,,,,,,,,,,,,,,,,,,,,,,,,,,,,,,,,,,,,,,,,,,,,,,,,,,,,,,,,,,,,,,,,,,,,,,,,,,,,,,
Category,Fund,Share,Date,SEDOL,TotalAssets,PC Total Par,PC Total Fair,PC Debt Par,PC Debt Fair,PC Equity,Convertibles Par,Convertibles Fair,PC Gearing,Price,CurrYrRev,Res (splits only),Res% (splits only),NumberShares,SharesIssued,SharesPurch,TryShares,SellbelowNAV,Cash,Gearing,Unlisted,PermLoss,Perffee,ShHolder Funds for share,PCNCWNE,   PCNCWE,   PCCWNE,   PCCWE,   PCCWETS,PCNCWNEcum,PCNCWEcum,PCCWNEcum,PCCWEcum,PCCWETScum,FCNCWNE,   FCNCWE,   FCCWNE,   FCCWE,   FCCWETS,FCNCWNEcum,FCNCWEcum,FCCWNEcum,FCCWEcum,FCCWETScum,PFY,CFI,UK ,Cont. Europe,North America,Japan ,Other Pacific,Other , , , , , , , ,UK ,Cont. Europe,North America,Japan ,Other Pacific,Other ,UK ,Cont. Europe,North America,Japan ,Other Pacific,Other ,Flags,,,,,,,,AIC Cat 2,Name,in issue,Perf NAV,Pub NAV,Gearing,Name,in issue,NAV Par,NAV Fair,Gearing,FootNote,Note,
Sector Specialist: Endowment Policies,Allianz Dresdner Second Endowment 2009,Ordinary Share,31/01/2007,493990,,,,,,,,,,,,,,,,,,,,,,,,,,,,,,,,,,,,,,,,,,,,,,,,,,,,,,,,,,,,,,,,,,,,,,,,,,,,,,,,,,,,,,,,,,,,,
Sector Specialist: Endowment Policies,Allianz Dresdner Endowment Policy 2010,Ordinary Share,31/01/2007,278175,,,,,,,,,,,,,,,,,,,,,,,,,,,,,,,,,,,,,,,,,,,,,,,,,,,,,,,,,,,,,,,,,,,,,,,,,,,,,,,,,,,,,,,,,,,,,
Sector Specialist: Endowment Policies,Life Offices Opportunities,Ordinary Share,31/01/2007,529914,,,,,,,,,,,,,,,,,,,,,,,,,,,,,,,,,,,,,,,,,,,,,,,,,,,,,,,,,,,,,,,,,,,,,,,,,,,,,,,,,,,,,,,,,,,,,
Category,Fund,Share,Date,SEDOL,TotalAssets,PC Total Par,PC Total Fair,PC Debt Par,PC Debt Fair,PC Equity,Convertibles Par,Convertibles Fair,PC Gearing,Price,CurrYrRev,Res (splits only),Res% (splits only),NumberShares,SharesIssued,SharesPurch,TryShares,SellbelowNAV,Cash,Gearing,Unlisted,PermLoss,Perffee,ShHolder Funds for share,PCNCWNE,   PCNCWE,   PCCWNE,   PCCWE,   PCCWETS,PCNCWNEcum,PCNCWEcum,PCCWNEcum,PCCWEcum,PCCWETScum,FCNCWNE,   FCNCWE,   FCCWNE,   FCCWE,   FCCWETS,FCNCWNEcum,FCNCWEcum,FCCWNEcum,FCCWEcum,FCCWETScum,PFY,CFI,UK ,Cont. Europe,North America,Japan ,Other Pacific,Other , , , , , , , ,UK ,Cont. Europe,North America,Japan ,Other Pacific,Other ,UK ,Cont. Europe,North America,Japan ,Other Pacific,Other ,Flags,,,,,,,,AIC Cat 2,Name,in issue,Perf NAV,Pub NAV,Gearing,Name,in issue,NAV Par,NAV Fair,Gearing,FootNote,Note,
Sector Specialist: Financials,Asset Management,Ordinary Share,31/01/2007,58065,34572722,8087054,8087054,8087054,8087054,0,0,0,8087054,105.5,906743,,,21310426,0,0,0,N/A,7,131,,,,26485668,124.29,,,,,128.54,,,,,124.29,,,,,128.54,,,,,5.96,7,33,25,35,0,0,0,0,0,0,0,0,0,0,68,0,32,0,0,0,38,25,37,0,0,0,,0,0,0,0,0,0,0,,,,,,,,,,,,,Fair value calculated as sterling equivalent of USD denominated loans at closing rate.,
Sector Specialist: Financials,Blue Planet European Financials,Ordinary Share,31/01/2007,532707,49881211,13494516,13494516,13494516,13494516,0,0,0,13494516,201,365616,,,16577069,0,0,0,N/A,6,137,0,,N,36386695,219.5,,,,,221.71,,,,,219.5,,,,,221.71,,,,,2.36,6,0,94,0,0,0,0,0,0,0,0,0,0,0,92,8,0,0,0,0,0,0,0,0,0,0,,0,0,0,0,0,0,0,,,,,,,,,,,,,"The fair value and the par of the 20,350,000 EUR loan is not materially different. During January 2006 the 20,350,000 EUR loan facility was fully drawndown.",
Sector Specialist: Financials,Blue Planet Financials Growth & Income,Ordinary Share,31/01/2007,B1B9C40,68542760,19293058,19293058,19293058,19293058,0,0,0,19293058,27.6,219850,0,,13622600,0,0,0,N/A,1,139,,,N,49249702,361.53,320.21,,,,363.14,321.57,,,,361.53,320.21,,,,363.14,321.57,,,,2.23,1,93,0,0,0,0,6,0,0,0,0,0,0,0,75,23,0,0,0,2,0,0,0,0,0,0,,0,0,0,0,0,0,0,,,,,,,,,,,,"ç
                                                                              ç
                                                                              ç
","The fair value and Par of the ú7,500,000 sterling and the 17,784,168 EUR loan ç
are not materially different. During January 17,784,168 EUR loan was drawn ç
down equally to the ten trusts.",
Sector Specialist: Financials,Blue Planet Worldwide Financials,Ordinary Share,31/01/2007,152417,50815835,14096107,14096107,14096107,14096107,0,0,0,14096107,279.5,-286211,,,14255151,0,0,0,N/A,5,138,0,,N,36719728,257.59,,,,,255.58,,,,,257.59,,,,,255.58,,,,,1.69,5,0,90,0,0,0,5,0,0,0,0,0,0,0,89,11,0,0,0,0,0,0,0,0,0,0,/,0,0,0,0,0,0,0,,,,,,,,,,,,,"The fair values and the par values for the 15,183,723 and 6,073,489 EUR loans are not materially different. During January  21,257,212 EUR was drawndown",
Category,Fund,Share,Date,SEDOL,TotalAssets,PC Total Par,PC Total Fair,PC Debt Par,PC Debt Fair,PC Equity,Convertibles Par,Convertibles Fair,PC Gearing,Price,CurrYrRev,Res (splits only),Res% (splits only),NumberShares,SharesIssued,SharesPurch,TryShares,SellbelowNAV,Cash,Gearing,Unlisted,PermLoss,Perffee,ShHolder Funds for share,PCNCWNE,   PCNCWE,   PCCWNE,   PCCWE,   PCCWETS,PCNCWNEcum,PCNCWEcum,PCCWNEcum,PCCWEcum,PCCWETScum,FCNCWNE,   FCNCWE,   FCCWNE,   FCCWE,   FCCWETS,FCNCWNEcum,FCNCWEcum,FCCWNEcum,FCCWEcum,FCCWETScum,PFY,CFI,UK ,Cont. Europe,North America,Japan ,Other Pacific,Other , , , , , , , ,UK ,Cont. Europe,North America,Japan ,Other Pacific,Other ,UK ,Cont. Europe,North America,Japan ,Other Pacific,Other ,Flags,,,,,,,,AIC Cat 2,Name,in issue,Perf NAV,Pub NAV,Gearing,Name,in issue,NAV Par,NAV Fair,Gearing,FootNote,Note,
Sector Specialist: Commodities and Natural Resources,Merrill Lynch Commodities Income,Ordinary Share,31/01/2007,B0N8MF9,88860146,6845813,6845813,6845813,6845813,0,0,0,6845813,100.5,-676444,,,75600000,0,0,0,N/A,1,108,3,,N,82014333,108.48,,,,,107.59,,,,,108.48,,,,,107.59,,,,,3.07,1,12,0,42,0,19,26,0,0,0,0,0,0,0,0,0,0,0,0,0,0,0,0,0,0,0,,0,0,0,0,0,0,0,,,,,,,,,,,,,,
Sector Specialist: Commodities and Natural Resources,Merrill Lynch World Mining,Ordinary Share,31/01/2007,577485,864324134,9384016,9384016,9384016,9384016,0,0,0,9384016,436.5,14627978,,,168298906,0,0,0,N/A,-2,101,0.75,,N,854940118,507.99,496.49,,,,516.68,503.73,,,,507.99,496.49,,,,516.68,503.73,,,,2.34,-2,26,1,16,0,17,42,0,0,0,0,0,0,0,0,0,0,0,0,0,0,0,0,0,0,0,/,0,0,0,0,0,0,0,,,,,,,,,,,,,,
Sector Specialist: Commodities and Natural Resources,Resources Investment Trust,Ordinary Share,31/01/2007,3098314,52517022,0,0,0,0,0,0,0,0,225.5,0,,,21300760,0,0,0,N/A,71,100,71,,N,52517022,246.55,,,,,,,,,,246.55,,,,,,,,,,0,71,11,0,16,0,2,0,0,0,0,0,0,0,0,99,0,1,0,0,0,74,0,26,0,0,0,,0,0,0,0,0,0,0,,,,,,,,,,,,,,
Category,Fund,Share,Date,SEDOL,TotalAssets,PC Total Par,PC Total Fair,PC Debt Par,PC Debt Fair,PC Equity,Convertibles Par,Convertibles Fair,PC Gearing,Price,CurrYrRev,Res (splits only),Res% (splits only),NumberShares,SharesIssued,SharesPurch,TryShares,SellbelowNAV,Cash,Gearing,Unlisted,PermLoss,Perffee,ShHolder Funds for share,PCNCWNE,   PCNCWE,   PCCWNE,   PCCWE,   PCCWETS,PCNCWNEcum,PCNCWEcum,PCCWNEcum,PCCWEcum,PCCWETScum,FCNCWNE,   FCNCWE,   FCCWNE,   FCCWE,   FCCWETS,FCNCWNEcum,FCNCWEcum,FCCWNEcum,FCCWEcum,FCCWETScum,PFY,CFI,UK ,Cont. Europe,North America,Japan ,Other Pacific,Other , , , , , , , ,UK ,Cont. Europe,North America,Japan ,Other Pacific,Other ,UK ,Cont. Europe,North America,Japan ,Other Pacific,Other ,Flags,,,,,,,,AIC Cat 2,Name,in issue,Perf NAV,Pub NAV,Gearing,Name,in issue,NAV Par,NAV Fair,Gearing,FootNote,Note,
Sector Specialist: Tech Media & Telecomm,Close Finsbury EuroTech,Ordinary Share,31/01/2007,958477,14789000,0,0,0,0,0,0,0,0,39.5,-298000,,,34200875,0,0,0,N/A,51,100,1,Y,N,14789000,,,,,,42.37,,,,,,,,,,42.37,,,,,0,51,31,16,0,0,0,2,0,0,0,0,0,0,0,0,0,0,0,0,0,0,0,0,0,0,0,,0,0,0,0,0,0,0,,,,,,,,,,,,,,
Sector Specialist: Tech Media & Telecomm,Finsbury Technology,Ordinary Share,31/01/2007,339072,58049000,0,0,0,0,0,0,0,0,221.25,-195000,,,24177312,0,83000,0,N/A,6,100,1,Y,Y,58049000,,,,,,239.29,,,,,,,,,,239.29,,,,,0,6,20,19,48,0,1,6,0,0,0,0,0,0,0,0,0,0,0,0,0,0,0,0,0,0,0,,0,0,0,0,0,0,0,,,,,,,,,,,,,,"4/1/07 36k shares at 214p,10/1/07 25k shares at 217.25p,17/1/07 22k shares at 220p"
Sector Specialist: Tech Media & Telecomm,Polar Capital Technology,Ordinary Share,31/01/2007,422002,382332677,38054274,38054274,38054274,38054274,0,0,0,38054274,240.25,-1950091,,,139990821,0,0,0,N/A,6,111,,Y,Y,344278403,,,,,,244.54,,,,,,,,,,244.54,,,,,0,6,14,10,50,10,10,0,0,0,0,0,0,0,0,8,7,7,69,9,0,16,11,58,3,11,1,,0,0,0,0,0,0,0,,,,,,,,,,,,,,
Category,Fund,Share,Date,SEDOL,TotalAssets,PC Total Par,PC Total Fair,PC Debt Par,PC Debt Fair,PC Equity,Convertibles Par,Convertibles Fair,PC Gearing,Price,CurrYrRev,Res (splits only),Res% (splits only),NumberShares,SharesIssued,SharesPurch,TryShares,SellbelowNAV,Cash,Gearing,Unlisted,PermLoss,Perffee,ShHolder Funds for share,PCNCWNE,   PCNCWE,   PCCWNE,   PCCWE,   PCCWETS,PCNCWNEcum,PCNCWEcum,PCCWNEcum,PCCWEcum,PCCWETScum,FCNCWNE,   FCNCWE,   FCCWNE,   FCCWE,   FCCWETS,FCNCWNEcum,FCNCWEcum,FCCWNEcum,FCCWEcum,FCCWETScum,PFY,CFI,UK ,Cont. Europe,North America,Japan ,Other Pacific,Other , , , , , , , ,UK ,Cont. Europe,North America,Japan ,Other Pacific,Other ,UK ,Cont. Europe,North America,Japan ,Other Pacific,Other ,Flags,,,,,,,,AIC Cat 2,Name,in issue,Perf NAV,Pub NAV,Gearing,Name,in issue,NAV Par,NAV Fair,Gearing,FootNote,Note,
Sector Specialist: Liquidity Funds,Invesco Perpetual Select Managed Liquidity,Ordinary Share,31/01/2007,B1DQ670,18418973,0,0,0,0,0,0,0,0,100,0,,,18386589,0,0,0,N/A,41,100,0,,N,18418973,100.18,,,,,,,,,,100.18,,,,,,,,,,7.2,41,59,0,0,0,0,0,0,0,0,0,0,0,0,52,14,20,0,14,0,0,0,0,0,0,0,,0,0,0,0,0,0,0,,,,,,,,,,,,,,
Sector Specialist: Liquidity Funds,JPMorgan Elect Managed Cash,Ordinary Share,31/01/2007,3408009,27605000,513780,513780,513780,513780,0,0,0,513780,100,179958,,,27034912,0,0,0,N/A,100,102,,,N,27091220,100.21,,,,,100.87,,,,,100.21,,,,,100.87,,,,,4.33,100,0,0,0,0,0,0,0,0,0,0,0,0,0,0,0,0,0,0,0,0,0,0,0,0,0,,0,0,0,0,0,0,0,,,,,,,,,,,,,,
Category,Fund,Share,Date,SEDOL,TotalAssets,PC Total Par,PC Total Fair,PC Debt Par,PC Debt Fair,PC Equity,Convertibles Par,Convertibles Fair,PC Gearing,Price,CurrYrRev,Res (splits only),Res% (splits only),NumberShares,SharesIssued,SharesPurch,TryShares,SellbelowNAV,Cash,Gearing,Unlisted,PermLoss,Perffee,ShHolder Funds for share,PCNCWNE,   PCNCWE,   PCCWNE,   PCCWE,   PCCWETS,PCNCWNEcum,PCNCWEcum,PCCWNEcum,PCCWEcum,PCCWETScum,FCNCWNE,   FCNCWE,   FCCWNE,   FCCWE,   FCCWETS,FCNCWNEcum,FCNCWEcum,FCCWNEcum,FCCWEcum,FCCWETScum,PFY,CFI,UK ,Cont. Europe,North America,Japan ,Other Pacific,Other , , , , , , , ,UK ,Cont. Europe,North America,Japan ,Other Pacific,Other ,UK ,Cont. Europe,North America,Japan ,Other Pacific,Other ,Flags,,,,,,,,AIC Cat 2,Name,in issue,Perf NAV,Pub NAV,Gearing,Name,in issue,NAV Par,NAV Fair,Gearing,FootNote,Note,
Sector Specialist: Zero Dividend,Investec Capital Accumulator,Ordinary Share,31/01/2007,B0GYJV9,40010575,0,0,0,0,0,0,0,0,102.25,-44475,,,37626231,0,0,0,N/A,10,100,88.5,Y,N,40010575,,,,,,106.22,,,,,,,,,,106.22,,,,,0.69,10,90,0,0,0,0,0,0,0,0,0,0,0,0,0,0,0,0,0,0,0,0,0,0,0,0,,0,0,0,0,0,0,0,,,,,,,,,,,,,,
Category,Fund,Share,Date,SEDOL,TotalAssets,PC Total Par,PC Total Fair,PC Debt Par,PC Debt Fair,PC Equity,Convertibles Par,Convertibles Fair,PC Gearing,Price,CurrYrRev,Res (splits only),Res% (splits only),NumberShares,SharesIssued,SharesPurch,TryShares,SellbelowNAV,Cash,Gearing,Unlisted,PermLoss,Perffee,ShHolder Funds for share,PCNCWNE,   PCNCWE,   PCCWNE,   PCCWE,   PCCWETS,PCNCWNEcum,PCNCWEcum,PCCWNEcum,PCCWEcum,PCCWETScum,FCNCWNE,   FCNCWE,   FCCWNE,   FCCWE,   FCCWETS,FCNCWNEcum,FCNCWEcum,FCCWNEcum,FCCWEcum,FCCWETScum,PFY,CFI,UK ,Cont. Europe,North America,Japan ,Other Pacific,Other ,Cash & Fixed Int.,FTSE 100,FTSE 250 x IC,FTSE S/C FL/AIM xIC,SC Inc & Ord Inc,Other SC & ICs,Int. Equities,UK ,Cont. Europe,North America,Japan ,Other Pacific,Other ,UK ,Cont. Europe,North America,Japan ,Other Pacific,Other ,Flags,,,,,,,,AIC Cat 2,Name,in issue,Perf NAV,Pub NAV,Gearing,Name,in issue,NAV Par,NAV Fair,Gearing,FootNote,Note,
UK Growth & Income,British & American,Ordinary Share,31/01/2007,65311,,,,,,,,,,,,,,,,,,,,,,,,,,,,,,,,,,,,,,,,,,,,,,,,,,,,,,,,,,,,,,,,,,,,,,,,,,,,,,,,,,,,,,,,,,,,,
UK Growth & Income,City of London,Ordinary Share,31/01/2007,199049,731227000,47887982,64096126,47887982,64096126,0,0,0,47887982,306.5,-717578,,,208413762,0,0,0,N/A,-1,107,,,Y,683339018,327.88,,,,,327.53,,,,,320.1,,,,,319.75,,,,,3.44,-1,96,5,0,0,0,0,-1,78,18,0,0,0,5,0,0,0,0,0,0,0,0,0,0,0,0,,0,0,0,0,0,0,0,,,,,,,,,,,,,Fair value based on quoted price for each security,
UK Growth & Income,Dunedin Income Growth,Ordinary Share,31/01/2007,340609,493657942,48600000,54414952,48600000,54414952,0,0,0,48600000,267.25,9407475,,,153969634,0,84057,3681101,No,-2,111,,,,445057942,289.06,,,,289.06,295.17,,,,295.17,285.28,,,,285.28,291.39,,,,291.39,3.59,-2,99,3,0,0,0,0,-2,66,29,4,0,0,3,100,0,0,0,0,0,100,0,0,0,0,0,,0,0,0,0,0,0,0,,,,,,,,,,,,,MARKET PRICE OF DEBENTURE STOCK IS OFFER VALUE,"45,157 SHARES REPURCHASED AT 264.0P ON 12.01.07.
38,900 SHARES REPURCHASED AT 267.0P ON 15.01.07.
ALL TO BE HELD IN TREASURY."
UK Growth & Income,Edinburgh Investment,Ordinary Share,31/01/2007,305233,1381239595,200000000,257090620,200000000,257090620,0,0,0,200000000,469.5,10341033,,,218275748,0,112000,0,N/A,3,117,0,,N,1181239595,541.17,,,,,545.91,,,,,515.01,,,,,519.75,,,,,3.53,3,97,0,0,0,0,0,3,78,17,1,0,1,0,0,0,0,0,0,0,0,0,0,0,0,0,,0,0,0,0,0,0,0,,,,,,,,,,,,,The fair value has been calculated by reference to the market price of the debenture stock.,"18/01/2007 buy-back of 112,000 shares at a cost of 530,116.37"
UK Growth & Income,F&C Capital & Income,Ordinary Share,31/01/2007,346328,214275000,8000000,8000000,8000000,8000000,0,0,0,8000000,248.5,944632,,,80469268,0,0,1722011,No,-1,104,,,N,206275000,256.34,,,,256.34,257.51,,,,257.51,256.34,,,,256.34,257.51,,,,257.51,3.41,-1,96,5,0,0,0,0,-1,74,13,9,0,0,5,0,0,0,0,0,0,0,0,0,0,0,0,,0,0,0,0,0,0,0,,,,,,,,,,,,,Short term loans are calculated based on the exchange rates on the NAV date.,
UK Growth & Income,Finsbury Growth & Income,Ordinary Share,31/01/2007,781606,184340000,22350000,22350000,22350000,22350000,0,0,0,22350000,323,627641,,,51237423,400000,0,0,Yes,11,114,,,Y,161990000,316.16,,,,,317.38,,,,,316.16,,,,,317.38,,,,,3.1,11,89,0,0,0,0,0,11,51,22,15,0,1,0,100,0,0,0,0,0,100,0,0,0,0,0,,0,0,0,0,0,0,0,,,,,,,,,,,,,Loan is short term.,
UK Growth & Income,INVESCO Income Growth,Ordinary Share,31/01/2007,358572,153984699,0,0,0,0,0,0,0,0,238.25,0,,,60695622,0,300000,0,N/A,-7,100,0,,N,153984699,253.7,,,,,,,,,,253.7,,,,,,,,,,3.1,-7,107,0,0,0,0,0,-7,80,21,6,0,0,0,0,0,0,0,0,0,0,0,0,0,0,0,,0,0,0,0,0,0,0,,,,,,,,,,,,,,"300,000 ord 25p shrs cancelled on 19/1 @ 232.5p each"
UK Growth & Income,JPMorgan Elect Managed Income,Ordinary Share,31/01/2007,3408021,67664071,0,0,0,0,0,0,0,0,120.5,265902,,,56597109,0,200000,0,N/A,1,100,,,N,67664071,119.55,,,,,120.02,,,,,119.55,,,,,120.02,,,,,0,1,99,0,0,0,0,0,0,0,0,0,0,0,0,0,0,0,0,0,0,0,0,0,0,0,0,,0,0,0,0,0,0,0,,,,,,,,,,,,,,
UK Growth & Income,Lowland,Ordinary Share,31/01/2007,536806,251741000,6662480,7601000,6662480,7601000,0,0,0,6662480,1042.5,894599,,,24267954,0,0,0,No,3,103,,,N,245078520,1009.89,,,,,1013.57,,,,,1006.02,,,,,1009.7,,,,,3.26,3,96,0,1,0,0,0,3,43,25,29,0,0,0,0,0,0,0,0,0,0,0,0,0,0,0,,0,0,0,0,0,0,0,,,,,,,,,,,,,Fair value based on the offer price at 1.11564,
UK Growth & Income,Merchants,Ordinary Share,31/01/2007,580007,691003502,114853595,139142343,114853595,139142343,0,0,0,114853595,513,6932854,,,103759877,0,0,0,N/A,-1,120,,,N,576149907,555.27,,,,,561.95,,,,,531.86,,,,,538.55,,,,,4,-1,101,0,0,0,0,0,-1,89,10,2,0,0,0,100,0,0,0,0,0,100,0,0,0,0,0,/A,0,0,0,0,0,0,0,,,,,,,,,,,,,"Fair values for the FDF loan, 4% Perpetual Debenture stock & Fintrust loans ç
are sedol prices. The fair value of the Debenture Loan Stock 2029 has been ç
calculated with reference to a similar gilt plus an appropriate margin.",
UK Growth & Income,Murray Income,Ordinary Share,31/01/2007,611112,518656229,25000000,24873826,25000000,24873826,0,0,0,25000000,712,0,,,65202958,0,0,1213500,Yes,2,105,,,N,493656229,757.11,,,,756.28,,,,,,757.3,,,,756.47,,,,,,3.47,2,98,0,0,0,0,0,2,69,26,2,0,1,0,100,0,0,0,0,0,100,0,0,0,0,0,/,0,0,0,0,0,0,0,,,,,,,,,,,,,The fair values of long term bank loans are calculated by discounting future cashflows.,
UK Growth & Income,Perpetual Income & Growth,Ordinary Share,31/01/2007,679842,676643646,121430222,122015311,121430222,122015311,0,0,0,121430222,248.75,9161208,,,206860637,0,0,0,N/A,-2,122,0,,Y,555213424,268.4,264.41,,,,272.83,268.48,,,,268.12,264.15,,,,272.55,268.22,,,,2.6,-2,93,1,8,0,0,0,-2,72,15,7,0,0,8,0,0,0,0,0,0,0,0,0,0,0,0,,0,0,0,0,0,0,0,,,,,,,,,,,,,"FV of overdraft equal to Par as not materially different. FV of Debenture stock based on Stock Exchange closing mid price and includes any FV of swaps, as valued by Broker, if in existance.",
UK Growth & Income,Schroder Income Growth,Ordinary Share,31/01/2007,791586,166766737,0,0,0,0,0,0,0,0,221,378595,,,71687343,0,0,0,N/A,6,100,,,,166766737,232.63,,,,,233.16,,,,,232.63,,,,,233.16,,,,,0,6,94,0,0,0,0,0,6,82,12,0,0,0,0,94,0,0,0,0,6,94,0,0,0,0,6,,0,0,0,0,0,0,0,,,,,,,,,,,,,,
UK Growth & Income,Securities Trust of Scotland,Ordinary Share,31/01/2007,B09G3N2,161469268,12000000,12001203,12000000,12001203,0,0,0,12000000,140.5,1263317,,,101970223,0,0,0,N/A,2,108,,,Y,149469268,146.58,,,,,147.82,,,,,146.58,,,,,147.82,,,,,3.77,2,98,0,0,0,0,0,2,72,17,8,0,1,0,100,0,0,0,0,0,100,0,0,0,0,0,,0,0,0,0,0,0,0,,,,,,,,,,,,,Fair value = net present value of future cash flows (discounted at libor),
UK Growth & Income,Shires Income,Ordinary Share,31/01/2007,805250,137334000,42309335,44387615,42309335,44387615,0,0,0,42309335,322.25,1553000,,,29697580,0,0,0,N/A,25,145,2.73,,N,95024665,319.97,,,,,325.2,,,,,312.98,,,,,318.21,,,,,5.73,25,74,0,1,0,0,0,25,35,16,11,0,12,1,99,0,1,0,0,0,99,0,1,0,0,0,,0,0,0,0,0,0,0,,,,,,,,,,,,,"The par value of bank loans and overdrafts is considered also to be their fair value due to their short term maturity
The fair value of the index-linked debenture stock is calculated using a discounted cash flow method.",
UK Growth & Income,Standard Life Equity Income,Ordinary Share,31/01/2007,603959,146719567,14000000,14000000,14000000,14000000,0,0,0,14000000,322.5,533336,,,38837907,0,0,900000,No,1,111,,,N,132719567,341.73,,,,341.73,343.1,,,,343.1,341.73,,,,341.73,343.1,,,,343.1,3.46,1,99,0,0,0,0,0,1,75,22,2,0,0,0,0,0,0,0,0,0,0,0,0,0,0,0,,0,0,0,0,0,0,0,,,,,,,,,,,,,FAIR AND PAR VALUE ARE NOT MATERIALLY DIFFERENT,
UK Growth & Income,Temple Bar,Ordinary Share,31/01/2007,882532,587451366,63000000,71100170,63000000,71100170,0,0,0,63000000,853.5,12196055,,,58340742,0,0,0,N/A,7,112,,,N,524451366,898.95,,,,,919.85,,,,,885.06,,,,,905.97,,,,,3.44,7,93,0,0,0,0,0,7,70,16,7,0,0,0,100,0,0,0,0,0,100,0,0,0,0,0,,0,0,0,0,0,0,0,,,,,,,,,,,,,Fair values are calculated using closing Offer/ask market prices.,
UK Growth & Income,Value and Income,Ordinary Share,31/01/2007,848471,166010020,35000000,48207567,35000000,48207567,0,0,0,35000000,248.5,1027423,0,,45549975,0,0,0,N/A,1,127,0,,Y,131010020,287.62,,,,,289.87,,,,,258.62,,,,,260.88,,,,,4.71,1,99,0,0,0,0,0,1,40,26,4,0,0,0,100,0,0,0,0,0,100,0,0,0,0,0,,0,0,0,0,0,0,0,,,,,,,,,,,,Additional Portfolio Spread: 29% is invested in property holdings.,Market value of debenture stock,
Category,Fund,Share,Date,SEDOL,TotalAssets,PC Total Par,PC Total Fair,PC Debt Par,PC Debt Fair,PC Equity,Convertibles Par,Convertibles Fair,PC Gearing,Price,CurrYrRev,Res (splits only),Res% (splits only),NumberShares,SharesIssued,SharesPurch,TryShares,SellbelowNAV,Cash,Gearing,Unlisted,PermLoss,Perffee,ShHolder Funds for share,PCNCWNE,   PCNCWE,   PCCWNE,   PCCWE,   PCCWETS,PCNCWNEcum,PCNCWEcum,PCCWNEcum,PCCWEcum,PCCWETScum,FCNCWNE,   FCNCWE,   FCCWNE,   FCCWE,   FCCWETS,FCNCWNEcum,FCNCWEcum,FCCWNEcum,FCCWEcum,FCCWETScum,PFY,CFI,UK ,Cont. Europe,North America,Japan ,Other Pacific,Other ,Cash & Fixed Int.,FTSE 100,FTSE 250 x IC,FTSE S/C FL/AIM xIC,SC Inc & Ord Inc,Other SC & ICs,Int. Equities,UK ,Cont. Europe,North America,Japan ,Other Pacific,Other ,UK ,Cont. Europe,North America,Japan ,Other Pacific,Other ,Flags,,,,,,,,AIC Cat 2,Name,in issue,Perf NAV,Pub NAV,Gearing,Name,in issue,NAV Par,NAV Fair,Gearing,FootNote,Note,
UK Growth,Albany,Ordinary Share,31/01/2007,12102,39680706,0,0,0,0,0,0,0,0,408.5,0,,,10023750,0,0,0,N/A,1,100,,,N,39680706,395.87,,,,,,,,,,395.87,,,,,,,,,,3.03,1,93,4,0,0,2,0,1,39,35,11,0,5,9,0,0,0,0,0,0,0,0,0,0,0,0,,0,0,0,0,0,0,0,,,,,,,,,,,,,,
UK Growth,Artemis Alpha,Ordinary Share,31/01/2007,435594,92660318,14300000,14300000,14300000,14300000,0,0,0,14300000,209.75,136324,,,33233488,0,0,125000,No,-2,118,20,,N,78360318,235.79,216.71,,,216.71,236.2,217.05,,,217.05,235.79,216.71,,,216.71,236.2,217.05,,,217.05,1.33,-2,77,7,15,0,3,0,-2,2,2,68,0,5,25,100,0,0,0,0,0,100,0,0,0,0,0,*z,0,0,0,0,0,0,0,,,,,,,,,,,,,The fair and par value are not materially different,
UK Growth,Aurora,Ordinary Share,31/01/2007,63326,45405578,8502908,8502908,8502908,8502908,0,0,0,8502908,224,0,,,15107250,0,0,0,N/A,6,123,,,,36902670,244.27,,,,,,,,,,244.27,,,,,,,,,,0,6,83,11,0,0,0,0,6,38,18,34,0,4,0,100,0,0,0,0,0,100,0,0,0,0,0,,0,0,0,0,0,0,0,,,,,,,,,,,,,The fair and par value are not materially different,
UK Growth,British Portfolio Trust,Ordinary Share,31/01/2007,3096169,79679785,6000000,6000000,6000000,6000000,0,0,0,6000000,181.75,1404130,,,39718108,0,889166,4371666,N/A,1,108,,,N,73679785,185.51,,,,185.13,189.04,,,,188.32,185.51,,,,185.13,189.04,,,,188.32,3,1,99,0,0,0,0,0,1,80,10,9,0,0,0,100,0,0,0,0,0,100,0,0,0,0,0,,0,0,0,0,0,0,0,,,,,,,,,,,,,THE FAIR VALUE CONSISTS OF THE LOAN VALUE PLUS THE MARK TO MARKET VALUE PROVIDED BY THE COUNTERPARTY OF THE INTEREST RATE SWAP LINKED TO THIS LOAN.,"5.1.07 buy back (treasury) 766,666 shares for value ú1,380,275.80.
11.1.07 buy back 105,000 for value ú188,251.80
16.1.07 buy back 17,500 for value 31,564.00"
UK Growth,Capital Gearing,Ordinary Share,31/01/2007,173861,54728370,0,0,0,0,0,0,0,0,2030,754091,,,2794906,0,0,0,N/A,38,100,,,N,54728370,1958.15,,,,,1985.13,,,,,1958.15,,,,,1985.13,,,,,1.8,38,30,3,5,1,4,19,38,0,0,0,30,18,14,19,67,11,3,0,0,0,0,0,0,0,0,,0,0,0,0,0,0,0,,,,,,,,,,,,,,
UK Growth,F&C UK Select,Ordinary Share,31/01/2007,156828,77228494,9000000,9024874,9000000,9024874,0,0,0,9000000,97.75,0,,,65891790,0,300000,300000,No,5,113,,,Y,68228494,103.55,103.56,,,103.56,,,,,,103.51,103.52,,,103.52,,,,,,4,5,95,0,0,0,0,0,5,41,39,15,0,0,0,0,0,0,0,0,0,0,0,0,0,0,0,,0,0,0,0,0,0,0,,,,,,,,,,,,,The variable loan has been classified as fixed as there is a matching interest rate swap which has the effect of fixing the interest rate. The month end fair value represents the mark to market value of the swap which is provided by the lender.,"On 10 January the Company repurchased 300,000 shares at a price of 98.25p to be held in Treasury."
UK Growth,Fidelity Special Values,Ordinary Share,31/01/2007,332510,420093157,40000000,39569889,40000000,39569889,0,0,0,40000000,557.5,58250,,,64701973,0,172830,0,N/A,10,111,0.04,,N,380093157,587.45,,,,,587.54,,,,,588.12,,,,,588.21,,,,,2.7,10,78,8,2,0,0,2,10,41,24,13,0,0,12,100,0,0,0,0,0,0,0,0,0,0,0,,0,0,0,0,0,0,0,,,,,,,,,,,,,The fair value has been calculated by discounting future cash flows to current Pound Sterling interest rates.,"During the month 172,830 shares were repurchased by the company for cancellation at an average cost of 558.52p per share, for a total consideration of ú965,298.41"
UK Growth,Hansa Trust (Ord),Ordinary Share,31/01/2007,787972,222054392,0,0,0,0,0,0,0,0,997,2456921,,,24000000,0,0,0,N/A,2,100,,,N,222054392,925.23,,,,,935.46,,,,,925.23,,,,,935.46,,,,,0,2,90,6,0,0,1,1,2,34,8,26,0,4,26,0,0,0,0,0,0,0,0,0,0,0,0,,0,0,0,0,0,0,0,,,,,,,,,,,,,,
UK Growth,Hansa Trust ('A' Ord),Class A Ordinary,31/01/2007,787983,,,,,,,,,,,,,,,,,,,,,,,,,,,,,,,,,,,,,,,,,,,,,,,,,,,,,,,,,,,,,,,,,,,,,,,,,,,,,,,,,,,,,,,,,,,,,
UK Growth,Henderson Opportunities,Ordinary Share,31/01/2007,853657,66838000,4250000,4250000,4250000,4250000,0,0,0,4250000,708,0,0,,8208293,0,0,0,N/A,1,107,,,Y,62588000,762.5,,,,,,,,,,762.5,,,,,,,,,,0,1,99,0,0,0,0,0,1,0,0,99,0,0,0,0,0,0,0,0,0,0,0,0,0,0,0,,0,0,0,0,0,0,0,,,,,,,,,,,,,,
UK Growth,Invesco Perpetual Select UK Equity,Ordinary Share,31/01/2007,B1DPVL6,46127227,887705,887705,887705,887705,0,0,0,887705,100.5,0,,,44752594,0,0,0,N/A,-11,102,0,,Y,45239522,101.09,,,,,,,,,,101.09,,,,,,,,,,2.8,-11,98,0,13,0,0,0,-11,80,12,6,0,0,13,100,0,0,0,0,0,0,0,0,0,0,0,,0,0,0,0,0,0,0,,,,,,,,,,,,,FV of overdraft considered not to be materially different to PAR,
UK Growth,JPMorgan Fleming Claverhouse,Ordinary Share,31/01/2007,342218,390849019,44636869,47844990,44636869,47844990,0,0,0,44636869,545,0,,,60893545,0,177500,0,N/A,0,113,,,Y,346212150,568.55,,,,,,,,,,563.28,,,,,,,,,,2.79,0,100,0,0,0,0,0,0,81,13,6,0,0,0,0,0,0,0,0,0,0,0,0,0,0,0,,0,0,0,0,0,0,0,,,,,,,,,,,,,Debentures have been revalued using an estimated fair market spread over relevant gilt;  Interest rate swaps and fixed rate loans have been revalued using mark to market estimates provided by a counterparty or other relevant source.,
UK Growth,JPMorgan Fleming Mercantile,Ordinary Share,31/01/2007,579403,1901986647,176613167,193265806,176613167,193265806,0,0,0,176613167,1258,18874111,,,125058759,0,424589,0,Yes,7,110,,,N,1725373480,1379.65,,,,,1394.74,,,,,1366.33,,,,,1381.43,,,,,2.17,7,93,0,0,0,0,0,7,2,74,17,0,0,0,0,0,0,0,0,0,0,0,0,0,0,0,,0,0,0,0,0,0,0,,,,,,,,,,,,,Debentures have been revalued using an estimated fair market spread over the relevant gilt; Interest rate swaps and fixed rate loans have been revalued using mark to market estimates provided by a counterparty or other relevant source.,
UK Growth,JPMorgan Mid Cap,Ordinary Share,31/01/2007,235761,262047140,28962378,31718740,28962378,31718740,0,0,0,28962378,698.5,2496772,,,30260000,0,25000,0,N/A,1,112,,,Y,233084762,770.27,,,,,778.52,,,,,761.16,,,,,769.42,,,,,2.5,1,99,0,0,0,0,0,1,3,95,1,0,0,0,0,0,0,0,0,0,0,0,0,0,0,0,,0,0,0,0,0,0,0,,,,,,,,,,,,,Debentures have been revalued using an estimated fair market spread over the relevant gilt;  Interst rate swaps and fixed rate loans have been revalued using mark to market estimates provided by a counterparty or other relevant source.,
UK Growth,Keystone,Ordinary Share,31/01/2007,491206,211830882,39788806,45943567,39788806,45943567,0,0,0,39788806,1180,1530610,,,13368799,0,0,0,N/A,2,123,0,,Y,172042076,1286.89,,,,,1298.34,,,,,1240.85,,,,,1252.3,,,,,2.7,2,90,1,7,0,0,0,2,69,13,7,0,0,9,0,0,0,0,0,0,0,0,0,0,0,0,,0,0,0,0,0,0,0,,,,,,,,,,,,,FV based on Stock Exchange closing mid + broker advise where no Stock Exchange price available.,
UK Growth,Principle Capital,Ordinary Share,31/01/2007,B0K32V3,,,,,,,,,,,,,,,,,,,,,,,,,,,,,,,,,,,,,,,,,,,,,,,,,,,,,,,,,,,,,,,,,,,,,,,,,,,,,,,,,,,,,,,,,,,,,
UK Growth,Principle Capital C shares,Ordinary Share,31/01/2007,B18CC19,,,,,,,,,,,,,,,,,,,,,,,,,,,,,,,,,,,,,,,,,,,,,,,,,,,,,,,,,,,,,,,,,,,,,,,,,,,,,,,,,,,,,,,,,,,,,
UK Growth,SVM UK Active,Ordinary Share,31/01/2007,911544,84919516,0,0,0,0,0,0,0,0,209.75,0,0,,37427324,0,0,4000000,Yes,-9,100,,,,84919516,226.89,,,,225.24,,,,,,226.89,,,,225.24,,,,,,0,-9,103,0,0,0,0,6,-9,51,22,30,0,0,6,94,0,0,0,1,5,94,0,0,0,1,5,,0,0,0,0,0,0,0,,,,,,,,,,,,,,
UK Growth,Schroder UK Growth,Ordinary Share,31/01/2007,791348,254811384,30000000,30000000,30000000,30000000,0,0,0,30000000,136.25,2615659,,,159925900,0,0,0,No,-1,113,,,Y,224811384,140.57,,,,,142.21,,,,,140.57,,,,,142.21,,,,,3.29,-1,101,0,0,0,0,0,-1,89,12,0,0,0,0,100,0,0,0,0,0,100,0,0,0,0,0,,0,0,0,0,0,0,0,,,,,,,,,,,,,,
UK Growth,Strategic Equity Capital,Ordinary Share,31/01/2007,B0BDCB2,,,,,,,,,,,,,,,,,,,,,,,,,,,,,,,,,,,,,,,,,,,,,,,,,,,,,,,,,,,,,,,,,,,,,,,,,,,,,,,,,,,,,,,,,,,,,
UK Growth,Tribune UK Tracker,Ordinary Share,31/01/2007,B0S49V7,212861892,0,0,0,0,0,0,0,0,687,353592,,,29725694,0,230000,3159480,No,0,100,0,,N,212861892,716.09,,,,716.09,717.28,,,,717.28,716.09,,,,716.09,717.28,,,,717.28,0,0,100,0,0,0,0,0,0,85,12,3,0,0,0,0,0,0,0,0,0,0,0,0,0,0,0,/,0,0,0,0,0,0,0,,,,,,,,,,,,,,
UK Growth,UK Select Trust,Ordinary Share,31/01/2007,461823,37266125,5200000,5200000,5200000,5200000,0,0,0,5200000,149.5,522434,,,20830484,0,0,0,N/A,-4,116,,,Y,32066125,153.94,,,,,156.45,,,,,153.94,,,,,156.45,,,,,3.14,-4,104,0,0,0,0,0,-4,51,53,0,0,0,0,100,0,0,0,0,0,100,0,0,0,0,0,,0,0,0,0,0,0,0,,,,,,,,,,,,,Par and Fair Value are not materially different,
Category,Fund,Share,Date,SEDOL,TotalAssets,PC Total Par,PC Total Fair,PC Debt Par,PC Debt Fair,PC Equity,Convertibles Par,Convertibles Fair,PC Gearing,Price,CurrYrRev,Res (splits only),Res% (splits only),NumberShares,SharesIssued,SharesPurch,TryShares,SellbelowNAV,Cash,Gearing,Unlisted,PermLoss,Perffee,ShHolder Funds for share,PCNCWNE,   PCNCWE,   PCCWNE,   PCCWE,   PCCWETS,PCNCWNEcum,PCNCWEcum,PCCWNEcum,PCCWEcum,PCCWETScum,FCNCWNE,   FCNCWE,   FCCWNE,   FCCWE,   FCCWETS,FCNCWNEcum,FCNCWEcum,FCCWNEcum,FCCWEcum,FCCWETScum,PFY,CFI,UK ,Cont. Europe,North America,Japan ,Other Pacific,Other ,Cash / Cash equiv,Bonds ,UK Equity x IC,Int. Equities,SC Inc Shares,SC Ord Inc Shares,Other SC & ICs,UK ,Cont. Europe,North America,Japan ,Other Pacific,Other ,UK ,Cont. Europe,North America,Japan ,Other Pacific,Other ,Flags,,,,,,,,AIC Cat 2,Name,in issue,Perf NAV,Pub NAV,Gearing,Name,in issue,NAV Par,NAV Fair,Gearing,FootNote,Note,
UK High Income,City Merchants High Yield,Ordinary Share,31/01/2007,B0LNG76,96943431,9625912,9625912,9625912,9625912,0,0,0,9625912,190.25,0,,,48630448,0,0,0,N/A,71,111,0,,N,87317519,179.55,,,,,,,,,,179.55,,,,,,,,,,6.4,71,25,1,1,0,2,0,8,63,25,4,0,0,0,43,41,16,0,0,0,0,0,0,0,0,0,,0,0,0,0,0,0,0,,,,,,,,,,,,,FV of overdraft not materially different to PAR,
UK High Income,Glasgow Income,Ordinary Share,31/01/2007,370866,177299000,55943425,55943425,55943425,55943425,0,0,0,55943425,104.75,121000,,,121942517,3509409,0,0,N/A,26,146,,,N,121355575,99.52,,,,,99.62,,,,,99.52,,,,,99.62,,,,,4.16,26,73,0,0,0,0,1,4,22,73,0,0,0,1,100,0,0,0,0,0,100,0,0,0,0,0,,0,0,0,0,0,0,0,,,,,,,,,,,,,"All the zero coupon finance arrangements each comprise a set of financial ç
instruments (FTSE 100 Index options)with each option having its own market ç
value. Both sets of options are valued at market value hence par and fair ç
value are the same.
The pa","10/1/7 9,231 shs @ 106.0p
17/1/7 23,747 shs @ 106.5p
24/1/7 26,431 shs @ 106.0p
26/1/7 3,450,000 shs @ 103.5p"
UK High Income,Henderson High Income,Ordinary Share,31/01/2007,958057,153847000,31419473,31419473,31419473,31419473,0,0,0,31419473,179.25,0,,,69687798,0,0,0,N/A,18,126,,,Y,122427527,175.68,,,,,,,,,,175.68,,,,,,,,,,4.55,18,80,2,0,0,0,0,-2,20,80,2,0,0,0,100,0,0,0,0,0,98,2,0,0,0,0,/,0,0,0,0,0,0,0,,,,,,,,,,,,,"Because the loans are of short duration to redemption, no fair value has been calculated.",
UK High Income,New City High Yield,Ordinary Share,31/01/2007,506241,65755683,13000000,13000000,13000000,13000000,0,0,0,13000000,54.25,926721,,,99022414,0,0,0,N/A,56,125,3,,N,52755683,53.28,,,,,54.21,,,,,53.28,,,,,54.21,,,,,7.8,56,41,0,0,0,0,3,3,53,44,0,0,0,0,66,28,3,0,3,0,78,16,2,0,4,0,,0,0,0,0,0,0,0,,,,,,,,,,,,,"Loan falling due within one year, valued at par.",
UK High Income,Shires Smaller Companies,Ordinary Share,31/01/2007,806372,99421000,34751900,34758420,34751900,34758420,0,0,0,34751900,287.75,330000,,,22109765,0,0,0,N/A,31,154,,,N,64669100,292.49,,,,,293.98,,,,,292.46,,,,,293.95,,,,,4.59,31,69,0,0,0,0,0,-1,32,68,0,0,0,1,100,0,0,0,0,0,100,0,0,0,0,0,,0,0,0,0,0,0,0,,,,,,,,,,,,,"The par value of bank loans and overdrafts is considered also to be their fair value due to their short term maturity
The fair value of the long term loan is calculated using a discounted cash flow method.
The fair value on the FTSE option instrume",
Category,Fund,Share,Date,SEDOL,TotalAssets,PC Total Par,PC Total Fair,PC Debt Par,PC Debt Fair,PC Equity,Convertibles Par,Convertibles Fair,PC Gearing,Price,CurrYrRev,Res (splits only),Res% (splits only),NumberShares,SharesIssued,SharesPurch,TryShares,SellbelowNAV,Cash,Gearing,Unlisted,PermLoss,Perffee,ShHolder Funds for share,PCNCWNE,   PCNCWE,   PCCWNE,   PCCWE,   PCCWETS,PCNCWNEcum,PCNCWEcum,PCCWNEcum,PCCWEcum,PCCWETScum,FCNCWNE,   FCNCWE,   FCCWNE,   FCCWE,   FCCWETS,FCNCWNEcum,FCNCWEcum,FCCWNEcum,FCCWEcum,FCCWETScum,PFY,CFI,UK ,Cont. Europe,North America,Japan ,Other Pacific,Other ,Cash & Fixed Int.,FTSE 100,FTSE 250,FTSE Small Cap,FTSE Fledgling,AIM OFEX,Int. Equities,UK ,Cont. Europe,North America,Japan ,Other Pacific,Other ,UK ,Cont. Europe,North America,Japan ,Other Pacific,Other ,Flags,,,,,,,,AIC Cat 2,Name,in issue,Perf NAV,Pub NAV,Gearing,Name,in issue,NAV Par,NAV Fair,Gearing,FootNote,Note,
UK Smaller Companies,Aberforth Smaller Companies,Ordinary Share,31/01/2007,6655,828653994,0,0,0,0,0,0,0,0,764,9476302,,,98809788,0,0,0,N/A,1,100,0,,N,828653994,838.64,,,,,848.23,,,,,838.64,,,,,848.23,,,,,0,1,99,0,0,0,0,0,1,0,42,53,4,0,0,100,0,0,0,0,0,100,0,0,0,0,0,,0,0,0,0,0,0,0,,,,,,,,,,,,"Dividend of 9.15p per Share, ex-d 7/2/07, record 9/2/07, payable on 7/3/07",,
UK Smaller Companies,Active Capital,Ordinary Share,31/01/2007,3038332,114256656,30000000,30000000,30000000,30000000,0,0,0,30000000,129.25,0,,,56822364,0,750000,0,N/A,3,136,3,,,84256656,148.28,,,,,,,,,,148.28,,,,,,,,,,0.4,3,97,0,0,0,0,0,3,0,0,8,0,89,0,0,0,0,0,0,0,0,0,0,0,0,0,,0,0,0,0,0,0,0,,,,,,,,,,,,,Variable rate loans. Fair value is the same as par value.,
UK Smaller Companies,Dunedin Smaller Companies,Ordinary Share,31/01/2007,B1GCL25,101326482,10000000,10000000,10000000,10000000,0,0,0,10000000,154.5,1299689,0,,54168160,0,2790000,0,N/A,4,111,,,Y,91326482,168.6,,,,,171,,,,,168.6,,,,,171,,,,,3,4,96,0,0,0,0,0,4,0,34,50,5,7,0,100,0,0,0,0,0,100,0,0,0,0,0,,0,0,0,0,0,0,0,,,,,,,,,,,,,,"500,000 SHARES REPURCHASED AT 154.0P ON 11.01.07,
2,170,000 SHARES REPURCHASED AT 155.0P ON 26.01.07, 120,000 SHARES REPURCHASED AT 154.75P ON 31.01.07"
UK Smaller Companies,Edinburgh Small Companies,Ordinary Share,31/01/2007,295958,59721283,9648028,11770594,9648028,11770594,0,0,0,9648028,122,714678,,,34777791,0,0,0,N/A,2,119,,,,50073255,143.98,140.58,,,,146.04,142.48,,,,137.88,134.95,,,,139.93,136.85,,,,0,2,98,0,0,0,0,0,2,0,42,33,0,23,0,100,0,0,0,0,0,100,0,0,0,0,0,,0,0,0,0,0,0,0,,,,,,,,,,,,,MARKET VALUE OF DEBENTURE STOCK. TENDER OFFER DURING NOV,
UK Smaller Companies,Framlington Innovative Growth,Ordinary Share,31/01/2007,890632,182234722,8000000,8000000,8000000,8000000,0,0,0,8000000,473.5,910375,,,32112350,0,0,0,N/A,8,105,0,,Y,174234722,542.58,,,,,545.41,,,,,542.58,,,,,545.41,,,,,1.89,8,90,1,0,0,0,1,8,0,19,30,8,33,2,0,0,0,0,0,0,0,0,0,0,0,0,/,0,0,0,0,0,0,0,,,,,,,,,,,,,The bank loan is fixed to 07.03.08 and Fair Value is taken to be the same as the nominal amount drawn down.,
UK Smaller Companies,Gartmore Fledgling,Ordinary Share,31/01/2007,371922,106719010,0,0,0,0,0,0,0,0,448.25,394758,,,21446580,0,30000,0,N/A,1,100,0,,N,106719010,497.6,,,,,499.44,,,,,497.6,,,,,499.44,,,,,1.99,1,99,0,0,0,0,0,1,0,0,17,82,0,0,100,0,0,0,0,0,100,0,0,0,0,0,/,0,0,0,0,0,0,0,,,,,,,,,,,,,,"11/01/07 10,000 shares at a total cost of ú0.04475
23/01/07 10,000 shares at a total cost of ú0.0446375
30/01/07 10,000 shares at a total cost of ú0.044825"
UK Smaller Companies,Gartmore Growth Opportunities,Ordinary Share,31/01/2007,B07BP66,39319832,7208039,6142646,7208039,6142646,0,0,0,7208039,398,-20118,,,7861779,0,0,0,N/A,5,122,,Y,N,32111793,,,,,,408.2,,,,,,,,,,421.75,,,,,1.5,5,95,0,0,0,0,0,5,0,4,35,12,44,0,100,0,0,0,0,0,100,0,0,0,0,0,/,0,0,0,0,0,0,0,,,,,,,,,,,,,"Index loan stock valued at mid market price
Short term borrowings at borrowed amount",
UK Smaller Companies,Gartmore Smaller Companies,Ordinary Share,31/01/2007,532309,97092135,1200000,1200000,1200000,1200000,0,0,0,1200000,594.5,74518,,,13875000,0,0,0,N/A,1,101,,,N,95892135,691.11,,,,,691.65,,,,,691.11,,,,,691.65,,,,,0.7,1,99,0,0,0,0,0,1,0,5,31,10,53,0,100,0,0,0,0,0,100,0,0,0,0,0,,0,0,0,0,0,0,0,,,,,,,,,,,,,Short Term Borrowings at borrowed amount,
UK Smaller Companies,Henderson Smaller Companies,Ordinary Share,31/01/2007,906506,344408000,34259000,40954000,34259000,40954000,0,0,0,34259000,298.25,909000,,,88638030,0,400000,0,N/A,-1,111,,,Y,310149000,349.91,,,,,350.93,,,,,342.35,,,,,343.38,,,,,0,-1,101,0,0,0,0,0,-1,0,59,29,1,12,0,0,0,0,0,0,0,0,0,0,0,0,0,,0,0,0,0,0,0,0,,,,,,,,,,,,,"MARKET PRICE AS AT 31/01/07
THE FAIR VALUE AND PAR VALUE ARE NOT MATERIALLY DIFFERENT
","15/1/07 300k shares at 292p, 16/1/07 100k shares at 293p"
UK Smaller Companies,INVESCO English & International,Ordinary Share,31/01/2007,B0LM0M6,156706377,19938948,24056750,19938948,24056750,0,0,0,19938948,328.25,0,,,36906132,0,1420343,3980000,N/A,1,115,3,,N,136767429,370.58,,,,366.46,,,,,,359.42,,,,356.39,,,,,,1.2,1,97,0,2,0,0,0,1,0,8,26,10,52,3,0,0,0,0,0,0,0,0,0,0,0,0,,0,0,0,0,0,0,0,,,,,,,,,,,,,"FV of debt are based on the Stock Exchange closing mid prices for the various ç
debt instruments. FV of the short term loan is based on PAR value.
The 10.625% 2014 debenture was redeemed early on 5/7/06","250,000 ord 25p shrs redeemed on 9/1 @ 329p each.
1,170,343 ord 25p shrs redeemed on 16/1 @ 344.05p each."
UK Smaller Companies,Invesco Perpetual UK Smaller Companies,Ordinary Share,31/01/2007,B1FL3C7,149975351,0,0,0,0,0,0,0,0,195.5,1040000,,,66796725,0,230000,0,N/A,0,100,0,,Y,149975351,224.53,,,,,226.08,,,,,224.53,,,,,226.08,,,,,1.7,0,100,0,0,0,0,0,0,0,39,61,0,0,0,0,0,0,0,0,0,0,0,0,0,0,0,A,0,0,0,0,0,0,0,,,,,,,,,,,,,,"100,000 ord 20p shrs cancelled on 16/1/07 @ 193p per share.
130,000 ord 20p shrs cancelled on 17/1/07 @ 194p per share"
UK Smaller Companies,JPMorgan Smaller Companies,Ordinary Share,31/01/2007,741600,151055316,9086816,9086816,9086816,9086816,0,0,0,9086816,550.75,570510,,,22441186,0,0,0,N/A,0,106,,,Y,141968500,632.62,,,,,635.17,,,,,632.62,,,,,635.17,,,,,1.48,0,100,0,0,0,0,0,0,0,32,56,0,12,0,0,0,0,0,0,0,0,0,0,0,0,0,,0,0,0,0,0,0,0,,,,,,,,,,,,,,
UK Smaller Companies,Merrill Lynch British Smaller Companies,Ordinary Share,31/01/2007,643610,240556158,18749263,21739593,18749263,21739593,0,0,0,18749263,379.75,1764000,,,49993523,0,0,0,N/A,0,108,,,Y,221806895,443.67,,,,,447.2,,,,,437.69,,,,,441.22,,,,,0,0,100,0,0,0,0,0,0,0,22,32,4,42,0,0,0,0,0,0,0,0,0,0,0,0,0,,0,0,0,0,0,0,0,,,,,,,,,,,,,"15,000,000 @ ú1.18343",
UK Smaller Companies,Montanaro UK Smaller Companies,Ordinary Share,31/01/2007,600756,138745919,13000000,13000000,13000000,13000000,0,0,0,13000000,307,924397,,,35609458,0,0,0,N/A,5,110,,,Y,125745919,353.13,,,,,355.72,,,,,353.13,,,,,355.72,,,,,0,5,95,0,0,0,0,0,5,0,14,56,5,20,0,0,0,0,0,0,0,0,0,0,0,0,0,,0,0,0,0,0,0,0,,,,,,,,,,,,,Fair Value has been estimated using a discounted cash flow model utilising the rate of interest which would be paid if debt with the same terms and conditions were taken out today,
UK Smaller Companies,Platinum,Ordinary Share,31/01/2007,463584,,,,,,,,,,,,,,,,,,,,,,,,,,,,,,,,,,,,,,,,,,,,,,,,,,,,,,,,,,,,,,,,,,,,,,,,,,,,,,,,,,,,,,,,,,,,,
UK Smaller Companies,Schroder UK Mid & Small Cap,Ordinary Share,31/01/2007,610841,106174041,5000000,5000000,5000000,5000000,0,0,0,5000000,252,540645,,,36748690,0,0,0,N/A,1,105,,,Y,101174041,275.31,,,,,276.78,,,,,275.31,,,,,276.78,,,,,0,1,99,0,0,0,0,0,1,0,59,32,3,5,0,100,0,0,0,0,0,100,0,0,0,0,0,,0,0,0,0,0,0,0,,,,,,,,,,,,,,
UK Smaller Companies,Throgmorton Trust,Ordinary Share,31/01/2007,891055,370252025,32168645,42616943,32168645,42616943,0,0,0,32168645,178.25,2426346,,,157805869,0,2775000,0,N/A,7,110,0,,N,338083380,214.24,,,,,215.78,,,,,207.62,,,,,209.16,,,,,1.6,7,85,1,3,0,3,1,7,0,14,27,4,40,8,0,0,0,0,0,0,0,0,0,0,0,0,/,0,0,0,0,0,0,0,,,,,,,,,,,,,The 'Fair Value' of the prior charges is based on the quoted market price at the month end.,"11.01.07 -   400,000 shs for ú0.705m
12.01.07 - 2,375,000 shs for ú4.185m"
Category,Fund,Share,Date,SEDOL,TotalAssets,PC Total Par,PC Total Fair,PC Debt Par,PC Debt Fair,PC Equity,Convertibles Par,Convertibles Fair,PC Gearing,Price,CurrYrRev,Res (splits only),Res% (splits only),NumberShares,SharesIssued,SharesPurch,TryShares,SellbelowNAV,Cash,Gearing,Unlisted,PermLoss,Perffee,ShHolder Funds for share,PCNCWNE,   PCNCWE,   PCCWNE,   PCCWE,   PCCWETS,PCNCWNEcum,PCNCWEcum,PCCWNEcum,PCCWEcum,PCCWETScum,FCNCWNE,   FCNCWE,   FCCWNE,   FCCWE,   FCCWETS,FCNCWNEcum,FCNCWEcum,FCCWNEcum,FCCWEcum,FCCWETScum,PFY,CFI,UK ,Cont. Europe,North America,Japan ,Other Pacific,Other ,Cash & Fixed Int.,UK Listed,UK Unlisted,Cont. Eur Listed,Cont. Eur Unlisted,US Listed,US Unlisted,UK ,Cont. Europe,North America,Japan ,Other Pacific,Other ,UK ,Cont. Europe,North America,Japan ,Other Pacific,Other ,Flags,,,,,,,,AIC Cat 2,Name,in issue,Perf NAV,Pub NAV,Gearing,Name,in issue,NAV Par,NAV Fair,Gearing,FootNote,Note,
Venture Capital Trusts,AIM Distribution Trust VCT,Ordinary Share,31/01/2007,11637,9659265,0,0,0,0,0,0,0,0,58.5,-2735,,,14427339,0,35000,0,N/A,17,100,5,,N,9659265,66.95,,,,,66.93,,,,,66.95,,,,,66.93,,,,,0,17,83,0,0,0,0,0,17,78,5,0,0,0,0,0,0,0,0,0,0,0,0,0,0,0,0,A,0,0,0,0,0,0,0,,,,,,,,,,,,,,
Venture Capital Trusts,AIM VCT,Ordinary Share,31/01/2007,448451,16970236,0,0,0,0,0,0,0,0,63.5,0,,,22251964,0,0,0,N/A,6,100,4,,Y,16970236,76.26,,,,,,,,,,76.26,,,,,,,,,,0,6,93,0,0,0,0,0,6,90,4,0,0,0,0,100,0,0,0,0,0,100,0,0,0,0,0,,0,0,0,0,0,0,0,,,,,,,,,,,,,,
Venture Capital Trusts,AIM VCT 2,Ordinary Share,31/01/2007,205753,37610995,0,0,0,0,0,0,0,0,75.5,0,,,40310023,0,0,0,N/A,1,100,,,Y,37610995,93.3,,,,,,,,,,93.3,,,,,,,,,,0,1,99,0,0,0,0,0,3,88,9,0,0,0,0,100,0,0,0,0,0,100,0,0,0,0,0,,0,0,0,0,0,0,0,,,,,,,,,,,,,,
Venture Capital Trusts,AIM VCT 2 C shares,Ordinary Share,31/01/2007,B0PKQN9,3140232,0,0,0,0,0,0,0,0,100,0,,,2950085,0,0,0,N/A,53,100,,,,3140232,106.45,,,,,,,,,,106.45,,,,,,,,,,0,53,47,0,0,0,0,0,53,44,3,0,0,0,0,100,0,0,0,0,0,100,0,0,0,0,0,,0,0,0,0,0,0,0,,,,,,,,,,,,,,
Venture Capital Trusts,Aberdeen Growth Opportunities VCT,Ordinary Share,31/01/2007,3115376,,,,,,,,,,,,,,,,,,,,,,,,,,,,,,,,,,,,,,,,,,,,,,,,,,,,,,,,,,,,,,,,,,,,,,,,,,,,,,,,,,,,,,,,,,,,,
Venture Capital Trusts,Aberdeen Growth Opportunities VCT C shares,Ordinary Share,31/01/2007,B0WH8F9,,,,,,,,,,,,,,,,,,,,,,,,,,,,,,,,,,,,,,,,,,,,,,,,,,,,,,,,,,,,,,,,,,,,,,,,,,,,,,,,,,,,,,,,,,,,,
Venture Capital Trusts,Aberdeen Growth Opportunities VCT 2,Ordinary Share,31/01/2007,B043QW8,,,,,,,,,,,,,,,,,,,,,,,,,,,,,,,,,,,,,,,,,,,,,,,,,,,,,,,,,,,,,,,,,,,,,,,,,,,,,,,,,,,,,,,,,,,,,
Venture Capital Trusts,Aberdeen Growth VCT I,Ordinary Share,31/01/2007,3036745,,,,,,,,,,,,,,,,,,,,,,,,,,,,,,,,,,,,,,,,,,,,,,,,,,,,,,,,,,,,,,,,,,,,,,,,,,,,,,,,,,,,,,,,,,,,,
Venture Capital Trusts,Artemis AIM VCT,Ordinary Share,31/01/2007,3016703,40956620,0,0,0,0,0,0,0,0,80.5,-181965,0,,43826878,0,315000,0,No,2,100,6,Y,N,40956620,,,,,,93.04,,,,,,,,,,93.04,,,,,0.93,2,97,0,1,0,0,0,2,91,6,0,0,1,0,0,0,0,0,0,0,0,0,0,0,0,0,/A,0,0,0,0,0,0,0,,,,,,,,,,,,,,"Artemis AiM VCT has bought back 315,000 shares at 83.2p. There are now 43,826,878 shares remaining outstanding. Date - 23/01/07"
Venture Capital Trusts,Artemis AIM VCT 2,Ordinary Share,31/01/2007,B02WQ94,35723555,0,0,0,0,0,0,0,0,80,14022,,,39857004,0,0,0,No,14,100,17,,N,35723555,89.63,,,,,89.66,,,,,89.63,,,,,89.66,,,,,1.21,14,86,0,0,0,0,0,14,69,17,0,0,0,0,100,0,0,0,0,0,100,0,0,0,0,0,,0,0,0,0,0,0,0,,,,,,,,,,,,,,
Venture Capital Trusts,Baronsmead AIM VCT,Ordinary Share,31/01/2007,B0YZHK9,17331970,0,0,0,0,0,0,0,0,91.5,0,,,16817985,0,0,0,N/A,68,100,,,Y,17331970,103.06,,,,,,,,,,103.06,,,,,,,,,,4,68,32,0,0,0,0,0,68,32,0,0,0,0,0,100,0,0,0,0,0,100,0,0,0,0,0,A,0,0,0,0,0,0,0,,,,,,,,,,,,,,
Venture Capital Trusts,Baronsmead VCT,Ordinary Share,31/01/2007,80358,,,,,,,,,,,,,,,,,,,,,,,,,,,,,,,,,,,,,,,,,,,,,,,,,,,,,,,,,,,,,,,,,,,,,,,,,,,,,,,,,,,,,,,,,,,,,
Venture Capital Trusts,Baronsmead VCT C shares,Ordinary Share,31/01/2007,B067N38,,,,,,,,,,,,,,,,,,,,,,,,,,,,,,,,,,,,,,,,,,,,,,,,,,,,,,,,,,,,,,,,,,,,,,,,,,,,,,,,,,,,,,,,,,,,,
Venture Capital Trusts,Baronsmead VCT 2,Ordinary Share,31/01/2007,263193,,,,,,,,,,,,,,,,,,,,,,,,,,,,,,,,,,,,,,,,,,,,,,,,,,,,,,,,,,,,,,,,,,,,,,,,,,,,,,,,,,,,,,,,,,,,,
Venture Capital Trusts,Baronsmead VCT 3,Ordinary Share,31/01/2007,3002810,,,,,,,,,,,,,,,,,,,,,,,,,,,,,,,,,,,,,,,,,,,,,,,,,,,,,,,,,,,,,,,,,,,,,,,,,,,,,,,,,,,,,,,,,,,,,
Venture Capital Trusts,Baronsmead VCT 3 C shares,Ordinary Share,31/01/2007,B0GDRP6,,,,,,,,,,,,,,,,,,,,,,,,,,,,,,,,,,,,,,,,,,,,,,,,,,,,,,,,,,,,,,,,,,,,,,,,,,,,,,,,,,,,,,,,,,,,,
Venture Capital Trusts,Baronsmead VCT 4,Ordinary Share,31/01/2007,3109528,,,,,,,,,,,,,,,,,,,,,,,,,,,,,,,,,,,,,,,,,,,,,,,,,,,,,,,,,,,,,,,,,,,,,,,,,,,,,,,,,,,,,,,,,,,,,
Venture Capital Trusts,Baronsmead VCT 4 C shares,C share,31/01/2007,B0WV8X9,,,,,,,,,,,,,,,,,,,,,,,,,,,,,,,,,,,,,,,,,,,,,,,,,,,,,,,,,,,,,,,,,,,,,,,,,,,,,,,,,,,,,,,,,,,,,
Venture Capital Trusts,British Smaller Companies VCT,Ordinary Share,31/01/2007,140315,,,,,,,,,,,,,,,,,,,,,,,,,,,,,,,,,,,,,,,,,,,,,,,,,,,,,,,,,,,,,,,,,,,,,,,,,,,,,,,,,,,,,,,,,,,,,
Venture Capital Trusts,British Smaller Companies VCT C shares,Ordinary Share,31/01/2007,B04KJJ7,,,,,,,,,,,,,,,,,,,,,,,,,,,,,,,,,,,,,,,,,,,,,,,,,,,,,,,,,,,,,,,,,,,,,,,,,,,,,,,,,,,,,,,,,,,,,
Venture Capital Trusts,British Smaller Technology Companies VCT 2,Ordinary Share,31/01/2007,500179,,,,,,,,,,,,,,,,,,,,,,,,,,,,,,,,,,,,,,,,,,,,,,,,,,,,,,,,,,,,,,,,,,,,,,,,,,,,,,,,,,,,,,,,,,,,,
Venture Capital Trusts,Close Brothers AIM VCT,Ordinary Share,31/01/2007,248167,26410716,0,0,0,0,0,0,0,0,80,-20256,,,30181371,0,173693,0,N/A,15,100,,,Y,26410716,87.51,,,,,87.44,,,,,87.51,,,,,87.44,,,,,1.21,15,85,0,0,0,0,0,15,85,0,0,0,0,0,100,0,0,0,0,0,0,0,0,0,0,0,,0,0,0,0,0,0,0,,,,,,,,,,,,,,
Venture Capital Trusts,Close Brothers AIM VCT D shares,Ordinary Share,31/01/2007,3420207,19758571,0,0,0,0,0,0,0,0,113,53251,,,16015188,0,3952,0,N/A,45,100,,,Y,19758571,123.37,,,,,123.71,,,,,123.37,,,,,123.71,,,,,2.24,45,55,0,0,0,0,0,0,0,0,0,0,0,0,100,0,0,0,0,0,0,0,0,0,0,0,,0,0,0,0,0,0,0,,,,,,,,,,,,,,
Venture Capital Trusts,Close Brothers Development VCT C shares,C share,31/01/2007,3204218,,,,,,,,,,,,,,,,,,,,,,,,,,,,,,,,,,,,,,,,,,,,,,,,,,,,,,,,,,,,,,,,,,,,,,,,,,,,,,,
Venture Capital Trusts,Close Brothers Development VCT,Ordinary Share,31/01/2007,483247,,,,,,,,,,,,,,,,,,,,,,,,,,,,,,,,,,,,,,,,,,,,,,,,,,,,,,,,,,,,,,,,,,,,,,,,,,,,,,,
Venture Capital Trusts,Close Brothers Protected VCT,Ordinary Share,31/01/2007,204006,,,,,,,,,,,,,,,,,,,,,,,,,,,,,,,,,,,,,,,,,,,,,,,,,,,,,,,,,,,,,,,,,,,,,,,,,,,,,,,
Venture Capital Trusts,Close Brothers VCT,Ordinary Share,31/01/2007,203962,,,,,,,,,,,,,,,,,,,,,,,,,,,,,,,,,,,,,,,,,,,,,,,,,,,,,,,,,,,,,,,,,,,,,,,,,,,,,,,
Venture Capital Trusts,Close IHT AIM VCT A,Ordinary Share,31/01/2007,B0JQZZ8,7038408,0,0,0,0,0,0,0,0,100,101207,,,7319861,0,0,0,N/A,66,100,,,Y,7038408,96.15,,,,,97.54,,,,,96.15,,,,,97.54,,,,,3.18,66,34,0,0,0,0,0,66,34,0,0,0,0,0,0,0,0,0,0,0,0,0,0,0,0,0,,0,0,0,0,0,0,0
Venture Capital Trusts,Close IHT AIM VCT B,Ordinary Share,31/01/2007,B0JR9G0,17000820,0,0,0,0,0,0,0,0,100,244459,,,17680650,0,0,0,N/A,66,100,,,Y,17000820,96.15,,,,,97.54,,,,,96.15,,,,,97.54,,,,,3.18,66,34,0,0,0,0,0,66,34,0,0,0,0,0,0,0,0,0,0,0,0,0,0,0,0,0,,0,0,0,0,0,0,0
Venture Capital Trusts,Close Income & Growth VCT,Ordinary Share,31/01/2007,B01YYK8,,,,,,,,,,,,,,,,,,,,,,,,,,,,,,,,,,,,,,,,,,,,,,,,,,,,,,,,,,,,,,,,,,,,,,,,,,,,,,,
Venture Capital Trusts,Close Second AIM VCT,Ordinary Share,31/01/2007,3019627,4943959,0,0,0,0,0,0,0,0,58,-12210,,,7804693,0,0,0,N/A,11,100,,,N,4943959,63.35,,,,,63.19,,,,,63.35,,,,,63.19,,,,,0.75,11,89,0,0,0,0,0,11,89,0,0,0,0,0,100,0,0,0,0,0,100,0,0,0,0,0,,0,0,0,0,0,0,0
Venture Capital Trusts,Close Second AIM VCT C shares,Ordinary Share,31/01/2007,B0RFCD4,7795908,0,0,0,0,0,0,0,0,100,89166,,,8214295,0,0,0,N/A,81,100,,,Y,7795908,94.91,,,,,95.99,,,,,94.91,,,,,95.99,,,,,3.83,81,19,0,0,0,0,0,81,13,6,0,0,0,0,100,0,0,0,0,0,100,0,0,0,0,0,,0,0,0,0,0,0,0
Venture Capital Trusts,Close Second AIM VCT D shares,Ordinary Share,31/01/2007,B0RFCM3,11413941,0,0,0,0,0,0,0,0,100,130547,,,12026498,0,0,0,N/A,81,100,,,,11413941,94.91,,,,,95.99,,,,,94.91,,,,,95.99,,,,,3.83,81,19,0,0,0,0,0,81,13,6,0,0,0,0,100,0,0,0,0,0,100,0,0,0,0,0,,0,0,0,0,0,0,0
Venture Capital Trusts,Close Technology & General VCT C shares,Ordinary Share,31/01/2007,B0MV237,,,,,,,,,,,,,,,,,,,,,,,,,,,,,,,,,,,,,,,,,,,,,,,,,,,,,,,,,,,,,,,,,,,,,,,,,,,,,,,
Venture Capital Trusts,Close Technology & General VCT,Ordinary Share,31/01/2007,558167,,,,,,,,,,,,,,,,,,,,,,,,,,,,,,,,,,,,,,,,,,,,,,,,,,,,,,,,,,,,,,,,,,,,,,,,,,,,,,,
Venture Capital Trusts,Core VCT 1,Ordinary Share,31/01/2007,B03FH33,,,,,,,,,,,,,,,,,,,,,,,,,,,,,,,,,,,,,,,,,,,,,,,,,,,,,,,,,,,,,,,,,,,,,,,,,,,,,,,
Venture Capital Trusts,Core VCT 1 B shares,Ordinary Share,31/01/2007,B03FH99,,,,,,,,,,,,,,,,,,,,,,,,,,,,,,,,,,,,,,,,,,,,,,,,,,,,,,,,,,,,,,,,,,,,,,,,,,,,,,,
Venture Capital Trusts,Core VCT II,Ordinary Share,31/01/2007,B03FJ60,,,,,,,,,,,,,,,,,,,,,,,,,,,,,,,,,,,,,,,,,,,,,,,,,,,,,,,,,,,,,,,,,,,,,,,,,,,,,,,
Venture Capital Trusts,Core VCT II B shares,Ordinary Share,31/01/2007,B03FJB5,,,,,,,,,,,,,,,,,,,,,,,,,,,,,,,,,,,,,,,,,,,,,,,,,,,,,,,,,,,,,,,,,,,,,,,,,,,,,,,
Venture Capital Trusts,Core VCT III,Ordinary Share,31/01/2007,B0K4B08,,,,,,,,,,,,,,,,,,,,,,,,,,,,,,,,,,,,,,,,,,,,,,,,,,,,,,,,,,,,,,,,,,,,,,,,,,,,,,,
Venture Capital Trusts,Core VCT III B shares,Ordinary Share,31/01/2007,B0K5CWO,,,,,,,,,,,,,,,,,,,,,,,,,,,,,,,,,,,,,,,,,,,,,,,,,,,,,,,,,,,,,,,,,,,,,,,,,,,,,,,
Venture Capital Trusts,Crown Place VCT,Ordinary Share,31/01/2007,257743,,,,,,,,,,,,,,,,,,,,,,,,,,,,,,,,,,,,,,,,,,,,,,,,,,,,,,,,,,,,,,,,,,,,,,,,,,,,,,,
Venture Capital Trusts,Downing Protected VCT I,Ordinary Share,31/01/2007,279071,,,,,,,,,,,,,,,,,,,,,,,,,,,,,,,,,,,,,,,,,,,,,,,,,,,,,,,,,,,,,,,,,,,,,,,,,,,,,,,
Venture Capital Trusts,Eclipse VCT,Ordinary Share,31/01/2007,B00MKB6,,,,,,,,,,,,,,,,,,,,,,,,,,,,,,,,,,,,,,,,,,,,,,,,,,,,,,,,,,,,,,,,,,,,,,,,,,,,,,,
Venture Capital Trusts,Eclipse VCT 2,Ordinary Share,31/01/2007,B05Q9S3,,,,,,,,,,,,,,,,,,,,,,,,,,,,,,,,,,,,,,,,,,,,,,,,,,,,,,,,,,,,,,,,,,,,,,,,,,,,,,,
Venture Capital Trusts,Eclipse VCT 3,Ordinary Share,31/01/2007,B0FXRZ7,,,,,,,,,,,,,,,,,,,,,,,,,,,,,,,,,,,,,,,,,,,,,,,,,,,,,,,,,,,,,,,,,,,,,,,,,,,,,,,
Venture Capital Trusts,Eclipse VCT 4,Ordinary Share,31/01/2007,B0FXS09,,,,,,,,,,,,,,,,,,,,,,,,,,,,,,,,,,,,,,,,,,,,,,,,,,,,,,,,,,,,,,,,,,,,,,,,,,,,,,,
Venture Capital Trusts,Electra Kingsway VCT,Ordinary Share,31/01/2007,3116153,,,,,,,,,,,,,,,,,,,,,,,,,,,,,,,,,,,,,,,,,,,,,,,,,,,,,,,,,,,,,,,,,,,,,,,,,,,,,,,
Venture Capital Trusts,Electra Kingsway VCT 2,Ordinary Share,31/01/2007,B031G67,,,,,,,,,,,,,,,,,,,,,,,,,,,,,,,,,,,,,,,,,,,,,,,,,,,,,,,,,,,,,,,,,,,,,,,,,,,,,,,
Venture Capital Trusts,Electra Kingsway VCT 3,Ordinary Share,31/01/2007,B0LHSD8,,,,,,,,,,,,,,,,,,,,,,,,,,,,,,,,,,,,,,,,,,,,,,,,,,,,,,,,,,,,,,,,,,,,,,,,,,,,,,,
Venture Capital Trusts,First State Investments AIM VCT,Ordinary Share,31/01/2007,B05N8X2,30035329,0,0,0,0,0,0,0,0,108,-151303,,,23908229,0,0,0,N/A,-9,100,,,,30035329,125.63,,,,,124.99,,,,,125.63,,,,,124.99,,,,,0.58,-9,108,0,1,0,0,0,-9,102,6,0,0,1,0,100,0,0,0,0,0,108,0,1,0,0,-9,,0,0,0,0,0,0,0
Venture Capital Trusts,Foresight 2 VCT,Ordinary Share,31/01/2007,B03CKY6,,,,,,,,,,,,,,,,,,,,,,,,,,,,,,,,,,,,,,,,,,,,,,,,,,,,,,,,,,,,,,,,,,,,,,,,,,,,,,,
Venture Capital Trusts,Foresight 2 VCT C shares,Ordinary Share,31/01/2007,B1GGVY9,,,,,,,,,,,,,,,,,,,,,,,,,,,,,,,,,,,,,,,,,,,,,,,,,,,,,,,,,,,,,,,,,,,,,,,,,,,,,,,
Venture Capital Trusts,Foresight 3 VCT,Ordinary Share,31/01/2007,B083776,,,,,,,,,,,,,,,,,,,,,,,,,,,,,,,,,,,,,,,,,,,,,,,,,,,,,,,,,,,,,,,,,,,,,,,,,,,,,,,
Venture Capital Trusts,Foresight 4 VCT,Ordinary Share,31/01/2007,B07YBS9,,,,,,,,,,,,,,,,,,,,,,,,,,,,,,,,,,,,,,,,,,,,,,,,,,,,,,,,,,,,,,,,,,,,,,,,,,,,,,,
Venture Capital Trusts,Foresight VCT,Ordinary Share,31/01/2007,B1M27S7,,,,,,,,,,,,,,,,,,,,,,,,,,,,,,,,,,,,,,,,,,,,,,,,,,,,,,,,,,,,,,,,,,,,,,,,,,,,,,,
Venture Capital Trusts,Framlington AIM VCT,Ordinary Share,31/01/2007,B02WQ61,25727244,0,0,0,0,0,0,0,0,101,66697,,,24967297,0,0,0,N/A,22,100,0,,N,25727244,103.04,,,,,103.31,,,,,103.04,,,,,103.31,,,,,1.74,22,77,0,1,0,0,0,22,78,0,0,0,0,0,0,0,0,0,0,0,0,0,0,0,0,0,,0,0,0,0,0,0,0
Venture Capital Trusts,Framlington AIM VCT 2,Ordinary Share,31/01/2007,B0MV7V0,30257015,0,0,0,0,0,0,0,0,99,268407,,,30850277,0,0,0,N/A,66,100,0,,N,30257015,98.08,,,,,98.95,,,,,98.08,,,,,98.95,,,,,3.57,66,34,0,0,0,0,0,66,34,0,0,0,0,0,100,0,0,0,0,0,100,0,0,0,0,0,,0,0,0,0,0,0,0
Venture Capital Trusts,Guinness Flight VCT,Ordinary Share,31/01/2007,394510,,,,,,,,,,,,,,,,,,,,,,,,,,,,,,,,,,,,,,,,,,,,,,,,,,,,,,,,,,,,,,,,,,,,,,,,,,,,,,,
Venture Capital Trusts,Invesco Perpetual AiM VCT,Ordinary Share,31/01/2007,B01JDF1,46206104,0,0,0,0,0,0,0,0,97,0,,,43703113,0,0,0,N/A,15,100,0,,N,46206104,105.73,,,,,,,,,,105.73,,,,,,,,,,0.6,15,85,0,0,0,0,0,15,85,0,0,0,0,0,100,0,0,0,0,0,0,0,0,0,0,0,,0,0,0,0,0,0,0
Venture Capital Trusts,Keydata AIM VCT,Ordinary Share,31/01/2007,B02WHS0,,,,,,,,,,,,,,,,,,,,,,,,,,,,,,,,,,,,,,,,,,,,,,,,,,,,,,,,,,,,,,,,,,,,,,,,,,,,,,,
Venture Capital Trusts,Keydata AIM VCT C shares,Ordinary Share,31/01/2007,B0LSPY1,,,,,,,,,,,,,,,,,,,,,,,,,,,,,,,,,,,,,,,,,,,,,,,,,,,,,,,,,,,,,,,,,,,,,,,,,,,,,,,
Venture Capital Trusts,Matrix Income & Growth 2 VCT,Ordinary Share,31/01/2007,923323,,,,,,,,,,,,,,,,,,,,,,,,,,,,,,,,,,,,,,,,,,,,,,,,,,,,,,,,,,,,,,,,,,,,,,,,,,,,,,,
Venture Capital Trusts,Matrix Income & Growth 2 VCT C shares,Ordinary Share,31/01/2007,B0LKLZ0,,,,,,,,,,,,,,,,,,,,,,,,,,,,,,,,,,,,,,,,,,,,,,,,,,,,,,,,,,,,,,,,,,,,,,,,,,,,,,,
Venture Capital Trusts,Matrix Income & Growth 3 VCT,Ordinary Share,31/01/2007,B0JMRX8,,,,,,,,,,,,,,,,,,,,,,,,,,,,,,,,,,,,,,,,,,,,,,,,,,,,,,,,,,,,,,,,,,,,,,,,,,,,,,,
Venture Capital Trusts,Matrix Income & Growth 4 VCT,Ordinary Share,31/01/2007,B1FMDH5,,,,,,,,,,,,,,,,,,,,,,,,,,,,,,,,,,,,,,,,,,,,,,,,,,,,,,,,,,,,,,,,,,,,,,,,,,,,,,,
Venture Capital Trusts,Matrix Income & Growth VCT,Ordinary Share,31/01/2007,B01WL23,,,,,,,,,,,,,,,,,,,,,,,,,,,,,,,,,,,,,,,,,,,,,,,,,,,,,,,,,,,,,,,,,,,,,,,,,,,,,,,
Venture Capital Trusts,Murray VCT 4,Ordinary Share,31/01/2007,412285,,,,,,,,,,,,,,,,,,,,,,,,,,,,,,,,,,,,,,,,,,,,,,,,,,,,,,,,,,,,,,,,,,,,,,,,,,,,,,,
Venture Capital Trusts,Neptune-Calculus Income & Growth VCT,Ordinary Share,31/01/2007,B0523M3,,,,,,,,,,,,,,,,,,,,,,,,,,,,,,,,,,,,,,,,,,,,,,,,,,,,,,,,,,,,,,,,,,,,,,,,,,,,,,,
Venture Capital Trusts,Neptune-Calculus Income & Growth VCT C shares,Ordinary Share,31/01/2007,B0YK8W3,,,,,,,,,,,,,,,,,,,,,,,,,,,,,,,,,,,,,,,,,,,,,,,,,,,,,,,,,,,,,,,,,,,,,,,,,,,,,,,
Venture Capital Trusts,Noble VCT,Class A Ordinary,31/01/2007,258296,,,,,,,,,,,,,,,,,,,,,,,,,,,,,,,,,,,,,,,,,,,,,,,,,,,,,,,,,,,,,,,,,,,,,,,,,,,,,,,
Venture Capital Trusts,Northern 2 VCT,Ordinary Share,31/01/2007,535643,,,,,,,,,,,,,,,,,,,,,,,,,,,,,,,,,,,,,,,,,,,,,,,,,,,,,,,,,,,,,,,,,,,,,,,,,,,,,,,
Venture Capital Trusts,Northern 3 VCT,Ordinary Share,31/01/2007,3115202,,,,,,,,,,,,,,,,,,,,,,,,,,,,,,,,,,,,,,,,,,,,,,,,,,,,,,,,,,,,,,,,,,,,,,,,,,,,,,,
Venture Capital Trusts,Northern AIM VCT,Ordinary Share,31/01/2007,209368,,,,,,,,,,,,,,,,,,,,,,,,,,,,,,,,,,,,,,,,,,,,,,,,,,,,,,,,,,,,,,,,,,,,,,,,,,,,,,,
Venture Capital Trusts,Northern Venture Trust VCT,Ordinary Share,31/01/2007,645070,,,,,,,,,,,,,,,,,,,,,,,,,,,,,,,,,,,,,,,,,,,,,,,,,,,,,,,,,,,,,,,,,,,,,,,,,,,,,,,
Venture Capital Trusts,Northern Venture Trust VCT C shares,Ordinary Share,31/01/2007,B0PR328,,,,,,,,,,,,,,,,,,,,,,,,,,,,,,,,,,,,,,,,,,,,,,,,,,,,,,,,,,,,,,,,,,,,,,,,,,,,,,,
Venture Capital Trusts,Pennine AIM VCT,Ordinary Share,31/01/2007,680350,,,,,,,,,,,,,,,,,,,,,,,,,,,,,,,,,,,,,,,,,,,,,,,,,,,,,,,,,,,,,,,,,,,,,,,,,,,,,,,
Venture Capital Trusts,Pennine AIM VCT 5,Ordinary Share,31/01/2007,B05L0T6,20000438,0,0,0,0,0,0,0,0,84.5,452253,,,22592088,0,0,0,N/A,40,100,13,,N,20000438,88.53,,,,,90.53,,,,,88.53,,,,,90.53,,,,,0,40,60,0,0,0,0,0,9,80,11,0,0,0,0,0,0,0,0,0,0,0,0,0,0,0,0,A,0,0,0,0,0,0,0
Venture Capital Trusts,Pennine AIM VCT 6,Ordinary Share,31/01/2007,B0LKM13,24284591,0,0,0,0,0,0,0,0,84,344830,,,26669102,0,0,0,N/A,76,100,4,,N,24284591,91.06,,,,,92.35,,,,,91.06,,,,,92.35,,,,,0,76,23,0,0,0,1,0,76,20,4,0,0,0,0,0,0,0,0,0,0,0,0,0,0,0,0,A,0,0,0,0,0,0,0
Venture Capital Trusts,Pennine Downing AIM VCT 2,Ordinary Share,31/01/2007,3051823,9396714,0,0,0,0,0,0,0,0,76,-49235,,,10994925,0,34526,0,N/A,14,100,12,,N,9396714,85.46,,,,,85.02,,,,,85.46,,,,,85.02,,,,,0,14,85,0,0,0,1,0,14,74,12,0,0,0,0,0,0,0,0,0,0,0,0,0,0,0,0,A,0,0,0,0,0,0,0
Venture Capital Trusts,Phoenix VCT,Ordinary Share,31/01/2007,3236299,,,,,,,,,,,,,,,,,,,,,,,,,,,,,,,,,,,,,,,,,,,,,,,,,,,,,,,,,,,,,,,,,,,,,,,,,,,,,,,
Venture Capital Trusts,Phoenix VCT C shares,Ordinary Share,31/01/2007,B0672L9,,,,,,,,,,,,,,,,,,,,,,,,,,,,,,,,,,,,,,,,,,,,,,,,,,,,,,,,,,,,,,,,,,,,,,,,,,,,,,,
Venture Capital Trusts,ProVen Growth and Income VCT C shares,Ordinary Share,31/01/2007,B0WV9X6,,,,,,,,,,,,,,,,,,,,,,,,,,,,,,,,,,,,,,,,,,,,,,,,,,,,,,,,,,,,,,,,,,,,,,,,,,,,,,,
Venture Capital Trusts,ProVen Growth and Income VCT,Ordinary Share,31/01/2007,3051801,,,,,,,,,,,,,,,,,,,,,,,,,,,,,,,,,,,,,,,,,,,,,,,,,,,,,,,,,,,,,,,,,,,,,,,,,,,,,,,
Venture Capital Trusts,ProVen VCT,Ordinary Share,31/01/2007,413880,,,,,,,,,,,,,,,,,,,,,,,,,,,,,,,,,,,,,,,,,,,,,,,,,,,,,,,,,,,,,,,,,,,,,,,,,,,,,,,
Venture Capital Trusts,Puma VCT,Ordinary Share,31/01/2007,B0634L1,,,,,,,,,,,,,,,,,,,,,,,,,,,,,,,,,,,,,,,,,,,,,,,,,,,,,,,,,,,,,,,,,,,,,,,,,,,,,,,
Venture Capital Trusts,Puma VCT II,Ordinary Share,31/01/2007,B0634N3,,,,,,,,,,,,,,,,,,,,,,,,,,,,,,,,,,,,,,,,,,,,,,,,,,,,,,,,,,,,,,,,,,,,,,,,,,,,,,,
Venture Capital Trusts,Quester VCT,Ordinary Share,31/01/2007,717429,,,,,,,,,,,,,,,,,,,,,,,,,,,,,,,,,,,,,,,,,,,,,,,,,,,,,,,,,,,,,,,,,,,,,,,,,,,,,,,,,,,,,,,,,,,,,
Venture Capital Trusts,Rensburg AIM VCT,Ordinary Share,31/01/2007,572316,,,,,,,,,,,,,,,,,,,,,,,,,,,,,,,,,,,,,,,,,,,,,,,,,,,,,,,,,,,,,,,,,,,,,,,,,,,,,,,,,,,,,,,,,,,,,
Venture Capital Trusts,Sitka Health Fund VCT,Ordinary Share,31/01/2007,3019939,,,,,,,,,,,,,,,,,,,,,,,,,,,,,,,,,,,,,,,,,,,,,,,,,,,,,,,,,,,,,,,,,,,,,,,,,,,,,,,,,,,,,,,,,,,,,
Venture Capital Trusts,Unicorn AIM VCT,Ordinary Share,31/01/2007,3091830,34142164,0,0,0,0,0,0,0,0,91.5,0,,,31292172,0,450000,0,N/A,6,100,9,,Y,34142164,109.11,,,,,,,,,,109.11,,,,,,,,,,0,6,88,0,6,0,0,0,6,85,3,0,0,0,6,100,0,0,0,0,0,100,0,0,0,0,0,,0,0,0,0,0,0,0,,,,,,,,,,,,,,"11/01/07: Bought back 250,000 shares at 97p, total cost of ú243,716
29/01/07: Bought back 200,000 shares at 90p, total cost of ú180,901"
Venture Capital Trusts,Unicorn AIM VCT II,Ordinary Share,31/01/2007,B03GW19,28067877,0,0,0,0,0,0,0,0,109,0,,,23090581,0,0,0,N/A,10,100,,,Y,28067877,121.56,,,,,,,,,,121.56,,,,,,,,,,0,10,90,0,0,0,0,0,10,88,2,0,0,0,0,100,0,0,0,0,0,100,0,0,0,0,0,/A,0,0,0,0,0,0,0,,,,,,,,,,,,,,
Venture Capital Trusts,Unicorn AIM VCT II C shares,Ordinary Share,31/01/2007,B0M2L66,12711144,0,0,0,0,0,0,0,0,95,12684,,,12499807,0,0,0,N/A,40,100,,,Y,12711144,101.69,,,,,101.79,,,,,101.69,,,,,101.79,,,,,0,40,60,0,0,0,0,0,40,60,0,0,0,0,0,100,0,0,0,0,0,100,0,0,0,0,0,/A,0,0,0,0,0,0,0,,,,,,,,,,,,,,
Venture Capital Trusts,Unicorn AIM VCT Series 2,Ordinary Share,31/01/2007,3420672,19644028,0,0,0,0,0,0,0,0,117.5,0,,,15665524,0,0,0,N/A,4,100,4,,Y,19644028,125.4,,,,,,,,,,125.4,,,,,,,,,,0,4,96,0,0,0,0,0,4,92,4,0,0,0,0,100,0,0,0,0,0,100,0,0,0,0,0,,0,0,0,0,0,0,0,,,,,,,,,,,,,,
Venture Capital Trusts,Ventus 2 VCT,Ordinary Share,31/01/2007,B0WCHT1,,,,,,,,,,,,,,,,,,,,,,,,,,,,,,,,,,,,,,,,,,,,,,,,,,,,,,,,,,,,,,,,,,,,,,,,,,,,,,,,,,,,,,,,,,,,,
Venture Capital Trusts,Ventus 3 VCT,Ordinary Share,31/01/2007,B0WCHV3,,,,,,,,,,,,,,,,,,,,,,,,,,,,,,,,,,,,,,,,,,,,,,,,,,,,,,,,,,,,,,,,,,,,,,,,,,,,,,,,,,,,,,,,,,,,,
Venture Capital Trusts,Ventus VCT,Ordinary Share,31/01/2007,B03KMY4,,,,,,,,,,,,,,,,,,,,,,,,,,,,,,,,,,,,,,,,,,,,,,,,,,,,,,,,,,,,,,,,,,,,,,,,,,,,,,,,,,,,,,,,,,,,,
