AIC,Fund,Share,MonthEnd,Code,Total Assets incl CYR,PC Total Par,PC Total Fair,PC Debt Par,PC Debt Fair,TotLongCashOffset,TotShortCashOffset,PC Equity,Convertibles Par,Convertibles Fair,PC Gearing,MonthEnd Price,Price for TS dilution,CurrYrRev(CYR),Rev Res (splits only),RevAllocation % (splits only),Shares,Shares,Shares,Shares,Sell,Cash/CashEquiv,GrossGearing,NetGearing,NetCash,Gearing,Range,NoRange,GearingNote,Permanent,CYR allocation %,SHF per share inc CYR,SHF per share exc CYR,Par, Par, Par, Par, Par, Par, Par, Par, Par, Par,Fair,Fair,Fair,Fair,Fair,Fair,Fair,Fair,Fair,Fair,PFY,Regional distribution,,,,,,,,Additional geographic,,,,,,,,CFI Exposure,,,,,,CCY Exposure,,,,,,Flags,Add P/F,,,,,,,,AIC,Unit1,Unit1,Unit1,Unit1,Unit1,Unit1,Unit2,Unit2,Unit2,Unit2,Unit2,Unit2,Total Assets ex CYR,FootNote,FairValue,ShareNote,Reported Currency
Category,Name,Type,Date,ISIN,Total Assets incl CYR,PC Total Par,PC Total Fair,PC Debt Par,PC Debt Fair,TotLongCashOffset,TotShortCashOffset,PC Equity,Convertibles Par,Convertibles Fair,PC Gearing,MonthEnd Price,Price for TS dilution,CurrYrRev(CYR),Rev Res (splits only),Rev Allocation % (splits only),Number,Issued,Purch,Treasury,below NAV,Cash/CashEquiv,GrossGearing,NetGearing,NetCash,From,To,NoRange,GearingNote,Loss,CYR allocation %,SHF per share inc CYR,SHF per share exc CYR,PCNCWNE,   PCNCWE,   PCCWNE,   PCCWE,   PCCWETS,PCNCWNEcum,PCNCWEcum,PCCWNEcum,PCCWEcum,PCCWETScum,FCNCWNE,   FCNCWE,   FCCWNE,   FCCWE,   FCCWETS,FCNCWNEcum,FCNCWEcum,FCCWNEcum,FCCWEcum,FCCWETScum,PFY,Cash/Cash Equiv.,Fixed Interest,Hong Kong,Singa pore,Korea ,Taiwan ,China ,Other , , , , , , , , ,Hong Kong,Singa pore,Korea ,Taiwan ,China ,Other ,Hong Kong,Singa pore,Korea ,Taiwan ,China ,Other ,Flags,,,,,,,,,Cat 2,Name,in issue,NAV Par,NAV Fair,Gross Gearing,Net Gearing,Name,in issue,NAV Par,NAV Fair,Gross Gearing,Net Gearing,Total Assets ex CYR,FootNote,Note,Note,
Asia Pacific - Excluding Japan,Aberdeen Asian Income,Ordinary Share,30/06/2018,GB00B0P6J834,440727815,35937155,35937155,35937155,35937155,0,0,0,0,0,35937155,199,,5108160,,,181166070,0,496818,13767319,No,1.37,9,7,0,0,25,,,N,100,404790660,399682500,220.62,,,,220.62,223.44,,,,223.44,220.62,,,,220.62,223.44,,,,223.44,5.11,1.37,3,10.63,23.98,5.55,7.1,6.6,41.77,0,0,0,0,0,0,0,0,0,0,0,0,0,0,0,0,0,0,0,0,/,0,0,0,0,0,0,0,0,,,,,,,,,,,,,,435619655,,Fair value calculated on long term loan using discounted cash flows method.,"Shares bought back into treasury this month: 01.06.2018 - 60,000 shares costing £0.1m; 05.06.2018 - 50,000 shares costing £0.1m; 11.06.2018 - 30,000 shares costing £0.06m; 13.06.2018 - 50,000 shares costing £0.1m;
15.06.2018 - 10,000 shares costing £0.02m;
20.06.2018 - 50,000 shares costing £0.1m; 21.06.2018 - 35,259 shares costing £0.07m; 22.06.2018 - 25,000 shares costing £0.05m;
25.06.2018 - 115,000 shares costing £0.2m; 28.06.2018 - 21,559 shares costing £0.04m; 29.06.2018 - 50,000 shares costing £0.1m
",GBX
Asia Pacific - Excluding Japan,Aberdeen Asian Smaller Companies,Ordinary Share,30/06/2018,GB0000100767,481749499,17017577,17017577,17017577,17017577,0,0,0,37000000,35163728,54017577,1025,,6012705,,,35911910,0,395500,5803374,No,2.32,13,10,0,0,25,,,N,100,427731922,421719217,1174.32,,,,1174.32,1191.06,,,,1191.06,1179.43,,,,1179.43,1196.17,,,,1196.17,2.95,2.32,0,15.24,11.67,0.89,2.39,2.4,65.09,0,0,0,0,0,0,0,0,0,0,0,0,0,0,0,0,0,0,0,0,,0,0,0,0,0,0,0,0,,,,,,,,,,,,,,475736794,,,"Share Buybacks:
05/06/18 15,000 shs £0.16m, 07/06/18 17,500 shs £0.19m, 08/06/18 10,000 shs £0.11m, 13/06/18 30,000 shs £0.32m, 14/06/18 25,000 shs £0.26m, 15/06/18 25,000 shs £0.26m, 18/06/18 25,000 shs £0.27m, 19/06/18 25,000 shs £0.26m, 20/06/18 25,000 shs £0.26m, 21/06/18 18,000 shs £0.19m, 22/06/18 25,000 shs £0.26m, 25/06/18 25,000 shs £0.26m, 26/06/18 30,000 shs £0.31m, 27/06/18 20,000 shs £0.20m, 28/06/18 40,000 shs £0.41m, 29/06/18 40,000 shs £0.41m",GBX
Asia Pacific - Excluding Japan,Aberdeen New Dawn,Ordinary Share,30/06/2018,GB00BBM56V29,333447433,32451974,32543874,32451974,32543874,0,0,0,0,0,32451974,226,,5359376,,,113733848,0,335000,9314788,No,1.61,11,9,0,0,25,,,N,100,300995459,295636083,259.94,,,,259.94,264.65,,,,264.65,259.86,,,,259.86,264.57,,,,264.57,,1.61,0,16.51,13.19,8.66,5.09,14.87,40.07,0,0,0,0,0,0,0,0,0,0,0,0,0,0,0,0,0,0,0,0,,0,0,0,0,0,0,0,0,,,,,,,,,,,,,,328088057,,Fair value calculated using discounted cashflow.,"05.06.2018 Buyback of 25,000 Shares - Cost £0.06m
06.06.2018 Buyback of 30,000 Shares - Cost £0.07m
07.06.2018 Buyback of 15,000 Shares - Cost £0.04m
08.06.2018 Buyback of 5,000 Shares - Cost £0.01m
11.06.2018 Buyback of 25,000 Shares - Cost £0.06m
12.06.2018 Buyback of 25,000 Shares - Cost £0.06m
13.06.2018 Buyback of 25,000 Shares - Cost £0.06m
14.06.2018 Buyback of 25,000 Shares - Cost £0.06m
15.06.2018 Buyback of 20,000 Shares - Cost £0.05m
18.06.2018 Buyback of 15,000 Shares - Cost £0.04m
19.06.2018 Buyback of 30,000 Shares - Cost £0.07m
21.06.2018 Buyback of 25,000 Shares - Cost £0.06m
25.06.2018 Buyback of 15,000 Shares - Cost £0.03m
26.06.2018 Buyback of 10,000 Shares - Cost £0.02m
28.06.2018 Buyback of 25,000 Shares - Cost £0.06m
29.06.2018 Buyback of 20,000 Shares - Cost £0.05m
",GBX
Asia Pacific - Excluding Japan,Edinburgh Dragon,Ordinary Share,30/06/2018,GB0002945029,817082356,25500000,25500000,25500000,25500000,0,0,0,0,0,25500000,364,,6543072,,,190361702,0,1081500,24942651,No,1.44,3,2,0,0,20,,,N,100,791582356,785039284,412.39,,,,412.39,415.83,,,,415.83,412.39,,,,412.39,415.83,,,,415.83,,1.44,0,21.27,13.03,9.89,5.14,16.62,32.61,0,0,0,0,0,0,0,0,0,0,0,0,0,0,0,0,0,0,0,0,,0,0,0,0,0,0,0,0,,,,,,,,,,,,,,810539284,,,"Share Buybacks:
01/06/18 100,000 shs £0.38m, 04/06/18 73,000 shs £0.28m, 05/06/18 52,200 shs £0.20m, 06/06/18 20,000 shs £0.08m, 07/06/18 50,000 shs £0.19m, 08/06/18 13,500 shs £0.05m, 11/06/18 18,800 shs £0.07m, 12/06/18 12,500 shs £0.05m, 13/06/18 50,750 shs £0.19m, 14/06/18 3,750 shs £0.01m, 15/06/18 40,000 shs £0.15m, 18/06/18 306,000 shs £1.14m, 19/06/18 22,000 shs £0.08m, 20/06/18 50,000 shs £0.19m, 21/06/18 64,300 shs £0.24m, 22/06/18 75,000 shs £0.27m, 25/06/18 27,500 shs £0.10m, 26/06/18 5,500 shs £0.02m, 27/06/18 20,700 shs £0.07m, 28/06/18 36,000 shs £0.13m, 29/06/18 40,000 shs £0.15m",GBX
Asia Pacific - Excluding Japan,Fidelity Asian Values,Ordinary Share,30/06/2018,GB0003322319,289472543,7513080,7513080,7513080,7513080,2878087,4634993,0,0,0,7513080,409,,3259768,,,68669402,0,0,0,N/A,7.18,3,0,5,0,40,,,N,100,281959463,278699695,405.86,402.19,,,,410.6,406.22,,,,405.86,402.19,,,,410.6,406.22,,,,,7.18,0,7.1,3.28,9.75,7.61,16.45,48.63,0,0,0,0,0,0,0,0,0,0,0,0,0,0,0,0,0,0,0,0,,0,0,0,0,0,0,0,0,,,,,,,,,,,,,,286212775,,,,GBX
Asia Pacific - Excluding Japan,Henderson Far East Income,Ordinary Share,30/06/2018,JE00B1GXH751,447695000,11411985,11411985,11411985,11411985,0,0,0,0,0,11411985,355,,3899000,,,122753564,125000,0,0,N/A,1.52,3,1,0,0,14,,,N,100,436283015,432384015,352.24,,,,,355.41,,,,,352.24,,,,,355.41,,,,,,1.52,0,4.43,8.02,12.83,9.05,29.04,35.11,0,0,0,0,0,0,0,0,0,0,0,0,0,0,0,0,0,0,0,0,,0,0,0,0,0,0,0,0,,,,,,,,,,,,,,443796000,,No material difference between fair and par value,"22/06/18 Issued 125,000 shares £0.5m.",GBX
Asia Pacific - Excluding Japan,Invesco Asia,Ordinary Share,30/06/2018,GB0004535307,227494865,80107,80107,80107,80107,0,0,0,0,0,80107,280,,5320482,,,70914475,0,0,4085406,No,3.44,0,0,3,0,25,,,N,100,227414758,222094276,313.19,,,,313.19,320.69,,,,320.69,313.19,,,,313.19,320.69,,,,320.69,2.57,3.44,0,15.69,2.24,17.82,12.58,25.7,22.53,0,0,0,0,0,0,0,0,0,0,0,0,0,0,0,0,0,0,0,0,/,0,0,0,0,0,0,0,0,,,,,,,,,,,,,,222174383,,,,GBX
Asia Pacific - Excluding Japan,JPMorgan Asian,Ordinary Share,30/06/2018,GB0001320778,366841656,0,0,0,0,0,0,0,0,0,0,346,,-4480761,,,94081493,0,0,965500,No,1.3,0,0,,0,20,,,N,100,366841656,371322417,394.68,,,,394.68,389.92,,,,389.92,394.68,,,,394.68,389.92,,,,389.92,2.03,1.3,0,12.8,3.5,16.8,12.4,35.1,18.1,0,0,0,0,0,0,0,0,0,0,0,0,0,0,0,0,0,0,0,0,,0,0,0,0,0,0,0,0,,,,,,,,,,,,,,371322417,,,,GBX
Asia Pacific - Excluding Japan,Martin Currie Asia Unconstrained,Ordinary Share,30/06/2018,GB0005695126,166332131,4988147,4988147,4988147,4988147,0,0,0,0,0,4988147,390,,3823371,,,36124496,0,0,3381376,No,2.83,3,0,0,,,Y,,N,100,161343984,157520613,436.05,,,,436.05,446.63,,,,446.63,436.05,,,,436.05,446.63,,,,446.63,,2.83,0,16.44,9.27,12,3.8,1.54,54.12,0,0,0,0,0,0,0,0,16,9,12,4,2,57,16,9,12,4,2,57,,0,0,0,0,0,0,0,0,,,,,,,,,,,,,,162508760,,The fair value is calculated using the market prevailing exchange rate as at the close of business of the valuation date.,,GBX
Asia Pacific - Excluding Japan,Pacific Assets,Ordinary Share,30/06/2018,GB0006674385,327722066,0,0,0,0,0,0,0,0,0,0,262,,1117514,,,119873386,0,0,0,N/A,10.65,0,0,,,,Y,,N,100,327722066,326604552,272.46,,,,,273.39,,,,,272.46,,,,,273.39,,,,,1.77,10.65,0,7.39,1.15,0.82,13.18,0,66.81,0,0,0,0,0,0,0,0,1,0,0,1,0,98,8,1,1,13,0,77,,0,0,0,0,0,0,0,0,,,,,,,,,,,,,,326604552,,,,GBX
Asia Pacific - Excluding Japan,Pacific Horizon,Ordinary Share,30/06/2018,GB0006667470,223328147,20117781,20117781,20117781,20117781,0,0,0,0,0,20117781,360,,-553770,,,57352282,1440000,0,0,N/A,1,10,9,0,,,Y,,N,100,203210366,203764136,355.29,,,,,354.32,,,,,355.29,,,,,354.32,,,,,0.6,1,0,2,3,22,11,39,22,0,0,0,0,0,0,0,0,0,0,0,0,0,0,0,0,0,0,0,0,,0,0,0,0,0,0,0,0,,,,,,,,,,,,,,223881917,,,"01/06/18 140,000 shares issued at 380p, total consideration £531,467
04/06/18 100,000 shares issued at 385p, total consideration £384,614
05/06/18 500,000 shares issued at 387p, total consideration £1,933,064
07/06/18 300,000 shares issued at 389p, total consideration £1,165,832
12/06/18 50,000 shares issued at 390.5, total consideration £195,092.380
18/06/18 250,000 shares issued at 385p, total consideration £961,536.50
21/06/18 100,000 shares issued at 372.5p, total consideration £372,126.50",GBX
Asia Pacific - Excluding Japan,Schroder Asian Total Return,Ordinary Share,30/06/2018,GB0008710799,331691434,19163035,19163035,19163035,19163035,0,0,0,0,0,19163035,359,,3201391,,,89100159,600000,0,0,Yes,2.62,6,3,0,,,Y,,N,100,312528399,309327008,347.17,,,,,350.76,,,,,347.17,,,,,350.76,,,,,2.1,2.62,0,30.82,4.52,4.94,9.91,9.69,37.5,0,0,0,0,0,0,0,0,0,0,0,0,0,100,31,4,5,10,10,40,,0,0,0,0,0,0,0,0,,,,,,,,,,,,,,328490043,,,,GBX
Asia Pacific - Excluding Japan,Schroder AsiaPacific,Ordinary Share,30/06/2018,GB0007918872,902632780,52985418,52985418,52985418,52985418,0,0,0,0,0,52985418,453,,10284331,,,167570716,0,0,0,N/A,4.77,6,1,0,,,Y,,N,100,849647362,839363031,500.9,,,,,507.04,,,,,500.9,,,,,507.04,,,,,2.1,4.77,0,20.21,5.77,15.07,9.94,12.55,31.69,0,0,0,0,0,0,0,0,17,13,0,0,5,65,21,6,15,10,13,35,,0,0,0,0,0,0,0,0,,,,,,,,,,,,,,892348449,,Par and fair value are not materially different.,,GBX
Asia Pacific - Excluding Japan,Schroder Oriental Income,Ordinary Share,30/06/2018,GB00B0CRWN59,700871721,66870199,66870199,66870199,66870199,0,0,0,0,0,66870199,241,,10850936,,,253873024,0,0,0,N/A,2.72,11,8,0,,,Y,,N,100,634001522,623150586,245.46,,,,,249.73,,,,,245.46,,,,,249.73,,,,,4.5,2.72,0,15.19,10.69,9.04,14.72,11.49,36.15,0,0,0,0,0,0,0,0,9,43,0,0,1,47,15,12,9,15,12,37,,0,0,0,0,0,0,0,0,,,,,,,,,,,,,,690020785,,,,GBX
Asia Pacific - Excluding Japan,Scottish Oriental Smaller Companies,Ordinary Share,30/06/2018,GB0007836132,353349472,0,0,0,0,0,0,0,0,0,0,1005,,1167182,,,30408784,0,235577,1004879,No,7.28,0,0,,0,10,,,N,100,353349472,352182290,1158.16,,,,1158.16,1162,,,,1162,1158.16,,,,1158.16,1162,,,,1162,2,7.28,0,5.8,5.19,1.86,12.17,8.64,59.06,0,0,0,0,0,0,0,0,0,0,0,0,0,0,6,5,2,12,9,66,,0,0,0,0,0,0,0,0,,,,,,,,,,,,,,352182290,,,"235,577 ordinary shares bought back for treasury from 1-29 June 2018 at a cost of £2.4m.",GBX
Category,Name,Type,Date,ISIN,Total Assets incl CYR,PC Total Par,PC Total Fair,PC Debt Par,PC Debt Fair,TotLongCashOffset,TotShortCashOffset,PC Equity,Convertibles Par,Convertibles Fair,PC Gearing,MonthEnd Price,Price for TS dilution,CurrYrRev(CYR),Rev Res (splits only),Rev Allocation % (splits only),Number,Issued,Purch,Treasury,below NAV,Cash/CashEquiv,GrossGearing,NetGearing,NetCash,From,To,NoRange,GearingNote,Loss,CYR allocation %,SHF per share inc CYR,SHF per share exc CYR,PCNCWNE,   PCNCWE,   PCCWNE,   PCCWE,   PCCWETS,PCNCWNEcum,PCNCWEcum,PCCWNEcum,PCCWEcum,PCCWETScum,FCNCWNE,   FCNCWE,   FCCWNE,   FCCWE,   FCCWETS,FCNCWNEcum,FCNCWEcum,FCCWNEcum,FCCWEcum,FCCWETScum,PFY,Cash/Cash Equiv.,Fixed Interest,Japan ,Hong Kong,Korea ,Taiwan ,Singa pore,Other , , , , , , , , ,Japan ,Hong Kong,Korea ,Taiwan ,Singa pore,Other ,Japan ,Hong Kong,Korea ,Taiwan ,Singa pore,Other ,Flags,,,,,,,,,Cat 2,Name,in issue,NAV Par,NAV Fair,Gross Gearing,Net Gearing,Name,in issue,NAV Par,NAV Fair,Gross Gearing,Net Gearing,Total Assets ex CYR,FootNote,Note,Note,
Asia Pacific - Including Japan,Witan Pacific,Ordinary Share,30/06/2018,GB0003656021,237317000,0,0,0,0,0,0,0,0,0,0,328,,2512000,,,63101111,0,91623,2842889,No,2.39,0,0,,0,5,,,N,100,237317000,234805000,372.11,,,,372.11,376.09,,,,376.09,372.11,,,,372.11,376.09,,,,376.09,,2.39,0,28.76,10.85,10.27,5.13,5.2,37.4,0,0,0,0,0,0,0,0,0,0,0,0,0,0,0,0,0,0,0,0,,0,0,0,0,0,0,0,0,,,,,,,,,,,,,,234805000,,,"Buyback 5,000 shares 05.06.18, buyback 7,000 shares 06.06.18, buyback 4,000 shares 07.06.18, buyback 6,142 shares 08.06.18, buyback 8,000 shares 11.06.18, buyback 2,330 shares 12.06.18, buyback 9,174 shares 14.06.18, buyback 5,500 shares 15.06.18, buyback 5,000 shares 18.06.18, buyback 9,446 shares 19.06.18, buyback 20.06.18 shares 7,065 shares, buyback 9,269 shares 21.06.18, buyback 389 shares 22.06.18, buyback 2,000 shares 26.06.18, buyback 275 shares 27.06.18, buyback 1,033 shares 28.06.18, buyback 10,000 shares 29.06.18. Total £0.3m",GBX
Category,Name,Type,Date,ISIN,Total Assets incl CYR,PC Total Par,PC Total Fair,PC Debt Par,PC Debt Fair,TotLongCashOffset,TotShortCashOffset,PC Equity,Convertibles Par,Convertibles Fair,PC Gearing,MonthEnd Price,Price for TS dilution,CurrYrRev(CYR),Rev Res (splits only),Rev Allocation % (splits only),Number,Issued,Purch,Treasury,below NAV,Cash/CashEquiv,GrossGearing,NetGearing,NetCash,From,To,NoRange,GearingNote,Loss,CYR allocation %,SHF per share inc CYR,SHF per share exc CYR,PCNCWNE,   PCNCWE,   PCCWNE,   PCCWE,   PCCWETS,PCNCWNEcum,PCNCWEcum,PCCWNEcum,PCCWEcum,PCCWETScum,FCNCWNE,   FCNCWE,   FCCWNE,   FCCWE,   FCCWETS,FCNCWNEcum,FCNCWEcum,FCCWNEcum,FCCWEcum,FCCWETScum,PFY,Cash/Cash Equiv.,Fixed Interest,UK ,Cont. Europe,North America,Japan ,Other Pacific,Other , , , , , , , , ,UK ,Cont. Europe,North America,Japan ,Other Pacific,Other ,UK ,Cont. Europe,North America,Japan ,Other Pacific,Other ,Flags,,,,,,,,,Cat 2,Name,in issue,NAV Par,NAV Fair,Gross Gearing,Net Gearing,Name,in issue,NAV Par,NAV Fair,Gross Gearing,Net Gearing,Total Assets ex CYR,FootNote,Note,Note,
Country Specialists: Asia Pacific,Aberdeen New India,Ordinary Share,30/06/2018,GB0006048770,312747891,0,0,0,0,0,0,0,0,0,0,451,,380030,,,59070140,0,0,0,N/A,1.07,0,0,,0,25,,,N,100,312747891,312367861,528.81,,,,,529.45,,,,,528.81,,,,,529.45,,,,,1.09,1.07,0,0,0,0,0,98.93,0,0,0,0,0,0,0,0,0,0,0,0,0,0,0,0,0,0,0,0,0,,0,0,0,0,0,0,0,0,,,,,,,,,,,,,,312367861,,,,GBX
Country Specialists: Asia Pacific,Aberdeen New Thai,Ordinary Share,30/06/2018,GB0000059971,108199739,5650000,5650000,5650000,5650000,0,0,0,0,0,5650000,531,,1746822,,,16645516,0,80858,0,N/A,0.77,6,5,0,0,15,,,N,100,102549739,100802917,605.59,,,,,616.08,,,,,605.59,,,,,616.08,,,,,,0.77,0,0,0,0,0,99.23,0,0,0,0,0,0,0,0,0,0,0,0,0,0,0,0,0,0,0,0,0,,0,0,0,0,0,0,0,0,,,,,,,,,,,,,,106452917,,,"8,059 shares 6/6/18 cost £0.05m, 15,000 shares 11/6/18 cost £0.08m, 15,000 shares 12/6/18 cost £0.08m, 15,775 shares 20/6/18 cost £0.09m, 20,000 shares 22/6/18 cost £0.1m, 7,024 shares 25/6/18 cost £0.04m.",GBX
Country Specialists: Asia Pacific,Fidelity China Special Situations,Ordinary Share,30/06/2018,GB00B62Z3C74,1925053045,395151774,396439080,395151774,396439080,237472074,45296196,0,0,0,395151774,241.5,,15825503,,,550914480,0,400000,20440000,No,-0.01,26,26,0,0,30,,,N,100,1529901271,1514075768,274.83,,,,274.83,277.7,,,,277.7,274.6,,,,274.6,277.47,,,,277.47,,-0.01,0,0,0,21.8,0,78.21,0,0,0,0,0,0,0,0,0,0,0,0,0,0,0,0,0,0,0,0,0,,0,0,0,0,0,0,0,0,,,,,,,,,,,,,,1909227542,,The fair value of the loan is calculated by discounting future cash flows at current US dollar interest rates.,,GBX
Country Specialists: Asia Pacific,India Capital Growth,Ordinary Share,30/06/2018,GB00B0P8RJ60,,,,,,,,,,,,,,,,,,,,,,,,,,,,,,,,,,,,,,,,,,,,,,,,,,,,,,,,,,,,,,,,,,,,,,,,,,,,,,,,,,,,,,,,,,,,,,,,,,,,,,,,,,,,,
Country Specialists: Asia Pacific,JPMorgan Chinese,Ordinary Share,30/06/2018,GB0003435012,299541286,44624037,44624037,44624037,44624037,0,0,0,0,0,44624037,297,,1540353,,,72928162,0,0,4986803,No,0.2,18,17,0,0,20,,,N,100,254917249,253376896,347.43,,,,347.43,349.55,,,,349.55,347.43,,,,347.43,349.55,,,,349.55,1.4,0.2,0,0,0,0,0,99.8,0,0,0,0,0,0,0,0,0,0,0,0,0,0,0,0,0,0,0,0,0,,0,0,0,0,0,0,0,0,,,,,,,,,,,,,,298000933,,,,GBX
Country Specialists: Asia Pacific,JPMorgan Indian,Ordinary Share,30/06/2018,GB0003450359,851804431,18000000,18000000,18000000,18000000,0,0,0,0,0,18000000,688,,-4762214,,,104717440,0,75175,20900146,No,1,2,1,0,0,15,,,Y,100,833804431,838566645,,,,,,796.24,,,,796.24,,,,,,796.24,,,,796.24,0.98,1,0,0,0,0,0,99,0,0,0,0,0,0,0,0,0,0,0,0,0,0,0,0,0,0,0,0,0,,0,0,0,0,0,0,0,0,,,,,,,,,,,,,,856566645,,,,GBX
Country Specialists: Asia Pacific,Vietnam Enterprise Investments,Ordinary Share,30/06/2018,KYG9361H1092,,,,,,,,,,,,,,,,,,,,,,,,,,,,,,,,,,,,,,,,,,,,,,,,,,,,,,,,,,,,,,,,,,,,,,,,,,,,,,,,,,,,,,,,,,,,,,,,,,,,,,,,,,,,,
Country Specialists: Asia Pacific,VinaCapital Vietnam Opportunity,Ordinary Share,30/06/2018,GG00BYXVT888,,,,,,,,,,,,,,,,,,,,,,,,,,,,,,,,,,,,,,,,,,,,,,,,,,,,,,,,,,,,,,,,,,,,,,,,,,,,,,,,,,,,,,,,,,,,,,,,,,,,,,,,,,,,,
Category,Name,Type,Date,ISIN,Total Assets incl CYR,PC Total Par,PC Total Fair,PC Debt Par,PC Debt Fair,TotLongCashOffset,TotShortCashOffset,PC Equity,Convertibles Par,Convertibles Fair,PC Gearing,MonthEnd Price,Price for TS dilution,CurrYrRev(CYR),Rev Res (splits only),Rev Allocation % (splits only),Number,Issued,Purch,Treasury,below NAV,Cash/CashEquiv,GrossGearing,NetGearing,NetCash,From,To,NoRange,GearingNote,Loss,CYR allocation %,SHF per share inc CYR,SHF per share exc CYR,PCNCWNE,   PCNCWE,   PCCWNE,   PCCWE,   PCCWETS,PCNCWNEcum,PCNCWEcum,PCCWNEcum,PCCWEcum,PCCWETScum,FCNCWNE,   FCNCWE,   FCCWNE,   FCCWE,   FCCWETS,FCNCWNEcum,FCNCWEcum,FCCWNEcum,FCCWEcum,FCCWETScum,PFY,Cash/Cash Equiv.,Fixed Interest,UK ,Cont. Europe,North America,Japan ,Other Pacific,Other , , , , , , , , ,UK ,Cont. Europe,North America,Japan ,Other Pacific,Other ,UK ,Cont. Europe,North America,Japan ,Other Pacific,Other ,Flags,,,,,,,,,Cat 2,Name,in issue,NAV Par,NAV Fair,Gross Gearing,Net Gearing,Name,in issue,NAV Par,NAV Fair,Gross Gearing,Net Gearing,Total Assets ex CYR,FootNote,Note,Note,
Country Specialists: Europe,JPMorgan Russian Securities,Ordinary Share,30/06/2018,GB0032164732,310497947,3398350,3398350,3398350,3398350,0,0,0,0,0,3398350,518,,6407056,,,50347669,0,458000,0,N/A,3.5,1,0,2,0,15,,,N,100,307099597,300692541,597.23,,,,,609.96,,,,,597.23,,,,,609.96,,,,,5.16,3.5,0,0,0,0,0,0,96.5,0,0,0,0,0,0,0,0,0,0,0,0,0,0,0,0,0,0,0,0,,0,0,0,0,0,0,0,0,,,,,,,,,,,,,,304090891,,,,GBX
Category,Name,Type,Date,ISIN,Total Assets incl CYR,PC Total Par,PC Total Fair,PC Debt Par,PC Debt Fair,TotLongCashOffset,TotShortCashOffset,PC Equity,Convertibles Par,Convertibles Fair,PC Gearing,MonthEnd Price,Price for TS dilution,CurrYrRev(CYR),Rev Res (splits only),Rev Allocation % (splits only),Number,Issued,Purch,Treasury,below NAV,Cash/CashEquiv,GrossGearing,NetGearing,NetCash,From,To,NoRange,GearingNote,Loss,CYR allocation %,SHF per share inc CYR,SHF per share exc CYR,PCNCWNE,   PCNCWE,   PCCWNE,   PCCWE,   PCCWETS,PCNCWNEcum,PCNCWEcum,PCCWNEcum,PCCWEcum,PCCWETScum,FCNCWNE,   FCNCWE,   FCCWNE,   FCCWE,   FCCWETS,FCNCWNEcum,FCNCWEcum,FCCWNEcum,FCCWEcum,FCCWETScum,PFY,Cash/Cash Equiv.,Fixed Interest,UK ,Cont. Europe,North America,Japan ,Other Pacific,Other , , , , , , , , ,UK ,Cont. Europe,North America,Japan ,Other Pacific,Other ,UK ,Cont. Europe,North America,Japan ,Other Pacific,Other ,Flags,,,,,,,,,Cat 2,Name,in issue,NAV Par,NAV Fair,Gross Gearing,Net Gearing,Name,in issue,NAV Par,NAV Fair,Gross Gearing,Net Gearing,Total Assets ex CYR,FootNote,Note,Note,
Country Specialists: Latin America,JPMorgan Brazil,Ordinary Share,30/06/2018,GB00B602HS43,21047736,196670,196670,196670,196670,0,0,0,0,0,196670,53.75,,385571,,,33524854,0,0,28204044,No,1.7,1,0,1,,,Y,,N,100,20851066,20465495,61.05,,,,61.05,62.2,,,,62.2,61.05,,,,61.05,62.2,,,,62.2,2.78,1.7,0,0,0,0,0,0,98.3,0,0,0,0,0,0,0,0,0,0,0,0,0,0,0,0,0,0,0,0,,0,0,0,0,0,0,0,0,,,,,,,,,,,,,,20662165,,,,GBX
Category,Name,Type,Date,ISIN,Total Assets incl CYR,PC Total Par,PC Total Fair,PC Debt Par,PC Debt Fair,TotLongCashOffset,TotShortCashOffset,PC Equity,Convertibles Par,Convertibles Fair,PC Gearing,MonthEnd Price,Price for TS dilution,CurrYrRev(CYR),Rev Res (splits only),Rev Allocation % (splits only),Number,Issued,Purch,Treasury,below NAV,Cash/CashEquiv,GrossGearing,NetGearing,NetCash,From,To,NoRange,GearingNote,Loss,CYR allocation %,SHF per share inc CYR,SHF per share exc CYR,PCNCWNE,   PCNCWE,   PCCWNE,   PCCWE,   PCCWETS,PCNCWNEcum,PCNCWEcum,PCCWNEcum,PCCWEcum,PCCWETScum,FCNCWNE,   FCNCWE,   FCCWNE,   FCCWE,   FCCWETS,FCNCWNEcum,FCNCWEcum,FCCWNEcum,FCCWEcum,FCCWETScum,PFY,Cash/Cash Equiv.,Fixed Interest,UK ,Cont. Europe,North America,Japan ,Other Pacific,Other , , , , , , , , ,UK ,Cont. Europe,North America,Japan ,Other Pacific,Other ,UK ,Cont. Europe,North America,Japan ,Other Pacific,Other ,Flags,,,,,,,,,Cat 2,Name,in issue,NAV Par,NAV Fair,Gross Gearing,Net Gearing,Name,in issue,NAV Par,NAV Fair,Gross Gearing,Net Gearing,Total Assets ex CYR,FootNote,Note,Note,
Country Specialists: Other,Gulf Investment,Ordinary Share,30/06/2018,IM00B1Z40704,110783180,0,0,0,0,0,0,0,0,0,0,1.01,,1907955,,,92461242,0,0,0,N/A,4.48,0,0,,,,Y,,N,100,110783180,108875225,1.18,,,,,1.2,,,,,1.18,,,,,1.2,,,,,4.2,4.48,0,0,0,0,0,0,95.52,0,0,0,0,0,0,0,0,0,0,0,0,0,100,0,0,0,0,0,100,,0,0,0,0,0,0,0,0,,,,,,,,,,,,,,108875225,,,,USD
Category,Name,Type,Date,ISIN,Total Assets incl CYR,PC Total Par,PC Total Fair,PC Debt Par,PC Debt Fair,TotLongCashOffset,TotShortCashOffset,PC Equity,Convertibles Par,Convertibles Fair,PC Gearing,MonthEnd Price,Price for TS dilution,CurrYrRev(CYR),Rev Res (splits only),Rev Allocation % (splits only),Number,Issued,Purch,Treasury,below NAV,Cash/CashEquiv,GrossGearing,NetGearing,NetCash,From,To,NoRange,GearingNote,Loss,CYR allocation %,SHF per share inc CYR,SHF per share exc CYR,PCNCWNE,   PCNCWE,   PCCWNE,   PCCWE,   PCCWETS,PCNCWNEcum,PCNCWEcum,PCCWNEcum,PCCWEcum,PCCWETScum,FCNCWNE,   FCNCWE,   FCCWNE,   FCCWE,   FCCWETS,FCNCWNEcum,FCNCWEcum,FCCWNEcum,FCCWEcum,FCCWETScum,PFY,Cash/Cash Equiv.,Fixed Interest,UK ,France ,Germany ,Nether lands,Switzer land,Other , , , , , , , , ,UK ,France ,Germany ,Nether lands,Switzer land,Other ,UK ,France ,Germany ,Nether lands,Switzer land,Other ,Flags,,,,,,,,,Cat 2,Name,in issue,NAV Par,NAV Fair,Gross Gearing,Net Gearing,Name,in issue,NAV Par,NAV Fair,Gross Gearing,Net Gearing,Total Assets ex CYR,FootNote,Note,Note,
Europe,BlackRock Greater Europe,Ordinary Share,30/06/2018,GB00B01RDH75,319612547,7402413,7402413,7402413,7402413,0,0,0,0,0,7402413,348,,3385385,,,86459691,0,2317172,23869247,Yes,0.19,2,2,0,0,15,,,N,100,312210134,308824749,357.19,,,,355.2,361.1,,,,358.27,357.19,,,,355.2,361.1,,,,358.27,2.47,0.19,0,0,15.98,11.59,11.27,17.84,43.13,0,0,0,0,0,0,0,0,0,0,0,0,0,0,0,0,0,0,0,0,,0,0,0,0,0,0,0,0,,,,,,,,,,,,,,316227162,,,"2,317,172 Shares were tendered on 1 June 2018. The tender price was 351.43 pence. The total consideration was £8,159,525",GBX
Europe,European Investment Trust,Ordinary Share,30/06/2018,GB0003295010,421646981,0,0,0,0,0,0,0,0,0,0,898,,9922888,,,41749769,0,97500,0,N/A,0.74,0,0,,0,20,,,N,100,421646981,411724093,986.17,,,,,1009.94,,,,,986.17,,,,,1009.94,,,,,3.44,0.74,0,0,17.28,17.14,12.45,10.69,41.7,0,0,0,0,0,0,0,0,0,0,0,0,0,0,0,0,0,0,0,0,,0,0,0,0,0,0,0,0,,,,,,,,,,,,,,411724093,"The company bought back 97,500 shares for cancellation during June, at a total cost of £898,000.",,,GBX
Europe,Fidelity European Values,Ordinary Share,30/06/2018,GB00BK1PKQ95,1154341081,121530934,121530934,121530934,121530934,121530934,0,0,0,0,121530934,223.5,,5691360,,,414602177,0,600000,2045733,No,1.32,12,10,0,0,30,,,N,100,1032810147,1027118787,247.74,,,,247.74,249.11,,,,249.11,247.74,,,,247.74,249.11,,,,249.11,,1.32,0,5.37,25.16,21.41,5.07,13.86,27.81,0,0,0,0,0,0,0,0,0,0,0,0,0,0,0,0,0,0,0,0,,0,0,0,0,0,0,0,0,,,,,,,,,,,,,,1148649721,,,"During the month 800,000 ordinary shares were repurchased and held in Treasury for a total consideration of £1,781760.40",GBX
Europe,Henderson European Focus,Ordinary Share,30/06/2018,GB0005268858,292247652,6005354,6005354,6005354,6005354,0,0,0,0,0,6005354,1185,,4361933,,,21498261,0,0,140730,No,0,2,2,0,0,20,,,N,100,286242298,281880365,1311.18,,,,1311.18,1331.47,,,,1331.47,1311.18,,,,1311.18,1331.47,,,,1331.47,3.07,0,0,4.81,8.69,16.28,9.35,10.6,50.27,0,0,0,0,0,0,0,0,0,0,0,0,0,0,0,0,0,0,0,0,,0,0,0,0,0,0,0,0,,,,,,,,,,,,,,287885719,,,,GBX
Europe,Henderson EuroTrust,Ordinary Share,30/06/2018,GB0004199294,261578000,6191687,6191687,6191687,6191687,0,0,0,0,0,6191687,1095,,5438000,,,21185541,0,0,20000,No,4,2,0,2,0,30,,,N,100,255386313,249948313,1179.81,,,,1179.81,1205.47,,,,1205.47,1179.81,,,,1179.81,1205.47,,,,1205.47,3,4,0,0,22.81,25.51,9.98,17.23,20.47,0,0,0,0,0,0,0,0,0,0,0,0,0,0,0,0,0,0,0,0,,0,0,0,0,0,0,0,0,,,,,,,,,,,,,,256140000,,,,GBX
Europe,JPMorgan European Growth,Ordinary Share,30/06/2018,GB00B18JK166,284669181,34558743,40772342,34558743,40772342,0,0,0,0,0,34558743,295,,5490111,,,72728895,0,154013,0,No,6.1,14,7,0,0,20,,,N,100,250110438,244620327,336.35,,,,,343.89,,,,,327.8,,,,,335.35,,,,,1.75,6.1,0,0,17.1,14.9,11.3,17.5,33.1,0,0,0,0,0,0,0,0,0,0,0,0,0,0,0,0,0,0,0,0,,0,0,0,0,0,0,0,0,,,,,,,,,,,,,,279179070,,,,GBX
Europe,JPMorgan European Income,Ordinary Share,30/06/2018,GB00B17XWW44,203976366,25608784,29137010,25608784,29137010,0,0,0,0,0,25608784,153,,3663440,,,101720117,0,60097,0,No,6.4,14,7,0,0,20,,,N,100,178367582,174704142,171.75,,,,,175.35,,,,,168.28,,,,,171.88,,,,,4.22,6.4,0,0,15,11.4,6.4,10.2,50.6,0,0,0,0,0,0,0,0,0,0,0,0,0,0,0,0,0,0,0,0,,0,0,0,0,0,0,0,0,,,,,,,,,,,,,,200312926,,,,GBX
Europe,Jupiter European Opportunities,Ordinary Share,30/06/2018,GB0000197722,948326196,60000000,60000000,60000000,60000000,0,0,0,0,0,60000000,783,,8204553,,,112100331,0,0,0,N/A,1.75,7,5,0,0,25,,,N,100,888326196,880121643,785.12,,,,,792.44,,,,,785.12,,,,,792.44,,,,,1.84,1.75,0,16.55,9.79,32.46,8.04,0,31.41,0,0,0,0,0,0,0,0,0,0,0,0,0,0,0,0,0,0,0,0,,0,0,0,0,0,0,0,0,,,,,,,,,,,,,,940121643,,,,GBX
Category,Name,Type,Date,ISIN,Total Assets incl CYR,PC Total Par,PC Total Fair,PC Debt Par,PC Debt Fair,TotLongCashOffset,TotShortCashOffset,PC Equity,Convertibles Par,Convertibles Fair,PC Gearing,MonthEnd Price,Price for TS dilution,CurrYrRev(CYR),Rev Res (splits only),Rev Allocation % (splits only),Number,Issued,Purch,Treasury,below NAV,Cash/CashEquiv,GrossGearing,NetGearing,NetCash,From,To,NoRange,GearingNote,Loss,CYR allocation %,SHF per share inc CYR,SHF per share exc CYR,PCNCWNE,   PCNCWE,   PCCWNE,   PCCWE,   PCCWETS,PCNCWNEcum,PCNCWEcum,PCCWNEcum,PCCWEcum,PCCWETScum,FCNCWNE,   FCNCWE,   FCCWNE,   FCCWE,   FCCWETS,FCNCWNEcum,FCNCWEcum,FCCWNEcum,FCCWEcum,FCCWETScum,PFY,Cash/Cash Equiv.,Fixed Interest,Czech Republic,Hungary ,Poland ,Russia ,Turkey ,Other , , , , , , , , ,Czech Republic,Hungary ,Poland ,Russia ,Turkey ,Other ,Czech Republic,Hungary ,Poland ,Russia ,Turkey ,Other ,Flags,,,,,,,,,Cat 2,Name,in issue,NAV Par,NAV Fair,Gross Gearing,Net Gearing,Name,in issue,NAV Par,NAV Fair,Gross Gearing,Net Gearing,Total Assets ex CYR,FootNote,Note,Note,
European Emerging Markets,Baring Emerging Europe,Ordinary Share,30/06/2018,GB0032273343,120039273,9089188,9089188,9089188,9089188,0,0,0,0,0,9089188,710,,943653,,,13574909,0,127531,3318207,No,2.87,8,5,0,0,10,,,N,100,110950085,110006432,810.37,,,,810.37,817.32,,,,817.32,810.37,,,,810.37,817.32,,,,817.32,,2.87,0,1.72,2.89,15.79,58.46,9.5,8.77,0,0,0,0,0,0,0,0,0,0,0,0,0,100,0,0,0,0,0,100,,0,0,0,0,0,0,0,0,,,,,,,,,,,,,,119095620,,,,GBX
European Emerging Markets,BlackRock Emerging Europe,Ordinary Share,30/06/2018,GB00B0BN1P96,124182073,1216233,1216233,1216233,1216233,0,0,0,0,0,1216233,325.5,,1144736,,,35916028,0,0,5000000,No,1.02,1,0,0,0,20,,,N,100,122965840,121821104,339.18,,,,339.18,342.37,,,,342.37,339.18,,,,339.18,342.37,,,,342.37,3.69,1.02,0,0,3.72,17.05,57.83,7.55,12.83,0,0,0,0,0,0,0,0,0,0,0,0,0,0,0,0,0,0,0,0,,0,0,0,0,0,0,0,0,,,,,,,,,,,,,,123037337,,,,GBX
Category,Name,Type,Date,ISIN,Total Assets incl CYR,PC Total Par,PC Total Fair,PC Debt Par,PC Debt Fair,TotLongCashOffset,TotShortCashOffset,PC Equity,Convertibles Par,Convertibles Fair,PC Gearing,MonthEnd Price,Price for TS dilution,CurrYrRev(CYR),Rev Res (splits only),Rev Allocation % (splits only),Number,Issued,Purch,Treasury,below NAV,Cash/CashEquiv,GrossGearing,NetGearing,NetCash,From,To,NoRange,GearingNote,Loss,CYR allocation %,SHF per share inc CYR,SHF per share exc CYR,PCNCWNE,   PCNCWE,   PCCWNE,   PCCWE,   PCCWETS,PCNCWNEcum,PCNCWEcum,PCCWNEcum,PCCWEcum,PCCWETScum,FCNCWNE,   FCNCWE,   FCCWNE,   FCCWE,   FCCWETS,FCNCWNEcum,FCNCWEcum,FCCWNEcum,FCCWEcum,FCCWETScum,PFY,Cash/Cash Equiv.,Fixed Interest,UK ,France ,Germany ,Nether lands,Switzer land,Other , , , , , , , , ,UK ,France ,Germany ,Nether lands,Switzer land,Other ,UK ,France ,Germany ,Nether lands,Switzer land,Other ,Flags,,,,,,,,,Cat 2,Name,in issue,NAV Par,NAV Fair,Gross Gearing,Net Gearing,Name,in issue,NAV Par,NAV Fair,Gross Gearing,Net Gearing,Total Assets ex CYR,FootNote,Note,Note,
European Smaller Companies,European Assets,Ordinary Share,30/06/2018,NL0012838817,448408163,0,0,0,0,0,0,0,0,0,0,121.5,,0,,,359610590,0,0,0,Yes,0,0,0,,0,20,,,N,100,448408163,448408163,124.69,,,,,124.69,,,,,124.69,,,,,124.69,,,,,,0,0,0,4,20.5,8.5,13.9,53.1,0,0,0,0,0,0,0,0,0,0,0,100,0,0,0,0,0,100,0,0,,0,0,0,0,0,0,0,0,,,,,,,,,,,,,,448408163,,,,GBX
European Smaller Companies,JPMorgan European Smaller Companies,Ordinary Share,30/06/2018,GB00BMTS0Z37,814844257,92855711,92855711,92855711,92855711,0,0,0,0,0,92855711,407,,10986346,,,159987885,0,0,0,No,10.9,13,1,0,0,20,,,N,100,721988546,711002200,444.41,,,,,451.28,,,,,444.41,,,,,451.28,,,,,1.85,10.9,0,0,14.2,5,14.3,12.2,43.4,0,0,0,0,0,0,0,0,0,0,0,0,0,0,0,0,0,0,0,0,,0,0,0,0,0,0,0,0,,,,,,,,,,,,,,803857911,,,,GBX
European Smaller Companies,Montanaro European Smaller Companies,Ordinary Share,30/06/2018,GB0004543517,191139950,22101400,22101400,22101400,22101400,0,0,0,0,0,22101400,910,,3040595,,,16733260,0,0,715000,Yes,8.53,13,3,0,0,30,,,N,100,169038550,165997955,992.02,,,,988.66,1010.19,,,,1006.09,992.02,,,,988.66,1010.19,,,,1006.09,,8.53,0,0,5.95,19.74,3.93,8.37,53.48,0,0,0,0,0,0,0,0,0,0,0,0,0,0,0,0,0,0,0,0,,0,0,0,0,0,0,0,0,,,,,,,,,,,,,,188099355,,,,GBX
European Smaller Companies,TR European Growth,Ordinary Share,30/06/2018,GB0009066928,614452000,46130762,46130762,46130762,46130762,0,0,0,0,0,46130762,1020,,8525000,,,50108397,0,0,0,N/A,-0.8,8,9,0,0,30,,,N,100,568321238,559796238,1117.17,,,,,1134.18,,,,,1117.17,,,,,1134.18,,,,,,-0.8,0,0,12.14,17.81,13.02,9.52,48.31,0,0,0,0,0,0,0,0,0,0,0,0,0,0,0,0,0,0,0,0,/,0,0,0,0,0,0,0,0,,,,,,,,,,,,,,605927000,,Par and fair values are not materially different,,GBX
Category,Name,Type,Date,ISIN,Total Assets incl CYR,PC Total Par,PC Total Fair,PC Debt Par,PC Debt Fair,TotLongCashOffset,TotShortCashOffset,PC Equity,Convertibles Par,Convertibles Fair,PC Gearing,MonthEnd Price,Price for TS dilution,CurrYrRev(CYR),Rev Res (splits only),Rev Allocation % (splits only),Number,Issued,Purch,Treasury,below NAV,Cash/CashEquiv,GrossGearing,NetGearing,NetCash,From,To,NoRange,GearingNote,Loss,CYR allocation %,SHF per share inc CYR,SHF per share exc CYR,PCNCWNE,   PCNCWE,   PCCWNE,   PCCWE,   PCCWETS,PCNCWNEcum,PCNCWEcum,PCCWNEcum,PCCWEcum,PCCWETScum,FCNCWNE,   FCNCWE,   FCCWNE,   FCCWE,   FCCWETS,FCNCWNEcum,FCNCWEcum,FCCWNEcum,FCCWEcum,FCCWETScum,PFY,Cash/Cash Equiv.,Fixed Interest,UK ,Cont. Europe,North America,Japan ,Other Pacific,Other ,Cash/Cash Equiv.,Fixed Interest,Debt ,Equity ,Private Equity,Hedge Funds,Property ,Other ,UK ,Cont. Europe,North America,Japan ,Other Pacific,Other ,UK ,Cont. Europe,North America,Japan ,Other Pacific,Other ,Flags,,,,,,,,,Cat 2,Name,in issue,NAV Par,NAV Fair,Gross Gearing,Net Gearing,Name,in issue,NAV Par,NAV Fair,Gross Gearing,Net Gearing,Total Assets ex CYR,FootNote,Note,Note,
Flexible Investment,Aberdeen Diversified Income & Growth,Ordinary Share,30/06/2018,GB0001297562,480223044,59647581,81192012,59647581,81192012,0,0,0,0,0,59647581,121.5,,6623954,,,328551705,0,0,35894169,No,2.67,14,11,0,,,Y,,N,100,420575463,413951509,125.99,,,,125.99,128.01,,,,128.01,119.44,,,,119.44,121.45,,,,121.45,4.91,2.67,15.86,27.22,39.73,6.18,0,1.99,6.35,2.67,15.86,0,81.47,0,0,0,0,16,21,0,0,16,47,100,0,0,0,0,0,d,0,0,0,0,0,0,0,0,,,,,,,,,,,,,,473599090,,Based on the quoted market prices of the Bond.,,GBX
Flexible Investment,Capital Gearing,Ordinary Share,30/06/2018,GB0001738615,238650857,0,0,0,0,0,0,0,0,0,0,4000,,1121760,,,6052469,138500,0,0,No,4.09,0,0,,,,Y,No gearing on this fund.,N,100,238650857,237529097,3924.5,,,,,3943.03,,,,,3924.5,,,,,3943.03,,,,,1.37,4.09,58.12,17.03,11.3,2.56,2.42,0.75,3.73,4.09,58.12,1.29,16.19,1.17,0.1,16.52,2.52,55,1,42,0,0,2,100,0,0,0,0,0,,0,0,0,0,0,0,0,0,,,,,,,,,,,,,,237529097,,,"138,500 ordinary shares issued from 1-29 June 2018 for proceeds of £5.5m.",GBX
Flexible Investment,CIP Merchant Capital,Ordinary Share,30/06/2018,GG00BF8NW879,,,,,,,,,,,,,,,,,,,,,,,,,,,,,,,,,,,,,,,,,,,,,,,,,,,,,,,,,,,,,,,,,,,,,,,,,,,,,,,,,,,,,,,,,,,,,,,,,,,,,,,,,,,,,
Flexible Investment,Establishment Investment Trust,Ordinary Share,30/06/2018,GB0031336919,48002805,0,0,0,0,0,0,0,0,0,0,200,,1019059,,,20000000,0,0,0,N/A,5,0,0,,,,Y,,N,100,48002805,46983746,234.92,,,,,240.01,,,,,234.92,,,,,240.01,,,,,2.4,5,0,16,0,0,0,78,1,5,0,0,95,0,0,0,0,4,0,92,0,4,0,4,0,92,0,4,0,,0,0,0,0,0,0,0,0,,,,,,,,,,,,,,46983746,,,,GBX
Flexible Investment,F&C Managed Portfolio Growth,Ordinary Share,30/06/2018,GB00B2PP2527,73914908,0,0,0,0,0,0,0,0,0,0,211,,0,,,35367037,200000,0,0,Yes,9,0,0,,0,25,,,N,100,73914908,73914908,208.99,,,,,208.99,,,,,208.99,,,,,208.99,,,,,1.5,9,3,25,19,24,5,8,7,9,3,0,38,2,1,3,44,100,0,0,0,0,0,37,19,24,5,8,7,,0,0,0,0,0,0,0,0,,,,,,,,,,,,,,73914908,,Loan repayment on 11 February 2016,"During the month, 200,000 Growth shares were issued for proceeds of GBP 421,875",GBX
Flexible Investment,F&C Managed Portfolio Income,Ordinary Share,30/06/2018,GB00B2PP3J36,62521339,5000000,5000000,5000000,5000000,0,0,0,0,0,5000000,136.5,,316476,,,43055035,0,0,0,Yes,8,9,0,0,0,25,,,N,100,57521339,57204863,132.86,,,,,133.6,,,,,132.86,,,,,133.6,,,,,4.1,8,7,37,13,18,4,7,6,8,7,0,42,3,0,3,37,100,0,0,0,0,0,51,13,18,4,7,7,,0,0,0,0,0,0,0,0,,,,,,,,,,,,,,62204863,,,,GBX
Flexible Investment,Hansa Trust (A Ord),Ordinary Share,30/06/2018,GB0007879835,,,,,,,,,,,,,,,,,,,,,,,,,,,,,,,,,,,,,,,,,,,,,,,,,,,,,,,,,,,,,,,,,,,,,,,,,,,,,,,,,,,,,,,,,,,,,,,,,,,,,,,,,,,,,
Flexible Investment,Hansa Trust (Ord),Ordinary Share,30/06/2018,GB0007879728,334147371,0,0,0,0,0,0,0,0,0,0,1060,,2768644,,,24000000,0,0,0,N/A,1.37,0,0,,0,9,,,N,100,334147371,331378727,1380.74,,,,,1392.28,,,,,1380.74,,,,,1392.28,,,,,1.81,1.37,0,8.79,10.99,32.91,8.02,7.59,30.33,1.37,0,1.76,85.22,0,8.13,3.52,0,0,0,0,0,0,0,10,11,33,8,8,30,,0,0,0,0,0,0,0,0,,,,,,,,,,,,,,331378727,,,,GBX
Flexible Investment,Henderson Alternative Strategies,Ordinary Share,30/06/2018,GB0001216000,132509919,0,0,0,0,0,0,0,0,0,0,278,,1772083,,,38678638,0,0,0,N/A,1.48,0,0,,,,Y,,N,100,132509919,130737836,338.01,,,,,342.59,,,,,338.01,,,,,342.59,,,,,1.38,1.48,0,31.32,41.07,11.25,0,0,14.88,1.48,0,0,32.95,24.24,4.18,9.02,28.13,100,0,0,0,0,0,33,41,11,0,0,15,,0,0,0,0,0,0,0,0,,,,,,,,,,,,,,130737836,,,,GBX
Flexible Investment,Invesco Perpetual Select Balanced Risk Allocation,Ordinary Share,30/06/2018,GB00B1DQ6696,8756721,0,0,0,0,0,0,0,0,0,0,139.5,,19059,,,6229892,0,248000,5029000,No,11.5,0,0,,,,Y,This fund is not allowed to have any borrowings.,N,100,8756721,8737662,140.25,,,,140.25,140.56,,,,140.56,140.25,,,,140.25,140.56,,,,140.56,0.88,11.5,75.8,0,12.48,0,0,0,0.22,11.5,75.8,0,12.48,0.22,0,0,0,87,7,4,0,2,0,76,18,3,1,2,0,/A,0,0,0,0,0,0,0,0,,,,,,,,,,,,,,8737662,Margin cash held at brokers is shown on a net basis in cash/cash equivalents.,This fund is not allowed to have any borrowings.,"On 1 June 2018, the fund bought back into treasury 248,000 shares for a total consideration of £0.3m.",GBX
Flexible Investment,JPMorgan Multi-Asset,Ordinary Share,30/06/2018,GB00BFWJJT14,92459967,0,0,0,0,0,0,0,0,0,0,95,,392182,,,92715931,0,399712,3997120,N/A,10.8,0,0,,0,20,,,N,100,92459967,92067785,99.3,,,,99.12,99.72,,,,99.53,99.3,,,,99.12,99.72,,,,99.53,3.15,10.8,15,9.7,19.1,27.4,2.3,0.5,15.2,10.8,15,7.6,66.6,0,0,0,0,0,0,0,0,0,0,0,0,0,0,0,0,,0,0,0,0,0,0,0,0,,,,,,,,,,,,,,92067785,,,,GBX
Flexible Investment,JZ Capital Partners,ZDP 2022,30/06/2018,GG00BZ0RY036,,,,,,,,,,,,,,,,,,,,,,,,,,,,,,,,,,,,,,,,,,,,,,,,,,,,,,,,,,,,,,,,,,,,,,,,,,,,,,,,,,,,,,,,,,,,FLX,,,,,,,,,,,,,,,,,
Flexible Investment,JZ Capital Partners,Ord Income,30/06/2018,GG00B403HK58,,,,,,,,,,,,,,,,,,,,,,,,,,,,,,,,,,,,,,,,,,,,,,,,,,,,,,,,,,,,,,,,,,,,,,,,,,,,,,,,,,,,,,,,,,,,FLX,,,,,,,,,,,,,,,,,
Flexible Investment,Miton Global Opportunities,Ordinary Share,30/06/2018,GB0034365949,81630464,5000000,5000000,5000000,5000000,0,0,0,0,0,5000000,284.5,,-4528,,,27379985,175000,0,0,No,12.39,7,0,7,0,20,,,N,100,76630464,76634992,279.89,,,,,279.88,,,,,279.89,,,,,279.88,,,,,,12.39,0.94,33.62,7.88,5.77,6.93,19.95,12.52,12.39,0.94,0,55.39,2.83,0,21.53,6.92,100,0,0,0,0,0,100,0,0,0,0,0,,0,0,0,0,0,0,0,0,,,,,,,,,,,,,,81634992,"The company issued a total of 175,000 shares during June, raising total gross proceeds of £501,563.",,,GBX
Flexible Investment,Personal Assets,Ordinary Share,30/06/2018,GB0006827546,875628972,0,0,0,0,0,0,0,0,0,0,39750,,-475037,,,2236906,13573,0,0,No,23.71,0,0,,,,Y,,N,100,875628972,876104009,39165.88,,,,,39144.65,,,,,39165.88,,,,,39144.65,,,,,1.64,23.71,30.23,11.42,4.94,21.04,0,0,8.66,23.71,30.23,0,37.4,0,0,0,8.66,69,0,31,0,0,0,0,0,0,0,0,0,,0,0,0,0,0,0,0,0,,,,,,,,,,,,,,876104009,,,"In June the Company issued 13,573 shares for proceeds of £5.4 million.",GBX
Flexible Investment,RIT Capital Partners,Ordinary Share,30/06/2018,GB0007366395,,,,,,,,,,,,,,,,,,,,,,,,,,,,,,,,,,,,,,,,,,,,,,,,,,,,,,,,,,,,,,,,,,,,,,,,,,,,,,,,,,,,,,,,,,,,,,,,,,,,,,,,,,,,,
Flexible Investment,Ruffer Investment Company,Ordinary Share,30/06/2018,GB00B018CS46,,,,,,,,,,,,,,,,,,,,,,,,,,,,,,,,,,,,,,,,,,,,,,,,,,,,,,,,,,,,,,,,,,,,,,,,,,,,,,,,,,,,,,,,,,,,,,,,,,,,,,,,,,,,,
Flexible Investment,Seneca Global Income & Growth,Ordinary Share,30/06/2018,GB0008769993,89228612,7000000,7000000,7000000,7000000,0,0,0,0,0,7000000,172.75,,451103,,,48281361,185000,0,0,No,6.61,9,1,0,0,25,,,N,100,82228612,81777509,169.38,,,,,170.31,,,,,169.38,,,,,170.31,,,,,5.13,6.61,9.15,47.44,7.37,2.59,3.06,8.79,14.99,6.61,9.15,6.96,53.79,3.69,0.17,8.11,11.52,42,0,0,0,0,58,100,0,0,0,0,0,,0,0,0,0,0,0,0,0,,,,,,,,,,,,,,88777509,,,"185,000 shares issued between 18-28 June 2018 for proceeds of £318,661.",GBX
Flexible Investment,Tetragon Financial Group,Ordinary Share,30/06/2018,GG00B1RMC548,,,,,,,,,,,,,,,,,,,,,,,,,,,,,,,,,,,,,,,,,,,,,,,,,,,,,,,,,,,,,,,,,,,,,,,,,,,,,,,,,,,,,,,,,,,,,,,,,,,,,,,,,,,,,
Flexible Investment,UIL,ZDP 2018,30/06/2018,BMG916101162,0,27795600,27795600,27795600,27795600,0,0,0,0,0,0,159.5,,,,,32716029,0,0,0,N/A,0,,,,,,Y,,,0,51292620,51292620,156.78,,,,,156.78,,,,,156.78,,,,,156.78,,,,,,0,0,0,0,0,0,0,0,0,0,0,0,0,0,0,0,0,0,0,0,0,0,0,0,0,0,0,0,,0,0,0,0,0,0,0,0,FLX,,,,,,,,,,,,,0,,,,GBX
Flexible Investment,UIL,ZDP 2020,30/06/2018,BMG916101246,0,79088220,79088220,27795600,27795600,0,0,51292620,0,0,0,142.5,,,,,39000000,0,0,0,N/A,0,,,,,,Y,,,0,51292606,51292606,131.52,,,,,131.52,,,,,131.52,,,,,131.52,,,,,,0,0,0,0,0,0,0,0,0,0,0,0,0,0,0,0,0,0,0,0,0,0,0,0,0,0,0,0,,0,0,0,0,0,0,0,0,FLX,,,,,,,,,,,,,0,,,,GBX
Flexible Investment,UIL,ZDP 2022,30/06/2018,BMG916101329,0,130380826,130380826,27795600,27795600,0,0,102585226,0,0,0,124.5,,,,,50000000,0,0,0,N/A,0,,,,,,Y,,,0,56505383,56505383,113.01,,,,,113.01,,,,,113.01,,,,,113.01,,,,,,0,0,0,0,0,0,0,0,0,0,0,0,0,0,0,0,0,0,0,0,0,0,0,0,0,0,0,0,,0,0,0,0,0,0,0,0,FLX,,,,,,,,,,,,,0,,,,GBX
Flexible Investment,UIL,ZDP 2026,30/06/2018,BMG916101402,0,186886209,186886209,27795600,27795600,0,0,159090609,0,0,0,102.5,,,,,25000000,0,0,0,N/A,0,,,,,,Y,,,0,25218003,25218003,100.87,,,,,100.87,,,,,100.87,,,,,100.87,,,,,,0,0,0,0,0,0,0,0,0,0,0,0,0,0,0,0,0,0,0,0,0,0,0,0,0,0,0,0,,0,0,0,0,0,0,0,0,FLX,,,,,,,,,,,,,0,,,,GBX
Flexible Investment,UIL,ZDP 2024,30/06/2018,BMG916102079,0,212104212,212104212,27795600,27795600,0,0,184308612,0,0,0,106,,,,,50000000,0,0,0,N/A,0,,,,,,Y,,,0,51548100,51548100,103.1,,,,,103.1,,,,,103.1,,,,,103.1,,,,,,0,0,0,0,0,0,0,0,0,0,0,0,0,0,0,0,0,0,0,0,0,0,0,0,0,0,0,0,,0,0,0,0,0,0,0,0,FLX,,,,,,,,,,,,,0,,,,GBX
Flexible Investment,UIL,Ord Income,30/06/2018,BMG917071026,523281612,263652312,263652312,27795600,27795600,0,0,235856712,0,0,263652312,167.5,,897612,,,89493389,0,0,0,No,-1.18,102,104,0,,,Y,,N,100,259629300,258731688,289.11,,,,,290.11,,,,,289.11,,,,,290.11,,,,,2.1,-1.18,0,30.54,0.06,28.54,0,40.68,1.36,-1.18,0,30.54,53.78,0,0,0,16.86,0,0,0,0,0,0,0,0,0,0,0,0,,0,0,0,0,0,0,0,0,FLX,,,,,,,,,,,,,522384000,,,,GBX
Category,Name,Type,Date,ISIN,Total Assets incl CYR,PC Total Par,PC Total Fair,PC Debt Par,PC Debt Fair,TotLongCashOffset,TotShortCashOffset,PC Equity,Convertibles Par,Convertibles Fair,PC Gearing,MonthEnd Price,Price for TS dilution,CurrYrRev(CYR),Rev Res (splits only),Rev Allocation % (splits only),Number,Issued,Purch,Treasury,below NAV,Cash/CashEquiv,GrossGearing,NetGearing,NetCash,From,To,NoRange,GearingNote,Loss,CYR allocation %,SHF per share inc CYR,SHF per share exc CYR,PCNCWNE,   PCNCWE,   PCCWNE,   PCCWE,   PCCWETS,PCNCWNEcum,PCNCWEcum,PCCWNEcum,PCCWEcum,PCCWETScum,FCNCWNE,   FCNCWE,   FCCWNE,   FCCWE,   FCCWETS,FCNCWNEcum,FCNCWEcum,FCCWNEcum,FCCWEcum,FCCWETScum,PFY,Cash/Cash Equiv.,Fixed Interest,UK ,Cont. Europe,North America,Japan ,Other Pacific,Other , , , , , , , , ,UK ,Cont. Europe,North America,Japan ,Other Pacific,Other ,UK ,Cont. Europe,North America,Japan ,Other Pacific,Other ,Flags,,,,,,,,,Cat 2,Name,in issue,NAV Par,NAV Fair,Gross Gearing,Net Gearing,Name,in issue,NAV Par,NAV Fair,Gross Gearing,Net Gearing,Total Assets ex CYR,FootNote,Note,Note,
Global,Alliance Trust,Ordinary Share,30/06/2018,GB00B11V7W98,2941320459,227170790,245620790,227170790,245620790,0,0,0,0,0,227170790,748,,11265197,,,339574639,0,225000,0,N/A,3.26,8,5,0,0,18,,,N,100,2714149669,2702884472,795.96,,,,,799.28,,,,,790.53,,,,,793.85,,,,,1.8,3.26,0,14.22,19.21,46.35,2.49,7.66,6.81,0,0,0,0,0,0,0,0,0,0,0,0,0,0,0,0,0,0,0,0,d,0,0,0,0,0,0,0,0,,,,,,,,,,,,,,2930055262,Interim Dividend of 3.389 - XD 7th June 2018 Pay date 2nd July 2018,Fair values are calculated by accruing the interest payable on a daily basis.The latest valuation is as at 30/06/2018.,,GBX
Global,Bankers,Ordinary Share,30/06/2018,GB0000767003,1162906000,66829825,70870825,66829825,70870825,0,0,0,0,0,66829825,874,,13043000,,,122606783,0,0,1338509,No,3.26,6,3,0,0,20,,,N,100,1096076175,1083033175,883.34,,,,883.34,893.98,,,,893.98,880.04,,,,880.04,890.68,,,,890.68,2.7,3.26,0,24.36,14.98,28.6,10.98,15.71,2.11,0,0,0,0,0,0,0,0,0,0,0,0,0,0,0,0,0,0,0,0,/,0,0,0,0,0,0,0,0,,,,,,,,,,,,,,1149863000,,,,GBX
Global,British Empire,Ordinary Share,30/06/2018,GB0001335081,1028267902,88826705,98586824,88826705,98586824,0,0,0,0,0,88826705,753,,12157004,,,112920711,0,776165,15829289,No,3.42,9,6,0,0,10,,,N,100,939441197,927284193,821.18,,,,821.18,831.95,,,,831.95,812.54,,,,812.54,823.3,,,,823.3,1.79,3.42,0,30.07,35,3.23,18.04,9.22,1.02,0,0,0,0,0,0,0,0,77,8,14,1,0,0,16,22,39,18,4,1,dp,0,0,0,0,0,0,0,0,,,,,,,,,,,,,,1016110898,,,"On 04/06/18 the Company bought back 115319 shares at a price of 743.5054p per share.
On 08/06/18 the Company bought back 234681 shares at a price of 741p per share.
On 11/06/18 the Company bought back 70000 shares at a price of 747.7929p per share.
On 12/06/18 the Company bought back 103809 shares at a price of 746.9633p per share.
On 13/06/18 the Company bought back 150242 shares at a price of 753.8136p per share.
On 14/06/18 the Company bought back 102114 shares at a price of 751.3245p per share.
",GBX
Global,Brunner,Ordinary Share,30/06/2018,GB0001490001,390721312,25450000,25438950,25450000,25438950,0,0,0,0,0,25450000,786,,3419562,,,42692727,0,0,0,N/A,-0.68,7,8,0,0,20,,,N,100,365271312,361851750,847.57,,,,,855.58,,,,,847.6,,,,,855.61,,,,,2.73,-0.68,0,28.56,23.45,37.33,2.05,8.09,1.2,0,0,0,0,0,0,0,0,0,0,0,0,0,0,0,0,0,0,0,0,d,0,0,0,0,0,0,0,0,,,,,,,,,,,,,,387301750,,,,GBX
Global,Caledonia,Ordinary Share,30/06/2018,GB0001639920,1910814000,0,0,0,0,0,0,0,0,0,0,2810,,5655000,,,54921126,1000,0,0,N/A,9.41,0,0,,,,Y,,N,100,1910814000,1905159000,3468.9,3394.61,,,,3479.2,3404.69,,,,3468.9,3394.61,,,,3479.2,3404.69,,,,2.41,9.41,0,35.81,13.18,26.94,0,14.43,0.23,0,0,0,0,0,0,0,0,0,0,0,0,0,0,49,10,40,0,1,0,*d,0,0,0,0,0,0,0,0,,,,,,,,,,,,,,1905159000,,,1000 shares released by the ESOP,GBX
Global,Edinburgh Worldwide,Ordinary Share,30/06/2018,GB0002916335,519174246,47705674,47838879,47705674,47838879,0,0,0,0,0,47705674,896,,-110564,,,53934319,1050000,0,0,N/A,6,10,4,0,,,Y,,N,100,471468572,471579136,874.36,,,,,874.15,,,,,874.11,,,,,873.91,,,,,0.2,6,0,19,8,55,7,4,1,0,0,0,0,0,0,0,0,0,0,0,0,0,0,0,0,0,0,0,0,,0,0,0,0,0,0,0,0,,,,,,,,,,,,,,519284810,,,"04/06/18 125,000 SHARES ISSUED AT 888P, TOTAL CONSODERATION £1,108,889
06/06/18 150,000 SHARES ISSUED AT 895P, TOTAL CONSODERATION £1,341,156.50
07/06/18 50,000 SHARES ISSUED AT 902P, TOTAL CONSIDERATION £450,548
13/06/18 150,000 SHARES ISSUED AT 925P, TOTAL CONSIDERATION £1,386,111.50
15/06/18 100,000 SHARES ISSUED AT 931P, TOTAL CONSIDERATION £930,068
18/06/18 150,000 SHARES ISSUED AT 928P, TOTAL CONSIDERATON £1,390,607
21/06/18 125,000 SHARES ISSUED AT 933P, TOTAL CONSIDERATION £1,165,082.75
22/06/18 50,000 SHARES ISSUED AT 927P, TOTAL CONSIDERATION £463,035.50
27/06/18 75,000 SHARES ISSUED AT 904P, TOTAL CONSIDERATION £677,321
29/06/18 75,000 SHARES ISSUED AT 895P, TOTAL CONSIDERATION £670,577.75",GBX
Global,EP Global Opportunities,Ordinary Share,30/06/2018,GB0033862573,144225288,0,0,0,0,0,0,0,0,0,0,308,,2019361,,,43287725,0,100000,21221917,No,9.08,0,0,,0,25,,,N,100,144225288,142205927,328.51,,,,328.51,333.18,,,,333.18,328.51,,,,328.51,333.18,,,,333.18,2.93,9.08,0,8.81,34.44,10.31,18.55,18.81,0,0,0,0,0,0,0,0,0,0,0,0,0,0,0,0,0,0,0,0,0,/,0,0,0,0,0,0,0,0,,,,,,,,,,,,,,142205927,"The company bought back 100,000 shares during June and hold it as treasury shares, at a total cost of £315,000.",,,GBX
Global,F&C Global Smaller Companies,Ordinary Share,30/06/2018,GB0000175058,920959000,30073294,30073294,30073294,30073294,0,0,0,22200755,22200755,52274049,1415,,9755000,,,59732792,0,0,0,Yes,0.9,6,5,0,0,20,,,N,100,890885706,881130706,1437.95,,1421.11,,,1454.28,,1436.85,,,1437.95,,1421.11,,,1454.28,,1436.85,,,1.4,0.9,0,26.6,11.48,40.24,9.15,11.63,0,0,0,0,0,0,0,0,0,0,0,0,0,0,0,0,0,0,0,0,0,,0,0,0,0,0,0,0,0,,,,,,,,,,,,,,911204000,,,,GBX
Global,Foreign & Colonial Investment Trust,Ordinary Share,30/06/2018,GB0003466074,4110139000,339974095,345440827,339974095,345440827,0,0,0,0,0,339974095,693,,42605000,,,542180712,0,0,19638304,No,2.22,9,7,0,0,20,,,N,100,3770164905,3727559905,687.51,,,,687.51,695.37,,,,695.37,686.5,,,,686.5,694.36,,,,694.36,2,2.22,0,11.15,23.08,42.18,9.14,8.98,3.25,0,0,0,0,0,0,0,0,0,0,0,0,0,0,0,0,0,0,0,0,,0,0,0,0,0,0,0,0,,,,,,,,,,,,,,4067534000,,"Fair values on debentures are calculated based on traded price. 
short term loans are calculated based on the exchange rates on the NAV date.",,GBX
Global,Independent Investment Trust,Ordinary Share,30/06/2018,GB0000811686,368691894,0,0,0,0,0,0,0,0,0,0,800,,3499374,,,55470000,0,0,0,N/A,1,0,0,,,,Y,,N,100,368691894,365192520,658.36,,,,,664.67,,,,,658.36,,,,,664.67,,,,,1.6,1,0,93,1,2,0,3,0,0,0,0,0,0,0,0,0,0,0,0,0,0,0,0,0,0,0,0,0,,0,0,0,0,0,0,0,0,,,,,,,,,,,,,,365192520,,,,GBX
Global,JPMorgan Elect Managed Growth,Ordinary Share,30/06/2018,GB0008528142,274381169,0,0,0,0,0,0,0,0,0,0,832.5,,586460,,,32202550,0,67184,5877447,No,8,0,0,,,,Y,,N,100,274381169,273794709,850.23,,,,850.23,852.05,,,,852.05,850.23,,,,850.23,852.05,,,,852.05,1.75,8,0,46.5,7.3,24.5,7.3,4.6,1.8,0,0,0,0,0,0,0,0,0,0,0,0,0,0,0,0,0,0,0,0,,0,0,0,0,0,0,0,0,,,,,,,,,,,,,,273794709,,,,GBX
Global,Law Debenture Corporation,Ordinary Share,30/06/2018,GB0031429219,943918000,114090000,137722000,114090000,137722000,0,0,0,0,0,114090000,596,,13250000,,,118162191,0,0,0,N/A,7.79,14,5,0,,,Y,,N,100,829828000,816578000,691.07,,,,,702.28,,,,,671.07,,,,,682.28,,,,,2.5,7.79,0,70.2,7.54,7.11,1.63,3.91,1.82,0,0,0,0,0,0,0,0,60,0,39,0,1,0,60,0,39,0,1,0,/,0,0,0,0,0,0,0,0,,,,,,,,,,,,,,930668000,,,,GBX
Global,Lazard World Trust Fund,Ordinary Share,30/06/2018,LU0483266259,,,,,,,,,,,,,,,,,,,,,,,,,,,,,,,,,,,,,,,,,,,,,,,,,,,,,,,,,,,,,,,,,,,,,,,,,,,,,,,,,,,,,,,,,,,,,,,,,,,,,,,,,,,,,
Global,Lindsell Train,Ordinary Share,30/06/2018,GB0031977944,162609890,0,0,0,0,0,0,0,0,0,0,968,,8914987,,,200000,0,0,0,N/A,2.45,0,0,,,,Y,,N,100,162609890,153694903,768.47,,,,,813.05,,,,,768.47,,,,,813.05,,,,,4,2.45,0,73.8,7.94,9.57,6.24,0,0,0,0,0,0,0,0,0,0,99,0,1,0,0,0,76,8,10,6,0,0,,0,0,0,0,0,0,0,0,,,,,,,,,,,,,,153694903,,,,GBP
Global,Majedie,Ordinary Share,30/06/2018,GB0005555221,201414802,20516071,25195503,20516071,25195503,0,0,0,0,0,20516071,286,,3643592,,,53439000,0,0,0,N/A,1.7,11,9,0,,,Y,The Company uses gearing currently via long term debentures. The Board has the ability to borrow up to 100% of adjusted capital & reserves. Debenture borrowings are limited by covenant to 66 2/3%.,N,100,180898731,177255139,331.7,,,,,338.51,,,,,322.94,,,,,329.76,,,,,3.83,1.7,0,77.62,19.66,0.84,0.08,0,0.1,0,0,0,0,0,0,0,0,0,0,0,0,0,0,0,0,0,0,0,0,*dp,0,0,0,0,0,0,0,0,,,,,,,,,,,,,,197771210,,the fair values are estimated by using the market yield of UK Treasury Bonds of equal duration plus 2.5%.,,GBX
Global,Martin Currie Global Portfolio,Ordinary Share,30/06/2018,GB0005372411,222616799,0,0,0,0,0,0,0,0,0,0,247,,1272093,,,89101165,0,442624,14482037,Yes,0.77,0,0,,0,20,,,N,100,222616799,221344706,248.42,,,,248.22,249.85,,,,249.45,248.42,,,,248.22,249.85,,,,249.45,2.25,0.77,0,12.49,26.32,43.43,3.81,10.28,2.9,0,0,0,0,0,0,0,0,100,0,0,0,0,0,100,0,0,0,0,0,d,0,0,0,0,0,0,0,0,,,,,,,,,,,,,,221344706,,,"Date	 Shares 	Price (p)	Value £m
1-Jun-18	 52,883.00 	 247.57 	£0.131
4-Jun-18	 40,481.00 	 249.71 	£0.101
5-Jun-18	 50,000.00 	 248.44 	£0.124
6-Jun-18	 20,365.00 	 248.06 	£0.051
7-Jun-18	 1,551.00 	 249.43 	£0.004
8-Jun-18	 37,197.00 	 249.00 	£0.093
11-Jun-18	 71,149.00 	 251.17 	£0.179
12-Jun-18	 3,807.00 	 251.97 	£0.010
13-Jun-18	 348.00 	 252.00 	£0.001
14-Jun-18	 6,681.00 	 252.90 	£0.017
15-Jun-18	 10,000.00 	 252.00 	£0.025
18-Jun-18	 5,766.00 	 252.00 	£0.015
19-Jun-18	 4,738.00 	 251.00 	£0.012
20-Jun-18	 54,159.00 	 251.92 	£0.136
21-Jun-18	 10,152.00 	 252.00 	£0.026
22-Jun-18	 5,800.00 	 250.00 	£0.015
25-Jun-18	 10,000.00 	 247.00 	£0.025
26-Jun-18	 17,352.00 	 246.73 	£0.043
27-Jun-18	 20,000.00 	 248.99 	£0.050
28-Jun-18	 10,195.00 	 247.48 	£0.025
29-Jun-18	 10,000.00 	 247.48 	£0.025
",GBX
Global,Mid Wynd International,Ordinary Share,30/06/2018,GB00B6VTTK07,187979426,4441695,4441695,4441695,4441695,0,0,0,0,0,4441695,498,,1792148,,,37211416,1430000,0,0,No,4.4,2,0,2,0,30,,,N,100,183537731,181745583,488.41,,,,,493.23,,,,,488.41,,,,,493.23,,,,,1.71,4.4,0,3.67,24.25,43.83,10.78,9.03,4.04,0,0,0,0,0,0,0,0,0,0,0,0,0,0,0,0,0,0,0,0,,0,0,0,0,0,0,0,0,,,,,,,,,,,,,,186187278,,,"Between 4 and 28 June, the Company issued 1,430,000 Ordinary shares at prices ranging from 5.01 to 5.20p per share",GBX
Global,Monks,Ordinary Share,30/06/2018,GB0030517261,1860501419,105896610,114096610,105896610,114096610,0,0,0,0,0,105896610,840,,6637187,,,217418859,175000,0,0,N/A,1,6,5,0,,,Y,,N,100,1754604809,1747967622,803.96,,,,,807.02,,,,,800.19,,,,,803.24,,,,,1,1,0,6,17,47,8,13,8,0,0,0,0,0,0,0,0,0,0,0,0,0,0,0,0,0,0,0,0,,0,0,0,0,0,0,0,0,,,,,,,,,,,,,,1853864232,,,"15/06/18 50,000 SHARES ISSUED AT 855.5P, TOTAL CONSIDERATION £427,322.25
22/06/18 50,000 SHARES ISSUED AT 850P, TOTAL CONSIDERATION £424,575
28/06/18 75,000 SHARES ISSUED AT 832.5P, TOTAL CONSIDERATION £623,750.62",GBX
Global,Scottish Investment Trust,Ordinary Share,30/06/2018,GB0007826091,854802886,83797730,104831867,83797730,104831867,0,0,0,0,0,83797730,877,,10840076,,,78132069,0,301000,0,N/A,6.18,11,4,0,0,10,,,N,100,771005156,760165080,972.92,,,,,986.8,,,,,946,,,,,959.88,,,,,2.9,6.18,0,30.5,16.46,33.86,8.17,4.83,0,0,0,0,0,0,0,0,0,62,0,38,0,0,0,35,16,36,8,5,0,,0,0,0,0,0,0,0,0,,,,,,,,,,,,,,843962810,,,"During the month 301,000 share were bought back for an amount of £2.6m",GBX
Global,Scottish Mortgage,Ordinary Share,30/06/2018,GB00BLDYK618,8076169959,697137791,752441819,697137791,752441819,0,0,0,0,0,697137791,530,,16688336,,,1424980880,10317671,0,0,No,1,9,8,0,0,20,,"Scottish Mortgage uses gearing on a long term strategic basis. While the level of the borrowings will not exceed 30% except under 'exceptional market conditions', they are typically well below this level. ",N,100,7379032168,7362343832,516.66,,,,,517.83,,,,,512.78,,,,,513.95,,,,,0.3,1,0,3,24,47,0,23,2,0,0,0,0,0,0,0,0,0,0,0,0,0,0,0,0,0,0,0,0,,0,0,0,0,0,0,0,0,,,,,,,,,,,,,,8059481623,,The fair value of the debentures is calculated using a closing market offer price.,"Issuances:
07JUN18 GBP2.90m
08JUN18 GBP3.42m
11JUN18 GBP9.52m
12JUN18 GBP2.67m
13JUN18 GBP3.78m
14JUN18 GBP4.37m
19JUN18 GBP3.79m
20JUN18 GBP7.50m
21JUN18 GBP2.97m
22JUN18 GBP6.98m
26JUN18 GBP2.63m
29JUN18 GBP4.78m",GBX
Global,Witan,Ordinary Share,30/06/2018,GB0009744060,2237707000,257444371,282659111,257444371,282659111,0,0,0,0,0,257444371,1088,,19196000,,,178233760,0,0,21837240,No,2.49,13,10,0,1,15,,,N,100,1980262629,1961066629,1100.28,,,,1100.28,1111.05,,,,1111.05,1086.13,,,,1086.13,1096.9,,,,1096.9,1.93,2.49,0,34.96,20.47,22.41,4.33,13.69,1.65,0,0,0,0,0,0,0,0,0,0,0,0,0,0,0,0,0,0,0,0,/,0,0,0,0,0,0,0,0,,,,,,,,,,,,,,2218511000,,,,GBX
Category,Name,Type,Date,ISIN,Total Assets incl CYR,PC Total Par,PC Total Fair,PC Debt Par,PC Debt Fair,TotLongCashOffset,TotShortCashOffset,PC Equity,Convertibles Par,Convertibles Fair,PC Gearing,MonthEnd Price,Price for TS dilution,CurrYrRev(CYR),Rev Res (splits only),Rev Allocation % (splits only),Number,Issued,Purch,Treasury,below NAV,Cash/CashEquiv,GrossGearing,NetGearing,NetCash,From,To,NoRange,GearingNote,Loss,CYR allocation %,SHF per share inc CYR,SHF per share exc CYR,PCNCWNE,   PCNCWE,   PCCWNE,   PCCWE,   PCCWETS,PCNCWNEcum,PCNCWEcum,PCCWNEcum,PCCWEcum,PCCWETScum,FCNCWNE,   FCNCWE,   FCCWNE,   FCCWE,   FCCWETS,FCNCWNEcum,FCNCWEcum,FCCWNEcum,FCCWEcum,FCCWETScum,PFY,Cash/Cash Equiv.,Fixed Interest,Latin America,Asia ,Europe ,Africa Sub-Sahara,Middle East,Other , , , , , , , , ,Latin America,Asia ,Europe ,Africa Sub-Sahara,Middle East,Other ,Latin America,Asia ,Europe ,Africa Sub-Sahara,Middle East,Other ,Flags,,,,,,,,,Cat 2,Name,in issue,NAV Par,NAV Fair,Gross Gearing,Net Gearing,Name,in issue,NAV Par,NAV Fair,Gross Gearing,Net Gearing,Total Assets ex CYR,FootNote,Note,Note,
Global Emerging Markets,Aberdeen Emerging Markets,Ordinary Share,30/06/2018,GG00B45L2K95,331172436,25000000,25000000,25000000,25000000,0,0,0,0,0,25000000,582,,1536827,,,46047096,0,0,8571411,No,-4,8,12,0,,,Y,,N,100,306172436,304635609,661.57,,,,661.57,664.91,,,,664.91,661.57,,,,661.57,664.91,,,,664.91,3.5,-4,0,11,66,19,8,0,0,0,0,0,0,0,0,0,0,0,0,0,0,0,0,0,0,0,0,0,0,,0,0,0,0,0,0,0,0,,,,,,,,,,,,,,329635609,,,,GBX
Global Emerging Markets,Aberdeen Frontier Markets,Ordinary Share,30/06/2018,GG00B1W59J17,51832948,0,0,0,0,0,0,0,0,0,0,55.75,,129646,,,84600108,0,162500,1302500,No,2,0,0,,,,Y,,N,100,51832948,51703302,61.11,,,,61.11,61.27,,,,61.27,61.11,,,,61.11,61.27,,,,61.27,2.7,2,0,10,46,8,26,8,0,0,0,0,0,0,0,0,0,0,0,0,0,0,0,0,0,0,0,0,0,,0,0,0,0,0,0,0,0,,,,,,,,,,,,,,51703302,,,"162,500 Shares repurchased during June 2018",GBX
Global Emerging Markets,Ashmore Global Opportunities,Ordinary Share,30/06/2018,GG00BZ60M912,,,,,,,,,,,,,,,,,,,,,,,,,,,,,,,,,,,,,,,,,,,,,,,,,,,,,,,,,,,,,,,,,,,,,,,,,,,,,,,,,,,,,,,,,,,,,,,,,,,,,,,,,,,,,
Global Emerging Markets,Ashmore Global Opportunities USD,Ordinary Share,30/06/2018,GG00BZ60MQ84,,,,,,,,,,,,,,,,,,,,,,,,,,,,,,,,,,,,,,,,,,,,,,,,,,,,,,,,,,,,,,,,,,,,,,,,,,,,,,,,,,,,,,,,,,,,,,,,,,,,,,,,,,,,,
Global Emerging Markets,BlackRock Frontiers,Ordinary Share,30/06/2018,GB00B3SXM832,429624105,145657008,145657008,145657008,145657008,132245421,13393801,0,0,0,145657008,145,,7102655,,,198041108,3050000,0,0,N/A,22.73,51,17,0,0,20,,,N,100,283967097,276864442,139.8,,,,,143.39,,,,,139.8,,,,,143.39,,,,,3.12,22.73,0,6.37,21.66,17.27,9.01,22.96,0,0,0,0,0,0,0,0,0,0,0,0,0,0,0,0,0,0,0,0,0,,0,0,0,0,0,0,0,0,,,,,,,,,,,,,,422521450,,,"500,000 shares issued 7/6/18 @ 156p Proceeds £780,000, 1,800,000 shares issued 13/6/18 @ 156.50p Proceeds £2,817,000, 400,000 shares issued 14/6/18 @154p Proceeds £616,000,350,000 shares issued 22/6/18 @ 154p Proceeds £525,000",GBX
Global Emerging Markets,Fundsmith Emerging Equities,Ordinary Share,30/06/2018,GB00BLSNND18,321198180,0,0,0,0,0,0,0,0,0,0,1245,,906714,,,25950056,50000,0,0,N/A,0.34,0,0,,,,Y,,N,100,321198180,320291466,1234.26,,,,,1237.76,,,,,1234.26,,,,,1237.76,,,,,,0.34,0,5.83,56.66,5.25,9.61,5.11,17.2,0,0,0,0,0,0,0,0,6,57,5,10,5,17,6,57,5,10,5,17,,0,0,0,0,0,0,0,0,,,,,,,,,,,,,,320291466,,,,GBX
Global Emerging Markets,Genesis Emerging Markets,Ordinary Share,30/06/2018,GG00B4L0PD47,,,,,,,,,,,,,,,,,,,,,,,,,,,,,,,,,,,,,,,,,,,,,,,,,,,,,,,,,,,,,,,,,,,,,,,,,,,,,,,,,,,,,,,,,,,,,,,,,,,,,,,,,,,,,
Global Emerging Markets,JPMorgan Emerging Markets,Ordinary Share,30/06/2018,GB0003418950,1205819658,8943238,8943238,8943238,8943238,0,0,0,0,0,8943238,843,,16590391,,,123615346,0,0,8748179,No,0.7,1,0,0,0,20,,,N,100,1196876420,1180286029,954.81,,,,954.81,968.23,,,,968.23,954.81,,,,954.81,968.23,,,,968.23,1.75,0.7,0,17.5,64.1,7,10.7,0,0,0,0,0,0,0,0,0,0,0,0,0,0,0,0,0,0,0,0,0,0,,0,0,0,0,0,0,0,0,,,,,,,,,,,,,,1189229267,,,,GBX
Global Emerging Markets,JPMorgan Global Emerging Markets Income,Ordinary Share,30/06/2018,GB00B5ZZY915,415180475,30297294,30297294,30297294,30297294,0,0,0,0,0,30297294,120,,5345958,,,296790161,0,0,49277,No,3.2,8,4,0,0,20,,,N,100,384883181,379537223,127.88,,,,127.88,129.68,,,,129.68,127.88,,,,127.88,129.68,,,,129.68,4.28,3.2,0,15.4,55.9,13.9,7.3,4.3,0,0,0,0,0,0,0,0,0,0,0,0,0,0,0,0,0,0,0,0,0,,0,0,0,0,0,0,0,0,,,,,,,,,,,,,,409834517,,,,GBX
Global Emerging Markets,Jupiter Emerging & Frontier Income,Ordinary Share,30/06/2018,GB00BDR05757,107123214,11361485,11361485,11361485,11361485,0,0,0,0,0,11361485,105.5,,778847,,,92843000,0,0,0,N/A,0.04,12,12,0,0,20,,,N,100,95761729,94982882,102.3,,,,,103.14,,,,,102.3,,,,,103.14,,,,,7.91,0.04,0,11.19,1.56,27.58,10.68,4.5,44.45,0,0,0,0,0,0,0,0,0,0,0,0,0,0,0,0,0,0,0,0,,0,0,0,0,0,0,0,0,,,,,,,,,,,,,,106344367,,,,GBX
Global Emerging Markets,Templeton Emerging Markets,Ordinary Share,30/06/2018,GB0008829292,2284824081,150430003,150430003,150430003,150430003,0,0,0,0,0,150430003,701,,19376956,,,264373100,0,3334900,13545853,No,3.3,7,4,0,,,Y,,N,100,2134394078,2115017122,800.01,,,,800.01,807.34,,,,807.34,800.01,,,,800.01,807.34,,,,807.34,,3.3,0,12.2,62.9,11.6,8.4,0.5,1.1,0,0,0,0,0,0,0,0,12,63,12,8,1,4,0,0,0,0,0,0,,0,0,0,0,0,0,0,0,,,,,,,,,,,,,,2265447125,,,,GBX
Global Emerging Markets,Utilico Emerging Markets,Ordinary Share,30/06/2018,GB00BD45S967,534930000,0,0,0,0,0,0,0,0,0,0,197.6,,3369000,,,234508636,0,0,0,N/A,0.72,0,0,,,,Y,,N,100,534930000,531561000,226.67,,,,,228.11,,,,,226.67,,,,,228.11,,,,,3.2,0.72,0,29.33,27.26,20.47,1.29,1.11,19.82,0,0,0,0,0,0,0,0,0,0,0,0,0,0,0,0,0,0,0,0,,0,0,0,0,0,0,0,0,,,,,,,,,,,,,,531561000,,,,GBX
Category,Name,Type,Date,ISIN,Total Assets incl CYR,PC Total Par,PC Total Fair,PC Debt Par,PC Debt Fair,TotLongCashOffset,TotShortCashOffset,PC Equity,Convertibles Par,Convertibles Fair,PC Gearing,MonthEnd Price,Price for TS dilution,CurrYrRev(CYR),Rev Res (splits only),Rev Allocation % (splits only),Number,Issued,Purch,Treasury,below NAV,Cash/CashEquiv,GrossGearing,NetGearing,NetCash,From,To,NoRange,GearingNote,Loss,CYR allocation %,SHF per share inc CYR,SHF per share exc CYR,PCNCWNE,   PCNCWE,   PCCWNE,   PCCWE,   PCCWETS,PCNCWNEcum,PCNCWEcum,PCCWNEcum,PCCWEcum,PCCWETScum,FCNCWNE,   FCNCWE,   FCCWNE,   FCCWE,   FCCWETS,FCNCWNEcum,FCNCWEcum,FCCWNEcum,FCCWEcum,FCCWETScum,PFY,Cash/Cash Equiv.,Fixed Interest,UK ,Cont. Europe,North America,Japan ,Other Pacific,Other , , , , , , , , ,UK ,Cont. Europe,North America,Japan ,Other Pacific,Other ,UK ,Cont. Europe,North America,Japan ,Other Pacific,Other ,Flags,,,,,,,,,Cat 2,Name,in issue,NAV Par,NAV Fair,Gross Gearing,Net Gearing,Name,in issue,NAV Par,NAV Fair,Gross Gearing,Net Gearing,Total Assets ex CYR,FootNote,Note,Note,
Global Equity Income,Blue Planet Investment Trust,Ordinary Share,30/06/2018,GB0005327076,29526432,5426355,5426355,5426355,5426355,0,0,0,0,0,5426355,48,,318432,,,49474863,0,0,307125,No,2,23,20,0,,,Y,,N,100,24100077,23781645,48.07,,,,48.07,48.71,,,,48.71,48.07,,,,48.07,48.71,,,,48.71,8.1,2,53,18,5,22,0,0,0,0,0,0,0,0,0,0,0,9,9,37,0,0,45,9,9,37,0,0,45,/,0,0,0,0,0,0,0,0,,,,,,,,,,,,,,29208000,,,,GBX
Global Equity Income,Henderson International Income,Ordinary Share,30/06/2018,GB00B3PHCS86,285643965,0,0,0,0,0,0,0,0,0,0,160.5,,4509304,,,177106306,0,0,0,N/A,2.49,0,0,,0,20,,,N,100,285643965,281134661,158.74,,,,,161.28,,,,,158.74,,,,,161.28,,,,,4.3,2.49,0,0,38.9,35.21,1.2,22.2,0,0,0,0,0,0,0,0,0,0,0,0,0,0,0,0,0,0,0,0,0,,0,0,0,0,0,0,0,0,,,,,,,,,,,,,,281134661,,,,GBX
Global Equity Income,Invesco Perpetual Select Global Equity Income,Ordinary Share,30/06/2018,GB00B1DQ6472,73398447,5050000,5050000,5050000,5050000,0,0,0,0,0,5050000,204,,139404,,,32756219,0,566000,5445000,No,0.91,7,6,0,0,20,,,N,100,68348447,68209043,208.23,,,,208.23,208.66,,,,208.66,208.23,,,,208.23,208.66,,,,208.66,3.7,0.91,0,17.88,35.37,34.99,3.27,6.69,0.89,0,0,0,0,0,0,0,0,0,0,0,0,0,0,0,0,0,0,0,0,/A,0,0,0,0,0,0,0,0,,,,,,,,,,,,,,73259043,,,,GBX
Global Equity Income,JPMorgan Global Growth & Income,Ordinary Share,30/06/2018,GB00BYMKY695,437270410,30019987,33209017,30019987,33209017,0,0,0,0,0,30019987,319,,-9832014,,,129001285,0,0,25904215,No,1.7,7,6,0,0,20,,,N,100,407250423,417082437,323.32,,,,323.32,315.69,,,,315.69,320.84,,,,320.84,313.22,,,,313.22,1.94,1.7,0,6.5,32.2,48.1,6.2,4.4,0.9,0,0,0,0,0,0,0,0,0,0,0,0,0,0,0,0,0,0,0,0,,0,0,0,0,0,0,0,0,,,,,,,,,,,,,,447102424,,The fair value is based on the discounted cash flows of the debt.,,GBX
Global Equity Income,Murray International,Ordinary Share,30/06/2018,GB0006111909,1632796601,184632250,186143294,184632250,186143294,0,0,0,0,0,184632250,1140,,32767656,,,128143545,0,0,406531,No,0.89,13,12,0,0,30,,,N,100,1448164351,1415396695,1104.54,,,,1104.54,1130.11,,,,1130.11,1103.36,,,,1103.36,1128.93,,,,1128.93,4.85,0.89,15.97,12.23,11.99,14.68,4.22,24.09,15.93,0,0,0,0,0,0,0,0,15,-3,-3,0,31,60,0,0,0,0,0,0,/,0,0,0,0,0,0,0,0,,,,,,,,,,,,,,1600028945,,,,GBX
Global Equity Income,Scottish American,Ordinary Share,30/06/2018,GB0007873697,582485076,83064524,94792000,83064524,94792000,0,0,0,0,0,83064524,364,,6296920,,,138395943,475000,0,0,N/A,2,17,14,0,,,Y,,N,100,499420552,493123632,356.31,,,,,360.86,,,,,347.84,,,,,352.39,,,,,3.7,2,4,28,22,24,2,14,4,0,0,0,0,0,0,0,0,0,0,0,0,0,0,0,0,0,0,0,0,,0,0,0,0,0,0,0,0,,,,,,,,,,,,,,576188156,,,"Issuances:
13JUN18 GBP0.37m
19JUN18 GBP0.18m
26JUN18 GBP1.18m",GBX
Global Equity Income,Securities Trust of Scotland,Ordinary Share,30/06/2018,GB00B09G3N23,222135630,25136789,25136789,25136789,25136789,0,0,0,0,0,25136789,168,,4605870,,,108424795,0,311291,13874353,No,7.14,13,5,0,,,Y,,N,100,196998841,192392971,177.44,,,,177.44,181.69,,,,181.69,177.44,,,,177.44,181.69,,,,181.69,3.25,7.14,0,14.25,28.29,40.62,0,9.7,0,0,0,0,0,0,0,0,0,100,0,0,0,0,0,100,0,0,0,0,0,,0,0,0,0,0,0,0,0,,,,,,,,,,,,,,217529760,,,"Date	 Shares 	Price (p)	 Value £m 
6/1/2018	 206.00 	168.66	£0.000
6/4/2018	 672.00 	170.00	£0.001
6/6/2018	 10,000.00 	169.50	£0.017
6/7/2018	 43,988.00 	170.29	£0.075
6/8/2018	 30,328.00 	169.33	£0.051
6/11/2018	 30,562.00 	170.33	£0.052
6/12/2018	 38,134.00 	170.87	£0.065
6/13/2018	 11,514.00 	171.49	£0.020
6/14/2018	 789.00 	171.41	£0.001
6/15/2018	 10,116.00 	170.01	£0.017
6/18/2018	 278.00 	170.00	£0.000
6/19/2018	 9,246.00 	169.50	£0.016
6/27/2018	 95,458.00 	168.16	£0.161
6/28/2018	 20,000.00 	167.50	£0.034
6/29/2018	 10,000.00 	168.93	£0.017
",GBX
Category,Name,Type,Date,ISIN,Total Assets incl CYR,PC Total Par,PC Total Fair,PC Debt Par,PC Debt Fair,TotLongCashOffset,TotShortCashOffset,PC Equity,Convertibles Par,Convertibles Fair,PC Gearing,MonthEnd Price,Price for TS dilution,CurrYrRev(CYR),Rev Res (splits only),Rev Allocation % (splits only),Number,Issued,Purch,Treasury,below NAV,Cash/CashEquiv,GrossGearing,NetGearing,NetCash,From,To,NoRange,GearingNote,Loss,CYR allocation %,SHF per share inc CYR,SHF per share exc CYR,PCNCWNE,   PCNCWE,   PCCWNE,   PCCWE,   PCCWETS,PCNCWNEcum,PCNCWEcum,PCCWNEcum,PCCWEcum,PCCWETScum,FCNCWNE,   FCNCWE,   FCCWNE,   FCCWE,   FCCWETS,FCNCWNEcum,FCNCWEcum,FCCWNEcum,FCCWEcum,FCCWETScum,PFY,Cash/Cash Equiv.,Fixed Interest,UK Equities,Cont. Europe,North America,Japan ,Other Pacific,Other ,Cash/Cash Equiv.,UK Equities,Inv.Grade. Corp.Bonds,HY Corp. Bonds,Gov. Bonds,Sec.Loans /ABS,Int. Equities,Other ,UK Equities,Cont. Europe,North America,Japan ,Other Pacific,Other ,UK Equities,Cont. Europe,North America,Japan ,Other Pacific,Other ,Flags,,,,,,,,,Cat 2,Name,in issue,NAV Par,NAV Fair,Gross Gearing,Net Gearing,Name,in issue,NAV Par,NAV Fair,Gross Gearing,Net Gearing,Total Assets ex CYR,FootNote,Note,Note,
Global High Income,Henderson Diversified Income,Ordinary Share,30/06/2018,GB00BF03YC36,191161000,30286305,30286305,30286305,30286305,0,0,0,0,0,30286305,86.8,,1786000,,,189618240,0,0,0,N/A,5.97,19,12,0,,,Y,,N,100,160874695,159088695,83.9,,,,,84.84,,,,,83.9,,,,,84.84,,,,,5.29,5.97,91.98,2.05,0,0,0,0,0,5.97,2.05,22.53,59.88,0,9.57,0,0,32,5,62,0,1,0,32,5,62,0,1,0,/d,0,0,0,0,0,0,0,0,,,,,,,,,,,,,,189375000,"Company also holds 7,141,273 in credit default swaps.",,,GBX
Global High Income,Invesco Perpetual Enhanced Income,Ordinary Share,30/06/2018,GB00B05NYM32,144283540,23593631,23593631,23593631,23593631,0,0,0,0,0,23593631,76.3,,1664048,,,164994855,0,0,0,No,1.92,20,17,0,0,50,,,N,100,120689909,119025861,72.14,,,,,73.15,,,,,72.14,,,,,73.15,,,,,6.23,1.92,96.55,1.18,0.33,0.02,0,0,0,0.65,0.34,16.79,74.41,0,0,0,7.81,0,0,0,0,0,0,0,0,0,0,0,0,,0,0,0,0,0,0,0,0,,,,,,,,,,,,,,142619492,,,,GBX
Category,Name,Type,Date,ISIN,Total Assets incl CYR,PC Total Par,PC Total Fair,PC Debt Par,PC Debt Fair,TotLongCashOffset,TotShortCashOffset,PC Equity,Convertibles Par,Convertibles Fair,PC Gearing,MonthEnd Price,Price for TS dilution,CurrYrRev(CYR),Rev Res (splits only),Rev Allocation % (splits only),Number,Issued,Purch,Treasury,below NAV,Cash/CashEquiv,GrossGearing,NetGearing,NetCash,From,To,NoRange,GearingNote,Loss,CYR allocation %,SHF per share inc CYR,SHF per share exc CYR,PCNCWNE,   PCNCWE,   PCCWNE,   PCCWE,   PCCWETS,PCNCWNEcum,PCNCWEcum,PCCWNEcum,PCCWEcum,PCCWETScum,FCNCWNE,   FCNCWE,   FCCWNE,   FCCWE,   FCCWETS,FCNCWNEcum,FCNCWEcum,FCCWNEcum,FCCWEcum,FCCWETScum,PFY,Cash/Cash Equiv.,Fixed Interest,UK ,Cont. Europe,North America,Japan ,Other Pacific,Other , , , , , , , , ,UK ,Cont. Europe,North America,Japan ,Other Pacific,Other ,UK ,Cont. Europe,North America,Japan ,Other Pacific,Other ,Flags,,,,,,,,,Cat 2,Name,in issue,NAV Par,NAV Fair,Gross Gearing,Net Gearing,Name,in issue,NAV Par,NAV Fair,Gross Gearing,Net Gearing,Total Assets ex CYR,FootNote,Note,Note,
Global Smaller Companies,Marwyn Value Investors,Ordinary Share,30/06/2018,KYG5897M1740,,,,,,,,,,,,,,,,,,,,,,,,,,,,,,,,,,,,,,,,,,,,,,,,,,,,,,,,,,,,,,,,,,,,,,,,,,,,,,,,,,,,,,,,,,,,,,,,,,,,,,,,,,,,,
Global Smaller Companies,ScotGems,Ordinary Share,30/06/2018,GB00BYT25542,51641572,0,0,0,0,0,0,0,0,0,0,90,,-115774,,,53533770,0,0,0,No,45.2,0,0,,0,20,,,N,100,51641572,51757346,96.68,,,,,96.47,,,,,96.68,,,,,96.47,,,,,0.93,45.2,0,0,2.51,0,0,38.88,13.41,0,0,0,0,0,0,0,0,29,0,41,0,30,0,0,0,0,0,0,0,,0,0,0,0,0,0,0,0,,,,,,,,,,,,,,51757346,,,,GBX
Category,Name,Type,Date,ISIN,Total Assets incl CYR,PC Total Par,PC Total Fair,PC Debt Par,PC Debt Fair,TotLongCashOffset,TotShortCashOffset,PC Equity,Convertibles Par,Convertibles Fair,PC Gearing,MonthEnd Price,Price for TS dilution,CurrYrRev(CYR),Rev Res (splits only),Rev Allocation % (splits only),Number,Issued,Purch,Treasury,below NAV,Cash/CashEquiv,GrossGearing,NetGearing,NetCash,From,To,NoRange,GearingNote,Loss,CYR allocation %,SHF per share inc CYR,SHF per share exc CYR,PCNCWNE,   PCNCWE,   PCCWNE,   PCCWE,   PCCWETS,PCNCWNEcum,PCNCWEcum,PCCWNEcum,PCCWEcum,PCCWETScum,FCNCWNE,   FCNCWE,   FCCWNE,   FCCWE,   FCCWETS,FCNCWNEcum,FCNCWEcum,FCCWNEcum,FCCWEcum,FCCWETScum,PFY,Cash/Cash Equiv.,Fixed Interest,UK ,Cont. Europe,North America,Japan ,Other Pacific,Other ,Cash/Cash Equiv.,Long-Short Credit,Long-Short Equities,Event Driven,Multi- Strategy,Macro ,Systematic Volatility,Other ,UK ,Cont. Europe,North America,Japan ,Other Pacific,Other ,UK ,Cont. Europe,North America,Japan ,Other Pacific,Other ,Flags,,,,,,,,,Cat 2,Name,in issue,NAV Par,NAV Fair,Gross Gearing,Net Gearing,Name,in issue,NAV Par,NAV Fair,Gross Gearing,Net Gearing,Total Assets ex CYR,FootNote,Note,Note,
Hedge Funds,Alternative Liquidity Fund,Ordinary Share,30/06/2018,GG00BYRGPD65,,,,,,,,,,,,,,,,,,,,,,,,,,,,,,,,,,,,,,,,,,,,,,,,,,,,,,,,,,,,,,,,,,,,,,,,,,,,,,,,,,,,,,,,,,,,,,,,,,,,,,,,,,,,,
Hedge Funds,BH Global,Ordinary Share,30/06/2018,GG00B2QQPT96,,,,,,,,,,,,,,,,,,,,,,,,,,,,,,,,,,,,,,,,,,,,,,,,,,,,,,,,,,,,,,,,,,,,,,,,,,,,,,,,,,,,,,,,,,,,,,,,,,,,,,,,,,,,,
Hedge Funds,BH Global USD,Ordinary Share,30/06/2018,GG00B2QQPS89,,,,,,,,,,,,,,,,,,,,,,,,,,,,,,,,,,,,,,,,,,,,,,,,,,,,,,,,,,,,,,,,,,,,,,,,,,,,,,,,,,,,,,,,,,,,,,,,,,,,,,,,,,,,,
Hedge Funds,BH Macro,Ordinary Share,30/06/2018,GG00B1NP5142,,,,,,,,,,,,,,,,,,,,,,,,,,,,,,,,,,,,,,,,,,,,,,,,,,,,,,,,,,,,,,,,,,,,,,,,,,,,,,,,,,,,,,,,,,,,,,,,,,,,,,,,,,,,,
Hedge Funds,BH Macro USD,Ordinary Share,30/06/2018,GG00B1NPGV15,,,,,,,,,,,,,,,,,,,,,,,,,,,,,,,,,,,,,,,,,,,,,,,,,,,,,,,,,,,,,,,,,,,,,,,,,,,,,,,,,,,,,,,,,,,,,,,,,,,,,,,,,,,,,
Hedge Funds,Highbridge Multi-Strategy,Ordinary Share,30/06/2018,GB00B13YVW48,,,,,,,,,,,,,,,,,,,,,,,,,,,,,,,,,,,,,,,,,,,,,,,,,,,,,,,,,,,,,,,,,,,,,,,,,,,,,,,,,,,,,,,,,,,,,,,,,,,,,,,,,,,,,
Hedge Funds,Pershing Square Holdings,Ordinary Share,30/06/2018,GG00BPFJTF46,,,,,,,,,,,,,,,,,,,,,,,,,,,,,,,,,,,,,,,,,,,,,,,,,,,,,,,,,,,,,,,,,,,,,,,,,,,,,,,,,,,,,,,,,,,,,,,,,,,,,,,,,,,,,
Hedge Funds,Third Point Offshore Investors,Ordinary Share,30/06/2018,GG00B1YQ6R97,,,,,,,,,,,,,,,,,,,,,,,,,,,,,,,,,,,,,,,,,,,,,,,,,,,,,,,,,,,,,,,,,,,,,,,,,,,,,,,,,,,,,,,,,,,,,,,,,,,,,,,,,,,,,
Hedge Funds,Third Point Offshore Investors USD,Ordinary Share,30/06/2018,GG00B1YQ7219,,,,,,,,,,,,,,,,,,,,,,,,,,,,,,,,,,,,,,,,,,,,,,,,,,,,,,,,,,,,,,,,,,,,,,,,,,,,,,,,,,,,,,,,,,,,,,,,,,,,,,,,,,,,,
Category,Name,Type,Date,ISIN,Total Assets incl CYR,PC Total Par,PC Total Fair,PC Debt Par,PC Debt Fair,TotLongCashOffset,TotShortCashOffset,PC Equity,Convertibles Par,Convertibles Fair,PC Gearing,MonthEnd Price,Price for TS dilution,CurrYrRev(CYR),Rev Res (splits only),Rev Allocation % (splits only),Number,Issued,Purch,Treasury,below NAV,Cash/CashEquiv,GrossGearing,NetGearing,NetCash,From,To,NoRange,GearingNote,Loss,CYR allocation %,SHF per share inc CYR,SHF per share exc CYR,PCNCWNE,   PCNCWE,   PCCWNE,   PCCWE,   PCCWETS,PCNCWNEcum,PCNCWEcum,PCCWNEcum,PCCWEcum,PCCWETScum,FCNCWNE,   FCNCWE,   FCCWNE,   FCCWE,   FCCWETS,FCNCWNEcum,FCNCWEcum,FCCWNEcum,FCCWEcum,FCCWETScum,PFY,Cash/Cash Equiv.,Fixed Interest,UK ,Cont. Europe,North America,Japan ,Pacific ,Other ,Cash/Cash Equiv.,Fixed Interest,UK Equities,Japan 1 section,Japan 2 section,Jap OTC/ Region,Other ,TA Yen Exposure,UK ,Cont. Europe,North America,Japan ,Pacific ,Other ,UK ,Cont. Europe,North America,Japan ,Pacific ,Other ,Flags,,,,,,,,,Cat 2,Name,in issue,NAV Par,NAV Fair,Gross Gearing,Net Gearing,Name,in issue,NAV Par,NAV Fair,Gross Gearing,Net Gearing,Total Assets ex CYR,FootNote,Note,Note,
Japan,Aberdeen Japan,Ordinary Share,30/06/2018,GB0003920757,111432963,11624926,11662663,11624926,11662663,0,0,0,0,0,11624926,605,,31933,,,14670277,0,0,1151295,No,0.01,12,12,0,0,15,,,N,100,99808037,99776104,680.12,,,,680.12,680.34,,,,680.34,679.87,,,,679.87,680.08,,,,680.08,1.86,0.01,0,0,0,0,99.99,0,0,0.01,0,0,97.6,2.39,0,0,0,0,0,0,100,0,0,0,0,0,100,0,0,d,0,0,0,0,0,0,0,0,,,,,,,,,,,,,,111401030,,Fair value calculated using discounted cash flows method,,GBX
Japan,Baillie Gifford Japan,Ordinary Share,30/06/2018,GB0000485838,856594193,123087442,126075379,123087442,126075379,0,0,0,0,0,123087442,847,,3545594,,,90029925,400000,0,0,No,5,17,11,0,,,Y,,N,100,733506751,729961157,810.8,,,,,814.74,,,,,807.48,,,,,811.42,,,,,1.1,5,0,0,0,0,95,0,0,5,0,0,93,0,2,0,100,0,0,0,0,0,0,0,0,0,0,0,0,,0,0,0,0,0,0,0,0,,,,,,,,,,,,,,853048599,,,"26/06/18 200,000 shares issued at 841p, total consideration £1,680,318
27/06/18 200,000 shares issued at 844p, total consideration £1,686,312",GBX
Japan,CC Japan Income & Growth,Ordinary Share,30/06/2018,GB00BYSRMH16,233645418,37634161,37634161,37634161,37634161,37634161,0,0,0,0,37634161,165,,3065251,,,122926575,4889965,0,0,N/A,2.4,19,16,0,0,25,,,N,100,196011257,192946006,156.96,,,,,159.45,,,,,156.96,,,,,159.45,,,,,,2.4,0,0,0,0,97.6,0,0,2.4,0,0,97.6,0,0,0,0,0,0,0,100,0,0,0,0,0,100,0,0,,0,0,0,0,0,0,0,0,,,,,,,,,,,,,,230580167,,,"There were 4,889,965 shares issued during the month of June 2018",GBX
Japan,Fidelity Japan,Ordinary Share,30/06/2018,GB0003328555,273896251,32898288,32898288,32898288,32898288,32898288,0,0,0,0,32898288,161.75,,-42454,,,135606695,0,0,555000,No,0.46,14,13,0,0,30,,,Y,100,240997963,241040417,,,,,,177.72,,,,177.72,,,,,,177.72,,,,177.72,,0.46,0,0,0,0,99.54,0,0,0.46,0,0,84.68,4.76,10.1,0,0,0,0,0,0,0,0,0,0,0,0,0,0,,0,0,0,0,0,0,0,0,,,,,,,,,,,,,,273938705,,,,GBX
Japan,JPMorgan Japanese,Ordinary Share,30/06/2018,GB0001740025,946287833,137136126,137136126,137136126,137136126,0,0,0,0,0,137136126,468,,5853743,,,161248078,0,0,0,No,1,17,16,0,0,20,,,N,100,809151707,803297964,498.18,,,,,501.81,,,,,498.18,,,,,501.81,,,,,1.15,1,0,0,0,0,99,0,0,1,0,0,94.8,1,2.1,1.1,0,0,0,0,0,0,0,0,0,0,0,0,0,,0,0,0,0,0,0,0,0,,,,,,,,,,,,,,940434090,,,,GBX
Japan,Schroder Japan Growth,Ordinary Share,30/06/2018,GB0008022849,329130267,41029150,41029150,41029150,41029150,0,0,0,0,0,41029150,210,,5247243,,,125008200,0,0,0,N/A,2.05,14,12,0,,,Y,,N,100,288101117,282853874,226.27,,,,,230.47,,,,,226.27,,,,,230.47,,,,,2.2,2.05,0,0,0,0,97.95,0,0,2.05,0,0,97.95,0,0,0,0,74,0,0,26,0,0,2,0,0,98,0,0,,0,0,0,0,0,0,0,0,,,,,,,,,,,,,,323883024,,Fair and Par are not materially different,,GBX
Category,Name,Type,Date,ISIN,Total Assets incl CYR,PC Total Par,PC Total Fair,PC Debt Par,PC Debt Fair,TotLongCashOffset,TotShortCashOffset,PC Equity,Convertibles Par,Convertibles Fair,PC Gearing,MonthEnd Price,Price for TS dilution,CurrYrRev(CYR),Rev Res (splits only),Rev Allocation % (splits only),Number,Issued,Purch,Treasury,below NAV,Cash/CashEquiv,GrossGearing,NetGearing,NetCash,From,To,NoRange,GearingNote,Loss,CYR allocation %,SHF per share inc CYR,SHF per share exc CYR,PCNCWNE,   PCNCWE,   PCCWNE,   PCCWE,   PCCWETS,PCNCWNEcum,PCNCWEcum,PCCWNEcum,PCCWEcum,PCCWETScum,FCNCWNE,   FCNCWE,   FCCWNE,   FCCWE,   FCCWETS,FCNCWNEcum,FCNCWEcum,FCCWNEcum,FCCWEcum,FCCWETScum,PFY,Cash/Cash Equiv.,Fixed Interest,UK ,Cont. Europe,North America,Japan ,Pacific ,Other ,Cash/Cash Equiv.,Fixed Interest,UK Equities,Japan 1 section,Japan 2 section,Jap OTC/ Region,Other ,TA Yen Exposure,UK ,Cont. Europe,North America,Japan ,Pacific ,Other ,UK ,Cont. Europe,North America,Japan ,Pacific ,Other ,Flags,,,,,,,,,Cat 2,Name,in issue,NAV Par,NAV Fair,Gross Gearing,Net Gearing,Name,in issue,NAV Par,NAV Fair,Gross Gearing,Net Gearing,Total Assets ex CYR,FootNote,Note,Note,
Japanese Smaller Companies,Atlantis Japan Growth,Ordinary Share,30/06/2018,GG00B61ND550,,,,,,,,,,,,,,,,,,,,,,,,,,,,,,,,,,,,,,,,,,,,,,,,,,,,,,,,,,,,,,,,,,,,,,,,,,,,,,,,,,,,,,,,,,,,,,,,,,,,,,,,,,,,,
Japanese Smaller Companies,Baillie Gifford Shin Nippon,Ordinary Share,30/06/2018,GB00BFXYH242,524211964,50944526,51639873,50944526,51639873,0,0,0,0,0,50944526,194.2,,132494,,,256502485,4775000,0,0,No,2,11,9,0,,,Y,,N,100,473267438,473134944,184.46,,,,,184.51,,,,,184.19,,,,,184.24,,,,,0.6,2,0,0,0,0,98,0,0,2,0,0,79,4,15,0,100,0,0,0,0,0,0,0,0,0,0,0,0,,0,0,0,0,0,0,0,0,,,,,,,,,,,,,,524079470,,,"01/06/18 550,000 shares issued, 194p, total £1,065,398.50
04/06/18 300,000 shares issued, 195.25p, total £584,870.37
13/06/18 775,000 shares issued, 199p, total £1,539,935.62
15/06/18 600,000 shares issued, 201p, total £1,204,190
20/06/18 250,000 shares issued, 198p, total £494,256.50
22/06/18 1,100,000  shares issued, 197p, total £2,163,748.50
26/06/18 150,000 shares issued, 197.5p, total £295,804.62
29/06/18 1,050,000 shares issued, 194p, total £2,033,943.50",GBX
Japanese Smaller Companies,JPMorgan Japan Smaller Companies,Ordinary Share,30/06/2018,GB0003165817,293762471,27352768,27352768,27352768,27352768,0,0,0,0,0,27352768,427,,-237250,,,54510339,0,0,1434221,No,2.6,10,7,0,0,20,,,N,100,266409703,266646953,489.17,,,,489.17,488.73,,,,488.73,489.17,,,,489.17,488.73,,,,488.73,1.31,2.6,0,0,0,0,97.4,0,0,2.6,0,0,78.4,4.4,5.4,9.2,0,0,0,0,0,0,0,0,0,0,0,0,0,,0,0,0,0,0,0,0,0,,,,,,,,,,,,,,293999721,,,,GBX
Category,Name,Type,Date,ISIN,Total Assets incl CYR,PC Total Par,PC Total Fair,PC Debt Par,PC Debt Fair,TotLongCashOffset,TotShortCashOffset,PC Equity,Convertibles Par,Convertibles Fair,PC Gearing,MonthEnd Price,Price for TS dilution,CurrYrRev(CYR),Rev Res (splits only),Rev Allocation % (splits only),Number,Issued,Purch,Treasury,below NAV,Cash/CashEquiv,GrossGearing,NetGearing,NetCash,From,To,NoRange,GearingNote,Loss,CYR allocation %,SHF per share inc CYR,SHF per share exc CYR,PCNCWNE,   PCNCWE,   PCCWNE,   PCCWE,   PCCWETS,PCNCWNEcum,PCNCWEcum,PCCWNEcum,PCCWEcum,PCCWETScum,FCNCWNE,   FCNCWE,   FCCWNE,   FCCWE,   FCCWETS,FCNCWNEcum,FCNCWEcum,FCCWNEcum,FCCWEcum,FCCWETScum,PFY,Cash/Cash Equiv.,Fixed Interest,Argen tina,Brazil ,Chile ,Colum bia,Mexico ,Other , , , , , , , , ,Argen tina,Brazil ,Chile ,Colum bia,Mexico ,Other ,Argen tina,Brazil ,Chile ,Colum bia,Mexico ,Other ,Flags,,,,,,,,,Cat 2,Name,in issue,NAV Par,NAV Fair,Gross Gearing,Net Gearing,Name,in issue,NAV Par,NAV Fair,Gross Gearing,Net Gearing,Total Assets ex CYR,FootNote,Note,Note,
Latin America,Aberdeen Latin American Income,Ordinary Share,30/06/2018,JE00B44ZTP62,49908520,6500000,6500000,6500000,6500000,0,0,0,0,0,6500000,61.4,,858463,,,60465324,0,0,6107500,No,2.81,15,12,0,0,20,,,N,100,43408520,42550057,70.37,,,,70.37,71.79,,,,71.79,70.37,,,,70.37,71.79,,,,71.79,6.25,2.81,48.16,1.98,27.3,4.58,0.86,13.2,1.11,0,0,0,0,0,0,0,0,0,0,0,0,0,0,0,0,0,0,0,0,,0,0,0,0,0,0,0,0,,,,,,,,,,,,,,49050057,,,,GBX
Latin America,BlackRock Latin American,Ordinary Share,30/06/2018,GB0005058408,195125262,15067594,15067594,15067594,15067594,0,0,0,0,0,15067594,390,,2131367,,,39259620,0,0,2181662,No,-0.78,8,9,0,0,25,,,N,100,180057668,177926301,453.2,,,,453.2,458.63,,,,458.63,453.2,,,,453.2,458.63,,,,458.63,2.39,-0.78,0.17,2.92,64.35,4.39,1.22,27.73,0,0,0,0,0,0,0,0,0,0,0,0,0,0,0,0,0,0,0,0,0,,0,0,0,0,0,0,0,0,,,,,,,,,,,,,,192993895,,Calculated based on the exchange rates on the NAV date.,,GBX
Category,Name,Type,Date,ISIN,Total Assets incl CYR,PC Total Par,PC Total Fair,PC Debt Par,PC Debt Fair,TotLongCashOffset,TotShortCashOffset,PC Equity,Convertibles Par,Convertibles Fair,PC Gearing,MonthEnd Price,Price for TS dilution,CurrYrRev(CYR),Rev Res (splits only),Rev Allocation % (splits only),Number,Issued,Purch,Treasury,below NAV,Cash/CashEquiv,GrossGearing,NetGearing,NetCash,From,To,NoRange,GearingNote,Loss,CYR allocation %,SHF per share inc CYR,SHF per share exc CYR,PCNCWNE,   PCNCWE,   PCCWNE,   PCCWE,   PCCWETS,PCNCWNEcum,PCNCWEcum,PCCWNEcum,PCCWEcum,PCCWETScum,FCNCWNE,   FCNCWE,   FCCWNE,   FCCWE,   FCCWETS,FCNCWNEcum,FCNCWEcum,FCCWNEcum,FCCWEcum,FCCWETScum,PFY,Cash/Cash Equiv.,Fixed Interest,UK ,United States,Canada ,Mexico ,North America,Other ,Cash/Cash Equiv.,Fixed Interest,UK Equities,S&P 500 ,Other US Equities,Other Equities,Other ,TA $ Exposure,UK ,United States,Canada ,Mexico ,North America,Other ,UK ,United States,Canada ,Mexico ,North America,Other ,Flags,,,,,,,,,Cat 2,Name,in issue,NAV Par,NAV Fair,Gross Gearing,Net Gearing,Name,in issue,NAV Par,NAV Fair,Gross Gearing,Net Gearing,Total Assets ex CYR,FootNote,Note,Note,
North America,Baillie Gifford US Growth,Ordinary Share,30/06/2018,GB00BDFGHW41,225998979,0,0,0,0,0,0,0,0,0,0,123.7,,-344601,,,190450000,6950000,0,0,N/A,2,0,0,,,,Y,,N,100,225998979,226343580,118.85,,,,,118.67,,,,,118.85,,,,,118.67,,,,,,2,0,0,98,0,0,0,0,2,0,0,96,0,2,0,99,0,0,0,0,0,0,0,0,0,0,0,0,,0,0,0,0,0,0,0,0,,,,,,,,,,,,,,226343580,,,"01/06/18 700,000 shares issued at 116.6p, total consideration £815,383.80
04/06/18 1,350,000 shares issued at 117.6p, total consideration £1,586,012.40
05/06/18 450,000 shares issued at 119.6p, total consideration £537,661.80
06/06/18 750,000 shares issued at 119.4p, total consideration £894,604.50
07/06/18 750,000 shares issued at 121p, total consideration £906,592.50
08/06/18 300,000 shares issued at 121.2p, total consideration at 121.2p, total consideration £363,236.40
11/06/18 350,000 shares issued at 121.1p, total consideration £423,426.15
15/06/18 100,000 shares issued at 124.8p, total consideration £124,675.20
18/06/18 200,000 shares issued at 124.5p, total consideration £248,751
21/06/18 1,000,000 shares issued at 126p, total consideration £1,258,740
27/06/18 500,000 shares issued at 123.3p, total consideration £615,883.50
29/06/18 500,000 shares issued at 123.6p, total consideration £617,382",GBX
North America,BlackRock North American Income,Ordinary Share,30/06/2018,GB00B7W0XJ61,118292293,0,0,0,0,0,0,0,0,0,0,173,,629324,,,68874044,0,0,31487261,No,4.05,0,0,,0,20,,,N,100,118292293,117662969,170.84,,,,170.84,171.75,,,,171.75,170.84,,,,170.84,171.75,,,,171.75,4.38,4.05,0,5.38,78.99,3.3,0,0,8.28,4.05,0,5.38,78.99,3.3,8.28,0,0,0,0,0,0,0,0,0,0,0,0,0,0,,0,0,0,0,0,0,0,0,,,,,,,,,,,,,,117662969,,,,GBX
North America,Gabelli Merger Plus+,Ordinary Share,30/06/2018,GB00BD8P0741,,,,,,,,,,,,,,,,,,,,,,,,,,,,,,,,,,,,,,,,,,,,,,,,,,,,,,,,,,,,,,,,,,,,,,,,,,,,,,,,,,,,,,,,,,,,,,,,,,,,,,,,,,,,,
North America,Gabelli Value Plus+,Ordinary Share,30/06/2018,GB00BTLJYS47,139022485,0,0,0,0,0,0,0,0,0,0,129.5,,809858,,,99871001,0,0,230000,No,2.6,0,0,,,,Y,,N,100,139022485,138212627,138.39,,,,138.39,139.2,,,,139.2,138.39,,,,138.39,139.2,,,,139.2,,2.6,0,0,97.4,0,0,0,0,2.6,0,0,97.4,0,0,0,0,0,100,0,0,0,0,0,100,0,0,0,0,,0,0,0,0,0,0,0,0,,,,,,,,,,,,,,138212627,,,,GBX
North America,JPMorgan American,Ordinary Share,30/06/2018,GB00BKZGVH64,1044259234,66927211,66927211,66927211,66927211,0,0,0,0,0,66927211,422.5,,8104177,,,223125492,0,1216285,58508418,No,0.6,7,6,0,0,20,,,N,100,977332023,969227846,434.39,,,,434.39,438.02,,,,438.02,434.39,,,,434.39,438.02,,,,438.02,1.9,0.6,0,0,99.4,0,0,0,0,0.6,0,0,99.4,0,0,0,100,0,0,0,0,0,0,0,0,0,0,0,0,,0,0,0,0,0,0,0,0,,,,,,,,,,,,,,1036155057,,The debenture has been fair valued using discounted cash flow techniques.,,GBX
North America,Middlefield Canadian Income Trusts,Ordinary Share,30/06/2018,GB00B15PV034,,,,,,,,,,,,,,,,,,,,,,,,,,,,,,,,,,,,,,,,,,,,,,,,,,,,,,,,,,,,,,,,,,,,,,,,,,,,,,,,,,,,,,,,,,,,,,,,,,,,,,,,,,,,,
North America,North American Income,Ordinary Share,30/06/2018,GB0000293620,435476307,37871615,37871615,37871615,37871615,0,0,0,0,0,37871615,1340,,6447090,,,28430504,0,0,0,N/A,2.89,10,6,0,0,20,,,N,100,397604692,391157602,1375.84,,,,,1398.51,,,,,1375.84,,,,,1398.51,,,,,,2.89,2.29,0,85.64,9.18,0,0,0,2.89,2.29,0,85.64,0,9.18,0,0,42,38,20,0,0,0,42,38,20,0,0,0,,0,0,0,0,0,0,0,0,,,,,,,,,,,,,,429029217,,,,GBX
Category,Name,Type,Date,ISIN,Total Assets incl CYR,PC Total Par,PC Total Fair,PC Debt Par,PC Debt Fair,TotLongCashOffset,TotShortCashOffset,PC Equity,Convertibles Par,Convertibles Fair,PC Gearing,MonthEnd Price,Price for TS dilution,CurrYrRev(CYR),Rev Res (splits only),Rev Allocation % (splits only),Number,Issued,Purch,Treasury,below NAV,Cash/CashEquiv,GrossGearing,NetGearing,NetCash,From,To,NoRange,GearingNote,Loss,CYR allocation %,SHF per share inc CYR,SHF per share exc CYR,PCNCWNE,   PCNCWE,   PCCWNE,   PCCWE,   PCCWETS,PCNCWNEcum,PCNCWEcum,PCCWNEcum,PCCWEcum,PCCWETScum,FCNCWNE,   FCNCWE,   FCCWNE,   FCCWE,   FCCWETS,FCNCWNEcum,FCNCWEcum,FCCWNEcum,FCCWEcum,FCCWETScum,PFY,Cash/Cash Equiv.,Fixed Interest,UK ,United States,Canada ,Mexico ,North America,Other ,Cash/Cash Equiv.,Fixed Interest,UK Equities,S&P 500 ,Other US Equities,Other Equities,Other ,TA $ Exposure,UK ,United States,Canada ,Mexico ,North America,Other ,UK ,United States,Canada ,Mexico ,North America,Other ,Flags,,,,,,,,,Cat 2,Name,in issue,NAV Par,NAV Fair,Gross Gearing,Net Gearing,Name,in issue,NAV Par,NAV Fair,Gross Gearing,Net Gearing,Total Assets ex CYR,FootNote,Note,Note,
North American Smaller Companies,JPMorgan US Smaller Companies,Ordinary Share,30/06/2018,GB00BJL5F346,198412131,16539568,16539568,16539568,16539568,0,0,0,0,0,16539568,309,,785874,,,57276928,400000,0,0,No,1.5,9,7,0,0,15,,,N,100,181872563,181086689,316.16,,,,,317.53,,,,,316.16,,,,,317.53,,,,,1.39,1.5,0,0,0,0,0,98.5,0,1.5,0,0,0,98.5,0,0,100,0,0,0,0,0,0,0,0,0,0,0,0,,0,0,0,0,0,0,0,0,,,,,,,,,,,,,,197626257,,,,GBX
North American Smaller Companies,Jupiter US Smaller Companies,Ordinary Share,30/06/2018,GB0003463402,170914091,7574323,7574323,7574323,7574323,0,0,0,0,0,7574323,1030,,-645330,,,14802819,0,124780,3420594,No,4.91,5,0,1,0,20,,,N,100,163339768,163985098,1107.8,,,,1107.8,1103.44,,,,1103.44,1107.8,,,,1107.8,1103.44,,,,1103.44,0.85,4.91,0,0,92.44,2.65,0,0,0,4.91,0,0,0,92.44,2.65,0,0,0,0,0,0,0,0,0,0,0,0,0,0,,0,0,0,0,0,0,0,0,,,,,,,,,,,,,,171559421,,,"Between 4 and 29 June 2018 the Company bought back 124,780 Ordinary shares at prices ranging from 992.00 to 1030.00p per share",GBX
Category,Name,Type,Date,ISIN,Total Assets incl CYR,PC Total Par,PC Total Fair,PC Debt Par,PC Debt Fair,TotLongCashOffset,TotShortCashOffset,PC Equity,Convertibles Par,Convertibles Fair,PC Gearing,MonthEnd Price,Price for TS dilution,CurrYrRev(CYR),Rev Res (splits only),Rev Allocation % (splits only),Number,Issued,Purch,Treasury,below NAV,Cash/CashEquiv,GrossGearing,NetGearing,NetCash,From,To,NoRange,GearingNote,Loss,CYR allocation %,SHF per share inc CYR,SHF per share exc CYR,PCNCWNE,   PCNCWE,   PCCWNE,   PCCWE,   PCCWETS,PCNCWNEcum,PCNCWEcum,PCCWNEcum,PCCWEcum,PCCWETScum,FCNCWNE,   FCNCWE,   FCCWNE,   FCCWE,   FCCWETS,FCNCWNEcum,FCNCWEcum,FCCWNEcum,FCCWEcum,FCCWETScum,PFY,Cash/Cash Equiv.,Fixed Interest,UK ,Cont. Europe,North America,Japan ,Other Pacific,Other ,Cash/Cash Equiv.,Fixed Interest,UK Listed,UK Unlisted,Cont. Eur Listed,Cont. Eur Unlisted,US Listed,US Unlisted,UK ,Cont. Europe,North America,Japan ,Other Pacific,Other ,UK ,Cont. Europe,North America,Japan ,Other Pacific,Other ,Flags,,,,,,,,,Cat 2,Name,in issue,NAV Par,NAV Fair,Gross Gearing,Net Gearing,Name,in issue,NAV Par,NAV Fair,Gross Gearing,Net Gearing,Total Assets ex CYR,FootNote,Note,Note,
Private Equity,Aberdeen Private Equity,Ordinary Share,30/06/2018,GG00BFNS0161,,,,,,,,,,,,,,,,,,,,,,,,,,,,,,,,,,,,,,,,,,,,,,,,,,,,,,,,,,,,,,,,,,,,,,,,,,,,,,,,,,,,,,,,,,,,,,,,,,,,,,,,,,,,,
Private Equity,Apax Global Alpha,Ordinary Share,30/06/2018,GG00BWWYMV85,,,,,,,,,,,,,,,,,,,,,,,,,,,,,,,,,,,,,,,,,,,,,,,,,,,,,,,,,,,,,,,,,,,,,,,,,,,,,,,,,,,,,,,,,,,,,,,,,,,,,,,,,,,,,
Private Equity,Better Capital 2009,Ordinary Share,30/06/2018,GG00BYXP9G82,,,,,,,,,,,,,,,,,,,,,,,,,,,,,,,,,,,,,,,,,,,,,,,,,,,,,,,,,,,,,,,,,,,,,,,,,,,,,,,,,,,,,,,,,,,,,,,,,,,,,,,,,,,,,
Private Equity,Better Capital 2012,Ordinary Share,30/06/2018,GG00B4N1RV71,,,,,,,,,,,,,,,,,,,,,,,,,,,,,,,,,,,,,,,,,,,,,,,,,,,,,,,,,,,,,,,,,,,,,,,,,,,,,,,,,,,,,,,,,,,,,,,,,,,,,,,,,,,,,
Private Equity,Dunedin Enterprise,Ordinary Share,30/06/2018,GB0005776561,,,,,,,,,,,,,,,,,,,,,,,,,,,,,,,,,,,,,,,,,,,,,,,,,,,,,,,,,,,,,,,,,,,,,,,,,,,,,,,,,,,,,,,,,,,,,,,,,,,,,,,,,,,,,
Private Equity,Electra Private Equity,Ordinary Share,30/06/2018,GB0003085445,,,,,,,,,,,,,,,,,,,,,,,,,,,,,,,,,,,,,,,,,,,,,,,,,,,,,,,,,,,,,,,,,,,,,,,,,,,,,,,,,,,,,,,,,,,,,,,,,,,,,,,,,,,,,
Private Equity,F&C Private Equity,Ordinary Share,30/06/2018,GB0030738271,,,,,,,,,,,,,,,,,,,,,,,,,,,,,,,,,,,,,,,,,,,,,,,,,,,,,,,,,,,,,,,,,,,,,,,,,,,,,,,,,,,,,,,,,,,,,,,,,,,,,,,,,,,,,
Private Equity,HarbourVest Global Private Equity,Ordinary Share,30/06/2018,GG00BR30MJ80,,,,,,,,,,,,,,,,,,,,,,,,,,,,,,,,,,,,,,,,,,,,,,,,,,,,,,,,,,,,,,,,,,,,,,,,,,,,,,,,,,,,,,,,,,,,,,,,,,,,,,,,,,,,,
Private Equity,HgCapital,Ordinary Share,30/06/2018,GB0003921052,,,,,,,,,,,,,,,,,,,,,,,,,,,,,,,,,,,,,,,,,,,,,,,,,,,,,,,,,,,,,,,,,,,,,,,,,,,,,,,,,,,,,,,,,,,,,,,,,,,,,,,,,,,,,
Private Equity,ICG Enterprise,Ordinary Share,30/06/2018,GB0003292009,,,,,,,,,,,,,,,,,,,,,,,,,,,,,,,,,,,,,,,,,,,,,,,,,,,,,,,,,,,,,,,,,,,,,,,,,,,,,,,,,,,,,,,,,,,,,,,,,,,,,,,,,,,,,
Private Equity,JPEL Private Equity,Ordinary Share,30/06/2018,GG00BF1F1F02,,,,,,,,,,,,,,,,,,,,,,,,,,,,,,,,,,,,,,,,,,,,,,,,,,,,,,,,,,,,,,,,,,,,,,,,,,,,,,,,,,,,,,,,,,,,,,,,,,,,,,,,,,,,,
Private Equity,LMS Capital,Ordinary Share,30/06/2018,GB00B12MHD28,,,,,,,,,,,,,,,,,,,,,,,,,,,,,,,,,,,,,,,,,,,,,,,,,,,,,,,,,,,,,,,,,,,,,,,,,,,,,,,,,,,,,,,,,,,,,,,,,,,,,,,,,,,,,
Private Equity,Mithras,Ordinary Share,30/06/2018,GB0005962864,,,,,,,,,,,,,,,,,,,,,,,,,,,,,,,,,,,,,,,,,,,,,,,,,,,,,,,,,,,,,,,,,,,,,,,,,,,,,,,,,,,,,,,,,,,,,,,,,,,,,,,,,,,,,
Private Equity,NB Private Equity Partners,ZDP 2022,30/06/2018,GG00BD0FRW63,,,,,,,,,,,,,,,,,,,,,,,,,,,,,,,,,,,,,,,,,,,,,,,,,,,,,,,,,,,,,,,,,,,,,,,,,,,,,,,,,,,,,,,,,,,,PE,,,,,,,,,,,,,,,,,
Private Equity,NB Private Equity Partners,ZDP 2024,30/06/2018,GG00BD96PR19,,,,,,,,,,,,,,,,,,,,,,,,,,,,,,,,,,,,,,,,,,,,,,,,,,,,,,,,,,,,,,,,,,,,,,,,,,,,,,,,,,,,,,,,,,,,PE,,,,,,,,,,,,,,,,,
Private Equity,NB Private Equity Partners,Ord Income,30/06/2018,GG00B1ZBD492,,,,,,,,,,,,,,,,,,,,,,,,,,,,,,,,,,,,,,,,,,,,,,,,,,,,,,,,,,,,,,,,,,,,,,,,,,,,,,,,,,,,,,,,,,,,PE,,,,,,,,,,,,,,,,,
Private Equity,Northern Investors Company,Ordinary Share,30/06/2018,GB00B08S4K30,,,,,,,,,,,,,,,,,,,,,,,,,,,,,,,,,,,,,,,,,,,,,,,,,,,,,,,,,,,,,,,,,,,,,,,,,,,,,,,,,,,,,,,,,,,,,,,,,,,,,,,,,,,,,
Private Equity,Oakley Capital Investments,Ordinary Share,30/06/2018,BMG670131058,,,,,,,,,,,,,,,,,,,,,,,,,,,,,,,,,,,,,,,,,,,,,,,,,,,,,,,,,,,,,,,,,,,,,,,,,,,,,,,,,,,,,,,,,,,,,,,,,,,,,,,,,,,,,
Private Equity,Pantheon International,Ordinary Share,30/06/2018,GB0004148507,,,,,,,,,,,,,,,,,,,,,,,,,,,,,,,,,,,,,,,,,,,,,,,,,,,,,,,,,,,,,,,,,,,,,,,,,,,,,,,,,,,,,,,,,,,,,,,,,,,,,,,,,,,,,
Private Equity,Princess Private Equity Holding,Ordinary Share,30/06/2018,GG00B28C2R28,,,,,,,,,,,,,,,,,,,,,,,,,,,,,,,,,,,,,,,,,,,,,,,,,,,,,,,,,,,,,,,,,,,,,,,,,,,,,,,,,,,,,,,,,,,,,,,,,,,,,,,,,,,,,
Private Equity,Qannas Investments,Ordinary Share,30/06/2018,KYG7306P1037,,,,,,,,,,,,,,,,,,,,,,,,,,,,,,,,,,,,,,,,,,,,,,,,,,,,,,,,,,,,,,,,,,,,,,,,,,,,,,,,,,,,,,,,,,,,,,,,,,,,,,,,,,,,,
Private Equity,Standard Life Private Equity,Ordinary Share,30/06/2018,GB0030474687,,,,,,,,,,,,,,,,,,,,,,,,,,,,,,,,,,,,,,,,,,,,,,,,,,,,,,,,,,,,,,,,,,,,,,,,,,,,,,,,,,,,,,,,,,,,,,,,,,,,,,,,,,,,,
Category,Name,Type,Date,ISIN,Total Assets incl CYR,PC Total Par,PC Total Fair,PC Debt Par,PC Debt Fair,TotLongCashOffset,TotShortCashOffset,PC Equity,Convertibles Par,Convertibles Fair,PC Gearing,MonthEnd Price,Price for TS dilution,CurrYrRev(CYR),Rev Res (splits only),Rev Allocation % (splits only),Number,Issued,Purch,Treasury,below NAV,Cash/CashEquiv,GrossGearing,NetGearing,NetCash,From,To,NoRange,GearingNote,Loss,CYR allocation %,SHF per share inc CYR,SHF per share exc CYR,PCNCWNE,   PCNCWE,   PCCWNE,   PCCWE,   PCCWETS,PCNCWNEcum,PCNCWEcum,PCCWNEcum,PCCWEcum,PCCWETScum,FCNCWNE,   FCNCWE,   FCCWNE,   FCCWE,   FCCWETS,FCNCWNEcum,FCNCWEcum,FCCWNEcum,FCCWEcum,FCCWETScum,PFY,Cash/Cash Equiv.,Fixed Interest,UK ,Cont. Europe,North America,Japan ,Other Pacific,Other , , , , , , , , ,UK ,Cont. Europe,North America,Japan ,Other Pacific,Other ,UK ,Cont. Europe,North America,Japan ,Other Pacific,Other ,Flags,,,,,,,,,Cat 2,Name,in issue,NAV Par,NAV Fair,Gross Gearing,Net Gearing,Name,in issue,NAV Par,NAV Fair,Gross Gearing,Net Gearing,Total Assets ex CYR,FootNote,Note,Note,
Property Direct - Asia Pacific,Macau Property Opportunities,Ordinary Share,30/06/2018,GB00B1436N68,,,,,,,,,,,,,,,,,,,,,,,,,,,,,,,,,,,,,,,,,,,,,,,,,,,,,,,,,,,,,,,,,,,,,,,,,,,,,,,,,,,,,,,,,,,,,,,,,,,,,,,,,,,,,
Property Direct - Asia Pacific,Vinaland,Ordinary Share,30/06/2018,KYG936361016,,,,,,,,,,,,,,,,,,,,,,,,,,,,,,,,,,,,,,,,,,,,,,,,,,,,,,,,,,,,,,,,,,,,,,,,,,,,,,,,,,,,,,,,,,,,,,,,,,,,,,,,,,,,,
Category,Name,Type,Date,ISIN,Total Assets incl CYR,PC Total Par,PC Total Fair,PC Debt Par,PC Debt Fair,TotLongCashOffset,TotShortCashOffset,PC Equity,Convertibles Par,Convertibles Fair,PC Gearing,MonthEnd Price,Price for TS dilution,CurrYrRev(CYR),Rev Res (splits only),Rev Allocation % (splits only),Number,Issued,Purch,Treasury,below NAV,Cash/CashEquiv,GrossGearing,NetGearing,NetCash,From,To,NoRange,GearingNote,Loss,CYR allocation %,SHF per share inc CYR,SHF per share exc CYR,PCNCWNE,   PCNCWE,   PCCWNE,   PCCWE,   PCCWETS,PCNCWNEcum,PCNCWEcum,PCCWNEcum,PCCWEcum,PCCWETScum,FCNCWNE,   FCNCWE,   FCCWNE,   FCCWE,   FCCWETS,FCNCWNEcum,FCNCWEcum,FCCWNEcum,FCCWEcum,FCCWETScum,PFY,Cash/Cash Equiv.,Fixed Interest,UK ,Cont. Europe,North America,Japan ,Other Pacific,Other , , , , , , , , ,UK ,Cont. Europe,North America,Japan ,Other Pacific,Other ,UK ,Cont. Europe,North America,Japan ,Other Pacific,Other ,Flags,,,,,,,,,Cat 2,Name,in issue,NAV Par,NAV Fair,Gross Gearing,Net Gearing,Name,in issue,NAV Par,NAV Fair,Gross Gearing,Net Gearing,Total Assets ex CYR,FootNote,Note,Note,
Property Direct - Europe,Aberdeen Standard European Logistics Income,Ordinary Share,30/06/2018,GB00BD9PXH49,,,,,,,,,,,,,,,,,,,,,,,,,,,,,,,,,,,,,,,,,,,,,,,,,,,,,,,,,,,,,,,,,,,,,,,,,,,,,,,,,,,,,,,,,,,,,,,,,,,,,,,,,,,,,
Property Direct - Europe,Phoenix Spree Deutschland,Ordinary Share,30/06/2018,JE00B248KJ21,,,,,,,,,,,,,,,,,,,,,,,,,,,,,,,,,,,,,,,,,,,,,,,,,,,,,,,,,,,,,,,,,,,,,,,,,,,,,,,,,,,,,,,,,,,,,,,,,,,,,,,,,,,,,
Property Direct - Europe,Schroder European Real Estate,Ordinary Share,30/06/2018,GB00BY7R8K77,,,,,,,,,,,,,,,,,,,,,,,,,,,,,,,,,,,,,,,,,,,,,,,,,,,,,,,,,,,,,,,,,,,,,,,,,,,,,,,,,,,,,,,,,,,,,,,,,,,,,,,,,,,,,
Category,Name,Type,Date,ISIN,Total Assets incl CYR,PC Total Par,PC Total Fair,PC Debt Par,PC Debt Fair,TotLongCashOffset,TotShortCashOffset,PC Equity,Convertibles Par,Convertibles Fair,PC Gearing,MonthEnd Price,Price for TS dilution,CurrYrRev(CYR),Rev Res (splits only),Rev Allocation % (splits only),Number,Issued,Purch,Treasury,below NAV,Cash/CashEquiv,GrossGearing,NetGearing,NetCash,From,To,NoRange,GearingNote,Loss,CYR allocation %,SHF per share inc CYR,SHF per share exc CYR,PCNCWNE,   PCNCWE,   PCCWNE,   PCCWE,   PCCWETS,PCNCWNEcum,PCNCWEcum,PCCWNEcum,PCCWEcum,PCCWETScum,FCNCWNE,   FCNCWE,   FCCWNE,   FCCWE,   FCCWETS,FCNCWNEcum,FCNCWEcum,FCCWNEcum,FCCWEcum,FCCWETScum,PFY,Cash/Cash Equiv.,Fixed Interest,UK ,Cont. Europe,North America,Japan ,Other Pacific,Other , , , , , , , , ,UK ,Cont. Europe,North America,Japan ,Other Pacific,Other ,UK ,Cont. Europe,North America,Japan ,Other Pacific,Other ,Flags,,,,,,,,,Cat 2,Name,in issue,NAV Par,NAV Fair,Gross Gearing,Net Gearing,Name,in issue,NAV Par,NAV Fair,Gross Gearing,Net Gearing,Total Assets ex CYR,FootNote,Note,Note,
Property Direct - UK,AEW UK REIT,Ordinary Share,30/06/2018,GB00BWD24154,,,,,,,,,,,,,,,,,,,,,,,,,,,,,,,,,,,,,,,,,,,,,,,,,,,,,,,,,,,,,,,,,,,,,,,,,,,,,,,,,,,,,,,,,,,,,,,,,,,,,,,,,,,,,
Property Direct - UK,Custodian REIT,Ordinary Share,30/06/2018,GB00BJFLFT45,,,,,,,,,,,,,,,,,,,,,,,,,,,,,,,,,,,,,,,,,,,,,,,,,,,,,,,,,,,,,,,,,,,,,,,,,,,,,,,,,,,,,,,,,,,,,,,,,,,,,,,,,,,,,
Property Direct - UK,Drum Income Plus REIT,Ordinary Share,30/06/2018,GB00BW4NWS02,,,,,,,,,,,,,,,,,,,,,,,,,,,,,,,,,,,,,,,,,,,,,,,,,,,,,,,,,,,,,,,,,,,,,,,,,,,,,,,,,,,,,,,,,,,,,,,,,,,,,,,,,,,,,
Property Direct - UK,Ediston Property,Ordinary Share,30/06/2018,GB00BNGMZB68,,,,,,,,,,,,,,,,,,,,,,,,,,,,,,,,,,,,,,,,,,,,,,,,,,,,,,,,,,,,,,,,,,,,,,,,,,,,,,,,,,,,,,,,,,,,,,,,,,,,,,,,,,,,,
Property Direct - UK,F&C Commercial Property,Ordinary Share,30/06/2018,GG00B4ZPCJ00,,,,,,,,,,,,,,,,,,,,,,,,,,,,,,,,,,,,,,,,,,,,,,,,,,,,,,,,,,,,,,,,,,,,,,,,,,,,,,,,,,,,,,,,,,,,,,,,,,,,,,,,,,,,,
Property Direct - UK,F&C UK Real Estate Investments,Ordinary Share,30/06/2018,GB00B012T521,,,,,,,,,,,,,,,,,,,,,,,,,,,,,,,,,,,,,,,,,,,,,,,,,,,,,,,,,,,,,,,,,,,,,,,,,,,,,,,,,,,,,,,,,,,,,,,,,,,,,,,,,,,,,
Property Direct - UK,LXI REIT,Ordinary Share,30/06/2018,GB00BYQ46T41,,,,,,,,,,,,,,,,,,,,,,,,,,,,,,,,,,,,,,,,,,,,,,,,,,,,,,,,,,,,,,,,,,,,,,,,,,,,,,,,,,,,,,,,,,,,,,,,,,,,,,,,,,,,,
Property Direct - UK,Picton Property Income,Ordinary Share,30/06/2018,GB00B0LCW208,,,,,,,,,,,,,,,,,,,,,,,,,,,,,,,,,,,,,,,,,,,,,,,,,,,,,,,,,,,,,,,,,,,,,,,,,,,,,,,,,,,,,,,,,,,,,,,,,,,,,,,,,,,,,
Property Direct - UK,PRS REIT,Ordinary Share,30/06/2018,GB00BF01NH51,,,,,,,,,,,,,,,,,,,,,,,,,,,,,,,,,,,,,,,,,,,,,,,,,,,,,,,,,,,,,,,,,,,,,,,,,,,,,,,,,,,,,,,,,,,,,,,,,,,,,,,,,,,,,
Property Direct - UK,Regional REIT,ZDP 2019,30/06/2018,GB00BH4TCL65,,,,,,,,,,,,,,,,,,,,,,,,,,,,,,,,,,,,,,,,,,,,,,,,,,,,,,,,,,,,,,,,,,,,,,,,,,,,,,,,,,,,,,,,,,,,PPU,,,,,,,,,,,,,,,,,
Property Direct - UK,Regional REIT,Ord Income,30/06/2018,GG00BYV2ZQ34,,,,,,,,,,,,,,,,,,,,,,,,,,,,,,,,,,,,,,,,,,,,,,,,,,,,,,,,,,,,,,,,,,,,,,,,,,,,,,,,,,,,,,,,,,,,PPU,,,,,,,,,,,,,,,,,
Property Direct - UK,Schroder Real Estate,Ordinary Share,30/06/2018,GB00B01HM147,,,,,,,,,,,,,,,,,,,,,,,,,,,,,,,,,,,,,,,,,,,,,,,,,,,,,,,,,,,,,,,,,,,,,,,,,,,,,,,,,,,,,,,,,,,,,,,,,,,,,,,,,,,,,
Property Direct - UK,Standard Life Investments Property Income,Ordinary Share,30/06/2018,GB0033875286,,,,,,,,,,,,,,,,,,,,,,,,,,,,,,,,,,,,,,,,,,,,,,,,,,,,,,,,,,,,,,,,,,,,,,,,,,,,,,,,,,,,,,,,,,,,,,,,,,,,,,,,,,,,,
Property Direct - UK,UK Commercial Property REIT,Ordinary Share,30/06/2018,GB00B19Z2J52,,,,,,,,,,,,,,,,,,,,,,,,,,,,,,,,,,,,,,,,,,,,,,,,,,,,,,,,,,,,,,,,,,,,,,,,,,,,,,,,,,,,,,,,,,,,,,,,,,,,,,,,,,,,,
Category,Name,Type,Date,ISIN,Total Assets incl CYR,PC Total Par,PC Total Fair,PC Debt Par,PC Debt Fair,TotLongCashOffset,TotShortCashOffset,PC Equity,Convertibles Par,Convertibles Fair,PC Gearing,MonthEnd Price,Price for TS dilution,CurrYrRev(CYR),Rev Res (splits only),Rev Allocation % (splits only),Number,Issued,Purch,Treasury,below NAV,Cash/CashEquiv,GrossGearing,NetGearing,NetCash,From,To,NoRange,GearingNote,Loss,CYR allocation %,SHF per share inc CYR,SHF per share exc CYR,PCNCWNE,   PCNCWE,   PCCWNE,   PCCWE,   PCCWETS,PCNCWNEcum,PCNCWEcum,PCCWNEcum,PCCWEcum,PCCWETScum,FCNCWNE,   FCNCWE,   FCCWNE,   FCCWE,   FCCWETS,FCNCWNEcum,FCNCWEcum,FCCWNEcum,FCCWEcum,FCCWETScum,PFY,Cash/Cash Equiv.,Fixed Interest,UK ,Cont. Europe,North America,Japan ,Other Pacific,Other , , , , , , , , ,UK ,Cont. Europe,North America,Japan ,Other Pacific,Other ,UK ,Cont. Europe,North America,Japan ,Other Pacific,Other ,Flags,,,,,,,,,Cat 2,Name,in issue,NAV Par,NAV Fair,Gross Gearing,Net Gearing,Name,in issue,NAV Par,NAV Fair,Gross Gearing,Net Gearing,Total Assets ex CYR,FootNote,Note,Note,
Property Securities,TR Property,Ordinary Share,30/06/2018,GB0009064097,1558260000,244991221,245767663,244991221,245767663,146772782,0,0,0,0,244991221,420.5,,24626000,,,317350980,0,0,0,N/A,1.17,19,17,0,0,25,,,N,100,1313268779,1288642779,406.06,,,,,413.82,,,,,405.82,,,,,413.58,,,,,,1.17,0,39.99,58.84,0,0,0,0,0,0,0,0,0,0,0,0,0,0,0,0,0,0,0,0,0,0,0,0,,0,0,0,0,0,0,0,0,,,,,,,,,,,,,,1533634000,,Fair values have been calculated using a discounted cash flow method.,,GBX
Category,Name,Type,Date,ISIN,Total Assets incl CYR,PC Total Par,PC Total Fair,PC Debt Par,PC Debt Fair,TotLongCashOffset,TotShortCashOffset,PC Equity,Convertibles Par,Convertibles Fair,PC Gearing,MonthEnd Price,Price for TS dilution,CurrYrRev(CYR),Rev Res (splits only),Rev Allocation % (splits only),Number,Issued,Purch,Treasury,below NAV,Cash/CashEquiv,GrossGearing,NetGearing,NetCash,From,To,NoRange,GearingNote,Loss,CYR allocation %,SHF per share inc CYR,SHF per share exc CYR,PCNCWNE,   PCNCWE,   PCCWNE,   PCCWE,   PCCWETS,PCNCWNEcum,PCNCWEcum,PCCWNEcum,PCCWEcum,PCCWETScum,FCNCWNE,   FCNCWE,   FCCWNE,   FCCWE,   FCCWETS,FCNCWNEcum,FCNCWEcum,FCCWNEcum,FCCWEcum,FCCWETScum,PFY,Cash/Cash Equiv.,Fixed Interest,UK ,Cont. Europe,North America,Japan ,Other Pacific,Other , , , , , , , , ,UK ,Cont. Europe,North America,Japan ,Other Pacific,Other ,UK ,Cont. Europe,North America,Japan ,Other Pacific,Other ,Flags,,,,,,,,,Cat 2,Name,in issue,NAV Par,NAV Fair,Gross Gearing,Net Gearing,Name,in issue,NAV Par,NAV Fair,Gross Gearing,Net Gearing,Total Assets ex CYR,FootNote,Note,Note,
Property Specialist,AEW UK Long Lease REIT,Ordinary Share,30/06/2018,GB00BDVK7088,,,,,,,,,,,,,,,,,,,,,,,,,,,,,,,,,,,,,,,,,,,,,,,,,,,,,,,,,,,,,,,,,,,,,,,,,,,,,,,,,,,,,,,,,,,,,,,,,,,,,,,,,,,,,
Property Specialist,Civitas Social Housing,Ordinary Share,30/06/2018,GB00BD8HBD32,,,,,,,,,,,,,,,,,,,,,,,,,,,,,,,,,,,,,,,,,,,,,,,,,,,,,,,,,,,,,,,,,,,,,,,,,,,,,,,,,,,,,,,,,,,,,,,,,,,,,,,,,,,,,
Property Specialist,Civitas Social Housing C shares,Ordinary Share,30/06/2018,GB00BDZZT368,,,,,,,,,,,,,,,,,,,,,,,,,,,,,,,,,,,,,,,,,,,,,,,,,,,,,,,,,,,,,,,,,,,,,,,,,,,,,,,,,,,,,,,,,,,,,,,,,,,,,,,,,,,,,
Property Specialist,GCP Student Living,Ordinary Share,30/06/2018,GB00B8460Z43,,,,,,,,,,,,,,,,,,,,,,,,,,,,,,,,,,,,,,,,,,,,,,,,,,,,,,,,,,,,,,,,,,,,,,,,,,,,,,,,,,,,,,,,,,,,,,,,,,,,,,,,,,,,,
Property Specialist,Impact Healthcare REIT,Ordinary Share,30/06/2018,GB00BYXVMJ03,,,,,,,,,,,,,,,,,,,,,,,,,,,,,,,,,,,,,,,,,,,,,,,,,,,,,,,,,,,,,,,,,,,,,,,,,,,,,,,,,,,,,,,,,,,,,,,,,,,,,,,,,,,,,
Property Specialist,MedicX,Ordinary Share,30/06/2018,GG00B1DVQL92,,,,,,,,,,,,,,,,,,,,,,,,,,,,,,,,,,,,,,,,,,,,,,,,,,,,,,,,,,,,,,,,,,,,,,,,,,,,,,,,,,,,,,,,,,,,,,,,,,,,,,,,,,,,,
Property Specialist,Residential Secure Income REIT,Ordinary Share,30/06/2018,GB00BYSX1508,,,,,,,,,,,,,,,,,,,,,,,,,,,,,,,,,,,,,,,,,,,,,,,,,,,,,,,,,,,,,,,,,,,,,,,,,,,,,,,,,,,,,,,,,,,,,,,,,,,,,,,,,,,,,
Property Specialist,Supermarket Income REIT,Ordinary Share,30/06/2018,GB00BF345X11,,,,,,,,,,,,,,,,,,,,,,,,,,,,,,,,,,,,,,,,,,,,,,,,,,,,,,,,,,,,,,,,,,,,,,,,,,,,,,,,,,,,,,,,,,,,,,,,,,,,,,,,,,,,,
Property Specialist,Target Healthcare REIT,Ordinary Share,30/06/2018,JE00B95CGW71,,,,,,,,,,,,,,,,,,,,,,,,,,,,,,,,,,,,,,,,,,,,,,,,,,,,,,,,,,,,,,,,,,,,,,,,,,,,,,,,,,,,,,,,,,,,,,,,,,,,,,,,,,,,,
Property Specialist,Triple Point Social Housing REIT,Ordinary Share,30/06/2018,GB00BF0P7H59,,,,,,,,,,,,,,,,,,,,,,,,,,,,,,,,,,,,,,,,,,,,,,,,,,,,,,,,,,,,,,,,,,,,,,,,,,,,,,,,,,,,,,,,,,,,,,,,,,,,,,,,,,,,,
Property Specialist,Triple Point Social Housing REIT C shares,Ordinary Share,30/06/2018,GB00BFYV7J12,,,,,,,,,,,,,,,,,,,,,,,,,,,,,,,,,,,,,,,,,,,,,,,,,,,,,,,,,,,,,,,,,,,,,,,,,,,,,,,,,,,,,,,,,,,,,,,,,,,,,,,,,,,,,
Property Specialist,Tritax Big Box REIT,Ordinary Share,30/06/2018,GB00BG49KP99,,,,,,,,,,,,,,,,,,,,,,,,,,,,,,,,,,,,,,,,,,,,,,,,,,,,,,,,,,,,,,,,,,,,,,,,,,,,,,,,,,,,,,,,,,,,,,,,,,,,,,,,,,,,,
Property Specialist,Warehouse REIT,Ordinary Share,30/06/2018,GB00BD2NCM38,,,,,,,,,,,,,,,,,,,,,,,,,,,,,,,,,,,,,,,,,,,,,,,,,,,,,,,,,,,,,,,,,,,,,,,,,,,,,,,,,,,,,,,,,,,,,,,,,,,,,,,,,,,,,
Category,Name,Type,Date,ISIN,Total Assets incl CYR,PC Total Par,PC Total Fair,PC Debt Par,PC Debt Fair,TotLongCashOffset,TotShortCashOffset,PC Equity,Convertibles Par,Convertibles Fair,PC Gearing,MonthEnd Price,Price for TS dilution,CurrYrRev(CYR),Rev Res (splits only),Rev Allocation % (splits only),Number,Issued,Purch,Treasury,below NAV,Cash/CashEquiv,GrossGearing,NetGearing,NetCash,From,To,NoRange,GearingNote,Loss,CYR allocation %,SHF per share inc CYR,SHF per share exc CYR,PCNCWNE,   PCNCWE,   PCCWNE,   PCCWE,   PCCWETS,PCNCWNEcum,PCNCWEcum,PCCWNEcum,PCCWEcum,PCCWETScum,FCNCWNE,   FCNCWE,   FCCWNE,   FCCWE,   FCCWETS,FCNCWNEcum,FCNCWEcum,FCCWNEcum,FCCWEcum,FCCWETScum,PFY,Cash/Cash Equiv.,Fixed Interest,UK ,Cont. Europe,North America,Japan ,Other Pacific,Other , , , , , , , , ,UK ,Cont. Europe,North America,Japan ,Other Pacific,Other ,UK ,Cont. Europe,North America,Japan ,Other Pacific,Other ,Flags,,,,,,,,,Cat 2,Name,in issue,NAV Par,NAV Fair,Gross Gearing,Net Gearing,Name,in issue,NAV Par,NAV Fair,Gross Gearing,Net Gearing,Total Assets ex CYR,FootNote,Note,Note,
Sector Specialist: Biotechnology & Healthcare,BB Healthcare,Ordinary Share,30/06/2018,GB00BZCNLL95,373729150,29892359,29892359,29892359,29892359,0,0,0,0,0,29892359,129,,51767,,,274127562,2147794,0,0,N/A,0,9,9,0,0,20,,,N,100,343836791,343785024,125.41,,,,,125.43,,,,,125.41,,,,,125.43,,,,,,0,0,5,4,91,0,0,0,0,0,0,0,0,0,0,0,100,0,0,0,0,0,100,0,0,0,0,0,,0,0,0,0,0,0,0,0,,,,,,,,,,,,,,373677383,,Based on amount drawn from the bank,"There was a total of 2,147,794 shares issued in the month of June",GBX
Sector Specialist: Biotechnology & Healthcare,Biotech Growth,Ordinary Share,30/06/2018,GB0000385517,504156438,44861433,44861433,44861433,44861433,0,0,0,0,0,44861433,774,,698138,,,55745643,0,94270,0,No,1.02,10,9,0,0,20,,,N,100,459295005,458596867,822.66,,,,,823.91,,,,,822.66,,,,,823.91,,,,,0.25,1.02,0,0.44,9.21,87.03,0,0.81,1.49,0,0,0,0,0,0,0,0,0,0,0,0,0,0,0,0,0,0,0,0,,0,0,0,0,0,0,0,0,,,,,,,,,,,,,,503458300,,,,GBX
Sector Specialist: Biotechnology & Healthcare,International Biotechnology,Ordinary Share,30/06/2018,GB0004559349,242376634,0,0,0,0,0,0,0,0,0,0,610,,-2199275,,,37547663,0,0,3795000,Yes,-1.19,0,0,,,,Y,,N,100,242376634,244575909,651.37,,,,647.58,645.52,,,,642.26,651.37,,,,647.58,645.52,,,,642.26,0.1,-1.19,0,4.29,10.29,86.61,0,0,0,0,0,0,0,0,0,0,0,1,0,120,0,0,-21,4,10,86,0,0,0,,0,0,0,0,0,0,0,0,,,,,,,,,,,,,,244575909,,,,GBX
Sector Specialist: Biotechnology & Healthcare,Polar Capital Global Healthcare,ZDP 2024,30/06/2018,GB00BDHXP963,0,0,0,0,0,0,0,0,0,0,0,105,,,,,32128437,0,0,0,N/A,0,,,,,,Y,,,0,33087116,33087116,102.98,,,,,102.98,,,,,102.98,,,,,102.98,,,,,,0,0,0,0,0,0,0,0,0,0,0,0,0,0,0,0,0,0,0,0,0,0,0,0,0,0,0,0,,0,0,0,0,0,0,0,0,SSB,,,,,,,,,,,,,0,,,,GBX
Sector Specialist: Biotechnology & Healthcare,Polar Capital Global Healthcare,Ord Income,30/06/2018,GB00B6832P16,300616110,33087116,33087116,0,0,0,0,33087116,0,0,33087116,205,,1913464,,,122470000,0,0,1679256,N/A,8,12,3,0,,,Y,,N,100,267528994,265615530,216.88,,,,216.72,218.44,,,,218.26,216.88,,,,216.72,218.44,,,,218.26,1.2,8,0,10,15,62,5,0,0,0,0,0,0,0,0,0,0,18,15,62,5,0,0,100,0,0,0,0,0,,0,0,0,0,0,0,0,0,SSB,,,,,,,,,,,,,298702646,,,,GBX
Sector Specialist: Biotechnology & Healthcare,Worldwide Healthcare,Ordinary Share,30/06/2018,GB0003385308,1444783029,123782147,123782147,123782147,123782147,0,0,0,0,0,123782147,2655,,2177817,,,49968778,0,0,0,Yes,-0.61,9,10,0,0,20,,,N,100,1321000882,1318823065,2639.29,,,,,2643.65,,,,,2639.29,,,,,2643.65,,,,,0.96,-0.61,0.58,0,19.54,69.2,6.96,3.81,0.52,0,0,0,0,0,0,0,0,0,0,0,0,0,0,0,0,0,0,0,0,,0,0,0,0,0,0,0,0,,,,,,,,,,,,,,1442605212,,,,GBX
Category,Name,Type,Date,ISIN,Total Assets incl CYR,PC Total Par,PC Total Fair,PC Debt Par,PC Debt Fair,TotLongCashOffset,TotShortCashOffset,PC Equity,Convertibles Par,Convertibles Fair,PC Gearing,MonthEnd Price,Price for TS dilution,CurrYrRev(CYR),Rev Res (splits only),Rev Allocation % (splits only),Number,Issued,Purch,Treasury,below NAV,Cash/CashEquiv,GrossGearing,NetGearing,NetCash,From,To,NoRange,GearingNote,Loss,CYR allocation %,SHF per share inc CYR,SHF per share exc CYR,PCNCWNE,   PCNCWE,   PCCWNE,   PCCWE,   PCCWETS,PCNCWNEcum,PCNCWEcum,PCCWNEcum,PCCWEcum,PCCWETScum,FCNCWNE,   FCNCWE,   FCCWNE,   FCCWE,   FCCWETS,FCNCWNEcum,FCNCWEcum,FCCWNEcum,FCCWEcum,FCCWETScum,PFY,Cash/Cash Equiv.,Fixed Interest,UK ,Cont. Europe,North America,Japan ,Other Pacific,Other , , , , , , , , ,UK ,Cont. Europe,North America,Japan ,Other Pacific,Other ,UK ,Cont. Europe,North America,Japan ,Other Pacific,Other ,Flags,,,,,,,,,Cat 2,Name,in issue,NAV Par,NAV Fair,Gross Gearing,Net Gearing,Name,in issue,NAV Par,NAV Fair,Gross Gearing,Net Gearing,Total Assets ex CYR,FootNote,Note,Note,
Sector Specialist: Commodities & Natural Resources,BlackRock Commodities Income,Ordinary Share,30/06/2018,GB00B0N8MF98,107393567,5117289,5117289,5117289,5117289,0,0,0,0,0,5117289,83.9,,482264,,,116816916,0,1330084,2149084,No,-1.05,5,6,0,0,20,,,N,100,102276278,101794014,87.14,,,,87.14,87.55,,,,87.55,87.14,,,,87.14,87.55,,,,87.55,5.48,-1.05,9.92,14,14.94,46.66,0,11.88,3.65,0,0,0,0,0,0,0,0,0,0,0,0,0,0,0,0,0,0,0,0,/,0,0,0,0,0,0,0,0,,,,,,,,,,,,,,106911303,,,"During the month of June - there were 1,330,084 buyback of shares to be held at treasury at the consideration of £1,093,000.",GBX
Sector Specialist: Commodities & Natural Resources,BlackRock World Mining,Ordinary Share,30/06/2018,GB0005774855,903135108,116554277,116554277,116554277,116554277,0,0,0,0,0,116554277,386.5,,10884966,,,176455242,0,0,16556600,No,0.64,15,14,0,0,25,,,N,100,786580831,775695865,439.6,,,,439.6,445.77,,,,445.77,439.6,,,,439.6,445.77,,,,445.77,4.04,0.64,10.81,48.01,2.82,10.91,0,11.77,15.04,0,0,0,0,0,0,0,0,-13,10,86,0,12,5,47,4,20,0,13,16,,0,0,0,0,0,0,0,0,,,,,,,,,,,,,,892250142,,,,GBX
Sector Specialist: Commodities & Natural Resources,City Natural Resources High Yield,Ordinary Share,30/06/2018,GB0000353929,129706585,0,0,0,0,0,0,0,34511074,34292166,34511074,115.25,,575238,,,66888111,0,0,0,N/A,12.9,36,19,0,0,25,,"Company's gearing calculation excludes the CULS which differs from the AIC recommended methodology.  Therefore, AIC calculated gearing may sit outside of company's specified gearing range.",N,100,95195511,94620273,141.46,,,,,142.32,,,,,141.79,,,,,142.65,,,,,,12.9,16.5,13.3,4.2,37.8,0,15.3,0,0,0,0,0,0,0,0,0,47,9,39,0,5,0,56,1,37,0,6,0,,0,0,0,0,0,0,0,0,,,,,,,,,,,,,,129131347,,,,GBX
Sector Specialist: Commodities & Natural Resources,Geiger Counter,Ordinary Share,30/06/2018,GB00B15FW330,17901761,3307551,3307551,3307551,3307551,0,0,0,0,0,3307551,21.45,,-583493,,,75584492,0,0,0,N/A,0,23,23,0,,,Y,,N,100,14594210,15177703,20.08,,,,,19.31,,,,,20.08,,,,,19.31,,,,,,0,0,0.7,0,82.59,0,9.12,7.59,0,0,0,0,0,0,0,0,0,0,0,0,0,0,0,0,0,0,0,0,,0,0,0,0,0,0,0,0,,,,,,,,,,,,,,18485254,,,,GBX
Sector Specialist: Commodities & Natural Resources,Riverstone Energy,Ordinary Share,30/06/2018,GG00BBHXCL35,,,,,,,,,,,,,,,,,,,,,,,,,,,,,,,,,,,,,,,,,,,,,,,,,,,,,,,,,,,,,,,,,,,,,,,,,,,,,,,,,,,,,,,,,,,,,,,,,,,,,,,,,,,,,
Category,Name,Type,Date,ISIN,Total Assets incl CYR,PC Total Par,PC Total Fair,PC Debt Par,PC Debt Fair,TotLongCashOffset,TotShortCashOffset,PC Equity,Convertibles Par,Convertibles Fair,PC Gearing,MonthEnd Price,Price for TS dilution,CurrYrRev(CYR),Rev Res (splits only),Rev Allocation % (splits only),Number,Issued,Purch,Treasury,below NAV,Cash/CashEquiv,GrossGearing,NetGearing,NetCash,From,To,NoRange,GearingNote,Loss,CYR allocation %,SHF per share inc CYR,SHF per share exc CYR,PCNCWNE,   PCNCWE,   PCCWNE,   PCCWE,   PCCWETS,PCNCWNEcum,PCNCWEcum,PCCWNEcum,PCCWEcum,PCCWETScum,FCNCWNE,   FCNCWE,   FCCWNE,   FCCWE,   FCCWETS,FCNCWNEcum,FCNCWEcum,FCCWNEcum,FCCWEcum,FCCWETScum,PFY,Cash/Cash Equiv.,Fixed Interest,UK ,Cont. Europe,North America,Japan ,Other Pacific,Other , , , , , , , , ,UK ,Cont. Europe,North America,Japan ,Other Pacific,Other ,UK ,Cont. Europe,North America,Japan ,Other Pacific,Other ,Flags,,,,,,,,,Cat 2,Name,in issue,NAV Par,NAV Fair,Gross Gearing,Net Gearing,Name,in issue,NAV Par,NAV Fair,Gross Gearing,Net Gearing,Total Assets ex CYR,FootNote,Note,Note,
Sector Specialist: Debt,Alcentra European Floating Rate Income,Ordinary Share,30/06/2018,GG00B6116N85,,,,,,,,,,,,,,,,,,,,,,,,,,,,,,,,,,,,,,,,,,,,,,,,,,,,,,,,,,,,,,,,,,,,,,,,,,,,,,,,,,,,,,,,,,,,,,,,,,,,,,,,,,,,,
Sector Specialist: Debt,Axiom European Financial Debt,Ordinary Share,30/06/2018,GG00BTC2K735,,,,,,,,,,,,,,,,,,,,,,,,,,,,,,,,,,,,,,,,,,,,,,,,,,,,,,,,,,,,,,,,,,,,,,,,,,,,,,,,,,,,,,,,,,,,,,,,,,,,,,,,,,,,,
Sector Specialist: Debt,BioPharma Credit,Ordinary Share,30/06/2018,GB00BDGKMY29,,,,,,,,,,,,,,,,,,,,,,,,,,,,,,,,,,,,,,,,,,,,,,,,,,,,,,,,,,,,,,,,,,,,,,,,,,,,,,,,,,,,,,,,,,,,,,,,,,,,,,,,,,,,,
Sector Specialist: Debt,BioPharma Credit C shares,Ordinary Share,30/06/2018,GB00BDRNW621,,,,,,,,,,,,,,,,,,,,,,,,,,,,,,,,,,,,,,,,,,,,,,,,,,,,,,,,,,,,,,,,,,,,,,,,,,,,,,,,,,,,,,,,,,,,,,,,,,,,,,,,,,,,,
Sector Specialist: Debt,Blackstone/GSO Loan Financing,Ordinary Share,30/06/2018,JE00BNCB5T53,,,,,,,,,,,,,,,,,,,,,,,,,,,,,,,,,,,,,,,,,,,,,,,,,,,,,,,,,,,,,,,,,,,,,,,,,,,,,,,,,,,,,,,,,,,,,,,,,,,,,,,,,,,,,
Sector Specialist: Debt,Chenavari Toro Income,Ordinary Share,30/06/2018,GG00BWBSDM98,,,,,,,,,,,,,,,,,,,,,,,,,,,,,,,,,,,,,,,,,,,,,,,,,,,,,,,,,,,,,,,,,,,,,,,,,,,,,,,,,,,,,,,,,,,,,,,,,,,,,,,,,,,,,
Sector Specialist: Debt,CVC Credit Partners European Opps,Ordinary Share,30/06/2018,JE00B9MRHZ51,,,,,,,,,,,,,,,,,,,,,,,,,,,,,,,,,,,,,,,,,,,,,,,,,,,,,,,,,,,,,,,,,,,,,,,,,,,,,,,,,,,,,,,,,,,,,,,,,,,,,,,,,,,,,
Sector Specialist: Debt,CVC Credit Partners European Opps Euro,Ordinary Share,30/06/2018,JE00B9G79F59,,,,,,,,,,,,,,,,,,,,,,,,,,,,,,,,,,,,,,,,,,,,,,,,,,,,,,,,,,,,,,,,,,,,,,,,,,,,,,,,,,,,,,,,,,,,,,,,,,,,,,,,,,,,,
Sector Specialist: Debt,Fair Oaks Income 2014,Ordinary Share,30/06/2018,GG00BF1Y5666,,,,,,,,,,,,,,,,,,,,,,,,,,,,,,,,,,,,,,,,,,,,,,,,,,,,,,,,,,,,,,,,,,,,,,,,,,,,,,,,,,,,,,,,,,,,,,,,,,,,,,,,,,,,,
Sector Specialist: Debt,Fair Oaks Income 2017,Ordinary Share,30/06/2018,GG00BF00L342,,,,,,,,,,,,,,,,,,,,,,,,,,,,,,,,,,,,,,,,,,,,,,,,,,,,,,,,,,,,,,,,,,,,,,,,,,,,,,,,,,,,,,,,,,,,,,,,,,,,,,,,,,,,,
Sector Specialist: Debt,Funding Circle SME Income Fund,Ordinary Share,30/06/2018,GG00BYYJCZ96,,,,,,,,,,,,,,,,,,,,,,,,,,,,,,,,,,,,,,,,,,,,,,,,,,,,,,,,,,,,,,,,,,,,,,,,,,,,,,,,,,,,,,,,,,,,,,,,,,,,,,,,,,,,,
Sector Specialist: Debt,GCP Asset Backed Income,Ordinary Share,30/06/2018,JE00BYXX8B08,,,,,,,,,,,,,,,,,,,,,,,,,,,,,,,,,,,,,,,,,,,,,,,,,,,,,,,,,,,,,,,,,,,,,,,,,,,,,,,,,,,,,,,,,,,,,,,,,,,,,,,,,,,,,
Sector Specialist: Debt,Hadrian's Wall Secured Investments,Ordinary Share,30/06/2018,GG00BYMYC345,,,,,,,,,,,,,,,,,,,,,,,,,,,,,,,,,,,,,,,,,,,,,,,,,,,,,,,,,,,,,,,,,,,,,,,,,,,,,,,,,,,,,,,,,,,,,,,,,,,,,,,,,,,,,
Sector Specialist: Debt,Hadrian's Wall Secured Investments C shares,Ordinary Share,30/06/2018,GG00BG04CB85,,,,,,,,,,,,,,,,,,,,,,,,,,,,,,,,,,,,,,,,,,,,,,,,,,,,,,,,,,,,,,,,,,,,,,,,,,,,,,,,,,,,,,,,,,,,,,,,,,,,,,,,,,,,,
Sector Specialist: Debt,ICG-Longbow Senior Secured UK Property Debt Inv,Ordinary Share,30/06/2018,GG00B8C23S81,,,,,,,,,,,,,,,,,,,,,,,,,,,,,,,,,,,,,,,,,,,,,,,,,,,,,,,,,,,,,,,,,,,,,,,,,,,,,,,,,,,,,,,,,,,,,,,,,,,,,,,,,,,,,
Sector Specialist: Debt,JPMorgan Global Convertibles Income,Ordinary Share,30/06/2018,GG00B96SW597,164665965,16390517,16390517,16390517,16390517,0,0,0,0,0,16390517,94,,789583,,,152131663,0,1998094,64710132,No,7.2,11,3,0,,,Y,,N,100,148275448,147485865,96.95,,,,96.95,97.47,,,,97.47,96.95,,,,96.95,97.47,,,,97.47,2.5,7.2,0,11.8,6.4,38.8,2.1,15.5,18.2,0,0,0,0,0,0,0,0,0,0,0,0,0,0,0,0,0,0,0,0,,0,0,0,0,0,0,0,0,,,,,,,,,,,,,,163876382,,,,GBX
Sector Specialist: Debt,Marble Point Loan Financing,Ordinary Share,30/06/2018,GG00BF1Q4G54,,,,,,,,,,,,,,,,,,,,,,,,,,,,,,,,,,,,,,,,,,,,,,,,,,,,,,,,,,,,,,,,,,,,,,,,,,,,,,,,,,,,,,,,,,,,,,,,,,,,,,,,,,,,,
Sector Specialist: Debt,NB Distressed Debt,Ordinary Share,30/06/2018,GG00BG5NC876,,,,,,,,,,,,,,,,,,,,,,,,,,,,,,,,,,,,,,,,,,,,,,,,,,,,,,,,,,,,,,,,,,,,,,,,,,,,,,,,,,,,,,,,,,,,,,,,,,,,,,,,,,,,,
Sector Specialist: Debt,NB Distressed Debt Extended Life shares,Ordinary Share,30/06/2018,GG00BG5NC983,,,,,,,,,,,,,,,,,,,,,,,,,,,,,,,,,,,,,,,,,,,,,,,,,,,,,,,,,,,,,,,,,,,,,,,,,,,,,,,,,,,,,,,,,,,,,,,,,,,,,,,,,,,,,
Sector Specialist: Debt,NB Distressed Debt New Global shares,Ordinary Share,30/06/2018,GG00BG5NCB06,,,,,,,,,,,,,,,,,,,,,,,,,,,,,,,,,,,,,,,,,,,,,,,,,,,,,,,,,,,,,,,,,,,,,,,,,,,,,,,,,,,,,,,,,,,,,,,,,,,,,,,,,,,,,
Sector Specialist: Debt,NB Global Floating Rate Income,Ordinary Share,30/06/2018,GG00B3KX4Q34,,,,,,,,,,,,,,,,,,,,,,,,,,,,,,,,,,,,,,,,,,,,,,,,,,,,,,,,,,,,,,,,,,,,,,,,,,,,,,,,,,,,,,,,,,,,,,,,,,,,,,,,,,,,,
Sector Specialist: Debt,NB Global Floating Rate Income USD,Ordinary Share,30/06/2018,GG00B3P7S359,,,,,,,,,,,,,,,,,,,,,,,,,,,,,,,,,,,,,,,,,,,,,,,,,,,,,,,,,,,,,,,,,,,,,,,,,,,,,,,,,,,,,,,,,,,,,,,,,,,,,,,,,,,,,
Sector Specialist: Debt,P2P Global Investments,Ordinary Share,30/06/2018,GB00BLP57Y95,,,,,,,,,,,,,,,,,,,,,,,,,,,,,,,,,,,,,,,,,,,,,,,,,,,,,,,,,,,,,,,,,,,,,,,,,,,,,,,,,,,,,,,,,,,,,,,,,,,,,,,,,,,,,
Sector Specialist: Debt,Ranger Direct Lending,ZDP 2021,30/06/2018,GB00BD20L056,,,,,,,,,,,,,,,,,,,,,,,,,,,,,,,,,,,,,,,,,,,,,,,,,,,,,,,,,,,,,,,,,,,,,,,,,,,,,,,,,,,,,,,,,,,,SSD,,,,,,,,,,,,,,,,,
Sector Specialist: Debt,Ranger Direct Lending,Ord Income,30/06/2018,GB00BW4NPD65,,,,,,,,,,,,,,,,,,,,,,,,,,,,,,,,,,,,,,,,,,,,,,,,,,,,,,,,,,,,,,,,,,,,,,,,,,,,,,,,,,,,,,,,,,,,SSD,,,,,,,,,,,,,,,,,
Sector Specialist: Debt,Real Estate Credit Investments,Ordinary Share,30/06/2018,GB00B0HW5366,,,,,,,,,,,,,,,,,,,,,,,,,,,,,,,,,,,,,,,,,,,,,,,,,,,,,,,,,,,,,,,,,,,,,,,,,,,,,,,,,,,,,,,,,,,,,,,,,,,,,,,,,,,,,
Sector Specialist: Debt,RM Secured Direct Lending,ZDP 2021,30/06/2018,GB00BG1TSQ91,,,,,,,,,,,,,,,,,,,,,,,,,,,,,,,,,,,,,,,,,,,,,,,,,,,,,,,,,,,,,,,,,,,,,,,,,,,,,,,,,,,,,,,,,,,,SSD,,,,,,,,,,,,,,,,,
Sector Specialist: Debt,RM Secured Direct Lending,Ord Income,30/06/2018,GB00BYMTBG55,,,,,,,,,,,,,,,,,,,,,,,,,,,,,,,,,,,,,,,,,,,,,,,,,,,,,,,,,,,,,,,,,,,,,,,,,,,,,,,,,,,,,,,,,,,,SSD,,,,,,,,,,,,,,,,,
Sector Specialist: Debt,RM Secured Direct Lending C shares,Ordinary Share,30/06/2018,GB00BFX12M00,,,,,,,,,,,,,,,,,,,,,,,,,,,,,,,,,,,,,,,,,,,,,,,,,,,,,,,,,,,,,,,,,,,,,,,,,,,,,,,,,,,,,,,,,,,,,,,,,,,,,,,,,,,,,
Sector Specialist: Debt,SQN Secured Income,Ordinary Share,30/06/2018,GB00BYMK5S87,,,,,,,,,,,,,,,,,,,,,,,,,,,,,,,,,,,,,,,,,,,,,,,,,,,,,,,,,,,,,,,,,,,,,,,,,,,,,,,,,,,,,,,,,,,,,,,,,,,,,,,,,,,,,
Sector Specialist: Debt,Starwood European Real Estate Finance,Ordinary Share,30/06/2018,GG00B79WC100,,,,,,,,,,,,,,,,,,,,,,,,,,,,,,,,,,,,,,,,,,,,,,,,,,,,,,,,,,,,,,,,,,,,,,,,,,,,,,,,,,,,,,,,,,,,,,,,,,,,,,,,,,,,,
Sector Specialist: Debt,TOC Property Backed Lending,Ordinary Share,30/06/2018,GB00BD0ND667,,,,,,,,,,,,,,,,,,,,,,,,,,,,,,,,,,,,,,,,,,,,,,,,,,,,,,,,,,,,,,,,,,,,,,,,,,,,,,,,,,,,,,,,,,,,,,,,,,,,,,,,,,,,,
Sector Specialist: Debt,TwentyFour Income,Ordinary Share,30/06/2018,GG00B90J5Z95,,,,,,,,,,,,,,,,,,,,,,,,,,,,,,,,,,,,,,,,,,,,,,,,,,,,,,,,,,,,,,,,,,,,,,,,,,,,,,,,,,,,,,,,,,,,,,,,,,,,,,,,,,,,,
Sector Specialist: Debt,TwentyFour Select Monthly Income,Ordinary Share,30/06/2018,GG00BJVDZ946,,,,,,,,,,,,,,,,,,,,,,,,,,,,,,,,,,,,,,,,,,,,,,,,,,,,,,,,,,,,,,,,,,,,,,,,,,,,,,,,,,,,,,,,,,,,,,,,,,,,,,,,,,,,,
Sector Specialist: Debt,UK Mortgages,Ordinary Share,30/06/2018,GG00BXDZMK63,,,,,,,,,,,,,,,,,,,,,,,,,,,,,,,,,,,,,,,,,,,,,,,,,,,,,,,,,,,,,,,,,,,,,,,,,,,,,,,,,,,,,,,,,,,,,,,,,,,,,,,,,,,,,
Sector Specialist: Debt,Volta Finance,Ordinary Share,30/06/2018,GG00B1GHHH78,,,,,,,,,,,,,,,,,,,,,,,,,,,,,,,,,,,,,,,,,,,,,,,,,,,,,,,,,,,,,,,,,,,,,,,,,,,,,,,,,,,,,,,,,,,,,,,,,,,,,,,,,,,,,
Sector Specialist: Debt,VPC Specialty Lending Investments,Ordinary Share,30/06/2018,GB00BVG6X439,,,,,,,,,,,,,,,,,,,,,,,,,,,,,,,,,,,,,,,,,,,,,,,,,,,,,,,,,,,,,,,,,,,,,,,,,,,,,,,,,,,,,,,,,,,,,,,,,,,,,,,,,,,,,
Category,Name,Type,Date,ISIN,Total Assets incl CYR,PC Total Par,PC Total Fair,PC Debt Par,PC Debt Fair,TotLongCashOffset,TotShortCashOffset,PC Equity,Convertibles Par,Convertibles Fair,PC Gearing,MonthEnd Price,Price for TS dilution,CurrYrRev(CYR),Rev Res (splits only),Rev Allocation % (splits only),Number,Issued,Purch,Treasury,below NAV,Cash/CashEquiv,GrossGearing,NetGearing,NetCash,From,To,NoRange,GearingNote,Loss,CYR allocation %,SHF per share inc CYR,SHF per share exc CYR,PCNCWNE,   PCNCWE,   PCCWNE,   PCCWE,   PCCWETS,PCNCWNEcum,PCNCWEcum,PCCWNEcum,PCCWEcum,PCCWETScum,FCNCWNE,   FCNCWE,   FCCWNE,   FCCWE,   FCCWETS,FCNCWNEcum,FCNCWEcum,FCCWNEcum,FCCWEcum,FCCWETScum,PFY,Cash/Cash Equiv.,Fixed Interest,UK ,Cont. Europe,North America,Japan ,Other Pacific,Other , , , , , , , , ,UK ,Cont. Europe,North America,Japan ,Other Pacific,Other ,UK ,Cont. Europe,North America,Japan ,Other Pacific,Other ,Flags,,,,,,,,,Cat 2,Name,in issue,NAV Par,NAV Fair,Gross Gearing,Net Gearing,Name,in issue,NAV Par,NAV Fair,Gross Gearing,Net Gearing,Total Assets ex CYR,FootNote,Note,Note,
Sector Specialist: Environmental,Impax Environmental Markets,Ordinary Share,30/06/2018,GB0031232498,528116973,29792966,29792966,29792966,29792966,0,0,0,0,0,29792966,266,,4103619,,,180039246,0,0,45698109,No,1,6,5,0,,,Y,,N,100,498324007,494220388,274.51,,,,274.51,276.79,,,,276.79,274.51,,,,274.51,276.79,,,,276.79,,1,0,8,27,45,3,15,1,0,0,0,0,0,0,0,0,100,0,0,0,0,0,100,0,0,0,0,0,,0,0,0,0,0,0,0,0,,,,,,,,,,,,,,524013354,,,,GBX
Sector Specialist: Environmental,Jupiter Green,Ordinary Share,30/06/2018,GB00B120GL77,41621140,0,0,0,0,0,0,0,0,0,0,194.5,,462188,,,21106267,0,0,12618691,No,6.01,0,0,,,,Y,,N,100,41621140,41158952,195.01,,,,195.01,197.2,,,,197.2,195.01,,,,195.01,197.2,,,,197.2,1.6,6.01,0,15.77,25.29,34.86,12.98,3.59,1.5,0,0,0,0,0,0,0,0,0,0,0,0,0,0,0,0,0,0,0,0,,0,0,0,0,0,0,0,0,,,,,,,,,,,,,,41158952,,,,GBX
Sector Specialist: Environmental,Menhaden Capital,Ordinary Share,30/06/2018,GB00BZ0XWD04,73484695,0,0,0,0,0,0,0,0,0,0,71.25,,574885,,,80000001,0,0,0,N/A,10.88,0,0,,,,Y,,N,100,73484695,72909810,91.14,,,,,91.86,,,,,91.14,,,,,91.86,,,,,1.81,10.88,0.21,12.15,41.92,28.25,0.42,5.22,0.95,0,0,0,0,0,0,0,0,0,0,0,0,0,0,54,10,30,0,5,1,,0,0,0,0,0,0,0,0,,,,,,,,,,,,,,72909810,,,,GBX
Category,Name,Type,Date,ISIN,Total Assets incl CYR,PC Total Par,PC Total Fair,PC Debt Par,PC Debt Fair,TotLongCashOffset,TotShortCashOffset,PC Equity,Convertibles Par,Convertibles Fair,PC Gearing,MonthEnd Price,Price for TS dilution,CurrYrRev(CYR),Rev Res (splits only),Rev Allocation % (splits only),Number,Issued,Purch,Treasury,below NAV,Cash/CashEquiv,GrossGearing,NetGearing,NetCash,From,To,NoRange,GearingNote,Loss,CYR allocation %,SHF per share inc CYR,SHF per share exc CYR,PCNCWNE,   PCNCWE,   PCCWNE,   PCCWE,   PCCWETS,PCNCWNEcum,PCNCWEcum,PCCWNEcum,PCCWEcum,PCCWETScum,FCNCWNE,   FCNCWE,   FCCWNE,   FCCWE,   FCCWETS,FCNCWNEcum,FCNCWEcum,FCCWNEcum,FCCWEcum,FCCWETScum,PFY,Cash/Cash Equiv.,Fixed Interest,UK ,Cont. Europe,North America,Japan ,Other Pacific,Other , , , , , , , , ,UK ,Cont. Europe,North America,Japan ,Other Pacific,Other ,UK ,Cont. Europe,North America,Japan ,Other Pacific,Other ,Flags,,,,,,,,,Cat 2,Name,in issue,NAV Par,NAV Fair,Gross Gearing,Net Gearing,Name,in issue,NAV Par,NAV Fair,Gross Gearing,Net Gearing,Total Assets ex CYR,FootNote,Note,Note,
Sector Specialist: Financials,Polar Capital Global Financials,Ordinary Share,30/06/2018,GB00B9XQT119,310002253,22500000,22500000,22500000,22500000,0,0,0,0,0,22500000,133.5,,6502910,,,202775000,0,0,0,N/A,5,8,2,0,,,Y,,N,100,287502253,280999343,138.58,,,,,141.78,,,,,138.58,,,,,141.78,,,,,3.5,5,0,17,22,42,3,11,0,0,0,0,0,0,0,0,0,100,0,0,0,0,0,22,22,42,3,11,0,,0,0,0,0,0,0,0,0,,,,,,,,,,,,,,303499343,,,,GBX
Category,Name,Type,Date,ISIN,Total Assets incl CYR,PC Total Par,PC Total Fair,PC Debt Par,PC Debt Fair,TotLongCashOffset,TotShortCashOffset,PC Equity,Convertibles Par,Convertibles Fair,PC Gearing,MonthEnd Price,Price for TS dilution,CurrYrRev(CYR),Rev Res (splits only),Rev Allocation % (splits only),Number,Issued,Purch,Treasury,below NAV,Cash/CashEquiv,GrossGearing,NetGearing,NetCash,From,To,NoRange,GearingNote,Loss,CYR allocation %,SHF per share inc CYR,SHF per share exc CYR,PCNCWNE,   PCNCWE,   PCCWNE,   PCCWE,   PCCWETS,PCNCWNEcum,PCNCWEcum,PCCWNEcum,PCCWEcum,PCCWETScum,FCNCWNE,   FCNCWE,   FCCWNE,   FCCWE,   FCCWETS,FCNCWNEcum,FCNCWEcum,FCCWNEcum,FCCWEcum,FCCWETScum,PFY,Cash/Cash Equiv.,Fixed Interest,UK ,Cont. Europe,North America,Japan ,Other Pacific,Other , , , , , , , , ,UK ,Cont. Europe,North America,Japan ,Other Pacific,Other ,UK ,Cont. Europe,North America,Japan ,Other Pacific,Other ,Flags,,,,,,,,,Cat 2,Name,in issue,NAV Par,NAV Fair,Gross Gearing,Net Gearing,Name,in issue,NAV Par,NAV Fair,Gross Gearing,Net Gearing,Total Assets ex CYR,FootNote,Note,Note,
Sector Specialist: Forestry & Timber,Forest Company,Ordinary Share,30/06/2018,GG00B4TC8Z57,,,,,,,,,,,,,,,,,,,,,,,,,,,,,,,,,,,,,,,,,,,,,,,,,,,,,,,,,,,,,,,,,,,,,,,,,,,,,,,,,,,,,,,,,,,,,,,,,,,,,,,,,,,,,
Category,Name,Type,Date,ISIN,Total Assets incl CYR,PC Total Par,PC Total Fair,PC Debt Par,PC Debt Fair,TotLongCashOffset,TotShortCashOffset,PC Equity,Convertibles Par,Convertibles Fair,PC Gearing,MonthEnd Price,Price for TS dilution,CurrYrRev(CYR),Rev Res (splits only),Rev Allocation % (splits only),Number,Issued,Purch,Treasury,below NAV,Cash/CashEquiv,GrossGearing,NetGearing,NetCash,From,To,NoRange,GearingNote,Loss,CYR allocation %,SHF per share inc CYR,SHF per share exc CYR,PCNCWNE,   PCNCWE,   PCCWNE,   PCCWE,   PCCWETS,PCNCWNEcum,PCNCWEcum,PCCWNEcum,PCCWEcum,PCCWETScum,FCNCWNE,   FCNCWE,   FCCWNE,   FCCWE,   FCCWETS,FCNCWNEcum,FCNCWEcum,FCCWNEcum,FCCWEcum,FCCWETScum,PFY,Cash/Cash Equiv.,Fixed Interest,UK ,Cont. Europe,North America,Japan ,Other Pacific,Other , , , , , , , , ,UK ,Cont. Europe,North America,Japan ,Other Pacific,Other ,UK ,Cont. Europe,North America,Japan ,Other Pacific,Other ,Flags,,,,,,,,,Cat 2,Name,in issue,NAV Par,NAV Fair,Gross Gearing,Net Gearing,Name,in issue,NAV Par,NAV Fair,Gross Gearing,Net Gearing,Total Assets ex CYR,FootNote,Note,Note,
Sector Specialist: Infrastructure,3i Infrastructure,Ordinary Share,30/06/2018,JE00BF5FX167,,,,,,,,,,,,,,,,,,,,,,,,,,,,,,,,,,,,,,,,,,,,,,,,,,,,,,,,,,,,,,,,,,,,,,,,,,,,,,,,,,,,,,,,,,,,,,,,,,,,,,,,,,,,,
Sector Specialist: Infrastructure,BBGI SICAV S.A.,Ordinary Share,30/06/2018,LU0686550053,,,,,,,,,,,,,,,,,,,,,,,,,,,,,,,,,,,,,,,,,,,,,,,,,,,,,,,,,,,,,,,,,,,,,,,,,,,,,,,,,,,,,,,,,,,,,,,,,,,,,,,,,,,,,
Sector Specialist: Infrastructure,GCP Infrastructure Investments,Ordinary Share,30/06/2018,JE00B6173J15,,,,,,,,,,,,,,,,,,,,,,,,,,,,,,,,,,,,,,,,,,,,,,,,,,,,,,,,,,,,,,,,,,,,,,,,,,,,,,,,,,,,,,,,,,,,,,,,,,,,,,,,,,,,,
Sector Specialist: Infrastructure,HICL Infrastructure,Ordinary Share,30/06/2018,GB00B0T4LH64,,,,,,,,,,,,,,,,,,,,,,,,,,,,,,,,,,,,,,,,,,,,,,,,,,,,,,,,,,,,,,,,,,,,,,,,,,,,,,,,,,,,,,,,,,,,,,,,,,,,,,,,,,,,,
Sector Specialist: Infrastructure,International Public Partnerships,Ordinary Share,30/06/2018,GB00B188SR50,,,,,,,,,,,,,,,,,,,,,,,,,,,,,,,,,,,,,,,,,,,,,,,,,,,,,,,,,,,,,,,,,,,,,,,,,,,,,,,,,,,,,,,,,,,,,,,,,,,,,,,,,,,,,
Sector Specialist: Infrastructure,John Laing Infrastructure,Ordinary Share,30/06/2018,GG00B4ZWPH08,,,,,,,,,,,,,,,,,,,,,,,,,,,,,,,,,,,,,,,,,,,,,,,,,,,,,,,,,,,,,,,,,,,,,,,,,,,,,,,,,,,,,,,,,,,,,,,,,,,,,,,,,,,,,
Sector Specialist: Infrastructure,Sequoia Economic Infrastructure Income,Ordinary Share,30/06/2018,GG00BV54HY67,,,,,,,,,,,,,,,,,,,,,,,,,,,,,,,,,,,,,,,,,,,,,,,,,,,,,,,,,,,,,,,,,,,,,,,,,,,,,,,,,,,,,,,,,,,,,,,,,,,,,,,,,,,,,
Category,Name,Type,Date,ISIN,Total Assets incl CYR,PC Total Par,PC Total Fair,PC Debt Par,PC Debt Fair,TotLongCashOffset,TotShortCashOffset,PC Equity,Convertibles Par,Convertibles Fair,PC Gearing,MonthEnd Price,Price for TS dilution,CurrYrRev(CYR),Rev Res (splits only),Rev Allocation % (splits only),Number,Issued,Purch,Treasury,below NAV,Cash/CashEquiv,GrossGearing,NetGearing,NetCash,From,To,NoRange,GearingNote,Loss,CYR allocation %,SHF per share inc CYR,SHF per share exc CYR,PCNCWNE,   PCNCWE,   PCCWNE,   PCCWE,   PCCWETS,PCNCWNEcum,PCNCWEcum,PCCWNEcum,PCCWEcum,PCCWETScum,FCNCWNE,   FCNCWE,   FCCWNE,   FCCWE,   FCCWETS,FCNCWNEcum,FCNCWEcum,FCCWNEcum,FCCWEcum,FCCWETScum,PFY,Cash/Cash Equiv.,Fixed Interest,UK ,Cont. Europe,North America,Japan ,Other Pacific,Other , , , , , , , , ,UK ,Cont. Europe,North America,Japan ,Other Pacific,Other ,UK ,Cont. Europe,North America,Japan ,Other Pacific,Other ,Flags,,,,,,,,,Cat 2,Name,in issue,NAV Par,NAV Fair,Gross Gearing,Net Gearing,Name,in issue,NAV Par,NAV Fair,Gross Gearing,Net Gearing,Total Assets ex CYR,FootNote,Note,Note,
Sector Specialist: Infrastructure - Renewable Energy,Bluefield Solar Income Fund,Ordinary Share,30/06/2018,GG00BB0RDB98,,,,,,,,,,,,,,,,,,,,,,,,,,,,,,,,,,,,,,,,,,,,,,,,,,,,,,,,,,,,,,,,,,,,,,,,,,,,,,,,,,,,,,,,,,,,,,,,,,,,,,,,,,,,,
Sector Specialist: Infrastructure - Renewable Energy,Foresight Solar Fund,Ordinary Share,30/06/2018,JE00BD3QJR55,,,,,,,,,,,,,,,,,,,,,,,,,,,,,,,,,,,,,,,,,,,,,,,,,,,,,,,,,,,,,,,,,,,,,,,,,,,,,,,,,,,,,,,,,,,,,,,,,,,,,,,,,,,,,
Sector Specialist: Infrastructure - Renewable Energy,Greencoat Renewables,Ordinary Share,30/06/2018,IE00BF2NR112,,,,,,,,,,,,,,,,,,,,,,,,,,,,,,,,,,,,,,,,,,,,,,,,,,,,,,,,,,,,,,,,,,,,,,,,,,,,,,,,,,,,,,,,,,,,,,,,,,,,,,,,,,,,,
Sector Specialist: Infrastructure - Renewable Energy,Greencoat UK Wind,Ordinary Share,30/06/2018,GB00B8SC6K54,,,,,,,,,,,,,,,,,,,,,,,,,,,,,,,,,,,,,,,,,,,,,,,,,,,,,,,,,,,,,,,,,,,,,,,,,,,,,,,,,,,,,,,,,,,,,,,,,,,,,,,,,,,,,
Sector Specialist: Infrastructure - Renewable Energy,John Laing Environmental Assets Group,Ordinary Share,30/06/2018,GG00BJL5FH87,,,,,,,,,,,,,,,,,,,,,,,,,,,,,,,,,,,,,,,,,,,,,,,,,,,,,,,,,,,,,,,,,,,,,,,,,,,,,,,,,,,,,,,,,,,,,,,,,,,,,,,,,,,,,
Sector Specialist: Infrastructure - Renewable Energy,NextEnergy Solar,Ordinary Share,30/06/2018,GG00BJ0JVY01,,,,,,,,,,,,,,,,,,,,,,,,,,,,,,,,,,,,,,,,,,,,,,,,,,,,,,,,,,,,,,,,,,,,,,,,,,,,,,,,,,,,,,,,,,,,,,,,,,,,,,,,,,,,,
Sector Specialist: Infrastructure - Renewable Energy,Renewables Infrastructure Group,Ordinary Share,30/06/2018,GG00BBHX2H91,,,,,,,,,,,,,,,,,,,,,,,,,,,,,,,,,,,,,,,,,,,,,,,,,,,,,,,,,,,,,,,,,,,,,,,,,,,,,,,,,,,,,,,,,,,,,,,,,,,,,,,,,,,,,
Category,Name,Type,Date,ISIN,Total Assets incl CYR,PC Total Par,PC Total Fair,PC Debt Par,PC Debt Fair,TotLongCashOffset,TotShortCashOffset,PC Equity,Convertibles Par,Convertibles Fair,PC Gearing,MonthEnd Price,Price for TS dilution,CurrYrRev(CYR),Rev Res (splits only),Rev Allocation % (splits only),Number,Issued,Purch,Treasury,below NAV,Cash/CashEquiv,GrossGearing,NetGearing,NetCash,From,To,NoRange,GearingNote,Loss,CYR allocation %,SHF per share inc CYR,SHF per share exc CYR,PCNCWNE,   PCNCWE,   PCCWNE,   PCCWE,   PCCWETS,PCNCWNEcum,PCNCWEcum,PCCWNEcum,PCCWEcum,PCCWETScum,FCNCWNE,   FCNCWE,   FCCWNE,   FCCWE,   FCCWETS,FCNCWNEcum,FCNCWEcum,FCCWNEcum,FCCWEcum,FCCWETScum,PFY,Cash/Cash Equiv.,Fixed Interest,UK ,Cont. Europe,North America,Japan ,Other Pacific,Other , , , , , , , , ,UK ,Cont. Europe,North America,Japan ,Other Pacific,Other ,UK ,Cont. Europe,North America,Japan ,Other Pacific,Other ,Flags,,,,,,,,,Cat 2,Name,in issue,NAV Par,NAV Fair,Gross Gearing,Net Gearing,Name,in issue,NAV Par,NAV Fair,Gross Gearing,Net Gearing,Total Assets ex CYR,FootNote,Note,Note,
Sector Specialist: Insurance & Reinsurance Strategies,Blue Capital Alternative Income,Ordinary Share,30/06/2018,BMG1189R1043,,,,,,,,,,,,,,,,,,,,,,,,,,,,,,,,,,,,,,,,,,,,,,,,,,,,,,,,,,,,,,,,,,,,,,,,,,,,,,,,,,,,,,,,,,,,,,,,,,,,,,,,,,,,,
Sector Specialist: Insurance & Reinsurance Strategies,CATCo Reinsurance Opportunities,Ordinary Share,30/06/2018,BMG1961Q2095,,,,,,,,,,,,,,,,,,,,,,,,,,,,,,,,,,,,,,,,,,,,,,,,,,,,,,,,,,,,,,,,,,,,,,,,,,,,,,,,,,,,,,,,,,,,,,,,,,,,,,,,,,,,,
Sector Specialist: Insurance & Reinsurance Strategies,CATCo Reinsurance Opportunities C shares,Ordinary Share,30/06/2018,BMG1961Q1592,,,,,,,,,,,,,,,,,,,,,,,,,,,,,,,,,,,,,,,,,,,,,,,,,,,,,,,,,,,,,,,,,,,,,,,,,,,,,,,,,,,,,,,,,,,,,,,,,,,,,,,,,,,,,
Category,Name,Type,Date,ISIN,Total Assets incl CYR,PC Total Par,PC Total Fair,PC Debt Par,PC Debt Fair,TotLongCashOffset,TotShortCashOffset,PC Equity,Convertibles Par,Convertibles Fair,PC Gearing,MonthEnd Price,Price for TS dilution,CurrYrRev(CYR),Rev Res (splits only),Rev Allocation % (splits only),Number,Issued,Purch,Treasury,below NAV,Cash/CashEquiv,GrossGearing,NetGearing,NetCash,From,To,NoRange,GearingNote,Loss,CYR allocation %,SHF per share inc CYR,SHF per share exc CYR,PCNCWNE,   PCNCWE,   PCCWNE,   PCCWE,   PCCWETS,PCNCWNEcum,PCNCWEcum,PCCWNEcum,PCCWEcum,PCCWETScum,FCNCWNE,   FCNCWE,   FCCWNE,   FCCWE,   FCCWETS,FCNCWNEcum,FCNCWEcum,FCCWNEcum,FCCWEcum,FCCWETScum,PFY,Cash/Cash Equiv.,Fixed Interest,UK ,Cont. Europe,North America,Japan ,Other Pacific,Other , , , , , , , , ,UK ,Cont. Europe,North America,Japan ,Other Pacific,Other ,UK ,Cont. Europe,North America,Japan ,Other Pacific,Other ,Flags,,,,,,,,,Cat 2,Name,in issue,NAV Par,NAV Fair,Gross Gearing,Net Gearing,Name,in issue,NAV Par,NAV Fair,Gross Gearing,Net Gearing,Total Assets ex CYR,FootNote,Note,Note,
Sector Specialist: Leasing,Amedeo Air Four Plus,Ordinary Share,30/06/2018,GG00BWC53H48,,,,,,,,,,,,,,,,,,,,,,,,,,,,,,,,,,,,,,,,,,,,,,,,,,,,,,,,,,,,,,,,,,,,,,,,,,,,,,,,,,,,,,,,,,,,,,,,,,,,,,,,,,,,,
Sector Specialist: Leasing,DP Aircraft I,Ordinary Share,30/06/2018,GG00BBP6HP33,,,,,,,,,,,,,,,,,,,,,,,,,,,,,,,,,,,,,,,,,,,,,,,,,,,,,,,,,,,,,,,,,,,,,,,,,,,,,,,,,,,,,,,,,,,,,,,,,,,,,,,,,,,,,
Sector Specialist: Leasing,SQN Asset Finance Income,Ordinary Share,30/06/2018,GG00BN56JF17,,,,,,,,,,,,,,,,,,,,,,,,,,,,,,,,,,,,,,,,,,,,,,,,,,,,,,,,,,,,,,,,,,,,,,,,,,,,,,,,,,,,,,,,,,,,,,,,,,,,,,,,,,,,,
Sector Specialist: Leasing,SQN Asset Finance Income C shares,Ordinary Share,30/06/2018,GG00BFXYHJ13,,,,,,,,,,,,,,,,,,,,,,,,,,,,,,,,,,,,,,,,,,,,,,,,,,,,,,,,,,,,,,,,,,,,,,,,,,,,,,,,,,,,,,,,,,,,,,,,,,,,,,,,,,,,,
Sector Specialist: Leasing,Tufton Oceanic Assets,Ordinary Share,30/06/2018,GG00BDFC1649,,,,,,,,,,,,,,,,,,,,,,,,,,,,,,,,,,,,,,,,,,,,,,,,,,,,,,,,,,,,,,,,,,,,,,,,,,,,,,,,,,,,,,,,,,,,,,,,,,,,,,,,,,,,,
Category,Name,Type,Date,ISIN,Total Assets incl CYR,PC Total Par,PC Total Fair,PC Debt Par,PC Debt Fair,TotLongCashOffset,TotShortCashOffset,PC Equity,Convertibles Par,Convertibles Fair,PC Gearing,MonthEnd Price,Price for TS dilution,CurrYrRev(CYR),Rev Res (splits only),Rev Allocation % (splits only),Number,Issued,Purch,Treasury,below NAV,Cash/CashEquiv,GrossGearing,NetGearing,NetCash,From,To,NoRange,GearingNote,Loss,CYR allocation %,SHF per share inc CYR,SHF per share exc CYR,PCNCWNE,   PCNCWE,   PCCWNE,   PCCWE,   PCCWETS,PCNCWNEcum,PCNCWEcum,PCCWNEcum,PCCWEcum,PCCWETScum,FCNCWNE,   FCNCWE,   FCCWNE,   FCCWE,   FCCWETS,FCNCWNEcum,FCNCWEcum,FCCWNEcum,FCCWEcum,FCCWETScum,PFY,Cash/Cash Equiv.,Fixed Interest,UK ,Cont. Europe,North America,Japan ,Other Pacific,Other , , , , , , , , ,UK ,Cont. Europe,North America,Japan ,Other Pacific,Other ,UK ,Cont. Europe,North America,Japan ,Other Pacific,Other ,Flags,,,,,,,,,Cat 2,Name,in issue,NAV Par,NAV Fair,Gross Gearing,Net Gearing,Name,in issue,NAV Par,NAV Fair,Gross Gearing,Net Gearing,Total Assets ex CYR,FootNote,Note,Note,
Sector Specialist: Liquidity Funds,Invesco Perpetual Select Managed Liquidity,Ordinary Share,30/06/2018,GB00B1DQ6704,4865081,0,0,0,0,0,0,0,0,0,0,102,,13875,,,4700708,0,0,7333785,No,-0.61,0,0,,,,Y,,N,100,4865081,4851206,103.2,,,,103.2,103.5,,,,103.5,103.2,,,,103.2,103.5,,,,103.5,0.62,-0.61,0,96.7,3.91,0,0,0,0,0,0,0,0,0,0,0,0,0,0,0,0,0,0,0,0,0,0,0,0,/,0,0,0,0,0,0,0,0,,,,,,,,,,,,,,4851206,,,,GBX
Sector Specialist: Liquidity Funds,JPMorgan Elect Managed Cash,Ordinary Share,30/06/2018,GB0034080092,6560030,9061,9061,9061,9061,0,0,0,0,0,9061,100.5,,14651,,,6410689,0,0,0,No,100,0,0,100,,,Y,,N,100,6550969,6536318,101.96,,,,,102.19,,,,,101.96,,,,,102.19,,,,,0.3,100,0,0,0,0,0,0,0,0,0,0,0,0,0,0,0,0,0,0,0,0,0,0,0,0,0,0,0,,0,0,0,0,0,0,0,0,,,,,,,,,,,,,,6545379,,,,GBX
Category,Name,Type,Date,ISIN,Total Assets incl CYR,PC Total Par,PC Total Fair,PC Debt Par,PC Debt Fair,TotLongCashOffset,TotShortCashOffset,PC Equity,Convertibles Par,Convertibles Fair,PC Gearing,MonthEnd Price,Price for TS dilution,CurrYrRev(CYR),Rev Res (splits only),Rev Allocation % (splits only),Number,Issued,Purch,Treasury,below NAV,Cash/CashEquiv,GrossGearing,NetGearing,NetCash,From,To,NoRange,GearingNote,Loss,CYR allocation %,SHF per share inc CYR,SHF per share exc CYR,PCNCWNE,   PCNCWE,   PCCWNE,   PCCWE,   PCCWETS,PCNCWNEcum,PCNCWEcum,PCCWNEcum,PCCWEcum,PCCWETScum,FCNCWNE,   FCNCWE,   FCCWNE,   FCCWE,   FCCWETS,FCNCWNEcum,FCNCWEcum,FCCWNEcum,FCCWEcum,FCCWETScum,PFY,Cash/Cash Equiv.,Fixed Interest,UK ,Cont. Europe,North America,Japan ,Other Pacific,Other , , , , , , , , ,UK ,Cont. Europe,North America,Japan ,Other Pacific,Other ,UK ,Cont. Europe,North America,Japan ,Other Pacific,Other ,Flags,,,,,,,,,Cat 2,Name,in issue,NAV Par,NAV Fair,Gross Gearing,Net Gearing,Name,in issue,NAV Par,NAV Fair,Gross Gearing,Net Gearing,Total Assets ex CYR,FootNote,Note,Note,
"Sector Specialist: Small Media, Comms & IT Cos",Herald,Ordinary Share,30/06/2018,GB0004228648,1046761692,0,0,0,0,0,0,0,0,0,0,1345,,250376,,,69485583,0,0,0,N/A,6.99,0,0,,,,Y,,N,100,1046761692,1046511316,1506.08,,,,,1506.44,,,,,1506.08,,,,,1506.44,,,,,1.03,6.99,2.89,56.43,5.56,22.94,0,5.19,0,0,0,0,0,0,0,0,0,0,0,0,0,0,0,0,0,0,0,0,0,,0,0,0,0,0,0,0,0,,,,,,,,,,,,,,1046511316,,,,GBX
Category,Name,Type,Date,ISIN,Total Assets incl CYR,PC Total Par,PC Total Fair,PC Debt Par,PC Debt Fair,TotLongCashOffset,TotShortCashOffset,PC Equity,Convertibles Par,Convertibles Fair,PC Gearing,MonthEnd Price,Price for TS dilution,CurrYrRev(CYR),Rev Res (splits only),Rev Allocation % (splits only),Number,Issued,Purch,Treasury,below NAV,Cash/CashEquiv,GrossGearing,NetGearing,NetCash,From,To,NoRange,GearingNote,Loss,CYR allocation %,SHF per share inc CYR,SHF per share exc CYR,PCNCWNE,   PCNCWE,   PCCWNE,   PCCWE,   PCCWETS,PCNCWNEcum,PCNCWEcum,PCCWNEcum,PCCWEcum,PCCWETScum,FCNCWNE,   FCNCWE,   FCCWNE,   FCCWE,   FCCWETS,FCNCWNEcum,FCNCWEcum,FCCWNEcum,FCCWEcum,FCCWETScum,PFY,Cash/Cash Equiv.,Fixed Interest,UK ,Cont. Europe,North America,Japan ,Other Pacific,Other , , , , , , , , ,UK ,Cont. Europe,North America,Japan ,Other Pacific,Other ,UK ,Cont. Europe,North America,Japan ,Other Pacific,Other ,Flags,,,,,,,,,Cat 2,Name,in issue,NAV Par,NAV Fair,Gross Gearing,Net Gearing,Name,in issue,NAV Par,NAV Fair,Gross Gearing,Net Gearing,Total Assets ex CYR,FootNote,Note,Note,
Sector Specialist: Tech Media & Telecomm,Allianz Technology,Ordinary Share,30/06/2018,GB0003390720,433777094,0,0,0,0,0,0,0,0,0,0,1425,,-1155335,,,30973880,1346000,0,0,Yes,5.86,0,0,,,,Y,,N,100,433777094,434932429,1404.19,,,,,1400.46,,,,,1404.19,,,,,1400.46,,,,,0.31,5.86,0,2.63,5.87,84.08,0,1.56,0,0,0,0,0,0,0,0,0,0,0,0,0,0,0,0,0,0,0,0,0,,0,0,0,0,0,0,0,0,,,,,,,,,,,,,,434932429,,,"Date	 Shares 	Price (p)	Value £m
01-Jun-18	 50,000.00 	 1,418.18 	£0.709
04-Jun-18	 35,000.00 	 1,434.14 	£0.502
05-Jun-18	 71,000.00 	 1,445.35 	£1.026
06-Jun-18	 100,000.00 	 1,450.00 	£1.450
11-Jun-18	 180,000.00 	 1,442.98 	£2.597
18-Jun-18	 60,000.00 	 1,475.08 	£0.885
20-Jun-18	 360,000.00 	 1,495.48 	£5.384
21-Jun-18	 60,000.00 	 1,490.00 	£0.894
22-Jun-18	 50,000.00 	 1,460.00 	£0.730
25-Jun-18	 25,000.00 	 1,415.00 	£0.354
26-Jun-18	 85,000.00 	 1,416.50 	£1.204
27-Jun-18	 260,000.00 	 1,433.09 	£3.726
29-Jun-18	 10,000.00 	 1,426.64 	£0.143
",GBX
Sector Specialist: Tech Media & Telecomm,Augmentum Fintech,Ordinary Share,30/06/2018,GB00BG12XV81,,,,,,,,,,,,,,,,,,,,,,,,,,,,,,,,,,,,,,,,,,,,,,,,,,,,,,,,,,,,,,,,,,,,,,,,,,,,,,,,,,,,,,,,,,,,SSM,,,,,,,,,,,,,,,,,
Sector Specialist: Tech Media & Telecomm,Polar Capital Technology,Ordinary Share,30/06/2018,GB0004220025,1739622885,36567880,36567880,36567880,36567880,0,0,0,0,0,36567880,1256,,-6383649,,,133825000,30000,0,0,N/A,7,2,0,5,,,Y,,N,100,1703055005,1709438654,1277.37,,,,,1272.6,,,,,1277.37,,,,,1272.6,,,,,0.6,7,0,2,4,76,5,6,0,0,0,0,0,0,0,0,0,100,0,0,0,0,0,9,4,76,5,6,0,,0,0,0,0,0,0,0,0,,,,,,,,,,,,,,1746006534,,,,GBX
Category,Name,Type,Date,ISIN,Total Assets incl CYR,PC Total Par,PC Total Fair,PC Debt Par,PC Debt Fair,TotLongCashOffset,TotShortCashOffset,PC Equity,Convertibles Par,Convertibles Fair,PC Gearing,MonthEnd Price,Price for TS dilution,CurrYrRev(CYR),Rev Res (splits only),Rev Allocation % (splits only),Number,Issued,Purch,Treasury,below NAV,Cash/CashEquiv,GrossGearing,NetGearing,NetCash,From,To,NoRange,GearingNote,Loss,CYR allocation %,SHF per share inc CYR,SHF per share exc CYR,PCNCWNE,   PCNCWE,   PCCWNE,   PCCWE,   PCCWETS,PCNCWNEcum,PCNCWEcum,PCCWNEcum,PCCWEcum,PCCWETScum,FCNCWNE,   FCNCWE,   FCCWNE,   FCCWE,   FCCWETS,FCNCWNEcum,FCNCWEcum,FCCWNEcum,FCCWEcum,FCCWETScum,PFY,Cash/Cash Equiv.,Fixed Interest,UK ,Cont. Europe,North America,Japan ,Other Pacific,Other , , , , , , , , ,UK ,Cont. Europe,North America,Japan ,Other Pacific,Other ,UK ,Cont. Europe,North America,Japan ,Other Pacific,Other ,Flags,,,,,,,,,Cat 2,Name,in issue,NAV Par,NAV Fair,Gross Gearing,Net Gearing,Name,in issue,NAV Par,NAV Fair,Gross Gearing,Net Gearing,Total Assets ex CYR,FootNote,Note,Note,
Sector Specialist: Utilities,Ecofin Global Utilities and Infrastructure,Ordinary Share,30/06/2018,GB00BD3V4641,150043880,19390205,19390205,19390205,19390205,0,0,0,0,0,19390205,121.5,,528266,,,91872247,0,0,0,No,5.36,15,9,0,0,25,,,N,100,130653675,130125409,141.64,,,,,142.21,,,,,141.64,,,,,142.21,,,,,,5.36,0,16.67,33.18,39.49,0,5.3,0,0,0,0,0,0,0,0,0,0,0,0,0,0,0,0,0,0,0,0,0,,0,0,0,0,0,0,0,0,,,,,,,,,,,,,,149515614,,,,GBX
Sector Specialist: Utilities,Premier Global Infrastructure,ZDP 2020,30/06/2018,GB00BYP98L62,0,0,0,0,0,0,0,0,0,0,0,116,,,,0,24073337,0,0,0,N/A,0,,,,,,Y,,,0,27026206,27026206,112.27,,,,,112.27,,,,,112.27,,,,,112.27,,,,,,0,0,0,0,0,0,0,0,0,0,0,0,0,0,0,0,0,0,0,0,0,0,0,0,0,0,0,0,,0,0,0,0,0,0,0,0,SSU,,,,,,,,,,,,,0,,,,GBX
Sector Specialist: Utilities,Premier Global Infrastructure,Ord Income,30/06/2018,GB0033537902,51098131,27026206,27026206,0,0,0,0,27026206,0,0,27026206,131.5,,630279,809000,100,18088480,0,0,0,N/A,2.31,112,107,0,,,Y,,N,100,24071925,23441646,129.59,,,,,133.08,,,,,129.59,,,,,133.08,,,,,5.13,2.31,0,20.31,2.2,34.59,0,38.16,2.43,0,0,0,0,0,0,0,0,0,0,0,0,0,100,0,0,0,0,0,100,,0,0,0,0,0,0,0,0,SSU,,,,,,,,,,,,,50467852,,,,GBX
Category,Name,Type,Date,ISIN,Total Assets incl CYR,PC Total Par,PC Total Fair,PC Debt Par,PC Debt Fair,TotLongCashOffset,TotShortCashOffset,PC Equity,Convertibles Par,Convertibles Fair,PC Gearing,MonthEnd Price,Price for TS dilution,CurrYrRev(CYR),Rev Res (splits only),Rev Allocation % (splits only),Number,Issued,Purch,Treasury,below NAV,Cash/CashEquiv,GrossGearing,NetGearing,NetCash,From,To,NoRange,GearingNote,Loss,CYR allocation %,SHF per share inc CYR,SHF per share exc CYR,PCNCWNE,   PCNCWE,   PCCWNE,   PCCWE,   PCCWETS,PCNCWNEcum,PCNCWEcum,PCCWNEcum,PCCWEcum,PCCWETScum,FCNCWNE,   FCNCWE,   FCCWNE,   FCCWE,   FCCWETS,FCNCWNEcum,FCNCWEcum,FCCWNEcum,FCCWEcum,FCCWETScum,PFY,Cash/Cash Equiv.,Fixed Interest,UK ,Cont. Europe,North America,Japan ,Other Pacific,Other ,Cash/Cash Equiv.,Fixed Interest,UK Equity x IC,Int. Equities,SC Inc Shares,SC Ord Inc Shares,Other SC & ICs,Other ,UK ,Cont. Europe,North America,Japan ,Other Pacific,Other ,UK ,Cont. Europe,North America,Japan ,Other Pacific,Other ,Flags, , , , , , , , ,Cat 2,Name,in issue,NAV Par,NAV Fair,Gross Gearing,Net Gearing,Name,in issue,NAV Par,NAV Fair,Gross Gearing,Net Gearing,Total Assets ex CYR,FootNote,Note,Note,
Sector Specialist: Financials,EJF Investments,ZDP 2022,30/06/2018,JE00BDG12N48,,,,,,,,,,,,,,,,,,,,,,,,,,,,,,,,,,,,,,,,,,,,,,,,,,,,,,,,,,,,,,,,,,,,,,,,,,,,,,,,,,,,,,,,,,,,SSF,,,,,,,,,,,,,,,,,
Sector Specialist: Financials,EJF Investments,Ord Income,30/06/2018,JE00BF0D1M25,,,,,,,,,,,,,,,,,,,,,,,,,,,,,,,,,,,,,,,,,,,,,,,,,,,,,,,,,,,,,,,,,,,,,,,,,,,,,,,,,,,,,,,,,,,,SSF,,,,,,,,,,,,,,,,,
Category,Name,Type,Date,ISIN,Total Assets incl CYR,PC Total Par,PC Total Fair,PC Debt Par,PC Debt Fair,TotLongCashOffset,TotShortCashOffset,PC Equity,Convertibles Par,Convertibles Fair,PC Gearing,MonthEnd Price,Price for TS dilution,CurrYrRev(CYR),Rev Res (splits only),Rev Allocation % (splits only),Number,Issued,Purch,Treasury,below NAV,Cash/CashEquiv,GrossGearing,NetGearing,NetCash,From,To,NoRange,GearingNote,Loss,CYR allocation %,SHF per share inc CYR,SHF per share exc CYR,PCNCWNE,   PCNCWE,   PCCWNE,   PCCWE,   PCCWETS,PCNCWNEcum,PCNCWEcum,PCCWNEcum,PCCWEcum,PCCWETScum,FCNCWNE,   FCNCWE,   FCCWNE,   FCCWE,   FCCWETS,FCNCWNEcum,FCNCWEcum,FCCWNEcum,FCCWEcum,FCCWETScum,PFY,Cash/Cash Equiv.,Fixed Interest,UK ,Cont. Europe,North America,Japan ,Other Pacific,Other ,Cash/Cash Equiv.,Fixed Interest,FTSE 100,FTSE 250 x IC,FTSE S/C FL/AIM xIC,SC Inc & Ord Inc,Other SC & ICs,Int. Equities,UK ,Cont. Europe,North America,Japan ,Other Pacific,Other ,UK ,Cont. Europe,North America,Japan ,Other Pacific,Other ,Flags,,,,,,,,,Cat 2,Name,in issue,NAV Par,NAV Fair,Gross Gearing,Net Gearing,Name,in issue,NAV Par,NAV Fair,Gross Gearing,Net Gearing,Total Assets ex CYR,FootNote,Note,Note,
UK All Companies,Artemis Alpha Trust,Ordinary Share,30/06/2018,GB0004355946,182557656,9395165,9395165,9395165,9395165,0,0,0,0,0,9395165,349,,2165396,,,40980974,0,0,152500,Yes,2.28,5,3,0,0,20,,,N,100,173162491,170997095,417.26,,,,417.01,422.54,,,,422.27,417.26,,,,417.01,422.54,,,,422.27,1.66,2.28,0,80.8,10.34,3.88,1.18,1.52,0,2.28,0,4.65,9.71,68,0,0,15.36,0,0,0,0,0,0,0,0,0,0,0,0,,0,0,0,0,0,0,0,0,,,,,,,,,,,,,,180392260,,,"On 18 June subscription conversion to deferred shares and repurchase/cancellation for 6,853,639",GBX
UK All Companies,Aurora,Ordinary Share,30/06/2018,GB0000633262,104659974,0,0,0,0,0,0,0,0,0,0,219,,1344172,,,48512435,261844,0,0,N/A,2,0,0,,,,Y,,N,100,104659974,103315802,212.97,,,,,215.74,,,,,212.97,,,,,215.74,,,,,1.6,2,4,88,0,0,0,0,6,2,4,47,26,8,0,7,6,100,0,0,0,0,0,100,0,0,0,0,0,,0,0,0,0,0,0,0,0,,,,,,,,,,,,,,103315802,,,,GBX
UK All Companies,Baillie Gifford UK Growth,Ordinary Share,30/06/2018,GB0007913485,314277625,0,0,0,0,0,0,0,0,0,0,194,,6900980,,,150520484,0,0,10396700,No,6,0,0,,,,Y,,N,100,314277625,307376645,204.21,,,,204.21,208.79,,,,208.79,204.21,,,,204.21,208.79,,,,208.79,2.8,6,0,93,0,0,0,1,0,6,0,65,18,4,0,7,0,0,0,0,0,0,0,0,0,0,0,0,0,,0,0,0,0,0,0,0,0,,,,,,,,,,,,,,307376645,,,,GBX
UK All Companies,Crystal Amber,Ordinary Share,30/06/2018,GG00B1Z2SL48,,,,,,,,,,,,,,,,,,,,,,,,,,,,,,,,,,,,,,,,,,,,,,,,,,,,,,,,,,,,,,,,,,,,,,,,,,,,,,,,,,,,,,,,,,,,,,,,,,,,,,,,,,,,,
UK All Companies,Fidelity Special Values,Ordinary Share,30/06/2018,GB00BWXC7Y93,793915281,72810379,72810379,72810379,72810379,52779463,20030916,0,0,0,72810379,273,,13443645,,,266449480,1000000,0,4195000,No,0.24,10,10,0,0,40,,,N,100,721104902,707661257,265.59,,,,265.59,270.63,,,,270.63,265.59,,,,265.59,270.63,,,,270.63,2.4,0.24,0,76.89,1.91,7.61,0,0,13.35,0.24,0,41.58,21.91,13.4,0,0,22.87,0,0,0,0,0,0,0,0,0,0,0,0,,0,0,0,0,0,0,0,0,,,,,,,,,,,,,,780471636,,,,GBX
UK All Companies,Henderson Opportunities,Ordinary Share,30/06/2018,GB0008536574,124518000,18003849,18003849,18003849,18003849,0,0,0,0,0,18003849,1107.5,,1161000,,,8000858,0,0,0,N/A,3.41,17,13,0,0,20,,,N,100,106514151,105353151,1316.77,,,,,1331.28,,,,,1316.77,,,,,1331.28,,,,,2.1,3.41,0,96.59,0,0,0,0,0,3.41,0,14.97,8.76,70.42,2.44,0,0,0,0,0,0,0,0,0,0,0,0,0,0,,0,0,0,0,0,0,0,0,,,,,,,,,,,,,,123357000,,,,GBX
UK All Companies,Invesco Perpetual Select UK Equity,Ordinary Share,30/06/2018,GB00B1DPVL60,81511516,12900000,12900000,12900000,12900000,0,0,0,0,0,12900000,186.5,,-243458,,,35986971,0,0,8203540,No,-1.23,19,20,0,0,25,,,N,100,68611516,68854974,191.33,,,,191.33,190.66,,,,190.66,191.33,,,,191.33,190.66,,,,190.66,2.94,-1.23,0,95.54,2.71,2.98,0,0,0,-1.23,0,42.4,22.1,22.33,0,10.46,3.94,0,0,0,0,0,0,0,0,0,0,0,0,/A,0,0,0,0,0,0,0,0,,,,,,,,,,,,,,81754974,,,,GBX
UK All Companies,JPMorgan MidCap,Ordinary Share,30/06/2018,GB0002357613,345218330,31088931,31088931,31088931,31088931,0,0,0,0,0,31088931,1250,,5993692,,,23812680,0,0,1585400,No,3.1,10,6,0,0,25,,,N,100,314129399,308135707,1294,,,,1294,1319.17,,,,1319.17,1294,,,,1294,1319.17,,,,1319.17,2.15,3.1,0,96.9,0,0,0,0,0,3.1,0,7.9,84.1,4.9,0,0,0,0,0,0,0,0,0,0,0,0,0,0,0,,0,0,0,0,0,0,0,0,,,,,,,,,,,,,,339224638,,The debenture has been fair valued using a discounted cash flow technique.,,GBX
UK All Companies,Jupiter UK Growth,Ordinary Share,30/06/2018,GB00BFD3V961,82206201,17000000,17000000,17000000,17000000,0,0,0,0,0,17000000,337,,1782090,,,19145493,0,145315,10576185,No,6.2,26,18,0,0,25,,,N,100,65206201,63424111,331.27,,,,331.27,340.58,,,,340.58,331.27,,,,331.27,340.58,,,,340.58,2.8,6.2,0,71.06,15.74,4.29,0,0,2.71,6.2,0,0,71.06,0,0,0,22.74,0,0,0,0,0,0,0,0,0,0,0,0,,0,0,0,0,0,0,0,0,,,,,,,,,,,,,,80424111,,,"Between 5 and 27 June 2018 the Company bought back 145,315 Ordinary shares into treasury at prices ranging from 334.00 - 338.40p per share",GBX
UK All Companies,Keystone,Ordinary Share,30/06/2018,GB0004912068,309967388,32829091,39587308,32829091,39587308,0,0,0,0,0,32829091,1755,,2824356,,,13518799,0,0,0,No,-1.46,12,13,0,0,15,,,N,100,277138297,274313941,2029.13,,,,,2050.02,,,,,1979.14,,,,,2000.03,,,,,2.8,-1.46,0,96.12,2.23,3.11,0,0,0,-1.46,0,39.68,21.27,24.74,0,11.8,3.97,0,0,0,0,0,0,0,0,0,0,0,0,,0,0,0,0,0,0,0,0,,,,,,,,,,,,,,307143032,,7.75% 2020 is determined by reference to the daily closing price of the  LSE. 6.5% 2023 and 5% cumulative preference share are based on last traded price.,,GBX
UK All Companies,Mercantile,Ordinary Share,30/06/2018,GB00BF4JDH58,2249710253,226639190,302945163,226639190,302945163,0,0,0,0,0,226639190,218.6,,21987671,,,802855342,0,1238248,141636838,No,5.3,11,5,0,0,20,,,N,100,2023071063,2001083392,249.25,,,,249.25,251.98,,,,251.98,239.74,,,,239.74,242.48,,,,242.48,2.3,5.3,0,94.7,0,0,0,0,0,5.3,0,8,74,10.8,0,1.9,0,0,0,0,0,0,0,0,0,0,0,0,0,,0,0,0,0,0,0,0,0,,,,,,,,,,,,,,2227722582,,Fair values are based on discounted cash flow techniques,,GBX
UK All Companies,Sanditon Investment,Ordinary Share,30/06/2018,GB00BMPHJ807,45979750,0,0,0,0,0,0,0,0,0,0,82,,389051,,,50000000,0,0,0,N/A,31.63,0,0,,,,Y,,N,100,45979750,45590699,91.18,,,,,91.96,,,,,91.18,,,,,91.96,,,,,0.98,31.63,45.94,22.43,0,0,0,0,0,31.63,45.94,4.45,3.66,4.22,0,10.1,0,100,0,0,0,0,0,100,0,0,0,0,0,,0,0,0,0,0,0,0,0,,,,,,,,,,,,,,45590699,,,,GBX
UK All Companies,Schroder UK Mid Cap,Ordinary Share,30/06/2018,GB0006108418,242051326,7500000,7500000,7500000,7500000,0,0,0,0,0,7500000,560,,4135146,,,35851190,0,0,0,N/A,-0.07,3,3,0,,,Y,,N,100,234551326,230416180,642.7,,,,,654.24,,,,,642.7,,,,,654.24,,,,,3.3,-0.07,0,100.07,0,0,0,0,0,-0.07,0,0,88.32,9.22,0,2.53,0,100,0,0,0,0,0,100,0,0,0,0,0,,0,0,0,0,0,0,0,0,,,,,,,,,,,,,,237916180,,,,GBX
UK All Companies,Woodford Patient Capital,Ordinary Share,30/06/2018,GB00BVG1CF25,894958189,134611520,134611520,134611520,134611520,0,0,0,0,0,134611520,83,,-2018719,,,827000000,0,0,0,N/A,-1.43,18,19,0,0,20,,,N,100,760346669,762365388,92.18,,,,,91.94,,,,,92.18,,,,,91.94,,,,,0,-1.43,0,85.82,9.43,6.18,0,0,0,-1.43,0,0,0,85.82,0,0,15.61,100,0,0,0,0,0,100,0,0,0,0,0,,0,0,0,0,0,0,0,0,,,,,,,,,,,,,,896976908,,,,GBX
Category,Name,Type,Date,ISIN,Total Assets incl CYR,PC Total Par,PC Total Fair,PC Debt Par,PC Debt Fair,TotLongCashOffset,TotShortCashOffset,PC Equity,Convertibles Par,Convertibles Fair,PC Gearing,MonthEnd Price,Price for TS dilution,CurrYrRev(CYR),Rev Res (splits only),Rev Allocation % (splits only),Number,Issued,Purch,Treasury,below NAV,Cash/CashEquiv,GrossGearing,NetGearing,NetCash,From,To,NoRange,GearingNote,Loss,CYR allocation %,SHF per share inc CYR,SHF per share exc CYR,PCNCWNE,   PCNCWE,   PCCWNE,   PCCWE,   PCCWETS,PCNCWNEcum,PCNCWEcum,PCCWNEcum,PCCWEcum,PCCWETScum,FCNCWNE,   FCNCWE,   FCCWNE,   FCCWE,   FCCWETS,FCNCWNEcum,FCNCWEcum,FCCWNEcum,FCCWEcum,FCCWETScum,PFY,Cash/Cash Equiv.,Fixed Interest,UK ,Cont. Europe,North America,Japan ,Other Pacific,Other ,Cash/Cash Equiv.,Fixed Interest,UK Equity x IC,Int. Equities,SC Inc Shares,SC Ord Inc Shares,Other SC & ICs,Other ,UK ,Cont. Europe,North America,Japan ,Other Pacific,Other ,UK ,Cont. Europe,North America,Japan ,Other Pacific,Other ,Flags,,,,,,,,,Cat 2,Name,in issue,NAV Par,NAV Fair,Gross Gearing,Net Gearing,Name,in issue,NAV Par,NAV Fair,Gross Gearing,Net Gearing,Total Assets ex CYR,FootNote,Note,Note,
UK Equity & Bond Income,Aberdeen Smaller Companies Income,Ordinary Share,30/06/2018,GB0008063728,82843456,7000000,7136081,7000000,7136081,0,0,0,0,0,7000000,296,,857597,,,22109765,0,0,0,N/A,1.51,9,8,0,,,Y,,N,100,75843456,74985859,339.15,,,,,343.03,,,,,338.54,,,,,342.42,,,,,3.47,1.51,7.7,87.22,3.57,0,0,0,0,1.51,7.7,87.22,0,0,0,3.57,0,0,0,0,0,0,0,0,0,0,0,0,0,/,0,0,0,0,0,0,0,0,,,,,,,,,,,,,,81985859,,,,GBX
UK Equity & Bond Income,Acorn Income,ZDP 2022,30/06/2018,GG00BYMJ7X48,0,0,0,0,0,0,0,0,0,0,0,151,,,,,21365221,0,0,1712757,N/A,0,,,,,,Y,,,0,31098629,31098629,145.56,,,,,145.56,,,,,145.56,,,,,145.56,,,,,,0,0,0,0,0,0,0,0,0,0,0,0,0,0,0,0,0,0,0,0,0,0,0,0,0,0,0,0,,0,0,0,0,0,0,0,0,UKH,,,,,,,,,,,,,0,,,,GBX
UK Equity & Bond Income,Acorn Income,Ord Income,30/06/2018,GB0004829437,106608728,31098629,31098629,0,0,0,0,31098629,0,0,31098629,471.5,,56685,,,15916687,0,0,1275972,Yes,3.18,41,37,0,,,Y,,N,100,75510099,75453414,474.05,,,,473.86,474.41,,,,474.19,474.05,,,,473.86,474.41,,,,474.19,4,3.18,0,92.47,0,4.35,0,0,0,3.18,0,92.47,0,0,0,4.35,0,0,0,0,0,0,100,0,0,0,0,0,100,,3.18,0,92.47,0,0,0,4.35,0,UKH,,,,,,,,,,,,,106552043,,,,GBX
UK Equity & Bond Income,City Merchants High Yield,Ordinary Share,30/06/2018,JE00B6RMDP68,181038841,0,0,0,0,0,0,0,0,0,0,191,,2478276,,,96541204,525000,0,0,No,4.95,0,0,,0,30,,,N,100,181038841,178560565,184.96,,,,,187.52,,,,,184.96,,,,,187.52,,,,,6.4,4.95,90.58,3.22,1.21,0.04,0,0,0,4.95,90.58,3.22,1.25,0,0,0,0,92,1,7,0,0,0,91,2,7,0,0,0,,0,0,0,0,0,0,0,0,,,,,,,,,,,,,,178560565,,,"During the month, the trust issues 525,000 shares for a total consideration of £1,003,647.",GBX
UK Equity & Bond Income,CQS New City High Yield,Ordinary Share,30/06/2018,JE00B1LZS514,259192103,28000000,28000000,28000000,28000000,0,0,0,0,0,28000000,61.6,,3925803,,,400951858,3000000,0,0,No,2,12,10,0,0,25,,,N,100,231192103,227266300,56.68,,,,,57.66,,,,,56.68,,,,,57.66,,,,,7,2,80,16,1,1,0,0,0,2,80,16,2,0,0,0,0,73,10,16,0,0,1,73,6,20,0,0,1,,0,0,0,0,0,0,0,0,,,,,,,,,,,,,,255266300,,,,GBX
UK Equity & Bond Income,Henderson High Income,Ordinary Share,30/06/2018,GB0009580571,301603267,57929682,60488899,57929682,60488899,0,0,0,0,0,57929682,180,,955306,,,128596278,0,0,0,No,1.09,24,22,0,0,40,,,N,100,243673585,242718279,188.74,,,,,189.49,,,,,186.75,,,,,187.5,,,,,4.64,1.09,9.42,82.09,7.4,0,0,0,0,1.09,9.42,82.09,7.4,0,0,0,0,0,0,0,0,0,0,0,0,0,0,0,0,/,0,0,0,0,0,0,0,0,,,,,,,,,,,,,,300647961,,Private Placement Notes calculated at Fair Value.,,GBX
Category,Name,Type,Date,ISIN,Total Assets incl CYR,PC Total Par,PC Total Fair,PC Debt Par,PC Debt Fair,TotLongCashOffset,TotShortCashOffset,PC Equity,Convertibles Par,Convertibles Fair,PC Gearing,MonthEnd Price,Price for TS dilution,CurrYrRev(CYR),Rev Res (splits only),Rev Allocation % (splits only),Number,Issued,Purch,Treasury,below NAV,Cash/CashEquiv,GrossGearing,NetGearing,NetCash,From,To,NoRange,GearingNote,Loss,CYR allocation %,SHF per share inc CYR,SHF per share exc CYR,PCNCWNE,   PCNCWE,   PCCWNE,   PCCWE,   PCCWETS,PCNCWNEcum,PCNCWEcum,PCCWNEcum,PCCWEcum,PCCWETScum,FCNCWNE,   FCNCWE,   FCCWNE,   FCCWE,   FCCWETS,FCNCWNEcum,FCNCWEcum,FCCWNEcum,FCCWEcum,FCCWETScum,PFY,Cash/Cash Equiv.,Fixed Interest,UK ,Cont. Europe,North America,Japan ,Other Pacific,Other ,Cash/Cash Equiv.,Fixed Interest,FTSE 100,FTSE 250 x IC,FTSE S/C FL/AIM xIC,SC Inc & Ord Inc,Other SC & ICs,Int. Equities,UK ,Cont. Europe,North America,Japan ,Other Pacific,Other ,UK ,Cont. Europe,North America,Japan ,Other Pacific,Other ,Flags,,,,,,,,,Cat 2,Name,in issue,NAV Par,NAV Fair,Gross Gearing,Net Gearing,Name,in issue,NAV Par,NAV Fair,Gross Gearing,Net Gearing,Total Assets ex CYR,FootNote,Note,Note,
UK Equity Income,BlackRock Income & Growth,Ordinary Share,30/06/2018,GB0030961691,56123180,4000000,4000000,4000000,4000000,0,0,0,0,0,4000000,208,,1176484,,,24263268,0,0,8670644,No,5.82,8,1,0,0,20,,,N,100,52123180,50946696,209.97,,,,209.97,214.82,,,,214.82,209.97,,,,209.97,214.82,,,,214.82,3.49,5.82,0,91.42,2.76,0,0,0,0,5.82,0,69.64,15.4,6.38,0,0,2.76,0,0,0,0,0,0,0,0,0,0,0,0,,0,0,0,0,0,0,0,0,,,,,,,,,,,,,,54946696,,,,GBX
UK Equity Income,British & American,Ordinary Share,30/06/2018,GB0000653112,,,,,,,,,,,,,,,,,,,,,,,,,,,,,,,,,,,,,,,,,,,,,,,,,,,,,,,,,,,,,,,,,,,,,,,,,,,,,,,,,,,,,,,,,,,,,,,,,,,,,,,,,,,,,
UK Equity Income,Chelverton UK Dividend,ZDP 2025,30/06/2018,GB00BZ7MQD81,0,0,0,0,0,0,0,0,0,0,0,104.5,,,,,14500000,0,0,0,N/A,0,,,,,,Y,,,0,14808284,14808284,102.13,,,,,102.13,,,,,102.13,,,,,102.13,,,,,,0,0,0,0,0,0,0,0,0,0,0,0,0,0,0,0,0,0,0,0,0,0,0,0,0,0,0,0,,0,0,0,0,0,0,0,0,UGI,,,,,,,,,,,,,0,,,,GBX
UK Equity Income,Chelverton UK Dividend,Ord Income,30/06/2018,GB0006615826,66671501,14808284,14808284,0,0,0,0,14808284,0,0,14808284,246,,865524,,,20850000,0,0,0,N/A,0.57,29,28,0,,,Y,,N,100,51863217,50997693,244.59,,,,,248.74,,,,,244.59,,,,,248.74,,,,,5.84,0.57,0,99.43,0,0,0,0,0,0.57,0,99.43,0,0,0,0,0,100,0,0,0,0,0,100,0,0,0,0,0,/,0,0,0,0,0,0,0,0,UGI,,,,,,,,,,,,,65805977,,,,GBX
UK Equity Income,City of London,Ordinary Share,30/06/2018,GB0001990497,1646568000,125761088,142898236,125761088,142898236,0,0,0,0,0,125761088,432,,19055000,,,354409868,1300000,0,0,No,0.53,8,8,0,0,20,,,N,100,1520806912,1501751912,423.73,,,,,429.11,,,,,418.9,,,,,424.27,,,,,4.35,0.53,0.6,87.75,7,3.63,0,0.49,0,0.53,0.6,72.63,12.38,2.74,0,0,11.12,0,0,0,0,0,0,0,0,0,0,0,0,/,0,0,0,0,0,0,0,0,,,,,,,,,,,,,,1627513000,,,"During the month 1,300,000 shares were issued for total proceeds of £5.7m.",GBX
UK Equity Income,Diverse Income Trust,Ordinary Share,30/06/2018,GB00B65TLW28,403132608,0,0,0,0,0,0,0,0,0,0,103,,6872448,,,383487239,0,0,0,N/A,0.97,0,0,,,,Y,,N,100,403132608,396260160,103.33,,,,,105.12,,,,,103.33,,,,,105.12,,,,,3.83,0.97,2.54,91.34,0.96,0,0,0,4.19,0.97,2.54,18.34,10.24,62.76,0,0,5.15,100,0,0,0,0,0,100,0,0,0,0,0,/dA,0,0,0,0,0,0,0,0,,,,,,,,,,,,,,396260160,"THIRD INTERIM DIV- YE 31/05/18 Ex date 28/06/18, Pay date 31/08/18 at 0.85P per share",,,GBX
UK Equity Income,Dunedin Income Growth,Ordinary Share,30/06/2018,GB0003406096,508704556,70185231,78155875,70185231,78155875,0,0,0,0,0,70185231,256,,11875954,,,149028590,0,209127,4649345,No,2.68,16,13,0,0,30,,,N,100,438519325,426643371,286.28,,,,286.28,294.25,,,,294.25,280.93,,,,280.93,288.9,,,,288.9,4.43,2.68,5.55,74.31,17.46,0,0,0,0,2.68,5.55,47.48,21.34,2.55,0,2.94,17.46,0,0,0,0,0,0,0,0,0,0,0,0,,0,0,0,0,0,0,0,0,,,,,,,,,,,,,,496828602,,The fair value of the debenture stock is calculated using a market price. Fair value of loan notes is calculated on a discounted cash flow basis,"05/06/18 Buyback 25,000 shares £64k
06/06/18 Buyback 20,901 shares £54k
07/06/18 Buyback 15,899 shares £41k
08/06/18 Buyback 25,000 shares £64k
11/06/18 Buyback 17,013 shares £44k
12/06/18 Buyback 21,217 shares £55k
18/06/18 Buyback 3,000 shares £8k
21/06/18 Buyback 20,178 shares £52k
25/06/18 Buyback 18,587 shares £48k
26/06/18 Buyback 17,332 shares £44k
28/06/18 Buyback 25,000 shares £64k",GBX
UK Equity Income,Edinburgh Investment,Ordinary Share,30/06/2018,GB0003052338,1639416046,147535901,170797319,147535901,170797319,0,0,0,0,0,147535901,682,,17720513,,,195666734,0,0,0,No,-1.24,10,11,0,0,25,,,N,100,1491880145,1474159632,753.4,,,,,762.46,,,,,741.52,,,,,750.57,,,,,3.88,-1.24,0,93.82,4.27,3.15,0,0,0,-1.24,0,49.04,31.06,10.51,0,3.21,7.42,0,0,0,0,0,0,0,0,0,0,0,0,d,0,0,0,0,0,0,0,0,,,,,,,,,,,,,,1621695533,,"The fair value of the debenture stocks is determined by the daily Bloomberg closing price, subject to review against other providers for consistency.",,GBX
UK Equity Income,F&C Capital & Income,Ordinary Share,30/06/2018,GB0003463287,355079058,20000000,20000000,20000000,20000000,0,0,0,0,0,20000000,329,,3489198,,,100759268,0,0,0,No,1.74,6,4,0,0,20,,,N,100,335079058,331589860,329.09,,,,,332.55,,,,,329.09,,,,,332.55,,,,,3.6,1.74,0,95.81,2.45,0,0,0,0,1.74,0,51.88,26.57,15.4,0,1.96,2.45,0,0,0,0,0,0,0,0,0,0,0,0,p,0,0,0,0,0,0,0,0,,,,,,,,,,,,,,351589860,,,,GBX
UK Equity Income,F&C UK High Income A,Ordinary Share,30/06/2018,GB00B1N4G299,102865887,5529553,5529553,5529553,5529553,0,0,0,0,0,5529553,102,,738159,,,86928144,0,0,15139000,Yes,2.93,6,3,0,0,25,,,N,100,97336334,96598175,111.12,,,,109.77,111.97,,,,110.49,111.12,,,,109.77,111.97,,,,110.49,3.27,2.93,0,92.12,4.95,0,0,0,0,2.93,0,55.8,28.41,3.16,0,4.75,4.95,0,0,0,0,0,0,0,0,0,0,0,0,,0,0,0,0,0,0,0,0,,F&C UK High Income Units,9028202,447.88,447.88,6,3,,,,,,,102127728,,,,GBX
UK Equity Income,F&C UK High Income B,Ordinary Share,30/06/2018,GB00B1N4H594,36656092,1970447,1970447,1970447,1970447,0,0,0,0,0,1970447,104,,263042,,,30976703,0,0,1100000,Yes,2.93,6,3,0,0,25,,,N,100,34685645,34422603,111.12,,,,110.88,111.97,,,,111.7,111.12,,,,110.88,111.97,,,,111.7,3.27,2.93,0,92.12,4.95,0,0,0,0,2.93,0,55.8,28.41,3.16,0,4.75,4.95,0,0,0,0,0,0,0,0,0,0,0,0,,0,0,0,0,0,0,0,0,,,,,,,,,,,,,,36393050,,,,GBX
UK Equity Income,Finsbury Growth & Income,Ordinary Share,30/06/2018,GB0007816068,1402499962,36700000,36700000,36700000,36700000,0,0,0,0,0,36700000,812,,6315651,,,169481712,1645000,0,0,Yes,0.65,3,2,0,0,25,,,N,100,1365799962,1359484311,802.14,,,,,805.87,,,,,802.14,,,,,805.87,,,,,2.23,0.65,0.02,81.27,8.57,9.49,0,0,0,0.65,0.02,65.32,13.41,1.72,0,0.82,18.06,103,-3,0,0,0,0,82,9,9,0,0,0,,0,0,0,0,0,0,0,0,,,,,,,,,,,,,,1396184311,,,,GBX
UK Equity Income,Invesco Income Growth,Ordinary Share,30/06/2018,GB0003585725,197115467,749012,749012,749012,749012,0,0,0,0,0,749012,290,,5129529,,,58551530,0,0,0,No,0.48,0,0,0,0,25,,,N,100,196366455,191236926,326.61,,,,,335.37,,,,,326.61,,,,,335.37,,,,,3.87,0.48,0.73,98.79,0,0,0,0,0,0.48,0.73,70.48,14.71,13.6,0,0,0,0,0,0,0,0,0,0,0,0,0,0,0,/,0,0,0,0,0,0,0,0,,,,,,,,,,,,,,191985938,,,,GBX
UK Equity Income,Investment Company,Ordinary Share,30/06/2018,GB0004658257,17574760,0,0,0,0,0,0,0,0,0,0,331,,0,,,4772049,0,0,0,No,5.68,0,0,,,,Y,,N,100,17574760,17574760,368.29,,,,,368.29,,,,,368.29,,,,,368.29,,,,,5.4,5.68,25.33,68.99,0,0,0,0,0,5.68,25.33,21.23,6.23,16.92,0,24.6,0.01,99,1,0,0,0,0,100,0,0,0,0,0,A,0,0,0,0,0,0,0,0,,,,,,,,,,,,,,17574760,,,,GBX
UK Equity Income,JPMorgan Claverhouse,Ordinary Share,30/06/2018,GB0003422184,497483005,61324770,64774218,61324770,64774218,0,0,0,0,0,61324770,762,,6179027,,,55053979,100000,0,1711674,No,2.2,14,12,0,0,20,,,N,100,436158235,429979208,781.01,,,,781.01,792.24,,,,792.24,774.75,,,,774.75,785.97,,,,785.97,3.49,2.2,0,97.8,0,0,0,0,0,2.2,0,73.6,16.8,7.4,0,0,0,0,0,0,0,0,0,0,0,0,0,0,0,,0,0,0,0,0,0,0,0,,,,,,,,,,,,,,491303978,,The debenture has been fair valued using discounted cash flow techniques.,,GBX
UK Equity Income,JPMorgan Elect Managed Income,Ordinary Share,30/06/2018,GB0034080217,89354279,5548309,5548309,5548309,5548309,0,0,0,0,0,5548309,115.5,,755399,,,71437864,0,120173,7266933,No,5.1,7,1,0,,,Y,,N,100,83805970,83050571,116.26,,,,116.26,117.31,,,,117.31,116.26,,,,116.26,117.31,,,,117.31,4.44,5.1,2.9,92,0,0,0,0,0,5.1,2.9,71.9,13.4,4.7,0,2,0,0,0,0,0,0,0,0,0,0,0,0,0,,0,0,0,0,0,0,0,0,,,,,,,,,,,,,,88598880,,,,GBX
UK Equity Income,Lowland,Ordinary Share,30/06/2018,GB0005368062,513789000,66249984,68075814,66249984,68075814,0,0,0,0,0,66249984,1520,,8279000,,,27018565,0,0,0,No,0.59,15,14,0,0,30,,,N,100,447539016,439260016,1625.77,,,,,1656.41,,,,,1619.01,,,,,1649.66,,,,,4.29,0.59,0.43,93.19,4.58,1.21,0,0,0,0.59,0.43,39.5,24.57,34.91,0,0,0,0,0,0,0,0,0,0,0,0,0,0,0,,0,0,0,0,0,0,0,0,,,,,,,,,,,,,,505510000,,,,GBX
UK Equity Income,Merchants,Ordinary Share,30/06/2018,GB0005800072,731208001,111214775,132792037,111214775,132792037,0,0,0,0,0,111214775,530,,15601127,,,108728464,0,0,0,N/A,3,18,14,0,,,Y,,N,100,619993226,604392099,555.87,,,,,570.22,,,,,536.03,,,,,550.38,,,,,4.49,3,0,97,0,0,0,0,0,3,0,64.62,26.28,6.1,0,0,0,0,0,0,0,0,0,0,0,0,0,0,0,,0,0,0,0,0,0,0,0,,,,,,,,,,,,,,715606874,,,,GBX
UK Equity Income,Murray Income,Ordinary Share,30/06/2018,GB0006111123,617211698,46234248,46306549,46234248,46306549,0,0,0,0,0,46234248,784,,6457547,,,66672313,0,125000,1921145,No,4.47,8,3,0,0,25,,,N,100,570977450,564519903,846.71,,,,846.71,856.39,,,,856.39,846.6,,,,846.6,856.29,,,,856.29,4.25,4.47,0,82.12,10.83,2.58,0,0,0,4.47,0,53.22,21.34,2.24,0,5.32,13.41,100,0,0,0,0,0,100,0,0,0,0,0,/,0,0,0,0,0,0,0,0,,,,,,,,,,,,,,610754151,,10 year 2.51% unsecured loan notes were issued 8/11/17. The fair value of the loan notes is calculated on a discounted cash flow basis.,"BOUGHT BACK TO TREASURY 35,000 SHARES 1/6/18 COST £0.27M, 20,000 SHARES 7/6/18 COST £0.16M, 19,000 SHARES 21/6/18 COST £0.15M, 11,000 SHARES 25/6/18 COST £0.09M, 15,000 SHARES 27/6/18 COST £0.12M, 25,000 SHARES 28/6/18 COST £0.19M",GBX
UK Equity Income,Perpetual Income & Growth,Ordinary Share,30/06/2018,GB0006798424,1128735409,140277189,150575343,140277189,150575343,0,0,0,0,0,140277189,358.5,,11861518,,,240432350,0,0,0,No,-0.1,14,14,0,0,25,,,N,100,988458220,976596702,406.18,,,,,411.12,,,,,401.9,,,,,406.83,,,,,3.49,-0.1,0,92.49,3.88,3.73,0,0,0,-0.1,0,43.62,27.34,15.22,0,6.31,7.61,0,0,0,0,0,0,0,0,0,0,0,0,,0,0,0,0,0,0,0,0,,,,,,,,,,,,,,1116873891,,FV of 4.37% loan notes is determined by reference to the daily LSE closing price of a similar UK Debt security.,,GBX
UK Equity Income,Schroder Income Growth,Ordinary Share,30/06/2018,GB0007915860,243107755,20000000,20000000,20000000,20000000,0,0,0,0,0,20000000,292,,3604245,,,68688343,0,0,0,N/A,1.48,9,7,0,,,Y,,N,100,223107755,219503510,319.56,,,,,324.81,,,,,319.56,,,,,324.81,,,,,4.2,1.48,0,92.34,6.18,0,0,0,0,1.48,0,75.29,16.02,1.59,0,3.88,1.74,100,0,0,0,0,0,94,6,0,0,0,0,,0,0,0,0,0,0,0,0,,,,,,,,,,,,,,239503510,,,,GBX
UK Equity Income,Shires Income,Ordinary Share,30/06/2018,GB0008052507,103583266,19047667,19101613,19047667,19101613,0,0,0,0,0,19047667,281,,2131385,,,29997580,0,0,0,N/A,2.59,23,19,0,,,Y,,N,100,84535599,82404214,274.7,,,,,281.81,,,,,274.52,,,,,281.63,,,,,4.5,2.59,25.83,67.06,4.52,0,0,0,0,2.59,25.83,34.2,18.17,5.89,0,8.8,4.52,95,5,0,0,0,0,95,5,0,0,0,0,,0,0,0,0,0,0,0,0,,,,,,,,,,,,,,101451881,,The fair value for the long term loan is calculated using the discounted cash flows method.,,GBX
UK Equity Income,Standard Life Equity Income,Ordinary Share,30/06/2018,GB0006039597,268887143,30000000,30000000,30000000,30000000,0,0,0,0,0,30000000,480,,4146094,,,49162782,0,0,15985,No,0.39,13,12,0,0,15,,,N,100,238887143,234741049,477.48,,,,477.48,485.91,,,,485.91,477.48,,,,477.48,485.91,,,,485.91,5,0.39,0,99.61,0,0,0,0,0,0.39,0,28.08,37.44,27.34,0,6.75,0,0,0,0,0,0,0,0,0,0,0,0,0,p,0,0,0,0,0,0,0,0,,,,,,,,,,,,,,264741049,,,,GBX
UK Equity Income,Temple Bar,Ordinary Share,30/06/2018,GB0008825324,1060474797,113000000,119180716,113000000,119180716,0,0,0,0,0,113000000,1322,,12865681,,,66872765,0,0,0,N/A,8,12,3,0,0,30,,,N,100,947474797,934609116,1397.59,,,,,1416.83,,,,,1388.35,,,,,1407.59,,,,,3.42,8,0,85,1,6,0,0,0,8,0,55,25,3,0,5,4,100,0,0,0,0,0,93,1,6,0,0,0,d,0,0,0,0,0,0,0,0,,,,,,,,,,,,,,1047609116,,Fair values are based on the latest mid market value of the debenture debt - Source: Interactive Data,,GBX
UK Equity Income,Troy Income & Growth,Ordinary Share,30/06/2018,GB0003708665,225984100,0,0,0,0,0,0,0,0,0,0,77.4,,2119365,,,287134045,0,1060000,3660000,No,6.4,0,0,,0,15,,,N,100,225984100,223864735,77.97,,,,77.97,78.7,,,,78.7,77.97,,,,77.97,78.7,,,,78.7,3.8,6.4,0,84.06,2.47,7.07,0,0,0,6.4,0,57.79,21.1,1.39,0,3.78,9.54,100,0,0,0,0,0,100,0,0,0,0,0,,0,0,0,0,0,0,0,0,,,,,,,,,,,,,,223864735,,,"1,060,000 shares bought back into treasury between 7-8 June 2018 at a cost of £814,774.",GBX
UK Equity Income,Value and Income,Ordinary Share,30/06/2018,GB0008484718,210259371,50000000,59547144,50000000,59547144,0,0,0,0,0,50000000,272,,2933157,,,45549975,0,0,0,N/A,1.85,31,29,0,,,Y,,N,100,160259371,157326214,345.39,,,,,351.83,,,,,324.43,,,,,330.87,,,,,4.86,1.85,0,98.15,0,0,0,0,0,1.85,0,32.71,26.75,6.02,0,0,0,0,0,0,0,0,0,0,0,0,0,0,0,d,0,0,0,0,0,0,0,0,,,,,,,,,,,,,,207326214,Additional portfolio spread 32.67% in property.,,,GBX
Category,Name,Type,Date,ISIN,Total Assets incl CYR,PC Total Par,PC Total Fair,PC Debt Par,PC Debt Fair,TotLongCashOffset,TotShortCashOffset,PC Equity,Convertibles Par,Convertibles Fair,PC Gearing,MonthEnd Price,Price for TS dilution,CurrYrRev(CYR),Rev Res (splits only),Rev Allocation % (splits only),Number,Issued,Purch,Treasury,below NAV,Cash/CashEquiv,GrossGearing,NetGearing,NetCash,From,To,NoRange,GearingNote,Loss,CYR allocation %,SHF per share inc CYR,SHF per share exc CYR,PCNCWNE,   PCNCWE,   PCCWNE,   PCCWE,   PCCWETS,PCNCWNEcum,PCNCWEcum,PCCWNEcum,PCCWEcum,PCCWETScum,FCNCWNE,   FCNCWE,   FCCWNE,   FCCWE,   FCCWETS,FCNCWNEcum,FCNCWEcum,FCCWNEcum,FCCWEcum,FCCWETScum,PFY,Cash/Cash Equiv.,Fixed Interest,UK ,Cont. Europe,North America,Japan ,Other Pacific,Other ,Cash/Cash Equiv.,Fixed Interest,FTSE 100,FTSE 250,FTSE Small Cap,FTSE Fledgling,AIM/ ISDX,Int. Equities,UK ,Cont. Europe,North America,Japan ,Other Pacific,Other ,UK ,Cont. Europe,North America,Japan ,Other Pacific,Other ,Flags,,,,,,,,,Cat 2,Name,in issue,NAV Par,NAV Fair,Gross Gearing,Net Gearing,Name,in issue,NAV Par,NAV Fair,Gross Gearing,Net Gearing,Total Assets ex CYR,FootNote,Note,Note,
UK Smaller Companies,Aberforth Smaller Companies,Ordinary Share,30/06/2018,GB0000066554,1420426457,0,0,0,0,0,0,0,0,0,0,1406,,23116853,,,91360251,0,0,0,N/A,0.39,0,0,,0,20,,,N,100,1420426457,1397309604,1529.45,,,,,1554.75,,,,,1529.45,,,,,1554.75,,,,,,0.39,0,99.61,0,0,0,0,0,0.39,0,0,30.78,52.58,16.25,0,0,100,0,0,0,0,0,100,0,0,0,0,0,/,0,0,0,0,0,0,0,0,,,,,,,,,,,,,,1397309604,,,,GBX
UK Smaller Companies,Aberforth Split Level Income,ZDP 2024,30/06/2018,GB00BYPBD519,0,0,0,0,0,0,0,0,0,0,0,106.5,,,,0,47562500,0,0,0,N/A,0,,,,,,Y,,,0,48947753,48947753,102.91,,,,,102.91,,,,,102.91,,,,,102.91,,,,,,0,0,0,0,0,0,0,0,0,0,0,0,0,0,0,0,0,0,0,0,0,0,0,0,0,0,0,0,,0,0,0,0,0,0,0,0,USC,,,,,,,,,,,,,0,,,,GBX
UK Smaller Companies,Aberforth Split Level Income,Ord Income,30/06/2018,GB00BYPBD394,248174265,48947753,48947753,0,0,0,0,48947753,0,0,48947753,99.2,,7673065,7673065,100,190250000,0,0,0,N/A,2.1,25,22,0,20,25,,,N,100,199226512,191553447,100.69,,,,,104.72,,,,,100.69,,,,,104.72,,,,,4.29,2.1,0,97.9,0,0,0,0,0,2.1,0,0,33.33,54.03,10.54,0,0,100,0,0,0,0,0,100,0,0,0,0,0,/A,0,0,0,0,0,0,0,0,USC,,,,,,,,,,,,,240501200,,,,GBX
UK Smaller Companies,Athelney,Ordinary Share,30/06/2018,GB0000609296,5843499,0,0,0,0,0,0,0,0,0,0,251,,141907,,,2157881,0,0,0,N/A,1,0,0,,,,Y,,N,100,5843499,5701592,264.22,,,,,270.8,,,,,264.22,,,,,270.8,,,,,2.49,1,0,82,15,1,0,0,1,1,0,2,15,40,7,22,13,0,0,0,0,0,0,0,0,0,0,0,0,/A,0,0,0,0,0,0,0,0,,,,,,,,,,,,,,5701592,,,,GBX
UK Smaller Companies,BlackRock Smaller Companies,Ordinary Share,30/06/2018,GB0006436108,859710514,74679158,78602500,74679158,78602500,0,0,0,0,0,74679158,1535,,7561804,,,47879792,0,0,2113731,No,1.94,10,7,0,0,15,,,N,100,785031356,777469552,1623.79,,,,1623.79,1639.59,,,,1639.59,1615.6,,,,1615.6,1631.39,,,,1631.39,1.97,1.94,0,93.98,1.5,1.01,0,0.31,1.26,1.94,0,0,24.55,22.96,0.66,49.89,0,0,0,0,0,0,0,0,0,0,0,0,0,,0,0,0,0,0,0,0,0,,,,,,,,,,,,,,852148710,,,,GBX
UK Smaller Companies,BlackRock Throgmorton Trust,Ordinary Share,30/06/2018,GB0008910555,574013806,125515826,125515826,125515826,125515826,77727191,43291844,0,0,0,125515826,560,,5747003,,,73130326,0,0,7400000,No,0.84,28,27,0,,,Y,Throgmorton gears through the use of CFDs and derivatives and therefore have not disclosed a gearing range. The trust disclose the extent and limits of CFD and derivative exposure as part of its investment policy in the report and accounts.,N,100,448497980,442750977,605.43,,,,605.43,613.29,,,,613.29,605.43,,,,605.43,613.29,,,,613.29,1.61,0.84,0,90.76,4.48,0,0,1.37,2.55,0.84,0,0,34.68,15.77,0,44.26,4.45,0,0,0,0,0,0,0,0,0,0,0,0,/,0,0,0,0,0,0,0,0,,,,,,,,,,,,,,568266803,,,,GBX
UK Smaller Companies,Downing Strategic Micro-Cap,Ordinary Share,30/06/2018,GB00BF0SCX52,49561508,0,0,0,0,0,0,0,0,0,0,91,,260811,,,55600002,0,0,0,N/A,14.54,0,0,,0,23,,,N,100,49561508,49300697,88.67,,,,,89.14,,,,,88.67,,,,,89.14,,,,,2.43,14.54,21.88,63.58,0,0,0,0,0,14.54,21.88,0,0,0,5.21,58.37,0,100,0,0,0,0,0,100,0,0,0,0,0,,0,0,0,0,0,0,0,0,,,,,,,,,,,,,,49300697,,,,GBX
UK Smaller Companies,Dunedin Smaller Companies,Ordinary Share,30/06/2018,GB00B1GCL258,160294496,0,0,0,0,0,0,0,0,0,0,302,,2490785,,,47857317,0,0,0,N/A,2.06,0,0,,0,20,,,N,100,160294496,157803711,329.74,,,,,334.94,,,,,329.74,,,,,334.94,,,,,2.35,2.06,0,97.94,0,0,0,0,0,2.06,0,0,56.35,19.7,0.48,21.41,0,100,0,0,0,0,0,100,0,0,0,0,0,,0,0,0,0,0,0,0,0,,,,,,,,,,,,,,157803711,,,,GBX
UK Smaller Companies,Gresham House Strategic,Ordinary Share,30/06/2018,GB00BYRH4982,42600000,0,0,0,0,0,0,0,0,0,0,990,,125000,,,3555330,0,62698,0,N/A,6,0,0,,,,Y,No long term liabilities.,N,100,42600000,42475000,1194.69,,,,,1198.2,,,,,1194.69,,,,,1198.2,,,,,,6,0,94,0,0,0,0,0,6,0,0,0,6,0,88,0,100,0,0,0,0,0,100,0,0,0,0,0,A,0,0,0,0,0,0,0,0,,,,,,,,,,,,,,42475000,,,,GBX
UK Smaller Companies,Henderson Smaller Companies,Ordinary Share,30/06/2018,GB0009065060,841340000,62916801,62916801,62916801,62916801,0,0,0,0,0,62916801,966,,13990000,,,74701796,0,0,0,N/A,-0.76,8,9,0,0,15,,,N,100,778423199,764433199,1023.31,,,,,1042.04,,,,,1023.31,,,,,1042.04,,,,,,-0.76,0,100.76,0,0,0,0,0,-0.76,0,2.64,57.78,15.76,0.16,24.42,0,0,0,0,0,0,0,0,0,0,0,0,0,/,0,0,0,0,0,0,0,0,,,,,,,,,,,,,,827350000,,,,GBX
UK Smaller Companies,Invesco Perpetual UK Smaller Companies,Ordinary Share,30/06/2018,GB00B1FL3C76,179039497,0,0,0,0,0,0,0,0,0,0,510,,1739314,,,32851929,0,0,20357155,No,-0.05,0,0,,0,30,,,N,100,179039497,177300183,539.69,,,,539.69,544.99,,,,544.99,539.69,,,,539.69,544.99,,,,544.99,2.16,-0.05,0,100.05,0,0,0,0,0,-0.05,0,0,43.68,23.91,0,26.73,0,0,0,0,0,0,0,0,0,0,0,0,0,,0,0,0,0,0,0,0,0,,,,,,,,,,,,,,177300183,"0.00% OF ADDITIONAL PORTFOLIO SPREAD RELATES TO OTHER STOCKS LISTED ON TECHMARK; 5.73% RELATES TO STOCK THAT ARE OUTSIDE OF THE FTSE SECTORS							 							 							 							",,,GBX
UK Smaller Companies,JPMorgan Smaller Companies,Ordinary Share,30/06/2018,GB0007416000,255619524,28764031,28764031,28764031,28764031,0,0,0,0,0,28764031,1195,,5109609,,,15938601,0,0,0,No,1.8,13,11,0,0,15,,,N,100,226855493,221745884,1391.25,,,,,1423.31,,,,,1391.25,,,,,1423.31,,,,,2.02,1.8,0,98.2,0,0,0,0,0,1.8,0,0,16.1,47.5,5.9,28.7,0,0,0,0,0,0,0,0,0,0,0,0,0,,0,0,0,0,0,0,0,0,,,,,,,,,,,,,,250509915,,,,GBX
UK Smaller Companies,Miton UK Microcap,Ordinary Share,30/06/2018,GB00BWFGQ085,109351989,0,0,0,0,0,0,0,0,0,0,67.8,,604690,,,152653822,0,0,0,N/A,2.97,0,0,,0,15,,,N,100,109351989,108747299,71.24,,,,,71.63,,,,,71.24,,,,,71.63,,,,,0.74,2.97,0,97.03,0,0,0,0,0,2.97,0,0,0,4.77,4.14,88.12,0,100,0,0,0,0,0,100,0,0,0,0,0,/A,0,0,0,0,0,0,0,0,,,,,,,,,,,,,,108747299,,,,GBX
UK Smaller Companies,Montanaro UK Smaller Companies,Ordinary Share,30/06/2018,GB0006007560,262187230,20000000,20000000,20000000,20000000,0,0,0,0,0,20000000,558,,1616294,,,33475958,0,0,0,Yes,2.49,8,6,0,,,Y,,N,100,242187230,240570936,718.64,,,,,723.47,,,,,718.64,,,,,723.47,,,,,,2.49,0,97.51,0,0,0,0,0,2.49,0,0,42.64,26.16,0,28.71,0,100,0,0,0,0,0,100,0,0,0,0,0,dp,0,0,0,0,0,0,0,0,,,,,,,,,,,,,,260570936,,,,GBX
UK Smaller Companies,Odyssean Investment Trust,Ordinary Share,30/06/2018,GB00BFFK7H57,86195287,0,0,0,0,0,0,0,0,0,0,105.5,,-223505,,,87557211,100000,0,0,N/A,81.5,0,0,,,,Y,,N,100,86195287,86418792,98.7,,,,,98.44,,,,,98.7,,,,,98.44,,,,,,81.5,0,0,18.5,0,0,0,0,81.5,0,0,12.65,1.9,0,3.95,0,100,0,0,0,0,0,100,0,0,0,0,0,,0,0,0,0,0,0,0,0,,,,,,,,,,,,,,86418792,,,"On 27 June 2018 the Company issued 100,000 shares at a price of 106 pence per share.",GBX
UK Smaller Companies,Rights & Issues,Ordinary Share,30/06/2018,GB0007392078,,,,,,,,,,,,,,,,,,,,,,,,,,,,,,,,,,,,,,,,,,,,,,,,,,,,,,,,,,,,,,,,,,,,,,,,,,,,,,,,,,,,,,,,,,,,,,,,,,,,,,,,,,,,,
UK Smaller Companies,River & Mercantile UK Micro Cap,Ordinary Share,30/06/2018,GG00BDG13K82,,,,,,,,,,,,,,,,,,,,,,,,,,,,,,,,,,,,,,,,,,,,,,,,,,,,,,,,,,,,,,,,,,,,,,,,,,,,,,,,,,,,,,,,,,,,,,,,,,,,,,,,,,,,,
UK Smaller Companies,Standard Life UK Smaller Companies,Ordinary Share,30/06/2018,GB0002959582,433342830,25000000,26466777,25000000,26466777,0,0,0,0,0,25000000,500,,4039439,,,73837630,0,0,2447950,Yes,2.12,6,4,0,0,25,,,N,100,408342830,404303391,547.56,,,,546.03,553.03,,,,551.33,545.57,,,,544.11,551.04,,,,549.4,,2.12,0,97.88,0,0,0,0,0,2.12,0,0,30.05,17.78,0,43.32,0,0,0,0,0,0,0,0,0,0,0,0,0,/,0,0,0,0,0,0,0,0,,,,,,,,,,,,,,429303391,The fund also contains a 2.78% holding in the FTSE 350 as well as 3.95% holdings with no main FTSE index.,,,GBX
UK Smaller Companies,Strategic Equity Capital,Ordinary Share,30/06/2018,GB00B0BDCB21,174281094,0,0,0,0,0,0,0,0,0,0,220,,1121673,,,66990660,0,240000,2868231,No,7.59,0,0,,,,Y,,N,100,174281094,173159421,258.48,,,,258.48,260.16,,,,260.16,258.48,,,,258.48,260.16,,,,260.16,1.8,7.59,0,91.92,0.49,0,0,0,0,7.59,0,0,0,29.26,0,41.88,0.49,100,0,0,0,0,0,0,0,0,0,0,0,,0,0,0,0,0,0,0,0,,,,,,,,,,,,,,173159421,"Additional portfolio spread: Financial 7.75%, Property 4.53%, and Media 8.50%.",,"In June the Company bought back 240,000 shares to be held in Treasury at a cost of £0.5 million.",GBX
Category,Name,Type,Date,ISIN,Total Assets incl CYR,PC Total Par,PC Total Fair,PC Debt Par,PC Debt Fair,TotLongCashOffset,TotShortCashOffset,PC Equity,Convertibles Par,Convertibles Fair,PC Gearing,MonthEnd Price,Price for TS dilution,CurrYrRev(CYR),Rev Res (splits only),Rev Allocation % (splits only),Number,Issued,Purch,Treasury,below NAV,Cash/CashEquiv,GrossGearing,NetGearing,NetCash,From,To,NoRange,GearingNote,Loss,CYR allocation %,SHF per share inc CYR,SHF per share exc CYR,PCNCWNE,   PCNCWE,   PCCWNE,   PCCWE,   PCCWETS,PCNCWNEcum,PCNCWEcum,PCCWNEcum,PCCWEcum,PCCWETScum,FCNCWNE,   FCNCWE,   FCCWNE,   FCCWE,   FCCWETS,FCNCWNEcum,FCNCWEcum,FCCWNEcum,FCCWEcum,FCCWETScum,PFY,Cash/Cash Equiv.,Fixed Interest,UK ,Cont. Europe,North America,Japan ,Other Pacific,Other ,Cash/Cash Equiv.,Fixed Interest,UK Listed,UK Unlisted,Cont. Eur Listed,Cont. Eur Unlisted,US Listed,US Unlisted,UK ,Cont. Europe,North America,Japan ,Other Pacific,Other ,UK ,Cont. Europe,North America,Japan ,Other Pacific,Other ,Flags,,,,,,,,,Cat 2,Name,in issue,NAV Par,NAV Fair,Gross Gearing,Net Gearing,Name,in issue,NAV Par,NAV Fair,Gross Gearing,Net Gearing,Total Assets ex CYR,FootNote,Note,Note,
VCT AIM Quoted,Amati AIM VCT,Ordinary Share,30/06/2018,GB00B641BB82,142658439,0,0,0,0,0,0,0,0,0,0,165.5,,-151410,,,80422009,0,135930,0,N/A,6.16,0,0,,,,Y,,N,100,142658439,142809849,177.58,,,,,177.39,,,,,177.58,,,,,177.39,,,,,,6.16,0,93.84,0,0,0,0,0,6.16,0,93.5,0.34,0,0,0,0,100,0,0,0,0,0,100,0,0,0,0,0,d,0,0,0,0,0,0,0,0,,,,,,,,,,,,,,142809849,,,"On 13/06/18 the Company bought back 102000 shares at a price of 168.5p per share.
On 22/06/18 the Company bought back 33930 shares at a price of 169.5p per share.",GBX
VCT AIM Quoted,Artemis VCT,Ordinary Share,30/06/2018,GB00B02WQ947,36399177,0,0,0,0,0,0,0,0,0,0,70,,-5391432,,,53150516,0,0,0,No,15.28,0,0,,,,Y,No gearing currently undertaken by Artemis VCT.,N,100,36399177,41790609,78.63,,,,,68.48,,,,,78.63,,,,,68.48,,,,,0.9,15.28,0,84.72,0,0,0,0,0,15.28,0,84.72,0,0,0,0,0,0,0,0,0,0,0,0,0,0,0,0,0,,0,0,0,0,0,0,0,0,,,,,,,,,,,,,,41790609,,,,GBX
VCT AIM Quoted,Hargreave Hale AIM VCT 1,Ordinary Share,30/06/2018,GB00B02WHS05,150802061,0,0,0,0,0,0,0,0,0,0,82.5,,526385,,,174851743,4244541,171000,0,No,18,0,0,,,,Y,,N,100,150802061,150275676,85.94,,,,,86.25,,,,,85.94,,,,,86.25,,,,,,18,0,82,0,0,0,0,0,18,0,74,8,0,0,0,0,0,0,0,0,0,0,0,0,0,0,0,0,,0,0,0,0,0,0,0,0,,,,,,,,,,,,,,150275676,,,,GBX
VCT AIM Quoted,Octopus AIM VCT,Ordinary Share,30/06/2018,GB0034202076,,,,,,,,,,,,,,,,,,,,,,,,,,,,,,,,,,,,,,,,,,,,,,,,,,,,,,,,,,,,,,,,,,,,,,,,,,,,,,,,,,,,,,,,,,,,,,,,,,,,,,,,,,,,,
VCT AIM Quoted,Octopus AIM VCT 2,Ordinary Share,30/06/2018,GB00B0JQZZ80,,,,,,,,,,,,,,,,,,,,,,,,,,,,,,,,,,,,,,,,,,,,,,,,,,,,,,,,,,,,,,,,,,,,,,,,,,,,,,,,,,,,,,,,,,,,,,,,,,,,,,,,,,,,,
VCT AIM Quoted,Unicorn AIM VCT,Ordinary Share,30/06/2018,GB00B1RTFN43,195197790,0,0,0,0,0,0,0,0,0,0,145,,1110590,,,117833174,0,171000,0,N/A,3.63,0,0,,,,Y,,N,100,195197790,194087200,164.71,,,,,165.66,,,,,164.71,,,,,165.66,,,,,,3.63,0.37,96,0,0,0,0,0,3.63,0.37,92.12,3.88,0,0,0,0,100,0,0,0,0,0,100,0,0,0,0,0,,0,0,0,0,0,0,0,0,,,,,,,,,,,,,,194087200,,,"13/06/18 171,000 shares bought back for cancellation at a total cost of £0.249m.",GBX
Category,Name,Type,Date,ISIN,Total Assets incl CYR,PC Total Par,PC Total Fair,PC Debt Par,PC Debt Fair,TotLongCashOffset,TotShortCashOffset,PC Equity,Convertibles Par,Convertibles Fair,PC Gearing,MonthEnd Price,Price for TS dilution,CurrYrRev(CYR),Rev Res (splits only),Rev Allocation % (splits only),Number,Issued,Purch,Treasury,below NAV,Cash/CashEquiv,GrossGearing,NetGearing,NetCash,From,To,NoRange,GearingNote,Loss,CYR allocation %,SHF per share inc CYR,SHF per share exc CYR,PCNCWNE,   PCNCWE,   PCCWNE,   PCCWE,   PCCWETS,PCNCWNEcum,PCNCWEcum,PCCWNEcum,PCCWEcum,PCCWETScum,FCNCWNE,   FCNCWE,   FCCWNE,   FCCWE,   FCCWETS,FCNCWNEcum,FCNCWEcum,FCCWNEcum,FCCWEcum,FCCWETScum,PFY,Cash/Cash Equiv.,Fixed Interest,UK ,Cont. Europe,North America,Japan ,Other Pacific,Other ,Cash/Cash Equiv.,Fixed Interest,UK Listed,UK Unlisted,Cont. Eur Listed,Cont. Eur Unlisted,US Listed,US Unlisted,UK ,Cont. Europe,North America,Japan ,Other Pacific,Other ,UK ,Cont. Europe,North America,Japan ,Other Pacific,Other ,Flags,,,,,,,,,Cat 2,Name,in issue,NAV Par,NAV Fair,Gross Gearing,Net Gearing,Name,in issue,NAV Par,NAV Fair,Gross Gearing,Net Gearing,Total Assets ex CYR,FootNote,Note,Note,
VCT Generalist,Albion Development VCT,Ordinary Share,30/06/2018,GB0004832472,,,,,,,,,,,,,,,,,,,,,,,,,,,,,,,,,,,,,,,,,,,,,,,,,,,,,,,,,,,,,,,,,,,,,,,,,,,,,,,,,,,,,,,,,,,,,,,,,,,,,,,,,,,,,
VCT Generalist,Albion Enterprise VCT,Ordinary Share,30/06/2018,GB00B1G3LR35,,,,,,,,,,,,,,,,,,,,,,,,,,,,,,,,,,,,,,,,,,,,,,,,,,,,,,,,,,,,,,,,,,,,,,,,,,,,,,,,,,,,,,,,,,,,,,,,,,,,,,,,,,,,,
VCT Generalist,Albion Technology & General VCT,Ordinary Share,30/06/2018,GB0005581672,,,,,,,,,,,,,,,,,,,,,,,,,,,,,,,,,,,,,,,,,,,,,,,,,,,,,,,,,,,,,,,,,,,,,,,,,,,,,,,,,,,,,,,,,,,,,,,,,,,,,,,,,,,,,
VCT Generalist,Albion VCT,Ordinary Share,30/06/2018,GB0002039625,,,,,,,,,,,,,,,,,,,,,,,,,,,,,,,,,,,,,,,,,,,,,,,,,,,,,,,,,,,,,,,,,,,,,,,,,,,,,,,,,,,,,,,,,,,,,,,,,,,,,,,,,,,,,
VCT Generalist,Baronsmead Second Venture Trust,Ordinary Share,30/06/2018,GB0030028103,,,,,,,,,,,,,,,,,,,,,,,,,,,,,,,,,,,,,,,,,,,,,,,,,,,,,,,,,,,,,,,,,,,,,,,,,,,,,,,,,,,,,,,,,,,,,,,,,,,,,,,,,,,,,
VCT Generalist,Baronsmead Venture Trust,Ordinary Share,30/06/2018,GB0002631934,,,,,,,,,,,,,,,,,,,,,,,,,,,,,,,,,,,,,,,,,,,,,,,,,,,,,,,,,,,,,,,,,,,,,,,,,,,,,,,,,,,,,,,,,,,,,,,,,,,,,,,,,,,,,
VCT Generalist,British Smaller Companies VCT,Ordinary Share,30/06/2018,GB0001403152,,,,,,,,,,,,,,,,,,,,,,,,,,,,,,,,,,,,,,,,,,,,,,,,,,,,,,,,,,,,,,,,,,,,,,,,,,,,,,,,,,,,,,,,,,,,,,,,,,,,,,,,,,,,,
VCT Generalist,British Smaller Companies VCT 2,Ordinary Share,30/06/2018,GB0005001796,,,,,,,,,,,,,,,,,,,,,,,,,,,,,,,,,,,,,,,,,,,,,,,,,,,,,,,,,,,,,,,,,,,,,,,,,,,,,,,,,,,,,,,,,,,,,,,,,,,,,,,,,,,,,
VCT Generalist,Chrysalis VCT,Ordinary Share,30/06/2018,GB0030348683,,,,,,,,,,,,,,,,,,,,,,,,,,,,,,,,,,,,,,,,,,,,,,,,,,,,,,,,,,,,,,,,,,,,,,,,,,,,,,,,,,,,,,,,,,,,,,,,,,,,,,,,,,,,,
VCT Generalist,Crown Place VCT,Ordinary Share,30/06/2018,GB0002577434,,,,,,,,,,,,,,,,,,,,,,,,,,,,,,,,,,,,,,,,,,,,,,,,,,,,,,,,,,,,,,,,,,,,,,,,,,,,,,,,,,,,,,,,,,,,,,,,,,,,,,,,,,,,,
VCT Generalist,Downing FOUR VCT D shares,Ordinary Share,30/06/2018,GB00B6QPQ463,,,,,,,,,,,,,,,,,,,,,,,,,,,,,,,,,,,,,,,,,,,,,,,,,,,,,,,,,,,,,,,,,,,,,,,,,,,,,,,,,,,,,,,,,,,,,,,,,,,,,,,,,,,,,
VCT Generalist,Downing FOUR VCT DP67 shares,Ordinary Share,30/06/2018,GB00BWX53D91,,,,,,,,,,,,,,,,,,,,,,,,,,,,,,,,,,,,,,,,,,,,,,,,,,,,,,,,,,,,,,,,,,,,,,,,,,,,,,,,,,,,,,,,,,,,,,,,,,,,,,,,,,,,,
VCT Generalist,Downing ONE VCT,Ordinary Share,30/06/2018,GB00BFRSVQ41,,,,,,,,,,,,,,,,,,,,,,,,,,,,,,,,,,,,,,,,,,,,,,,,,,,,,,,,,,,,,,,,,,,,,,,,,,,,,,,,,,,,,,,,,,,,,,,,,,,,,,,,,,,,,
VCT Generalist,Downing THREE VCT F shares,Ordinary Share,30/06/2018,GB00B6ZS1P26,,,,,,,,,,,,,,,,,,,,,,,,,,,,,,,,,,,,,,,,,,,,,,,,,,,,,,,,,,,,,,,,,,,,,,,,,,,,,,,,,,,,,,,,,,,,,,,,,,,,,,,,,,,,,
VCT Generalist,Downing THREE VCT H shares,Ordinary Share,30/06/2018,GB00BH7Y7B35,,,,,,,,,,,,,,,,,,,,,,,,,,,,,,,,,,,,,,,,,,,,,,,,,,,,,,,,,,,,,,,,,,,,,,,,,,,,,,,,,,,,,,,,,,,,,,,,,,,,,,,,,,,,,
VCT Generalist,Downing THREE VCT J shares,Ordinary Share,30/06/2018,GB00BSTK6426,,,,,,,,,,,,,,,,,,,,,,,,,,,,,,,,,,,,,,,,,,,,,,,,,,,,,,,,,,,,,,,,,,,,,,,,,,,,,,,,,,,,,,,,,,,,,,,,,,,,,,,,,,,,,
VCT Generalist,Downing TWO VCT F shares,Ordinary Share,30/06/2018,GB00B6ZS0J90,,,,,,,,,,,,,,,,,,,,,,,,,,,,,,,,,,,,,,,,,,,,,,,,,,,,,,,,,,,,,,,,,,,,,,,,,,,,,,,,,,,,,,,,,,,,,,,,,,,,,,,,,,,,,
VCT Generalist,Downing TWO VCT G shares,Ordinary Share,30/06/2018,GB00B8Y7CS47,,,,,,,,,,,,,,,,,,,,,,,,,,,,,,,,,,,,,,,,,,,,,,,,,,,,,,,,,,,,,,,,,,,,,,,,,,,,,,,,,,,,,,,,,,,,,,,,,,,,,,,,,,,,,
VCT Generalist,Elderstreet Draper Esprit VCT,Ordinary Share,30/06/2018,GB0002867140,,,,,,,,,,,,,,,,,,,,,,,,,,,,,,,,,,,,,,,,,,,,,,,,,,,,,,,,,,,,,,,,,,,,,,,,,,,,,,,,,,,,,,,,,,,,,,,,,,,,,,,,,,,,,
VCT Generalist,Foresight 4 VCT,Ordinary Share,30/06/2018,GB00B07YBS95,,,,,,,,,,,,,,,,,,,,,,,,,,,,,,,,,,,,,,,,,,,,,,,,,,,,,,,,,,,,,,,,,,,,,,,,,,,,,,,,,,,,,,,,,,,,,,,,,,,,,,,,,,,,,
VCT Generalist,Foresight VCT,Ordinary Share,30/06/2018,GB00B68K3716,,,,,,,,,,,,,,,,,,,,,,,,,,,,,,,,,,,,,,,,,,,,,,,,,,,,,,,,,,,,,,,,,,,,,,,,,,,,,,,,,,,,,,,,,,,,,,,,,,,,,,,,,,,,,
VCT Generalist,Kings Arms Yard VCT,Ordinary Share,30/06/2018,GB0007174294,,,,,,,,,,,,,,,,,,,,,,,,,,,,,,,,,,,,,,,,,,,,,,,,,,,,,,,,,,,,,,,,,,,,,,,,,,,,,,,,,,,,,,,,,,,,,,,,,,,,,,,,,,,,,
VCT Generalist,Maven Income and Growth VCT,Ordinary Share,30/06/2018,GB0004122858,,,,,,,,,,,,,,,,,,,,,,,,,,,,,,,,,,,,,,,,,,,,,,,,,,,,,,,,,,,,,,,,,,,,,,,,,,,,,,,,,,,,,,,,,,,,,,,,,,,,,,,,,,,,,
VCT Generalist,Maven Income and Growth VCT 3,Ordinary Share,30/06/2018,GB0031153769,,,,,,,,,,,,,,,,,,,,,,,,,,,,,,,,,,,,,,,,,,,,,,,,,,,,,,,,,,,,,,,,,,,,,,,,,,,,,,,,,,,,,,,,,,,,,,,,,,,,,,,,,,,,,
VCT Generalist,Maven Income and Growth VCT 5,Ordinary Share,30/06/2018,GB0002057536,,,,,,,,,,,,,,,,,,,,,,,,,,,,,,,,,,,,,,,,,,,,,,,,,,,,,,,,,,,,,,,,,,,,,,,,,,,,,,,,,,,,,,,,,,,,,,,,,,,,,,,,,,,,,
VCT Generalist,Mobeus Income & Growth 2 VCT,Ordinary Share,30/06/2018,GB00B0LKLZ05,,,,,,,,,,,,,,,,,,,,,,,,,,,,,,,,,,,,,,,,,,,,,,,,,,,,,,,,,,,,,,,,,,,,,,,,,,,,,,,,,,,,,,,,,,,,,,,,,,,,,,,,,,,,,
VCT Generalist,Mobeus Income & Growth 4 VCT,Ordinary Share,30/06/2018,GB00B1FMDH51,,,,,,,,,,,,,,,,,,,,,,,,,,,,,,,,,,,,,,,,,,,,,,,,,,,,,,,,,,,,,,,,,,,,,,,,,,,,,,,,,,,,,,,,,,,,,,,,,,,,,,,,,,,,,
VCT Generalist,Mobeus Income & Growth VCT,Ordinary Share,30/06/2018,GB00B01WL239,,,,,,,,,,,,,,,,,,,,,,,,,,,,,,,,,,,,,,,,,,,,,,,,,,,,,,,,,,,,,,,,,,,,,,,,,,,,,,,,,,,,,,,,,,,,,,,,,,,,,,,,,,,,,
VCT Generalist,Northern 2 VCT,Ordinary Share,30/06/2018,GB0005356430,,,,,,,,,,,,,,,,,,,,,,,,,,,,,,,,,,,,,,,,,,,,,,,,,,,,,,,,,,,,,,,,,,,,,,,,,,,,,,,,,,,,,,,,,,,,,,,,,,,,,,,,,,,,,
VCT Generalist,Northern 3 VCT,Ordinary Share,30/06/2018,GB0031152027,,,,,,,,,,,,,,,,,,,,,,,,,,,,,,,,,,,,,,,,,,,,,,,,,,,,,,,,,,,,,,,,,,,,,,,,,,,,,,,,,,,,,,,,,,,,,,,,,,,,,,,,,,,,,
VCT Generalist,Northern Venture Trust,Ordinary Share,30/06/2018,GB0006450703,,,,,,,,,,,,,,,,,,,,,,,,,,,,,,,,,,,,,,,,,,,,,,,,,,,,,,,,,,,,,,,,,,,,,,,,,,,,,,,,,,,,,,,,,,,,,,,,,,,,,,,,,,,,,
VCT Generalist,Octopus Apollo VCT,Ordinary Share,30/06/2018,GB00B17B3479,,,,,,,,,,,,,,,,,,,,,,,,,,,,,,,,,,,,,,,,,,,,,,,,,,,,,,,,,,,,,,,,,,,,,,,,,,,,,,,,,,,,,,,,,,,,,,,,,,,,,,,,,,,,,
VCT Generalist,Octopus Titan VCT,Ordinary Share,30/06/2018,GB00B28V9347,,,,,,,,,,,,,,,,,,,,,,,,,,,,,,,,,,,,,,,,,,,,,,,,,,,,,,,,,,,,,,,,,,,,,,,,,,,,,,,,,,,,,,,,,,,,,,,,,,,,,,,,,,,,,
VCT Generalist,ProVen Growth and Income VCT,Ordinary Share,30/06/2018,GB00B5B7YS03,,,,,,,,,,,,,,,,,,,,,,,,,,,,,,,,,,,,,,,,,,,,,,,,,,,,,,,,,,,,,,,,,,,,,,,,,,,,,,,,,,,,,,,,,,,,,,,,,,,,,,,,,,,,,
VCT Generalist,ProVen VCT,Ordinary Share,30/06/2018,GB00B8GH9P84,,,,,,,,,,,,,,,,,,,,,,,,,,,,,,,,,,,,,,,,,,,,,,,,,,,,,,,,,,,,,,,,,,,,,,,,,,,,,,,,,,,,,,,,,,,,,,,,,,,,,,,,,,,,,
VCT Generalist,Puma VCT 10,Ordinary Share,30/06/2018,GB00BFG3QX28,,,,,,,,,,,,,,,,,,,,,,,,,,,,,,,,,,,,,,,,,,,,,,,,,,,,,,,,,,,,,,,,,,,,,,,,,,,,,,,,,,,,,,,,,,,,,,,,,,,,,,,,,,,,,
VCT Generalist,Puma VCT 11,Ordinary Share,30/06/2018,GB00BQVBS545,,,,,,,,,,,,,,,,,,,,,,,,,,,,,,,,,,,,,,,,,,,,,,,,,,,,,,,,,,,,,,,,,,,,,,,,,,,,,,,,,,,,,,,,,,,,,,,,,,,,,,,,,,,,,
VCT Generalist,Puma VCT 9,Ordinary Share,30/06/2018,GB00B73D8H78,,,,,,,,,,,,,,,,,,,,,,,,,,,,,,,,,,,,,,,,,,,,,,,,,,,,,,,,,,,,,,,,,,,,,,,,,,,,,,,,,,,,,,,,,,,,,,,,,,,,,,,,,,,,,
VCT Generalist,The Income & Growth VCT,Ordinary Share,30/06/2018,GB00B29BN198,,,,,,,,,,,,,,,,,,,,,,,,,,,,,,,,,,,,,,,,,,,,,,,,,,,,,,,,,,,,,,,,,,,,,,,,,,,,,,,,,,,,,,,,,,,,,,,,,,,,,,,,,,,,,
VCT Generalist,Triple Point Income VCT,Ordinary Share,30/06/2018,GB00B29KPN29,,,,,,,,,,,,,,,,,,,,,,,,,,,,,,,,,,,,,,,,,,,,,,,,,,,,,,,,,,,,,,,,,,,,,,,,,,,,,,,,,,,,,,,,,,,,,,,,,,,,,,,,,,,,,
VCT Generalist,Triple Point Income VCT C shares,Ordinary Share,30/06/2018,GB00BGSH2G43,,,,,,,,,,,,,,,,,,,,,,,,,,,,,,,,,,,,,,,,,,,,,,,,,,,,,,,,,,,,,,,,,,,,,,,,,,,,,,,,,,,,,,,,,,,,,,,,,,,,,,,,,,,,,
VCT Generalist,Triple Point Income VCT D shares,Ordinary Share,30/06/2018,GB00BNCBFH30,,,,,,,,,,,,,,,,,,,,,,,,,,,,,,,,,,,,,,,,,,,,,,,,,,,,,,,,,,,,,,,,,,,,,,,,,,,,,,,,,,,,,,,,,,,,,,,,,,,,,,,,,,,,,
VCT Generalist,Triple Point VCT 2011 A shares,Ordinary Share,30/06/2018,GB00BNCBFM82,,,,,,,,,,,,,,,,,,,,,,,,,,,,,,,,,,,,,,,,,,,,,,,,,,,,,,,,,,,,,,,,,,,,,,,,,,,,,,,,,,,,,,,,,,,,,,,,,,,,,,,,,,,,,
Category,Name,Type,Date,ISIN,Total Assets incl CYR,PC Total Par,PC Total Fair,PC Debt Par,PC Debt Fair,TotLongCashOffset,TotShortCashOffset,PC Equity,Convertibles Par,Convertibles Fair,PC Gearing,MonthEnd Price,Price for TS dilution,CurrYrRev(CYR),Rev Res (splits only),Rev Allocation % (splits only),Number,Issued,Purch,Treasury,below NAV,Cash/CashEquiv,GrossGearing,NetGearing,NetCash,From,To,NoRange,GearingNote,Loss,CYR allocation %,SHF per share inc CYR,SHF per share exc CYR,PCNCWNE,   PCNCWE,   PCCWNE,   PCCWE,   PCCWETS,PCNCWNEcum,PCNCWEcum,PCCWNEcum,PCCWEcum,PCCWETScum,FCNCWNE,   FCNCWE,   FCCWNE,   FCCWE,   FCCWETS,FCNCWNEcum,FCNCWEcum,FCCWNEcum,FCCWEcum,FCCWETScum,PFY,Cash/Cash Equiv.,Fixed Interest,UK ,Cont. Europe,North America,Japan ,Other Pacific,Other ,Cash/Cash Equiv.,Fixed Interest,UK Listed,UK Unlisted,Cont. Eur Listed,Cont. Eur Unlisted,US Listed,US Unlisted,UK ,Cont. Europe,North America,Japan ,Other Pacific,Other ,UK ,Cont. Europe,North America,Japan ,Other Pacific,Other ,Flags,,,,,,,,,Cat 2,Name,in issue,NAV Par,NAV Fair,Gross Gearing,Net Gearing,Name,in issue,NAV Par,NAV Fair,Gross Gearing,Net Gearing,Total Assets ex CYR,FootNote,Note,Note,
VCT Generalist Pre Qualifying,Calculus VCT,Ordinary Share,30/06/2018,GB00BYQPF348,,,,,,,,,,,,,,,,,,,,,,,,,,,,,,,,,,,,,,,,,,,,,,,,,,,,,,,,,,,,,,,,,,,,,,,,,,,,,,,,,,,,,,,,,,,,,,,,,,,,,,,,,,,,,
VCT Generalist Pre Qualifying,Downing FOUR VCT Generalist shares,Ordinary Share,30/06/2018,GB00BDHF5B49,,,,,,,,,,,,,,,,,,,,,,,,,,,,,,,,,,,,,,,,,,,,,,,,,,,,,,,,,,,,,,,,,,,,,,,,,,,,,,,,,,,,,,,,,,,,,,,,,,,,,,,,,,,,,
VCT Generalist Pre Qualifying,Downing TWO VCT K shares,Ordinary Share,30/06/2018,GB00BZ6CSD33,,,,,,,,,,,,,,,,,,,,,,,,,,,,,,,,,,,,,,,,,,,,,,,,,,,,,,,,,,,,,,,,,,,,,,,,,,,,,,,,,,,,,,,,,,,,,,,,,,,,,,,,,,,,,
VCT Generalist Pre Qualifying,Puma VCT 12,Ordinary Share,30/06/2018,GB00BYSJJR68,,,,,,,,,,,,,,,,,,,,,,,,,,,,,,,,,,,,,,,,,,,,,,,,,,,,,,,,,,,,,,,,,,,,,,,,,,,,,,,,,,,,,,,,,,,,,,,,,,,,,,,,,,,,,
VCT Generalist Pre Qualifying,Triple Point Income VCT E shares,Ordinary Share,30/06/2018,GB00BD89H869,,,,,,,,,,,,,,,,,,,,,,,,,,,,,,,,,,,,,,,,,,,,,,,,,,,,,,,,,,,,,,,,,,,,,,,,,,,,,,,,,,,,,,,,,,,,,,,,,,,,,,,,,,,,,
VCT Generalist Pre Qualifying,Triple Point VCT 2011 B shares,Ordinary Share,30/06/2018,GB00BYSQV489,,,,,,,,,,,,,,,,,,,,,,,,,,,,,,,,,,,,,,,,,,,,,,,,,,,,,,,,,,,,,,,,,,,,,,,,,,,,,,,,,,,,,,,,,,,,,,,,,,,,,,,,,,,,,
Category,Name,Type,Date,ISIN,Total Assets incl CYR,PC Total Par,PC Total Fair,PC Debt Par,PC Debt Fair,TotLongCashOffset,TotShortCashOffset,PC Equity,Convertibles Par,Convertibles Fair,PC Gearing,MonthEnd Price,Price for TS dilution,CurrYrRev(CYR),Rev Res (splits only),Rev Allocation % (splits only),Number,Issued,Purch,Treasury,below NAV,Cash/CashEquiv,GrossGearing,NetGearing,NetCash,From,To,NoRange,GearingNote,Loss,CYR allocation %,SHF per share inc CYR,SHF per share exc CYR,PCNCWNE,   PCNCWE,   PCCWNE,   PCCWE,   PCCWETS,PCNCWNEcum,PCNCWEcum,PCCWNEcum,PCCWEcum,PCCWETScum,FCNCWNE,   FCNCWE,   FCCWNE,   FCCWE,   FCCWETS,FCNCWNEcum,FCNCWEcum,FCCWNEcum,FCCWEcum,FCCWETScum,PFY,Cash/Cash Equiv.,Fixed Interest,UK ,Cont. Europe,North America,Japan ,Other Pacific,Other ,Cash/Cash Equiv.,Fixed Interest,UK Listed,UK Unlisted,Cont. Eur Listed,Cont. Eur Unlisted,US Listed,US Unlisted,UK ,Cont. Europe,North America,Japan ,Other Pacific,Other ,UK ,Cont. Europe,North America,Japan ,Other Pacific,Other ,Flags,,,,,,,,,Cat 2,Name,in issue,NAV Par,NAV Fair,Gross Gearing,Net Gearing,Name,in issue,NAV Par,NAV Fair,Gross Gearing,Net Gearing,Total Assets ex CYR,FootNote,Note,Note,
VCT Specialist: Environmental,Hazel Renewable Energy VCT 1,Ordinary Share,30/06/2018,GB00B4M2G812,,,,,,,,,,,,,,,,,,,,,,,,,,,,,,,,,,,,,,,,,,,,,,,,,,,,,,,,,,,,,,,,,,,,,,,,,,,,,,,,,,,,,,,,,,,,,,,,,,,,,,,,,,,,,
VCT Specialist: Environmental,Hazel Renewable Energy VCT 2,Ordinary Share,30/06/2018,GB00B43GVJ82,,,,,,,,,,,,,,,,,,,,,,,,,,,,,,,,,,,,,,,,,,,,,,,,,,,,,,,,,,,,,,,,,,,,,,,,,,,,,,,,,,,,,,,,,,,,,,,,,,,,,,,,,,,,,
VCT Specialist: Environmental,Ventus 2 VCT,Ordinary Share,30/06/2018,GB00B0WCHT14,,,,,,,,,,,,,,,,,,,,,,,,,,,,,,,,,,,,,,,,,,,,,,,,,,,,,,,,,,,,,,,,,,,,,,,,,,,,,,,,,,,,,,,,,,,,,,,,,,,,,,,,,,,,,
VCT Specialist: Environmental,Ventus 2 VCT C shares,Ordinary Share,30/06/2018,GB00B3KVC529,,,,,,,,,,,,,,,,,,,,,,,,,,,,,,,,,,,,,,,,,,,,,,,,,,,,,,,,,,,,,,,,,,,,,,,,,,,,,,,,,,,,,,,,,,,,,,,,,,,,,,,,,,,,,
VCT Specialist: Environmental,Ventus 2 VCT D shares,Ordinary Share,30/06/2018,GB00BFXW7841,,,,,,,,,,,,,,,,,,,,,,,,,,,,,,,,,,,,,,,,,,,,,,,,,,,,,,,,,,,,,,,,,,,,,,,,,,,,,,,,,,,,,,,,,,,,,,,,,,,,,,,,,,,,,
VCT Specialist: Environmental,Ventus VCT,Ordinary Share,30/06/2018,GB00B03KMY45,,,,,,,,,,,,,,,,,,,,,,,,,,,,,,,,,,,,,,,,,,,,,,,,,,,,,,,,,,,,,,,,,,,,,,,,,,,,,,,,,,,,,,,,,,,,,,,,,,,,,,,,,,,,,
VCT Specialist: Environmental,Ventus VCT C shares,Ordinary Share,30/06/2018,GB00B3KVC412,,,,,,,,,,,,,,,,,,,,,,,,,,,,,,,,,,,,,,,,,,,,,,,,,,,,,,,,,,,,,,,,,,,,,,,,,,,,,,,,,,,,,,,,,,,,,,,,,,,,,,,,,,,,,
VCT Specialist: Environmental,Ventus VCT D shares,Ordinary Share,30/06/2018,GB00BFXW7734,,,,,,,,,,,,,,,,,,,,,,,,,,,,,,,,,,,,,,,,,,,,,,,,,,,,,,,,,,,,,,,,,,,,,,,,,,,,,,,,,,,,,,,,,,,,,,,,,,,,,,,,,,,,,
Category,Name,Type,Date,ISIN,Total Assets incl CYR,PC Total Par,PC Total Fair,PC Debt Par,PC Debt Fair,TotLongCashOffset,TotShortCashOffset,PC Equity,Convertibles Par,Convertibles Fair,PC Gearing,MonthEnd Price,Price for TS dilution,CurrYrRev(CYR),Rev Res (splits only),Rev Allocation % (splits only),Number,Issued,Purch,Treasury,below NAV,Cash/CashEquiv,GrossGearing,NetGearing,NetCash,From,To,NoRange,GearingNote,Loss,CYR allocation %,SHF per share inc CYR,SHF per share exc CYR,PCNCWNE,   PCNCWE,   PCCWNE,   PCCWE,   PCCWETS,PCNCWNEcum,PCNCWEcum,PCCWNEcum,PCCWEcum,PCCWETScum,FCNCWNE,   FCNCWE,   FCCWNE,   FCCWE,   FCCWETS,FCNCWNEcum,FCNCWEcum,FCCWNEcum,FCCWEcum,FCCWETScum,PFY,Cash/Cash Equiv.,Fixed Interest,UK ,Cont. Europe,North America,Japan ,Other Pacific,Other ,Cash/Cash Equiv.,Fixed Interest,UK Listed,UK Unlisted,Cont. Eur Listed,Cont. Eur Unlisted,US Listed,US Unlisted,UK ,Cont. Europe,North America,Japan ,Other Pacific,Other ,UK ,Cont. Europe,North America,Japan ,Other Pacific,Other ,Flags,,,,,,,,,Cat 2,Name,in issue,NAV Par,NAV Fair,Gross Gearing,Net Gearing,Name,in issue,NAV Par,NAV Fair,Gross Gearing,Net Gearing,Total Assets ex CYR,FootNote,Note,Note,
VCT Specialist: Healthcare & Biotechnology Pre Qualifying,Downing FOUR VCT Healthcare shares,Ordinary Share,30/06/2018,GB00BDHF5D62,,,,,,,,,,,,,,,,,,,,,,,,,,,,,,,,,,,,,,,,,,,,,,,,,,,,,,,,,,,,,,,,,,,,,,,,,,,,,,,,,,,,,,,,,,,,,,,,,,,,,,,,,,,,,
Category,Name,Type,Date,ISIN,Total Assets incl CYR,PC Total Par,PC Total Fair,PC Debt Par,PC Debt Fair,TotLongCashOffset,TotShortCashOffset,PC Equity,Convertibles Par,Convertibles Fair,PC Gearing,MonthEnd Price,Price for TS dilution,CurrYrRev(CYR),Rev Res (splits only),Rev Allocation % (splits only),Number,Issued,Purch,Treasury,below NAV,Cash/CashEquiv,GrossGearing,NetGearing,NetCash,From,To,NoRange,GearingNote,Loss,CYR allocation %,SHF per share inc CYR,SHF per share exc CYR,PCNCWNE,   PCNCWE,   PCCWNE,   PCCWE,   PCCWETS,PCNCWNEcum,PCNCWEcum,PCCWNEcum,PCCWEcum,PCCWETScum,FCNCWNE,   FCNCWE,   FCCWNE,   FCCWE,   FCCWETS,FCNCWNEcum,FCNCWEcum,FCCWNEcum,FCCWEcum,FCCWETScum,PFY,Cash/Cash Equiv.,Fixed Interest,UK ,Cont. Europe,North America,Japan ,Other Pacific,Other ,Cash/Cash Equiv.,Fixed Interest,UK Listed,UK Unlisted,Cont. Eur Listed,Cont. Eur Unlisted,US Listed,US Unlisted,UK ,Cont. Europe,North America,Japan ,Other Pacific,Other ,UK ,Cont. Europe,North America,Japan ,Other Pacific,Other ,Flags,,,,,,,,,Cat 2,Name,in issue,NAV Par,NAV Fair,Gross Gearing,Net Gearing,Name,in issue,NAV Par,NAV Fair,Gross Gearing,Net Gearing,Total Assets ex CYR,FootNote,Note,Note,
VCT Specialist: Technology,Oxford Technology VCT,Ordinary Share,30/06/2018,GB0006640204,,,,,,,,,,,,,,,,,,,,,,,,,,,,,,,,,,,,,,,,,,,,,,,,,,,,,,,,,,,,,,,,,,,,,,,,,,,,,,,,,,,,,,,,,,,,,,,,,,,,,,,,,,,,,
