AIC,Fund,Share,MonthEnd,Code,Total Assets incl CYR,PC Total Par,PC Total Fair,PC Debt Par,PC Debt Fair,PC Equity,Convertibles Par,Convertibles Fair,PC Gearing,Monthend MidPrice,CurrYrRev(CYR),Rev Res (splits only),RevAllocation % (splits only),Shares,Shares,Shares,Shares,Sell,Cash/CashEquiv,GrossGearing,NetGearing,Permanent,CYR allocation %,SHF per share inc CYR,SHF per share exc CYR,Par, Par, Par, Par, Par, Par, Par, Par, Par, Par,Fair,Fair,Fair,Fair,Fair,Fair,Fair,Fair,Fair,Fair,PFY,Regional distribution,,,,,,,,Additional geographic,,,,,,,,CFI Exposure,,,,,,CCY Exposure,,,,,,Flags,Add P/F,,,,,,,,AIC,Unit1,Unit1,Unit1,Unit1,Unit1,Unit1,Unit2,Unit2,Unit2,Unit2,Unit2,Unit2,Total Assets ex CYR,FootNote,FairValue,ShareNote
Category,Name,Type,Date,SEDOL,Total Assets incl CYR,PC Total Par,PC Total Fair,PC Debt Par,PC Debt Fair,PC Equity,Convertibles Par,Convertibles Fair,PC Gearing,MonthEnd MidPrice,CurrYrRev(CYR),Rev Res (splits only),Rev Allocation % (splits only),Number,Issued,Purch,Treasury,below NAV,Cash/CashEquiv,GrossGearing,NetGearing,Loss,CYR allocation %,SHF per share inc CYR,SHF per share exc CYR,PCNCWNE,   PCNCWE,   PCCWNE,   PCCWE,   PCCWETS,PCNCWNEcum,PCNCWEcum,PCCWNEcum,PCCWEcum,PCCWETScum,FCNCWNE,   FCNCWE,   FCCWNE,   FCCWE,   FCCWETS,FCNCWNEcum,FCNCWEcum,FCCWNEcum,FCCWEcum,FCCWETScum,PFY,Cash/Cash Equiv.,Fixed Interest,Hong Kong,Singa pore,Korea ,Taiwan ,China ,Other , , , , , , , , ,Hong Kong,Singa pore,Korea ,Taiwan ,China ,Other ,Hong Kong,Singa pore,Korea ,Taiwan ,China ,Other ,Flags,,,,,,,,,Cat 2,Name,in issue,NAV Par,NAV Fair,Gross Gearing,Net Gearing,Name,in issue,NAV Par,NAV Fair,Gross Gearing,Net Gearing,Total Assets ex CYR,FootNote,Note,Note
Asia Pacific - Excluding Japan,Aberdeen Asian Income,Ordinary Share,30/06/2010,B0P6J83,180793194,11408050,11408050,11408050,11408050,0,0,0,11408050,148.75,2048995,,,112100999,850000,0,0,N/A,3,107,104,N,100,169385144,167336149,149.27,144.5,,,,151.1,146.03,,,,149.27,144.5,,,,151.1,146.03,,,,5.34,3,6,6,23,0,9,3,50,0,0,0,0,0,0,0,0,0,0,0,0,0,100,0,0,0,0,0,100,/,0,0,0,0,0,0,0,0,,,,,,,,,,,,,,178744199,,,"11/06/10 - Share issue of 350,000 shares at a cost of £514,551.50
15/06/10 - Share issue of 150,000 shares at a cost of £222,749.00
17/06/10 - Share issue of 100,000 shares at a cost of £148,994.00
24/06/10 - Share issue of 150,000 shares at a cost of £224,234.00
25/06/10 - Share issue of 100,000 shares at a cost of £148,746.50"
Asia Pacific - Excluding Japan,Aberdeen Asian Smaller Companies,Ordinary Share,30/06/2010,10076,194669550,5881960,5881960,5881960,5881960,0,0,0,5881960,461,3130786,,,31136615,0,25000,2186290,No,1,103,102,N,100,188787590,185656804,596.27,541.99,,,541.99,606.32,550.94,,,550.94,596.27,541.99,,,541.99,606.32,550.94,,,550.94,,1,1,16,13,1,0,0,68,0,0,0,0,0,0,0,0,0,59,0,0,0,41,0,-59,0,0,0,159,,0,0,0,0,0,0,0,0,,,,,,,,,,,,,,191538764,,,"Buyback of 25,000 shares @ 440.2p"
Asia Pacific - Excluding Japan,Aberdeen New Dawn,Ordinary Share,30/06/2010,5685,210535235,11029712,11029712,11029712,11029712,0,0,0,11029712,719.5,3634907,,,24909402,0,0,477731,No,-1,106,107,N,100,199505523,195870616,786.33,,,,786.33,800.92,,,,800.92,786.33,,,,786.33,800.92,,,,800.92,,-1,0,17,20,6,5,5,48,0,0,0,0,0,0,0,0,0,0,0,0,0,0,0,0,0,0,0,0,/,0,0,0,0,0,0,0,0,,,,,,,,,,,,,,206900328,,,
Asia Pacific - Excluding Japan,Edinburgh Dragon,Ordinary Share,30/06/2010,294502,459013654,0,0,0,0,0,0,0,0,209.6,2774978,,,196311219,0,0,0,N/A,-1,100,101,N,100,459013654,456238676,232.41,,,,,233.82,,,,,232.41,,,,,233.82,,,,,,-1,0,21,20,8,6,8,38,0,0,0,0,0,0,0,0,0,0,0,0,0,0,0,0,0,0,0,0,,0,0,0,0,0,0,0,0,,,,,,,,,,,,,,456238676,,,
Asia Pacific - Excluding Japan,Fidelity Asian Values,Ordinary Share,30/06/2010,332231,122112538,6022081,6110396,6022081,6110396,0,0,0,6022081,173.75,-8541,,,60970159,27658,0,0,N/A,1,105,104,N,100,116090457,116098998,190.42,,,,,190.41,,,,,190.27,,,,,190.26,,,,,,1,0,24,9,22,15,19,10,0,0,0,0,0,0,0,0,0,0,0,0,0,0,0,0,0,0,0,0,,0,0,0,0,0,0,0,0,,,,,,,,,,,,,,122121079,,"On 3 February 2010 the Company entered into a US$15,000,000 364 day revolving credit facility with ING Bank N.V. As at 12 April 2010 the amount drawn down was US$9,000,000.","During the month 27,658 subscription shares were exercised at an exercise price of 191.00 pence per share for a total consideration of £52,826.78.
"
Asia Pacific - Excluding Japan,Henderson Far East Income,Ordinary Share,30/06/2010,B1GXH75,271688000,0,0,0,0,0,0,0,0,291,3159000,,,95130564,100000,0,0,N/A,0,100,100,N,100,271688000,268529000,282.27,,,,,285.59,,,,,282.27,,,,,285.59,,,,,,0,0,16,11,8,18,24,23,0,0,0,0,0,0,0,0,0,0,0,0,0,0,0,0,0,0,0,0,,0,0,0,0,0,0,0,0,,,,,,,,,,,,,,268529000,,,"100,000 shs issued 07.06.10 £288,550"
Asia Pacific - Excluding Japan,Henderson TR Pacific,Ordinary Share,30/06/2010,871079,318906000,26579000,26579000,26579000,26579000,0,0,0,26579000,163.25,2861000,,,161451407,0,0,0,N/A,1,109,108,N,100,292327000,289466000,179.29,,,,,181.06,,,,,179.29,,,,,181.06,,,,,,1,0,7,7,12,17,37,19,0,0,0,0,0,0,0,0,0,0,0,0,0,0,0,0,0,0,0,0,/,0,0,0,0,0,0,0,0,,,,,,,,,,,,,,316045000,,,
Asia Pacific - Excluding Japan,INVESCO Asia,Ordinary Share,30/06/2010,453530,144765874,2500000,2500000,2500000,2500000,0,0,0,2500000,130.5,2940896,,,93837425,0,0,0,N/A,0,102,102,N,100,142265874,139324978,148.47,144.56,,,,151.61,147.17,,,,148.47,144.56,,,,151.61,147.17,,,,2,0,0,27,3,17,12,15,26,0,0,0,0,0,0,0,0,0,0,0,0,0,0,0,0,0,0,0,0,,0,0,0,0,0,0,0,0,,,,,,,,,,,,,,141824978,,FV of loan not materially different to PAR,
Asia Pacific - Excluding Japan,JPMorgan Asian,Ordinary Share,30/06/2010,132077,414053656,26736181,26736181,26736181,26736181,0,0,0,26736181,192,2099352,,,179254422,0,73217,0,N/A,4,107,103,N,100,387317475,385218123,214.9,212.48,,,,216.07,213.58,,,,214.9,212.48,,,,216.07,213.58,,,,1.31,4,0,19,14,13,8,15,27,0,0,0,0,0,0,0,0,0,0,0,0,0,0,0,0,0,0,0,0,,0,0,0,0,0,0,0,0,,,,,,,,,,,,,,411954304,,,
Asia Pacific - Excluding Japan,Pacific Assets,Ordinary Share,30/06/2010,667438,143489964,0,0,0,0,0,0,0,0,110.5,331648,,,118348386,0,0,0,N/A,4,100,96,N,100,143489964,143158316,120.96,,,,,121.24,,,,,120.96,,,,,121.24,,,,,2,4,0,21,5,19,15,14,22,0,0,0,0,0,0,0,0,0,1,0,0,4,95,21,5,19,15,14,26,,0,0,0,0,0,0,0,0,,,,,,,,,,,,,,143158316,,,
Asia Pacific - Excluding Japan,Pacific Horizon,Ordinary Share,30/06/2010,666747,125546153,0,0,0,0,0,0,0,0,146,839585,,,78287002,0,0,0,N/A,1,100,99,N,100,125546153,124706568,159.29,,,,,160.37,,,,,159.29,,,,,160.37,,,,,2,1,0,16,10,14,11,25,23,0,0,0,0,0,0,0,0,0,0,0,0,0,0,0,0,0,0,0,0,,0,0,0,0,0,0,0,0,,,,,,,,,,,,,,124706568,,,
Asia Pacific - Excluding Japan,Schroder AsiaPacific,Ordinary Share,30/06/2010,791887,350829567,6684045,6684045,6684045,6684045,0,0,0,6684045,187,1779621,,,167489612,0,0,0,N/A,2,102,100,N,100,344145522,342365901,204.41,202.2,,,,205.47,203.08,,,,204.41,202.2,,,,205.47,203.08,,,,2.4,2,0,22,14,14,17,9,22,0,0,0,0,0,0,0,0,44,6,0,20,3,27,23,14,14,18,9,22,,0,0,0,0,0,0,0,0,,,,,,,,,,,,,,349049946,,Par and fair value are not materially different.,
Asia Pacific - Excluding Japan,Schroder Oriental Income,Ordinary Share,30/06/2010,B0CRWN5,223959398,21723147,21723147,21723147,21723147,0,0,0,21723147,128.75,2164535,,,158259500,200000,0,0,N/A,0,111,111,N,100,202236251,200071716,126.42,,,,,127.79,,,,,126.42,,,,,127.79,,,,,5,0,0,17,18,4,15,8,38,0,0,0,0,0,0,0,0,12,0,0,127,0,-39,17,18,4,16,8,37,,0,0,0,0,0,0,0,0,,,,,,,,,,,,,,221794863,,,"28/6.  200,000 shs issued @ 130.50p.  Total £261,000"
Asia Pacific - Excluding Japan,Scottish Oriental Smaller Companies,Ordinary Share,30/06/2010,783613,157012727,0,0,0,0,0,0,0,0,448.5,2100615,,,30213650,0,0,0,N/A,6,100,94,N,100,157012727,154912112,512.72,,,,,519.67,,,,,512.72,,,,,519.67,,,,,2.8,6,0,11,12,10,11,11,39,0,0,0,0,0,0,0,0,0,0,0,0,0,0,11,12,10,11,11,45,,0,0,0,0,0,0,0,0,,,,,,,,,,,,,,154912112,,,
Category,Name,Type,Date,SEDOL,Total Assets incl CYR,PC Total Par,PC Total Fair,PC Debt Par,PC Debt Fair,PC Equity,Convertibles Par,Convertibles Fair,PC Gearing,MonthEnd MidPrice,CurrYrRev(CYR),Rev Res (splits only),Rev Allocation % (splits only),Number,Issued,Purch,Treasury,below NAV,Cash/CashEquiv,GrossGearing,NetGearing,Loss,CYR allocation %,SHF per share inc CYR,SHF per share exc CYR,PCNCWNE,   PCNCWE,   PCCWNE,   PCCWE,   PCCWETS,PCNCWNEcum,PCNCWEcum,PCCWNEcum,PCCWEcum,PCCWETScum,FCNCWNE,   FCNCWE,   FCCWNE,   FCCWE,   FCCWETS,FCNCWNEcum,FCNCWEcum,FCCWNEcum,FCCWEcum,FCCWETScum,PFY,Cash/Cash Equiv.,Fixed Interest,Japan ,Hong Kong,Korea ,Taiwan ,Singa pore,Other , , , , , , , , ,Japan ,Hong Kong,Korea ,Taiwan ,Singa pore,Other ,Japan ,Hong Kong,Korea ,Taiwan ,Singa pore,Other ,Flags,,,,,,,,,Cat 2,Name,in issue,NAV Par,NAV Fair,Gross Gearing,Net Gearing,Name,in issue,NAV Par,NAV Fair,Gross Gearing,Net Gearing,Total Assets ex CYR,FootNote,Note,Note
Asia Pacific - Including Japan,Aberdeen All Asia,Ordinary Share,30/06/2010,392075,49957012,2357790,2357790,2357790,2357790,0,0,0,2357790,254.75,262360,,,15492367,0,0,0,N/A,-2,105,107,N,100,47599222,47336862,305.55,,,,,307.24,,,,,305.55,,,,,307.24,,,,,2.75,-2,0,22,15,6,4,17,38,0,0,0,0,0,0,0,0,0,0,0,0,0,0,0,0,0,0,0,0,d,0,0,0,0,0,0,0,0,,,,,,,,,,,,,,49694652,,,
Asia Pacific - Including Japan,Martin Currie Pacific,Ordinary Share,30/06/2010,569512,124582399,3000000,3000000,3000000,3000000,0,0,0,3000000,243.5,795347,,,42662190,0,0,1291694,No,1,102,101,N,100,121582399,120787052,283.12,,,,283.12,284.99,,,,284.99,283.12,,,,283.12,284.99,,,,284.99,,1,0,30,8,11,5,2,43,0,0,0,0,0,0,0,0,0,0,0,0,0,0,0,0,0,0,0,0,,0,0,0,0,0,0,0,0,,,,,,,,,,,,,,123787052,,,
Asia Pacific - Including Japan,Witan Pacific,Ordinary Share,30/06/2010,365602,148706385,5900000,5900000,5900000,5900000,0,0,0,5900000,176,1177385,,,66273868,0,0,0,N/A,2,104,102,N,100,142806385,141629000,213.7,,,,,215.48,,,,,213.7,,,,,215.48,,,,,,2,0,30,10,7,5,10,36,0,0,0,0,0,0,0,0,0,0,0,0,0,0,0,0,0,0,0,0,,0,0,0,0,0,0,0,0,,,,,,,,,,,,,,147529000,,,
Category,Name,Type,Date,SEDOL,Total Assets incl CYR,PC Total Par,PC Total Fair,PC Debt Par,PC Debt Fair,PC Equity,Convertibles Par,Convertibles Fair,PC Gearing,MonthEnd MidPrice,CurrYrRev(CYR),Rev Res (splits only),Rev Allocation % (splits only),Number,Issued,Purch,Treasury,below NAV,Cash/CashEquiv,GrossGearing,NetGearing,Loss,CYR allocation %,SHF per share inc CYR,SHF per share exc CYR,PCNCWNE,   PCNCWE,   PCCWNE,   PCCWE,   PCCWETS,PCNCWNEcum,PCNCWEcum,PCCWNEcum,PCCWEcum,PCCWETScum,FCNCWNE,   FCNCWE,   FCCWNE,   FCCWE,   FCCWETS,FCNCWNEcum,FCNCWEcum,FCCWNEcum,FCCWEcum,FCCWETScum,PFY,Cash/Cash Equiv.,Fixed Interest,UK ,Cont. Europe,North America,Japan ,Other Pacific,Other , , , , , , , , ,UK ,Cont. Europe,North America,Japan ,Other Pacific,Other ,UK ,Cont. Europe,North America,Japan ,Other Pacific,Other ,Flags,,,,,,,,,Cat 2,Name,in issue,NAV Par,NAV Fair,Gross Gearing,Net Gearing,Name,in issue,NAV Par,NAV Fair,Gross Gearing,Net Gearing,Total Assets ex CYR,FootNote,Note,Note
Country Specialists: Asia Pacific,Aberdeen New Thai,Ordinary Share,30/06/2010,5997,50541351,2000000,2000000,2000000,2000000,0,0,0,2000000,210.5,1181939,,,17853305,628,0,0,N/A,-2,104,106,N,100,48541351,47359412,265.27,254.37,,,,271.89,259.89,,,,265.27,254.37,,,,271.89,259.89,,,,,-2,0,0,0,0,0,102,0,0,0,0,0,0,0,0,0,0,0,0,0,0,0,0,0,0,0,0,0,,0,0,0,0,0,0,0,0,,,,,,,,,,,,,,49359412,,,01/06/10 - 628 SHARES CONVERTED FROM SUB SHARES
Country Specialists: Asia Pacific,Fidelity China Special Situations,Ordinary Share,30/06/2010,B62Z3C7,,,,,,,,,,,,,,,,,,,,,,,,,,,,,,,,,,,,,,,,,,,,,,,,,,,,,,,,,,,,,,,,,,,,,,,,,,,,,,,,,,,,,,,,,,,,,,,,,,,,
Country Specialists: Asia Pacific,India Capital Growth (AIM),Ordinary Share,30/06/2010,B0P8RJ6,,,,,,,,,,,,,,,,,,,,,,,,,,,,,,,,,,,,,,,,,,,,,,,,,,,,,,,,,,,,,,,,,,,,,,,,,,,,,,,,,,,,,,,,,,,,,,,,,,,,
Country Specialists: Asia Pacific,JPMorgan Chinese,Ordinary Share,30/06/2010,343501,114100227,2539937,2539937,2539937,2539937,0,0,0,2539937,135.5,209536,,,77299960,0,0,0,No,2,102,100,N,100,111560290,111350754,144.05,,,,,144.32,,,,,144.05,,,,,144.32,,,,,2.15,2,0,0,0,0,0,98,0,0,0,0,0,0,0,0,0,0,0,0,0,0,0,0,0,0,0,0,0,,0,0,0,0,0,0,0,0,,,,,,,,,,,,,,113890691,,,
Country Specialists: Asia Pacific,JPMorgan Indian,Ordinary Share,30/06/2010,345035,535817327,0,0,0,0,0,0,0,0,402,-3112059,,,113577552,62133,0,1979788,No,4,100,96,Y,100,535817327,538929386,,,,,,471.76,452.88,,,452.88,,,,,,471.76,452.88,,,452.88,0.94,4,0,0,0,0,0,96,0,0,0,0,0,0,0,0,0,0,0,0,0,0,0,0,0,0,0,0,0,,0,0,0,0,0,0,0,0,,,,,,,,,,,,,,538929386,,,
Country Specialists: Asia Pacific,New India,Ordinary Share,30/06/2010,604877,131867767,0,0,0,0,0,0,0,0,221.25,-11993,,,46954143,0,0,0,N/A,1,100,99,Y,100,131867767,131879760,,,,,,280.84,243.75,,,,,,,,,280.84,243.75,,,,1.52,1,0,0,0,0,0,99,0,0,0,0,0,0,0,0,0,0,0,0,0,100,0,0,0,0,0,100,0,,0,0,0,0,0,0,0,0,,,,,,,,,,,,,,131879760,,,
Country Specialists: Asia Pacific,VinaCapital Vietnam Opportunity (AIM),Ordinary Share,30/06/2010,3351642,,,,,,,,,,,,,,,,,,,,,,,,,,,,,,,,,,,,,,,,,,,,,,,,,,,,,,,,,,,,,,,,,,,,,,,,,,,,,,,,,,,,,,,,,,,,,,,,,,,,
Category,Name,Type,Date,SEDOL,Total Assets incl CYR,PC Total Par,PC Total Fair,PC Debt Par,PC Debt Fair,PC Equity,Convertibles Par,Convertibles Fair,PC Gearing,MonthEnd MidPrice,CurrYrRev(CYR),Rev Res (splits only),Rev Allocation % (splits only),Number,Issued,Purch,Treasury,below NAV,Cash/CashEquiv,GrossGearing,NetGearing,Loss,CYR allocation %,SHF per share inc CYR,SHF per share exc CYR,PCNCWNE,   PCNCWE,   PCCWNE,   PCCWE,   PCCWETS,PCNCWNEcum,PCNCWEcum,PCCWNEcum,PCCWEcum,PCCWETScum,FCNCWNE,   FCNCWE,   FCCWNE,   FCCWE,   FCCWETS,FCNCWNEcum,FCNCWEcum,FCCWNEcum,FCCWEcum,FCCWETScum,PFY,Cash/Cash Equiv.,Fixed Interest,UK ,Cont. Europe,North America,Japan ,Other Pacific,Other , , , , , , , , ,UK ,Cont. Europe,North America,Japan ,Other Pacific,Other ,UK ,Cont. Europe,North America,Japan ,Other Pacific,Other ,Flags,,,,,,,,,Cat 2,Name,in issue,NAV Par,NAV Fair,Gross Gearing,Net Gearing,Name,in issue,NAV Par,NAV Fair,Gross Gearing,Net Gearing,Total Assets ex CYR,FootNote,Note,Note
Country Specialists: Europe,Gartmore Irish Growth,Ordinary Share,30/06/2010,615200,46834495,0,0,0,0,0,0,0,0,592.5,457482,,,6706409,0,394892,0,No,15,100,85,N,100,46834495,46377013,691.53,,,,,698.35,,,,,691.53,,,,,698.35,,,,,0,15,0,10,75,0,0,0,0,0,0,0,0,0,0,0,0,1,98,0,0,0,1,1,98,0,0,0,1,,0,0,0,0,0,0,0,0,,,,,,,,,,,,,,46377013,"The company has no financial gearing. However, it is exposed to the market through the use of Contracts for Difference (CFDs)of £4.8m, which equates to gearing of 110.",,"During June 2010 a total of 394,892 shares were bought back for cancellation for a total of 2.452m."
Country Specialists: Europe,JPMorgan Russian Securities,Ordinary Share,30/06/2010,3216473,315602076,0,0,0,0,0,0,0,0,520.5,659570,,,55284312,0,0,0,N/A,0,100,100,Y,100,315602076,314942506,,,,,,570.87,,,,,,,,,,570.87,,,,,1.71,0,0,0,0,0,0,0,100,0,0,0,0,0,0,0,0,0,0,0,0,0,0,0,0,0,0,0,0,,0,0,0,0,0,0,0,0,,,,,,,,,,,,,,314942506,,,
Country Specialists: Europe,Ukraine Opportunity,Ordinary Share,30/06/2010,B0HW611,,,,,,,,,,,,,,,,,,,,,,,,,,,,,,,,,,,,,,,,,,,,,,,,,,,,,,,,,,,,,,,,,,,,,,,,,,,,,,,,,,,,,,,,,,,,,,,,,,,,
Category,Name,Type,Date,SEDOL,Total Assets incl CYR,PC Total Par,PC Total Fair,PC Debt Par,PC Debt Fair,PC Equity,Convertibles Par,Convertibles Fair,PC Gearing,MonthEnd MidPrice,CurrYrRev(CYR),Rev Res (splits only),Rev Allocation % (splits only),Number,Issued,Purch,Treasury,below NAV,Cash/CashEquiv,GrossGearing,NetGearing,Loss,CYR allocation %,SHF per share inc CYR,SHF per share exc CYR,PCNCWNE,   PCNCWE,   PCCWNE,   PCCWE,   PCCWETS,PCNCWNEcum,PCNCWEcum,PCCWNEcum,PCCWEcum,PCCWETScum,FCNCWNE,   FCNCWE,   FCCWNE,   FCCWE,   FCCWETS,FCNCWNEcum,FCNCWEcum,FCCWNEcum,FCCWEcum,FCCWETScum,PFY,Cash/Cash Equiv.,Fixed Interest,UK ,France ,Germany ,Nether lands,Switzer land,Other , , , , , , , , ,UK ,France ,Germany ,Nether lands,Switzer land,Other ,UK ,France ,Germany ,Nether lands,Switzer land,Other ,Flags,,,,,,,,,Cat 2,Name,in issue,NAV Par,NAV Fair,Gross Gearing,Net Gearing,Name,in issue,NAV Par,NAV Fair,Gross Gearing,Net Gearing,Total Assets ex CYR,FootNote,Note,Note
Europe,BlackRock Greater Europe,Ordinary Share,30/06/2010,B01RDH7,181094570,15295492,15295492,15295492,15295492,0,0,0,15295492,153.5,3081608,,,99042423,0,2642046,2642046,Yes,1,109,108,N,100,165799078,162717470,164.29,,,,164.01,167.4,,,,167.04,164.29,,,,164.01,167.4,,,,167.04,2.37,1,0,0,16,11,7,20,45,0,0,0,0,0,0,0,0,0,0,0,0,0,0,0,0,0,0,0,0,,0,0,0,0,0,0,0,0,,,,,,,,,,,,,,178012962,,,"During the month 2,642,046 shares were bought back and held in treasury for a total amount of £4,487,074"
Europe,Charter European,Ordinary Share,30/06/2010,3148639,55536289,2736711,2736711,2736711,2736711,0,0,0,2736711,202.25,795548,,,22962917,0,110000,2480000,Yes,7,105,98,N,100,52799578,52004030,226.47,,,,224.11,229.93,,,,227.24,226.47,,,,224.11,229.93,,,,227.24,2.26,7,0,13,21,11,7,15,26,0,0,0,0,0,0,0,0,0,0,0,0,0,0,0,0,0,0,0,0,/,0,0,0,0,0,0,0,0,,,,,,,,,,,,,,54740741,,,"1)18/06/10 54,000 shares cancelled at 206.25p each for £0.111M. 2) 25/06/10 56,000 shares cancelled at 208.15p each for £0.117M"
Europe,European Investment Trust,Ordinary Share,30/06/2010,329501,242431605,0,0,0,0,0,0,0,0,478,4724180,,,42700748,0,0,0,N/A,2,100,98,N,100,242431605,237707425,556.68,,,,,567.75,,,,,556.68,,,,,567.75,,,,,3.16,2,0,3,17,13,13,12,40,0,0,0,0,0,0,0,0,0,0,0,0,0,0,0,0,0,0,0,0,,0,0,0,0,0,0,0,0,,,,,,,,,,,,,,237707425,,,
Europe,Fidelity European Values,Ordinary Share,30/06/2010,337582,619362428,53463533,55977816,53463533,55977816,0,0,0,53463533,933,8930810,,,49899656,0,50000,0,N/A,14,109,94,N,100,565898895,556968085,1116.18,,,,,1134.07,,,,,1111.14,,,,,1129.04,,,,,,14,0,2,19,24,9,13,19,0,0,0,0,0,0,0,0,0,0,0,0,0,0,0,0,0,0,0,0,/,0,0,0,0,0,0,0,0,,,,,,,,,,,,,,610431618,,,"During the month 50,000 shares were repurchased by the company for cancellation at an average price of 945.37 pence for a total consideration of £472,689.49."
Europe,Gartmore European,Ordinary Share,30/06/2010,526885,136965306,3274904,3274904,3274904,3274904,0,0,0,3274904,525.5,3775742,,,23391851,0,406385,2312298,Yes,4,102,98,N,100,133690402,129914660,555.38,,,,552.7,571.53,,,,567.39,555.38,,,,552.7,571.53,,,,567.39,3.8,4,0,0,23,19,10,19,25,0,0,0,0,0,0,0,0,200,0,0,0,0,-100,0,23,19,10,19,29,,0,0,0,0,0,0,0,0,,,,,,,,,,,,,,133189564,,,"04/06/10 79,317 shares bought for £0.42259304M
18/06/10 98,275 shares bought for £0.53917596M
25/06/10 228,793 shares bought for £1.27247803M
"
Europe,Henderson EuroTrust,Ordinary Share,30/06/2010,419929,110154000,0,0,0,0,0,0,0,0,460,1811000,,,20876925,0,40000,2082638,N/A,0,100,100,N,100,110154000,108343000,518.96,,,,513.61,527.64,,,,521.5,518.96,,,,513.61,527.64,,,,521.5,2.7,0,0,0,21,32,9,25,13,0,0,0,0,0,0,0,0,0,0,0,0,0,0,0,0,0,0,0,0,,0,0,0,0,0,0,0,0,,,,,,,,,,,,,,108343000,,"Because loans are all short term, fair value is taken as par.","7 June: 20,000 shares bought at £4.40 each (£88,000)and held in treasury
10 June:11,500 shares bought at £4.48 each (£52,000)and held in treasury
22 June: 8,500 shares bought at £4.70 each (£40,000)and cancelled"
Europe,JPMorgan European Growth,Ordinary Share,30/06/2010,B18JK16,270770555,66083087,66083087,66083087,66083087,0,0,0,66083087,148.25,4125049,,,115353527,0,1169708,0,No,21,132,105,N,100,204687468,200562419,173.87,,,,,177.44,,,,,173.87,,,,,177.44,,,,,2.5,21,0,0,16,15,5,12,31,0,0,0,0,0,0,0,0,0,0,0,0,0,0,0,0,0,0,0,0,,0,0,0,0,0,0,0,0,,,,,,,,,,,,,,266645506,,,
Europe,JPMorgan European Income,Ordinary Share,30/06/2010,B17XWW4,65950854,15593272,15593272,15593272,15593272,0,0,0,15593272,80.5,1182598,,,55486760,0,425105,0,No,21,131,103,N,100,50357582,49174984,88.62,,,,,90.76,,,,,88.62,,,,,90.76,,,,,3.55,21,0,30,8,5,5,0,31,0,0,0,0,0,0,0,0,0,0,0,0,0,0,0,0,0,0,0,0,,0,0,0,0,0,0,0,0,,,,,,,,,,,,,,64768256,,,
Europe,Jupiter European Opportunities,Ordinary Share,30/06/2010,19772,208190778,27000000,27000000,27000000,27000000,0,0,0,27000000,198,1926620,,,79819523,0,0,0,N/A,3,115,111,N,100,181190778,179264158,224.59,,,,,227,,,,,224.59,,,,,227,,,,,2.32,3,0,25,15,11,10,6,30,0,0,0,0,0,0,0,0,0,0,0,0,0,0,0,0,0,0,0,0,,0,0,0,0,0,0,0,0,,,,,,,,,,,,,,206264158,,,
Europe,SR Europe,Ordinary Share,30/06/2010,3066894,61750957,0,0,0,0,0,0,0,0,183,741694,,,29327234,0,0,0,N/A,18,100,82,N,100,61750957,61009263,208.03,,,,,210.56,,,,,208.03,,,,,210.56,,,,,2.39,18,7,24,5,21,5,8,12,0,0,0,0,0,0,0,0,50,0,0,0,0,50,50,0,0,0,0,50,/,0,0,0,0,0,0,0,0,,,,,,,,,,,,,,61009263,,,
Category,Name,Type,Date,SEDOL,Total Assets incl CYR,PC Total Par,PC Total Fair,PC Debt Par,PC Debt Fair,PC Equity,Convertibles Par,Convertibles Fair,PC Gearing,MonthEnd MidPrice,CurrYrRev(CYR),Rev Res (splits only),Rev Allocation % (splits only),Number,Issued,Purch,Treasury,below NAV,Cash/CashEquiv,GrossGearing,NetGearing,Loss,CYR allocation %,SHF per share inc CYR,SHF per share exc CYR,PCNCWNE,   PCNCWE,   PCCWNE,   PCCWE,   PCCWETS,PCNCWNEcum,PCNCWEcum,PCCWNEcum,PCCWEcum,PCCWETScum,FCNCWNE,   FCNCWE,   FCCWNE,   FCCWE,   FCCWETS,FCNCWNEcum,FCNCWEcum,FCCWNEcum,FCCWEcum,FCCWETScum,PFY,Cash/Cash Equiv.,Fixed Interest,Czech Republic,Hungary ,Poland ,Russia ,Turkey ,Other , , , , , , , , ,Czech Republic,Hungary ,Poland ,Russia ,Turkey ,Other ,Czech Republic,Hungary ,Poland ,Russia ,Turkey ,Other ,Flags,,,,,,,,,Cat 2,Name,in issue,NAV Par,NAV Fair,Gross Gearing,Net Gearing,Name,in issue,NAV Par,NAV Fair,Gross Gearing,Net Gearing,Total Assets ex CYR,FootNote,Note,Note
European Emerging Markets,Baring Emerging Europe,Ordinary Share,30/06/2010,3227334,280690444,0,0,0,0,0,0,0,0,730,1334893,,,34502110,0,16000,3318207,No,4,100,96,N,100,280690444,279355551,809.68,,,,809.68,813.55,,,,813.55,809.68,,,,809.68,813.55,,,,813.55,1.23,4,0,4,4,9,61,16,2,0,0,0,0,0,0,0,0,0,0,0,0,0,100,0,0,0,0,0,100,,0,0,0,0,0,0,0,0,,,,,,,,,,,,,,279355551,,,
European Emerging Markets,Eastern European,Ordinary Share,30/06/2010,B0BN1P9,149848810,2863339,2863339,2863339,2863339,0,0,0,2863339,254.75,1346332,,,52998240,0,0,689500,No,-1,102,103,N,100,146985471,145639139,274.8,,,,274.8,277.34,,,,277.34,274.8,,,,274.8,277.34,,,,277.34,,-1,0,4,9,14,55,13,6,0,0,0,0,0,0,0,0,0,0,0,0,0,0,0,0,0,0,0,0,,0,0,0,0,0,0,0,0,,,,,,,,,,,,,,148502478,,,
Category,Name,Type,Date,SEDOL,Total Assets incl CYR,PC Total Par,PC Total Fair,PC Debt Par,PC Debt Fair,PC Equity,Convertibles Par,Convertibles Fair,PC Gearing,MonthEnd MidPrice,CurrYrRev(CYR),Rev Res (splits only),Rev Allocation % (splits only),Number,Issued,Purch,Treasury,below NAV,Cash/CashEquiv,GrossGearing,NetGearing,Loss,CYR allocation %,SHF per share inc CYR,SHF per share exc CYR,PCNCWNE,   PCNCWE,   PCCWNE,   PCCWE,   PCCWETS,PCNCWNEcum,PCNCWEcum,PCCWNEcum,PCCWEcum,PCCWETScum,FCNCWNE,   FCNCWE,   FCCWNE,   FCCWE,   FCCWETS,FCNCWNEcum,FCNCWEcum,FCCWNEcum,FCCWEcum,FCCWETScum,PFY,Cash/Cash Equiv.,Fixed Interest,UK ,France ,Germany ,Nether lands,Switzer land,Other , , , , , , , , ,UK ,France ,Germany ,Nether lands,Switzer land,Other ,UK ,France ,Germany ,Nether lands,Switzer land,Other ,Flags,,,,,,,,,Cat 2,Name,in issue,NAV Par,NAV Fair,Gross Gearing,Net Gearing,Name,in issue,NAV Par,NAV Fair,Gross Gearing,Net Gearing,Total Assets ex CYR,FootNote,Note,Note
European Smaller Companies,European Assets,Ordinary Share,30/06/2010,322566,89995000,3464000,3464000,3464000,3464000,0,0,0,3464000,519,-3800000,,,15116419,0,0,3434707,Yes,1,104,103,Y,100,86531000,90331000,,,,,,572.43,,,,562.54,,,,,,572.43,,,,562.54,,1,0,0,14,16,5,10,54,0,0,0,0,0,0,0,0,0,0,0,100,0,0,0,0,0,100,0,0,/,0,0,0,0,0,0,0,0,,,,,,,,,,,,,,93795000,,,
European Smaller Companies,JPMorgan European Fledgeling,Ordinary Share,30/06/2010,341969,352740631,0,0,0,0,0,0,0,0,634,3662257,,,45136739,0,483000,1947914,Yes,2,100,98,N,100,352740631,349078374,773.38,,,,767.61,781.49,,,,775.39,773.38,,,,767.61,781.49,,,,775.39,2.02,2,0,0,13,14,11,15,45,0,0,0,0,0,0,0,0,0,0,0,0,0,0,0,0,0,0,0,0,,0,0,0,0,0,0,0,0,,,,,,,,,,,,,,349078374,,,
European Smaller Companies,Montanaro European Smaller Companies,Ordinary Share,30/06/2010,454351,71964926,9467886,9467886,9467886,9467886,0,0,0,9467886,351.5,186449,,,16573260,0,0,875000,Yes,5,115,109,N,100,62497040,62310591,375.97,,,,374.74,377.1,,,,375.81,375.97,,,,374.74,377.1,,,,375.81,1,5,0,0,12,14,12,4,53,0,0,0,0,0,0,0,0,0,0,0,0,0,100,0,0,0,0,0,100,,0,0,0,0,0,0,0,0,,,,,,,,,,,,,,71778477,,,
European Smaller Companies,TR European Growth,Ordinary Share,30/06/2010,906692,202983000,3882029,3882029,3882029,3882029,0,0,0,3882029,346.5,2602000,,,51627289,0,1268160,0,N/A,4,102,98,N,100,199100971,196498971,380.61,,,,,385.65,,,,,380.61,,,,,385.65,,,,,,4,0,1,18,23,6,11,37,0,0,0,0,0,0,0,0,0,0,0,0,0,0,0,0,0,0,0,0,/,0,0,0,0,0,0,0,0,,,,,,,,,,,,,,200381000,,Par and fair values are not materially different,"1,268,160shs were bought back for £4,583,000"
Category,Name,Type,Date,SEDOL,Total Assets incl CYR,PC Total Par,PC Total Fair,PC Debt Par,PC Debt Fair,PC Equity,Convertibles Par,Convertibles Fair,PC Gearing,MonthEnd MidPrice,CurrYrRev(CYR),Rev Res (splits only),Rev Allocation % (splits only),Number,Issued,Purch,Treasury,below NAV,Cash/CashEquiv,GrossGearing,NetGearing,Loss,CYR allocation %,SHF per share inc CYR,SHF per share exc CYR,PCNCWNE,   PCNCWE,   PCCWNE,   PCCWE,   PCCWETS,PCNCWNEcum,PCNCWEcum,PCCWNEcum,PCCWEcum,PCCWETScum,FCNCWNE,   FCNCWE,   FCCWNE,   FCCWE,   FCCWETS,FCNCWNEcum,FCNCWEcum,FCCWNEcum,FCCWEcum,FCCWETScum,PFY,Cash/Cash Equiv.,Fixed Interest,Latin America,Asia ,Europe ,Africa Sub-Sahara,Middle East,Other , , , , , , , , ,Latin America,Asia ,Europe ,Africa Sub-Sahara,Middle East,Other ,Latin America,Asia ,Europe ,Africa Sub-Sahara,Middle East,Other ,Flags,,,,,,,,,Cat 2,Name,in issue,NAV Par,NAV Fair,Gross Gearing,Net Gearing,Name,in issue,NAV Par,NAV Fair,Gross Gearing,Net Gearing,Total Assets ex CYR,FootNote,Note,Note
Global Emerging Markets,Advance Developing Markets,Ordinary Share,30/06/2010,B45L2K9,321352157,0,0,0,0,0,0,0,0,401.5,-442540,,,65940247,0,0,0,N/A,2,100,98,N,100,321352157,321794697,488.01,457.29,,,,487.34,456.73,,,,488.01,457.29,,,,487.34,456.73,,,,0.7,2,0,27,45,17,6,1,2,0,0,0,0,0,0,0,0,0,0,0,0,0,0,0,0,0,0,0,0,,0,0,0,0,0,0,0,0,,,,,,,,,,,,,,321794697,,,
Global Emerging Markets,Ashmore Global Opportunities Euro (Chpt 14),Ordinary Share,30/06/2010,B1YWWB3,,,,,,,,,,,,,,,,,,,,,,,,,,,,,,,,,,,,,,,,,,,,,,,,,,,,,,,,,,,,,,,,,,,,,,,,,,,,,,,,,,,,,,,,,,,,,,,,,,,,
Global Emerging Markets,Ashmore Global Opportunities (Chpt 14),Ordinary Share,30/06/2010,B1YWTR8,,,,,,,,,,,,,,,,,,,,,,,,,,,,,,,,,,,,,,,,,,,,,,,,,,,,,,,,,,,,,,,,,,,,,,,,,,,,,,,,,,,,,,,,,,,,,,,,,,,,
Global Emerging Markets,Ashmore Global Opportunities USD (Chpt 14),Ordinary Share,30/06/2010,B1YWWJ1,,,,,,,,,,,,,,,,,,,,,,,,,,,,,,,,,,,,,,,,,,,,,,,,,,,,,,,,,,,,,,,,,,,,,,,,,,,,,,,,,,,,,,,,,,,,,,,,,,,,
Global Emerging Markets,JPMorgan Emerging Markets,Ordinary Share,30/06/2010,341895,631982898,0,0,0,0,0,0,0,0,500,4595496,,,111196525,51019,0,0,N/A,2,100,98,N,100,631982898,627387402,564.21,541.47,,,,568.35,544.94,,,,564.21,541.47,,,,568.35,544.94,,,,1.79,2,0,26,50,13,7,1,1,0,0,0,0,0,0,0,0,0,0,0,0,0,0,0,0,0,0,0,0,,0,0,0,0,0,0,0,0,,,,,,,,,,,,,,627387402,,,
Global Emerging Markets,Templeton Emerging Markets,Ordinary Share,30/06/2010,882929,1847928733,0,0,0,0,0,0,0,0,528,14259788,,,329914352,0,0,0,N/A,0,100,100,N,100,1847928733,1833668945,555.8,,,,,560.12,,,,,555.8,,,,,560.12,,,,,,0,0,21,59,17,3,0,0,0,0,0,0,0,0,0,0,21,59,17,3,0,0,0,0,0,0,0,0,,0,0,0,0,0,0,0,0,,,,,,,,,,,,,,1833668945,,,
Global Emerging Markets,Utilico Emerging Markets (AIM),Ordinary Share,30/06/2010,B0DQY35,344814703,9700000,9700000,9700000,9700000,0,0,0,9700000,132,6116703,,,201811934,0,1500885,0,N/A,-1,103,104,N,100,335114703,328998000,163.02,153.66,,,,166.05,156.25,,,,163.02,153.66,,,,166.05,156.25,,,,3.7,-1,0,8,57,16,0,1,19,0,0,0,0,0,0,0,0,0,0,0,0,0,0,0,0,0,0,0,0,d,0,0,0,0,0,0,0,0,,,,,,,,,,,,,,338698000,,Fair value is not materially different to par value.,"UEM purchased for cancellation 1,500,885 ordinary shares on 16 June 2010 at a price of 130.0p per share for a total cost of £1.9m."
Category,Name,Type,Date,SEDOL,Total Assets incl CYR,PC Total Par,PC Total Fair,PC Debt Par,PC Debt Fair,PC Equity,Convertibles Par,Convertibles Fair,PC Gearing,MonthEnd MidPrice,CurrYrRev(CYR),Rev Res (splits only),Rev Allocation % (splits only),Number,Issued,Purch,Treasury,below NAV,Cash/CashEquiv,GrossGearing,NetGearing,Loss,CYR allocation %,SHF per share inc CYR,SHF per share exc CYR,PCNCWNE,   PCNCWE,   PCCWNE,   PCCWE,   PCCWETS,PCNCWNEcum,PCNCWEcum,PCCWNEcum,PCCWEcum,PCCWETScum,FCNCWNE,   FCNCWE,   FCCWNE,   FCCWE,   FCCWETS,FCNCWNEcum,FCNCWEcum,FCCWNEcum,FCCWEcum,FCCWETScum,PFY,Cash/Cash Equiv.,Fixed Interest,UK ,Cont. Europe,North America,Japan ,Other Pacific,Other , , , , , , , , ,UK ,Cont. Europe,North America,Japan ,Other Pacific,Other ,UK ,Cont. Europe,North America,Japan ,Other Pacific,Other ,Flags,,,,,,,,,Cat 2,Name,in issue,NAV Par,NAV Fair,Gross Gearing,Net Gearing,Name,in issue,NAV Par,NAV Fair,Gross Gearing,Net Gearing,Total Assets ex CYR,FootNote,Note,Note
Global Growth,Alliance Trust,Ordinary Share,30/06/2010,B11V7W9,2758999705,280006359,280006359,280006359,280006359,0,0,0,280006359,303.7,22199797,,,659289563,0,0,0,N/A,1,111,110,N,100,2478993346,2456793549,372.64,,,,,376.01,,,,,372.64,,,,,376.01,,,,,,1,1,40,12,25,8,12,1,0,0,0,0,0,0,0,0,0,0,0,0,0,0,0,0,0,0,0,0,d,0,0,0,0,0,0,0,0,,,,,,,,,,,,,,2736799908,,"Fair values are calculated by accruing the interest payable on a daily basis. ç
The latest valuation is as at 30/06/10",
Global Growth,Anglo & Overseas,Ordinary Share,30/06/2010,B0BZVZ5,75884635,0,0,0,0,0,0,0,0,89.25,1728793,,,73217881,0,0,10057438,No,1,100,99,N,100,75884635,74155842,101.28,,,,101.28,103.64,,,,103.64,101.28,,,,101.28,103.64,,,,103.64,3.93,1,0,33,38,10,10,8,0,0,0,0,0,0,0,0,0,0,0,0,0,0,0,0,0,0,0,0,0,,0,0,0,0,0,0,0,0,,,,,,,,,,,,,,74155842,,,
Global Growth,Bankers,Ordinary Share,30/06/2010,76700,475091000,25000000,31071000,25000000,31071000,0,0,0,25000000,345.7,6406000,,,111366339,0,0,0,N/A,2,106,103,N,100,450091000,443685000,398.4,,,,,404.15,,,,,392.95,,,,,398.7,,,,,3.3,2,1,44,9,18,10,13,3,0,0,0,0,0,0,0,0,0,0,0,0,0,0,0,0,0,0,0,0,,0,0,0,0,0,0,0,0,,,,,,,,,,,,,,468685000,,,
Global Growth,British Empire Securities & General,Ordinary Share,30/06/2010,133508,756253899,30030156,35321869,30030156,35321869,0,0,0,30030156,417,9314327,,,160080089,0,0,0,N/A,3,104,101,N,100,726223743,716909416,447.84,,,,,453.66,,,,,444.54,,,,,450.36,,,,,2.7,3,16,8,44,6,5,18,0,0,0,0,0,0,0,0,0,117,-46,26,0,3,0,30,35,11,5,19,0,,0,0,0,0,0,0,0,0,,,,,,,,,,,,,,746939572,,,
Global Growth,Brunner,Ordinary Share,30/06/2010,149000,248195351,53042336,64863636,53042336,64863636,0,0,0,53042336,353,2510639,,,46047805,0,0,0,N/A,15,127,108,N,100,195153015,192642376,418.35,,,,,423.81,,,,,392.68,,,,,398.13,,,,,2.77,15,0,43,10,21,4,5,2,0,0,0,0,0,0,0,0,100,0,0,0,0,0,100,0,0,0,0,0,/,0,0,0,0,0,0,0,0,,,,,,,,,,,,,,245684712,,,
Global Growth,Caledonia,Ordinary Share,30/06/2010,163992,1078384000,0,0,0,0,0,0,0,0,1583,2052000,,,57845458,0,0,572230,N/A,4,100,96,N,100,1078384000,1076332000,1860.7,1852.87,,,1850.26,1864.25,1856.36,,,1853.72,1860.7,1852.87,,,1850.26,1864.25,1856.36,,,1853.72,2.5,4,0,59,16,7,1,4,9,0,0,0,0,0,0,0,0,0,0,0,0,0,0,77,7,7,0,1,8,*,0,0,0,0,0,0,0,0,,,,,,,,,,,,,,1076332000,,,
Global Growth,Cayenne Trust,Ordinary Share,30/06/2010,636911,54797684,0,0,0,0,0,9171000,9171000,9171000,115.5,310251,,,37905943,0,66875,2684514,Yes,13,120,104,N,100,45626684,45316433,119.55,118.47,,,118.29,120.37,119.22,,,119,119.55,118.47,,,118.29,120.37,119.22,,,119,2.4,13,11,28,17,15,2,12,2,0,0,0,0,0,0,0,0,99,0,1,0,0,0,46,20,16,2,14,2,,0,0,0,0,0,0,0,0,,,,,,,,,,,,,,54487433,,,
Global Growth,EP Global Opportunities,Ordinary Share,30/06/2010,3386257,46162653,0,0,0,0,0,0,0,0,165.25,775237,,,28056480,0,152700,4597700,No,2,100,98,N,100,46162653,45387416,161.77,,,,161.77,164.53,,,,164.53,161.77,,,,161.77,164.53,,,,164.53,2.84,2,0,16,31,20,18,10,3,0,0,0,0,0,0,0,0,0,0,0,0,0,0,0,0,0,0,0,0,/,0,0,0,0,0,0,0,0,,,,,,,,,,,,,,45387416,,,"During the month 152,700 shares at a total cost of £0.258m were purchased to be held in Treasury."
Global Growth,Edinburgh Worldwide,Ordinary Share,30/06/2010,291633,156950525,24515431,24515431,24515431,24515431,0,0,0,24515431,242,700684,,,49004319,0,0,0,N/A,4,119,114,N,100,132435094,131734410,268.82,,,,,270.25,,,,,268.82,,,,,270.25,,,,,1.1,4,0,0,26,34,3,13,20,0,0,0,0,0,0,0,0,0,0,0,0,0,0,0,0,0,0,0,0,,0,0,0,0,0,0,0,0,,,,,,,,,,,,,,156249841,,,
Global Growth,Electric & General,Ordinary Share,30/06/2010,309019,267034913,7000000,8104460,7000000,8104460,0,0,0,7000000,330.75,4862005,,,65318174,0,0,0,N/A,1,103,102,N,100,260034913,255172908,390.66,,,,,398.1,,,,,388.97,,,,,396.41,,,,,3.05,1,1,22,39,26,2,9,0,0,0,0,0,0,0,0,0,36,0,63,0,1,0,-968,1002,-88,156,-2,0,,0,0,0,0,0,0,0,0,,,,,,,,,,,,,,262172908,,,
Global Growth,Establishment Investment Trust,Ordinary Share,30/06/2010,3133691,38819070,0,0,0,0,0,0,0,0,179,786499,,,20000000,0,0,0,N/A,12,100,88,N,100,38819070,38032571,190.16,,,,,194.1,,,,,190.16,,,,,194.1,,,,,2.1,12,0,19,20,2,0,40,7,0,0,0,0,0,0,0,0,-1,0,77,0,24,0,19,20,11,0,43,7,,0,0,0,0,0,0,0,0,,,,,,,,,,,,,,38032571,,,
Global Growth,F&C Global Smaller Companies,Ordinary Share,30/06/2010,17505,195466000,10000000,13366000,10000000,13366000,0,0,0,10000000,415,420000,,,40100990,0,60000,0,N/A,4,105,101,N,100,185466000,185046000,461.45,,,,,462.5,,,,,453.06,,,,,454.1,,,,,1.7,4,0,32,9,40,6,9,0,0,0,0,0,0,0,0,0,100,0,0,0,0,0,100,0,0,0,0,0,dp,0,0,0,0,0,0,0,0,,,,,,,,,,,,,,195046000,,Fair value calculated based on spread of 170 basis points above Treasury 5% 2014.,"3/6/10 - 15,000 shares at a cost of £0.07m
10/6/10 - 15,000 shares at a cost of £0.06m
11/6/10 - 15,000 shares at a cost of £0.06m
17/6/10 - 15,000 shares at a cost of £0.06m

"
Global Growth,Foreign & Colonial,Ordinary Share,30/06/2010,346607,2033542000,191560762,227524762,191560762,227524762,0,0,0,191560762,259,20622000,,,614825016,0,1074000,0,N/A,0,110,110,N,100,1841981238,1821359238,296.24,,,,,299.59,,,,,290.39,,,,,293.74,,,,,2.5,0,0,38,15,26,5,12,4,0,0,0,0,0,0,0,0,0,0,0,0,0,0,0,0,0,0,0,0,/,0,0,0,0,0,0,0,0,,,,,,,,,,,,,,2012920000,,"Fair values on debentures are calculated based on traded price. 
short term loans are calculated based on the exchange rates on the NAV date.","During June 2010 1,074,000 shares were bought back at a cost of £2,915,000"
Global Growth,F&C Managed Portfolio Growth,Ordinary Share,30/06/2010,B2PP252,14798007,0,0,0,0,0,0,0,0,86,0,,,17360567,0,0,1760000,Yes,6,100,94,N,100,14798007,14798007,85.24,,,,85.24,85.24,,,,85.24,85.24,,,,85.24,85.24,,,,85.24,1.7,6,2,29,20,16,1,14,12,0,0,0,0,0,0,0,0,100,0,0,0,0,0,37,20,16,1,14,12,/,0,0,0,0,0,0,0,0,,,,,,,,,,,,,,14798007,,,
Global Growth,Gartmore Global,Ordinary Share,30/06/2010,318402,124141810,1000000,656780,1000000,656780,0,0,0,1000000,301.75,1791795,,,40832163,0,0,0,N/A,3,101,98,N,100,123141810,121350015,297.19,,,,,301.58,,,,,298.03,,,,,302.42,,,,,3.2,3,0,39,10,29,6,10,3,0,0,0,0,0,0,0,0,78,0,22,0,0,0,41,10,30,6,10,3,,0,0,0,0,0,0,0,0,,,,,,,,,,,,,,122350015,,,
Global Growth,Independent Investment Trust,Ordinary Share,30/06/2010,81168,120168258,0,0,0,0,0,0,0,0,170,2354494,,,61260000,0,125000,0,N/A,7,100,93,N,100,120168258,117813764,192.32,,,,,196.16,,,,,192.32,,,,,196.16,,,,,2.7,7,0,75,0,18,0,0,0,0,0,0,0,0,0,0,0,0,0,0,0,0,0,0,0,0,0,0,0,,0,0,0,0,0,0,0,0,,,,,,,,,,,,,,117813764,,,"125,000 shares bought back on 29 June 2010 at 168p, total cost £210,421.00"
Global Growth,Invesco Perpetual Select Global Equity,Ordinary Share,30/06/2010,B1DQ647,34324098,0,0,0,0,0,0,0,0,100.5,110809,,,32418164,0,225000,2825000,No,1,100,99,N,100,34324098,34213289,105.54,,,,105.54,105.88,,,,105.88,105.54,,,,105.54,105.88,,,,105.88,2.13,1,0,15,19,23,13,16,13,0,0,0,0,0,0,0,0,0,0,0,0,0,0,0,0,0,0,0,0,,0,0,0,0,0,0,0,0,,,,,,,,,,,,,,34213289,,Overdraft FV not materially different to PAR,
Global Growth,JPMorgan Elect Managed Growth,Ordinary Share,30/06/2010,852814,149161602,0,0,0,0,0,0,0,0,345,221599,,,42383260,0,153737,0,N/A,2,100,98,N,100,149161602,148940003,351.41,,,,,351.94,,,,,351.41,,,,,351.94,,,,,1.77,2,0,40,10,26,6,11,5,0,0,0,0,0,0,0,0,0,0,0,0,0,0,0,0,0,0,0,0,,0,0,0,0,0,0,0,0,,,,,,,,,,,,,,148940003,,,
Global Growth,JPMorgan Overseas,Ordinary Share,30/06/2010,914327,198716026,11908610,11858112,11908610,11858112,0,0,0,11908610,754,3611591,,,25726732,0,0,447966,No,0,106,106,N,100,186807416,183195825,712.08,,,,712.08,726.12,,,,726.12,712.28,,,,712.28,726.32,,,,726.32,2.45,0,0,20,29,30,9,10,2,0,0,0,0,0,0,0,0,0,0,0,0,0,0,0,0,0,0,0,0,,0,0,0,0,0,0,0,0,,,,,,,,,,,,,,195104435,,,
Global Growth,Jupiter Primadona Growth,Ordinary Share,30/06/2010,703376,44794916,1525977,1525977,1525977,1525977,0,0,0,1525977,881.5,194579,,,4244885,0,10788,109320,No,5,104,98,N,100,43268939,43074360,1014.74,,,,1014.74,1019.32,,,,1019.32,1014.74,,,,1014.74,1019.32,,,,1019.32,2.82,5,0,65,4,15,4,6,1,0,0,0,0,0,0,0,0,0,0,0,0,0,0,0,0,0,0,0,0,,0,0,0,0,0,0,0,0,,,,,,,,,,,,,,44600337,,,
Global Growth,Law Debenture Corporation,Ordinary Share,30/06/2010,3142921,371765000,39351000,39351000,39351000,39351000,0,0,0,39351000,278.2,8000000,,,117366193,0,0,0,N/A,0,112,112,N,100,332414000,324414000,276.41,,,,,283.23,,,,,276.41,,,,,283.23,,,,,3.4,0,0,70,11,6,5,8,0,0,0,0,0,0,0,0,0,0,0,0,0,0,0,0,0,0,0,0,0,/A,0,0,0,0,0,0,0,0,,,,,,,,,,,,,,363765000,,,
Global Growth,Martin Currie Portfolio,Ordinary Share,30/06/2010,537241,132376335,0,0,0,0,0,0,0,0,109.75,1931420,,,112780590,0,522698,0,N/A,12,100,88,N,100,132376335,130444915,115.66,,,,,117.38,,,,,115.66,,,,,117.38,,,,,2.81,12,0,55,8,16,2,5,2,0,0,0,0,0,0,0,0,100,0,0,0,0,0,100,0,0,0,0,0,,0,0,0,0,0,0,0,0,,,,,,,,,,,,,,130444915,,Net present value of future cashflows,"The following share buybacks took place during the month:  02/06 £0.18m, 04/06 £0.01m, 08/06 £0.04m, 09/06 £0.03m, 11/06 £0.03m, 14/06 £0.01m, 16/06 £0.03m, 17/06 £0.01m, 21/06 £0.01m, 22/06 £0.11m, 23/06 £0.04m, 24/06 £0.08m andn 28/06 £0.01m"
Global Growth,Mid Wynd International,Ordinary Share,30/06/2010,589383,55437010,5346761,5375356,5346761,5375356,0,0,0,5346761,935,601431,,,4962766,0,40000,0,N/A,2,111,108,N,100,50090249,49488818,997.2,,,,,1009.32,,,,,996.63,,,,,1008.75,,,,,1.7,2,5,21,20,18,4,12,18,0,0,0,0,0,0,0,0,0,0,0,0,0,0,0,0,0,0,0,0,,0,0,0,0,0,0,0,0,,,,,,,,,,,,,,54835579,,,"40,000 shares bought back on 29 June 2010 @ 940p, total cost £376,565.00"
Global Growth,Monks,Ordinary Share,30/06/2010,3051726,979733092,120000000,128452000,120000000,128452000,0,0,0,120000000,286,4831836,,,261014859,0,0,0,N/A,3,114,111,N,100,859733092,854901256,327.53,,,,,329.38,,,,,324.29,,,,,326.14,,,,,2.2,3,8,16,13,22,3,14,21,0,0,0,0,0,0,0,0,100,0,-13,-4,4,13,0,0,0,0,0,0,,0,0,0,0,0,0,0,0,,,,,,,,,,,,,,974901256,,,
Global Growth,Personal Assets,Ordinary Share,30/06/2010,682754,233084892,0,0,0,0,0,0,0,0,28500,659904,,,822638,3031,0,0,No,3,100,97,N,100,233084892,232424988,28253.62,,,,,28333.83,,,,,28253.62,,,,,28333.83,,,,,2.58,3,32,27,5,20,0,2,11,0,0,0,0,0,0,0,0,58,0,42,0,0,0,0,0,0,0,0,0,,0,0,0,0,0,0,0,0,,,,,,,,,,,,,,232424988,,,"On 2 July 2010 the Company issued 2,077 ord £12.50 shares at £284.75 per share.
On 4 July 2010 the Company issued 954 ord £12.50 shares at £287.50 per share."
Global Growth,RIT Capital Partners,Ordinary Share,30/06/2010,736639,,,,,,,,,,,,,,,,,,,,,,,,,,,,,,,,,,,,,,,,,,,,,,,,,,,,,,,,,,,,,,,,,,,,,,,,,,,,,,,,,,,,,,,,,,,,,,,,,,,,
Global Growth,Scottish Investment Trust,Ordinary Share,30/06/2010,782609,666797277,107692360,119789035,107692360,119789035,0,0,0,107692360,413,3766953,,,119437926,0,1299000,0,N/A,10,119,107,N,100,559104917,555337964,464.96,,,,,468.11,,,,,454.83,,,,,457.99,,,,,2.9,10,1,17,11,28,5,18,10,0,0,0,0,0,0,0,0,53,5,10,14,18,0,8,14,34,8,24,12,d,0,0,0,0,0,0,0,0,,,,,,,,,,,,,,663030324,,,"Shares bought back during the period amounted to 1,299,000 @ cost of £5.6m"
Global Growth,Scottish Mortgage,Ordinary Share,30/06/2010,783884,1949975558,311509765,363230910,311509765,363230910,0,0,0,311509765,556.5,16027566,,,258069897,0,0,26276279,No,1,119,118,N,100,1638465793,1622438227,628.68,,,,628.68,634.89,,,,634.89,608.64,,,,608.64,614.85,,,,614.85,2.4,1,6,12,17,28,4,17,15,0,0,0,0,0,0,0,0,0,0,0,0,0,0,0,0,0,0,0,0,,0,0,0,0,0,0,0,0,,,,,,,,,,,,,,1933947992,,,
Global Growth,Witan,Ordinary Share,30/06/2010,974406,1070704053,110205570,123212559,110205570,123212559,0,0,0,110205570,419.5,12302775,,,197385220,0,1018050,0,N/A,3,111,108,N,100,960498483,948195708,480.38,,,,,486.61,,,,,473.79,,,,,480.02,,,,,2.73,3,0,36,19,22,9,9,2,0,0,0,0,0,0,0,0,0,0,0,0,0,0,0,0,0,0,0,0,/,0,0,0,0,0,0,0,0,,,,,,,,,,,,,,1058401278,,,"1,018,050 shares were bought back at a cost of £4.4 million."
Global Growth,World Trust Fund,Ordinary Share,30/06/2010,981536,108366662,0,0,0,0,0,0,0,0,167.75,570707,,,60217350,0,0,0,N/A,0,100,100,N,100,108366662,107795955,179.01,,,,,179.96,,,,,179.01,,,,,179.96,,,,,,0,0,0,0,0,0,0,0,0,0,0,0,0,0,0,0,0,0,0,0,0,0,0,0,0,0,0,0,,0,0,0,0,0,0,0,0,,,,,,,,,,,,,,107795955,,,
Global Growth,iimia Investment Trust,Ordinary Share,30/06/2010,3436594,35159601,3000000,3000000,3000000,3000000,0,0,0,3000000,113.75,-32942,,,25279985,0,0,0,No,16,109,92,N,100,32159601,32192543,127.34,,,,,127.21,,,,,127.34,,,,,127.21,,,,,0.97,16,0,26,9,16,11,17,5,0,0,0,0,0,0,0,0,100,0,0,0,0,0,100,0,0,0,0,0,/A,0,0,0,0,0,0,0,0,,,,,,,,,,,,,,35192543,,,
Category,Name,Type,Date,SEDOL,Total Assets incl CYR,PC Total Par,PC Total Fair,PC Debt Par,PC Debt Fair,PC Equity,Convertibles Par,Convertibles Fair,PC Gearing,MonthEnd MidPrice,CurrYrRev(CYR),Rev Res (splits only),Rev Allocation % (splits only),Number,Issued,Purch,Treasury,below NAV,Cash/CashEquiv,GrossGearing,NetGearing,Loss,CYR allocation %,SHF per share inc CYR,SHF per share exc CYR,PCNCWNE,   PCNCWE,   PCCWNE,   PCCWE,   PCCWETS,PCNCWNEcum,PCNCWEcum,PCCWNEcum,PCCWEcum,PCCWETScum,FCNCWNE,   FCNCWE,   FCCWNE,   FCCWE,   FCCWETS,FCNCWNEcum,FCNCWEcum,FCCWNEcum,FCCWEcum,FCCWETScum,PFY,Cash/Cash Equiv.,Fixed Interest,UK ,Cont. Europe,North America,Japan ,Other Pacific,Other , , , , , , , , ,UK ,Cont. Europe,North America,Japan ,Other Pacific,Other ,UK ,Cont. Europe,North America,Japan ,Other Pacific,Other ,Flags,,,,,,,,,Cat 2,Name,in issue,NAV Par,NAV Fair,Gross Gearing,Net Gearing,Name,in issue,NAV Par,NAV Fair,Gross Gearing,Net Gearing,Total Assets ex CYR,FootNote,Note,Note
Global Growth & Income,British Assets,Ordinary Share,30/06/2010,129756,422155611,86823155,90874799,86823155,90874799,0,0,0,86823155,107,4197839,,,291112282,0,0,0,N/A,1,126,125,N,100,335332456,331134617,113.75,,,,,115.19,,,,,112.36,,,,,113.8,,,,,4,1,11,63,4,8,2,8,3,0,0,0,0,0,0,0,0,67,17,14,1,1,0,0,0,0,0,0,0,,0,0,0,0,0,0,0,0,,,,,,,,,,,,,,417957772,,"Based on the quoted market prices of the Bond.
Bank loan is short term, fair value is the same as the nominal value.",
Global Growth & Income,Eclectic (AIM),Ordinary Share,30/06/2010,341947,23096337,4805261,4805261,4805261,4805261,0,0,0,4805261,85,356765,,,17619502,0,0,100000,N/A,10,126,114,N,100,18291076,17934311,101.79,,,,101.69,103.81,,,,103.71,101.79,,,,101.69,103.81,,,,103.71,8,10,19,5,1,42,0,22,1,0,0,0,0,0,0,0,0,8,0,-32,0,124,0,7,1,33,0,59,0,,0,0,0,0,0,0,0,0,,,,,,,,,,,,,,22739572,,"The loan facility is valued at current liability value so there is no
difference between par and fair value",
Global Growth & Income,F&C Managed Portfolio Income,Ordinary Share,30/06/2010,B2PP3J3,18371016,0,0,0,0,0,0,0,0,87.5,45000,,,21630192,150000,0,277000,Yes,6,100,94,N,100,18371016,18326016,84.72,,,,84.72,84.93,,,,84.93,84.72,,,,84.72,84.93,,,,84.93,5,6,10,45,10,7,1,17,4,0,0,0,0,0,0,0,0,100,0,0,0,0,0,61,10,7,1,17,4,/,0,0,0,0,0,0,0,0,,,,,,,,,,,,,,18326016,,,"150,000 income shares were sold from treasury on 28 June 2010 at 86.5p per share"
Global Growth & Income,London & St Lawrence,Ordinary Share,30/06/2010,531005,76723048,280000,210000,280000,210000,0,0,0,280000,242,1440966,,,29580694,0,0,0,N/A,1,100,99,N,100,76443048,75002082,253.55,,,,,258.42,,,,,253.79,,,,,258.66,,,,,5.25,1,20,78,0,1,0,0,0,0,0,0,0,0,0,0,0,100,0,0,0,0,0,100,0,0,0,0,0,,0,0,0,0,0,0,0,0,,,,,,,,,,,,,,75282082,,,
Global Growth & Income,Midas Income & Growth,Ordinary Share,30/06/2010,876999,50637680,7000000,7000000,7000000,7000000,0,0,0,7000000,107.5,307345,,,38111950,0,0,0,N/A,0,116,116,N,100,43637680,43330335,113.69,113.03,,,,114.5,113.8,,,,113.69,113.03,,,,114.5,113.8,,,,5.06,0,20,67,4,5,2,2,0,0,0,0,0,0,0,0,0,78,16,6,0,0,0,100,0,0,0,0,0,#,0,0,0,0,0,0,0,0,,,,,,,,,,,,,,50330335,,,
Global Growth & Income,Murray International,Ordinary Share,30/06/2010,611190,952362689,155189460,158500395,155189460,158500395,0,0,0,155189460,825.5,19877126,,,101287232,465000,0,0,N/A,2,119,117,N,100,797173229,777296103,767.42,,,,,787.04,,,,,764.15,,,,,783.77,,,,,4.74,2,10,14,18,8,6,26,16,0,0,0,0,0,0,0,0,35,7,34,0,10,14,0,0,0,0,0,0,/,0,0,0,0,0,0,0,0,,,,,,,,,,,,,,932485563,,,"09/06/10 - 265,000 SHARES AT 809.00P
17/06/10 - 150,000 SHARES AT 836.00P
23/06/10 - 50,000 SHARES AT 841.00P"
Global Growth & Income,Scottish American,Ordinary Share,30/06/2010,787369,362284380,87668961,97816000,87668961,97816000,0,0,0,87668961,191,3446887,,,132485943,0,0,0,N/A,1,132,131,N,100,274615419,271168532,204.68,,,,,207.28,,,,,197.02,,,,,199.62,,,,,4.8,1,15,39,9,16,2,10,8,0,0,0,0,0,0,0,0,0,0,0,0,0,0,0,0,0,0,0,0,,0,0,0,0,0,0,0,0,,,,,,,,,,,,,,358837493,,,
Category,Name,Type,Date,SEDOL,Total Assets incl CYR,PC Total Par,PC Total Fair,PC Debt Par,PC Debt Fair,PC Equity,Convertibles Par,Convertibles Fair,PC Gearing,MonthEnd MidPrice,CurrYrRev(CYR),Rev Res (splits only),Rev Allocation % (splits only),Number,Issued,Purch,Treasury,below NAV,Cash/CashEquiv,GrossGearing,NetGearing,Loss,CYR allocation %,SHF per share inc CYR,SHF per share exc CYR,PCNCWNE,   PCNCWE,   PCCWNE,   PCCWE,   PCCWETS,PCNCWNEcum,PCNCWEcum,PCCWNEcum,PCCWEcum,PCCWETScum,FCNCWNE,   FCNCWE,   FCCWNE,   FCCWE,   FCCWETS,FCNCWNEcum,FCNCWEcum,FCCWNEcum,FCCWEcum,FCCWETScum,PFY,Cash/Cash Equiv.,Fixed Interest,UK Equities,Cont. Europe,North America,Japan ,Other Pacific,Other ,Cash/Cash Equiv.,UK Equities,Inv.Grade. Corp.Bonds,HY Corp. Bonds,Gov. Bonds,Sec.Loans /ABS,Int. Equities,Other ,UK Equities,Cont. Europe,North America,Japan ,Other Pacific,Other ,UK Equities,Cont. Europe,North America,Japan ,Other Pacific,Other ,Flags,,,,,,,,,Cat 2,Name,in issue,NAV Par,NAV Fair,Gross Gearing,Net Gearing,Name,in issue,NAV Par,NAV Fair,Gross Gearing,Net Gearing,Total Assets ex CYR,FootNote,Note,Note
Global High Income,HarbourVest Senior Loans Europe,Ordinary Share,30/06/2010,B4N5LG2,,,,,,,,,,,,,,,,,,,,,,,,,,,,,,,,,,,,,,,,,,,,,,,,,,,,,,,,,,,,,,,,,,,,,,,,,,,,,,,,,,,,,,,,,,,,,,,,,,,,
Global High Income,Henderson Diversified Income,Ordinary Share,30/06/2010,B1Y1NS4,73567000,9351178,9351178,9351178,9351178,0,0,0,9351178,70,637000,,,83640877,0,0,0,N/A,4,115,110,N,100,64215822,63578822,76.01,,,,,76.78,,,,,76.01,,,,,76.78,,,,,6.2,4,94,2,0,0,0,0,0,4,2,24,19,51,0,0,0,45,43,12,0,0,0,45,43,12,0,0,0,,0,0,0,0,0,0,0,0,,,,,,,,,,,,,,72930000,The portfolio has exposure to credit default swaps totalling £5m,,
Global High Income,INVESCO Leveraged High Yield,Ordinary Share,30/06/2010,B05NYM3,104978387,37963241,37963241,37963241,37963241,0,0,0,37963241,55,2244933,,,111392526,0,0,0,N/A,11,157,139,N,100,67015146,64770213,58.15,,,,,60.16,,,,,58.15,,,,,60.16,,,,,4.13,11,87,1,0,1,0,0,0,11,0,27,62,0,0,0,0,36,44,20,0,0,0,36,44,20,0,0,0,,0,0,0,0,0,0,0,0,,,,,,,,,,,,,,102733454,,FV of REPOS not materially different to PAR,
Category,Name,Type,Date,SEDOL,Total Assets incl CYR,PC Total Par,PC Total Fair,PC Debt Par,PC Debt Fair,PC Equity,Convertibles Par,Convertibles Fair,PC Gearing,MonthEnd MidPrice,CurrYrRev(CYR),Rev Res (splits only),Rev Allocation % (splits only),Number,Issued,Purch,Treasury,below NAV,Cash/CashEquiv,GrossGearing,NetGearing,Loss,CYR allocation %,SHF per share inc CYR,SHF per share exc CYR,PCNCWNE,   PCNCWE,   PCCWNE,   PCCWE,   PCCWETS,PCNCWNEcum,PCNCWEcum,PCCWNEcum,PCCWEcum,PCCWETScum,FCNCWNE,   FCNCWE,   FCCWNE,   FCCWE,   FCCWETS,FCNCWNEcum,FCNCWEcum,FCCWNEcum,FCCWEcum,FCCWETScum,PFY,Cash/Cash Equiv.,Fixed Interest,UK ,Cont. Europe,North America,Japan ,Other Pacific,Other , , , , , , , , ,UK ,Cont. Europe,North America,Japan ,Other Pacific,Other ,UK ,Cont. Europe,North America,Japan ,Other Pacific,Other ,Flags,,,,,,,,,Cat 2,Name,in issue,NAV Par,NAV Fair,Gross Gearing,Net Gearing,Name,in issue,NAV Par,NAV Fair,Gross Gearing,Net Gearing,Total Assets ex CYR,FootNote,Note,Note
Global Smaller Companies,Marwyn Value Investors,Ordinary Share,30/06/2010,B614XS1,,,,,,,,,,,,,,,,,,,,,,,,,,,,,,,,,,,,,,,,,,,,,,,,,,,,,,,,,,,,,,,,,,,,,,,,,,,,,,,,,,,,,,,,,,,,,,,,,,,,
Global Smaller Companies,Marwyn Value Investors B shares,B Share,30/06/2010,B4LJGB6,,,,,,,,,,,,,,,,,,,,,,,,,,,,,,,,,,,,,,,,,,,,,,,,,,,,,,,,,,,,,,,,,,,,,,,,,,,,,,,,,,,,,,,,,,,,,,,,,,,,
Category,Name,Type,Date,SEDOL,Total Assets incl CYR,PC Total Par,PC Total Fair,PC Debt Par,PC Debt Fair,PC Equity,Convertibles Par,Convertibles Fair,PC Gearing,MonthEnd MidPrice,CurrYrRev(CYR),Rev Res (splits only),Rev Allocation % (splits only),Number,Issued,Purch,Treasury,below NAV,Cash/CashEquiv,GrossGearing,NetGearing,Loss,CYR allocation %,SHF per share inc CYR,SHF per share exc CYR,PCNCWNE,   PCNCWE,   PCCWNE,   PCCWE,   PCCWETS,PCNCWNEcum,PCNCWEcum,PCCWNEcum,PCCWEcum,PCCWETScum,FCNCWNE,   FCNCWE,   FCCWNE,   FCCWE,   FCCWETS,FCNCWNEcum,FCNCWEcum,FCCWNEcum,FCCWEcum,FCCWETScum,PFY,Cash/Cash Equiv.,Fixed Interest,UK ,Cont. Europe,North America,Japan ,Other Pacific,Other ,Cash/Cash Equiv.,Long-Short Credit,Long-Short Equities,Event Driven,Multi- Strategy,Macro ,Systematic Volatility,Other ,UK ,Cont. Europe,North America,Japan ,Other Pacific,Other ,UK ,Cont. Europe,North America,Japan ,Other Pacific,Other ,Flags,,,,,,,,,Cat 2,Name,in issue,NAV Par,NAV Fair,Gross Gearing,Net Gearing,Name,in issue,NAV Par,NAV Fair,Gross Gearing,Net Gearing,Total Assets ex CYR,FootNote,Note,Note
Hedge Funds,Absolute Return Trust Euro,Ordinary Share,30/06/2010,B29YCR7,,,,,,,,,,,,,,,,,,,,,,,,,,,,,,,,,,,,,,,,,,,,,,,,,,,,,,,,,,,,,,,,,,,,,,,,,,,,,,,,,,,,,,,,,,,,,,,,,,,,
Hedge Funds,Absolute Return Trust,Ordinary Share,30/06/2010,B05PYY1,,,,,,,,,,,,,,,,,,,,,,,,,,,,,,,,,,,,,,,,,,,,,,,,,,,,,,,,,,,,,,,,,,,,,,,,,,,,,,,,,,,,,,,,,,,,,,,,,,,,
Hedge Funds,AcenciA Debt Strategies,Ordinary Share,30/06/2010,B0Q73G1,,,,,,,,,,,,,,,,,,,,,,,,,,,,,,,,,,,,,,,,,,,,,,,,,,,,,,,,,,,,,,,,,,,,,,,,,,,,,,,,,,,,,,,,,,,,,,,,,,,,
Hedge Funds,Alternative Investment Strategies,Ordinary Share,30/06/2010,B06GDT1,,,,,,,,,,,,,,,,,,,,,,,,,,,,,,,,,,,,,,,,,,,,,,,,,,,,,,,,,,,,,,,,,,,,,,,,,,,,,,,,,,,,,,,,,,,,,,,,,,,,
Hedge Funds,BH Global Euro,Ordinary Share,30/06/2010,B2QQPM2,,,,,,,,,,,,,,,,,,,,,,,,,,,,,,,,,,,,,,,,,,,,,,,,,,,,,,,,,,,,,,,,,,,,,,,,,,,,,,,,,,,,,,,,,,,,,,,,,,,,
Hedge Funds,BH Global,Ordinary Share,30/06/2010,B2QQPT9
Hedge Funds,BH Global USD,Ordinary Share,30/06/2010,B2QQPS8
Hedge Funds,BH Macro Euro,Ordinary Share,30/06/2010,B1NPGZ5
Hedge Funds,BH Macro,Ordinary Share,30/06/2010,B1NP514
Hedge Funds,BH Macro USD,Ordinary Share,30/06/2010,B1NPGV1
Hedge Funds,BlackRock Absolute Return Strategies Euro,Ordinary Share,30/06/2010,B2PXNC0
Hedge Funds,BlackRock Absolute Return Strategies,Ordinary Share,30/06/2010,B2PXDB9
Hedge Funds,BlackRock Absolute Return Strategies USD,Ordinary Share,30/06/2010,B2PXNQ4
Hedge Funds,BlackRock Hedge Selector Cash,Ordinary Share,30/06/2010,B40HG88
Hedge Funds,BlackRock Hedge Selector UK Emerging,Ordinary Share,30/06/2010,B42J3Y7
Hedge Funds,BlueCrest AllBlue Euro,Ordinary Share,30/06/2010,B13YXC8
Hedge Funds,BlueCrest AllBlue Euro C shares,Ordinary Share,30/06/2010,B3XGCG5
Hedge Funds,BlueCrest AllBlue,Ordinary Share,30/06/2010,B13YVW4
Hedge Funds,BlueCrest AllBlue C shares,Ordinary Share,30/06/2010,B3Y72K1
Hedge Funds,BlueCrest AllBlue USD,Ordinary Share,30/06/2010,B13YXH3
Hedge Funds,BlueCrest AllBlue USD C shares,Ordinary Share,30/06/2010,B3R7T74
Hedge Funds,Castle Asia Alternative,Redeemable Preference Shr,30/06/2010,B0MSVZ3,,,,,,,,,,,,,,,,,,,,,,,,,,,,,,,,,,,,,,,,,,,,,,,,,,,,,,,,,,,,,,,,,,,,,,,,,,,,,,,,,,,,,,,,,,,,,,,,,,,,
Hedge Funds,Cazenove Absolute Equity,Ordinary Share,30/06/2010,B1FQF60,,,,,,,,,,,,,,,,,,,,,,,,,,,,,,,,,,,,,,,,,,,,,,,,,,,,,,,,,,,,,,,,,,,,,,,,,,,,,,,,,,,,,,,,,,,,,,,,,,,,
Hedge Funds,Dexion Absolute Euro,Ordinary Share,30/06/2010,B0FXK92,,,,,,,,,,,,,,,,,,,,,,,,,,,,,,,,,,,,,,,,,,,,,,,,,,,,,,,,,,,,,,,,,,,,,,,,,,,,,,,,,,,,,,,,,,,,,,,,,,,,
Hedge Funds,Dexion Absolute,Ordinary Share,30/06/2010,3228702,,,,,,,,,,,,,,,,,,,,,,,,,,,,,,,,,,,,,,,,,,,,,,,,,,,,,,,,,,,,,,,,,,,,,,,,,,,,,,,,,,,,,,,,,,,,,,,,,,,,
Hedge Funds,Dexion Absolute USD,Ordinary Share,30/06/2010,B0FXL33,,,,,,,,,,,,,,,,,,,,,,,,,,,,,,,,,,,,,,,,,,,,,,,,,,,,,,,,,,,,,,,,,,,,,,,,,,,,,,,,,,,,,,,,,,,,,,,,,,,,
Hedge Funds,Dexion Commodities Euro,Ordinary Share,30/06/2010,B0ZQ994,,,,,,,,,,,,,,,,,,,,,,,,,,,,,,,,,,,,,,,,,,,,,,,,,,,,,,,,,,,,,,,,,,,,,,,,,,,,,,,,,,,,,,,,,,,,,,,,,,,,
Hedge Funds,Dexion Commodities,Ordinary Share,30/06/2010,B0ZQ8Q4,,,,,,,,,,,,,,,,,,,,,,,,,,,,,,,,,,,,,,,,,,,,,,,,,,,,,,,,,,,,,,,,,,,,,,,,,,,,,,,,,,,,,,,,,,,,,,,,,,,,
Hedge Funds,Dexion Commodities USD,Ordinary Share,30/06/2010,B0ZQBH6,,,,,,,,,,,,,,,,,,,,,,,,,,,,,,,,,,,,,,,,,,,,,,,,,,,,,,,,,,,,,,,,,,,,,,,,,,,,,,,,,,,,,,,,,,,,,,,,,,,,
Hedge Funds,Dexion Equity Alternative,Ordinary Share,30/06/2010,3431232,,,,,,,,,,,,,,,,,,,,,,,,,,,,,,,,,,,,,,,,,,,,,,,,,,,,,,,,,,,,,,,,,,,,,,,,,,,,,,,,,,,,,,,,,,,,,,,,,,,,
Hedge Funds,Dexion Trading,Ordinary Share,30/06/2010,B037814,,,,,,,,,,,,,,,,,,,,,,,,,,,,,,,,,,,,,,,,,,,,,,,,,,,,,,,,,,,,,,,,,,,,,,,,,,,,,,,,,,,,,,,,,,,,,,,,,,,,
Hedge Funds,FRM Credit Alpha,Ordinary Share,30/06/2010,B1VR2X3,,,,,,,,,,,,,,,,,,,,,,,,,,,,,,,,,,,,,,,,,,,,,,,,,,,,,,,,,,,,,,,,,,,,,,,,,,,,,,,,,,,,,,,,,,,,,,,,,,,,
Hedge Funds,Goldman Sachs Dynamic Opportunities Euro,Ordinary Share,30/06/2010,B173NZ4,,,,,,,,,,,,,,,,,,,,,,,,,,,,,,,,,,,,,,,,,,,,,,,,,,,,,,,,,,,,,,,,,,,,,,,,,,,,,,,,,,,,,,,,,,,,,,,,,,,,
Hedge Funds,Goldman Sachs Dynamic Opportunities,Ordinary Share,30/06/2010,B173611,,,,,,,,,,,,,,,,,,,,,,,,,,,,,,,,,,,,,,,,,,,,,,,,,,,,,,,,,,,,,,,,,,,,,,,,,,,,,,,,,,,,,,,,,,,,,,,,,,,,
Hedge Funds,Goldman Sachs Dynamic Opportunities USD,Ordinary Share,30/06/2010,B173P70,,,,,,,,,,,,,,,,,,,,,,,,,,,,,,,,,,,,,,,,,,,,,,,,,,,,,,,,,,,,,,,,,,,,,,,,,,,,,,,,,,,,,,,,,,,,,,,,,,,,
Hedge Funds,Gottex Market Neutral,Ordinary Share,30/06/2010,B1S4QQ8,,,,,,,,,,,,,,,,,,,,,,,,,,,,,,,,,,,,,,,,,,,,,,,,,,,,,,,,,,,,,,,,,,,,,,,,,,,,,,,,,,,,,,,,,,,,,,,,,,,,
Hedge Funds,Invesco Perpetual Select Hedge Fund,Ordinary Share,30/06/2010,B1DQ669,15909577,425000,425000,425000,425000,0,0,0,425000,104.5,-88262,,,13796086,0,99000,1199000,No,0,103,103,N,100,15484577,15572839,112.88,,,,112.88,112.24,,,,112.24,112.88,,,,112.88,112.24,,,,112.24,0,0,0,100,0,0,0,0,0,0,0,0,0,0,0,0,0,0,0,0,0,0,0,0,0,0,0,0,0,,0,0,0,0,0,0,0,0,,,,,,,,,,,,,,15997839,,FV of loan not materially different to PAR,"99,000 ord 1p shars repurchased on 4/6 into Treasury at 106.1p per share"
Hedge Funds,MW TOPS Euro,Ordinary Share,30/06/2010,B39VXT4,,,,,,,,,,,,,,,,,,,,,,,,,,,,,,,,,,,,,,,,,,,,,,,,,,,,,,,,,,,,,,,,,,,,,,,,,,,,,,,,,,,,,,,,,,,,,,,,,,,,
Hedge Funds,MW TOPS,Ordinary Share,30/06/2010,B39VY02,,,,,,,,,,,,,,,,,,,,,,,,,,,,,,,,,,,,,,,,,,,,,,,,,,,,,,,,,,,,,,,,,,,,,,,,,,,,,,,,,,,,,,,,,,,,,,,,,,,,
Hedge Funds,MW TOPS USD,Ordinary Share,30/06/2010,B39VY13,,,,,,,,,,,,,,,,,,,,,,,,,,,,,,,,,,,,,,,,,,,,,,,,,,,,,,,,,,,,,,,,,,,,,,,,,,,,,,,,,,,,,,,,,,,,,,,,,,,,
Hedge Funds,Signet Global Fixed Income Strategies,Ordinary Share,30/06/2010,B1GJQ98,,,,,,,,,,,,,,,,,,,,,,,,,,,,,,,,,,,,,,,,,,,,,,,,,,,,,,,,,,,,,,,,,,,,,,,,,,,,,,,,,,,,,,,,,,,,,,,,,,,,
Category,Name,Type,Date,SEDOL,Total Assets incl CYR,PC Total Par,PC Total Fair,PC Debt Par,PC Debt Fair,PC Equity,Convertibles Par,Convertibles Fair,PC Gearing,MonthEnd MidPrice,CurrYrRev(CYR),Rev Res (splits only),Rev Allocation % (splits only),Number,Issued,Purch,Treasury,below NAV,Cash/CashEquiv,GrossGearing,NetGearing,Loss,CYR allocation %,SHF per share inc CYR,SHF per share exc CYR,PCNCWNE,   PCNCWE,   PCCWNE,   PCCWE,   PCCWETS,PCNCWNEcum,PCNCWEcum,PCCWNEcum,PCCWEcum,PCCWETScum,FCNCWNE,   FCNCWE,   FCCWNE,   FCCWE,   FCCWETS,FCNCWNEcum,FCNCWEcum,FCCWNEcum,FCCWEcum,FCCWETScum,PFY,Cash/Cash Equiv.,Fixed Interest,UK ,Cont. Europe,North America,Japan ,Pacific ,Other ,Cash/Cash Equiv.,Fixed Interest,UK Equities,Japan 1 section,Japan 2 section,Jap OTC/ Region,Other ,TA Yen Exposure,UK ,Cont. Europe,North America,Japan ,Pacific ,Other ,UK ,Cont. Europe,North America,Japan ,Pacific ,Other ,Flags,,,,,,,,,Cat 2,Name,in issue,NAV Par,NAV Fair,Gross Gearing,Net Gearing,Name,in issue,NAV Par,NAV Fair,Gross Gearing,Net Gearing,Total Assets ex CYR,FootNote,Note,Note
Japan,Baillie Gifford Japan,Ordinary Share,30/06/2010,48583,149164716,26814734,27257184,26814734,27257184,0,0,0,26814734,164.5,834858,,,61935000,0,0,0,N/A,2,122,119,N,100,122349982,121515124,196.2,,,,,197.55,,,,,195.48,,,,,196.83,,,,,1.7,2,0,0,0,0,98,0,0,2,0,0,90,0,8,0,100,0,0,0,0,0,0,0,0,0,0,0,0,,0,0,0,0,0,0,0,0,,,,,,,,,,,,,,148329858,,,
Japan,JPMorgan Japanese,Ordinary Share,30/06/2010,174002,304975249,1192138,1192138,1192138,1192138,0,0,0,1192138,154,2609311,,,161548078,0,0,0,N/A,0,100,100,N,100,303783111,301173800,186.43,,,,,188.05,,,,,186.43,,,,,188.05,,,,,1.68,0,0,0,0,0,100,0,0,0,0,0,85,0,15,0,100,0,0,0,0,0,0,0,0,0,0,0,0,,0,0,0,0,0,0,0,0,,,,,,,,,,,,,,302365938,,,
Japan,Melchior Japan,Ordinary Share,30/06/2010,B104VL6,44677321,2291301,2291301,2291301,2291301,0,0,0,2291301,40.75,-90748,,,87256552,0,0,0,N/A,-4,105,110,Y,100,42386020,42476768,,,,,,48.58,,,,,,,,,,48.58,,,,,,-4,0,0,0,0,104,0,0,0,0,0,0,0,0,0,0,0,0,0,0,0,0,0,0,0,0,0,0,,0,0,0,0,0,0,0,0,,,,,,,,,,,,,,44768069,,,
Japan,Morant Wright Japan Income Trust,Ordinary Share,30/06/2010,B0LVM72,,,,,,,,,,,,,,,,,,,,,,,,,,,,,,,,,,,,,,,,,,,,,,,,,,,,,,,,,,,,,,,,,,,,,,,,,,,,,,,,,,,,,,,,,,,,,,,,,,,,
Japan,Schroder Japan Growth,Ordinary Share,30/06/2010,802284,140567703,22660341,22660341,22660341,22660341,0,0,0,22660341,78.25,429427,,,125008200,0,0,0,N/A,6,119,112,N,100,117907362,117477935,93.98,,,,,94.32,,,,,93.98,,,,,94.32,,,,,1.8,6,0,0,0,0,94,0,0,6,0,0,94,0,0,0,100,-3,0,0,103,0,0,0,0,0,100,0,0,,0,0,0,0,0,0,0,0,,,,,,,,,,,,,,140138276,,Fair and Par are not materially different,
Category,Name,Type,Date,SEDOL,Total Assets incl CYR,PC Total Par,PC Total Fair,PC Debt Par,PC Debt Fair,PC Equity,Convertibles Par,Convertibles Fair,PC Gearing,MonthEnd MidPrice,CurrYrRev(CYR),Rev Res (splits only),Rev Allocation % (splits only),Number,Issued,Purch,Treasury,below NAV,Cash/CashEquiv,GrossGearing,NetGearing,Loss,CYR allocation %,SHF per share inc CYR,SHF per share exc CYR,PCNCWNE,   PCNCWE,   PCCWNE,   PCCWE,   PCCWETS,PCNCWNEcum,PCNCWEcum,PCCWNEcum,PCCWEcum,PCCWETScum,FCNCWNE,   FCNCWE,   FCCWNE,   FCCWE,   FCCWETS,FCNCWNEcum,FCNCWEcum,FCCWNEcum,FCCWEcum,FCCWETScum,PFY,Cash/Cash Equiv.,Fixed Interest,UK ,Cont. Europe,North America,Japan ,Pacific ,Other ,Cash/Cash Equiv.,Fixed Interest,UK Equities,Japan 1 section,Japan 2 section,Jap OTC/ Region,Other ,TA Yen Exposure,UK ,Cont. Europe,North America,Japan ,Pacific ,Other ,UK ,Cont. Europe,North America,Japan ,Pacific ,Other ,Flags,,,,,,,,,Cat 2,Name,in issue,NAV Par,NAV Fair,Gross Gearing,Net Gearing,Name,in issue,NAV Par,NAV Fair,Gross Gearing,Net Gearing,Total Assets ex CYR,FootNote,Note,Note
Japanese Smaller Companies,Atlantis Japan Growth,Ordinary Share,30/06/2010,62356,,,,,,,,,,,,,,,,,,,,,,,,,,,,,,,,,,,,,,,,,,,,,,,,,,,,,,,,,,,,,,,,,,,,,,,,,,,,,,,,,,,,,,,,,,,,,,,,,,,,
Japanese Smaller Companies,Baillie Gifford Shin Nippon,Ordinary Share,30/06/2010,70627,57566130,8686463,8800615,8686463,8800615,0,0,0,8686463,135.75,196402,,,31100497,0,0,0,N/A,2,118,115,N,100,48879667,48683265,156.54,,,,,157.17,,,,,156.17,,,,,156.8,,,,,1.9,2,0,0,0,0,98,0,0,2,0,0,70,8,20,0,100,0,0,0,0,0,0,0,0,0,0,0,0,,0,0,0,0,0,0,0,0,,,,,,,,,,,,,,57369728,,,
Japanese Smaller Companies,Fidelity Japanese Values,Ordinary Share,30/06/2010,332855,57317922,0,0,0,0,0,0,0,0,50.5,-175321,,,95663205,3745,0,0,N/A,2,100,98,Y,100,57317922,57493243,,,,,,59.92,59.1,,,,,,,,,59.92,59.1,,,,,2,0,0,0,0,98,0,0,2,0,0,86,4,8,0,100,0,0,0,0,0,0,0,0,0,0,0,0,/,0,0,0,0,0,0,0,0,,,,,,,,,,,,,,57493243,"The Company has no financial gearing. However, it is exposed to the market through the use of Contract for Difference (CFDs). The Total Market Exposure of CFDs plus Equity as at 30 June 2010 was 126.46%.",,"During the month 3,745 subscription shares were exercised at an exercise price of 55 pence per share for a total consideration of £2,059.75.
"
Japanese Smaller Companies,JPMorgan Fleming Japanese Smaller Cos,Ordinary Share,30/06/2010,316581,83645881,15106894,15106894,15106894,15106894,0,0,0,15106894,142.25,-351069,,,39446514,3861,0,419500,Yes,17,122,101,Y,100,68538987,68890056,,,,,,173.75,169.6,,,169.36,,,,,,173.75,169.6,,,169.36,1.31,17,0,0,0,0,83,0,0,17,0,0,74,0,9,0,100,0,0,0,0,0,0,0,0,0,0,0,0,,0,0,0,0,0,0,0,0,,,,,,,,,,,,,,83996950,,,
Japanese Smaller Companies,Prospect Japan,Ordinary Share,30/06/2010,B011QL4,,,,,,,,,,,,,,,,,,,,,,,,,,,,,,,,,,,,,,,,,,,,,,,,,,,,,,,,,,,,,,,,,,,,,,,,,,,,,,,,,,,,,,,,,,,,,,,,,,,,
Category,Name,Type,Date,SEDOL,Total Assets incl CYR,PC Total Par,PC Total Fair,PC Debt Par,PC Debt Fair,PC Equity,Convertibles Par,Convertibles Fair,PC Gearing,MonthEnd MidPrice,CurrYrRev(CYR),Rev Res (splits only),Rev Allocation % (splits only),Number,Issued,Purch,Treasury,below NAV,Cash/CashEquiv,GrossGearing,NetGearing,Loss,CYR allocation %,SHF per share inc CYR,SHF per share exc CYR,PCNCWNE,   PCNCWE,   PCCWNE,   PCCWE,   PCCWETS,PCNCWNEcum,PCNCWEcum,PCCWNEcum,PCCWEcum,PCCWETScum,FCNCWNE,   FCNCWE,   FCCWNE,   FCCWE,   FCCWETS,FCNCWNEcum,FCNCWEcum,FCCWNEcum,FCCWEcum,FCCWETScum,PFY,Cash/Cash Equiv.,Fixed Interest,Argen tina,Brazil ,Chile ,Colum bia,Mexico ,Other , , , , , , , , ,Argen tina,Brazil ,Chile ,Colum bia,Mexico ,Other ,Argen tina,Brazil ,Chile ,Colum bia,Mexico ,Other ,Flags,,,,,,,,,Cat 2,Name,in issue,NAV Par,NAV Fair,Gross Gearing,Net Gearing,Name,in issue,NAV Par,NAV Fair,Gross Gearing,Net Gearing,Total Assets ex CYR,FootNote,Note,Note
Latin America,BlackRock Latin American,Ordinary Share,30/06/2010,505840,323285475,15858,15858,15858,15858,0,52851495,65235840,52867353,616,4781662,,,43835522,0,0,0,No,5,120,114,N,100,323269617,318487955,605.98,,602.66,,,616.89,,611.72,,,577.73,,602.66,,,588.64,,611.72,,,,5,0,1,68,3,0,17,6,0,0,0,0,0,0,0,0,0,0,0,0,0,0,0,0,0,0,0,0,/,0,0,0,0,0,0,0,0,,,,,,,,,,,,,,318503813,,Calculated based on the exchange rates on the NAV date.,
Latin America,JPMorgan Brazil,Ordinary Share,30/06/2010,B602HS4,45995783,0,0,0,0,0,0,0,0,100.75,42222,,,49291352,1550002,0,0,N/A,14,100,86,N,100,45995783,45953561,93.23,,,,,93.31,,,,,93.23,,,,,93.31,,,,,1.98,14,0,0,86,0,0,0,0,0,0,0,0,0,0,0,0,0,0,0,0,0,0,0,0,0,0,0,0,,0,0,0,0,0,0,0,0,,,,,,,,,,,,,,45953561,,,
Category,Name,Type,Date,SEDOL,Total Assets incl CYR,PC Total Par,PC Total Fair,PC Debt Par,PC Debt Fair,PC Equity,Convertibles Par,Convertibles Fair,PC Gearing,MonthEnd MidPrice,CurrYrRev(CYR),Rev Res (splits only),Rev Allocation % (splits only),Number,Issued,Purch,Treasury,below NAV,Cash/CashEquiv,GrossGearing,NetGearing,Loss,CYR allocation %,SHF per share inc CYR,SHF per share exc CYR,PCNCWNE,   PCNCWE,   PCCWNE,   PCCWE,   PCCWETS,PCNCWNEcum,PCNCWEcum,PCCWNEcum,PCCWEcum,PCCWETScum,FCNCWNE,   FCNCWE,   FCCWNE,   FCCWE,   FCCWETS,FCNCWNEcum,FCNCWEcum,FCCWNEcum,FCCWEcum,FCCWETScum,PFY,Cash/Cash Equiv.,Fixed Interest,UK ,United States,Canada ,Mexico ,North America,Other ,Cash/Cash Equiv.,Fixed Interest,UK Equities,S&P 500 ,Other US Equities,Other Equities,Other ,TA $ Exposure,UK ,United States,Canada ,Mexico ,North America,Other ,UK ,United States,Canada ,Mexico ,North America,Other ,Flags,,,,,,,,,Cat 2,Name,in issue,NAV Par,NAV Fair,Gross Gearing,Net Gearing,Name,in issue,NAV Par,NAV Fair,Gross Gearing,Net Gearing,Total Assets ex CYR,FootNote,Note,Note
North America,Edinburgh US Tracker,Ordinary Share,30/06/2010,29362,202628242,0,0,0,0,0,0,0,0,551,1364433,,,35103608,0,46000,0,N/A,0,100,100,N,100,202628242,201263809,573.34,,,,,577.23,,,,,573.34,,,,,577.23,,,,,0,0,0,0,100,0,0,0,0,0,0,0,100,0,0,0,100,0,0,0,0,0,0,0,100,0,0,0,0,,0,0,0,0,0,0,0,0,,,,,,,,,,,,,,201263809,,,"03/06/10 - Buyback of 21,000 shares at a cost of £126,009.18, 29/06/10 - Buyback of 25,000 shares at a cost of £138,457.38."
North America,JPMorgan American,Ordinary Share,30/06/2010,846505,359917074,49767547,60260205,49767547,60260205,0,0,0,49767547,726,2350393,,,42725949,0,0,0,N/A,0,116,116,N,100,310149527,307799134,720.4,,,,,725.9,,,,,695.85,,,,,701.35,,,,,2.13,0,0,0,100,0,0,0,0,0,0,0,100,0,0,0,100,0,0,0,0,0,0,0,0,0,0,0,0,,0,0,0,0,0,0,0,0,,,,,,,,,,,,,,357566681,,"Debentures have been revalued using an estimated fair value market spread ç
over the relevant gilt; interest rate swaps and fixed loans have been ç
revalued using a mark to market estimates provided by a counterparty or other ç
ç
relevant source.",
Category,Name,Type,Date,SEDOL,Total Assets incl CYR,PC Total Par,PC Total Fair,PC Debt Par,PC Debt Fair,PC Equity,Convertibles Par,Convertibles Fair,PC Gearing,MonthEnd MidPrice,CurrYrRev(CYR),Rev Res (splits only),Rev Allocation % (splits only),Number,Issued,Purch,Treasury,below NAV,Cash/CashEquiv,GrossGearing,NetGearing,Loss,CYR allocation %,SHF per share inc CYR,SHF per share exc CYR,PCNCWNE,   PCNCWE,   PCCWNE,   PCCWE,   PCCWETS,PCNCWNEcum,PCNCWEcum,PCCWNEcum,PCCWEcum,PCCWETScum,FCNCWNE,   FCNCWE,   FCCWNE,   FCCWE,   FCCWETS,FCNCWNEcum,FCNCWEcum,FCCWNEcum,FCCWEcum,FCCWETScum,PFY,Cash/Cash Equiv.,Fixed Interest,UK ,United States,Canada ,Mexico ,North America,Other ,Cash/Cash Equiv.,Fixed Interest,UK Equities,S&P 500 ,Other US Equities,Other Equities,Other ,TA $ Exposure,UK ,United States,Canada ,Mexico ,North America,Other ,UK ,United States,Canada ,Mexico ,North America,Other ,Flags,,,,,,,,,Cat 2,Name,in issue,NAV Par,NAV Fair,Gross Gearing,Net Gearing,Name,in issue,NAV Par,NAV Fair,Gross Gearing,Net Gearing,Total Assets ex CYR,FootNote,Note,Note
North American Smaller Companies,F&C US Smaller Companies,Ordinary Share,30/06/2010,346340,77310000,0,0,0,0,0,0,0,0,354.5,-327000,,,20707135,0,0,0,N/A,1,100,99,Y,100,77310000,77637000,,,,,,373.35,,,,,,,,,,373.35,,,,,0.82,1,0,0,99,0,0,0,0,1,0,0,0,99,0,0,100,0,100,0,0,0,0,0,100,0,0,0,0,/A,0,0,0,0,0,0,0,0,,,,,,,,,,,,,,77637000,,,
North American Smaller Companies,JPMorgan US Smaller Companies,Ordinary Share,30/06/2010,341710,48185052,4678832,4678832,4678832,4678832,0,0,0,4678832,771,61542,,,5429610,0,0,0,Yes,1,111,110,Y,100,43506220,43444678,,,,,,801.28,,,,,,,,,,801.28,,,,,0.82,1,0,0,99,0,0,0,0,1,0,0,0,99,0,0,100,0,0,0,0,0,0,0,0,0,0,0,0,,0,0,0,0,0,0,0,0,,,,,,,,,,,,,,48123510,,,
North American Smaller Companies,North Atlantic Smaller Companies,Ordinary Share,30/06/2010,643900,,,,,,,,,,,,,,,,,,,,,,,,,,,,,,,,,,,,,,,,,,,,,,,,,,,,,,,,,,,,,,,,,,,,,,,,,,,,,,,,,,,,,,,,,,,,,,,,,,,,
North American Smaller Companies,Renaissance US Growth,Ordinary Share,30/06/2010,732518,60810947,1256925,1256925,1256925,1256925,0,0,0,1256925,276,-203524,,,18659008,0,0,0,N/A,5,102,97,Y,100,59554022,59757546,,,,,,319.17,,,,,,,,,,319.17,,,,,0.75,5,7,0,86,2,0,0,0,5,7,0,0,86,2,0,97,11,89,0,0,0,0,0,97,2,0,0,1,,0,0,0,0,0,0,0,0,,,,,,,,,,,,,,61014471,,,
Category,Name,Type,Date,SEDOL,Total Assets incl CYR,PC Total Par,PC Total Fair,PC Debt Par,PC Debt Fair,PC Equity,Convertibles Par,Convertibles Fair,PC Gearing,MonthEnd MidPrice,CurrYrRev(CYR),Rev Res (splits only),Rev Allocation % (splits only),Number,Issued,Purch,Treasury,below NAV,Cash/CashEquiv,GrossGearing,NetGearing,Loss,CYR allocation %,SHF per share inc CYR,SHF per share exc CYR,PCNCWNE,   PCNCWE,   PCCWNE,   PCCWE,   PCCWETS,PCNCWNEcum,PCNCWEcum,PCCWNEcum,PCCWEcum,PCCWETScum,FCNCWNE,   FCNCWE,   FCCWNE,   FCCWE,   FCCWETS,FCNCWNEcum,FCNCWEcum,FCCWNEcum,FCCWEcum,FCCWETScum,PFY,Cash/Cash Equiv.,Fixed Interest,UK ,Cont. Europe,North America,Japan ,Other Pacific,Other ,Cash/Cash Equiv.,Fixed Interest,UK Listed,UK Unlisted,Cont. Eur Listed,Cont. Eur Unlisted,US Listed,US Unlisted,UK ,Cont. Europe,North America,Japan ,Other Pacific,Other ,UK ,Cont. Europe,North America,Japan ,Other Pacific,Other ,Flags,,,,,,,,,Cat 2,Name,in issue,NAV Par,NAV Fair,Gross Gearing,Net Gearing,Name,in issue,NAV Par,NAV Fair,Gross Gearing,Net Gearing,Total Assets ex CYR,FootNote,Note,Note
Private Equity,Aberdeen Private Equity,Ordinary Share,30/06/2010,B1XCHB9,,,,,,,,,,,,,,,,,,,,,,,,,,,,,,,,,,,,,,,,,,,,,,,,,,,,,,,,,,,,,,,,,,,,,,,,,,,,,,,,,,,,,,,,,,,,,,,,,,,,
Private Equity,Better Capital (AIM),Ordinary Share,30/06/2010,B588594,,,,,,,,,,,,,,,,,,,,,,,,,,,,,,,,,,,,,,,,,,,,,,,,,,,,,,,,,,,,,,,,,,,,,,,,,,,,,,,,,,,,,,,,,,,,,,,,,,,,
Private Equity,Candover,Ordinary Share,30/06/2010,171315,,,,,,,,,,,,,,,,,,,,,,,,,,,,,,,,,,,,,,,,,,,,,,,,,,,,,,,,,,,,,,,,,,,,,,,,,,,,,,,,,,,,,,,,,,,,,,,,,,,,
Private Equity,Dunedin Enterprise,Ordinary Share,30/06/2010,577656,,,,,,,,,,,,,,,,,,,,,,,,,,,,,,,,,,,,,,,,,,,,,,,,,,,,,,,,,,,,,,,,,,,,,,,,,,,,,,,,,,,,,,,,,,,,,,,,,,,,
Private Equity,F&C Private Equity Restricted Voting,Ordinary Share,30/06/2010,3073816,,,,,,,,,,,,,,,,,,,,,,,,,,,,,,,,,,,,,,,,,,,,,,,,,,,,,,,,,,,,,,,,,,,,,,,,,,,,,,,,,,,,,,,,,,,,,,,,,,,,
Private Equity,Graphite Enterprise,Ordinary Share,30/06/2010,329200,,,,,,,,,,,,,,,,,,,,,,,,,,,,,,,,,,,,,,,,,,,,,,,,,,,,,,,,,,,,,,,,,,,,,,,,,,,,,,,,,,,,,,,,,,,,,,,,,,,,
Private Equity,HarbourVest Global Private Equity,Ordinary Share,30/06/2010,B28XHD6,,,,,,,,,,,,,,,,,,,,,,,,,,,,,,,,,,,,,,,,,,,,,,,,,,,,,,,,,,,,,,,,,,,,,,,,,,,,,,,,,,,,,,,,,,,,,,,,,,,,
Private Equity,Henderson Private Equity,Ordinary Share,30/06/2010,3095531,,,,,,,,,,,,,,,,,,,,,,,,,,,,,,,,,,,,,,,,,,,,,,,,,,,,,,,,,,,,,,,,,,,,,,,,,,,,,,,,,,,,,,,,,,,,,,,,,,,,
Private Equity,HgCapital,Ordinary Share,30/06/2010,392105,,,,,,,,,,,,,,,,,,,,,,,,,,,,,,,,,,,,,,,,,,,,,,,,,,,,,,,,,,,,,,,,,,,,,,,,,,,,,,,,,,,,,,,,,,,,,,,,,,,,
Private Equity,Mithras,Ordinary Share,30/06/2010,596286,,,,,,,,,,,,,,,,,,,,,,,,,,,,,,,,,,,,,,,,,,,,,,,,,,,,,,,,,,,,,,,,,,,,,,,,,,,,,,,,,,,,,,,,,,,,,,,,,,,,
Private Equity,Northern Investors,Ordinary Share,30/06/2010,B08S4K3,,,,,,,,,,,,,,,,,,,,,,,,,,,,,,,,,,,,,,,,,,,,,,,,,,,,,,,,,,,,,,,,,,,,,,,,,,,,,,,,,,,,,,,,,,,,,,,,,,,,
Private Equity,Pantheon International Participations,Ordinary Share,30/06/2010,414850,,,,,,,,,,,,,,,,,,,,,,,,,,,,,,,,,,,,,,,,,,,,,,,,,,,,,,,,,,,,,,,,,,,,,,,,,,,,,,,,,,,,,,,,,,,,,,,,,,,,
Private Equity,Princess Private Equity Holding,Ordinary Share,30/06/2010,B28C2R2,,,,,,,,,,,,,,,,,,,,,,,,,,,,,,,,,,,,,,,,,,,,,,,,,,,,,,,,,,,,,,,,,,,,,,,,,,,,,,,,,,,,,,,,,,,,,,,,,,,,
Private Equity,Private Equity Investor,Ordinary Share,30/06/2010,50403,74058254,0,0,0,0,0,0,0,0,128.5,-280166,,,32500910,0,0,0,N/A,22,100,78,N,100,74058254,74338420,228.73,,,,,227.87,,,,,228.73,,,,,227.87,,,,,0.02,22,0,0,0,78,0,0,0,22,0,0,0,0,0,0,78,41,0,59,0,0,0,41,0,59,0,0,0,z,0,0,0,0,0,0,0,0,,,,,,,,,,,,,,74338420,,,
Private Equity,Standard Life European Private Equity,Ordinary Share,30/06/2010,3047468,,,,,,,,,,,,,,,,,,,,,,,,,,,,,,,,,,,,,,,,,,,,,,,,,,,,,,,,,,,,,,,,,,,,,,,,,,,,,,,,,,,,,,,,,,,,,,,,,,,,
Category,Name,Type,Date,SEDOL,Total Assets incl CYR,PC Total Par,PC Total Fair,PC Debt Par,PC Debt Fair,PC Equity,Convertibles Par,Convertibles Fair,PC Gearing,MonthEnd MidPrice,CurrYrRev(CYR),Rev Res (splits only),Rev Allocation % (splits only),Number,Issued,Purch,Treasury,below NAV,Cash/CashEquiv,GrossGearing,NetGearing,Loss,CYR allocation %,SHF per share inc CYR,SHF per share exc CYR,PCNCWNE,   PCNCWE,   PCCWNE,   PCCWE,   PCCWETS,PCNCWNEcum,PCNCWEcum,PCCWNEcum,PCCWEcum,PCCWETScum,FCNCWNE,   FCNCWE,   FCCWNE,   FCCWE,   FCCWETS,FCNCWNEcum,FCNCWEcum,FCCWNEcum,FCCWEcum,FCCWETScum,PFY,Cash/Cash Equiv.,Fixed Interest,UK ,Cont. Europe,North America,Japan ,Other Pacific,Other , , , , , , , , ,UK ,Cont. Europe,North America,Japan ,Other Pacific,Other ,UK ,Cont. Europe,North America,Japan ,Other Pacific,Other ,Flags,,,,,,,,,Cat 2,Name,in issue,NAV Par,NAV Fair,Gross Gearing,Net Gearing,Name,in issue,NAV Par,NAV Fair,Gross Gearing,Net Gearing,Total Assets ex CYR,FootNote,Note,Note
Property Direct - Asia Pacific,Macau Property Opportunities,Ordinary Share,30/06/2010,B1436N6,,,,,,,,,,,,,,,,,,,,,,,,,,,,,,,,,,,,,,,,,,,,,,,,,,,,,,,,,,,,,,,,,,,,,,,,,,,,,,,,,,,,,,,,,,,,,,,,,,,,
Category,Name,Type,Date,SEDOL,Total Assets incl CYR,PC Total Par,PC Total Fair,PC Debt Par,PC Debt Fair,PC Equity,Convertibles Par,Convertibles Fair,PC Gearing,MonthEnd MidPrice,CurrYrRev(CYR),Rev Res (splits only),Rev Allocation % (splits only),Number,Issued,Purch,Treasury,below NAV,Cash/CashEquiv,GrossGearing,NetGearing,Loss,CYR allocation %,SHF per share inc CYR,SHF per share exc CYR,PCNCWNE,   PCNCWE,   PCCWNE,   PCCWE,   PCCWETS,PCNCWNEcum,PCNCWEcum,PCCWNEcum,PCCWEcum,PCCWETScum,FCNCWNE,   FCNCWE,   FCCWNE,   FCCWE,   FCCWETS,FCNCWNEcum,FCNCWEcum,FCCWNEcum,FCCWEcum,FCCWETScum,PFY,Cash/Cash Equiv.,Fixed Interest,UK ,Cont. Europe,North America,Japan ,Other Pacific,Other , , , , , , , , ,UK ,Cont. Europe,North America,Japan ,Other Pacific,Other ,UK ,Cont. Europe,North America,Japan ,Other Pacific,Other ,Flags,,,,,,,,,Cat 2,Name,in issue,NAV Par,NAV Fair,Gross Gearing,Net Gearing,Name,in issue,NAV Par,NAV Fair,Gross Gearing,Net Gearing,Total Assets ex CYR,FootNote,Note,Note
Property Direct - Europe,AXA Property,Ordinary Share,30/06/2010,B06T260,,,,,,,,,,,,,,,,,,,,,,,,,,,,,,,,,,,,,,,,,,,,,,,,,,,,,,,,,,,,,,,,,,,,,,,,,,,,,,,,,,,,,,,,,,,,,,,,,,,,
Property Direct - Europe,Eastern European Property (AIM),Ordinary Share,30/06/2010,B0XQ3R2,,,,,,,,,,,,,,,,,,,,,,,,,,,,,,,,,,,,,,,,,,,,,,,,,,,,,,,,,,,,,,,,,,,,,,,,,,,,,,,,,,,,,,,,,,,,,,,,,,,,
Property Direct - Europe,Sirius Real Estate (AIM),Ordinary Share,30/06/2010,B1W3VF5,,,,,,,,,,,,,,,,,,,,,,,,,,,,,,,,,,,,,,,,,,,,,,,,,,,,,,,,,,,,,,,,,,,,,,,,,,,,,,,,,,,,,,,,,,,,,,,,,,,,
Property Direct - Europe,Tamar European Industrial,Ordinary Share,30/06/2010,B1CH317,,,,,,,,,,,,,,,,,,,,,,,,,,,,,,,,,,,,,,,,,,,,,,,,,,,,,,,,,,,,,,,,,,,,,,,,,,,,,,,,,,,,,,,,,,,,,,,,,,,,
Category,Name,Type,Date,SEDOL,Total Assets incl CYR,PC Total Par,PC Total Fair,PC Debt Par,PC Debt Fair,PC Equity,Convertibles Par,Convertibles Fair,PC Gearing,MonthEnd MidPrice,CurrYrRev(CYR),Rev Res (splits only),Rev Allocation % (splits only),Number,Issued,Purch,Treasury,below NAV,Cash/CashEquiv,GrossGearing,NetGearing,Loss,CYR allocation %,SHF per share inc CYR,SHF per share exc CYR,PCNCWNE,   PCNCWE,   PCCWNE,   PCCWE,   PCCWETS,PCNCWNEcum,PCNCWEcum,PCCWNEcum,PCCWEcum,PCCWETScum,FCNCWNE,   FCNCWE,   FCCWNE,   FCCWE,   FCCWETS,FCNCWNEcum,FCNCWEcum,FCCWNEcum,FCCWEcum,FCCWETScum,PFY,Cash/Cash Equiv.,Fixed Interest,UK ,Cont. Europe,North America,Japan ,Other Pacific,Other , , , , , , , , ,UK ,Cont. Europe,North America,Japan ,Other Pacific,Other ,UK ,Cont. Europe,North America,Japan ,Other Pacific,Other ,Flags,,,,,,,,,Cat 2,Name,in issue,NAV Par,NAV Fair,Gross Gearing,Net Gearing,Name,in issue,NAV Par,NAV Fair,Gross Gearing,Net Gearing,Total Assets ex CYR,FootNote,Note,Note
Property Direct - UK,F&C Commercial Property,Ordinary Share,30/06/2010,B4ZPCJ0,,,,,,,,,,,,,,,,,,,,,,,,,,,,,,,,,,,,,,,,,,,,,,,,,,,,,,,,,,,,,,,,,,,,,,,,,,,,,,,,,,,,,,,,,,,,,,,,,,,,
Property Direct - UK,ING UK Real Estate Income,Ordinary Share,30/06/2010,B0LCW20,,,,,,,,,,,,,,,,,,,,,,,,,,,,,,,,,,,,,,,,,,,,,,,,,,,,,,,,,,,,,,,,,,,,,,,,,,,,,,,,,,,,,,,,,,,,,,,,,,,,
Property Direct - UK,IRP Property Investments,Ordinary Share,30/06/2010,B012T52,,,,,,,,,,,,,,,,,,,,,,,,,,,,,,,,,,,,,,,,,,,,,,,,,,,,,,,,,,,,,,,,,,,,,,,,,,,,,,,,,,,,,,,,,,,,,,,,,,,,
Property Direct - UK,ISIS Property,Ordinary Share,30/06/2010,3367456,,,,,,,,,,,,,,,,,,,,,,,,,,,,,,,,,,,,,,,,,,,,,,,,,,,,,,,,,,,,,,,,,,,,,,,,,,,,,,,,,,,,,,,,,,,,,,,,,,,,
Property Direct - UK,Invista Foundation Property,Ordinary Share,30/06/2010,B01HM14,,,,,,,,,,,,,,,,,,,,,,,,,,,,,,,,,,,,,,,,,,,,,,,,,,,,,,,,,,,,,,,,,,,,,,,,,,,,,,,,,,,,,,,,,,,,,,,,,,,,
Property Direct - UK,Standard Life Investments Property Income,Ordinary Share,30/06/2010,3387528,,,,,,,,,,,,,,,,,,,,,,,,,,,,,,,,,,,,,,,,,,,,,,,,,,,,,,,,,,,,,,,,,,,,,,,,,,,,,,,,,,,,,,,,,,,,,,,,,,,,
Property Direct - UK,UK Commercial Property,Ordinary Share,30/06/2010,B19Z2J5,,,,,,,,,,,,,,,,,,,,,,,,,,,,,,,,,,,,,,,,,,,,,,,,,,,,,,,,,,,,,,,,,,,,,,,,,,,,,,,,,,,,,,,,,,,,,,,,,,,,
Category,Name,Type,Date,SEDOL,Total Assets incl CYR,PC Total Par,PC Total Fair,PC Debt Par,PC Debt Fair,PC Equity,Convertibles Par,Convertibles Fair,PC Gearing,MonthEnd MidPrice,CurrYrRev(CYR),Rev Res (splits only),Rev Allocation % (splits only),Number,Issued,Purch,Treasury,below NAV,Cash/CashEquiv,GrossGearing,NetGearing,Loss,CYR allocation %,SHF per share inc CYR,SHF per share exc CYR,PCNCWNE,   PCNCWE,   PCCWNE,   PCCWE,   PCCWETS,PCNCWNEcum,PCNCWEcum,PCCWNEcum,PCCWEcum,PCCWETScum,FCNCWNE,   FCNCWE,   FCCWNE,   FCCWE,   FCCWETS,FCNCWNEcum,FCNCWEcum,FCCWNEcum,FCCWEcum,FCCWETScum,PFY,Cash/Cash Equiv.,Fixed Interest,UK ,Cont. Europe,North America,Japan ,Other Pacific,Other , , , , , , , , ,UK ,Cont. Europe,North America,Japan ,Other Pacific,Other ,UK ,Cont. Europe,North America,Japan ,Other Pacific,Other ,Flags,,,,,,,,,Cat 2,Name,in issue,NAV Par,NAV Fair,Gross Gearing,Net Gearing,Name,in issue,NAV Par,NAV Fair,Gross Gearing,Net Gearing,Total Assets ex CYR,FootNote,Note,Note
Property Securities,Henderson Global Property Companies,Ordinary Share,30/06/2010,B17MXW8,22358000,0,0,0,0,0,0,0,0,53,1027000,,,37500000,0,0,0,N/A,2,100,98,N,100,22358000,21331000,56.88,,,,,59.62,,,,,56.88,,,,,59.62,,,,,,2,0,6,8,43,10,28,3,0,0,0,0,0,0,0,0,0,0,0,0,0,0,0,0,0,0,0,0,,0,0,0,0,0,0,0,0,,,,,,,,,,,,,,21331000,"There was no financial gearing at 30 June 2010 although there was a net long exposure to contracts for difference (CFD) of £2,615,000, equivalent to gearing of 9%.",,
Property Securities,ING Global Real Estate Securities,Ordinary Share,30/06/2010,B132SB6,,,,,,,,,,,,,,,,,,,,,,,,,,,,,,,,,,,,,,,,,,,,,,,,,,,,,,,,,,,,,,,,,,,,,,,,,,,,,,,,,,,,,,,,,,,,,,,,,,,,
Property Securities,TR Property,Ordinary Share,30/06/2010,906409,446708000,42607053,47049406,42607053,47049406,0,0,0,42607053,138.9,11503000,,,256725000,0,0,0,N/A,1,111,109,N,100,404100947,392597947,152.93,,,,,157.41,,,,,151.2,,,,,155.68,,,,,,1,1,43,55,0,0,0,0,0,0,0,0,0,0,0,0,0,0,0,0,0,0,0,0,0,0,0,0,,0,0,0,0,0,0,0,0,,,,,,,,,,,,,,435205000,,,
Property Securities,TR Property Sigma,Ordinary Share,30/06/2010,B1YW2J1,114018000,12742808,13784455,12742808,13784455,0,0,0,12742808,62.1,1393000,,,124922000,0,0,0,N/A,2,113,110,N,100,101275192,99882192,79.96,,,,,81.07,,,,,79.12,,,,,80.24,,,,,,2,0,35,63,0,0,0,0,0,0,0,0,0,0,0,0,0,0,0,0,0,0,0,0,0,0,0,0,,0,0,0,0,0,0,0,0,,,,,,,,,,,,,,112625000,,,
Category,Name,Type,Date,SEDOL,Total Assets incl CYR,PC Total Par,PC Total Fair,PC Debt Par,PC Debt Fair,PC Equity,Convertibles Par,Convertibles Fair,PC Gearing,MonthEnd MidPrice,CurrYrRev(CYR),Rev Res (splits only),Rev Allocation % (splits only),Number,Issued,Purch,Treasury,below NAV,Cash/CashEquiv,GrossGearing,NetGearing,Loss,CYR allocation %,SHF per share inc CYR,SHF per share exc CYR,PCNCWNE,   PCNCWE,   PCCWNE,   PCCWE,   PCCWETS,PCNCWNEcum,PCNCWEcum,PCCWNEcum,PCCWEcum,PCCWETScum,FCNCWNE,   FCNCWE,   FCCWNE,   FCCWE,   FCCWETS,FCNCWNEcum,FCNCWEcum,FCCWNEcum,FCCWEcum,FCCWETScum,PFY,Cash/Cash Equiv.,Fixed Interest,UK ,Cont. Europe,North America,Japan ,Other Pacific,Other , , , , , , , , ,UK ,Cont. Europe,North America,Japan ,Other Pacific,Other ,UK ,Cont. Europe,North America,Japan ,Other Pacific,Other ,Flags,,,,,,,,,Cat 2,Name,in issue,NAV Par,NAV Fair,Gross Gearing,Net Gearing,Name,in issue,NAV Par,NAV Fair,Gross Gearing,Net Gearing,Total Assets ex CYR,FootNote,Note,Note
Property Specialist,Camper & Nicholsons Marina Investments (AIM),Ordinary Share,30/06/2010,B1FCZR9,,,,,,,,,,,,,,,,,,,,,,,,,,,,,,,,,,,,,,,,,,,,,,,,,,,,,,,,,,,,,,,,,,,,,,,,,,,,,,,,,,,,,,,,,,,,,,,,,,,,
Property Specialist,MedicX,Ordinary Share,30/06/2010,B1DVQL9,,,,,,,,,,,,,,,,,,,,,,,,,,,,,,,,,,,,,,,,,,,,,,,,,,,,,,,,,,,,,,,,,,,,,,,,,,,,,,,,,,,,,,,,,,,,,,,,,,,,
Property Specialist,Vinaland (AIM),Ordinary Share,30/06/2010,B0WHX65,,,,,,,,,,,,,,,,,,,,,,,,,,,,,,,,,,,,,,,,,,,,,,,,,,,,,,,,,,,,,,,,,,,,,,,,,,,,,,,,,,,,,,,,,,,,,,,,,,,,
Category,Name,Type,Date,SEDOL,Total Assets incl CYR,PC Total Par,PC Total Fair,PC Debt Par,PC Debt Fair,PC Equity,Convertibles Par,Convertibles Fair,PC Gearing,MonthEnd MidPrice,CurrYrRev(CYR),Rev Res (splits only),Rev Allocation % (splits only),Number,Issued,Purch,Treasury,below NAV,Cash/CashEquiv,GrossGearing,NetGearing,Loss,CYR allocation %,SHF per share inc CYR,SHF per share exc CYR,PCNCWNE,   PCNCWE,   PCCWNE,   PCCWE,   PCCWETS,PCNCWNEcum,PCNCWEcum,PCCWNEcum,PCCWEcum,PCCWETScum,FCNCWNE,   FCNCWE,   FCCWNE,   FCCWE,   FCCWETS,FCNCWNEcum,FCNCWEcum,FCCWNEcum,FCCWEcum,FCCWETScum,PFY,Cash/Cash Equiv.,Fixed Interest,UK ,Cont. Europe,North America,Japan ,Other Pacific,Other , , , , , , , , ,UK ,Cont. Europe,North America,Japan ,Other Pacific,Other ,UK ,Cont. Europe,North America,Japan ,Other Pacific,Other ,Flags,,,,,,,,,Cat 2,Name,in issue,NAV Par,NAV Fair,Gross Gearing,Net Gearing,Name,in issue,NAV Par,NAV Fair,Gross Gearing,Net Gearing,Total Assets ex CYR,FootNote,Note,Note
Sector Specialist: Biotechnology/Life Sciences,Biotech Growth,Ordinary Share,30/06/2010,38551,101888598,0,0,0,0,0,0,0,0,158.75,-91748,,,65959861,0,0,0,N/A,0,100,100,Y,100,101888598,101980346,,,,,,154.47,,,,,,,,,,154.47,,,,,,0,0,5,5,90,0,0,0,0,0,0,0,0,0,0,0,0,0,0,0,0,0,0,0,0,0,0,0,,0,0,0,0,0,0,0,0,,,,,,,,,,,,,,101980346,,,
Sector Specialist: Biotechnology/Life Sciences,Finsbury Worldwide Pharmaceutical,Ordinary Share,30/06/2010,338530,328306221,20015545,20015545,20015545,20015545,0,0,0,20015545,639,804695,,,42979817,0,134450,7877149,Yes,-2,106,109,N,100,308290676,307485981,715.42,698.33,,,690.48,717.29,699.88,,,691.83,715.42,698.33,,,690.48,717.29,699.88,,,691.83,,-2,4,3,19,65,8,3,0,0,0,0,0,0,0,0,0,0,0,0,0,0,0,0,0,0,0,0,0,,0,0,0,0,0,0,0,0,,,,,,,,,,,,,,327501526,,,
Sector Specialist: Biotechnology/Life Sciences,International Biotechnology,Ordinary Share,30/06/2010,455934,96596436,0,0,0,0,0,0,0,0,141.5,-1750094,,,60357664,0,675000,4475000,N/A,4,100,96,Y,100,96596436,98346530,,,,,,160.04,,,,158.76,,,,,,160.04,,,,158.76,0,4,0,17,3,75,0,1,0,0,0,0,0,0,0,0,0,92,-2,10,0,0,0,18,3,78,0,1,0,z,0,0,0,0,0,0,0,0,,,,,,,,,,,,,,98346530,,,
Sector Specialist: Biotechnology/Life Sciences,Polar Capital Global Healthcare Growth & Income,Ordinary Share,30/06/2010,B6832P1,84030035,0,0,0,0,0,0,0,0,101.75,65247,,,89000000,89000000,0,0,N/A,22,100,78,N,100,84030035,83964788,94.34,,,,,94.42,,,,,94.34,,,,,94.42,,,,,4,22,0,8,23,45,1,1,0,0,0,0,0,0,0,0,0,100,0,0,0,0,0,100,0,0,0,0,0,#,0,0,0,0,0,0,0,0,,,,,,,,,,,,,,83964788,# First month following company launch,,Shares issued at fund launch for £1.00.  Launch Date 15/06/10.
Category,Name,Type,Date,SEDOL,Total Assets incl CYR,PC Total Par,PC Total Fair,PC Debt Par,PC Debt Fair,PC Equity,Convertibles Par,Convertibles Fair,PC Gearing,MonthEnd MidPrice,CurrYrRev(CYR),Rev Res (splits only),Rev Allocation % (splits only),Number,Issued,Purch,Treasury,below NAV,Cash/CashEquiv,GrossGearing,NetGearing,Loss,CYR allocation %,SHF per share inc CYR,SHF per share exc CYR,PCNCWNE,   PCNCWE,   PCCWNE,   PCCWE,   PCCWETS,PCNCWNEcum,PCNCWEcum,PCCWNEcum,PCCWEcum,PCCWETScum,FCNCWNE,   FCNCWE,   FCCWNE,   FCCWE,   FCCWETS,FCNCWNEcum,FCNCWEcum,FCCWNEcum,FCCWEcum,FCCWETScum,PFY,Cash/Cash Equiv.,Fixed Interest,UK ,Cont. Europe,North America,Japan ,Other Pacific,Other , , , , , , , , ,UK ,Cont. Europe,North America,Japan ,Other Pacific,Other ,UK ,Cont. Europe,North America,Japan ,Other Pacific,Other ,Flags,,,,,,,,,Cat 2,Name,in issue,NAV Par,NAV Fair,Gross Gearing,Net Gearing,Name,in issue,NAV Par,NAV Fair,Gross Gearing,Net Gearing,Total Assets ex CYR,FootNote,Note,Note
Sector Specialist: Commodities and Natural Resources,BlackRock Commodities Income,Ordinary Share,30/06/2010,B0N8MF9,86480500,292906,292906,292906,292906,0,0,0,292906,117,658872,,,75600000,274338,0,0,No,-2,100,102,N,100,86187594,85528722,113.13,,,,,114,,,,,113.13,,,,,114,,,,,3.76,-2,3,0,27,40,0,8,24,0,0,0,0,0,0,0,0,0,0,0,0,0,0,0,0,0,0,0,0,d,0,0,0,0,0,0,0,0,,,,,,,,,,,,,,85821628,,,"274,338 shs sold out of Treasury 04.06.10 £355,268"
Sector Specialist: Commodities and Natural Resources,BlackRock World Mining,Ordinary Share,30/06/2010,577485,1148465096,28982478,28982478,28982478,28982478,0,0,0,28982478,549,5784756,,,177762242,0,0,15249600,No,1,103,102,N,100,1119482618,1113697862,626.51,,,,626.51,629.76,,,,629.76,626.51,,,,626.51,629.76,,,,629.76,,1,2,24,1,8,0,12,52,0,0,0,0,0,0,0,0,0,0,0,0,0,0,0,0,0,0,0,0,/,0,0,0,0,0,0,0,0,,,,,,,,,,,,,,1142680340,,,
Sector Specialist: Commodities and Natural Resources,El Oro,Ordinary Share,30/06/2010,B3L9RC7,,,,,,,,,,,,,,,,,,,,,,,,,,,,,,,,,,,,,,,,,,,,,,,,,,,,,,,,,,,,,,,,,,,,,,,,,,,,,,,,,,,,,,,,,,,,,,,,,,,,
Category,Name,Type,Date,SEDOL,Total Assets incl CYR,PC Total Par,PC Total Fair,PC Debt Par,PC Debt Fair,PC Equity,Convertibles Par,Convertibles Fair,PC Gearing,MonthEnd MidPrice,CurrYrRev(CYR),Rev Res (splits only),Rev Allocation % (splits only),Number,Issued,Purch,Treasury,below NAV,Cash/CashEquiv,GrossGearing,NetGearing,Loss,CYR allocation %,SHF per share inc CYR,SHF per share exc CYR,PCNCWNE,   PCNCWE,   PCCWNE,   PCCWE,   PCCWETS,PCNCWNEcum,PCNCWEcum,PCCWNEcum,PCCWEcum,PCCWETScum,FCNCWNE,   FCNCWE,   FCCWNE,   FCCWE,   FCCWETS,FCNCWNEcum,FCNCWEcum,FCCWNEcum,FCCWEcum,FCCWETScum,PFY,Cash/Cash Equiv.,Fixed Interest,UK ,Cont. Europe,North America,Japan ,Other Pacific,Other , , , , , , , , ,UK ,Cont. Europe,North America,Japan ,Other Pacific,Other ,UK ,Cont. Europe,North America,Japan ,Other Pacific,Other ,Flags,,,,,,,,,Cat 2,Name,in issue,NAV Par,NAV Fair,Gross Gearing,Net Gearing,Name,in issue,NAV Par,NAV Fair,Gross Gearing,Net Gearing,Total Assets ex CYR,FootNote,Note,Note
Sector Specialist: Debt,Greenwich Loan Income (AIM),Ordinary Share,30/06/2010,B0CL3P6,,,,,,,,,,,,,,,,,,,,,,,,,,,,,,,,,,,,,,,,,,,,,,,,,,,,,,,,,,,,,,,,,,,,,,,,,,,,,,,,,,,,,,,,,,,,,,,,,,,,
Sector Specialist: Debt,PSource Structured Debt,Ordinary Share,30/06/2010,B236KR5,,,,,,,,,,,,,,,,,,,,,,,,,,,,,,,,,,,,,,,,,,,,,,,,,,,,,,,,,,,,,,,,,,,,,,,,,,,,,,,,,,,,,,,,,,,,,,,,,,,,
Sector Specialist: Debt,Queen's Walk Investment,Ordinary Share,30/06/2010,B0HW536,,,,,,,,,,,,,,,,,,,,,,,,,,,,,,,,,,,,,,,,,,,,,,,,,,,,,,,,,,,,,,,,,,,,,,,,,,,,,,,,,,,,,,,,,,,,,,,,,,,,
Category,Name,Type,Date,SEDOL,Total Assets incl CYR,PC Total Par,PC Total Fair,PC Debt Par,PC Debt Fair,PC Equity,Convertibles Par,Convertibles Fair,PC Gearing,MonthEnd MidPrice,CurrYrRev(CYR),Rev Res (splits only),Rev Allocation % (splits only),Number,Issued,Purch,Treasury,below NAV,Cash/CashEquiv,GrossGearing,NetGearing,Loss,CYR allocation %,SHF per share inc CYR,SHF per share exc CYR,PCNCWNE,   PCNCWE,   PCCWNE,   PCCWE,   PCCWETS,PCNCWNEcum,PCNCWEcum,PCCWNEcum,PCCWEcum,PCCWETScum,FCNCWNE,   FCNCWE,   FCCWNE,   FCCWE,   FCCWETS,FCNCWNEcum,FCNCWEcum,FCCWNEcum,FCCWEcum,FCCWETScum,PFY,Cash/Cash Equiv.,Fixed Interest,UK ,Cont. Europe,North America,Japan ,Other Pacific,Other , , , , , , , , ,UK ,Cont. Europe,North America,Japan ,Other Pacific,Other ,UK ,Cont. Europe,North America,Japan ,Other Pacific,Other ,Flags,,,,,,,,,Cat 2,Name,in issue,NAV Par,NAV Fair,Gross Gearing,Net Gearing,Name,in issue,NAV Par,NAV Fair,Gross Gearing,Net Gearing,Total Assets ex CYR,FootNote,Note,Note
Sector Specialist: Endowment Policies,Allianz Dresdner Endowment Policy 2010,Ordinary Share,30/06/2010,278175,,,,,,,,,,,,,,,,,,,,,,,,,,,,,,,,,,,,,,,,,,,,,,,,,,,,,,,,,,,,,,,,,,,,,,,,,,,,,,,,,,,,,,,,,,,,,,,,,,,,
Category,Name,Type,Date,SEDOL,Total Assets incl CYR,PC Total Par,PC Total Fair,PC Debt Par,PC Debt Fair,PC Equity,Convertibles Par,Convertibles Fair,PC Gearing,MonthEnd MidPrice,CurrYrRev(CYR),Rev Res (splits only),Rev Allocation % (splits only),Number,Issued,Purch,Treasury,below NAV,Cash/CashEquiv,GrossGearing,NetGearing,Loss,CYR allocation %,SHF per share inc CYR,SHF per share exc CYR,PCNCWNE,   PCNCWE,   PCCWNE,   PCCWE,   PCCWETS,PCNCWNEcum,PCNCWEcum,PCCWNEcum,PCCWEcum,PCCWETScum,FCNCWNE,   FCNCWE,   FCCWNE,   FCCWE,   FCCWETS,FCNCWNEcum,FCNCWEcum,FCCWNEcum,FCCWEcum,FCCWETScum,PFY,Cash/Cash Equiv.,Fixed Interest,UK ,Cont. Europe,North America,Japan ,Other Pacific,Other , , , , , , , , ,UK ,Cont. Europe,North America,Japan ,Other Pacific,Other ,UK ,Cont. Europe,North America,Japan ,Other Pacific,Other ,Flags,,,,,,,,,Cat 2,Name,in issue,NAV Par,NAV Fair,Gross Gearing,Net Gearing,Name,in issue,NAV Par,NAV Fair,Gross Gearing,Net Gearing,Total Assets ex CYR,FootNote,Note,Note
Sector Specialist: Environmental,BlackRock New Energy,Ordinary Share,30/06/2010,973793,109631750,0,0,0,0,0,0,0,0,38.5,-135529,,,246634210,0,0,0,N/A,3,100,97,Y,100,109631750,109767279,,,,,,44.45,,,,,,,,,,44.45,,,,,1.21,3,0,6,34,48,0,6,3,0,0,0,0,0,0,0,0,0,0,0,0,0,0,0,0,0,0,0,0,,0,0,0,0,0,0,0,0,,,,,,,,,,,,,,109767279,,,
Sector Specialist: Environmental,Impax Environmental Markets,Ordinary Share,30/06/2010,3123249,391277435,0,0,0,0,0,0,0,0,112.3,1421357,,,322656336,18666085,119000,716505,No,8,100,92,N,100,391277435,389856078,120.83,,,,120.83,121.27,,,,121.27,120.83,,,,120.83,121.27,,,,121.27,1.2,8,0,13,26,37,5,11,0,0,0,0,0,0,0,0,0,0,0,0,0,0,0,0,0,0,0,0,0,,0,0,0,0,0,0,0,0,,,,,,,,,,,,,,389856078,,,"18,666,085 warrants exercised during the month at £0.96 (£17,919,441.6)

Share bought back in June 2010 were not cancelled and are held in Treasury.
Shares bought back:
-119,000 shares bought back on 11th Jun 2010"
Sector Specialist: Environmental,Jupiter Green,Ordinary Share,30/06/2010,B120GL7,38849403,0,0,0,0,0,0,0,0,85.75,88949,,,40869929,0,0,3021885,No,3,100,97,N,100,38849403,38760454,94.84,,,,94.84,95.06,,,,95.06,94.84,,,,94.84,95.06,,,,95.06,1.8,3,1,27,18,41,7,3,0,0,0,0,0,0,0,0,0,36,0,64,0,0,0,3,0,97,0,0,0,,0,0,0,0,0,0,0,0,,,,,,,,,,,,,,38760454,,,
Sector Specialist: Environmental,Ludgate Environmental (AIM),Ordinary Share,30/06/2010,B1YW310,,,,,,,,,,,,,,,,,,,,,,,,,,,,,,,,,,,,,,,,,,,,,,,,,,,,,,,,,,,,,,,,,,,,,,,,,,,,,,,,,,,,,,,,,,,,,,,,,,,,
Category,Name,Type,Date,SEDOL,Total Assets incl CYR,PC Total Par,PC Total Fair,PC Debt Par,PC Debt Fair,PC Equity,Convertibles Par,Convertibles Fair,PC Gearing,MonthEnd MidPrice,CurrYrRev(CYR),Rev Res (splits only),Rev Allocation % (splits only),Number,Issued,Purch,Treasury,below NAV,Cash/CashEquiv,GrossGearing,NetGearing,Loss,CYR allocation %,SHF per share inc CYR,SHF per share exc CYR,PCNCWNE,   PCNCWE,   PCCWNE,   PCCWE,   PCCWETS,PCNCWNEcum,PCNCWEcum,PCCWNEcum,PCCWEcum,PCCWETScum,FCNCWNE,   FCNCWE,   FCCWNE,   FCCWE,   FCCWETS,FCNCWNEcum,FCNCWEcum,FCCWNEcum,FCCWEcum,FCCWETScum,PFY,Cash/Cash Equiv.,Fixed Interest,UK ,Cont. Europe,North America,Japan ,Other Pacific,Other , , , , , , , , ,UK ,Cont. Europe,North America,Japan ,Other Pacific,Other ,UK ,Cont. Europe,North America,Japan ,Other Pacific,Other ,Flags,,,,,,,,,Cat 2,Name,in issue,NAV Par,NAV Fair,Gross Gearing,Net Gearing,Name,in issue,NAV Par,NAV Fair,Gross Gearing,Net Gearing,Total Assets ex CYR,FootNote,Note,Note
Sector Specialist: Financials,Asset Management,Ordinary Share,30/06/2010,58065,13287894,0,0,0,0,0,0,0,0,64,553961,,,17314411,0,0,0,N/A,28,100,72,N,100,13287894,12733933,73.55,,,,,76.74,,,,,73.55,,,,,76.74,,,,,16.24,28,0,3,28,41,0,0,0,0,0,0,0,0,0,0,0,88,0,12,0,0,0,27,28,45,0,0,0,,0,0,0,0,0,0,0,0,,,,,,,,,,,,,,12733933,,,
Sector Specialist: Financials,Blue Planet European Financials,Ordinary Share,30/06/2010,532707,13442619,4250000,4250000,4250000,4250000,0,0,0,4250000,39,65774,,,16042469,0,0,534600,N/A,56,146,64,N,100,9192619,9126845,56.89,,,,56.31,57.3,,,,56.71,56.89,,,,56.31,57.3,,,,56.71,2.44,56,16,0,28,0,0,0,0,0,0,0,0,0,0,0,0,95,0,0,0,3,2,95,0,0,0,3,2,,0,0,0,0,0,0,0,0,,,,,,,,,,,,,,13376845,,,
Sector Specialist: Financials,Blue Planet Financials Growth & Income,Ordinary Share,30/06/2010,B1B9C40,19882704,7500000,7500000,7500000,7500000,0,0,0,7500000,67,-28870,,,13662100,0,0,0,N/A,57,161,69,N,100,12382704,12411574,90.85,,,,,90.64,,,,,90.85,,,,,90.64,,,,,1.82,57,14,1,20,6,0,2,0,0,0,0,0,0,0,0,0,94,0,0,0,4,2,94,0,0,0,4,2,,0,0,0,0,0,0,0,0,,,,,,,,,,,,,,19911574,,,
Sector Specialist: Financials,Blue Planet Worldwide Financials,Ordinary Share,30/06/2010,152417,17216849,6750000,6750000,6750000,6750000,0,0,0,6750000,54,-202705,,,14076218,0,0,209500,N/A,56,164,72,N,100,10466849,10669554,75.8,,,,75.48,74.36,,,,74.06,75.8,,,,75.48,74.36,,,,74.06,1.95,56,14,1,21,6,0,2,0,0,0,0,0,0,0,0,0,94,0,0,0,4,2,94,0,0,0,4,2,,0,0,0,0,0,0,0,0,,,,,,,,,,,,,,17419554,,,
Category,Name,Type,Date,SEDOL,Total Assets incl CYR,PC Total Par,PC Total Fair,PC Debt Par,PC Debt Fair,PC Equity,Convertibles Par,Convertibles Fair,PC Gearing,MonthEnd MidPrice,CurrYrRev(CYR),Rev Res (splits only),Rev Allocation % (splits only),Number,Issued,Purch,Treasury,below NAV,Cash/CashEquiv,GrossGearing,NetGearing,Loss,CYR allocation %,SHF per share inc CYR,SHF per share exc CYR,PCNCWNE,   PCNCWE,   PCCWNE,   PCCWE,   PCCWETS,PCNCWNEcum,PCNCWEcum,PCCWNEcum,PCCWEcum,PCCWETScum,FCNCWNE,   FCNCWE,   FCCWNE,   FCCWE,   FCCWETS,FCNCWNEcum,FCNCWEcum,FCCWNEcum,FCCWEcum,FCCWETScum,PFY,Cash/Cash Equiv.,Fixed Interest,UK ,Cont. Europe,North America,Japan ,Other Pacific,Other , , , , , , , , ,UK ,Cont. Europe,North America,Japan ,Other Pacific,Other ,UK ,Cont. Europe,North America,Japan ,Other Pacific,Other ,Flags,,,,,,,,,Cat 2,Name,in issue,NAV Par,NAV Fair,Gross Gearing,Net Gearing,Name,in issue,NAV Par,NAV Fair,Gross Gearing,Net Gearing,Total Assets ex CYR,FootNote,Note,Note
Sector Specialist: Forestry & Timber,Cambium Global Timberland (AIM),Ordinary Share,30/06/2010,B1NNWQ2,,,,,,,,,,,,,,,,,,,,,,,,,,,,,,,,,,,,,,,,,,,,,,,,,,,,,,,,,,,,,,,,,,,,,,,,,,,,,,,,,,,,,,,,,,,,,,,,,,,,
Sector Specialist: Forestry & Timber,Phaunos Timber,Ordinary Share,30/06/2010,B1G3RS6,,,,,,,,,,,,,,,,,,,,,,,,,,,,,,,,,,,,,,,,,,,,,,,,,,,,,,,,,,,,,,,,,,,,,,,,,,,,,,,,,,,,,,,,,,,,,,,,,,,,
Category,Name,Type,Date,SEDOL,Total Assets incl CYR,PC Total Par,PC Total Fair,PC Debt Par,PC Debt Fair,PC Equity,Convertibles Par,Convertibles Fair,PC Gearing,MonthEnd MidPrice,CurrYrRev(CYR),Rev Res (splits only),Rev Allocation % (splits only),Number,Issued,Purch,Treasury,below NAV,Cash/CashEquiv,GrossGearing,NetGearing,Loss,CYR allocation %,SHF per share inc CYR,SHF per share exc CYR,PCNCWNE,   PCNCWE,   PCCWNE,   PCCWE,   PCCWETS,PCNCWNEcum,PCNCWEcum,PCCWNEcum,PCCWEcum,PCCWETScum,FCNCWNE,   FCNCWE,   FCCWNE,   FCCWE,   FCCWETS,FCNCWNEcum,FCNCWEcum,FCCWNEcum,FCCWEcum,FCCWETScum,PFY,Cash/Cash Equiv.,Fixed Interest,UK ,Cont. Europe,North America,Japan ,Other Pacific,Other , , , , , , , , ,UK ,Cont. Europe,North America,Japan ,Other Pacific,Other ,UK ,Cont. Europe,North America,Japan ,Other Pacific,Other ,Flags,,,,,,,,,Cat 2,Name,in issue,NAV Par,NAV Fair,Gross Gearing,Net Gearing,Name,in issue,NAV Par,NAV Fair,Gross Gearing,Net Gearing,Total Assets ex CYR,FootNote,Note,Note
Sector Specialist: Infrastructure,HSBC Infrastructure Company,Ordinary Share,30/06/2010,B0T4LH6,,,,,,,,,,,,,,,,,,,,,,,,,,,,,,,,,,,,,,,,,,,,,,,,,,,,,,,,,,,,,,,,,,,,,,,,,,,,,,,,,,,,,,,,,,,,,,,,,,,,
Sector Specialist: Infrastructure,International Public Partnerships,Ordinary Share,30/06/2010,B188SR5,,,,,,,,,,,,,,,,,,,,,,,,,,,,,,,,,,,,,,,,,,,,,,,,,,,,,,,,,,,,,,,,,,,,,,,,,,,,,,,,,,,,,,,,,,,,,,,,,,,,
Category,Name,Type,Date,SEDOL,Total Assets incl CYR,PC Total Par,PC Total Fair,PC Debt Par,PC Debt Fair,PC Equity,Convertibles Par,Convertibles Fair,PC Gearing,MonthEnd MidPrice,CurrYrRev(CYR),Rev Res (splits only),Rev Allocation % (splits only),Number,Issued,Purch,Treasury,below NAV,Cash/CashEquiv,GrossGearing,NetGearing,Loss,CYR allocation %,SHF per share inc CYR,SHF per share exc CYR,PCNCWNE,   PCNCWE,   PCCWNE,   PCCWE,   PCCWETS,PCNCWNEcum,PCNCWEcum,PCCWNEcum,PCCWEcum,PCCWETScum,FCNCWNE,   FCNCWE,   FCCWNE,   FCCWE,   FCCWETS,FCNCWNEcum,FCNCWEcum,FCCWNEcum,FCCWEcum,FCCWETScum,PFY,Cash/Cash Equiv.,Fixed Interest,UK ,Cont. Europe,North America,Japan ,Other Pacific,Other , , , , , , , , ,UK ,Cont. Europe,North America,Japan ,Other Pacific,Other ,UK ,Cont. Europe,North America,Japan ,Other Pacific,Other ,Flags,,,,,,,,,Cat 2,Name,in issue,NAV Par,NAV Fair,Gross Gearing,Net Gearing,Name,in issue,NAV Par,NAV Fair,Gross Gearing,Net Gearing,Total Assets ex CYR,FootNote,Note,Note
Sector Specialist: Liquidity Funds,Invesco Perpetual Select Managed Liquidity,Ordinary Share,30/06/2010,B1DQ670,13001306,105940,105940,105940,105940,0,0,0,105940,99.5,-32348,,,12663480,0,0,995500,No,0,101,101,N,100,12895366,12927714,102.09,,,,102.09,101.83,,,,101.83,102.09,,,,102.09,101.83,,,,101.83,1,0,0,100,0,0,0,0,0,0,0,0,0,0,0,0,0,0,0,0,0,0,0,0,0,0,0,0,0,/,0,0,0,0,0,0,0,0,,,,,,,,,,,,,,13033654,,,
Sector Specialist: Liquidity Funds,JPMorgan Elect Managed Cash,Ordinary Share,30/06/2010,3408009,19754182,57554,57554,57554,57554,0,0,0,57554,100,47633,,,19570852,0,214221,0,N/A,100,100,0,N,100,19696628,19648995,100.4,,,,,100.64,,,,,100.4,,,,,100.64,,,,,0.9,100,0,0,0,0,0,0,0,0,0,0,0,0,0,0,0,0,0,0,0,0,0,0,0,0,0,0,0,,0,0,0,0,0,0,0,0,,,,,,,,,,,,,,19706549,,,
Category,Name,Type,Date,SEDOL,Total Assets incl CYR,PC Total Par,PC Total Fair,PC Debt Par,PC Debt Fair,PC Equity,Convertibles Par,Convertibles Fair,PC Gearing,MonthEnd MidPrice,CurrYrRev(CYR),Rev Res (splits only),Rev Allocation % (splits only),Number,Issued,Purch,Treasury,below NAV,Cash/CashEquiv,GrossGearing,NetGearing,Loss,CYR allocation %,SHF per share inc CYR,SHF per share exc CYR,PCNCWNE,   PCNCWE,   PCCWNE,   PCCWE,   PCCWETS,PCNCWNEcum,PCNCWEcum,PCCWNEcum,PCCWEcum,PCCWETScum,FCNCWNE,   FCNCWE,   FCCWNE,   FCCWE,   FCCWETS,FCNCWNEcum,FCNCWEcum,FCCWNEcum,FCCWEcum,FCCWETScum,PFY,Cash/Cash Equiv.,Fixed Interest,UK ,Cont. Europe,North America,Japan ,Other Pacific,Other , , , , , , , , ,UK ,Cont. Europe,North America,Japan ,Other Pacific,Other ,UK ,Cont. Europe,North America,Japan ,Other Pacific,Other ,Flags,,,,,,,,,Cat 2,Name,in issue,NAV Par,NAV Fair,Gross Gearing,Net Gearing,Name,in issue,NAV Par,NAV Fair,Gross Gearing,Net Gearing,Total Assets ex CYR,FootNote,Note,Note
Sector Specialist: Litigation,Juridica Investments (AIM),Ordinary Share,30/06/2010,B29LSW5,,,,,,,,,,,,,,,,,,,,,,,,,,,,,,,,,,,,,,,,,,,,,,,,,,,,,,,,,,,,,,,,,,,,,,,,,,,,,,,,,,,,,,,,,,,,,,,,,,,,
Category,Name,Type,Date,SEDOL,Total Assets incl CYR,PC Total Par,PC Total Fair,PC Debt Par,PC Debt Fair,PC Equity,Convertibles Par,Convertibles Fair,PC Gearing,MonthEnd MidPrice,CurrYrRev(CYR),Rev Res (splits only),Rev Allocation % (splits only),Number,Issued,Purch,Treasury,below NAV,Cash/CashEquiv,GrossGearing,NetGearing,Loss,CYR allocation %,SHF per share inc CYR,SHF per share exc CYR,PCNCWNE,   PCNCWE,   PCCWNE,   PCCWE,   PCCWETS,PCNCWNEcum,PCNCWEcum,PCCWNEcum,PCCWEcum,PCCWETScum,FCNCWNE,   FCNCWE,   FCCWNE,   FCCWE,   FCCWETS,FCNCWNEcum,FCNCWEcum,FCCWNEcum,FCCWEcum,FCCWETScum,PFY,Cash/Cash Equiv.,Fixed Interest,UK ,Cont. Europe,North America,Japan ,Other Pacific,Other , , , , , , , , ,UK ,Cont. Europe,North America,Japan ,Other Pacific,Other ,UK ,Cont. Europe,North America,Japan ,Other Pacific,Other ,Flags,,,,,,,,,Cat 2,Name,in issue,NAV Par,NAV Fair,Gross Gearing,Net Gearing,Name,in issue,NAV Par,NAV Fair,Gross Gearing,Net Gearing,Total Assets ex CYR,FootNote,Note,Note
"Sector Specialist: Small Media, Comms & IT Cos",Herald,Ordinary Share,30/06/2010,422864,415467262,50000000,50000000,50000000,50000000,0,0,0,50000000,358,28591,,,80223283,0,0,0,N/A,7,114,106,N,100,365467262,365438671,455.53,,,,,455.56,,,,,455.53,,,,,455.56,,,,,1.6,7,7,58,1,20,0,7,0,0,0,0,0,0,0,0,0,86,0,12,0,2,0,0,0,0,0,0,0,,0,0,0,0,0,0,0,0,,,,,,,,,,,,,,415438671,,,
Category,Name,Type,Date,SEDOL,Total Assets incl CYR,PC Total Par,PC Total Fair,PC Debt Par,PC Debt Fair,PC Equity,Convertibles Par,Convertibles Fair,PC Gearing,MonthEnd MidPrice,CurrYrRev(CYR),Rev Res (splits only),Rev Allocation % (splits only),Number,Issued,Purch,Treasury,below NAV,Cash/CashEquiv,GrossGearing,NetGearing,Loss,CYR allocation %,SHF per share inc CYR,SHF per share exc CYR,PCNCWNE,   PCNCWE,   PCCWNE,   PCCWE,   PCCWETS,PCNCWNEcum,PCNCWEcum,PCCWNEcum,PCCWEcum,PCCWETScum,FCNCWNE,   FCNCWE,   FCCWNE,   FCCWE,   FCCWETS,FCNCWNEcum,FCNCWEcum,FCCWNEcum,FCCWEcum,FCCWETScum,PFY,Cash/Cash Equiv.,Fixed Interest,UK ,Cont. Europe,North America,Japan ,Other Pacific,Other , , , , , , , , ,UK ,Cont. Europe,North America,Japan ,Other Pacific,Other ,UK ,Cont. Europe,North America,Japan ,Other Pacific,Other ,Flags,,,,,,,,,Cat 2,Name,in issue,NAV Par,NAV Fair,Gross Gearing,Net Gearing,Name,in issue,NAV Par,NAV Fair,Gross Gearing,Net Gearing,Total Assets ex CYR,FootNote,Note,Note
Sector Specialist: Tech Media & Telecomm,Polar Capital Technology,Ordinary Share,30/06/2010,422002,391788617,30289322,30289322,30289322,30289322,0,0,0,30289322,289.9,-459214,,,126497914,0,0,0,N/A,8,108,100,Y,100,361499295,361958509,,,,,,285.77,,,,,,,,,,285.77,,,,,,8,0,6,5,65,5,7,4,0,0,0,0,0,0,0,0,5,0,16,68,16,-5,8,4,71,3,10,4,,0,0,0,0,0,0,0,0,,,,,,,,,,,,,,392247831,,,
Sector Specialist: Tech Media & Telecomm,RCM Technology,Ordinary Share,30/06/2010,339072,67928176,0,0,0,0,0,0,0,0,281,-468919,,,22658090,0,0,924503,Yes,7,100,93,Y,100,67928176,68397095,,,,,,299.8,294.14,,,293.71,,,,,,299.8,294.14,,,293.71,0.38,7,0,3,3,74,0,13,0,0,0,0,0,0,0,0,0,0,0,0,0,0,0,0,0,0,0,0,0,/,0,0,0,0,0,0,0,0,,,,,,,,,,,,,,68397095,,,
Category,Name,Type,Date,SEDOL,Total Assets incl CYR,PC Total Par,PC Total Fair,PC Debt Par,PC Debt Fair,PC Equity,Convertibles Par,Convertibles Fair,PC Gearing,MonthEnd MidPrice,CurrYrRev(CYR),Rev Res (splits only),Rev Allocation % (splits only),Number,Issued,Purch,Treasury,below NAV,Cash/CashEquiv,GrossGearing,NetGearing,Loss,CYR allocation %,SHF per share inc CYR,SHF per share exc CYR,PCNCWNE,   PCNCWE,   PCCWNE,   PCCWE,   PCCWETS,PCNCWNEcum,PCNCWEcum,PCCWNEcum,PCCWEcum,PCCWETScum,FCNCWNE,   FCNCWE,   FCCWNE,   FCCWE,   FCCWETS,FCNCWNEcum,FCNCWEcum,FCCWNEcum,FCCWEcum,FCCWETScum,PFY,Cash/Cash Equiv.,Fixed Interest,UK ,Cont. Europe,North America,Japan ,Other Pacific,Other ,Cash/Cash Equiv.,Fixed Interest,UK Equity x IC,Int. Equities,SC Inc Shares,SC Ord Inc Shares,Other SC & ICs,Other ,UK ,Cont. Europe,North America,Japan ,Other Pacific,Other ,UK ,Cont. Europe,North America,Japan ,Other Pacific,Other ,Flags,See AIC Cat 2.,See AIC Cat 2.,See AIC Cat 2.,See AIC Cat 2.,See AIC Cat 2.,See AIC Cat 2.,See AIC Cat 2.,See AIC Cat 2.,Cat 2,Name,in issue,NAV Par,NAV Fair,Gross Gearing,Net Gearing,Name,in issue,NAV Par,NAV Fair,Gross Gearing,Net Gearing,Total Assets ex CYR,FootNote,Note,Note
Split Capital Trust,Aberdeen Development Capital,ZDP 2010/12,30/06/2010,B08P0H3,,,,,,,,,,,,,,,,,,,,,,,,,,,,,,,,,,,,,,,,,,,,,,,,,,,,,,,,,,,,,,,,,,,,,,,,,,,,,,,,,,,,,,,,,,,,,,,,,,,,
Split Capital Trust,Aberdeen Development Capital,ZDP 2012,30/06/2010,B08P147,,,,,,,,,,,,,,,,,,,,,,,,,,,,,,,,,,,,,,,,,,,,,,,,,,,,,,,,,,,,,,,,,,,,,,,,,,,,,,,,,,,,,,,,,,,,,,,,,,,,
Split Capital Trust,Aberdeen Development Capital,Ordinary Income,30/06/2010,735250,,,,,,,,,,,,,,,,,,,,,,,,,,,,,,,,,,,,,,,,,,,,,,,,,,,,,,,,,,,,,,,,,,,,,,,,,,,,,,,,,,,,,,,,,,,,,,,,,,,,
Split Capital Trust,Aberforth Geared Capital & Income,Income,30/06/2010,3110003,,,,,,,,,,,,,,,,,,,,,,,,,,,,,,,,,,,,,,,,,,,,,,,,,,,,,,,,,,,,,,,,,,,,,,,,,,,,,,,,,,,,,,,,,,,,,,,,,,
Split Capital Trust,Aberforth Geared Capital & Income,Capital,30/06/2010,3110014,91285149,54675863,54675863,30000000,30000000,24675863,0,0,56567646,273.5,1891783,1166181,0,10500000,0,0,0,N/A,-4,263,273,N,0,34717503,34717503,330.64,,,,,330.64,,,,,330.64,,,,,330.64,,,,,4.53,-4,0,104,0,0,0,0,0,-4,0,104,0,0,0,0,0,100,0,0,0,0,0,100,0,0,0,0,0,/,-4,0,0,48,47,9,0,0,USC,,,,,,,,,,,,,89393366,
Split Capital Trust,Aberforth Geared Income,ZDP 2017,30/06/2010,B4WLXD2,0,0,0,0,0,0,0,0,0,105,,,,30000000,0,0,0,N/A,0,0,0,,0,30334439,30334439,101.11,,,,,101.11,,,,,101.11,,,,,101.11,,,,,,0,0,0,0,0,0,0,0,0,0,0,0,0,0,0,0,0,0,0,0,0,0,0,0,0,0,0,0,,0,0,0,0,0,0,0,0,USC,,,,,,,,,,,,,0,
Split Capital Trust,Aberforth Geared Income,Ordinary Income,30/06/2010,B4TR344,68175108,30334439,30334439,0,0,30334439,0,0,30334439,97.25,561804,,,45000000,0,0,0,N/A,0,180,180,N,100,37840669,37278865,82.84,,,,,84.09,,,,,82.84,,,,,84.09,,,,,4.73,0,0,100,0,0,0,0,0,0,0,100,0,0,0,0,0,100,0,0,0,0,0,100,0,0,0,0,0,,0,0,0,57,37,6,0,0,USC,,,,,,,,,,,,,67613304,
Split Capital Trust,Ecofin Water & Power Opportunities,ZDP 2016,30/06/2010,B4Z6HJ8,0,38904377,38904377,38904377,38904377,0,0,0,0,112.25,,,,60000000,0,0,0,N/A,0,0,0,,0,63855814,63855814,106.43,,,,,106.43,,,,,106.43,,,,,106.43,,,,,,0,0,0,0,0,0,0,0,0,0,0,0,0,0,0,0,0,0,0,0,0,0,0,0,0,0,0,0,,0,0,0,0,0,0,0,0,SSU,,,,,,,,,,,,,0,
Split Capital Trust,Ecofin Water & Power Opportunities,Ordinary Income,30/06/2010,B09LK25,515222942,102760191,102760191,38904377,38904377,63855814,79997846,89197598,182758037,136.5,6219281,,,210348227,16406,0,0,N/A,2,155,152,N,100,332464905,326245624,155.1,,,,,158.05,,,,,150.72,,,,,153.68,,,,,3.6,2,11,23,19,30,1,9,5,2,11,23,64,0,0,0,0,129,-10,-13,-6,0,0,39,19,28,0,9,5,,0,0,0,0,0,0,0,0,SSU,,,,,,,,,,,,,509003661,
Split Capital Trust,Edinburgh New Income,ZDP 2011,30/06/2010,B084LV1,0,0,0,0,0,0,0,0,0,133.75,,,0,15166618,0,0,0,N/A,0,0,0,,0,20393792,20393792,134.46,,,,,134.46,,,,,134.46,,,,,134.46,,,,,,0,0,0,0,0,0,0,0,0,0,0,0,0,0,0,0,0,0,0,0,0,0,0,0,0,0,0,0,,0,0,0,0,0,0,0,0,UGI,,,,,,,,,,,,,0,
Split Capital Trust,Edinburgh New Income,Ordinary Income,30/06/2010,B084LP5,30881250,20393792,20393792,0,0,20393792,0,0,20393792,51.25,460911,736046,100,20519056,0,0,0,N/A,14,294,253,N,100,10487458,10026547,48.86,,,,,51.11,,,,,48.86,,,,,51.11,,,,,4.7,14,20,66,0,0,0,0,0,14,20,66,0,0,0,0,0,59,32,9,0,0,0,100,0,0,0,0,0,/,14,20,38,18,10,0,0,0,UGI,Edinburgh New Income Units,1593752,281.06,281.04,100,86,,,,,,,30420339,
Split Capital Trust,Electra Private Equity,ZDP 2016,30/06/2010,B3K3HN1,,,,,,,,,,,,,,,,,,,,,,,,,,,,,,,,,,,,,,,,,,,,,,,,,,,,,,,,,,,,,,,,,,,,,,,,,,,,,,,,,,,,,,,,,,,,,,,,,,
Split Capital Trust,Electra Private Equity,Ordinary Income,30/06/2010,308544,,,,,,,,,,,,,,,,,,,,,,,,,,,,,,,,,,,,,,,,,,,,,,,,,,,,,,,,,,,,,,,,,,,,,,,,,,,,,,,,,,,,,,,,,,,,,,,,,,
Split Capital Trust,F&C Private Equity,ZDP 2014,30/06/2010,B5883J0,,,,,,,,,,,,,,,,,,,,,,,,,,,,,,,,,,,,,,,,,,,,,,,,,,,,,,,,,,,,,,,,,,,,,,,,,,,,,,,,,,,,,,,,,,,,,,,,,,
Split Capital Trust,F&C Private Equity,Ordinary Income,30/06/2010,3073827,,,,,,,,,,,,,,,,,,,,,,,,,,,,,,,,,,,,,,,,,,,,,,,,,,,,,,,,,,,,,,,,,,,,,,,,,,,,,,,,,,,,,,,,,,,,,,,,,,
Split Capital Trust,Global Special Opportunities,Income,30/06/2010,3031331,0,710442,710442,710442,710442,0,0,0,0,47.5,,,,25035008,0,0,0,N/A,0,0,0,,100,11648441,11837386,47.28,,,,,46.53,,,,,47.28,,,,,46.53,,,,,,0,0,0,0,0,0,0,0,0,0,0,0,0,0,0,0,0,0,0,0,0,0,0,0,0,0,0,0,,0,0,0,0,0,0,0,0,NA,,,,,,,,,,,,,0,
Split Capital Trust,Global Special Opportunities,Capital,30/06/2010,3031319,12358883,12547828,12547828,710442,710442,11837386,0,0,12358883,0.51,-188945,,,50000000,0,0,0,N/A,4,0,0,N,0,0,0,0,,,,,0,,,,,0,,,,,0,,,,,0.64,4,2,0,0,94,0,0,0,4,2,0,94,0,0,0,0,-22,0,122,0,0,0,-22,0,122,0,0,0,/A,4,2,0,0,94,0,0,0,NA,,,,,,,,,,,,,12547828,Revenue reserves have fallen to a negative £991. For the purpose of calculating the NAV this figure has been deducted from Total Assets.
Split Capital Trust,Invesco Perpetual Recovery 2011,ZDP 2011,30/06/2010,B0LNNV9,0,0,0,0,0,0,0,0,0,120.75,,,0,19610250,0,0,0,N/A,0,0,0,,0,25667971,25667971,130.89,,,,,130.89,,,,,130.89,,,,,130.89,,,,,,0,0,0,0,0,0,0,0,0,0,0,0,0,0,0,0,0,0,0,0,0,0,0,0,0,0,0,0,,0,0,0,0,0,0,0,0,UGI,,,,,,,,,,,,,0,
Split Capital Trust,Invesco Perpetual Recovery 2011,Ordinary Income,30/06/2010,B0LNMX4,28522203,25667971,25667971,0,0,25667971,0,0,25667971,25.5,222511,468000,100,16044750,0,0,0,N/A,0,999,999,N,100,2854232,2631721,16.4,,,,,17.79,,,,,16.4,,,,,17.79,,,,,4.6,0,15,85,0,0,0,0,0,0,15,85,0,0,0,0,0,100,0,0,0,0,0,100,0,0,0,0,0,,0,15,67,7,11,0,0,0,UGI,Invesco Perp Recovery 2011 Uts,294802,1587.42,1587.39,100,100,,,,,,,28299692,
Split Capital Trust,JPMorgan Income & Capital,ZDP 2018,30/06/2010,B2NBJ28,0,88515,88515,88515,88515,0,0,0,0,108.75,,,,46087200,0,0,0,No,0,0,0,,0,53672757,53672757,116.46,,,,,116.46,,,,,116.46,,,,,116.46,,,,,,0,0,0,0,0,0,0,0,0,0,0,0,0,0,0,0,0,0,0,0,0,0,0,0,0,0,0,0,,0,0,0,0,0,0,0,0,UGI,,,,,,,,,,,,,0
Split Capital Trust,JPMorgan Income & Capital,Ordinary Income,30/06/2010,B2NBJ06,93417447,53761272,53761272,88515,88515,53672757,0,0,53761272,63,1511646,,,67506782,0,0,0,N/A,3,236,229,N,100,39656175,38144529,56.5,,,,,58.74,,,,,56.5,,,,,58.74,,,,,3.61,3,4,93,0,0,0,0,0,3,4,93,0,0,0,0,0,0,0,0,0,0,0,0,0,0,0,0,0,,3,4,74,19,0,0,0,0,UGI,JPMorgan Income & Capital Uts,10334583,229.47,229.46,100,97,,,,,,,91905801
Split Capital Trust,JPMorgan Income & Growth,Income,30/06/2010,B1G3N11,0,23000000,23000000,23000000,23000000,0,0,0,0,60.25,,,,62197803,0,290000,0,N/A,0,0,0,,100,44144255,43487652,69.92,,,,,70.97,,,,,69.92,,,,,70.97,,,,,,0,0,0,0,0,0,0,0,0,0,0,0,0,0,0,0,0,0,0,0,0,0,0,0,0,0,0,0,,0,0,0,0,0,0,0,0,UGI,,,,,,,,,,,,,0
Split Capital Trust,JPMorgan Income & Growth,Capital,30/06/2010,B1G3N00,67144255,66487652,66487652,23000000,23000000,43487652,0,0,67144255,8.7,656603,,,64527781,0,0,0,N/A,2,0,0,N,0,0,0,0,,,,,0,,,,,0,,,,,0,,,,,2.62,2,0,94,4,0,0,0,0,2,0,94,4,0,0,0,0,0,0,0,0,0,0,0,0,0,0,0,0,,2,0,64,18,0,0,16,0,UGI,JPMorgan Income & Growth Units,9405646,69.92,69.92,152,149,,,,,,,66487652
Split Capital Trust,JZ Capital Partners,ZDP 2016,30/06/2010,B40D7X8,,,,,,,,,,,,,,,,,,,,,,,,,,,,,,,,,,,,,,,,,,,,,,,,,,,,,,,,,,,,,,,,,,,,,,,,,,,,,,,,,,,,,,,,,,,,,,,,,
Split Capital Trust,JZ Capital Partners,Ordinary Income,30/06/2010,B403HK5,,,,,,,,,,,,,,,,,,,,,,,,,,,,,,,,,,,,,,,,,,,,,,,,,,,,,,,,,,,,,,,,,,,,,,,,,,,,,,,,,,,,,,,,,,,,,,,,,
Split Capital Trust,M&G Equity,ZDP 2011,30/06/2010,551092,0,40000000,41421970,40000000,41421970,0,0,0,0,76.75,,,0,173544139,0,157000,0,N/A,0,0,0,,0,144364814,144364814,83.19,,,,,83.19,,,,,82.37,,,,,82.37,,,,,,0,0,0,0,0,0,0,0,0,0,0,0,0,0,0,0,0,0,0,0,0,0,0,0,0,0,0,0,,0,0,0,0,0,0,0,0,UGI,,,,,,,,,,,,,0
Split Capital Trust,M&G Equity,Income,30/06/2010,551199,0,184364814,185786784,40000000,41421970,144364814,0,0,0,4.5,,,100,173544139,0,157000,0,N/A,0,0,0,,100,6288117,5320397,3.07,,,,,3.62,,,,,3.07,,,,,3.62,,,,,,0,0,0,0,0,0,0,0,0,0,0,0,0,0,0,0,0,0,0,0,0,0,0,0,0,0,0,0,,0,0,0,0,0,0,0,0,UGI,,,,,,,,,,,,,0
Split Capital Trust,M&G Equity,Capital,30/06/2010,551166,190652931,189685211,191107181,40000000,41421970,149685211,0,0,190652931,0.98,967720,5320397,0,173544139,0,157000,0,N/A,4,0,0,N,0,0,0,0,,,,,0,,,,,0,,,,,0,,,,,4.53,4,23,73,0,0,0,0,0,4,23,73,0,0,0,0,0,100,0,0,0,0,0,100,0,0,0,0,0,p,4,23,58,9,6,0,0,0,UGI,M&G Equity Package Unit,173544139,86.25,85.44,127,121,,,,,,,189685211
Split Capital Trust,M&G High Income,ZDP 2017,30/06/2010,553322,,,,,,,,,,,,,,,,,,,,,,,,,,,,,,,,,,,,,,,,,,,,,,,,,,,,,,,,,,,,,,,,,,,,,,,,,,,,,,,,,,,,,,,,,,,,,,,,,
Split Capital Trust,M&G High Income,Income,30/06/2010,553281,,,,,,,,,,,,,,,,,,,,,,,,,,,,,,,,,,,,,,,,,,,,,,,,,,,,,,,,,,,,,,,,,,,,,,,,,,,,,,,,,,,,,,,,,,,,,,,,,
Split Capital Trust,M&G High Income,Capital,30/06/2010,553270,,,,,,,,,,,,,,,,,,,,,,,,,,,,,,,,,,,,,,,,,,,,,,,,,,,,,,,,,,,,,,,,,,,,,,,,,,,,,,,,,,,,,,,,,,,,,,,,,
Split Capital Trust,Premier Energy & Water,ZDP 2015,30/06/2010,3353820,0,0,0,0,0,0,0,0,0,159.75,,,0,16336396,0,0,0,N/A,0,0,0,,0,25577004,25577004,156.56,,,,,156.56,,,,,156.56,,,,,156.56,,,,,,0,0,0,0,0,0,0,0,0,0,0,0,0,0,0,0,0,0,0,0,0,0,0,0,0,0,0,0,,0,0,0,0,0,0,0,0,SSU,,,,,,,,,,,,,0
Split Capital Trust,Premier Energy & Water,Ordinary Income,30/06/2010,3353790,47512766,25577004,25577004,0,0,25577004,0,0,25577004,157.25,552131,850000,100,13103065,0,0,0,N/A,2,217,212,N,100,21935762,21383631,163.2,,,,,167.41,,,,,163.2,,,,,167.41,,,,,5.7,2,0,14,24,33,0,24,3,2,0,14,84,0,0,0,0,100,0,0,0,0,0,100,0,0,0,0,0,,0,0,0,0,0,0,0,0,SSU,,,,,,,,,,,,,46960635
Split Capital Trust,Premier Renewable Energy,ZDP 2010,30/06/2010,B29LG10,,,,,,,,,,,,,,,,,,,,,,,,,,,,,,,,,,,,,,,,,,,,,,,,,,,,,,,,,,,,,,,,,,,,,,,,,,,,,,,,,,,,,,,,,,,,,,,,,
Split Capital Trust,Premier Renewable Energy,Ordinary Income,30/06/2010,B29LC01,,,,,,,,,,,,,,,,,,,,,,,,,,,,,,,,,,,,,,,,,,,,,,,,,,,,,,,,,,,,,,,,,,,,,,,,,,,,,,,,,,,,,,,,,,,,,,,,,
Split Capital Trust,Rights & Issues,Preference,30/06/2010,739241,,,,,,,,,,,,,,,,,,,,,,,,,,,,,,,,,,,,,,,,,,,,,,,,,,,,,,,,,,,,,,,,,,,,,,,,,,,,,,,,,,,,,,,,,,,,,,,,,,,,
Split Capital Trust,Rights & Issues,Income,30/06/2010,739207,,,,,,,,,,,,,,,,,,,,,,,,,,,,,,,,,,,,,,,,,,,,,,,,,,,,,,,,,,,,,,,,,,,,,,,,,,,,,,,,,,,,,,,,,,,,,,,,,,,,
Split Capital Trust,Rights & Issues,Capital,30/06/2010,739229,,,,,,,,,,,,,,,,,,,,,,,,,,,,,,,,,,,,,,,,,,,,,,,,,,,,,,,,,,,,,,,,,,,,,,,,,,,,,,,,,,,,,,,,,,,,,,,,,,,,
Split Capital Trust,Utilico,ZDP 2012,30/06/2010,B1XHSL1,0,29319681,29319681,29319681,29319681,0,0,0,0,159.75,,,,45486200,0,0,0,N/A,0,0,0,,0,68935222,68935222,151.55,,,,,151.55,,,,,151.55,,,,,151.55,,,,,,0,0,0,0,0,0,0,0,0,0,0,0,0,0,0,0,0,0,0,0,0,0,0,0,0,0,0,0,,0,0,0,0,0,0,0,0,SSU,,,,,,,,,,,,,0,,,
Split Capital Trust,Utilico,ZDP 2014,30/06/2010,B1XHV78,0,98254903,98254903,29319681,29319681,68935222,0,0,0,129.5,,,,37500000,0,0,0,N/A,0,0,0,,0,46396699,46396699,123.72,,,,,123.72,,,,,123.72,,,,,123.72,,,,,,0,0,0,0,0,0,0,0,0,0,0,0,0,0,0,0,0,0,0,0,0,0,0,0,0,0,0,0,,0,0,0,0,0,0,0,0,SSU,,,,,,,,,,,,,0,,,
Split Capital Trust,Utilico,ZDP 2016,30/06/2010,B1XHVB2,0,144651602,144651602,29319681,29319681,115331921,0,0,0,108.75,,,,37500000,0,0,0,N/A,0,0,0,,0,46395147,46395147,123.72,,,,,123.72,,,,,123.72,,,,,123.72,,,,,,0,0,0,0,0,0,0,0,0,0,0,0,0,0,0,0,0,0,0,0,0,0,0,0,0,0,0,0,,0,0,0,0,0,0,0,0,SSU,,,,,,,,,,,,,0,,,
Split Capital Trust,Utilico,Ordinary Income,30/06/2010,B1XHSF5,334276014,191046749,191046749,29319681,29319681,161727068,0,0,191046749,116.5,3558514,,,86373863,0,0,0,No,1,233,231,N,100,143229265,139670751,161.7,,,,,165.82,,,,,161.7,,,,,165.82,,,,,3.5,1,0,40,0,4,0,49,6,1,0,40,32,0,0,27,0,0,0,0,0,0,0,0,0,0,0,0,0,,0,0,0,0,0,0,0,0,SSU,,,,,,,,,,,,,330717500,,Fair values are not materially different to par values.,
Category,Name,Type,Date,SEDOL,Total Assets incl CYR,PC Total Par,PC Total Fair,PC Debt Par,PC Debt Fair,PC Equity,Convertibles Par,Convertibles Fair,PC Gearing,MonthEnd MidPrice,CurrYrRev(CYR),Rev Res (splits only),Rev Allocation % (splits only),Number,Issued,Purch,Treasury,below NAV,Cash/CashEquiv,GrossGearing,NetGearing,Loss,CYR allocation %,SHF per share inc CYR,SHF per share exc CYR,PCNCWNE,   PCNCWE,   PCCWNE,   PCCWE,   PCCWETS,PCNCWNEcum,PCNCWEcum,PCCWNEcum,PCCWEcum,PCCWETScum,FCNCWNE,   FCNCWE,   FCCWNE,   FCCWE,   FCCWETS,FCNCWNEcum,FCNCWEcum,FCCWNEcum,FCCWEcum,FCCWETScum,PFY,Cash/Cash Equiv.,Fixed Interest,UK ,Cont. Europe,North America,Japan ,Other Pacific,Other ,Cash/Cash Equiv.,Fixed Interest,FTSE 100,FTSE 250 x IC,FTSE S/C FL/AIM xIC,SC Inc & Ord Inc,Other SC & ICs,Int. Equities,UK ,Cont. Europe,North America,Japan ,Other Pacific,Other ,UK ,Cont. Europe,North America,Japan ,Other Pacific,Other ,Flags,,,,,,,,,Cat 2,Name,in issue,NAV Par,NAV Fair,Gross Gearing,Net Gearing,Name,in issue,NAV Par,NAV Fair,Gross Gearing,Net Gearing,Total Assets ex CYR,FootNote,Note,Note
UK Growth,Albany,Ordinary Share,30/06/2010,12102,28013966,0,0,0,0,0,0,0,0,245,55719,,,10023750,0,0,0,N/A,4,100,96,N,100,28013966,27958247,278.92,,,,,279.48,,,,,278.92,,,,,279.48,,,,,3.71,4,2,87,1,6,0,0,0,4,2,63,12,8,0,4,7,0,0,0,0,0,0,0,0,0,0,0,0,,0,0,0,0,0,0,0,0,,,,,,,,,,,,,,27958247,,,
UK Growth,Artemis Alpha,Ordinary Share,30/06/2010,435594,99108076,14300000,14300000,14300000,14300000,0,0,0,14300000,230.5,782012,,,30093203,0,0,414500,No,-4,117,122,N,100,84808076,84026064,279.22,250.97,,,250.97,281.82,253.1,,,253.1,279.22,250.97,,,250.97,281.82,253.1,,,253.1,0.92,-4,0,94,5,2,0,3,0,-4,0,0,12,82,0,0,10,0,0,0,0,0,0,0,0,0,0,0,0,/,0,0,0,0,0,0,0,0,,,,,,,,,,,,,,98326064,,,
UK Growth,Aurora,Ordinary Share,30/06/2010,63326,27665130,3882810,3882810,3882810,3882810,0,0,0,3882810,172.75,223570,,,12952250,0,0,1439139,N/A,4,116,112,N,100,23782320,23558750,181.89,,,,180.98,183.62,,,,182.53,181.89,,,,180.98,183.62,,,,182.53,1,4,6,62,4,0,10,9,5,4,6,30,5,55,0,0,0,100,0,0,0,0,0,100,0,0,0,0,0,,0,0,0,0,0,0,0,0,,,,,,,,,,,,,,27441560,,,
UK Growth,British Portfolio Trust,Ordinary Share,30/06/2010,3096169,44027775,3000000,3000000,3000000,3000000,0,0,0,3000000,123.5,1154686,,,31898820,0,450000,5504664,N/A,1,107,106,N,100,41027775,39873089,125,,,,124.78,128.62,,,,127.87,125,,,,124.78,128.62,,,,127.87,3.98,1,0,99,0,0,0,0,0,1,0,74,20,1,0,4,0,100,0,0,0,0,0,100,0,0,0,0,0,,0,0,0,0,0,0,0,0,,,,,,,,,,,,,,42873089,,,"17/06/2010 purchased 450,000 shares for cancellation at 121p, total cost £545,590 for settlement on 22/06/2010"
UK Growth,Capital Gearing,Ordinary Share,30/06/2010,173861,69169010,0,0,0,0,0,0,0,0,2683,144156,,,2794906,0,0,0,N/A,4,100,96,N,100,69169010,69024854,2469.67,,,,,2474.82,,,,,2469.67,,,,,2474.82,,,,,1.8,4,62,8,4,3,1,1,17,4,62,0,0,0,8,13,13,28,39,33,0,0,0,0,0,0,0,0,0,,0,0,0,0,0,0,0,0,,,,,,,,,,,,,,69024854,,,
UK Growth,Crystal Amber (AIM),Ordinary Share,30/06/2010,B1Z2SL4,,,,,,,,,,,,,,,,,,,,,,,,,,,,,,,,,,,,,,,,,,,,,,,,,,,,,,,,,,,,,,,,,,,,,,,,,,,,,,,,,,,,,,,,,,,,,,,,,,,,
UK Growth,Fidelity Special Values,Ordinary Share,30/06/2010,332510,321441369,0,0,0,0,0,0,0,0,516.5,5407118,,,56938896,0,0,0,N/A,4,100,96,N,100,321441369,316034251,555.04,,,,,564.54,,,,,555.04,,,,,564.54,,,,,3.24,4,0,95,1,0,0,0,0,4,0,50,29,5,0,0,12,0,0,0,0,0,0,0,0,0,0,0,0,,0,0,0,0,0,0,0,0,,,,,,,,,,,,,,316034251,"The Company has no financial gearing. However, it is exposed to the market through the use of derivatives (mainly Contracts for Differences). The Total Market Exposure of the derivatives plus Equities as at 30 June 2010 was 107.72%.",The Fair Values have been calculated by discounting future cash flows at UK sterling interest rates.,
UK Growth,Hansa Trust (Ord),Ordinary Share,30/06/2010,787972,209074137,8100000,8100000,8100000,8100000,0,0,0,8100000,711.5,345009,,,24000000,0,0,0,N/A,0,104,104,N,100,200974137,200629128,835.95,,,,,837.39,,,,,835.95,,,,,837.39,,,,,3.28,0,0,95,5,0,0,0,0,0,0,25,14,18,0,2,41,0,0,0,0,0,0,0,0,0,0,0,0,#,0,0,0,0,0,0,0,0,,,,,,,,,,,,,,208729128,Hansa made annual report announcement - 17 June 2010.,,
UK Growth,Hansa Trust (A Ord),Class A Ordinary,30/06/2010,787983,,,,,,,,,,,,,,,,,,,,,,,,,,,,,,,,,,,,,,,,,,,,,,,,,,,,,,,,,,,,,,,,,,,,,,,,,,,,,,,,,,,,,,,,,,,,,,,,,,,,
UK Growth,Henderson Opportunities,Ordinary Share,30/06/2010,853657,42583000,6113701,6113701,6113701,6113701,0,0,0,6113701,359,405000,,,8064087,0,0,0,N/A,3,117,113,N,100,36469299,36064299,447.22,,,,,452.24,,,,,447.22,,,,,452.24,,,,,2.36,3,0,0,0,0,0,0,97,3,0,8,17,72,0,0,0,0,0,0,0,0,0,0,0,0,0,0,0,,0,0,0,0,0,0,0,0,,,,,,,,,,,,,,42178000,,,
UK Growth,Invesco Perpetual Select UK Equity,Ordinary Share,30/06/2010,B1DPVL6,40595640,6650000,6650000,6650000,6650000,0,0,0,6650000,83,161862,,,39304201,0,49800,3856000,No,0,120,120,N,100,33945640,33783778,85.95,,,,85.95,86.37,,,,86.37,85.95,,,,85.95,86.37,,,,86.37,5.9,0,0,91,0,9,0,0,0,0,0,63,25,6,0,0,6,0,0,0,0,0,0,0,0,0,0,0,0,/,0,0,0,0,0,0,0,0,,,,,,,,,,,,,,40433778,,FV of loan not materially different to PAR,
UK Growth,JPMorgan Claverhouse,Ordinary Share,30/06/2010,342218,265530475,35929102,40850975,35929102,40850975,0,0,0,35929102,383.25,2271365,,,55761783,0,115000,0,N/A,3,116,112,N,100,229601373,227330008,407.68,,,,,411.75,,,,,398.85,,,,,402.93,,,,,3.27,3,0,97,0,0,0,0,0,3,0,74,19,4,0,0,0,0,0,0,0,0,0,0,0,0,0,0,0,,0,0,0,0,0,0,0,0,,,,,,,,,,,,,,263259110,,Debentures have been revalued using an estimated fair market spread over the relevant gilt; interest rate swaps and fixed rate loans have been revalued using mark to market estimates provided by a counterparty or other relevant source.,
UK Growth,JPMorgan Mid Cap,Ordinary Share,30/06/2010,235761,120279529,9488698,10649712,9488698,10649712,0,0,0,9488698,364.5,1637095,,,25086680,0,175000,870500,Yes,4,109,104,N,100,110790831,109153736,435.11,,,,432.74,441.63,,,,439.05,430.48,,,,428.27,437,,,,434.57,2.88,4,0,96,0,0,0,0,0,4,0,2,94,0,0,0,0,0,0,0,0,0,0,0,0,0,0,0,0,,0,0,0,0,0,0,0,0,,,,,,,,,,,,,,118642434,,"Debentures have been revalued using an estimated fair market spread over the ç
relevant gilt;  Interst rate swaps and fixed rate loans have been revalued ç
using mark to market estimates provided by a counterparty or other relevant ç
source.",
UK Growth,Keystone,Ordinary Share,30/06/2010,491206,187464504,39845789,42386336,39845789,42386336,0,0,0,39845789,1027,1667051,,,13368799,0,0,0,N/A,15,127,108,N,100,147618715,145951664,1091.73,,,,,1104.2,,,,,1072.73,,,,,1085.2,,,,,3.6,15,0,80,0,5,0,0,0,15,0,50,20,5,0,5,5,100,0,0,0,0,0,100,0,0,0,0,0,,0,0,0,0,0,0,0,0,,,,,,,,,,,,,,185797453,,"Fair value based on following:
- 11.375% 2010/15 and 7.75% 2020 is determined by reference to the daily closing price of the LSE;
- 10.25% is unquoted is referenced to the closing price of the 11.375% 2010/15 debenture stock; and
- 6.5% 2023 and 5% cumulative preference based on last traded price.",
UK Growth,Mercantile,Ordinary Share,30/06/2010,579403,1184518667,176901438,188401165,176901438,188401165,0,0,0,176901438,863.5,6266110,,,99085719,0,0,0,N/A,8,118,108,N,100,1007617229,1001351119,1010.59,,,,,1016.91,,,,,998.98,,,,,1005.31,,,,,2.64,8,0,92,0,0,0,0,0,8,0,3,73,16,0,0,0,0,0,0,0,0,0,0,0,0,0,0,0,,0,0,0,0,0,0,0,0,,,,,,,,,,,,,,1178252557,,,
UK Growth,SVM UK Active,Ordinary Share,30/06/2010,911544,50296894,0,0,0,0,0,0,0,0,139.5,-649106,,,32232324,0,415000,0,No,1,100,99,N,100,50296894,50946000,158.06,,,,,156.04,,,,,158.06,,,,,156.04,,,,,2.2,1,0,99,0,0,0,0,0,1,0,49,31,19,0,0,0,100,0,0,0,0,0,100,0,0,0,0,0,,0,0,0,0,0,0,0,0,,,,,,,,,,,,,,50946000,,,
UK Growth,Schroder UK Growth,Ordinary Share,30/06/2010,791348,199570066,25000000,25000000,25000000,25000000,0,0,0,25000000,107.75,2655874,,,153491049,0,0,0,No,9,114,104,N,100,174570066,171914192,112,,,,,113.73,,,,,112,,,,,113.73,,,,,2.1,9,0,85,0,6,0,0,0,9,0,68,18,0,0,5,0,100,0,0,0,0,0,94,0,6,0,0,0,,0,0,0,0,0,0,0,0,,,,,,,,,,,,,,196914192,,Fair value equals par for short term borrowings,
UK Growth,Schroder UK Mid & Small Cap,Ordinary Share,30/06/2010,610841,94578537,10000000,10000000,10000000,10000000,0,0,0,10000000,192,1687704,,,36143690,0,0,0,N/A,0,112,112,N,100,84578537,82890833,229.34,,,,,234.01,,,,,229.34,,,,,234.01,,,,,2.7,0,0,100,0,0,0,0,0,0,0,0,78,22,0,0,0,100,0,0,0,0,0,100,0,0,0,0,0,,0,0,0,0,0,0,0,0,,,,,,,,,,,,,,92890833,,par and fair value are not materially different.,
UK Growth,Strategic Equity Capital,Ordinary Share,30/06/2010,B0BDCB2,51290604,0,0,0,0,0,0,0,0,51.25,-8692,,,76770474,0,0,3045500,Yes,3,100,97,N,100,51290604,51299296,66.82,,,,66.23,66.81,,,,66.22,66.82,,,,66.23,66.81,,,,66.22,2.07,3,0,94,3,0,0,0,0,3,0,0,4,32,44,14,3,0,0,0,0,0,0,0,0,0,0,0,0,/,0,0,0,0,0,0,0,0,,,,,,,,,,,,,,51299296,,,
UK Growth,UK Select Trust,Ordinary Share,30/06/2010,461823,28614419,0,0,0,0,0,0,0,0,120.5,332063,,,20661322,0,3247,162668,N/A,0,100,104,N,100,28614419,28282356,136.89,,,,136.76,138.49,,,,138.35,136.89,,,,136.76,138.49,,,,138.35,4.18,0,0,100,0,0,0,0,0,0,0,71,4,25,0,0,0,100,0,0,0,0,0,100,0,0,0,0,0,,0,0,0,0,0,0,0,0,,,,,,,,,,,,,,28282356,No information supplied,,Adjustment to final dividend.
Category,Name,Type,Date,SEDOL,Total Assets incl CYR,PC Total Par,PC Total Fair,PC Debt Par,PC Debt Fair,PC Equity,Convertibles Par,Convertibles Fair,PC Gearing,MonthEnd MidPrice,CurrYrRev(CYR),Rev Res (splits only),Rev Allocation % (splits only),Number,Issued,Purch,Treasury,below NAV,Cash/CashEquiv,GrossGearing,NetGearing,Loss,CYR allocation %,SHF per share inc CYR,SHF per share exc CYR,PCNCWNE,   PCNCWE,   PCCWNE,   PCCWE,   PCCWETS,PCNCWNEcum,PCNCWEcum,PCCWNEcum,PCCWEcum,PCCWETScum,FCNCWNE,   FCNCWE,   FCCWNE,   FCCWE,   FCCWETS,FCNCWNEcum,FCNCWEcum,FCCWNEcum,FCCWEcum,FCCWETScum,PFY,Cash/Cash Equiv.,Fixed Interest,UK ,Cont. Europe,North America,Japan ,Other Pacific,Other ,Cash/Cash Equiv.,Fixed Interest,FTSE 100,FTSE 250 x IC,FTSE S/C FL/AIM xIC,SC Inc & Ord Inc,Other SC & ICs,Int. Equities,UK ,Cont. Europe,North America,Japan ,Other Pacific,Other ,UK ,Cont. Europe,North America,Japan ,Other Pacific,Other ,Flags,,,,,,,,,Cat 2,Name,in issue,NAV Par,NAV Fair,Gross Gearing,Net Gearing,Name,in issue,NAV Par,NAV Fair,Gross Gearing,Net Gearing,Total Assets ex CYR,FootNote,Note,Note
UK Growth & Income,British & American,Ordinary Share,30/06/2010,65311,,,,,,,,,,,,,,,,,,,,,,,,,,,,,,,,,,,,,,,,,,,,,,,,,,,,,,,,,,,,,,,,,,,,,,,,,,,,,,,,,,,,,,,,,,,,,,,,,,,,
UK Growth & Income,City of London,Ordinary Share,30/06/2010,199049,560119000,49048000,62071120,49048000,62071120,0,0,0,49048000,240.7,5204000,,,208619868,0,0,0,No,0,110,110,N,100,511071000,505867000,242.48,,,,,244.98,,,,,236.24,,,,,238.73,,,,,4.53,0,0,96,4,0,0,0,0,0,0,76,18,2,0,0,4,0,0,0,0,0,0,0,0,0,0,0,0,/,0,0,0,0,0,0,0,0,,,,,,,,,,,,,,554915000,,,
UK Growth & Income,Dunedin Income Growth,Ordinary Share,30/06/2010,340609,321450353,33600000,37480448,33600000,37480448,0,0,0,33600000,176.5,7780879,,,150706187,0,0,2971748,No,3,112,108,N,100,287850353,280069474,185.84,,,,185.84,191,,,,191,183.26,,,,183.26,188.43,,,,188.43,4.57,3,3,88,5,0,0,1,0,3,3,69,18,1,0,0,6,100,0,0,0,0,0,100,0,0,0,0,0,,0,0,0,0,0,0,0,0,,,,,,,,,,,,,,313669474,,,
UK Growth & Income,Edinburgh Investment,Ordinary Share,30/06/2010,305233,970323074,196923401,252149000,196923401,252149000,0,0,0,196923401,383.4,11150343,,,195116734,0,0,0,N/A,0,125,125,N,100,773399673,762249330,390.66,,,,,396.38,,,,,362.36,,,,,368.07,,,,,4.4,0,-1,90,2,9,0,0,0,0,-1,77,11,13,0,0,0,0,0,0,0,0,0,0,0,0,0,0,0,d,0,0,0,0,0,0,0,0,,,,,,,,,,,,,,959172731,,"The fair value of the debenture stocks is determined by reference to the daily closing price. This is a Bloomberg closing price, subject to review against other data providers to ensure consistency between data providers.",
UK Growth & Income,F&C Capital & Income,Ordinary Share,30/06/2010,346328,169456000,13000000,13000000,13000000,13000000,0,0,0,13000000,183.75,2161000,,,84219268,0,0,0,No,1,108,107,N,100,156456000,154295000,183.21,,,,,185.77,,,,,183.21,,,,,185.77,,,,,4.72,1,3,89,7,0,0,0,0,1,3,69,11,8,0,1,7,93,7,0,0,0,0,93,7,0,0,0,0,,0,0,0,0,0,0,0,0,,,,,,,,,,,,,,167295000,,,
UK Growth & Income,Finsbury Growth & Income,Ordinary Share,30/06/2010,781606,154086096,10700000,10700000,10700000,10700000,0,0,0,10700000,271.75,1044264,,,52797423,0,0,0,Yes,1,107,106,N,100,143386096,142341832,269.6,,,,,271.58,,,,,269.6,,,,,271.58,,,,,4,1,2,86,0,11,0,0,0,1,2,43,36,5,0,2,11,98,0,2,0,0,0,89,0,11,0,0,0,,0,0,0,0,0,0,0,0,,,,,,,,,,,,,,153041832,,,
UK Growth & Income,INVESCO Income Growth,Ordinary Share,30/06/2010,358572,117699242,12122550,12122550,12122550,12122550,0,0,0,12122550,168,1420821,,,58551530,0,0,0,N/A,1,111,110,N,100,105576692,104155871,177.89,,,,,180.31,,,,,177.89,,,,,180.31,,,,,4.45,1,2,97,0,0,0,0,0,1,2,71,21,5,0,0,0,0,0,0,0,0,0,0,0,0,0,0,0,,0,0,0,0,0,0,0,0,,,,,,,,,,,,,,116278421,,FV of overdraft not materially different to PAR,
UK Growth & Income,JPMorgan Elect Managed Income,Ordinary Share,30/06/2010,3408021,34349680,0,0,0,0,0,0,0,0,68.5,40194,,,49907007,0,1469550,0,N/A,2,100,98,N,100,34349680,34309486,68.75,,,,,68.83,,,,,68.75,,,,,68.83,,,,,4,2,0,98,0,0,0,0,0,2,0,57,15,0,0,26,0,0,0,0,0,0,0,0,0,0,0,0,0,,0,0,0,0,0,0,0,0,,,,,,,,,,,,,,34309486,,,
UK Growth & Income,Lowland,Ordinary Share,30/06/2010,536806,209823000,34000000,34000000,34000000,34000000,0,0,0,34000000,615,1480000,,,26417427,0,0,0,No,4,119,115,N,100,175823000,174343000,659.95,,,,,665.56,,,,,659.95,,,,,665.56,,,,,4,4,0,93,0,3,0,0,0,4,0,28,33,32,0,0,3,0,0,0,0,0,0,0,0,0,0,0,0,,0,0,0,0,0,0,0,0,,,,,,,,,,,,,,208343000,,Debenture repayable at par on 1 July 2010,
UK Growth & Income,Merchants,Ordinary Share,30/06/2010,580007,475114159,115837410,138028912,115837410,138028912,0,0,0,115837410,325.5,11512203,,,103213464,0,0,0,N/A,1,132,131,N,100,359276749,347764546,336.94,,,,,348.09,,,,,315.44,,,,,326.59,,,,,5.23,1,0,99,0,0,0,0,0,1,0,85,13,1,0,0,0,0,0,0,0,0,0,0,0,0,0,0,0,,0,0,0,0,0,0,0,0,,,,,,,,,,,,,,463601956,,,
UK Growth & Income,Murray Income,Ordinary Share,30/06/2010,611112,385471180,35000000,35000000,35000000,35000000,0,0,0,35000000,533,5365366,,,64689458,0,0,1727000,No,7,110,102,N,100,350471180,345105814,533.48,,,,533.48,541.77,,,,541.77,533.48,,,,533.48,541.77,,,,541.77,4.77,7,3,89,1,0,0,0,0,7,3,68,18,0,0,3,1,100,0,0,0,0,0,100,0,0,0,0,0,,0,0,0,0,0,0,0,0,,,,,,,,,,,,,,380105814,,,
UK Growth & Income,Perpetual Income & Growth,Ordinary Share,30/06/2010,679842,550594600,86130678,86845520,86130678,86845520,0,0,0,86130678,219,6111336,,,210051017,0,0,0,N/A,0,119,119,N,100,464463922,458352586,218.21,,,,,221.12,,,,,217.87,,,,,220.78,,,,,4,0,0,92,0,6,0,0,2,0,0,60,24,9,0,0,7,0,0,0,0,0,0,0,0,0,0,0,0,,0,0,0,0,0,0,0,0,,,,,,,,,,,,,,544483264,,"FV of overdraft not materially different to PAR
FV of 6.125% debenture stock is determined by reference to the daily closing ç
price of the LSE.",
UK Growth & Income,Schroder Income Growth,Ordinary Share,30/06/2010,791586,122396153,0,0,0,0,0,0,0,0,171.5,2287503,,,68688343,0,0,0,N/A,1,100,99,N,100,122396153,120108650,174.86,,,,,178.19,,,,,174.86,,,,,178.19,,,,,5,1,0,99,0,0,0,0,0,1,0,95,4,0,0,0,0,100,0,0,0,0,0,100,0,0,0,0,0,,0,0,0,0,0,0,0,0,,,,,,,,,,,,,,120108650,,,
UK Growth & Income,Securities Trust of Scotland,Ordinary Share,30/06/2010,B09G3N2,111038617,14200000,14200000,14200000,14200000,0,0,0,14200000,87.75,1359531,,,100776771,0,0,0,N/A,0,115,115,N,100,96838617,95479086,94.74,,,,,96.09,,,,,94.74,,,,,96.09,,,,,5.15,0,3,97,0,0,0,0,0,0,3,71,23,3,0,0,0,100,0,0,0,0,0,100,0,0,0,0,0,d,0,0,0,0,0,0,0,0,,,,,,,,,,,,,,109679086,,,
UK Growth & Income,Shires Income,Ordinary Share,30/06/2010,805250,68221570,18050000,18050000,18050000,18050000,0,0,0,18050000,174.25,1742239,,,29697580,0,0,0,No,4,136,131,N,100,50171570,48429331,163.08,,,,,168.94,,,,,163.08,,,,,168.94,,,,,6.03,4,32,63,0,1,0,0,0,4,32,48,7,2,0,6,1,100,0,0,0,0,0,100,0,0,0,0,0,,0,0,0,0,0,0,0,0,,,,,,,,,,,,,,66479331,,,
UK Growth & Income,Standard Life Equity Income,Ordinary Share,30/06/2010,603959,108510649,10750000,10750000,10750000,10750000,0,0,0,10750000,253,1875222,,,37930579,0,0,1807328,No,0,111,111,N,100,97760649,95885427,252.79,,,,252.79,257.74,,,,257.74,252.79,,,,252.79,257.74,,,,257.74,4.4,0,0,100,0,0,0,0,0,0,0,69,31,0,0,0,0,0,0,0,0,0,0,0,0,0,0,0,0,,0,0,0,0,0,0,0,0,,,,,,,,,,,,,,106635427,,,
UK Growth & Income,Temple Bar,Ordinary Share,30/06/2010,882532,509030652,63000000,72059800,63000000,72059800,0,0,0,63000000,736,10212232,,,58961367,0,0,0,N/A,1,114,113,N,100,446030652,435818420,739.16,,,,,756.48,,,,,723.79,,,,,741.11,,,,,4.5,1,9,79,3,8,0,0,0,1,9,60,19,3,0,4,4,99,0,1,0,0,0,89,8,3,0,0,0,,0,0,0,0,0,0,0,0,,,,,,,,,,,,,,498818420,,Fair values are based on the latest available market price of the debenture debt - Source: Evolution Securities,
UK Growth & Income,Troy Income & Growth,Ordinary Share,30/06/2010,370866,51006686,0,0,0,0,0,0,0,0,44.75,713025,,,113968182,200000,416000,7974335,No,1,100,99,N,100,51006686,50293661,44.13,,,,44.13,44.76,,,,44.76,44.13,,,,44.13,44.76,,,,44.76,5.17,1,5,87,2,5,0,0,0,1,5,70,12,5,0,0,7,0,0,0,0,0,0,0,0,0,0,0,0,,0,0,0,0,0,0,0,0,,,,,,,,,,,,,,50293661,,,"Issue of 200,000 shares on 02/06/10 at 45.5p per share.
Buyback of 150,000 shares on 07/06/10 at 44.75p per share.
Buyback of 266,000 shares on 15/06/10 at 45.75p per share."
UK Growth & Income,Value and Income,Ordinary Share,30/06/2010,848471,133093888,35000000,43384415,35000000,43384415,0,0,0,35000000,155.5,1313646,,,45549975,0,0,0,N/A,0,136,136,N,100,98093888,96780242,212.47,,,,,215.35,,,,,194.06,,,,,196.95,,,,,6.14,0,0,100,0,0,0,0,0,0,0,29,33,2,0,0,0,100,0,0,0,0,0,100,0,0,0,0,0,,0,0,0,0,0,0,0,0,,,,,,,,,,,,,,131780242,Additional portfolio spread: Remaining 36% is invested in property holdings.,,
Category,Name,Type,Date,SEDOL,Total Assets incl CYR,PC Total Par,PC Total Fair,PC Debt Par,PC Debt Fair,PC Equity,Convertibles Par,Convertibles Fair,PC Gearing,MonthEnd MidPrice,CurrYrRev(CYR),Rev Res (splits only),Rev Allocation % (splits only),Number,Issued,Purch,Treasury,below NAV,Cash/CashEquiv,GrossGearing,NetGearing,Loss,CYR allocation %,SHF per share inc CYR,SHF per share exc CYR,PCNCWNE,   PCNCWE,   PCCWNE,   PCCWE,   PCCWETS,PCNCWNEcum,PCNCWEcum,PCCWNEcum,PCCWEcum,PCCWETScum,FCNCWNE,   FCNCWE,   FCCWNE,   FCCWE,   FCCWETS,FCNCWNEcum,FCNCWEcum,FCCWNEcum,FCCWEcum,FCCWETScum,PFY,Cash/Cash Equiv.,Fixed Interest,UK ,Cont. Europe,North America,Japan ,Other Pacific,Other ,Cash/Cash Equiv.,Fixed Interest,UK Equity x IC,Int. Equities,SC Inc Shares,SC Ord Inc Shares,Other SC & ICs,Other ,UK ,Cont. Europe,North America,Japan ,Other Pacific,Other ,UK ,Cont. Europe,North America,Japan ,Other Pacific,Other ,Flags,,,,,,,,,Cat 2,Name,in issue,NAV Par,NAV Fair,Gross Gearing,Net Gearing,Name,in issue,NAV Par,NAV Fair,Gross Gearing,Net Gearing,Total Assets ex CYR,FootNote,Note,Note
UK High Income,City Merchants High Yield,Ordinary Share,30/06/2010,B0LNG76,131064823,15078136,15078136,15078136,15078136,0,0,0,15078136,164,2790103,,,72799105,0,0,0,N/A,11,113,101,N,100,115986687,113196584,155.49,,,,,159.32,,,,,155.49,,,,,159.32,,,,,7.3,11,81,6,1,1,0,0,0,11,81,6,2,0,0,0,0,40,37,23,0,0,0,82,10,8,0,0,0,,0,0,0,0,0,0,0,0,,,,,,,,,,,,,,128274720,,FV of loan not materially different to PAR,
UK High Income,Henderson High Income,Ordinary Share,30/06/2010,958057,123411000,30165086,30165086,30165086,30165086,0,0,0,30165086,107.75,1874000,,,85585744,0,0,250000,No,2,132,130,N,100,93245914,91371914,106.76,,,,106.76,108.95,,,,108.95,106.76,,,,106.76,108.95,,,,108.95,5.6,2,16,77,5,0,0,0,0,2,16,77,5,0,0,0,0,95,5,0,0,0,0,95,5,0,0,0,0,/d,0,0,0,0,0,0,0,0,,,,,,,,,,,,,,121537000,,,
UK High Income,Investors Capital A,Ordinary Share,30/06/2010,B1N4G29,97995587,25074636,27427985,25074636,27427985,0,0,0,25074636,77,1013128,,,95578144,0,0,6489000,Yes,7,134,125,N,100,72920951,71907823,75.23,,,,75.23,76.29,,,,76.29,72.77,,,,72.77,73.83,,,,73.83,4.5,7,29,64,0,0,0,0,0,7,29,64,0,0,0,0,0,74,18,8,0,0,0,100,0,0,0,0,0,p,0,0,0,0,0,0,0,0,,Investors Capital Units,13566554,300.94,291.08,134,125,,,,,,,96982459,,"Fair values most recent supplied by lender - calculated on a marked to market ç
basis.",
UK High Income,Investors Capital B,Ordinary Share,30/06/2010,B1N4H59,32862382,8408667,9197852,8408667,9197852,0,0,0,8408667,79.5,339748,,,32051703,0,0,25000,Yes,7,134,125,N,100,24453715,24113967,75.23,,,,75.23,76.29,,,,76.29,72.77,,,,72.77,73.83,,,,73.83,4.5,7,29,64,0,0,0,0,0,7,29,64,0,0,0,0,0,74,18,8,0,0,0,100,0,0,0,0,0,,0,0,0,0,0,0,0,0,,,,,,,,,,,,,,32522634,,Fair values latest supplied by lender - calculated on a marked to market basis,
UK High Income,New City High Yield,Ordinary Share,30/06/2010,B1LZS51,91373902,10205187,10205187,10205187,10205187,0,0,0,10205187,56.25,1686333,,,153303028,0,0,0,N/A,3,113,109,N,100,81168715,79482382,51.85,,,,,52.95,,,,,51.85,,,,,52.95,,,,,9.1,3,67,17,3,2,0,8,0,3,67,17,13,0,0,0,0,65,15,19,0,1,0,63,13,16,0,8,0,A,0,0,0,0,0,0,0,0,,,,,,,,,,,,,,89687569,,,
UK High Income,Shires Smaller Companies,Ordinary Share,30/06/2010,806372,39621256,12297350,12463760,12297350,12463760,0,0,0,12297350,103,430614,,,22109765,0,0,0,No,8,145,133,N,100,27323906,26893292,121.64,,,,,123.58,,,,,120.88,,,,,122.83,,,,,4.8,8,24,68,0,0,0,0,0,8,24,68,0,0,0,0,0,100,0,0,0,0,0,100,0,0,0,0,0,,0,0,0,0,0,0,0,0,,,,,,,,,,,,,,39190642,,,
UK High Income,Small Companies Dividend,Ordinary Share,30/06/2010,661582,18945653,4000000,4569761,4000000,4569761,0,0,0,4000000,78.25,-13125,,,16250000,0,0,0,N/A,0,127,127,N,100,14945653,14958778,92.05,,,,,91.97,,,,,88.55,,,,,88.47,,,,,5.7,0,0,100,0,0,0,0,0,0,0,100,0,0,0,0,0,0,0,0,0,0,0,0,0,0,0,0,0,/A,0,0,0,0,0,0,0,0,,,,,,,,,,,,,,18958778,,,
Category,Name,Type,Date,SEDOL,Total Assets incl CYR,PC Total Par,PC Total Fair,PC Debt Par,PC Debt Fair,PC Equity,Convertibles Par,Convertibles Fair,PC Gearing,MonthEnd MidPrice,CurrYrRev(CYR),Rev Res (splits only),Rev Allocation % (splits only),Number,Issued,Purch,Treasury,below NAV,Cash/CashEquiv,GrossGearing,NetGearing,Loss,CYR allocation %,SHF per share inc CYR,SHF per share exc CYR,PCNCWNE,   PCNCWE,   PCCWNE,   PCCWE,   PCCWETS,PCNCWNEcum,PCNCWEcum,PCCWNEcum,PCCWEcum,PCCWETScum,FCNCWNE,   FCNCWE,   FCCWNE,   FCCWE,   FCCWETS,FCNCWNEcum,FCNCWEcum,FCCWNEcum,FCCWEcum,FCCWETScum,PFY,Cash/Cash Equiv.,Fixed Interest,UK ,Cont. Europe,North America,Japan ,Other Pacific,Other ,Cash/Cash Equiv.,Fixed Interest,FTSE 100,FTSE 250,FTSE Small Cap,FTSE Fledgling,AIM/ PLUS,Int. Equities,UK ,Cont. Europe,North America,Japan ,Other Pacific,Other ,UK ,Cont. Europe,North America,Japan ,Other Pacific,Other ,Flags,,,,,,,,,Cat 2,Name,in issue,NAV Par,NAV Fair,Gross Gearing,Net Gearing,Name,in issue,NAV Par,NAV Fair,Gross Gearing,Net Gearing,Total Assets ex CYR,FootNote,Note,Note
UK Smaller Companies,Aberforth Smaller Companies,Ordinary Share,30/06/2010,6655,617547477,52000000,52000000,52000000,52000000,0,0,0,52000000,512.5,4248868,,,96747000,0,0,0,N/A,-1,109,110,N,100,565547477,561298609,580.17,,,,,584.56,,,,,580.17,,,,,584.56,,,,,,-1,0,101,0,0,0,0,0,-1,0,0,47,44,10,0,0,100,0,0,0,0,0,100,0,0,0,0,0,/,0,0,0,0,0,0,0,0,,,,,,,,,,,,,,613298609,,,
UK Smaller Companies,BlackRock Smaller Companies,Ordinary Share,30/06/2010,643610,214566753,24444590,26480702,24444590,26480702,0,0,0,24444590,325,2181286,,,47879792,0,0,2113731,No,0,113,113,N,100,190122163,187940877,392.53,,,,392.53,397.08,,,,397.08,388.27,,,,388.27,392.83,,,,392.83,,0,0,100,0,0,0,0,0,0,0,0,17,18,2,63,0,0,0,0,0,0,0,0,0,0,0,0,0,,0,0,0,0,0,0,0,0,,,,,,,,,,,,,,212385467,,,
UK Smaller Companies,Dunedin Smaller Companies,Ordinary Share,30/06/2010,B1GCL25,65834334,5000000,5000000,5000000,5000000,0,0,0,5000000,103.75,1285720,,,47854352,0,0,0,N/A,9,108,98,N,100,60834334,59548614,124.44,,,,,127.12,,,,,124.44,,,,,127.12,,,,,3.43,9,0,91,0,0,0,0,0,9,0,0,41,46,3,1,0,100,0,0,0,0,0,100,0,0,0,0,0,,0,0,0,0,0,0,0,0,,,,,,,,,,,,,,64548614,,,
UK Smaller Companies,Framlington Innovative Growth,Ordinary Share,30/06/2010,890632,93135245,8000000,8000000,8000000,8000000,0,0,0,8000000,284.75,1721287,,,24507001,0,0,0,N/A,14,109,94,N,100,85135245,83413958,340.37,,,,,347.39,,,,,340.37,,,,,347.39,,,,,2.48,14,0,86,0,0,0,0,0,14,0,0,21,36,3,26,0,100,0,0,0,0,0,100,0,0,0,0,0,,0,0,0,0,0,0,0,0,,,,,,,,,,,,,,91413958,,The bank loan is fixed to 07.05.11 and Fair Value is taken to be the same as the nominal amount drawn down.,
UK Smaller Companies,Gartmore Fledgling,Ordinary Share,30/06/2010,371922,85659983,4900075,4900075,4900075,4900075,0,0,0,4900075,355.5,600707,,,18644580,0,27000,0,N/A,4,106,102,N,100,80759908,80159201,429.93,,,,,433.15,,,,,429.93,,,,,433.15,,,,,3.3,4,0,96,0,0,0,0,0,4,0,0,0,2,92,2,0,100,0,0,0,0,0,100,0,0,0,0,0,,0,0,0,0,0,0,0,0,,,,,,,,,,,,,,85059276,,,"04/06/10
27,000 shares
£94,162.50"
UK Smaller Companies,Gartmore Growth Opportunities,Ordinary Share,30/06/2010,B07BP66,54653720,12500,12500,12500,12500,0,0,0,12500,467,2006123,,,11073864,0,0,0,N/A,13,100,87,N,100,54641220,52635097,475.31,,,,,493.43,,,,,475.31,,,,,493.43,,,,,2.2,13,0,87,0,0,0,0,0,13,0,0,6,30,12,39,0,100,0,0,0,0,0,100,0,0,0,0,0,,0,0,0,0,0,0,0,0,,,,,,,,,,,,,,52647597,,,
UK Smaller Companies,Henderson Smaller Companies,Ordinary Share,30/06/2010,906506,226864000,21504000,27503600,21504000,27503600,0,0,0,21504000,215.5,3728000,,,74906796,0,0,0,N/A,-1,110,112,N,100,205360000,201632000,269.18,,,,,274.15,,,,,261.17,,,,,266.14,,,,,,-1,0,101,0,0,0,0,0,-1,0,0,73,20,0,8,0,0,0,0,0,0,0,0,0,0,0,0,0,/,0,0,0,0,0,0,0,0,,,,,,,,,,,,,,223136000,,,
UK Smaller Companies,INVESCO English & International,Ordinary Share,30/06/2010,B0LM0M6,48360831,0,0,0,0,0,0,0,0,206,29752,,,21169163,0,0,2100000,No,9,100,91,N,100,48360831,48331079,228.31,,,,228.31,228.45,,,,228.45,228.31,,,,228.31,228.45,,,,228.45,0.84,9,0,90,0,1,0,0,0,9,0,0,13,15,3,56,1,100,0,0,0,0,0,100,0,0,0,0,0,,0,0,0,0,0,0,0,0,,,,,,,,,,,,,,48331079,Additional Portfolio spread: 3% held in FTSE techMARK as at 30 June 2010.,,
UK Smaller Companies,Invesco Perpetual UK Smaller Companies,Ordinary Share,30/06/2010,B1FL3C7,111661180,0,0,0,0,0,0,0,0,157.75,1335775,,,57264629,0,0,0,N/A,6,100,94,N,100,111661180,110325405,192.66,,,,,194.99,,,,,192.66,,,,,194.99,,,,,2.67,6,0,94,0,0,0,0,0,6,0,0,47,47,0,0,0,0,0,0,0,0,0,0,0,0,0,0,0,,0,0,0,0,0,0,0,0,,,,,,,,,,,,,,110325405,,,
UK Smaller Companies,JPMorgan Smaller Companies,Ordinary Share,30/06/2010,741600,91867435,8453274,8453274,8453274,8453274,0,0,0,8453274,348.5,1710766,,,18940023,0,21055,0,N/A,0,110,110,N,100,83414161,81703395,431.38,,,,,440.41,,,,,431.38,,,,,440.41,,,,,2.36,0,0,100,0,0,0,0,0,0,0,0,24,70,0,6,0,0,0,0,0,0,0,0,0,0,0,0,0,,0,0,0,0,0,0,0,0,,,,,,,,,,,,,,90156669,,,
UK Smaller Companies,Montanaro UK Smaller Companies,Ordinary Share,30/06/2010,600756,118294879,15000000,15000000,15000000,15000000,0,0,0,15000000,238.75,520629,,,33475958,0,0,0,Yes,6,115,108,N,100,103294879,102774250,307.01,,,,,308.56,,,,,307.01,,,,,308.56,,,,,2.56,6,0,94,0,0,0,0,0,6,0,0,36,35,7,16,0,100,0,0,0,0,0,100,0,0,0,0,0,d,0,0,0,0,0,0,0,0,,,,,,,,,,,,,,117774250,,,
UK Smaller Companies,Standard Life UK Smaller Companies,Ordinary Share,30/06/2010,295958,100116978,2000000,2000000,2000000,2000000,0,0,0,2000000,136.5,1279987,,,63163381,0,0,559175,No,1,102,101,N,100,98116978,96836991,153.31,,,,153.31,155.34,,,,155.34,153.31,,,,153.31,155.34,,,,155.34,,1,0,94,5,0,0,0,0,1,0,0,40,16,1,37,5,100,0,0,0,0,0,100,0,0,0,0,0,/,0,0,0,0,0,0,0,0,,,,,,,,,,,,,,98836991,,,
UK Smaller Companies,Throgmorton Trust,Ordinary Share,30/06/2010,891055,121481603,5799025,5799025,5799025,5799025,0,0,0,5799025,132.75,1406860,,,74164475,0,0,7400000,No,-1,105,106,N,100,115682578,114275718,154.08,152.74,,,152.74,155.98,154.32,,,154.32,154.08,152.74,,,152.74,155.98,154.32,,,154.32,2.1,-1,0,101,0,0,0,0,0,-1,0,0,56,15,4,26,0,0,0,0,0,0,0,0,0,0,0,0,0,/,0,0,0,0,0,0,0,0,,,,,,,,,,,,,,120074743,The company is exposed to the market through the use of Contracts for Difference (CFDs). The total market exposure of CFDs plus equities as at 30 June 2010 was 111.5%.,,
Category,Name,Type,Date,SEDOL,Total Assets incl CYR,PC Total Par,PC Total Fair,PC Debt Par,PC Debt Fair,PC Equity,Convertibles Par,Convertibles Fair,PC Gearing,MonthEnd MidPrice,CurrYrRev(CYR),Rev Res (splits only),Rev Allocation % (splits only),Number,Issued,Purch,Treasury,below NAV,Cash/CashEquiv,GrossGearing,NetGearing,Loss,CYR allocation %,SHF per share inc CYR,SHF per share exc CYR,PCNCWNE,   PCNCWE,   PCCWNE,   PCCWE,   PCCWETS,PCNCWNEcum,PCNCWEcum,PCCWNEcum,PCCWEcum,PCCWETScum,FCNCWNE,   FCNCWE,   FCCWNE,   FCCWE,   FCCWETS,FCNCWNEcum,FCNCWEcum,FCCWNEcum,FCCWEcum,FCCWETScum,PFY,Cash/Cash Equiv.,Fixed Interest,UK ,Cont. Europe,North America,Japan ,Other Pacific,Other ,Cash/Cash Equiv.,Fixed Interest,UK Listed,UK Unlisted,Cont. Eur Listed,Cont. Eur Unlisted,US Listed,US Unlisted,UK ,Cont. Europe,North America,Japan ,Other Pacific,Other ,UK ,Cont. Europe,North America,Japan ,Other Pacific,Other ,Flags,,,,,,,,,Cat 2,Name,in issue,NAV Par,NAV Fair,Gross Gearing,Net Gearing,Name,in issue,NAV Par,NAV Fair,Gross Gearing,Net Gearing,Total Assets ex CYR,FootNote,Note,Note
VCT AIM Quoted,Amati VCT,Ordinary Share,30/06/2010,B05N8X2,27855252,0,0,0,0,0,0,0,0,75,74291,,,37537202,273170,142000,0,N/A,6,100,94,N,100,27855252,27780961,74.01,,,,,74.21,,,,,74.01,,,,,74.21,,,,,1.36,6,13,81,0,0,0,0,0,6,13,79,2,0,0,0,0,100,0,0,0,0,0,81,0,0,0,0,19,,0,0,0,0,0,0,0,0,,,,,,,,,,,,,,27780961,,,"A total of 273,170 shares were issued on the following dates: 07th June and 28th June, and a total of 142,000 shares were cancelled on the following dates: 04th June and 30th June 2010."
VCT AIM Quoted,Artemis VCT,Ordinary Share,30/06/2010,B02WQ94,38736433,0,0,0,0,0,0,0,0,52.5,160344,,,64068749,0,98293,0,No,6,100,94,N,100,38736433,38576089,60.21,,,,,60.46,,,,,60.21,,,,,60.46,,,,,1.28,6,2,89,0,0,0,1,2,6,2,81,11,0,0,0,0,0,0,0,0,0,0,0,0,0,0,0,0,,0,0,0,0,0,0,0,0,,,,,,,,,,,,,,38576089,,,"Buyback of 98,293 shares on 03/06/10 (£0.05m)."
VCT AIM Quoted,Baronsmead AIM VCT,Ordinary Share,30/06/2010,B0YZHK9,18898894,0,0,0,0,0,0,0,0,62.25,-42107,,,27650132,0,0,334000,N/A,22,100,78,N,100,18898894,18941001,68.5,,,,68.43,68.35,,,,68.28,68.5,,,,68.43,68.35,,,,68.28,,22,0,78,0,0,0,0,0,22,0,72,6,0,0,0,0,100,0,0,0,0,0,100,0,0,0,0,0,,0,0,0,0,0,0,0,0,,,,,,,,,,,,,,18941001,,,
VCT AIM Quoted,Bluehone AIM VCT 2,Ordinary Share,30/06/2010,205753,21408680,0,0,0,0,0,0,0,0,25.5,-38000,,,59399132,0,0,0,N/A,6,100,94,Y,100,21408680,21446680,,,,,,36.04,,,,,,,,,,36.04,,,,,,6,0,94,0,0,0,0,0,6,0,81,13,0,0,0,0,100,0,0,0,0,0,100,0,0,0,0,0,/,0,0,0,0,0,0,0,0,,,,,,,,,,,,,,21446680,Company will announce interim results in July 2010,,
VCT AIM Quoted,Downing Distribution VCT 1,Ordinary Share,30/06/2010,B61LT73,,,,,,,,,,,,,,,,,,,,,,,,,,,,,,,,,,,,,,,,,,,,,,,,,,,,,,,,,,,,,,,,,,,,,,,,,,,,,,,,,,,,,,,,,,,,,,,,,,,,
VCT AIM Quoted,Downing Distribution VCT 2,Ordinary Share,30/06/2010,B55T8S0,,,,,,,,,,,,,,,,,,,,,,,,,,,,,,,,,,,,,,,,,,,,,,,,,,,,,,,,,,,,,,,,,,,,,,,,,,,,,,,,,,,,,,,,,,,,,,,,,,,,
VCT AIM Quoted,Downing Distribution VCT 2 D shares,Ordinary Share,30/06/2010,B1KR104,,,,,,,,,,,,,,,,,,,,,,,,,,,,,,,,,,,,,,,,,,,,,,,,,,,,,,,,,,,,,,,,,,,,,,,,,,,,,,,,,,,,,,,,,,,,,,,,,,,,
VCT AIM Quoted,Framlington AIM VCT,Ordinary Share,30/06/2010,B02WQ61,9227052,0,0,0,0,0,0,0,0,35,-8205,,,22805778,0,0,0,N/A,7,100,93,N,100,9227052,9235257,40.5,,,,,40.46,,,,,40.5,,,,,40.46,,,,,1.95,7,7,86,0,0,0,0,0,7,7,86,0,0,0,0,0,0,0,0,0,0,0,0,0,0,0,0,0,,0,0,0,0,0,0,0,0,,,,,,,,,,,,,,9235257,,,
VCT AIM Quoted,Framlington AIM VCT 2,Ordinary Share,30/06/2010,B0MV7V0,14233028,0,0,0,0,0,0,0,0,43.5,80899,,,29883605,0,0,0,N/A,9,100,91,N,100,14233028,14152129,47.36,,,,,47.63,,,,,47.36,,,,,47.63,,,,,2.73,9,28,63,0,0,0,0,0,9,28,58,5,0,0,0,0,0,0,0,0,0,0,0,0,0,0,0,0,,0,0,0,0,0,0,0,0,,,,,,,,,,,,,,14152129,,,
VCT AIM Quoted,Hargreave Hale AIM VCT 1,Ordinary Share,30/06/2010,B02WHS0,,,,,,,,,,,,,,,,,,,,,,,,,,,,,,,,,,,,,,,,,,,,,,,,,,,,,,,,,,,,,,,,,,,,,,,,,,,,,,,,,,,,,,,,,,,,,,,,,,,,
VCT AIM Quoted,Invesco Perpetual AiM VCT,Ordinary Share,30/06/2010,B01JDF1,13676291,0,0,0,0,0,0,0,0,26,-109613,,,43526171,0,0,0,N/A,2,100,98,N,100,13676291,13785904,31.67,,,,,31.42,,,,,31.67,,,,,31.42,,,,,1,2,0,97,1,0,0,0,0,2,0,82,15,1,0,0,0,100,0,0,0,0,0,100,0,0,0,0,0,,0,0,0,0,0,0,0,0,,,,,,,,,,,,,,13785904,,,
VCT AIM Quoted,Northern AIM VCT,Ordinary Share,30/06/2010,209368,,,,,,,,,,,,,,,,,,,,,,,,,,,,,,,,,,,,,,,,,,,,,,,,,,,,,,,,,,,,,,,,,,,,,,,,,,,,,,,,,,,,,,,,,,,,,,,,,,,,
VCT AIM Quoted,Octopus AIM VCT,Ordinary Share,30/06/2010,3420207,,,,,,,,,,,,,,,,,,,,,,,,,,,,,,,,,,,,,,,,,,,,,,,,,,,,,,,,,,,,,,,,,,,,,,,,,,,,,,,,,,,,,,,,,,,,,,,,,,,,
VCT AIM Quoted,Octopus IHT AIM VCT A,Ordinary Share,30/06/2010,B0JQZZ8,,,,,,,,,,,,,,,,,,,,,,,,,,,,,,,,,,,,,,,,,,,,,,,,,,,,,,,,,,,,,,,,,,,,,,,,,,,,,,,,,,,,,,,,,,,,,,,,,,,,
VCT AIM Quoted,Octopus Phoenix VCT,Ordinary Share,30/06/2010,3236299,,,,,,,,,,,,,,,,,,,,,,,,,,,,,,,,,,,,,,,,,,,,,,,,,,,,,,,,,,,,,,,,,,,,,,,,,,,,,,,,,,,,,,,,,,,,,,,,,,,,
VCT AIM Quoted,Octopus Second AIM VCT,Ordinary Share,30/06/2010,3019627,,,,,,,,,,,,,,,,,,,,,,,,,,,,,,,,,,,,,,,,,,,,,,,,,,,,,,,,,,,,,,,,,,,,,,,,,,,,,,,,,,,,,,,,,,,,,,,,,,,,
VCT AIM Quoted,Rensburg AIM VCT,Ordinary Share,30/06/2010,572316,,,,,,,,,,,,,,,,,,,,,,,,,,,,,,,,,,,,,,,,,,,,,,,,,,,,,,,,,,,,,,,,,,,,,,,,,,,,,,,,,,,,,,,,,,,,,,,,,,,,
VCT AIM Quoted,Unicorn AIM VCT,Ordinary Share,30/06/2010,B1RTFN4,54596622,0,0,0,0,0,0,0,0,78,-55151,,,60113214,0,212852,0,N/A,4,100,96,N,100,54596622,54651773,90.91,,,,,90.82,,,,,90.91,,,,,90.82,,,,,,4,0,96,0,0,0,0,0,4,0,90,6,0,0,0,0,100,0,0,0,0,0,100,0,0,0,0,0,,0,0,0,0,0,0,0,0,,,,,,,,,,,,,,54651773,,,"213k shares were repurchased for cancellation in the month, broken down as follows: 10/06/2010 - 63k shares at 78p each and 24/06/2010 - 150k shares at 78p each."
Category,Name,Type,Date,SEDOL,Total Assets incl CYR,PC Total Par,PC Total Fair,PC Debt Par,PC Debt Fair,PC Equity,Convertibles Par,Convertibles Fair,PC Gearing,MonthEnd MidPrice,CurrYrRev(CYR),Rev Res (splits only),Rev Allocation % (splits only),Number,Issued,Purch,Treasury,below NAV,Cash/CashEquiv,GrossGearing,NetGearing,Loss,CYR allocation %,SHF per share inc CYR,SHF per share exc CYR,PCNCWNE,   PCNCWE,   PCCWNE,   PCCWE,   PCCWETS,PCNCWNEcum,PCNCWEcum,PCCWNEcum,PCCWEcum,PCCWETScum,FCNCWNE,   FCNCWE,   FCCWNE,   FCCWE,   FCCWETS,FCNCWNEcum,FCNCWEcum,FCCWNEcum,FCCWEcum,FCCWETScum,PFY,Cash/Cash Equiv.,Fixed Interest,UK ,Cont. Europe,North America,Japan ,Other Pacific,Other ,Cash/Cash Equiv.,Fixed Interest,UK Listed,UK Unlisted,Cont. Eur Listed,Cont. Eur Unlisted,US Listed,US Unlisted,UK ,Cont. Europe,North America,Japan ,Other Pacific,Other ,UK ,Cont. Europe,North America,Japan ,Other Pacific,Other ,Flags,,,,,,,,,Cat 2,Name,in issue,NAV Par,NAV Fair,Gross Gearing,Net Gearing,Name,in issue,NAV Par,NAV Fair,Gross Gearing,Net Gearing,Total Assets ex CYR,FootNote,Note,Note
VCT Generalist,Acuity Growth VCT,Ordinary Share,30/06/2010,B031G67,,,,,,,,,,,,,,,,,,,,,,,,,,,,,,,,,,,,,,,,,,,,,,,,,,,,,,,,,,,,,,,,,,,,,,,,,,,,,,,,,,,,,,,,,,,,,,,,,,,,
VCT Generalist,Acuity VCT 3,Ordinary Share,30/06/2010,B0LHSD8,,,,,,,,,,,,,,,,,,,,,,,,,,,,,,,,,,,,,,,,,,,,,,,,,,,,,,,,,,,,,,,,,,,,,,,,,,,,,,,,,,,,,,,,,,,,,,,,,,,,
VCT Generalist,Albion Development VCT,Ordinary Share,30/06/2010,483247,,,,,,,,,,,,,,,,,,,,,,,,,,,,,,,,,,,,,,,,,,,,,,,,,,,,,,,,,,,,,,,,,,,,,,,,,,,,,,,,,,,,,,,,,,,,,,,,,,,,
VCT Generalist,Albion Enterprise VCT,Ordinary Share,30/06/2010,B1G3LR3,,,,,,,,,,,,,,,,,,,,,,,,,,,,,,,,,,,,,,,,,,,,,,,,,,,,,,,,,,,,,,,,,,,,,,,,,,,,,,,,,,,,,,,,,,,,,,,,,,,,
VCT Generalist,Albion Income & Growth VCT,Ordinary Share,30/06/2010,B01YYK8,,,,,,,,,,,,,,,,,,,,,,,,,,,,,,,,,,,,,,,,,,,,,,,,,,,,,,,,,,,,,,,,,,,,,,,,,,,,,,,,,,,,,,,,,,,,,,,,,,,,
VCT Generalist,Albion Prime VCT,Ordinary Share,30/06/2010,204006,,,,,,,,,,,,,,,,,,,,,,,,,,,,,,,,,,,,,,,,,,,,,,,,,,,,,,,,,,,,,,,,,,,,,,,,,,,,,,,,,,,,,,,,,,,,,,,,,,,,
VCT Generalist,Albion Technology & General VCT,Ordinary Share,30/06/2010,558167
VCT Generalist,Albion Technology & General VCT C shares,Ordinary Share,30/06/2010,B0MV237
VCT Generalist,Albion VCT,Ordinary Share,30/06/2010,203962
VCT Generalist,Baronsmead VCT,Ordinary Share,30/06/2010,80358
VCT Generalist,Baronsmead VCT 2,Ordinary Share,30/06/2010,263193
VCT Generalist,Baronsmead VCT 3,Ordinary Share,30/06/2010,3002810
VCT Generalist,Baronsmead VCT 4,Ordinary Share,30/06/2010,3109528
VCT Generalist,British Smaller Companies VCT,Ordinary Share,30/06/2010,140315
VCT Generalist,Chrysalis VCT,Ordinary Share,30/06/2010,3034868
VCT Generalist,Core VCT,Ordinary Share,30/06/2010,B0K4B08
VCT Generalist,Core VCT IV,Ordinary Share,30/06/2010,B1GJY27
VCT Generalist,Core VCT V,Ordinary Share,30/06/2010,B1GJY49
VCT Generalist,Crown Place VCT,Ordinary Share,30/06/2010,257743
VCT Generalist,Downing Absolute Income VCT 1,Ordinary Share,30/06/2010,279071
VCT Generalist,Downing Planned Exit VCT 2,Ordinary Share,30/06/2010,B069709
VCT Generalist,Downing Planned Exit VCT 3,Ordinary Share,30/06/2010,B078VQ9
VCT Generalist,Downing Planned Exit VCT 4,Ordinary Share,30/06/2010,B0S5PX4
VCT Generalist,Downing Planned Exit VCT 5,Ordinary Share,30/06/2010,B0S5PZ6
VCT Generalist,Downing Protected VCT VI,Ordinary Share,30/06/2010,B1NB0H3
VCT Generalist,Downing Protected VCT VII,Ordinary Share,30/06/2010,B1NB0J5
VCT Generalist,Elderstreet VCT,Ordinary Share,30/06/2010,286714
VCT Generalist,Income & Growth VCT,Ordinary Share,30/06/2010,B29BN19
VCT Generalist,Matrix Income & Growth 2 VCT,Ordinary Share,30/06/2010,923323
VCT Generalist,Matrix Income & Growth 2 VCT C shares,Ordinary Share,30/06/2010,B0LKLZ0
VCT Generalist,Matrix Income & Growth 4 VCT,Ordinary Share,30/06/2010,B1FMDH5
VCT Generalist,Matrix Income & Growth VCT,Ordinary Share,30/06/2010,B01WL23
VCT Generalist,Maven Income & Growth VCT,Ordinary Share,30/06/2010,412285
VCT Generalist,Maven Income & Growth VCT 3,Ordinary Share,30/06/2010,3115376
VCT Generalist,Maven Income & Growth VCT 4,Ordinary Share,30/06/2010,B043QW8
VCT Generalist,Maven Income & Growth VCT 4 S shares,Ordinary Share,30/06/2010,B1FPZ56
VCT Generalist,Maven Income & Growth VCT 2,Ordinary Share,30/06/2010,3036745
VCT Generalist,Neptune-Calculus Income & Growth VCT,Ordinary Share,30/06/2010,B0523M3
VCT Generalist,Northern 2 VCT,Ordinary Share,30/06/2010,535643
VCT Generalist,Northern 3 VCT,Ordinary Share,30/06/2010,3115202
VCT Generalist,Northern Venture Trust VCT,Ordinary Share,30/06/2010,645070
VCT Generalist,Octopus Apollo VCT 1,Ordinary Share,30/06/2010,B13YV68
VCT Generalist,Octopus Apollo VCT 2,Ordinary Share,30/06/2010,B13YVK2
VCT Generalist,Octopus Eclipse VCT,Ordinary Share,30/06/2010,B00MKB6
VCT Generalist,Octopus Eclipse VCT 2,Ordinary Share,30/06/2010,B05Q9S3
VCT Generalist,Octopus Eclipse VCT 3,Ordinary Share,30/06/2010,B0FXRZ7
VCT Generalist,Octopus Eclipse VCT 4,Ordinary Share,30/06/2010,B0FXS09
VCT Generalist,Octopus Protected VCT,Ordinary Share,30/06/2010,B17B347
VCT Generalist,Ortus VCT,Ordinary Share,30/06/2010,394510
VCT Generalist,ProVen Growth and Income VCT,Ordinary Share,30/06/2010,B5B7YS0
VCT Generalist,ProVen VCT,Ordinary Share,30/06/2010,413880
VCT Generalist,ProVen VCT C shares,Ordinary Share,30/06/2010,B1GH1X1
VCT Generalist,Puma VCT,Ordinary Share,30/06/2010,B0634L1
VCT Generalist,Puma VCT II,Ordinary Share,30/06/2010,B0634N3
Category,Name,Type,Date,SEDOL,Total Assets incl CYR,PC Total Par,PC Total Fair,PC Debt Par,PC Debt Fair,PC Equity,Convertibles Par,Convertibles Fair,PC Gearing,MonthEnd MidPrice,CurrYrRev(CYR),Rev Res (splits only),Rev Allocation % (splits only),Number,Issued,Purch,Treasury,below NAV,Cash/CashEquiv,GrossGearing,NetGearing,Loss,CYR allocation %,SHF per share inc CYR,SHF per share exc CYR,PCNCWNE,   PCNCWE,   PCCWNE,   PCCWE,   PCCWETS,PCNCWNEcum,PCNCWEcum,PCCWNEcum,PCCWEcum,PCCWETScum,FCNCWNE,   FCNCWE,   FCCWNE,   FCCWE,   FCCWETS,FCNCWNEcum,FCNCWEcum,FCCWNEcum,FCCWEcum,FCCWETScum,PFY,Cash/Cash Equiv.,Fixed Interest,UK ,Cont. Europe,North America,Japan ,Other Pacific,Other ,Cash/Cash Equiv.,Fixed Interest,UK Listed,UK Unlisted,Cont. Eur Listed,Cont. Eur Unlisted,US Listed,US Unlisted,UK ,Cont. Europe,North America,Japan ,Other Pacific,Other ,UK ,Cont. Europe,North America,Japan ,Other Pacific,Other ,Flags,,,,,,,,,Cat 2,Name,in issue,NAV Par,NAV Fair,Gross Gearing,Net Gearing,Name,in issue,NAV Par,NAV Fair,Gross Gearing,Net Gearing,Total Assets ex CYR,FootNote,Note,Note
VCT Generalist Pre Qualifying,Acuity Growth VCT C shares,Ordinary Share,30/06/2010,B2NJD97,,,,,,,,,,,,,,,,,,,,,,,,,,,,,,,,,,,,,,,,,,,,,,,,,,,,,,,,,,,,,,,,,,,,,,,,,,,,,,,,,,,,,,,,,,,,,,,,,,,,
VCT Generalist Pre Qualifying,Albion Development VCT D shares,Ordinary Share,30/06/2010,B4KFM51,,,,,,,,,,,,,,,,,,,,,,,,,,,,,,,,,,,,,,,,,,,,,,,,,,,,,,,,,,,,,,,,,,,,,,,,,,,,,,,,,,,,,,,,,,,,,,,,,,,,
VCT Generalist Pre Qualifying,Downing Planned Exit VCT 2 C shares,Ordinary Share,30/06/2010,B3D74S4,,,,,,,,,,,,,,,,,,,,,,,,,,,,,,,,,,,,,,,,,,,,,,,,,,,,,,,,,,,,,,,,,,,,,,,,,,,,,,,,,,,,,,,,,,,,,,,,,,,,
VCT Generalist Pre Qualifying,Downing Planned Exit VCT 2 D shares,Ordinary Share,30/06/2010,B4VR3D1,,,,,,,,,,,,,,,,,,,,,,,,,,,,,,,,,,,,,,,,,,,,,,,,,,,,,,,,,,,,,,,,,,,,,,,,,,,,,,,,,,,,,,,,,,,,,,,,,,,,
VCT Generalist Pre Qualifying,Downing Planned Exit VCT 3 C shares,Ordinary Share,30/06/2010,B3D7514,,,,,,,,,,,,,,,,,,,,,,,,,,,,,,,,,,,,,,,,,,,,,,,,,,,,,,,,,,,,,,,,,,,,,,,,,,,,,,,,,,,,,,,,,,,,,,,,,,,,
VCT Generalist Pre Qualifying,Downing Planned Exit VCT 3 D shares,Ordinary Share,30/06/2010,B4V7FP7,,,,,,,,,,,,,,,,,,,,,,,,,,,,,,,,,,,,,,,,,,,,,,,,,,,,,,,,,,,,,,,,,,,,,,,,,,,,,,,,,,,,,,,,,,,,,,,,,,,,
VCT Generalist Pre Qualifying,Downing Planned Exit VCT 8,Ordinary Share,30/06/2010,B28C4Y3,,,,,,,,,,,,,,,,,,,,,,,,,,,,,,,,,,,,,,,,,,,,,,,,,,,,,,,,,,,,,,,,,,,,,,,,,,,,,,,,,,,,,,,,,,,,,,,,,,,,
VCT Generalist Pre Qualifying,Downing Planned Exit VCT 9,Ordinary Share,30/06/2010,B28C4Z4,,,,,,,,,,,,,,,,,,,,,,,,,,,,,,,,,,,,,,,,,,,,,,,,,,,,,,,,,,,,,,,,,,,,,,,,,,,,,,,,,,,,,,,,,,,,,,,,,,,,
VCT Generalist Pre Qualifying,Downing Structured Opportunities VCT 1,Ordinary Share,30/06/2010,B3L2G07,,,,,,,,,,,,,,,,,,,,,,,,,,,,,,,,,,,,,,,,,,,,,,,,,,,,,,,,,,,,,,,,,,,,,,,,,,,,,,,,,,,,,,,,,,,,,,,,,,,,
VCT Generalist Pre Qualifying,Downing Structured Opportunities VCT 1 B shs,Ordinary Share,30/06/2010,B4MGR24,,,,,,,,,,,,,,,,,,,,,,,,,,,,,,,,,,,,,,,,,,,,,,,,,,,,,,,,,,,,,,,,,,,,,,,,,,,,,,,,,,,,,,,,,,,,,,,,,,,,
VCT Generalist Pre Qualifying,Octopus Protected VCT 2,Ordinary Share,30/06/2010,B39XCB5,,,,,,,,,,,,,,,,,,,,,,,,,,,,,,,,,,,,,,,,,,,,,,,,,,,,,,,,,,,,,,,,,,,,,,,,,,,,,,,,,,,,,,,,,,,,,,,,,,,,
VCT Generalist Pre Qualifying,Octopus Titan VCT 1,Ordinary Share,30/06/2010,B28V8Y8,,,,,,,,,,,,,,,,,,,,,,,,,,,,,,,,,,,,,,,,,,,,,,,,,,,,,,,,,,,,,,,,,,,,,,,,,,,,,,,,,,,,,,,,,,,,,,,,,,,,
VCT Generalist Pre Qualifying,Octopus Titan VCT 2,Ordinary Share,30/06/2010,B28V934,,,,,,,,,,,,,,,,,,,,,,,,,,,,,,,,,,,,,,,,,,,,,,,,,,,,,,,,,,,,,,,,,,,,,,,,,,,,,,,,,,,,,,,,,,,,,,,,,,,,
VCT Generalist Pre Qualifying,Octopus Titan VCT 3,Ordinary Share,30/06/2010,B2Q5VD2,,,,,,,,,,,,,,,,,,,,,,,,,,,,,,,,,,,,,,,,,,,,,,,,,,,,,,,,,,,,,,,,,,,,,,,,,,,,,,,,,,,,,,,,,,,,,,,,,,,,
VCT Generalist Pre Qualifying,Octopus Titan VCT 4,Ordinary Share,30/06/2010,B5467F2,,,,,,,,,,,,,,,,,,,,,,,,,,,,,,,,,,,,,,,,,,,,,,,,,,,,,,,,,,,,,,,,,,,,,,,,,,,,,,,,,,,,,,,,,,,,,,,,,,,,
VCT Generalist Pre Qualifying,Octopus VCT,Ordinary Share,30/06/2010,B42T325,,,,,,,,,,,,,,,,,,,,,,,,,,,,,,,,,,,,,,,,,,,,,,,,,,,,,,,,,,,,,,,,,,,,,,,,,,,,,,,,,,,,,,,,,,,,,,,,,,,,
VCT Generalist Pre Qualifying,ProVen Growth and Income VCT D shares,Ordinary Share,30/06/2010,B3DD233,,,,,,,,,,,,,,,,,,,,,,,,,,,,,,,,,,,,,,,,,,,,,,,,,,,,,,,,,,,,,,,,,,,,,,,,,,,,,,,,,,,,,,,,,,,,,,,,,,,,
VCT Generalist Pre Qualifying,ProVen VCT D shares,Ordinary Share,30/06/2010,B3DD211,,,,,,,,,,,,,,,,,,,,,,,,,,,,,,,,,,,,,,,,,,,,,,,,,,,,,,,,,,,,,,,,,,,,,,,,,,,,,,,,,,,,,,,,,,,,,,,,,,,,
Category,Name,Type,Date,SEDOL,Total Assets incl CYR,PC Total Par,PC Total Fair,PC Debt Par,PC Debt Fair,PC Equity,Convertibles Par,Convertibles Fair,PC Gearing,MonthEnd MidPrice,CurrYrRev(CYR),Rev Res (splits only),Rev Allocation % (splits only),Number,Issued,Purch,Treasury,below NAV,Cash/CashEquiv,GrossGearing,NetGearing,Loss,CYR allocation %,SHF per share inc CYR,SHF per share exc CYR,PCNCWNE,   PCNCWE,   PCCWNE,   PCCWE,   PCCWETS,PCNCWNEcum,PCNCWEcum,PCCWNEcum,PCCWEcum,PCCWETScum,FCNCWNE,   FCNCWE,   FCCWNE,   FCCWE,   FCCWETS,FCNCWNEcum,FCNCWEcum,FCCWNEcum,FCCWEcum,FCCWETScum,PFY,Cash/Cash Equiv.,Fixed Interest,UK ,Cont. Europe,North America,Japan ,Other Pacific,Other ,Cash/Cash Equiv.,Fixed Interest,UK Listed,UK Unlisted,Cont. Eur Listed,Cont. Eur Unlisted,US Listed,US Unlisted,UK ,Cont. Europe,North America,Japan ,Other Pacific,Other ,UK ,Cont. Europe,North America,Japan ,Other Pacific,Other ,Flags,,,,,,,,,Cat 2,Name,in issue,NAV Par,NAV Fair,Gross Gearing,Net Gearing,Name,in issue,NAV Par,NAV Fair,Gross Gearing,Net Gearing,Total Assets ex CYR,FootNote,Note,Note
VCT Specialist: Environmental,Ventus VCT,Ordinary Share,30/06/2010,B03KMY4,,,,,,,,,,,,,,,,,,,,,,,,,,,,,,,,,,,,,,,,,,,,,,,,,,,,,,,,,,,,,,,,,,,,,,,,,,,,,,,,,,,,,,,,,,,,,,,,,,,,
VCT Specialist: Environmental,Ventus 2 VCT,Ordinary Share,30/06/2010,B0WCHT1,,,,,,,,,,,,,,,,,,,,,,,,,,,,,,,,,,,,,,,,,,,,,,,,,,,,,,,,,,,,,,,,,,,,,,,,,,,,,,,,,,,,,,,,,,,,,,,,,,,,
Category,Name,Type,Date,SEDOL,Total Assets incl CYR,PC Total Par,PC Total Fair,PC Debt Par,PC Debt Fair,PC Equity,Convertibles Par,Convertibles Fair,PC Gearing,MonthEnd MidPrice,CurrYrRev(CYR),Rev Res (splits only),Rev Allocation % (splits only),Number,Issued,Purch,Treasury,below NAV,Cash/CashEquiv,GrossGearing,NetGearing,Loss,CYR allocation %,SHF per share inc CYR,SHF per share exc CYR,PCNCWNE,   PCNCWE,   PCCWNE,   PCCWE,   PCCWETS,PCNCWNEcum,PCNCWEcum,PCCWNEcum,PCCWEcum,PCCWETScum,FCNCWNE,   FCNCWE,   FCCWNE,   FCCWE,   FCCWETS,FCNCWNEcum,FCNCWEcum,FCCWNEcum,FCCWEcum,FCCWETScum,PFY,Cash/Cash Equiv.,Fixed Interest,UK ,Cont. Europe,North America,Japan ,Other Pacific,Other ,Cash/Cash Equiv.,Fixed Interest,UK Listed,UK Unlisted,Cont. Eur Listed,Cont. Eur Unlisted,US Listed,US Unlisted,UK ,Cont. Europe,North America,Japan ,Other Pacific,Other ,UK ,Cont. Europe,North America,Japan ,Other Pacific,Other ,Flags,,,,,,,,,Cat 2,Name,in issue,NAV Par,NAV Fair,Gross Gearing,Net Gearing,Name,in issue,NAV Par,NAV Fair,Gross Gearing,Net Gearing,Total Assets ex CYR,FootNote,Note,Note
VCT Specialist: Environmental Pre Qualifying,Foresight 2 VCT Planned Exit shares,Ordinary Share,30/06/2010,B61M8H9,,,,,,,,,,,,,,,,,,,,,,,,,,,,,,,,,,,,,,,,,,,,,,,,,,,,,,,,,,,,,,,,,,,,,,,,,,,,,,,,,,,,,,,,,,,,,,,,,,,,
VCT Specialist: Environmental Pre Qualifying,Foresight VCT Planned Exit shares,Ordinary Share,30/06/2010,B61K7Y3,,,,,,,,,,,,,,,,,,,,,,,,,,,,,,,,,,,,,,,,,,,,,,,,,,,,,,,,,,,,,,,,,,,,,,,,,,,,,,,,,,,,,,,,,,,,,,,,,,,,
VCT Specialist: Environmental Pre Qualifying,Ventus 2 VCT C shares,Ordinary Share,30/06/2010,B3KVC52,,,,,,,,,,,,,,,,,,,,,,,,,,,,,,,,,,,,,,,,,,,,,,,,,,,,,,,,,,,,,,,,,,,,,,,,,,,,,,,,,,,,,,,,,,,,,,,,,,,,
VCT Specialist: Environmental Pre Qualifying,Ventus VCT C shares,Ordinary Share,30/06/2010,B3KVC41,,,,,,,,,,,,,,,,,,,,,,,,,,,,,,,,,,,,,,,,,,,,,,,,,,,,,,,,,,,,,,,,,,,,,,,,,,,,,,,,,,,,,,,,,,,,,,,,,,,,
Category,Name,Type,Date,SEDOL,Total Assets incl CYR,PC Total Par,PC Total Fair,PC Debt Par,PC Debt Fair,PC Equity,Convertibles Par,Convertibles Fair,PC Gearing,MonthEnd MidPrice,CurrYrRev(CYR),Rev Res (splits only),Rev Allocation % (splits only),Number,Issued,Purch,Treasury,below NAV,Cash/CashEquiv,GrossGearing,NetGearing,Loss,CYR allocation %,SHF per share inc CYR,SHF per share exc CYR,PCNCWNE,   PCNCWE,   PCCWNE,   PCCWE,   PCCWETS,PCNCWNEcum,PCNCWEcum,PCCWNEcum,PCCWEcum,PCCWETScum,FCNCWNE,   FCNCWE,   FCCWNE,   FCCWE,   FCCWETS,FCNCWNEcum,FCNCWEcum,FCCWNEcum,FCCWEcum,FCCWETScum,PFY,Cash/Cash Equiv.,Fixed Interest,UK ,Cont. Europe,North America,Japan ,Other Pacific,Other ,Cash/Cash Equiv.,Fixed Interest,UK Listed,UK Unlisted,Cont. Eur Listed,Cont. Eur Unlisted,US Listed,US Unlisted,UK ,Cont. Europe,North America,Japan ,Other Pacific,Other ,UK ,Cont. Europe,North America,Japan ,Other Pacific,Other ,Flags,,,,,,,,,Cat 2,Name,in issue,NAV Par,NAV Fair,Gross Gearing,Net Gearing,Name,in issue,NAV Par,NAV Fair,Gross Gearing,Net Gearing,Total Assets ex CYR,FootNote,Note,Note
VCT Specialist: Healthcare & Biotechnology,ProVen Health VCT,Ordinary Share,30/06/2010,3019939,,,,,,,,,,,,,,,,,,,,,,,,,,,,,,,,,,,,,,,,,,,,,,,,,,,,,,,,,,,,,,,,,,,,,,,,,,,,,,,,,,,,,,,,,,,,,,,,,,,,
Category,Name,Type,Date,SEDOL,Total Assets incl CYR,PC Total Par,PC Total Fair,PC Debt Par,PC Debt Fair,PC Equity,Convertibles Par,Convertibles Fair,PC Gearing,MonthEnd MidPrice,CurrYrRev(CYR),Rev Res (splits only),Rev Allocation % (splits only),Number,Issued,Purch,Treasury,below NAV,Cash/CashEquiv,GrossGearing,NetGearing,Loss,CYR allocation %,SHF per share inc CYR,SHF per share exc CYR,PCNCWNE,   PCNCWE,   PCCWNE,   PCCWE,   PCCWETS,PCNCWNEcum,PCNCWEcum,PCCWNEcum,PCCWEcum,PCCWETScum,FCNCWNE,   FCNCWE,   FCCWNE,   FCCWE,   FCCWETS,FCNCWNEcum,FCNCWEcum,FCCWNEcum,FCCWEcum,FCCWETScum,PFY,Cash/Cash Equiv.,Fixed Interest,UK ,Cont. Europe,North America,Japan ,Other Pacific,Other ,Cash/Cash Equiv.,Fixed Interest,UK Listed,UK Unlisted,Cont. Eur Listed,Cont. Eur Unlisted,US Listed,US Unlisted,UK ,Cont. Europe,North America,Japan ,Other Pacific,Other ,UK ,Cont. Europe,North America,Japan ,Other Pacific,Other ,Flags,,,,,,,,,Cat 2,Name,in issue,NAV Par,NAV Fair,Gross Gearing,Net Gearing,Name,in issue,NAV Par,NAV Fair,Gross Gearing,Net Gearing,Total Assets ex CYR,FootNote,Note,Note
"VCT Specialist: Media, Leisure & Events",Edge Performance VCT C shares,Ordinary Share,30/06/2010,B1GJYK5,,,,,,,,,,,,,,,,,,,,,,,,,,,,,,,,,,,,,,,,,,,,,,,,,,,,,,,,,,,,,,,,,,,,,,,,,,,,,,,,,,,,,,,,,,,,,,,,,,,,
"VCT Specialist: Media, Leisure & Events",Ingenious Live VCT 1,Ordinary Share,30/06/2010,B1G17L3,,,,,,,,,,,,,,,,,,,,,,,,,,,,,,,,,,,,,,,,,,,,,,,,,,,,,,,,,,,,,,,,,,,,,,,,,,,,,,,,,,,,,,,,,,,,,,,,,,,,
"VCT Specialist: Media, Leisure & Events",Ingenious Live VCT 2,Ordinary Share,30/06/2010,B1G17N5,,,,,,,,,,,,,,,,,,,,,,,,,,,,,,,,,,,,,,,,,,,,,,,,,,,,,,,,,,,,,,,,,,,,,,,,,,,,,,,,,,,,,,,,,,,,,,,,,,,,
Category,Name,Type,Date,SEDOL,Total Assets incl CYR,PC Total Par,PC Total Fair,PC Debt Par,PC Debt Fair,PC Equity,Convertibles Par,Convertibles Fair,PC Gearing,MonthEnd MidPrice,CurrYrRev(CYR),Rev Res (splits only),Rev Allocation % (splits only),Number,Issued,Purch,Treasury,below NAV,Cash/CashEquiv,GrossGearing,NetGearing,Loss,CYR allocation %,SHF per share inc CYR,SHF per share exc CYR,PCNCWNE,   PCNCWE,   PCCWNE,   PCCWE,   PCCWETS,PCNCWNEcum,PCNCWEcum,PCCWNEcum,PCCWEcum,PCCWETScum,FCNCWNE,   FCNCWE,   FCCWNE,   FCCWE,   FCCWETS,FCNCWNEcum,FCNCWEcum,FCCWNEcum,FCCWEcum,FCCWETScum,PFY,Cash/Cash Equiv.,Fixed Interest,UK ,Cont. Europe,North America,Japan ,Other Pacific,Other ,Cash/Cash Equiv.,Fixed Interest,UK Listed,UK Unlisted,Cont. Eur Listed,Cont. Eur Unlisted,US Listed,US Unlisted,UK ,Cont. Europe,North America,Japan ,Other Pacific,Other ,UK ,Cont. Europe,North America,Japan ,Other Pacific,Other ,Flags,,,,,,,,,Cat 2,Name,in issue,NAV Par,NAV Fair,Gross Gearing,Net Gearing,Name,in issue,NAV Par,NAV Fair,Gross Gearing,Net Gearing,Total Assets ex CYR,FootNote,Note,Note
"VCT Specialist: Media, Leisure & Events Pre Qualifying",Edge Performance VCT D shares,Ordinary Share,30/06/2010,B28M6V4,,,,,,,,,,,,,,,,,,,,,,,,,,,,,,,,,,,,,,,,,,,,,,,,,,,,,,,,,,,,,,,,,,,,,,,,,,,,,,,,,,,,,,,,,,,,,,,,,,,,
"VCT Specialist: Media, Leisure & Events Pre Qualifying",Edge Performance VCT E shares,Ordinary Share,30/06/2010,B00DDX2,,,,,,,,,,,,,,,,,,,,,,,,,,,,,,,,,,,,,,,,,,,,,,,,,,,,,,,,,,,,,,,,,,,,,,,,,,,,,,,,,,,,,,,,,,,,,,,,,,,,
"VCT Specialist: Media, Leisure & Events Pre Qualifying",Edge Performance VCT F shares,Ordinary Share,30/06/2010,B560SW6,,,,,,,,,,,,,,,,,,,,,,,,,,,,,,,,,,,,,,,,,,,,,,,,,,,,,,,,,,,,,,,,,,,,,,,,,,,,,,,,,,,,,,,,,,,,,,,,,,,,
"VCT Specialist: Media, Leisure & Events Pre Qualifying",Ingenious Entertainment VCT 1,Ordinary Share,30/06/2010,B292WH1,,,,,,,,,,,,,,,,,,,,,,,,,,,,,,,,,,,,,,,,,,,,,,,,,,,,,,,,,,,,,,,,,,,,,,,,,,,,,,,,,,,,,,,,,,,,,,,,,,,,
"VCT Specialist: Media, Leisure & Events Pre Qualifying",Ingenious Entertainment VCT 1 C shares,Ordinary Share,30/06/2010,B3D0WQ7,,,,,,,,,,,,,,,,,,,,,,,,,,,,,,,,,,,,,,,,,,,,,,,,,,,,,,,,,,,,,,,,,,,,,,,,,,,,,,,,,,,,,,,,,,,,,,,,,,,,
"VCT Specialist: Media, Leisure & Events Pre Qualifying",Ingenious Entertainment VCT 2,Ordinary Share,30/06/2010,B292WQ0,,,,,,,,,,,,,,,,,,,,,,,,,,,,,,,,,,,,,,,,,,,,,,,,,,,,,,,,,,,,,,,,,,,,,,,,,,,,,,,,,,,,,,,,,,,,,,,,,,,,
"VCT Specialist: Media, Leisure & Events Pre Qualifying",Ingenious Entertainment VCT 2 C shares,Ordinary Share,30/06/2010,B3D0WR8,,,,,,,,,,,,,,,,,,,,,,,,,,,,,,,,,,,,,,,,,,,,,,,,,,,,,,,,,,,,,,,,,,,,,,,,,,,,,,,,,,,,,,,,,,,,,,,,,,,,
Category,Name,Type,Date,SEDOL,Total Assets incl CYR,PC Total Par,PC Total Fair,PC Debt Par,PC Debt Fair,PC Equity,Convertibles Par,Convertibles Fair,PC Gearing,MonthEnd MidPrice,CurrYrRev(CYR),Rev Res (splits only),Rev Allocation % (splits only),Number,Issued,Purch,Treasury,below NAV,Cash/CashEquiv,GrossGearing,NetGearing,Loss,CYR allocation %,SHF per share inc CYR,SHF per share exc CYR,PCNCWNE,   PCNCWE,   PCCWNE,   PCCWE,   PCCWETS,PCNCWNEcum,PCNCWEcum,PCCWNEcum,PCCWEcum,PCCWETScum,FCNCWNE,   FCNCWE,   FCCWNE,   FCCWE,   FCCWETS,FCNCWNEcum,FCNCWEcum,FCCWNEcum,FCCWEcum,FCCWETScum,PFY,Cash/Cash Equiv.,Fixed Interest,UK ,Cont. Europe,North America,Japan ,Other Pacific,Other ,Cash/Cash Equiv.,Fixed Interest,UK Listed,UK Unlisted,Cont. Eur Listed,Cont. Eur Unlisted,US Listed,US Unlisted,UK ,Cont. Europe,North America,Japan ,Other Pacific,Other ,UK ,Cont. Europe,North America,Japan ,Other Pacific,Other ,Flags,,,,,,,,,Cat 2,Name,in issue,NAV Par,NAV Fair,Gross Gearing,Net Gearing,Name,in issue,NAV Par,NAV Fair,Gross Gearing,Net Gearing,Total Assets ex CYR,FootNote,Note,Note
VCT Specialist: Technology,British Smaller Technology Companies VCT 2,Ordinary Share,30/06/2010,500179,,,,,,,,,,,,,,,,,,,,,,,,,,,,,,,,,,,,,,,,,,,,,,,,,,,,,,,,,,,,,,,,,,,,,,,,,,,,,,,,,,,,,,,,,,,,,,,,,,,,
VCT Specialist: Technology,Foresight 2 VCT,Ordinary Share,30/06/2010,B03CKY6,,,,,,,,,,,,,,,,,,,,,,,,,,,,,,,,,,,,,,,,,,,,,,,,,,,,,,,,,,,,,,,,,,,,,,,,,,,,,,,,,,,,,,,,,,,,,,,,,,,,
VCT Specialist: Technology,Foresight 2 VCT C shares,Ordinary Share,30/06/2010,B1GGVY9,,,,,,,,,,,,,,,,,,,,,,,,,,,,,,,,,,,,,,,,,,,,,,,,,,,,,,,,,,,,,,,,,,,,,,,,,,,,,,,,,,,,,,,,,,,,,,,,,,,,
VCT Specialist: Technology,Foresight 3 VCT,Ordinary Share,30/06/2010,B3QF377,,,,,,,,,,,,,,,,,,,,,,,,,,,,,,,,,,,,,,,,,,,,,,,,,,,,,,,,,,,,,,,,,,,,,,,,,,,,,,,,,,,,,,,,,,,,,,,,,,,,
VCT Specialist: Technology,Foresight 4 VCT,Ordinary Share,30/06/2010,B07YBS9,,,,,,,,,,,,,,,,,,,,,,,,,,,,,,,,,,,,,,,,,,,,,,,,,,,,,,,,,,,,,,,,,,,,,,,,,,,,,,,,,,,,,,,,,,,,,,,,,,,,
VCT Specialist: Technology,Foresight VCT,Ordinary Share,30/06/2010,B1M27S7,,,,,,,,,,,,,,,,,,,,,,,,,,,,,,,,,,,,,,,,,,,,,,,,,,,,,,,,,,,,,,,,,,,,,,,,,,,,,,,,,,,,,,,,,,,,,,,,,,,,
VCT Specialist: Technology,SPARK VCT,Ordinary Share,30/06/2010,717429
