AIC,Fund,Share,MonthEnd,Code,Total Assets incl CYR,PC Total Par,PC Total Fair,PC Debt Par,PC Debt Fair,TotLongCashOffset,TotShortCashOffset,PC Equity,Convertibles Par,Convertibles Fair,PC Gearing,MonthEnd Price,Price for TS dilution,CurrYrRev(CYR),Rev Res (splits only),RevAllocation % (splits only),Shares,Shares,Shares,Shares,Sell,Cash/CashEquiv,GrossGearing,NetGearing,GrossGearingFairCum,NetGearingFairCum,NetCash,Gearing,Range,NoRange,GearingNote,Permanent,CYR allocation %,SHF per share inc CYR,SHF per share exc CYR,Par,Par,Par,Par,Par,Par,Par,Par,Par,Par,Fair,Fair,Fair,Fair,Fair,Fair,Fair,Fair,Fair,Fair,PFY,Cash/Cash Equiv.,Fixed Interest,Additional geographic,,,,,,,,Flags,Unit1,Unit1,Unit1,Unit1,Unit1,Unit1,Unit2,Unit2,Unit2,Unit2,Unit2,Unit2,Total Assets ex CYR,Provisions excluded from gearing calculation,Unlisted Holdings,FootNote,FairValue,ShareNote,Reported Currency
Category,Name,Type,Date,ISIN,Total Assets incl CYR,PC Total Par,PC Total Fair,PC Debt Par,PC Debt Fair,TotLongCashOffset,TotShortCashOffset,PC Equity,Convertibles Par,Convertibles Fair,PC Gearing,MonthEnd Price,Price for TS dilution,CurrYrRev(CYR),Rev Res (splits only),Rev Allocation % (splits only),Number,Issued,Purch,Treasury,below NAV,Cash/CashEquiv,GrossGearing,NetGearing,GrossGearingFairCum,NetGearingFairCum,NetCash,From,To,NoRange,GearingNote,Loss,CYR allocation %,SHF per share inc CYR,SHF per share exc CYR,PCNCWNE,PCNCWE,PCCWNE,PCCWE,PCCWETS,PCNCWNEcum,PCNCWEcum,PCCWNEcum,PCCWEcum,PCCWETScum,FCNCWNE,FCNCWE,FCCWNE,FCCWE,FCCWETS,FCNCWNEcum,FCNCWEcum,FCCWNEcum,FCCWEcum,FCCWETScum,PFY,Cash/Cash Equiv.,Fixed Interest,,,,,,,,,Flags,Name,in issue,NAV Par,NAV Fair,Gross Gearing,Net Gearing,Name,in issue,NAV Par,NAV Fair,Gross Gearing,Net Gearing,Total Assets ex CYR,Provisions excluded from gearing calculation,Unlisted Holdings,FootNote,Note,Note,Reported Currency
Asia Pacific,Pacific Assets Trust,Ordinary Share,31/07/2026,GB0006674385,511112477,0,0,0,0,0,0,0,0,0,0,412,0,4935446,0,0,114262507,0,0,0,N/A,4.11,0,0,0,0,0,,,Y,,N,100,511112477,506177031,442.99,442.99,,,442.99,447.31,447.31,,,447.31,442.99,442.99,,,442.99,447.31,447.31,,,447.31,1.94,4.11,,,,,,,,,,,,,,,,,,,,,,,506177031,,,,,,GBX
Asia Pacific,Pacific Horizon Investment Trust,Ordinary Share,31/07/2026,GB0006667470,956028069,37040000,37040000,37040000,37040000,0,0,0,0,0,37040000,1056,0,1518437,0,0,77846076,0,1165380,14228885,No,,4,4,4,4,0,0,100,N,,N,100,918988069,917469632,"1,178.57","1,178.57",,,"1,178.57","1,180.52","1,180.52",,,"1,180.52","1,178.57","1,178.57",,,"1,178.57","1,180.52","1,180.52",,,"1,180.52",1,,,,,,,,,,,,,,,,,,,,,,,,954509632,,6.29,,,,GBX
Asia Pacific,Schroder Asian Total Return,Ordinary Share,31/07/2026,GB0008710799,676388717,44785679.34,44785679.34,44785679.34,44785679.34,37354878.67,0,0,0,0,44785679.34,690,0,6560274,0,0,92543403,0,292199,16571248,Yes,0.88,6.7,5.8,6.7,5.8,0,,,Y,,N,100,668957916.3,662397642.3,715.77,715.77,,,711.86,722.86,722.86,,,717.87,715.77,715.77,,,711.86,722.86,722.86,,,717.87,2.02,0.88,,,,,,,,,,,,,,,,,,,,,,,669828443,,,,,,GBX
Asia Pacific,Schroder AsiaPacific Fund,Ordinary Share,31/07/2026,GB0007918872,1178061033,37154003,37154003,37154003,37154003,0,0,0,0,0,37154003,791,0,14468064,0,0,125179604,0,215000,0,N/A,0.57,3.3,2.7,3.3,2.7,0,,,Y,,N,100,1140907030,1126438966,899.86,899.86,,,899.86,911.42,911.42,,,911.42,899.86,899.86,,,899.86,911.42,911.42,,,911.42,1.98,0.57,,,,,,,,,,,,,,,,,,,,,,,1163592969,,,,,,GBX
Category,Name,Type,Date,ISIN,Total Assets incl CYR,PC Total Par,PC Total Fair,PC Debt Par,PC Debt Fair,TotLongCashOffset,TotShortCashOffset,PC Equity,Convertibles Par,Convertibles Fair,PC Gearing,MonthEnd Price,Price for TS dilution,CurrYrRev(CYR),Rev Res (splits only),Rev Allocation % (splits only),Number,Issued,Purch,Treasury,below NAV,Cash/CashEquiv,GrossGearing,NetGearing,GrossGearingFairCum,NetGearingFairCum,NetCash,From,To,NoRange,GearingNote,Loss,CYR allocation %,SHF per share inc CYR,SHF per share exc CYR,PCNCWNE,PCNCWE,PCCWNE,PCCWE,PCCWETS,PCNCWNEcum,PCNCWEcum,PCCWNEcum,PCCWEcum,PCCWETScum,FCNCWNE,FCNCWE,FCCWNE,FCCWE,FCCWETS,FCNCWNEcum,FCNCWEcum,FCCWNEcum,FCCWEcum,FCCWETScum,PFY,Cash/Cash Equiv.,Fixed Interest,,,,,,,,,Flags,Name,in issue,NAV Par,NAV Fair,Gross Gearing,Net Gearing,Name,in issue,NAV Par,NAV Fair,Gross Gearing,Net Gearing,Total Assets ex CYR,Provisions excluded from gearing calculation,Unlisted Holdings,FootNote,Note,Note,Reported Currency
Asia Pacific Equity Income,Aberdeen Asian Income Fund,Ordinary Share,31/07/2026,GB00B0P6J834,520006189,40343509,40343509,40343509,40343509,0,0,0,0,0,40343509,304,0,6054818,0,0,142515862,0,0,52417527,No,3.38,8.4,4.7,8.4,4.7,0,0,25,N,,N,100,479662680,473607862,332.32,332.32,,,332.32,336.57,336.57,,,336.57,332.32,332.32,,,332.32,336.57,336.57,,,336.57,5.44,3.38,,,,,,,,,,/d,,,,,,,,,,,,,513951371,,,,,,GBX
Asia Pacific Equity Income,Henderson Far East Income,Ordinary Share,31/07/2026,JE00B1GXH751,612159618,46546990,46546990,46546990,46546990,0,0,0,0,0,46546990,256.5,0,13757263,0,0,228599679,12945000,0,0,N/A,3.2,8.2,4.8,8.2,4.8,0,0,14,N,,N,100,565612628,551855365,241.41,241.41,,,241.41,247.42,247.42,,,247.42,241.41,241.41,,,241.41,247.42,247.42,,,247.42,,3.2,,,,,,,,,,d,,,,,,,,,,,,,598402355,,,"The company announced a 3rd interim of 6.30p.  Ex date 30/07/2026, pay date 28/08/2026 for holders on 31/07/2026.",,"During the month of July, 12,945,000 shares were issued for proceeds of £33.36m.",GBX
Asia Pacific Equity Income,Invesco Asia Dragon Trust,Ordinary Share,31/07/2026,GB0004535307,1100948888,62882582,62882582,62882582,62882582,0,0,0,0,0,62882582,483,0,0,0,0,198854151,0,411000,18765594,No,0.17,6.1,5.9,6.1,5.9,0,0,25,N,,N,100,1038066306,1038066306,522.02,522.02,,,522.02,522.02,522.02,,,522.02,522.02,522.02,,,522.02,522.02,522.02,,,522.02,2.45,0.17,,,,,,,,,,d,,,,,,,,,,,,,1100948888,,,,,"During the month to 31 July 2026, there were Share Buybacks to Treasury of 411,000 Ordinary Shares for Total Consideration 1,967,113.00 at an average price of 480p per share",GBX
Asia Pacific Equity Income,JPMorgan Asia Growth & Income,Ordinary Share,31/07/2026,GB0001320778,389456467,20568481.19,20568481.19,20568481.19,20568481.19,20568481.19,0,0,0,0,20568481.19,558,0,-5115221,0,0,67322198,0,0,0,No,-0.66,5.3,5.9,5.3,5.9,0,0,20,N,,N,100,389456467,394571688,586.09,586.09,,,586.09,578.5,578.5,,,578.5,586.09,586.09,,,586.09,578.5,578.5,,,578.5,1.42,-0.66,,,,,,,,,,,,,,,,,,,,,,,394571688,,,,,,GBX
Asia Pacific Equity Income,Schroder Oriental Income,Ordinary Share,31/07/2026,GB00B0CRWN59,1062052560,37154003,37154003,37154003,37154003,0,0,0,0,0,37154003,442,0,8370263,0,0,221644371,0,591275,49588653,N/A,1.31,3.6,2.3,3.6,2.3,0,,,Y,,N,100,1024898557,1016528294,458.63,458.63,,,455.59,462.41,462.41,,,458.68,458.63,458.63,,,455.59,462.41,462.41,,,458.68,2.75,1.31,,,,,,,,,,,,,,,,,,,,,,,1053682297,0,,,,,GBX
Category,Name,Type,Date,ISIN,Total Assets incl CYR,PC Total Par,PC Total Fair,PC Debt Par,PC Debt Fair,TotLongCashOffset,TotShortCashOffset,PC Equity,Convertibles Par,Convertibles Fair,PC Gearing,MonthEnd Price,Price for TS dilution,CurrYrRev(CYR),Rev Res (splits only),Rev Allocation % (splits only),Number,Issued,Purch,Treasury,below NAV,Cash/CashEquiv,GrossGearing,NetGearing,GrossGearingFairCum,NetGearingFairCum,NetCash,From,To,NoRange,GearingNote,Loss,CYR allocation %,SHF per share inc CYR,SHF per share exc CYR,PCNCWNE,PCNCWE,PCCWNE,PCCWE,PCCWETS,PCNCWNEcum,PCNCWEcum,PCCWNEcum,PCCWEcum,PCCWETScum,FCNCWNE,FCNCWE,FCCWNE,FCCWE,FCCWETS,FCNCWNEcum,FCNCWEcum,FCCWNEcum,FCCWEcum,FCCWETScum,PFY,Cash/Cash Equiv.,Fixed Interest,,,,,,,,,Flags,Name,in issue,NAV Par,NAV Fair,Gross Gearing,Net Gearing,Name,in issue,NAV Par,NAV Fair,Gross Gearing,Net Gearing,Total Assets ex CYR,Provisions excluded from gearing calculation,Unlisted Holdings,FootNote,Note,Note,Reported Currency
Asia Pacific Smaller Companies,Aberdeen Asia Focus,Ordinary Share,31/07/2026,GB00BMF19B58,684986128,54861478,51804637,54861478,51804637,0,0,0,0,0,54861478,418,0,3743631,0,0,136990588,0,566277,82309590,No,0.46,8.7,8.2,8.2,7.7,0,0,25,N,,N,100,630124650,626381019,457.24,457.24,,,457.24,459.98,459.98,,,459.98,459.48,459.48,,,459.48,462.21,462.21,,,462.21,2.17,0.46,,,,,,,,,,/,,,,,,,,,,,,,681242497,,,,,"During the period 566,277 shares were bought back for £2.42m",GBX
Asia Pacific Smaller Companies,Fidelity Asian Values,Ordinary Share,31/07/2026,GB0003322319,389878780,112302370,112302370,112302370,112302370,83285498,29016872,0,0,0,112302370,588,0,15842798,0,0,62735935,0,410969,8571888,No,3.89,28.8,24.9,28.8,24.9,0,,,Y,,N,100,389878780,374035982,596.21,596.21,,,596.21,621.46,621.46,,,621.46,596.21,596.21,,,596.21,621.46,621.46,,,621.46,4.95,3.89,,,,,,,,,,,,,,,,,,,,,,,374035982,0,1.76,,,,GBX
Asia Pacific Smaller Companies,Scottish Oriental Smaller Companies,Ordinary Share,31/07/2026,GB00BRBL6574,347675584,30000000,30000000,30000000,30000000,0,0,0,0,0,30000000,256,0,2637925,0,0,111305482,0,260000,45762833,No,4.57,9.4,4.4,9.4,4.4,0,0,10,N,,N,100,317675584,315037659,283.04,283.04,,,283.04,285.41,285.41,,,285.41,283.04,283.04,,,283.04,285.41,285.41,,,285.41,2.69,4.57,,,,,,,,,,,,,,,,,,,,,,,345037659,,,,,,GBX
Category,Name,Type,Date,ISIN,Total Assets incl CYR,PC Total Par,PC Total Fair,PC Debt Par,PC Debt Fair,TotLongCashOffset,TotShortCashOffset,PC Equity,Convertibles Par,Convertibles Fair,PC Gearing,MonthEnd Price,Price for TS dilution,CurrYrRev(CYR),Rev Res (splits only),Rev Allocation % (splits only),Number,Issued,Purch,Treasury,below NAV,Cash/CashEquiv,GrossGearing,NetGearing,GrossGearingFairCum,NetGearingFairCum,NetCash,From,To,NoRange,GearingNote,Loss,CYR allocation %,SHF per share inc CYR,SHF per share exc CYR,PCNCWNE,PCNCWE,PCCWNE,PCCWE,PCCWETS,PCNCWNEcum,PCNCWEcum,PCCWNEcum,PCCWEcum,PCCWETScum,FCNCWNE,FCNCWE,FCCWNE,FCCWE,FCCWETS,FCNCWNEcum,FCNCWEcum,FCCWNEcum,FCCWEcum,FCCWETScum,PFY,Cash/Cash Equiv.,Fixed Interest,,,,,,,,,Flags,Name,in issue,NAV Par,NAV Fair,Gross Gearing,Net Gearing,Name,in issue,NAV Par,NAV Fair,Gross Gearing,Net Gearing,Total Assets ex CYR,Provisions excluded from gearing calculation,Unlisted Holdings,FootNote,Note,Note,Reported Currency
Biotechnology & Healthcare,Biotech Growth Trust,Ordinary Share,31/07/2026,GB0000385517,323104949,0,0,0,0,0,0,0,0,0,0,1602,0,0,0,0,19008744,0,234133,0,N/A,-1.61,0,1.6,0,1.6,0,0,20,N,,N,100,323104949,323104949,"1,699.77","1,699.77",,,"1,699.77","1,699.77","1,699.77",,,"1,699.77","1,699.77","1,699.77",,,"1,699.77","1,699.77","1,699.77",,,"1,699.77",0.13,-1.61,,,,,,,,,,,,,,,,,,,,,,,323104949,,,,,,GBX
Biotechnology & Healthcare,CT Healthcare Trust,Ordinary Share,31/07/2026,GB00BZCNLL95,68965743,0,0,0,0,0,0,0,0,0,0,144,0,0,0,0,46659386,0,182078,268492923,No,70.81,0,0,0,0,0,,,Y,,N,100,68965743,68965743,147.81,147.81,,,147.81,147.81,147.81,,,147.81,147.81,147.81,,,147.81,147.81,147.81,,,147.81,,70.81,,,,,,,,,,,,,,,,,,,,,,,68965743,,,,,"The Company bought back to be held in Treasury 182,078 net ordinary shares at an average price of 136.54p in the month for which the Company paid £247,000.																																														
",GBX
Biotechnology & Healthcare,International Biotechnology,Ordinary Share,31/07/2026,GB0004559349,370854741,22292402,22292402,22292402,22292402,0,0,0,0,0,22292402,1020,0,-12166000,0,0,31652834,0,175000,9730983,No,1.49,6.4,4.8,6.4,4.8,0,,,Y,,Y,100,348562339,360728339,,,,,,"1,101.20",,,,"1,101.20",,,,,,"1,101.20",,,,"1,101.20",0.13,1.49,,,,,,,,,,,,,,,,,,,,,,,383020741,,,,,,GBX
Biotechnology & Healthcare,Polar Capital Global Healthcare,Ordinary Share,31/07/2026,GB00B6832P16,485317783,40000000,40000000,40000000,40000000,0,0,0,0,0,40000000,438,0,2456077,0,0,103700000,2830000,0,20449256,No,1,9,7.9,9,7.9,0,,,Y,,N,100,445317783,442861706,427.06,427.06,,,427.06,429.43,429.43,,,429.43,427.06,427.06,,,427.06,429.43,429.43,,,429.43,0.6,1,,,,,,,,,,,,,,,,,,,,,,,482861706,,,,,,GBX
Biotechnology & Healthcare,RTW Biotech Opportunities,Ordinary Share,31/07/2026,GG00BKTRRM22,,,,,,,,,,,,,,,,,,,,,,,,,,,,,,,,,,,,,,,,,,,,,,,,,,,,,,,,,,,,,,,,,,,,,,,,,,,,,,,,,,,,,,
Biotechnology & Healthcare,Syncona,Ordinary Share,31/07/2026,GG00B8P59C08,,,,,,,,,,,,,,,,,,,,,,,,,,,,,,,,,,,,,,,,,,,,,,,,,,,,,,,,,,,,,,,,,,,,,,,,,,,,,,,,,,,,,,
Biotechnology & Healthcare,Worldwide Healthcare Trust,Ordinary Share,31/07/2026,GB00BN455J50,1518717276,81235072,81235072,81235072,81235072,0,0,0,0,0,81235072,376,0,2640272,0,0,358668565,0,1218329,242996635,No,3.84,5.7,1.6,5.7,1.6,0,0,20,N,,N,100,1437482204,1434841932,400.05,400.05,,,400.05,400.78,400.78,,,400.78,400.05,400.05,,,400.05,400.78,400.78,,,400.78,0.83,3.84,,,,,,,,,,,,,,,,,,,,,,,1516077004,,,,,,GBX
Category,Name,Type,Date,ISIN,Total Assets incl CYR,PC Total Par,PC Total Fair,PC Debt Par,PC Debt Fair,TotLongCashOffset,TotShortCashOffset,PC Equity,Convertibles Par,Convertibles Fair,PC Gearing,MonthEnd Price,Price for TS dilution,CurrYrRev(CYR),Rev Res (splits only),Rev Allocation % (splits only),Number,Issued,Purch,Treasury,below NAV,Cash/CashEquiv,GrossGearing,NetGearing,GrossGearingFairCum,NetGearingFairCum,NetCash,From,To,NoRange,GearingNote,Loss,CYR allocation %,SHF per share inc CYR,SHF per share exc CYR,PCNCWNE,PCNCWE,PCCWNE,PCCWE,PCCWETS,PCNCWNEcum,PCNCWEcum,PCCWNEcum,PCCWEcum,PCCWETScum,FCNCWNE,FCNCWE,FCCWNE,FCCWE,FCCWETS,FCNCWNEcum,FCNCWEcum,FCCWNEcum,FCCWEcum,FCCWETScum,PFY,Cash/Cash Equiv.,Fixed Interest,,,,,,,,,Flags,Name,in issue,NAV Par,NAV Fair,Gross Gearing,Net Gearing,Name,in issue,NAV Par,NAV Fair,Gross Gearing,Net Gearing,Total Assets ex CYR,Provisions excluded from gearing calculation,Unlisted Holdings,FootNote,Note,Note,Reported Currency
China / Greater China,Baillie Gifford China Growth,Ordinary Share,31/07/2026,GB0003656021,192679325,7865186,7865186,7865186,7865186,0,0,0,0,0,7865186,306,0,1847303,0,0,54486169,0,30969,13861982,No,1,4.3,3.2,4.3,3.2,0,0,5,N,,N,100,184814139,182966836,335.8,335.8,,,335.8,339.19,339.19,,,339.19,335.8,335.8,,,335.8,339.19,339.19,,,339.19,1.7,1,,,,,,,,,,,,,,,,,,,,,,,190832022,,16.7,,,,GBX
China / Greater China,Fidelity China Special Situations,Ordinary Share,31/07/2026,GB00B62Z3C74,1269687875,389734356,389734356,389734356,389734356,349715614,40018742,0,0,0,389734356,268,0,28284804,0,0,455291182,0,598052,85629548,No,5.31,30.7,25.4,30.7,25.4,0,,,Y,,N,100,1269687875,1241403071,272.66,272.66,,,272.66,278.87,278.87,,,278.87,272.66,272.66,,,272.66,278.87,278.87,,,278.87,4.29,5.31,,,,,,,,,,,,,,,,,,,,,,,1241403071,0,13.38,,,,GBX
China / Greater China,JPMorgan China Growth & Income,Ordinary Share,31/07/2026,GB0003435012,238801926,49491046.66,49491046.66,49491046.66,49491046.66,49491046.66,0,0,0,0,49491046.66,268.5,0,-2943253,0,0,79753973,0,197279,3448492,No,3.62,20.7,17.1,20.7,17.1,0,0,20,N,,N,100,238801926,241745179,303.11,303.11,,,303.11,299.42,299.42,,,299.42,303.11,303.11,,,303.11,299.42,299.42,,,299.42,0.91,3.62,,,,,,,,,,,,,,,,,,,,,,,241745179,,,,,,GBX
Category,Name,Type,Date,ISIN,Total Assets incl CYR,PC Total Par,PC Total Fair,PC Debt Par,PC Debt Fair,TotLongCashOffset,TotShortCashOffset,PC Equity,Convertibles Par,Convertibles Fair,PC Gearing,MonthEnd Price,Price for TS dilution,CurrYrRev(CYR),Rev Res (splits only),Rev Allocation % (splits only),Number,Issued,Purch,Treasury,below NAV,Cash/CashEquiv,GrossGearing,NetGearing,GrossGearingFairCum,NetGearingFairCum,NetCash,From,To,NoRange,GearingNote,Loss,CYR allocation %,SHF per share inc CYR,SHF per share exc CYR,PCNCWNE,PCNCWE,PCCWNE,PCCWE,PCCWETS,PCNCWNEcum,PCNCWEcum,PCCWNEcum,PCCWEcum,PCCWETScum,FCNCWNE,FCNCWE,FCCWNE,FCCWE,FCCWETS,FCNCWNEcum,FCNCWEcum,FCCWNEcum,FCCWEcum,FCCWETScum,PFY,Cash/Cash Equiv.,Fixed Interest,,,,,,,,,Flags,Name,in issue,NAV Par,NAV Fair,Gross Gearing,Net Gearing,Name,in issue,NAV Par,NAV Fair,Gross Gearing,Net Gearing,Total Assets ex CYR,Provisions excluded from gearing calculation,Unlisted Holdings,FootNote,Note,Note,Reported Currency
Commodities & Natural Resources,Baker Steel Resources Trust,Ordinary Share,31/07/2026,GG00B6686L20,,,,,,,,,,,,,,,,,,,,,,,,,,,,,,,,,,,,,,,,,,,,,,,,,,,,,,,,,,,,,,,,,,,,,,,,,,,,,,,,,,,,,,
Commodities & Natural Resources,BlackRock Energy and Resources Income,Ordinary Share,31/07/2026,GB00B0N8MF98,200002276,16927486,16927486,16927486,16927486,0,0,0,0,0,16927486,174,0,199409,0,0,100047606,0,529391,35538588,No,-0.15,9.2,9.4,9.2,9.4,0,0,20,N,,N,100,183074790,182875381,182.79,182.79,,,182.79,182.99,182.99,,,182.99,182.79,182.79,,,182.79,182.99,182.99,,,182.99,2.89,-0.15,2.13,,,,,,,,,,,,,,,,,,,,,,199802867,,0.84,,,"During the month to 31 July 2026, there were Share Buybacks to Treasury totaling 529,391 Ordinary Shares for total consideration £919,077 at an average price of 173.62p per share
",GBX
Commodities & Natural Resources,BlackRock World Mining,Ordinary Share,31/07/2026,GB0005774855,1820771433,148616013,148616013,148616013,148616013,0,0,0,0,0,148616013,883,0,13247977,0,0,186909036,530000,0,6102806,No,0.75,8.9,8.1,8.9,8.1,0,0,25,N,,N,100,1672155420,1658907443,887.55,887.55,,,887.55,894.64,894.64,,,894.64,887.55,887.55,,,887.55,894.64,894.64,,,894.64,2.63,0.75,,,,,,,,,,,,,,,,,,,,,,,1807523456,,0.15,,,"During the month of July 2026 there were share issuances from treasury totalling 530,000 shares at an average price of 877.60p for total consideration of £4,651,280
",GBX
Commodities & Natural Resources,CQS Natural Resources Growth & Income,Ordinary Share,31/07/2026,GB0000353929,139969976,14500000,14500000,14500000,14500000,0,0,0,0,0,14500000,351,0,0,0,0,36173238,0,37180,10181212,No,-1.84,11.6,13.6,11.6,13.6,0,0,25,N,,N,100,125469976,125469976,346.86,346.86,,,346.86,346.86,346.86,,,346.86,346.86,346.86,,,346.86,346.86,346.86,,,346.86,,-1.84,2.09,,,,,,,,,/d,,,,,,,,,,,,,139969976,,,,Loan valued at Par,"During the period 37,180 shares were bought back for £0.12m",GBX
Commodities & Natural Resources,Geiger Counter,Ordinary Share,31/07/2026,GB00B15FW330,81575120,9322818.47,9322818.47,9322818.47,9322818.47,0,0,0,0,0,9322818.47,55,0,-198378,0,0,118010966,0,400000,55630430,No,,12.9,12.9,12.9,12.9,0,,,Y,,N,100,72252301.53,72450679.53,61.39,61.39,,,61.39,61.23,61.23,,,61.23,61.39,61.39,,,61.39,61.23,61.23,,,61.23,,,,,,,,,,,,,,,,,,,,,,,,,81773498,,2,,,,GBX
Commodities & Natural Resources,Golden Prospect Precious Metals,Ordinary Share,31/07/2026,GG00B1G9T992,93172480,15508004,15508004,15508004,15508004,0,0,0,0,0,15508004,85.7,0,0,0,0,81407773,0,161753,0,,,20,20,20,20,0,0,20,N,,Y,,77664476,77664476,,,,,,95.4,,,,95.4,,,,,,95.4,,,,95.4,,,,,,,,,,,,,,,,,,,,,,,,,93172480,,,,Fair value is equal to par,,GBX
Commodities & Natural Resources,Riverstone Energy,Ordinary Share,31/07/2026,GG00BWZ6KH33,,,,,,,,,,,,,,,,,,,,,,,,,,,,,,,,,,,,,,,,,,,,,,,,,,,,,,,,,,,,,,,,,,,,,,,,,,,,,,,,,,,,,,
Category,Name,Type,Date,ISIN,Total Assets incl CYR,PC Total Par,PC Total Fair,PC Debt Par,PC Debt Fair,TotLongCashOffset,TotShortCashOffset,PC Equity,Convertibles Par,Convertibles Fair,PC Gearing,MonthEnd Price,Price for TS dilution,CurrYrRev(CYR),Rev Res (splits only),Rev Allocation % (splits only),Number,Issued,Purch,Treasury,below NAV,Cash/CashEquiv,GrossGearing,NetGearing,GrossGearingFairCum,NetGearingFairCum,NetCash,From,To,NoRange,GearingNote,Loss,CYR allocation %,SHF per share inc CYR,SHF per share exc CYR,PCNCWNE,PCNCWE,PCCWNE,PCCWE,PCCWETS,PCNCWNEcum,PCNCWEcum,PCCWNEcum,PCCWEcum,PCCWETScum,FCNCWNE,FCNCWE,FCCWNE,FCCWE,FCCWETS,FCNCWNEcum,FCNCWEcum,FCCWNEcum,FCCWEcum,FCCWETScum,PFY,Cash/Cash Equiv.,Fixed Interest,,,,,,,,,Flags,Name,in issue,NAV Par,NAV Fair,Gross Gearing,Net Gearing,Name,in issue,NAV Par,NAV Fair,Gross Gearing,Net Gearing,Total Assets ex CYR,Provisions excluded from gearing calculation,Unlisted Holdings,FootNote,Note,Note,Reported Currency
Country Specialist,Vietnam Enterprise Investments,Ordinary Share,31/07/2026,,,,,,,,,,,,,,,,,,,,,,,,,,,,,,,,,,,,,,,,,,,,,,,,,,,,,,,,,,,,,,,,,,,,,,,,,,,,,,,,,,,,,,,
Country Specialist,VietNam Holding,Ordinary Share,31/07/2026,GG00BJQZ9H10,,,,,,,,,,,,,,,,,,,,,,,,,,,,,,,,,,,,,,,,,,,,,,,,,,,,,,,,,,,,,,,,,,,,,,,,,,,,,,,,,,,,,,
Country Specialist,VinaCapital Vietnam Opportunity,Ordinary Share,31/07/2026,GG00BYXVT888,,,,,,,,,,,,,,,,,,,,,,,,,,,,,,,,,,,,,,,,,,,,,,,,,,,,,,,,,,,,,,,,,,,,,,,,,,,,,,,,,,,,,,
Category,Name,Type,Date,ISIN,Total Assets incl CYR,PC Total Par,PC Total Fair,PC Debt Par,PC Debt Fair,TotLongCashOffset,TotShortCashOffset,PC Equity,Convertibles Par,Convertibles Fair,PC Gearing,MonthEnd Price,Price for TS dilution,CurrYrRev(CYR),Rev Res (splits only),Rev Allocation % (splits only),Number,Issued,Purch,Treasury,below NAV,Cash/CashEquiv,GrossGearing,NetGearing,GrossGearingFairCum,NetGearingFairCum,NetCash,From,To,NoRange,GearingNote,Loss,CYR allocation %,SHF per share inc CYR,SHF per share exc CYR,PCNCWNE,PCNCWE,PCCWNE,PCCWE,PCCWETS,PCNCWNEcum,PCNCWEcum,PCCWNEcum,PCCWEcum,PCCWETScum,FCNCWNE,FCNCWE,FCCWNE,FCCWE,FCCWETS,FCNCWNEcum,FCNCWEcum,FCCWNEcum,FCCWEcum,FCCWETScum,PFY,Cash/Cash Equiv.,Fixed Interest,,,,,,,,,Flags,Name,in issue,NAV Par,NAV Fair,Gross Gearing,Net Gearing,Name,in issue,NAV Par,NAV Fair,Gross Gearing,Net Gearing,Total Assets ex CYR,Provisions excluded from gearing calculation,Unlisted Holdings,FootNote,Note,Note,Reported Currency
Debt - Direct Lending,BioPharma Credit,Ordinary Share,31/07/2026,GB00BDGKMY29,,,,,,,,,,,,,,,,,,,,,,,,,,,,,,,,,,,,,,,,,,,,,,,,,,,,,,,,,,,,,,,,,,,,,,,,,,,,,,,,,,,,,,
Debt - Direct Lending,GCP Asset Backed Income,Ordinary Share,31/07/2026,JE00BPCSN748,,,,,,,,,,,,,,,,,,,,,,,,,,,,,,,,,,,,,,,,,,,,,,,,,,,,,,,,,,,,,,,,,,,,,,,,,,,,,,,,,,,,,,
Debt - Direct Lending,Riverstone Credit Opportunities Income,Ordinary Share,31/07/2026,GB00BRBWLX34,,,,,,,,,,,,,,,,,,,,,,,,,,,,,,,,,,,,,,,,,,,,,,,,,,,,,,,,,,,,,,,,,,,,,,,,,,,,,,,,,,,,,,
Debt - Direct Lending,VPC Specialty Lending Investments,Ordinary Share,31/07/2026,GB00BVG6X439,,,,,,,,,,,,,,,,,,,,,,,,,,,,,,,,,,,,,,,,,,,,,,,,,,,,,,,,,,,,,,,,,,,,,,,,,,,,,,,,,,,,,,
Category,Name,Type,Date,ISIN,Total Assets incl CYR,PC Total Par,PC Total Fair,PC Debt Par,PC Debt Fair,TotLongCashOffset,TotShortCashOffset,PC Equity,Convertibles Par,Convertibles Fair,PC Gearing,MonthEnd Price,Price for TS dilution,CurrYrRev(CYR),Rev Res (splits only),Rev Allocation % (splits only),Number,Issued,Purch,Treasury,below NAV,Cash/CashEquiv,GrossGearing,NetGearing,GrossGearingFairCum,NetGearingFairCum,NetCash,From,To,NoRange,GearingNote,Loss,CYR allocation %,SHF per share inc CYR,SHF per share exc CYR,PCNCWNE,PCNCWE,PCCWNE,PCCWE,PCCWETS,PCNCWNEcum,PCNCWEcum,PCCWNEcum,PCCWEcum,PCCWETScum,FCNCWNE,FCNCWE,FCCWNE,FCCWE,FCCWETS,FCNCWNEcum,FCNCWEcum,FCCWNEcum,FCCWEcum,FCCWETScum,PFY,Cash/Cash Equiv.,Fixed Interest,,,,,,,,,Flags,Name,in issue,NAV Par,NAV Fair,Gross Gearing,Net Gearing,Name,in issue,NAV Par,NAV Fair,Gross Gearing,Net Gearing,Total Assets ex CYR,Provisions excluded from gearing calculation,Unlisted Holdings,FootNote,Note,Note,Reported Currency
Debt - Loans & Bonds,CQS New City High Yield Fund,Ordinary Share,31/07/2026,JE00B1LZS514,364719508,40000000,40000000,40000000,40000000,0,0,0,0,0,40000000,50.4,0,2347535,0,0,690451858,0,0,0,N/A,0.5,12.3,11.8,12.3,11.8,0,0,25,N,,N,100,324719508,322371973,46.69,46.69,,,46.69,47.03,47.03,,,47.03,46.69,46.69,,,46.69,47.03,47.03,,,47.03,,0.5,86.3,,,,,,,,,,,,,,,,,,,,,,362371973,,,,Fair value equates to par,,GBX
Debt - Loans & Bonds,CVC Income & Growth,Ordinary Share,31/07/2026,JE00B9G79F59,,,,,,,,,,,,,,,,,,,,,,,,,,,,,,,,,,,,,,,,,,,,,,,,,,,,,,,,,,,,,,,,,,,,,,,,,,,,,,,,,,,,,,
Debt - Loans & Bonds,CVC Income & Growth,Ordinary Share,31/07/2026,JE00B9MRHZ51,,,,,,,,,,,,,,,,,,,,,,,,,,,,,,,,,,,,,,,,,,,,,,,,,,,,,,,,,,,,,,,,,,,,,,,,,,,,,,,,,,,,,,
Debt - Loans & Bonds,Invesco Bond Income Plus,Ordinary Share,31/07/2026,JE00B6RMDP68,537044985,51507274,51507274,51507274,51507274,0,0,0,0,0,51507274,170,0,3584629,0,0,289909911,9081000,0,0,No,4.54,10.6,5.6,10.6,5.6,0,0,30,N,,N,100,485537711,481953082,166.24,166.24,,,166.24,167.48,167.48,,,167.48,166.24,166.24,,,166.24,167.48,167.48,,,167.48,6.99,4.54,93.61,,,,,,,,,d,,,,,,,,,,,,,533460356,,,,,,GBX
Debt - Loans & Bonds,M&G Credit Income,Ordinary Share,31/07/2026,GB00BFYYL325,,,,,,,,,,,,,,,,,,,,,,,,,,,,,,,,,,,,,,,,,,,,,,,,,,,,,,,,,,,,,,,,,,,,,,,,,,,,,,,,,,,,,,
Debt - Loans & Bonds,TwentyFour Select Monthly Income,Ordinary Share,31/07/2026,GG00BJVDZ946,,,,,,,,,,,,,,,,,,,,,,,,,,,,,,,,,,,,,,,,,,,,,,,,,,,,,,,,,,,,,,,,,,,,,,,,,,,,,,,,,,,,,,
Category,Name,Type,Date,ISIN,Total Assets incl CYR,PC Total Par,PC Total Fair,PC Debt Par,PC Debt Fair,TotLongCashOffset,TotShortCashOffset,PC Equity,Convertibles Par,Convertibles Fair,PC Gearing,MonthEnd Price,Price for TS dilution,CurrYrRev(CYR),Rev Res (splits only),Rev Allocation % (splits only),Number,Issued,Purch,Treasury,below NAV,Cash/CashEquiv,GrossGearing,NetGearing,GrossGearingFairCum,NetGearingFairCum,NetCash,From,To,NoRange,GearingNote,Loss,CYR allocation %,SHF per share inc CYR,SHF per share exc CYR,PCNCWNE,PCNCWE,PCCWNE,PCCWE,PCCWETS,PCNCWNEcum,PCNCWEcum,PCCWNEcum,PCCWEcum,PCCWETScum,FCNCWNE,FCNCWE,FCCWNE,FCCWE,FCCWETS,FCNCWNEcum,FCNCWEcum,FCCWNEcum,FCCWEcum,FCCWETScum,PFY,Cash/Cash Equiv.,Fixed Interest,,,,,,,,,Flags,Name,in issue,NAV Par,NAV Fair,Gross Gearing,Net Gearing,Name,in issue,NAV Par,NAV Fair,Gross Gearing,Net Gearing,Total Assets ex CYR,Provisions excluded from gearing calculation,Unlisted Holdings,FootNote,Note,Note,Reported Currency
Debt - Structured Finance,Chenavari Toro Income Fund,Ordinary Share,31/07/2026,GG00BWBSDM98,,,,,,,,,,,,,,,,,,,,,,,,,,,,,,,,,,,,,,,,,,,,,,,,,,,,,,,,,,,,,,,,,,,,,,,,,,,,,,,,,,,,,,
Debt - Structured Finance,EJF Investments,Ordinary Share,31/07/2026,JE00BF0D1M25,,,,,,,,,,,,,,,,,,,,,,,,,,,,,,,,,,,,,,,,,,,,,,,,,,,,,,,,,,,,,,,,,,,,,,,,,,,,,,,,,,,,,,
Debt - Structured Finance,EJF Investments,Zero Dividend Preference share,31/07/2026,JE00BRZSNL95,,,,,,,,,,,,,,,,,,,,,,,,,,,,,,,,,,,,,,,,,,,,,,,,,,,,,,,,,,,,,,,,,,,,,,,,,,,,,,,,,,,,,,
Debt - Structured Finance,Fair Oaks Income 2021,Ordinary Share,31/07/2026,GG00BS874H38,,,,,,,,,,,,,,,,,,,,,,,,,,,,,,,,,,,,,,,,,,,,,,,,,,,,,,,,,,,,,,,,,,,,,,,,,,,,,,,,,,,,,,
Debt - Structured Finance,TwentyFour Income Fund,Ordinary Share,31/07/2026,GG00B90J5Z95,,,,,,,,,,,,,,,,,,,,,,,,,,,,,,,,,,,,,,,,,,,,,,,,,,,,,,,,,,,,,,,,,,,,,,,,,,,,,,,,,,,,,,
Debt - Structured Finance,Volta Finance,Ordinary Share,31/07/2026,GG00B1GHHH78,,,,,,,,,,,,,,,,,,,,,,,,,,,,,,,,,,,,,,,,,,,,,,,,,,,,,,,,,,,,,,,,,,,,,,,,,,,,,,,,,,,,,,
Category,Name,Type,Date,ISIN,Total Assets incl CYR,PC Total Par,PC Total Fair,PC Debt Par,PC Debt Fair,TotLongCashOffset,TotShortCashOffset,PC Equity,Convertibles Par,Convertibles Fair,PC Gearing,MonthEnd Price,Price for TS dilution,CurrYrRev(CYR),Rev Res (splits only),Rev Allocation % (splits only),Number,Issued,Purch,Treasury,below NAV,Cash/CashEquiv,GrossGearing,NetGearing,GrossGearingFairCum,NetGearingFairCum,NetCash,From,To,NoRange,GearingNote,Loss,CYR allocation %,SHF per share inc CYR,SHF per share exc CYR,PCNCWNE,PCNCWE,PCCWNE,PCCWE,PCCWETS,PCNCWNEcum,PCNCWEcum,PCCWNEcum,PCCWEcum,PCCWETScum,FCNCWNE,FCNCWE,FCCWNE,FCCWE,FCCWETS,FCNCWNEcum,FCNCWEcum,FCCWNEcum,FCCWEcum,FCCWETScum,PFY,Cash/Cash Equiv.,Fixed Interest,,,,,,,,,Flags,Name,in issue,NAV Par,NAV Fair,Gross Gearing,Net Gearing,Name,in issue,NAV Par,NAV Fair,Gross Gearing,Net Gearing,Total Assets ex CYR,Provisions excluded from gearing calculation,Unlisted Holdings,FootNote,Note,Note,Reported Currency
Environmental,Impax Environmental Markets,Ordinary Share,31/07/2026,GB0031232498,193790835,0,0,0,0,0,0,0,0,0,0,432,0,1325054,0,0,38859208,0,0,118562192,No,1.26,0,0,0,0,0,0,20,N,,N,100,193790835,192465781,495.29,495.29,,,495.29,498.7,498.7,,,498.7,495.29,495.29,,,495.29,498.7,498.7,,,498.7,1.66,1.26,,,,,,,,,,,,,,,,,,,,,,,192465781,,,,,,GBX
Category,Name,Type,Date,ISIN,Total Assets incl CYR,PC Total Par,PC Total Fair,PC Debt Par,PC Debt Fair,TotLongCashOffset,TotShortCashOffset,PC Equity,Convertibles Par,Convertibles Fair,PC Gearing,MonthEnd Price,Price for TS dilution,CurrYrRev(CYR),Rev Res (splits only),Rev Allocation % (splits only),Number,Issued,Purch,Treasury,below NAV,Cash/CashEquiv,GrossGearing,NetGearing,GrossGearingFairCum,NetGearingFairCum,NetCash,From,To,NoRange,GearingNote,Loss,CYR allocation %,SHF per share inc CYR,SHF per share exc CYR,PCNCWNE,PCNCWE,PCCWNE,PCCWE,PCCWETS,PCNCWNEcum,PCNCWEcum,PCCWNEcum,PCCWEcum,PCCWETScum,FCNCWNE,FCNCWE,FCCWNE,FCCWE,FCCWETS,FCNCWNEcum,FCNCWEcum,FCCWNEcum,FCCWEcum,FCCWETScum,PFY,Cash/Cash Equiv.,Fixed Interest,,,,,,,,,Flags,Name,in issue,NAV Par,NAV Fair,Gross Gearing,Net Gearing,Name,in issue,NAV Par,NAV Fair,Gross Gearing,Net Gearing,Total Assets ex CYR,Provisions excluded from gearing calculation,Unlisted Holdings,FootNote,Note,Note,Reported Currency
Europe,Baillie Gifford European Growth,Ordinary Share,31/07/2026,GB00BMC7T380,404708868,51297046,37040946,51297046,37040946,0,0,0,0,0,51297046,117,0,3988941,0,0,287555367,0,3175000,114888323,No,0,14.5,14.5,10.1,10.1,0,0,25,N,,N,100,353411822,349422881,121.51,121.51,,,121.51,122.9,122.9,,,122.9,126.47,126.47,,,126.47,127.86,127.86,,,127.86,0.7,0,,,,,,,,,,,,,,,,,,,,,,,400719927,,7.23,,"The fair value of long term borrowings is calculated weekly, using methodologies consistent with the International Private Equity and Venture Capital Valuation  (IPEV) Guidelines",,GBX
Europe,BlackRock Greater Europe,Ordinary Share,31/07/2026,GB00B01RDH75,624156050,54175561,54175561,54175561,54175561,0,0,0,0,0,54175561,588,588,8092067,0,0,90149704,0,480850,27779234,No,0.3,9.5,9.2,9.5,9.2,0,0,15,N,,N,100,569980489,561888422,623.28,623.28,,,623.28,632.26,632.26,,,632.26,623.28,623.28,,,623.28,632.26,632.26,,,632.26,2.31,0.3,,,,,,,,,,,,,,,,,,,,,,,616063983,,,,,"During the month to 31 July 2026, there were Share Buybacks to Treasury totaling 480,850 Ordinary Shares for total consideration £2,872,659 at an average price of 597.57p per share",GBX
Europe,European Opportunities Trust,Ordinary Share,31/07/2026,GB0000197722,448202205,0,0,0,0,0,0,0,0,0,0,937,0,-5331922,0,0,46659442,0,0,26588712,N/A,21.78,0,0,0,0,0,0,25,N,,N,100,448202205,453534127,972.01,972.01,,,959.3,960.58,960.58,,,952.02,972.01,972.01,,,959.3,960.58,960.58,,,952.02,2.87,21.78,,,,,,,,,,,,,,,,,,,,,,,453534127,,,,,,GBX
Europe,Fidelity European Trust,Ordinary Share,31/07/2026,GB00BK1PKQ95,2243603750,305186138,305186138,305186138,305186138,264425340,10837521,0,0,0,305186138,428.5,0,47339370,0,0,492524150,0,1580000,35825915,No,1.67,13.8,12.1,13.8,12.1,0,0,30,N,,N,100,2213680473,2166341103,439.84,439.84,,,439.84,449.46,449.46,,,449.46,439.84,439.84,,,439.84,449.46,449.46,,,449.46,,1.67,,,,,,,,,,,,,,,,,,,,,,,2196264380,0,,,,,GBX
Europe,JPMorgan European Growth & Income,Ordinary Share,31/07/2026,GB00BPR9Y246,664536021,42632485.24,39673802.54,42632485.24,39673802.54,0,0,0,0,0,42632485.24,146.8,0,-2612406,0,0,422366188,0,0,14620341,No,1.49,6.9,5.3,6.3,4.8,0,0,20,N,,N,100,621903535.8,624515941.8,147.86,147.86,,,147.86,147.24,147.24,,,147.24,148.56,148.56,,,148.56,147.94,147.94,,,147.94,2.73,1.49,,,,,,,,,,,,,,,,,,,,,,,667148427,,,,,,GBX
Category,Name,Type,Date,ISIN,Total Assets incl CYR,PC Total Par,PC Total Fair,PC Debt Par,PC Debt Fair,TotLongCashOffset,TotShortCashOffset,PC Equity,Convertibles Par,Convertibles Fair,PC Gearing,MonthEnd Price,Price for TS dilution,CurrYrRev(CYR),Rev Res (splits only),Rev Allocation % (splits only),Number,Issued,Purch,Treasury,below NAV,Cash/CashEquiv,GrossGearing,NetGearing,GrossGearingFairCum,NetGearingFairCum,NetCash,From,To,NoRange,GearingNote,Loss,CYR allocation %,SHF per share inc CYR,SHF per share exc CYR,PCNCWNE,PCNCWE,PCCWNE,PCCWE,PCCWETS,PCNCWNEcum,PCNCWEcum,PCCWNEcum,PCCWEcum,PCCWETScum,FCNCWNE,FCNCWE,FCCWNE,FCCWE,FCCWETS,FCNCWNEcum,FCNCWEcum,FCCWNEcum,FCCWEcum,FCCWETScum,PFY,Cash/Cash Equiv.,Fixed Interest,,,,,,,,,Flags,Name,in issue,NAV Par,NAV Fair,Gross Gearing,Net Gearing,Name,in issue,NAV Par,NAV Fair,Gross Gearing,Net Gearing,Total Assets ex CYR,Provisions excluded from gearing calculation,Unlisted Holdings,FootNote,Note,Note,Reported Currency
European Smaller Companies,JPMorgan European Discovery,Ordinary Share,31/07/2026,GB00BMTS0Z37,606952611,54262376.45,54262376.45,54262376.45,54262376.45,54262376.45,0,0,0,0,54262376.45,625,0,3998216,0,0,89913368,0,443510,46401535,No,3.88,8.9,5.1,8.9,5.1,0,0,20,N,,N,100,606952611,602954395,670.59,670.59,,,670.59,675.04,675.04,,,675.04,670.59,670.59,,,670.59,675.04,675.04,,,675.04,2.14,3.88,,,,,,,,,,,,,,,,,,,,,,,602954395,,,,,,GBX
European Smaller Companies,Montanaro European Smaller Companies,Ordinary Share,31/07/2026,GB00BM8H3X05,226846187,8552857,8552857,8552857,8552857,0,0,0,0,0,8552857,174,0,3827286,0,0,115828353,0,7439554,73599247,Yes,-0.1,3.9,4,3.9,4,0,,,Y,,N,100,218293330,214466044,185.16,185.16,,,180.82,188.46,188.46,,,182.84,185.16,185.16,,,180.82,188.46,188.46,,,182.84,2.02,-0.1,,,,,,,,,,d,,,,,,,,,,,,,223018901,,,"In July the Company bought back 7,439,554 shares for a total consideration of £13.1m.",,,GBX
European Smaller Companies,The European Smaller Companies Trust,Ordinary Share,31/07/2026,GB00BMCF8689,946534000,85006135,85006135,85006135,85006135,0,0,0,0,0,85006135,234,0,-11503000,0,0,341164017,0,719282,69211028,No,-1.25,9.9,11.2,9.9,11.2,0,,,Y,,N,100,861527865,873030865,255.9,255.9,,,255.9,252.53,252.53,,,252.53,255.9,255.9,,,255.9,252.53,252.53,,,252.53,2.09,-1.25,,,,,,,,,,/d,,,,,,,,,,,,,958037000,,,,,"During the month 719,282 shares were re-purchased for treasury at a cost of £1.68m.",GBX
Category,Name,Type,Date,ISIN,Total Assets incl CYR,PC Total Par,PC Total Fair,PC Debt Par,PC Debt Fair,TotLongCashOffset,TotShortCashOffset,PC Equity,Convertibles Par,Convertibles Fair,PC Gearing,MonthEnd Price,Price for TS dilution,CurrYrRev(CYR),Rev Res (splits only),Rev Allocation % (splits only),Number,Issued,Purch,Treasury,below NAV,Cash/CashEquiv,GrossGearing,NetGearing,GrossGearingFairCum,NetGearingFairCum,NetCash,From,To,NoRange,GearingNote,Loss,CYR allocation %,SHF per share inc CYR,SHF per share exc CYR,PCNCWNE,PCNCWE,PCCWNE,PCCWE,PCCWETS,PCNCWNEcum,PCNCWEcum,PCCWNEcum,PCCWEcum,PCCWETScum,FCNCWNE,FCNCWE,FCCWNE,FCCWE,FCCWETS,FCNCWNEcum,FCNCWEcum,FCCWNEcum,FCCWEcum,FCCWETScum,PFY,Cash/Cash Equiv.,Fixed Interest,,,,,,,,,Flags,Name,in issue,NAV Par,NAV Fair,Gross Gearing,Net Gearing,Name,in issue,NAV Par,NAV Fair,Gross Gearing,Net Gearing,Total Assets ex CYR,Provisions excluded from gearing calculation,Unlisted Holdings,FootNote,Note,Note,Reported Currency
Financials & Financial Innovation,Polar Capital Global Financials,Ordinary Share,31/07/2026,GB00B9XQT119,437729230,40000000,40000000,40000000,40000000,0,0,0,0,0,40000000,246.5,0,-2129476,0,0,157010641,0,89359,174739359,No,8,10.1,1.3,10.1,1.3,0,,,Y,,N,100,397729230,399858706,254.67,254.67,,,254.67,253.31,253.31,,,253.31,254.67,254.67,,,254.67,253.31,253.31,,,253.31,1.3,8,,,,,,,,,,,,,,,,,,,,,,,439858706,,,,,,GBX
Category,Name,Type,Date,ISIN,Total Assets incl CYR,PC Total Par,PC Total Fair,PC Debt Par,PC Debt Fair,TotLongCashOffset,TotShortCashOffset,PC Equity,Convertibles Par,Convertibles Fair,PC Gearing,MonthEnd Price,Price for TS dilution,CurrYrRev(CYR),Rev Res (splits only),Rev Allocation % (splits only),Number,Issued,Purch,Treasury,below NAV,Cash/CashEquiv,GrossGearing,NetGearing,GrossGearingFairCum,NetGearingFairCum,NetCash,From,To,NoRange,GearingNote,Loss,CYR allocation %,SHF per share inc CYR,SHF per share exc CYR,PCNCWNE,PCNCWE,PCCWNE,PCCWE,PCCWETS,PCNCWNEcum,PCNCWEcum,PCCWNEcum,PCCWEcum,PCCWETScum,FCNCWNE,FCNCWE,FCCWNE,FCCWE,FCCWETS,FCNCWNEcum,FCNCWEcum,FCCWNEcum,FCCWEcum,FCCWETScum,PFY,Cash/Cash Equiv.,Fixed Interest,Cash/Cash Equiv.,Fixed Interest,Debt ,Equity ,Private Equity,Hedge Funds,Property ,Other ,Flags,Name,in issue,NAV Par,NAV Fair,Gross Gearing,Net Gearing,Name,in issue,NAV Par,NAV Fair,Gross Gearing,Net Gearing,Total Assets ex CYR,Provisions excluded from gearing calculation,Unlisted Holdings,FootNote,Note,Note,Reported Currency
Flexible Investment,Achilles Investment Company,Ordinary Share,31/07/2026,GG00BT3GKD08,,,,,,,,,,,,,,,,,,,,,,,,,,,,,,,,,,,,,,,,,,,,,,,,,,,,,,,,,,,,,,,,,,,,,,,,,,,,,,,,,,,,,,
Flexible Investment,Caledonia Investments,Ordinary Share,31/07/2026,GB00BTNQ8K38,3029091000,0,0,0,0,0,0,0,0,0,0,388,0,11182000,0,0,510361009,0,1217021,0,N/A,12.73,0,0,0,0,0,,,Y,Not Available,N,100,3029091000,3017909000,591.33,581.65,,,,593.52,583.81,,,,591.33,581.65,,,,593.52,583.81,,,,1.42,12.73,,12.73,,0.55,32.23,54.49,,,,,,,,,,,,,,,,,3017909000,,,,,,GBX
Flexible Investment,Capital Gearing Trust,Ordinary Share,31/07/2026,GB00BT66KP92,809731824,0,0,0,0,0,0,0,0,0,0,521,0,3337176,0,0,156442080,140797872,0,109360550,No,4.17,0,0,0,0,0,,20,N,,N,100,809731824,806394648,515.46,515.46,,,515.46,517.59,517.59,,,517.59,515.46,515.46,,,515.46,517.59,517.59,,,517.59,2.2,4.17,74.91,4.17,74.91,,13.81,0,,1.24,5.87,,,,,,,,,,,,,,806394648,,,,,"Effective 23 July 2026, the Company completed a 10-for-1 share split, whereby each existing ordinary share of 25p was subdivided into 10 new ordinary shares of 2.5p each.
The share split increased the number of shares in issue but had no impact on the Company's net assets or shareholders' funds.

",GBX
Flexible Investment,Castelnau Group,Ordinary Share,31/07/2026,GG00BMWWJM28,,,,,,,,,,,,,,,,,,,,,,,,,,,,,,,,,,,,,,,,,,,,,,,,,,,,,,,,,,,,,,,,,,,,,,,,,,,,,,,,,,,,,,
Flexible Investment,Crystal Amber Fund,Ordinary Share,31/07/2026,GG00B1Z2SL48,,,,,,,,,,,,,,,,,,,,,,,,,,,,,,,,,,,,,,,,,,,,,,,,,,,,,,,,,,,,,,,,,,,,,,,,,,,,,,,,,,,,,,
Flexible Investment,CT Global Managed Portfolio Growth,Ordinary Share,31/07/2026,GB00B2PP2527,111113823,0,0,0,0,0,0,0,0,0,0,320,0,0,0,0,33983710,0,0,4773000,No,5,0,0,0,0,0,0,25,N,,N,100,111113823,111113823,326.96,326.96,,,326.96,326.96,326.96,,,326.96,326.96,326.96,,,326.96,326.96,326.96,,,326.96,1.75,5,0,5,0,,83,9,0,2,1,,,,,,,,,,,,,,111113823,,,,,,GBX
Flexible Investment,CT Global Managed Portfolio Income,Ordinary Share,31/07/2026,GB00B2PP3J36,88025811,7000000,7000000,7000000,7000000,0,0,0,0,0,7000000,131.5,0,992949,0,0,61602194,475000,0,0,No,4,8.6,4.3,8.6,4.3,0,0,25,N,,N,100,81025811,80032862,129.92,129.92,,,129.92,131.53,131.53,,,131.53,129.92,129.92,,,129.92,131.53,131.53,,,131.53,3,4,,4,,7,71,6,,2,10,,,,,,,,,,,,,,87032862,,,,,,GBX
Flexible Investment,Global Opportunities Trust,Ordinary Share,31/07/2026,GB0033862573,117993301,9344030,9344030,9344030,9344030,0,9344030,0,0,0,9344030,322,0,1228956,0,0,29222180,0,0,35287462,No,31.46,7.9,0,7.9,0,25.6,0,25,N,,N,100,117993301,116764345,399.57,399.57,,,399.57,403.78,403.78,,,403.78,399.57,399.57,,,399.57,403.78,403.78,,,403.78,2.42,31.46,11.62,31.46,11.62,,51.64,5.28,0,0,,/,,,,,,,,,,,,,116764345,,5.7,,Fair valued daily based on current index level,,GBX
Flexible Investment,Hansa Investment Company,Class A Ordinary,31/07/2026,,1041775188,0,0,0,0,0,0,0,0,0,0,313,0,0,0,0,127672473,0,598947,0,N/A,6.6,0,0,0,0,0,,,N,,N,0,681990903.6,683670872.8,535.49,535.49,,,535.49,534.17,534.17,,,534.17,535.49,535.49,,,535.49,534.17,534.17,,,534.17,,6.6,,6.6,,,69.02,8.39,14.1,0.63,1.26,,,,,,,,,,,,,,1044341425,,33.13,,,"During the period  598,947 A shares were bought back at a cost of £1.9million",GBX
Flexible Investment,Hansa Investment Company,Ordinary Share,31/07/2026,,1041775188,0,0,0,0,0,0,0,0,0,0,336,0,-2566237,0,0,67353610,0,0,0,N/A,6.6,0,0,0,0,0,0,8,N,,N,100,359784284.4,360670552.2,535.49,535.49,,,535.49,534.17,534.17,,,534.17,535.49,535.49,,,535.49,534.17,534.17,,,534.17,0.19,6.6,,6.6,,,69.02,8.39,14.1,0.63,1.26,,,,,,,,,,,,,,1044341425,,33.13,,,,GBX
Flexible Investment,JPMorgan Global Core Real Assets,Ordinary Share,31/07/2026,GG00BWPKR307,,,,,,,,,,,,,,,,,,,,,,,,,,,,,,,,,,,,,,,,,,,,,,,,,,,,,,,,,,,,,,,,,,,,,,,,,,,,,,,,,,,,,,
Flexible Investment,Majedie Investments,Ordinary Share,31/07/2026,GB0005555221,178238736,0,0,0,0,0,0,0,0,0,0,324,0,-4225697,0,0,52998795,0,0,0,N/A,9.41,0,0,0,0,0,,,Y,,N,100,178238736,182464433,344.28,344.28,,,344.28,336.31,336.31,,,336.31,344.28,344.28,,,344.28,336.31,336.31,,,336.31,0,9.41,,9.41,,,90.59,,,,,,,,,,,,,,,,,,182464433,,0.02,,,,GBX
Flexible Investment,MIGO Opportunities Trust,Ordinary Share,31/07/2026,GB0034365949,82272484,10000000,10000000,10000000,10000000,0,0,0,0,0,10000000,409,0,315065,0,0,16971542,0,0,0,No,4.09,13.8,9.2,13.8,9.2,0,0,20,N,,N,100,72272484,71957419,423.99,423.99,,,423.99,425.85,425.85,,,425.85,423.99,423.99,,,423.99,425.85,425.85,,,425.85,3.83,4.09,,4.09,,,59.46,13.99,,22.46,,,,,,,,,,,,,,,81957419,0,,,"On 16th July 2026 the Company drawdown additional £2,000,000. The balance currently drawn down is £10,000,000.",,GBX
Flexible Investment,Personal Assets Trust,Ordinary Share,31/07/2026,GB00BM8B5H06,1684842947,0,0,0,0,0,0,0,0,0,0,545,0,10208517,0,0,307924372,0,920000,84880828,No,-0.41,0,0.4,0,0.4,0,,,Y,,N,100,1684842947,1674634430,543.85,543.85,,,543.85,547.16,547.16,,,547.16,543.85,543.85,,,543.85,547.16,547.16,,,547.16,1.76,-0.41,54.3,-0.41,54.3,,37.87,,,0.1,8.14,,,,,,,,,,,,,,1674634430,,0.1,,,"During the month, 920,000 shares were bought back into Treasury at a cost of £5m.",GBX
Flexible Investment,RIT Capital Partners,Ordinary Share,31/07/2026,GB0007366395,,,,,,,,,,,,,,,,,,,,,,,,,,,,,,,,,,,,,,,,,,,,,,,,,,,,,,,,,,,,,,,,,,,,,,,,,,,,,,,,,,,,,,
Flexible Investment,Ruffer Investment Company,Ordinary Share,31/07/2026,GB00B018CS46,,,,,,,,,,,,,,,,,,,,,,,,,,,,,,,,,,,,,,,,,,,,,,,,,,,,,,,,,,,,,,,,,,,,,,,,,,,,,,,,,,,,,,
Flexible Investment,Schroder BSC Social Impact,Ordinary Share,31/07/2026,GB00BF781319,,,,,,,,,,,,,,,,,,,,,,,,,,,,,,,,,,,,,,,,,,,,,,,,,,,,,,,,,,,,,,,,,,,,,,,,,,,,,,,,,,,,,,
Flexible Investment,Tetragon Financial Group,Ordinary Share,31/07/2026,GG00B1RMC548,,,,,,,,,,,,,,,,,,,,,,,,,,,,,,,,,,,,,,,,,,,,,,,,,,,,,,,,,,,,,,,,,,,,,,,,,,,,,,,,,,,,,,
Flexible Investment,The Investment Company,Ordinary Share,31/07/2026,GB00BV4FKD05,,,,,,,,,,,,,,,,,,,,,,,,,,,,,,,,,,,,,,,,,,,,,,,,,,,,,,,,,,,,,,,,,,,,,,,,,,,,,,,,,,,,,,
Flexible Investment,UIL,Ordinary Share,31/07/2026,,311931000,81005750,81005750,10032000,10032000,0,0,70973750,0,0,81005750,196,0,11216000,0,0,90402804,0,36700,0,No,1.39,35.1,33.2,35.1,33.2,0,,,Y,,N,100,230925250,219709250,243.03,243.03,,,243.03,255.44,255.44,,,255.44,243.03,243.03,,,243.03,255.44,255.44,,,255.44,6.09,1.39,,1.39,,,98.61,,,,,*,,,,,,,,,,,,,300715000,,69.28,,,"The Company purchased for cancellation 36,700 ordinary shares at prices between 190.00p and 195.00p per share. The cost to the Company was £70k.",GBX
Flexible Investment,UIL,UIL ZDP 2026,31/07/2026,,311931000,10032000,10032000,10032000,10032000,0,0,0,0,0,10032000,150,0,0,0,0,25000000,0,0,0,N/A,1.39,0,0,0,0,0,,,Y,,N,0,37412500,37412500,149.65,149.65,,,149.65,149.65,149.65,,,149.65,149.65,149.65,,,149.65,149.65,149.65,,,149.65,,1.39,,1.39,,,98.61,,,,,*,,,,,,,,,,,,,300715000,,69.28,,,,GBX
Flexible Investment,UIL,UIL ZDP 2028,31/07/2026,,311931000,47444500,47444500,10032000,10032000,0,0,37412500,0,0,47444500,132,0,0,0,0,25000000,0,0,0,N/A,1.39,0,0,0,0,0,,,Y,,N,0,33561250,33561250,134.25,134.25,,,134.25,134.25,134.25,,,134.25,134.25,134.25,,,134.25,134.25,134.25,,,134.25,,1.39,,1.39,,,98.61,,,,,*,,,,,,,,,,,,,300715000,,69.28,,,,GBX
Category,Name,Type,Date,ISIN,Total Assets incl CYR,PC Total Par,PC Total Fair,PC Debt Par,PC Debt Fair,TotLongCashOffset,TotShortCashOffset,PC Equity,Convertibles Par,Convertibles Fair,PC Gearing,MonthEnd Price,Price for TS dilution,CurrYrRev(CYR),Rev Res (splits only),Rev Allocation % (splits only),Number,Issued,Purch,Treasury,below NAV,Cash/CashEquiv,GrossGearing,NetGearing,GrossGearingFairCum,NetGearingFairCum,NetCash,From,To,NoRange,GearingNote,Loss,CYR allocation %,SHF per share inc CYR,SHF per share exc CYR,PCNCWNE,PCNCWE,PCCWNE,PCCWE,PCCWETS,PCNCWNEcum,PCNCWEcum,PCCWNEcum,PCCWEcum,PCCWETScum,FCNCWNE,FCNCWE,FCCWNE,FCCWE,FCCWETS,FCNCWNEcum,FCNCWEcum,FCCWNEcum,FCCWEcum,FCCWETScum,PFY,Cash/Cash Equiv.,Fixed Interest,,,,,,,,,Flags,Name,in issue,NAV Par,NAV Fair,Gross Gearing,Net Gearing,Name,in issue,NAV Par,NAV Fair,Gross Gearing,Net Gearing,Total Assets ex CYR,Provisions excluded from gearing calculation,Unlisted Holdings,FootNote,Note,Note,Reported Currency
Global,Alliance Witan,Ordinary Share,31/07/2026,GB00B11V7W98,5689598560,473268430,394847117,473268430,394847117,0,0,0,0,0,473268430,1345,0,15414060,0,0,371168982,0,1375000,34025000,No,3.09,9.1,5.7,7.5,4.1,0,,,Y,,N,100,5216330130,5200916070,"1,401.23","1,401.23",,,"1,401.23","1,405.38","1,405.38",,,"1,405.38","1,422.35","1,422.35",,,"1,422.35","1,426.51","1,426.51",,,"1,426.51",1.56,3.09,,,,,,,,,,,,,,,,,,,,,,,5674184500,,,,Fair values are calculated by accruing the interest payable on a daily basis.,"During the month 1,375,000 shares were repurchased into Treasury at a cost of £18,320,000.",GBX
Global,AVI Global Trust,Ordinary Share,31/07/2026,GB00BLH3CY60,1226391133,154058867,131339572,154058867,131339572,0,0,0,0,0,154058867,253.5,0,8658356,0,0,394811671,0,2760000,21873084,No,8.8,14.4,4.3,12,2.1,0,0,20,N,,N,100,1072332266,1063673910,269.41,269.41,,,269.41,271.61,271.61,,,271.61,275.17,275.17,,,275.17,277.36,277.36,,,277.36,1.81,8.8,,,,,,,,,,z,,,,,,,,,,,,,1217732777,,0.14,," On 6 July 2022 the Company completed an agreement to issue Japanese Yen (JPY) 8bn fixed rate unsecured debt, for a term of ten years. On 25 July 2023 the Company completed an agreement to issue Japanese Yen (JPY) 4.5bn fixed rate unsecured debt, for a term of ten years. On 10 September 2024 the facility was terminated and repaid in full. On 12 September 2024 the Company completed an agreement to issue Japanese Yen (JPY) 5bn fixed rate unsecured debt, for a term of fifteen years.","On 02/07/26 the Company bought back 50,000 shares for cancellation at a price of 254.2p per share.
On 03/07/26 the Company bought back 200,000 shares for cancellation at a price of 256.51p per share.
On 06/07/26 the Company bought back 210,000 shares for cancellation at a price of 258.58p per share.
On 07/07/26 the Company bought back 100,000 shares for cancellation at a price of 256.89p per share.
On 09/07/26 the Company bought back 100,000 shares for cancellation at a price of 252.5p per share.
On 15/07/26 the Company bought back 325,000 shares for cancellation at a price of 250.68p per share.
On 16/07/26 the Company bought back 100,000 shares for cancellation at a price of 250.85p per share.
On 17/07/26 the Company bought back 100,000 shares for cancellation at a price of 250.85p per share.
On 21/07/26 the Company bought back 175,000 shares for cancellation at a price of 251.07p per share.
On 22/07/26 the Company bought back 175,000 shares for cancellation at a price of 252.61p per share.
On 23/07/26 the Company bought back 410,000 shares for cancellation at a price of 249.7p per share.
On 24/07/26 the Company bought back 300,000 shares for cancellation at a price of 252.32p per share.
On 27/07/26 the Company bought back 165,000 shares for cancellation at a price of 254.65p per share.
On 31/07/26 the Company bought back 350,000 shares for cancellation at a price of 253.75p per share.",GBX
Global,Bankers Investment Trust,Ordinary Share,31/07/2026,GB00BN4NDR39,1578538000,124235000,88863626.52,124235000,88863626.52,0,0,0,0,0,124235000,147,0,557000,0,0,918378671,0,4752676,396724159,No,3.22,8.5,5,6,2.6,0,,,Y,,N,100,1454303000,1453746000,158.29,158.29,,,158.29,158.36,158.36,,,158.36,162.15,162.15,,,162.15,162.21,162.21,,,162.21,1.48,3.22,,,,,,,,,,d,,,,,,,,,,,,,1577981000,,,,"The loan Fair Values are calculated on a discounted cash flow basis. Exchange rate used is 1.16965 for EUR loans
","During the month, the company bought back 4,752,676 shares at a cost of £7.1 million.",GBX
Global,Brunner Investment Trust,Ordinary Share,31/07/2026,GB0001490001,751962090,25193938.52,14063419,25193938.52,14063419,0,0,0,0,0,25193938.52,1538,0,3334846,0,0,42949469,0,47585,298258,N/A,-0.16,3.5,3.6,1.9,2.1,0,0,20,N,,N,100,737898671,734563825,"1,684.38","1,684.38",,,"1,683.37","1,692.15","1,692.15",,,"1,691.08","1,710.30","1,710.30",,,"1,709.11","1,718.06","1,718.06",,,"1,716.82",2.28,-0.16,,,,,,,,,,d,,,,,,,,,,,,,748627244,,,,,"Date	 Shares 	Price (p)	Value £m
07/07/2026	 8,484.00 	 1,514.47 	£0.128
07/16/2026	 8,133.00 	 1,499.61 	£0.122
07/21/2026	 12,319.00 	 1,509.32 	£0.186
07/28/2026	 3,556.00 	 1,522.07 	£0.054
07/30/2026	 15,093.00 	 1,541.82 	£0.233
",GBX
Global,F&C Investment Trust,Ordinary Share,31/07/2026,GB00BS88V647,7329193000,619575000,401807480,619575000,401807480,0,0,0,0,0,619575000,331.2,0,19760000,0,0,1882754109,0,2130546,364521955,No,1.16,9.2,8,5.8,4.6,0,0,20,N,,N,100,6709618000,6689858000,355.32,355.32,,,355.32,356.37,356.37,,,356.37,366.89,366.89,,,366.89,367.94,367.94,,,367.94,1.5,1.16,,,,,,,,,,,,,,,,,,,,,,,7309433000,,,,"Fair values on debentures are calculated based on traded price, short term loans are calculated based on the exchange rates on the NAV date.","During the month, the Company bought back 2,130,546 ordinary shares of 6.25p to be held in treasury. The cost to the Company was £7.1m.
",GBX
Global,Lindsell Train Investment Trust,Ordinary Share,31/07/2026,GB00BNKDVV71,141888679,0,0,0,0,0,0,0,0,0,0,5.84,0,2391444,0,0,20000000,0,0,0,N/A,4.08,0,0,0,0,0,,,Y,,N,100,141888679,139497235,6.97,6.97,,,6.97,7.09,7.09,,,7.09,6.97,6.97,,,6.97,7.09,7.09,,,7.09,5.63,4.08,,,,,,,,,,,,,,,,,,,,,,,139497235,,17,,,,GBP
Global,Mid Wynd International,Ordinary Share,31/07/2026,GB00B6VTTK07,214525856,0,0,0,0,0,0,0,0,0,0,770,0,82087,0,0,27075356,0,333500,39305758,No,1.66,0,0,0,0,0,,,Y,,N,100,214525856,214443769,792.03,792.03,,,792.03,792.33,792.33,,,792.33,792.03,792.03,,,792.03,792.33,792.33,,,792.33,1,1.66,,,,,,,,,,/a,,,,,,,,,,,,,214443769,,,,,"During the month 333,500 shares were bought back into Treasury at a cost of £2.5m.",GBX
Global,Monks Investment Trust,Ordinary Share,31/07/2026,GB0030517261,2737254303,222368644,163495563,222368644,163495563,0,0,0,0,0,222368644,1578,0,5939673,0,0,153457530,0,690000,99713930,No,1,8.8,7.8,6.4,5.3,0,,,Y,,N,100,2514885659,2508945986,"1,634.94","1,634.94",,,"1,634.94","1,638.82","1,638.82",,,"1,638.82","1,673.31","1,673.31",,,"1,673.31","1,677.18","1,677.18",,,"1,677.18",1.1,1,,,,,,,,,,,,,,,,,,,,,,,2731314630,,4.06,,"Fair value is calculated using a closing market offer price


",,GBX
Global,Scottish Mortgage Investment Trust,Ordinary Share,31/07/2026,GB00BLDYK618,16660676673,1537389472,1168477762,1537389472,1168477762,0,0,0,0,0,1537389472,1330.5,0,18033061,0,0,1071221887,0,23854919,413558993,No,0,10.2,10.2,7.5,7.5,0,0,20,N,"Scottish Mortgage uses gearing on a long term strategic basis. While the level of the borrowings will not exceed 30% except under 'exceptional market conditions', they are typically well below this level.",N,100,15123287201,15105254140,"1,410.10","1,410.10",,,"1,410.10","1,411.78","1,411.78",,,"1,411.78","1,444.53","1,444.53",,,"1,444.53","1,446.22","1,446.22",,,"1,446.22",0.2,0,,,,,,,,,,,,,,,,,,,,,,,16642643612,,23.03,,"The fair value of long term borrowings is calculated weekly, using methodologies consistent with the International Private Equity and Venture Capital Valuation (IPEV) Guidelines",,GBX
Category,Name,Type,Date,ISIN,Total Assets incl CYR,PC Total Par,PC Total Fair,PC Debt Par,PC Debt Fair,TotLongCashOffset,TotShortCashOffset,PC Equity,Convertibles Par,Convertibles Fair,PC Gearing,MonthEnd Price,Price for TS dilution,CurrYrRev(CYR),Rev Res (splits only),Rev Allocation % (splits only),Number,Issued,Purch,Treasury,below NAV,Cash/CashEquiv,GrossGearing,NetGearing,GrossGearingFairCum,NetGearingFairCum,NetCash,From,To,NoRange,GearingNote,Loss,CYR allocation %,SHF per share inc CYR,SHF per share exc CYR,PCNCWNE,PCNCWE,PCCWNE,PCCWE,PCCWETS,PCNCWNEcum,PCNCWEcum,PCCWNEcum,PCCWEcum,PCCWETScum,FCNCWNE,FCNCWE,FCCWNE,FCCWE,FCCWETS,FCNCWNEcum,FCNCWEcum,FCCWNEcum,FCCWEcum,FCCWETScum,PFY,Cash/Cash Equiv.,Fixed Interest,,,,,,,,,Flags,Name,in issue,NAV Par,NAV Fair,Gross Gearing,Net Gearing,Name,in issue,NAV Par,NAV Fair,Gross Gearing,Net Gearing,Total Assets ex CYR,Provisions excluded from gearing calculation,Unlisted Holdings,FootNote,Note,Note,Reported Currency
Global Emerging Markets,Ashoka WhiteOak Emerging Markets,Ordinary Share,31/07/2026,GB00BMZR7D19,,,,,,,,,,,,,,,,,,,,,,,,,,,,,,,,,,,,,,,,,,,,,,,,,,,,,,,,,,,,,,,,,,,,,,,,,,,,,,,,,,,,,,
Global Emerging Markets,Barings Emerging EMEA Opportunities,Ordinary Share,31/07/2026,GB0032273343,105376762,0,0,0,0,0,0,0,0,0,0,830,0,762491,0,0,11480910,0,13491,3318207,No,4.03,0,0,0,0,0,,,Y,,N,100,105376762,104614271,911.2,911.2,,,911.2,917.84,917.84,,,917.84,911.2,911.2,,,911.2,917.84,917.84,,,917.84,3.05,4.03,,,,,,,,,,,,,,,,,,,,,,,104614271,,,,,"1) On 08 July 2026, the Company bought 1,063 shares to be cancelled at a price of £8.2362 per share.	
2) On 14 July 2026, the Company bought 433 shares to be cancelled at a price of £8.092 per share.	
3) On 16 July 2026, the Company bought 1,493 shares to be cancelled at a price of £8.0845 per share.	
4) On 17 July 2026, the Company bought 5,198 shares to be cancelled at a price of £7.9138 per share.	
5) On 22 July 2026, the Company bought 911 shares to be cancelled at a price of £8.205 per share.	
6) On 29 July 2026, the Company bought 2,938 shares to be cancelled at a price of £8.2003 per share.	
7) On 30 July 2026, the Company bought 450 shares to be cancelled at a price of £8.2344 per share.	
8) On 31 July 2026, the Company bought 1,005 shares to be cancelled at a price of £8.2991 per share.",GBX
Global Emerging Markets,BlackRock Frontiers,Ordinary Share,31/07/2026,GB00B3SXM832,306957567,61758301,61758301,61758301,61758301,58143796,3599375,0,0,0,61758301,187,0,8092217,0,0,165016520,200000,0,76806281,No,8.82,20.1,11.3,20.1,11.3,0,0,20,N,,N,100,306942437,298850220,181.1,181.1,,,181.1,186.01,186.01,,,186.01,181.1,181.1,,,181.1,186.01,186.01,,,186.01,5.39,8.82,,,,,,,,,,,,,,,,,,,,,,,298865350,,,,,"During the month to 31 July 2026, there were share issued from treasury totaling 200,000 Ordinary Shares for total consideration £380,200 at an average price of 190.00p per share.
",GBX
Global Emerging Markets,Fidelity Emerging Markets,Ordinary Share,31/07/2026,GG00B4L0PD47,592230138,438906772.1,438906772.1,438906772.1,438906772.1,270603366.4,168303405.7,0,0,0,438906772.1,1370,0,12465965,0,0,38997840,0,375314,9025940,N/A,8.55,74.1,65.6,74.1,65.6,0,,,Y,,N,100,592230138,579764173,"1,486.66","1,486.66",,,"1,464.73","1,518.62","1,518.62",,,"1,490.69","1,486.66","1,486.66",,,"1,464.73","1,518.62","1,518.62",,,"1,490.69",,8.55,,,,,,,,,,,,,,,,,,,,,,,579764173,,0,,,,GBX
Global Emerging Markets,"JPMorgan Emerging Europe, Middle East & Africa",Ordinary Share,31/07/2026,GB0032164732,27199067,0,0,0,0,0,0,0,0,0,0,250.5,0,611782,0,0,40436176,0,0,0,N/A,3.66,0,0,0,0,0,0,15,N,,N,100,27199067,26587285,65.75,65.75,,,65.75,67.26,67.26,,,67.26,65.75,65.75,,,65.75,67.26,67.26,,,67.26,3.81,3.66,,,,,,,,,,,,,,,,,,,,,,,26587285,,,,,,GBX
Global Emerging Markets,JPMorgan Emerging Markets Dividend Income,Ordinary Share,31/07/2026,GB00B5ZZY915,601989410,53471393.98,53471393.98,53471393.98,53471393.98,23748191.58,0,0,0,0,53471393.98,199.5,0,4218327,0,0,258226421,0,535000,39063017,No,3.76,9.2,5.2,9.2,5.2,0,0,20,N,,N,100,572266207.6,568047880.6,219.98,219.98,,,219.98,221.61,221.61,,,221.61,219.98,219.98,,,219.98,221.61,221.61,,,221.61,3.05,3.76,,,,,,,,,,,,,,,,,,,,,,,597771083,854967,,,,,GBX
Global Emerging Markets,JPMorgan Emerging Markets Growth & Income,Ordinary Share,31/07/2026,GB00BMXWN182,1693175277,0,0,0,0,0,0,0,0,0,0,161.8,0,-13569655,0,0,941244167,0,976000,382391083,No,0.36,0,0,0,0,0,0,20,N,,N,100,1693175277,1706744932,181.33,181.33,,,181.33,179.89,179.89,,,179.89,181.33,181.33,,,181.33,179.89,179.89,,,179.89,1.99,0.36,,,,,,,,,,,,,,,,,,,,,,,1706744932,6856150,,,,,GBX
Global Emerging Markets,Mobius Investment Trust,Ordinary Share,31/07/2026,GB00BFZ7R980,122382330,0,0,0,0,0,0,0,0,0,0,164,0,411804,0,0,65690707,0,0,0,,4546525.66,0,0,0,0,0,,,N,,N,,122382330,121970526,185.67,185.67,,,185.67,186.3,186.3,,,186.3,185.67,185.67,,,185.67,186.3,186.3,,,186.3,,4546525.66,,,,,,,,,,,,,,,,,,,,,,,121970526,122382330,,,,,GBX
Global Emerging Markets,Templeton Emerging Markets,Ordinary Share,31/07/2026,GB00BKPG0S09,3238775093,121730442.1,121730442.1,121730442.1,121730442.1,0,0,0,0,0,121730442.1,305,0,24916966,0,0,920899242,0,7772206,60000000,No,0.4,3.9,3.5,3.9,3.5,0,2,8,N,,N,100,3117044651,3092127685,335.77,335.77,,,335.77,338.48,338.48,,,338.48,335.77,335.77,,,335.77,338.48,338.48,,,338.48,,0.4,,,,,,,,,,,,,,,,,,,,,,,3213858127,,0.07,,,"Date Shares Value £m
01-Jul-2026 740620 £m2.437
02-Jul-2026 319513 £m1.027
06-Jul-2026 6188 £m0.02
07-Jul-2026 325000 £m1.035
08-Jul-2026 62966 £m0.2
09-Jul-2026 478045 £m1.543
10-Jul-2026 41935 £m0.135
13-Jul-2026 28421 £m0.089
14-Jul-2026 143729 £m0.455
15-Jul-2026 616434 £m1.955
16-Jul-2026 126126 £m0.391
17-Jul-2026 25000 £m0.075
20-Jul-2026 676652 £m2.071
21-Jul-2026 423195 £m1.318
22-Jul-2026 367630 £m1.148
23-Jul-2026 1000000 £m3.128
24-Jul-2026 400000 £m1.233
27-Jul-2026 792785 £m2.433
28-Jul-2026 368967 £m1.087
29-Jul-2026 406000 £m1.184
31-Jul-2026 423000 £m1.293",GBX
Global Emerging Markets,Utilico Emerging Markets Trust,Ordinary Share,31/07/2026,GB00BD45S967,562906000,16444000,16444000,16444000,16444000,0,0,0,0,0,16444000,287,0,4920000,0,0,172876391,0,0,0,N/A,-0.92,3,4,3,4,0,,,Y,,N,100,546462000,541542000,313.25,313.25,,,313.25,316.1,316.1,,,316.1,313.25,313.25,,,313.25,316.1,316.1,,,316.1,3.41,-0.92,,,,,,,,,,,,,,,,,,,,,,,557986000,,1.44,,,,GBX
Category,Name,Type,Date,ISIN,Total Assets incl CYR,PC Total Par,PC Total Fair,PC Debt Par,PC Debt Fair,TotLongCashOffset,TotShortCashOffset,PC Equity,Convertibles Par,Convertibles Fair,PC Gearing,MonthEnd Price,Price for TS dilution,CurrYrRev(CYR),Rev Res (splits only),Rev Allocation % (splits only),Number,Issued,Purch,Treasury,below NAV,Cash/CashEquiv,GrossGearing,NetGearing,GrossGearingFairCum,NetGearingFairCum,NetCash,From,To,NoRange,GearingNote,Loss,CYR allocation %,SHF per share inc CYR,SHF per share exc CYR,PCNCWNE,PCNCWE,PCCWNE,PCCWE,PCCWETS,PCNCWNEcum,PCNCWEcum,PCCWNEcum,PCCWEcum,PCCWETScum,FCNCWNE,FCNCWE,FCCWNE,FCCWE,FCCWETS,FCNCWNEcum,FCNCWEcum,FCCWNEcum,FCCWEcum,FCCWETScum,PFY,Cash/Cash Equiv.,Fixed Interest,,,,,,,,,Flags,Name,in issue,NAV Par,NAV Fair,Gross Gearing,Net Gearing,Name,in issue,NAV Par,NAV Fair,Gross Gearing,Net Gearing,Total Assets ex CYR,Provisions excluded from gearing calculation,Unlisted Holdings,FootNote,Note,Note,Reported Currency
Global Equity Income,British & American,Ordinary Share,31/07/2026,GB0000653112,,,,,,,,,,,,,,,,,,,,,,,,,,,,,,,,,,,,,,,,,,,,,,,,,,,,,,,,,,,,,,,,,,,,,,,,,,,,,,,,,,,,,,
Global Equity Income,Invesco Global Equity Income Trust,Ordinary Share,31/07/2026,GB00B1DQ6472,513107818,0,0,0,0,0,0,0,0,0,0,412,0,1,0,0,127571314,1245000,0,0,No,0.26,0,0,0,0,0,0,20,N,,N,100,513107818,513107817,402.21,402.21,,,402.21,402.21,402.21,,,402.21,402.21,402.21,,,402.21,402.21,402.21,,,402.21,2.04,0.26,,,,,,,,,,d,,,,,,,,,,,,,513107817,1,,,,,GBX
Global Equity Income,JPMorgan Global Growth & Income,Ordinary Share,31/07/2026,GB00BYMKY695,3538895219,158063225,138619817,158063225,138619817,0,0,0,0,0,158063225,609,0,41594495,0,0,545720407,0,0,36168614,No,3.57,4.7,0.9,4.1,0.4,0,0,20,N,,N,100,3380831994,3339237499,611.9,611.9,,,611.9,619.52,619.52,,,619.52,615.46,615.46,,,615.46,623.08,623.08,,,623.08,1.6,3.57,,,,,,,,,,,,,,,,,,,,,,,3497300724,,,,,,GBX
Global Equity Income,Murray International Trust,Ordinary Share,31/07/2026,GB00BQZCCB79,2252381187,109932889,87171891,109932889,87171891,0,0,0,0,0,109932889,368.5,0,32475487,0,0,595566377,350000,0,51493638,No,0.91,5.1,4.2,4,3.1,0,0,30,N,,N,100,2142448298,2109972811,354.28,354.28,,,354.28,359.73,359.73,,,359.73,358.1,358.1,,,358.1,363.55,363.55,,,363.55,4.16,0.91,1.45,,,,,,,,,/d,,,,,,,,,,,,,2219905700,,,,,"During July 2026, the company issued 350,000 ordinary shares from treasury for proceeds of 1.3m GBP.",GBX
Global Equity Income,Scottish American,Ordinary Share,31/07/2026,GB0007873697,927995121,95000000,60245730,95000000,60245730,0,0,0,0,0,95000000,555,0,11906988,0,0,145571309,0,3395000,32744634,No,,11.4,11.4,6.9,6.9,0,,,Y,,N,100,832995121,821088133,564.05,564.05,,,564.05,572.22,572.22,,,572.22,587.92,587.92,,,587.92,596.1,596.1,,,596.1,3.4,,2,,,,,,,,,,,,,,,,,,,,,,916088133,,,,"The fair value of long term borrowings is calculated weekly, using methodologies consistent with the International Private Equity and Venture Capital Valuation (IPEV) Guidelines.",,GBX
Global Equity Income,STS Global Income & Growth Trust,Ordinary Share,31/07/2026,GB00B09G3N23,268309184,14807242,14807242,14807242,14807242,0,0,0,0,0,14807242,229,0,2711302,0,0,109050415,0,1005000,66137770,No,0.22,5.8,5.6,5.8,5.6,0,,,Y,,N,100,253501942,250790640,229.98,229.98,,,229.98,232.46,232.46,,,232.46,229.98,229.98,,,229.98,232.46,232.46,,,232.46,3.86,0.22,,,,,,,,,,,,,,,,,,,,,,,265597882,,,,,"1,005,000 shares were bought back into treasury in the month at a cost of £2,309,000.",GBX
Category,Name,Type,Date,ISIN,Total Assets incl CYR,PC Total Par,PC Total Fair,PC Debt Par,PC Debt Fair,TotLongCashOffset,TotShortCashOffset,PC Equity,Convertibles Par,Convertibles Fair,PC Gearing,MonthEnd Price,Price for TS dilution,CurrYrRev(CYR),Rev Res (splits only),Rev Allocation % (splits only),Number,Issued,Purch,Treasury,below NAV,Cash/CashEquiv,GrossGearing,NetGearing,GrossGearingFairCum,NetGearingFairCum,NetCash,From,To,NoRange,GearingNote,Loss,CYR allocation %,SHF per share inc CYR,SHF per share exc CYR,PCNCWNE,PCNCWE,PCCWNE,PCCWE,PCCWETS,PCNCWNEcum,PCNCWEcum,PCCWNEcum,PCCWEcum,PCCWETScum,FCNCWNE,FCNCWE,FCCWNE,FCCWE,FCCWETS,FCNCWNEcum,FCNCWEcum,FCCWNEcum,FCCWEcum,FCCWETScum,PFY,Cash/Cash Equiv.,Fixed Interest,,,,,,,,,Flags,Name,in issue,NAV Par,NAV Fair,Gross Gearing,Net Gearing,Name,in issue,NAV Par,NAV Fair,Gross Gearing,Net Gearing,Total Assets ex CYR,Provisions excluded from gearing calculation,Unlisted Holdings,FootNote,Note,Note,Reported Currency
Global Smaller Companies,Edinburgh Worldwide,Ordinary Share,31/07/2026,GB00BHSRZC82,891785495,26007802,26007802,26007802,26007802,0,0,0,0,0,26007802,232.5,0,-3400894,0,0,345884292,0,0,0,No,2,3,0.9,3,0.9,0,,,Y,,N,100,865777693,869178587,251.29,251.29,,,251.29,250.31,250.31,,,250.31,251.29,251.29,,,251.29,250.31,250.31,,,250.31,0.1,2,,,,,,,,,,,,,,,,,,,,,,,895186389,,10.64,,,,GBX
Global Smaller Companies,Herald Investment Trust,Ordinary Share,31/07/2026,GB0004228648,614953535,0,0,0,0,0,0,0,0,0,0,2950,0,-1130614,0,0,19103395,0,28755072,0,No,11.4,0,0,0,0,0,,,Y,,N,100,614953535,616084149,"3,225.00","3,225.00",,,"3,225.00","3,219.08","3,219.08",,,"3,219.08","3,225.00","3,225.00",,,"3,225.00","3,219.08","3,219.08",,,"3,219.08",2.18,11.4,8.1,,,,,,,,,,,,,,,,,,,,,,616084149,,1.39,,,"On 09 July 2026 Herald Investment Trust completed a Tender Offer, with 28,755,072 shares repurchased and subsequently cancelled, reducing the total issued share capital to 19,103,395 shares.
",GBX
Global Smaller Companies,The Global Smaller Companies Trust,Ordinary Share,31/07/2026,GB00BKLXD974,867634000,50697618,38977676,50697618,38977676,0,0,0,0,0,50697618,191.8,0,14343000,0,0,413043462,0,390000,207490308,No,1.14,6.2,5,4.7,3.5,0,0,20,N,,N,100,816936382,802593382,194.31,194.31,,,194.31,197.78,197.78,,,197.78,197.15,197.15,,,197.15,200.62,200.62,,,200.62,1.9,1.14,,,,,,,,,,,,,,,,,,,,,,,853291000,,,,,"During the month the Company bought back 390,000 ordinary shares to be held in treasury. The cost to the Company was £0.8m.
",GBX
Category,Name,Type,Date,ISIN,Total Assets incl CYR,PC Total Par,PC Total Fair,PC Debt Par,PC Debt Fair,TotLongCashOffset,TotShortCashOffset,PC Equity,Convertibles Par,Convertibles Fair,PC Gearing,MonthEnd Price,Price for TS dilution,CurrYrRev(CYR),Rev Res (splits only),Rev Allocation % (splits only),Number,Issued,Purch,Treasury,below NAV,Cash/CashEquiv,GrossGearing,NetGearing,GrossGearingFairCum,NetGearingFairCum,NetCash,From,To,NoRange,GearingNote,Loss,CYR allocation %,SHF per share inc CYR,SHF per share exc CYR,PCNCWNE,PCNCWE,PCCWNE,PCCWE,PCCWETS,PCNCWNEcum,PCNCWEcum,PCCWNEcum,PCCWEcum,PCCWETScum,FCNCWNE,FCNCWE,FCCWNE,FCCWE,FCCWETS,FCNCWNEcum,FCNCWEcum,FCCWNEcum,FCCWEcum,FCCWETScum,PFY,Cash/Cash Equiv.,Fixed Interest,Cash/Cash Equiv.,Fixed Interest,UK Listed,UK Unlisted,Cont. Eur Listed,Cont. Eur Unlisted,US Listed,US Unlisted,Flags,Name,in issue,NAV Par,NAV Fair,Gross Gearing,Net Gearing,Name,in issue,NAV Par,NAV Fair,Gross Gearing,Net Gearing,Total Assets ex CYR,Provisions excluded from gearing calculation,Unlisted Holdings,FootNote,Note,Note,Reported Currency
Growth Capital,Chrysalis Investments,Ordinary Share,31/07/2026,GG00BGJYPP46,,,,,,,,,,,,,,,,,,,,,,,,,,,,,,,,,,,,,,,,,,,,,,,,,,,,,,,,,,,,,,,,,,,,,,,,,,,,,,,,,,,,,,
Growth Capital,Molten Ventures,Ordinary Share,31/07/2026,GB00BY7QYJ50,,,,,,,,,,,,,,,,,,,,,,,,,,,,,,,,,,,,,,,,,,,,,,,,,,,,,,,,,,,,,,,,,,,,,,,,,,,,,,,,,,,,,,
Growth Capital,Schiehallion Fund,Ordinary Share,31/07/2026,GG00BJ0CDD21,2348882463,0,0,0,0,0,0,0,0,0,0,1.96,0,-8406978,0,0,1026093907,0,0,650000,,6,0,0,0,0,0,,,Y,,N,,2348882463,2357289441,2.3,2.3,,,2.3,2.29,2.29,,,2.29,2.3,2.3,,,2.3,2.29,2.29,,,2.29,,6,1,6,1,,,,,,,,,,,,,,,,,,,,2357289441,,59.5,,,,USD
Growth Capital,Schroder British Opportunities,Ordinary Share,31/07/2026,GB00BN7JZR28,79169978,0,0,0,0,0,0,0,0,0,0,66.75,0,-1084485,0,0,73900000,0,0,1100000,Yes,18.79,0,0,0,0,0,,,Y,,N,100,79169978,80254463,108.6,108.6,,,107.98,107.13,107.13,,,106.54,108.6,108.6,,,107.98,107.13,107.13,,,106.54,0.3,18.79,,,,,,,,,,,,,,,,,,,,,,,80254463,,,,,,GBX
Growth Capital,Schroders Capital Global Innovation Trust,Ordinary Share,31/07/2026,GB00BVG1CF25,,,,,,,,,,,,,,,,,,,,,,,,,,,,,,,,,,,,,,,,,,,,,,,,,,,,,,,,,,,,,,,,,,,,,,,,,,,,,,,,,,,,,,
Growth Capital,Seraphim Space Investment Trust,Ordinary Share,31/07/2026,GB00BKPG0138,,,,,,,,,,,,,,,,,,,,,,,,,,,,,,,,,,,,,,,,,,,,,,,,,,,,,,,,,,,,,,,,,,,,,,,,,,,,,,,,,,,,,,
Growth Capital,Seraphim Space Investment Trust C shares,C Share,31/07/2026,GB00BW6HS596,,,,,,,,,,,,,,,,,,,,,,,,,,,,,,,,,,,,,,,,,,,,,,,,,,,,,,,,,,,,,,,,,,,,,,,,,,,,,,,,,,,,,,
Category,Name,Type,Date,ISIN,Total Assets incl CYR,PC Total Par,PC Total Fair,PC Debt Par,PC Debt Fair,TotLongCashOffset,TotShortCashOffset,PC Equity,Convertibles Par,Convertibles Fair,PC Gearing,MonthEnd Price,Price for TS dilution,CurrYrRev(CYR),Rev Res (splits only),Rev Allocation % (splits only),Number,Issued,Purch,Treasury,below NAV,Cash/CashEquiv,GrossGearing,NetGearing,GrossGearingFairCum,NetGearingFairCum,NetCash,From,To,NoRange,GearingNote,Loss,CYR allocation %,SHF per share inc CYR,SHF per share exc CYR,PCNCWNE,PCNCWE,PCCWNE,PCCWE,PCCWETS,PCNCWNEcum,PCNCWEcum,PCCWNEcum,PCCWEcum,PCCWETScum,FCNCWNE,FCNCWE,FCCWNE,FCCWE,FCCWETS,FCNCWNEcum,FCNCWEcum,FCCWNEcum,FCCWEcum,FCCWETScum,PFY,Cash/Cash Equiv.,Fixed Interest,Cash/Cash Equiv.,Long-Short Credit,Long-Short Equities,Event Driven,Multi- Strategy,Macro ,Systematic Volatility,Other ,Flags,Name,in issue,NAV Par,NAV Fair,Gross Gearing,Net Gearing,Name,in issue,NAV Par,NAV Fair,Gross Gearing,Net Gearing,Total Assets ex CYR,Provisions excluded from gearing calculation,Unlisted Holdings,FootNote,Note,Note,Reported Currency
Hedge Funds,Alternative Liquidity Fund,Ordinary Share,31/07/2026,GG00BYRGPD65,,,,,,,,,,,,,,,,,,,,,,,,,,,,,,,,,,,,,,,,,,,,,,,,,,,,,,,,,,,,,,,,,,,,,,,,,,,,,,,,,,,,,,
Hedge Funds,BH Macro,Ordinary Share,31/07/2026,GG00BQBFY362,,,,,,,,,,,,,,,,,,,,,,,,,,,,,,,,,,,,,,,,,,,,,,,,,,,,,,,,,,,,,,,,,,,,,,,,,,,,,,,,,,,,,,
Hedge Funds,BH Macro,Ordinary Share,31/07/2026,GG00BQBFY479,,,,,,,,,,,,,,,,,,,,,,,,,,,,,,,,,,,,,,,,,,,,,,,,,,,,,,,,,,,,,,,,,,,,,,,,,,,,,,,,,,,,,,
Hedge Funds,Gabelli Merchant Partners,Ordinary Share,31/07/2026,GB00BD8P0741,,,,,,,,,,,,,,,,,,,,,,,,,,,,,,,,,,,,,,,,,,,,,,,,,,,,,,,,,,,,,,,,,,,,,,,,,,,,,,,,,,,,,,
Category,Name,Type,Date,ISIN,Total Assets incl CYR,PC Total Par,PC Total Fair,PC Debt Par,PC Debt Fair,TotLongCashOffset,TotShortCashOffset,PC Equity,Convertibles Par,Convertibles Fair,PC Gearing,MonthEnd Price,Price for TS dilution,CurrYrRev(CYR),Rev Res (splits only),Rev Allocation % (splits only),Number,Issued,Purch,Treasury,below NAV,Cash/CashEquiv,GrossGearing,NetGearing,GrossGearingFairCum,NetGearingFairCum,NetCash,From,To,NoRange,GearingNote,Loss,CYR allocation %,SHF per share inc CYR,SHF per share exc CYR,PCNCWNE,PCNCWE,PCCWNE,PCCWE,PCCWETS,PCNCWNEcum,PCNCWEcum,PCCWNEcum,PCCWEcum,PCCWETScum,FCNCWNE,FCNCWE,FCCWNE,FCCWE,FCCWETS,FCNCWNEcum,FCNCWEcum,FCCWNEcum,FCCWEcum,FCCWETScum,PFY,Cash/Cash Equiv.,Fixed Interest,,,,,,,,,Flags,Name,in issue,NAV Par,NAV Fair,Gross Gearing,Net Gearing,Name,in issue,NAV Par,NAV Fair,Gross Gearing,Net Gearing,Total Assets ex CYR,Provisions excluded from gearing calculation,Unlisted Holdings,FootNote,Note,Note,Reported Currency
India / Indian Subcontinent,Aberdeen New India Investment Trust,Ordinary Share,31/07/2026,GB0006048770,360362644,12455000,12455000,12455000,12455000,0,0,0,0,0,12455000,730,0,545796,0,0,42827559,0,300000,16242581,No,-0.69,3.6,4.3,3.6,4.3,0,,,Y,,N,100,347907644,347361848,811.07,811.07,,,811.07,812.35,812.35,,,812.35,811.07,811.07,,,811.07,812.35,812.35,,,812.35,1.07,-0.69,,,,,,,,,,,,,,,,,,,,,,,359816848,,,,,"During the period 300,000 shares were bought back for £2.1m",GBX
India / Indian Subcontinent,Ashoka India Equity,Ordinary Share,31/07/2026,GB00BF50VS41,445966853,0,0,0,0,0,0,0,0,0,0,251.5,0,1619233,0,0,169317811,0,0,0,N/A,-7.52,0,7.5,0,7.5,0,,,Y,,N,100,445966853,444347620,262.43,262.43,,,262.43,263.39,263.39,,,263.39,262.43,262.43,,,262.43,263.39,263.39,,,263.39,,-7.52,,,,,,,,,,,,,,,,,,,,,,,444347620,,5.84,,,,GBX
India / Indian Subcontinent,India Capital Growth Fund,Ordinary Share,31/07/2026,GB00B0P8RJ60,,,,,,,,,,,,,,,,,,,,,,,,,,,,,,,,,,,,,,,,,,,,,,,,,,,,,,,,,,,,,,,,,,,,,,,,,,,,,,,,,,,,,,
India / Indian Subcontinent,JPMorgan India Growth & Income,Ordinary Share,31/07/2026,GB0003450359,418582525,0,0,0,0,0,0,0,0,0,0,882,0,-2331017,0,0,43643985,0,20000,36151520,No,1.47,0,0,0,0,0,0,15,N,,Y,100,418582525,420913542,,,,,,959.08,,,,959.08,,,,,,959.08,,,,959.08,1.5,1.47,,,,,,,,,,,,,,,,,,,,,,,420913542,12377977,,,,,GBX
Category,Name,Type,Date,ISIN,Total Assets incl CYR,PC Total Par,PC Total Fair,PC Debt Par,PC Debt Fair,TotLongCashOffset,TotShortCashOffset,PC Equity,Convertibles Par,Convertibles Fair,PC Gearing,MonthEnd Price,Price for TS dilution,CurrYrRev(CYR),Rev Res (splits only),Rev Allocation % (splits only),Number,Issued,Purch,Treasury,below NAV,Cash/CashEquiv,GrossGearing,NetGearing,GrossGearingFairCum,NetGearingFairCum,NetCash,From,To,NoRange,GearingNote,Loss,CYR allocation %,SHF per share inc CYR,SHF per share exc CYR,PCNCWNE,PCNCWE,PCCWNE,PCCWE,PCCWETS,PCNCWNEcum,PCNCWEcum,PCCWNEcum,PCCWEcum,PCCWETScum,FCNCWNE,FCNCWE,FCCWNE,FCCWE,FCCWETS,FCNCWNEcum,FCNCWEcum,FCCWNEcum,FCCWEcum,FCCWETScum,PFY,Cash/Cash Equiv.,Fixed Interest,,,,,,,,,Flags,Name,in issue,NAV Par,NAV Fair,Gross Gearing,Net Gearing,Name,in issue,NAV Par,NAV Fair,Gross Gearing,Net Gearing,Total Assets ex CYR,Provisions excluded from gearing calculation,Unlisted Holdings,FootNote,Note,Note,Reported Currency
Infrastructure,3i Infrastructure,Ordinary Share,31/07/2026,JE00BF5FX167,,,,,,,,,,,,,,,,,,,,,,,,,,,,,,,,,,,,,,,,,,,,,,,,,,,,,,,,,,,,,,,,,,,,,,,,,,,,,,,,,,,,,,
Infrastructure,Cordiant Digital Infrastructure,Ordinary Share,31/07/2026,GG00BMC7TM77,,,,,,,,,,,,,,,,,,,,,,,,,,,,,,,,,,,,,,,,,,,,,,,,,,,,,,,,,,,,,,,,,,,,,,,,,,,,,,,,,,,,,,
Infrastructure,Digital 9 Infrastructure,Ordinary Share,31/07/2026,JE00BMDKH437,,,,,,,,,,,,,,,,,,,,,,,,,,,,,,,,,,,,,,,,,,,,,,,,,,,,,,,,,,,,,,,,,,,,,,,,,,,,,,,,,,,,,,
Infrastructure,GCP Infrastructure Investments,Ordinary Share,31/07/2026,JE00B6173J15,,,,,,,,,,,,,,,,,,,,,,,,,,,,,,,,,,,,,,,,,,,,,,,,,,,,,,,,,,,,,,,,,,,,,,,,,,,,,,,,,,,,,,
Infrastructure,HICL Infrastructure,Ordinary Share,31/07/2026,GB00BJLP1Y77,,,,,,,,,,,,,,,,,,,,,,,,,,,,,,,,,,,,,,,,,,,,,,,,,,,,,,,,,,,,,,,,,,,,,,,,,,,,,,,,,,,,,,
Infrastructure,International Public Partnerships,Ordinary Share,31/07/2026,GB00B188SR50,,,,,,,,,,,,,,,,,,,,,,,,,,,,,,,,,,,,,,,,,,,,,,,,,,,,,,,,,,,,,,,,,,,,,,,,,,,,,,,,,,,,,,
Infrastructure,Pantheon Infrastructure,Ordinary Share,31/07/2026,GB00BLNNFL88,,,,,,,,,,,,,,,,,,,,,,,,,,,,,,,,,,,,,,,,,,,,,,,,,,,,,,,,,,,,,,,,,,,,,,,,,,,,,,,,,,,,,,
Infrastructure,Sequoia Economic Infrastructure Income,Ordinary Share,31/07/2026,GG00BV54HY67,,,,,,,,,,,,,,,,,,,,,,,,,,,,,,,,,,,,,,,,,,,,,,,,,,,,,,,,,,,,,,,,,,,,,,,,,,,,,,,,,,,,,,
Category,Name,Type,Date,ISIN,Total Assets incl CYR,PC Total Par,PC Total Fair,PC Debt Par,PC Debt Fair,TotLongCashOffset,TotShortCashOffset,PC Equity,Convertibles Par,Convertibles Fair,PC Gearing,MonthEnd Price,Price for TS dilution,CurrYrRev(CYR),Rev Res (splits only),Rev Allocation % (splits only),Number,Issued,Purch,Treasury,below NAV,Cash/CashEquiv,GrossGearing,NetGearing,GrossGearingFairCum,NetGearingFairCum,NetCash,From,To,NoRange,GearingNote,Loss,CYR allocation %,SHF per share inc CYR,SHF per share exc CYR,PCNCWNE,PCNCWE,PCCWNE,PCCWE,PCCWETS,PCNCWNEcum,PCNCWEcum,PCCWNEcum,PCCWEcum,PCCWETScum,FCNCWNE,FCNCWE,FCCWNE,FCCWE,FCCWETS,FCNCWNEcum,FCNCWEcum,FCCWNEcum,FCCWEcum,FCCWETScum,PFY,Cash/Cash Equiv.,Fixed Interest,,,,,,,,,Flags,Name,in issue,NAV Par,NAV Fair,Gross Gearing,Net Gearing,Name,in issue,NAV Par,NAV Fair,Gross Gearing,Net Gearing,Total Assets ex CYR,Provisions excluded from gearing calculation,Unlisted Holdings,FootNote,Note,Note,Reported Currency
Infrastructure Securities,Ecofin Global Utilities and Infrastructure,Ordinary Share,31/07/2026,GB00BD3V4641,266157857,20065612.65,20065612.65,20065612.65,20065612.65,0,0,0,0,0,20065612.65,268,0,190777,0,0,92509703,676610,0,22410994,No,0.13,8.2,8,8.2,8,0,0,25,N,,N,100,246092244.4,245901467.4,265.81,265.81,,,265.81,266.02,266.02,,,266.02,265.81,265.81,,,265.81,266.02,266.02,,,266.02,,0.13,,,,,,,,,,d,,,,,,,,,,,,,265967080,,,,,"During the month, the company issued 676,610 shares at a gain of £1.9 million.",GBX
Category,Name,Type,Date,ISIN,Total Assets incl CYR,PC Total Par,PC Total Fair,PC Debt Par,PC Debt Fair,TotLongCashOffset,TotShortCashOffset,PC Equity,Convertibles Par,Convertibles Fair,PC Gearing,MonthEnd Price,Price for TS dilution,CurrYrRev(CYR),Rev Res (splits only),Rev Allocation % (splits only),Number,Issued,Purch,Treasury,below NAV,Cash/CashEquiv,GrossGearing,NetGearing,GrossGearingFairCum,NetGearingFairCum,NetCash,From,To,NoRange,GearingNote,Loss,CYR allocation %,SHF per share inc CYR,SHF per share exc CYR,PCNCWNE,PCNCWE,PCCWNE,PCCWE,PCCWETS,PCNCWNEcum,PCNCWEcum,PCCWNEcum,PCCWEcum,PCCWETScum,FCNCWNE,FCNCWE,FCCWNE,FCCWE,FCCWETS,FCNCWNEcum,FCNCWEcum,FCCWNEcum,FCCWEcum,FCCWETScum,PFY,Cash/Cash Equiv.,Fixed Interest,Cash/Cash Equiv.,Fixed Interest,Jap Prime Market,Jap Stand. Market,Jap Growth Market,Jap OTC/ Region,Other ,TA Yen Exposure,Flags,Name,in issue,NAV Par,NAV Fair,Gross Gearing,Net Gearing,Name,in issue,NAV Par,NAV Fair,Gross Gearing,Net Gearing,Total Assets ex CYR,Provisions excluded from gearing calculation,Unlisted Holdings,FootNote,Note,Note,Reported Currency
Japan,Baillie Gifford Japan Trust,Ordinary Share,31/07/2026,GB0000485838,843226619,105004249,101235431,105004249,101235431,0,0,0,0,0,105004249,1036,0,6208716,0,0,65134940,0,1401500,29193269,No,4,14.2,9.7,13.6,9.1,0,,,Y,,N,100,738222370,732013654,"1,123.84","1,123.84",,,"1,123.84","1,133.37","1,133.37",,,"1,133.37","1,129.63","1,129.63",,,"1,129.63","1,139.16","1,139.16",,,"1,139.16",1.8,4,,4,,87,4,5,,,100,,,,,,,,,,,,,,837017903,,,,,,GBX
Japan,CC Japan Income & Growth Trust,Ordinary Share,31/07/2026,GB00BYSRMH16,383209581,76258707,76258707,76258707,76258707,76258707,0,0,0,0,76258707,261,0,2389928,0,0,134730610,0,0,0,N/A,1.31,19.9,18.6,19.9,18.6,0,,,Y,,N,100,383209581,380819653,282.65,282.65,,,282.65,284.43,284.43,,,284.43,282.65,282.65,,,282.65,284.43,284.43,,,284.43,,1.31,,1.31,,97.13,,,,1.56,,,,,,,,,,,,,,,380819653,,,,,,GBX
Japan,JPMorgan Japanese,Ordinary Share,31/07/2026,GB0001740025,1341864381,253415975.3,235737780,253415975.3,235737780,193017791.2,0,0,0,0,253415975.3,789,0,72095003,0,0,151076203,0,810000,33536985,No,5.37,19.8,14.2,18.1,12.6,0,0,20,N,,N,100,1281466197,1209371194,800.5,800.5,,,800.5,848.23,848.23,,,848.23,812.21,812.21,,,812.21,859.93,859.93,,,859.93,1.25,5.37,,,,,,,,,,,,,,,,,,,,,,,1269769378,,,,,,GBX
Japan,Schroder Japan Trust,Ordinary Share,31/07/2026,GB0008022849,462699211,79180714,79180714,79180714,79180714,79180714,0,0,0,0,79180714,373,0,195386,0,0,113745503,0,58786,4707783,N/A,5.19,17.1,11.9,17.1,11.9,0,,,Y,,N,100,462699211,462503825,406.61,406.61,,,405.28,406.78,406.78,,,405.44,406.61,406.61,,,405.28,406.78,406.78,,,405.44,2.19,5.19,,,,,,,,,,,,,,,,,,,,,,,462503825,,,,,,GBX
Category,Name,Type,Date,ISIN,Total Assets incl CYR,PC Total Par,PC Total Fair,PC Debt Par,PC Debt Fair,TotLongCashOffset,TotShortCashOffset,PC Equity,Convertibles Par,Convertibles Fair,PC Gearing,MonthEnd Price,Price for TS dilution,CurrYrRev(CYR),Rev Res (splits only),Rev Allocation % (splits only),Number,Issued,Purch,Treasury,below NAV,Cash/CashEquiv,GrossGearing,NetGearing,GrossGearingFairCum,NetGearingFairCum,NetCash,From,To,NoRange,GearingNote,Loss,CYR allocation %,SHF per share inc CYR,SHF per share exc CYR,PCNCWNE,PCNCWE,PCCWNE,PCCWE,PCCWETS,PCNCWNEcum,PCNCWEcum,PCCWNEcum,PCCWEcum,PCCWETScum,FCNCWNE,FCNCWE,FCCWNE,FCCWE,FCCWETS,FCNCWNEcum,FCNCWEcum,FCCWNEcum,FCCWEcum,FCCWETScum,PFY,Cash/Cash Equiv.,Fixed Interest,Cash/Cash Equiv.,Fixed Interest,Jap Prime Market,Jap Stand. Market,Jap Growth Market,Jap OTC/ Region,Other ,TA Yen Exposure,Flags,Name,in issue,NAV Par,NAV Fair,Gross Gearing,Net Gearing,Name,in issue,NAV Par,NAV Fair,Gross Gearing,Net Gearing,Total Assets ex CYR,Provisions excluded from gearing calculation,Unlisted Holdings,FootNote,Note,Note,Reported Currency
Japanese Smaller Companies,AVI Japan Opportunity Trust,Ordinary Share,31/07/2026,GB00BD6H5D36,426622441,42935480,42935480,42935480,42935480,0,0,0,0,0,42935480,164,0,4785988,0,0,222398394,0,0,25475429,No,9.31,11.2,0.8,11.2,0.8,0,0,20,N,,N,100,383686961,378900973,170.37,170.37,,,170.37,172.52,172.52,,,172.52,170.37,170.37,,,170.37,172.52,172.52,,,172.52,2.86,9.31,,9.31,,59.49,16.23,12.83,,2.14,98.82,/,,,,,,,,,,,,,421836453,,2.38,,"On 05/04/19 AVI Japan Opportunity Trust Plc entered into a new 364 day 1.465 billion Yen unsecured revolving credit facility. Interest is payable at a rate equal to LIBOR + 0.75%. The company drew down the facility in full on 10/04/19. On 10/10/19 the facility was increased to 2.930 billion Yen and on 16/10/19 a further 130 million Yen was drawn down, resulting in a facility utilisation of 1.595 billion Yen. on 05/11/19 a further 703 million Yen was drawn down, resulting in a facility utilisation of 2.2975 billion Yen. On 01/04/20 the facility limit was increased to 4.330 billion Yen. On 1st April 2020 the company entered into an amendment agreement which extended the maturity date of the facility to 2nd April 2021. The facility agreement was extended by a further year on 2nd February 2022. On 16th August 2022, 50% of the notional value of the facility was repaid, with JPY1.465bn drawn down and a balance of JPY1.465bn non-utilised. There were two further drawdowns of JPY500mn each on 01/11/22 & 11/11/22 which increased the total amount drawndown to JPY2.465bn, with JPY0.465bn non-utilised. There was a drawdown of JPM 465mn on 23/05/23 which increased total amount drawdown to JPY 2.930bn, with nil amount non-utilised. On 06/04/24, the coupon rate was increased to 1.627% from 1.15%. On 08/10/24, the coupon rate was increased to 1.775% from 1.627%. On 28th March 2025 the Company agreed to increase the revolving credit facility limit to JPY 6.6bn. There were drawdowns on 8th and 30th April, resulting in full utilisation of the facility and the coupon rate was increased to 2.027%.On 02nd April 2026 the Company agreed to increase the revolving credit facility limit to JPY 12.7bn. There was drawdown on 8th April 2026 for JPY 2.6 bn and the coupon rate was increased to 2.028%.",,GBX
Japanese Smaller Companies,Baillie Gifford Shin Nippon,Ordinary Share,31/07/2026,GB00BFXYH242,401256568,51834764,51834764,51834764,51834764,0,0,0,0,0,51834764,161.4,0,1260448,0,0,195002862,0,2772768,119249623,No,2,14.8,12.5,14.8,12.5,0,,,Y,,N,100,349421804,348161356,178.54,178.54,,,178.54,179.19,179.19,,,179.19,178.54,178.54,,,178.54,179.19,179.19,,,179.19,1.7,2,,2,,70,13,13,,2,,,,,,,,,,,,,,,399996120,,1.7,,,,GBX
Japanese Smaller Companies,Nippon Active Value Fund,Ordinary Share,31/07/2026,GB00BKLGLS10,462734646,0,0,0,0,0,0,0,0,0,0,230,0,4592636,0,0,197353986,980000,0,0,N/A,6.1,0,0,0,0,0,,,Y,,N,100,462734646,458142010,232.14,232.14,,,232.14,234.47,234.47,,,234.47,232.14,232.14,,,232.14,234.47,234.47,,,234.47,0.5,6.1,,,,,,,,,,,,,,,,,,,,,,,458142010,,2.06,,,,GBX
Category,Name,Type,Date,ISIN,Total Assets incl CYR,PC Total Par,PC Total Fair,PC Debt Par,PC Debt Fair,TotLongCashOffset,TotShortCashOffset,PC Equity,Convertibles Par,Convertibles Fair,PC Gearing,MonthEnd Price,Price for TS dilution,CurrYrRev(CYR),Rev Res (splits only),Rev Allocation % (splits only),Number,Issued,Purch,Treasury,below NAV,Cash/CashEquiv,GrossGearing,NetGearing,GrossGearingFairCum,NetGearingFairCum,NetCash,From,To,NoRange,GearingNote,Loss,CYR allocation %,SHF per share inc CYR,SHF per share exc CYR,PCNCWNE,PCNCWE,PCCWNE,PCCWE,PCCWETS,PCNCWNEcum,PCNCWEcum,PCCWNEcum,PCCWEcum,PCCWETScum,FCNCWNE,FCNCWE,FCCWNE,FCCWE,FCCWETS,FCNCWNEcum,FCNCWEcum,FCCWNEcum,FCCWEcum,FCCWETScum,PFY,Cash/Cash Equiv.,Fixed Interest,,,,,,,,,Flags,Name,in issue,NAV Par,NAV Fair,Gross Gearing,Net Gearing,Name,in issue,NAV Par,NAV Fair,Gross Gearing,Net Gearing,Total Assets ex CYR,Provisions excluded from gearing calculation,Unlisted Holdings,FootNote,Note,Note,Reported Currency
Leasing,DP Aircraft I,Ordinary Share,31/07/2026,GG00BBP6HP33,,,,,,,,,,,,,,,,,,,,,,,,,,,,,,,,,,,,,,,,,,,,,,,,,,,,,,,,,,,,,,,,,,,,,,,,,,,,,,,,,,,,,,
Leasing,Tufton Assets,Ordinary Share,31/07/2026,GG00BSFVPB94,,,,,,,,,,,,,,,,,,,,,,,,,,,,,,,,,,,,,,,,,,,,,,,,,,,,,,,,,,,,,,,,,,,,,,,,,,,,,,,,,,,,,,
Category,Name,Type,Date,ISIN,Total Assets incl CYR,PC Total Par,PC Total Fair,PC Debt Par,PC Debt Fair,TotLongCashOffset,TotShortCashOffset,PC Equity,Convertibles Par,Convertibles Fair,PC Gearing,MonthEnd Price,Price for TS dilution,CurrYrRev(CYR),Rev Res (splits only),Rev Allocation % (splits only),Number,Issued,Purch,Treasury,below NAV,Cash/CashEquiv,GrossGearing,NetGearing,GrossGearingFairCum,NetGearingFairCum,NetCash,From,To,NoRange,GearingNote,Loss,CYR allocation %,SHF per share inc CYR,SHF per share exc CYR,PCNCWNE,PCNCWE,PCCWNE,PCCWE,PCCWETS,PCNCWNEcum,PCNCWEcum,PCCWNEcum,PCCWEcum,PCCWETScum,FCNCWNE,FCNCWE,FCCWNE,FCCWE,FCCWETS,FCNCWNEcum,FCNCWEcum,FCCWNEcum,FCCWEcum,FCCWETScum,PFY,Cash/Cash Equiv.,Fixed Interest,Cash/Cash Equiv.,Fixed Interest,UK Equities,S&P 500 ,Other US Equities,Other Equities,Other ,TA $ Exposure,Flags,Name,in issue,NAV Par,NAV Fair,Gross Gearing,Net Gearing,Name,in issue,NAV Par,NAV Fair,Gross Gearing,Net Gearing,Total Assets ex CYR,Provisions excluded from gearing calculation,Unlisted Holdings,FootNote,Note,Note,Reported Currency
North America,Baillie Gifford US Growth,Ordinary Share,31/07/2026,GB00BDFGHW41,960163532,37154003,37154003,37154003,37154003,0,0,0,0,0,37154003,306,0,-8075821,0,0,276723700,0,0,30636300,No,1,4,3,4,3,0,,,Y,,N,100,923009529,931085350,336.47,336.47,,,336.47,333.55,333.55,,,333.55,336.47,336.47,,,336.47,333.55,333.55,,,333.55,0.1,1,,,,,,,,,,,,,,,,,,,,,,,968239353,,29.83,,,,GBX
North America,BlackRock American Income,Ordinary Share,31/07/2026,GB00B7W0XJ61,179800633,7935,7935,7935,7935,7935,0,0,0,0,7935,279,0,391471,0,0,64920138,4560000,0,30441167,No,1.15,0,0,0,0,1.1,0,20,N,,N,100,179800633,179409162,276.35,276.35,,,276.35,276.96,276.96,,,276.96,276.35,276.35,,,276.35,276.96,276.96,,,276.96,1.53,1.15,,1.15,,,98.85,,,,,,,,,,,,,,,,,,179409162,,,,,"During the month to 31 July 2026, there were Share Issuances from Treasury totaling 4,560,000 Ordinary Shares for total consideration £12,680,615 at an average price of 276.74p per share",GBX
North America,Canadian General Investments,Ordinary Share,31/07/2026,,,,,,,,,,,,,,,,,,,,,,,,,,,,,,,,,,,,,,,,,,,,,,,,,,,,,,,,,,,,,,,,,,,,,,,,,,,,,,,,,,,,,,,
North America,JPMorgan American,Ordinary Share,31/07/2026,GB00BKZGVH64,2190443812,144705876.2,137209081.1,144705876.2,137209081.1,0,0,0,0,0,144705876.2,1200,0,-2685968,0,0,165093867,0,731177,116540043,No,0.7,7.1,6.3,6.7,5.9,0,,,Y,,N,100,2045737936,2048423904,"1,240.76","1,240.76",,,"1,240.76","1,239.14","1,239.14",,,"1,239.14","1,245.30","1,245.30",,,"1,245.30","1,243.68","1,243.68",,,"1,243.68",2.08,0.7,,,,,,,,,,,,,,,,,,,,,,,2193129780,,,,,,GBX
North America,North American Income Trust,Ordinary Share,31/07/2026,GB00BJ00Z303,546836043,37106694,32464666,37106694,32464666,0,0,0,0,0,37106694,438,0,4423235,0,0,114683817,0,0,12239752,No,1.28,7.3,5.9,6.3,5,0,0,20,N,,N,100,509729349,505306114,440.61,440.61,,,440.61,444.46,444.46,,,444.46,444.66,444.66,,,444.66,448.51,448.51,,,448.51,,1.28,,1.28,,,93.74,,4.98,,,/,,,,,,,,,,,,,542412808,,,,,,GBX
North America,Pershing Square Holdings,Ordinary Share,31/07/2026,GG00BPFJTF46,,,,,,,,,,,,,,,,,,,,,,,,,,,,,,,,,,,,,,,,,,,,,,,,,,,,,,,,,,,,,,,,,,,,,,,,,,,,,,,,,,,,,,
Category,Name,Type,Date,ISIN,Total Assets incl CYR,PC Total Par,PC Total Fair,PC Debt Par,PC Debt Fair,TotLongCashOffset,TotShortCashOffset,PC Equity,Convertibles Par,Convertibles Fair,PC Gearing,MonthEnd Price,Price for TS dilution,CurrYrRev(CYR),Rev Res (splits only),Rev Allocation % (splits only),Number,Issued,Purch,Treasury,below NAV,Cash/CashEquiv,GrossGearing,NetGearing,GrossGearingFairCum,NetGearingFairCum,NetCash,From,To,NoRange,GearingNote,Loss,CYR allocation %,SHF per share inc CYR,SHF per share exc CYR,PCNCWNE,PCNCWE,PCCWNE,PCCWE,PCCWETS,PCNCWNEcum,PCNCWEcum,PCCWNEcum,PCCWEcum,PCCWETScum,FCNCWNE,FCNCWE,FCCWNE,FCCWE,FCCWETS,FCNCWNEcum,FCNCWEcum,FCCWNEcum,FCCWEcum,FCCWETScum,PFY,Cash/Cash Equiv.,Fixed Interest,Cash/Cash Equiv.,Fixed Interest,UK Equities,S&P 500 ,Other US Equities,Other Equities,Other ,TA $ Exposure,Flags,Name,in issue,NAV Par,NAV Fair,Gross Gearing,Net Gearing,Name,in issue,NAV Par,NAV Fair,Gross Gearing,Net Gearing,Total Assets ex CYR,Provisions excluded from gearing calculation,Unlisted Holdings,FootNote,Note,Note,Reported Currency
North American Smaller Companies,Brown Advisory US Smaller Companies,Ordinary Share,31/07/2026,GB0003463402,,,,,,,,,,,,,,,,,,,,,,,,,,,,,,,,,,,,,,,,,,,,,,,,,,,,,,,,,,,,,,,,,,,,,,,,,,,,,,,,,,,,,,
North American Smaller Companies,JPMorgan US Smaller Companies,Ordinary Share,31/07/2026,GB00BJL5F346,259883738,26007802.1,26007802.1,26007802.1,26007802.1,0,0,0,0,0,26007802.1,432,0,-548663,0,0,48983868,0,1581325,16422407,No,1.59,11.1,9.4,11.1,9.4,0,0,15,N,,N,100,233875935.9,234424598.9,478.58,478.58,,,478.58,477.46,477.46,,,477.46,478.58,478.58,,,478.58,477.46,477.46,,,477.46,1.02,1.59,,,,,,,,,,,,,,,,,,,,,,,260432401,,,,,,GBX
Category,Name,Type,Date,ISIN,Total Assets incl CYR,PC Total Par,PC Total Fair,PC Debt Par,PC Debt Fair,TotLongCashOffset,TotShortCashOffset,PC Equity,Convertibles Par,Convertibles Fair,PC Gearing,MonthEnd Price,Price for TS dilution,CurrYrRev(CYR),Rev Res (splits only),Rev Allocation % (splits only),Number,Issued,Purch,Treasury,below NAV,Cash/CashEquiv,GrossGearing,NetGearing,GrossGearingFairCum,NetGearingFairCum,NetCash,From,To,NoRange,GearingNote,Loss,CYR allocation %,SHF per share inc CYR,SHF per share exc CYR,PCNCWNE,PCNCWE,PCCWNE,PCCWE,PCCWETS,PCNCWNEcum,PCNCWEcum,PCCWNEcum,PCCWEcum,PCCWETScum,FCNCWNE,FCNCWE,FCCWNE,FCCWE,FCCWETS,FCNCWNEcum,FCNCWEcum,FCCWNEcum,FCCWEcum,FCCWETScum,PFY,Cash/Cash Equiv.,Fixed Interest,Cash/Cash Equiv.,Fixed Interest,UK Listed,UK Unlisted,Cont. Eur Listed,Cont. Eur Unlisted,US Listed,US Unlisted,Flags,Name,in issue,NAV Par,NAV Fair,Gross Gearing,Net Gearing,Name,in issue,NAV Par,NAV Fair,Gross Gearing,Net Gearing,Total Assets ex CYR,Provisions excluded from gearing calculation,Unlisted Holdings,FootNote,Note,Note,Reported Currency
Private Equity,CT Private Equity Trust,Ordinary Share,31/07/2026,GB0030738271,,,,,,,,,,,,,,,,,,,,,,,,,,,,,,,,,,,,,,,,,,,,,,,,,,,,,,,,,,,,,,,,,,,,,,,,,,,,,,,,,,,,,,
Private Equity,HarbourVest Global Private Equity,Ordinary Share,31/07/2026,GG00BR30MJ80,,,,,,,,,,,,,,,,,,,,,,,,,,,,,,,,,,,,,,,,,,,,,,,,,,,,,,,,,,,,,,,,,,,,,,,,,,,,,,,,,,,,,,
Private Equity,HgCapital Trust,Ordinary Share,31/07/2026,GB00BJ0LT190,,,,,,,,,,,,,,,,,,,,,,,,,,,,,,,,,,,,,,,,,,,,,,,,,,,,,,,,,,,,,,,,,,,,,,,,,,,,,,,,,,,,,,
Private Equity,ICG Enterprise Trust,Ordinary Share,31/07/2026,GB0003292009,,,,,,,,,,,,,,,,,,,,,,,,,,,,,,,,,,,,,,,,,,,,,,,,,,,,,,,,,,,,,,,,,,,,,,,,,,,,,,,,,,,,,,
Private Equity,JPEL Private Equity,Ordinary Share,31/07/2026,GG00BVPBWF31,,,,,,,,,,,,,,,,,,,,,,,,,,,,,,,,,,,,,,,,,,,,,,,,,,,,,,,,,,,,,,,,,,,,,,,,,,,,,,,,,,,,,,
Private Equity,Literacy Capital,Ordinary Share,31/07/2026,GB00BMF1L080,,,,,,,,,,,,,,,,,,,,,,,,,,,,,,,,,,,,,,,,,,,,,,,,,,,,,,,,,,,,,,,,,,,,,,,,,,,,,,,,,,,,,,
Private Equity,LMS Capital,Ordinary Share,31/07/2026,GB00B12MHD28,,,,,,,,,,,,,,,,,,,,,,,,,,,,,,,,,,,,,,,,,,,,,,,,,,,,,,,,,,,,,,,,,,,,,,,,,,,,,,,,,,,,,,
Private Equity,Neuberger Private Equity Partners,Class A Ordinary,31/07/2026,GG00B1ZBD492,,,,,,,,,,,,,,,,,,,,,,,,,,,,,,,,,,,,,,,,,,,,,,,,,,,,,,,,,,,,,,,,,,,,,,,,,,,,,,,,,,,,,,
Private Equity,Oakley Capital Investments,Ordinary Share,31/07/2026,,,,,,,,,,,,,,,,,,,,,,,,,,,,,,,,,,,,,,,,,,,,,,,,,,,,,,,,,,,,,,,,,,,,,,,,,,,,,,,,,,,,,,,
Private Equity,Pantheon International,Ordinary Share,31/07/2026,GB00BP37WF17,,,,,,,,,,,,,,,,,,,,,,,,,,,,,,,,,,,,,,,,,,,,,,,,,,,,,,,,,,,,,,,,,,,,,,,,,,,,,,,,,,,,,,
Private Equity,Partners Group Private Equity,Ordinary Share,31/07/2026,GG00B28C2R28,,,,,,,,,,,,,,,,,,,,,,,,,,,,,,,,,,,,,,,,,,,,,,,,,,,,,,,,,,,,,,,,,,,,,,,,,,,,,,,,,,,,,,
Private Equity,Patria Private Equity,Ordinary Share,31/07/2026,GB0030474687,,,,,,,,,,,,,,,,,,,,,,,,,,,,,,,,,,,,,,,,,,,,,,,,,,,,,,,,,,,,,,,,,,,,,,,,,,,,,,,,,,,,,,
Category,Name,Type,Date,ISIN,Total Assets incl CYR,PC Total Par,PC Total Fair,PC Debt Par,PC Debt Fair,TotLongCashOffset,TotShortCashOffset,PC Equity,Convertibles Par,Convertibles Fair,PC Gearing,MonthEnd Price,Price for TS dilution,CurrYrRev(CYR),Rev Res (splits only),Rev Allocation % (splits only),Number,Issued,Purch,Treasury,below NAV,Cash/CashEquiv,GrossGearing,NetGearing,GrossGearingFairCum,NetGearingFairCum,NetCash,From,To,NoRange,GearingNote,Loss,CYR allocation %,SHF per share inc CYR,SHF per share exc CYR,PCNCWNE,PCNCWE,PCCWNE,PCCWE,PCCWETS,PCNCWNEcum,PCNCWEcum,PCCWNEcum,PCCWEcum,PCCWETScum,FCNCWNE,FCNCWE,FCCWNE,FCCWE,FCCWETS,FCNCWNEcum,FCNCWEcum,FCCWNEcum,FCCWEcum,FCCWETScum,PFY,Cash/Cash Equiv.,Fixed Interest,,,,,,,,,Flags,Name,in issue,NAV Par,NAV Fair,Gross Gearing,Net Gearing,Name,in issue,NAV Par,NAV Fair,Gross Gearing,Net Gearing,Total Assets ex CYR,Provisions excluded from gearing calculation,Unlisted Holdings,FootNote,Note,Note,Reported Currency
Property - Debt,Develop North,Ordinary Share,31/07/2026,GB00BD0ND667,,,,,,,,,,,,,,,,,,,,,,,,,,,,,,,,,,,,,,,,,,,,,,,,,,,,,,,,,,,,,,,,,,,,,,,,,,,,,,,,,,,,,,
Property - Debt,ICG-Longbow Senior Secured UK Property Debt Invest,Ordinary Share,31/07/2026,GG00B8C23S81,,,,,,,,,,,,,,,,,,,,,,,,,,,,,,,,,,,,,,,,,,,,,,,,,,,,,,,,,,,,,,,,,,,,,,,,,,,,,,,,,,,,,,
Property - Debt,Real Estate Credit Investments,Ordinary Share,31/07/2026,GB00B0HW5366,,,,,,,,,,,,,,,,,,,,,,,,,,,,,,,,,,,,,,,,,,,,,,,,,,,,,,,,,,,,,,,,,,,,,,,,,,,,,,,,,,,,,,
Category,Name,Type,Date,ISIN,Total Assets incl CYR,PC Total Par,PC Total Fair,PC Debt Par,PC Debt Fair,TotLongCashOffset,TotShortCashOffset,PC Equity,Convertibles Par,Convertibles Fair,PC Gearing,MonthEnd Price,Price for TS dilution,CurrYrRev(CYR),Rev Res (splits only),Rev Allocation % (splits only),Number,Issued,Purch,Treasury,below NAV,Cash/CashEquiv,GrossGearing,NetGearing,GrossGearingFairCum,NetGearingFairCum,NetCash,From,To,NoRange,GearingNote,Loss,CYR allocation %,SHF per share inc CYR,SHF per share exc CYR,PCNCWNE,PCNCWE,PCCWNE,PCCWE,PCCWETS,PCNCWNEcum,PCNCWEcum,PCCWNEcum,PCCWEcum,PCCWETScum,FCNCWNE,FCNCWE,FCCWNE,FCCWE,FCCWETS,FCNCWNEcum,FCNCWEcum,FCCWNEcum,FCCWEcum,FCCWETScum,PFY,Cash/Cash Equiv.,Fixed Interest,,,,,,,,,Flags,Name,in issue,NAV Par,NAV Fair,Gross Gearing,Net Gearing,Name,in issue,NAV Par,NAV Fair,Gross Gearing,Net Gearing,Total Assets ex CYR,Provisions excluded from gearing calculation,Unlisted Holdings,FootNote,Note,Note,Reported Currency
Property - Europe,abrdn European Logistics Income,Ordinary Share,31/07/2026,GB00BD9PXH49,,,,,,,,,,,,,,,,,,,,,,,,,,,,,,,,,,,,,,,,,,,,,,,,,,,,,,,,,,,,,,,,,,,,,,,,,,,,,,,,,,,,,,
Property - Europe,Phoenix Spree Deutschland,Ordinary Share,31/07/2026,JE00BT7JKP71,,,,,,,,,,,,,,,,,,,,,,,,,,,,,,,,,,,,,,,,,,,,,,,,,,,,,,,,,,,,,,,,,,,,,,,,,,,,,,,,,,,,,,
Property - Europe,Schroder European Real Estate,Ordinary Share,31/07/2026,GB00BY7R8K77,,,,,,,,,,,,,,,,,,,,,,,,,,,,,,,,,,,,,,,,,,,,,,,,,,,,,,,,,,,,,,,,,,,,,,,,,,,,,,,,,,,,,,
Category,Name,Type,Date,ISIN,Total Assets incl CYR,PC Total Par,PC Total Fair,PC Debt Par,PC Debt Fair,TotLongCashOffset,TotShortCashOffset,PC Equity,Convertibles Par,Convertibles Fair,PC Gearing,MonthEnd Price,Price for TS dilution,CurrYrRev(CYR),Rev Res (splits only),Rev Allocation % (splits only),Number,Issued,Purch,Treasury,below NAV,Cash/CashEquiv,GrossGearing,NetGearing,GrossGearingFairCum,NetGearingFairCum,NetCash,From,To,NoRange,GearingNote,Loss,CYR allocation %,SHF per share inc CYR,SHF per share exc CYR,PCNCWNE,PCNCWE,PCCWNE,PCCWE,PCCWETS,PCNCWNEcum,PCNCWEcum,PCCWNEcum,PCCWEcum,PCCWETScum,FCNCWNE,FCNCWE,FCCWNE,FCCWE,FCCWETS,FCNCWNEcum,FCNCWEcum,FCCWNEcum,FCCWEcum,FCCWETScum,PFY,Cash/Cash Equiv.,Fixed Interest,,,,,,,,,Flags,Name,in issue,NAV Par,NAV Fair,Gross Gearing,Net Gearing,Name,in issue,NAV Par,NAV Fair,Gross Gearing,Net Gearing,Total Assets ex CYR,Provisions excluded from gearing calculation,Unlisted Holdings,FootNote,Note,Note,Reported Currency
Property - Rest of World,Ceiba Investments,Ordinary Share,31/07/2026,GG00BFMDJH11,,,,,,,,,,,,,,,,,,,,,,,,,,,,,,,,,,,,,,,,,,,,,,,,,,,,,,,,,,,,,,,,,,,,,,,,,,,,,,,,,,,,,,
Category,Name,Type,Date,ISIN,Total Assets incl CYR,PC Total Par,PC Total Fair,PC Debt Par,PC Debt Fair,TotLongCashOffset,TotShortCashOffset,PC Equity,Convertibles Par,Convertibles Fair,PC Gearing,MonthEnd Price,Price for TS dilution,CurrYrRev(CYR),Rev Res (splits only),Rev Allocation % (splits only),Number,Issued,Purch,Treasury,below NAV,Cash/CashEquiv,GrossGearing,NetGearing,GrossGearingFairCum,NetGearingFairCum,NetCash,From,To,NoRange,GearingNote,Loss,CYR allocation %,SHF per share inc CYR,SHF per share exc CYR,PCNCWNE,PCNCWE,PCCWNE,PCCWE,PCCWETS,PCNCWNEcum,PCNCWEcum,PCCWNEcum,PCCWEcum,PCCWETScum,FCNCWNE,FCNCWE,FCCWNE,FCCWE,FCCWETS,FCNCWNEcum,FCNCWEcum,FCCWNEcum,FCCWEcum,FCCWETScum,PFY,Cash/Cash Equiv.,Fixed Interest,,,,,,,,,Flags,Name,in issue,NAV Par,NAV Fair,Gross Gearing,Net Gearing,Name,in issue,NAV Par,NAV Fair,Gross Gearing,Net Gearing,Total Assets ex CYR,Provisions excluded from gearing calculation,Unlisted Holdings,FootNote,Note,Note,Reported Currency
Property - UK Commercial,AEW UK REIT,Ordinary Share,31/07/2026,GB00BWD24154,,,,,,,,,,,,,,,,,,,,,,,,,,,,,,,,,,,,,,,,,,,,,,,,,,,,,,,,,,,,,,,,,,,,,,,,,,,,,,,,,,,,,,
Property - UK Commercial,Channel Islands Property,Ordinary Share,31/07/2026,GG00B62DS151,,,,,,,,,,,,,,,,,,,,,,,,,,,,,,,,,,,,,,,,,,,,,,,,,,,,,,,,,,,,,,,,,,,,,,,,,,,,,,,,,,,,,,
Property - UK Commercial,Custodian Property Income REIT,Ordinary Share,31/07/2026,GB00BJFLFT45,,,,,,,,,,,,,,,,,,,,,,,,,,,,,,,,,,,,,,,,,,,,,,,,,,,,,,,,,,,,,,,,,,,,,,,,,,,,,,,,,,,,,,
Property - UK Commercial,Regional REIT,Ordinary Share,31/07/2026,GG00BSY2LD72,,,,,,,,,,,,,,,,,,,,,,,,,,,,,,,,,,,,,,,,,,,,,,,,,,,,,,,,,,,,,,,,,,,,,,,,,,,,,,,,,,,,,,
Property - UK Commercial,Schroder Real Estate,Ordinary Share,31/07/2026,GB00B01HM147,,,,,,,,,,,,,,,,,,,,,,,,,,,,,,,,,,,,,,,,,,,,,,,,,,,,,,,,,,,,,,,,,,,,,,,,,,,,,,,,,,,,,,
Property - UK Commercial,Value and Indexed Property Income Trust,Ordinary Share,31/07/2026,GB0008484718,,,,,,,,,,,,,,,,,,,,,,,,,,,,,,,,,,,,,,,,,,,,,,,,,,,,,,,,,,,,,,,,,,,,,,,,,,,,,,,,,,,,,,
Category,Name,Type,Date,ISIN,Total Assets incl CYR,PC Total Par,PC Total Fair,PC Debt Par,PC Debt Fair,TotLongCashOffset,TotShortCashOffset,PC Equity,Convertibles Par,Convertibles Fair,PC Gearing,MonthEnd Price,Price for TS dilution,CurrYrRev(CYR),Rev Res (splits only),Rev Allocation % (splits only),Number,Issued,Purch,Treasury,below NAV,Cash/CashEquiv,GrossGearing,NetGearing,GrossGearingFairCum,NetGearingFairCum,NetCash,From,To,NoRange,GearingNote,Loss,CYR allocation %,SHF per share inc CYR,SHF per share exc CYR,PCNCWNE,PCNCWE,PCCWNE,PCCWE,PCCWETS,PCNCWNEcum,PCNCWEcum,PCCWNEcum,PCCWEcum,PCCWETScum,FCNCWNE,FCNCWE,FCCWNE,FCCWE,FCCWETS,FCNCWNEcum,FCNCWEcum,FCCWNEcum,FCCWEcum,FCCWETScum,PFY,Cash/Cash Equiv.,Fixed Interest,,,,,,,,,Flags,Name,in issue,NAV Par,NAV Fair,Gross Gearing,Net Gearing,Name,in issue,NAV Par,NAV Fair,Gross Gearing,Net Gearing,Total Assets ex CYR,Provisions excluded from gearing calculation,Unlisted Holdings,FootNote,Note,Note,Reported Currency
Property - UK Healthcare,Target Healthcare REIT,Ordinary Share,31/07/2026,GB00BJGTLF51,,,,,,,,,,,,,,,,,,,,,,,,,,,,,,,,,,,,,,,,,,,,,,,,,,,,,,,,,,,,,,,,,,,,,,,,,,,,,,,,,,,,,,
Category,Name,Type,Date,ISIN,Total Assets incl CYR,PC Total Par,PC Total Fair,PC Debt Par,PC Debt Fair,TotLongCashOffset,TotShortCashOffset,PC Equity,Convertibles Par,Convertibles Fair,PC Gearing,MonthEnd Price,Price for TS dilution,CurrYrRev(CYR),Rev Res (splits only),Rev Allocation % (splits only),Number,Issued,Purch,Treasury,below NAV,Cash/CashEquiv,GrossGearing,NetGearing,GrossGearingFairCum,NetGearingFairCum,NetCash,From,To,NoRange,GearingNote,Loss,CYR allocation %,SHF per share inc CYR,SHF per share exc CYR,PCNCWNE,PCNCWE,PCCWNE,PCCWE,PCCWETS,PCNCWNEcum,PCNCWEcum,PCCWNEcum,PCCWEcum,PCCWETScum,FCNCWNE,FCNCWE,FCCWNE,FCCWE,FCCWETS,FCNCWNEcum,FCNCWEcum,FCCWNEcum,FCCWEcum,FCCWETScum,PFY,Cash/Cash Equiv.,Fixed Interest,,,,,,,,,Flags,Name,in issue,NAV Par,NAV Fair,Gross Gearing,Net Gearing,Name,in issue,NAV Par,NAV Fair,Gross Gearing,Net Gearing,Total Assets ex CYR,Provisions excluded from gearing calculation,Unlisted Holdings,FootNote,Note,Note,Reported Currency
Property - UK Logistics,Tritax Big Box REIT,Ordinary Share,31/07/2026,GB00BG49KP99,,,,,,,,,,,,,,,,,,,,,,,,,,,,,,,,,,,,,,,,,,,,,,,,,,,,,,,,,,,,,,,,,,,,,,,,,,,,,,,,,,,,,,
Category,Name,Type,Date,ISIN,Total Assets incl CYR,PC Total Par,PC Total Fair,PC Debt Par,PC Debt Fair,TotLongCashOffset,TotShortCashOffset,PC Equity,Convertibles Par,Convertibles Fair,PC Gearing,MonthEnd Price,Price for TS dilution,CurrYrRev(CYR),Rev Res (splits only),Rev Allocation % (splits only),Number,Issued,Purch,Treasury,below NAV,Cash/CashEquiv,GrossGearing,NetGearing,GrossGearingFairCum,NetGearingFairCum,NetCash,From,To,NoRange,GearingNote,Loss,CYR allocation %,SHF per share inc CYR,SHF per share exc CYR,PCNCWNE,PCNCWE,PCCWNE,PCCWE,PCCWETS,PCNCWNEcum,PCNCWEcum,PCCWNEcum,PCCWEcum,PCCWETScum,FCNCWNE,FCNCWE,FCCWNE,FCCWE,FCCWETS,FCNCWNEcum,FCNCWEcum,FCCWNEcum,FCCWEcum,FCCWETScum,PFY,Cash/Cash Equiv.,Fixed Interest,,,,,,,,,Flags,Name,in issue,NAV Par,NAV Fair,Gross Gearing,Net Gearing,Name,in issue,NAV Par,NAV Fair,Gross Gearing,Net Gearing,Total Assets ex CYR,Provisions excluded from gearing calculation,Unlisted Holdings,FootNote,Note,Note,Reported Currency
Property - UK Residential,Home REIT,Ordinary Share,31/07/2026,GB00BJP5HK17,,,,,,,,,,,,,,,,,,,,,,,,,,,,,,,,,,,,,,,,,,,,,,,,,,,,,,,,,,,,,,,,,,,,,,,,,,,,,,,,,,,,,,
Property - UK Residential,Living REIT,Ordinary Share,31/07/2026,GB00BF0P7H59,,,,,,,,,,,,,,,,,,,,,,,,,,,,,,,,,,,,,,,,,,,,,,,,,,,,,,,,,,,,,,,,,,,,,,,,,,,,,,,,,,,,,,
Property - UK Residential,Residential Secure Income REIT,Ordinary Share,31/07/2026,GB00BYSX1508,,,,,,,,,,,,,,,,,,,,,,,,,,,,,,,,,,,,,,,,,,,,,,,,,,,,,,,,,,,,,,,,,,,,,,,,,,,,,,,,,,,,,,
Category,Name,Type,Date,ISIN,Total Assets incl CYR,PC Total Par,PC Total Fair,PC Debt Par,PC Debt Fair,TotLongCashOffset,TotShortCashOffset,PC Equity,Convertibles Par,Convertibles Fair,PC Gearing,MonthEnd Price,Price for TS dilution,CurrYrRev(CYR),Rev Res (splits only),Rev Allocation % (splits only),Number,Issued,Purch,Treasury,below NAV,Cash/CashEquiv,GrossGearing,NetGearing,GrossGearingFairCum,NetGearingFairCum,NetCash,From,To,NoRange,GearingNote,Loss,CYR allocation %,SHF per share inc CYR,SHF per share exc CYR,PCNCWNE,PCNCWE,PCCWNE,PCCWE,PCCWETS,PCNCWNEcum,PCNCWEcum,PCCWNEcum,PCCWEcum,PCCWETScum,FCNCWNE,FCNCWE,FCCWNE,FCCWE,FCCWETS,FCNCWNEcum,FCNCWEcum,FCCWNEcum,FCCWEcum,FCCWETScum,PFY,Cash/Cash Equiv.,Fixed Interest,,,,,,,,,Flags,Name,in issue,NAV Par,NAV Fair,Gross Gearing,Net Gearing,Name,in issue,NAV Par,NAV Fair,Gross Gearing,Net Gearing,Total Assets ex CYR,Provisions excluded from gearing calculation,Unlisted Holdings,FootNote,Note,Note,Reported Currency
Property Securities,TR Property Investment Trust,Ordinary Share,31/07/2026,GB0009064097,1252491321,233136709,232720031,233136709,232720031,89893218,0,0,0,0,233136709,318,0,29654581,0,0,317350980,0,0,0,N/A,4.35,21,16.1,21,16.1,0,0,25,N,,N,100,1109247830,1079593249,340.19,340.19,,,340.19,349.53,349.53,,,349.53,340.32,340.32,,,340.32,349.66,349.66,,,349.66,,4.35,,,,,,,,,,,,,,,,,,,,,,,1222836740,,,,Fair values have been calculated using a discounted cash flow method.,,GBX
Category,Name,Type,Date,ISIN,Total Assets incl CYR,PC Total Par,PC Total Fair,PC Debt Par,PC Debt Fair,TotLongCashOffset,TotShortCashOffset,PC Equity,Convertibles Par,Convertibles Fair,PC Gearing,MonthEnd Price,Price for TS dilution,CurrYrRev(CYR),Rev Res (splits only),Rev Allocation % (splits only),Number,Issued,Purch,Treasury,below NAV,Cash/CashEquiv,GrossGearing,NetGearing,GrossGearingFairCum,NetGearingFairCum,NetCash,From,To,NoRange,GearingNote,Loss,CYR allocation %,SHF per share inc CYR,SHF per share exc CYR,PCNCWNE,PCNCWE,PCCWNE,PCCWE,PCCWETS,PCNCWNEcum,PCNCWEcum,PCCWNEcum,PCCWEcum,PCCWETScum,FCNCWNE,FCNCWE,FCCWNE,FCCWE,FCCWETS,FCNCWNEcum,FCNCWEcum,FCCWNEcum,FCCWEcum,FCCWETScum,PFY,Cash/Cash Equiv.,Fixed Interest,,,,,,,,,Flags,Name,in issue,NAV Par,NAV Fair,Gross Gearing,Net Gearing,Name,in issue,NAV Par,NAV Fair,Gross Gearing,Net Gearing,Total Assets ex CYR,Provisions excluded from gearing calculation,Unlisted Holdings,FootNote,Note,Note,Reported Currency
Renewable Energy Infrastructure,Bluefield Solar Income Fund,Ordinary Share,31/07/2026,GG00BB0RDB98,,,,,,,,,,,,,,,,,,,,,,,,,,,,,,,,,,,,,,,,,,,,,,,,,,,,,,,,,,,,,,,,,,,,,,,,,,,,,,,,,,,,,,
Renewable Energy Infrastructure,Foresight Environmental Infrastructure,Ordinary Share,31/07/2026,GG00BJL5FH87,,,,,,,,,,,,,,,,,,,,,,,,,,,,,,,,,,,,,,,,,,,,,,,,,,,,,,,,,,,,,,,,,,,,,,,,,,,,,,,,,,,,,,
Renewable Energy Infrastructure,Foresight Solar Fund,Ordinary Share,31/07/2026,JE00BD3QJR55,,,,,,,,,,,,,,,,,,,,,,,,,,,,,,,,,,,,,,,,,,,,,,,,,,,,,,,,,,,,,,,,,,,,,,,,,,,,,,,,,,,,,,
Renewable Energy Infrastructure,Gore Street Energy Storage,Ordinary Share,31/07/2026,GB00BG0P0V73,,,,,,,,,,,,,,,,,,,,,,,,,,,,,,,,,,,,,,,,,,,,,,,,,,,,,,,,,,,,,,,,,,,,,,,,,,,,,,,,,,,,,,
Renewable Energy Infrastructure,Greencoat Renewables,Ordinary Share,31/07/2026,IE00BF2NR112,,,,,,,,,,,,,,,,,,,,,,,,,,,,,,,,,,,,,,,,,,,,,,,,,,,,,,,,,,,,,,,,,,,,,,,,,,,,,,,,,,,,,,
Renewable Energy Infrastructure,Greencoat UK Wind,Ordinary Share,31/07/2026,GB00B8SC6K54,,,,,,,,,,,,,,,,,,,,,,,,,,,,,,,,,,,,,,,,,,,,,,,,,,,,,,,,,,,,,,,,,,,,,,,,,,,,,,,,,,,,,,
Renewable Energy Infrastructure,Gresham House Energy Storage,Ordinary Share,31/07/2026,GB00BFX3K770,,,,,,,,,,,,,,,,,,,,,,,,,,,,,,,,,,,,,,,,,,,,,,,,,,,,,,,,,,,,,,,,,,,,,,,,,,,,,,,,,,,,,,
Renewable Energy Infrastructure,NextEnergy Solar Fund,Ordinary Share,31/07/2026,GG00BJ0JVY01,,,,,,,,,,,,,,,,,,,,,,,,,,,,,,,,,,,,,,,,,,,,,,,,,,,,,,,,,,,,,,,,,,,,,,,,,,,,,,,,,,,,,,
Renewable Energy Infrastructure,Octopus Renewables Infrastructure Trust,Ordinary Share,31/07/2026,GB00BJM02935,,,,,,,,,,,,,,,,,,,,,,,,,,,,,,,,,,,,,,,,,,,,,,,,,,,,,,,,,,,,,,,,,,,,,,,,,,,,,,,,,,,,,,
Renewable Energy Infrastructure,Parvus Energy Efficiency Trust,Ordinary Share,31/07/2026,GB00BN6JYS78,,,,,,,,,,,,,,,,,,,,,,,,,,,,,,,,,,,,,,,,,,,,,,,,,,,,,,,,,,,,,,,,,,,,,,,,,,,,,,,,,,,,,,
Renewable Energy Infrastructure,Renewables Infrastructure Group,Ordinary Share,31/07/2026,GG00BBHX2H91,,,,,,,,,,,,,,,,,,,,,,,,,,,,,,,,,,,,,,,,,,,,,,,,,,,,,,,,,,,,,,,,,,,,,,,,,,,,,,,,,,,,,,
Renewable Energy Infrastructure,SDCL Efficiency Income,Ordinary Share,31/07/2026,GB00BGHVZM47,,,,,,,,,,,,,,,,,,,,,,,,,,,,,,,,,,,,,,,,,,,,,,,,,,,,,,,,,,,,,,,,,,,,,,,,,,,,,,,,,,,,,,
Renewable Energy Infrastructure,US Solar Fund,Ordinary Share,31/07/2026,GB00BJCWFX49,,,,,,,,,,,,,,,,,,,,,,,,,,,,,,,,,,,,,,,,,,,,,,,,,,,,,,,,,,,,,,,,,,,,,,,,,,,,,,,,,,,,,,
Renewable Energy Infrastructure,VH Global Energy Infrastructure,Ordinary Share,31/07/2026,GB00BNKVP754,,,,,,,,,,,,,,,,,,,,,,,,,,,,,,,,,,,,,,,,,,,,,,,,,,,,,,,,,,,,,,,,,,,,,,,,,,,,,,,,,,,,,,
Category,Name,Type,Date,ISIN,Total Assets incl CYR,PC Total Par,PC Total Fair,PC Debt Par,PC Debt Fair,TotLongCashOffset,TotShortCashOffset,PC Equity,Convertibles Par,Convertibles Fair,PC Gearing,MonthEnd Price,Price for TS dilution,CurrYrRev(CYR),Rev Res (splits only),Rev Allocation % (splits only),Number,Issued,Purch,Treasury,below NAV,Cash/CashEquiv,GrossGearing,NetGearing,GrossGearingFairCum,NetGearingFairCum,NetCash,From,To,NoRange,GearingNote,Loss,CYR allocation %,SHF per share inc CYR,SHF per share exc CYR,PCNCWNE,PCNCWE,PCCWNE,PCCWE,PCCWETS,PCNCWNEcum,PCNCWEcum,PCCWNEcum,PCCWEcum,PCCWETScum,FCNCWNE,FCNCWE,FCCWNE,FCCWE,FCCWETS,FCNCWNEcum,FCNCWEcum,FCCWNEcum,FCCWEcum,FCCWETScum,PFY,Cash/Cash Equiv.,Fixed Interest,,,,,,,,,Flags,Name,in issue,NAV Par,NAV Fair,Gross Gearing,Net Gearing,Name,in issue,NAV Par,NAV Fair,Gross Gearing,Net Gearing,Total Assets ex CYR,Provisions excluded from gearing calculation,Unlisted Holdings,FootNote,Note,Note,Reported Currency
Technology & Technology Innovation,Allianz Technology Trust,Ordinary Share,31/07/2026,GB00BNG2M159,2406275146,0,0,0,0,0,0,0,0,0,0,670,0,-4169276,0,0,329510697,0,9161693,99245983,Yes,1.14,0,0,0,0,0,,,Y,,N,100,2406275146,2410444422,731.52,731.52,,,717.28,730.26,730.26,,,716.31,731.52,731.52,,,717.28,730.26,730.26,,,716.31,0.41,1.14,,,,,,,,,,,,,,,,,,,,,,,2410444422,,,,,"Date	 Shares 	Price (p)	Value £m
07/01/2026	500,000.00	753.16	£3.766
07/07/2026	600,000.00	703.11	£4.219
07/10/2026	360,606.00	718.91	£2.592
07/13/2026	500,000.00	713.09	£3.565
07/15/2026	500,000.00	706.15	£3.531
07/16/2026	382,314.00	697.44	£2.666
07/23/2026	4,987,000.00	687.66	£34.293
07/24/2026	217,000.00	680.86	£1.477
07/27/2026	400,000.00	667.79	£2.671
07/28/2026	489,773.00	652.31	£3.195
07/29/2026	225,000.00	649.87	£1.462
",GBX
Technology & Technology Innovation,Polar Capital Technology,Ordinary Share,31/07/2026,GB00BR3YV268,7601607247,70002832.41,70002832.41,70002832.41,70002832.41,0,0,0,0,0,70002832.41,626.5,0,-4545262,0,0,1105920109,0,1581111,267229891,No,0,0.9,0.9,0.9,0.9,0,,,Y,,Y,100,7531604415,7536149677,,,,,,681.03,,,,681.03,,,,,,681.03,,,,681.03,0.5,0,,,,,,,,,,,,,,,,,,,,,,,7606152509,,,,,,GBX
Category,Name,Type,Date,ISIN,Total Assets incl CYR,PC Total Par,PC Total Fair,PC Debt Par,PC Debt Fair,TotLongCashOffset,TotShortCashOffset,PC Equity,Convertibles Par,Convertibles Fair,PC Gearing,MonthEnd Price,Price for TS dilution,CurrYrRev(CYR),Rev Res (splits only),Rev Allocation % (splits only),Number,Issued,Purch,Treasury,below NAV,Cash/CashEquiv,GrossGearing,NetGearing,GrossGearingFairCum,NetGearingFairCum,NetCash,From,To,NoRange,GearingNote,Loss,CYR allocation %,SHF per share inc CYR,SHF per share exc CYR,PCNCWNE,PCNCWE,PCCWNE,PCCWE,PCCWETS,PCNCWNEcum,PCNCWEcum,PCCWNEcum,PCCWEcum,PCCWETScum,FCNCWNE,FCNCWE,FCCWNE,FCCWE,FCCWETS,FCNCWNEcum,FCNCWEcum,FCCWNEcum,FCCWEcum,FCCWETScum,PFY,Cash/Cash Equiv.,Fixed Interest,Cash/Cash Equiv.,Fixed Interest,FTSE 100,FTSE 250 x IC,FTSE S/C FL/AIM xIC,SC Inc & Ord Inc,Other SC & ICs,Int. Equities,Flags,Name,in issue,NAV Par,NAV Fair,Gross Gearing,Net Gearing,Name,in issue,NAV Par,NAV Fair,Gross Gearing,Net Gearing,Total Assets ex CYR,Provisions excluded from gearing calculation,Unlisted Holdings,FootNote,Note,Note,Reported Currency
UK All Companies,Aurora UK Alpha,Ordinary Share,31/07/2026,GB0000633262,301390159,0,0,0,0,0,0,0,0,0,0,253,0,2665421,0,0,107066716,0,412518,7506026,N/A,1,0,0,0,0,0,0,20,N,,N,100,301390159,298724738,279.01,279.01,,,277.3,281.5,281.5,,,279.63,279.01,279.01,,,277.3,281.5,281.5,,,279.63,2.17,1,,1,,29,24,3,,34,9,/,,,,,,,,,,,,,298724738,,3,,,"During the period, 412,518 shares have been repurchased by the Company at a total cost of £1 million.",GBX
UK All Companies,Baillie Gifford UK Growth,Ordinary Share,31/07/2026,GB0007913485,280616418,24350000,24350000,24350000,24350000,0,0,0,0,0,24350000,220,0,7568344,0,0,106152451,0,480817,6332402,No,1,9.5,8.4,9.5,8.4,0,,,Y,,N,100,256266418,248698074,234.28,234.28,,,234.28,241.41,241.41,,,241.41,234.28,234.28,,,234.28,241.41,241.41,,,241.41,1.6,1,,,,,,,,,,,,,,,,,,,,,,,273048074,,2.36,,,,GBX
UK All Companies,Fidelity Special Values,Ordinary Share,31/07/2026,GB00BWXC7Y93,1492784823,235310252,235310252,235310252,235310252,179653307,55656945,0,0,0,235310252,463.5,0,20059420,0,0,324348920,0,0,0,No,6.74,15.8,9,15.8,9,0,0,40,N,,N,100,1492784823,1472725403,454.06,454.06,,,454.06,460.24,460.24,,,460.24,454.06,454.06,,,454.06,460.24,460.24,,,460.24,3.51,6.74,,,,,,,,,,,,,,,,,,,,,,,1472725403,,,,,,GBX
UK All Companies,Mercantile Investment Trust,Ordinary Share,31/07/2026,GB00BF4JDH58,2193303854,325389634.7,259261616.7,325389634.7,259261616.7,0,0,0,0,0,325389634.7,276.5,0,550849,0,0,631624600,0,5527005,312867580,No,0.2,17.4,17.2,13.4,13.2,0,0,15,N,,N,100,1867914219,1867363370,295.64,295.64,,,295.64,295.73,295.73,,,295.73,306.11,306.11,,,306.11,306.2,306.2,,,306.2,2.63,0.2,,,,,,,,,,,,,,,,,,,,,,,2192753005,,,,,,GBX
UK All Companies,Schroder UK Mid Cap Fund,Ordinary Share,31/07/2026,GB0006108418,183139421,14000000,14000000,14000000,14000000,0,0,0,0,0,14000000,750,0,4966737,0,0,21480392,0,75000,3217500,N/A,1.41,8.3,6.8,8.3,6.8,0,,,Y,,N,100,169139421,164172684,764.29,764.29,,,762.43,787.41,787.41,,,782.54,764.29,764.29,,,762.43,787.41,787.41,,,782.54,6.07,1.41,,,,,,,,,,,,,,,,,,,,,,,178172684,,,,,,GBX
Category,Name,Type,Date,ISIN,Total Assets incl CYR,PC Total Par,PC Total Fair,PC Debt Par,PC Debt Fair,TotLongCashOffset,TotShortCashOffset,PC Equity,Convertibles Par,Convertibles Fair,PC Gearing,MonthEnd Price,Price for TS dilution,CurrYrRev(CYR),Rev Res (splits only),Rev Allocation % (splits only),Number,Issued,Purch,Treasury,below NAV,Cash/CashEquiv,GrossGearing,NetGearing,GrossGearingFairCum,NetGearingFairCum,NetCash,From,To,NoRange,GearingNote,Loss,CYR allocation %,SHF per share inc CYR,SHF per share exc CYR,PCNCWNE,PCNCWE,PCCWNE,PCCWE,PCCWETS,PCNCWNEcum,PCNCWEcum,PCCWNEcum,PCCWEcum,PCCWETScum,FCNCWNE,FCNCWE,FCCWNE,FCCWE,FCCWETS,FCNCWNEcum,FCNCWEcum,FCCWNEcum,FCCWEcum,FCCWETScum,PFY,Cash/Cash Equiv.,Fixed Interest,Cash/Cash Equiv.,Fixed Interest,UK Equity x IC,Int. Equities,SC Inc Shares,SC Ord Inc Shares,Other SC & ICs,Other ,Flags,Name,in issue,NAV Par,NAV Fair,Gross Gearing,Net Gearing,Name,in issue,NAV Par,NAV Fair,Gross Gearing,Net Gearing,Total Assets ex CYR,Provisions excluded from gearing calculation,Unlisted Holdings,FootNote,Note,Note,Reported Currency
UK Equity & Bond Income,Henderson High Income Trust,Ordinary Share,31/07/2026,GB0009580571,439563258,72544373.54,70362341.12,72544373.54,70362341.12,0,0,0,0,0,72544373.54,205,0,2748624,0,0,169519008,0,0,2622692,No,0.29,19.8,19.4,19.1,18.7,0,0,40,N,,N,100,367018884.5,364270260.5,214.88,214.88,,,214.88,216.51,216.51,,,216.51,216.17,216.17,,,216.17,217.79,217.79,,,217.79,4.78,0.29,9.91,0.29,9.91,81.37,8.43,,,,,/,,,,,,,,,,,,,436814634,,,,Private Placement notes calculated at Fair Value.,,GBX
Category,Name,Type,Date,ISIN,Total Assets incl CYR,PC Total Par,PC Total Fair,PC Debt Par,PC Debt Fair,TotLongCashOffset,TotShortCashOffset,PC Equity,Convertibles Par,Convertibles Fair,PC Gearing,MonthEnd Price,Price for TS dilution,CurrYrRev(CYR),Rev Res (splits only),Rev Allocation % (splits only),Number,Issued,Purch,Treasury,below NAV,Cash/CashEquiv,GrossGearing,NetGearing,GrossGearingFairCum,NetGearingFairCum,NetCash,From,To,NoRange,GearingNote,Loss,CYR allocation %,SHF per share inc CYR,SHF per share exc CYR,PCNCWNE,PCNCWE,PCCWNE,PCCWE,PCCWETS,PCNCWNEcum,PCNCWEcum,PCCWNEcum,PCCWEcum,PCCWETScum,FCNCWNE,FCNCWE,FCCWNE,FCCWE,FCCWETS,FCNCWNEcum,FCNCWEcum,FCCWNEcum,FCCWEcum,FCCWETScum,PFY,Cash/Cash Equiv.,Fixed Interest,Cash/Cash Equiv.,Fixed Interest,FTSE 100,FTSE 250 x IC,FTSE S/C FL/AIM xIC,SC Inc & Ord Inc,Other SC & ICs,Int. Equities,Flags,Name,in issue,NAV Par,NAV Fair,Gross Gearing,Net Gearing,Name,in issue,NAV Par,NAV Fair,Gross Gearing,Net Gearing,Total Assets ex CYR,Provisions excluded from gearing calculation,Unlisted Holdings,FootNote,Note,Note,Reported Currency
UK Equity Income,Aberdeen Equity Income Trust,Ordinary Share,31/07/2026,GB0006039597,398347275,35840382,35840382,35840382,35840382,0,0,0,0,0,35840382,461,0,5124342,0,0,79778671,435000,0,0,No,1.81,9.9,7.9,9.9,7.9,0,,,Y,,N,100,362506893,357382551,447.97,447.97,,,447.97,454.39,454.39,,,454.39,447.97,447.97,,,447.97,454.39,454.39,,,454.39,4.32,1.81,4.24,1.81,4.24,38.67,37.3,11.35,,2.99,3.64,,,,,,,,,,,,,,393222933,,,,,"During the period 435,000 shares were issued for £2.01m",GBX
UK Equity Income,BlackRock Income & Growth,Ordinary Share,31/07/2026,GB0030961691,54280618,6000000,6000000,6000000,6000000,0,0,0,0,0,6000000,227,0,537970,0,0,18516068,0,78500,10081532,No,6.23,12.4,5.4,12.4,5.4,0,0,20,N,,N,100,48280618,47742648,257.84,257.84,,,257.84,260.75,260.75,,,260.75,257.84,257.84,,,257.84,260.75,260.75,,,260.75,3.08,6.23,,6.23,,67.25,15.22,1.81,,6.06,3.43,d,,,,,,,,,,,,,53742648,,,,,"During the month to 31 July 2026, there were cancellation of share totaling 78,500 Ordinary Shares for total consideration £178,957 at an average price of 227.97p per share.
",GBX
UK Equity Income,Chelverton UK Dividend Trust,Ordinary Share,31/07/2026,GB0006615826,34151603,0,0,0,0,0,0,0,0,0,0,142,0,-313162,0,0,22450000,0,0,0,N/A,2,0,0,0,0,0,,,Y,,N,100,34151603,34464765,153.52,153.52,,,153.52,152.12,152.12,,,152.12,153.52,153.52,,,153.52,152.12,152.12,,,152.12,6.75,2,,2,,,30.13,18.31,,49.56,,,,,,,,,,,,,,,34464765,,,,,,GBX
UK Equity Income,City of London Investment Trust,Ordinary Share,31/07/2026,GB0001990497,3120150000,153597539,122203439,153597539,122203439,0,0,0,0,0,153597539,593,0,3599000,0,0,515522106,450000,0,0,No,-0.85,5.2,6.1,4.1,5,0,,,Y,,N,100,2966552461,2962953461,574.75,574.75,,,574.75,575.45,575.45,,,575.45,580.84,580.84,,,580.84,581.54,581.54,,,581.54,3.92,-0.85,,-0.85,,83.19,6.15,1.52,,,9.99,/d,,,,,,,,,,,,,3116551000,,,,,"During the period 450,000 new shares were issued for £2.6m",GBX
UK Equity Income,CT UK Capital and Income,Ordinary Share,31/07/2026,GB0003463287,378375042,30000000,30000000,30000000,30000000,0,0,0,0,0,30000000,358,0,4055645,0,0,93430470,0,125000,12858552,No,0.49,8.6,8.1,8.6,8.1,0,0,20,N,,N,100,348375042,344319397,368.53,368.53,,,368.53,372.87,372.87,,,372.87,368.53,368.53,,,368.53,372.87,372.87,,,372.87,3.81,0.49,,0.49,,77.27,20.95,1.29,,,,,,,,,,,,,,,,,374319397,,,,,,GBX
UK Equity Income,CT UK High Income Trust,Class A Ordinary,31/07/2026,GB00B1N4H594,165601783,5054626.934,5054626.934,20000000,20000000,0,0,0,0,0,5054626.934,112.5,0,0,0,0,30733750,0,0,1342953,No,1.62,13.8,11.9,13.8,11.9,0,,,N,,N,100,36798134.7,36649064.91,119.25,119.25,,,119.25,119.73,119.73,,,119.73,119.25,119.25,,,119.25,119.73,119.73,,,119.73,,1.62,,1.62,,81.47,15.19,,,1.72,,,,,,,,,,,,,,,165011948,,,,,,GBX
UK Equity Income,CT UK High Income Trust,Ordinary Share,31/07/2026,GB00B1N4G299,165601783,14945373.07,14945373.07,20000000,20000000,0,0,0,0,0,14945373.07,116,0,589835,0,0,90872653,0,0,11194491,No,1.62,13.8,11.9,13.8,11.9,0,0,25,N,,N,100,108803648.3,108362883.1,119.25,119.25,,,119.25,119.73,119.73,,,119.73,119.25,119.25,,,119.25,119.73,119.73,,,119.73,3.88,1.62,,1.62,,81.47,15.19,,,1.72,,,,,,,,,,,,,,,165011948,,,,,,GBX
UK Equity Income,Dunedin Income Growth,Ordinary Share,31/07/2026,GB0003406096,441921158,49082736,41989937,49082736,41989937,0,0,0,0,0,49082736,314,0,7345067,0,0,117160176,0,609212,36517759,No,1.22,12.5,11.1,10.5,9.2,0,0,30,N,,N,100,392838422,385493355,329.03,329.03,,,329.03,335.3,335.3,,,335.3,335.08,335.08,,,335.08,341.35,341.35,,,341.35,3.76,1.22,,1.22,,64.03,20.35,,,,14.4,/,,,,,,,,,,,,,434576091,,,,,"During July 2026, the company bought back 609,212 ordinary shares into treasury at a cost of 1.9m GBP.",GBX
UK Equity Income,Edinburgh Investment Trust,Ordinary Share,31/07/2026,GB0003052338,1208755612,120000000,64322754,120000000,64322754,0,0,0,0,0,120000000,844,0,449219,0,0,125137025,0,1643500,70529709,No,0.25,11,10.7,5.6,5.4,0,0,25,N,,N,100,1088755612,1088306393,869.69,869.69,,,869.69,870.05,870.05,,,870.05,914.18,914.18,,,914.18,914.54,914.54,,,914.54,3.19,0.25,,,,,,,,,,,,,,,,,,,,,,,1208306393,,,,"The fair value of the debenture stocks is determined by reference to the daily closing price. This is a Bloomberg closing price.
","During the month to 31 July 2026, there were Share Buybacks to Treasury totalling 1,643,500 Ordinary Shares for total consideration 13,572,836 at an average price of 826p per share.",GBX
UK Equity Income,Finsbury Growth & Income Trust,Ordinary Share,31/07/2026,GB0007816068,950172291,89200000,89200000,89200000,89200000,0,0,0,0,0,89200000,804,0,16883552,0,0,100181374,0,2241706,124809929,No,1.24,10.4,9,10.4,9,0,0,25,N,,N,100,860972291,844088739,842.56,842.56,,,842.56,859.41,859.41,,,859.41,842.56,842.56,,,842.56,859.41,859.41,,,859.41,3.47,1.24,0.05,1.24,0.05,80.01,13.13,3.4,,0.59,1.58,,,,,,,,,,,,,,933288739,,,,,,GBX
UK Equity Income,JPMorgan Claverhouse,Ordinary Share,31/07/2026,GB0003422184,557589620,71010169.1,61253328.1,71010169.1,61253328.1,41010169.1,0,0,0,0,71010169.1,974,0,-1080167,0,0,54410664,0,0,5734989,No,6.22,13.5,6.9,11.4,4.9,0,0,20,N,,N,100,527589620,528669787,971.63,971.63,,,971.63,969.64,969.64,,,969.64,989.56,989.56,,,989.56,987.58,987.58,,,987.58,3.51,6.22,,,,,,,,,,,,,,,,,,,,,,,558669787,,,,,,GBX
UK Equity Income,Law Debenture Corporation,Ordinary Share,31/07/2026,GB0031429219,1790828848,213922092,160138895,213922092,160138895,0,0,0,0,0,213922092,1242,0,1211619,0,0,133605858,355000,4801,670223,N/A,2.34,13.6,10.9,9.8,7.3,0,,,Y,,N,100,1630689953,1629478334,"1,179.36","1,179.36",,,"1,179.36","1,180.27","1,180.27",,,"1,180.27","1,219.62","1,219.62",,,"1,219.62","1,220.52","1,220.52",,,"1,220.52",2.83,2.34,,2.34,,,,,89.27,,8.39,,,,,,,,,,,,,,1789617229,0,12.85,,,,GBX
UK Equity Income,Lowland Investment Company,Ordinary Share,31/07/2026,GB00BNXGHS27,496053460,62998743,56452371,62998743,56452371,0,0,0,0,0,62998743,182.5,0,4702473,0,0,218967998,0,509762,51217652,No,0.54,14.5,13.9,12.8,12.2,0,0,30,N,,N,100,433054717,428352244,195.62,195.62,,,195.62,197.77,197.77,,,197.77,198.61,198.61,,,198.61,200.76,200.76,,,200.76,3.85,0.54,0.03,0.54,0.03,50.61,21.73,27.09,,,,,,,,,,,,,,,,,491350987,,,,,"During the month 509,762 shares were bought bank for Treasury at a cost of £0.9m",GBX
UK Equity Income,Merchants Trust,Ordinary Share,31/07/2026,GB0005800072,1137074711,118403046.5,98056891.11,118403046.5,98056891.11,0,0,0,0,0,118403046.5,666,0,15593039,0,0,147632870,0,0,792017,N/A,1.36,11.6,10.1,9.4,7.9,0,,,Y,,N,100,1039017820,1023424781,679.44,679.44,,,679.37,690,690,,,689.88,693.22,693.22,,,693.08,703.78,703.78,,,703.58,4.57,1.36,,1.36,,47.72,39.69,4.28,,6.95,,d,,,,,,,,,,,,,1121481672,,,,,,GBX
UK Equity Income,Murray Income Trust,Ordinary Share,31/07/2026,GB0006111123,1113446326,104308174,98431897,104308174,98431897,0,0,0,0,0,104308174,1020,0,11436817,0,0,93313684,0,0,26215848,No,1.96,10.3,8.2,9.7,7.5,0,0,25,N,,N,100,1009138152,997701335,"1,069.19","1,069.19",,,"1,069.19","1,081.45","1,081.45",,,"1,081.45","1,075.49","1,075.49",,,"1,075.49","1,087.74","1,087.74",,,"1,087.74",3.66,1.96,,1.96,,82.61,11.75,,,,3.68,/,,,,,,,,,,,,,1102009509,,,,,,GBX
UK Equity Income,Schroder Income Growth Fund,Ordinary Share,31/07/2026,GB0007915860,282526229,26000000,26000000,26000000,26000000,0,0,0,0,0,26000000,370,0,562427,0,0,65331748,0,365000,4131595,N/A,0.9,10.1,9.1,10.1,9.1,0,,,Y,,N,100,256526229,255963802,391.79,391.79,,,390.49,392.65,392.65,,,391.3,391.79,391.79,,,390.49,392.65,392.65,,,391.3,3.49,0.9,,,,,,,,,,,,,,,,,,,,,,,281963802,,,,,,GBX
UK Equity Income,Temple Bar Investment Trust,Ordinary Share,31/07/2026,GB00BMV92D64,1327636763,75000000,61435500,75000000,61435500,0,0,0,0,0,75000000,419.5,0,14307014,0,0,305734378,2245000,0,28629447,No,0.96,6,5,4.9,3.8,0,,,Y,,N,100,1252636763,1238329749,405.03,405.03,,,405.03,409.71,409.71,,,409.71,409.47,409.47,,,409.47,414.15,414.15,,,414.15,2.93,0.96,0,0.96,0,46.83,13.56,10.31,,,28.34,,,,,,,,,,,,,,1313329749,,,,,"On 01 July 2026 the company issued 460,000 own shares held in Treasury at a price of 388.25 pence per share.
On 09 July 2026 the company issued 290,000 own shares held in Treasury at a price of 390.65 pence per share.
On 10 July 2026 the company issued 75,000 own shares held in Treasury at a price of 396.85 pence per share.
On 13 July 2026 the company issued 220,000 own shares held in Treasury at a price of 400.62 pence per share.
On 14 July 2026 the company issued 700,000 own shares held in Treasury at a price of 401.53 pence per share.
On 30 July 2026 the company issued 500,000 own shares held in Treasury at a price of 423.0 pence per share.",GBX
Category,Name,Type,Date,ISIN,Total Assets incl CYR,PC Total Par,PC Total Fair,PC Debt Par,PC Debt Fair,TotLongCashOffset,TotShortCashOffset,PC Equity,Convertibles Par,Convertibles Fair,PC Gearing,MonthEnd Price,Price for TS dilution,CurrYrRev(CYR),Rev Res (splits only),Rev Allocation % (splits only),Number,Issued,Purch,Treasury,below NAV,Cash/CashEquiv,GrossGearing,NetGearing,GrossGearingFairCum,NetGearingFairCum,NetCash,From,To,NoRange,GearingNote,Loss,CYR allocation %,SHF per share inc CYR,SHF per share exc CYR,PCNCWNE,PCNCWE,PCCWNE,PCCWE,PCCWETS,PCNCWNEcum,PCNCWEcum,PCCWNEcum,PCCWEcum,PCCWETScum,FCNCWNE,FCNCWE,FCCWNE,FCCWE,FCCWETS,FCNCWNEcum,FCNCWEcum,FCCWNEcum,FCCWEcum,FCCWETScum,PFY,Cash/Cash Equiv.,Fixed Interest,Cash/Cash Equiv.,Fixed Interest,FTSE 100,FTSE 250,FTSE Small Cap,FTSE Fledgling,AIM/ NEX,Other Equities,Flags,Name,in issue,NAV Par,NAV Fair,Gross Gearing,Net Gearing,Name,in issue,NAV Par,NAV Fair,Gross Gearing,Net Gearing,Total Assets ex CYR,Provisions excluded from gearing calculation,Unlisted Holdings,FootNote,Note,Note,Reported Currency
UK Smaller Companies,Aberdeen UK Smaller Companies Growth,Ordinary Share,31/07/2026,GB0002959582,272117994,25000000,25000000,25000000,25000000,0,0,0,0,0,25000000,508,0,5809807,0,0,44354550,0,1085680,59809872,No,3.46,10.1,6.3,10.1,6.3,0,0,20,N,,N,100,247117994,241308187,544.04,544.04,,,544.04,557.14,557.14,,,557.14,544.04,544.04,,,544.04,557.14,557.14,,,557.14,2.93,3.46,,3.46,,2.15,68.36,,,14.96,11.07,/,,,,,,,,,,,,,266308187,,,,,"During the month 1,085,680 shares were bought back for treasury at a cost of £5.55m.",GBX
UK Smaller Companies,Aberforth Geared Value & Income Trust,Ordinary Share,31/07/2026,GB00BPJMQ253,156283949,46060921.07,46060921.07,0,0,0,0,46060921.07,0,0,46060921.07,88,0,635952,7019416,0,107331000,0,0,0,,4.19,41.8,35.8,41.8,35.8,0,,,N,,N,100,110223027.9,109587075.9,102.1,102.1,,,102.1,102.69,102.69,,,102.69,102.1,102.1,,,102.1,102.69,102.69,,,102.69,5.03,4.19,,4.19,,,55.49,34.92,3.96,1.44,,,,,,,,,,,,,,,155647997,,,,,,GBX
UK Smaller Companies,Aberforth Geared Value & Income Trust,Aberforth Geared Value & Inc ZDP,31/07/2026,GB00BPJMQ360,156283949,0,0,0,0,0,0,0,0,0,0,117,0,0,7019416,0,40249000,0,0,0,,4.19,0,0,0,0,0,,,N,,N,,46060921.07,46060921.07,114.44,114.44,,,114.44,114.44,114.44,,,114.44,114.44,114.44,,,114.44,114.44,114.44,,,114.44,,4.19,,4.19,,,55.49,34.92,3.96,1.44,,,,,,,,,,,,,,,155647997,,,,,,GBX
UK Smaller Companies,Aberforth Smaller Companies,Ordinary Share,31/07/2026,GB0000066554,1525130565,65000000,65000000,65000000,65000000,0,0,0,0,0,65000000,1704,0,33429149,0,0,77040605,0,374500,0,N/A,2.06,4.5,2.3,4.5,2.3,0,0,20,N,,N,100,1460130565,1426701416,"1,851.88","1,851.88",,,"1,851.88","1,895.27","1,895.27",,,"1,895.27","1,851.88","1,851.88",,,"1,851.88","1,895.27","1,895.27",,,"1,895.27",,2.06,,2.06,,,49.82,43.76,3.3,1.06,,,,,,,,,,,,,,,1491701416,,,,,"02/07 6,000 @ 1666.1p, 06/07 25,000 @ 1693.2245p, 07/07 30,000 @ 1697.2191, 08/07 26,000 @ 1678.4342p, 10/07 30,000 @ 1688p, 13/07 16,000 @ 1704.75p, 14/07 7,000 @1701.4155p, 15/07 15,000 @ 1726.4392p, 17/07 25,000 @ 1735.0639p, 20/07 7,500 @ 1732.8p, 21/07 30,000 @ 1733.8713p, 23/07 30,000 @ 1725.3643p,
24/07 22,000 @ 1722.3485p, 27/07 25,000 @ 1718.2397p, 29/07 28,000 @ 1718.9286p,  30/07 22,000 @ 1707.0179p, 31/07 30,000 @ 1702.5231p.",GBX
UK Smaller Companies,Artemis UK Future Leaders,Ordinary Share,31/07/2026,GB00B1FL3C76,124873148,9999082,9999082,9999082,9999082,9999082,0,0,0,0,9999082,382,0,948498,0,0,29084015,0,110984,20742421,No,0.19,8,7.8,8,7.8,0,0,30,N,,N,100,124873148,123924650,426.09,426.09,,,426.09,429.35,429.35,,,429.35,426.09,426.09,,,426.09,429.35,429.35,,,429.35,3.81,0.19,,0.19,,,48.21,23.79,,25.4,2.41,/dp,,,,,,,,,,,,,123924650,,,A final dividend of 3.85p per share (total £1.120m) went ex-dividend on 23 July  2026; pay date: 21 August 2026.,,"During the period 110,984 shares have been repurchased by the Company at a total cost of £0.4million. 
",GBX
UK Smaller Companies,Athelney Trust,Ordinary Share,31/07/2026,GB0000609296,3651249,0,0,0,0,0,0,0,0,0,0,165,0,125562,90662,0,2157881,0,0,0,N/A,5.2,0,0,0,0,0,,,Y,,N,100,3651249,3525687,163.39,163.39,,,163.39,169.21,169.21,,,169.21,163.39,163.39,,,163.39,169.21,169.21,,,169.21,3.7,5.2,,,,,,,,,,,,,,,,,,,,,,,3525687,0,0,,,,GBX
UK Smaller Companies,BlackRock Smaller Companies,Ordinary Share,31/07/2026,GB00BWQGKH23,783607249,69582677,41537000,69582677,41537000,0,0,0,0,0,69582677,269,0,5559161,0,0,243628950,196311160,1760000,55063655,No,-0.96,9.7,10.8,5.6,6.6,0,,,Y,,N,100,714024572,708465411,290.8,290.8,,,290.8,293.08,293.08,,,293.08,302.31,302.31,,,302.31,304.59,304.59,,,304.59,2.98,-0.96,,-0.96,,,55.54,14.38,,26.6,4.44,,,,,,,,,,,,,,778048088,,,,,"During the month to 31 July 2026, there were Share Buybacks to Treasury totaling 1,760,000 Ordinary Shares for total consideration £4,733,680.50 at an average price of 268.76p per share",GBX
UK Smaller Companies,Henderson Smaller Companies,Ordinary Share,31/07/2026,GB0009065060,630781000,71884904.44,71884904.44,71884904.44,71884904.44,0,0,0,0,0,71884904.44,953,0,13691000,0,0,54400401,0,465871,19984730,No,0.69,12.9,12.1,12.9,12.1,0,0,15,N,,N,100,558896095.6,545205095.6,"1,002.21","1,002.21",,,"1,002.21","1,027.37","1,027.37",,,"1,027.37","1,002.21","1,002.21",,,"1,002.21","1,027.37","1,027.37",,,"1,027.37",,0.69,,0.69,,2.39,79.09,8.26,,8.11,1.46,,,,,,,,,,,,,,617090000,,,,,"During the month, the company bought back 465,871 shares at a cost of £4.4 million.",GBX
UK Smaller Companies,JPMorgan UK Small Cap Growth & Income,Ordinary Share,31/07/2026,GB00BF7L8P11,505441619,55000000,55000000,55000000,55000000,0,0,0,0,0,55000000,342.5,0,-1559214,0,0,120726286,0,595000,18414991,No,1.42,12.2,10.6,12.2,10.6,0,0,25,N,,N,100,450441619,452000833,374.4,374.4,,,374.4,373.11,373.11,,,373.11,374.4,374.4,,,374.4,373.11,373.11,,,373.11,2.51,1.42,,,,,,,,,,,,,,,,,,,,,,,507000833,,,,,,GBX
UK Smaller Companies,Marwyn Value Investors,Ordinary Share,31/07/2026,,,,,,,,,,,,,,,,,,,,,,,,,,,,,,,,,,,,,,,,,,,,,,,,,,,,,,,,,,,,,,,,,,,,,,,,,,,,,,,,,,,,,,,
UK Smaller Companies,Montanaro UK Smaller Companies,Ordinary Share,31/07/2026,GB00BZ1H9L86,134980075,10000000,10000000,10000000,10000000,0,0,0,0,0,10000000,107.5,0,-3227536,0,0,111103105,0,78785,56276685,Yes,0.7,8,7.2,8,7.2,0,,,Y,,N,100,124980075,128207611,115.4,115.4,,,112.74,112.49,112.49,,,110.81,115.4,115.4,,,112.74,112.49,112.49,,,110.81,2.89,0.7,,,,,,,,,,,,,,,,,,,,,,,138207611,,,"In July the Company bought back 78,785 shares for a total consideration of £0.1m.",,,GBX
UK Smaller Companies,Odyssean Investment Trust,Ordinary Share,31/07/2026,GB00BFFK7H57,316003042,0,0,0,0,0,0,0,0,0,0,224,0,0,0,0,143660791,3230000,0,0,N/A,-0.86,0,0.9,0,0.9,0,,,Y,,N,100,316003042,316003042,219.96,219.96,,,219.96,219.96,219.96,,,219.96,219.96,219.96,,,219.96,219.96,219.96,,,219.96,,-0.86,,,,,,,,,,,,,,,,,,,,,,,316003042,,,,,,GBX
UK Smaller Companies,Onward Opportunities,Ordinary Share,31/07/2026,GG00BMZR1514,,,,,,,,,,,,,,,,,,,,,,,,,,,,,,,,,,,,,,,,,,,,,,,,,,,,,,,,,,,,,,,,,,,,,,,,,,,,,,,,,,,,,,
UK Smaller Companies,Rights & Issues Investment Trust,Ordinary Share,31/07/2026,GB0007392078,,,,,,,,,,,,,,,,,,,,,,,,,,,,,,,,,,,,,,,,,,,,,,,,,,,,,,,,,,,,,,,,,,,,,,,,,,,,,,,,,,,,,,
UK Smaller Companies,River UK Micro Cap,Ordinary Share,31/07/2026,GG00BNDMJP11,,,,,,,,,,,,,,,,,,,,,,,,,,,,,,,,,,,,,,,,,,,,,,,,,,,,,,,,,,,,,,,,,,,,,,,,,,,,,,,,,,,,,,
UK Smaller Companies,Rockwood Strategic,Ordinary Share,31/07/2026,GB00BRRD5L66,189659081,0,0,0,0,0,0,0,0,0,0,316,0,-283611,0,0,61038760,2335000,0,0,N/A,3.2,0,0,0,0,0,,,Y,,N,100,189659081,189942692,311.18,311.18,,,311.18,310.72,310.72,,,310.72,311.18,311.18,,,311.18,310.72,310.72,,,310.72,3.22,3.2,,3.2,,,,,,,96.8,z,,,,,,,,,,,,,189942692,,0.06,,,"a) On 06 July 2026 the company issued 1700000 new shares at a price of 312.32 pence per share.
b) On 06 July 2026 the company issued 75000 new shares at a price of 313.49 pence per share.
c) On 09 July 2026 the company issued 35000 new shares at a price of 318.06 pence per share.
d) On 13 July 2026 the company issued 80000 new shares at a price of 311.97 pence per share.
e) On 15 July 2026 the company issued 50000 new shares at a price of 313.92 pence per share.
f) On 23 July 2026 the company issued 125000 new shares at a price of 319.89 pence per share.
g) On 24 July 2026 the company issued 100000 new shares at a price of 322.89 pence per share.
h) On 27 July 2026 the company issued 35000 new shares at a price of 317.47 pence per share.
i) On 29 July 2026 the company issued 100000 new shares at a price of 317.66 pence per share.
j) On 31 July 2026 the company issued 35000 new shares at a price of 319.03 pence per share.",GBX
UK Smaller Companies,Strategic Equity Capital,Ordinary Share,31/07/2026,GB00B0BDCB21,130960243,0,0,0,0,0,0,0,0,0,0,362,0,-1538057,0,0,33784903,0,140000,22544906,No,10.49,0,0,0,0,0,,,Y,,N,100,130960243,132498300,392.18,392.18,,,392.18,387.63,387.63,,,387.63,392.18,392.18,,,392.18,387.63,387.63,,,387.63,2.24,10.49,,10.49,,,9.85,11.83,,67.83,,a,,,,,,,,,,,,,132498300,,,,,"During the month the Company bought back 140,000 Ordinary shares to be held in Treasury at a cost of £0.5m",GBX
UK Smaller Companies,Worsley Investors,Ordinary Share,31/07/2026,GG00BHXH0C87,,,,,,,,,,,,,,,,,,,,,,,,,,,,,,,,,,,,,,,,,,,,,,,,,,,,,,,,,,,,,,,,,,,,,,,,,,,,,,,,,,,,,,
Category,Name,Type,Date,ISIN,Total Assets incl CYR,PC Total Par,PC Total Fair,PC Debt Par,PC Debt Fair,TotLongCashOffset,TotShortCashOffset,PC Equity,Convertibles Par,Convertibles Fair,PC Gearing,MonthEnd Price,Price for TS dilution,CurrYrRev(CYR),Rev Res (splits only),Rev Allocation % (splits only),Number,Issued,Purch,Treasury,below NAV,Cash/CashEquiv,GrossGearing,NetGearing,GrossGearingFairCum,NetGearingFairCum,NetCash,From,To,NoRange,GearingNote,Loss,CYR allocation %,SHF per share inc CYR,SHF per share exc CYR,PCNCWNE,PCNCWE,PCCWNE,PCCWE,PCCWETS,PCNCWNEcum,PCNCWEcum,PCCWNEcum,PCCWEcum,PCCWETScum,FCNCWNE,FCNCWE,FCCWNE,FCCWE,FCCWETS,FCNCWNEcum,FCNCWEcum,FCCWNEcum,FCCWEcum,FCCWETScum,PFY,Cash/Cash Equiv.,Fixed Interest,Cash/Cash Equiv.,Fixed Interest,UK Listed,UK Unlisted,Cont. Eur Listed,Cont. Eur Unlisted,US Listed,US Unlisted,Flags,Name,in issue,NAV Par,NAV Fair,Gross Gearing,Net Gearing,Name,in issue,NAV Par,NAV Fair,Gross Gearing,Net Gearing,Total Assets ex CYR,Provisions excluded from gearing calculation,Unlisted Holdings,FootNote,Note,Note,Reported Currency
VCT,Albion Crown VCT C shares,C Share,31/07/2026,GB00BSPT6546,,,,,,,,,,,,,,,,,,,,,,,,,,,,,,,,,,,,,,,,,,,,,,,,,,,,,,,,,,,,,,,,,,,,,,,,,,,,,,,,,,,,,,
VCT,Albion Crown VCT,Ordinary Share,31/07/2026,GB0002577434,,,,,,,,,,,,,,,,,,,,,,,,,,,,,,,,,,,,,,,,,,,,,,,,,,,,,,,,,,,,,,,,,,,,,,,,,,,,,,,,,,,,,,
VCT,Albion Enterprise VCT,Ordinary Share,31/07/2026,GB00B1G3LR35,,,,,,,,,,,,,,,,,,,,,,,,,,,,,,,,,,,,,,,,,,,,,,,,,,,,,,,,,,,,,,,,,,,,,,,,,,,,,,,,,,,,,,
VCT,Albion Technology & General VCT,Ordinary Share,31/07/2026,GB0005581672,,,,,,,,,,,,,,,,,,,,,,,,,,,,,,,,,,,,,,,,,,,,,,,,,,,,,,,,,,,,,,,,,,,,,,,,,,,,,,,,,,,,,,
VCT,Baronsmead Second Venture Trust,Ordinary Share,31/07/2026,GB0030028103,206750729,0,0,0,0,0,0,0,0,0,0,47.6,0,1058009,0,0,426728180,0,0,69583327,Yes,3.83,0,0,0,0,0,,,Y,,N,100,206750729,205692720,48.2,48.2,,,48.12,48.45,48.45,,,48.33,48.2,48.2,,,48.12,48.45,48.45,,,48.33,,3.83,,3.83,,63.68,32.49,,,,,*,,,,,,,,,,,,,205692720,,32.49,,,,GBX
VCT,Baronsmead Venture Trust,Ordinary Share,31/07/2026,GB0002631934,210471115,0,0,0,0,0,0,0,0,0,0,45.4,0,1449451,0,0,445703890,0,0,69815101,Yes,12.71,0,0,0,0,0,,,Y,,N,100,210471115,209021664,46.9,46.9,,,46.69,47.22,47.22,,,46.98,46.9,46.9,,,46.69,47.22,47.22,,,46.98,,12.71,,12.71,,56.88,30.41,,,,,*,,,,,,,,,,,,,209021664,,30.7,,,,GBX
VCT,Blackfinch Spring VCT,Ordinary Share,31/07/2026,GB00BKV46W45,,,,,,,,,,,,,,,,,,,,,,,,,,,,,,,,,,,,,,,,,,,,,,,,,,,,,,,,,,,,,,,,,,,,,,,,,,,,,,,,,,,,,,
VCT,British Smaller Companies VCT 2,Ordinary Share,31/07/2026,GB0005001796,,,,,,,,,,,,,,,,,,,,,,,,,,,,,,,,,,,,,,,,,,,,,,,,,,,,,,,,,,,,,,,,,,,,,,,,,,,,,,,,,,,,,,
VCT,British Smaller Companies VCT,Ordinary Share,31/07/2026,GB0001403152,,,,,,,,,,,,,,,,,,,,,,,,,,,,,,,,,,,,,,,,,,,,,,,,,,,,,,,,,,,,,,,,,,,,,,,,,,,,,,,,,,,,,,
VCT,Calculus VCT,Ordinary Share,31/07/2026,GB00BYQPF348,,,,,,,,,,,,,,,,,,,,,,,,,,,,,,,,,,,,,,,,,,,,,,,,,,,,,,,,,,,,,,,,,,,,,,,,,,,,,,,,,,,,,,
VCT,Foresight Enterprise VCT,Ordinary Share,31/07/2026,GB00B07YBS95,,,,,,,,,,,,,,,,,,,,,,,,,,,,,,,,,,,,,,,,,,,,,,,,,,,,,,,,,,,,,,,,,,,,,,,,,,,,,,,,,,,,,,
VCT,Foresight VCT,Ordinary Share,31/07/2026,GB00B68K3716,,,,,,,,,,,,,,,,,,,,,,,,,,,,,,,,,,,,,,,,,,,,,,,,,,,,,,,,,,,,,,,,,,,,,,,,,,,,,,,,,,,,,,
VCT,Foresight Ventures VCT,Ordinary Share,31/07/2026,GB00BRBQ0C76,,,,,,,,,,,,,,,,,,,,,,,,,,,,,,,,,,,,,,,,,,,,,,,,,,,,,,,,,,,,,,,,,,,,,,,,,,,,,,,,,,,,,,
VCT,Gresham House Income & Growth 2 VCT,Ordinary Share,31/07/2026,GB00B01WL239,,,,,,,,,,,,,,,,,,,,,,,,,,,,,,,,,,,,,,,,,,,,,,,,,,,,,,,,,,,,,,,,,,,,,,,,,,,,,,,,,,,,,,
VCT,Gresham House Income & Growth VCT,Ordinary Share,31/07/2026,GB00B29BN198,,,,,,,,,,,,,,,,,,,,,,,,,,,,,,,,,,,,,,,,,,,,,,,,,,,,,,,,,,,,,,,,,,,,,,,,,,,,,,,,,,,,,,
VCT,Maven Income and Growth VCT 3,Ordinary Share,31/07/2026,GB0031153769,,,,,,,,,,,,,,,,,,,,,,,,,,,,,,,,,,,,,,,,,,,,,,,,,,,,,,,,,,,,,,,,,,,,,,,,,,,,,,,,,,,,,,
VCT,Maven Income and Growth VCT 4,Ordinary Share,31/07/2026,GB00B043QW84,,,,,,,,,,,,,,,,,,,,,,,,,,,,,,,,,,,,,,,,,,,,,,,,,,,,,,,,,,,,,,,,,,,,,,,,,,,,,,,,,,,,,,
VCT,Maven Income and Growth VCT 5,Ordinary Share,31/07/2026,GB0002057536,,,,,,,,,,,,,,,,,,,,,,,,,,,,,,,,,,,,,,,,,,,,,,,,,,,,,,,,,,,,,,,,,,,,,,,,,,,,,,,,,,,,,,
VCT,Maven Income and Growth VCT,Ordinary Share,31/07/2026,GB0004122858,,,,,,,,,,,,,,,,,,,,,,,,,,,,,,,,,,,,,,,,,,,,,,,,,,,,,,,,,,,,,,,,,,,,,,,,,,,,,,,,,,,,,,
VCT,Molten Ventures VCT,Ordinary Share,31/07/2026,GB0002867140,,,,,,,,,,,,,,,,,,,,,,,,,,,,,,,,,,,,,,,,,,,,,,,,,,,,,,,,,,,,,,,,,,,,,,,,,,,,,,,,,,,,,,
VCT,Northern 2 VCT,Ordinary Share,31/07/2026,GB0005356430,,,,,,,,,,,,,,,,,,,,,,,,,,,,,,,,,,,,,,,,,,,,,,,,,,,,,,,,,,,,,,,,,,,,,,,,,,,,,,,,,,,,,,
VCT,Northern 3 VCT,Ordinary Share,31/07/2026,GB0031152027,,,,,,,,,,,,,,,,,,,,,,,,,,,,,,,,,,,,,,,,,,,,,,,,,,,,,,,,,,,,,,,,,,,,,,,,,,,,,,,,,,,,,,
VCT,Northern Venture Trust,Ordinary Share,31/07/2026,GB0006450703,,,,,,,,,,,,,,,,,,,,,,,,,,,,,,,,,,,,,,,,,,,,,,,,,,,,,,,,,,,,,,,,,,,,,,,,,,,,,,,,,,,,,,
VCT,Octopus Apollo VCT,Ordinary Share,31/07/2026,GB00B17B3479,,,,,,,,,,,,,,,,,,,,,,,,,,,,,,,,,,,,,,,,,,,,,,,,,,,,,,,,,,,,,,,,,,,,,,,,,,,,,,,,,,,,,,
VCT,Octopus Future Generations VCT,Ordinary Share,31/07/2026,GB00BNGFHX14,,,,,,,,,,,,,,,,,,,,,,,,,,,,,,,,,,,,,,,,,,,,,,,,,,,,,,,,,,,,,,,,,,,,,,,,,,,,,,,,,,,,,,
VCT,Octopus Titan VCT,Ordinary Share,31/07/2026,GB00B28V9347,,,,,,,,,,,,,,,,,,,,,,,,,,,,,,,,,,,,,,,,,,,,,,,,,,,,,,,,,,,,,,,,,,,,,,,,,,,,,,,,,,,,,,
VCT,Oxford Technology 2 VCT - OT2 shares,Ordinary Share,31/07/2026,GB0003105052,,,,,,,,,,,,,,,,,,,,,,,,,,,,,,,,,,,,,,,,,,,,,,,,,,,,,,,,,,,,,,,,,,,,,,,,,,,,,,,,,,,,,,
VCT,Oxford Technology 2 VCT - OT3 shares,Ordinary Share,31/07/2026,GB00BN73FN07,,,,,,,,,,,,,,,,,,,,,,,,,,,,,,,,,,,,,,,,,,,,,,,,,,,,,,,,,,,,,,,,,,,,,,,,,,,,,,,,,,,,,,
VCT,Oxford Technology 2 VCT - OT4 shares,Ordinary Share,31/07/2026,GB00BN73FP21,,,,,,,,,,,,,,,,,,,,,,,,,,,,,,,,,,,,,,,,,,,,,,,,,,,,,,,,,,,,,,,,,,,,,,,,,,,,,,,,,,,,,,
VCT,Oxford Technology 2 VCT - OT1 shares,Ordinary Share,31/07/2026,GB00BN73FM99,,,,,,,,,,,,,,,,,,,,,,,,,,,,,,,,,,,,,,,,,,,,,,,,,,,,,,,,,,,,,,,,,,,,,,,,,,,,,,,,,,,,,,
VCT,Pembroke VCT B shares,Ordinary Share,31/07/2026,GB00BQVC9S79,,,,,,,,,,,,,,,,,,,,,,,,,,,,,,,,,,,,,,,,,,,,,,,,,,,,,,,,,,,,,,,,,,,,,,,,,,,,,,,,,,,,,,
VCT,ProVen Growth and Income VCT,Ordinary Share,31/07/2026,GB00B5B7YS03,,,,,,,,,,,,,,,,,,,,,,,,,,,,,,,,,,,,,,,,,,,,,,,,,,,,,,,,,,,,,,,,,,,,,,,,,,,,,,,,,,,,,,
VCT,ProVen VCT,Ordinary Share,31/07/2026,GB00B8GH9P84,,,,,,,,,,,,,,,,,,,,,,,,,,,,,,,,,,,,,,,,,,,,,,,,,,,,,,,,,,,,,,,,,,,,,,,,,,,,,,,,,,,,,,
VCT,Puma Alpha VCT,Ordinary Share,31/07/2026,GB00BGMG7F10,,,,,,,,,,,,,,,,,,,,,,,,,,,,,,,,,,,,,,,,,,,,,,,,,,,,,,,,,,,,,,,,,,,,,,,,,,,,,,,,,,,,,,
VCT,Puma VCT 13,Ordinary Share,31/07/2026,GB00BD5B1L68,,,,,,,,,,,,,,,,,,,,,,,,,,,,,,,,,,,,,,,,,,,,,,,,,,,,,,,,,,,,,,,,,,,,,,,,,,,,,,,,,,,,,,
VCT,PXN Growth VCT,Ordinary Share,31/07/2026,GB00BL690L89,,,,,,,,,,,,,,,,,,,,,,,,,,,,,,,,,,,,,,,,,,,,,,,,,,,,,,,,,,,,,,,,,,,,,,,,,,,,,,,,,,,,,,
VCT,Seneca Growth Capital VCT,Ordinary Share,31/07/2026,GB0031256109,,,,,,,,,,,,,,,,,,,,,,,,,,,,,,,,,,,,,,,,,,,,,,,,,,,,,,,,,,,,,,,,,,,,,,,,,,,,,,,,,,,,,,
VCT,Seneca Growth Capital VCT B shares,Ordinary Share,31/07/2026,GB00BG13MH08,,,,,,,,,,,,,,,,,,,,,,,,,,,,,,,,,,,,,,,,,,,,,,,,,,,,,,,,,,,,,,,,,,,,,,,,,,,,,,,,,,,,,,
VCT,Triple Point Venture VCT Venture shares,Ordinary Share,31/07/2026,GB00BDTYGZ09,,,,,,,,,,,,,,,,,,,,,,,,,,,,,,,,,,,,,,,,,,,,,,,,,,,,,,,,,,,,,,,,,,,,,,,,,,,,,,,,,,,,,,
Category,Name,Type,Date,ISIN,Total Assets incl CYR,PC Total Par,PC Total Fair,PC Debt Par,PC Debt Fair,TotLongCashOffset,TotShortCashOffset,PC Equity,Convertibles Par,Convertibles Fair,PC Gearing,MonthEnd Price,Price for TS dilution,CurrYrRev(CYR),Rev Res (splits only),Rev Allocation % (splits only),Number,Issued,Purch,Treasury,below NAV,Cash/CashEquiv,GrossGearing,NetGearing,GrossGearingFairCum,NetGearingFairCum,NetCash,From,To,NoRange,GearingNote,Loss,CYR allocation %,SHF per share inc CYR,SHF per share exc CYR,PCNCWNE,PCNCWE,PCCWNE,PCCWE,PCCWETS,PCNCWNEcum,PCNCWEcum,PCCWNEcum,PCCWEcum,PCCWETScum,FCNCWNE,FCNCWE,FCCWNE,FCCWE,FCCWETS,FCNCWNEcum,FCNCWEcum,FCCWNEcum,FCCWEcum,FCCWETScum,PFY,Cash/Cash Equiv.,Fixed Interest,Cash/Cash Equiv.,Fixed Interest,UK Listed,UK Unlisted,Cont. Eur Listed,Cont. Eur Unlisted,US Listed,US Unlisted,Flags,Name,in issue,NAV Par,NAV Fair,Gross Gearing,Net Gearing,Name,in issue,NAV Par,NAV Fair,Gross Gearing,Net Gearing,Total Assets ex CYR,Provisions excluded from gearing calculation,Unlisted Holdings,FootNote,Note,Note,Reported Currency
VCT AIM Quoted,Hargreave Hale AIM VCT,Ordinary Share,31/07/2026,GB00B02WHS05,121387783,0,0,0,0,0,0,0,0,0,0,30.6,0,1723377,0,0,375041693,1369173,646771,0,N/A,6,0,0,0,0,0,,,Y,,N,100,121387783,119664406,31.91,31.91,,,31.91,32.37,32.37,,,32.37,31.91,31.91,,,31.91,32.37,32.37,,,32.37,,6,,6,,70,24,,,,,,,,,,,,,,,,,,119664406,,25,,,,GBX
VCT AIM Quoted,Maven Renovar VCT,Ordinary Share,31/07/2026,GB00B641BB82,,,,,,,,,,,,,,,,,,,,,,,,,,,,,,,,,,,,,,,,,,,,,,,,,,,,,,,,,,,,,,,,,,,,,,,,,,,,,,,,,,,,,,
VCT AIM Quoted,Octopus AIM VCT 2,Ordinary Share,31/07/2026,GB00B0JQZZ80,,,,,,,,,,,,,,,,,,,,,,,,,,,,,,,,,,,,,,,,,,,,,,,,,,,,,,,,,,,,,,,,,,,,,,,,,,,,,,,,,,,,,,
VCT AIM Quoted,Octopus AIM VCT,Ordinary Share,31/07/2026,GB0034202076,,,,,,,,,,,,,,,,,,,,,,,,,,,,,,,,,,,,,,,,,,,,,,,,,,,,,,,,,,,,,,,,,,,,,,,,,,,,,,,,,,,,,,
VCT AIM Quoted,Puma AIM VCT,Ordinary Share,31/07/2026,GB00BRC89928,,,,,,,,,,,,,,,,,,,,,,,,,,,,,,,,,,,,,,,,,,,,,,,,,,,,,,,,,,,,,,,,,,,,,,,,,,,,,,,,,,,,,,
VCT AIM Quoted,Unicorn AIM VCT,Ordinary Share,31/07/2026,GB00B1RTFN43,200842751,0,0,0,0,0,0,0,0,0,0,68,0,1520720,0,0,255650762,0,1883931,0,N/A,6.4,0,0,0,0,0,,,Y,,N,100,200842751,199322031,77.97,77.97,,,77.97,78.56,78.56,,,78.56,77.97,77.97,,,77.97,78.56,78.56,,,78.56,,6.4,0.74,6.4,0.74,80.18,12.68,,,,,,,,,,,,,,,,,,199322031,,12.68,,,"17/07/2026 1,883,931 shares bought back for cancellation for a total cost of £1.3 million.",GBX
