AIC,Fund,Share,MonthEnd,Code,Total Assets incl CYR,PC Total Par,PC Total Fair,PC Debt Par,PC Debt Fair,TotLongCashOffset,TotShortCashOffset,PC Equity,Convertibles Par,Convertibles Fair,PC Gearing,MonthEnd Price,Price for TS dilution,CurrYrRev(CYR),Rev Res (splits only),RevAllocation % (splits only),Shares,Shares,Shares,Shares,Sell,Cash/CashEquiv,GrossGearing,NetGearing,GrossGearingFairCum,NetGearingFairCum,NetCash,Gearing,Range,NoRange,GearingNote,Permanent,CYR allocation %,SHF per share inc CYR,SHF per share exc CYR,Par,Par,Par,Par,Par,Par,Par,Par,Par,Par,Fair,Fair,Fair,Fair,Fair,Fair,Fair,Fair,Fair,Fair,PFY,Regional distribution,,,,,,,,Additional geographic,,,,,,,,CFI Exposure,,,,,,CCY Exposure,,,,,,Flags,Unit1,Unit1,Unit1,Unit1,Unit1,Unit1,Unit2,Unit2,Unit2,Unit2,Unit2,Unit2,Total Assets ex CYR,Unlisted Holdings,FootNote,FairValue,ShareNote,Reported Currency
Category,Name,Type,Date,ISIN,Total Assets incl CYR,PC Total Par,PC Total Fair,PC Debt Par,PC Debt Fair,TotLongCashOffset,TotShortCashOffset,PC Equity,Convertibles Par,Convertibles Fair,PC Gearing,MonthEnd Price,Price for TS dilution,CurrYrRev(CYR),Rev Res (splits only),Rev Allocation % (splits only),Number,Issued,Purch,Treasury,below NAV,Cash/CashEquiv,GrossGearing,NetGearing,GrossGearingFairCum,NetGearingFairCum,NetCash,From,To,NoRange,GearingNote,Loss,CYR allocation %,SHF per share inc CYR,SHF per share exc CYR,PCNCWNE,PCNCWE,PCCWNE,PCCWE,PCCWETS,PCNCWNEcum,PCNCWEcum,PCCWNEcum,PCCWEcum,PCCWETScum,FCNCWNE,FCNCWE,FCCWNE,FCCWE,FCCWETS,FCNCWNEcum,FCNCWEcum,FCCWNEcum,FCCWEcum,FCCWETScum,PFY,Cash/Cash Equiv.,Fixed Interest,Hong Kong,Singa pore,Korea ,Taiwan ,China ,Other ,,,,,,,,,Hong Kong,Singa pore,Korea ,Taiwan ,China ,Other ,Hong Kong,Singa pore,Korea ,Taiwan ,China ,Other ,Flags,Name,in issue,NAV Par,NAV Fair,Gross Gearing,Net Gearing,Name,in issue,NAV Par,NAV Fair,Gross Gearing,Net Gearing,Total Assets ex CYR,Unlisted Holdings,FootNote,Note,Note,Reported Currency
Asia Pacific,abrdn New Dawn,Ordinary Share,30/06/2022,GB00BBM56V29,370719555,28748995,28810804,28748995,28810804,0,0,0,0,0,28748995,279,0,4317860,0,0,106389348,0,135000,10709701,No,1.24,8,7,8,7,0,0,25,N,,N,100,341970560,337652700,317.37,,,,317.37,321.43,,,,321.43,317.32,,,,317.32,321.37,,,,321.37,,1.24,,9.73,5.8,9.26,7.61,27.43,38.93,,,,,,,,,,,,,,,,,,,,,/,,,,,,,,,,,,,366401695,,,Fair value is calculated using discounted cashflow.,"135,000 SHARES BOUGHT BACK IN JUNE AT A COST OF £0.4m",GBX
Asia Pacific,Asia Dragon,Ordinary Share,30/06/2022,GB0002945029,656254783,59999583,59999583,59999583,59999583,0,0,0,0,0,59999583,431,0,5529469,0,0,120398159,0,0,38903644,No,1.6,10,8,10,8,0,0,20,N,,N,100,596255200,590725731,490.64,,,,490.64,495.24,,,,495.24,490.64,,,,490.64,495.24,,,,495.24,,1.6,,11.92,5.76,9.15,12.23,31.82,27.52,,,,,,,,,,,,,,,,,,,,,,,,,,,,,,,,,,650725314,,,,,GBX
Asia Pacific,Pacific Assets,Ordinary Share,30/06/2022,GB0006674385,430602905,0,0,0,0,0,0,0,0,0,0,310,0,1338225,0,0,120958386,0,0,0,N/A,4.51,0,0,0,0,0,,,Y,,N,100,430602905,429264680,354.89,,,,,355.99,,,,,354.89,,,,,355.99,,,,,1.08,4.51,,3.84,0.51,3.57,9.62,9.77,68.18,,,,,,,,,,,,,,,,,,,,,,,,,,,,,,,,,,429264680,,,,,GBX
Asia Pacific,Pacific Horizon,Ordinary Share,30/06/2022,GB0006667470,611814226,0,0,0,0,0,0,0,0,0,0,613,0,4335924,0,0,91860961,0,0,0,N/A,1,0,0,0,0,0,,,Y,,N,100,611814226,607478302,661.3,,,,,666.02,,,,,661.3,,,,,666.02,,,,,0.9,1,,1,5,17,4,34,38,,,,,,,,,,,,,,,,,,,,,,,,,,,,,,,,,,607478302,6.25,,,,GBX
Asia Pacific,Schroder Asian Total Return,Ordinary Share,30/06/2022,GB0008710799,498182598,45709580,45709580,45709580,45709580,0,0,0,0,0,45709580,403.5,0,6604710,0,0,108671651,0,205000,443000,Yes,1.56,10,8,10,8,0,,,Y,,N,100,452473018,445868308,410.29,,,,410.26,416.37,,,,416.31,410.29,,,,410.26,416.37,,,,416.31,2.2,1.56,,16.54,7.39,8.54,22.6,2.04,41.33,,,,,,,,,,,,,,100,16.54,7.39,8.54,22.6,2.04,42.89,,,,,,,,,,,,,,491577888,,,,,GBX
Asia Pacific,Schroder AsiaPacific,Ordinary Share,30/06/2022,GB0007918872,947885256,12351270,12351270,12351270,12351270,0,0,0,0,0,12351270,512,0,10177980,0,0,162590716,0,215000,0,N/A,0.6,1,1,1,1,0,,,Y,,N,100,935533986,925356006,569.13,,,,,575.39,,,,,569.13,,,,,575.39,,,,,2,0.6,,23.96,5.99,13.18,15.99,8.61,31.67,,,,,,,,,,0.17,,,7.91,91.92,23.96,5.99,13.18,15.99,8.66,32.22,,,,,,,,,,,,,,937707276,,,,,GBX
Category,Name,Type,Date,ISIN,Total Assets incl CYR,PC Total Par,PC Total Fair,PC Debt Par,PC Debt Fair,TotLongCashOffset,TotShortCashOffset,PC Equity,Convertibles Par,Convertibles Fair,PC Gearing,MonthEnd Price,Price for TS dilution,CurrYrRev(CYR),Rev Res (splits only),Rev Allocation % (splits only),Number,Issued,Purch,Treasury,below NAV,Cash/CashEquiv,GrossGearing,NetGearing,GrossGearingFairCum,NetGearingFairCum,NetCash,From,To,NoRange,GearingNote,Loss,CYR allocation %,SHF per share inc CYR,SHF per share exc CYR,PCNCWNE,PCNCWE,PCCWNE,PCCWE,PCCWETS,PCNCWNEcum,PCNCWEcum,PCCWNEcum,PCCWEcum,PCCWETScum,FCNCWNE,FCNCWE,FCCWNE,FCCWE,FCCWETS,FCNCWNEcum,FCNCWEcum,FCCWNEcum,FCCWEcum,FCCWETScum,PFY,Cash/Cash Equiv.,Fixed Interest,Hong Kong,Singa pore,Korea ,Taiwan ,China ,Other ,,,,,,,,,Hong Kong,Singa pore,Korea ,Taiwan ,China ,Other ,Hong Kong,Singa pore,Korea ,Taiwan ,China ,Other ,Flags,Name,in issue,NAV Par,NAV Fair,Gross Gearing,Net Gearing,Name,in issue,NAV Par,NAV Fair,Gross Gearing,Net Gearing,Total Assets ex CYR,Unlisted Holdings,FootNote,Note,Note,Reported Currency
Asia Pacific Equity Income,abrdn Asian Income,Ordinary Share,30/06/2022,GB00B0P6J834,457903384,49130296,49087107,49130296,49087107,0,0,0,0,0,49130296,210,0,5063504,0,0,170269918,0,118734,24389737,No,0.56,12,11,12,11,0,0,25,N,,N,100,408773088,403709584,237.1,,,,237.1,240.07,,,,240.07,237.13,,,,237.13,240.1,,,,240.1,5.01,0.56,0.82,6.8,20.53,7.63,17.66,8.88,37.12,,,,,,,,,,,,,,,,,,,,,,,,,,,,,,,,,,452839880,,,,,GBX
Asia Pacific Equity Income,Henderson Far East Income,Ordinary Share,30/06/2022,JE00B1GXH751,464327813,41233034,41233034,41233034,41233034,0,0,0,0,0,41233034,279,0,9500094,0,0,153688564,1645000,0,0,N/A,3.96,10,5,10,5,0,0,14,N,,N,100,423094779,413594685,269.11,,,,,275.29,,,,,269.11,,,,,275.29,,,,,,3.96,,7.55,9.23,12.19,12.96,21.78,32.33,,,,,,,,,,,,,,,,,,,,,,,,,,,,,,,,,,454827719,,,,,GBX
Asia Pacific Equity Income,Invesco Asia,Ordinary Share,30/06/2022,GB0004535307,261442145,6453735,6453735,6453735,6453735,0,0,0,0,0,6453735,330,0,3899101,0,0,66853287,0,0,8146594,No,0.53,3,2,3,2,0,0,25,N,,N,100,254988410,251089309,375.58,,,,375.58,381.41,,,,381.41,375.58,,,,375.58,381.41,,,,381.41,2.37,0.53,,13.83,2.33,12.2,12.19,34.51,24.41,,,,,,,,,,,,,,,,,,,,,/,,,,,,,,,,,,,257543044,0.04,,,,GBX
Asia Pacific Equity Income,JPMorgan Asia Growth & Income,Ordinary Share,30/06/2022,GB0001320778,407748015,5728091,5728091,5728091,5728091,0,0,0,0,0,5728091,368,0,7476256,0,0,97620197,0,24000,176796,No,0.9,1,1,1,1,0,0,20,N,,N,100,402019924,394543668,404.16,,,,404.16,411.82,,,,411.82,404.16,,,,404.16,411.82,,,,411.82,1.63,0.9,,12.1,3.4,15.1,13.5,38.5,16.5,,,,,,,,,,,,,,,,,,,,,,,,,,,,,,,,,,400271759,,,,,GBX
Asia Pacific Equity Income,Schroder Oriental Income,Ordinary Share,30/06/2022,GB00B0CRWN59,744844320,41170900,41170900,41170900,41170900,0,0,0,0,0,41170900,255.5,0,14536618,0,0,262153024,0,75000,9080000,N/A,1.9,6,4,6,4,0,,,Y,,N,100,703673420,689136802,262.88,,,,262.63,268.42,,,,267.99,262.88,,,,262.63,268.42,,,,267.99,4.2,1.9,,14.1,16.48,11.44,19.71,9.12,27.25,,,,,,,,,0.6,0.95,,,2.19,96.26,14.11,16.5,11.44,19.71,9.16,29.08,,,,,,,,,,,,,,730307702,,,,,GBX
Category,Name,Type,Date,ISIN,Total Assets incl CYR,PC Total Par,PC Total Fair,PC Debt Par,PC Debt Fair,TotLongCashOffset,TotShortCashOffset,PC Equity,Convertibles Par,Convertibles Fair,PC Gearing,MonthEnd Price,Price for TS dilution,CurrYrRev(CYR),Rev Res (splits only),Rev Allocation % (splits only),Number,Issued,Purch,Treasury,below NAV,Cash/CashEquiv,GrossGearing,NetGearing,GrossGearingFairCum,NetGearingFairCum,NetCash,From,To,NoRange,GearingNote,Loss,CYR allocation %,SHF per share inc CYR,SHF per share exc CYR,PCNCWNE,PCNCWE,PCCWNE,PCCWE,PCCWETS,PCNCWNEcum,PCNCWEcum,PCCWNEcum,PCCWEcum,PCCWETScum,FCNCWNE,FCNCWE,FCCWNE,FCCWE,FCCWETS,FCNCWNEcum,FCNCWEcum,FCCWNEcum,FCCWEcum,FCCWETScum,PFY,Cash/Cash Equiv.,Fixed Interest,Hong Kong,Singa pore,Korea ,Taiwan ,China ,Other ,,,,,,,,,Hong Kong,Singa pore,Korea ,Taiwan ,China ,Other ,Hong Kong,Singa pore,Korea ,Taiwan ,China ,Other ,Flags,Name,in issue,NAV Par,NAV Fair,Gross Gearing,Net Gearing,Name,in issue,NAV Par,NAV Fair,Gross Gearing,Net Gearing,Total Assets ex CYR,Unlisted Holdings,FootNote,Note,Note,Reported Currency
Asia Pacific Smaller Companies,abrdn Asia Focus,Ordinary Share,30/06/2022,GB00BMF19B58,518876031,29891497,30000000,29891497,30000000,0,0,0,36642412,36642412,66533909,252,0,6802386,0,0,156953631,536,0,51744590,No,0.73,15,14,6,5,0,0,25,N,,N,100,452342122,445539736,283.87,,,,283.87,288.2,,,,288.2,283.8,,,,283.8,288.13,,,,288.13,3.37,0.73,,6.42,6.8,6.03,10.06,7.75,62.21,,,,,,,,,,,,,,,,,,,,,,,,,,,,,,,,,,512073645,,,,536 shares from CULS conversion on 14/06/2022,GBX
Asia Pacific Smaller Companies,Fidelity Asian Values,Ordinary Share,30/06/2022,GB0003322319,408714604,44013269,44013269,44013269,44013269,33724924,10288345,0,0,0,44013269,445,0,8064198,0,0,72638119,0,84177,2868593,N/A,7.79,12,3,12,3,0,,,Y,,N,100,364701335,356637137,490.98,,,,489.23,502.08,,,,499.91,490.98,,,,489.23,502.08,,,,499.91,,7.79,,11.1,3.4,8.17,6.13,21.28,42.13,,,,,,,,,,,,,,,,,,,,,z,,,,,,,,,,,,,400650406,0.49,,,"84,177.00 Ord Shares repurchased at a value of 935,267.53
",GBX
Asia Pacific Smaller Companies,Scottish Oriental Smaller Companies,Ordinary Share,30/06/2022,GB0007836132,335606019,30000000,30000000,30000000,30000000,0,0,0,0,0,30000000,1085,0,2793067,0,0,25225332,0,233380,6188331,No,1.89,10,8,10,8,0,0,10,N,,N,100,305606019,302812952,1200.43,,,,1200.43,1211.5,,,,1211.5,1200.43,,,,1200.43,1211.5,,,,1211.5,2.7,1.89,,4.66,3.05,1.4,5.25,13.11,70.64,,,,,,,,,,,,,,,,,,,,,,,,,,,,,,,,,,332812952,,,,,GBX
Category,Name,Type,Date,ISIN,Total Assets incl CYR,PC Total Par,PC Total Fair,PC Debt Par,PC Debt Fair,TotLongCashOffset,TotShortCashOffset,PC Equity,Convertibles Par,Convertibles Fair,PC Gearing,MonthEnd Price,Price for TS dilution,CurrYrRev(CYR),Rev Res (splits only),Rev Allocation % (splits only),Number,Issued,Purch,Treasury,below NAV,Cash/CashEquiv,GrossGearing,NetGearing,GrossGearingFairCum,NetGearingFairCum,NetCash,From,To,NoRange,GearingNote,Loss,CYR allocation %,SHF per share inc CYR,SHF per share exc CYR,PCNCWNE,PCNCWE,PCCWNE,PCCWE,PCCWETS,PCNCWNEcum,PCNCWEcum,PCCWNEcum,PCCWEcum,PCCWETScum,FCNCWNE,FCNCWE,FCCWNE,FCCWE,FCCWETS,FCNCWNEcum,FCNCWEcum,FCCWNEcum,FCCWEcum,FCCWETScum,PFY,Cash/Cash Equiv.,Fixed Interest,UK ,Cont. Europe,North America,Japan ,Other Pacific,Other ,,,,,,,,,UK ,Cont. Europe,North America,Japan ,Other Pacific,Other ,UK ,Cont. Europe,North America,Japan ,Other Pacific,Other ,Flags,Name,in issue,NAV Par,NAV Fair,Gross Gearing,Net Gearing,Name,in issue,NAV Par,NAV Fair,Gross Gearing,Net Gearing,Total Assets ex CYR,Unlisted Holdings,FootNote,Note,Note,Reported Currency
Biotechnology & Healthcare,Bellevue Healthcare,Ordinary Share,30/06/2022,GB00BZCNLL95,1023842358,123177992,123177992,123177992,123177992,0,0,0,0,0,123177992,150.6,0,0,0,0,586624189,566809,0,0,N/A,0,14,14,14,14,0,,,Y,,N,100,900664366,900664366,153.53,,,,,153.53,,,,,153.53,,,,,153.53,,,,,,,,,1,98,,1,,,,,,,,,,100,,,,,,100,,,,,,,,,,,,,,,,,,,1023842358,,,,,GBX
Biotechnology & Healthcare,Biotech Growth,Ordinary Share,30/06/2022,GB0000385517,382073686,20481392,20481392,20481392,20481392,0,0,0,0,0,20481392,804,0,-62739,0,0,40921729,0,0,0,No,0.88,6,5,6,5,0,,,Y,,N,100,361592294,361655033,883.77,,,,,883.62,,,,,883.77,,,,,883.62,,,,,0.29,0.88,,0.6,11.58,72.8,,14.14,,,,,,,,,,,,,,,,,,,,,,,,,,,,,,,,,,,382136425,,,,,GBX
Biotechnology & Healthcare,International Biotechnology,Ordinary Share,30/06/2022,GB0004559349,310943921,30235984,30235984,30235984,30235984,0,0,0,0,0,30235984,662,0,0,0,0,40884909,0,0,498908,No,1.31,11,9,11,9,0,,,Y,,Y,100,280707937,280707937,,,,,,686.58,,,,686.58,,,,,,686.58,,,,686.58,0.43,1.31,,8.35,11.68,75.28,,,3.38,,,,,,,,,,,,,,,,,,,,,,,,,,,,,,,,,,310943921,9.51,,,,GBX
Biotechnology & Healthcare,Polar Capital Global Healthcare,Ordinary Share,30/06/2022,GB00B6832P16,436019320,37276605,37276605,0,0,0,0,0,0,0,37276605,303,0,2047730,0,0,121270000,0,0,2879256,No,3,9,6,9,6,0,,,Y,,N,100,398742715,396694985,327.12,,,,327.12,328.81,,,,328.81,327.12,,,,327.12,328.81,,,,328.81,1.2,3,,5,32,52,8,,,,,,,,,,,5,32,52,8,,3,100,0,0,0,0,0,,,,,,,,,,,,,,433971590,,,,,GBX
Biotechnology & Healthcare,Polar Capital Global Healthcare,Polar Capital Glb Healthcare ZDP 2024,30/06/2022,GB00BDHXP963,436019320,0,0,0,0,0,0,0,0,0,0,114.5,0,0,0,0,32128437,0,0,0,No,3,0,0,0,0,0,,,Y,,N,0,37276605,37276605,116.02,,,,,116.02,,,,,116.02,,,,,116.02,,,,,,3,,5,32,52,8,,,,,,,,,,,5,32,52,8,,3,100,0,0,0,0,0,,,,,,,,,,,,,,433971590,,,,,GBX
Biotechnology & Healthcare,RTW Venture,Ordinary Share,30/06/2022,GG00BKTRRM22,,,,,,,,,,,,,,,,,,,,,,,,,,,,,,,,,,,,,,,,,,,,,,,,,,,,,,,,,,,,,,,,,,,,,,,,,,,,,,,,,,,,,,,,,,,,,,,,,,,,,,,
Biotechnology & Healthcare,Worldwide Healthcare,Ordinary Share,30/06/2022,GB0003385308,2310736454,95741914,95741914,95741914,95741914,0,0,0,0,0,95741914,3135,0,2619402,0,0,65233404,0,0,0,Yes,1.56,4,3,4,3,0,,,Y,,N,100,2214994540,2212375138,3391.48,,,,,3395.49,,,,,3391.48,,,,,3395.49,,,,,1.01,1.56,,6.33,10.2,66.59,2.48,12.84,,,,,,,,,,,,,,,,,,,,,,,,,,,,,,,,,,,2308117052,,,,,GBX
Category,Name,Type,Date,ISIN,Total Assets incl CYR,PC Total Par,PC Total Fair,PC Debt Par,PC Debt Fair,TotLongCashOffset,TotShortCashOffset,PC Equity,Convertibles Par,Convertibles Fair,PC Gearing,MonthEnd Price,Price for TS dilution,CurrYrRev(CYR),Rev Res (splits only),Rev Allocation % (splits only),Number,Issued,Purch,Treasury,below NAV,Cash/CashEquiv,GrossGearing,NetGearing,GrossGearingFairCum,NetGearingFairCum,NetCash,From,To,NoRange,GearingNote,Loss,CYR allocation %,SHF per share inc CYR,SHF per share exc CYR,PCNCWNE,PCNCWE,PCCWNE,PCCWE,PCCWETS,PCNCWNEcum,PCNCWEcum,PCCWNEcum,PCCWEcum,PCCWETScum,FCNCWNE,FCNCWE,FCCWNE,FCCWE,FCCWETS,FCNCWNEcum,FCNCWEcum,FCCWNEcum,FCCWEcum,FCCWETScum,PFY,Cash/Cash Equiv.,Fixed Interest,Hong Kong,Singa pore,Korea ,Taiwan ,China ,Other ,,,,,,,,,Hong Kong,Singa pore,Korea ,Taiwan ,China ,Other ,Hong Kong,Singa pore,Korea ,Taiwan ,China ,Other ,Flags,Name,in issue,NAV Par,NAV Fair,Gross Gearing,Net Gearing,Name,in issue,NAV Par,NAV Fair,Gross Gearing,Net Gearing,Total Assets ex CYR,Unlisted Holdings,FootNote,Note,Note,Reported Currency
China / Greater China,abrdn China,Ordinary Share,30/06/2022,GG00B45L2K95,336831734,0,0,0,0,0,0,0,0,0,0,630,0,1042993,0,0,46276878,0,60699,15896069,No,2,0,0,0,0,0,,,Y,,N,100,336831734,335788741,725.61,,,,725.61,727.86,,,,727.86,725.61,,,,725.61,727.86,,,,727.86,3.5,2,,,,,,98,,,,,,,,,,,,,,,,,,,,,,,,,,,,,,,,,,,335788741,,,,"60,699 Shares bought back to be held in Treasury
",GBX
China / Greater China,Baillie Gifford China Growth,Ordinary Share,30/06/2022,GB0003656021,219595448,6175635,6175635,6175635,6175635,0,0,0,0,0,6175635,329.5,0,1015868,0,0,62012982,0,0,6335169,No,1,3,2,3,2,0,0,5,N,,N,100,213419813,212403945,342.52,,,,342.52,344.15,,,,344.15,342.52,,,,342.52,344.15,,,,344.15,0.7,1,,,,,,99,,,,,,,,,,,,,,,,,,,,,,,,,,,,,,,,,,,218579580,5.32,,,,GBX
China / Greater China,Fidelity China Special Situations,Ordinary Share,30/06/2022,GB00B62Z3C74,1845230310,364789230,365135662,364789230,365135662,275562630,7359853,0,0,0,364789230,282.5,0,-34389884,0,0,513445959,0,0,57608521,No,0.42,25,24,25,24,0,,,Y,,N,100,1480441080,1514830964,295.03,,,,295.03,288.33,,,,288.33,294.96,,,,294.96,288.27,,,,288.27,,0.42,,12.56,,,1.24,42.73,43.05,,,,,,,,,,,,,,,,,,,,,z,,,,,,,,,,,,,1879620194,13.23,,,,GBX
China / Greater China,JPMorgan China Growth & Income,Ordinary Share,30/06/2022,GB0003435012,428200189,64220322,64220322,64220322,64220322,0,0,0,0,0,64220322,432,0,6354612,0,0,83202465,0,0,0,No,0.4,18,17,18,17,0,0,20,N,,N,100,363979867,357625255,429.83,,,,,437.46,,,,,429.83,,,,,437.46,,,,,0.46,0.4,,,,,,99.6,,,,,,,,,,,,,,,,,,,,,,,,,,,,,,,,,,,421845577,,,,,GBX
Category,Name,Type,Date,ISIN,Total Assets incl CYR,PC Total Par,PC Total Fair,PC Debt Par,PC Debt Fair,TotLongCashOffset,TotShortCashOffset,PC Equity,Convertibles Par,Convertibles Fair,PC Gearing,MonthEnd Price,Price for TS dilution,CurrYrRev(CYR),Rev Res (splits only),Rev Allocation % (splits only),Number,Issued,Purch,Treasury,below NAV,Cash/CashEquiv,GrossGearing,NetGearing,GrossGearingFairCum,NetGearingFairCum,NetCash,From,To,NoRange,GearingNote,Loss,CYR allocation %,SHF per share inc CYR,SHF per share exc CYR,PCNCWNE,PCNCWE,PCCWNE,PCCWE,PCCWETS,PCNCWNEcum,PCNCWEcum,PCCWNEcum,PCCWEcum,PCCWETScum,FCNCWNE,FCNCWE,FCCWNE,FCCWE,FCCWETS,FCNCWNEcum,FCNCWEcum,FCCWNEcum,FCCWEcum,FCCWETScum,PFY,Cash/Cash Equiv.,Fixed Interest,UK ,Cont. Europe,North America,Japan ,Other Pacific,Other ,,,,,,,,,UK ,Cont. Europe,North America,Japan ,Other Pacific,Other ,UK ,Cont. Europe,North America,Japan ,Other Pacific,Other ,Flags,Name,in issue,NAV Par,NAV Fair,Gross Gearing,Net Gearing,Name,in issue,NAV Par,NAV Fair,Gross Gearing,Net Gearing,Total Assets ex CYR,Unlisted Holdings,FootNote,Note,Note,Reported Currency
Commodities & Natural Resources,Baker Steel Resources,Ordinary Share,30/06/2022,GG00B6686L20,,,,,,,,,,,,,,,,,,,,,,,,,,,,,,,,,,,,,,,,,,,,,,,,,,,,,,,,,,,,,,,,,,,,,,,,,,,,,,,,,,,,,,,,,,,,,,,,,,,,,,,GBX
Commodities & Natural Resources,BlackRock Energy and Resources Income,Ordinary Share,30/06/2022,GB00B0N8MF98,158916180,1648102,1648102,1648102,1648102,0,0,0,0,0,1648102,107,0,668543,0,0,134356194,4815803,0,0,No,1.41,1,0,1,0,0,0,20,N,,N,100,157268078,156599535,116.56,,,,,117.05,,,,,116.56,,,,,117.05,,,,,4.01,1.41,2.14,10.82,18.86,46.76,,9.26,10.75,,,,,,,,,,,,,,,,,,,,,,,,,,,,,,,,,,158247637,0,,,"During the month there were the following share issuances: 6/6 400,000 shs vs 144.50p, 7/6 500,000 shs vs 143.79p, 9/6 300,000 shs vs 144.50p, 10/6 150,000 shs vs 139.59p, 14/6 350,000 shs vs 136.72p, 15/6 425,000 shs vs 135.50p, 17/6 1,940,803 shs vs 130.00p and 20/6 750,000 shs vs 123.07p, for a total consideration of 6,440,298.90 GBP.
",GBX
Commodities & Natural Resources,BlackRock World Mining,Ordinary Share,30/06/2022,GB0005774855,1276631110,177272840,177272840,177272840,177272840,0,0,0,0,0,177272840,573,0,27019150,0,0,187968036,100000,0,5043806,No,3.49,16,12,16,12,0,0,25,N,,N,100,1099358270,1072339120,570.49,,,,570.49,584.86,,,,584.86,570.49,,,,570.49,584.86,,,,584.86,5.18,3.49,3.48,40.27,4.94,20.92,,16.7,10.2,,,,,,,,,,,,,,,,,,,,,,,,,,,,,,,,,,1249611960,1.62,,,"During the period the fund had the following share issuance: 14/06 100,000 shs vs 680.00p per share for a total consideration of 680,000 GBP.
",GBX
Commodities & Natural Resources,CQS Natural Resources Growth & Income,Ordinary Share,30/06/2022,GB0000353929,152127043,17000000,17000000,17000000,17000000,0,0,0,0,0,17000000,175,0,920742,0,0,66888509,0,0,0,N/A,3.77,13,8,13,8,0,0,25,N,,N,100,135127043,134206301,200.64,,,,,202.02,,,,,200.64,,,,,202.02,,,,,,3.77,1.23,9.04,9.41,53.28,,23.27,,,,,,,,,,,,,,,,,,,,,,/,,,,,,,,,,,,,151206301,,,Loan valued at Par,,GBX
Commodities & Natural Resources,Geiger Counter,Ordinary Share,30/06/2022,GB00B15FW330,64381978,8860128,8860128,8860128,8860128,0,0,0,0,0,8860128,39.75,0,-157851,0,0,136809153,2956000,0,0,N/A,0,16,16,16,16,0,,,Y,,N,100,55521850,55679701,40.7,,,,,40.58,,,,,40.7,,,,,40.58,,,,,,,,1.04,2.19,80.07,,13.73,2.97,,,,,,,,,,,,,,,,,,,,,,,,,,,,,,,,,,64539829,,,,,GBX
Commodities & Natural Resources,Riverstone Energy,Ordinary Share,30/06/2022,GG00BBHXCL35,,,,,,,,,,,,,,,,,,,,,,,,,,,,,,,,,,,,,,,,,,,,,,,,,,,,,,,,,,,,,,,,,,,,,,,,,,,,,,,,,,,,,,,,,,,,,,,,,,,,,,,GBX
Category,Name,Type,Date,ISIN,Total Assets incl CYR,PC Total Par,PC Total Fair,PC Debt Par,PC Debt Fair,TotLongCashOffset,TotShortCashOffset,PC Equity,Convertibles Par,Convertibles Fair,PC Gearing,MonthEnd Price,Price for TS dilution,CurrYrRev(CYR),Rev Res (splits only),Rev Allocation % (splits only),Number,Issued,Purch,Treasury,below NAV,Cash/CashEquiv,GrossGearing,NetGearing,GrossGearingFairCum,NetGearingFairCum,NetCash,From,To,NoRange,GearingNote,Loss,CYR allocation %,SHF per share inc CYR,SHF per share exc CYR,PCNCWNE,PCNCWE,PCCWNE,PCCWE,PCCWETS,PCNCWNEcum,PCNCWEcum,PCCWNEcum,PCCWEcum,PCCWETScum,FCNCWNE,FCNCWE,FCCWNE,FCCWE,FCCWETS,FCNCWNEcum,FCNCWEcum,FCCWNEcum,FCCWEcum,FCCWETScum,PFY,Cash/Cash Equiv.,Fixed Interest,UK ,Cont. Europe,North America,Japan ,Other Pacific,Other ,,,,,,,,,UK ,Cont. Europe,North America,Japan ,Other Pacific,Other ,UK ,Cont. Europe,North America,Japan ,Other Pacific,Other ,Flags,Name,in issue,NAV Par,NAV Fair,Gross Gearing,Net Gearing,Name,in issue,NAV Par,NAV Fair,Gross Gearing,Net Gearing,Total Assets ex CYR,Unlisted Holdings,FootNote,Note,Note,Reported Currency
Country Specialist,JPMorgan Russian Securities,Ordinary Share,30/06/2022,GB0032164732,18100642,0,0,0,0,0,0,0,0,0,0,66.9,0,70482,0,0,40436176,0,0,0,N/A,93.57,0,0,0,0,0,0,15,N,,N,100,18100642,18030160,44.59,,,,,44.76,,,,,44.59,,,,,44.76,,,,,52.73,93.57,,,,,,,6.43,,,,,,,,,,,,,,,,,,,,,,,,,,,,,,,,,,18030160,,,,,GBX
Country Specialist,Vietnam Enterprise Investments,Ordinary Share,30/06/2022,,,,,,,,,,,,,,,,,,,,,,,,,,,,,,,,,,,,,,,,,,,,,,,,,,,,,,,,,,,,,,,,,,,,,,,,,,,,,,,,,,,,,,,,,,,,,,,,,,,,,,,,GBP
Country Specialist,VietNam Holding,Ordinary Share,30/06/2022,GG00BJQZ9H10,,,,,,,,,,,,,,,,,,,,,,,,,,,,,,,,,,,,,,,,,,,,,,,,,,,,,,,,,,,,,,,,,,,,,,,,,,,,,,,,,,,,,,,,,,,,,,,,,,,,,,,
Country Specialist,VinaCapital Vietnam Opportunity,Ordinary Share,30/06/2022,GG00BYXVT888,,,,,,,,,,,,,,,,,,,,,,,,,,,,,,,,,,,,,,,,,,,,,,,,,,,,,,,,,,,,,,,,,,,,,,,,,,,,,,,,,,,,,,,,,,,,,,,,,,,,,,,GBX
Country Specialist,Weiss Korea Opportunity,Ordinary Share,30/06/2022,GG00B933LL68,,,,,,,,,,,,,,,,,,,,,,,,,,,,,,,,,,,,,,,,,,,,,,,,,,,,,,,,,,,,,,,,,,,,,,,,,,,,,,,,,,,,,,,,,,,,,,,,,,,,,,,GBX
Category,Name,Type,Date,ISIN,Total Assets incl CYR,PC Total Par,PC Total Fair,PC Debt Par,PC Debt Fair,TotLongCashOffset,TotShortCashOffset,PC Equity,Convertibles Par,Convertibles Fair,PC Gearing,MonthEnd Price,Price for TS dilution,CurrYrRev(CYR),Rev Res (splits only),Rev Allocation % (splits only),Number,Issued,Purch,Treasury,below NAV,Cash/CashEquiv,GrossGearing,NetGearing,GrossGearingFairCum,NetGearingFairCum,NetCash,From,To,NoRange,GearingNote,Loss,CYR allocation %,SHF per share inc CYR,SHF per share exc CYR,PCNCWNE,PCNCWE,PCCWNE,PCCWE,PCCWETS,PCNCWNEcum,PCNCWEcum,PCCWNEcum,PCCWEcum,PCCWETScum,FCNCWNE,FCNCWE,FCCWNE,FCCWE,FCCWETS,FCNCWNEcum,FCNCWEcum,FCCWNEcum,FCCWEcum,FCCWETScum,PFY,Cash/Cash Equiv.,Fixed Interest,UK ,Cont. Europe,North America,Japan ,Other Pacific,Other ,,,,,,,,,UK ,Cont. Europe,North America,Japan ,Other Pacific,Other ,UK ,Cont. Europe,North America,Japan ,Other Pacific,Other ,Flags,Name,in issue,NAV Par,NAV Fair,Gross Gearing,Net Gearing,Name,in issue,NAV Par,NAV Fair,Gross Gearing,Net Gearing,Total Assets ex CYR,Unlisted Holdings,FootNote,Note,Note,Reported Currency
Debt - Direct Lending,BioPharma Credit,Ordinary Share,30/06/2022,GB00BDGKMY29,,,,,,,,,,,,,,,,,,,,,,,,,,,,,,,,,,,,,,,,,,,,,,,,,,,,,,,,,,,,,,,,,,,,,,,,,,,,,,,,,,,,,,,,,,,,,,,,,,,,,,,USD
Debt - Direct Lending,GCP Asset Backed Income,Ordinary Share,30/06/2022,JE00BYXX8B08,,,,,,,,,,,,,,,,,,,,,,,,,,,,,,,,,,,,,,,,,,,,,,,,,,,,,,,,,,,,,,,,,,,,,,,,,,,,,,,,,,,,,,,,,,,,,,,,,,,,,,,GBP
Debt - Direct Lending,Honeycomb,Ordinary Share,30/06/2022,GB00BYZV3G25,,,,,,,,,,,,,,,,,,,,,,,,,,,,,,,,,,,,,,,,,,,,,,,,,,,,,,,,,,,,,,,,,,,,,,,,,,,,,,,,,,,,,,,,,,,,,,,,,,,,,,,GBX
Debt - Direct Lending,Riverstone Credit Opportunities Income,Ordinary Share,30/06/2022,GB00BJHPS390,,,,,,,,,,,,,,,,,,,,,,,,,,,,,,,,,,,,,,,,,,,,,,,,,,,,,,,,,,,,,,,,,,,,,,,,,,,,,,,,,,,,,,,,,,,,,,,,,,,,,,,USD
Debt - Direct Lending,RM Infrastructure Income,Ordinary Share,30/06/2022,GB00BYMTBG55,,,,,,,,,,,,,,,,,,,,,,,,,,,,,,,,,,,,,,,,,,,,,,,,,,,,,,,,,,,,,,,,,,,,,,,,,,,,,,,,,,,,,,,,,,,,,,,,,,,,,,,GBX
Debt - Direct Lending,SME Credit Realisation,Ordinary Share,30/06/2022,GG00BNDB1G36,,,,,,,,,,,,,,,,,,,,,,,,,,,,,,,,,,,,,,,,,,,,,,,,,,,,,,,,,,,,,,,,,,,,,,,,,,,,,,,,,,,,,,,,,,,,,,,,,,,,,,,GBX
Debt - Direct Lending,VPC Specialty Lending Investments,Ordinary Share,30/06/2022,GB00BVG6X439,,,,,,,,,,,,,,,,,,,,,,,,,,,,,,,,,,,,,,,,,,,,,,,,,,,,,,,,,,,,,,,,,,,,,,,,,,,,,,,,,,,,,,,,,,,,,,,,,,,,,,,GBP
Category,Name,Type,Date,ISIN,Total Assets incl CYR,PC Total Par,PC Total Fair,PC Debt Par,PC Debt Fair,TotLongCashOffset,TotShortCashOffset,PC Equity,Convertibles Par,Convertibles Fair,PC Gearing,MonthEnd Price,Price for TS dilution,CurrYrRev(CYR),Rev Res (splits only),Rev Allocation % (splits only),Number,Issued,Purch,Treasury,below NAV,Cash/CashEquiv,GrossGearing,NetGearing,GrossGearingFairCum,NetGearingFairCum,NetCash,From,To,NoRange,GearingNote,Loss,CYR allocation %,SHF per share inc CYR,SHF per share exc CYR,PCNCWNE,PCNCWE,PCCWNE,PCCWE,PCCWETS,PCNCWNEcum,PCNCWEcum,PCCWNEcum,PCCWEcum,PCCWETScum,FCNCWNE,FCNCWE,FCCWNE,FCCWE,FCCWETS,FCNCWNEcum,FCNCWEcum,FCCWNEcum,FCCWEcum,FCCWETScum,PFY,Cash/Cash Equiv.,Fixed Interest,UK Equities,Cont. Europe,North America,Japan ,Other Pacific,Other ,,,,,,,,,UK Equities,Cont. Europe,North America,Japan ,Other Pacific,Other ,UK Equities,Cont. Europe,North America,Japan ,Other Pacific,Other ,Flags,Name,in issue,NAV Par,NAV Fair,Gross Gearing,Net Gearing,Name,in issue,NAV Par,NAV Fair,Gross Gearing,Net Gearing,Total Assets ex CYR,Unlisted Holdings,FootNote,Note,Note,Reported Currency
Debt - Loans & Bonds,Axiom European Financial Debt,Ordinary Share,30/06/2022,GG00BTC2K735,,,,,,,,,,,,,,,,,,,,,,,,,,,,,,,,,,,,,,,,,,,,,,,,,,,,,,,,,,,,,,,,,,,,,,,,,,,,,,,,,,,,,,,,,,,,,,,,,,,,,,,GBP
Debt - Loans & Bonds,CQS New City High Yield,Ordinary Share,30/06/2022,JE00B1LZS514,267989366,33000000,33000000,33000000,33000000,0,0,0,0,0,33000000,51.2,0,4766519,0,0,476651858,3700000,0,0,N/A,1.2,14,13,14,13,0,0,25,N,,N,100,234989366,230222847,48.3,,,,,49.3,,,,,48.3,,,,,49.3,,,,,8.12,1.2,80.7,14.7,2.5,0.9,,,,,,,,,,,,,,,,,,,,,,,,,,,,,,,,,,,,,263222847,,,Fair value equates to par,"600,000 new shares issued on 31 May 2022 at 53.8 p per share
600,000 new shares issued on 13 June 2022 at 54.0p per share
1,500,000 new shares issued on 17 June 2022 at 53.6p per share
1,000,000 new shares issued on 20 June 2022 at 53.8p per share


",GBX
Debt - Loans & Bonds,CVC Income & Growth,Ordinary Share,30/06/2022,JE00B9MRHZ51,,,,,,,,,,,,,,,,,,,,,,,,,,,,,,,,,,,,,,,,,,,,,,,,,,,,,,,,,,,,,,,,,,,,,,,,,,,,,,,,,,,,,,,,,,,,,,,,,,,,,,,GBX
Debt - Loans & Bonds,CVC Income & Growth,Ordinary Share,30/06/2022,JE00B9G79F59,,,,,,,,,,,,,,,,,,,,,,,,,,,,,,,,,,,,,,,,,,,,,,,,,,,,,,,,,,,,,,,,,,,,,,,,,,,,,,,,,,,,,,,,,,,,,,,,,,,,,,,GBX
Debt - Loans & Bonds,Henderson Diversified Income,Ordinary Share,30/06/2022,GB00BF03YC36,160245000,25575256,25575256,25575256,25575256,0,0,0,0,0,25575256,66,0,1987000,0,0,185594219,0,965000,1840084,N/A,5.71,19,12,19,12,0,,,Y,,N,100,134669744,132682744,71.49,,,,71.44,72.56,,,,72.5,71.49,,,,71.44,72.56,,,,72.5,5.89,5.71,90.62,3.67,,,,,,,,,,,,,,,,,,,,,,,,,,/,,,,,,,,,,,,,158258000,,"The company also holds 20,855,219 GBP in credit default swaps",,"During the month the company bought back 965,000 shares into treasury at a cost of 662,000GBP.",GBX
Debt - Loans & Bonds,Invesco Bond Income Plus,Ordinary Share,30/06/2022,JE00B6RMDP68,333469708,54106779,54106779,54106779,54106779,0,0,0,0,0,54106779,157.5,0,5543789,0,0,168577596,0,0,0,No,1.63,19,17,19,17,0,0,30,N,,N,100,279362929,273819140,162.43,,,,,165.72,,,,,162.43,,,,,165.72,,,,,6.75,1.63,97.29,1.08,,,,,,,,,,,,,,84.02,20.5,-5.16,0.48,,0.16,84.19,20.28,-5.1,0.47,,0.16,,,,,,,,,,,,,,327925919,,,,,GBX
Debt - Loans & Bonds,M&G Credit Income,Ordinary Share,30/06/2022,GB00BFYYL325,,,,,,,,,,,,,,,,,,,,,,,,,,,,,,,,,,,,,,,,,,,,,,,,,,,,,,,,,,,,,,,,,,,,,,,,,,,,,,,,,,,,,,,,,,,,,,,,,,,,,,,GBX
Debt - Loans & Bonds,NB Distressed Debt,Ordinary Share,30/06/2022,GG00BDFZ6F78,,,,,,,,,,,,,,,,,,,,,,,,,,,,,,,,,,,,,,,,,,,,,,,,,,,,,,,,,,,,,,,,,,,,,,,,,,,,,,,,,,,,,,,,,,,,,,,,,,,,,,,GBX
Debt - Loans & Bonds,NB Distressed Debt Extended Life shares,Ordinary Share,30/06/2022,GG00BMY71631,,,,,,,,,,,,,,,,,,,,,,,,,,,,,,,,,,,,,,,,,,,,,,,,,,,,,,,,,,,,,,,,,,,,,,,,,,,,,,,,,,,,,,,,,,,,,,,,,,,,,,,GBX
Debt - Loans & Bonds,NB Distressed Debt New Global shares,Ordinary Share,30/06/2022,GG00BMY71748,,,,,,,,,,,,,,,,,,,,,,,,,,,,,,,,,,,,,,,,,,,,,,,,,,,,,,,,,,,,,,,,,,,,,,,,,,,,,,,,,,,,,,,,,,,,,,,,,,,,,,,GBX
Debt - Loans & Bonds,NB Global Monthly Income,Ordinary Share,30/06/2022,GG00B3KX4Q34,,,,,,,,,,,,,,,,,,,,,,,,,,,,,,,,,,,,,,,,,,,,,,,,,,,,,,,,,,,,,,,,,,,,,,,,,,,,,,,,,,,,,,,,,,,,,,,,,,,,,,,GBX
Debt - Loans & Bonds,TwentyFour Select Monthly Income,Ordinary Share,30/06/2022,GG00BJVDZ946,,,,,,,,,,,,,,,,,,,,,,,,,,,,,,,,,,,,,,,,,,,,,,,,,,,,,,,,,,,,,,,,,,,,,,,,,,,,,,,,,,,,,,,,,,,,,,,,,,,,,,,GBX
Category,Name,Type,Date,ISIN,Total Assets incl CYR,PC Total Par,PC Total Fair,PC Debt Par,PC Debt Fair,TotLongCashOffset,TotShortCashOffset,PC Equity,Convertibles Par,Convertibles Fair,PC Gearing,MonthEnd Price,Price for TS dilution,CurrYrRev(CYR),Rev Res (splits only),Rev Allocation % (splits only),Number,Issued,Purch,Treasury,below NAV,Cash/CashEquiv,GrossGearing,NetGearing,GrossGearingFairCum,NetGearingFairCum,NetCash,From,To,NoRange,GearingNote,Loss,CYR allocation %,SHF per share inc CYR,SHF per share exc CYR,PCNCWNE,PCNCWE,PCCWNE,PCCWE,PCCWETS,PCNCWNEcum,PCNCWEcum,PCCWNEcum,PCCWEcum,PCCWETScum,FCNCWNE,FCNCWE,FCCWNE,FCCWE,FCCWETS,FCNCWNEcum,FCNCWEcum,FCCWNEcum,FCCWEcum,FCCWETScum,PFY,Cash/Cash Equiv.,Fixed Interest,UK ,Cont. Europe,North America,Japan ,Other Pacific,Other ,,,,,,,,,UK ,Cont. Europe,North America,Japan ,Other Pacific,Other ,UK ,Cont. Europe,North America,Japan ,Other Pacific,Other ,Flags,Name,in issue,NAV Par,NAV Fair,Gross Gearing,Net Gearing,Name,in issue,NAV Par,NAV Fair,Gross Gearing,Net Gearing,Total Assets ex CYR,Unlisted Holdings,FootNote,Note,Note,Reported Currency
Debt - Structured Finance,Blackstone Loan Financing,Ordinary Share,30/06/2022,JE00BNCB5T53,,,,,,,,,,,,,,,,,,,,,,,,,,,,,,,,,,,,,,,,,,,,,,,,,,,,,,,,,,,,,,,,,,,,,,,,,,,,,,,,,,,,,,,,,,,,,,,,,,,,,,,GBX
Debt - Structured Finance,Chenavari Toro Income,Ordinary Share,30/06/2022,GG00BWBSDM98,,,,,,,,,,,,,,,,,,,,,,,,,,,,,,,,,,,,,,,,,,,,,,,,,,,,,,,,,,,,,,,,,,,,,,,,,,,,,,,,,,,,,,,,,,,,,,,,,,,,,,,GBP
Debt - Structured Finance,EJF Investments,Ordinary Share,30/06/2022,JE00BF0D1M25,,,,,,,,,,,,,,,,,,,,,,,,,,,,,,,,,,,,,,,,,,,,,,,,,,,,,,,,,,,,,,,,,,,,,,,,,,,,,,,,,,,,,,,,,,,,,,,,,,,,,,,GBP
Debt - Structured Finance,EJF Investments,EJF Investments ZDP 2022,30/06/2022,JE00BDG12N48,,,,,,,,,,,,,,,,,,,,,,,,,,,,,,,,,,,,,,,,,,,,,,,,,,,,,,,,,,,,,,,,,,,,,,,,,,,,,,,,,,,,,,,,,,,,,,,,,,,,,,,GBP
Debt - Structured Finance,EJF Investments,EJF Investments ZDP 2025,30/06/2022,JE00BK1WV903,,,,,,,,,,,,,,,,,,,,,,,,,,,,,,,,,,,,,,,,,,,,,,,,,,,,,,,,,,,,,,,,,,,,,,,,,,,,,,,,,,,,,,,,,,,,,,,,,,,,,,,GBP
Debt - Structured Finance,Fair Oaks Income 2021,Ordinary Share,30/06/2022,GG00BNNLWT35,,,,,,,,,,,,,,,,,,,,,,,,,,,,,,,,,,,,,,,,,,,,,,,,,,,,,,,,,,,,,,,,,,,,,,,,,,,,,,,,,,,,,,,,,,,,,,,,,,,,,,,USD
Debt - Structured Finance,Marble Point Loan Financing,Ordinary Share,30/06/2022,GG00BF1Q4G54,,,,,,,,,,,,,,,,,,,,,,,,,,,,,,,,,,,,,,,,,,,,,,,,,,,,,,,,,,,,,,,,,,,,,,,,,,,,,,,,,,,,,,,,,,,,,,,,,,,,,,,
Debt - Structured Finance,TwentyFour Income,Ordinary Share,30/06/2022,GG00B90J5Z95,,,,,,,,,,,,,,,,,,,,,,,,,,,,,,,,,,,,,,,,,,,,,,,,,,,,,,,,,,,,,,,,,,,,,,,,,,,,,,,,,,,,,,,,,,,,,,,,,,,,,,,GBX
Debt - Structured Finance,Volta Finance,Ordinary Share,30/06/2022,GG00B1GHHH78,,,,,,,,,,,,,,,,,,,,,,,,,,,,,,,,,,,,,,,,,,,,,,,,,,,,,,,,,,,,,,,,,,,,,,,,,,,,,,,,,,,,,,,,,,,,,,,,,,,,,,,EUR
Category,Name,Type,Date,ISIN,Total Assets incl CYR,PC Total Par,PC Total Fair,PC Debt Par,PC Debt Fair,TotLongCashOffset,TotShortCashOffset,PC Equity,Convertibles Par,Convertibles Fair,PC Gearing,MonthEnd Price,Price for TS dilution,CurrYrRev(CYR),Rev Res (splits only),Rev Allocation % (splits only),Number,Issued,Purch,Treasury,below NAV,Cash/CashEquiv,GrossGearing,NetGearing,GrossGearingFairCum,NetGearingFairCum,NetCash,From,To,NoRange,GearingNote,Loss,CYR allocation %,SHF per share inc CYR,SHF per share exc CYR,PCNCWNE,PCNCWE,PCCWNE,PCCWE,PCCWETS,PCNCWNEcum,PCNCWEcum,PCCWNEcum,PCCWEcum,PCCWETScum,FCNCWNE,FCNCWE,FCCWNE,FCCWE,FCCWETS,FCNCWNEcum,FCNCWEcum,FCCWNEcum,FCCWEcum,FCCWETScum,PFY,Cash/Cash Equiv.,Fixed Interest,UK ,Cont. Europe,North America,Japan ,Other Pacific,Other ,,,,,,,,,UK ,Cont. Europe,North America,Japan ,Other Pacific,Other ,UK ,Cont. Europe,North America,Japan ,Other Pacific,Other ,Flags,Name,in issue,NAV Par,NAV Fair,Gross Gearing,Net Gearing,Name,in issue,NAV Par,NAV Fair,Gross Gearing,Net Gearing,Total Assets ex CYR,Unlisted Holdings,FootNote,Note,Note,Reported Currency
Environmental,Impax Environmental Markets,Ordinary Share,30/06/2022,GB0031232498,1300988393,51801067,51801067,51801067,51801067,0,0,0,0,0,51801067,400,0,7462826,0,0,304042039,0,1321500,0,No,1,4,3,4,3,0,0,20,N,,N,100,1249187326,1241724500,408.41,,,,,410.86,,,,,408.41,,,,,410.86,,,,,,1,,8,25,53,,11,2,,,,,,,,,100,,,,,,100,,,,,,,,,,,,,,,,,,,1293525567,,,,,GBX
Environmental,Jupiter Green,Ordinary Share,30/06/2022,GB00B120GL77,51881325,3000000,3000000,3000000,3000000,0,0,0,0,0,3000000,199,0,94946,0,0,21373894,0,61987,12351064,No,12.16,6,0,6,0,7,,,Y,,N,100,48881325,48786379,228.25,,,,228.25,228.7,,,,228.7,228.25,,,,228.25,228.7,,,,228.7,1.53,12.16,,5.74,38.13,33.64,7.78,2.55,,,,,,,,,,,,,,,,,,,,,,,,,,,,,,,,,,,51786379,,,,61987 shares were repurchased for treasury at a price of 197.10pps,GBX
Environmental,Menhaden Resource Efficiency,Ordinary Share,30/06/2022,GB00BZ0XWD04,107191476,0,0,0,0,0,0,0,0,0,0,99.25,0,453448,0,0,80000001,0,0,0,N/A,6.18,0,0,0,0,0,,,Y,,N,100,107191476,106738028,133.42,,,,,133.99,,,,,133.42,,,,,133.99,,,,,0.99,6.18,,7.02,23.11,63.69,,,,,,,,,,,,,,,,,,69.15,4.98,25.87,,,,,,,,,,,,,,,,,106738028,,,,,GBX
Category,Name,Type,Date,ISIN,Total Assets incl CYR,PC Total Par,PC Total Fair,PC Debt Par,PC Debt Fair,TotLongCashOffset,TotShortCashOffset,PC Equity,Convertibles Par,Convertibles Fair,PC Gearing,MonthEnd Price,Price for TS dilution,CurrYrRev(CYR),Rev Res (splits only),Rev Allocation % (splits only),Number,Issued,Purch,Treasury,below NAV,Cash/CashEquiv,GrossGearing,NetGearing,GrossGearingFairCum,NetGearingFairCum,NetCash,From,To,NoRange,GearingNote,Loss,CYR allocation %,SHF per share inc CYR,SHF per share exc CYR,PCNCWNE,PCNCWE,PCCWNE,PCCWE,PCCWETS,PCNCWNEcum,PCNCWEcum,PCCWNEcum,PCCWEcum,PCCWETScum,FCNCWNE,FCNCWE,FCCWNE,FCCWE,FCCWETS,FCNCWNEcum,FCNCWEcum,FCCWNEcum,FCCWEcum,FCCWETScum,PFY,Cash/Cash Equiv.,Fixed Interest,UK ,France ,Germany ,Nether lands,Switzer land,Other ,,,,,,,,,UK ,France ,Germany ,Nether lands,Switzer land,Other ,UK ,France ,Germany ,Nether lands,Switzer land,Other ,Flags,Name,in issue,NAV Par,NAV Fair,Gross Gearing,Net Gearing,Name,in issue,NAV Par,NAV Fair,Gross Gearing,Net Gearing,Total Assets ex CYR,Unlisted Holdings,FootNote,Note,Note,Reported Currency
Europe,Baillie Gifford European Growth,Ordinary Share,30/06/2022,GB00BMC7T380,376898576,51650670,34775024,51650670,34775024,0,0,0,0,0,51650670,79.4,0,2661201,0,0,358924046,0,0,0,N/A,2,16,14,10,8,0,0,25,N,,N,100,325247906,322586705,89.88,,,,,90.62,,,,,94.58,,,,,95.32,,,,,0.9,2,,,11,14,22,7,44,,,,,,,,,,,,,,,,,,,,,,,,,,,,,,,,,,374237375,9.28,,"The fair value of long term borrowings is calculated weekly, using methodologies consistent with the International Private Equity and Venture Capital Valuation  (IPEV) Guidelines",,GBX
Europe,BlackRock Greater Europe,Ordinary Share,30/06/2022,GB00B01RDH75,471386408,161536,161536,161536,161536,0,0,0,0,0,161536,428.5,0,5237404,0,0,102300411,0,0,15628527,No,1.73,0,0,0,0,2,0,15,N,,N,100,471224872,465987468,455.51,,,,455.51,460.63,,,,460.63,455.51,,,,455.51,460.63,,,,460.63,1.92,1.73,,7.04,13.46,1.25,16.09,17.61,42.82,,,,,,,,,,,,,,,,,,,,,,,,,,,,,,,,,,466149004,0,,,,GBX
Europe,European Opportunities,Ordinary Share,30/06/2022,GB0000197722,898135738,85000000,85000000,85000000,85000000,0,0,0,0,0,85000000,660,0,5822003,0,0,102216840,0,367000,10658491,N/A,0.42,10,10,10,10,0,0,25,N,,N,100,813135738,807313735,789.81,,,,777.55,795.5,,,,782.71,789.81,,,,777.55,795.5,,,,782.71,2.08,0.42,,21.21,25.72,17.57,0.89,2.2,31.99,,,,,,,,,,,,,,,,,,,,,,,,,,,,,,,,,,892313735,,,,,GBX
Europe,Fidelity European,Ordinary Share,30/06/2022,GB00BK1PKQ95,1452523677,171766231,171766231,171766231,171766231,171766231,0,0,0,0,171766231,282,0,29019943,0,0,411016049,0,0,5431861,No,2.24,13,11,13,11,0,0,30,N,,N,100,1280757446,1251737503,304.55,,,,304.55,311.61,,,,311.61,304.55,,,,304.55,311.61,,,,311.61,,2.24,,3.36,26.87,13.68,5.6,27.02,21.23,,,,,,,,,,,,,,,,,,,,,,,,,,,,,,,,,,1423503734,,,,,GBX
Europe,Henderson European Focus,Ordinary Share,30/06/2022,GB00BLSNGB01,357956782,33724884,33724884,33724884,33724884,0,0,0,0,0,33724884,130,0,6425855,0,0,213565480,0,0,2824430,No,1.93,10,8,10,8,0,0,20,N,,N,100,324231898,317806043,148.81,,,,148.81,151.82,,,,151.82,148.81,,,,148.81,151.82,,,,151.82,3.97,1.93,,2.05,24.28,15.44,15.48,10.8,30.02,,,,,,,,,,,,,,,,,,,,,,,,,,,,,,,,,,351530927,,,,,GBX
Europe,Henderson EuroTrust,Ordinary Share,30/06/2022,GB00BP6QR382,291747639,8627160,8627160,8627160,8627160,0,0,0,0,0,8627160,113,0,5990186,0,0,211855410,0,0,200000,No,0.84,3,2,3,2,0,0,30,N,,N,100,283120479,277130293,130.81,,,,130.81,133.64,,,,133.64,130.81,,,,130.81,133.64,,,,133.64,,0.84,,,26.75,17.06,15.34,18.1,21.91,,,,,,,,,,,,,,,,,,,,,/,,,,,,,,,,,,,285757453,,,,,GBX
Europe,JPMorgan European Growth & Income,Ordinary Share,30/06/2022,GB00BPR9Y246,437235655,47755261,50455573,47755261,50455573,0,0,0,0,0,47755261,76.8,0,3735936,0,0,436910949,0,75580,0,No,6.1,12,5,13,6,0,0,20,N,,N,100,389480394,385744458,88.29,,,,,89.14,,,,,87.67,,,,,88.53,,,,,2.54,6.1,,0.7,19,15.5,11.5,20.5,26.7,,,,,,,,,,,,,,,,,,,,,,,,,,,,,,,,,,433499719,,,,,GBX
Category,Name,Type,Date,ISIN,Total Assets incl CYR,PC Total Par,PC Total Fair,PC Debt Par,PC Debt Fair,TotLongCashOffset,TotShortCashOffset,PC Equity,Convertibles Par,Convertibles Fair,PC Gearing,MonthEnd Price,Price for TS dilution,CurrYrRev(CYR),Rev Res (splits only),Rev Allocation % (splits only),Number,Issued,Purch,Treasury,below NAV,Cash/CashEquiv,GrossGearing,NetGearing,GrossGearingFairCum,NetGearingFairCum,NetCash,From,To,NoRange,GearingNote,Loss,CYR allocation %,SHF per share inc CYR,SHF per share exc CYR,PCNCWNE,PCNCWE,PCCWNE,PCCWE,PCCWETS,PCNCWNEcum,PCNCWEcum,PCCWNEcum,PCCWEcum,PCCWETScum,FCNCWNE,FCNCWE,FCCWNE,FCCWE,FCCWETS,FCNCWNEcum,FCNCWEcum,FCCWNEcum,FCCWEcum,FCCWETScum,PFY,Cash/Cash Equiv.,Fixed Interest,UK ,France ,Germany ,Nether lands,Switzer land,Other ,,,,,,,,,UK ,France ,Germany ,Nether lands,Switzer land,Other ,UK ,France ,Germany ,Nether lands,Switzer land,Other ,Flags,Name,in issue,NAV Par,NAV Fair,Gross Gearing,Net Gearing,Name,in issue,NAV Par,NAV Fair,Gross Gearing,Net Gearing,Total Assets ex CYR,Unlisted Holdings,FootNote,Note,Note,Reported Currency
European Smaller Companies,European Assets,Ordinary Share,30/06/2022,GB00BHJVQ590,364589359,17216776,17216776,17216776,17216776,0,0,0,0,0,17216776,91.6,0,0,0,0,360069279,0,0,0,Yes,7,5,0,5,0,2,0,20,N,,Y,100,347372583,347372583,,,,,,96.47,,,,,,,,,,96.47,,,,,,7,,,7,16,5,11,54,,,,,,,,,,,,,,,,,,,,,,,,,,,,,,,,,,364589359,,,,,GBX
European Smaller Companies,European Smaller Companies,Ordinary Share,30/06/2022,GB00BMCF8689,721562000,68819263,68819263,68819263,68819263,0,0,0,0,0,68819263,140,0,15866000,0,0,400867176,0,0,0,N/A,-0.54,11,11,11,11,0,,,Y,,N,100,652742737,636876737,158.87,,,,,162.83,,,,,158.87,,,,,162.83,,,,,,-0.54,,1.13,15.11,16.74,9.63,8.43,49.5,,,,,,,,,,,,,,,,,,,,,/,,,,,,,,,,,,,705696000,,,,,GBX
European Smaller Companies,JPMorgan European Discovery,Ordinary Share,30/06/2022,GB00BMTS0Z37,791627615,77475814,77475814,77475814,77475814,0,0,0,0,0,77475814,377.5,0,14946844,0,0,157474931,0,75000,0,No,13,11,0,11,0,4,0,20,N,,N,100,714151801,699204957,444.01,,,,,453.5,,,,,444.01,,,,,453.5,,,,,1.95,13,,,16.9,5.8,9.5,11.4,43.4,,,,,,,,,,,,,,,,,,,,,,,,,,,,,,,,,,776680771,,,,,GBX
European Smaller Companies,Montanaro European Smaller Companies,Ordinary Share,30/06/2022,GB00BM8H3X05,273871007,12909889,12909889,12909889,12909889,0,0,0,0,0,12909889,120,0,3533545,0,0,189427600,0,0,0,Yes,1.34,5,4,5,4,0,,,Y,,N,100,260961118,257427573,135.9,,,,,137.76,,,,,135.9,,,,,137.76,,,,,,1.34,,,8.4,18.23,5.21,9.43,57.39,,,,,,,,,8.21,,,,,91.79,8.21,,,,,91.79,,,,,,,,,,,,,,270337462,,,,,GBX
Category,Name,Type,Date,ISIN,Total Assets incl CYR,PC Total Par,PC Total Fair,PC Debt Par,PC Debt Fair,TotLongCashOffset,TotShortCashOffset,PC Equity,Convertibles Par,Convertibles Fair,PC Gearing,MonthEnd Price,Price for TS dilution,CurrYrRev(CYR),Rev Res (splits only),Rev Allocation % (splits only),Number,Issued,Purch,Treasury,below NAV,Cash/CashEquiv,GrossGearing,NetGearing,GrossGearingFairCum,NetGearingFairCum,NetCash,From,To,NoRange,GearingNote,Loss,CYR allocation %,SHF per share inc CYR,SHF per share exc CYR,PCNCWNE,PCNCWE,PCCWNE,PCCWE,PCCWETS,PCNCWNEcum,PCNCWEcum,PCCWNEcum,PCCWEcum,PCCWETScum,FCNCWNE,FCNCWE,FCCWNE,FCCWE,FCCWETS,FCNCWNEcum,FCNCWEcum,FCCWNEcum,FCCWEcum,FCCWETScum,PFY,Cash/Cash Equiv.,Fixed Interest,UK ,Cont. Europe,North America,Japan ,Other Pacific,Other ,,,,,,,,,UK ,Cont. Europe,North America,Japan ,Other Pacific,Other ,UK ,Cont. Europe,North America,Japan ,Other Pacific,Other ,Flags,Name,in issue,NAV Par,NAV Fair,Gross Gearing,Net Gearing,Name,in issue,NAV Par,NAV Fair,Gross Gearing,Net Gearing,Total Assets ex CYR,Unlisted Holdings,FootNote,Note,Note,Reported Currency
Farmland & Forestry,Foresight Sustainable Forestry,Ordinary Share,30/06/2022,GB00BMDPKM71,,,,,,,,,,,,,,,,,,,,,,,,,,,,,,,,,,,,,,,,,,,,,,,,,,,,,,,,,,,,,,,,,,,,,,,,,,,,,,,,,,,,,,,,,,,,,,,,,,,,,,,
Category,Name,Type,Date,ISIN,Total Assets incl CYR,PC Total Par,PC Total Fair,PC Debt Par,PC Debt Fair,TotLongCashOffset,TotShortCashOffset,PC Equity,Convertibles Par,Convertibles Fair,PC Gearing,MonthEnd Price,Price for TS dilution,CurrYrRev(CYR),Rev Res (splits only),Rev Allocation % (splits only),Number,Issued,Purch,Treasury,below NAV,Cash/CashEquiv,GrossGearing,NetGearing,GrossGearingFairCum,NetGearingFairCum,NetCash,From,To,NoRange,GearingNote,Loss,CYR allocation %,SHF per share inc CYR,SHF per share exc CYR,PCNCWNE,PCNCWE,PCCWNE,PCCWE,PCCWETS,PCNCWNEcum,PCNCWEcum,PCCWNEcum,PCCWEcum,PCCWETScum,FCNCWNE,FCNCWE,FCCWNE,FCCWE,FCCWETS,FCNCWNEcum,FCNCWEcum,FCCWNEcum,FCCWEcum,FCCWETScum,PFY,Cash/Cash Equiv.,Fixed Interest,UK ,Cont. Europe,North America,Japan ,Other Pacific,Other ,,,,,,,,,UK ,Cont. Europe,North America,Japan ,Other Pacific,Other ,UK ,Cont. Europe,North America,Japan ,Other Pacific,Other ,Flags,Name,in issue,NAV Par,NAV Fair,Gross Gearing,Net Gearing,Name,in issue,NAV Par,NAV Fair,Gross Gearing,Net Gearing,Total Assets ex CYR,Unlisted Holdings,FootNote,Note,Note,Reported Currency
Financials,Polar Capital Global Financials,Ordinary Share,30/06/2022,GB00B9XQT119,554866727,51796142,51796142,51796142,51796142,0,0,0,0,0,51796142,136,0,9822965,0,0,331270000,0,255000,480000,No,7,10,3,10,3,0,,,Y,,N,100,503070585,493247620,148.9,,,,148.9,151.86,,,,151.86,148.9,,,,148.9,151.86,,,,151.86,2.5,7,,12,14,44,4,19,0,,,,,,,,,12,14,44,4,19,7,12,14,44,4,19,7,,,,,,,,,,,,,,545043762,,,,,GBX
Category,Name,Type,Date,ISIN,Total Assets incl CYR,PC Total Par,PC Total Fair,PC Debt Par,PC Debt Fair,TotLongCashOffset,TotShortCashOffset,PC Equity,Convertibles Par,Convertibles Fair,PC Gearing,MonthEnd Price,Price for TS dilution,CurrYrRev(CYR),Rev Res (splits only),Rev Allocation % (splits only),Number,Issued,Purch,Treasury,below NAV,Cash/CashEquiv,GrossGearing,NetGearing,GrossGearingFairCum,NetGearingFairCum,NetCash,From,To,NoRange,GearingNote,Loss,CYR allocation %,SHF per share inc CYR,SHF per share exc CYR,PCNCWNE,PCNCWE,PCCWNE,PCCWE,PCCWETS,PCNCWNEcum,PCNCWEcum,PCCWNEcum,PCCWEcum,PCCWETScum,FCNCWNE,FCNCWE,FCCWNE,FCCWE,FCCWETS,FCNCWNEcum,FCNCWEcum,FCCWNEcum,FCCWEcum,FCCWETScum,PFY,Cash/Cash Equiv.,Fixed Interest,UK ,Cont. Europe,North America,Japan ,Other Pacific,Other ,Cash/Cash Equiv.,Fixed Interest,Debt ,Equity ,Private Equity,Hedge Funds,Property ,Other ,UK ,Cont. Europe,North America,Japan ,Other Pacific,Other ,UK ,Cont. Europe,North America,Japan ,Other Pacific,Other ,Flags,Name,in issue,NAV Par,NAV Fair,Gross Gearing,Net Gearing,Name,in issue,NAV Par,NAV Fair,Gross Gearing,Net Gearing,Total Assets ex CYR,Unlisted Holdings,FootNote,Note,Note,Reported Currency
Flexible Investment,Aberdeen Diversified Income & Growth,Ordinary Share,30/06/2022,GB0001297562,384871084,15686383,19212266,15686383,19212266,0,0,0,0,0,15686383,97,0,3152183,0,0,308767349,0,20000,36179169,No,1.64,4,3,5,4,0,,,Y,,N,100,369184701,366032518,118.55,,,,118.55,119.57,,,,119.57,117.4,,,,117.4,118.43,,,,118.43,4.84,1.64,7.9,23.68,40.52,16.77,0.42,0.72,8.35,1.64,7.9,,40.94,49.52,,,,14,21,,,22,43,100,,,,,,d,,,,,,,,,,,,,381718901,,,The fair value is based on the quoted price of the debentures.,"20,000 Shares Bought back to Treasury 28.06.2022 at a cost of £0.02m",GBX
Flexible Investment,Bailiwick Investments,Ordinary Share,30/06/2022,GG00B3KJH957,,,,,,,,,,,,,,,,,,,,,,,,,,,,,,,,,,,,,,,,,,,,,,,,,,,,,,,,,,,,,,,,,,,,,,,,,,,,,,,,,,,,,,,,,,,,,,,,,,,,,,,
Flexible Investment,Caledonia,Ordinary Share,30/06/2022,GB0001639920,2700576000,0,0,0,0,0,0,0,0,0,0,3465,0,18619000,0,0,54265008,45397,0,0,N/A,9.43,0,0,0,0,0,,,Y,,N,100,2700576000,2681957000,4942.33,4850.08,,,,4976.64,4883.75,,,,4942.33,4850.08,,,,4976.64,4883.75,,,,1.59,9.43,,14.26,23.88,38.69,0.31,13.27,0.16,9.43,,2.89,29.26,26.33,,,32.09,,,,,,,41.7,7.05,51.25,,,,,,,,,,,,,,,,,2681957000,,Ex div 30 June.,,,GBX
Flexible Investment,Capital Gearing,Ordinary Share,30/06/2022,GB0001738615,1143400521,0,0,0,0,0,0,0,0,0,0,4980,0,5701545,0,0,23569420,866150,0,0,No,1.23,0,0,0,0,0,,,Y,,N,100,1143400521,1137698976,4827.01,,,,,4851.2,,,,,4827.01,,,,,4851.2,,,,,1.15,1.23,55.56,24.19,10.2,2.4,4.41,0.5,1.51,1.23,55.56,0.78,21.46,0.18,0.49,14.49,5.81,48.83,7.98,36.55,4.77,0,1.87,,,,,,,d,,,,,,,,,,,,,1137698976,,,,,GBX
Flexible Investment,Castelnau Group ,Ordinary Share,30/06/2022,GG00BMWWJM28,,,,,,,,,,,,,,,,,,,,,,,,,,,,,,,,,,,,,,,,,,,,,,,,,,,,,,,,,,,,,,,,,,,,,,,,,,,,,,,,,,,,,,,,,,,,,,,,,,,,,,,
Flexible Investment,CT Global Managed Portfolio Growth,Ordinary Share,30/06/2022,GB00B2PP2527,89183516,0,0,0,0,0,0,0,0,0,0,237,0,0,0,0,38910148,50000,0,0,No,10,0,0,0,0,0,0,25,N,,N,100,89183516,89183516,229.2,,,,,229.2,,,,,229.2,,,,,229.2,,,,,1.5,10,3,33,17,20,3,5,9,11,3,0,59,2,3,2,20,100,,,,,,46,17,20,3,5,9,,,,,,,,,,,,,,89183516,,,,,GBX
Flexible Investment,CT Global Managed Portfolio Income,Ordinary Share,30/06/2022,GB00B2PP3J36,67725715,7000000,7000000,7000000,7000000,0,0,0,0,0,7000000,128,0,411304,0,0,48397165,0,0,0,Yes,3,12,8,12,8,0,0,25,N,,N,100,60725715,60314411,124.62,,,,,125.47,,,,,124.62,,,,,125.47,,,,,4.1,3,4,42,13,17,3,11,7,3,4,0,55,3,0,14,21,100,,,,,,49,13,17,3,11,7,,,,,,,,,,,,,,67314411,,,,,GBX
Flexible Investment,Hansa Investment Company,Ordinary Share,30/06/2022,,359832114,0,0,0,0,0,0,0,0,0,0,188,0,1569345,0,0,40000000,0,0,0,N/A,3.64,0,0,0,0,0,0,9,N,,N,100,119944038,118374693,295.94,,,,,299.86,,,,,295.94,,,,,299.86,,,,,1.84,3.64,,6.18,10.07,49.26,4.79,10.49,15.57,3.64,,0.93,78.53,,14.42,2.48,,,,,,,,9.83,10.07,49.25,4.79,10.49,15.57,,,,,,,,,,,,,,355124079,,,,,GBX
Flexible Investment,Hansa Investment Company,Class A Ordinary,30/06/2022,,359832114,0,0,0,0,0,0,0,0,0,0,182,0,3138690,0,0,80000000,0,0,0,N/A,3.64,0,0,0,0,0,0,9,N,,N,100,239888076,236749386,295.94,,,,,299.86,,,,,295.94,,,,,299.86,,,,,1.84,3.64,,6.18,10.07,49.26,4.79,10.49,15.57,3.64,,0.93,78.53,,14.42,2.48,,,,,,,,9.83,10.07,49.25,4.79,10.49,15.57,,,,,,,,,,,,,,355124079,,,,,GBX
Flexible Investment,Invesco Select Balanced Risk Allocation,Ordinary Share,30/06/2022,GB00B1DQ6696,6664974,26138,26138,26138,26138,0,0,0,0,0,26138,154.5,0,55092,0,0,4170938,0,0,6437218,No,9.37,0,0,0,0,9,,,Y,,N,100,6638836,6583744,157.85,,,,157.85,159.17,,,,159.17,157.85,,,,157.85,159.17,,,,159.17,1.38,9.37,40.78,,49.77,,,,0.08,9.37,40.78,,49.85,,,,,84.46,3.17,8.38,1.46,2.53,,42.18,51.55,4.19,0.73,1.27,0.08,,,,,,,,,,,,,,6609882,0.08,,,,GBX
Flexible Investment,Investment Company,Ordinary Share,30/06/2022,GB0004658257,,,,,,,,,,,,,,,,,,,,,,,,,,,,,,,,,,,,,,,,,,,,,,,,,,,,,,,,,,,,,,,,,,,,,,,,,,,,,,,,,,,,,,,,,,,,,,,,,,,,,,,GBX
Flexible Investment,JPMorgan Global Core Real Assets,Ordinary Share,30/06/2022,GG00BJVKW831,,,,,,,,,,,,,,,,,,,,,,,,,,,,,,,,,,,,,,,,,,,,,,,,,,,,,,,,,,,,,,,,,,,,,,,,,,,,,,,,,,,,,,,,,,,,,,,,,,,,,,,GBX
Flexible Investment,JPMorgan Multi-Asset Growth & Income,Ordinary Share,30/06/2022,GB00BFWJJT14,77896575,0,0,0,0,0,0,0,0,0,0,94,0,-33758,0,0,79193408,0,200000,13722235,No,4.82,0,0,0,0,0,0,20,N,,N,100,77896575,77930333,98.41,,,,98.41,98.36,,,,98.36,98.41,,,,98.41,98.36,,,,98.36,2.58,4.82,11.41,4.38,13.6,40.77,3.72,5.53,15.77,4.82,11.41,,83.77,,,,,,,,,,,,,,,,,,,,,,,,,,,,,,77930333,,,,,GBX
Flexible Investment,MIGO Opportunities,Ordinary Share,30/06/2022,GB0034365949,82885104,0,0,0,0,0,0,0,0,0,0,317,0,412693,0,0,25310256,0,0,0,No,12.59,0,0,0,0,0,0,20,N,,N,100,82885104,82472411,325.85,,,,,327.48,,,,,325.85,,,,,327.48,,,,,,12.59,,35.58,7.91,12.9,2.95,15.26,12.81,12.59,,,55.21,6.13,,13.04,13.03,100,,,,,,98.28,0.1,1.62,,,,/A,,,,,,,,,,,,,82472411,,,,,GBX
Flexible Investment,Momentum Multi-Asset Value,Ordinary Share,30/06/2022,GB0008769993,59017794,7000000,7000000,7000000,7000000,0,0,0,0,0,7000000,167.5,0,365430,0,0,31020848,0,100000,18580240,No,1.42,13,12,13,12,0,0,25,N,,N,100,52017794,51652364,166.51,,,,166.51,167.69,,,,167.69,166.51,,,,166.51,167.69,,,,167.69,5.4,1.42,7.7,46.35,4.71,3.62,4.26,10.03,21.91,1.42,7.7,4.75,63.03,0.92,,7.48,14.7,15.6,,,,,84.4,100,,,,,,,,,,,,,,,,,,,58652364,,,,"100,000 shares were bought back with costs of £172,672.50. These were bought back on 14 June 2022.",GBX
Flexible Investment,Personal Assets,Ordinary Share,30/06/2022,GB0006827546,1786070465,0,0,0,0,0,0,0,0,0,0,48050,0,5803649,0,0,3785054,38175,0,0,No,3.97,0,0,0,0,0,,,Y,,N,100,1786070465,1780266816,47034.12,,,,,47187.45,,,,,47034.12,,,,,47187.45,,,,,2.98,3.97,49.73,6.4,3.84,26.61,,,9.45,3.97,49.73,,36.73,,,0.12,9.45,60,,40,,,,,,,,,,,,,,,,,,,,,,,1780266816,0.12,,,"During the month the Company issued 38,175 Ordinary shares for proceeds of £18.4m",GBX
Flexible Investment,RIT Capital Partners,Ordinary Share,30/06/2022,GB0007366395,,,,,,,,,,,,,,,,,,,,,,,,,,,,,,,,,,,,,,,,,,,,,,,,,,,,,,,,,,,,,,,,,,,,,,,,,,,,,,,,,,,,,,,,,,,,,,,,,,,,,,,GBX
Flexible Investment,Ruffer Investment Company,Participating Pref Share,30/06/2022,GB00B018CS46,,,,,,,,,,,,,,,,,,,,,,,,,,,,,,,,,,,,,,,,,,,,,,,,,,,,,,,,,,,,,,,,,,,,,,,,,,,,,,,,,,,,,,,,,,,,,,,,,,,,,,,GBX
Flexible Investment,Schroder BSC Social Impact,Ordinary Share,30/06/2022,GB00BF781319,,,,,,,,,,,,,,,,,,,,,,,,,,,,,,,,,,,,,,,,,,,,,,,,,,,,,,,,,,,,,,,,,,,,,,,,,,,,,,,,,,,,,,,,,,,,,,,,,,,,,,,
Flexible Investment,Tetragon Financial Group,Ordinary Share,30/06/2022,GG00B1RMC548,,,,,,,,,,,,,,,,,,,,,,,,,,,,,,,,,,,,,,,,,,,,,,,,,,,,,,,,,,,,,,,,,,,,,,,,,,,,,,,,,,,,,,,,,,,,,,,,,,,,,,,USD
Flexible Investment,UIL,Ordinary Share,30/06/2022,,413833000,196909682,196909682,51080400,51080400,0,0,0,0,0,196909682,187.5,0,1978000,0,0,83842918,0,0,0,No,-1.42,91,93,91,93,0,,,Y,,N,100,216923318,214945318,256.37,,,,,258.73,,,,,256.37,,,,,258.73,,,,,2.38,-1.42,,30.99,,44.63,,25.8,,-1.42,,,101.42,,,,,,,,,,,,,,,,,*d,,,,,,,,,,,,,411855000,21.73,,,,GBX
Flexible Investment,UIL,UIL ZDP 2022,30/06/2022,,413833000,51080400,51080400,51080400,51080400,0,0,0,0,0,0,144,0,0,0,0,35569069,0,0,0,N/A,-1.42,0,0,14,16,0,,,Y,,N,0,51226534,51226534,144.02,,,,,144.02,,,,,144.02,,,,,144.02,,,,,,-1.42,,30.99,,44.63,,25.8,,-1.42,,,101.42,,,,,,,,,,,,,,,,,*d,,,,,,,,,,,,,411855000,21.73,,,,GBX
Flexible Investment,UIL,UIL ZDP 2024,30/06/2022,,413833000,102306934,102306934,51080400,51080400,0,0,0,0,0,0,122.5,0,0,0,0,30000000,0,0,0,N/A,-1.42,0,0,33,35,0,,,Y,,N,0,37237337,37237337,124.12,,,,,124.12,,,,,124.12,,,,,124.12,,,,,,-1.42,,30.99,,44.63,,25.8,,-1.42,,,101.42,,,,,,,,,,,,,,,,,*d,,,,,,,,,,,,,411855000,21.73,,,,GBX
Flexible Investment,UIL,UIL ZDP 2026,30/06/2022,,413833000,139544271,139544271,51080400,51080400,0,0,0,0,0,0,115.5,0,0,0,0,25000000,0,0,0,N/A,-1.42,0,0,51,53,0,,,Y,,N,0,30652367,30652367,122.61,,,,,122.61,,,,,122.61,,,,,122.61,,,,,,-1.42,,30.99,,44.63,,25.8,,-1.42,,,101.42,,,,,,,,,,,,,,,,,*d,,,,,,,,,,,,,411855000,21.73,,,,GBX
Flexible Investment,UIL,UIL ZDP 2028,30/06/2022,,413833000,170196638,170196638,51080400,51080400,0,0,0,0,0,0,99,0,0,0,0,25000000,0,0,0,N/A,-1.42,0,0,70,72,0,,,Y,,N,0,26713044,26713044,106.85,,,,,106.85,,,,,106.85,,,,,106.85,,,,,,-1.42,,30.99,,44.63,,25.8,,-1.42,,,101.42,,,,,,,,,,,,,,,,,*d,,,,,,,,,,,,,411855000,21.73,,,,GBX
Category,Name,Type,Date,ISIN,Total Assets incl CYR,PC Total Par,PC Total Fair,PC Debt Par,PC Debt Fair,TotLongCashOffset,TotShortCashOffset,PC Equity,Convertibles Par,Convertibles Fair,PC Gearing,MonthEnd Price,Price for TS dilution,CurrYrRev(CYR),Rev Res (splits only),Rev Allocation % (splits only),Number,Issued,Purch,Treasury,below NAV,Cash/CashEquiv,GrossGearing,NetGearing,GrossGearingFairCum,NetGearingFairCum,NetCash,From,To,NoRange,GearingNote,Loss,CYR allocation %,SHF per share inc CYR,SHF per share exc CYR,PCNCWNE,PCNCWE,PCCWNE,PCCWE,PCCWETS,PCNCWNEcum,PCNCWEcum,PCCWNEcum,PCCWEcum,PCCWETScum,FCNCWNE,FCNCWE,FCCWNE,FCCWE,FCCWETS,FCNCWNEcum,FCNCWEcum,FCCWNEcum,FCCWEcum,FCCWETScum,PFY,Cash/Cash Equiv.,Fixed Interest,UK ,Cont. Europe,North America,Japan ,Other Pacific,Other ,,,,,,,,,UK ,Cont. Europe,North America,Japan ,Other Pacific,Other ,UK ,Cont. Europe,North America,Japan ,Other Pacific,Other ,Flags,Name,in issue,NAV Par,NAV Fair,Gross Gearing,Net Gearing,Name,in issue,NAV Par,NAV Fair,Gross Gearing,Net Gearing,Total Assets ex CYR,Unlisted Holdings,FootNote,Note,Note,Reported Currency
Global,Alliance Trust,Ordinary Share,30/06/2022,GB00B11V7W98,3121412610,251500000,251048799,251500000,251048799,0,0,0,0,0,251500000,904,0,19407024,0,0,297760600,0,927581,0,N/A,2.52,9,6,9,6,0,,,Y,,N,100,2869912610,2850505586,957.31,,,,,963.83,,,,,957.47,,,,,963.98,,,,,2.52,2.52,,11.7,11.79,56.14,4.57,6.18,7.1,,,,,,,,,,,,,,,,,,,,,d,,,,,,,,,,,,,3102005586,,,Fair values are calculated by accruing the interest payable on a daily basis.,"During the month of June 2022, there were buybacks with a share total of 927,581 and a total consideration of £8,739,210",GBX
Global,AVI Global,Ordinary Share,30/06/2022,GB00BLH3CY60,1070658836,72769271,73241594,72769271,73241594,0,0,0,0,0,72769271,180.2,0,8952066,0,0,499193372,0,1490789,45600956,No,11.2,7,0,7,0,5,0,10,N,,N,100,997889565,988937499,198.11,,,,198.11,199.9,,,,199.9,198.01,,,,198.01,199.81,,,,199.81,2.28,11.2,,16.64,32.94,14.43,19.42,5.37,,,,,,,,,,103,-2,,-1,,,19,25,32,19,5,,zdp,,,,,,,,,,,,,1061706770,3.09,,"On 26th February 2021 the Company drew down an additional 2.5 billion Yen on its revolving credit facility. This resulted in a facility utilisation of 6.5 billion Yen with an additional 2.5 billion Yen non-utilised. On 12 April 2021 the Company drew down a further 2.5 billion Yen on its revolving credit facility, which resulted in full facility utilisation of 9 billion Yen. On 26 August 2021 the facility limit was increased to 12 billion Yen. On 12 April 2022 the facility was repaid in full.","On 01/06/22 the Company bought back 75000 shares for cancellation at a price of 191.68p per share.
On 06/06/22 the Company bought back 96536 shares for cancellation at a price of 192.7813p per share.
On 07/06/22 the Company bought back 125000 shares for cancellation at a price of 192.6025p per share.
On 09/06/22 the Company bought back 150000 shares for cancellation at a price of 190.8744p per share.
On 10/06/22 the Company bought back 110000 shares for cancellation at a price of 187.7818p per share.
On 14/06/22 the Company bought back 50000 shares for cancellation at a price of 184.8735p per share.
On 21/06/22 the Company bought back 51511 shares for cancellation at a price of 179.6059p per share.
On 22/06/22 the Company bought back 151099 shares for cancellation at a price of 176.3389p per share.
On 23/06/22 the Company bought back 79305 shares for cancellation at a price of 174.4667p per share.
On 24/06/22 the Company bought back 116891 shares for cancellation at a price of 178.5726p per share.
On 27/06/22 the Company bought back 91809 shares for cancellation at a price of 182.3534p per share.
On 28/06/22 the Company bought back 129602 shares for cancellation at a price of 184.8757p per share.
On 29/06/22 the Company bought back 144742 shares for cancellation at a price of 183.6538p per share.
On 30/06/22 the Company bought back 119294 shares for cancellation at a price of 180.1109p per share.",GBX
Global,Bankers,Ordinary Share,30/06/2022,GB00BN4NDR39,1531822000,139413000,140397000,139413000,140397000,0,0,0,0,0,139413000,98.9,0,15039000,0,0,1304571076,0,0,10531754,No,2.24,10,8,10,8,0,,,Y,,N,100,1392409000,1377370000,105.58,,,,105.58,106.73,,,,106.73,105.5,,,,105.5,106.66,,,,106.66,2.74,2.24,,17.47,16.51,35.02,11.53,17.23,,,,,,,,,,,,,,,,,,,,,,,,,,,,,,,,,,,1516783000,,,,,GBX
Global,Blue Planet Investment Trust,Ordinary Share,30/06/2022,GB0005327076,8964864,2962234,2962234,2962234,2962234,0,0,0,0,0,2962234,12.5,0,0,0,0,49474863,0,0,307125,No,0.3,49,49,49,49,0,,,Y,,N,100,6002630,6002630,12.13,,,,12.13,12.13,,,,12.13,12.13,,,,12.13,12.13,,,,12.13,0.47,0.3,0,4.3,3.1,89.2,,,3.1,,,,,,,,,81.9,3.1,12.8,,,2.2,81.9,3.1,12.8,,,2.2,,,,,,,,,,,,,,8964864,,,,,GBX
Global,Brunner,Ordinary Share,30/06/2022,GB0001490001,485125833,25094016,21592540,25094016,21592540,0,0,0,0,0,25094016,960,0,4383866,0,0,42692727,0,0,0,N/A,-1.63,5,7,5,6,0,0,20,N,,N,100,460031817,455647951,1067.27,,,,,1077.54,,,,,1075.47,,,,,1085.74,,,,,2.57,-1.63,,22.72,27.1,40.3,2.8,8.71,,,,,,,,,,,,,,,,,,,,,,d,,,,,,,,,,,,,480741967,,,,,GBX
Global,F&C Investment Trust,Ordinary Share,30/06/2022,GB0003466074,5168447000,642711018,541748117,642711018,541748117,0,0,0,0,0,642711018,807,0,6721000,0,0,520294833,0,1349617,41524183,No,6.5,14,7,12,4,0,0,20,N,,N,100,4525735982,4519014982,868.55,,,,868.55,869.84,,,,869.84,887.95,,,,887.95,889.25,,,,889.25,1.7,6.5,,13.97,13.75,49.03,6.51,9.06,1.18,,,,,,,,,,,,,,,,,,,,,,,,,,,,,,,,,,5161726000,,,"Fair values on debentures are calculated based on traded price, short term loans are calculated based on the exchange rates on the NAV date.","During the month the Company bought back 1,349,617 ordinary shares to be held in treasury. The cost to the Company was £10.9m.",GBX
Global,Global Opportunities,Ordinary Share,30/06/2022,GB0033862573,100929335,0,0,0,0,0,0,0,0,0,0,280,0,1000368,0,0,29222180,0,0,35287462,No,31.85,0,0,0,0,0,0,25,N,,N,100,100929335,99928967,341.96,,,,341.96,345.39,,,,345.39,341.96,,,,341.96,345.39,,,,345.39,1.86,31.85,,12.24,38.42,6.25,9.68,1.56,,,,,,,,,,10,6,55,29,,,15,20,44,19,2,,,,,,,,,,,,,,,99928967,,,,,GBX
Global,JPMorgan Elect Managed Growth,Ordinary Share,30/06/2022,GB0008528142,253970381,0,0,0,0,0,0,0,0,0,0,922.5,0,551206,0,0,27003997,0,34115,3164446,No,3.5,0,0,0,0,0,0,20,N,,N,100,253970381,253419175,938.45,,,,938.45,940.49,,,,940.49,938.45,,,,938.45,940.49,,,,940.49,1.72,3.5,,55,5.7,28.9,3.7,2.2,1,,,,,,,,,,,,,,,,,,,,,,,,,,,,,,,,,,253419175,,,,,GBX
Global,Keystone Positive Change,Ordinary Share,30/06/2022,GB00BK96BB68,147419376,15538093,15526843,15538093,15526843,0,0,0,0,0,15538093,178,0,386676,0,0,61815632,0,0,5778363,No,1,12,11,12,11,0,0,15,N,,N,100,131881283,131494607,212.72,,,,212.72,213.35,,,,213.35,212.74,,,,212.74,213.36,,,,213.36,0.8,1,,1,28,45,3,10,12,,,,,,,,,,,,,,,,,,,,,,,,,,,,,,,,,,147032700,5.23,,,,GBX
Global,Lindsell Train,Ordinary Share,30/06/2022,GB0031977944,212442060,0,0,0,0,0,0,0,0,0,0,1040,0,17148515,0,0,200000,0,0,0,N/A,6.35,0,0,0,0,0,,,Y,,N,100,212442060,195293545,976.47,,,,,1062.21,,,,,976.47,,,,,1062.21,,,,,5.72,6.35,,76.6,3.94,6.25,6.86,,,,,,,,,,,99.65,0.08,0.27,0,,,82.92,3.96,6.26,6.86,,,,,,,,,,,,,,,,195293545,44.03,,,,GBP
Global,Martin Currie Global Portfolio,Ordinary Share,30/06/2022,GB0005372411,279136408,30000000,30000000,30000000,30000000,0,0,0,0,0,30000000,290,0,1232493,0,0,83830452,0,839932,14845455,Yes,0.1,12,12,12,12,0,8,12,N,,N,100,249136408,247903915,295.72,,,,294.86,297.19,,,,296.11,295.72,,,,294.86,297.19,,,,296.11,1.08,0.1,,1.4,39.5,43.6,,15.4,,,,,,,,,,,,,,,,,,,,,,,,,,,,,,,,,,,277903915,,,,"Date Shares Value £m
01-Jun-2022 61573 £m0.19
06-Jun-2022 4802 £m0.015
07-Jun-2022 203022 £m0.631
08-Jun-2022 31458 £m0.099
09-Jun-2022 88027 £m0.275
10-Jun-2022 9346 £m0.028
13-Jun-2022 9917 £m0.029
14-Jun-2022 215 £m0.001
15-Jun-2022 72698 £m0.215
16-Jun-2022 26317 £m0.073
17-Jun-2022 501 £m0.001
21-Jun-2022 23553 £m0.068
22-Jun-2022 34891 £m0.1
23-Jun-2022 100692 £m0.29
24-Jun-2022 6750 £m0.02
27-Jun-2022 30488 £m0.092
28-Jun-2022 13892 £m0.042
29-Jun-2022 42084 £m0.124
30-Jun-2022 79706 £m0.229",GBX
Global,Mid Wynd International,Ordinary Share,30/06/2022,GB00B6VTTK07,458603832,5951048,5951048,5951048,5951048,0,0,0,0,0,5951048,693,0,5133843,0,0,65411114,125000,0,0,No,4.25,1,0,1,0,3,,,Y,,N,100,452652784,447518941,684.16,,,,,692.01,,,,,684.16,,,,,692.01,,,,,2.08,4.25,,2.44,15.3,59.08,6.41,12.52,,,,,,,,,,,,,,,,,,,,,,,,,,,,,,,,,,,453469989,,,,"125,000 shares were issued in the month for prices ranging between 697pps & 720.5pps",GBX
Global,Monks,Ordinary Share,30/06/2022,GB0030517261,2495307570,215000000,178668382,215000000,178668382,0,0,0,0,0,215000000,930,0,7396382,0,0,224129587,0,1569000,12324272,N/A,1,9,8,8,7,0,,,Y,,N,100,2280307570,2272911188,1014.11,,,,1009.72,1017.41,,,,1012.85,1030.32,,,,1025.09,1033.62,,,,1028.22,0.9,1,1,4,16,56,5,13,4,,,,,,,,,,,,,,,,,,,,,,,,,,,,,,,,,,2487911188,2.46,,"Fair value is calculated using a closing market offer price


",,GBX
Global,Scottish Investment Trust,Ordinary Share,30/06/2022,GB0007826091,642463932,88338125,95570444,88338125,95570444,0,0,0,0,0,88338125,782,0,-1793034,0,0,66173178,0,0,0,N/A,10.6,16,4,17,5,0,0,10,N,,N,100,554125807,555918841,840.1,,,,,837.39,,,,,829.17,,,,,826.46,,,,,1.56,10.6,,0.1,21.5,60.1,4.8,1.7,1.2,,,,,,,,,,,,,,,,,,,,,,,,,,,,,,,,,,644256966,,,Valuation of debenture stocks is the same as for the bonds except reference gilt is the longest dated UK Treasury listed in the FT.,,GBX
Global,Scottish Mortgage,Ordinary Share,30/06/2022,GB00BLDYK618,13889047454,2168052719,1885264889,2168052719,1885264889,0,0,0,0,0,2168052719,715.4,0,18912752,0,0,1439002886,0,3716498,45777994,No,2,18,16,16,13,0,0,20,N,"Scottish Mortgage uses gearing on a long term strategic basis. While the level of the borrowings will not exceed 30% except under 'exceptional market conditions', they are typically well below this level.",N,100,11720994735,11702081983,813.21,,,,813.21,814.52,,,,814.52,832.86,,,,832.86,834.17,,,,834.17,0.2,2,,1,20,53,,21,3,,,,,,,,,,,,,,,,,,,,,,,,,,,,,,,,,,13870134702,30.2,,"The fair value of long term borrowings is calculated weekly, using methodologies consistent with the International Private Equity and Venture Capital Valuation (IPEV) Guidelines",,GBX
Global,Witan,Ordinary Share,30/06/2022,GB00BJTRSD38,1811040000,234581921,209828590,234581921,209828590,0,0,0,0,0,234581921,206,0,8327000,0,0,707268687,0,4663477,293086313,No,2.13,15,12,13,11,0,1,15,N,,N,100,1576458079,1568131079,221.72,,,,221.72,222.89,,,,222.89,225.22,,,,225.22,226.39,,,,226.39,2.72,2.13,,27.37,24.09,35.29,2.88,5.69,2.55,,,,,,,,,,,,,,,,,,,,,/,,,,,,,,,,,,,1802713000,,,The fair value of the debenture is calculated using a closing market offer price.,"4,663,477 shares were bought back during the period for £9.90m",GBX
Category,Name,Type,Date,ISIN,Total Assets incl CYR,PC Total Par,PC Total Fair,PC Debt Par,PC Debt Fair,TotLongCashOffset,TotShortCashOffset,PC Equity,Convertibles Par,Convertibles Fair,PC Gearing,MonthEnd Price,Price for TS dilution,CurrYrRev(CYR),Rev Res (splits only),Rev Allocation % (splits only),Number,Issued,Purch,Treasury,below NAV,Cash/CashEquiv,GrossGearing,NetGearing,GrossGearingFairCum,NetGearingFairCum,NetCash,From,To,NoRange,GearingNote,Loss,CYR allocation %,SHF per share inc CYR,SHF per share exc CYR,PCNCWNE,PCNCWE,PCCWNE,PCCWE,PCCWETS,PCNCWNEcum,PCNCWEcum,PCCWNEcum,PCCWEcum,PCCWETScum,FCNCWNE,FCNCWE,FCCWNE,FCCWE,FCCWETS,FCNCWNEcum,FCNCWEcum,FCCWNEcum,FCCWEcum,FCCWETScum,PFY,Cash/Cash Equiv.,Fixed Interest,Latin America,Asia ,Europe ,Africa Sub-Sahara,Middle East,Other ,,,,,,,,,Latin America,Asia ,Europe ,Africa Sub-Sahara,Middle East,Other ,Latin America,Asia ,Europe ,Africa Sub-Sahara,Middle East,Other ,Flags,Name,in issue,NAV Par,NAV Fair,Gross Gearing,Net Gearing,Name,in issue,NAV Par,NAV Fair,Gross Gearing,Net Gearing,Total Assets ex CYR,Unlisted Holdings,FootNote,Note,Note,Reported Currency
Global Emerging Markets,Barings Emerging EMEA Opportunities,Ordinary Share,30/06/2022,GB0032273343,74318009,0,0,0,0,0,0,0,0,0,0,511,0,585104,0,0,12013503,0,0,3318207,No,1.15,0,0,0,0,0,0,10,N,,N,100,74318009,73732905,613.75,,,,613.75,618.62,,,,618.62,613.75,,,,613.75,618.62,,,,618.62,4.23,1.15,,,,14.41,26.65,55.79,2,,,,,,,,,,,,3,,97,,,13,30,56,1,dp,,,,,,,,,,,,,73732905,,,,,GBX
Global Emerging Markets,BlackRock Frontiers,Ordinary Share,30/06/2022,GB00B3SXM832,352062592,98685609,98685609,98685609,98685609,87124583,11545179,0,0,0,98685609,120,0,3032789,0,0,189325748,0,0,52497053,N/A,22.67,39,7,39,7,0,0,20,N,,N,100,253376983,250344194,132.23,,,,129.57,133.83,,,,130.83,132.23,,,,129.57,133.83,,,,130.83,3.24,22.67,,5.75,31.87,10.18,1.31,29.27,-1.05,,,,,,,,,0.4,0,-0.45,0.69,0.84,98.52,5.84,4.76,10.07,1.46,29.47,48.4,,,,,,,,,,,,,,349029803,0,,,,GBX
Global Emerging Markets,Fidelity Emerging Markets,Participating Pref Share,30/06/2022,GG00B4L0PD47,656090311,0,0,0,0,0,0,0,0,0,0,633.7,0,12408635,0,0,91100066,0,0,0,N/A,14.11,0,0,0,0,0,,,Y,,N,100,656090311,643681676,706.57,,,,,720.19,,,,,706.57,,,,,720.19,,,,,3.54,14.11,,9.32,39.96,16.5,11.43,3.35,5.33,,,,,,,,,,,,,,,,,,,,,,,,,,,,,,,,,,643681676,,,,,GBX
Global Emerging Markets,Fundsmith Emerging Equities,Ordinary Share,30/06/2022,GB00BLSNND18,332199101,0,0,0,0,0,0,0,0,0,0,1080,0,528488,0,0,26288283,0,0,351773,Yes,-0.56,0,1,0,1,0,,,Y,0,N,100,332199101,331670613,1261.67,,,,1259.27,1263.68,,,,1261.25,1261.67,,,,1259.27,1263.68,,,,1261.25,0,-0.56,0,7.23,77.57,1,3.89,3.71,7.16,,,,,,,,,,,,,,,,,,,,,,,,,,,,,,,,,,331670613,0,,,,GBX
Global Emerging Markets,Gulf Investment,Ordinary Share,30/06/2022,IM00B1Z40704,83282843,0,0,0,0,0,0,0,0,0,0,1.66,0,1878588,0,0,41105216,0,0,0,N/A,5.5,0,0,0,0,0,,,Y,,N,100,83282843,81404255,1.98,,,,,2.03,,,,,1.98,,,,,2.03,,,,,4.2,5.5,,,,,,,94.5,,,,,,,,,,,,,,,,,,,,,,,,,,,,,,,,,,81404255,,,,,USD
Global Emerging Markets,JPMorgan Emerging Markets,Ordinary Share,30/06/2022,GB00BMXWN182,1380386167,11167541,11167541,11167541,11167541,0,0,0,0,0,11167541,105,0,9897329,0,0,1170512230,0,1000000,153123020,No,4.1,1,0,1,0,3,0,20,N,,N,100,1369218626,1359321297,116.13,,,,116.13,116.98,,,,116.98,116.13,,,,116.13,116.98,,,,116.98,1.29,4.1,,9.9,78,2.1,5.9,,,,,,,,,,,,,,,,,,,,,,,,,,,,,,,,,,,,1370488838,,,,,GBX
Global Emerging Markets,JPMorgan Global Emerging Markets Income,Ordinary Share,30/06/2022,GB00B5ZZY915,459974347,37171958,37171958,37171958,37171958,0,0,0,0,0,37171958,124.5,0,5880528,0,0,296840161,0,0,449277,No,1.27,9,7,9,7,0,0,20,N,,N,100,422802389,416921861,140.45,,,,140.45,142.43,,,,142.43,140.45,,,,140.45,142.43,,,,142.43,3.68,1.27,,13.12,75.29,4.3,5.7,0.32,,,,,,,,,,,,,,,,,,,,,,,,,,,,,,,,,,,454093819,,,,,GBX
Global Emerging Markets,Mobius Investment,Ordinary Share,30/06/2022,GB00BFZ7R980,132979251,0,0,0,0,0,0,0,0,0,0,116.5,0,679553,0,0,108960000,0,0,0,N/A,7.14,0,0,0,0,0,,,Y,0,N,100,132979251,132299698,121.42,,,,,122.04,,,,,121.42,,,,,122.04,,,,,0,7.14,0,8.26,65.12,4.88,7.58,0,7.02,,,,,,,,,,,,,,,,,,,,,/,,,,,,,,,,,,,132299698,0,,,,GBX
Global Emerging Markets,ScotGems,Ordinary Share,30/06/2022,GB00BYT25542,45627198,0,0,0,0,0,0,0,0,0,0,73.5,0,1408664,0,0,53533770,0,0,0,No,7.97,0,0,0,0,0,,,Y,,N,100,45627198,44218534,82.6,,,,,85.23,,,,,82.6,,,,,85.23,,,,,6.04,7.97,,23.87,42.93,9.06,8.16,6.25,1.76,,,,,,,,,0,0.58,9.91,8.26,,81.25,,,,,,,/,,,,,,,,,,,,,44218534,,,,,GBX
Global Emerging Markets,Templeton Emerging Markets,Ordinary Share,30/06/2022,GB00BKPG0S09,2104496375,150000000,149170000,150000000,149170000,0,0,0,0,0,150000000,148.4,0,23326999,0,0,1176441255,0,706556,103825895,No,7.4,8,0,8,0,0,4,8,N,,N,100,1954496375,1931169376,164.15,,,,164.15,166.14,,,,166.14,164.22,,,,164.22,166.21,,,,166.21,,7.4,,10,77,0.8,1,0.4,3.4,,,,,,,,,,,,,,,,,,,,,d,,,,,,,,,,,,,2081169376,,,The TEMIT Fixed Rate Note is modelled using a Discounted Cash Flow (DCF) approach. The cashflows (principal and interest payments) are assumed as per the contractual terms and discounted at the yield/discount rate to determine the dirty price of the debt security. The discount rate is determined as the sum of SONIO/N Index rate and Static credit spread of ~1.4% (determined by calibrating the model to the issue price as of the issue date). The dirty price is then adjusted for interest accrual to arrive at a clean price for the TEMIT Fixed Rate Note.,"Date Shares Value £m
07-Jun-2022 205839 £m0.311
08-Jun-2022 130000 £m0.199
09-Jun-2022 78463 £m0.12
14-Jun-2022 109972 £m0.165
15-Jun-2022 105378 £m0.157
16-Jun-2022 25000 £m0.036
17-Jun-2022 51904 £m0.075",GBX
Global Emerging Markets,Utilico Emerging Markets,Ordinary Share,30/06/2022,GB00BD45S967,520212000,15495000,15495000,15495000,15495000,0,0,0,0,0,15495000,207,0,10277000,0,0,209909911,0,2578479,0,N/A,0.08,3,3,3,3,0,,,Y,,N,100,504717000,494440000,235.55,,,,,240.44,,,,,235.55,,,,,240.44,,,,,4.29,0.08,,26.23,45.11,18.35,3.09,0.74,6.4,,,,,,,,,,,,,,,,,,,,,d,,,,,,,,,,,,,509935000,10.06,,,"In the month the Company purchased for cancellation 2,578,479 shares at prices between 208.70 and 224.00p per share. The cost to the company was £5.5m.",GBX
Category,Name,Type,Date,ISIN,Total Assets incl CYR,PC Total Par,PC Total Fair,PC Debt Par,PC Debt Fair,TotLongCashOffset,TotShortCashOffset,PC Equity,Convertibles Par,Convertibles Fair,PC Gearing,MonthEnd Price,Price for TS dilution,CurrYrRev(CYR),Rev Res (splits only),Rev Allocation % (splits only),Number,Issued,Purch,Treasury,below NAV,Cash/CashEquiv,GrossGearing,NetGearing,GrossGearingFairCum,NetGearingFairCum,NetCash,From,To,NoRange,GearingNote,Loss,CYR allocation %,SHF per share inc CYR,SHF per share exc CYR,PCNCWNE,PCNCWE,PCCWNE,PCCWE,PCCWETS,PCNCWNEcum,PCNCWEcum,PCCWNEcum,PCCWEcum,PCCWETScum,FCNCWNE,FCNCWE,FCCWNE,FCCWE,FCCWETS,FCNCWNEcum,FCNCWEcum,FCCWNEcum,FCCWEcum,FCCWETScum,PFY,Cash/Cash Equiv.,Fixed Interest,UK ,Cont. Europe,North America,Japan ,Other Pacific,Other ,,,,,,,,,UK ,Cont. Europe,North America,Japan ,Other Pacific,Other ,UK ,Cont. Europe,North America,Japan ,Other Pacific,Other ,Flags,Name,in issue,NAV Par,NAV Fair,Gross Gearing,Net Gearing,Name,in issue,NAV Par,NAV Fair,Gross Gearing,Net Gearing,Total Assets ex CYR,Unlisted Holdings,FootNote,Note,Note,Reported Currency
Global Equity Income,Henderson International Income,Ordinary Share,30/06/2022,GB00B3PHCS86,371784134,25664656,21793025,25664656,21793025,0,0,0,0,0,25664656,166,0,6105000,0,0,195978716,0,0,0,N/A,4.08,7,3,6,2,0,,,Y,,N,100,346119478,340014478,173.5,,,,,176.61,,,,,175.47,,,,,178.59,,,,,4.5,4.08,,,34.52,34.94,,26.46,,,,,,,,,,,,,,,,,,,,,,,,,,,,,,,,,,,365679134,,,,,GBX
Global Equity Income,Invesco Select Global Equity Income,Ordinary Share,30/06/2022,GB00B1DQ6472,64974135,5750000,5750000,5750000,5750000,0,0,0,0,0,5750000,223,0,240092,0,0,25035784,0,120000,16156159,No,0.81,10,9,10,9,0,0,20,N,,N,100,59224135,58984043,235.6,,,,235.6,236.56,,,,236.56,235.6,,,,235.6,236.56,,,,236.56,2.21,0.81,,15.77,19.11,49.05,,15.26,,,,,,,,,,,,,,,,,,,,,,,,,,,,,,,,,,,64734043,,,,"During the month to 30 June 2022, there were Share Buybacks to Treasury of 120,000 Ordinary Shares for Total Consideration 268,800.00 at an average price of 224.00p per share.",GBX
Global Equity Income,JPMorgan Global Growth & Income,Ordinary Share,30/06/2022,GB00BYMKY695,726417726,64023989,59466265,64023989,59466265,0,0,0,0,0,64023989,396,0,15618772,0,0,166086285,270000,0,0,No,4.96,10,4,9,4,0,0,20,N,,N,100,662393737,646774965,389.42,,,,,398.83,,,,,392.17,,,,,401.57,,,,,1.72,4.96,,,22.92,63.91,5.12,3.09,,,,,,,,,,,,,,,,,,,,,,,,,,,,,,,,,,,710798954,,,,,GBX
Global Equity Income,Majedie,Ordinary Share,30/06/2022,GB0005555221,142503319,20831478,22407635,20831478,22407635,0,0,0,0,0,20831478,172,0,62972,0,0,52998795,0,0,0,N/A,4.22,17,12,19,14,0,,,Y,,N,100,121671841,121608869,229.46,,,,,229.57,,,,,226.48,,,,,226.6,,,,,2.59,4.22,,43.61,14.26,24.99,3.03,6.68,3.21,,,,,,,,,0,0,0,0,0,0,0,0,0,0,0,0,dp,,,,,,,,,,,,,142440347,0.03,,"Debenture 31/03/2025 -The debenture has been revalued using an estimated fair value market spread. The fair values are estimated by using the market yield of UK Treasury Bonds of equal duration plus 2.5%.

IFRS 16 Liability - Rental agreement for our office (1 King's Arms Yard) which is now classified as a lease (right of use) under IFRS 16 and is recognised on the balance sheet.  The par value of the liability is considered of similar value to the fair value of the liability. ",,GBX
Global Equity Income,Murray International,Ordinary Share,30/06/2022,GB0006111909,1774241413,199840298,200025051,199840298,200025051,0,0,0,0,0,199840298,1234,0,38655654,0,0,125333623,0,0,4078380,No,2.28,13,10,13,10,0,0,30,N,,N,100,1574401115,1535745461,1225.33,,,,1225.33,1256.17,,,,1256.17,1225.18,,,,1225.18,1256.02,,,,1256.02,4.6,2.28,7.78,4.08,21.24,25.09,,26.11,13.42,,,,,,,,,18.66,3.55,0.39,,29.69,47.71,,,,,,,/,,,,,,,,,,,,,1735585759,,,,,GBX
Global Equity Income,Scottish American,Ordinary Share,30/06/2022,GB0007873697,926254186,95000000,77330785,95000000,77330785,0,0,0,0,0,95000000,464,0,7604163,0,0,176300943,0,0,0,N/A,1,11,10,9,8,0,,,Y,,N,100,831254186,823650023,467.18,,,,,471.5,,,,,477.21,,,,,481.52,,,,,3.3,1,4,16,23,35,1,18,2,,,,,,,,,,,,,,,,,,,,,,,,,,,,,,,,,,918650023,,,"The fair value of long term borrowings is calculated weekly, using methodologies consistent with the International Private Equity and Venture Capital Valuation (IPEV) Guidelines.",,GBX
Global Equity Income,Securities Trust of Scotland,Ordinary Share,30/06/2022,GB00B09G3N23,239506735,15847580,15847580,15847580,15847580,0,0,0,0,0,15847580,220,0,1716175,0,0,100265075,50000,0,22034073,No,1.45,7,6,7,6,0,,,Y,,N,100,223659155,221942980,221.36,,,,221.36,223.07,,,,223.07,221.36,,,,221.36,223.07,,,,223.07,3.27,1.45,,30,10.94,53.98,1.84,1.79,,,,,,,,,,82.32,8.69,8.99,,,,,,,,,,,,,,,,,,,,,,,237790560,,,,,GBX
Category,Name,Type,Date,ISIN,Total Assets incl CYR,PC Total Par,PC Total Fair,PC Debt Par,PC Debt Fair,TotLongCashOffset,TotShortCashOffset,PC Equity,Convertibles Par,Convertibles Fair,PC Gearing,MonthEnd Price,Price for TS dilution,CurrYrRev(CYR),Rev Res (splits only),Rev Allocation % (splits only),Number,Issued,Purch,Treasury,below NAV,Cash/CashEquiv,GrossGearing,NetGearing,GrossGearingFairCum,NetGearingFairCum,NetCash,From,To,NoRange,GearingNote,Loss,CYR allocation %,SHF per share inc CYR,SHF per share exc CYR,PCNCWNE,PCNCWE,PCCWNE,PCCWE,PCCWETS,PCNCWNEcum,PCNCWEcum,PCCWNEcum,PCCWEcum,PCCWETScum,FCNCWNE,FCNCWE,FCCWNE,FCCWE,FCCWETS,FCNCWNEcum,FCNCWEcum,FCCWNEcum,FCCWEcum,FCCWETScum,PFY,Cash/Cash Equiv.,Fixed Interest,UK ,Cont. Europe,North America,Japan ,Other Pacific,Other ,,,,,,,,,UK ,Cont. Europe,North America,Japan ,Other Pacific,Other ,UK ,Cont. Europe,North America,Japan ,Other Pacific,Other ,Flags,Name,in issue,NAV Par,NAV Fair,Gross Gearing,Net Gearing,Name,in issue,NAV Par,NAV Fair,Gross Gearing,Net Gearing,Total Assets ex CYR,Unlisted Holdings,FootNote,Note,Note,Reported Currency
Global Smaller Companies,Edinburgh Worldwide,Ordinary Share,30/06/2022,GB00BHSRZC82,905484568,101360391,101360391,101360391,101360391,0,0,0,0,0,101360391,173.8,0,-1023181,0,0,397030745,0,2004401,8778507,N/A,2,13,10,13,10,0,,,Y,,N,100,804124177,805147358,202.79,,,,202.17,202.53,,,,201.91,202.79,,,,202.17,202.53,,,,201.91,0.09,2,,14,5,68,3,5,3,,,,,,,,,,,,,,,,,,,,,,,,,,,,,,,,,,906507749,22.09,,RBS £21.3m loan - rate to be provided by lender at interest due date,"2,004,401 shares bought back into Treasury",GBX
Global Smaller Companies,Global Smaller Companies,Ordinary Share,30/06/2022,GB00BKLXD974,908104000,55086373,48464950,55086373,48464950,0,0,0,0,0,55086373,140.2,0,2312000,0,0,545977966,0,1434789,74555804,No,0.6,6,6,6,5,0,0,20,N,,N,100,853017627,850705627,155.81,,,,155.81,156.24,,,,156.24,157.03,,,,157.03,157.45,,,,157.45,1.5,0.6,,25.5,10.4,43.85,7.31,12.34,,,,,,,,,,,,,,,,,,,,,,,,,,,,,,,,,,,905792000,,,,"During the month the Company bought back 1,434,789 ordinary shares to be held in treasury. The cost to the Company was £2.1m.",GBX
Global Smaller Companies,Herald,Ordinary Share,30/06/2022,GB0004228648,1287326245,0,0,0,0,0,0,0,0,0,0,1614,0,-981901,0,0,63195795,0,111400,0,No,4.6,0,0,0,0,0,,,Y,,N,100,1287326245,1288308146,2038.6,,,,,2037.04,,,,,2038.6,,,,,2037.04,,,,,1.01,4.6,4.2,46.4,10.4,23.4,3.4,7.6,,,,,,,,,,,,,,,,,,,,,,,,,,,,,,,,,,,1288308146,0.87,,,"For the month of June 2022, HIT plc (the Company"") purchased for cancellation 111,400 shares at an average price of 1,709 pence per share and a total consideration of £1,968,504",GBX
Global Smaller Companies,Smithson,Ordinary Share,30/06/2022,GB00BGJWTR88,2361330663,0,0,0,0,0,0,0,0,0,0,1185,0,7393867,0,0,176289958,0,418000,818000,No,0.48,0,0,0,0,0,,,Y,,N,100,2361330663,2353936796,1335.26,,,,1335.26,1339.46,,,,1339.46,1335.26,,,,1335.26,1339.46,,,,1339.46,,0.48,,16.94,30.2,43.72,,,8.66,,,,,,,,,,,,,,,,,,,,,,,,,,,,,,,,,,2353936796,,,," During the period 418,000 shares have been repurchased by the Company at a total cost of £5 million. ",GBX
Category,Name,Type,Date,ISIN,Total Assets incl CYR,PC Total Par,PC Total Fair,PC Debt Par,PC Debt Fair,TotLongCashOffset,TotShortCashOffset,PC Equity,Convertibles Par,Convertibles Fair,PC Gearing,MonthEnd Price,Price for TS dilution,CurrYrRev(CYR),Rev Res (splits only),Rev Allocation % (splits only),Number,Issued,Purch,Treasury,below NAV,Cash/CashEquiv,GrossGearing,NetGearing,GrossGearingFairCum,NetGearingFairCum,NetCash,From,To,NoRange,GearingNote,Loss,CYR allocation %,SHF per share inc CYR,SHF per share exc CYR,PCNCWNE,PCNCWE,PCCWNE,PCCWE,PCCWETS,PCNCWNEcum,PCNCWEcum,PCCWNEcum,PCCWEcum,PCCWETScum,FCNCWNE,FCNCWE,FCCWNE,FCCWE,FCCWETS,FCNCWNEcum,FCNCWEcum,FCCWNEcum,FCCWEcum,FCCWETScum,PFY,Cash/Cash Equiv.,Fixed Interest,UK ,Cont. Europe,North America,Japan ,Other Pacific,Other ,Cash/Cash Equiv.,Fixed Interest,UK Listed,UK Unlisted,Cont. Eur Listed,Cont. Eur Unlisted,US Listed,US Unlisted,UK ,Cont. Europe,North America,Japan ,Other Pacific,Other ,UK ,Cont. Europe,North America,Japan ,Other Pacific,Other ,Flags,Name,in issue,NAV Par,NAV Fair,Gross Gearing,Net Gearing,Name,in issue,NAV Par,NAV Fair,Gross Gearing,Net Gearing,Total Assets ex CYR,Unlisted Holdings,FootNote,Note,Note,Reported Currency
Growth Capital,Chrysalis Investments,Ordinary Share,30/06/2022,GG00BGJYPP46,,,,,,,,,,,,,,,,,,,,,,,,,,,,,,,,,,,,,,,,,,,,,,,,,,,,,,,,,,,,,,,,,,,,,,,,,,,,,,,,,,,,,,,,,,,,,,,,,,,,,,,GBX
Growth Capital,Petershill Partners,Ordinary Share,30/06/2022,GB00BL9ZF303,,,,,,,,,,,,,,,,,,,,,,,,,,,,,,,,,,,,,,,,,,,,,,,,,,,,,,,,,,,,,,,,,,,,,,,,,,,,,,,,,,,,,,,,,,,,,,,,,,,,,,,
Growth Capital,Schiehallion,Ordinary Share,30/06/2022,GG00BJ0CDD21,,,,,,,,,,,,,,,,,,,,,,,,,,,,,,,,,,,,,,,,,,,,,,,,,,,,,,,,,,,,,,,,,,,,,,,,,,,,,,,,,,,,,,,,,,,,,,,,,,,,,,,GBX
Growth Capital,Schiehallion C Shares,Ordinary Share,30/06/2022,GG00BMH3TR59,,,,,,,,,,,,,,,,,,,,,,,,,,,,,,,,,,,,,,,,,,,,,,,,,,,,,,,,,,,,,,,,,,,,,,,,,,,,,,,,,,,,,,,,,,,,,,,,,,,,,,,
Growth Capital,Schroder British Opportunities,Ordinary Share,30/06/2022,GB00BN7JZR28,72149181,0,0,0,0,0,0,0,0,0,0,78,0,-839986,0,0,74900000,0,0,100000,Yes,1.71,0,0,0,0,0,,,Y,,N,100,72149181,72989167,97.45,,,,97.42,96.33,,,,96.3,97.45,,,,97.42,96.33,,,,96.3,0.6,1.71,,90.98,5.77,,,,1.54,1.71,,27.79,70.5,,,,,100,,,,,,92.69,5.77,1.54,,,,,,,,,,,,,,,,,72989167,,,,,GBX
Growth Capital,Schroder UK Public Private Trust,Ordinary Share,30/06/2022,GB00BVG1CF25,315914783,0,0,0,0,0,0,0,0,0,0,21.15,0,0,0,0,907869238,0,520000,0,N/A,0.9,0,0,0,0,0,0,20,N,,N,100,315914783,315914783,34.8,,,,,34.8,,,,,34.8,,,,,34.8,,,,,,0.9,,73.91,6.47,18.68,,0.04,,0.9,,25.36,48.55,1.41,5.1,3.95,14.73,,,,,,,,,,,,,,,,,,,,,,,,,,315914783,68.38,,," During the period, 520,000 shares have been repurchased and cancelled by the Company at a total cost of £0.1 million. 
",GBX
Growth Capital,Seraphim Space,Ordinary Share,30/06/2022,GB00BKPG0138,,,,,,,,,,,,,,,,,,,,,,,,,,,,,,,,,,,,,,,,,,,,,,,,,,,,,,,,,,,,,,,,,,,,,,,,,,,,,,,,,,,,,,,,,,,,,,,,,,,,,,,
Category,Name,Type,Date,ISIN,Total Assets incl CYR,PC Total Par,PC Total Fair,PC Debt Par,PC Debt Fair,TotLongCashOffset,TotShortCashOffset,PC Equity,Convertibles Par,Convertibles Fair,PC Gearing,MonthEnd Price,Price for TS dilution,CurrYrRev(CYR),Rev Res (splits only),Rev Allocation % (splits only),Number,Issued,Purch,Treasury,below NAV,Cash/CashEquiv,GrossGearing,NetGearing,GrossGearingFairCum,NetGearingFairCum,NetCash,From,To,NoRange,GearingNote,Loss,CYR allocation %,SHF per share inc CYR,SHF per share exc CYR,PCNCWNE,PCNCWE,PCCWNE,PCCWE,PCCWETS,PCNCWNEcum,PCNCWEcum,PCCWNEcum,PCCWEcum,PCCWETScum,FCNCWNE,FCNCWE,FCCWNE,FCCWE,FCCWETS,FCNCWNEcum,FCNCWEcum,FCCWNEcum,FCCWEcum,FCCWETScum,PFY,Cash/Cash Equiv.,Fixed Interest,UK ,Cont. Europe,North America,Japan ,Other Pacific,Other ,Cash/Cash Equiv.,Long-Short Credit,Long-Short Equities,Event Driven,Multi- Strategy,Macro ,Systematic Volatility,Other ,UK ,Cont. Europe,North America,Japan ,Other Pacific,Other ,UK ,Cont. Europe,North America,Japan ,Other Pacific,Other ,Flags,Name,in issue,NAV Par,NAV Fair,Gross Gearing,Net Gearing,Name,in issue,NAV Par,NAV Fair,Gross Gearing,Net Gearing,Total Assets ex CYR,Unlisted Holdings,FootNote,Note,Note,Reported Currency
Hedge Funds,Alternative Liquidity Fund,Ordinary Share,30/06/2022,GG00BYRGPD65,,,,,,,,,,,,,,,,,,,,,,,,,,,,,,,,,,,,,,,,,,,,,,,,,,,,,,,,,,,,,,,,,,,,,,,,,,,,,,,,,,,,,,,,,,,,,,,,,,,,,,,USD
Hedge Funds,BH Macro,Ordinary Share,30/06/2022,GG00B1NP5142,,,,,,,,,,,,,,,,,,,,,,,,,,,,,,,,,,,,,,,,,,,,,,,,,,,,,,,,,,,,,,,,,,,,,,,,,,,,,,,,,,,,,,,,,,,,,,,,,,,,,,,GBX
Hedge Funds,BH Macro,Ordinary Share,30/06/2022,GG00B1NPGV15,,,,,,,,,,,,,,,,,,,,,,,,,,,,,,,,,,,,,,,,,,,,,,,,,,,,,,,,,,,,,,,,,,,,,,,,,,,,,,,,,,,,,,,,,,,,,,,,,,,,,,,GBX
Hedge Funds,Boussard & Gavaudan Holding,Ordinary Share,30/06/2022,GG00B1FQG453,,,,,,,,,,,,,,,,,,,,,,,,,,,,,,,,,,,,,,,,,,,,,,,,,,,,,,,,,,,,,,,,,,,,,,,,,,,,,,,,,,,,,,,,,,,,,,,,,,,,,,,GBX
Hedge Funds,Boussard & Gavaudan Holding,Ordinary Share,30/06/2022,GG00B39VMM07,,,,,,,,,,,,,,,,,,,,,,,,,,,,,,,,,,,,,,,,,,,,,,,,,,,,,,,,,,,,,,,,,,,,,,,,,,,,,,,,,,,,,,,,,,,,,,,,,,,,,,,GBX
Hedge Funds,Gabelli Merger Plus+,Ordinary Share,30/06/2022,GB00BD8P0741,,,,,,,,,,,,,,,,,,,,,,,,,,,,,,,,,,,,,,,,,,,,,,,,,,,,,,,,,,,,,,,,,,,,,,,,,,,,,,,,,,,,,,,,,,,,,,,,,,,,,,,
Hedge Funds,Third Point Investors,Ordinary Share,30/06/2022,GG00B1YQ7219,,,,,,,,,,,,,,,,,,,,,,,,,,,,,,,,,,,,,,,,,,,,,,,,,,,,,,,,,,,,,,,,,,,,,,,,,,,,,,,,,,,,,,,,,,,,,,,,,,,,,,,GBX
Category,Name,Type,Date,ISIN,Total Assets incl CYR,PC Total Par,PC Total Fair,PC Debt Par,PC Debt Fair,TotLongCashOffset,TotShortCashOffset,PC Equity,Convertibles Par,Convertibles Fair,PC Gearing,MonthEnd Price,Price for TS dilution,CurrYrRev(CYR),Rev Res (splits only),Rev Allocation % (splits only),Number,Issued,Purch,Treasury,below NAV,Cash/CashEquiv,GrossGearing,NetGearing,GrossGearingFairCum,NetGearingFairCum,NetCash,From,To,NoRange,GearingNote,Loss,CYR allocation %,SHF per share inc CYR,SHF per share exc CYR,PCNCWNE,PCNCWE,PCCWNE,PCCWE,PCCWETS,PCNCWNEcum,PCNCWEcum,PCCWNEcum,PCCWEcum,PCCWETScum,FCNCWNE,FCNCWE,FCCWNE,FCCWE,FCCWETS,FCNCWNEcum,FCNCWEcum,FCCWNEcum,FCCWEcum,FCCWETScum,PFY,Cash/Cash Equiv.,Fixed Interest,India ,Cont. Europe,North America,,Other Pacific,Other ,,,,,,,,,India ,Cont. Europe,North America,,Other Pacific,Other ,India ,Cont. Europe,North America,,Other Pacific,Other ,Flags,Name,in issue,NAV Par,NAV Fair,Gross Gearing,Net Gearing,Name,in issue,NAV Par,NAV Fair,Gross Gearing,Net Gearing,Total Assets ex CYR,Unlisted Holdings,FootNote,Note,Note,Reported Currency
India,Aberdeen New India,Ordinary Share,30/06/2022,GB0006048770,400553032,30000000,30000000,30000000,30000000,0,0,0,0,0,30000000,524,0,406996,0,0,57577097,0,70819,1493043,No,-1.29,8,9,8,9,0,,,Y,,N,100,370553032,370146036,642.87,,,,642.87,643.58,,,,643.58,642.87,,,,642.87,643.58,,,,643.58,1.41,-1.29,,101.29,,,,,,,,,,,,,,,,,,,,,,,,,,,,,,,,,,,,,,,400146036,,,,,GBX
India,Ashoka India Equity,Ordinary Share,30/06/2022,GB00BF50VS41,187386698,0,0,0,0,0,0,0,0,0,0,175,0,6083,0,0,107567672,827608,0,0,N/A,2.15,0,0,0,0,0,,,Y,,N,100,187386698,187380615,174.2,,,,,174.2,,,,,174.2,,,,,174.2,,,,,,2.15,,,,,,,97.85,,,,,,,,,97,1,2,,,,97,1,2,,,,,,,,,,,,,,,,,187380615,,,,,GBX
India,India Capital Growth,Ordinary Share,30/06/2022,GB00B0P8RJ60,,,,,,,,,,,,,,,,,,,,,,,,,,,,,,,,,,,,,,,,,,,,,,,,,,,,,,,,,,,,,,,,,,,,,,,,,,,,,,,,,,,,,,,,,,,,,,,,,,,,,,,GBX
India,JPMorgan Indian,Ordinary Share,30/06/2022,GB0003450359,719891087,8823575,8823575,8823575,8823575,0,0,0,0,0,8823575,754,0,890591,0,0,76321940,0,35000,23116911,No,1.57,1,0,1,0,0,0,15,N,,Y,100,711067512,710176921,,,,,,931.67,,,,931.67,,,,,,931.67,,,,931.67,1.36,1.57,,98.43,,,,,,,,,,,,,,,,,,,,,,,,,,,,,,,,,,,,,,,719000496,,,,,GBX
Category,Name,Type,Date,ISIN,Total Assets incl CYR,PC Total Par,PC Total Fair,PC Debt Par,PC Debt Fair,TotLongCashOffset,TotShortCashOffset,PC Equity,Convertibles Par,Convertibles Fair,PC Gearing,MonthEnd Price,Price for TS dilution,CurrYrRev(CYR),Rev Res (splits only),Rev Allocation % (splits only),Number,Issued,Purch,Treasury,below NAV,Cash/CashEquiv,GrossGearing,NetGearing,GrossGearingFairCum,NetGearingFairCum,NetCash,From,To,NoRange,GearingNote,Loss,CYR allocation %,SHF per share inc CYR,SHF per share exc CYR,PCNCWNE,PCNCWE,PCCWNE,PCCWE,PCCWETS,PCNCWNEcum,PCNCWEcum,PCCWNEcum,PCCWEcum,PCCWETScum,FCNCWNE,FCNCWE,FCCWNE,FCCWE,FCCWETS,FCNCWNEcum,FCNCWEcum,FCCWNEcum,FCCWEcum,FCCWETScum,PFY,Cash/Cash Equiv.,Fixed Interest,UK ,Cont. Europe,North America,Japan ,Other Pacific,Other ,,,,,,,,,UK ,Cont. Europe,North America,Japan ,Other Pacific,Other ,UK ,Cont. Europe,North America,Japan ,Other Pacific,Other ,Flags,Name,in issue,NAV Par,NAV Fair,Gross Gearing,Net Gearing,Name,in issue,NAV Par,NAV Fair,Gross Gearing,Net Gearing,Total Assets ex CYR,Unlisted Holdings,FootNote,Note,Note,Reported Currency
Infrastructure,3i Infrastructure,Ordinary Share,30/06/2022,JE00BF5FX167,,,,,,,,,,,,,,,,,,,,,,,,,,,,,,,,,,,,,,,,,,,,,,,,,,,,,,,,,,,,,,,,,,,,,,,,,,,,,,,,,,,,,,,,,,,,,,,,,,,,,,,GBX
Infrastructure,BBGI Global Infrastructure S.A.,Ordinary Share,30/06/2022,LU0686550053,,,,,,,,,,,,,,,,,,,,,,,,,,,,,,,,,,,,,,,,,,,,,,,,,,,,,,,,,,,,,,,,,,,,,,,,,,,,,,,,,,,,,,,,,,,,,,,,,,,,,,,GBX
Infrastructure,Cordiant Digital Infrastructure,Ordinary Share,30/06/2022,GG00BMC7TM77,,,,,,,,,,,,,,,,,,,,,,,,,,,,,,,,,,,,,,,,,,,,,,,,,,,,,,,,,,,,,,,,,,,,,,,,,,,,,,,,,,,,,,,,,,,,,,,,,,,,,,,
Infrastructure,Digital 9 Infrastructure ,Ordinary Share,30/06/2022,JE00BMDKH437,,,,,,,,,,,,,,,,,,,,,,,,,,,,,,,,,,,,,,,,,,,,,,,,,,,,,,,,,,,,,,,,,,,,,,,,,,,,,,,,,,,,,,,,,,,,,,,,,,,,,,,
Infrastructure,GCP Infrastructure Investments,Ordinary Share,30/06/2022,JE00B6173J15,,,,,,,,,,,,,,,,,,,,,,,,,,,,,,,,,,,,,,,,,,,,,,,,,,,,,,,,,,,,,,,,,,,,,,,,,,,,,,,,,,,,,,,,,,,,,,,,,,,,,,,GBX
Infrastructure,HICL Infrastructure,Ordinary Share,30/06/2022,GB00BJLP1Y77,,,,,,,,,,,,,,,,,,,,,,,,,,,,,,,,,,,,,,,,,,,,,,,,,,,,,,,,,,,,,,,,,,,,,,,,,,,,,,,,,,,,,,,,,,,,,,,,,,,,,,,GBX
Infrastructure,International Public Partnerships,Ordinary Share,30/06/2022,GB00B188SR50,,,,,,,,,,,,,,,,,,,,,,,,,,,,,,,,,,,,,,,,,,,,,,,,,,,,,,,,,,,,,,,,,,,,,,,,,,,,,,,,,,,,,,,,,,,,,,,,,,,,,,,GBX
Infrastructure,Pantheon Infrastructure,Ordinary Share,30/06/2022,GB00BLNNFL88,,,,,,,,,,,,,,,,,,,,,,,,,,,,,,,,,,,,,,,,,,,,,,,,,,,,,,,,,,,,,,,,,,,,,,,,,,,,,,,,,,,,,,,,,,,,,,,,,,,,,,,
Infrastructure,Sequoia Economic Infrastructure Income,Ordinary Share,30/06/2022,GG00BV54HY67,,,,,,,,,,,,,,,,,,,,,,,,,,,,,,,,,,,,,,,,,,,,,,,,,,,,,,,,,,,,,,,,,,,,,,,,,,,,,,,,,,,,,,,,,,,,,,,,,,,,,,,GBP
Category,Name,Type,Date,ISIN,Total Assets incl CYR,PC Total Par,PC Total Fair,PC Debt Par,PC Debt Fair,TotLongCashOffset,TotShortCashOffset,PC Equity,Convertibles Par,Convertibles Fair,PC Gearing,MonthEnd Price,Price for TS dilution,CurrYrRev(CYR),Rev Res (splits only),Rev Allocation % (splits only),Number,Issued,Purch,Treasury,below NAV,Cash/CashEquiv,GrossGearing,NetGearing,GrossGearingFairCum,NetGearingFairCum,NetCash,From,To,NoRange,GearingNote,Loss,CYR allocation %,SHF per share inc CYR,SHF per share exc CYR,PCNCWNE,PCNCWE,PCCWNE,PCCWE,PCCWETS,PCNCWNEcum,PCNCWEcum,PCCWNEcum,PCCWEcum,PCCWETScum,FCNCWNE,FCNCWE,FCCWNE,FCCWE,FCCWETS,FCNCWNEcum,FCNCWEcum,FCCWNEcum,FCCWEcum,FCCWETScum,PFY,Cash/Cash Equiv.,Fixed Interest,UK ,Cont. Europe,North America,Japan ,Other Pacific,Other ,,,,,,,,,UK ,Cont. Europe,North America,Japan ,Other Pacific,Other ,UK ,Cont. Europe,North America,Japan ,Other Pacific,Other ,Flags,Name,in issue,NAV Par,NAV Fair,Gross Gearing,Net Gearing,Name,in issue,NAV Par,NAV Fair,Gross Gearing,Net Gearing,Total Assets ex CYR,Unlisted Holdings,FootNote,Note,Note,Reported Currency
Infrastructure Securities,Ecofin Global Utilities and Infrastructure,Ordinary Share,30/06/2022,GB00BD3V4641,261426615,36433497,36433497,36433497,36433497,0,0,0,0,0,36433497,211,0,1625155,0,0,105687423,2570000,0,0,No,2.76,16,13,16,13,0,0,25,N,,N,100,224993118,223367963,211.35,,,,,212.89,,,,,211.35,,,,,212.89,,,,,,2.76,,11.35,38.9,39.62,,7.37,,,,,,,,,,,,,,,,,,,,,,,,,,,,,,,,,,,259801460,,,,,GBX
Infrastructure Securities,Premier Miton Global Renewables,Ordinary Share,30/06/2022,GB0033537902,51953890,15355891,15355891,0,0,0,0,0,0,0,15355891,175.5,0,402945,860667,0,18238480,0,0,0,N/A,1.02,42,41,42,41,0,,,Y,,N,100,36597999,36195054,198.45,,,,,200.66,,,,,198.45,,,,,200.66,,,,,3.82,1.02,0,42.38,24.41,14.35,0,16.93,0.91,,,,,,,,,,,,,,,,,,,,,d,,,,,,,,,,,,,51550945,,Final dividend of 1.75p per share (total £319K) went ex-dividend on 01 June 2022; pay-date: 30 June 2022,,,GBX
Infrastructure Securities,Premier Miton Global Renewables,Premier Miton Glb Renewables ZDP 2025,30/06/2022,GB00BNG43G36,51953890,0,0,0,0,0,0,0,0,0,0,107.5,0,0,860667,0,14217339,0,0,0,N/A,1.02,0,0,0,0,0,,,Y,,N,0,15355891,15355891,108.01,,,,,108.01,,,,,108.01,,,,,108.01,,,,,,1.02,0,42.38,24.41,14.35,0,16.93,0.91,,,,,,,,,,,,,,,,,,,,,d,,,,,,,,,,,,,51550945,,Final dividend of 1.75p per share (total £319K) went ex-dividend on 01 June 2022; pay-date: 30 June 2022,,,GBX
Category,Name,Type,Date,ISIN,Total Assets incl CYR,PC Total Par,PC Total Fair,PC Debt Par,PC Debt Fair,TotLongCashOffset,TotShortCashOffset,PC Equity,Convertibles Par,Convertibles Fair,PC Gearing,MonthEnd Price,Price for TS dilution,CurrYrRev(CYR),Rev Res (splits only),Rev Allocation % (splits only),Number,Issued,Purch,Treasury,below NAV,Cash/CashEquiv,GrossGearing,NetGearing,GrossGearingFairCum,NetGearingFairCum,NetCash,From,To,NoRange,GearingNote,Loss,CYR allocation %,SHF per share inc CYR,SHF per share exc CYR,PCNCWNE,PCNCWE,PCCWNE,PCCWE,PCCWETS,PCNCWNEcum,PCNCWEcum,PCCWNEcum,PCCWEcum,PCCWETScum,FCNCWNE,FCNCWE,FCCWNE,FCCWE,FCCWETS,FCNCWNEcum,FCNCWEcum,FCCWNEcum,FCCWEcum,FCCWETScum,PFY,Cash/Cash Equiv.,Fixed Interest,UK ,Cont. Europe,North America,Japan ,Pacific ,Other ,Cash/Cash Equiv.,Fixed Interest,Jap Prime Market,Jap Stand. Market,Jap Growth Market,Jap OTC/ Region,Other ,TA Yen Exposure,UK ,Cont. Europe,North America,Japan ,Pacific ,Other ,UK ,Cont. Europe,North America,Japan ,Pacific ,Other ,Flags,Name,in issue,NAV Par,NAV Fair,Gross Gearing,Net Gearing,Name,in issue,NAV Par,NAV Fair,Gross Gearing,Net Gearing,Total Assets ex CYR,Unlisted Holdings,FootNote,Note,Note,Reported Currency
Japan,abrdn Japan,Ordinary Share,30/06/2022,GB0003920757,90055123,10301377,10301377,10301377,10301377,0,0,0,0,0,10301377,535,0,0,0,0,12559910,0,0,3261662,No,-0.57,13,14,13,14,0,0,15,N,,N,100,79753746,79753746,634.99,,,,634.99,634.99,,,,634.99,634.99,,,,634.99,634.99,,,,634.99,2.6,-0.57,,,,,100.57,,,-0.57,,,96.65,1.68,,2.24,0,,,,,,,,,,,,,,,,,,,,,,,,,,90055123,,,,,GBX
Japan,Baillie Gifford Japan,Ordinary Share,30/06/2022,GB0000485838,856208345,146070256,146913619,146070256,146913619,0,0,0,0,0,146070256,701,0,11517228,0,0,94191459,0,105000,136750,No,1,21,19,21,20,0,,,Y,,N,100,710138089,698620861,741.7,,,,741.7,753.93,,,,753.93,740.81,,,,740.81,753.04,,,,753.04,2.3,1,,,,,99,,,1,,,91,,8,,100,,,,,,,,,,,,,,,,,,,,,,,,,,844691117,,,,,GBX
Japan,CC Japan Income & Growth,Ordinary Share,30/06/2022,GB00BYSRMH16,246961995,40592817,40592817,40592817,40592817,40592817,0,0,0,0,40592817,136,0,3587348,0,0,134730610,0,0,0,N/A,-0.11,20,20,20,20,0,0,25,N,,N,100,206369178,202781830,150.51,,,,,153.17,,,,,150.51,,,,,153.17,,,,,,-0.11,,,,,100.11,,,-0.11,,96.93,1.44,,,1.74,0,,,,100,,,,,,100,,,,,,,,,,,,,,,,243374647,,,,,GBX
Japan,Fidelity Japan,Ordinary Share,30/06/2022,GB0003328555,264744193,51212571,51212571,51212571,51212571,51212571,0,0,0,0,51212571,149,0,-491912,0,0,129826894,0,0,6334801,No,-0.59,24,25,24,25,0,0,30,N,,Y,100,213531622,214023534,,,,,,164.47,,,,164.47,,,,,,164.47,,,,164.47,,-0.59,,,,,100.59,,,-0.59,,63.05,4.81,6.31,,26.42,0,,,,,,,,,,,,,z,,,,,,,,,,,,,265236105,8.16,,,,GBX
Japan,JPMorgan Japanese,Ordinary Share,30/06/2022,GB0001740025,828704718,117728838,117400322,117728838,117400322,0,0,0,0,0,117728838,424.5,0,6760083,0,0,155836489,0,72000,5339589,No,2.54,17,14,17,14,0,0,20,N,,N,100,710975880,704215797,451.89,,,,451.89,456.23,,,,456.23,452.1,,,,452.1,456.44,,,,456.44,1.4,2.54,,,,,97.46,,,2.54,,,90.96,,4,2.5,100,,,,,,,,,,,,,,,,,,,,,,,,,,821944635,,,,,GBX
Japan,Schroder Japan Growth,Ordinary Share,30/06/2022,GB0008022849,304825082,36366037,36366037,36366037,36366037,0,0,0,0,0,36366037,189.5,0,6199988,0,0,122075562,0,0,0,N/A,2.02,14,11,14,11,0,,,Y,,N,100,268459045,262259057,214.83,,,,,219.91,,,,,214.83,,,,,219.91,,,,,3,2.02,,,,,97.98,,,2.02,,,97.98,,,,0,100,,,,,,2.02,,,97.98,,,,,,,,,,,,,,,,298625094,,,,,GBX
Category,Name,Type,Date,ISIN,Total Assets incl CYR,PC Total Par,PC Total Fair,PC Debt Par,PC Debt Fair,TotLongCashOffset,TotShortCashOffset,PC Equity,Convertibles Par,Convertibles Fair,PC Gearing,MonthEnd Price,Price for TS dilution,CurrYrRev(CYR),Rev Res (splits only),Rev Allocation % (splits only),Number,Issued,Purch,Treasury,below NAV,Cash/CashEquiv,GrossGearing,NetGearing,GrossGearingFairCum,NetGearingFairCum,NetCash,From,To,NoRange,GearingNote,Loss,CYR allocation %,SHF per share inc CYR,SHF per share exc CYR,PCNCWNE,PCNCWE,PCCWNE,PCCWE,PCCWETS,PCNCWNEcum,PCNCWEcum,PCCWNEcum,PCCWEcum,PCCWETScum,FCNCWNE,FCNCWE,FCCWNE,FCCWE,FCCWETS,FCNCWNEcum,FCNCWEcum,FCCWNEcum,FCCWEcum,FCCWETScum,PFY,Cash/Cash Equiv.,Fixed Interest,UK ,Cont. Europe,North America,Japan ,Pacific ,Other ,Cash/Cash Equiv.,Fixed Interest,Jap Prime Market,Jap Stand. Market,Jap Growth Market,Jap OTC/ Region,Other ,TA Yen Exposure,UK ,Cont. Europe,North America,Japan ,Pacific ,Other ,UK ,Cont. Europe,North America,Japan ,Pacific ,Other ,Flags,Name,in issue,NAV Par,NAV Fair,Gross Gearing,Net Gearing,Name,in issue,NAV Par,NAV Fair,Gross Gearing,Net Gearing,Total Assets ex CYR,Unlisted Holdings,FootNote,Note,Note,Reported Currency
Japanese Smaller Companies,Atlantis Japan Growth,Ordinary Share,30/06/2022,GG00B61ND550,,,,,,,,,,,,,,,,,,,,,,,,,,,,,,,,,,,,,,,,,,,,,,,,,,,,,,,,,,,,,,,,,,,,,,,,,,,,,,,,,,,,,,,,,,,,,,,,,,,,,,,GBX
Japanese Smaller Companies,AVI Japan Opportunity,Ordinary Share,30/06/2022,GB00BD6H5D36,166767265,17759728,17759728,17759728,17759728,0,0,0,0,0,17759728,105.5,0,1611081,0,0,137461702,250000,0,0,N/A,10.36,12,0,12,0,0,0,20,N,,N,100,149007537,147396456,107.23,,,,,108.4,,,,,107.23,,,,,108.4,,,,,1.98,10.36,,,,,89.64,,,10.36,,64.89,20.15,4.6,,,0,11,,,89,,,1,,,99,,,/,,,,,,,,,,,,,165156184,,,"On 05/04/19 AVI Japan Opportunity Trust Plc entered into a new 364 day 1.465 billion Yen unsecured revolving credit facility. Interest is payable at a rate equal to LIBOR + 0.75%. The company drew down the facility in full on 10/04/19. On 10/10/19 the facility was increased to 2.930 billion Yen and on 16/10/19 a further 130 million Yen was drawn down, resulting in a facility utilisation of 1.595 billion Yen. on 05/11/19 a further 703 million Yen was drawn down, resulting in a facility utilisation of 2.2975 billion Yen. On 01/04/20 the facility limit was increased to 4.330 billion Yen. On 1st April 2020 the company entered into an amendment agreement which extended the maturity date of the facility to 2nd April 2021. The facility agreement was extended by a further year on 2nd February 2022.",On 20/06/22 the Company issued 250000 shares at a price of 107p per share.,GBX
Japanese Smaller Companies,Baillie Gifford Shin Nippon,Ordinary Share,30/06/2022,GB00BFXYH242,566967237,85460191,85206391,85460191,85206391,0,0,0,0,0,85460191,142,0,2320409,0,0,314252485,0,0,0,No,3,18,14,18,14,0,,,Y,,N,100,481507046,479186637,152.48,,,,,153.22,,,,,152.57,,,,,153.3,,,,,1.1,3,,,,,97,,,3,,,78,3,16,,100,,,,,,,,,,,,,,,,,,,,,,,,,,564646828,2.6,,,,GBX
Japanese Smaller Companies,JPMorgan Japan Small Cap Growth & Income,Ordinary Share,30/06/2022,GB0003165817,210081723,24244026,24244026,24244026,24244026,0,0,0,0,0,24244026,310,0,3182429,0,0,54510339,0,0,1434221,No,6.84,13,5,13,5,0,0,20,N,,Y,100,185837697,182655268,,,,,,340.92,,,,340.92,,,,,,340.92,,,,340.92,1.9,6.84,,,,,93.16,,,6.84,,,79.88,1,7.59,4.69,100,,,,,,,,,,,,,,,,,,,,,,,,,,206899294,,,,,GBX
Japanese Smaller Companies,Nippon Active Value,Ordinary Share,30/06/2022,GB00BKLGLS10,136793601,0,0,0,0,0,0,0,0,0,0,104.5,0,2665781,0,0,113021433,0,0,0,N/A,7,0,0,0,0,0,0,20,N,,N,100,136793601,134127820,118.67,,,,,121.03,,,,,118.67,,,,,121.03,,,,,1.3,7,,,,,93,,,7,,,93,,,,0,,,,100,,,,,,100,,,,,,,,,,,,,,,,134127820,,,,,GBX
Category,Name,Type,Date,ISIN,Total Assets incl CYR,PC Total Par,PC Total Fair,PC Debt Par,PC Debt Fair,TotLongCashOffset,TotShortCashOffset,PC Equity,Convertibles Par,Convertibles Fair,PC Gearing,MonthEnd Price,Price for TS dilution,CurrYrRev(CYR),Rev Res (splits only),Rev Allocation % (splits only),Number,Issued,Purch,Treasury,below NAV,Cash/CashEquiv,GrossGearing,NetGearing,GrossGearingFairCum,NetGearingFairCum,NetCash,From,To,NoRange,GearingNote,Loss,CYR allocation %,SHF per share inc CYR,SHF per share exc CYR,PCNCWNE,PCNCWE,PCCWNE,PCCWE,PCCWETS,PCNCWNEcum,PCNCWEcum,PCCWNEcum,PCCWEcum,PCCWETScum,FCNCWNE,FCNCWE,FCCWNE,FCCWE,FCCWETS,FCNCWNEcum,FCNCWEcum,FCCWNEcum,FCCWEcum,FCCWETScum,PFY,Cash/Cash Equiv.,Fixed Interest,Argen tina,Brazil ,Chile ,Colum bia,Mexico ,Other ,,,,,,,,,Argen tina,Brazil ,Chile ,Colum bia,Mexico ,Other ,Argen tina,Brazil ,Chile ,Colum bia,Mexico ,Other ,Flags,Name,in issue,NAV Par,NAV Fair,Gross Gearing,Net Gearing,Name,in issue,NAV Par,NAV Fair,Gross Gearing,Net Gearing,Total Assets ex CYR,Unlisted Holdings,FootNote,Note,Note,Reported Currency
Latin America,abrdn Latin American Income,Ordinary Share,30/06/2022,JE00B44ZTP62,38380975,5500000,5500000,5500000,5500000,0,0,0,0,0,5500000,53,0,1081478,0,0,57113324,0,0,6107500,No,2.94,17,13,17,13,0,0,20,N,,N,100,32880975,31799497,55.68,,,,55.68,57.57,,,,57.57,55.68,,,,55.68,57.57,,,,57.57,8.31,2.94,37.38,1.03,35.11,4.3,,18.35,0.89,,,,,,,,,,,,,,,,,,,,,,,,,,,,,,,,,,37299497,,,,,GBX
Latin America,BlackRock Latin American,Ordinary Share,30/06/2022,GB0005058408,122037450,10687242,10687242,10687242,10687242,0,0,0,0,0,10687242,355,0,4210272,0,0,29448641,0,0,2181662,No,-0.18,10,10,10,10,0,0,25,N,,N,100,111350208,107139936,363.82,,,,363.82,378.12,,,,378.12,363.82,,,,363.82,378.12,,,,378.12,6.09,-0.18,0,2.26,58.93,5.91,,28.48,4.6,,,,,,,,,,,,,,,,,,,,,,,,,,,,,,,,,,117827178,0,,,,GBX
Category,Name,Type,Date,ISIN,Total Assets incl CYR,PC Total Par,PC Total Fair,PC Debt Par,PC Debt Fair,TotLongCashOffset,TotShortCashOffset,PC Equity,Convertibles Par,Convertibles Fair,PC Gearing,MonthEnd Price,Price for TS dilution,CurrYrRev(CYR),Rev Res (splits only),Rev Allocation % (splits only),Number,Issued,Purch,Treasury,below NAV,Cash/CashEquiv,GrossGearing,NetGearing,GrossGearingFairCum,NetGearingFairCum,NetCash,From,To,NoRange,GearingNote,Loss,CYR allocation %,SHF per share inc CYR,SHF per share exc CYR,PCNCWNE,PCNCWE,PCCWNE,PCCWE,PCCWETS,PCNCWNEcum,PCNCWEcum,PCCWNEcum,PCCWEcum,PCCWETScum,FCNCWNE,FCNCWE,FCCWNE,FCCWE,FCCWETS,FCNCWNEcum,FCNCWEcum,FCCWNEcum,FCCWEcum,FCCWETScum,PFY,Cash/Cash Equiv.,Fixed Interest,UK ,Cont. Europe,North America,Japan ,Other Pacific,Other ,,,,,,,,,UK ,Cont. Europe,North America,Japan ,Other Pacific,Other ,UK ,Cont. Europe,North America,Japan ,Other Pacific,Other ,Flags,Name,in issue,NAV Par,NAV Fair,Gross Gearing,Net Gearing,Name,in issue,NAV Par,NAV Fair,Gross Gearing,Net Gearing,Total Assets ex CYR,Unlisted Holdings,FootNote,Note,Note,Reported Currency
Leasing,Amedeo Air Four Plus,Ordinary Share,30/06/2022,GG00BMZQ5R81,,,,,,,,,,,,,,,,,,,,,,,,,,,,,,,,,,,,,,,,,,,,,,,,,,,,,,,,,,,,,,,,,,,,,,,,,,,,,,,,,,,,,,,,,,,,,,,,,,,,,,,GBX
Leasing,Doric Nimrod Air Three,Ordinary Share,30/06/2022,GG00B92LHN58,,,,,,,,,,,,,,,,,,,,,,,,,,,,,,,,,,,,,,,,,,,,,,,,,,,,,,,,,,,,,,,,,,,,,,,,,,,,,,,,,,,,,,,,,,,,,,,,,,,,,,,
Leasing,DP Aircraft I,Ordinary Share,30/06/2022,GG00BBP6HP33,,,,,,,,,,,,,,,,,,,,,,,,,,,,,,,,,,,,,,,,,,,,,,,,,,,,,,,,,,,,,,,,,,,,,,,,,,,,,,,,,,,,,,,,,,,,,,,,,,,,,,,GBX
Leasing,Taylor Maritime Investments,Ordinary Share,30/06/2022,GG00BP2NJT37,,,,,,,,,,,,,,,,,,,,,,,,,,,,,,,,,,,,,,,,,,,,,,,,,,,,,,,,,,,,,,,,,,,,,,,,,,,,,,,,,,,,,,,,,,,,,,,,,,,,,,,
Leasing,Tufton Oceanic Assets,Ordinary Share,30/06/2022,GG00BDFC1649,,,,,,,,,,,,,,,,,,,,,,,,,,,,,,,,,,,,,,,,,,,,,,,,,,,,,,,,,,,,,,,,,,,,,,,,,,,,,,,,,,,,,,,,,,,,,,,,,,,,,,,
Category,Name,Type,Date,ISIN,Total Assets incl CYR,PC Total Par,PC Total Fair,PC Debt Par,PC Debt Fair,TotLongCashOffset,TotShortCashOffset,PC Equity,Convertibles Par,Convertibles Fair,PC Gearing,MonthEnd Price,Price for TS dilution,CurrYrRev(CYR),Rev Res (splits only),Rev Allocation % (splits only),Number,Issued,Purch,Treasury,below NAV,Cash/CashEquiv,GrossGearing,NetGearing,GrossGearingFairCum,NetGearingFairCum,NetCash,From,To,NoRange,GearingNote,Loss,CYR allocation %,SHF per share inc CYR,SHF per share exc CYR,PCNCWNE,PCNCWE,PCCWNE,PCCWE,PCCWETS,PCNCWNEcum,PCNCWEcum,PCCWNEcum,PCCWEcum,PCCWETScum,FCNCWNE,FCNCWE,FCCWNE,FCCWE,FCCWETS,FCNCWNEcum,FCNCWEcum,FCCWNEcum,FCCWEcum,FCCWETScum,PFY,Cash/Cash Equiv.,Fixed Interest,UK ,Cont. Europe,North America,Japan ,Other Pacific,Other ,,,,,,,,,UK ,Cont. Europe,North America,Japan ,Other Pacific,Other ,UK ,Cont. Europe,North America,Japan ,Other Pacific,Other ,Flags,Name,in issue,NAV Par,NAV Fair,Gross Gearing,Net Gearing,Name,in issue,NAV Par,NAV Fair,Gross Gearing,Net Gearing,Total Assets ex CYR,Unlisted Holdings,FootNote,Note,Note,Reported Currency
Liquidity Funds,Invesco Select Managed Liquidity,Ordinary Share,30/06/2022,GB00B1DQ6704,1323842,0,0,0,0,0,0,0,0,0,0,97,0,3324,0,0,1238254,0,0,9313678,No,-8.95,0,9,0,9,0,,,Y,,N,100,1323842,1320518,106.64,,,,106.64,106.91,,,,106.91,106.64,,,,106.64,106.91,,,,106.91,0.53,-8.95,,,108.95,,,,,,,,,,,,,,,,,,,,,,,,,,,,,,,,,,,,,,1320518,,,,,GBX
Liquidity Funds,JPMorgan Elect Managed Cash,Ordinary Share,30/06/2022,GB0034080092,7662510,10559,10559,10559,10559,0,0,0,0,0,10559,101.75,0,14776,0,0,7444020,0,0,0,No,100,0,0,0,0,100,,,Y,,N,100,7651951,7637175,102.59,,,,,102.79,,,,,102.59,,,,,102.79,,,,,0.37,100,,,,,,,,,,,,,,,,,,,,,,,,,,,,,,,,,,,,,,,,,7647734,,,,,GBX
Category,Name,Type,Date,ISIN,Total Assets incl CYR,PC Total Par,PC Total Fair,PC Debt Par,PC Debt Fair,TotLongCashOffset,TotShortCashOffset,PC Equity,Convertibles Par,Convertibles Fair,PC Gearing,MonthEnd Price,Price for TS dilution,CurrYrRev(CYR),Rev Res (splits only),Rev Allocation % (splits only),Number,Issued,Purch,Treasury,below NAV,Cash/CashEquiv,GrossGearing,NetGearing,GrossGearingFairCum,NetGearingFairCum,NetCash,From,To,NoRange,GearingNote,Loss,CYR allocation %,SHF per share inc CYR,SHF per share exc CYR,PCNCWNE,PCNCWE,PCCWNE,PCCWE,PCCWETS,PCNCWNEcum,PCNCWEcum,PCCWNEcum,PCCWEcum,PCCWETScum,FCNCWNE,FCNCWE,FCCWNE,FCCWE,FCCWETS,FCNCWNEcum,FCNCWEcum,FCCWNEcum,FCCWEcum,FCCWETScum,PFY,Cash/Cash Equiv.,Fixed Interest,UK ,United States,Canada ,Mexico ,North America,Other ,Cash/Cash Equiv.,Fixed Interest,UK Equities,S&P 500 ,Other US Equities,Other Equities,Other ,TA $ Exposure,UK ,United States,Canada ,Mexico ,North America,Other ,UK ,United States,Canada ,Mexico ,North America,Other ,Flags,Name,in issue,NAV Par,NAV Fair,Gross Gearing,Net Gearing,Name,in issue,NAV Par,NAV Fair,Gross Gearing,Net Gearing,Total Assets ex CYR,Unlisted Holdings,FootNote,Note,Note,Reported Currency
North America,Baillie Gifford US Growth,Ordinary Share,30/06/2022,GB00BDFGHW41,593268974,41170900,40371326,41170900,40371326,0,0,0,0,0,41170900,149.8,0,-5945039,0,0,305153700,0,0,2206300,N/A,0,7,7,7,7,0,,,Y,,N,100,552098074,558043113,182.87,,,,182.64,180.92,,,,180.7,183.13,,,,182.9,181.19,,,,180.96,0.1,,,1,99,,,,,,,,22,71,6,1,100,,,,,,,,,,,,,,,,,,,,,,,,,,599214013,38.21,,,,GBX
North America,BlackRock Sustainable American Income,Ordinary Share,30/06/2022,GB00B7W0XJ61,166502272,3560082,3560082,3560082,3560082,0,0,0,0,0,3560082,187,0,277683,0,0,80229044,0,0,20132261,No,-0.76,2,3,2,3,0,0,20,N,,N,100,162942190,162664507,202.75,,,,202.75,203.1,,,,203.1,202.75,,,,202.75,203.1,,,,203.1,2.67,-0.76,,5.85,81.33,2.12,,,11.46,-0.76,,5.85,81.33,2.12,,11.46,0,,,,,,,,,,,,,,,,,,,,,,,,,,166224589,,,,,GBX
North America,Canadian General Investments,Ordinary Share,30/06/2022,,,,,,,,,,,,,,,,,,,,,,,,,,,,,,,,,,,,,,,,,,,,,,,,,,,,,,,,,,,,,,,,,,,,,,,,,,,,,,,,,,,,,,,,,,,,,,,,,,,,,,,,GBX
North America,JPMorgan American,Ordinary Share,30/06/2022,GB00BKZGVH64,1449295792,114890000,103485238,114890000,103485238,0,0,0,0,0,114890000,677,0,7461256,0,0,191600405,0,533850,89384976,No,2.6,9,6,8,5,0,,,Y,,N,100,1334405792,1326944536,692.56,,,,692.56,696.45,,,,696.45,698.51,,,,698.51,702.4,,,,702.4,1.71,2.6,,,97.4,,,,,2.6,,,97.4,,,,100,,,,,,,,,,,,,,,,,,,,,,,,,,1441834536,,,,,GBX
North America,Middlefield Canadian Income Trust,Ordinary Share,30/06/2022,GB00B15PV034,,,,,,,,,,,,,,,,,,,,,,,,,,,,,,,,,,,,,,,,,,,,,,,,,,,,,,,,,,,,,,,,,,,,,,,,,,,,,,,,,,,,,,,,,,,,,,,,,,,,,,,GBX
North America,North American Income,Ordinary Share,30/06/2022,GB00BJ00Z303,481748591,41093734,40719202,41093734,40719202,0,0,0,0,0,41093734,284,0,7764568,0,0,140234749,0,0,0,N/A,2.98,9,6,9,6,0,0,20,N,,N,100,440654857,432890289,308.69,,,,,314.23,,,,,308.96,,,,,314.49,,,,,,2.98,0.44,,88.34,8.24,,,,2.98,0.44,,88.34,,8.24,,0,13.45,86.55,,,,,13.45,86.55,,,,,,,,,,,,,,,,,,473984023,,,Private Placement calculated at fair value,,GBX
North America,Pershing Square Holdings,Ordinary Share,30/06/2022,GG00BPFJTF46,,,,,,,,,,,,,,,,,,,,,,,,,,,,,,,,,,,,,,,,,,,,,,,,,,,,,,,,,,,,,,,,,,,,,,,,,,,,,,,,,,,,,,,,,,,,,,,,,,,,,,,GBX
Category,Name,Type,Date,ISIN,Total Assets incl CYR,PC Total Par,PC Total Fair,PC Debt Par,PC Debt Fair,TotLongCashOffset,TotShortCashOffset,PC Equity,Convertibles Par,Convertibles Fair,PC Gearing,MonthEnd Price,Price for TS dilution,CurrYrRev(CYR),Rev Res (splits only),Rev Allocation % (splits only),Number,Issued,Purch,Treasury,below NAV,Cash/CashEquiv,GrossGearing,NetGearing,GrossGearingFairCum,NetGearingFairCum,NetCash,From,To,NoRange,GearingNote,Loss,CYR allocation %,SHF per share inc CYR,SHF per share exc CYR,PCNCWNE,PCNCWE,PCCWNE,PCCWE,PCCWETS,PCNCWNEcum,PCNCWEcum,PCCWNEcum,PCCWEcum,PCCWETScum,FCNCWNE,FCNCWE,FCCWNE,FCCWE,FCCWETS,FCNCWNEcum,FCNCWEcum,FCCWNEcum,FCCWEcum,FCCWETScum,PFY,Cash/Cash Equiv.,Fixed Interest,UK ,United States,Canada ,Mexico ,North America,Other ,Cash/Cash Equiv.,Fixed Interest,UK Equities,S&P 500 ,Other US Equities,Other Equities,Other ,TA $ Exposure,UK ,United States,Canada ,Mexico ,North America,Other ,UK ,United States,Canada ,Mexico ,North America,Other ,Flags,Name,in issue,NAV Par,NAV Fair,Gross Gearing,Net Gearing,Name,in issue,NAV Par,NAV Fair,Gross Gearing,Net Gearing,Total Assets ex CYR,Unlisted Holdings,FootNote,Note,Note,Reported Currency
North American Smaller Companies,Brown Advisory US Smaller Companies,Ordinary Share,30/06/2022,GB0003463402,155813904,0,0,0,0,0,0,0,0,0,0,1105,0,-1354695,0,0,11952159,0,0,6271254,No,5.11,0,0,0,0,0,0,20,N,,N,100,155813904,157168599,1314.98,,,,1314.98,1303.65,,,,1303.65,1314.98,,,,1314.98,1303.65,,,,1303.65,0.58,5.11,,0.78,80.65,3.6,,,9.86,5.11,,0.78,,80.65,13.46,,0,,,,,,,,,,,,,,,,,,,,,,,,,,157168599,,,,,GBX
North American Smaller Companies,JPMorgan US Smaller Companies,Ordinary Share,30/06/2022,GB00BJL5F346,282336625,26046537,26046537,26046537,26046537,0,0,0,0,0,26046537,346,0,878412,0,0,65025739,0,0,480526,No,2.29,10,8,10,8,0,0,15,N,,N,100,256290088,255411676,392.79,,,,392.79,394.14,,,,394.14,392.79,,,,392.79,394.14,,,,394.14,1.2,2.29,,,,,,97.71,,2.29,,,,97.71,,,100,,,,,,,,,,,,,,,,,,,,,,,,,,281458213,,,,,GBX
Category,Name,Type,Date,ISIN,Total Assets incl CYR,PC Total Par,PC Total Fair,PC Debt Par,PC Debt Fair,TotLongCashOffset,TotShortCashOffset,PC Equity,Convertibles Par,Convertibles Fair,PC Gearing,MonthEnd Price,Price for TS dilution,CurrYrRev(CYR),Rev Res (splits only),Rev Allocation % (splits only),Number,Issued,Purch,Treasury,below NAV,Cash/CashEquiv,GrossGearing,NetGearing,GrossGearingFairCum,NetGearingFairCum,NetCash,From,To,NoRange,GearingNote,Loss,CYR allocation %,SHF per share inc CYR,SHF per share exc CYR,PCNCWNE,PCNCWE,PCCWNE,PCCWE,PCCWETS,PCNCWNEcum,PCNCWEcum,PCCWNEcum,PCCWEcum,PCCWETScum,FCNCWNE,FCNCWE,FCCWNE,FCCWE,FCCWETS,FCNCWNEcum,FCNCWEcum,FCCWNEcum,FCCWEcum,FCCWETScum,PFY,Cash/Cash Equiv.,Fixed Interest,UK ,Cont. Europe,North America,Japan ,Other Pacific,Other ,Cash/Cash Equiv.,Fixed Interest,UK Listed,UK Unlisted,Cont. Eur Listed,Cont. Eur Unlisted,US Listed,US Unlisted,UK ,Cont. Europe,North America,Japan ,Other Pacific,Other ,UK ,Cont. Europe,North America,Japan ,Other Pacific,Other ,Flags,Name,in issue,NAV Par,NAV Fair,Gross Gearing,Net Gearing,Name,in issue,NAV Par,NAV Fair,Gross Gearing,Net Gearing,Total Assets ex CYR,Unlisted Holdings,FootNote,Note,Note,Reported Currency
Private Equity,abrdn Private Equity Opportunities,Ordinary Share,30/06/2022,GB0030474687,,,,,,,,,,,,,,,,,,,,,,,,,,,,,,,,,,,,,,,,,,,,,,,,,,,,,,,,,,,,,,,,,,,,,,,,,,,,,,,,,,,,,,,,,,,,,,,,,,,,,,,GBX
Private Equity,Apax Global Alpha,Ordinary Share,30/06/2022,GG00BWWYMV85,,,,,,,,,,,,,,,,,,,,,,,,,,,,,,,,,,,,,,,,,,,,,,,,,,,,,,,,,,,,,,,,,,,,,,,,,,,,,,,,,,,,,,,,,,,,,,,,,,,,,,,EUR
Private Equity,CT Private Equity,Ordinary Share,30/06/2022,GB0030738271,,,,,,,,,,,,,,,,,,,,,,,,,,,,,,,,,,,,,,,,,,,,,,,,,,,,,,,,,,,,,,,,,,,,,,,,,,,,,,,,,,,,,,,,,,,,,,,,,,,,,,,GBX
Private Equity,Dunedin Enterprise,Ordinary Share,30/06/2022,GB0005776561,,,,,,,,,,,,,,,,,,,,,,,,,,,,,,,,,,,,,,,,,,,,,,,,,,,,,,,,,,,,,,,,,,,,,,,,,,,,,,,,,,,,,,,,,,,,,,,,,,,,,,,GBX
Private Equity,HarbourVest Global Private Equity,Ordinary Share,30/06/2022,GG00BR30MJ80,,,,,,,,,,,,,,,,,,,,,,,,,,,,,,,,,,,,,,,,,,,,,,,,,,,,,,,,,,,,,,,,,,,,,,,,,,,,,,,,,,,,,,,,,,,,,,,,,,,,,,,GBX
Private Equity,HgCapital,Ordinary Share,30/06/2022,GB00BJ0LT190,,,,,,,,,,,,,,,,,,,,,,,,,,,,,,,,,,,,,,,,,,,,,,,,,,,,,,,,,,,,,,,,,,,,,,,,,,,,,,,,,,,,,,,,,,,,,,,,,,,,,,,GBX
Private Equity,ICG Enterprise,Ordinary Share,30/06/2022,GB0003292009,,,,,,,,,,,,,,,,,,,,,,,,,,,,,,,,,,,,,,,,,,,,,,,,,,,,,,,,,,,,,,,,,,,,,,,,,,,,,,,,,,,,,,,,,,,,,,,,,,,,,,,GBX
Private Equity,JPEL Private Equity,Ordinary Share,30/06/2022,GG00BMFD2F62,,,,,,,,,,,,,,,,,,,,,,,,,,,,,,,,,,,,,,,,,,,,,,,,,,,,,,,,,,,,,,,,,,,,,,,,,,,,,,,,,,,,,,,,,,,,,,,,,,,,,,,GBX
Private Equity,Literacy Capital,Ordinary Share,30/06/2022,GB00BMF1L080,,,,,,,,,,,,,,,,,,,,,,,,,,,,,,,,,,,,,,,,,,,,,,,,,,,,,,,,,,,,,,,,,,,,,,,,,,,,,,,,,,,,,,,,,,,,,,,,,,,,,,,
Private Equity,LMS Capital,Ordinary Share,30/06/2022,GB00B12MHD28,,,,,,,,,,,,,,,,,,,,,,,,,,,,,,,,,,,,,,,,,,,,,,,,,,,,,,,,,,,,,,,,,,,,,,,,,,,,,,,,,,,,,,,,,,,,,,,,,,,,,,,GBX
Private Equity,NB Private Equity Partners,NB Private Equity ZDP 2022,30/06/2022,GG00BD0FRW63,,,,,,,,,,,,,,,,,,,,,,,,,,,,,,,,,,,,,,,,,,,,,,,,,,,,,,,,,,,,,,,,,,,,,,,,,,,,,,,,,,,,,,,,,,,,,,,,,,,,,,,GBX
Private Equity,NB Private Equity Partners,NB Private Equity ZDP 2024,30/06/2022,GG00BD96PR19,,,,,,,,,,,,,,,,,,,,,,,,,,,,,,,,,,,,,,,,,,,,,,,,,,,,,,,,,,,,,,,,,,,,,,,,,,,,,,,,,,,,,,,,,,,,,,,,,,,,,,,GBX
Private Equity,NB Private Equity Partners,Class A Ordinary,30/06/2022,GG00B1ZBD492,,,,,,,,,,,,,,,,,,,,,,,,,,,,,,,,,,,,,,,,,,,,,,,,,,,,,,,,,,,,,,,,,,,,,,,,,,,,,,,,,,,,,,,,,,,,,,,,,,,,,,,GBX
Private Equity,Oakley Capital Investments,Ordinary Share,30/06/2022,,,,,,,,,,,,,,,,,,,,,,,,,,,,,,,,,,,,,,,,,,,,,,,,,,,,,,,,,,,,,,,,,,,,,,,,,,,,,,,,,,,,,,,,,,,,,,,,,,,,,,,,GBX
Private Equity,Pantheon International,Ordinary Share,30/06/2022,GB00BP37WF17,,,,,,,,,,,,,,,,,,,,,,,,,,,,,,,,,,,,,,,,,,,,,,,,,,,,,,,,,,,,,,,,,,,,,,,,,,,,,,,,,,,,,,,,,,,,,,,,,,,,,,,GBX
Private Equity,Princess Private Equity Holding,Ordinary Share,30/06/2022,GG00B28C2R28,,,,,,,,,,,,,,,,,,,,,,,,,,,,,,,,,,,,,,,,,,,,,,,,,,,,,,,,,,,,,,,,,,,,,,,,,,,,,,,,,,,,,,,,,,,,,,,,,,,,,,,GBX
Category,Name,Type,Date,ISIN,Total Assets incl CYR,PC Total Par,PC Total Fair,PC Debt Par,PC Debt Fair,TotLongCashOffset,TotShortCashOffset,PC Equity,Convertibles Par,Convertibles Fair,PC Gearing,MonthEnd Price,Price for TS dilution,CurrYrRev(CYR),Rev Res (splits only),Rev Allocation % (splits only),Number,Issued,Purch,Treasury,below NAV,Cash/CashEquiv,GrossGearing,NetGearing,GrossGearingFairCum,NetGearingFairCum,NetCash,From,To,NoRange,GearingNote,Loss,CYR allocation %,SHF per share inc CYR,SHF per share exc CYR,PCNCWNE,PCNCWE,PCCWNE,PCCWE,PCCWETS,PCNCWNEcum,PCNCWEcum,PCCWNEcum,PCCWEcum,PCCWETScum,FCNCWNE,FCNCWE,FCCWNE,FCCWE,FCCWETS,FCNCWNEcum,FCNCWEcum,FCCWNEcum,FCCWEcum,FCCWETScum,PFY,Cash/Cash Equiv.,Fixed Interest,UK ,Cont. Europe,North America,Japan ,Other Pacific,Other ,,,,,,,,,UK ,Cont. Europe,North America,Japan ,Other Pacific,Other ,UK ,Cont. Europe,North America,Japan ,Other Pacific,Other ,Flags,Name,in issue,NAV Par,NAV Fair,Gross Gearing,Net Gearing,Name,in issue,NAV Par,NAV Fair,Gross Gearing,Net Gearing,Total Assets ex CYR,Unlisted Holdings,FootNote,Note,Note,Reported Currency
Property - Debt,Develop North,Ordinary Share,30/06/2022,GB00BD0ND667,,,,,,,,,,,,,,,,,,,,,,,,,,,,,,,,,,,,,,,,,,,,,,,,,,,,,,,,,,,,,,,,,,,,,,,,,,,,,,,,,,,,,,,,,,,,,,,,,,,,,,,GBX
Property - Debt,ICG-Longbow Senior Secured UK Property Debt Invest,Ordinary Share,30/06/2022,GG00B8C23S81,,,,,,,,,,,,,,,,,,,,,,,,,,,,,,,,,,,,,,,,,,,,,,,,,,,,,,,,,,,,,,,,,,,,,,,,,,,,,,,,,,,,,,,,,,,,,,,,,,,,,,,GBX
Property - Debt,Real Estate Credit Investments,Ordinary Share,30/06/2022,GB00B0HW5366,,,,,,,,,,,,,,,,,,,,,,,,,,,,,,,,,,,,,,,,,,,,,,,,,,,,,,,,,,,,,,,,,,,,,,,,,,,,,,,,,,,,,,,,,,,,,,,,,,,,,,,GBX
Property - Debt,Starwood European Real Estate Finance,Ordinary Share,30/06/2022,GG00B79WC100,,,,,,,,,,,,,,,,,,,,,,,,,,,,,,,,,,,,,,,,,,,,,,,,,,,,,,,,,,,,,,,,,,,,,,,,,,,,,,,,,,,,,,,,,,,,,,,,,,,,,,,GBX
Category,Name,Type,Date,ISIN,Total Assets incl CYR,PC Total Par,PC Total Fair,PC Debt Par,PC Debt Fair,TotLongCashOffset,TotShortCashOffset,PC Equity,Convertibles Par,Convertibles Fair,PC Gearing,MonthEnd Price,Price for TS dilution,CurrYrRev(CYR),Rev Res (splits only),Rev Allocation % (splits only),Number,Issued,Purch,Treasury,below NAV,Cash/CashEquiv,GrossGearing,NetGearing,GrossGearingFairCum,NetGearingFairCum,NetCash,From,To,NoRange,GearingNote,Loss,CYR allocation %,SHF per share inc CYR,SHF per share exc CYR,PCNCWNE,PCNCWE,PCCWNE,PCCWE,PCCWETS,PCNCWNEcum,PCNCWEcum,PCCWNEcum,PCCWEcum,PCCWETScum,FCNCWNE,FCNCWE,FCCWNE,FCCWE,FCCWETS,FCNCWNEcum,FCNCWEcum,FCCWNEcum,FCCWEcum,FCCWETScum,PFY,Cash/Cash Equiv.,Fixed Interest,UK ,Cont. Europe,North America,Japan ,Other Pacific,Other ,,,,,,,,,UK ,Cont. Europe,North America,Japan ,Other Pacific,Other ,UK ,Cont. Europe,North America,Japan ,Other Pacific,Other ,Flags,Name,in issue,NAV Par,NAV Fair,Gross Gearing,Net Gearing,Name,in issue,NAV Par,NAV Fair,Gross Gearing,Net Gearing,Total Assets ex CYR,Unlisted Holdings,FootNote,Note,Note,Reported Currency
Property - Europe,abrdn European Logistics Income,Ordinary Share,30/06/2022,GB00BD9PXH49,,,,,,,,,,,,,,,,,,,,,,,,,,,,,,,,,,,,,,,,,,,,,,,,,,,,,,,,,,,,,,,,,,,,,,,,,,,,,,,,,,,,,,,,,,,,,,,,,,,,,,,GBX
Property - Europe,Phoenix Spree Deutschland,Ordinary Share,30/06/2022,JE00B248KJ21,,,,,,,,,,,,,,,,,,,,,,,,,,,,,,,,,,,,,,,,,,,,,,,,,,,,,,,,,,,,,,,,,,,,,,,,,,,,,,,,,,,,,,,,,,,,,,,,,,,,,,,GBX
Property - Europe,Schroder European Real Estate,Ordinary Share,30/06/2022,GB00BY7R8K77,,,,,,,,,,,,,,,,,,,,,,,,,,,,,,,,,,,,,,,,,,,,,,,,,,,,,,,,,,,,,,,,,,,,,,,,,,,,,,,,,,,,,,,,,,,,,,,,,,,,,,,GBP
Property - Europe,Tritax Eurobox,Ordinary Share,30/06/2022,GB00BG382L74,,,,,,,,,,,,,,,,,,,,,,,,,,,,,,,,,,,,,,,,,,,,,,,,,,,,,,,,,,,,,,,,,,,,,,,,,,,,,,,,,,,,,,,,,,,,,,,,,,,,,,,
Category,Name,Type,Date,ISIN,Total Assets incl CYR,PC Total Par,PC Total Fair,PC Debt Par,PC Debt Fair,TotLongCashOffset,TotShortCashOffset,PC Equity,Convertibles Par,Convertibles Fair,PC Gearing,MonthEnd Price,Price for TS dilution,CurrYrRev(CYR),Rev Res (splits only),Rev Allocation % (splits only),Number,Issued,Purch,Treasury,below NAV,Cash/CashEquiv,GrossGearing,NetGearing,GrossGearingFairCum,NetGearingFairCum,NetCash,From,To,NoRange,GearingNote,Loss,CYR allocation %,SHF per share inc CYR,SHF per share exc CYR,PCNCWNE,PCNCWE,PCCWNE,PCCWE,PCCWETS,PCNCWNEcum,PCNCWEcum,PCCWNEcum,PCCWEcum,PCCWETScum,FCNCWNE,FCNCWE,FCCWNE,FCCWE,FCCWETS,FCNCWNEcum,FCNCWEcum,FCCWNEcum,FCCWEcum,FCCWETScum,PFY,Cash/Cash Equiv.,Fixed Interest,UK ,Cont. Europe,North America,Japan ,Other Pacific,Other ,,,,,,,,,UK ,Cont. Europe,North America,Japan ,Other Pacific,Other ,UK ,Cont. Europe,North America,Japan ,Other Pacific,Other ,Flags,Name,in issue,NAV Par,NAV Fair,Gross Gearing,Net Gearing,Name,in issue,NAV Par,NAV Fair,Gross Gearing,Net Gearing,Total Assets ex CYR,Unlisted Holdings,FootNote,Note,Note,Reported Currency
Property - Rest of World,Ceiba Investments,Ordinary Share,30/06/2022,GG00BFMDJH11,,,,,,,,,,,,,,,,,,,,,,,,,,,,,,,,,,,,,,,,,,,,,,,,,,,,,,,,,,,,,,,,,,,,,,,,,,,,,,,,,,,,,,,,,,,,,,,,,,,,,,,
Property - Rest of World,Macau Property Opportunities,Ordinary Share,30/06/2022,GG00BGDYFV61,,,,,,,,,,,,,,,,,,,,,,,,,,,,,,,,,,,,,,,,,,,,,,,,,,,,,,,,,,,,,,,,,,,,,,,,,,,,,,,,,,,,,,,,,,,,,,,,,,,,,,,GBX
Category,Name,Type,Date,ISIN,Total Assets incl CYR,PC Total Par,PC Total Fair,PC Debt Par,PC Debt Fair,TotLongCashOffset,TotShortCashOffset,PC Equity,Convertibles Par,Convertibles Fair,PC Gearing,MonthEnd Price,Price for TS dilution,CurrYrRev(CYR),Rev Res (splits only),Rev Allocation % (splits only),Number,Issued,Purch,Treasury,below NAV,Cash/CashEquiv,GrossGearing,NetGearing,GrossGearingFairCum,NetGearingFairCum,NetCash,From,To,NoRange,GearingNote,Loss,CYR allocation %,SHF per share inc CYR,SHF per share exc CYR,PCNCWNE,PCNCWE,PCCWNE,PCCWE,PCCWETS,PCNCWNEcum,PCNCWEcum,PCCWNEcum,PCCWEcum,PCCWETScum,FCNCWNE,FCNCWE,FCCWNE,FCCWE,FCCWETS,FCNCWNEcum,FCNCWEcum,FCCWNEcum,FCCWEcum,FCCWETScum,PFY,Cash/Cash Equiv.,Fixed Interest,UK ,Cont. Europe,North America,Japan ,Other Pacific,Other ,,,,,,,,,UK ,Cont. Europe,North America,Japan ,Other Pacific,Other ,UK ,Cont. Europe,North America,Japan ,Other Pacific,Other ,Flags,Name,in issue,NAV Par,NAV Fair,Gross Gearing,Net Gearing,Name,in issue,NAV Par,NAV Fair,Gross Gearing,Net Gearing,Total Assets ex CYR,Unlisted Holdings,FootNote,Note,Note,Reported Currency
Property - UK Commercial,abrdn Property Income,Ordinary Share,30/06/2022,GB0033875286,,,,,,,,,,,,,,,,,,,,,,,,,,,,,,,,,,,,,,,,,,,,,,,,,,,,,,,,,,,,,,,,,,,,,,,,,,,,,,,,,,,,,,,,,,,,,,,,,,,,,,,GBX
Property - UK Commercial,AEW UK REIT,Ordinary Share,30/06/2022,GB00BWD24154,,,,,,,,,,,,,,,,,,,,,,,,,,,,,,,,,,,,,,,,,,,,,,,,,,,,,,,,,,,,,,,,,,,,,,,,,,,,,,,,,,,,,,,,,,,,,,,,,,,,,,,GBX
Property - UK Commercial,Balanced Commercial Property,Ordinary Share,30/06/2022,GG00B4ZPCJ00,,,,,,,,,,,,,,,,,,,,,,,,,,,,,,,,,,,,,,,,,,,,,,,,,,,,,,,,,,,,,,,,,,,,,,,,,,,,,,,,,,,,,,,,,,,,,,,,,,,,,,,GBX
Property - UK Commercial,Channel Islands Property,Ordinary Share,30/06/2022,GG00B62DS151,,,,,,,,,,,,,,,,,,,,,,,,,,,,,,,,,,,,,,,,,,,,,,,,,,,,,,,,,,,,,,,,,,,,,,,,,,,,,,,,,,,,,,,,,,,,,,,,,,,,,,,
Property - UK Commercial,CT Property,Ordinary Share,30/06/2022,GB00B012T521,,,,,,,,,,,,,,,,,,,,,,,,,,,,,,,,,,,,,,,,,,,,,,,,,,,,,,,,,,,,,,,,,,,,,,,,,,,,,,,,,,,,,,,,,,,,,,,,,,,,,,,GBX
Property - UK Commercial,Custodian REIT,Ordinary Share,30/06/2022,GB00BJFLFT45,,,,,,,,,,,,,,,,,,,,,,,,,,,,,,,,,,,,,,,,,,,,,,,,,,,,,,,,,,,,,,,,,,,,,,,,,,,,,,,,,,,,,,,,,,,,,,,,,,,,,,,GBX
Property - UK Commercial,Ediston Property,Ordinary Share,30/06/2022,GB00BNGMZB68,,,,,,,,,,,,,,,,,,,,,,,,,,,,,,,,,,,,,,,,,,,,,,,,,,,,,,,,,,,,,,,,,,,,,,,,,,,,,,,,,,,,,,,,,,,,,,,,,,,,,,,GBX
Property - UK Commercial,Life Science REIT,Ordinary Share,30/06/2022,GB00BP5X4Q29,,,,,,,,,,,,,,,,,,,,,,,,,,,,,,,,,,,,,,,,,,,,,,,,,,,,,,,,,,,,,,,,,,,,,,,,,,,,,,,,,,,,,,,,,,,,,,,,,,,,,,,
Property - UK Commercial,LXI REIT,Ordinary Share,30/06/2022,GB00BYQ46T41,,,,,,,,,,,,,,,,,,,,,,,,,,,,,,,,,,,,,,,,,,,,,,,,,,,,,,,,,,,,,,,,,,,,,,,,,,,,,,,,,,,,,,,,,,,,,,,,,,,,,,,GBP
Property - UK Commercial,Regional REIT,Ordinary Share,30/06/2022,GG00BYV2ZQ34,,,,,,,,,,,,,,,,,,,,,,,,,,,,,,,,,,,,,,,,,,,,,,,,,,,,,,,,,,,,,,,,,,,,,,,,,,,,,,,,,,,,,,,,,,,,,,,,,,,,,,,GBP
Property - UK Commercial,Schroder Real Estate,Ordinary Share,30/06/2022,GB00B01HM147,,,,,,,,,,,,,,,,,,,,,,,,,,,,,,,,,,,,,,,,,,,,,,,,,,,,,,,,,,,,,,,,,,,,,,,,,,,,,,,,,,,,,,,,,,,,,,,,,,,,,,,GBX
Property - UK Commercial,Supermarket Income REIT,Ordinary Share,30/06/2022,GB00BF345X11,,,,,,,,,,,,,,,,,,,,,,,,,,,,,,,,,,,,,,,,,,,,,,,,,,,,,,,,,,,,,,,,,,,,,,,,,,,,,,,,,,,,,,,,,,,,,,,,,,,,,,,
Property - UK Commercial,UK Commercial Property REIT,Ordinary Share,30/06/2022,GB00B19Z2J52,,,,,,,,,,,,,,,,,,,,,,,,,,,,,,,,,,,,,,,,,,,,,,,,,,,,,,,,,,,,,,,,,,,,,,,,,,,,,,,,,,,,,,,,,,,,,,,,,,,,,,,GBX
Property - UK Commercial,Value and Indexed Property Income,Ordinary Share,30/06/2022,GB0008484718,176406746,50000000,51429348,50000000,51429348,0,0,0,0,0,50000000,250,0,0,0,0,43557464,0,0,1992511,No,6.82,40,30,41,32,0,,,Y,,N,100,126406746,126406746,290.21,,,,290.21,290.21,,,,290.21,286.93,,,,286.93,286.93,,,,286.93,5.01,6.82,,93.18,,,,,,,,,,,,,,,,,,,,,,,,,,d,,,,,,,,,,,,,176406746,86.5,,,,GBX
Category,Name,Type,Date,ISIN,Total Assets incl CYR,PC Total Par,PC Total Fair,PC Debt Par,PC Debt Fair,TotLongCashOffset,TotShortCashOffset,PC Equity,Convertibles Par,Convertibles Fair,PC Gearing,MonthEnd Price,Price for TS dilution,CurrYrRev(CYR),Rev Res (splits only),Rev Allocation % (splits only),Number,Issued,Purch,Treasury,below NAV,Cash/CashEquiv,GrossGearing,NetGearing,GrossGearingFairCum,NetGearingFairCum,NetCash,From,To,NoRange,GearingNote,Loss,CYR allocation %,SHF per share inc CYR,SHF per share exc CYR,PCNCWNE,PCNCWE,PCCWNE,PCCWE,PCCWETS,PCNCWNEcum,PCNCWEcum,PCCWNEcum,PCCWEcum,PCCWETScum,FCNCWNE,FCNCWE,FCCWNE,FCCWE,FCCWETS,FCNCWNEcum,FCNCWEcum,FCCWNEcum,FCCWEcum,FCCWETScum,PFY,Cash/Cash Equiv.,Fixed Interest,UK ,Cont. Europe,North America,Japan ,Other Pacific,Other ,,,,,,,,,UK ,Cont. Europe,North America,Japan ,Other Pacific,Other ,UK ,Cont. Europe,North America,Japan ,Other Pacific,Other ,Flags,Name,in issue,NAV Par,NAV Fair,Gross Gearing,Net Gearing,Name,in issue,NAV Par,NAV Fair,Gross Gearing,Net Gearing,Total Assets ex CYR,Unlisted Holdings,FootNote,Note,Note,Reported Currency
Property - UK Healthcare,Impact Healthcare REIT,Ordinary Share,30/06/2022,GB00BYXVMJ03,,,,,,,,,,,,,,,,,,,,,,,,,,,,,,,,,,,,,,,,,,,,,,,,,,,,,,,,,,,,,,,,,,,,,,,,,,,,,,,,,,,,,,,,,,,,,,,,,,,,,,,GBP
Property - UK Healthcare,Target Healthcare REIT,Ordinary Share,30/06/2022,GB00BJGTLF51,,,,,,,,,,,,,,,,,,,,,,,,,,,,,,,,,,,,,,,,,,,,,,,,,,,,,,,,,,,,,,,,,,,,,,,,,,,,,,,,,,,,,,,,,,,,,,,,,,,,,,,GBX
Category,Name,Type,Date,ISIN,Total Assets incl CYR,PC Total Par,PC Total Fair,PC Debt Par,PC Debt Fair,TotLongCashOffset,TotShortCashOffset,PC Equity,Convertibles Par,Convertibles Fair,PC Gearing,MonthEnd Price,Price for TS dilution,CurrYrRev(CYR),Rev Res (splits only),Rev Allocation % (splits only),Number,Issued,Purch,Treasury,below NAV,Cash/CashEquiv,GrossGearing,NetGearing,GrossGearingFairCum,NetGearingFairCum,NetCash,From,To,NoRange,GearingNote,Loss,CYR allocation %,SHF per share inc CYR,SHF per share exc CYR,PCNCWNE,PCNCWE,PCCWNE,PCCWE,PCCWETS,PCNCWNEcum,PCNCWEcum,PCCWNEcum,PCCWEcum,PCCWETScum,FCNCWNE,FCNCWE,FCCWNE,FCCWE,FCCWETS,FCNCWNEcum,FCNCWEcum,FCCWNEcum,FCCWEcum,FCCWETScum,PFY,Cash/Cash Equiv.,Fixed Interest,UK ,Cont. Europe,North America,Japan ,Other Pacific,Other ,,,,,,,,,UK ,Cont. Europe,North America,Japan ,Other Pacific,Other ,UK ,Cont. Europe,North America,Japan ,Other Pacific,Other ,Flags,Name,in issue,NAV Par,NAV Fair,Gross Gearing,Net Gearing,Name,in issue,NAV Par,NAV Fair,Gross Gearing,Net Gearing,Total Assets ex CYR,Unlisted Holdings,FootNote,Note,Note,Reported Currency
Property - UK Logistics,Tritax Big Box REIT,Ordinary Share,30/06/2022,GB00BG49KP99,,,,,,,,,,,,,,,,,,,,,,,,,,,,,,,,,,,,,,,,,,,,,,,,,,,,,,,,,,,,,,,,,,,,,,,,,,,,,,,,,,,,,,,,,,,,,,,,,,,,,,,GBX
Property - UK Logistics,Urban Logistics REIT,Ordinary Share,30/06/2022,GB00BYV8MN78,,,,,,,,,,,,,,,,,,,,,,,,,,,,,,,,,,,,,,,,,,,,,,,,,,,,,,,,,,,,,,,,,,,,,,,,,,,,,,,,,,,,,,,,,,,,,,,,,,,,,,,
Property - UK Logistics,Warehouse REIT,Ordinary Share,30/06/2022,GB00BD2NCM38,,,,,,,,,,,,,,,,,,,,,,,,,,,,,,,,,,,,,,,,,,,,,,,,,,,,,,,,,,,,,,,,,,,,,,,,,,,,,,,,,,,,,,,,,,,,,,,,,,,,,,,GBX
Category,Name,Type,Date,ISIN,Total Assets incl CYR,PC Total Par,PC Total Fair,PC Debt Par,PC Debt Fair,TotLongCashOffset,TotShortCashOffset,PC Equity,Convertibles Par,Convertibles Fair,PC Gearing,MonthEnd Price,Price for TS dilution,CurrYrRev(CYR),Rev Res (splits only),Rev Allocation % (splits only),Number,Issued,Purch,Treasury,below NAV,Cash/CashEquiv,GrossGearing,NetGearing,GrossGearingFairCum,NetGearingFairCum,NetCash,From,To,NoRange,GearingNote,Loss,CYR allocation %,SHF per share inc CYR,SHF per share exc CYR,PCNCWNE,PCNCWE,PCCWNE,PCCWE,PCCWETS,PCNCWNEcum,PCNCWEcum,PCCWNEcum,PCCWEcum,PCCWETScum,FCNCWNE,FCNCWE,FCCWNE,FCCWE,FCCWETS,FCNCWNEcum,FCNCWEcum,FCCWNEcum,FCCWEcum,FCCWETScum,PFY,Cash/Cash Equiv.,Fixed Interest,UK ,Cont. Europe,North America,Japan ,Other Pacific,Other ,,,,,,,,,UK ,Cont. Europe,North America,Japan ,Other Pacific,Other ,UK ,Cont. Europe,North America,Japan ,Other Pacific,Other ,Flags,Name,in issue,NAV Par,NAV Fair,Gross Gearing,Net Gearing,Name,in issue,NAV Par,NAV Fair,Gross Gearing,Net Gearing,Total Assets ex CYR,Unlisted Holdings,FootNote,Note,Note,Reported Currency
Property - UK Residential,Civitas Social Housing,Ordinary Share,30/06/2022,GB00BD8HBD32,,,,,,,,,,,,,,,,,,,,,,,,,,,,,,,,,,,,,,,,,,,,,,,,,,,,,,,,,,,,,,,,,,,,,,,,,,,,,,,,,,,,,,,,,,,,,,,,,,,,,,,GBP
Property - UK Residential,Home REIT,Ordinary Share,30/06/2022,GB00BJP5HK17,,,,,,,,,,,,,,,,,,,,,,,,,,,,,,,,,,,,,,,,,,,,,,,,,,,,,,,,,,,,,,,,,,,,,,,,,,,,,,,,,,,,,,,,,,,,,,,,,,,,,,,
Property - UK Residential,PRS REIT,Ordinary Share,30/06/2022,GB00BF01NH51,,,,,,,,,,,,,,,,,,,,,,,,,,,,,,,,,,,,,,,,,,,,,,,,,,,,,,,,,,,,,,,,,,,,,,,,,,,,,,,,,,,,,,,,,,,,,,,,,,,,,,,GBP
Property - UK Residential,Residential Secure Income REIT,Ordinary Share,30/06/2022,GB00BYSX1508,,,,,,,,,,,,,,,,,,,,,,,,,,,,,,,,,,,,,,,,,,,,,,,,,,,,,,,,,,,,,,,,,,,,,,,,,,,,,,,,,,,,,,,,,,,,,,,,,,,,,,,GBX
Property - UK Residential,Triple Point Social Housing REIT,Ordinary Share,30/06/2022,GB00BF0P7H59,,,,,,,,,,,,,,,,,,,,,,,,,,,,,,,,,,,,,,,,,,,,,,,,,,,,,,,,,,,,,,,,,,,,,,,,,,,,,,,,,,,,,,,,,,,,,,,,,,,,,,,GBP
Category,Name,Type,Date,ISIN,Total Assets incl CYR,PC Total Par,PC Total Fair,PC Debt Par,PC Debt Fair,TotLongCashOffset,TotShortCashOffset,PC Equity,Convertibles Par,Convertibles Fair,PC Gearing,MonthEnd Price,Price for TS dilution,CurrYrRev(CYR),Rev Res (splits only),Rev Allocation % (splits only),Number,Issued,Purch,Treasury,below NAV,Cash/CashEquiv,GrossGearing,NetGearing,GrossGearingFairCum,NetGearingFairCum,NetCash,From,To,NoRange,GearingNote,Loss,CYR allocation %,SHF per share inc CYR,SHF per share exc CYR,PCNCWNE,PCNCWE,PCCWNE,PCCWE,PCCWETS,PCNCWNEcum,PCNCWEcum,PCCWNEcum,PCCWEcum,PCCWETScum,FCNCWNE,FCNCWE,FCCWNE,FCCWE,FCCWETS,FCNCWNEcum,FCNCWEcum,FCCWNEcum,FCCWEcum,FCCWETScum,PFY,Cash/Cash Equiv.,Fixed Interest,UK ,Cont. Europe,North America,Japan ,Other Pacific,Other ,,,,,,,,,UK ,Cont. Europe,North America,Japan ,Other Pacific,Other ,UK ,Cont. Europe,North America,Japan ,Other Pacific,Other ,Flags,Name,in issue,NAV Par,NAV Fair,Gross Gearing,Net Gearing,Name,in issue,NAV Par,NAV Fair,Gross Gearing,Net Gearing,Total Assets ex CYR,Unlisted Holdings,FootNote,Note,Note,Reported Currency
Property Securities,TR Property,Ordinary Share,30/06/2022,GB0009064097,1465080623,271566051,271360368,271566051,271360368,163523827,0,0,0,0,271566051,370.5,0,29292484,0,0,317350980,0,0,0,N/A,5.4,23,16,23,16,0,0,25,N,,N,100,1193514572,1164222088,366.86,,,,,376.09,,,,,366.92,,,,,376.15,,,,,,5.4,,41.21,53.39,,,,,,,,,,,,,,,,,,,,,,,,,,,,,,,,,,,,,,1435788139,,,Fair values have been calculated using a discounted cash flow method.,,GBX
Category,Name,Type,Date,ISIN,Total Assets incl CYR,PC Total Par,PC Total Fair,PC Debt Par,PC Debt Fair,TotLongCashOffset,TotShortCashOffset,PC Equity,Convertibles Par,Convertibles Fair,PC Gearing,MonthEnd Price,Price for TS dilution,CurrYrRev(CYR),Rev Res (splits only),Rev Allocation % (splits only),Number,Issued,Purch,Treasury,below NAV,Cash/CashEquiv,GrossGearing,NetGearing,GrossGearingFairCum,NetGearingFairCum,NetCash,From,To,NoRange,GearingNote,Loss,CYR allocation %,SHF per share inc CYR,SHF per share exc CYR,PCNCWNE,PCNCWE,PCCWNE,PCCWE,PCCWETS,PCNCWNEcum,PCNCWEcum,PCCWNEcum,PCCWEcum,PCCWETScum,FCNCWNE,FCNCWE,FCCWNE,FCCWE,FCCWETS,FCNCWNEcum,FCNCWEcum,FCCWNEcum,FCCWEcum,FCCWETScum,PFY,Cash/Cash Equiv.,Fixed Interest,UK ,Cont. Europe,North America,Japan ,Other Pacific,Other ,,,,,,,,,UK ,Cont. Europe,North America,Japan ,Other Pacific,Other ,UK ,Cont. Europe,North America,Japan ,Other Pacific,Other ,Flags,Name,in issue,NAV Par,NAV Fair,Gross Gearing,Net Gearing,Name,in issue,NAV Par,NAV Fair,Gross Gearing,Net Gearing,Total Assets ex CYR,Unlisted Holdings,FootNote,Note,Note,Reported Currency
Renewable Energy Infrastructure,Aquila Energy Efficiency,Ordinary Share,30/06/2022,GB00BN6JYS78,,,,,,,,,,,,,,,,,,,,,,,,,,,,,,,,,,,,,,,,,,,,,,,,,,,,,,,,,,,,,,,,,,,,,,,,,,,,,,,,,,,,,,,,,,,,,,,,,,,,,,,
Renewable Energy Infrastructure,Aquila European Renewables Income,Ordinary Share,30/06/2022,GB00BK6RLF66,,,,,,,,,,,,,,,,,,,,,,,,,,,,,,,,,,,,,,,,,,,,,,,,,,,,,,,,,,,,,,,,,,,,,,,,,,,,,,,,,,,,,,,,,,,,,,,,,,,,,,,GBX
Renewable Energy Infrastructure,Atrato Onsite Energy,Ordinary Share,30/06/2022,GB00BN497V39,,,,,,,,,,,,,,,,,,,,,,,,,,,,,,,,,,,,,,,,,,,,,,,,,,,,,,,,,,,,,,,,,,,,,,,,,,,,,,,,,,,,,,,,,,,,,,,,,,,,,,,
Renewable Energy Infrastructure,Bluefield Solar Income Fund,Ordinary Share,30/06/2022,GG00BB0RDB98,,,,,,,,,,,,,,,,,,,,,,,,,,,,,,,,,,,,,,,,,,,,,,,,,,,,,,,,,,,,,,,,,,,,,,,,,,,,,,,,,,,,,,,,,,,,,,,,,,,,,,,GBX
Renewable Energy Infrastructure,Downing Renewables & Infrastructure,Ordinary Share,30/06/2022,GB00BLF7PP25,,,,,,,,,,,,,,,,,,,,,,,,,,,,,,,,,,,,,,,,,,,,,,,,,,,,,,,,,,,,,,,,,,,,,,,,,,,,,,,,,,,,,,,,,,,,,,,,,,,,,,,GBX
Renewable Energy Infrastructure,Ecofin US Renewables Infrastructure,Ordinary Share,30/06/2022,GB00BLPK4430,,,,,,,,,,,,,,,,,,,,,,,,,,,,,,,,,,,,,,,,,,,,,,,,,,,,,,,,,,,,,,,,,,,,,,,,,,,,,,,,,,,,,,,,,,,,,,,,,,,,,,,USD
Renewable Energy Infrastructure,Foresight Solar Fund,Ordinary Share,30/06/2022,JE00BD3QJR55,,,,,,,,,,,,,,,,,,,,,,,,,,,,,,,,,,,,,,,,,,,,,,,,,,,,,,,,,,,,,,,,,,,,,,,,,,,,,,,,,,,,,,,,,,,,,,,,,,,,,,,GBX
Renewable Energy Infrastructure,Gore Street Energy Storage,Ordinary Share,30/06/2022,GB00BG0P0V73,,,,,,,,,,,,,,,,,,,,,,,,,,,,,,,,,,,,,,,,,,,,,,,,,,,,,,,,,,,,,,,,,,,,,,,,,,,,,,,,,,,,,,,,,,,,,,,,,,,,,,,
Renewable Energy Infrastructure,Greencoat Renewables,Ordinary Share,30/06/2022,IE00BF2NR112,,,,,,,,,,,,,,,,,,,,,,,,,,,,,,,,,,,,,,,,,,,,,,,,,,,,,,,,,,,,,,,,,,,,,,,,,,,,,,,,,,,,,,,,,,,,,,,,,,,,,,,EUR
Renewable Energy Infrastructure,Greencoat UK Wind,Ordinary Share,30/06/2022,GB00B8SC6K54,,,,,,,,,,,,,,,,,,,,,,,,,,,,,,,,,,,,,,,,,,,,,,,,,,,,,,,,,,,,,,,,,,,,,,,,,,,,,,,,,,,,,,,,,,,,,,,,,,,,,,,GBX
Renewable Energy Infrastructure,Gresham House Energy Storage,Ordinary Share,30/06/2022,GB00BFX3K770,,,,,,,,,,,,,,,,,,,,,,,,,,,,,,,,,,,,,,,,,,,,,,,,,,,,,,,,,,,,,,,,,,,,,,,,,,,,,,,,,,,,,,,,,,,,,,,,,,,,,,,
Renewable Energy Infrastructure,Harmony Energy Income,Ordinary Share,30/06/2022,GB00BLNNFY18,,,,,,,,,,,,,,,,,,,,,,,,,,,,,,,,,,,,,,,,,,,,,,,,,,,,,,,,,,,,,,,,,,,,,,,,,,,,,,,,,,,,,,,,,,,,,,,,,,,,,,,
Renewable Energy Infrastructure,HydrogenOne Capital Growth,Ordinary Share,30/06/2022,GB00BL6K7L04,122025902,0,0,0,0,0,0,0,0,0,0,93.2,0,-1463740,0,0,128819999,0,0,0,N/A,24,0,0,0,0,0,0,25,N,,N,100,122025902,123489642,95.86,,,,,94.73,,,,,95.86,,,,,94.73,,,,,,24,,72,2,1,,1,,,,,,,,,,100,,,,,,100,,,,,,,,,,,,,,,,,,,123489642,,,,,GBX
Renewable Energy Infrastructure,JLEN Environmental Assets Group,Ordinary Share,30/06/2022,GG00BJL5FH87,,,,,,,,,,,,,,,,,,,,,,,,,,,,,,,,,,,,,,,,,,,,,,,,,,,,,,,,,,,,,,,,,,,,,,,,,,,,,,,,,,,,,,,,,,,,,,,,,,,,,,,GBX
Renewable Energy Infrastructure,NextEnergy Solar,Ordinary Share,30/06/2022,GG00BJ0JVY01,,,,,,,,,,,,,,,,,,,,,,,,,,,,,,,,,,,,,,,,,,,,,,,,,,,,,,,,,,,,,,,,,,,,,,,,,,,,,,,,,,,,,,,,,,,,,,,,,,,,,,,GBP
Renewable Energy Infrastructure,Octopus Renewables Infrastructure,Ordinary Share,30/06/2022,GB00BJM02935,,,,,,,,,,,,,,,,,,,,,,,,,,,,,,,,,,,,,,,,,,,,,,,,,,,,,,,,,,,,,,,,,,,,,,,,,,,,,,,,,,,,,,,,,,,,,,,,,,,,,,,GBX
Renewable Energy Infrastructure,Renewables Infrastructure Group,Ordinary Share,30/06/2022,GG00BBHX2H91,,,,,,,,,,,,,,,,,,,,,,,,,,,,,,,,,,,,,,,,,,,,,,,,,,,,,,,,,,,,,,,,,,,,,,,,,,,,,,,,,,,,,,,,,,,,,,,,,,,,,,,GBX
Renewable Energy Infrastructure,SDCL Energy Efficiency Income,Ordinary Share,30/06/2022,GB00BGHVZM47,,,,,,,,,,,,,,,,,,,,,,,,,,,,,,,,,,,,,,,,,,,,,,,,,,,,,,,,,,,,,,,,,,,,,,,,,,,,,,,,,,,,,,,,,,,,,,,,,,,,,,,
Renewable Energy Infrastructure,Thomas Lloyd Energy Impact Trust ,Ordinary Share,30/06/2022,GB00BLBJFZ25,,,,,,,,,,,,,,,,,,,,,,,,,,,,,,,,,,,,,,,,,,,,,,,,,,,,,,,,,,,,,,,,,,,,,,,,,,,,,,,,,,,,,,,,,,,,,,,,,,,,,,,
Renewable Energy Infrastructure,Triple Point Energy Efficiency Infrastructure,Ordinary Share,30/06/2022,GB00BMCBZL07,,,,,,,,,,,,,,,,,,,,,,,,,,,,,,,,,,,,,,,,,,,,,,,,,,,,,,,,,,,,,,,,,,,,,,,,,,,,,,,,,,,,,,,,,,,,,,,,,,,,,,,
Renewable Energy Infrastructure,US Solar Fund,Ordinary Share,30/06/2022,GB00BJCWFX49,,,,,,,,,,,,,,,,,,,,,,,,,,,,,,,,,,,,,,,,,,,,,,,,,,,,,,,,,,,,,,,,,,,,,,,,,,,,,,,,,,,,,,,,,,,,,,,,,,,,,,,
Renewable Energy Infrastructure,VH Global Sustainable Energy Opportunities,Ordinary Share,30/06/2022,GB00BNKVP754,,,,,,,,,,,,,,,,,,,,,,,,,,,,,,,,,,,,,,,,,,,,,,,,,,,,,,,,,,,,,,,,,,,,,,,,,,,,,,,,,,,,,,,,,,,,,,,,,,,,,,,
Category,Name,Type,Date,ISIN,Total Assets incl CYR,PC Total Par,PC Total Fair,PC Debt Par,PC Debt Fair,TotLongCashOffset,TotShortCashOffset,PC Equity,Convertibles Par,Convertibles Fair,PC Gearing,MonthEnd Price,Price for TS dilution,CurrYrRev(CYR),Rev Res (splits only),Rev Allocation % (splits only),Number,Issued,Purch,Treasury,below NAV,Cash/CashEquiv,GrossGearing,NetGearing,GrossGearingFairCum,NetGearingFairCum,NetCash,From,To,NoRange,GearingNote,Loss,CYR allocation %,SHF per share inc CYR,SHF per share exc CYR,PCNCWNE,PCNCWE,PCCWNE,PCCWE,PCCWETS,PCNCWNEcum,PCNCWEcum,PCCWNEcum,PCCWEcum,PCCWETScum,FCNCWNE,FCNCWE,FCCWNE,FCCWE,FCCWETS,FCNCWNEcum,FCNCWEcum,FCCWNEcum,FCCWEcum,FCCWETScum,PFY,Cash/Cash Equiv.,Fixed Interest,UK ,Cont. Europe,North America,Japan ,Other Pacific,Other ,,,,,,,,,UK ,Cont. Europe,North America,Japan ,Other Pacific,Other ,UK ,Cont. Europe,North America,Japan ,Other Pacific,Other ,Flags,Name,in issue,NAV Par,NAV Fair,Gross Gearing,Net Gearing,Name,in issue,NAV Par,NAV Fair,Gross Gearing,Net Gearing,Total Assets ex CYR,Unlisted Holdings,FootNote,Note,Note,Reported Currency
Royalties,Hipgnosis Songs,Ordinary Share,30/06/2022,GG00BFYT9H72,,,,,,,,,,,,,,,,,,,,,,,,,,,,,,,,,,,,,,,,,,,,,,,,,,,,,,,,,,,,,,,,,,,,,,,,,,,,,,,,,,,,,,,,,,,,,,,,,,,,,,,
Royalties,Round Hill Music Royalty,Ordinary Share,30/06/2022,GG00BMXNVC81,,,,,,,,,,,,,,,,,,,,,,,,,,,,,,,,,,,,,,,,,,,,,,,,,,,,,,,,,,,,,,,,,,,,,,,,,,,,,,,,,,,,,,,,,,,,,,,,,,,,,,,GBX
Category,Name,Type,Date,ISIN,Total Assets incl CYR,PC Total Par,PC Total Fair,PC Debt Par,PC Debt Fair,TotLongCashOffset,TotShortCashOffset,PC Equity,Convertibles Par,Convertibles Fair,PC Gearing,MonthEnd Price,Price for TS dilution,CurrYrRev(CYR),Rev Res (splits only),Rev Allocation % (splits only),Number,Issued,Purch,Treasury,below NAV,Cash/CashEquiv,GrossGearing,NetGearing,GrossGearingFairCum,NetGearingFairCum,NetCash,From,To,NoRange,GearingNote,Loss,CYR allocation %,SHF per share inc CYR,SHF per share exc CYR,PCNCWNE,PCNCWE,PCCWNE,PCCWE,PCCWETS,PCNCWNEcum,PCNCWEcum,PCCWNEcum,PCCWEcum,PCCWETScum,FCNCWNE,FCNCWE,FCCWNE,FCCWE,FCCWETS,FCNCWNEcum,FCNCWEcum,FCCWNEcum,FCCWEcum,FCCWETScum,PFY,Cash/Cash Equiv.,Fixed Interest,UK ,Cont. Europe,North America,Japan ,Other Pacific,Other ,,,,,,,,,UK ,Cont. Europe,North America,Japan ,Other Pacific,Other ,UK ,Cont. Europe,North America,Japan ,Other Pacific,Other ,Flags,Name,in issue,NAV Par,NAV Fair,Gross Gearing,Net Gearing,Name,in issue,NAV Par,NAV Fair,Gross Gearing,Net Gearing,Total Assets ex CYR,Unlisted Holdings,FootNote,Note,Note,Reported Currency
Technology & Media,Allianz Technology,Ordinary Share,30/06/2022,GB00BNG2M159,1001589124,0,0,0,0,0,0,0,0,0,0,208,0,-15541869,0,0,414774931,0,1629000,13981749,Yes,8.71,0,0,0,0,0,,,Y,,N,100,1001589124,1017130993,245.22,,,,244.01,241.48,,,,240.39,245.22,,,,244.01,241.48,,,,240.39,0.57,8.71,,,5.7,79.44,,6.15,,,,,,,,,,,,,,,,,,,,,,,,,,,,,,,,,,,1017130993,,,,"Date	 Shares 	Price (p)	Value £m
06/13/2022	100,000.00	207.36	£0.207
06/14/2022	79,000.00	209.15	£0.165
06/15/2022	100,000.00	213.75	£0.214
06/21/2022	300,000.00	211.68	£0.635
06/23/2022	300,000.00	208.81	£0.626
06/24/2022	400,000.00	216.41	£0.866
06/28/2022	350,000.00	215.81	£0.755
",GBX
Technology & Media,Augmentum Fintech,Ordinary Share,30/06/2022,GB00BG12XV81,,,,,,,,,,,,,,,,,,,,,,,,,,,,,,,,,,,,,,,,,,,,,,,,,,,,,,,,,,,,,,,,,,,,,,,,,,,,,,,,,,,,,,,,,,,,,,,,,,,,,,,
Technology & Media,Polar Capital Technology,Ordinary Share,30/06/2022,GB0004220025,2811971980,52674871,52674871,52674871,52674871,0,0,0,0,0,52674871,1846,0,-17366742,0,0,131112342,0,612955,6202658,No,7,2,0,2,0,5,,,Y,,Y,100,2759297109,2776663851,,,,,,2104.53,,,,2104.53,,,,,,2104.53,,,,2104.53,0.6,7,,0,5,72,4,11,1,,,,,,,,,0,5,72,4,11,8,0,5,72,4,11,8,,,,,,,,,,,,,,2829338722,,,,,GBX
Technology & Media,Superseed Capital,Ordinary Share,30/06/2022,GG00BL594H32,,,,,,,,,,,,,,,,,,,,,,,,,,,,,,,,,,,,,,,,,,,,,,,,,,,,,,,,,,,,,,,,,,,,,,,,,,,,,,,,,,,,,,,,,,,,,,,,,,,,,,,
Technology & Media,Sure Ventures,Ordinary Share,30/06/2022,GB00BYWYZ460,,,,,,,,,,,,,,,,,,,,,,,,,,,,,,,,,,,,,,,,,,,,,,,,,,,,,,,,,,,,,,,,,,,,,,,,,,,,,,,,,,,,,,,,,,,,,,,,,,,,,,,
Category,Name,Type,Date,ISIN,Total Assets incl CYR,PC Total Par,PC Total Fair,PC Debt Par,PC Debt Fair,TotLongCashOffset,TotShortCashOffset,PC Equity,Convertibles Par,Convertibles Fair,PC Gearing,MonthEnd Price,Price for TS dilution,CurrYrRev(CYR),Rev Res (splits only),Rev Allocation % (splits only),Number,Issued,Purch,Treasury,below NAV,Cash/CashEquiv,GrossGearing,NetGearing,GrossGearingFairCum,NetGearingFairCum,NetCash,From,To,NoRange,GearingNote,Loss,CYR allocation %,SHF per share inc CYR,SHF per share exc CYR,PCNCWNE,PCNCWE,PCCWNE,PCCWE,PCCWETS,PCNCWNEcum,PCNCWEcum,PCCWNEcum,PCCWEcum,PCCWETScum,FCNCWNE,FCNCWE,FCCWNE,FCCWE,FCCWETS,FCNCWNEcum,FCNCWEcum,FCCWNEcum,FCCWEcum,FCCWETScum,PFY,Cash/Cash Equiv.,Fixed Interest,UK ,Cont. Europe,North America,Japan ,Other Pacific,Other ,Cash/Cash Equiv.,Fixed Interest,FTSE 100,FTSE 250 x IC,FTSE S/C FL/AIM xIC,SC Inc & Ord Inc,Other SC & ICs,Int. Equities,UK ,Cont. Europe,North America,Japan ,Other Pacific,Other ,UK ,Cont. Europe,North America,Japan ,Other Pacific,Other ,Flags,Name,in issue,NAV Par,NAV Fair,Gross Gearing,Net Gearing,Name,in issue,NAV Par,NAV Fair,Gross Gearing,Net Gearing,Total Assets ex CYR,Unlisted Holdings,FootNote,Note,Note,Reported Currency
UK All Companies,Artemis Alpha Trust,Ordinary Share,30/06/2022,GB0004355946,109373412,0,0,0,0,0,0,0,0,0,0,293,0,1576818,0,0,33353474,0,102500,3907000,Yes,-16.69,0,17,0,17,0,0,20,N,,N,100,109373412,107796594,323.19,,,,320.03,327.92,,,,324.26,323.19,,,,320.03,327.92,,,,324.26,2.5,-16.69,,79.03,27.52,,6.89,0.04,3.21,-16.69,,16.48,24.62,26.21,27.32,,22.06,,,,,,,,,,,,,,,,,,,,,,,,,,107796594,,,,"102,500 shares were bought back during the month at prices between 299pps and 331pps",GBX
UK All Companies,Aurora,Ordinary Share,30/06/2022,GB0000633262,160770010,0,0,0,0,0,0,0,0,0,0,193,0,698534,0,0,76608771,19358,0,0,N/A,4,0,0,0,0,0,0,20,N,,N,100,160770010,160071476,208.95,,,,,209.86,,,,,208.95,,,,,209.86,,,,,1.6,4,5,67,,,,,24,4,5,42,13,3,,6,27,,,,,,,,,,,,,,,,,,,,,,,,,,160071476,,,,,GBX
UK All Companies,Baillie Gifford UK Growth,Ordinary Share,30/06/2022,GB0007913485,273607729,8450000,8450000,8450000,8450000,0,0,0,0,0,8450000,151,0,7156925,0,0,152645484,0,400000,8271000,No,2,3,1,3,1,0,,,Y,,N,100,265157729,258000804,169.02,,,,169.02,173.71,,,,173.71,169.02,,,,169.02,173.71,,,,173.71,2.7,2,,98,,,,,,2,,45,35,15,2,1,,,,,,,,,,,,,,,,,,,,,,,,,,,266450804,0.51,,,,GBX
UK All Companies,Fidelity Special Values,Ordinary Share,30/06/2022,GB00BWXC7Y93,1077604938,189050333,189050333,189050333,189050333,189050333,0,0,0,0,189050333,263.5,0,30363346,0,0,324098920,0,0,0,No,6.15,21,14,21,14,0,0,40,N,,N,100,888554605,858191259,264.79,,,,,274.16,,,,,264.79,,,,,274.16,,,,,2.81,6.15,,84.61,6.88,0.2,,1.07,1.09,6.15,,36.93,40.78,6.9,,,9.24,,,,,,,,,,,,,z,,,,,,,,,,,,,1047241592,0.03,"Includes a listed holding fair valued at level 3
",,,GBX
UK All Companies,Henderson Opportunities,Ordinary Share,30/06/2022,GB0008536574,118529000,18130586,18130586,18130586,18130586,0,0,0,0,0,18130586,1055,0,1398000,0,0,7898375,0,0,102483,No,3.25,18,14,18,14,0,0,20,N,,N,100,100398414,99000414,1253.43,,,,1253.43,1271.13,,,,1271.13,1253.43,,,,1253.43,1271.13,,,,1271.13,3.35,3.25,,96.75,,,,,,3.25,,29.01,9.76,53.86,4.12,,,,,,,,,,,,,,,,,,,,,,,,,,,,117131000,0.42,,,,GBX
UK All Companies,Independent Investment Trust,Ordinary Share,30/06/2022,GB0000811686,252553398,0,0,0,0,0,0,0,0,0,0,405,0,3795743,0,0,51906862,0,0,0,N/A,17,0,0,0,0,0,,,Y,,N,100,252553398,248757655,479.24,,,,,486.55,,,,,479.24,,,,,486.55,,,,,2.6,17,,77,3,1,,2,,17,,12,34,31,,5,1,,,,,,,,,,,,,,,,,,,,,,,,,,248757655,,,,,GBX
UK All Companies,JPMorgan MidCap,Ordinary Share,30/06/2022,GB0002357613,257073465,34064209,34064209,34064209,34064209,0,0,0,0,0,34064209,854,0,6192409,0,0,22543730,0,185000,2689350,No,6.99,15,7,15,7,0,0,25,N,,N,100,223009256,216816847,961.76,,,,961.76,989.23,,,,989.23,961.76,,,,961.76,989.23,,,,989.23,2.34,6.99,,93.01,,,,,,6.99,,6.57,81.77,4.67,,,,,,,,,,,,,,,,,,,,,,,,,,,,,250881056,,,,,GBX
UK All Companies,Mercantile,Ordinary Share,30/06/2022,GB00BF4JDH58,2024549863,355534754,358921632,355534754,358921632,0,0,0,0,0,355534754,178.8,0,16977850,0,0,790833162,0,539731,153119287,No,8.04,21,12,22,12,0,0,15,N,,N,100,1669015109,1652037259,208.9,,,,208.9,211.05,,,,211.05,208.47,,,,208.47,210.62,,,,210.62,2.42,8.04,,91.96,,,,,,8.04,,9.01,73.07,6.22,3.4,0.26,,,,,,,,,,,,,,,,,,,,,,,,,,,2007572013,,,,,GBX
UK All Companies,Schroder UK Mid Cap,Ordinary Share,30/06/2022,GB0006108418,237206588,25000000,25000000,25000000,25000000,0,0,0,0,0,25000000,506,0,5498807,0,0,34581190,0,0,1562500,N/A,-0.5,12,12,12,12,0,,,Y,,N,100,212206588,206707781,597.75,,,,593.78,613.65,,,,608.99,597.75,,,,593.78,613.65,,,,608.99,3.1,-0.5,,96.83,1.08,,,,2.59,-0.5,,,93.17,5.78,,1.55,,100,,,,,,90.84,2.58,,,,6.58,,,,,,,,,,,,,,231707781,,,,,GBX
Category,Name,Type,Date,ISIN,Total Assets incl CYR,PC Total Par,PC Total Fair,PC Debt Par,PC Debt Fair,TotLongCashOffset,TotShortCashOffset,PC Equity,Convertibles Par,Convertibles Fair,PC Gearing,MonthEnd Price,Price for TS dilution,CurrYrRev(CYR),Rev Res (splits only),Rev Allocation % (splits only),Number,Issued,Purch,Treasury,below NAV,Cash/CashEquiv,GrossGearing,NetGearing,GrossGearingFairCum,NetGearingFairCum,NetCash,From,To,NoRange,GearingNote,Loss,CYR allocation %,SHF per share inc CYR,SHF per share exc CYR,PCNCWNE,PCNCWE,PCCWNE,PCCWE,PCCWETS,PCNCWNEcum,PCNCWEcum,PCCWNEcum,PCCWEcum,PCCWETScum,FCNCWNE,FCNCWE,FCCWNE,FCCWE,FCCWETS,FCNCWNEcum,FCNCWEcum,FCCWNEcum,FCCWEcum,FCCWETScum,PFY,Cash/Cash Equiv.,Fixed Interest,UK ,Cont. Europe,North America,Japan ,Other Pacific,Other ,Cash/Cash Equiv.,Fixed Interest,UK Equity x IC,Int. Equities,SC Inc Shares,SC Ord Inc Shares,Other SC & ICs,Other ,UK ,Cont. Europe,North America,Japan ,Other Pacific,Other ,UK ,Cont. Europe,North America,Japan ,Other Pacific,Other ,Flags,Name,in issue,NAV Par,NAV Fair,Gross Gearing,Net Gearing,Name,in issue,NAV Par,NAV Fair,Gross Gearing,Net Gearing,Total Assets ex CYR,Unlisted Holdings,FootNote,Note,Note,Reported Currency
UK Equity & Bond Income,Henderson High Income,Ordinary Share,30/06/2022,GB0009580571,260820767,50452460,50242092,50452460,50242092,0,0,0,0,0,50452460,160.5,0,1113259,0,0,129796278,325000,0,0,No,1.2,24,22,24,22,0,0,40,N,,N,100,210368307,209255048,161.22,,,,,162.08,,,,,161.38,,,,,162.24,,,,,5.49,1.2,9.77,77.15,9.99,1.89,,,,1.2,9.77,77.15,11.88,,,,,,,,,,,,,,,,,d,,,,,,,,,,,,,259707508,,,Private Placement notes calculated at Fair Value.,"325,000 shares issued @ £547k",GBX
Category,Name,Type,Date,ISIN,Total Assets incl CYR,PC Total Par,PC Total Fair,PC Debt Par,PC Debt Fair,TotLongCashOffset,TotShortCashOffset,PC Equity,Convertibles Par,Convertibles Fair,PC Gearing,MonthEnd Price,Price for TS dilution,CurrYrRev(CYR),Rev Res (splits only),Rev Allocation % (splits only),Number,Issued,Purch,Treasury,below NAV,Cash/CashEquiv,GrossGearing,NetGearing,GrossGearingFairCum,NetGearingFairCum,NetCash,From,To,NoRange,GearingNote,Loss,CYR allocation %,SHF per share inc CYR,SHF per share exc CYR,PCNCWNE,PCNCWE,PCCWNE,PCCWE,PCCWETS,PCNCWNEcum,PCNCWEcum,PCCWNEcum,PCCWEcum,PCCWETScum,FCNCWNE,FCNCWE,FCCWNE,FCCWE,FCCWETS,FCNCWNEcum,FCNCWEcum,FCCWNEcum,FCCWEcum,FCCWETScum,PFY,Cash/Cash Equiv.,Fixed Interest,UK ,Cont. Europe,North America,Japan ,Other Pacific,Other ,Cash/Cash Equiv.,Fixed Interest,FTSE 100,FTSE 250 x IC,FTSE S/C FL/AIM xIC,SC Inc & Ord Inc,Other SC & ICs,Int. Equities,UK ,Cont. Europe,North America,Japan ,Other Pacific,Other ,UK ,Cont. Europe,North America,Japan ,Other Pacific,Other ,Flags,Name,in issue,NAV Par,NAV Fair,Gross Gearing,Net Gearing,Name,in issue,NAV Par,NAV Fair,Gross Gearing,Net Gearing,Total Assets ex CYR,Unlisted Holdings,FootNote,Note,Note,Reported Currency
UK Equity Income,abrdn Equity Income,Ordinary Share,30/06/2022,GB0006039597,192888441,24972250,24972250,24972250,24972250,0,0,0,0,0,24972250,334,0,1818761,0,0,48033474,0,0,1145293,No,0.73,15,14,15,14,0,,,Y,,N,100,167916191,166097430,345.8,,,,345.8,349.58,,,,349.58,345.8,,,,345.8,349.58,,,,349.58,6.9,0.73,,99.27,,,,,,0.73,,50.94,19.01,26.29,,3.03,,,,,,,,,,,,,,,,,,,,,,,,,,,191069680,,,,,GBX
UK Equity Income,BlackRock Income & Growth,Ordinary Share,30/06/2022,GB0030961691,45531235,4000000,4000000,4000000,4000000,0,0,0,0,0,4000000,180,0,869709,0,0,21171914,0,3250,10081532,No,6,10,3,10,3,0,0,20,N,,N,100,41531235,40661526,192.05,,,,192.05,196.16,,,,196.16,192.05,,,,192.05,196.16,,,,196.16,3.86,6,,86.2,3.66,4.14,,,,6,,69.74,14.07,1.76,,0.63,7.8,,,,,,,,,,,,,,,,,,,,,,,,,,44661526,,,,"During the month there were the following buyback for cancellation: 30/06 3,250 shs vs 178.00p per share, for a total consideration of 5,785 GBP. 
",GBX
UK Equity Income,British & American,Ordinary Share,30/06/2022,GB0000653112,,,,,,,,,,,,,,,,,,,,,,,,,,,,,,,,,,,,,,,,,,,,,,,,,,,,,,,,,,,,,,,,,,,,,,,,,,,,,,,,,,,,,,,,,,,,,,,,,,,,,,,GBX
UK Equity Income,Chelverton UK Dividend,Ordinary Share,30/06/2022,GB0006615826,53563975,17297979,17297979,0,0,0,0,0,0,0,17297979,165.5,0,302598,0,0,20850000,0,0,0,N/A,0.35,48,47,48,47,0,,,Y,,N,100,36265996,35963398,172.49,,,,,173.94,,,,,172.49,,,,,173.94,,,,,6.85,0.35,,99.65,,,,,,0.35,,,15.3,31.2,,53.15,,88.48,,11.52,,,,99.96,,0.04,,,,,,,,,,,,,,,,,53261377,,,,,GBX
UK Equity Income,Chelverton UK Dividend,Chelverton UK Dividend Trust ZDP 2025,30/06/2022,GB00BZ7MQD81,53563975,0,0,0,0,0,0,0,0,0,0,118.5,0,0,0,0,14500000,0,0,0,N/A,0.35,0,0,0,0,0,,,Y,,N,0,17297979,17297979,119.3,,,,,119.3,,,,,119.3,,,,,119.3,,,,,,0.35,,99.65,,,,,,0.35,,,15.3,31.2,,53.15,,88.48,,11.52,,,,99.96,,0.04,,,,,,,,,,,,,,,,,53261377,,,,,GBX
UK Equity Income,City of London,Ordinary Share,30/06/2022,GB0001990497,1928562000,131860932,120083010,131860932,120083010,0,0,0,0,0,131860932,400.5,0,27453000,0,0,459639868,3945000,0,0,No,0.27,7,7,7,6,0,,,Y,,N,100,1796701068,1769248068,384.92,,,,,390.89,,,,,387.48,,,,,393.46,,,,,4.98,0.27,0.48,84.67,8.58,5.1,,0.9,,0.27,0.48,63.68,10.41,2.13,,,23.03,,,,,,,,,,,,,,,,,,,,,,,,,,1901109000,,,,"During the month the trust issued 3,945,000 shares for net proceeds of approx. £16.2m.",GBX
UK Equity Income,CT UK Capital & Income,Ordinary Share,30/06/2022,GB0003463287,346974427,23500000,23500000,23500000,23500000,0,0,0,0,0,23500000,295,0,3321087,0,0,107141203,0,0,147819,No,0.37,7,7,7,7,0,0,20,N,,N,100,323474427,320153340,298.81,,,,298.81,301.91,,,,301.91,298.81,,,,298.81,301.91,,,,301.91,4.2,0.37,,97.97,1.66,,,,,0.37,,56.81,28.61,8.61,,3.94,1.66,,,,,,,,,,,,,,,,,,,,,,,,,,343653340,,,,,GBX
UK Equity Income,CT UK High Income,Ordinary Share,30/06/2022,GB00B1N4G299,111307941,5512488,5512488,7500000,7500000,0,0,0,0,0,5512488,85.5,0,590460,0,0,85172653,0,0,16894491,No,4.96,7,2,5,0,0,0,25,N,,N,100,76298677,75708217,88.89,,,,88.89,89.58,,,,89.58,88.89,,,,88.89,89.58,,,,89.58,4.05,4.96,,82.02,13.02,,,,,4.96,,43.93,28.2,2.65,,7.24,13.02,,,,,,,,,,,,,p,CT UK High Income Units,8404637,358.32,358.32,7,2,,,,,,,110504592,,,,,GBX
UK Equity Income,CT UK High Income,Class A Ordinary,30/06/2022,GB00B1N4H594,111307941,1987512,1987512,7500000,7500000,0,0,0,0,0,1987512,86.5,0,212889,0,100,30708750,0,0,1367953,No,4.96,7,2,2,0,0,0,25,N,,N,100,27509264,27296375,88.89,,,,88.89,89.58,,,,89.58,88.89,,,,88.89,89.58,,,,89.58,4.05,4.96,,82.02,13.02,,,,,4.96,,43.93,28.2,2.65,,7.24,13.02,,,,,,,,,,,,,p,,,,,,,,,,,,,110504592,,,,,GBX
UK Equity Income,Diverse Income Trust,Ordinary Share,30/06/2022,GB00B65TLW28,364699380,0,0,0,0,0,0,0,0,0,0,93,0,6338876,0,0,355870647,0,6049458,0,N/A,3.67,0,0,0,0,0,,,Y,,N,100,364699380,358360504,100.7,,,,,102.48,,,,,100.7,,,,,102.48,,,,,3.8,3.67,,96.33,,,,,,3.67,,,,,,96.33,,100,,,,,,100,,,,,,/dA,,,,,,,,,,,,,358360504,,,,"SHARE REDEMPTION ON 16/06/22 OF 6,049,458 SHARES WITH NET CONSIDERATION OF £6,676,181.74",GBX
UK Equity Income,Dunedin Income Growth,Ordinary Share,30/06/2022,GB0003406096,463524748,43153798,45367896,43153798,45367896,0,0,0,0,0,43153798,273,0,11135205,0,0,148264670,0,0,5413265,No,1.98,10,8,11,9,0,0,30,N,,N,100,420370950,409235745,276.02,,,,276.02,283.53,,,,283.53,274.52,,,,274.52,282.03,,,,282.03,4.48,1.98,,78.75,19.27,,,,,1.98,,49.33,25.84,3.58,,,19.27,,,,,,,,,,,,,,,,,,,,,,,,,,452389543,,,,,GBX
UK Equity Income,Edinburgh Investment,Ordinary Share,30/06/2022,GB0003052338,1207769640,119945039,116700050,119945039,116700050,0,0,0,0,0,119945039,597,0,10346567,0,0,170702129,0,20000,24964605,No,1.83,11,9,11,9,0,0,25,N,,N,100,1087824601,1077478034,631.2,,,,631.2,637.26,,,,637.26,633.1,,,,633.1,639.17,,,,639.17,3.69,1.83,,86.5,8.52,3.15,,,,1.83,,63.38,22.01,0.19,,0.01,12.58,,,,,,,,,,,,,d,,,,,,,,,,,,,1197423073,0.03,,"The fair value of the debenture stocks is determined by reference to the daily closing price. This is a Bloomberg closing price.
","During the month to 30 June 2022, there were Share Buybacks to Treasury totaling 20,000 Ordinary Shares for total consideration £128,000 at an average price of 640p per share.",GBX
UK Equity Income,Finsbury Growth & Income,Ordinary Share,30/06/2022,GB0007816068,1859435692,36700042,36700042,36700042,36700042,0,0,0,0,0,36700042,766,0,13031376,0,0,220347531,0,1404549,4643772,Yes,0.33,2,2,2,2,0,0,25,N,,N,100,1822735650,1809704274,821.3,,,,820.15,827.21,,,,825.95,821.3,,,,820.15,827.21,,,,825.95,2.72,0.33,0.01,77.51,10.54,11.61,,,,0.33,0.01,72.65,4.01,1.1,,0.57,21.33,49.11,4.17,46.72,,,,77.68,10.55,11.77,,,,,,,,,,,,,,,,,1846404316,,,,,GBX
UK Equity Income,Invesco Select UK Equity,Ordinary Share,30/06/2022,GB00B1DPVL60,147111084,16000000,16000000,16000000,16000000,0,0,0,0,0,16000000,160,0,492824,0,0,73360657,0,412000,35155775,No,0.47,12,12,12,12,0,0,25,N,,N,100,131111084,130618260,178.05,,,,178.05,178.72,,,,178.72,178.05,,,,178.05,178.72,,,,178.72,3.6,0.47,,93.09,,6.44,,,,0.47,,63.21,14.9,12.52,,2.46,6.44,,,,,,,,,,,,,,,,,,,,,,,,,,146618260,,,,"During the month to 30 June 2022, there were Share Buybacks to Treasury of 412,000 Ordinary Shares for Total Consideration 660,177.42 at an average price of 160.53p per share.",GBX
UK Equity Income,JPMorgan Claverhouse,Ordinary Share,30/06/2022,GB0003422184,462159589,62338436,61191061,62338436,61191061,0,0,0,0,0,62338436,650,0,5967423,0,0,59955653,0,0,0,No,7,16,8,15,7,0,0,20,N,,N,100,399821153,393853730,656.91,,,,,666.86,,,,,658.82,,,,,668.78,,,,,3.43,7,,93,,,,,,7,,81.4,8.4,0.5,2.7,,,,,,,,,,,,,,,,,,,,,,,,,,,,456192166,,,,,GBX
UK Equity Income,JPMorgan Elect Managed Income,Ordinary Share,30/06/2022,GB0034080217,78562457,6000000,6000000,6000000,6000000,0,0,0,0,0,6000000,96.5,0,144750,0,0,73841568,0,41554,10117386,No,4.7,8,3,8,3,0,,,Y,,N,100,72562457,72417707,98.07,,,,98.07,98.27,,,,98.27,98.07,,,,98.07,98.27,,,,98.27,3.5,4.7,,95.3,,,,,,4.7,,70.7,16.9,4.2,,3.5,,,,,,,,,,,,,,,,,,,,,,,,,,,78417707,,,,,GBX
UK Equity Income,Law Debenture Corporation,Ordinary Share,30/06/2022,GB0031429219,1106300924,164245113,168775800,164245113,168775800,0,0,0,0,0,164245113,760,0,16178036,0,0,126230289,720000,0,0,N/A,6.18,17,10,18,11,0,,,Y,,N,100,942055811,925877775,733.48,,,,,746.3,,,,,729.89,,,,,742.71,,,,,3.02,6.18,,83.2,5.72,3.85,0.95,,0.1,6.18,,36.32,14,12.38,18.2,2.29,10.63,,,,,,,,,,,,,,,,,,,,,,,,,,1090122888,17.12,,,,GBX
UK Equity Income,Lowland,Ordinary Share,30/06/2022,GB00BNXGHS27,387285500,45394728,43963728,45394728,43963728,0,0,0,0,0,45394728,114.5,0,3200000,0,0,270185650,0,0,0,No,-0.75,13,14,13,14,0,0,30,N,,N,100,341890772,338690772,125.35,,,,,126.54,,,,,125.88,,,,,127.07,,,,,4.54,-0.75,0.03,95.72,3.91,1.09,,,,-0.75,0.03,48.8,19.04,32.88,,,,,,,,,,,,,,,,d,,,,,,,,,,,,,384085500,,,,,GBX
UK Equity Income,Merchants,Ordinary Share,30/06/2022,GB0005800072,819004837,92880590,93099674,92880590,93099674,0,0,0,0,0,92880590,541,0,10888564,0,0,134329887,360000,0,0,N/A,1.31,13,11,13,11,0,,,Y,,N,100,726124247,715235683,532.45,,,,,540.55,,,,,532.28,,,,,540.39,,,,,4.96,1.31,,91.92,5.37,1.4,,,,1.31,,59.57,29.32,5.05,,4.75,,,,,,,,,,,,,,,,,,,,,,,,,,,808116273,,,,"Date	 Shares 	Price (p)	Value £m
06/17/2022	35,000.00	 575.96 	£0.202
06/17/2022	100,000.00	 576.71 	£0.577
06/20/2022	125,000.00	 546.59 	£0.683
06/20/2022	100,000.00	 548.10 	£0.548
",GBX
UK Equity Income,Murray Income,Ordinary Share,30/06/2022,GB0006111123,1126268448,117216686,110411287,117216686,110411287,0,0,0,0,0,117216686,832,0,18146288,0,0,116690472,0,0,2839060,No,2.44,12,9,11,8,0,0,25,N,,N,100,1009051762,990905474,849.17,,,,849.17,864.73,,,,864.73,855.01,,,,855.01,870.56,,,,870.56,4.58,2.44,,81.59,13.16,1.02,,,1.79,2.44,,48.26,29.29,4.04,,,15.97,100,,,,,,100,,,,,,/,,,,,,,,,,,,,1108122160,,,,,GBX
UK Equity Income,Schroder Income Growth,Ordinary Share,30/06/2022,GB0007915860,236932873,30000000,30000000,30000000,30000000,0,0,0,0,0,30000000,287,0,3681502,0,0,69463343,0,0,0,N/A,2.84,14,11,14,11,0,,,Y,,N,100,206932873,203251371,292.6,,,,,297.9,,,,,292.6,,,,,297.9,,,,,3.4,2.84,,96.53,,,,,0.63,2.84,,61.71,19.95,6.38,,9.12,,100,,,,,,98.6,,,,,1.4,,,,,,,,,,,,,,233251371,,,,,GBX
UK Equity Income,Shires Income,Ordinary Share,30/06/2022,GB0008052507,97865665,18992000,19178855,18992000,19178855,0,0,0,0,0,18992000,242.5,0,2358776,0,0,30819580,0,0,0,N/A,1.36,24,22,24,23,0,,,Y,,N,100,78873665,76514889,248.27,,,,,255.92,,,,,247.66,,,,,255.31,,,,,6.95,1.36,22.59,66.05,7.06,2.74,,,0.2,1.36,22.59,37.3,16.44,3.94,,8.37,10,90,7.06,2.74,,,0.2,90,7.06,2.74,,,0.2,,,,,,,,,,,,,,95506889,,,,,GBX
UK Equity Income,Temple Bar,Ordinary Share,30/06/2022,GB00BMV92D64,810277103,75000000,67111000,75000000,67111000,0,0,0,0,0,75000000,218,0,6486520,0,0,327802777,0,347711,6561048,N/A,2.9,10,7,9,6,0,,,Y,,N,100,735277103,728790583,222.33,,,,222.24,224.3,,,,224.18,224.73,,,,224.6,226.71,,,,226.54,3.65,2.9,2.84,75.96,6.21,8.92,1.47,,1.7,2.9,2.84,,,,,,94.26,100,,,,,,100,,,,,,,,,,,,,,,,,,,803790583,,,,"On 06 June 2022 the company bought 3088 shares to be held in Treasury at a price of 236.765 pence per share.
On 07 June 2022 the company bought 6410 shares to be held in Treasury at a price of 235.5 pence per share.
On 08 June 2022 the company bought 63065 shares to be held in Treasury at a price of 234.078 pence per share.
On 09 June 2022 the company bought 125001 shares to be held in Treasury at a price of 232.799 pence per share.
On 10 June 2022 the company bought 75000 shares to be held in Treasury at a price of 226.41 pence per share.
On 13 June 2022 the company bought 25000 shares to be held in Treasury at a price of 219 pence per share.
On 14 June 2022 the company bought 50000 shares to be held in Treasury at a price of 219.25 pence per share.
On 23 June 2022 the company bought 147 shares to be held in Treasury at a price of 216 pence per share.",GBX
UK Equity Income,Troy Income & Growth,Ordinary Share,30/06/2022,GB0003708665,208862405,0,0,0,0,0,0,0,0,0,0,69.4,0,704803,0,0,294572487,0,2145000,52939500,No,1.49,0,0,0,0,0,0,15,N,,N,100,208862405,208157602,70.66,,,,70.66,70.9,,,,70.9,70.66,,,,70.66,70.9,,,,70.9,2.7,1.49,,82.14,3.36,13.01,,,,1.49,,60.06,18.34,1.01,,2.73,16.37,100,,,,,,100,,,,,,,,,,,,,,,,,,,208157602,,,,"2,145,000 shares were bought back with costs of £1,515,644.13. These were bought back between 06 June and 28 June 2022.",GBX
Category,Name,Type,Date,ISIN,Total Assets incl CYR,PC Total Par,PC Total Fair,PC Debt Par,PC Debt Fair,TotLongCashOffset,TotShortCashOffset,PC Equity,Convertibles Par,Convertibles Fair,PC Gearing,MonthEnd Price,Price for TS dilution,CurrYrRev(CYR),Rev Res (splits only),Rev Allocation % (splits only),Number,Issued,Purch,Treasury,below NAV,Cash/CashEquiv,GrossGearing,NetGearing,GrossGearingFairCum,NetGearingFairCum,NetCash,From,To,NoRange,GearingNote,Loss,CYR allocation %,SHF per share inc CYR,SHF per share exc CYR,PCNCWNE,PCNCWE,PCCWNE,PCCWE,PCCWETS,PCNCWNEcum,PCNCWEcum,PCCWNEcum,PCCWEcum,PCCWETScum,FCNCWNE,FCNCWE,FCCWNE,FCCWE,FCCWETS,FCNCWNEcum,FCNCWEcum,FCCWNEcum,FCCWEcum,FCCWETScum,PFY,Cash/Cash Equiv.,Fixed Interest,UK ,Cont. Europe,North America,Japan ,Other Pacific,Other ,Cash/Cash Equiv.,Fixed Interest,FTSE 100,FTSE 250,FTSE Small Cap,FTSE Fledgling,AIM/ NEX,Other Equities,UK ,Cont. Europe,North America,Japan ,Other Pacific,Other ,UK ,Cont. Europe,North America,Japan ,Other Pacific,Other ,Flags,Name,in issue,NAV Par,NAV Fair,Gross Gearing,Net Gearing,Name,in issue,NAV Par,NAV Fair,Gross Gearing,Net Gearing,Total Assets ex CYR,Unlisted Holdings,FootNote,Note,Note,Reported Currency
UK Smaller Companies,Aberforth Smaller Companies,Ordinary Share,30/06/2022,GB0000066554,1248949524,58000000,58000000,58000000,58000000,0,0,0,0,0,58000000,1174,0,24729003,0,0,86731924,0,50000,0,N/A,0.23,5,5,5,5,0,0,20,N,,N,100,1190949524,1166220521,1344.63,,,,,1373.14,,,,,1344.63,,,,,1373.14,,,,,,0.23,,99.77,,,,,,0.23,,,34.74,51.22,13.81,,,100,,,,,,100,,,,,,/,,,,,,,,,,,,,1224220521,,,,"Share buybacks: 21/06 - 25,000 shares @ 1226p, 27/06 - 25,000 shares @ 1219.7774p",GBX
UK Smaller Companies,Aberforth Split Level Income,Ordinary Share,30/06/2022,GB00BYPBD394,195345407,56383305,56383305,0,0,0,0,0,0,0,56383305,64.2,0,6270998,1364596,0,190250000,0,0,0,N/A,1.17,41,39,41,39,0,,,Y,,N,100,138962102,132691104,69.75,,,,,73.04,,,,,69.75,,,,,73.04,,,,,5.03,1.17,,98.83,,,,,,1.17,,,37.44,47.46,13.93,,,100,,,,,,100,,,,,,/,,,,,,,,,,,,,189074409,,,,,GBX
UK Smaller Companies,Aberforth Split Level Income,Aberforth Split Level Income ZDP 2024,30/06/2022,GB00BYPBD519,195345407,0,0,0,0,0,0,0,0,0,0,116,0,0,1364596,0,47562500,0,0,0,N/A,1.17,0,0,0,0,0,,,Y,,N,0,56383305,56383305,118.55,,,,,118.55,,,,,118.55,,,,,118.55,,,,,,1.17,,98.83,,,,,,1.17,,,37.44,47.46,13.93,,,100,,,,,,100,,,,,,/,,,,,,,,,,,,,189074409,,,,,GBX
UK Smaller Companies,abrdn Smaller Companies Income,Ordinary Share,30/06/2022,GB0008063728,74177777,6996702,6996702,6996702,6996702,0,0,0,0,0,6996702,258,0,304802,0,0,22109765,0,0,0,N/A,4.9,10,5,10,5,0,,,Y,,N,100,67181075,66876273,302.47,,,,,303.85,,,,,302.47,,,,,303.85,,,,,4.65,4.9,2.94,90.02,2.14,,,,,4.9,2.94,,43.45,27.56,,16.44,4.71,,,,,,,,,,,,,/,,,,,,,,,,,,,73872975,,,,,GBX
UK Smaller Companies,abrdn UK Smaller Companies Growth,Ordinary Share,30/06/2022,GB0002959582,538610452,39975394,39975394,39975394,39975394,0,0,0,0,0,39975394,453,0,6102967,0,0,94012047,0,411126,10152375,No,2.69,8,5,8,5,0,0,25,N,,N,100,498635058,492532091,523.9,,,,523.9,530.39,,,,530.39,523.9,,,,523.9,530.39,,,,530.39,,2.69,,97.31,,,,,,2.69,,1.37,45.71,,,35.43,14.8,,,,,,,,,,,,,/,,,,,,,,,,,,,532507485,,,,"411,126 shares bought back in June at a cost of £2.0m.",GBX
UK Smaller Companies,Athelney,Ordinary Share,30/06/2022,GB0000609296,5144377,0,0,0,0,0,0,0,0,0,0,215,0,102311,134821,0,2157881,0,0,0,N/A,13,0,0,0,0,0,,,Y,,N,100,5144377,5042066,233.66,,,,,238.4,,,,,233.66,,,,,238.4,,,,,2.35,13,,78.4,8.6,,,,,13,,6.4,31.4,22.4,4.4,22.4,,,,,,,,,,,,,,,,,,,,,,,,,,,5042066,0,,,,GBX
UK Smaller Companies,BlackRock Smaller Companies,Ordinary Share,30/06/2022,GB0006436108,821262385,84468281,73559019,84468281,73559019,0,0,0,0,0,84468281,1290,0,9144978,0,0,48829792,0,0,1163731,No,9.42,11,1,10,0,0,,,Y,,N,100,736794104,727649126,1490.17,,,,1490.17,1508.9,,,,1508.9,1512.52,,,,1512.52,1531.24,,,,1531.24,2.76,9.42,,90.06,,0.52,,,,9.42,,,34.9,11.31,,38.43,5.94,,,,,,,,,,,,,,,,,,,,,,,,,,812117407,,,,,GBX
UK Smaller Companies,BlackRock Throgmorton Trust,Ordinary Share,30/06/2022,GB0008910555,743263494,137973420,137973420,137973420,137973420,103842138,34023074,0,0,0,137973420,546,0,8296004,0,0,102186194,0,429000,1023670,No,12.18,23,8,23,8,0,,,Y,,N,100,605290074,596994070,584.22,,,,584.22,592.34,,,,592.34,584.22,,,,584.22,592.34,,,,592.34,2,12.18,,81.4,1.4,4.39,,0.63,,12.18,,0.68,42.34,5.86,,32.36,6.58,,,,,,,,,,,,,,,,,,,,,,,,,,734967490,,,,"On 01/06 - 30,000 shs vs 639.16p per share, on 10/6 - 30,000 shs vs 595.36p per share, on 13/06 - 40,000 shs vs 566.40p per share, on 14/6 - 50,000 shs vs 560.62p per share, on 15/6 - 50,000 shs vs 572.36p per share, on 16/6 - 50,000 shs vs 539.45p per share, on 17/6 - 50,000 shs vs 543.78p per share, on 21/6 - 50,000 shs vs 544.05p per share, on 23/6 - 16,000 shs vs 532.79p per share , on 24/6 - 18,000 shs vs 553.44p per share , on 29/6 - 45,000 shs vs 561.73p per share. Total Consideration GBP 2,414,690.10
",GBX
UK Smaller Companies,Crystal Amber,Ordinary Share,30/06/2022,GG00B1Z2SL48,,,,,,,,,,,,,,,,,,,,,,,,,,,,,,,,,,,,,,,,,,,,,,,,,,,,,,,,,,,,,,,,,,,,,,,,,,,,,,,,,,,,,,,,,,,,,,,,,,,,,,,GBX
UK Smaller Companies,Downing Strategic Micro-Cap,Ordinary Share,30/06/2022,GB00BF0SCX52,39182531,0,0,0,0,0,0,0,0,0,0,62.5,0,239236,0,100,49519882,0,0,6030120,N/A,9.42,0,0,0,0,0,0,15,N,,N,100,39182531,38943295,78.64,,,,76.89,79.12,,,,77.32,78.64,,,,76.89,79.12,,,,77.32,2.68,9.42,13.4,77.18,,,,,,9.42,13.4,,,11.45,2.09,59.47,4.17,100,,,,,,100,,,,,,,,,,,,,,,,,,,38943295,17.57,,,,GBX
UK Smaller Companies,Henderson Smaller Companies,Ordinary Share,30/06/2022,GB0009065060,811318000,100098638,100098638,100098638,100098638,0,0,0,0,0,100098638,808,0,16209000,0,0,74701796,0,0,0,N/A,1.24,14,13,14,13,0,0,15,N,,N,100,711219362,695010362,930.38,,,,,952.08,,,,,930.38,,,,,952.08,,,,,,1.24,,98.76,,,,,,1.24,,1.23,56.6,12.84,,26.54,1.55,,,,,,,,,,,,,/,,,,,,,,,,,,,795109000,,,,,GBX
UK Smaller Companies,Invesco Perpetual UK Smaller Companies,Ordinary Share,30/06/2022,GB00B1FL3C76,177176206,0,0,0,0,0,0,0,0,0,0,440,0,2286108,0,0,33826929,0,0,19382155,No,1.67,0,0,0,0,0,0,30,N,,N,100,177176206,174890098,517.01,,,,517.01,523.77,,,,523.77,517.01,,,,517.01,523.77,,,,523.77,2.48,1.67,,98.33,,,,,,1.67,,,42.86,21.12,,32.84,1.51,,,,,,,,,,,,,,,,,,,,,,,,,,174890098,,1.51% OF ADDITIONAL PORTFOLIO SPREAD RELATES TO STOCKS THAT ARE OUTSIDE OF THE FTSE SECTORS,,,GBX
UK Smaller Companies,JPMorgan UK Smaller Companies,Ordinary Share,30/06/2022,GB00BF7L8P11,277510812,41025972,41025972,41025972,41025972,0,0,0,0,0,41025972,258,0,6038985,0,0,78051669,0,0,1232466,No,7.05,17,9,17,9,0,0,15,N,,N,100,236484840,230445855,295.25,,,,295.25,302.98,,,,302.98,295.25,,,,295.25,302.98,,,,302.98,1.78,7.05,,92.95,,,,,,7.05,,1.27,40.54,9.28,,41.86,,,,,,,,,,,,,,,,,,,,,,,,,,,271471827,,,,,GBX
UK Smaller Companies,Marwyn Value Investors,Ordinary Share,30/06/2022,,,,,,,,,,,,,,,,,,,,,,,,,,,,,,,,,,,,,,,,,,,,,,,,,,,,,,,,,,,,,,,,,,,,,,,,,,,,,,,,,,,,,,,,,,,,,,,,,,,,,,,,GBX
UK Smaller Companies,Miton UK Microcap,Ordinary Share,30/06/2022,GB00BWFGQ085,71962630,0,0,0,0,0,0,0,0,0,0,70,0,162402,0,0,94638561,0,14614999,0,N/A,5.39,0,0,0,0,0,0,15,N,,N,100,71962630,71800228,75.87,,,,,76.04,,,,,75.87,,,,,76.04,,,,,1.17,5.39,,94.61,,,,,,5.39,,,,,,,94.61,100,,,,,,100,,,,,,/A,,,,,,,,,,,,,71800228,,,,"Redemption of 14,614,999 shares, being 13.3771% of previous shares in issue.",GBX
UK Smaller Companies,Montanaro UK Smaller Companies,Ordinary Share,30/06/2022,GB00BZ1H9L86,212040670,20000000,20000000,20000000,20000000,0,0,0,0,0,20000000,104,0,1414404,0,0,167379790,0,0,0,Yes,7.04,10,3,10,3,0,,,Y,,N,100,192040670,190626266,113.89,,,,,114.73,,,,,113.89,,,,,114.73,,,,,,7.04,,92.96,,,,,,7.04,,,,,,,92.96,100,,,,,,100,,,,,,,,,,,,,,,,,,,210626266,,,,,GBX
UK Smaller Companies,Odyssean Investment Trust,Ordinary Share,30/06/2022,GB00BFFK7H57,157453764,0,0,0,0,0,0,0,0,0,0,159,0,382316,0,0,100585053,4337000,0,0,N/A,4.42,0,0,0,0,0,,,Y,,N,100,157453764,157071448,156.16,,,,,156.54,,,,,156.16,,,,,156.54,,,,,,4.42,,93.8,1.78,,,,,4.42,,,,,,,95.58,100,,,,,,100,,,,,,,,,,,,,,,,,,,157071448,,,,,GBX
UK Smaller Companies,Rights & Issues,Ordinary Share,30/06/2022,GB0007392078,,,,,,,,,,,,,,,,,,,,,,,,,,,,,,,,,,,,,,,,,,,,,,,,,,,,,,,,,,,,,,,,,,,,,,,,,,,,,,,,,,,,,,,,,,,,,,,,,,,,,,,GBP
UK Smaller Companies,River & Mercantile UK Micro Cap,Ordinary Share,30/06/2022,GG00BNDMJP11,,,,,,,,,,,,,,,,,,,,,,,,,,,,,,,,,,,,,,,,,,,,,,,,,,,,,,,,,,,,,,,,,,,,,,,,,,,,,,,,,,,,,,,,,,,,,,,,,,,,,,,GBP
UK Smaller Companies,Rockwood Strategic,Ordinary Share,30/06/2022,GB00BYRH4982,38441018,0,0,0,0,0,0,0,0,0,0,1390,0,-369236,0,0,2541046,0,0,0,N/A,9.07,0,0,0,0,0,,,Y,No long term liabilities ,N,100,38441018,38810254,1527.33,,,,,1512.8,,,,,1527.33,,,,,1512.8,,,,,0.63,9.07,7.59,83.34,,,,,,9.07,7.59,,,,9.72,73.62,,100,,,,,,100,,,,,,A,,,,,,,,,,,,,38810254,7.59,,,,GBX
UK Smaller Companies,Strategic Equity Capital,Ordinary Share,30/06/2022,GB00B0BDCB21,175003732,0,0,0,0,0,0,0,0,0,0,280,0,880533,0,0,55352088,0,507500,6562047,No,9.51,0,0,0,0,0,,,Y,,N,100,175003732,174123199,314.57,,,,314.57,316.16,,,,316.16,314.57,,,,314.57,316.16,,,,316.16,2.66,9.51,,90.49,,,,,,9.51,,,,38.55,,39.29,,100,,,,,,,,,,,,,,,,,,,,,,,,,174123199,,"Additional portfolio spread: Property 5.91%, Media 6.74%",,"During the month the Company bought back 507,500 Ordinary shares at a cost of £1.5m",GBX
UK Smaller Companies,SVM UK Emerging Fund,Ordinary Share,30/06/2022,GB0000684174,5376058,0,0,0,0,0,0,0,0,0,0,75.5,0,0,0,0,5995000,0,0,10000,N/A,20.38,0,0,0,0,0,,,Y,,N,100,5376058,5376058,89.68,,,,89.65,89.68,,,,89.65,89.68,,,,89.65,89.68,,,,89.65,,20.38,,68.46,6.79,1.48,,2.89,,20.38,,17.25,28.27,4.36,,28.76,0.98,100,,,,,,100,,,,,,,,,,,,,,,,,,,5376058,,,,,GBX
UK Smaller Companies,Worsley Investors,Ordinary Share,30/06/2022,GG00BHXH0C87,,,,,,,,,,,,,,,,,,,,,,,,,,,,,,,,,,,,,,,,,,,,,,,,,,,,,,,,,,,,,,,,,,,,,,,,,,,,,,,,,,,,,,,,,,,,,,,,,,,,,,,GBX
Category,Name,Type,Date,ISIN,Total Assets incl CYR,PC Total Par,PC Total Fair,PC Debt Par,PC Debt Fair,TotLongCashOffset,TotShortCashOffset,PC Equity,Convertibles Par,Convertibles Fair,PC Gearing,MonthEnd Price,Price for TS dilution,CurrYrRev(CYR),Rev Res (splits only),Rev Allocation % (splits only),Number,Issued,Purch,Treasury,below NAV,Cash/CashEquiv,GrossGearing,NetGearing,GrossGearingFairCum,NetGearingFairCum,NetCash,From,To,NoRange,GearingNote,Loss,CYR allocation %,SHF per share inc CYR,SHF per share exc CYR,PCNCWNE,PCNCWE,PCCWNE,PCCWE,PCCWETS,PCNCWNEcum,PCNCWEcum,PCCWNEcum,PCCWEcum,PCCWETScum,FCNCWNE,FCNCWE,FCCWNE,FCCWE,FCCWETS,FCNCWNEcum,FCNCWEcum,FCCWNEcum,FCCWEcum,FCCWETScum,PFY,Cash/Cash Equiv.,Fixed Interest,UK ,Cont. Europe,North America,Japan ,Other Pacific,Other ,Cash/Cash Equiv.,Fixed Interest,UK Listed,UK Unlisted,Cont. Eur Listed,Cont. Eur Unlisted,US Listed,US Unlisted,UK ,Cont. Europe,North America,Japan ,Other Pacific,Other ,UK ,Cont. Europe,North America,Japan ,Other Pacific,Other ,Flags,Name,in issue,NAV Par,NAV Fair,Gross Gearing,Net Gearing,Name,in issue,NAV Par,NAV Fair,Gross Gearing,Net Gearing,Total Assets ex CYR,Unlisted Holdings,FootNote,Note,Note,Reported Currency
VCT AIM Quoted,Amati AIM VCT,Ordinary Share,30/06/2022,GB00B641BB82,217698092,0,0,0,0,0,0,0,0,0,0,133.5,0,-273749,0,0,151130909,0,110877,0,N/A,22.04,0,0,0,0,0,,,Y,,N,100,217698092,217971841,144.23,,,,,144.05,,,,,144.23,,,,,144.05,,,,,,22.04,,77.16,,0.8,,,,22.04,,73.48,3.68,,,0.75,0.05,100,,,,,,100,,,,,,zd,,,,,,,,,,,,,217971841,4.78,,,"On 10/06/22 the Company bought back 66512 shares at a price of 144.5p per share.
On 30/06/22 the Company bought back 44365 shares at a price of 135.5p per share.",GBX
VCT AIM Quoted,Hargreave Hale AIM VCT,Ordinary Share,30/06/2022,GB00B02WHS05,177677007,0,0,0,0,0,0,0,0,0,0,65.75,0,698396,0,0,267096882,0,676963,0,N/A,23,0,0,0,0,0,,,Y,,N,100,177677007,176978611,66.26,,,,,66.52,,,,,66.26,,,,,66.52,,,,,,23,,77,,,,,,23,,65,12,,,,,,,,,,,,,,,,,,,,,,,,,,,,,,176978611,12,,,,GBX
VCT AIM Quoted,Octopus AIM VCT,Ordinary Share,30/06/2022,GB0034202076,,,,,,,,,,,,,,,,,,,,,,,,,,,,,,,,,,,,,,,,,,,,,,,,,,,,,,,,,,,,,,,,,,,,,,,,,,,,,,,,,,,,,,,,,,,,,,,,,,,,,,,GBX
VCT AIM Quoted,Octopus AIM VCT 2,Ordinary Share,30/06/2022,GB00B0JQZZ80,,,,,,,,,,,,,,,,,,,,,,,,,,,,,,,,,,,,,,,,,,,,,,,,,,,,,,,,,,,,,,,,,,,,,,,,,,,,,,,,,,,,,,,,,,,,,,,,,,,,,,,GBX
VCT AIM Quoted,Unicorn AIM VCT,Ordinary Share,30/06/2022,GB00B1RTFN43,,,,,,,,,,,,,,,,,,,,,,,,,,,,,,,,,,,,,,,,,,,,,,,,,,,,,,,,,,,,,,,,,,,,,,,,,,,,,,,,,,,,,,,,,,,,,,,,,,,,,,,GBX
Category,Name,Type,Date,ISIN,Total Assets incl CYR,PC Total Par,PC Total Fair,PC Debt Par,PC Debt Fair,TotLongCashOffset,TotShortCashOffset,PC Equity,Convertibles Par,Convertibles Fair,PC Gearing,MonthEnd Price,Price for TS dilution,CurrYrRev(CYR),Rev Res (splits only),Rev Allocation % (splits only),Number,Issued,Purch,Treasury,below NAV,Cash/CashEquiv,GrossGearing,NetGearing,GrossGearingFairCum,NetGearingFairCum,NetCash,From,To,NoRange,GearingNote,Loss,CYR allocation %,SHF per share inc CYR,SHF per share exc CYR,PCNCWNE,PCNCWE,PCCWNE,PCCWE,PCCWETS,PCNCWNEcum,PCNCWEcum,PCCWNEcum,PCCWEcum,PCCWETScum,FCNCWNE,FCNCWE,FCCWNE,FCCWE,FCCWETS,FCNCWNEcum,FCNCWEcum,FCCWNEcum,FCCWEcum,FCCWETScum,PFY,Cash/Cash Equiv.,Fixed Interest,UK ,Cont. Europe,North America,Japan ,Other Pacific,Other ,Cash/Cash Equiv.,Fixed Interest,UK Listed,UK Unlisted,Cont. Eur Listed,Cont. Eur Unlisted,US Listed,US Unlisted,UK ,Cont. Europe,North America,Japan ,Other Pacific,Other ,UK ,Cont. Europe,North America,Japan ,Other Pacific,Other ,Flags,Name,in issue,NAV Par,NAV Fair,Gross Gearing,Net Gearing,Name,in issue,NAV Par,NAV Fair,Gross Gearing,Net Gearing,Total Assets ex CYR,Unlisted Holdings,FootNote,Note,Note,Reported Currency
VCT AIM Quoted Pre Qualifying,Downing Four AIM ,Ordinary Share,30/06/2022,GB00BMYXV611,,,,,,,,,,,,,,,,,,,,,,,,,0,0,,,,,,,,,,,,,,,,,,,,,,,,,,,,,,,,,,,,,,,,,,,,,,,,,,,,,,,,,,,,,,,,,,,,,,,,,,,,,GBX
VCT AIM Quoted Pre Qualifying,Octopus Future Generations VCT,Ordinary Share,30/06/2022,GB00BNGFHX14,,,,,,,,,,,,,,,,,,,,,,,,,,,,,,,,,,,,,,,,,,,,,,,,,,,,,,,,,,,,,,,,,,,,,,,,,,,,,,,,,,,,,,,,,,,,,,,,,,,,,,,
Category,Name,Type,Date,ISIN,Total Assets incl CYR,PC Total Par,PC Total Fair,PC Debt Par,PC Debt Fair,TotLongCashOffset,TotShortCashOffset,PC Equity,Convertibles Par,Convertibles Fair,PC Gearing,MonthEnd Price,Price for TS dilution,CurrYrRev(CYR),Rev Res (splits only),Rev Allocation % (splits only),Number,Issued,Purch,Treasury,below NAV,Cash/CashEquiv,GrossGearing,NetGearing,GrossGearingFairCum,NetGearingFairCum,NetCash,From,To,NoRange,GearingNote,Loss,CYR allocation %,SHF per share inc CYR,SHF per share exc CYR,PCNCWNE,PCNCWE,PCCWNE,PCCWE,PCCWETS,PCNCWNEcum,PCNCWEcum,PCCWNEcum,PCCWEcum,PCCWETScum,FCNCWNE,FCNCWE,FCCWNE,FCCWE,FCCWETS,FCNCWNEcum,FCNCWEcum,FCCWNEcum,FCCWEcum,FCCWETScum,PFY,Cash/Cash Equiv.,Fixed Interest,UK ,Cont. Europe,North America,Japan ,Other Pacific,Other ,Cash/Cash Equiv.,Fixed Interest,UK Listed,UK Unlisted,Cont. Eur Listed,Cont. Eur Unlisted,US Listed,US Unlisted,UK ,Cont. Europe,North America,Japan ,Other Pacific,Other ,UK ,Cont. Europe,North America,Japan ,Other Pacific,Other ,Flags,Name,in issue,NAV Par,NAV Fair,Gross Gearing,Net Gearing,Name,in issue,NAV Par,NAV Fair,Gross Gearing,Net Gearing,Total Assets ex CYR,Unlisted Holdings,FootNote,Note,Note,Reported Currency
VCT Generalist,Albion Development VCT,Ordinary Share,30/06/2022,GB0004832472,,,,,,,,,,,,,,,,,,,,,,,,,,,,,,,,,,,,,,,,,,,,,,,,,,,,,,,,,,,,,,,,,,,,,,,,,,,,,,,,,,,,,,,,,,,,,,,,,,,,,,,GBX
VCT Generalist,Albion Enterprise VCT,Ordinary Share,30/06/2022,GB00B1G3LR35,,,,,,,,,,,,,,,,,,,,,,,,,,,,,,,,,,,,,,,,,,,,,,,,,,,,,,,,,,,,,,,,,,,,,,,,,,,,,,,,,,,,,,,,,,,,,,,,,,,,,,,GBX
VCT Generalist,Albion Technology & General VCT,Ordinary Share,30/06/2022,GB0005581672,,,,,,,,,,,,,,,,,,,,,,,,,,,,,,,,,,,,,,,,,,,,,,,,,,,,,,,,,,,,,,,,,,,,,,,,,,,,,,,,,,,,,,,,,,,,,,,,,,,,,,,GBX
VCT Generalist,Albion VCT,Ordinary Share,30/06/2022,GB0002039625,,,,,,,,,,,,,,,,,,,,,,,,,,,,,,,,,,,,,,,,,,,,,,,,,,,,,,,,,,,,,,,,,,,,,,,,,,,,,,,,,,,,,,,,,,,,,,,,,,,,,,,GBX
VCT Generalist,Baronsmead Second Venture Trust,Ordinary Share,30/06/2022,GB0030028103,,,,,,,,,,,,,,,,,,,,,,,,,,,,,,,,,,,,,,,,,,,,,,,,,,,,,,,,,,,,,,,,,,,,,,,,,,,,,,,,,,,,,,,,,,,,,,,,,,,,,,,GBX
VCT Generalist,Baronsmead Venture Trust,Ordinary Share,30/06/2022,GB0002631934,,,,,,,,,,,,,,,,,,,,,,,,,,,,,,,,,,,,,,,,,,,,,,,,,,,,,,,,,,,,,,,,,,,,,,,,,,,,,,,,,,,,,,,,,,,,,,,,,,,,,,,GBX
VCT Generalist,British Smaller Companies VCT,Ordinary Share,30/06/2022,GB0001403152,,,,,,,,,,,,,,,,,,,,,,,,,,,,,,,,,,,,,,,,,,,,,,,,,,,,,,,,,,,,,,,,,,,,,,,,,,,,,,,,,,,,,,,,,,,,,,,,,,,,,,,GBX
VCT Generalist,British Smaller Companies VCT 2,Ordinary Share,30/06/2022,GB0005001796,,,,,,,,,,,,,,,,,,,,,,,,,,,,,,,,,,,,,,,,,,,,,,,,,,,,,,,,,,,,,,,,,,,,,,,,,,,,,,,,,,,,,,,,,,,,,,,,,,,,,,,GBX
VCT Generalist,Calculus VCT,Ordinary Share,30/06/2022,GB00BYQPF348,,,,,,,,,,,,,,,,,,,,,,,,,,,,,,,,,,,,,,,,,,,,,,,,,,,,,,,,,,,,,,,,,,,,,,,,,,,,,,,,,,,,,,,,,,,,,,,,,,,,,,,GBP
VCT Generalist,Crown Place VCT,Ordinary Share,30/06/2022,GB0002577434,,,,,,,,,,,,,,,,,,,,,,,,,,,,,,,,,,,,,,,,,,,,,,,,,,,,,,,,,,,,,,,,,,,,,,,,,,,,,,,,,,,,,,,,,,,,,,,,,,,,,,,GBX
VCT Generalist,Downing FOUR VCT D shares,Ordinary Share,30/06/2022,GB00B6QPQ463,,,,,,,,,,,,,,,,,,,,,,,,,,,,,,,,,,,,,,,,,,,,,,,,,,,,,,,,,,,,,,,,,,,,,,,,,,,,,,,,,,,,,,,,,,,,,,,,,,,,,,,GBX
VCT Generalist,Downing FOUR VCT DP67 shares,Ordinary Share,30/06/2022,GB00BWX53D91,,,,,,,,,,,,,,,,,,,,,,,,,,,,,,,,,,,,,,,,,,,,,,,,,,,,,,,,,,,,,,,,,,,,,,,,,,,,,,,,,,,,,,,,,,,,,,,,,,,,,,,GBX
VCT Generalist,Downing FOUR VCT Ventures shares,Ordinary Share,30/06/2022,GB00BDHF5B49,,,,,,,,,,,,,,,,,,,,,,,,,,,,,,,,,,,,,,,,,,,,,,,,,,,,,,,,,,,,,,,,,,,,,,,,,,,,,,,,,,,,,,,,,,,,,,,,,,,,,,,GBP
VCT Generalist,Downing ONE VCT,Ordinary Share,30/06/2022,GB00BFRSVQ41,,,,,,,,,,,,,,,,,,,,,,,,,,,,,,,,,,,,,,,,,,,,,,,,,,,,,,,,,,,,,,,,,,,,,,,,,,,,,,,,,,,,,,,,,,,,,,,,,,,,,,,GBX
VCT Generalist,Foresight Enterprise VCT,Ordinary Share,30/06/2022,GB00B07YBS95,,,,,,,,,,,,,,,,,,,,,,,,,,,,,,,,,,,,,,,,,,,,,,,,,,,,,,,,,,,,,,,,,,,,,,,,,,,,,,,,,,,,,,,,,,,,,,,,,,,,,,,GBX
VCT Generalist,Foresight VCT,Ordinary Share,30/06/2022,GB00B68K3716,,,,,,,,,,,,,,,,,,,,,,,,,,,,,,,,,,,,,,,,,,,,,,,,,,,,,,,,,,,,,,,,,,,,,,,,,,,,,,,,,,,,,,,,,,,,,,,,,,,,,,,GBX
VCT Generalist,Kings Arms Yard VCT,Ordinary Share,30/06/2022,GB0007174294,,,,,,,,,,,,,,,,,,,,,,,,,,,,,,,,,,,,,,,,,,,,,,,,,,,,,,,,,,,,,,,,,,,,,,,,,,,,,,,,,,,,,,,,,,,,,,,,,,,,,,,GBX
VCT Generalist,Maven Income and Growth VCT,Ordinary Share,30/06/2022,GB0004122858,,,,,,,,,,,,,,,,,,,,,,,,,,,,,,,,,,,,,,,,,,,,,,,,,,,,,,,,,,,,,,,,,,,,,,,,,,,,,,,,,,,,,,,,,,,,,,,,,,,,,,,GBX
VCT Generalist,Maven Income and Growth VCT 3,Ordinary Share,30/06/2022,GB0031153769,,,,,,,,,,,,,,,,,,,,,,,,,,,,,,,,,,,,,,,,,,,,,,,,,,,,,,,,,,,,,,,,,,,,,,,,,,,,,,,,,,,,,,,,,,,,,,,,,,,,,,,GBX
VCT Generalist,Maven Income and Growth VCT 4,Ordinary Share,30/06/2022,GB00B043QW84,,,,,,,,,,,,,,,,,,,,,,,,,,,,,,,,,,,,,,,,,,,,,,,,,,,,,,,,,,,,,,,,,,,,,,,,,,,,,,,,,,,,,,,,,,,,,,,,,,,,,,,GBX
VCT Generalist,Maven Income and Growth VCT 5,Ordinary Share,30/06/2022,GB0002057536,,,,,,,,,,,,,,,,,,,,,,,,,,,,,,,,,,,,,,,,,,,,,,,,,,,,,,,,,,,,,,,,,,,,,,,,,,,,,,,,,,,,,,,,,,,,,,,,,,,,,,,GBX
VCT Generalist,Mobeus Income & Growth 2 VCT,Ordinary Share,30/06/2022,GB00B0LKLZ05,,,,,,,,,,,,,,,,,,,,,,,,,,,,,,,,,,,,,,,,,,,,,,,,,,,,,,,,,,,,,,,,,,,,,,,,,,,,,,,,,,,,,,,,,,,,,,,,,,,,,,,GBX
VCT Generalist,Mobeus Income & Growth 4 VCT,Ordinary Share,30/06/2022,GB00B1FMDH51,,,,,,,,,,,,,,,,,,,,,,,,,,,,,,,,,,,,,,,,,,,,,,,,,,,,,,,,,,,,,,,,,,,,,,,,,,,,,,,,,,,,,,,,,,,,,,,,,,,,,,,GBX
VCT Generalist,Mobeus Income & Growth VCT,Ordinary Share,30/06/2022,GB00B01WL239,,,,,,,,,,,,,,,,,,,,,,,,,,,,,,,,,,,,,,,,,,,,,,,,,,,,,,,,,,,,,,,,,,,,,,,,,,,,,,,,,,,,,,,,,,,,,,,,,,,,,,,GBX
VCT Generalist,Molten Ventures VCT,Ordinary Share,30/06/2022,GB0002867140,,,,,,,,,,,,,,,,,,,,,,,,,,,,,,,,,,,,,,,,,,,,,,,,,,,,,,,,,,,,,,,,,,,,,,,,,,,,,,,,,,,,,,,,,,,,,,,,,,,,,,,GBX
VCT Generalist,Northern 2 VCT,Ordinary Share,30/06/2022,GB0005356430,,,,,,,,,,,,,,,,,,,,,,,,,,,,,,,,,,,,,,,,,,,,,,,,,,,,,,,,,,,,,,,,,,,,,,,,,,,,,,,,,,,,,,,,,,,,,,,,,,,,,,,GBX
VCT Generalist,Northern 3 VCT,Ordinary Share,30/06/2022,GB0031152027,,,,,,,,,,,,,,,,,,,,,,,,,,,,,,,,,,,,,,,,,,,,,,,,,,,,,,,,,,,,,,,,,,,,,,,,,,,,,,,,,,,,,,,,,,,,,,,,,,,,,,,GBX
VCT Generalist,Northern Venture Trust,Ordinary Share,30/06/2022,GB0006450703,,,,,,,,,,,,,,,,,,,,,,,,,,,,,,,,,,,,,,,,,,,,,,,,,,,,,,,,,,,,,,,,,,,,,,,,,,,,,,,,,,,,,,,,,,,,,,,,,,,,,,,GBX
VCT Generalist,Octopus Apollo VCT,Ordinary Share,30/06/2022,GB00B17B3479,,,,,,,,,,,,,,,,,,,,,,,,,,,,,,,,,,,,,,,,,,,,,,,,,,,,,,,,,,,,,,,,,,,,,,,,,,,,,,,,,,,,,,,,,,,,,,,,,,,,,,,GBX
VCT Generalist,Octopus Titan VCT,Ordinary Share,30/06/2022,GB00B28V9347,,,,,,,,,,,,,,,,,,,,,,,,,,,,,,,,,,,,,,,,,,,,,,,,,,,,,,,,,,,,,,,,,,,,,,,,,,,,,,,,,,,,,,,,,,,,,,,,,,,,,,,GBX
VCT Generalist,ProVen Growth and Income VCT,Ordinary Share,30/06/2022,GB00B5B7YS03,,,,,,,,,,,,,,,,,,,,,,,,,,,,,,,,,,,,,,,,,,,,,,,,,,,,,,,,,,,,,,,,,,,,,,,,,,,,,,,,,,,,,,,,,,,,,,,,,,,,,,,GBX
VCT Generalist,ProVen VCT,Ordinary Share,30/06/2022,GB00B8GH9P84,,,,,,,,,,,,,,,,,,,,,,,,,,,,,,,,,,,,,,,,,,,,,,,,,,,,,,,,,,,,,,,,,,,,,,,,,,,,,,,,,,,,,,,,,,,,,,,,,,,,,,,GBX
VCT Generalist,Puma VCT 13,Ordinary Share,30/06/2022,GB00BD5B1L68,,,,,,,,,,,,,,,,,,,,,,,,,,,,,,,,,,,,,,,,,,,,,,,,,,,,,,,,,,,,,,,,,,,,,,,,,,,,,,,,,,,,,,,,,,,,,,,,,,,,,,,GBX
VCT Generalist,Seneca Growth Capital VCT B shares,Ordinary Share,30/06/2022,GB00BG13MH08,,,,,,,,,,,,,,,,,,,,,,,,,,,,,,,,,,,,,,,,,,,,,,,,,,,,,,,,,,,,,,,,,,,,,,,,,,,,,,,,,,,,,,,,,,,,,,,,,,,,,,,GBX
VCT Generalist,The Income & Growth VCT,Ordinary Share,30/06/2022,GB00B29BN198,,,,,,,,,,,,,,,,,,,,,,,,,,,,,,,,,,,,,,,,,,,,,,,,,,,,,,,,,,,,,,,,,,,,,,,,,,,,,,,,,,,,,,,,,,,,,,,,,,,,,,,GBX
VCT Generalist,Triple Point Income VCT C shares,Ordinary Share,30/06/2022,GB00BGSH2G43,,,,,,,,,,,,,,,,,,,,,,,,,,,,,,,,,,,,,,,,,,,,,,,,,,,,,,,,,,,,,,,,,,,,,,,,,,,,,,,,,,,,,,,,,,,,,,,,,,,,,,,GBX
VCT Generalist,Triple Point Income VCT D shares,Ordinary Share,30/06/2022,GB00BNCBFH30,,,,,,,,,,,,,,,,,,,,,,,,,,,,,,,,,,,,,,,,,,,,,,,,,,,,,,,,,,,,,,,,,,,,,,,,,,,,,,,,,,,,,,,,,,,,,,,,,,,,,,,GBP
VCT Generalist,Triple Point Income VCT E shares,Ordinary Share,30/06/2022,GB00BD89H869,,,,,,,,,,,,,,,,,,,,,,,,,,,,,,,,,,,,,,,,,,,,,,,,,,,,,,,,,,,,,,,,,,,,,,,,,,,,,,,,,,,,,,,,,,,,,,,,,,,,,,,GBP
VCT Generalist,Triple Point VCT 2011 A shares,Ordinary Share,30/06/2022,GB00BNCBFM82,,,,,,,,,,,,,,,,,,,,,,,,,,,,,,,,,,,,,,,,,,,,,,,,,,,,,,,,,,,,,,,,,,,,,,,,,,,,,,,,,,,,,,,,,,,,,,,,,,,,,,,GBP
VCT Generalist,Triple Point VCT 2011 B shares,Ordinary Share,30/06/2022,GB00BYSQV489,,,,,,,,,,,,,,,,,,,,,,,,,,,,,,,,,,,,,,,,,,,,,,,,,,,,,,,,,,,,,,,,,,,,,,,,,,,,,,,,,,,,,,,,,,,,,,,,,,,,,,,GBP
Category,Name,Type,Date,ISIN,Total Assets incl CYR,PC Total Par,PC Total Fair,PC Debt Par,PC Debt Fair,TotLongCashOffset,TotShortCashOffset,PC Equity,Convertibles Par,Convertibles Fair,PC Gearing,MonthEnd Price,Price for TS dilution,CurrYrRev(CYR),Rev Res (splits only),Rev Allocation % (splits only),Number,Issued,Purch,Treasury,below NAV,Cash/CashEquiv,GrossGearing,NetGearing,GrossGearingFairCum,NetGearingFairCum,NetCash,From,To,NoRange,GearingNote,Loss,CYR allocation %,SHF per share inc CYR,SHF per share exc CYR,PCNCWNE,PCNCWE,PCCWNE,PCCWE,PCCWETS,PCNCWNEcum,PCNCWEcum,PCCWNEcum,PCCWEcum,PCCWETScum,FCNCWNE,FCNCWE,FCCWNE,FCCWE,FCCWETS,FCNCWNEcum,FCNCWEcum,FCCWNEcum,FCCWEcum,FCCWETScum,PFY,Cash/Cash Equiv.,Fixed Interest,UK ,Cont. Europe,North America,Japan ,Other Pacific,Other ,Cash/Cash Equiv.,Fixed Interest,UK Listed,UK Unlisted,Cont. Eur Listed,Cont. Eur Unlisted,US Listed,US Unlisted,UK ,Cont. Europe,North America,Japan ,Other Pacific,Other ,UK ,Cont. Europe,North America,Japan ,Other Pacific,Other ,Flags,Name,in issue,NAV Par,NAV Fair,Gross Gearing,Net Gearing,Name,in issue,NAV Par,NAV Fair,Gross Gearing,Net Gearing,Total Assets ex CYR,Unlisted Holdings,FootNote,Note,Note,Reported Currency
VCT Generalist Pre Qualifying,Puma Alpha VCT,Ordinary Share,30/06/2022,GB00BGMG7F10,,,,,,,,,,,,,,,,,,,,,,,,,,,,,,,,,,,,,,,,,,,,,,,,,,,,,,,,,,,,,,,,,,,,,,,,,,,,,,,,,,,,,,,,,,,,,,,,,,,,,,,GBX
VCT Generalist Pre Qualifying,Triple Point VCT 2011 Venture Shares,Ordinary Share,30/06/2022,GB00BDTYGZ09,,,,,,,,,,,,,,,,,,,,,,,,,,,,,,,,,,,,,,,,,,,,,,,,,,,,,,,,,,,,,,,,,,,,,,,,,,,,,,,,,,,,,,,,,,,,,,,,,,,,,,,
Category,Name,Type,Date,ISIN,Total Assets incl CYR,PC Total Par,PC Total Fair,PC Debt Par,PC Debt Fair,TotLongCashOffset,TotShortCashOffset,PC Equity,Convertibles Par,Convertibles Fair,PC Gearing,MonthEnd Price,Price for TS dilution,CurrYrRev(CYR),Rev Res (splits only),Rev Allocation % (splits only),Number,Issued,Purch,Treasury,below NAV,Cash/CashEquiv,GrossGearing,NetGearing,GrossGearingFairCum,NetGearingFairCum,NetCash,From,To,NoRange,GearingNote,Loss,CYR allocation %,SHF per share inc CYR,SHF per share exc CYR,PCNCWNE,PCNCWE,PCCWNE,PCCWE,PCCWETS,PCNCWNEcum,PCNCWEcum,PCCWNEcum,PCCWEcum,PCCWETScum,FCNCWNE,FCNCWE,FCCWNE,FCCWE,FCCWETS,FCNCWNEcum,FCNCWEcum,FCCWNEcum,FCCWEcum,FCCWETScum,PFY,Cash/Cash Equiv.,Fixed Interest,UK ,Cont. Europe,North America,Japan ,Other Pacific,Other ,Cash/Cash Equiv.,Fixed Interest,UK Listed,UK Unlisted,Cont. Eur Listed,Cont. Eur Unlisted,US Listed,US Unlisted,UK ,Cont. Europe,North America,Japan ,Other Pacific,Other ,UK ,Cont. Europe,North America,Japan ,Other Pacific,Other ,Flags,Name,in issue,NAV Par,NAV Fair,Gross Gearing,Net Gearing,Name,in issue,NAV Par,NAV Fair,Gross Gearing,Net Gearing,Total Assets ex CYR,Unlisted Holdings,FootNote,Note,Note,Reported Currency
VCT Specialist: Environmental,Foresight Solar & Technology VCT,Ordinary Share,30/06/2022,GB00B640GZ49,,,,,,,,,,,,,,,,,,,,,,,,,,,,,,,,,,,,,,,,,,,,,,,,,,,,,,,,,,,,,,,,,,,,,,,,,,,,,,,,,,,,,,,,,,,,,,,,,,,,,,,GBX
VCT Specialist: Environmental,Foresight Solar & Tech VCT FWT ,Ordinary Share,30/06/2022,GB00BKF2JH04,,,,,,,,,,,,,,,,,,,,,,,,,,,,,,,,,,,,,,,,,,,,,,,,,,,,,,,,,,,,,,,,,,,,,,,,,,,,,,,,,,,,,,,,,,,,,,,,,,,,,,,
Category,Name,Type,Date,ISIN,Total Assets incl CYR,PC Total Par,PC Total Fair,PC Debt Par,PC Debt Fair,TotLongCashOffset,TotShortCashOffset,PC Equity,Convertibles Par,Convertibles Fair,PC Gearing,MonthEnd Price,Price for TS dilution,CurrYrRev(CYR),Rev Res (splits only),Rev Allocation % (splits only),Number,Issued,Purch,Treasury,below NAV,Cash/CashEquiv,GrossGearing,NetGearing,GrossGearingFairCum,NetGearingFairCum,NetCash,From,To,NoRange,GearingNote,Loss,CYR allocation %,SHF per share inc CYR,SHF per share exc CYR,PCNCWNE,PCNCWE,PCCWNE,PCCWE,PCCWETS,PCNCWNEcum,PCNCWEcum,PCCWNEcum,PCCWEcum,PCCWETScum,FCNCWNE,FCNCWE,FCCWNE,FCCWE,FCCWETS,FCNCWNEcum,FCNCWEcum,FCCWNEcum,FCCWEcum,FCCWETScum,PFY,Cash/Cash Equiv.,Fixed Interest,UK ,Cont. Europe,North America,Japan ,Other Pacific,Other ,Cash/Cash Equiv.,Fixed Interest,UK Listed,UK Unlisted,Cont. Eur Listed,Cont. Eur Unlisted,US Listed,US Unlisted,UK ,Cont. Europe,North America,Japan ,Other Pacific,Other ,UK ,Cont. Europe,North America,Japan ,Other Pacific,Other ,Flags,Name,in issue,NAV Par,NAV Fair,Gross Gearing,Net Gearing,Name,in issue,NAV Par,NAV Fair,Gross Gearing,Net Gearing,Total Assets ex CYR,Unlisted Holdings,FootNote,Note,Note,Reported Currency
VCT Specialist: Healthcare & Biotechnology,Downing FOUR VCT Healthcare shares,Ordinary Share,30/06/2022,GB00BDHF5D62,,,,,,,,,,,,,,,,,,,,,,,,,,,,,,,,,,,,,,,,,,,,,,,,,,,,,,,,,,,,,,,,,,,,,,,,,,,,,,,,,,,,,,,,,,,,,,,,,,,,,,,GBP
VCT Specialist: Healthcare & Biotechnology,Seneca Growth Capital VCT,Ordinary Share,30/06/2022,GB0031256109,,,,,,,,,,,,,,,,,,,,,,,,,,,,,,,,,,,,,,,,,,,,,,,,,,,,,,,,,,,,,,,,,,,,,,,,,,,,,,,,,,,,,,,,,,,,,,,,,,,,,,,GBX
