observation_month,publication_type,source,file_format,download_success,parser_success,fields_available,notes
2007-01,keyfacts,https://www.theaic.co.uk/sites/default/files/import/statistics_entry/AIC%20Companies%20end%20Jan%2007.xls,xls,ok,,,Keyfacts 31 January 2007
2007-01,keyfacts,https://www.theaic.co.uk/sites/default/files/import/statistics_entry/KF31Jan07.pdf,pdf,,,,Keyfacts 31 January 2007
2007-01,keyfacts,https://www.theaic.co.uk/sites/default/files/import/statistics_entry/ManagerRankings31Jan2007.pdf,pdf,,,,Keyfacts 31 January 2007
2007-01,mir,https://www.theaic.co.uk/sites/default/files/import/statistics_entry/CNV0701.CSV,csv,,,,MIR 31 January 2007
2007-01,mir,https://www.theaic.co.uk/sites/default/files/import/statistics_entry/ErrataAdditional%200701.csv,csv,ok,,,MIR 31 January 2007
2007-01,mir,https://www.theaic.co.uk/sites/default/files/import/statistics_entry/GEO0701.CSV,csv,,,,MIR 31 January 2007
2007-01,mir,https://www.theaic.co.uk/sites/default/files/import/statistics_entry/MIR0701.CSV,csv,ok,,,MIR 31 January 2007
2007-01,mir,https://www.theaic.co.uk/sites/default/files/import/statistics_entry/PC0701.CSV,csv,,,,MIR 31 January 2007
2007-01,mir,https://www.theaic.co.uk/sites/default/files/import/statistics_entry/PostMIRErrataAdditional0701.csv,csv,ok,,,MIR 31 January 2007
2007-01,mir,https://www.theaic.co.uk/sites/default/files/import/statistics_entry/WAR0701.CSV,csv,,,,MIR 31 January 2007
2007-01,monthly_statistics,https://www.theaic.co.uk/sites/default/files/2024-11/AICStats31Jan2007.pdf,pdf,,,,AIC Stats - January 2007
2007-02,keyfacts,https://www.theaic.co.uk/sites/default/files/import/statistics_entry/AllCompanies28Feb07.xls,xls,ok,,,Keyfacts 28 February 2007
2007-02,keyfacts,https://www.theaic.co.uk/sites/default/files/import/statistics_entry/KF28Feb07.pdf,pdf,,,,Keyfacts 28 February 2007
2007-02,keyfacts,https://www.theaic.co.uk/sites/default/files/import/statistics_entry/ManagerRankings28Feb2007.pdf,pdf,,,,Keyfacts 28 February 2007
2007-02,mir,https://www.theaic.co.uk/sites/default/files/import/statistics_entry/CNV0702.CSV,csv,,,,MIR 28 February 2007
2007-02,mir,https://www.theaic.co.uk/sites/default/files/import/statistics_entry/ErrataAdditional%200702.csv,csv,ok,,,MIR 28 February 2007
2007-02,mir,https://www.theaic.co.uk/sites/default/files/import/statistics_entry/GEO0702.CSV,csv,,,,MIR 28 February 2007
2007-02,mir,https://www.theaic.co.uk/sites/default/files/import/statistics_entry/MIR0702.CSV,csv,ok,,,MIR 28 February 2007
2007-02,mir,https://www.theaic.co.uk/sites/default/files/import/statistics_entry/PC0702.CSV,csv,,,,MIR 28 February 2007
2007-02,mir,https://www.theaic.co.uk/sites/default/files/import/statistics_entry/PostMIRErrataAdditional0702.csv,csv,ok,,,MIR 28 February 2007
2007-02,mir,https://www.theaic.co.uk/sites/default/files/import/statistics_entry/WAR0702.CSV,csv,,,,MIR 28 February 2007
2007-02,monthly_statistics,https://www.theaic.co.uk/sites/default/files/2024-11/AICStats28Feb2007.pdf,pdf,,,,AIC Stats - February 2007
2007-03,keyfacts,https://www.theaic.co.uk/sites/default/files/import/statistics_entry/AllCompanies31Mar07.xls,xls,ok,,,Keyfacts 31 March 2007
2007-03,keyfacts,https://www.theaic.co.uk/sites/default/files/import/statistics_entry/KF31Mar07.pdf,pdf,,,,Keyfacts 31 March 2007
2007-03,keyfacts,https://www.theaic.co.uk/sites/default/files/import/statistics_entry/ManagerRankings31Mar2007.pdf,pdf,,,,Keyfacts 31 March 2007
2007-03,mir,https://www.theaic.co.uk/sites/default/files/import/statistics_entry/CNV0703.CSV,csv,,,,MIR 31 March 2007
2007-03,mir,https://www.theaic.co.uk/sites/default/files/import/statistics_entry/ErrataAdditional0703.csv,csv,ok,,,MIR 31 March 2007
2007-03,mir,https://www.theaic.co.uk/sites/default/files/import/statistics_entry/GEO0703.CSV,csv,,,,MIR 31 March 2007
2007-03,mir,https://www.theaic.co.uk/sites/default/files/import/statistics_entry/MIR0703.CSV,csv,ok,,,MIR 31 March 2007
2007-03,mir,https://www.theaic.co.uk/sites/default/files/import/statistics_entry/PC0703.CSV,csv,,,,MIR 31 March 2007
2007-03,mir,https://www.theaic.co.uk/sites/default/files/import/statistics_entry/PostMIRErrataAdditional0703.csv,csv,ok,,,MIR 31 March 2007
2007-03,mir,https://www.theaic.co.uk/sites/default/files/import/statistics_entry/WAR0703.CSV,csv,,,,MIR 31 March 2007
2007-03,monthly_statistics,https://www.theaic.co.uk/sites/default/files/2024-11/AICStats31Mar2007.pdf,pdf,,,,AIC Stats - March 2007
2007-04,keyfacts,https://www.theaic.co.uk/sites/default/files/import/statistics_entry/AllCompanies30Apr07.xls,xls,ok,,,Keyfacts 30 April 2007
2007-04,keyfacts,https://www.theaic.co.uk/sites/default/files/import/statistics_entry/KF30Apr07.pdf,pdf,,,,Keyfacts 30 April 2007
2007-04,keyfacts,https://www.theaic.co.uk/sites/default/files/import/statistics_entry/ManagerRankings30Apr2007.pdf,pdf,,,,Keyfacts 30 April 2007
2007-04,mir,https://www.theaic.co.uk/sites/default/files/import/statistics_entry/CNV0704.CSV,csv,,,,MIR 30 April 2007
2007-04,mir,https://www.theaic.co.uk/sites/default/files/import/statistics_entry/ErrataAdditional0704.csv,csv,ok,,,MIR 30 April 2007
2007-04,mir,https://www.theaic.co.uk/sites/default/files/import/statistics_entry/GEO0704.CSV,csv,,,,MIR 30 April 2007
2007-04,mir,https://www.theaic.co.uk/sites/default/files/import/statistics_entry/MIR0704.CSV,csv,ok,,,MIR 30 April 2007
2007-04,mir,https://www.theaic.co.uk/sites/default/files/import/statistics_entry/PC0704.CSV,csv,,,,MIR 30 April 2007
2007-04,mir,https://www.theaic.co.uk/sites/default/files/import/statistics_entry/PostMIRErrataAdditional0704.csv,csv,ok,,,MIR 30 April 2007
2007-04,mir,https://www.theaic.co.uk/sites/default/files/import/statistics_entry/WAR0704.CSV,csv,,,,MIR 30 April 2007
2007-04,monthly_statistics,https://www.theaic.co.uk/sites/default/files/2024-11/AICStats30Apr2007.pdf,pdf,,,,AIC Stats - April 2007
2007-05,keyfacts,https://www.theaic.co.uk/sites/default/files/import/statistics_entry/AllCompanies31May07.xls,xls,ok,,,Keyfacts 31 May 2007
2007-05,keyfacts,https://www.theaic.co.uk/sites/default/files/import/statistics_entry/KF31May07.pdf,pdf,,,,Keyfacts 31 May 2007
2007-05,keyfacts,https://www.theaic.co.uk/sites/default/files/import/statistics_entry/ManagerRankings31May2007.pdf,pdf,,,,Keyfacts 31 May 2007
2007-05,mir,https://www.theaic.co.uk/sites/default/files/import/statistics_entry/CNV0705.CSV,csv,,,,MIR 31 May 2007
2007-05,mir,https://www.theaic.co.uk/sites/default/files/import/statistics_entry/ErrataAdditional0705.csv,csv,ok,,,MIR 31 May 2007
2007-05,mir,https://www.theaic.co.uk/sites/default/files/import/statistics_entry/GEO0705.CSV,csv,,,,MIR 31 May 2007
2007-05,mir,https://www.theaic.co.uk/sites/default/files/import/statistics_entry/MIR0705.CSV,csv,ok,,,MIR 31 May 2007
2007-05,mir,https://www.theaic.co.uk/sites/default/files/import/statistics_entry/PC0705.CSV,csv,,,,MIR 31 May 2007
2007-05,mir,https://www.theaic.co.uk/sites/default/files/import/statistics_entry/PostMIRErrataAdditional0705.csv,csv,ok,,,MIR 31 May 2007
2007-05,mir,https://www.theaic.co.uk/sites/default/files/import/statistics_entry/WAR0705.CSV,csv,,,,MIR 31 May 2007
2007-05,monthly_statistics,https://www.theaic.co.uk/sites/default/files/2024-11/AICStats31May2007.pdf,pdf,,,,AIC Stats - May 2007
2007-06,keyfacts,https://www.theaic.co.uk/sites/default/files/import/statistics_entry/AllCompanies30June07.xls,xls,ok,,,Keyfacts 30 June 2007
2007-06,keyfacts,https://www.theaic.co.uk/sites/default/files/import/statistics_entry/KF30June07.pdf,pdf,,,,Keyfacts 30 June 2007
2007-06,keyfacts,https://www.theaic.co.uk/sites/default/files/import/statistics_entry/ManagerRankings30June2007.pdf,pdf,,,,Keyfacts 30 June 2007
2007-06,mir,https://www.theaic.co.uk/sites/default/files/import/statistics_entry/CNV0706.CSV,csv,,,,MIR 30 June 2007
2007-06,mir,https://www.theaic.co.uk/sites/default/files/import/statistics_entry/ErrataAdditional0706.csv,csv,ok,,,MIR 30 June 2007
2007-06,mir,https://www.theaic.co.uk/sites/default/files/import/statistics_entry/GEO0706.CSV,csv,,,,MIR 30 June 2007
2007-06,mir,https://www.theaic.co.uk/sites/default/files/import/statistics_entry/MIR0706.CSV,csv,ok,,,MIR 30 June 2007
2007-06,mir,https://www.theaic.co.uk/sites/default/files/import/statistics_entry/PC0706.CSV,csv,,,,MIR 30 June 2007
2007-06,mir,https://www.theaic.co.uk/sites/default/files/import/statistics_entry/PostMIRErrataAdditional0706.csv,csv,ok,,,MIR 30 June 2007
2007-06,mir,https://www.theaic.co.uk/sites/default/files/import/statistics_entry/WAR0706.CSV,csv,,,,MIR 30 June 2007
2007-06,monthly_statistics,https://www.theaic.co.uk/sites/default/files/2024-11/AICStats30Jun2007.pdf,pdf,,,,AIC Stats - June 2007
2007-07,keyfacts,https://www.theaic.co.uk/sites/default/files/import/statistics_entry/AllCompanies31July07.xls,xls,ok,,,Keyfacts 31 July 2007
2007-07,keyfacts,https://www.theaic.co.uk/sites/default/files/import/statistics_entry/KF31July07.pdf,pdf,,,,Keyfacts 31 July 2007
2007-07,keyfacts,https://www.theaic.co.uk/sites/default/files/import/statistics_entry/ManagerRankings31July2007.pdf,pdf,,,,Keyfacts 31 July 2007
2007-07,mir,https://www.theaic.co.uk/sites/default/files/import/statistics_entry/CNV0707.CSV,csv,,,,MIR 31 July 2007
2007-07,mir,https://www.theaic.co.uk/sites/default/files/import/statistics_entry/ErrataAdditional%200707.csv,csv,ok,,,MIR 31 July 2007
2007-07,mir,https://www.theaic.co.uk/sites/default/files/import/statistics_entry/GEO0707.CSV,csv,,,,MIR 31 July 2007
2007-07,mir,https://www.theaic.co.uk/sites/default/files/import/statistics_entry/MIR0707.CSV,csv,ok,,,MIR 31 July 2007
2007-07,mir,https://www.theaic.co.uk/sites/default/files/import/statistics_entry/PC0707.CSV,csv,,,,MIR 31 July 2007
2007-07,mir,https://www.theaic.co.uk/sites/default/files/import/statistics_entry/PostMIRErrataAdditional0707.csv,csv,ok,,,MIR 31 July 2007
2007-07,mir,https://www.theaic.co.uk/sites/default/files/import/statistics_entry/WAR0707.CSV,csv,,,,MIR 31 July 2007
2007-07,monthly_statistics,https://www.theaic.co.uk/sites/default/files/2024-11/AICStats31Jul2007.pdf,pdf,,,,AIC Stats - July 2007
2007-08,keyfacts,https://www.theaic.co.uk/sites/default/files/import/statistics_entry/AllCompanies31Aug07.xls,xls,ok,,,Keyfacts 31 August 2007
2007-08,keyfacts,https://www.theaic.co.uk/sites/default/files/import/statistics_entry/KF31Aug07.pdf,pdf,,,,Keyfacts 31 August 2007
2007-08,keyfacts,https://www.theaic.co.uk/sites/default/files/import/statistics_entry/ManagerRankings31Aug2007.pdf,pdf,,,,Keyfacts 31 August 2007
2007-08,mir,https://www.theaic.co.uk/sites/default/files/import/statistics_entry/CNV0708.CSV,csv,,,,MIR 31 August 2007
2007-08,mir,https://www.theaic.co.uk/sites/default/files/import/statistics_entry/ErrataAdditional%200708.csv,csv,ok,,,MIR 31 August 2007
2007-08,mir,https://www.theaic.co.uk/sites/default/files/import/statistics_entry/GEO0708.CSV,csv,,,,MIR 31 August 2007
2007-08,mir,https://www.theaic.co.uk/sites/default/files/import/statistics_entry/MIR0708.CSV,csv,ok,,,MIR 31 August 2007
2007-08,mir,https://www.theaic.co.uk/sites/default/files/import/statistics_entry/PC0708.CSV,csv,,,,MIR 31 August 2007
2007-08,mir,https://www.theaic.co.uk/sites/default/files/import/statistics_entry/PostMIRErrataAdditional0708.csv,csv,ok,,,MIR 31 August 2007
2007-08,mir,https://www.theaic.co.uk/sites/default/files/import/statistics_entry/WAR0708.CSV,csv,,,,MIR 31 August 2007
2007-08,monthly_statistics,https://www.theaic.co.uk/sites/default/files/2024-11/AICStats31Aug2007.pdf,pdf,,,,AIC Stats - August 2007
2007-09,keyfacts,https://www.theaic.co.uk/sites/default/files/import/statistics_entry/AllCompanies30Sep07.xls,xls,ok,,,Keyfacts 30 September 2007
2007-09,keyfacts,https://www.theaic.co.uk/sites/default/files/import/statistics_entry/KF30Sept07.pdf,pdf,,,,Keyfacts 30 September 2007
2007-09,keyfacts,https://www.theaic.co.uk/sites/default/files/import/statistics_entry/ManagerRankings30Sep2007.pdf,pdf,,,,Keyfacts 30 September 2007
2007-09,mir,https://www.theaic.co.uk/sites/default/files/import/statistics_entry/CNV0709.CSV,csv,,,,MIR 30 September 2007
2007-09,mir,https://www.theaic.co.uk/sites/default/files/import/statistics_entry/ErrataAdditional%200709.csv,csv,ok,,,MIR 30 September 2007
2007-09,mir,https://www.theaic.co.uk/sites/default/files/import/statistics_entry/GEO0709.CSV,csv,,,,MIR 30 September 2007
2007-09,mir,https://www.theaic.co.uk/sites/default/files/import/statistics_entry/MIR0709.CSV,csv,ok,,,MIR 30 September 2007
2007-09,mir,https://www.theaic.co.uk/sites/default/files/import/statistics_entry/PC0709.CSV,csv,,,,MIR 30 September 2007
2007-09,mir,https://www.theaic.co.uk/sites/default/files/import/statistics_entry/PostMIRErrataAdditional0709.csv,csv,ok,,,MIR 30 September 2007
2007-09,mir,https://www.theaic.co.uk/sites/default/files/import/statistics_entry/WAR0709.CSV,csv,,,,MIR 30 September 2007
2007-09,monthly_statistics,https://www.theaic.co.uk/sites/default/files/2024-11/AICStats30Sep2007.pdf,pdf,,,,AIC Stats - September 2007
2007-10,keyfacts,https://www.theaic.co.uk/sites/default/files/import/statistics_entry/AllCompanies31Oct07.xls,xls,ok,,,Keyfacts 31 October 2007
2007-10,keyfacts,https://www.theaic.co.uk/sites/default/files/import/statistics_entry/KF31Oct07.pdf,pdf,,,,Keyfacts 31 October 2007
2007-10,keyfacts,https://www.theaic.co.uk/sites/default/files/import/statistics_entry/ManagerRankings31Oct2007.pdf,pdf,,,,Keyfacts 31 October 2007
2007-10,mir,https://www.theaic.co.uk/sites/default/files/import/statistics_entry/CNV0710.CSV,csv,,,,MIR 31 October 2007
2007-10,mir,https://www.theaic.co.uk/sites/default/files/import/statistics_entry/ErrataAdditional%200710.csv,csv,ok,,,MIR 31 October 2007
2007-10,mir,https://www.theaic.co.uk/sites/default/files/import/statistics_entry/GEO0710.CSV,csv,,,,MIR 31 October 2007
2007-10,mir,https://www.theaic.co.uk/sites/default/files/import/statistics_entry/MIR0710.CSV,csv,ok,,,MIR 31 October 2007
2007-10,mir,https://www.theaic.co.uk/sites/default/files/import/statistics_entry/PC0710.CSV,csv,,,,MIR 31 October 2007
2007-10,mir,https://www.theaic.co.uk/sites/default/files/import/statistics_entry/PostMIRErrataAdditional0710.csv,csv,ok,,,MIR 31 October 2007
2007-10,mir,https://www.theaic.co.uk/sites/default/files/import/statistics_entry/WAR0710.CSV,csv,,,,MIR 31 October 2007
2007-10,monthly_statistics,https://www.theaic.co.uk/sites/default/files/2024-11/AICStats31Oct2007.pdf,pdf,,,,AIC Stats - October 2007
2007-11,keyfacts,https://www.theaic.co.uk/sites/default/files/import/statistics_entry/AllCompanies30Nov07.xls,xls,ok,,,Keyfacts 30 November 2007
2007-11,keyfacts,https://www.theaic.co.uk/sites/default/files/import/statistics_entry/KF30Nov07.pdf,pdf,,,,Keyfacts 30 November 2007
2007-11,keyfacts,https://www.theaic.co.uk/sites/default/files/import/statistics_entry/ManagerRanking30Nov2007.pdf,pdf,,,,Keyfacts 30 November 2007
2007-11,mir,https://www.theaic.co.uk/sites/default/files/import/statistics_entry/CNV0711.CSV,csv,,,,MIR 30 November 2007
2007-11,mir,https://www.theaic.co.uk/sites/default/files/import/statistics_entry/ErrataAdditional%200711.csv,csv,ok,,,MIR 30 November 2007
2007-11,mir,https://www.theaic.co.uk/sites/default/files/import/statistics_entry/GEO0711.CSV,csv,,,,MIR 30 November 2007
2007-11,mir,https://www.theaic.co.uk/sites/default/files/import/statistics_entry/MIR0711.CSV,csv,ok,,,MIR 30 November 2007
2007-11,mir,https://www.theaic.co.uk/sites/default/files/import/statistics_entry/PC0711.CSV,csv,,,,MIR 30 November 2007
2007-11,mir,https://www.theaic.co.uk/sites/default/files/import/statistics_entry/PostMIRErrataAdditional0711.csv,csv,ok,,,MIR 30 November 2007
2007-11,mir,https://www.theaic.co.uk/sites/default/files/import/statistics_entry/WAR0711.CSV,csv,,,,MIR 30 November 2007
2007-11,monthly_statistics,https://www.theaic.co.uk/sites/default/files/2024-11/AICStats30Nov2007.pdf,pdf,,,,AIC Stats - November 2007
2007-12,corporate_activity,https://www.theaic.co.uk/sites/default/files/import/statistics_entry/AICCorporateActivity2007.xlsx,xlsx,ok,,,Corporate Activity 2007
2007-12,keyfacts,https://www.theaic.co.uk/sites/default/files/import/statistics_entry/AllCompanies31Dec07_0.xls,xls,ok,,,Keyfacts 31 December 2007
2007-12,keyfacts,https://www.theaic.co.uk/sites/default/files/import/statistics_entry/KF31Dec07_0.pdf,pdf,,,,Keyfacts 31 December 2007
2007-12,keyfacts,https://www.theaic.co.uk/sites/default/files/import/statistics_entry/ManagerRanking31Dec2007_0.pdf,pdf,,,,Keyfacts 31 December 2007
2007-12,mir,https://www.theaic.co.uk/sites/default/files/import/statistics_entry/CNV0712.CSV,csv,,,,MIR 31 December 2007
2007-12,mir,https://www.theaic.co.uk/sites/default/files/import/statistics_entry/ErrataAdditional%200712.csv,csv,ok,,,MIR 31 December 2007
2007-12,mir,https://www.theaic.co.uk/sites/default/files/import/statistics_entry/GEO0712.CSV,csv,,,,MIR 31 December 2007
2007-12,mir,https://www.theaic.co.uk/sites/default/files/import/statistics_entry/MIR0712.CSV,csv,ok,,,MIR 31 December 2007
2007-12,mir,https://www.theaic.co.uk/sites/default/files/import/statistics_entry/PC0712.CSV,csv,,,,MIR 31 December 2007
2007-12,mir,https://www.theaic.co.uk/sites/default/files/import/statistics_entry/PostMIRErrataAdditional0712.csv,csv,ok,,,MIR 31 December 2007
2007-12,mir,https://www.theaic.co.uk/sites/default/files/import/statistics_entry/WAR0712.CSV,csv,,,,MIR 31 December 2007
2007-12,monthly_statistics,https://www.theaic.co.uk/sites/default/files/2024-11/AICStats31Dec2007.pdf,pdf,,,,AIC Stats - December 2007
2008-01,keyfacts,https://www.theaic.co.uk/sites/default/files/import/statistics_entry/AllCompanies31Jan08.xls,xls,ok,,,Keyfacts 31 January 2008
2008-01,keyfacts,https://www.theaic.co.uk/sites/default/files/import/statistics_entry/KF31Jan08.pdf,pdf,,,,Keyfacts 31 January 2008
2008-01,keyfacts,https://www.theaic.co.uk/sites/default/files/import/statistics_entry/ManagerRanking31Jan2008.pdf,pdf,,,,Keyfacts 31 January 2008
2008-01,mir,https://www.theaic.co.uk/sites/default/files/import/statistics_entry/CNV0801.CSV,csv,,,,MIR 31 January 2008
2008-01,mir,https://www.theaic.co.uk/sites/default/files/import/statistics_entry/Errata%26Additional0801.csv,csv,ok,,,MIR 31 January 2008
2008-01,mir,https://www.theaic.co.uk/sites/default/files/import/statistics_entry/GEO0801.CSV,csv,,,,MIR 31 January 2008
2008-01,mir,https://www.theaic.co.uk/sites/default/files/import/statistics_entry/MIR0801.CSV,csv,ok,,,MIR 31 January 2008
2008-01,mir,https://www.theaic.co.uk/sites/default/files/import/statistics_entry/PC0801.CSV,csv,,,,MIR 31 January 2008
2008-01,mir,https://www.theaic.co.uk/sites/default/files/import/statistics_entry/PostMIRErrataAdditional0801.csv,csv,ok,,,MIR 31 January 2008
2008-01,mir,https://www.theaic.co.uk/sites/default/files/import/statistics_entry/WAR0801.CSV,csv,,,,MIR 31 January 2008
2008-01,monthly_statistics,https://www.theaic.co.uk/sites/default/files/2024-11/AICStats31Jan2008.pdf,pdf,,,,AIC Stats - January 2008
2008-02,keyfacts,https://www.theaic.co.uk/sites/default/files/import/statistics_entry/AllCompanies29Feb08.xls,xls,ok,,,Keyfacts 29 February 2008
2008-02,keyfacts,https://www.theaic.co.uk/sites/default/files/import/statistics_entry/KF29Feb08.pdf,pdf,,,,Keyfacts 29 February 2008
2008-02,keyfacts,https://www.theaic.co.uk/sites/default/files/import/statistics_entry/ManagerRanking29Feb2008.pdf,pdf,,,,Keyfacts 29 February 2008
2008-02,mir,https://www.theaic.co.uk/sites/default/files/import/statistics_entry/CNV0802.CSV,csv,,,,MIR 29 February 2008
2008-02,mir,https://www.theaic.co.uk/sites/default/files/import/statistics_entry/Errata%26Additional0802.csv,csv,ok,,,MIR 29 February 2008
2008-02,mir,https://www.theaic.co.uk/sites/default/files/import/statistics_entry/GEO0802.CSV,csv,,,,MIR 29 February 2008
2008-02,mir,https://www.theaic.co.uk/sites/default/files/import/statistics_entry/MIR0802.CSV,csv,ok,,,MIR 29 February 2008
2008-02,mir,https://www.theaic.co.uk/sites/default/files/import/statistics_entry/PC0802.CSV,csv,,,,MIR 29 February 2008
2008-02,mir,https://www.theaic.co.uk/sites/default/files/import/statistics_entry/PostMIRErrataAdditional0802.csv,csv,ok,,,MIR 29 February 2008
2008-02,mir,https://www.theaic.co.uk/sites/default/files/import/statistics_entry/WAR0802.CSV,csv,,,,MIR 29 February 2008
2008-02,monthly_statistics,https://www.theaic.co.uk/sites/default/files/2024-11/AICStats29Feb2008.pdf,pdf,,,,AIC Stats - February 2008
2008-03,keyfacts,https://www.theaic.co.uk/sites/default/files/import/statistics_entry/AllCompanies31Mar08.xls,xls,ok,,,Keyfacts 31 March 2008
2008-03,keyfacts,https://www.theaic.co.uk/sites/default/files/import/statistics_entry/KF31Mar08.pdf,pdf,,,,Keyfacts 31 March 2008
2008-03,keyfacts,https://www.theaic.co.uk/sites/default/files/import/statistics_entry/ManagerRanking31Mar2008.pdf,pdf,,,,Keyfacts 31 March 2008
2008-03,mir,https://www.theaic.co.uk/sites/default/files/import/statistics_entry/CNV0803.CSV,csv,,,,MIR 31 March 2008
2008-03,mir,https://www.theaic.co.uk/sites/default/files/import/statistics_entry/Errata%26Additional0803.csv,csv,ok,,,MIR 31 March 2008
2008-03,mir,https://www.theaic.co.uk/sites/default/files/import/statistics_entry/GEO0803.CSV,csv,,,,MIR 31 March 2008
2008-03,mir,https://www.theaic.co.uk/sites/default/files/import/statistics_entry/MIR0803.CSV,csv,ok,,,MIR 31 March 2008
2008-03,mir,https://www.theaic.co.uk/sites/default/files/import/statistics_entry/PC0803.CSV,csv,,,,MIR 31 March 2008
2008-03,mir,https://www.theaic.co.uk/sites/default/files/import/statistics_entry/PostMIRErrataAdditional0803.csv,csv,ok,,,MIR 31 March 2008
2008-03,mir,https://www.theaic.co.uk/sites/default/files/import/statistics_entry/WAR0803.CSV,csv,,,,MIR 31 March 2008
2008-03,monthly_statistics,https://www.theaic.co.uk/sites/default/files/2024-11/AICStats31Mar2008.pdf,pdf,,,,AIC Stats - March 2008
2008-04,keyfacts,https://www.theaic.co.uk/sites/default/files/import/statistics_entry/AllCompanies30Apr08.xls,xls,ok,,,Keyfacts 30 April 2008
2008-04,keyfacts,https://www.theaic.co.uk/sites/default/files/import/statistics_entry/KF30Apr08.pdf,pdf,,,,Keyfacts 30 April 2008
2008-04,keyfacts,https://www.theaic.co.uk/sites/default/files/import/statistics_entry/ManagerRanking30Apr2008.pdf,pdf,,,,Keyfacts 30 April 2008
2008-04,mir,https://www.theaic.co.uk/sites/default/files/import/statistics_entry/CNV0804.CSV,csv,,,,MIR 30 April 2008
2008-04,mir,https://www.theaic.co.uk/sites/default/files/import/statistics_entry/ErrataAdditional0804.csv,csv,ok,,,MIR 30 April 2008
2008-04,mir,https://www.theaic.co.uk/sites/default/files/import/statistics_entry/GEO0804.CSV,csv,,,,MIR 30 April 2008
2008-04,mir,https://www.theaic.co.uk/sites/default/files/import/statistics_entry/MIR0804.CSV,csv,ok,,,MIR 30 April 2008
2008-04,mir,https://www.theaic.co.uk/sites/default/files/import/statistics_entry/PC0804.CSV,csv,,,,MIR 30 April 2008
2008-04,mir,https://www.theaic.co.uk/sites/default/files/import/statistics_entry/PostMIRErrataAdditional0804.csv,csv,ok,,,MIR 30 April 2008
2008-04,mir,https://www.theaic.co.uk/sites/default/files/import/statistics_entry/WAR0804.CSV,csv,,,,MIR 30 April 2008
2008-04,monthly_statistics,https://www.theaic.co.uk/sites/default/files/2024-11/AICStats30Apr2008.pdf,pdf,,,,AIC Stats - April 2008
2008-05,keyfacts,https://www.theaic.co.uk/sites/default/files/import/statistics_entry/AllCompanies31May08.xls,xls,ok,,,Keyfacts 31 May 2008
2008-05,keyfacts,https://www.theaic.co.uk/sites/default/files/import/statistics_entry/KF31May08.pdf,pdf,,,,Keyfacts 31 May 2008
2008-05,keyfacts,https://www.theaic.co.uk/sites/default/files/import/statistics_entry/ManagerRanking31May2008.pdf,pdf,,,,Keyfacts 31 May 2008
2008-05,mir,https://www.theaic.co.uk/sites/default/files/import/statistics_entry/CNV0805.CSV,csv,,,,MIR 31 May 2008
2008-05,mir,https://www.theaic.co.uk/sites/default/files/import/statistics_entry/ErrataAdditional0805.csv,csv,ok,,,MIR 31 May 2008
2008-05,mir,https://www.theaic.co.uk/sites/default/files/import/statistics_entry/GEO0805.CSV,csv,,,,MIR 31 May 2008
2008-05,mir,https://www.theaic.co.uk/sites/default/files/import/statistics_entry/MIR0805.CSV,csv,ok,,,MIR 31 May 2008
2008-05,mir,https://www.theaic.co.uk/sites/default/files/import/statistics_entry/PC0805.CSV,csv,,,,MIR 31 May 2008
2008-05,mir,https://www.theaic.co.uk/sites/default/files/import/statistics_entry/PostMIRErrataAdditional0805.csv,csv,ok,,,MIR 31 May 2008
2008-05,mir,https://www.theaic.co.uk/sites/default/files/import/statistics_entry/WAR0805.CSV,csv,,,,MIR 31 May 2008
2008-05,monthly_statistics,https://www.theaic.co.uk/sites/default/files/2024-11/AICStats31May2008.pdf,pdf,,,,AIC Stats - May 2008
2008-06,keyfacts,https://www.theaic.co.uk/sites/default/files/import/statistics_entry/AllCompanies30Jun08.xls,xls,ok,,,Keyfacts 30 June 2008
2008-06,keyfacts,https://www.theaic.co.uk/sites/default/files/import/statistics_entry/KF30Jun08.pdf,pdf,,,,Keyfacts 30 June 2008
2008-06,keyfacts,https://www.theaic.co.uk/sites/default/files/import/statistics_entry/ManagerRanking30Jun2008.pdf,pdf,,,,Keyfacts 30 June 2008
2008-06,mir,https://www.theaic.co.uk/sites/default/files/import/statistics_entry/CNV0806.CSV,csv,,,,MIR 30 June 2008
2008-06,mir,https://www.theaic.co.uk/sites/default/files/import/statistics_entry/ErrataAdditional0806.csv,csv,ok,,,MIR 30 June 2008
2008-06,mir,https://www.theaic.co.uk/sites/default/files/import/statistics_entry/GEO0806.CSV,csv,,,,MIR 30 June 2008
2008-06,mir,https://www.theaic.co.uk/sites/default/files/import/statistics_entry/MIR0806.CSV,csv,ok,,,MIR 30 June 2008
2008-06,mir,https://www.theaic.co.uk/sites/default/files/import/statistics_entry/PC0806.CSV,csv,,,,MIR 30 June 2008
2008-06,mir,https://www.theaic.co.uk/sites/default/files/import/statistics_entry/PostMIRErrataAdditional0806.csv,csv,ok,,,MIR 30 June 2008
2008-06,mir,https://www.theaic.co.uk/sites/default/files/import/statistics_entry/WAR0806.CSV,csv,,,,MIR 30 June 2008
2008-06,monthly_statistics,https://www.theaic.co.uk/sites/default/files/2024-11/AICStats30Jun2008.pdf,pdf,,,,AIC Stats - June 2008
2008-07,keyfacts,https://www.theaic.co.uk/sites/default/files/import/statistics_entry/AllCompanies31Jul08.xls,xls,ok,,,Keyfacts 31 July 2008
2008-07,keyfacts,https://www.theaic.co.uk/sites/default/files/import/statistics_entry/KF31Jul08.pdf,pdf,,,,Keyfacts 31 July 2008
2008-07,keyfacts,https://www.theaic.co.uk/sites/default/files/import/statistics_entry/ManagerRanking31Jul2008.pdf,pdf,,,,Keyfacts 31 July 2008
2008-07,mir,https://www.theaic.co.uk/sites/default/files/import/statistics_entry/CNV0807.CSV,csv,,,,MIR 31 July 2008
2008-07,mir,https://www.theaic.co.uk/sites/default/files/import/statistics_entry/ErrataAdditional0807.csv,csv,ok,,,MIR 31 July 2008
2008-07,mir,https://www.theaic.co.uk/sites/default/files/import/statistics_entry/GEO0807.CSV,csv,,,,MIR 31 July 2008
2008-07,mir,https://www.theaic.co.uk/sites/default/files/import/statistics_entry/MIR0807.CSV,csv,ok,,,MIR 31 July 2008
2008-07,mir,https://www.theaic.co.uk/sites/default/files/import/statistics_entry/PC0807.CSV,csv,,,,MIR 31 July 2008
2008-07,mir,https://www.theaic.co.uk/sites/default/files/import/statistics_entry/PostMIRErrataAdditional0807.csv,csv,ok,,,MIR 31 July 2008
2008-07,mir,https://www.theaic.co.uk/sites/default/files/import/statistics_entry/WAR0807.CSV,csv,,,,MIR 31 July 2008
2008-07,monthly_statistics,https://www.theaic.co.uk/sites/default/files/2024-11/AICStats31Jul2008.pdf,pdf,,,,AIC Stats - July 2008
2008-08,keyfacts,https://www.theaic.co.uk/sites/default/files/import/statistics_entry/AllCompanies31Aug08.xls,xls,ok,,,Keyfacts 31 August 2008
2008-08,keyfacts,https://www.theaic.co.uk/sites/default/files/import/statistics_entry/KF31Aug08.pdf,pdf,,,,Keyfacts 31 August 2008
2008-08,keyfacts,https://www.theaic.co.uk/sites/default/files/import/statistics_entry/ManagerRanking31Aug2008.pdf,pdf,,,,Keyfacts 31 August 2008
2008-08,mir,https://www.theaic.co.uk/sites/default/files/import/statistics_entry/CNV0808.CSV,csv,,,,MIR 31 August 2008
2008-08,mir,https://www.theaic.co.uk/sites/default/files/import/statistics_entry/ErrataAdditional0808.csv,csv,ok,,,MIR 31 August 2008
2008-08,mir,https://www.theaic.co.uk/sites/default/files/import/statistics_entry/GEO0808.CSV,csv,,,,MIR 31 August 2008
2008-08,mir,https://www.theaic.co.uk/sites/default/files/import/statistics_entry/MIR0808.CSV,csv,ok,,,MIR 31 August 2008
2008-08,mir,https://www.theaic.co.uk/sites/default/files/import/statistics_entry/PC0808.CSV,csv,,,,MIR 31 August 2008
2008-08,mir,https://www.theaic.co.uk/sites/default/files/import/statistics_entry/PostMIRErrataAdditional0808.csv,csv,ok,,,MIR 31 August 2008
2008-08,mir,https://www.theaic.co.uk/sites/default/files/import/statistics_entry/WAR0808.CSV,csv,,,,MIR 31 August 2008
2008-08,monthly_statistics,https://www.theaic.co.uk/sites/default/files/2024-11/AICStats31Aug2008.pdf,pdf,,,,AIC Stats - August 2008
2008-09,keyfacts,https://www.theaic.co.uk/sites/default/files/import/statistics_entry/AllCompanies30Sep08.xls,xls,ok,,,Keyfacts 30 September 2008
2008-09,keyfacts,https://www.theaic.co.uk/sites/default/files/import/statistics_entry/KF30Sep08.pdf,pdf,,,,Keyfacts 30 September 2008
2008-09,keyfacts,https://www.theaic.co.uk/sites/default/files/import/statistics_entry/ManagerRanking30Sep2008.pdf,pdf,,,,Keyfacts 30 September 2008
2008-09,mir,https://www.theaic.co.uk/sites/default/files/import/statistics_entry/CNV0809.CSV,csv,,,,MIR 30 September 2008
2008-09,mir,https://www.theaic.co.uk/sites/default/files/import/statistics_entry/ErrataAdditional0809.csv,csv,ok,,,MIR 30 September 2008
2008-09,mir,https://www.theaic.co.uk/sites/default/files/import/statistics_entry/GEO0809.CSV,csv,,,,MIR 30 September 2008
2008-09,mir,https://www.theaic.co.uk/sites/default/files/import/statistics_entry/MIR0809.CSV,csv,ok,,,MIR 30 September 2008
2008-09,mir,https://www.theaic.co.uk/sites/default/files/import/statistics_entry/PC0809.CSV,csv,,,,MIR 30 September 2008
2008-09,mir,https://www.theaic.co.uk/sites/default/files/import/statistics_entry/PostMIRErrataAdditional0809.csv,csv,ok,,,MIR 30 September 2008
2008-09,mir,https://www.theaic.co.uk/sites/default/files/import/statistics_entry/WAR0809.CSV,csv,,,,MIR 30 September 2008
2008-09,monthly_statistics,https://www.theaic.co.uk/sites/default/files/2024-11/AICStats30Sep2008.pdf,pdf,,,,AIC Stats - September 2008
2008-10,keyfacts,https://www.theaic.co.uk/sites/default/files/import/statistics_entry/AllCompanies31Oct08.xls,xls,ok,,,Keyfacts 31 October 2008
2008-10,keyfacts,https://www.theaic.co.uk/sites/default/files/import/statistics_entry/KF31Oct08.pdf,pdf,,,,Keyfacts 31 October 2008
2008-10,keyfacts,https://www.theaic.co.uk/sites/default/files/import/statistics_entry/ManagerRanking31Oct2008.pdf,pdf,,,,Keyfacts 31 October 2008
2008-10,mir,https://www.theaic.co.uk/sites/default/files/import/statistics_entry/CNV0810.CSV,csv,,,,MIR 31 October 2008
2008-10,mir,https://www.theaic.co.uk/sites/default/files/import/statistics_entry/ErrataAdditional0810.csv,csv,ok,,,MIR 31 October 2008
2008-10,mir,https://www.theaic.co.uk/sites/default/files/import/statistics_entry/GEO0810.CSV,csv,,,,MIR 31 October 2008
2008-10,mir,https://www.theaic.co.uk/sites/default/files/import/statistics_entry/MIR0810.CSV,csv,ok,,,MIR 31 October 2008
2008-10,mir,https://www.theaic.co.uk/sites/default/files/import/statistics_entry/PC0810.CSV,csv,,,,MIR 31 October 2008
2008-10,mir,https://www.theaic.co.uk/sites/default/files/import/statistics_entry/PostMIRErrataAdditional0810.csv,csv,ok,,,MIR 31 October 2008
2008-10,mir,https://www.theaic.co.uk/sites/default/files/import/statistics_entry/WAR0810.CSV,csv,,,,MIR 31 October 2008
2008-10,monthly_statistics,https://www.theaic.co.uk/sites/default/files/2024-11/AICStats31Oct2008.pdf,pdf,,,,AIC Stats - October 2008
2008-11,keyfacts,https://www.theaic.co.uk/sites/default/files/import/statistics_entry/AllCompanies30Nov08.xls,xls,ok,,,Keyfacts 30 November 2008
2008-11,keyfacts,https://www.theaic.co.uk/sites/default/files/import/statistics_entry/KF30Nov08.pdf,pdf,,,,Keyfacts 30 November 2008
2008-11,keyfacts,https://www.theaic.co.uk/sites/default/files/import/statistics_entry/ManagerRanking30Nov2008.pdf,pdf,,,,Keyfacts 30 November 2008
2008-11,mir,https://www.theaic.co.uk/sites/default/files/import/statistics_entry/CNV0811.CSV,csv,,,,MIR 30 November 2008
2008-11,mir,https://www.theaic.co.uk/sites/default/files/import/statistics_entry/ErrataAdditional0811.csv,csv,ok,,,MIR 30 November 2008
2008-11,mir,https://www.theaic.co.uk/sites/default/files/import/statistics_entry/GEO0811.CSV,csv,,,,MIR 30 November 2008
2008-11,mir,https://www.theaic.co.uk/sites/default/files/import/statistics_entry/MIR0811.CSV,csv,ok,,,MIR 30 November 2008
2008-11,mir,https://www.theaic.co.uk/sites/default/files/import/statistics_entry/PC0811.CSV,csv,,,,MIR 30 November 2008
2008-11,mir,https://www.theaic.co.uk/sites/default/files/import/statistics_entry/PostMIRErrataAdditional0811.csv,csv,ok,,,MIR 30 November 2008
2008-11,mir,https://www.theaic.co.uk/sites/default/files/import/statistics_entry/WAR0811.CSV,csv,,,,MIR 30 November 2008
2008-11,monthly_statistics,https://www.theaic.co.uk/sites/default/files/2024-11/AICStats30Nov2008.pdf,pdf,,,,AIC Stats - November 2008
2008-12,corporate_activity,https://www.theaic.co.uk/sites/default/files/import/statistics_entry/AICCorporateActivity2008.xlsx,xlsx,ok,,,Corporate Activity 2008
2008-12,keyfacts,https://www.theaic.co.uk/sites/default/files/import/statistics_entry/AllCompanies31Dec08.xls,xls,ok,,,Keyfacts 31 December 2008
2008-12,keyfacts,https://www.theaic.co.uk/sites/default/files/import/statistics_entry/KF31Dec08.pdf,pdf,,,,Keyfacts 31 December 2008
2008-12,keyfacts,https://www.theaic.co.uk/sites/default/files/import/statistics_entry/ManagerRanking31Dec2008.pdf,pdf,,,,Keyfacts 31 December 2008
2008-12,mir,https://www.theaic.co.uk/sites/default/files/import/statistics_entry/CNV0812.CSV,csv,,,,MIR 31 December 2008
2008-12,mir,https://www.theaic.co.uk/sites/default/files/import/statistics_entry/ErrataAdditional0812.csv,csv,ok,,,MIR 31 December 2008
2008-12,mir,https://www.theaic.co.uk/sites/default/files/import/statistics_entry/GEO0812.CSV,csv,,,,MIR 31 December 2008
2008-12,mir,https://www.theaic.co.uk/sites/default/files/import/statistics_entry/MIR0812.CSV,csv,ok,,,MIR 31 December 2008
2008-12,mir,https://www.theaic.co.uk/sites/default/files/import/statistics_entry/PC0812.CSV,csv,,,,MIR 31 December 2008
2008-12,mir,https://www.theaic.co.uk/sites/default/files/import/statistics_entry/PostMIRErrataAdditional0812.csv,csv,ok,,,MIR 31 December 2008
2008-12,mir,https://www.theaic.co.uk/sites/default/files/import/statistics_entry/WAR0812.CSV,csv,,,,MIR 31 December 2008
2008-12,monthly_statistics,https://www.theaic.co.uk/sites/default/files/2024-11/AICStats31Dec2008.pdf,pdf,,,,AIC Stats - December 2008
2009-01,keyfacts,https://www.theaic.co.uk/sites/default/files/import/statistics_entry/AllCompanies31Jan09.xls,xls,ok,,,Keyfacts 31 January 2009
2009-01,keyfacts,https://www.theaic.co.uk/sites/default/files/import/statistics_entry/KF31Jan09.pdf,pdf,,,,Keyfacts 31 January 2009
2009-01,keyfacts,https://www.theaic.co.uk/sites/default/files/import/statistics_entry/ManagerRanking31Jan2009.pdf,pdf,,,,Keyfacts 31 January 2009
2009-01,mir,https://www.theaic.co.uk/sites/default/files/import/statistics_entry/CNV0901.csv,csv,,,,MIR 31 January 2009
2009-01,mir,https://www.theaic.co.uk/sites/default/files/import/statistics_entry/ErrataAdditional0901.csv,csv,ok,,,MIR 31 January 2009
2009-01,mir,https://www.theaic.co.uk/sites/default/files/import/statistics_entry/GEO0901.csv,csv,,,,MIR 31 January 2009
2009-01,mir,https://www.theaic.co.uk/sites/default/files/import/statistics_entry/MIR0901.csv,csv,ok,,,MIR 31 January 2009
2009-01,mir,https://www.theaic.co.uk/sites/default/files/import/statistics_entry/PC0901.csv,csv,,,,MIR 31 January 2009
2009-01,mir,https://www.theaic.co.uk/sites/default/files/import/statistics_entry/PostMIRErrataAdditional0901.csv,csv,ok,,,MIR 31 January 2009
2009-01,mir,https://www.theaic.co.uk/sites/default/files/import/statistics_entry/WAR0901.CSV,csv,,,,MIR 31 January 2009
2009-01,monthly_statistics,https://www.theaic.co.uk/sites/default/files/2024-11/AICStats31Jan2009.pdf,pdf,,,,AIC Stats - January 2009
2009-02,keyfacts,https://www.theaic.co.uk/sites/default/files/import/statistics_entry/AllCompanies28Feb09.xls,xls,ok,,,Keyfacts 28 February 2009
2009-02,keyfacts,https://www.theaic.co.uk/sites/default/files/import/statistics_entry/KF28Feb09.pdf,pdf,,,,Keyfacts 28 February 2009
2009-02,keyfacts,https://www.theaic.co.uk/sites/default/files/import/statistics_entry/ManagerRanking28Feb2009.pdf,pdf,,,,Keyfacts 28 February 2009
2009-02,mir,https://www.theaic.co.uk/sites/default/files/import/statistics_entry/CNV0902.csv,csv,,,,MIR 28 February 2009
2009-02,mir,https://www.theaic.co.uk/sites/default/files/import/statistics_entry/ErrataAdditional0902.csv,csv,ok,,,MIR 28 February 2009
2009-02,mir,https://www.theaic.co.uk/sites/default/files/import/statistics_entry/GEO0902.csv,csv,,,,MIR 28 February 2009
2009-02,mir,https://www.theaic.co.uk/sites/default/files/import/statistics_entry/MIR0902.csv,csv,ok,,,MIR 28 February 2009
2009-02,mir,https://www.theaic.co.uk/sites/default/files/import/statistics_entry/PC0902.csv,csv,,,,MIR 28 February 2009
2009-02,mir,https://www.theaic.co.uk/sites/default/files/import/statistics_entry/PostMIRErrataAdditional0902.csv,csv,ok,,,MIR 28 February 2009
2009-02,mir,https://www.theaic.co.uk/sites/default/files/import/statistics_entry/WAR0902.CSV,csv,,,,MIR 28 February 2009
2009-02,monthly_statistics,https://www.theaic.co.uk/sites/default/files/2024-11/AICStats28Feb2009.pdf,pdf,,,,AIC Stats - February 2009
2009-03,keyfacts,https://www.theaic.co.uk/sites/default/files/import/statistics_entry/AllCompanies31Mar09.xls,xls,ok,,,Keyfacts 31 March 2009
2009-03,keyfacts,https://www.theaic.co.uk/sites/default/files/import/statistics_entry/KF31Mar09.pdf,pdf,,,,Keyfacts 31 March 2009
2009-03,keyfacts,https://www.theaic.co.uk/sites/default/files/import/statistics_entry/ManagerRanking31Mar2009.pdf,pdf,,,,Keyfacts 31 March 2009
2009-03,mir,https://www.theaic.co.uk/sites/default/files/import/statistics_entry/CNV0903.csv,csv,,,,MIR 31 March 2009
2009-03,mir,https://www.theaic.co.uk/sites/default/files/import/statistics_entry/ErrataAdditional0903.csv,csv,ok,,,MIR 31 March 2009
2009-03,mir,https://www.theaic.co.uk/sites/default/files/import/statistics_entry/GEO0903.csv,csv,,,,MIR 31 March 2009
2009-03,mir,https://www.theaic.co.uk/sites/default/files/import/statistics_entry/MIR0903.csv,csv,ok,,,MIR 31 March 2009
2009-03,mir,https://www.theaic.co.uk/sites/default/files/import/statistics_entry/PC0903.csv,csv,,,,MIR 31 March 2009
2009-03,mir,https://www.theaic.co.uk/sites/default/files/import/statistics_entry/PostMIRErrataAdditional0903.csv,csv,ok,,,MIR 31 March 2009
2009-03,mir,https://www.theaic.co.uk/sites/default/files/import/statistics_entry/WAR0903.CSV,csv,,,,MIR 31 March 2009
2009-03,monthly_statistics,https://www.theaic.co.uk/sites/default/files/2024-11/AICStats31Mar2009.pdf,pdf,,,,AIC Stats - March 2009
2009-04,keyfacts,https://www.theaic.co.uk/sites/default/files/import/statistics_entry/AllCompanies30Apr09.xls,xls,ok,,,Keyfacts 30 April 2009
2009-04,keyfacts,https://www.theaic.co.uk/sites/default/files/import/statistics_entry/KF31Apr09.pdf,pdf,,,,Keyfacts 30 April 2009
2009-04,keyfacts,https://www.theaic.co.uk/sites/default/files/import/statistics_entry/ManagerRanking30Apr2009.pdf,pdf,,,,Keyfacts 30 April 2009
2009-04,mir,https://www.theaic.co.uk/sites/default/files/import/statistics_entry/CNV0904.csv,csv,,,,MIR 30 April 2009
2009-04,mir,https://www.theaic.co.uk/sites/default/files/import/statistics_entry/ErrataAdditional0904.csv,csv,ok,,,MIR 30 April 2009
2009-04,mir,https://www.theaic.co.uk/sites/default/files/import/statistics_entry/GEO0904.csv,csv,,,,MIR 30 April 2009
2009-04,mir,https://www.theaic.co.uk/sites/default/files/import/statistics_entry/MIR0904.csv,csv,ok,,,MIR 30 April 2009
2009-04,mir,https://www.theaic.co.uk/sites/default/files/import/statistics_entry/PC0904.csv,csv,,,,MIR 30 April 2009
2009-04,mir,https://www.theaic.co.uk/sites/default/files/import/statistics_entry/PostMIRErrataAdditional0904.csv,csv,ok,,,MIR 30 April 2009
2009-04,mir,https://www.theaic.co.uk/sites/default/files/import/statistics_entry/WAR0904.CSV,csv,,,,MIR 30 April 2009
2009-04,monthly_statistics,https://www.theaic.co.uk/sites/default/files/2024-11/AICStats30Apr2009.pdf,pdf,,,,AIC Stats - April 2009
2009-05,keyfacts,https://www.theaic.co.uk/sites/default/files/import/statistics_entry/AllCompanies31May09.xls,xls,ok,,,Keyfacts 31 May 2009
2009-05,keyfacts,https://www.theaic.co.uk/sites/default/files/import/statistics_entry/KF31May09.pdf,pdf,,,,Keyfacts 31 May 2009
2009-05,keyfacts,https://www.theaic.co.uk/sites/default/files/import/statistics_entry/ManagerRanking31May2009.pdf,pdf,,,,Keyfacts 31 May 2009
2009-05,mir,https://www.theaic.co.uk/sites/default/files/import/statistics_entry/CNV0905.csv,csv,,,,MIR 31 May 2009
2009-05,mir,https://www.theaic.co.uk/sites/default/files/import/statistics_entry/ErrataAdditional0905.csv,csv,ok,,,MIR 31 May 2009
2009-05,mir,https://www.theaic.co.uk/sites/default/files/import/statistics_entry/GEO0905.csv,csv,,,,MIR 31 May 2009
2009-05,mir,https://www.theaic.co.uk/sites/default/files/import/statistics_entry/MIR0905.csv,csv,ok,,,MIR 31 May 2009
2009-05,mir,https://www.theaic.co.uk/sites/default/files/import/statistics_entry/PC0905.csv,csv,,,,MIR 31 May 2009
2009-05,mir,https://www.theaic.co.uk/sites/default/files/import/statistics_entry/PostMIRErrataAdditional0905.csv,csv,ok,,,MIR 31 May 2009
2009-05,mir,https://www.theaic.co.uk/sites/default/files/import/statistics_entry/WAR0905.CSV,csv,,,,MIR 31 May 2009
2009-05,monthly_statistics,https://www.theaic.co.uk/sites/default/files/2024-11/AICStats31May2009.pdf,pdf,,,,AIC Stats - May 2009
2009-06,keyfacts,https://www.theaic.co.uk/sites/default/files/import/statistics_entry/AllCompanies30Jun09.xls,xls,ok,,,Keyfacts 30 June 2009
2009-06,keyfacts,https://www.theaic.co.uk/sites/default/files/import/statistics_entry/KF30Jun09.pdf,pdf,,,,Keyfacts 30 June 2009
2009-06,keyfacts,https://www.theaic.co.uk/sites/default/files/import/statistics_entry/ManagerRanking30Jun2009.pdf,pdf,,,,Keyfacts 30 June 2009
2009-06,mir,https://www.theaic.co.uk/sites/default/files/import/statistics_entry/CNV0906.csv,csv,,,,MIR 30 June 2009
2009-06,mir,https://www.theaic.co.uk/sites/default/files/import/statistics_entry/ErrataAdditional0906.csv,csv,ok,,,MIR 30 June 2009
2009-06,mir,https://www.theaic.co.uk/sites/default/files/import/statistics_entry/GEO0906.csv,csv,,,,MIR 30 June 2009
2009-06,mir,https://www.theaic.co.uk/sites/default/files/import/statistics_entry/MIR0906.csv,csv,ok,,,MIR 30 June 2009
2009-06,mir,https://www.theaic.co.uk/sites/default/files/import/statistics_entry/PC0906.csv,csv,,,,MIR 30 June 2009
2009-06,mir,https://www.theaic.co.uk/sites/default/files/import/statistics_entry/PostMIRErrataAdditional0906.csv,csv,ok,,,MIR 30 June 2009
2009-06,mir,https://www.theaic.co.uk/sites/default/files/import/statistics_entry/WAR0906.CSV,csv,,,,MIR 30 June 2009
2009-06,monthly_statistics,https://www.theaic.co.uk/sites/default/files/2024-11/AICStats30Jun2009.pdf,pdf,,,,AIC Stats - June 2009
2009-07,keyfacts,https://www.theaic.co.uk/sites/default/files/import/statistics_entry/AllCompanies31Jul09.xls,xls,ok,,,Keyfacts 31 July 2009
2009-07,keyfacts,https://www.theaic.co.uk/sites/default/files/import/statistics_entry/KF31Jul09.pdf,pdf,,,,Keyfacts 31 July 2009
2009-07,keyfacts,https://www.theaic.co.uk/sites/default/files/import/statistics_entry/ManagerRanking31Jul2009.pdf,pdf,,,,Keyfacts 31 July 2009
2009-07,mir,https://www.theaic.co.uk/sites/default/files/import/statistics_entry/CNV0907.csv,csv,,,,MIR 31 July 2009
2009-07,mir,https://www.theaic.co.uk/sites/default/files/import/statistics_entry/ErrataAdditional0907.csv,csv,ok,,,MIR 31 July 2009
2009-07,mir,https://www.theaic.co.uk/sites/default/files/import/statistics_entry/GEO0907.csv,csv,,,,MIR 31 July 2009
2009-07,mir,https://www.theaic.co.uk/sites/default/files/import/statistics_entry/MIR0907.csv,csv,ok,,,MIR 31 July 2009
2009-07,mir,https://www.theaic.co.uk/sites/default/files/import/statistics_entry/PC0907.csv,csv,,,,MIR 31 July 2009
2009-07,mir,https://www.theaic.co.uk/sites/default/files/import/statistics_entry/PostMIRErrataAdditional0907.csv,csv,ok,,,MIR 31 July 2009
2009-07,mir,https://www.theaic.co.uk/sites/default/files/import/statistics_entry/WAR0907.CSV,csv,,,,MIR 31 July 2009
2009-07,monthly_statistics,https://www.theaic.co.uk/sites/default/files/2024-11/AICStats31Jul2009.pdf,pdf,,,,AIC Stats - July 2009
2009-08,keyfacts,https://www.theaic.co.uk/sites/default/files/import/statistics_entry/AllCompanies31Aug09.xls,xls,ok,,,Keyfacts 31 August 2009
2009-08,keyfacts,https://www.theaic.co.uk/sites/default/files/import/statistics_entry/KF31Aug09.pdf,pdf,,,,Keyfacts 31 August 2009
2009-08,keyfacts,https://www.theaic.co.uk/sites/default/files/import/statistics_entry/ManagerRanking31Aug2009.pdf,pdf,,,,Keyfacts 31 August 2009
2009-08,mir,https://www.theaic.co.uk/sites/default/files/import/statistics_entry/CNV0908.csv,csv,,,,MIR 31 August 2009
2009-08,mir,https://www.theaic.co.uk/sites/default/files/import/statistics_entry/ErrataAdditional0908.csv,csv,ok,,,MIR 31 August 2009
2009-08,mir,https://www.theaic.co.uk/sites/default/files/import/statistics_entry/GEO0908.csv,csv,,,,MIR 31 August 2009
2009-08,mir,https://www.theaic.co.uk/sites/default/files/import/statistics_entry/MIR0908.csv,csv,ok,,,MIR 31 August 2009
2009-08,mir,https://www.theaic.co.uk/sites/default/files/import/statistics_entry/PC0908.csv,csv,,,,MIR 31 August 2009
2009-08,mir,https://www.theaic.co.uk/sites/default/files/import/statistics_entry/PostMIRErrataAdditional0908.csv,csv,ok,,,MIR 31 August 2009
2009-08,mir,https://www.theaic.co.uk/sites/default/files/import/statistics_entry/WAR0908.CSV,csv,,,,MIR 31 August 2009
2009-08,monthly_statistics,https://www.theaic.co.uk/sites/default/files/2024-11/AICStats31Aug2009.pdf,pdf,,,,AIC Stats - August 2009
2009-09,keyfacts,https://www.theaic.co.uk/sites/default/files/import/statistics_entry/AllCompanies30Sep09.xls,xls,ok,,,Keyfacts 30 September 2009
2009-09,keyfacts,https://www.theaic.co.uk/sites/default/files/import/statistics_entry/KF30Sep09.pdf,pdf,,,,Keyfacts 30 September 2009
2009-09,keyfacts,https://www.theaic.co.uk/sites/default/files/import/statistics_entry/ManagerRanking30Sep2009.pdf,pdf,,,,Keyfacts 30 September 2009
2009-09,mir,https://www.theaic.co.uk/sites/default/files/import/statistics_entry/CNV0909.csv,csv,,,,MIR 30 September 2009
2009-09,mir,https://www.theaic.co.uk/sites/default/files/import/statistics_entry/ErrataAdditional0909.csv,csv,ok,,,MIR 30 September 2009
2009-09,mir,https://www.theaic.co.uk/sites/default/files/import/statistics_entry/GEO0909.csv,csv,,,,MIR 30 September 2009
2009-09,mir,https://www.theaic.co.uk/sites/default/files/import/statistics_entry/MIR0909.csv,csv,ok,,,MIR 30 September 2009
2009-09,mir,https://www.theaic.co.uk/sites/default/files/import/statistics_entry/PC0909.csv,csv,,,,MIR 30 September 2009
2009-09,mir,https://www.theaic.co.uk/sites/default/files/import/statistics_entry/PostMIRErrataAdditional0909.csv,csv,ok,,,MIR 30 September 2009
2009-09,mir,https://www.theaic.co.uk/sites/default/files/import/statistics_entry/WAR0909.CSV,csv,,,,MIR 30 September 2009
2009-09,monthly_statistics,https://www.theaic.co.uk/sites/default/files/2024-11/AICStats30Sep2009.pdf,pdf,,,,AIC Stats - September 2009
2009-10,keyfacts,https://www.theaic.co.uk/sites/default/files/import/statistics_entry/AllCompanies31Oct09.xls,xls,ok,,,Keyfacts 31 October 2009
2009-10,keyfacts,https://www.theaic.co.uk/sites/default/files/import/statistics_entry/KF31Oct09.pdf,pdf,,,,Keyfacts 31 October 2009
2009-10,keyfacts,https://www.theaic.co.uk/sites/default/files/import/statistics_entry/ManagerRanking31Oct2009.pdf,pdf,,,,Keyfacts 31 October 2009
2009-10,mir,https://www.theaic.co.uk/sites/default/files/import/statistics_entry/CNV0910.csv,csv,,,,MIR 31 October 2009
2009-10,mir,https://www.theaic.co.uk/sites/default/files/import/statistics_entry/ErrataAdditional0910.csv,csv,ok,,,MIR 31 October 2009
2009-10,mir,https://www.theaic.co.uk/sites/default/files/import/statistics_entry/GEO0910.csv,csv,,,,MIR 31 October 2009
2009-10,mir,https://www.theaic.co.uk/sites/default/files/import/statistics_entry/MIR0910.csv,csv,ok,,,MIR 31 October 2009
2009-10,mir,https://www.theaic.co.uk/sites/default/files/import/statistics_entry/PC0910.csv,csv,,,,MIR 31 October 2009
2009-10,mir,https://www.theaic.co.uk/sites/default/files/import/statistics_entry/PostMIRErrataAdditional0910.csv,csv,ok,,,MIR 31 October 2009
2009-10,mir,https://www.theaic.co.uk/sites/default/files/import/statistics_entry/WAR0910.CSV,csv,,,,MIR 31 October 2009
2009-10,monthly_statistics,https://www.theaic.co.uk/sites/default/files/2024-11/AICStats31Oct2009.pdf,pdf,,,,AIC Stats - October 2009
2009-11,keyfacts,https://www.theaic.co.uk/sites/default/files/import/statistics_entry/AllCompanies30Nov09.xls,xls,ok,,,Keyfacts 30 November 2009
2009-11,keyfacts,https://www.theaic.co.uk/sites/default/files/import/statistics_entry/KF30Nov09.pdf,pdf,,,,Keyfacts 30 November 2009
2009-11,keyfacts,https://www.theaic.co.uk/sites/default/files/import/statistics_entry/ManagerRanking30Nov2009.pdf,pdf,,,,Keyfacts 30 November 2009
2009-11,mir,https://www.theaic.co.uk/sites/default/files/import/statistics_entry/CNV0911.csv,csv,,,,MIR 30 November 2009
2009-11,mir,https://www.theaic.co.uk/sites/default/files/import/statistics_entry/ErrataAdditional0911.csv,csv,ok,,,MIR 30 November 2009
2009-11,mir,https://www.theaic.co.uk/sites/default/files/import/statistics_entry/GEO0911.csv,csv,,,,MIR 30 November 2009
2009-11,mir,https://www.theaic.co.uk/sites/default/files/import/statistics_entry/MIR0911.csv,csv,ok,,,MIR 30 November 2009
2009-11,mir,https://www.theaic.co.uk/sites/default/files/import/statistics_entry/PC0911.csv,csv,,,,MIR 30 November 2009
2009-11,mir,https://www.theaic.co.uk/sites/default/files/import/statistics_entry/PostMIRErrataAdditional0911.csv,csv,ok,,,MIR 30 November 2009
2009-11,mir,https://www.theaic.co.uk/sites/default/files/import/statistics_entry/WAR0911.CSV,csv,,,,MIR 30 November 2009
2009-11,monthly_statistics,https://www.theaic.co.uk/sites/default/files/2024-11/AICStats30Nov2009.pdf,pdf,,,,AIC Stats - November 2009
2009-12,corporate_activity,https://www.theaic.co.uk/sites/default/files/import/statistics_entry/AICCorporateActivity2009.xlsx,xlsx,ok,,,Corporate Activity 2009
2009-12,keyfacts,https://www.theaic.co.uk/sites/default/files/import/statistics_entry/AllCompanies31Dec09.xls,xls,ok,,,Keyfacts 31 December 2009
2009-12,keyfacts,https://www.theaic.co.uk/sites/default/files/import/statistics_entry/KF31Dec09_0.pdf,pdf,,,,Keyfacts 31 December 2009
2009-12,keyfacts,https://www.theaic.co.uk/sites/default/files/import/statistics_entry/ManagerRanking31Dec2009.pdf,pdf,,,,Keyfacts 31 December 2009
2009-12,mir,https://www.theaic.co.uk/sites/default/files/import/statistics_entry/CNV0912.csv,csv,,,,MIR 31 December 2009
2009-12,mir,https://www.theaic.co.uk/sites/default/files/import/statistics_entry/ErrataAdditional0912.csv,csv,ok,,,MIR 31 December 2009
2009-12,mir,https://www.theaic.co.uk/sites/default/files/import/statistics_entry/GEO0912.csv,csv,,,,MIR 31 December 2009
2009-12,mir,https://www.theaic.co.uk/sites/default/files/import/statistics_entry/MIR0912.csv,csv,ok,,,MIR 31 December 2009
2009-12,mir,https://www.theaic.co.uk/sites/default/files/import/statistics_entry/PC0912.csv,csv,,,,MIR 31 December 2009
2009-12,mir,https://www.theaic.co.uk/sites/default/files/import/statistics_entry/PostMIRErrataAdditional0912.csv,csv,ok,,,MIR 31 December 2009
2009-12,mir,https://www.theaic.co.uk/sites/default/files/import/statistics_entry/WAR0912.CSV,csv,,,,MIR 31 December 2009
2009-12,monthly_statistics,https://www.theaic.co.uk/sites/default/files/2024-11/AICStats31Dec2009.pdf,pdf,,,,AIC Stats - December 2009
2010-01,keyfacts,https://www.theaic.co.uk/sites/default/files/import/statistics_entry/AllCompanies31Jan10.xls,xls,ok,,,Keyfacts 31 January 2010
2010-01,keyfacts,https://www.theaic.co.uk/sites/default/files/import/statistics_entry/KF31Jan10.pdf,pdf,,,,Keyfacts 31 January 2010
2010-01,keyfacts,https://www.theaic.co.uk/sites/default/files/import/statistics_entry/ManagerRanking31Jan2010.pdf,pdf,,,,Keyfacts 31 January 2010
2010-01,mir,https://www.theaic.co.uk/sites/default/files/import/statistics_entry/CNV1001.csv,csv,,,,MIR 31 January 2010
2010-01,mir,https://www.theaic.co.uk/sites/default/files/import/statistics_entry/ErrataAdditional1001.csv,csv,ok,,,MIR 31 January 2010
2010-01,mir,https://www.theaic.co.uk/sites/default/files/import/statistics_entry/GEO1001.csv,csv,,,,MIR 31 January 2010
2010-01,mir,https://www.theaic.co.uk/sites/default/files/import/statistics_entry/MIR1001.csv,csv,ok,,,MIR 31 January 2010
2010-01,mir,https://www.theaic.co.uk/sites/default/files/import/statistics_entry/PC1001.csv,csv,,,,MIR 31 January 2010
2010-01,mir,https://www.theaic.co.uk/sites/default/files/import/statistics_entry/PostMIRErrataAdditional1001.csv,csv,ok,,,MIR 31 January 2010
2010-01,mir,https://www.theaic.co.uk/sites/default/files/import/statistics_entry/WAR1001.csv,csv,,,,MIR 31 January 2010
2010-01,monthly_statistics,https://www.theaic.co.uk/sites/default/files/2024-11/AICStats31Jan2010.pdf,pdf,,,,AIC Stats - January 2010
2010-02,keyfacts,https://www.theaic.co.uk/sites/default/files/import/statistics_entry/AllCompanies28Feb10.xls,xls,ok,,,Keyfacts 28 February 2010
2010-02,keyfacts,https://www.theaic.co.uk/sites/default/files/import/statistics_entry/KF28Feb10.pdf,pdf,,,,Keyfacts 28 February 2010
2010-02,keyfacts,https://www.theaic.co.uk/sites/default/files/import/statistics_entry/ManagerRanking28Feb2010.pdf,pdf,,,,Keyfacts 28 February 2010
2010-02,mir,https://www.theaic.co.uk/sites/default/files/import/statistics_entry/CNV1002.csv,csv,,,,MIR 28 February 2010
2010-02,mir,https://www.theaic.co.uk/sites/default/files/import/statistics_entry/ErrataAdditional1002.csv,csv,ok,,,MIR 28 February 2010
2010-02,mir,https://www.theaic.co.uk/sites/default/files/import/statistics_entry/GEO1002.csv,csv,,,,MIR 28 February 2010
2010-02,mir,https://www.theaic.co.uk/sites/default/files/import/statistics_entry/MIR1002.csv,csv,ok,,,MIR 28 February 2010
2010-02,mir,https://www.theaic.co.uk/sites/default/files/import/statistics_entry/PC1002.csv,csv,,,,MIR 28 February 2010
2010-02,mir,https://www.theaic.co.uk/sites/default/files/import/statistics_entry/PostMIRErrataAdditional1002.csv,csv,ok,,,MIR 28 February 2010
2010-02,mir,https://www.theaic.co.uk/sites/default/files/import/statistics_entry/WAR1002.csv,csv,,,,MIR 28 February 2010
2010-02,monthly_statistics,https://www.theaic.co.uk/sites/default/files/2024-11/AICStats28Feb2010.pdf,pdf,,,,AIC Stats - February 2010
2010-03,keyfacts,https://www.theaic.co.uk/sites/default/files/import/statistics_entry/AllCompanies31Mar10.xls,xls,ok,,,Keyfacts 31 March 2010
2010-03,keyfacts,https://www.theaic.co.uk/sites/default/files/import/statistics_entry/KF31Mar10.pdf,pdf,,,,Keyfacts 31 March 2010
2010-03,keyfacts,https://www.theaic.co.uk/sites/default/files/import/statistics_entry/ManagerRanking31Mar2010.pdf,pdf,,,,Keyfacts 31 March 2010
2010-03,mir,https://www.theaic.co.uk/sites/default/files/import/statistics_entry/CNV1003.csv,csv,,,,MIR 31 March 2010
2010-03,mir,https://www.theaic.co.uk/sites/default/files/import/statistics_entry/ErrataAdditional1003.csv,csv,ok,,,MIR 31 March 2010
2010-03,mir,https://www.theaic.co.uk/sites/default/files/import/statistics_entry/GEO1003.csv,csv,,,,MIR 31 March 2010
2010-03,mir,https://www.theaic.co.uk/sites/default/files/import/statistics_entry/MIR1003.csv,csv,ok,,,MIR 31 March 2010
2010-03,mir,https://www.theaic.co.uk/sites/default/files/import/statistics_entry/PC1003.csv,csv,,,,MIR 31 March 2010
2010-03,mir,https://www.theaic.co.uk/sites/default/files/import/statistics_entry/PostMIRErrataAdditional1003.csv,csv,ok,,,MIR 31 March 2010
2010-03,mir,https://www.theaic.co.uk/sites/default/files/import/statistics_entry/WAR1003.csv,csv,,,,MIR 31 March 2010
2010-03,monthly_statistics,https://www.theaic.co.uk/sites/default/files/2024-11/AICStats31Mar2010.pdf,pdf,,,,AIC Stats - March 2010
2010-04,keyfacts,https://www.theaic.co.uk/sites/default/files/import/statistics_entry/AllCompanies30Apr10.xls,xls,ok,,,Keyfacts 30 April 2010
2010-04,keyfacts,https://www.theaic.co.uk/sites/default/files/import/statistics_entry/KF30Apr10.pdf,pdf,,,,Keyfacts 30 April 2010
2010-04,keyfacts,https://www.theaic.co.uk/sites/default/files/import/statistics_entry/ManagerRanking30Apr2010.pdf,pdf,,,,Keyfacts 30 April 2010
2010-04,mir,https://www.theaic.co.uk/sites/default/files/import/statistics_entry/CNV1004.csv,csv,,,,MIR 30 April 2010
2010-04,mir,https://www.theaic.co.uk/sites/default/files/import/statistics_entry/ErrataAdditional1004.csv,csv,ok,,,MIR 30 April 2010
2010-04,mir,https://www.theaic.co.uk/sites/default/files/import/statistics_entry/GEO1004.csv,csv,,,,MIR 30 April 2010
2010-04,mir,https://www.theaic.co.uk/sites/default/files/import/statistics_entry/MIR1004.csv,csv,ok,,,MIR 30 April 2010
2010-04,mir,https://www.theaic.co.uk/sites/default/files/import/statistics_entry/PC1004.csv,csv,,,,MIR 30 April 2010
2010-04,mir,https://www.theaic.co.uk/sites/default/files/import/statistics_entry/PostMIRErrataAdditional1004.csv,csv,ok,,,MIR 30 April 2010
2010-04,mir,https://www.theaic.co.uk/sites/default/files/import/statistics_entry/WAR1004.csv,csv,,,,MIR 30 April 2010
2010-04,monthly_statistics,https://www.theaic.co.uk/sites/default/files/2024-11/AICStats30Apr2010.pdf,pdf,,,,AIC Stats - April 2010
2010-05,keyfacts,https://www.theaic.co.uk/sites/default/files/import/statistics_entry/AllCompanies31May10.xls,xls,ok,,,Keyfacts 31 May 2010
2010-05,keyfacts,https://www.theaic.co.uk/sites/default/files/import/statistics_entry/KF31May10.pdf,pdf,,,,Keyfacts 31 May 2010
2010-05,keyfacts,https://www.theaic.co.uk/sites/default/files/import/statistics_entry/ManagerRanking31May2010.pdf,pdf,,,,Keyfacts 31 May 2010
2010-05,mir,https://www.theaic.co.uk/sites/default/files/import/statistics_entry/CNV1005.csv,csv,,,,MIR 31 May 2010
2010-05,mir,https://www.theaic.co.uk/sites/default/files/import/statistics_entry/ErrataAdditional1005.csv,csv,ok,,,MIR 31 May 2010
2010-05,mir,https://www.theaic.co.uk/sites/default/files/import/statistics_entry/GEO1005.csv,csv,,,,MIR 31 May 2010
2010-05,mir,https://www.theaic.co.uk/sites/default/files/import/statistics_entry/MIR1005.csv,csv,ok,,,MIR 31 May 2010
2010-05,mir,https://www.theaic.co.uk/sites/default/files/import/statistics_entry/PC1005.csv,csv,,,,MIR 31 May 2010
2010-05,mir,https://www.theaic.co.uk/sites/default/files/import/statistics_entry/PostMIRErrataAdditional1005.csv,csv,ok,,,MIR 31 May 2010
2010-05,mir,https://www.theaic.co.uk/sites/default/files/import/statistics_entry/WAR1005.csv,csv,,,,MIR 31 May 2010
2010-05,monthly_statistics,https://www.theaic.co.uk/sites/default/files/2024-11/AICStats31May2010.pdf,pdf,,,,AIC Stats - May 2010
2010-06,keyfacts,https://www.theaic.co.uk/sites/default/files/import/statistics_entry/AllCompanies30Jun10.xls,xls,ok,,,Keyfacts 30 June 2010
2010-06,keyfacts,https://www.theaic.co.uk/sites/default/files/import/statistics_entry/KF30Jun10.pdf,pdf,,,,Keyfacts 30 June 2010
2010-06,keyfacts,https://www.theaic.co.uk/sites/default/files/import/statistics_entry/ManagerRanking30Jun2010.pdf,pdf,,,,Keyfacts 30 June 2010
2010-06,mir,https://www.theaic.co.uk/sites/default/files/import/statistics_entry/CNV1006.csv,csv,,,,MIR 30 June 2010
2010-06,mir,https://www.theaic.co.uk/sites/default/files/import/statistics_entry/ErrataAdditional1006.csv,csv,ok,,,MIR 30 June 2010
2010-06,mir,https://www.theaic.co.uk/sites/default/files/import/statistics_entry/GEO1006.csv,csv,,,,MIR 30 June 2010
2010-06,mir,https://www.theaic.co.uk/sites/default/files/import/statistics_entry/MIR1006.csv,csv,ok,,,MIR 30 June 2010
2010-06,mir,https://www.theaic.co.uk/sites/default/files/import/statistics_entry/PC1006.csv,csv,,,,MIR 30 June 2010
2010-06,mir,https://www.theaic.co.uk/sites/default/files/import/statistics_entry/PostMIRErrataAdditional1006.csv,csv,ok,,,MIR 30 June 2010
2010-06,mir,https://www.theaic.co.uk/sites/default/files/import/statistics_entry/WAR1006.csv,csv,,,,MIR 30 June 2010
2010-06,monthly_statistics,https://www.theaic.co.uk/sites/default/files/2024-11/AICStats30Jun2010.pdf,pdf,,,,AIC Stats - June 2010
2010-07,keyfacts,https://www.theaic.co.uk/sites/default/files/import/statistics_entry/AllCompanies31Jul10.xls,xls,ok,,,Keyfacts 31 July 2010
2010-07,keyfacts,https://www.theaic.co.uk/sites/default/files/import/statistics_entry/KF31Jul10.pdf,pdf,,,,Keyfacts 31 July 2010
2010-07,keyfacts,https://www.theaic.co.uk/sites/default/files/import/statistics_entry/ManagerRanking31Jul2010.pdf,pdf,,,,Keyfacts 31 July 2010
2010-07,mir,https://www.theaic.co.uk/sites/default/files/import/statistics_entry/CNV1007.csv,csv,,,,MIR 31 July 2010
2010-07,mir,https://www.theaic.co.uk/sites/default/files/import/statistics_entry/ErrataAdditional1007.csv,csv,ok,,,MIR 31 July 2010
2010-07,mir,https://www.theaic.co.uk/sites/default/files/import/statistics_entry/GEO1007.csv,csv,,,,MIR 31 July 2010
2010-07,mir,https://www.theaic.co.uk/sites/default/files/import/statistics_entry/MIR1007.csv,csv,ok,,,MIR 31 July 2010
2010-07,mir,https://www.theaic.co.uk/sites/default/files/import/statistics_entry/PC1007.csv,csv,,,,MIR 31 July 2010
2010-07,mir,https://www.theaic.co.uk/sites/default/files/import/statistics_entry/PostMIRErrataAdditional1007.csv,csv,ok,,,MIR 31 July 2010
2010-07,mir,https://www.theaic.co.uk/sites/default/files/import/statistics_entry/WAR1007.csv,csv,,,,MIR 31 July 2010
2010-07,monthly_statistics,https://www.theaic.co.uk/sites/default/files/2024-11/AICStats31Jul2010.pdf,pdf,,,,AIC Stats - July 2010
2010-08,keyfacts,https://www.theaic.co.uk/sites/default/files/import/statistics_entry/AllCompanies31Aug10.xls,xls,ok,,,Keyfacts 31 August 2010
2010-08,keyfacts,https://www.theaic.co.uk/sites/default/files/import/statistics_entry/KF31Aug10.pdf,pdf,,,,Keyfacts 31 August 2010
2010-08,keyfacts,https://www.theaic.co.uk/sites/default/files/import/statistics_entry/ManagerRanking31Aug2010.pdf,pdf,,,,Keyfacts 31 August 2010
2010-08,mir,https://www.theaic.co.uk/sites/default/files/import/statistics_entry/CNV1008.csv,csv,,,,MIR 31 August 2010
2010-08,mir,https://www.theaic.co.uk/sites/default/files/import/statistics_entry/ErrataAdditional1008.csv,csv,ok,,,MIR 31 August 2010
2010-08,mir,https://www.theaic.co.uk/sites/default/files/import/statistics_entry/GEO1008.csv,csv,,,,MIR 31 August 2010
2010-08,mir,https://www.theaic.co.uk/sites/default/files/import/statistics_entry/MIR1008.csv,csv,ok,,,MIR 31 August 2010
2010-08,mir,https://www.theaic.co.uk/sites/default/files/import/statistics_entry/PC1008.csv,csv,,,,MIR 31 August 2010
2010-08,mir,https://www.theaic.co.uk/sites/default/files/import/statistics_entry/PostMIRErrataAdditional1008.csv,csv,ok,,,MIR 31 August 2010
2010-08,mir,https://www.theaic.co.uk/sites/default/files/import/statistics_entry/WAR1008.csv,csv,,,,MIR 31 August 2010
2010-08,monthly_statistics,https://www.theaic.co.uk/sites/default/files/2024-11/AICStats31Aug2010.pdf,pdf,,,,AIC Stats - August 2010
2010-09,keyfacts,https://www.theaic.co.uk/sites/default/files/import/statistics_entry/AllCompanies30Sep10.xls,xls,ok,,,Keyfacts 30 September 2010
2010-09,keyfacts,https://www.theaic.co.uk/sites/default/files/import/statistics_entry/KF30Sep10.pdf,pdf,,,,Keyfacts 30 September 2010
2010-09,keyfacts,https://www.theaic.co.uk/sites/default/files/import/statistics_entry/ManagerRanking30Sep2010.pdf,pdf,,,,Keyfacts 30 September 2010
2010-09,mir,https://www.theaic.co.uk/sites/default/files/import/statistics_entry/CNV1009.csv,csv,,,,MIR 30 September 2010
2010-09,mir,https://www.theaic.co.uk/sites/default/files/import/statistics_entry/ErrataAdditional1009.csv,csv,ok,,,MIR 30 September 2010
2010-09,mir,https://www.theaic.co.uk/sites/default/files/import/statistics_entry/GEO1009.csv,csv,,,,MIR 30 September 2010
2010-09,mir,https://www.theaic.co.uk/sites/default/files/import/statistics_entry/MIR1009.csv,csv,ok,,,MIR 30 September 2010
2010-09,mir,https://www.theaic.co.uk/sites/default/files/import/statistics_entry/PC1009.csv,csv,,,,MIR 30 September 2010
2010-09,mir,https://www.theaic.co.uk/sites/default/files/import/statistics_entry/PostMIRErrataAdditional1009.csv,csv,ok,,,MIR 30 September 2010
2010-09,mir,https://www.theaic.co.uk/sites/default/files/import/statistics_entry/WAR1009.csv,csv,,,,MIR 30 September 2010
2010-09,monthly_statistics,https://www.theaic.co.uk/sites/default/files/2024-11/AICStats30Sep2010.pdf,pdf,,,,AIC Stats - September 2010
2010-10,keyfacts,https://www.theaic.co.uk/sites/default/files/import/statistics_entry/AllCompanies31Oct10.xls,xls,ok,,,Keyfacts 31 October 2010
2010-10,keyfacts,https://www.theaic.co.uk/sites/default/files/import/statistics_entry/KF31Oct10.pdf,pdf,,,,Keyfacts 31 October 2010
2010-10,keyfacts,https://www.theaic.co.uk/sites/default/files/import/statistics_entry/ManagerRanking31Oct2010.pdf,pdf,,,,Keyfacts 31 October 2010
2010-10,mir,https://www.theaic.co.uk/sites/default/files/import/statistics_entry/CNV1010.csv,csv,,,,MIR 31 October 2010
2010-10,mir,https://www.theaic.co.uk/sites/default/files/import/statistics_entry/ErrataAdditional1010.csv,csv,ok,,,MIR 31 October 2010
2010-10,mir,https://www.theaic.co.uk/sites/default/files/import/statistics_entry/GEO1010.csv,csv,,,,MIR 31 October 2010
2010-10,mir,https://www.theaic.co.uk/sites/default/files/import/statistics_entry/MIR1010.csv,csv,ok,,,MIR 31 October 2010
2010-10,mir,https://www.theaic.co.uk/sites/default/files/import/statistics_entry/PC1010.csv,csv,,,,MIR 31 October 2010
2010-10,mir,https://www.theaic.co.uk/sites/default/files/import/statistics_entry/PostMIRErrataAdditional1010.csv,csv,ok,,,MIR 31 October 2010
2010-10,mir,https://www.theaic.co.uk/sites/default/files/import/statistics_entry/WAR1010.csv,csv,,,,MIR 31 October 2010
2010-10,monthly_statistics,https://www.theaic.co.uk/sites/default/files/2024-11/AICStats31Oct2010.pdf,pdf,,,,AIC Stats - October 2010
2010-11,keyfacts,https://www.theaic.co.uk/sites/default/files/import/statistics_entry/AllCompanies30Nov10.xls,xls,ok,,,Keyfacts 30 November 2010
2010-11,keyfacts,https://www.theaic.co.uk/sites/default/files/import/statistics_entry/KF30Nov10.pdf,pdf,,,,Keyfacts 30 November 2010
2010-11,keyfacts,https://www.theaic.co.uk/sites/default/files/import/statistics_entry/ManagerRanking30Nov2010.pdf,pdf,,,,Keyfacts 30 November 2010
2010-11,mir,https://www.theaic.co.uk/sites/default/files/import/statistics_entry/CNV1011.csv,csv,,,,MIR 30 November 2010
2010-11,mir,https://www.theaic.co.uk/sites/default/files/import/statistics_entry/ErrataAdditional1011.csv,csv,ok,,,MIR 30 November 2010
2010-11,mir,https://www.theaic.co.uk/sites/default/files/import/statistics_entry/GEO1011.csv,csv,,,,MIR 30 November 2010
2010-11,mir,https://www.theaic.co.uk/sites/default/files/import/statistics_entry/MIR1011.csv,csv,ok,,,MIR 30 November 2010
2010-11,mir,https://www.theaic.co.uk/sites/default/files/import/statistics_entry/PC1011.csv,csv,,,,MIR 30 November 2010
2010-11,mir,https://www.theaic.co.uk/sites/default/files/import/statistics_entry/PostMIRErrataAdditional1011.csv,csv,ok,,,MIR 30 November 2010
2010-11,mir,https://www.theaic.co.uk/sites/default/files/import/statistics_entry/WAR1011.csv,csv,,,,MIR 30 November 2010
2010-11,monthly_statistics,https://www.theaic.co.uk/sites/default/files/2024-11/AICStats30Nov2010.pdf,pdf,,,,AIC Stats - November 2010
2010-12,corporate_activity,https://www.theaic.co.uk/sites/default/files/import/statistics_entry/AICCorporateActivity2010.xlsx,xlsx,ok,,,Corporate Activity 2010
2010-12,keyfacts,https://www.theaic.co.uk/sites/default/files/import/statistics_entry/AllCompanies31Dec10.xlsx,xlsx,ok,,,Keyfacts 31 December 2010
2010-12,keyfacts,https://www.theaic.co.uk/sites/default/files/import/statistics_entry/KF31Dec10.pdf,pdf,,,,Keyfacts 31 December 2010
2010-12,keyfacts,https://www.theaic.co.uk/sites/default/files/import/statistics_entry/ManagerRanking31Dec2010.pdf,pdf,,,,Keyfacts 31 December 2010
2010-12,mir,https://www.theaic.co.uk/sites/default/files/import/statistics_entry/CNV1012.csv,csv,,,,MIR 31 December 2010
2010-12,mir,https://www.theaic.co.uk/sites/default/files/import/statistics_entry/ErrataAdditional1012.csv,csv,ok,,,MIR 31 December 2010
2010-12,mir,https://www.theaic.co.uk/sites/default/files/import/statistics_entry/GEO1012.csv,csv,,,,MIR 31 December 2010
2010-12,mir,https://www.theaic.co.uk/sites/default/files/import/statistics_entry/MIR1012.csv,csv,ok,,,MIR 31 December 2010
2010-12,mir,https://www.theaic.co.uk/sites/default/files/import/statistics_entry/PC1012.csv,csv,,,,MIR 31 December 2010
2010-12,mir,https://www.theaic.co.uk/sites/default/files/import/statistics_entry/PostMIRErrataAdditional1012.csv,csv,ok,,,MIR 31 December 2010
2010-12,mir,https://www.theaic.co.uk/sites/default/files/import/statistics_entry/WAR1012.csv,csv,,,,MIR 31 December 2010
2010-12,monthly_statistics,https://www.theaic.co.uk/sites/default/files/2024-11/AICStats31Dec2010.pdf,pdf,,,,AIC Stats - December 2010
2011-01,keyfacts,https://www.theaic.co.uk/sites/default/files/import/statistics_entry/AllCompanies31Jan11.xlsx,xlsx,ok,,,Keyfacts 31 January 2011
2011-01,keyfacts,https://www.theaic.co.uk/sites/default/files/import/statistics_entry/KF31Jan11.pdf,pdf,,,,Keyfacts 31 January 2011
2011-01,keyfacts,https://www.theaic.co.uk/sites/default/files/import/statistics_entry/ManagerRanking31Jan2011.pdf,pdf,,,,Keyfacts 31 January 2011
2011-01,mir,https://www.theaic.co.uk/sites/default/files/import/statistics_entry/CNV1101.CSV,csv,,,,MIR 31 January 2011
2011-01,mir,https://www.theaic.co.uk/sites/default/files/import/statistics_entry/ErrataAdditional1101.csv,csv,ok,,,MIR 31 January 2011
2011-01,mir,https://www.theaic.co.uk/sites/default/files/import/statistics_entry/GEO1101.CSV,csv,,,,MIR 31 January 2011
2011-01,mir,https://www.theaic.co.uk/sites/default/files/import/statistics_entry/MIR1101.CSV,csv,ok,,,MIR 31 January 2011
2011-01,mir,https://www.theaic.co.uk/sites/default/files/import/statistics_entry/PC1101.CSV,csv,,,,MIR 31 January 2011
2011-01,mir,https://www.theaic.co.uk/sites/default/files/import/statistics_entry/PostMIRErrataAdditional1101.csv,csv,ok,,,MIR 31 January 2011
2011-01,mir,https://www.theaic.co.uk/sites/default/files/import/statistics_entry/WAR1101.CSV,csv,,,,MIR 31 January 2011
2011-01,monthly_statistics,https://www.theaic.co.uk/sites/default/files/2024-11/AICStats31Jan2011.pdf,pdf,,,,AIC Stats - January 2011
2011-02,keyfacts,https://www.theaic.co.uk/sites/default/files/import/statistics_entry/AllCompanies28Feb11.xlsx,xlsx,ok,,,Keyfacts 28 February 2011
2011-02,keyfacts,https://www.theaic.co.uk/sites/default/files/import/statistics_entry/KF28Feb11.pdf,pdf,,,,Keyfacts 28 February 2011
2011-02,keyfacts,https://www.theaic.co.uk/sites/default/files/import/statistics_entry/ManagerRanking28Feb2011.pdf,pdf,,,,Keyfacts 28 February 2011
2011-02,mir,https://www.theaic.co.uk/sites/default/files/import/statistics_entry/CNV1102.CSV,csv,,,,MIR 28 February 2011
2011-02,mir,https://www.theaic.co.uk/sites/default/files/import/statistics_entry/ErrataAdditional1102.csv,csv,ok,,,MIR 28 February 2011
2011-02,mir,https://www.theaic.co.uk/sites/default/files/import/statistics_entry/GEO1102.CSV,csv,,,,MIR 28 February 2011
2011-02,mir,https://www.theaic.co.uk/sites/default/files/import/statistics_entry/MIR1102.CSV,csv,ok,,,MIR 28 February 2011
2011-02,mir,https://www.theaic.co.uk/sites/default/files/import/statistics_entry/PC1102.CSV,csv,,,,MIR 28 February 2011
2011-02,mir,https://www.theaic.co.uk/sites/default/files/import/statistics_entry/PostMIRErrataAdditional1102.csv,csv,ok,,,MIR 28 February 2011
2011-02,mir,https://www.theaic.co.uk/sites/default/files/import/statistics_entry/WAR1102.CSV,csv,,,,MIR 28 February 2011
2011-02,monthly_statistics,https://www.theaic.co.uk/sites/default/files/2024-11/AICStats28Feb2011.pdf,pdf,,,,AIC Stats - February 2011
2011-03,keyfacts,https://www.theaic.co.uk/sites/default/files/import/statistics_entry/AllCompanies31Mar11.xlsx,xlsx,ok,,,Keyfacts 31 March 2011
2011-03,keyfacts,https://www.theaic.co.uk/sites/default/files/import/statistics_entry/KF31Mar11.pdf,pdf,,,,Keyfacts 31 March 2011
2011-03,keyfacts,https://www.theaic.co.uk/sites/default/files/import/statistics_entry/ManagerRanking31Mar2011.pdf,pdf,,,,Keyfacts 31 March 2011
2011-03,mir,https://www.theaic.co.uk/sites/default/files/import/statistics_entry/CNV1103.CSV,csv,,,,MIR 31 March 2011
2011-03,mir,https://www.theaic.co.uk/sites/default/files/import/statistics_entry/ErrataAdditional1103.csv,csv,ok,,,MIR 31 March 2011
2011-03,mir,https://www.theaic.co.uk/sites/default/files/import/statistics_entry/GEO1103.CSV,csv,,,,MIR 31 March 2011
2011-03,mir,https://www.theaic.co.uk/sites/default/files/import/statistics_entry/MIR1103.CSV,csv,ok,,,MIR 31 March 2011
2011-03,mir,https://www.theaic.co.uk/sites/default/files/import/statistics_entry/PC1103.CSV,csv,,,,MIR 31 March 2011
2011-03,mir,https://www.theaic.co.uk/sites/default/files/import/statistics_entry/PostMIRErrataAdditional1103.csv,csv,ok,,,MIR 31 March 2011
2011-03,mir,https://www.theaic.co.uk/sites/default/files/import/statistics_entry/WAR1103.CSV,csv,,,,MIR 31 March 2011
2011-03,monthly_statistics,https://www.theaic.co.uk/sites/default/files/2024-11/AICStats31Mar2011.pdf,pdf,,,,AIC Stats - March 2011
2011-04,keyfacts,https://www.theaic.co.uk/sites/default/files/import/statistics_entry/AllCompanies30Apr11.xlsx,xlsx,ok,,,Keyfacts 30 April 2011
2011-04,keyfacts,https://www.theaic.co.uk/sites/default/files/import/statistics_entry/KF30Apr11.pdf,pdf,,,,Keyfacts 30 April 2011
2011-04,keyfacts,https://www.theaic.co.uk/sites/default/files/import/statistics_entry/ManagerRanking30Apr2011.pdf,pdf,,,,Keyfacts 30 April 2011
2011-04,mir,https://www.theaic.co.uk/sites/default/files/import/statistics_entry/CNV1104.CSV,csv,,,,MIR 30 April 2011
2011-04,mir,https://www.theaic.co.uk/sites/default/files/import/statistics_entry/ErrataAdditional1104.csv,csv,ok,,,MIR 30 April 2011
2011-04,mir,https://www.theaic.co.uk/sites/default/files/import/statistics_entry/GEO1104.CSV,csv,,,,MIR 30 April 2011
2011-04,mir,https://www.theaic.co.uk/sites/default/files/import/statistics_entry/MIR1104.CSV,csv,ok,,,MIR 30 April 2011
2011-04,mir,https://www.theaic.co.uk/sites/default/files/import/statistics_entry/PC1104.CSV,csv,,,,MIR 30 April 2011
2011-04,mir,https://www.theaic.co.uk/sites/default/files/import/statistics_entry/PostMIRErrataAdditional1104.csv,csv,ok,,,MIR 30 April 2011
2011-04,mir,https://www.theaic.co.uk/sites/default/files/import/statistics_entry/WAR1104.CSV,csv,,,,MIR 30 April 2011
2011-04,monthly_statistics,https://www.theaic.co.uk/sites/default/files/2024-11/AICStats30Apr2011.pdf,pdf,,,,AIC Stats - April 2011
2011-05,keyfacts,https://www.theaic.co.uk/sites/default/files/import/statistics_entry/AllCompanies31May11.xlsx,xlsx,ok,,,Keyfacts 31 May 2011
2011-05,keyfacts,https://www.theaic.co.uk/sites/default/files/import/statistics_entry/KF31May11.pdf,pdf,,,,Keyfacts 31 May 2011
2011-05,keyfacts,https://www.theaic.co.uk/sites/default/files/import/statistics_entry/ManagerRanking31May2011.pdf,pdf,,,,Keyfacts 31 May 2011
2011-05,mir,https://www.theaic.co.uk/sites/default/files/import/statistics_entry/CNV1105.CSV,csv,,,,MIR 31 May 2011
2011-05,mir,https://www.theaic.co.uk/sites/default/files/import/statistics_entry/ErrataAdditional1105.csv,csv,ok,,,MIR 31 May 2011
2011-05,mir,https://www.theaic.co.uk/sites/default/files/import/statistics_entry/GEO1105.CSV,csv,,,,MIR 31 May 2011
2011-05,mir,https://www.theaic.co.uk/sites/default/files/import/statistics_entry/MIR1105.CSV,csv,ok,,,MIR 31 May 2011
2011-05,mir,https://www.theaic.co.uk/sites/default/files/import/statistics_entry/PC1105.CSV,csv,,,,MIR 31 May 2011
2011-05,mir,https://www.theaic.co.uk/sites/default/files/import/statistics_entry/PostMIRErrataAdditional1105.csv,csv,ok,,,MIR 31 May 2011
2011-05,mir,https://www.theaic.co.uk/sites/default/files/import/statistics_entry/WAR1105.CSV,csv,,,,MIR 31 May 2011
2011-05,monthly_statistics,https://www.theaic.co.uk/sites/default/files/2024-11/AICStats31May2011.pdf,pdf,,,,AIC Stats - May 2011
2011-06,keyfacts,https://www.theaic.co.uk/sites/default/files/import/statistics_entry/AllCompanies30Jun11.xlsx,xlsx,ok,,,Keyfacts 30 June 2011
2011-06,keyfacts,https://www.theaic.co.uk/sites/default/files/import/statistics_entry/KF30Jun11.pdf,pdf,,,,Keyfacts 30 June 2011
2011-06,keyfacts,https://www.theaic.co.uk/sites/default/files/import/statistics_entry/ManagerRanking30Jun11.pdf,pdf,,,,Keyfacts 30 June 2011
2011-06,mir,https://www.theaic.co.uk/sites/default/files/import/statistics_entry/CNV1106.CSV,csv,,,,MIR 30 June 2011
2011-06,mir,https://www.theaic.co.uk/sites/default/files/import/statistics_entry/ErrataAdditional1106.csv,csv,ok,,,MIR 30 June 2011
2011-06,mir,https://www.theaic.co.uk/sites/default/files/import/statistics_entry/GEO1106.CSV,csv,,,,MIR 30 June 2011
2011-06,mir,https://www.theaic.co.uk/sites/default/files/import/statistics_entry/MIR1106.csv,csv,ok,,,MIR 30 June 2011
2011-06,mir,https://www.theaic.co.uk/sites/default/files/import/statistics_entry/PC1106.csv,csv,,,,MIR 30 June 2011
2011-06,mir,https://www.theaic.co.uk/sites/default/files/import/statistics_entry/PostMIRErrataAdditional1106.csv,csv,ok,,,MIR 30 June 2011
2011-06,mir,https://www.theaic.co.uk/sites/default/files/import/statistics_entry/WAR1106.csv,csv,,,,MIR 30 June 2011
2011-06,monthly_statistics,https://www.theaic.co.uk/sites/default/files/2024-11/AICStats30Jun2011.pdf,pdf,,,,AIC Stats - June 2011
2011-07,keyfacts,https://www.theaic.co.uk/sites/default/files/import/statistics_entry/AllCompanies31Jul11.xlsx,xlsx,ok,,,Keyfacts 31 July 2011
2011-07,keyfacts,https://www.theaic.co.uk/sites/default/files/import/statistics_entry/KF31Jul11.pdf,pdf,,,,Keyfacts 31 July 2011
2011-07,keyfacts,https://www.theaic.co.uk/sites/default/files/import/statistics_entry/ManagerRanking31Jul2011.pdf,pdf,,,,Keyfacts 31 July 2011
2011-07,mir,https://www.theaic.co.uk/sites/default/files/import/statistics_entry/CNV1107.CSV,csv,,,,MIR 31 July 2011
2011-07,mir,https://www.theaic.co.uk/sites/default/files/import/statistics_entry/ErrataAdditional1107.csv,csv,ok,,,MIR 31 July 2011
2011-07,mir,https://www.theaic.co.uk/sites/default/files/import/statistics_entry/GEO1107.CSV,csv,,,,MIR 31 July 2011
2011-07,mir,https://www.theaic.co.uk/sites/default/files/import/statistics_entry/MIR1107.csv,csv,ok,,,MIR 31 July 2011
2011-07,mir,https://www.theaic.co.uk/sites/default/files/import/statistics_entry/PC1107.csv,csv,,,,MIR 31 July 2011
2011-07,mir,https://www.theaic.co.uk/sites/default/files/import/statistics_entry/PostMIRErrataAdditional1107.csv,csv,ok,,,MIR 31 July 2011
2011-07,mir,https://www.theaic.co.uk/sites/default/files/import/statistics_entry/WAR1107.csv,csv,,,,MIR 31 July 2011
2011-07,monthly_statistics,https://www.theaic.co.uk/sites/default/files/2024-11/AICStats31Jul2011.pdf,pdf,,,,AIC Stats - July 2011
2011-08,keyfacts,https://www.theaic.co.uk/sites/default/files/import/statistics_entry/AllCompanies31Aug11.xlsx,xlsx,ok,,,Keyfacts 31 August 2011
2011-08,keyfacts,https://www.theaic.co.uk/sites/default/files/import/statistics_entry/KF31Aug11.pdf,pdf,,,,Keyfacts 31 August 2011
2011-08,keyfacts,https://www.theaic.co.uk/sites/default/files/import/statistics_entry/ManagerRanking30Apr2011_0.pdf,pdf,,,,Keyfacts 31 August 2011
2011-08,mir,https://www.theaic.co.uk/sites/default/files/import/statistics_entry/CNV1108.CSV,csv,,,,MIR 31 August 2011
2011-08,mir,https://www.theaic.co.uk/sites/default/files/import/statistics_entry/ErrataAdditional1108.csv,csv,ok,,,MIR 31 August 2011
2011-08,mir,https://www.theaic.co.uk/sites/default/files/import/statistics_entry/GEO1108.CSV,csv,,,,MIR 31 August 2011
2011-08,mir,https://www.theaic.co.uk/sites/default/files/import/statistics_entry/MIR1108.csv,csv,ok,,,MIR 31 August 2011
2011-08,mir,https://www.theaic.co.uk/sites/default/files/import/statistics_entry/PC1108.csv,csv,,,,MIR 31 August 2011
2011-08,mir,https://www.theaic.co.uk/sites/default/files/import/statistics_entry/PostMIRErrataAdditional1108.csv,csv,ok,,,MIR 31 August 2011
2011-08,mir,https://www.theaic.co.uk/sites/default/files/import/statistics_entry/WAR1108.csv,csv,,,,MIR 31 August 2011
2011-08,monthly_statistics,https://www.theaic.co.uk/sites/default/files/2024-11/AICStats31Aug2011.pdf,pdf,,,,AIC Stats - August 2011
2011-09,keyfacts,https://www.theaic.co.uk/sites/default/files/import/statistics_entry/AllCompanies30Sep11.xlsx,xlsx,ok,,,Keyfacts 30 September 2011
2011-09,keyfacts,https://www.theaic.co.uk/sites/default/files/import/statistics_entry/KF30Sep11.pdf,pdf,,,,Keyfacts 30 September 2011
2011-09,keyfacts,https://www.theaic.co.uk/sites/default/files/import/statistics_entry/ManagerRanking30Sep2011.pdf,pdf,,,,Keyfacts 30 September 2011
2011-09,mir,https://www.theaic.co.uk/sites/default/files/import/statistics_entry/CNV1109.CSV,csv,,,,MIR 30 September 2011
2011-09,mir,https://www.theaic.co.uk/sites/default/files/import/statistics_entry/ErrataAdditional1109.csv,csv,ok,,,MIR 30 September 2011
2011-09,mir,https://www.theaic.co.uk/sites/default/files/import/statistics_entry/GEO1109.CSV,csv,,,,MIR 30 September 2011
2011-09,mir,https://www.theaic.co.uk/sites/default/files/import/statistics_entry/MIR1109.csv,csv,ok,,,MIR 30 September 2011
2011-09,mir,https://www.theaic.co.uk/sites/default/files/import/statistics_entry/PC1109.csv,csv,,,,MIR 30 September 2011
2011-09,mir,https://www.theaic.co.uk/sites/default/files/import/statistics_entry/PostMIRErrataAdditional1109.csv,csv,ok,,,MIR 30 September 2011
2011-09,mir,https://www.theaic.co.uk/sites/default/files/import/statistics_entry/WAR1109.csv,csv,,,,MIR 30 September 2011
2011-09,monthly_statistics,https://www.theaic.co.uk/sites/default/files/2024-11/AICStats30Sep2011.pdf,pdf,,,,AIC Stats - September 2011
2011-10,keyfacts,https://www.theaic.co.uk/sites/default/files/import/statistics_entry/AllCompanies31Oct11.xlsx,xlsx,ok,,,Keyfacts 31 October 2011
2011-10,keyfacts,https://www.theaic.co.uk/sites/default/files/import/statistics_entry/KF31Oct11.pdf,pdf,,,,Keyfacts 31 October 2011
2011-10,keyfacts,https://www.theaic.co.uk/sites/default/files/import/statistics_entry/ManagerRanking31Oct2011.pdf,pdf,,,,Keyfacts 31 October 2011
2011-10,mir,https://www.theaic.co.uk/sites/default/files/import/statistics_entry/CNV1110.CSV,csv,,,,MIR 31 October 2011
2011-10,mir,https://www.theaic.co.uk/sites/default/files/import/statistics_entry/ErrataAdditional1110.csv,csv,ok,,,MIR 31 October 2011
2011-10,mir,https://www.theaic.co.uk/sites/default/files/import/statistics_entry/GEO1110.CSV,csv,,,,MIR 31 October 2011
2011-10,mir,https://www.theaic.co.uk/sites/default/files/import/statistics_entry/MIR1110.csv,csv,ok,,,MIR 31 October 2011
2011-10,mir,https://www.theaic.co.uk/sites/default/files/import/statistics_entry/PC1110.csv,csv,,,,MIR 31 October 2011
2011-10,mir,https://www.theaic.co.uk/sites/default/files/import/statistics_entry/PostMIRErrataAdditional1110.csv,csv,ok,,,MIR 31 October 2011
2011-10,mir,https://www.theaic.co.uk/sites/default/files/import/statistics_entry/WAR1110.csv,csv,,,,MIR 31 October 2011
2011-10,monthly_statistics,https://www.theaic.co.uk/sites/default/files/2024-11/AICStats31Oct2011.pdf,pdf,,,,AIC Stats - October 2011
2011-11,keyfacts,https://www.theaic.co.uk/sites/default/files/import/statistics_entry/AllCompanies30Nov11.xlsx,xlsx,ok,,,Keyfacts 30 November 2011
2011-11,keyfacts,https://www.theaic.co.uk/sites/default/files/import/statistics_entry/KF30Nov11.pdf,pdf,,,,Keyfacts 30 November 2011
2011-11,keyfacts,https://www.theaic.co.uk/sites/default/files/import/statistics_entry/ManagerRanking30Nov2011.pdf,pdf,,,,Keyfacts 30 November 2011
2011-11,mir,https://www.theaic.co.uk/sites/default/files/import/statistics_entry/CNV1111.CSV,csv,,,,MIR 30 November 2011
2011-11,mir,https://www.theaic.co.uk/sites/default/files/import/statistics_entry/ErrataAdditional1111.csv,csv,ok,,,MIR 30 November 2011
2011-11,mir,https://www.theaic.co.uk/sites/default/files/import/statistics_entry/GEO1111.CSV,csv,,,,MIR 30 November 2011
2011-11,mir,https://www.theaic.co.uk/sites/default/files/import/statistics_entry/MIR1111.csv,csv,ok,,,MIR 30 November 2011
2011-11,mir,https://www.theaic.co.uk/sites/default/files/import/statistics_entry/PC1111.csv,csv,,,,MIR 30 November 2011
2011-11,mir,https://www.theaic.co.uk/sites/default/files/import/statistics_entry/PostMIRErrataAdditional1111.csv,csv,ok,,,MIR 30 November 2011
2011-11,mir,https://www.theaic.co.uk/sites/default/files/import/statistics_entry/WAR1111.csv,csv,,,,MIR 30 November 2011
2011-11,monthly_statistics,https://www.theaic.co.uk/sites/default/files/2024-11/AICStats30Nov2011.pdf,pdf,,,,AIC Stats - November 2011
2011-12,corporate_activity,https://www.theaic.co.uk/sites/default/files/import/statistics_entry/AICCorporateActivity2011.xlsx,xlsx,ok,,,Corporate Activity 2011
2011-12,keyfacts,https://www.theaic.co.uk/sites/default/files/import/statistics_entry/AllCompanies31Dec11_0.xlsx,xlsx,ok,,,Keyfacts 31 December 2011
2011-12,keyfacts,https://www.theaic.co.uk/sites/default/files/import/statistics_entry/KF31Dec11.pdf,pdf,,,,Keyfacts 31 December 2011
2011-12,keyfacts,https://www.theaic.co.uk/sites/default/files/import/statistics_entry/ManagerRanking31Dec2011.pdf,pdf,,,,Keyfacts 31 December 2011
2011-12,mir,https://www.theaic.co.uk/sites/default/files/import/statistics_entry/CNV1112.CSV,csv,,,,MIR 31 December 2011
2011-12,mir,https://www.theaic.co.uk/sites/default/files/import/statistics_entry/ErrataAdditional1112.csv,csv,ok,,,MIR 31 December 2011
2011-12,mir,https://www.theaic.co.uk/sites/default/files/import/statistics_entry/GEO1112.CSV,csv,,,,MIR 31 December 2011
2011-12,mir,https://www.theaic.co.uk/sites/default/files/import/statistics_entry/MIR1112.csv,csv,ok,,,MIR 31 December 2011
2011-12,mir,https://www.theaic.co.uk/sites/default/files/import/statistics_entry/PC1112.csv,csv,,,,MIR 31 December 2011
2011-12,mir,https://www.theaic.co.uk/sites/default/files/import/statistics_entry/PostMIRErrataAdditional1112.csv,csv,ok,,,MIR 31 December 2011
2011-12,mir,https://www.theaic.co.uk/sites/default/files/import/statistics_entry/WAR1112.csv,csv,,,,MIR 31 December 2011
2011-12,monthly_statistics,https://www.theaic.co.uk/sites/default/files/2024-11/AICStats31Dec2011.pdf,pdf,,,,AIC Stats - December 2011
2012-01,keyfacts,https://www.theaic.co.uk/sites/default/files/import/statistics_entry/AllCompanies31Jan12.xlsx,xlsx,ok,,,Keyfacts 31 January 2012
2012-01,keyfacts,https://www.theaic.co.uk/sites/default/files/import/statistics_entry/KF31Jan12.pdf,pdf,,,,Keyfacts 31 January 2012
2012-01,keyfacts,https://www.theaic.co.uk/sites/default/files/import/statistics_entry/ManagerRanking31Jan2012.pdf,pdf,,,,Keyfacts 31 January 2012
2012-01,mir,https://www.theaic.co.uk/sites/default/files/import/statistics_entry/CNV1201.CSV,csv,,,,MIR 31 January 2012
2012-01,mir,https://www.theaic.co.uk/sites/default/files/import/statistics_entry/ErrataAdditional1201.csv,csv,ok,,,MIR 31 January 2012
2012-01,mir,https://www.theaic.co.uk/sites/default/files/import/statistics_entry/GEO1201.CSV,csv,,,,MIR 31 January 2012
2012-01,mir,https://www.theaic.co.uk/sites/default/files/import/statistics_entry/MIR1201.CSV,csv,ok,,,MIR 31 January 2012
2012-01,mir,https://www.theaic.co.uk/sites/default/files/import/statistics_entry/PC1201.CSV,csv,,,,MIR 31 January 2012
2012-01,mir,https://www.theaic.co.uk/sites/default/files/import/statistics_entry/PostMIRErrataAdditional1201.csv,csv,ok,,,MIR 31 January 2012
2012-01,mir,https://www.theaic.co.uk/sites/default/files/import/statistics_entry/WAR1201.CSV,csv,,,,MIR 31 January 2012
2012-01,monthly_statistics,https://www.theaic.co.uk/sites/default/files/2024-11/AICStats31Jan2012.pdf,pdf,,,,AIC Stats - January 2012
2012-02,keyfacts,https://www.theaic.co.uk/sites/default/files/import/statistics_entry/AllCompanies29Feb12.xlsx,xlsx,ok,,,Keyfacts 29 February 2012
2012-02,keyfacts,https://www.theaic.co.uk/sites/default/files/import/statistics_entry/KF29Feb12.pdf,pdf,,,,Keyfacts 29 February 2012
2012-02,keyfacts,https://www.theaic.co.uk/sites/default/files/import/statistics_entry/ManagerRanking29Feb2012.pdf,pdf,,,,Keyfacts 29 February 2012
2012-02,mir,https://www.theaic.co.uk/sites/default/files/import/statistics_entry/CNV1202.CSV,csv,,,,MIR 29 February 2012
2012-02,mir,https://www.theaic.co.uk/sites/default/files/import/statistics_entry/ErrataAdditional1202.csv,csv,ok,,,MIR 29 February 2012
2012-02,mir,https://www.theaic.co.uk/sites/default/files/import/statistics_entry/GEO1202.CSV,csv,,,,MIR 29 February 2012
2012-02,mir,https://www.theaic.co.uk/sites/default/files/import/statistics_entry/MIR1202.CSV,csv,ok,,,MIR 29 February 2012
2012-02,mir,https://www.theaic.co.uk/sites/default/files/import/statistics_entry/PC1202.CSV,csv,,,,MIR 29 February 2012
2012-02,mir,https://www.theaic.co.uk/sites/default/files/import/statistics_entry/PostMIRErrataAdditional1202.csv,csv,ok,,,MIR 29 February 2012
2012-02,mir,https://www.theaic.co.uk/sites/default/files/import/statistics_entry/WAR1202.CSV,csv,,,,MIR 29 February 2012
2012-02,monthly_statistics,https://www.theaic.co.uk/sites/default/files/2024-11/AICStats29Feb2012.pdf,pdf,,,,AIC Stats - February 2012
2012-03,keyfacts,https://www.theaic.co.uk/sites/default/files/import/statistics_entry/AllCompanies31Mar12.xlsx,xlsx,ok,,,Keyfacts 31 March 2012
2012-03,keyfacts,https://www.theaic.co.uk/sites/default/files/import/statistics_entry/KF31Mar12.pdf,pdf,,,,Keyfacts 31 March 2012
2012-03,keyfacts,https://www.theaic.co.uk/sites/default/files/import/statistics_entry/ManagerRanking31Mar2012.pdf,pdf,,,,Keyfacts 31 March 2012
2012-03,mir,https://www.theaic.co.uk/sites/default/files/import/statistics_entry/CNV1203.CSV,csv,,,,MIR 31 March 2012
2012-03,mir,https://www.theaic.co.uk/sites/default/files/import/statistics_entry/ErrataAdditional1203.csv,csv,ok,,,MIR 31 March 2012
2012-03,mir,https://www.theaic.co.uk/sites/default/files/import/statistics_entry/GEO1203.CSV,csv,,,,MIR 31 March 2012
2012-03,mir,https://www.theaic.co.uk/sites/default/files/import/statistics_entry/MIR1203.CSV,csv,ok,,,MIR 31 March 2012
2012-03,mir,https://www.theaic.co.uk/sites/default/files/import/statistics_entry/PC1203.CSV,csv,,,,MIR 31 March 2012
2012-03,mir,https://www.theaic.co.uk/sites/default/files/import/statistics_entry/PostMIRErrataAdditional1203.csv,csv,ok,,,MIR 31 March 2012
2012-03,mir,https://www.theaic.co.uk/sites/default/files/import/statistics_entry/WAR1203.CSV,csv,,,,MIR 31 March 2012
2012-03,monthly_statistics,https://www.theaic.co.uk/sites/default/files/2024-11/AICStats31Mar2012.pdf,pdf,,,,AIC Stats - March 2012
2012-04,keyfacts,https://www.theaic.co.uk/sites/default/files/import/statistics_entry/AllCompanies30Apr12.xlsx,xlsx,ok,,,Keyfacts 30 April 2012
2012-04,keyfacts,https://www.theaic.co.uk/sites/default/files/import/statistics_entry/KF30Apr12.pdf,pdf,,,,Keyfacts 30 April 2012
2012-04,keyfacts,https://www.theaic.co.uk/sites/default/files/import/statistics_entry/ManagerRanking30Apr2012.pdf,pdf,,,,Keyfacts 30 April 2012
2012-04,mir,https://www.theaic.co.uk/sites/default/files/import/statistics_entry/CNV1204.CSV,csv,,,,MIR 30 April 2012
2012-04,mir,https://www.theaic.co.uk/sites/default/files/import/statistics_entry/ErrataAdditional1204.CSV,csv,ok,,,MIR 30 April 2012
2012-04,mir,https://www.theaic.co.uk/sites/default/files/import/statistics_entry/GEO1204.CSV,csv,,,,MIR 30 April 2012
2012-04,mir,https://www.theaic.co.uk/sites/default/files/import/statistics_entry/MIR1204.CSV,csv,ok,,,MIR 30 April 2012
2012-04,mir,https://www.theaic.co.uk/sites/default/files/import/statistics_entry/PC1204.CSV,csv,,,,MIR 30 April 2012
2012-04,mir,https://www.theaic.co.uk/sites/default/files/import/statistics_entry/PostMIRErrataAdditional1204.csv,csv,ok,,,MIR 30 April 2012
2012-04,mir,https://www.theaic.co.uk/sites/default/files/import/statistics_entry/WAR1204.CSV,csv,,,,MIR 30 April 2012
2012-04,monthly_statistics,https://www.theaic.co.uk/sites/default/files/2024-11/AICStats30Apr2012.pdf,pdf,,,,AIC Stats - April 2012
2012-05,keyfacts,https://www.theaic.co.uk/sites/default/files/import/statistics_entry/AllCompanies31May12.xlsx,xlsx,ok,,,Keyfacts 31 May 2012
2012-05,keyfacts,https://www.theaic.co.uk/sites/default/files/import/statistics_entry/KF31May12.pdf,pdf,,,,Keyfacts 31 May 2012
2012-05,keyfacts,https://www.theaic.co.uk/sites/default/files/import/statistics_entry/ManagerRanking31May2012.pdf,pdf,,,,Keyfacts 31 May 2012
2012-05,mir,https://www.theaic.co.uk/sites/default/files/import/statistics_entry/CNV1205.CSV,csv,,,,MIR 31 May 2012
2012-05,mir,https://www.theaic.co.uk/sites/default/files/import/statistics_entry/ErrataAdditional1205.CSV,csv,ok,,,MIR 31 May 2012
2012-05,mir,https://www.theaic.co.uk/sites/default/files/import/statistics_entry/GEO1205.CSV,csv,,,,MIR 31 May 2012
2012-05,mir,https://www.theaic.co.uk/sites/default/files/import/statistics_entry/MIR1205.CSV,csv,ok,,,MIR 31 May 2012
2012-05,mir,https://www.theaic.co.uk/sites/default/files/import/statistics_entry/PC1205.csv,csv,,,,MIR 31 May 2012
2012-05,mir,https://www.theaic.co.uk/sites/default/files/import/statistics_entry/PostMIRErrataAdditional1205.csv,csv,ok,,,MIR 31 May 2012
2012-05,mir,https://www.theaic.co.uk/sites/default/files/import/statistics_entry/WAR1205.CSV,csv,,,,MIR 31 May 2012
2012-05,monthly_statistics,https://www.theaic.co.uk/sites/default/files/2024-11/AICStats31May2012.pdf,pdf,,,,AIC Stats - May 2012
2012-06,keyfacts,https://www.theaic.co.uk/sites/default/files/import/statistics_entry/AllCompanies30Jun12.xlsx,xlsx,ok,,,Keyfacts 30 June 2012
2012-06,keyfacts,https://www.theaic.co.uk/sites/default/files/import/statistics_entry/KF30Jun12.pdf,pdf,,,,Keyfacts 30 June 2012
2012-06,keyfacts,https://www.theaic.co.uk/sites/default/files/import/statistics_entry/ManagerRanking30Jun2012.pdf,pdf,,,,Keyfacts 30 June 2012
2012-06,mir,https://www.theaic.co.uk/sites/default/files/import/statistics_entry/CNV1206.CSV,csv,,,,MIR 30 June 2012
2012-06,mir,https://www.theaic.co.uk/sites/default/files/import/statistics_entry/ErrataAdditional1206.CSV,csv,ok,,,MIR 30 June 2012
2012-06,mir,https://www.theaic.co.uk/sites/default/files/import/statistics_entry/GEO1206.CSV,csv,,,,MIR 30 June 2012
2012-06,mir,https://www.theaic.co.uk/sites/default/files/import/statistics_entry/MIR1206.CSV,csv,ok,,,MIR 30 June 2012
2012-06,mir,https://www.theaic.co.uk/sites/default/files/import/statistics_entry/PC1206.csv,csv,,,,MIR 30 June 2012
2012-06,mir,https://www.theaic.co.uk/sites/default/files/import/statistics_entry/PostMIRErrataAdditional1206.csv,csv,ok,,,MIR 30 June 2012
2012-06,mir,https://www.theaic.co.uk/sites/default/files/import/statistics_entry/WAR1206.CSV,csv,,,,MIR 30 June 2012
2012-06,monthly_statistics,https://www.theaic.co.uk/sites/default/files/2024-11/AICStats30Jun2012.pdf,pdf,,,,AIC Stats - June 2012
2012-07,keyfacts,https://www.theaic.co.uk/sites/default/files/import/statistics_entry/AllCompanies31Jul12.xlsx,xlsx,ok,,,Industry Overview 31 July 2012
2012-07,keyfacts,https://www.theaic.co.uk/sites/default/files/import/statistics_entry/IndustryOverview31Jul12.pdf,pdf,,,,Industry Overview 31 July 2012
2012-07,keyfacts,https://www.theaic.co.uk/sites/default/files/import/statistics_entry/ManagerRanking31Jul12.xlsx,xlsx,ok,,,Industry Overview 31 July 2012
2012-07,keyfacts,https://www.theaic.co.uk/sites/default/files/import/statistics_entry/SectorSummary31Jul12.xlsx,xlsx,ok,,,Industry Overview 31 July 2012
2012-07,mir,https://www.theaic.co.uk/sites/default/files/import/statistics_entry/CNV1207.CSV,csv,,,,MIR 31 July 2012
2012-07,mir,https://www.theaic.co.uk/sites/default/files/import/statistics_entry/ErrataAdditional1207.CSV,csv,ok,,,MIR 31 July 2012
2012-07,mir,https://www.theaic.co.uk/sites/default/files/import/statistics_entry/GEO1207.CSV,csv,,,,MIR 31 July 2012
2012-07,mir,https://www.theaic.co.uk/sites/default/files/import/statistics_entry/MIR1207.CSV,csv,ok,,,MIR 31 July 2012
2012-07,mir,https://www.theaic.co.uk/sites/default/files/import/statistics_entry/PC1207.csv,csv,,,,MIR 31 July 2012
2012-07,mir,https://www.theaic.co.uk/sites/default/files/import/statistics_entry/WAR1207.csv,csv,,,,MIR 31 July 2012
2012-07,monthly_statistics,https://www.theaic.co.uk/sites/default/files/2024-11/AICStats31Jul2012.pdf,pdf,,,,AIC Stats - July 2012
2012-08,keyfacts,https://www.theaic.co.uk/sites/default/files/import/statistics_entry/AICAllCompanies31Aug12.xlsx,xlsx,ok,,,Industry Overview 31 August 2012
2012-08,keyfacts,https://www.theaic.co.uk/sites/default/files/import/statistics_entry/AICIndustryOverview31Aug12.pdf,pdf,,,,Industry Overview 31 August 2012
2012-08,keyfacts,https://www.theaic.co.uk/sites/default/files/import/statistics_entry/AICManagementGroupRankings31Aug12.xlsx,xlsx,,,,Industry Overview 31 August 2012
2012-08,keyfacts,https://www.theaic.co.uk/sites/default/files/import/statistics_entry/AICSectorSummary31Aug12.xlsx,xlsx,,,,Industry Overview 31 August 2012
2012-08,mir,https://www.theaic.co.uk/sites/default/files/import/statistics_entry/CNV1208.csv,csv,,,,MIR 31 August 2012
2012-08,mir,https://www.theaic.co.uk/sites/default/files/import/statistics_entry/ErrataAdditional1208.csv,csv,ok,,,MIR 31 August 2012
2012-08,mir,https://www.theaic.co.uk/sites/default/files/import/statistics_entry/GEO1208.csv,csv,,,,MIR 31 August 2012
2012-08,mir,https://www.theaic.co.uk/sites/default/files/import/statistics_entry/MIR1208.csv,csv,ok,,,MIR 31 August 2012
2012-08,mir,https://www.theaic.co.uk/sites/default/files/import/statistics_entry/PC1208.csv,csv,,,,MIR 31 August 2012
2012-08,mir,https://www.theaic.co.uk/sites/default/files/import/statistics_entry/PostMIRErrataAdditional1208.csv,csv,ok,,,MIR 31 August 2012
2012-08,mir,https://www.theaic.co.uk/sites/default/files/import/statistics_entry/WAR1208.csv,csv,,,,MIR 31 August 2012
2012-08,monthly_statistics,https://www.theaic.co.uk/sites/default/files/2024-11/AICStats31Aug2012.pdf,pdf,,,,AIC Stats - August 2012
2012-09,keyfacts,https://www.theaic.co.uk/sites/default/files/import/statistics_entry/AICAllCompanies30Sep12.xlsx,xlsx,ok,,,Industry Overview 30 September 2012
2012-09,keyfacts,https://www.theaic.co.uk/sites/default/files/import/statistics_entry/AICIndustryOverview30Sep12.pdf,pdf,,,,Industry Overview 30 September 2012
2012-09,keyfacts,https://www.theaic.co.uk/sites/default/files/import/statistics_entry/AICManagementGroupRankings30Sep12.xlsx,xlsx,,,,Industry Overview 30 September 2012
2012-09,keyfacts,https://www.theaic.co.uk/sites/default/files/import/statistics_entry/AICSectorSummary30Sep12.xlsx,xlsx,,,,Industry Overview 30 September 2012
2012-09,mir,https://www.theaic.co.uk/sites/default/files/import/statistics_entry/CNV1209.csv,csv,,,,MIR 30 September 2012
2012-09,mir,https://www.theaic.co.uk/sites/default/files/import/statistics_entry/ErrataAdditional1209.csv,csv,ok,,,MIR 30 September 2012
2012-09,mir,https://www.theaic.co.uk/sites/default/files/import/statistics_entry/GEO1209.csv,csv,,,,MIR 30 September 2012
2012-09,mir,https://www.theaic.co.uk/sites/default/files/import/statistics_entry/MIR1209.csv,csv,ok,,,MIR 30 September 2012
2012-09,mir,https://www.theaic.co.uk/sites/default/files/import/statistics_entry/PC1209.csv,csv,,,,MIR 30 September 2012
2012-09,mir,https://www.theaic.co.uk/sites/default/files/import/statistics_entry/PostMIRErrataAdditional1209.csv,csv,ok,,,MIR 30 September 2012
2012-09,mir,https://www.theaic.co.uk/sites/default/files/import/statistics_entry/WAR1209.CSV,csv,,,,MIR 30 September 2012
2012-09,monthly_statistics,https://www.theaic.co.uk/sites/default/files/2024-11/AICStats30Sep2012.pdf,pdf,,,,AIC Stats - September 2012
2012-10,keyfacts,https://www.theaic.co.uk/sites/default/files/import/statistics_entry/AICAllCompanies31Oct12.xlsx,xlsx,ok,,,Industry Overview 31 October 2012
2012-10,keyfacts,https://www.theaic.co.uk/sites/default/files/import/statistics_entry/AICIndustryOverview31Oct12.pdf,pdf,,,,Industry Overview 31 October 2012
2012-10,keyfacts,https://www.theaic.co.uk/sites/default/files/import/statistics_entry/AICManagementGroupRankings31Oct12.xlsx,xlsx,,,,Industry Overview 31 October 2012
2012-10,keyfacts,https://www.theaic.co.uk/sites/default/files/import/statistics_entry/AICSectorSummary31Oct12.xlsx,xlsx,,,,Industry Overview 31 October 2012
2012-10,mir,https://www.theaic.co.uk/sites/default/files/import/statistics_entry/CNV1210.csv,csv,,,,MIR 31 October 2012
2012-10,mir,https://www.theaic.co.uk/sites/default/files/import/statistics_entry/ErrataAdditional1210.csv,csv,ok,,,MIR 31 October 2012
2012-10,mir,https://www.theaic.co.uk/sites/default/files/import/statistics_entry/GEO1210.csv,csv,,,,MIR 31 October 2012
2012-10,mir,https://www.theaic.co.uk/sites/default/files/import/statistics_entry/MIR1210.csv,csv,ok,,,MIR 31 October 2012
2012-10,mir,https://www.theaic.co.uk/sites/default/files/import/statistics_entry/PC1210.csv,csv,,,,MIR 31 October 2012
2012-10,mir,https://www.theaic.co.uk/sites/default/files/import/statistics_entry/PostMIRErrataAdditional1210.csv,csv,ok,,,MIR 31 October 2012
2012-10,mir,https://www.theaic.co.uk/sites/default/files/import/statistics_entry/WAR1210.CSV,csv,,,,MIR 31 October 2012
2012-10,monthly_statistics,https://www.theaic.co.uk/sites/default/files/2024-11/AICStats31Oct2012.pdf,pdf,,,,AIC Stats - October 2012
2012-11,keyfacts,https://www.theaic.co.uk/sites/default/files/import/statistics_entry/AICAllCompanies30Nov12.xlsx,xlsx,ok,,,Industry Overview 30 November 2012
2012-11,keyfacts,https://www.theaic.co.uk/sites/default/files/import/statistics_entry/AICIndustryOverview30Nov12.pdf,pdf,,,,Industry Overview 30 November 2012
2012-11,keyfacts,https://www.theaic.co.uk/sites/default/files/import/statistics_entry/AICManagementGroupRankings30Nov12.xlsx,xlsx,,,,Industry Overview 30 November 2012
2012-11,keyfacts,https://www.theaic.co.uk/sites/default/files/import/statistics_entry/AICSectorSummary30Nov12.xlsx,xlsx,,,,Industry Overview 30 November 2012
2012-11,mir,https://www.theaic.co.uk/sites/default/files/import/statistics_entry/CNV1211.CSV,csv,,,,MIR 30 November 2012
2012-11,mir,https://www.theaic.co.uk/sites/default/files/import/statistics_entry/ErrataAdditional1211.csv,csv,ok,,,MIR 30 November 2012
2012-11,mir,https://www.theaic.co.uk/sites/default/files/import/statistics_entry/GEO1211.CSV,csv,,,,MIR 30 November 2012
2012-11,mir,https://www.theaic.co.uk/sites/default/files/import/statistics_entry/MIR1211.CSV,csv,ok,,,MIR 30 November 2012
2012-11,mir,https://www.theaic.co.uk/sites/default/files/import/statistics_entry/PC1211.CSV,csv,,,,MIR 30 November 2012
2012-11,mir,https://www.theaic.co.uk/sites/default/files/import/statistics_entry/WAR1211.CSV,csv,,,,MIR 30 November 2012
2012-11,monthly_statistics,https://www.theaic.co.uk/sites/default/files/2024-11/AICStats30Nov2012.pdf,pdf,,,,AIC Stats - November 2012
2012-12,corporate_activity,https://www.theaic.co.uk/sites/default/files/import/statistics_entry/AICCorporateActivity2012.xlsx,xlsx,ok,,,Corporate Activity 2012
2012-12,keyfacts,https://www.theaic.co.uk/sites/default/files/import/statistics_entry/AICAllCompanies31Dec12.xlsx,xlsx,ok,,,Industry Overview 31 December 2012
2012-12,keyfacts,https://www.theaic.co.uk/sites/default/files/import/statistics_entry/AICIndustryOverview31Dec12.pdf,pdf,,,,Industry Overview 31 December 2012
2012-12,keyfacts,https://www.theaic.co.uk/sites/default/files/import/statistics_entry/AICManagementGroupRankings31Dec12.xlsx,xlsx,,,,Industry Overview 31 December 2012
2012-12,keyfacts,https://www.theaic.co.uk/sites/default/files/import/statistics_entry/AICSectorSummary31Dec12.xlsx,xlsx,,,,Industry Overview 31 December 2012
2012-12,mir,https://www.theaic.co.uk/sites/default/files/import/statistics_entry/CNV1212.CSV,csv,,,,MIR 31 December 2012
2012-12,mir,https://www.theaic.co.uk/sites/default/files/import/statistics_entry/ErrataAdditional1212.csv,csv,ok,,,MIR 31 December 2012
2012-12,mir,https://www.theaic.co.uk/sites/default/files/import/statistics_entry/GEO1212.CSV,csv,,,,MIR 31 December 2012
2012-12,mir,https://www.theaic.co.uk/sites/default/files/import/statistics_entry/MIR1212.CSV,csv,ok,,,MIR 31 December 2012
2012-12,mir,https://www.theaic.co.uk/sites/default/files/import/statistics_entry/PC1212.CSV,csv,,,,MIR 31 December 2012
2012-12,mir,https://www.theaic.co.uk/sites/default/files/import/statistics_entry/PostMIRErrataAdditional1212.csv,csv,ok,,,MIR 31 December 2012
2012-12,mir,https://www.theaic.co.uk/sites/default/files/import/statistics_entry/WAR1212.CSV,csv,,,,MIR 31 December 2012
2012-12,monthly_statistics,https://www.theaic.co.uk/sites/default/files/2024-11/AICStats31Dec2012.pdf,pdf,,,,AIC Stats - December 2012
2013-01,keyfacts,https://www.theaic.co.uk/sites/default/files/import/statistics_entry/AICAllCompanies31Jan13.xlsx,xlsx,ok,,,Industry Overview 31 January 2013
2013-01,keyfacts,https://www.theaic.co.uk/sites/default/files/import/statistics_entry/AICIndustryOverview31Jan13.pdf,pdf,,,,Industry Overview 31 January 2013
2013-01,keyfacts,https://www.theaic.co.uk/sites/default/files/import/statistics_entry/AICManagementGroupRankings31Jan13.xlsx,xlsx,,,,Industry Overview 31 January 2013
2013-01,keyfacts,https://www.theaic.co.uk/sites/default/files/import/statistics_entry/AICSectorSummary31Jan13.xlsx,xlsx,,,,Industry Overview 31 January 2013
2013-01,mir,https://www.theaic.co.uk/sites/default/files/import/statistics_entry/CNV1301.CSV,csv,,,,MIR 31 January 2013
2013-01,mir,https://www.theaic.co.uk/sites/default/files/import/statistics_entry/ErrataAdditional1301.csv,csv,ok,,,MIR 31 January 2013
2013-01,mir,https://www.theaic.co.uk/sites/default/files/import/statistics_entry/GEO1301.CSV,csv,,,,MIR 31 January 2013
2013-01,mir,https://www.theaic.co.uk/sites/default/files/import/statistics_entry/MIR1301.CSV,csv,ok,,,MIR 31 January 2013
2013-01,mir,https://www.theaic.co.uk/sites/default/files/import/statistics_entry/PC1301.CSV,csv,,,,MIR 31 January 2013
2013-01,mir,https://www.theaic.co.uk/sites/default/files/import/statistics_entry/PostMIRErrataAdditional1301.csv,csv,ok,,,MIR 31 January 2013
2013-01,mir,https://www.theaic.co.uk/sites/default/files/import/statistics_entry/WAR1301.CSV,csv,,,,MIR 31 January 2013
2013-01,monthly_statistics,https://www.theaic.co.uk/sites/default/files/2024-11/AICStats31Jan2013.pdf,pdf,,,,AIC Stats - January 2013
2013-02,keyfacts,https://www.theaic.co.uk/sites/default/files/import/statistics_entry/AICAllCompanies28Feb13.xlsx,xlsx,ok,,,Industry overview 28 February 2013
2013-02,keyfacts,https://www.theaic.co.uk/sites/default/files/import/statistics_entry/AICIndustryOverview28Feb13.pdf,pdf,,,,Industry overview 28 February 2013
2013-02,keyfacts,https://www.theaic.co.uk/sites/default/files/import/statistics_entry/AICManagementGroupRankings28Feb13.xlsx,xlsx,,,,Industry overview 28 February 2013
2013-02,keyfacts,https://www.theaic.co.uk/sites/default/files/import/statistics_entry/AICSectorSummary28Feb13.xlsx,xlsx,,,,Industry overview 28 February 2013
2013-02,mir,https://www.theaic.co.uk/sites/default/files/import/statistics_entry/CNV1302.CSV,csv,,,,MIR 28 February 2013
2013-02,mir,https://www.theaic.co.uk/sites/default/files/import/statistics_entry/ErrataAdditional1302.csv,csv,ok,,,MIR 28 February 2013
2013-02,mir,https://www.theaic.co.uk/sites/default/files/import/statistics_entry/GEO1302.CSV,csv,,,,MIR 28 February 2013
2013-02,mir,https://www.theaic.co.uk/sites/default/files/import/statistics_entry/MIR1302.CSV,csv,ok,,,MIR 28 February 2013
2013-02,mir,https://www.theaic.co.uk/sites/default/files/import/statistics_entry/PC1302.CSV,csv,,,,MIR 28 February 2013
2013-02,mir,https://www.theaic.co.uk/sites/default/files/import/statistics_entry/PostMIRErrataAdditional1302.csv,csv,ok,,,MIR 28 February 2013
2013-02,mir,https://www.theaic.co.uk/sites/default/files/import/statistics_entry/WAR1302.CSV,csv,,,,MIR 28 February 2013
2013-02,monthly_statistics,https://www.theaic.co.uk/sites/default/files/2024-11/AICStats28Feb2013.pdf,pdf,,,,AIC Stats - February 2013
2013-03,keyfacts,https://www.theaic.co.uk/sites/default/files/import/statistics_entry/AICAllCompanies31Mar13.xlsx,xlsx,ok,,,Industry overview 31 March 2013
2013-03,keyfacts,https://www.theaic.co.uk/sites/default/files/import/statistics_entry/AICIndustryOverview31Mar13.pdf,pdf,,,,Industry overview 31 March 2013
2013-03,keyfacts,https://www.theaic.co.uk/sites/default/files/import/statistics_entry/AICManagementGroupRankings31Mar13.xlsx,xlsx,,,,Industry overview 31 March 2013
2013-03,keyfacts,https://www.theaic.co.uk/sites/default/files/import/statistics_entry/AICSectorSummary31Mar13.xlsx,xlsx,,,,Industry overview 31 March 2013
2013-03,mir,https://www.theaic.co.uk/sites/default/files/import/statistics_entry/CNV1303.CSV,csv,,,,MIR  31 March 2013
2013-03,mir,https://www.theaic.co.uk/sites/default/files/import/statistics_entry/ErrataAdditional1303.csv,csv,ok,,,MIR  31 March 2013
2013-03,mir,https://www.theaic.co.uk/sites/default/files/import/statistics_entry/GEO1303.CSV,csv,,,,MIR  31 March 2013
2013-03,mir,https://www.theaic.co.uk/sites/default/files/import/statistics_entry/MIR1303.CSV,csv,ok,,,MIR  31 March 2013
2013-03,mir,https://www.theaic.co.uk/sites/default/files/import/statistics_entry/PC1303.CSV,csv,,,,MIR  31 March 2013
2013-03,mir,https://www.theaic.co.uk/sites/default/files/import/statistics_entry/WAR1303.CSV,csv,,,,MIR  31 March 2013
2013-03,monthly_statistics,https://www.theaic.co.uk/sites/default/files/2024-11/AICStats31Mar2013.pdf,pdf,,,,AIC Stats - March 2013
2013-04,keyfacts,https://www.theaic.co.uk/sites/default/files/import/statistics_entry/AICAllCompanies30Apr13.xlsx,xlsx,ok,,,Industry overview 30 April 2013
2013-04,keyfacts,https://www.theaic.co.uk/sites/default/files/import/statistics_entry/AICIndustryOverview30Apr13.pdf,pdf,,,,Industry overview 30 April 2013
2013-04,keyfacts,https://www.theaic.co.uk/sites/default/files/import/statistics_entry/AICManagementGroupRankings30Apr13.xlsx,xlsx,,,,Industry overview 30 April 2013
2013-04,keyfacts,https://www.theaic.co.uk/sites/default/files/import/statistics_entry/AICSectorSummary30Apr13.xlsx,xlsx,,,,Industry overview 30 April 2013
2013-04,mir,https://www.theaic.co.uk/sites/default/files/import/statistics_entry/CNV1304.CSV,csv,,,,MIR 30 April 2013
2013-04,mir,https://www.theaic.co.uk/sites/default/files/import/statistics_entry/ErrataAdditional1304.csv,csv,ok,,,MIR 30 April 2013
2013-04,mir,https://www.theaic.co.uk/sites/default/files/import/statistics_entry/GEO1304.CSV,csv,,,,MIR 30 April 2013
2013-04,mir,https://www.theaic.co.uk/sites/default/files/import/statistics_entry/MIR1304.CSV,csv,ok,,,MIR 30 April 2013
2013-04,mir,https://www.theaic.co.uk/sites/default/files/import/statistics_entry/PC1304.CSV,csv,,,,MIR 30 April 2013
2013-04,mir,https://www.theaic.co.uk/sites/default/files/import/statistics_entry/PostMIRErrataAdditional1304.csv,csv,ok,,,MIR 30 April 2013
2013-04,mir,https://www.theaic.co.uk/sites/default/files/import/statistics_entry/WAR1304.CSV,csv,,,,MIR 30 April 2013
2013-04,monthly_statistics,https://www.theaic.co.uk/sites/default/files/2024-11/AICStats30Apr2013.pdf,pdf,,,,AIC Stats - April 2013
2013-05,keyfacts,https://www.theaic.co.uk/sites/default/files/import/statistics_entry/AICAllCompanies31May13.xlsx,xlsx,ok,,,Industry overview 31 May 2013
2013-05,keyfacts,https://www.theaic.co.uk/sites/default/files/import/statistics_entry/AICIndustryOverview31May13.pdf,pdf,,,,Industry overview 31 May 2013
2013-05,keyfacts,https://www.theaic.co.uk/sites/default/files/import/statistics_entry/AICManagementGroupRankings31May13.xlsx,xlsx,,,,Industry overview 31 May 2013
2013-05,keyfacts,https://www.theaic.co.uk/sites/default/files/import/statistics_entry/AICSectorSummary31May13.xlsx,xlsx,,,,Industry overview 31 May 2013
2013-05,mir,https://www.theaic.co.uk/sites/default/files/import/statistics_entry/CNV1305.csv,csv,,,,MIR 31 May 2013
2013-05,mir,https://www.theaic.co.uk/sites/default/files/import/statistics_entry/ErrataAdditional1305.csv,csv,ok,,,MIR 31 May 2013
2013-05,mir,https://www.theaic.co.uk/sites/default/files/import/statistics_entry/GEO1305.csv,csv,,,,MIR 31 May 2013
2013-05,mir,https://www.theaic.co.uk/sites/default/files/import/statistics_entry/MIR1305.CSV,csv,ok,,,MIR 31 May 2013
2013-05,mir,https://www.theaic.co.uk/sites/default/files/import/statistics_entry/PC1305.csv,csv,,,,MIR 31 May 2013
2013-05,mir,https://www.theaic.co.uk/sites/default/files/import/statistics_entry/PostMIRErrataAdditional1305.csv,csv,ok,,,MIR 31 May 2013
2013-05,mir,https://www.theaic.co.uk/sites/default/files/import/statistics_entry/WAR1305.csv,csv,,,,MIR 31 May 2013
2013-05,monthly_statistics,https://www.theaic.co.uk/sites/default/files/2024-11/AICStats31May2013.pdf,pdf,,,,AIC Stats - May 2013
2013-06,keyfacts,https://www.theaic.co.uk/sites/default/files/import/statistics_entry/AICAllCompanies30Jun13.xlsx,xlsx,ok,,,Industry overview 30 June 2013
2013-06,keyfacts,https://www.theaic.co.uk/sites/default/files/import/statistics_entry/AICIndustryOverview30Jun13.pdf,pdf,,,,Industry overview 30 June 2013
2013-06,keyfacts,https://www.theaic.co.uk/sites/default/files/import/statistics_entry/AICManagementGroupRankings30Jun13.xlsx,xlsx,,,,Industry overview 30 June 2013
2013-06,keyfacts,https://www.theaic.co.uk/sites/default/files/import/statistics_entry/AICSectorSummary30Jun13.xlsx,xlsx,,,,Industry overview 30 June 2013
2013-06,mir,https://www.theaic.co.uk/sites/default/files/import/statistics_entry/CNV1306.csv,csv,,,,MIR 30 June 2013
2013-06,mir,https://www.theaic.co.uk/sites/default/files/import/statistics_entry/ErrataAdditional1306.csv,csv,ok,,,MIR 30 June 2013
2013-06,mir,https://www.theaic.co.uk/sites/default/files/import/statistics_entry/GEO1306.csv,csv,,,,MIR 30 June 2013
2013-06,mir,https://www.theaic.co.uk/sites/default/files/import/statistics_entry/MIR1306.csv,csv,ok,,,MIR 30 June 2013
2013-06,mir,https://www.theaic.co.uk/sites/default/files/import/statistics_entry/PC1306.CSV,csv,,,,MIR 30 June 2013
2013-06,mir,https://www.theaic.co.uk/sites/default/files/import/statistics_entry/PostMIRErrataAdditional1306.csv,csv,ok,,,MIR 30 June 2013
2013-06,mir,https://www.theaic.co.uk/sites/default/files/import/statistics_entry/WAR1306.CSV,csv,,,,MIR 30 June 2013
2013-06,monthly_statistics,https://www.theaic.co.uk/sites/default/files/2024-11/AICStats30Jun2013.pdf,pdf,,,,AIC Stats - June 2013
2013-07,keyfacts,https://www.theaic.co.uk/sites/default/files/import/statistics_entry/AICAllCompanies31Jul13.xlsx,xlsx,ok,,,Industry overview 31 July 2013
2013-07,keyfacts,https://www.theaic.co.uk/sites/default/files/import/statistics_entry/AICIndustryOverview31Jul13.pdf,pdf,,,,Industry overview 31 July 2013
2013-07,keyfacts,https://www.theaic.co.uk/sites/default/files/import/statistics_entry/AICManagementGroupRankings31Jul13.xlsx,xlsx,,,,Industry overview 31 July 2013
2013-07,keyfacts,https://www.theaic.co.uk/sites/default/files/import/statistics_entry/AICSectorSummary31Jul13.xlsx,xlsx,,,,Industry overview 31 July 2013
2013-07,mir,https://www.theaic.co.uk/sites/default/files/import/statistics_entry/CNV1307.CSV,csv,,,,MIR 31 July 2013
2013-07,mir,https://www.theaic.co.uk/sites/default/files/import/statistics_entry/ErrataAdditional1307.csv,csv,ok,,,MIR 31 July 2013
2013-07,mir,https://www.theaic.co.uk/sites/default/files/import/statistics_entry/GEO1307.CSV,csv,,,,MIR 31 July 2013
2013-07,mir,https://www.theaic.co.uk/sites/default/files/import/statistics_entry/MIR1307.CSV,csv,ok,,,MIR 31 July 2013
2013-07,mir,https://www.theaic.co.uk/sites/default/files/import/statistics_entry/PC1307.CSV,csv,,,,MIR 31 July 2013
2013-07,mir,https://www.theaic.co.uk/sites/default/files/import/statistics_entry/PostMIRErrataAdditional1307_0.csv,csv,ok,,,MIR 31 July 2013
2013-07,mir,https://www.theaic.co.uk/sites/default/files/import/statistics_entry/WAR1307.CSV,csv,,,,MIR 31 July 2013
2013-07,monthly_statistics,https://www.theaic.co.uk/sites/default/files/2024-11/AICStats31Jul2013.pdf,pdf,,,,AIC Stats - July 2013
2013-08,keyfacts,https://www.theaic.co.uk/sites/default/files/import/statistics_entry/AICAllCompanies31Aug13.xlsx,xlsx,ok,,,Industry overview 31 August 2013
2013-08,keyfacts,https://www.theaic.co.uk/sites/default/files/import/statistics_entry/AICIndustryOverview31Aug13.pdf,pdf,,,,Industry overview 31 August 2013
2013-08,keyfacts,https://www.theaic.co.uk/sites/default/files/import/statistics_entry/AICManagementGroupRankings31Aug13.xlsx,xlsx,,,,Industry overview 31 August 2013
2013-08,keyfacts,https://www.theaic.co.uk/sites/default/files/import/statistics_entry/AICSectorSummary31Aug13.xlsx,xlsx,,,,Industry overview 31 August 2013
2013-08,mir,https://www.theaic.co.uk/sites/default/files/import/statistics_entry/CNV1308.csv,csv,,,,MIR 31 August 2013
2013-08,mir,https://www.theaic.co.uk/sites/default/files/import/statistics_entry/ErrataAdditional1308.csv,csv,ok,,,MIR 31 August 2013
2013-08,mir,https://www.theaic.co.uk/sites/default/files/import/statistics_entry/GEO1308.csv,csv,,,,MIR 31 August 2013
2013-08,mir,https://www.theaic.co.uk/sites/default/files/import/statistics_entry/MIR1308.csv,csv,ok,,,MIR 31 August 2013
2013-08,mir,https://www.theaic.co.uk/sites/default/files/import/statistics_entry/PC1308.csv,csv,,,,MIR 31 August 2013
2013-08,mir,https://www.theaic.co.uk/sites/default/files/import/statistics_entry/PostMIRErrataAdditional1308.csv,csv,ok,,,MIR 31 August 2013
2013-08,mir,https://www.theaic.co.uk/sites/default/files/import/statistics_entry/WAR1308.csv,csv,,,,MIR 31 August 2013
2013-08,monthly_statistics,https://www.theaic.co.uk/sites/default/files/2024-11/AICStats31Aug2013.pdf,pdf,,,,AIC Stats - August 2013
2013-09,keyfacts,https://www.theaic.co.uk/sites/default/files/import/statistics_entry/AICAllCompanies30Sep13.xlsx,xlsx,ok,,,Industry overview 30 September 2013
2013-09,keyfacts,https://www.theaic.co.uk/sites/default/files/import/statistics_entry/AICIndustryOverview30Sep13.pdf,pdf,,,,Industry overview 30 September 2013
2013-09,keyfacts,https://www.theaic.co.uk/sites/default/files/import/statistics_entry/AICManagementGroupRankings30Sep13.xlsx,xlsx,,,,Industry overview 30 September 2013
2013-09,keyfacts,https://www.theaic.co.uk/sites/default/files/import/statistics_entry/AICSectorSummary30Sep13.xlsx,xlsx,,,,Industry overview 30 September 2013
2013-09,mir,https://www.theaic.co.uk/sites/default/files/import/statistics_entry/CNV1309.csv,csv,,,,MIR 30 September 2013
2013-09,mir,https://www.theaic.co.uk/sites/default/files/import/statistics_entry/ErrataAdditional1309.csv,csv,ok,,,MIR 30 September 2013
2013-09,mir,https://www.theaic.co.uk/sites/default/files/import/statistics_entry/GEO1309.csv,csv,,,,MIR 30 September 2013
2013-09,mir,https://www.theaic.co.uk/sites/default/files/import/statistics_entry/MIR1309.csv,csv,ok,,,MIR 30 September 2013
2013-09,mir,https://www.theaic.co.uk/sites/default/files/import/statistics_entry/PC1309.csv,csv,,,,MIR 30 September 2013
2013-09,mir,https://www.theaic.co.uk/sites/default/files/import/statistics_entry/PostMIRErrataAdditional1309.csv,csv,ok,,,MIR 30 September 2013
2013-09,mir,https://www.theaic.co.uk/sites/default/files/import/statistics_entry/WAR1309.csv,csv,,,,MIR 30 September 2013
2013-09,monthly_statistics,https://www.theaic.co.uk/sites/default/files/2024-11/AICStats30Sep2013.pdf,pdf,,,,AIC Stats - September 2013
2013-10,keyfacts,https://www.theaic.co.uk/sites/default/files/import/statistics_entry/AICAllCompanies31Oct13.xlsx,xlsx,ok,,,Industry overview 31 October 2013
2013-10,keyfacts,https://www.theaic.co.uk/sites/default/files/import/statistics_entry/AICIndustryOverview31Oct13.pdf,pdf,,,,Industry overview 31 October 2013
2013-10,keyfacts,https://www.theaic.co.uk/sites/default/files/import/statistics_entry/AICManagementGroupRankings31Oct13.xlsx,xlsx,,,,Industry overview 31 October 2013
2013-10,keyfacts,https://www.theaic.co.uk/sites/default/files/import/statistics_entry/AICSectorSummary31Oct13.xlsx,xlsx,,,,Industry overview 31 October 2013
2013-10,mir,https://www.theaic.co.uk/sites/default/files/import/statistics_entry/CNV1310.csv,csv,,,,MIR 31 October 2013
2013-10,mir,https://www.theaic.co.uk/sites/default/files/import/statistics_entry/ErrataAdditional1310.csv,csv,ok,,,MIR 31 October 2013
2013-10,mir,https://www.theaic.co.uk/sites/default/files/import/statistics_entry/GEO1310.csv,csv,,,,MIR 31 October 2013
2013-10,mir,https://www.theaic.co.uk/sites/default/files/import/statistics_entry/MIR1310.csv,csv,ok,,,MIR 31 October 2013
2013-10,mir,https://www.theaic.co.uk/sites/default/files/import/statistics_entry/PC1310.csv,csv,,,,MIR 31 October 2013
2013-10,mir,https://www.theaic.co.uk/sites/default/files/import/statistics_entry/PostMIRErrataAdditional1310.csv,csv,ok,,,MIR 31 October 2013
2013-10,mir,https://www.theaic.co.uk/sites/default/files/import/statistics_entry/WAR1310.csv,csv,,,,MIR 31 October 2013
2013-10,monthly_statistics,https://www.theaic.co.uk/sites/default/files/2024-11/AICStats31Oct2013.pdf,pdf,,,,AIC Stats - October 2013
2013-11,keyfacts,https://www.theaic.co.uk/sites/default/files/import/statistics_entry/AICAllCompanies30Nov13.xlsx,xlsx,ok,,,Industry overview 30 November 2013
2013-11,keyfacts,https://www.theaic.co.uk/sites/default/files/import/statistics_entry/AICIndustryOverview30Nov13.pdf,pdf,,,,Industry overview 30 November 2013
2013-11,keyfacts,https://www.theaic.co.uk/sites/default/files/import/statistics_entry/AICManagementGroupRankings30Nov13.xlsx,xlsx,,,,Industry overview 30 November 2013
2013-11,keyfacts,https://www.theaic.co.uk/sites/default/files/import/statistics_entry/AICSectorSummary30Nov13.xlsx,xlsx,,,,Industry overview 30 November 2013
2013-11,mir,https://www.theaic.co.uk/sites/default/files/import/statistics_entry/CNV1311.csv,csv,,,,MIR 30 November 2013
2013-11,mir,https://www.theaic.co.uk/sites/default/files/import/statistics_entry/ErrataAdditional1311.csv,csv,ok,,,MIR 30 November 2013
2013-11,mir,https://www.theaic.co.uk/sites/default/files/import/statistics_entry/GEO1311.csv,csv,,,,MIR 30 November 2013
2013-11,mir,https://www.theaic.co.uk/sites/default/files/import/statistics_entry/MIR1311.csv,csv,ok,,,MIR 30 November 2013
2013-11,mir,https://www.theaic.co.uk/sites/default/files/import/statistics_entry/PC1311.csv,csv,,,,MIR 30 November 2013
2013-11,mir,https://www.theaic.co.uk/sites/default/files/import/statistics_entry/PostMIRErrataAdditional1311.csv,csv,ok,,,MIR 30 November 2013
2013-11,mir,https://www.theaic.co.uk/sites/default/files/import/statistics_entry/WAR1311.csv,csv,,,,MIR 30 November 2013
2013-11,monthly_statistics,https://www.theaic.co.uk/sites/default/files/2024-11/AICStats30Nov2013.pdf,pdf,,,,AIC Stats - November 2013
2013-12,corporate_activity,https://www.theaic.co.uk/sites/default/files/import/statistics_entry/AICCorporateActivity2013.xlsx,xlsx,ok,,,Corporate Activity 2013
2013-12,keyfacts,https://www.theaic.co.uk/sites/default/files/import/statistics_entry/AICAllCompanies31Dec13.xlsx,xlsx,ok,,,Industry overview 31 December 2013
2013-12,keyfacts,https://www.theaic.co.uk/sites/default/files/import/statistics_entry/AICIndustryOverview31Dec13.pdf,pdf,,,,Industry overview 31 December 2013
2013-12,keyfacts,https://www.theaic.co.uk/sites/default/files/import/statistics_entry/AICManagementGroupRankings31Dec13.xlsx,xlsx,,,,Industry overview 31 December 2013
2013-12,keyfacts,https://www.theaic.co.uk/sites/default/files/import/statistics_entry/AICSectorSummary31Dec13.xlsx,xlsx,,,,Industry overview 31 December 2013
2013-12,mir,https://www.theaic.co.uk/sites/default/files/import/statistics_entry/CNV1312.csv,csv,,,,MIR 31 December 2013
2013-12,mir,https://www.theaic.co.uk/sites/default/files/import/statistics_entry/ErrataAdditional1312.csv,csv,ok,,,MIR 31 December 2013
2013-12,mir,https://www.theaic.co.uk/sites/default/files/import/statistics_entry/GEO1312.csv,csv,,,,MIR 31 December 2013
2013-12,mir,https://www.theaic.co.uk/sites/default/files/import/statistics_entry/MIR1312.csv,csv,ok,,,MIR 31 December 2013
2013-12,mir,https://www.theaic.co.uk/sites/default/files/import/statistics_entry/PC1312.csv,csv,,,,MIR 31 December 2013
2013-12,mir,https://www.theaic.co.uk/sites/default/files/import/statistics_entry/WAR1312.csv,csv,,,,MIR 31 December 2013
2013-12,monthly_statistics,https://www.theaic.co.uk/sites/default/files/2024-11/AICStats31Dec2013.pdf,pdf,,,,AIC Stats - December 2013
2014-01,keyfacts,https://www.theaic.co.uk/sites/default/files/import/statistics_entry/AICAllCompanies31Jan14.xlsx,xlsx,ok,,,Industry overview 31 January 2014
2014-01,keyfacts,https://www.theaic.co.uk/sites/default/files/import/statistics_entry/AICIndustryOverview31Jan14.pdf,pdf,,,,Industry overview 31 January 2014
2014-01,keyfacts,https://www.theaic.co.uk/sites/default/files/import/statistics_entry/AICManagementGroupRankings31Jan14.xlsx,xlsx,,,,Industry overview 31 January 2014
2014-01,keyfacts,https://www.theaic.co.uk/sites/default/files/import/statistics_entry/AICSectorSummary31Jan14.xlsx,xlsx,,,,Industry overview 31 January 2014
2014-01,mir,https://www.theaic.co.uk/sites/default/files/import/statistics_entry/CNV1401.csv,csv,,,,MIR 31 January 2014
2014-01,mir,https://www.theaic.co.uk/sites/default/files/import/statistics_entry/ErrataAdditional1401.csv,csv,ok,,,MIR 31 January 2014
2014-01,mir,https://www.theaic.co.uk/sites/default/files/import/statistics_entry/GEO1401.csv,csv,,,,MIR 31 January 2014
2014-01,mir,https://www.theaic.co.uk/sites/default/files/import/statistics_entry/MIR1401.csv,csv,ok,,,MIR 31 January 2014
2014-01,mir,https://www.theaic.co.uk/sites/default/files/import/statistics_entry/PC1401.csv,csv,,,,MIR 31 January 2014
2014-01,mir,https://www.theaic.co.uk/sites/default/files/import/statistics_entry/PostMIRErrataAdditional1401.csv,csv,ok,,,MIR 31 January 2014
2014-01,mir,https://www.theaic.co.uk/sites/default/files/import/statistics_entry/WAR1401.csv,csv,,,,MIR 31 January 2014
2014-01,monthly_statistics,https://www.theaic.co.uk/sites/default/files/2024-11/AICStats31Jan14.pdf,pdf,,,,AIC Stats - January 2014
2014-02,keyfacts,https://www.theaic.co.uk/sites/default/files/import/statistics_entry/AICAllCompanies28Feb14.xlsx,xlsx,ok,,,Industry overview 28 February 2014
2014-02,keyfacts,https://www.theaic.co.uk/sites/default/files/import/statistics_entry/AICIndustryOverview28Feb14.pdf,pdf,,,,Industry overview 28 February 2014
2014-02,keyfacts,https://www.theaic.co.uk/sites/default/files/import/statistics_entry/AICManagementGroupRankings28Feb14.xlsx,xlsx,,,,Industry overview 28 February 2014
2014-02,keyfacts,https://www.theaic.co.uk/sites/default/files/import/statistics_entry/AICSectorSummary28Feb14.xlsx,xlsx,,,,Industry overview 28 February 2014
2014-02,mir,https://www.theaic.co.uk/sites/default/files/import/statistics_entry/CNV1402.csv,csv,,,,MIR 28 February 2014
2014-02,mir,https://www.theaic.co.uk/sites/default/files/import/statistics_entry/ErrataAdditional1402.csv,csv,ok,,,MIR 28 February 2014
2014-02,mir,https://www.theaic.co.uk/sites/default/files/import/statistics_entry/GEO1402.csv,csv,,,,MIR 28 February 2014
2014-02,mir,https://www.theaic.co.uk/sites/default/files/import/statistics_entry/MIR1402.csv,csv,ok,,,MIR 28 February 2014
2014-02,mir,https://www.theaic.co.uk/sites/default/files/import/statistics_entry/PC1402.csv,csv,,,,MIR 28 February 2014
2014-02,mir,https://www.theaic.co.uk/sites/default/files/import/statistics_entry/PostMIRErrataAdditional1402.csv,csv,ok,,,MIR 28 February 2014
2014-02,mir,https://www.theaic.co.uk/sites/default/files/import/statistics_entry/WAR1402.csv,csv,,,,MIR 28 February 2014
2014-02,monthly_statistics,https://www.theaic.co.uk/sites/default/files/2024-11/AICStats28Feb14.pdf,pdf,,,,AIC Stats - February 2014
2014-03,keyfacts,https://www.theaic.co.uk/sites/default/files/import/statistics_entry/AICAllCompanies31Mar14.xlsx,xlsx,ok,,,Industry overview 31 March 2014
2014-03,keyfacts,https://www.theaic.co.uk/sites/default/files/import/statistics_entry/AICIndustryOverview31Mar14.pdf,pdf,,,,Industry overview 31 March 2014
2014-03,keyfacts,https://www.theaic.co.uk/sites/default/files/import/statistics_entry/AICManagementGroupRankings31Mar14.xlsx,xlsx,,,,Industry overview 31 March 2014
2014-03,keyfacts,https://www.theaic.co.uk/sites/default/files/import/statistics_entry/AICSectorSummary31Mar14.xlsx,xlsx,,,,Industry overview 31 March 2014
2014-03,mir,https://www.theaic.co.uk/sites/default/files/import/statistics_entry/CNV1403.csv,csv,,,,MIR 31 March 2014
2014-03,mir,https://www.theaic.co.uk/sites/default/files/import/statistics_entry/ErrataAdditional1403.csv,csv,ok,,,MIR 31 March 2014
2014-03,mir,https://www.theaic.co.uk/sites/default/files/import/statistics_entry/GEO1403.csv,csv,,,,MIR 31 March 2014
2014-03,mir,https://www.theaic.co.uk/sites/default/files/import/statistics_entry/MIR1403.csv,csv,ok,,,MIR 31 March 2014
2014-03,mir,https://www.theaic.co.uk/sites/default/files/import/statistics_entry/PC1403.csv,csv,,,,MIR 31 March 2014
2014-03,mir,https://www.theaic.co.uk/sites/default/files/import/statistics_entry/PostMIRErrataAdditional1403.csv,csv,ok,,,MIR 31 March 2014
2014-03,mir,https://www.theaic.co.uk/sites/default/files/import/statistics_entry/WAR1403.csv,csv,,,,MIR 31 March 2014
2014-03,monthly_statistics,https://www.theaic.co.uk/sites/default/files/2024-11/AICStats31Mar14.pdf,pdf,,,,AIC Stats - March 2014
2014-04,keyfacts,https://www.theaic.co.uk/sites/default/files/import/statistics_entry/AICAllCompanies30Apr14.xlsx,xlsx,ok,,,Industry overview 30 April 2014
2014-04,keyfacts,https://www.theaic.co.uk/sites/default/files/import/statistics_entry/AICIndustryOverview30Apr14.pdf,pdf,,,,Industry overview 30 April 2014
2014-04,keyfacts,https://www.theaic.co.uk/sites/default/files/import/statistics_entry/AICManagementGroupRankings30Apr14.xlsx,xlsx,,,,Industry overview 30 April 2014
2014-04,keyfacts,https://www.theaic.co.uk/sites/default/files/import/statistics_entry/AICSectorSummary30Apr14.xlsx,xlsx,,,,Industry overview 30 April 2014
2014-04,mir,https://www.theaic.co.uk/sites/default/files/import/statistics_entry/CNV1404.csv,csv,,,,MIR 30 April 2014
2014-04,mir,https://www.theaic.co.uk/sites/default/files/import/statistics_entry/ErrataAdditional1404.csv,csv,ok,,,MIR 30 April 2014
2014-04,mir,https://www.theaic.co.uk/sites/default/files/import/statistics_entry/GEO1404.csv,csv,,,,MIR 30 April 2014
2014-04,mir,https://www.theaic.co.uk/sites/default/files/import/statistics_entry/MIR1404.csv,csv,ok,,,MIR 30 April 2014
2014-04,mir,https://www.theaic.co.uk/sites/default/files/import/statistics_entry/PC1404.csv,csv,,,,MIR 30 April 2014
2014-04,mir,https://www.theaic.co.uk/sites/default/files/import/statistics_entry/PostMIRErrataAdditional1404_0.csv,csv,ok,,,MIR 30 April 2014
2014-04,mir,https://www.theaic.co.uk/sites/default/files/import/statistics_entry/WAR1404.csv,csv,,,,MIR 30 April 2014
2014-04,monthly_statistics,https://www.theaic.co.uk/sites/default/files/2024-11/AICStats30Apr14.pdf,pdf,,,,AIC Stats - April 2014
2014-05,keyfacts,https://www.theaic.co.uk/sites/default/files/import/statistics_entry/AICAllCompanies31May14.xlsx,xlsx,ok,,,Industry overview 31 May 2014
2014-05,keyfacts,https://www.theaic.co.uk/sites/default/files/import/statistics_entry/AICIndustryOverview31May14.pdf,pdf,,,,Industry overview 31 May 2014
2014-05,keyfacts,https://www.theaic.co.uk/sites/default/files/import/statistics_entry/AICManagementGroupRankings31May14.xlsx,xlsx,,,,Industry overview 31 May 2014
2014-05,keyfacts,https://www.theaic.co.uk/sites/default/files/import/statistics_entry/AICSectorSummary31May14.xlsx,xlsx,,,,Industry overview 31 May 2014
2014-05,mir,https://www.theaic.co.uk/sites/default/files/import/statistics_entry/CNV1405.csv,csv,,,,MIR 31 May 2014
2014-05,mir,https://www.theaic.co.uk/sites/default/files/import/statistics_entry/ErrataAdditional1405.csv,csv,ok,,,MIR 31 May 2014
2014-05,mir,https://www.theaic.co.uk/sites/default/files/import/statistics_entry/GEO1405.csv,csv,,,,MIR 31 May 2014
2014-05,mir,https://www.theaic.co.uk/sites/default/files/import/statistics_entry/MIR1405.csv,csv,ok,,,MIR 31 May 2014
2014-05,mir,https://www.theaic.co.uk/sites/default/files/import/statistics_entry/PC1405.csv,csv,,,,MIR 31 May 2014
2014-05,mir,https://www.theaic.co.uk/sites/default/files/import/statistics_entry/PostMIRErrataAdditional1405.csv,csv,ok,,,MIR 31 May 2014
2014-05,mir,https://www.theaic.co.uk/sites/default/files/import/statistics_entry/WAR1405.csv,csv,,,,MIR 31 May 2014
2014-05,monthly_statistics,https://www.theaic.co.uk/sites/default/files/2024-11/AICStats31May14.pdf,pdf,,,,AIC Stats - May 2014
2014-06,keyfacts,https://www.theaic.co.uk/sites/default/files/import/statistics_entry/AICAllCompanies30Jun14.xlsx,xlsx,ok,,,Industry overview 30 June 2014
2014-06,keyfacts,https://www.theaic.co.uk/sites/default/files/import/statistics_entry/AICIndustryOverview30Jun14.pdf,pdf,,,,Industry overview 30 June 2014
2014-06,keyfacts,https://www.theaic.co.uk/sites/default/files/import/statistics_entry/AICManagementGroupRankings30Jun14.xlsx,xlsx,,,,Industry overview 30 June 2014
2014-06,keyfacts,https://www.theaic.co.uk/sites/default/files/import/statistics_entry/AICSectorSummary30Jun14.xlsx,xlsx,,,,Industry overview 30 June 2014
2014-06,mir,https://www.theaic.co.uk/sites/default/files/import/statistics_entry/CNV1406.csv,csv,,,,MIR 30 June 2014
2014-06,mir,https://www.theaic.co.uk/sites/default/files/import/statistics_entry/ErrataAdditional1406.csv,csv,ok,,,MIR 30 June 2014
2014-06,mir,https://www.theaic.co.uk/sites/default/files/import/statistics_entry/GEO1406.csv,csv,,,,MIR 30 June 2014
2014-06,mir,https://www.theaic.co.uk/sites/default/files/import/statistics_entry/MIR1406.csv,csv,ok,,,MIR 30 June 2014
2014-06,mir,https://www.theaic.co.uk/sites/default/files/import/statistics_entry/PC1406.csv,csv,,,,MIR 30 June 2014
2014-06,mir,https://www.theaic.co.uk/sites/default/files/import/statistics_entry/PostMIRErrataAdditional1406.csv,csv,ok,,,MIR 30 June 2014
2014-06,mir,https://www.theaic.co.uk/sites/default/files/import/statistics_entry/WAR1406.csv,csv,,,,MIR 30 June 2014
2014-06,monthly_statistics,https://www.theaic.co.uk/sites/default/files/2024-11/AICStats30Jun14.pdf,pdf,,,,AIC Stats - June 2014
2014-07,keyfacts,https://www.theaic.co.uk/sites/default/files/import/statistics_entry/AICAllCompanies31Jul14.xlsx,xlsx,ok,,,Industry overview 31 July 2014
2014-07,keyfacts,https://www.theaic.co.uk/sites/default/files/import/statistics_entry/AICIndustryOverview31Jul14.pdf,pdf,,,,Industry overview 31 July 2014
2014-07,keyfacts,https://www.theaic.co.uk/sites/default/files/import/statistics_entry/AICManagementGroupRankings31Jul14.xlsx,xlsx,,,,Industry overview 31 July 2014
2014-07,keyfacts,https://www.theaic.co.uk/sites/default/files/import/statistics_entry/AICSectorSummary31Jul14.xlsx,xlsx,,,,Industry overview 31 July 2014
2014-07,mir,https://www.theaic.co.uk/sites/default/files/import/statistics_entry/CNV1407.csv,csv,,,,MIR 31 July 2014
2014-07,mir,https://www.theaic.co.uk/sites/default/files/import/statistics_entry/ErrataAdditional1407.csv,csv,ok,,,MIR 31 July 2014
2014-07,mir,https://www.theaic.co.uk/sites/default/files/import/statistics_entry/GEO1407.csv,csv,,,,MIR 31 July 2014
2014-07,mir,https://www.theaic.co.uk/sites/default/files/import/statistics_entry/MIR1407.csv,csv,ok,,,MIR 31 July 2014
2014-07,mir,https://www.theaic.co.uk/sites/default/files/import/statistics_entry/PC1407.csv,csv,,,,MIR 31 July 2014
2014-07,mir,https://www.theaic.co.uk/sites/default/files/import/statistics_entry/PostMIRErrataAdditional1407.csv,csv,ok,,,MIR 31 July 2014
2014-07,mir,https://www.theaic.co.uk/sites/default/files/import/statistics_entry/WAR1407.csv,csv,,,,MIR 31 July 2014
2014-07,monthly_statistics,https://www.theaic.co.uk/sites/default/files/2024-11/AICStats31Jul14.pdf,pdf,,,,AIC Stats - July 2014
2014-08,keyfacts,https://www.theaic.co.uk/sites/default/files/import/statistics_entry/AICAllCompanies31Aug14.xlsx,xlsx,ok,,,Industry overview 31 August 2014
2014-08,keyfacts,https://www.theaic.co.uk/sites/default/files/import/statistics_entry/AICIndustryOverview31Aug14.pdf,pdf,,,,Industry overview 31 August 2014
2014-08,keyfacts,https://www.theaic.co.uk/sites/default/files/import/statistics_entry/AICManagementGroupRankings31Aug14.xlsx,xlsx,,,,Industry overview 31 August 2014
2014-08,keyfacts,https://www.theaic.co.uk/sites/default/files/import/statistics_entry/AICSectorSummary31Aug14.xlsx,xlsx,,,,Industry overview 31 August 2014
2014-08,mir,https://www.theaic.co.uk/sites/default/files/import/statistics_entry/CNV1408.csv,csv,,,,MIR 31 August 2014
2014-08,mir,https://www.theaic.co.uk/sites/default/files/import/statistics_entry/ErrataAdditional1408.csv,csv,ok,,,MIR 31 August 2014
2014-08,mir,https://www.theaic.co.uk/sites/default/files/import/statistics_entry/GEO1408.csv,csv,,,,MIR 31 August 2014
2014-08,mir,https://www.theaic.co.uk/sites/default/files/import/statistics_entry/MIR1408.csv,csv,ok,,,MIR 31 August 2014
2014-08,mir,https://www.theaic.co.uk/sites/default/files/import/statistics_entry/PC1408.csv,csv,,,,MIR 31 August 2014
2014-08,mir,https://www.theaic.co.uk/sites/default/files/import/statistics_entry/PostMIRErrataAdditional1408.csv,csv,ok,,,MIR 31 August 2014
2014-08,mir,https://www.theaic.co.uk/sites/default/files/import/statistics_entry/WAR1408.csv,csv,,,,MIR 31 August 2014
2014-08,monthly_statistics,https://www.theaic.co.uk/sites/default/files/2024-11/AICStats31Aug14.pdf,pdf,,,,AIC Stats - August 2014
2014-09,keyfacts,https://www.theaic.co.uk/sites/default/files/import/statistics_entry/AICAllCompanies30Sep14.xlsx,xlsx,ok,,,Industry Overview 30 September 2014
2014-09,keyfacts,https://www.theaic.co.uk/sites/default/files/import/statistics_entry/AICIndustryOverview30Sep14.pdf,pdf,,,,Industry Overview 30 September 2014
2014-09,keyfacts,https://www.theaic.co.uk/sites/default/files/import/statistics_entry/AICManagementGroupRankings30Sep14.xlsx,xlsx,,,,Industry Overview 30 September 2014
2014-09,keyfacts,https://www.theaic.co.uk/sites/default/files/import/statistics_entry/AICSectorSummary30Sep14.xlsx,xlsx,,,,Industry Overview 30 September 2014
2014-09,mir,https://www.theaic.co.uk/sites/default/files/import/statistics_entry/CNV1409.csv,csv,,,,MIR 30 September 2014
2014-09,mir,https://www.theaic.co.uk/sites/default/files/import/statistics_entry/ErrataAdditional1409.csv,csv,ok,,,MIR 30 September 2014
2014-09,mir,https://www.theaic.co.uk/sites/default/files/import/statistics_entry/GEO1409.csv,csv,,,,MIR 30 September 2014
2014-09,mir,https://www.theaic.co.uk/sites/default/files/import/statistics_entry/MIR1409.csv,csv,ok,,,MIR 30 September 2014
2014-09,mir,https://www.theaic.co.uk/sites/default/files/import/statistics_entry/PC1409.csv,csv,,,,MIR 30 September 2014
2014-09,mir,https://www.theaic.co.uk/sites/default/files/import/statistics_entry/WAR1409.csv,csv,,,,MIR 30 September 2014
2014-09,monthly_statistics,https://www.theaic.co.uk/sites/default/files/2024-11/AICStats30Sep14.pdf,pdf,,,,AIC Stats - September 2014
2014-10,keyfacts,https://www.theaic.co.uk/sites/default/files/import/statistics_entry/AICAllCompanies31Oct14.xlsx,xlsx,ok,,,Industry Overview 31 October 2014
2014-10,keyfacts,https://www.theaic.co.uk/sites/default/files/import/statistics_entry/AICIndustryOverview31Oct14.pdf,pdf,,,,Industry Overview 31 October 2014
2014-10,keyfacts,https://www.theaic.co.uk/sites/default/files/import/statistics_entry/AICManagementGroupRankings31Oct14.xlsx,xlsx,,,,Industry Overview 31 October 2014
2014-10,keyfacts,https://www.theaic.co.uk/sites/default/files/import/statistics_entry/AICSectorSummary31Oct14.xlsx,xlsx,,,,Industry Overview 31 October 2014
2014-10,mir,https://www.theaic.co.uk/sites/default/files/import/statistics_entry/CNV1410.csv,csv,,,,MIR 31 October 2014
2014-10,mir,https://www.theaic.co.uk/sites/default/files/import/statistics_entry/ErrataAdditional1410.csv,csv,ok,,,MIR 31 October 2014
2014-10,mir,https://www.theaic.co.uk/sites/default/files/import/statistics_entry/GEO1410.csv,csv,,,,MIR 31 October 2014
2014-10,mir,https://www.theaic.co.uk/sites/default/files/import/statistics_entry/MIR1410.csv,csv,ok,,,MIR 31 October 2014
2014-10,mir,https://www.theaic.co.uk/sites/default/files/import/statistics_entry/PC1410.csv,csv,,,,MIR 31 October 2014
2014-10,mir,https://www.theaic.co.uk/sites/default/files/import/statistics_entry/PostMIRErrataAdditional1410.csv,csv,ok,,,MIR 31 October 2014
2014-10,mir,https://www.theaic.co.uk/sites/default/files/import/statistics_entry/WAR1410.csv,csv,,,,MIR 31 October 2014
2014-10,monthly_statistics,https://www.theaic.co.uk/sites/default/files/2024-11/AICStats31Oct14.pdf,pdf,,,,AIC Stats - October 2014
2014-11,keyfacts,https://www.theaic.co.uk/sites/default/files/import/statistics_entry/AICAllCompanies30Nov14.xlsx,xlsx,ok,,,Industry Overview 30 November 2014
2014-11,keyfacts,https://www.theaic.co.uk/sites/default/files/import/statistics_entry/AICIndustryOverview30Nov14.pdf,pdf,,,,Industry Overview 30 November 2014
2014-11,keyfacts,https://www.theaic.co.uk/sites/default/files/import/statistics_entry/AICManagementGroupRankings30Nov14.xlsx,xlsx,,,,Industry Overview 30 November 2014
2014-11,keyfacts,https://www.theaic.co.uk/sites/default/files/import/statistics_entry/AICSectorSummary30Nov14.xlsx,xlsx,,,,Industry Overview 30 November 2014
2014-11,mir,https://www.theaic.co.uk/sites/default/files/import/statistics_entry/CNV1411.csv,csv,,,,MIR 30 November 2014
2014-11,mir,https://www.theaic.co.uk/sites/default/files/import/statistics_entry/ErrataAdditional1411.csv,csv,ok,,,MIR 30 November 2014
2014-11,mir,https://www.theaic.co.uk/sites/default/files/import/statistics_entry/GEO1411.csv,csv,,,,MIR 30 November 2014
2014-11,mir,https://www.theaic.co.uk/sites/default/files/import/statistics_entry/MIR1411.csv,csv,ok,,,MIR 30 November 2014
2014-11,mir,https://www.theaic.co.uk/sites/default/files/import/statistics_entry/PC1411.csv,csv,,,,MIR 30 November 2014
2014-11,mir,https://www.theaic.co.uk/sites/default/files/import/statistics_entry/PostMIRErrataAdditional1411.csv,csv,ok,,,MIR 30 November 2014
2014-11,mir,https://www.theaic.co.uk/sites/default/files/import/statistics_entry/WAR1411.csv,csv,,,,MIR 30 November 2014
2014-11,monthly_statistics,https://www.theaic.co.uk/sites/default/files/2024-11/AICStats30Nov14.pdf,pdf,,,,AIC Stats - November 2014
2014-12,corporate_activity,https://www.theaic.co.uk/sites/default/files/import/statistics_entry/AICCorporateActivity2014.xlsx,xlsx,ok,,,Corporate Activity 2014
2014-12,keyfacts,https://www.theaic.co.uk/sites/default/files/import/statistics_entry/AICAllCompanies31Dec14.xlsx,xlsx,ok,,,Industry Overview 31 December 2014
2014-12,keyfacts,https://www.theaic.co.uk/sites/default/files/import/statistics_entry/AICIndustryOverview31Dec14.pdf,pdf,,,,Industry Overview 31 December 2014
2014-12,keyfacts,https://www.theaic.co.uk/sites/default/files/import/statistics_entry/AICManagementGroupRankings31Dec14.xlsx,xlsx,,,,Industry Overview 31 December 2014
2014-12,keyfacts,https://www.theaic.co.uk/sites/default/files/import/statistics_entry/AICSectorSummary31Dec14.xlsx,xlsx,,,,Industry Overview 31 December 2014
2014-12,mir,https://www.theaic.co.uk/sites/default/files/import/statistics_entry/CNV1412.csv,csv,,,,MIR 31 December 2014
2014-12,mir,https://www.theaic.co.uk/sites/default/files/import/statistics_entry/ErrataAdditional1412.csv,csv,ok,,,MIR 31 December 2014
2014-12,mir,https://www.theaic.co.uk/sites/default/files/import/statistics_entry/GEO1412.csv,csv,,,,MIR 31 December 2014
2014-12,mir,https://www.theaic.co.uk/sites/default/files/import/statistics_entry/MIR1412.csv,csv,ok,,,MIR 31 December 2014
2014-12,mir,https://www.theaic.co.uk/sites/default/files/import/statistics_entry/PC1412.csv,csv,,,,MIR 31 December 2014
2014-12,mir,https://www.theaic.co.uk/sites/default/files/import/statistics_entry/PostMIRErrataAdditional1412.csv,csv,ok,,,MIR 31 December 2014
2014-12,mir,https://www.theaic.co.uk/sites/default/files/import/statistics_entry/WAR1412.csv,csv,,,,MIR 31 December 2014
2014-12,monthly_statistics,https://www.theaic.co.uk/sites/default/files/2024-11/AICStats31Dec14.pdf,pdf,,,,AIC Stats - December 2014
2015-01,keyfacts,https://www.theaic.co.uk/sites/default/files/import/statistics_entry/AICAllCompanies31Jan15.xlsx,xlsx,ok,,,Industry Overview 31 January 2015
2015-01,keyfacts,https://www.theaic.co.uk/sites/default/files/import/statistics_entry/AICIndustryOverview31Jan15.pdf,pdf,,,,Industry Overview 31 January 2015
2015-01,keyfacts,https://www.theaic.co.uk/sites/default/files/import/statistics_entry/AICManagementGroupRankings31Jan15.xlsx,xlsx,,,,Industry Overview 31 January 2015
2015-01,keyfacts,https://www.theaic.co.uk/sites/default/files/import/statistics_entry/AICSectorSummary31Jan15.xlsx,xlsx,,,,Industry Overview 31 January 2015
2015-01,mir,https://www.theaic.co.uk/sites/default/files/import/statistics_entry/CNV1501.csv,csv,,,,MIR 31 January 2015
2015-01,mir,https://www.theaic.co.uk/sites/default/files/import/statistics_entry/ErrataAdditional1501.csv,csv,ok,,,MIR 31 January 2015
2015-01,mir,https://www.theaic.co.uk/sites/default/files/import/statistics_entry/GEO1501.csv,csv,,,,MIR 31 January 2015
2015-01,mir,https://www.theaic.co.uk/sites/default/files/import/statistics_entry/MIR1501.csv,csv,ok,,,MIR 31 January 2015
2015-01,mir,https://www.theaic.co.uk/sites/default/files/import/statistics_entry/PC1501.csv,csv,,,,MIR 31 January 2015
2015-01,mir,https://www.theaic.co.uk/sites/default/files/import/statistics_entry/WAR1501.csv,csv,,,,MIR 31 January 2015
2015-01,monthly_statistics,https://www.theaic.co.uk/sites/default/files/2024-11/AICStats31Jan15.pdf,pdf,,,,AIC Stats - January 2015
2015-02,keyfacts,https://www.theaic.co.uk/sites/default/files/import/statistics_entry/AICAllCompanies28Feb15.xlsx,xlsx,ok,,,Industry Overview 28 February 2015
2015-02,keyfacts,https://www.theaic.co.uk/sites/default/files/import/statistics_entry/AICIndustryOverview28Feb15.pdf,pdf,,,,Industry Overview 28 February 2015
2015-02,keyfacts,https://www.theaic.co.uk/sites/default/files/import/statistics_entry/AICManagementGroupRankings28Feb15.xlsx,xlsx,,,,Industry Overview 28 February 2015
2015-02,keyfacts,https://www.theaic.co.uk/sites/default/files/import/statistics_entry/AICSectorSummary28Feb15.xlsx,xlsx,,,,Industry Overview 28 February 2015
2015-02,mir,https://www.theaic.co.uk/sites/default/files/import/statistics_entry/CNV1502.csv,csv,,,,MIR 28 February 2015
2015-02,mir,https://www.theaic.co.uk/sites/default/files/import/statistics_entry/ErrataAdditional1502.csv,csv,ok,,,MIR 28 February 2015
2015-02,mir,https://www.theaic.co.uk/sites/default/files/import/statistics_entry/GEO1502.csv,csv,,,,MIR 28 February 2015
2015-02,mir,https://www.theaic.co.uk/sites/default/files/import/statistics_entry/MIR1502.csv,csv,ok,,,MIR 28 February 2015
2015-02,mir,https://www.theaic.co.uk/sites/default/files/import/statistics_entry/PC1502.csv,csv,,,,MIR 28 February 2015
2015-02,mir,https://www.theaic.co.uk/sites/default/files/import/statistics_entry/PostMIRErrataAdditional1502.csv,csv,ok,,,MIR 28 February 2015
2015-02,mir,https://www.theaic.co.uk/sites/default/files/import/statistics_entry/WAR1502.csv,csv,,,,MIR 28 February 2015
2015-02,monthly_statistics,https://www.theaic.co.uk/sites/default/files/2024-11/AICStats28Feb15.pdf,pdf,,,,AIC Stats - February 2015
2015-03,keyfacts,https://www.theaic.co.uk/sites/default/files/import/statistics_entry/AICAllCompanies31Mar15.xlsx,xlsx,ok,,,Industry Overview 31 March 2015
2015-03,keyfacts,https://www.theaic.co.uk/sites/default/files/import/statistics_entry/AICIndustryOverview31Mar15.pdf,pdf,,,,Industry Overview 31 March 2015
2015-03,keyfacts,https://www.theaic.co.uk/sites/default/files/import/statistics_entry/AICManagementGroupRankings31Mar15.xlsx,xlsx,,,,Industry Overview 31 March 2015
2015-03,keyfacts,https://www.theaic.co.uk/sites/default/files/import/statistics_entry/AICSectorSummary31Mar15.xlsx,xlsx,,,,Industry Overview 31 March 2015
2015-03,mir,https://www.theaic.co.uk/sites/default/files/import/statistics_entry/CNV1503.csv,csv,,,,MIR 31 March 2015
2015-03,mir,https://www.theaic.co.uk/sites/default/files/import/statistics_entry/ERR1503.CSV,csv,ok,,,MIR 31 March 2015
2015-03,mir,https://www.theaic.co.uk/sites/default/files/import/statistics_entry/GEO1503.csv,csv,,,,MIR 31 March 2015
2015-03,mir,https://www.theaic.co.uk/sites/default/files/import/statistics_entry/MIR1503.CSV,csv,ok,,,MIR 31 March 2015
2015-03,mir,https://www.theaic.co.uk/sites/default/files/import/statistics_entry/PC1503.CSV,csv,,,,MIR 31 March 2015
2015-03,mir,https://www.theaic.co.uk/sites/default/files/import/statistics_entry/PostMIRErrataAdditional1503.csv,csv,ok,,,MIR 31 March 2015
2015-03,mir,https://www.theaic.co.uk/sites/default/files/import/statistics_entry/WAR1503.csv,csv,,,,MIR 31 March 2015
2015-03,monthly_statistics,https://www.theaic.co.uk/sites/default/files/2024-11/AICStats31Mar15.pdf,pdf,,,,AIC Stats - March 2015
2015-04,keyfacts,https://www.theaic.co.uk/sites/default/files/import/statistics_entry/AICAllCompanies30Apr15.xlsx,xlsx,ok,,,Industry Overview 30 April 2015
2015-04,keyfacts,https://www.theaic.co.uk/sites/default/files/import/statistics_entry/AICIndustryOverview30Apr15.pdf,pdf,,,,Industry Overview 30 April 2015
2015-04,keyfacts,https://www.theaic.co.uk/sites/default/files/import/statistics_entry/AICManagementGroupRankings30Apr15.xlsx,xlsx,,,,Industry Overview 30 April 2015
2015-04,keyfacts,https://www.theaic.co.uk/sites/default/files/import/statistics_entry/AICSectorSummary30Apr15.xlsx,xlsx,,,,Industry Overview 30 April 2015
2015-04,mir,https://www.theaic.co.uk/sites/default/files/import/statistics_entry/CNV1504.csv,csv,,,,MIR 30 April 2015
2015-04,mir,https://www.theaic.co.uk/sites/default/files/import/statistics_entry/ErrataAdditional1504.csv,csv,ok,,,MIR 30 April 2015
2015-04,mir,https://www.theaic.co.uk/sites/default/files/import/statistics_entry/GEO1504.csv,csv,,,,MIR 30 April 2015
2015-04,mir,https://www.theaic.co.uk/sites/default/files/import/statistics_entry/MIR1504.CSV,csv,ok,,,MIR 30 April 2015
2015-04,mir,https://www.theaic.co.uk/sites/default/files/import/statistics_entry/PC1504.CSV,csv,,,,MIR 30 April 2015
2015-04,mir,https://www.theaic.co.uk/sites/default/files/import/statistics_entry/PostMIRErrataAdditional1504.csv,csv,ok,,,MIR 30 April 2015
2015-04,mir,https://www.theaic.co.uk/sites/default/files/import/statistics_entry/WAR1504.csv,csv,,,,MIR 30 April 2015
2015-04,monthly_statistics,https://www.theaic.co.uk/sites/default/files/2024-11/AICStats30Apr15.pdf,pdf,,,,AIC Stats - April 2015
2015-05,keyfacts,https://www.theaic.co.uk/sites/default/files/import/statistics_entry/AICAllCompanies31May15.xlsx,xlsx,ok,,,Industry Overview 31 May 2015
2015-05,keyfacts,https://www.theaic.co.uk/sites/default/files/import/statistics_entry/AICIndustryOverview31May15.pdf,pdf,,,,Industry Overview 31 May 2015
2015-05,keyfacts,https://www.theaic.co.uk/sites/default/files/import/statistics_entry/AICManagementGroupRankings31May15.xlsx,xlsx,,,,Industry Overview 31 May 2015
2015-05,keyfacts,https://www.theaic.co.uk/sites/default/files/import/statistics_entry/AICSectorSummary31May15.xlsx,xlsx,,,,Industry Overview 31 May 2015
2015-05,mir,https://www.theaic.co.uk/sites/default/files/import/statistics_entry/CNV1505.csv,csv,,,,MIR 31 May 2015
2015-05,mir,https://www.theaic.co.uk/sites/default/files/import/statistics_entry/ErrataAdditional1505.csv,csv,ok,,,MIR 31 May 2015
2015-05,mir,https://www.theaic.co.uk/sites/default/files/import/statistics_entry/GEO1505.csv,csv,,,,MIR 31 May 2015
2015-05,mir,https://www.theaic.co.uk/sites/default/files/import/statistics_entry/MIR1505.CSV,csv,ok,,,MIR 31 May 2015
2015-05,mir,https://www.theaic.co.uk/sites/default/files/import/statistics_entry/PC1505.CSV,csv,,,,MIR 31 May 2015
2015-05,mir,https://www.theaic.co.uk/sites/default/files/import/statistics_entry/PostMIRErrataAdditional1505.csv,csv,ok,,,MIR 31 May 2015
2015-05,mir,https://www.theaic.co.uk/sites/default/files/import/statistics_entry/WAR1505.csv,csv,,,,MIR 31 May 2015
2015-05,monthly_statistics,https://www.theaic.co.uk/sites/default/files/2024-11/AICStats31May15.pdf,pdf,,,,AIC Stats - May 2015
2015-06,keyfacts,https://www.theaic.co.uk/sites/default/files/import/statistics_entry/AICAllCompanies30Jun15.xlsx,xlsx,ok,,,Industry Overview 30 June 2015
2015-06,keyfacts,https://www.theaic.co.uk/sites/default/files/import/statistics_entry/AICIndustryOverview30Jun15.pdf,pdf,,,,Industry Overview 30 June 2015
2015-06,keyfacts,https://www.theaic.co.uk/sites/default/files/import/statistics_entry/AICManagementGroupRankings30Jun15.xlsx,xlsx,,,,Industry Overview 30 June 2015
2015-06,keyfacts,https://www.theaic.co.uk/sites/default/files/import/statistics_entry/AICSectorSummary30Jun15.xlsx,xlsx,,,,Industry Overview 30 June 2015
2015-06,mir,https://www.theaic.co.uk/sites/default/files/import/statistics_entry/CNV1506.csv,csv,,,,MIR 30 June 2015
2015-06,mir,https://www.theaic.co.uk/sites/default/files/import/statistics_entry/ErrataAdditional1506.csv,csv,ok,,,MIR 30 June 2015
2015-06,mir,https://www.theaic.co.uk/sites/default/files/import/statistics_entry/GEO1506.csv,csv,,,,MIR 30 June 2015
2015-06,mir,https://www.theaic.co.uk/sites/default/files/import/statistics_entry/MIR1506.csv,csv,ok,,,MIR 30 June 2015
2015-06,mir,https://www.theaic.co.uk/sites/default/files/import/statistics_entry/PC1506.csv,csv,,,,MIR 30 June 2015
2015-06,mir,https://www.theaic.co.uk/sites/default/files/import/statistics_entry/PostMIRErrataAdditional1506.csv,csv,ok,,,MIR 30 June 2015
2015-06,mir,https://www.theaic.co.uk/sites/default/files/import/statistics_entry/WAR1506.csv,csv,,,,MIR 30 June 2015
2015-06,monthly_statistics,https://www.theaic.co.uk/sites/default/files/2024-11/AICStats30Jun15.pdf,pdf,,,,AIC Stats - June 2015
2015-07,keyfacts,https://www.theaic.co.uk/sites/default/files/import/statistics_entry/AICAllCompanies31Jul15.xlsx,xlsx,ok,,,Industry Overview 31 July 2015
2015-07,keyfacts,https://www.theaic.co.uk/sites/default/files/import/statistics_entry/AICIndustryOverview31Jul15.pdf,pdf,,,,Industry Overview 31 July 2015
2015-07,keyfacts,https://www.theaic.co.uk/sites/default/files/import/statistics_entry/AICManagementGroupRankings31Jul15.xlsx,xlsx,,,,Industry Overview 31 July 2015
2015-07,keyfacts,https://www.theaic.co.uk/sites/default/files/import/statistics_entry/AICSectorSummary31Jul15.xlsx,xlsx,,,,Industry Overview 31 July 2015
2015-07,mir,https://www.theaic.co.uk/sites/default/files/import/statistics_entry/CNV1507.CSV,csv,,,,MIR 31 July 2015
2015-07,mir,https://www.theaic.co.uk/sites/default/files/import/statistics_entry/ErrataAdditional1507.CSV,csv,ok,,,MIR 31 July 2015
2015-07,mir,https://www.theaic.co.uk/sites/default/files/import/statistics_entry/GEO1507.CSV,csv,,,,MIR 31 July 2015
2015-07,mir,https://www.theaic.co.uk/sites/default/files/import/statistics_entry/MIR1507.CSV,csv,ok,,,MIR 31 July 2015
2015-07,mir,https://www.theaic.co.uk/sites/default/files/import/statistics_entry/PC1507.CSV,csv,,,,MIR 31 July 2015
2015-07,mir,https://www.theaic.co.uk/sites/default/files/import/statistics_entry/PostMIRErrataAdditional1507.csv,csv,ok,,,MIR 31 July 2015
2015-07,mir,https://www.theaic.co.uk/sites/default/files/import/statistics_entry/WAR1507.CSV,csv,,,,MIR 31 July 2015
2015-07,monthly_statistics,https://www.theaic.co.uk/sites/default/files/2024-11/AICStats31Jul15.pdf,pdf,,,,AIC Stats - July 2015
2015-08,keyfacts,https://www.theaic.co.uk/sites/default/files/import/statistics_entry/AICAllCompanies31Aug15.xlsx,xlsx,ok,,,Industry Overview 31 August 2015
2015-08,keyfacts,https://www.theaic.co.uk/sites/default/files/import/statistics_entry/AICIndustryOverview31Aug15.pdf,pdf,,,,Industry Overview 31 August 2015
2015-08,keyfacts,https://www.theaic.co.uk/sites/default/files/import/statistics_entry/AICManagementGroupRankings31Aug15.xlsx,xlsx,,,,Industry Overview 31 August 2015
2015-08,keyfacts,https://www.theaic.co.uk/sites/default/files/import/statistics_entry/AICSectorSummary31Aug15.xlsx,xlsx,,,,Industry Overview 31 August 2015
2015-08,mir,https://www.theaic.co.uk/sites/default/files/import/statistics_entry/CNV1508.csv,csv,,,,MIR 31 August 2015
2015-08,mir,https://www.theaic.co.uk/sites/default/files/import/statistics_entry/ErrataAdditional1508.csv,csv,ok,,,MIR 31 August 2015
2015-08,mir,https://www.theaic.co.uk/sites/default/files/import/statistics_entry/GEO1508.csv,csv,,,,MIR 31 August 2015
2015-08,mir,https://www.theaic.co.uk/sites/default/files/import/statistics_entry/MIR1508.csv,csv,ok,,,MIR 31 August 2015
2015-08,mir,https://www.theaic.co.uk/sites/default/files/import/statistics_entry/PC1508.csv,csv,,,,MIR 31 August 2015
2015-08,mir,https://www.theaic.co.uk/sites/default/files/import/statistics_entry/PostMIRErrataAdditional1508.csv,csv,ok,,,MIR 31 August 2015
2015-08,mir,https://www.theaic.co.uk/sites/default/files/import/statistics_entry/WAR1508.csv,csv,,,,MIR 31 August 2015
2015-08,monthly_statistics,https://www.theaic.co.uk/sites/default/files/2024-11/AICStats31Aug15.pdf,pdf,,,,AIC Stats - August 2015
2015-09,keyfacts,https://www.theaic.co.uk/sites/default/files/import/statistics_entry/AICAllCompanies30Sep15.xlsx,xlsx,ok,,,Industry Overview 30 September 2015
2015-09,keyfacts,https://www.theaic.co.uk/sites/default/files/import/statistics_entry/AICIndustryOverview30Sep15.pdf,pdf,,,,Industry Overview 30 September 2015
2015-09,keyfacts,https://www.theaic.co.uk/sites/default/files/import/statistics_entry/AICManagementGroupRankings30Sep15.xlsx,xlsx,,,,Industry Overview 30 September 2015
2015-09,keyfacts,https://www.theaic.co.uk/sites/default/files/import/statistics_entry/AICSectorSummary30Sep15.xlsx,xlsx,,,,Industry Overview 30 September 2015
2015-09,mir,https://www.theaic.co.uk/sites/default/files/import/statistics_entry/CNV1509.CSV,csv,,,,MIR 30 September 2015
2015-09,mir,https://www.theaic.co.uk/sites/default/files/import/statistics_entry/ErrataAdditional1509.CSV,csv,ok,,,MIR 30 September 2015
2015-09,mir,https://www.theaic.co.uk/sites/default/files/import/statistics_entry/GEO1509.CSV,csv,,,,MIR 30 September 2015
2015-09,mir,https://www.theaic.co.uk/sites/default/files/import/statistics_entry/MIR1509.CSV,csv,ok,,,MIR 30 September 2015
2015-09,mir,https://www.theaic.co.uk/sites/default/files/import/statistics_entry/PC1509.CSV,csv,,,,MIR 30 September 2015
2015-09,mir,https://www.theaic.co.uk/sites/default/files/import/statistics_entry/PostMIRErrataAdditional1509.csv,csv,ok,,,MIR 30 September 2015
2015-09,mir,https://www.theaic.co.uk/sites/default/files/import/statistics_entry/WAR1509.CSV,csv,,,,MIR 30 September 2015
2015-09,monthly_statistics,https://www.theaic.co.uk/sites/default/files/2024-11/AICStats30Sep15.pdf,pdf,,,,AIC Stats - September 2015
2015-10,keyfacts,https://www.theaic.co.uk/sites/default/files/import/statistics_entry/AICAllCompanies31Oct15.xlsx,xlsx,ok,,,Industry Overview 31 October 2015
2015-10,keyfacts,https://www.theaic.co.uk/sites/default/files/import/statistics_entry/AICIndustryOverview31Oct15.pdf,pdf,,,,Industry Overview 31 October 2015
2015-10,keyfacts,https://www.theaic.co.uk/sites/default/files/import/statistics_entry/AICManagementGroupRankings31Oct15.xlsx,xlsx,,,,Industry Overview 31 October 2015
2015-10,keyfacts,https://www.theaic.co.uk/sites/default/files/import/statistics_entry/AICSectorSummary31Oct15.xlsx,xlsx,,,,Industry Overview 31 October 2015
2015-10,mir,https://www.theaic.co.uk/sites/default/files/import/statistics_entry/CNV1510.csv,csv,,,,MIR 31 October 2015
2015-10,mir,https://www.theaic.co.uk/sites/default/files/import/statistics_entry/ErrataAdditional1510.csv,csv,ok,,,MIR 31 October 2015
2015-10,mir,https://www.theaic.co.uk/sites/default/files/import/statistics_entry/GEO1510.csv,csv,,,,MIR 31 October 2015
2015-10,mir,https://www.theaic.co.uk/sites/default/files/import/statistics_entry/MIR1510.csv,csv,ok,,,MIR 31 October 2015
2015-10,mir,https://www.theaic.co.uk/sites/default/files/import/statistics_entry/PC1510.csv,csv,,,,MIR 31 October 2015
2015-10,mir,https://www.theaic.co.uk/sites/default/files/import/statistics_entry/PostMIRErrataAdditional1510.csv,csv,ok,,,MIR 31 October 2015
2015-10,mir,https://www.theaic.co.uk/sites/default/files/import/statistics_entry/WAR1510.csv,csv,,,,MIR 31 October 2015
2015-10,monthly_statistics,https://www.theaic.co.uk/sites/default/files/2024-11/AICStats31Oct15.pdf,pdf,,,,AIC Stats - October 2015
2015-11,keyfacts,https://www.theaic.co.uk/sites/default/files/import/statistics_entry/AICAllCompanies30Nov15.xlsx,xlsx,ok,,,Industry Overview 30 November 2015
2015-11,keyfacts,https://www.theaic.co.uk/sites/default/files/import/statistics_entry/AICIndustryOverview30Nov15.pdf,pdf,,,,Industry Overview 30 November 2015
2015-11,keyfacts,https://www.theaic.co.uk/sites/default/files/import/statistics_entry/AICManagementGroupRankings30Nov15.xlsx,xlsx,,,,Industry Overview 30 November 2015
2015-11,keyfacts,https://www.theaic.co.uk/sites/default/files/import/statistics_entry/AICSectorSummary30Nov15.xlsx,xlsx,,,,Industry Overview 30 November 2015
2015-11,mir,https://www.theaic.co.uk/sites/default/files/import/statistics_entry/CNV1511.csv,csv,,,,MIR 30 November 2015
2015-11,mir,https://www.theaic.co.uk/sites/default/files/import/statistics_entry/ErrataAdditional1511.csv,csv,ok,,,MIR 30 November 2015
2015-11,mir,https://www.theaic.co.uk/sites/default/files/import/statistics_entry/GEO1511.csv,csv,,,,MIR 30 November 2015
2015-11,mir,https://www.theaic.co.uk/sites/default/files/import/statistics_entry/MIR1511.csv,csv,ok,,,MIR 30 November 2015
2015-11,mir,https://www.theaic.co.uk/sites/default/files/import/statistics_entry/PC1511.csv,csv,,,,MIR 30 November 2015
2015-11,mir,https://www.theaic.co.uk/sites/default/files/import/statistics_entry/PostMIRErrataAdditional1511.csv,csv,ok,,,MIR 30 November 2015
2015-11,mir,https://www.theaic.co.uk/sites/default/files/import/statistics_entry/WAR1511.csv,csv,,,,MIR 30 November 2015
2015-11,monthly_statistics,https://www.theaic.co.uk/sites/default/files/2024-11/AICStats30Nov15.pdf,pdf,,,,AIC Stats - November 2015
2015-12,corporate_activity,https://www.theaic.co.uk/sites/default/files/import/statistics_entry/AICCorporateActivity2015.xlsx,xlsx,ok,,,Corporate Activity 2015
2015-12,keyfacts,https://www.theaic.co.uk/sites/default/files/import/statistics_entry/AICAllCompanies31Dec15.xlsx,xlsx,ok,,,Industry Overview 31 December 2015
2015-12,keyfacts,https://www.theaic.co.uk/sites/default/files/import/statistics_entry/AICIndustryOverview31Dec15.pdf,pdf,,,,Industry Overview 31 December 2015
2015-12,keyfacts,https://www.theaic.co.uk/sites/default/files/import/statistics_entry/AICManagementGroupRankings31Dec15.xlsx,xlsx,,,,Industry Overview 31 December 2015
2015-12,keyfacts,https://www.theaic.co.uk/sites/default/files/import/statistics_entry/AICSectorSummary31Dec15.xlsx,xlsx,,,,Industry Overview 31 December 2015
2015-12,mir,https://www.theaic.co.uk/sites/default/files/import/statistics_entry/CNV1512.CSV,csv,,,,MIR 31 December 2015
2015-12,mir,https://www.theaic.co.uk/sites/default/files/import/statistics_entry/ErrataAdditional1512.CSV,csv,ok,,,MIR 31 December 2015
2015-12,mir,https://www.theaic.co.uk/sites/default/files/import/statistics_entry/GEO1512.CSV,csv,,,,MIR 31 December 2015
2015-12,mir,https://www.theaic.co.uk/sites/default/files/import/statistics_entry/MIR1512.CSV,csv,ok,,,MIR 31 December 2015
2015-12,mir,https://www.theaic.co.uk/sites/default/files/import/statistics_entry/PC1512.CSV,csv,,,,MIR 31 December 2015
2015-12,mir,https://www.theaic.co.uk/sites/default/files/import/statistics_entry/PostMIRErrataAdditional1512.csv,csv,ok,,,MIR 31 December 2015
2015-12,mir,https://www.theaic.co.uk/sites/default/files/import/statistics_entry/WAR1512.CSV,csv,,,,MIR 31 December 2015
2015-12,monthly_statistics,https://www.theaic.co.uk/sites/default/files/2024-11/AICStats31Dec15.pdf,pdf,,,,AIC Stats - December 2015
2016-01,keyfacts,https://www.theaic.co.uk/sites/default/files/import/statistics_entry/AICAllCompanies31Jan16.xlsx,xlsx,ok,,,Industry Overview 31 January 2016
2016-01,keyfacts,https://www.theaic.co.uk/sites/default/files/import/statistics_entry/AICIndustryOverview31Jan16.pdf,pdf,,,,Industry Overview 31 January 2016
2016-01,keyfacts,https://www.theaic.co.uk/sites/default/files/import/statistics_entry/AICManagementGroupRankings31Jan16.xlsx,xlsx,,,,Industry Overview 31 January 2016
2016-01,keyfacts,https://www.theaic.co.uk/sites/default/files/import/statistics_entry/AICSectorSummary31Jan16.xlsx,xlsx,,,,Industry Overview 31 January 2016
2016-01,mir,https://www.theaic.co.uk/sites/default/files/import/statistics_entry/CNV1601.CSV,csv,,,,MIR 31 January 2016
2016-01,mir,https://www.theaic.co.uk/sites/default/files/import/statistics_entry/ERR1601.CSV,csv,ok,,,MIR 31 January 2016
2016-01,mir,https://www.theaic.co.uk/sites/default/files/import/statistics_entry/GEO1601.CSV,csv,,,,MIR 31 January 2016
2016-01,mir,https://www.theaic.co.uk/sites/default/files/import/statistics_entry/MIR1601.CSV,csv,ok,,,MIR 31 January 2016
2016-01,mir,https://www.theaic.co.uk/sites/default/files/import/statistics_entry/PC1601.CSV,csv,,,,MIR 31 January 2016
2016-01,mir,https://www.theaic.co.uk/sites/default/files/import/statistics_entry/PostMIRErrataAdditional1601.csv,csv,ok,,,MIR 31 January 2016
2016-01,mir,https://www.theaic.co.uk/sites/default/files/import/statistics_entry/WAR1601.CSV,csv,,,,MIR 31 January 2016
2016-02,keyfacts,https://www.theaic.co.uk/sites/default/files/import/statistics_entry/AICAllCompanies29Feb16.xlsx,xlsx,ok,,,Industry Overview 29 February 2016
2016-02,keyfacts,https://www.theaic.co.uk/sites/default/files/import/statistics_entry/AICIndustryOverview29Feb16.pdf,pdf,,,,Industry Overview 29 February 2016
2016-02,keyfacts,https://www.theaic.co.uk/sites/default/files/import/statistics_entry/AICManagementGroupRankings29Feb16.xlsx,xlsx,,,,Industry Overview 29 February 2016
2016-02,keyfacts,https://www.theaic.co.uk/sites/default/files/import/statistics_entry/AICSectorSummary29Feb16.xlsx,xlsx,,,,Industry Overview 29 February 2016
2016-02,mir,https://www.theaic.co.uk/sites/default/files/import/statistics_entry/CNV1602.CSV,csv,,,,MIR 29 February 2016
2016-02,mir,https://www.theaic.co.uk/sites/default/files/import/statistics_entry/ERR1602.CSV,csv,ok,,,MIR 29 February 2016
2016-02,mir,https://www.theaic.co.uk/sites/default/files/import/statistics_entry/GEO1602.CSV,csv,,,,MIR 29 February 2016
2016-02,mir,https://www.theaic.co.uk/sites/default/files/import/statistics_entry/MIR1602.CSV,csv,ok,,,MIR 29 February 2016
2016-02,mir,https://www.theaic.co.uk/sites/default/files/import/statistics_entry/PC1602.CSV,csv,,,,MIR 29 February 2016
2016-02,mir,https://www.theaic.co.uk/sites/default/files/import/statistics_entry/PostMIRErrataAdditional1602.csv,csv,ok,,,MIR 29 February 2016
2016-02,mir,https://www.theaic.co.uk/sites/default/files/import/statistics_entry/WAR1602.CSV,csv,,,,MIR 29 February 2016
2016-02,monthly_statistics,https://www.theaic.co.uk/sites/default/files/2024-11/AICStats29Feb16.pdf,pdf,,,,AIC Stats - February 2016
2016-03,keyfacts,https://www.theaic.co.uk/sites/default/files/import/statistics_entry/AICAllCompanies31Mar16.xlsx,xlsx,ok,,,Industry Overview 31 March 2016
2016-03,keyfacts,https://www.theaic.co.uk/sites/default/files/import/statistics_entry/AICIndustryOverview31Mar16.pdf,pdf,,,,Industry Overview 31 March 2016
2016-03,keyfacts,https://www.theaic.co.uk/sites/default/files/import/statistics_entry/AICManagementGroupRankings31Mar16.xlsx,xlsx,,,,Industry Overview 31 March 2016
2016-03,keyfacts,https://www.theaic.co.uk/sites/default/files/import/statistics_entry/AICSectorSummary31Mar16.xlsx,xlsx,,,,Industry Overview 31 March 2016
2016-03,mir,https://www.theaic.co.uk/sites/default/files/import/statistics_entry/CNV1603.CSV,csv,,,,MIR 31 March 2016
2016-03,mir,https://www.theaic.co.uk/sites/default/files/import/statistics_entry/ERR1603.CSV,csv,ok,,,MIR 31 March 2016
2016-03,mir,https://www.theaic.co.uk/sites/default/files/import/statistics_entry/GEO1603.CSV,csv,,,,MIR 31 March 2016
2016-03,mir,https://www.theaic.co.uk/sites/default/files/import/statistics_entry/MIR1603.CSV,csv,ok,,,MIR 31 March 2016
2016-03,mir,https://www.theaic.co.uk/sites/default/files/import/statistics_entry/PC1603.CSV,csv,,,,MIR 31 March 2016
2016-03,mir,https://www.theaic.co.uk/sites/default/files/import/statistics_entry/PostMIRErrataAdditional1603.csv,csv,ok,,,MIR 31 March 2016
2016-03,mir,https://www.theaic.co.uk/sites/default/files/import/statistics_entry/WAR1603.CSV,csv,,,,MIR 31 March 2016
2016-03,monthly_statistics,https://www.theaic.co.uk/sites/default/files/2024-11/AICStats31Mar16.pdf,pdf,,,,AIC Stats - March 2016
2016-04,keyfacts,https://www.theaic.co.uk/sites/default/files/import/statistics_entry/AICAllCompanies30Apr16.xlsx,xlsx,ok,,,Industry Overview 30 April 2016
2016-04,keyfacts,https://www.theaic.co.uk/sites/default/files/import/statistics_entry/AICIndustryOverview30Apr16.pdf,pdf,,,,Industry Overview 30 April 2016
2016-04,keyfacts,https://www.theaic.co.uk/sites/default/files/import/statistics_entry/AICManagementGroupRankings30Apr16.xlsx,xlsx,,,,Industry Overview 30 April 2016
2016-04,keyfacts,https://www.theaic.co.uk/sites/default/files/import/statistics_entry/AICSectorSummary30Apr16.xlsx,xlsx,,,,Industry Overview 30 April 2016
2016-04,mir,https://www.theaic.co.uk/sites/default/files/import/statistics_entry/CNV1604.csv,csv,,,,MIR 30 April 2016
2016-04,mir,https://www.theaic.co.uk/sites/default/files/import/statistics_entry/ERR1604.CSV,csv,ok,,,MIR 30 April 2016
2016-04,mir,https://www.theaic.co.uk/sites/default/files/import/statistics_entry/GEO1604.CSV,csv,,,,MIR 30 April 2016
2016-04,mir,https://www.theaic.co.uk/sites/default/files/import/statistics_entry/MIR1604.CSV,csv,ok,,,MIR 30 April 2016
2016-04,mir,https://www.theaic.co.uk/sites/default/files/import/statistics_entry/PC1604.CSV,csv,,,,MIR 30 April 2016
2016-04,mir,https://www.theaic.co.uk/sites/default/files/import/statistics_entry/PostMIRErrataAdditional1604.csv,csv,ok,,,MIR 30 April 2016
2016-04,mir,https://www.theaic.co.uk/sites/default/files/import/statistics_entry/WAR1604.CSV,csv,,,,MIR 30 April 2016
2016-04,monthly_statistics,https://www.theaic.co.uk/sites/default/files/2024-11/AICStats30Apr16.pdf,pdf,,,,AIC Stats - April 2016
2016-05,keyfacts,https://www.theaic.co.uk/sites/default/files/import/statistics_entry/AICAllCompanies31May16.xlsx,xlsx,ok,,,Industry Overview 31 May 2016
2016-05,keyfacts,https://www.theaic.co.uk/sites/default/files/import/statistics_entry/AICIndustryOverview31May16.pdf,pdf,,,,Industry Overview 31 May 2016
2016-05,keyfacts,https://www.theaic.co.uk/sites/default/files/import/statistics_entry/AICManagementGroupRankings31May16.xlsx,xlsx,,,,Industry Overview 31 May 2016
2016-05,keyfacts,https://www.theaic.co.uk/sites/default/files/import/statistics_entry/AICSectorSummary31May16.xlsx,xlsx,,,,Industry Overview 31 May 2016
2016-05,mir,https://www.theaic.co.uk/sites/default/files/import/statistics_entry/CNV1605.CSV,csv,,,,MIR 31 May 2016
2016-05,mir,https://www.theaic.co.uk/sites/default/files/import/statistics_entry/ERR1605.CSV,csv,ok,,,MIR 31 May 2016
2016-05,mir,https://www.theaic.co.uk/sites/default/files/import/statistics_entry/GEO1605.CSV,csv,,,,MIR 31 May 2016
2016-05,mir,https://www.theaic.co.uk/sites/default/files/import/statistics_entry/MIR1605.CSV,csv,ok,,,MIR 31 May 2016
2016-05,mir,https://www.theaic.co.uk/sites/default/files/import/statistics_entry/PC1605.CSV,csv,,,,MIR 31 May 2016
2016-05,mir,https://www.theaic.co.uk/sites/default/files/import/statistics_entry/PostMIRErrataAdditional1605.csv,csv,ok,,,MIR 31 May 2016
2016-05,mir,https://www.theaic.co.uk/sites/default/files/import/statistics_entry/WAR1605.CSV,csv,,,,MIR 31 May 2016
2016-05,monthly_statistics,https://www.theaic.co.uk/sites/default/files/2024-11/AICStats31May16.pdf,pdf,,,,AIC Stats - May 2016
2016-06,keyfacts,https://www.theaic.co.uk/sites/default/files/import/statistics_entry/AICAllCompanies30Jun16.xlsx,xlsx,ok,,,Industry Overview 30 June 2016
2016-06,keyfacts,https://www.theaic.co.uk/sites/default/files/import/statistics_entry/AICIndustryOverview30Jun16.pdf,pdf,,,,Industry Overview 30 June 2016
2016-06,keyfacts,https://www.theaic.co.uk/sites/default/files/import/statistics_entry/AICManagementGroupRankings30Jun16.xlsx,xlsx,,,,Industry Overview 30 June 2016
2016-06,keyfacts,https://www.theaic.co.uk/sites/default/files/import/statistics_entry/AICSectorSummary30Jun16.xlsx,xlsx,,,,Industry Overview 30 June 2016
2016-06,mir,https://www.theaic.co.uk/sites/default/files/import/statistics_entry/CNV1606.CSV,csv,,,,MIR 30 June 2016
2016-06,mir,https://www.theaic.co.uk/sites/default/files/import/statistics_entry/ERR1606.CSV,csv,ok,,,MIR 30 June 2016
2016-06,mir,https://www.theaic.co.uk/sites/default/files/import/statistics_entry/GEO1606.CSV,csv,,,,MIR 30 June 2016
2016-06,mir,https://www.theaic.co.uk/sites/default/files/import/statistics_entry/MIR1606.CSV,csv,ok,,,MIR 30 June 2016
2016-06,mir,https://www.theaic.co.uk/sites/default/files/import/statistics_entry/PC1606.CSV,csv,,,,MIR 30 June 2016
2016-06,mir,https://www.theaic.co.uk/sites/default/files/import/statistics_entry/PostMIRErrataAdditional1606.csv,csv,ok,,,MIR 30 June 2016
2016-06,mir,https://www.theaic.co.uk/sites/default/files/import/statistics_entry/WAR1606.CSV,csv,,,,MIR 30 June 2016
2016-06,monthly_statistics,https://www.theaic.co.uk/sites/default/files/2024-11/AICStats30Jun16.pdf,pdf,,,,AIC Stats - June 2016
2016-07,keyfacts,https://www.theaic.co.uk/sites/default/files/import/statistics_entry/AICAllCompanies31Jul16.xlsx,xlsx,ok,,,Industry Overview 31 July 2016
2016-07,keyfacts,https://www.theaic.co.uk/sites/default/files/import/statistics_entry/AICIndustryOverview31Jul16.pdf,pdf,,,,Industry Overview 31 July 2016
2016-07,keyfacts,https://www.theaic.co.uk/sites/default/files/import/statistics_entry/AICManagementGroupRankings31Jul16.xlsx,xlsx,,,,Industry Overview 31 July 2016
2016-07,keyfacts,https://www.theaic.co.uk/sites/default/files/import/statistics_entry/AICSectorSummary31Jul16.xlsx,xlsx,,,,Industry Overview 31 July 2016
2016-07,mir,https://www.theaic.co.uk/sites/default/files/import/statistics_entry/CNV1607.CSV,csv,,,,MIR 31 July 2016
2016-07,mir,https://www.theaic.co.uk/sites/default/files/import/statistics_entry/ERR1607.CSV,csv,ok,,,MIR 31 July 2016
2016-07,mir,https://www.theaic.co.uk/sites/default/files/import/statistics_entry/GEO1607.CSV,csv,,,,MIR 31 July 2016
2016-07,mir,https://www.theaic.co.uk/sites/default/files/import/statistics_entry/MIR1607.CSV,csv,ok,,,MIR 31 July 2016
2016-07,mir,https://www.theaic.co.uk/sites/default/files/import/statistics_entry/PC1607.CSV,csv,,,,MIR 31 July 2016
2016-07,mir,https://www.theaic.co.uk/sites/default/files/import/statistics_entry/PostMIRErrataAdditional1607.csv,csv,ok,,,MIR 31 July 2016
2016-07,mir,https://www.theaic.co.uk/sites/default/files/import/statistics_entry/WAR1607.CSV,csv,,,,MIR 31 July 2016
2016-07,monthly_statistics,https://www.theaic.co.uk/sites/default/files/2024-11/AICStats31Jul16.pdf,pdf,,,,AIC Stats - July 2016
2016-08,keyfacts,https://www.theaic.co.uk/sites/default/files/import/statistics_entry/AICAllCompanies31Aug16.xlsx,xlsx,ok,,,Industry Overview 31 August 2016
2016-08,keyfacts,https://www.theaic.co.uk/sites/default/files/import/statistics_entry/AICIndustryOverview31Aug16.pdf,pdf,,,,Industry Overview 31 August 2016
2016-08,keyfacts,https://www.theaic.co.uk/sites/default/files/import/statistics_entry/AICManagementGroupRankings31Aug16.xlsx,xlsx,,,,Industry Overview 31 August 2016
2016-08,keyfacts,https://www.theaic.co.uk/sites/default/files/import/statistics_entry/AICSectorSummary31Aug16.xlsx,xlsx,,,,Industry Overview 31 August 2016
2016-08,mir,https://www.theaic.co.uk/sites/default/files/import/statistics_entry/CNV1608.CSV,csv,,,,MIR 31 August 2016
2016-08,mir,https://www.theaic.co.uk/sites/default/files/import/statistics_entry/ERR1608.CSV,csv,ok,,,MIR 31 August 2016
2016-08,mir,https://www.theaic.co.uk/sites/default/files/import/statistics_entry/GEO1608.CSV,csv,,,,MIR 31 August 2016
2016-08,mir,https://www.theaic.co.uk/sites/default/files/import/statistics_entry/MIR1608.CSV,csv,ok,,,MIR 31 August 2016
2016-08,mir,https://www.theaic.co.uk/sites/default/files/import/statistics_entry/PC1608.CSV,csv,,,,MIR 31 August 2016
2016-08,mir,https://www.theaic.co.uk/sites/default/files/import/statistics_entry/PostMIRErrataAdditional1608.csv,csv,ok,,,MIR 31 August 2016
2016-08,mir,https://www.theaic.co.uk/sites/default/files/import/statistics_entry/WAR1608.CSV,csv,,,,MIR 31 August 2016
2016-08,monthly_statistics,https://www.theaic.co.uk/sites/default/files/2024-11/AICStats31Aug16.pdf,pdf,,,,AIC Stats - August 2016
2016-09,keyfacts,https://www.theaic.co.uk/sites/default/files/import/statistics_entry/AICAllCompanies30Sep16.xlsx,xlsx,ok,,,Industry Overview 30 September 2016
2016-09,keyfacts,https://www.theaic.co.uk/sites/default/files/import/statistics_entry/AICIndustryOverview30Sep16.pdf,pdf,,,,Industry Overview 30 September 2016
2016-09,keyfacts,https://www.theaic.co.uk/sites/default/files/import/statistics_entry/AICManagementGroupRankings30Sep16.xlsx,xlsx,,,,Industry Overview 30 September 2016
2016-09,keyfacts,https://www.theaic.co.uk/sites/default/files/import/statistics_entry/AICSectorSummary30Sep16.xlsx,xlsx,,,,Industry Overview 30 September 2016
2016-09,mir,https://www.theaic.co.uk/sites/default/files/import/statistics_entry/CNV1609.CSV,csv,,,,MIR 30 September 2016
2016-09,mir,https://www.theaic.co.uk/sites/default/files/import/statistics_entry/ERR1609.CSV,csv,ok,,,MIR 30 September 2016
2016-09,mir,https://www.theaic.co.uk/sites/default/files/import/statistics_entry/GEO1609.CSV,csv,,,,MIR 30 September 2016
2016-09,mir,https://www.theaic.co.uk/sites/default/files/import/statistics_entry/MIR1609.CSV,csv,ok,,,MIR 30 September 2016
2016-09,mir,https://www.theaic.co.uk/sites/default/files/import/statistics_entry/PC1609.CSV,csv,,,,MIR 30 September 2016
2016-09,mir,https://www.theaic.co.uk/sites/default/files/import/statistics_entry/PostMIRErrataAdditional1609.csv,csv,ok,,,MIR 30 September 2016
2016-09,mir,https://www.theaic.co.uk/sites/default/files/import/statistics_entry/WAR1609.CSV,csv,,,,MIR 30 September 2016
2016-09,monthly_statistics,https://www.theaic.co.uk/sites/default/files/2024-11/AICStats30Sep16.pdf,pdf,,,,AIC Stats - September 2016
2016-10,keyfacts,https://www.theaic.co.uk/sites/default/files/import/statistics_entry/AICAllCompanies31Oct16.xlsx,xlsx,ok,,,Industry Overview 31 October 2016
2016-10,keyfacts,https://www.theaic.co.uk/sites/default/files/import/statistics_entry/AICIndustryOverview31Oct16.pdf,pdf,,,,Industry Overview 31 October 2016
2016-10,keyfacts,https://www.theaic.co.uk/sites/default/files/import/statistics_entry/AICManagementGroupRankings31Oct16.xlsx,xlsx,,,,Industry Overview 31 October 2016
2016-10,keyfacts,https://www.theaic.co.uk/sites/default/files/import/statistics_entry/AICSectorSummary31Oct16.xlsx,xlsx,,,,Industry Overview 31 October 2016
2016-10,mir,https://www.theaic.co.uk/sites/default/files/import/statistics_entry/CNV1610.csv,csv,,,,MIR 31 October 2016
2016-10,mir,https://www.theaic.co.uk/sites/default/files/import/statistics_entry/ERR1610.csv,csv,ok,,,MIR 31 October 2016
2016-10,mir,https://www.theaic.co.uk/sites/default/files/import/statistics_entry/GEO1610.csv,csv,,,,MIR 31 October 2016
2016-10,mir,https://www.theaic.co.uk/sites/default/files/import/statistics_entry/MIR1610.csv,csv,ok,,,MIR 31 October 2016
2016-10,mir,https://www.theaic.co.uk/sites/default/files/import/statistics_entry/PC1610.csv,csv,,,,MIR 31 October 2016
2016-10,mir,https://www.theaic.co.uk/sites/default/files/import/statistics_entry/PostMIRErrataAdditional1610.csv,csv,ok,,,MIR 31 October 2016
2016-10,mir,https://www.theaic.co.uk/sites/default/files/import/statistics_entry/WAR1610.csv,csv,,,,MIR 31 October 2016
2016-10,monthly_statistics,https://www.theaic.co.uk/sites/default/files/2024-11/AICStats31Oct16.pdf,pdf,,,,AIC Stats - October 2016
2016-11,keyfacts,https://www.theaic.co.uk/sites/default/files/import/statistics_entry/AICAllCompanies30Nov16.xlsx,xlsx,ok,,,Industry Overview 30 November 2016
2016-11,keyfacts,https://www.theaic.co.uk/sites/default/files/import/statistics_entry/AICIndustryOverview30Nov16.pdf,pdf,,,,Industry Overview 30 November 2016
2016-11,keyfacts,https://www.theaic.co.uk/sites/default/files/import/statistics_entry/AICManagementGroupRankings30Nov16.xlsx,xlsx,,,,Industry Overview 30 November 2016
2016-11,keyfacts,https://www.theaic.co.uk/sites/default/files/import/statistics_entry/AICSectorSummary30Nov16.xlsx,xlsx,,,,Industry Overview 30 November 2016
2016-11,mir,https://www.theaic.co.uk/sites/default/files/import/statistics_entry/CNV1611.CSV,csv,,,,MIR 30 November 2016
2016-11,mir,https://www.theaic.co.uk/sites/default/files/import/statistics_entry/ERR1611.CSV,csv,ok,,,MIR 30 November 2016
2016-11,mir,https://www.theaic.co.uk/sites/default/files/import/statistics_entry/GEO1611.CSV,csv,,,,MIR 30 November 2016
2016-11,mir,https://www.theaic.co.uk/sites/default/files/import/statistics_entry/MIR1611.CSV,csv,ok,,,MIR 30 November 2016
2016-11,mir,https://www.theaic.co.uk/sites/default/files/import/statistics_entry/PC1611.CSV,csv,,,,MIR 30 November 2016
2016-11,mir,https://www.theaic.co.uk/sites/default/files/import/statistics_entry/PostMIRErrataAdditional1611.csv,csv,ok,,,MIR 30 November 2016
2016-11,mir,https://www.theaic.co.uk/sites/default/files/import/statistics_entry/WAR1611.CSV,csv,,,,MIR 30 November 2016
2016-11,monthly_statistics,https://www.theaic.co.uk/sites/default/files/2024-11/AICStats30Nov16.pdf,pdf,,,,AIC Stats - November 2016
2016-12,corporate_activity,https://www.theaic.co.uk/sites/default/files/import/statistics_entry/AICCorporateActivity2016.xlsx,xlsx,ok,,,Corporate Activity 2016
2016-12,keyfacts,https://www.theaic.co.uk/sites/default/files/import/statistics_entry/AICAllCompanies31Dec16.xlsx,xlsx,ok,,,Industry Overview 31 December 2016
2016-12,keyfacts,https://www.theaic.co.uk/sites/default/files/import/statistics_entry/AICIndustryOverview31Dec16.pdf,pdf,,,,Industry Overview 31 December 2016
2016-12,keyfacts,https://www.theaic.co.uk/sites/default/files/import/statistics_entry/AICManagementGroupRankings31Dec16.xlsx,xlsx,,,,Industry Overview 31 December 2016
2016-12,keyfacts,https://www.theaic.co.uk/sites/default/files/import/statistics_entry/AICSectorSummary31Dec16.xlsx,xlsx,,,,Industry Overview 31 December 2016
2016-12,mir,https://www.theaic.co.uk/sites/default/files/import/statistics_entry/CNV1612.CSV,csv,,,,MIR 31 December 2016
2016-12,mir,https://www.theaic.co.uk/sites/default/files/import/statistics_entry/ERR1612.csv,csv,ok,,,MIR 31 December 2016
2016-12,mir,https://www.theaic.co.uk/sites/default/files/import/statistics_entry/GEO1612.CSV,csv,,,,MIR 31 December 2016
2016-12,mir,https://www.theaic.co.uk/sites/default/files/import/statistics_entry/MIR1612.CSV,csv,ok,,,MIR 31 December 2016
2016-12,mir,https://www.theaic.co.uk/sites/default/files/import/statistics_entry/PC1612.CSV,csv,,,,MIR 31 December 2016
2016-12,mir,https://www.theaic.co.uk/sites/default/files/import/statistics_entry/PostMIRErrataAdditional1612.csv,csv,ok,,,MIR 31 December 2016
2016-12,mir,https://www.theaic.co.uk/sites/default/files/import/statistics_entry/WAR1612.CSV,csv,,,,MIR 31 December 2016
2016-12,monthly_statistics,https://www.theaic.co.uk/sites/default/files/2024-11/AICStats31Dec16.pdf,pdf,,,,AIC Stats 31 December 2016
2017-01,keyfacts,https://www.theaic.co.uk/sites/default/files/import/statistics_entry/AICAllCompanies31Jan17.xlsx,xlsx,ok,,,Industry Overview 31 January 2017
2017-01,keyfacts,https://www.theaic.co.uk/sites/default/files/import/statistics_entry/AICIndustryOverview31Jan17.pdf,pdf,,,,Industry Overview 31 January 2017
2017-01,keyfacts,https://www.theaic.co.uk/sites/default/files/import/statistics_entry/AICManagementGroupRankings31Jan17.xlsx,xlsx,,,,Industry Overview 31 January 2017
2017-01,keyfacts,https://www.theaic.co.uk/sites/default/files/import/statistics_entry/AICSectorSummary31Jan17.xlsx,xlsx,,,,Industry Overview 31 January 2017
2017-01,mir,https://www.theaic.co.uk/sites/default/files/import/statistics_entry/CNV1701.CSV,csv,,,,MIR 31 January 2017
2017-01,mir,https://www.theaic.co.uk/sites/default/files/import/statistics_entry/ERR1701.CSV,csv,ok,,,MIR 31 January 2017
2017-01,mir,https://www.theaic.co.uk/sites/default/files/import/statistics_entry/GEO1701.CSV,csv,,,,MIR 31 January 2017
2017-01,mir,https://www.theaic.co.uk/sites/default/files/import/statistics_entry/MIR1701.CSV,csv,ok,,,MIR 31 January 2017
2017-01,mir,https://www.theaic.co.uk/sites/default/files/import/statistics_entry/PC1701.CSV,csv,,,,MIR 31 January 2017
2017-01,mir,https://www.theaic.co.uk/sites/default/files/import/statistics_entry/PostMIRErrataAdditional1701.csv,csv,ok,,,MIR 31 January 2017
2017-01,mir,https://www.theaic.co.uk/sites/default/files/import/statistics_entry/WAR1701.CSV,csv,,,,MIR 31 January 2017
2017-02,keyfacts,https://www.theaic.co.uk/sites/default/files/import/statistics_entry/AICAllCompanies28Feb17.xlsx,xlsx,ok,,,Industry Overview 28 February 2017
2017-02,keyfacts,https://www.theaic.co.uk/sites/default/files/import/statistics_entry/AICIndustryOverview28Feb17.pdf,pdf,,,,Industry Overview 28 February 2017
2017-02,keyfacts,https://www.theaic.co.uk/sites/default/files/import/statistics_entry/AICManagementGroupRankings28Feb17.xlsx,xlsx,,,,Industry Overview 28 February 2017
2017-02,keyfacts,https://www.theaic.co.uk/sites/default/files/import/statistics_entry/AICSectorSummary28Feb17.xlsx,xlsx,,,,Industry Overview 28 February 2017
2017-02,mir,https://www.theaic.co.uk/sites/default/files/import/statistics_entry/CNV1702.CSV,csv,,,,MIR 28 February 2017
2017-02,mir,https://www.theaic.co.uk/sites/default/files/import/statistics_entry/ERR1702.CSV,csv,ok,,,MIR 28 February 2017
2017-02,mir,https://www.theaic.co.uk/sites/default/files/import/statistics_entry/GEO1702.CSV,csv,,,,MIR 28 February 2017
2017-02,mir,https://www.theaic.co.uk/sites/default/files/import/statistics_entry/MIR1702.CSV,csv,ok,,,MIR 28 February 2017
2017-02,mir,https://www.theaic.co.uk/sites/default/files/import/statistics_entry/PC1702.CSV,csv,,,,MIR 28 February 2017
2017-02,mir,https://www.theaic.co.uk/sites/default/files/import/statistics_entry/PostMIRErrataAdditional1702.csv,csv,ok,,,MIR 28 February 2017
2017-02,mir,https://www.theaic.co.uk/sites/default/files/import/statistics_entry/WAR1702.CSV,csv,,,,MIR 28 February 2017
2017-03,keyfacts,https://www.theaic.co.uk/sites/default/files/import/statistics_entry/AICAllCompanies31Mar17.xlsx,xlsx,ok,,,Industry Overview 31 March 2017
2017-03,keyfacts,https://www.theaic.co.uk/sites/default/files/import/statistics_entry/AICIndustryOverview31Mar17.pdf,pdf,,,,Industry Overview 31 March 2017
2017-03,keyfacts,https://www.theaic.co.uk/sites/default/files/import/statistics_entry/AICManagementGroupRankings31Mar17.xlsx,xlsx,,,,Industry Overview 31 March 2017
2017-03,keyfacts,https://www.theaic.co.uk/sites/default/files/import/statistics_entry/AICSectorSummary31Mar17.xlsx,xlsx,,,,Industry Overview 31 March 2017
2017-03,mir,https://www.theaic.co.uk/sites/default/files/import/statistics_entry/CNV1703.CSV,csv,,,,MIR 31 March 2017
2017-03,mir,https://www.theaic.co.uk/sites/default/files/import/statistics_entry/ERR1703.CSV,csv,ok,,,MIR 31 March 2017
2017-03,mir,https://www.theaic.co.uk/sites/default/files/import/statistics_entry/GEO1703.CSV,csv,,,,MIR 31 March 2017
2017-03,mir,https://www.theaic.co.uk/sites/default/files/import/statistics_entry/MIR1703.CSV,csv,ok,,,MIR 31 March 2017
2017-03,mir,https://www.theaic.co.uk/sites/default/files/import/statistics_entry/PC1703.CSV,csv,,,,MIR 31 March 2017
2017-03,mir,https://www.theaic.co.uk/sites/default/files/import/statistics_entry/PostMIRErrataAdditional1703.CSV,csv,ok,,,MIR 31 March 2017
2017-03,mir,https://www.theaic.co.uk/sites/default/files/import/statistics_entry/WAR1703.CSV,csv,,,,MIR 31 March 2017
2017-03,monthly_statistics,https://www.theaic.co.uk/sites/default/files/2024-11/AICStats31Mar17.pdf,pdf,,,,AIC Stats 31 March 2017
2017-04,keyfacts,https://www.theaic.co.uk/sites/default/files/import/statistics_entry/AICAllCompanies30Apr17.xlsx,xlsx,ok,,,Industry Overview 30 April 2017
2017-04,keyfacts,https://www.theaic.co.uk/sites/default/files/import/statistics_entry/AICIndustryOverview30Apr17.pdf,pdf,,,,Industry Overview 30 April 2017
2017-04,keyfacts,https://www.theaic.co.uk/sites/default/files/import/statistics_entry/AICManagementGroupRankings30Apr17.xlsx,xlsx,,,,Industry Overview 30 April 2017
2017-04,keyfacts,https://www.theaic.co.uk/sites/default/files/import/statistics_entry/AICSectorSummary30Apr17.xlsx,xlsx,,,,Industry Overview 30 April 2017
2017-04,mir,https://www.theaic.co.uk/sites/default/files/import/statistics_entry/CNV1704.CSV,csv,,,,MIR 30 April 2017
2017-04,mir,https://www.theaic.co.uk/sites/default/files/import/statistics_entry/ERR1704.CSV,csv,ok,,,MIR 30 April 2017
2017-04,mir,https://www.theaic.co.uk/sites/default/files/import/statistics_entry/GEO1704.CSV,csv,,,,MIR 30 April 2017
2017-04,mir,https://www.theaic.co.uk/sites/default/files/import/statistics_entry/MIR1704.CSV,csv,ok,,,MIR 30 April 2017
2017-04,mir,https://www.theaic.co.uk/sites/default/files/import/statistics_entry/PC1704.CSV,csv,,,,MIR 30 April 2017
2017-04,mir,https://www.theaic.co.uk/sites/default/files/import/statistics_entry/PostMIRErrataAdditional1704.csv,csv,ok,,,MIR 30 April 2017
2017-04,mir,https://www.theaic.co.uk/sites/default/files/import/statistics_entry/WAR1704.CSV,csv,,,,MIR 30 April 2017
2017-05,keyfacts,https://www.theaic.co.uk/sites/default/files/import/statistics_entry/AICAllCompanies31May17.xlsx,xlsx,ok,,,Industry Overview 31 May 2017
2017-05,keyfacts,https://www.theaic.co.uk/sites/default/files/import/statistics_entry/AICIndustryOverview31May17.pdf,pdf,,,,Industry Overview 31 May 2017
2017-05,keyfacts,https://www.theaic.co.uk/sites/default/files/import/statistics_entry/AICManagementGroupRankings31May17.xlsx,xlsx,,,,Industry Overview 31 May 2017
2017-05,keyfacts,https://www.theaic.co.uk/sites/default/files/import/statistics_entry/AICSectorSummary31May17.xlsx,xlsx,,,,Industry Overview 31 May 2017
2017-05,mir,https://www.theaic.co.uk/sites/default/files/import/statistics_entry/CNV1705.CSV,csv,,,,MIR 31 May 2017
2017-05,mir,https://www.theaic.co.uk/sites/default/files/import/statistics_entry/ERR1705.csv,csv,ok,,,MIR 31 May 2017
2017-05,mir,https://www.theaic.co.uk/sites/default/files/import/statistics_entry/GEO1705.CSV,csv,,,,MIR 31 May 2017
2017-05,mir,https://www.theaic.co.uk/sites/default/files/import/statistics_entry/MIR1705.CSV,csv,ok,,,MIR 31 May 2017
2017-05,mir,https://www.theaic.co.uk/sites/default/files/import/statistics_entry/PC1705.CSV,csv,,,,MIR 31 May 2017
2017-05,mir,https://www.theaic.co.uk/sites/default/files/import/statistics_entry/PostMIRErrataAdditional1705.csv,csv,ok,,,MIR 31 May 2017
2017-05,mir,https://www.theaic.co.uk/sites/default/files/import/statistics_entry/WAR1705.CSV,csv,,,,MIR 31 May 2017
2017-06,keyfacts,https://www.theaic.co.uk/sites/default/files/import/statistics_entry/AICAllCompanies30Jun17.xlsx,xlsx,ok,,,Industry Overview 30 June 2017
2017-06,keyfacts,https://www.theaic.co.uk/sites/default/files/import/statistics_entry/AICIndustryOverview30Jun17.pdf,pdf,,,,Industry Overview 30 June 2017
2017-06,keyfacts,https://www.theaic.co.uk/sites/default/files/import/statistics_entry/AICManagementGroupRankings30Jun17.xlsx,xlsx,,,,Industry Overview 30 June 2017
2017-06,keyfacts,https://www.theaic.co.uk/sites/default/files/import/statistics_entry/AICSectorSummary30Jun17.xlsx,xlsx,,,,Industry Overview 30 June 2017
2017-06,mir,https://www.theaic.co.uk/sites/default/files/import/statistics_entry/CNV1706.CSV,csv,,,,MIR 30 June 2017
2017-06,mir,https://www.theaic.co.uk/sites/default/files/import/statistics_entry/ERR1706.csv,csv,ok,,,MIR 30 June 2017
2017-06,mir,https://www.theaic.co.uk/sites/default/files/import/statistics_entry/GEO1706.CSV,csv,,,,MIR 30 June 2017
2017-06,mir,https://www.theaic.co.uk/sites/default/files/import/statistics_entry/MIR1706.CSV,csv,ok,,,MIR 30 June 2017
2017-06,mir,https://www.theaic.co.uk/sites/default/files/import/statistics_entry/PC1706.CSV,csv,,,,MIR 30 June 2017
2017-06,mir,https://www.theaic.co.uk/sites/default/files/import/statistics_entry/PostMIRErrataAdditional1706.csv,csv,ok,,,MIR 30 June 2017
2017-06,mir,https://www.theaic.co.uk/sites/default/files/import/statistics_entry/WAR1706.CSV,csv,,,,MIR 30 June 2017
2017-06,monthly_statistics,https://www.theaic.co.uk/sites/default/files/2024-11/AICStats30Jun17.pdf,pdf,,,,AIC Stats 30 June 2017
2017-07,keyfacts,https://www.theaic.co.uk/sites/default/files/import/statistics_entry/AICAllCompanies31Jul17.xlsx,xlsx,ok,,,Industry Overview 31 July 2017
2017-07,keyfacts,https://www.theaic.co.uk/sites/default/files/import/statistics_entry/AICIndustryOverview31Jul17.pdf,pdf,,,,Industry Overview 31 July 2017
2017-07,keyfacts,https://www.theaic.co.uk/sites/default/files/import/statistics_entry/AICManagementGroupRankings31Jul17.xlsx,xlsx,,,,Industry Overview 31 July 2017
2017-07,keyfacts,https://www.theaic.co.uk/sites/default/files/import/statistics_entry/AICSectorSummary31Jul17.xlsx,xlsx,,,,Industry Overview 31 July 2017
2017-07,mir,https://www.theaic.co.uk/sites/default/files/import/statistics_entry/CNV1707.CSV,csv,,,,MIR 31 July 2017
2017-07,mir,https://www.theaic.co.uk/sites/default/files/import/statistics_entry/ERR1707.CSV,csv,ok,,,MIR 31 July 2017
2017-07,mir,https://www.theaic.co.uk/sites/default/files/import/statistics_entry/GEO1707.CSV,csv,,,,MIR 31 July 2017
2017-07,mir,https://www.theaic.co.uk/sites/default/files/import/statistics_entry/MIR1707.CSV,csv,ok,,,MIR 31 July 2017
2017-07,mir,https://www.theaic.co.uk/sites/default/files/import/statistics_entry/PC1707.CSV,csv,,,,MIR 31 July 2017
2017-07,mir,https://www.theaic.co.uk/sites/default/files/import/statistics_entry/PostMIRErrataAdditional1707.csv,csv,ok,,,MIR 31 July 2017
2017-07,mir,https://www.theaic.co.uk/sites/default/files/import/statistics_entry/WAR1707.CSV,csv,,,,MIR 31 July 2017
2017-08,keyfacts,https://www.theaic.co.uk/sites/default/files/import/statistics_entry/AICAllCompanies31Aug17.xlsx,xlsx,ok,,,Industry Overview 31 August 2017
2017-08,keyfacts,https://www.theaic.co.uk/sites/default/files/import/statistics_entry/AICIndustryOverview31Aug17.pdf,pdf,,,,Industry Overview 31 August 2017
2017-08,keyfacts,https://www.theaic.co.uk/sites/default/files/import/statistics_entry/AICManagementGroupRankings31Aug17.xlsx,xlsx,,,,Industry Overview 31 August 2017
2017-08,keyfacts,https://www.theaic.co.uk/sites/default/files/import/statistics_entry/AICSectorSummary31Aug17.xlsx,xlsx,,,,Industry Overview 31 August 2017
2017-08,mir,https://www.theaic.co.uk/sites/default/files/import/statistics_entry/CNV1708.CSV,csv,,,,MIR 31 August 2017
2017-08,mir,https://www.theaic.co.uk/sites/default/files/import/statistics_entry/ERR1708.CSV,csv,ok,,,MIR 31 August 2017
2017-08,mir,https://www.theaic.co.uk/sites/default/files/import/statistics_entry/GEO1708.CSV,csv,,,,MIR 31 August 2017
2017-08,mir,https://www.theaic.co.uk/sites/default/files/import/statistics_entry/MIR1708.CSV,csv,ok,,,MIR 31 August 2017
2017-08,mir,https://www.theaic.co.uk/sites/default/files/import/statistics_entry/PC1708.CSV,csv,,,,MIR 31 August 2017
2017-08,mir,https://www.theaic.co.uk/sites/default/files/import/statistics_entry/PostMIRErrataAdditional1708.CSV,csv,ok,,,MIR 31 August 2017
2017-08,mir,https://www.theaic.co.uk/sites/default/files/import/statistics_entry/WAR1708.CSV,csv,,,,MIR 31 August 2017
2017-09,keyfacts,https://www.theaic.co.uk/sites/default/files/import/statistics_entry/AICAllCompanies30Sep17.xlsx,xlsx,ok,,,Industry Overview 30 September 2017
2017-09,keyfacts,https://www.theaic.co.uk/sites/default/files/import/statistics_entry/AICIndustryOverview30Sep17.pdf,pdf,,,,Industry Overview 30 September 2017
2017-09,keyfacts,https://www.theaic.co.uk/sites/default/files/import/statistics_entry/AICManagementGroupRankings30Sep17.xlsx,xlsx,,,,Industry Overview 30 September 2017
2017-09,keyfacts,https://www.theaic.co.uk/sites/default/files/import/statistics_entry/AICSectorSummary30Sep17.xlsx,xlsx,,,,Industry Overview 30 September 2017
2017-09,mir,https://www.theaic.co.uk/sites/default/files/import/statistics_entry/CNV1709.CSV,csv,,,,MIR 30 September 2017
2017-09,mir,https://www.theaic.co.uk/sites/default/files/import/statistics_entry/ERR1709.csv,csv,ok,,,MIR 30 September 2017
2017-09,mir,https://www.theaic.co.uk/sites/default/files/import/statistics_entry/GEO1709.CSV,csv,,,,MIR 30 September 2017
2017-09,mir,https://www.theaic.co.uk/sites/default/files/import/statistics_entry/MIR1709.CSV,csv,ok,,,MIR 30 September 2017
2017-09,mir,https://www.theaic.co.uk/sites/default/files/import/statistics_entry/PC1709.CSV,csv,,,,MIR 30 September 2017
2017-09,mir,https://www.theaic.co.uk/sites/default/files/import/statistics_entry/PostMIRErrataAdditional1709.csv,csv,ok,,,MIR 30 September 2017
2017-09,mir,https://www.theaic.co.uk/sites/default/files/import/statistics_entry/WAR1709.CSV,csv,,,,MIR 30 September 2017
2017-09,monthly_statistics,https://www.theaic.co.uk/sites/default/files/2024-11/AICStats30Sep17.pdf,pdf,,,,AIC Stats 30 September 2017
2017-10,keyfacts,https://www.theaic.co.uk/sites/default/files/import/statistics_entry/AICAllCompanies31Oct17.xlsx,xlsx,ok,,,Industry Overview 31 October 2017 
2017-10,keyfacts,https://www.theaic.co.uk/sites/default/files/import/statistics_entry/AICIndustryOverview31Oct17.pdf,pdf,,,,Industry Overview 31 October 2017 
2017-10,keyfacts,https://www.theaic.co.uk/sites/default/files/import/statistics_entry/AICManagementGroupRankings31Oct17.xlsx,xlsx,,,,Industry Overview 31 October 2017 
2017-10,keyfacts,https://www.theaic.co.uk/sites/default/files/import/statistics_entry/AICSectorSummary31Oct17.xlsx,xlsx,,,,Industry Overview 31 October 2017 
2017-10,mir,https://www.theaic.co.uk/sites/default/files/import/statistics_entry/CNV1710.CSV,csv,,,,MIR 31 October 2017
2017-10,mir,https://www.theaic.co.uk/sites/default/files/import/statistics_entry/ERR1710.CSV,csv,ok,,,MIR 31 October 2017
2017-10,mir,https://www.theaic.co.uk/sites/default/files/import/statistics_entry/GEO1710.CSV,csv,,,,MIR 31 October 2017
2017-10,mir,https://www.theaic.co.uk/sites/default/files/import/statistics_entry/MIR1710.CSV,csv,ok,,,MIR 31 October 2017
2017-10,mir,https://www.theaic.co.uk/sites/default/files/import/statistics_entry/PC1710.CSV,csv,,,,MIR 31 October 2017
2017-10,mir,https://www.theaic.co.uk/sites/default/files/import/statistics_entry/PostMIRErrataAdditional1710.CSV,csv,ok,,,MIR 31 October 2017
2017-10,mir,https://www.theaic.co.uk/sites/default/files/import/statistics_entry/WAR1710.CSV,csv,,,,MIR 31 October 2017
2017-11,keyfacts,https://www.theaic.co.uk/sites/default/files/import/statistics_entry/AICAllCompanies30Nov17.xlsx,xlsx,ok,,,Industry Overview 30 November 2017
2017-11,keyfacts,https://www.theaic.co.uk/sites/default/files/import/statistics_entry/AICIndustryOverview30Nov17.pdf,pdf,,,,Industry Overview 30 November 2017
2017-11,keyfacts,https://www.theaic.co.uk/sites/default/files/import/statistics_entry/AICManagementGroupRankings30Nov17.xlsx,xlsx,,,,Industry Overview 30 November 2017
2017-11,keyfacts,https://www.theaic.co.uk/sites/default/files/import/statistics_entry/AICSectorSummary30Nov17.xlsx,xlsx,,,,Industry Overview 30 November 2017
2017-11,mir,https://www.theaic.co.uk/sites/default/files/import/statistics_entry/CNV1711.CSV,csv,,,,MIR 30 November 2017
2017-11,mir,https://www.theaic.co.uk/sites/default/files/import/statistics_entry/ERR1711.CSV,csv,ok,,,MIR 30 November 2017
2017-11,mir,https://www.theaic.co.uk/sites/default/files/import/statistics_entry/GEO1711.CSV,csv,,,,MIR 30 November 2017
2017-11,mir,https://www.theaic.co.uk/sites/default/files/import/statistics_entry/MIR1711.CSV,csv,ok,,,MIR 30 November 2017
2017-11,mir,https://www.theaic.co.uk/sites/default/files/import/statistics_entry/PC1711.CSV,csv,,,,MIR 30 November 2017
2017-11,mir,https://www.theaic.co.uk/sites/default/files/import/statistics_entry/PostMIRErrataAdditional1711.CSV,csv,ok,,,MIR 30 November 2017
2017-11,mir,https://www.theaic.co.uk/sites/default/files/import/statistics_entry/WAR1711.CSV,csv,,,,MIR 30 November 2017
2017-12,corporate_activity,https://www.theaic.co.uk/sites/default/files/import/statistics_entry/AICCorporateActivity2017.xlsx,xlsx,ok,,,Corporate Activity 2017
2017-12,keyfacts,https://www.theaic.co.uk/sites/default/files/import/statistics_entry/AICAllCompanies31Dec17.xlsx,xlsx,ok,,,Industry Overview 31 December 2017
2017-12,keyfacts,https://www.theaic.co.uk/sites/default/files/import/statistics_entry/AICIndustryOverview31Dec17.pdf,pdf,,,,Industry Overview 31 December 2017
2017-12,keyfacts,https://www.theaic.co.uk/sites/default/files/import/statistics_entry/AICManagementGroupRankings31Dec17.xlsx,xlsx,,,,Industry Overview 31 December 2017
2017-12,keyfacts,https://www.theaic.co.uk/sites/default/files/import/statistics_entry/AICSectorSummary31Dec17.xlsx,xlsx,,,,Industry Overview 31 December 2017
2017-12,mir,https://www.theaic.co.uk/sites/default/files/import/statistics_entry/CNV1712.CSV,csv,,,,MIR 31 December 2017
2017-12,mir,https://www.theaic.co.uk/sites/default/files/import/statistics_entry/ERR1712.CSV,csv,ok,,,MIR 31 December 2017
2017-12,mir,https://www.theaic.co.uk/sites/default/files/import/statistics_entry/GEO1712.CSV,csv,,,,MIR 31 December 2017
2017-12,mir,https://www.theaic.co.uk/sites/default/files/import/statistics_entry/MIR1712.CSV,csv,ok,,,MIR 31 December 2017
2017-12,mir,https://www.theaic.co.uk/sites/default/files/import/statistics_entry/PC1712.CSV,csv,,,,MIR 31 December 2017
2017-12,mir,https://www.theaic.co.uk/sites/default/files/import/statistics_entry/PostMIRErrataAdditional1712.CSV,csv,ok,,,MIR 31 December 2017
2017-12,mir,https://www.theaic.co.uk/sites/default/files/import/statistics_entry/WAR1712.CSV,csv,,,,MIR 31 December 2017
2017-12,monthly_statistics,https://www.theaic.co.uk/sites/default/files/2024-11/AICStats31Dec17.pdf,pdf,,,,AIC Stats 31 December 2017
2018-01,keyfacts,https://www.theaic.co.uk/sites/default/files/import/statistics_entry/AICAllCompanies31Jan18.xlsx,xlsx,ok,,,Industry Overview 31 January 2018
2018-01,keyfacts,https://www.theaic.co.uk/sites/default/files/import/statistics_entry/AICIndustryOverview31Jan18.pdf,pdf,,,,Industry Overview 31 January 2018
2018-01,keyfacts,https://www.theaic.co.uk/sites/default/files/import/statistics_entry/AICManagementGroupRankings31Jan18.xlsx,xlsx,,,,Industry Overview 31 January 2018
2018-01,keyfacts,https://www.theaic.co.uk/sites/default/files/import/statistics_entry/AICSectorSummary31Jan18.xlsx,xlsx,,,,Industry Overview 31 January 2018
2018-01,mir,https://www.theaic.co.uk/sites/default/files/import/statistics_entry/CNV1801.CSV,csv,,,,MIR 31 January 2018
2018-01,mir,https://www.theaic.co.uk/sites/default/files/import/statistics_entry/ERR1801.CSV,csv,ok,,,MIR 31 January 2018
2018-01,mir,https://www.theaic.co.uk/sites/default/files/import/statistics_entry/GEO1801.CSV,csv,,,,MIR 31 January 2018
2018-01,mir,https://www.theaic.co.uk/sites/default/files/import/statistics_entry/MIR1801.CSV,csv,ok,,,MIR 31 January 2018
2018-01,mir,https://www.theaic.co.uk/sites/default/files/import/statistics_entry/PC1801.CSV,csv,,,,MIR 31 January 2018
2018-01,mir,https://www.theaic.co.uk/sites/default/files/import/statistics_entry/WAR1801.CSV,csv,,,,MIR 31 January 2018
2018-01,monthly_statistics,https://www.theaic.co.uk/sites/default/files/2024-11/AICAdvancedCompare-endJanuary2018.pdf,pdf,,,,Monthly statistics - January 2018
2018-02,keyfacts,https://www.theaic.co.uk/sites/default/files/import/statistics_entry/AICAllCompanies28Feb18.xlsx,xlsx,ok,,,Industry Overview 28 February 2018
2018-02,keyfacts,https://www.theaic.co.uk/sites/default/files/import/statistics_entry/AICIndustryOverview28Feb18.pdf,pdf,,,,Industry Overview 28 February 2018
2018-02,keyfacts,https://www.theaic.co.uk/sites/default/files/import/statistics_entry/AICManagementGroupRankings28Feb18.xlsx,xlsx,,,,Industry Overview 28 February 2018
2018-02,keyfacts,https://www.theaic.co.uk/sites/default/files/import/statistics_entry/AICSectorSummary28Feb18.xlsx,xlsx,,,,Industry Overview 28 February 2018
2018-02,mir,https://www.theaic.co.uk/sites/default/files/import/statistics_entry/CNV1802.CSV,csv,,,,MIR 28 February 2018
2018-02,mir,https://www.theaic.co.uk/sites/default/files/import/statistics_entry/ERR1802.CSV,csv,ok,,,MIR 28 February 2018
2018-02,mir,https://www.theaic.co.uk/sites/default/files/import/statistics_entry/ERR1802_0.CSV,csv,ok,,,MIR 28 February 2018
2018-02,mir,https://www.theaic.co.uk/sites/default/files/import/statistics_entry/GEO1802.CSV,csv,,,,MIR 28 February 2018
2018-02,mir,https://www.theaic.co.uk/sites/default/files/import/statistics_entry/MIR1802.CSV,csv,ok,,,MIR 28 February 2018
2018-02,mir,https://www.theaic.co.uk/sites/default/files/import/statistics_entry/PC1802.CSV,csv,,,,MIR 28 February 2018
2018-02,mir,https://www.theaic.co.uk/sites/default/files/import/statistics_entry/WAR1802.CSV,csv,,,,MIR 28 February 2018
2018-02,monthly_statistics,https://www.theaic.co.uk/sites/default/files/2024-11/AICAdvancedCompare-endFebruary2018.pdf,pdf,,,,Monthly statistics - February 2018
2018-03,keyfacts,https://www.theaic.co.uk/sites/default/files/import/statistics_entry/AICAllCompanies31Mar18.xlsx,xlsx,ok,,,Industry Overview 31 March 2018
2018-03,keyfacts,https://www.theaic.co.uk/sites/default/files/import/statistics_entry/AICIndustryOverview31Mar18.pdf,pdf,,,,Industry Overview 31 March 2018
2018-03,keyfacts,https://www.theaic.co.uk/sites/default/files/import/statistics_entry/AICManagementGroupRankings31Mar18.xlsx,xlsx,,,,Industry Overview 31 March 2018
2018-03,keyfacts,https://www.theaic.co.uk/sites/default/files/import/statistics_entry/AICSectorSummary31Mar18.xlsx,xlsx,,,,Industry Overview 31 March 2018
2018-03,mir,https://www.theaic.co.uk/sites/default/files/import/statistics_entry/CNV1803.CSV,csv,,,,MIR 31 March 2018
2018-03,mir,https://www.theaic.co.uk/sites/default/files/import/statistics_entry/ERR1803.CSV,csv,ok,,,MIR 31 March 2018
2018-03,mir,https://www.theaic.co.uk/sites/default/files/import/statistics_entry/GEO1803.CSV,csv,,,,MIR 31 March 2018
2018-03,mir,https://www.theaic.co.uk/sites/default/files/import/statistics_entry/MIR1803.CSV,csv,ok,,,MIR 31 March 2018
2018-03,mir,https://www.theaic.co.uk/sites/default/files/import/statistics_entry/PC1803.CSV,csv,,,,MIR 31 March 2018
2018-03,mir,https://www.theaic.co.uk/sites/default/files/import/statistics_entry/PostMIRErrataAdditional1803.csv,csv,ok,,,MIR 31 March 2018
2018-03,mir,https://www.theaic.co.uk/sites/default/files/import/statistics_entry/WAR1803.CSV,csv,,,,MIR 31 March 2018
2018-03,monthly_statistics,https://www.theaic.co.uk/sites/default/files/2024-11/AICAdvancedCompare-endMarch2018.pdf,pdf,,,,Monthly statistics - March 2018
2018-04,keyfacts,https://www.theaic.co.uk/sites/default/files/import/statistics_entry/AICAllCompanies30Apr18.xlsx,xlsx,ok,,,Industry Overview 30 April 2018
2018-04,keyfacts,https://www.theaic.co.uk/sites/default/files/import/statistics_entry/AICIndustryOverview30Apr18.pdf,pdf,,,,Industry Overview 30 April 2018
2018-04,keyfacts,https://www.theaic.co.uk/sites/default/files/import/statistics_entry/AICManagementGroupRankings30Apr18.xlsx,xlsx,,,,Industry Overview 30 April 2018
2018-04,keyfacts,https://www.theaic.co.uk/sites/default/files/import/statistics_entry/AICSectorSummary30Apr18.xlsx,xlsx,,,,Industry Overview 30 April 2018
2018-04,mir,https://www.theaic.co.uk/sites/default/files/import/statistics_entry/CNV1804.CSV,csv,,,,MIR 30 April 2018
2018-04,mir,https://www.theaic.co.uk/sites/default/files/import/statistics_entry/ERR1804.CSV,csv,ok,,,MIR 30 April 2018
2018-04,mir,https://www.theaic.co.uk/sites/default/files/import/statistics_entry/GEO1804.CSV,csv,,,,MIR 30 April 2018
2018-04,mir,https://www.theaic.co.uk/sites/default/files/import/statistics_entry/MIR1804.csv,csv,ok,,,MIR 30 April 2018
2018-04,mir,https://www.theaic.co.uk/sites/default/files/import/statistics_entry/PC1804.CSV,csv,,,,MIR 30 April 2018
2018-04,mir,https://www.theaic.co.uk/sites/default/files/import/statistics_entry/PostMIRErrataAdditional1804.csv,csv,ok,,,MIR 30 April 2018
2018-04,mir,https://www.theaic.co.uk/sites/default/files/import/statistics_entry/WAR1804.CSV,csv,,,,MIR 30 April 2018
2018-04,monthly_statistics,https://www.theaic.co.uk/sites/default/files/2024-11/AICAdvancedCompare-endApril2018.pdf,pdf,,,,Monthly statistics - April 2018
2018-05,keyfacts,https://www.theaic.co.uk/sites/default/files/import/statistics_entry/AICAllCompanies31May18.xlsx,xlsx,ok,,,Industry Overview 31 May 2018
2018-05,keyfacts,https://www.theaic.co.uk/sites/default/files/import/statistics_entry/AICIndustryOverview31May18.pdf,pdf,,,,Industry Overview 31 May 2018
2018-05,keyfacts,https://www.theaic.co.uk/sites/default/files/import/statistics_entry/AICManagementGroupRankings31May18.xlsx,xlsx,,,,Industry Overview 31 May 2018
2018-05,keyfacts,https://www.theaic.co.uk/sites/default/files/import/statistics_entry/AICSectorSummary31May18.xlsx,xlsx,,,,Industry Overview 31 May 2018
2018-05,mir,https://www.theaic.co.uk/sites/default/files/import/statistics_entry/CNV1805.CSV,csv,,,,MIR 31 May 2018
2018-05,mir,https://www.theaic.co.uk/sites/default/files/import/statistics_entry/ERR1805.CSV,csv,ok,,,MIR 31 May 2018
2018-05,mir,https://www.theaic.co.uk/sites/default/files/import/statistics_entry/GEO1805.CSV,csv,,,,MIR 31 May 2018
2018-05,mir,https://www.theaic.co.uk/sites/default/files/import/statistics_entry/MIR1805.CSV,csv,ok,,,MIR 31 May 2018
2018-05,mir,https://www.theaic.co.uk/sites/default/files/import/statistics_entry/PC1805.CSV,csv,,,,MIR 31 May 2018
2018-05,mir,https://www.theaic.co.uk/sites/default/files/import/statistics_entry/PostMIRErrataAdditional1805.csv,csv,ok,,,MIR 31 May 2018
2018-05,mir,https://www.theaic.co.uk/sites/default/files/import/statistics_entry/WAR1805.CSV,csv,,,,MIR 31 May 2018
2018-05,monthly_statistics,https://www.theaic.co.uk/sites/default/files/2024-11/AICAdvancedCompare-endMay2018.pdf,pdf,,,,Monthly statistics - May 2018
2018-06,keyfacts,https://www.theaic.co.uk/sites/default/files/import/statistics_entry/AICAllCompanies30Jun18.xlsx,xlsx,ok,,,Industry Overview 30 June 2018
2018-06,keyfacts,https://www.theaic.co.uk/sites/default/files/import/statistics_entry/AICIndustryOverview30Jun18.pdf,pdf,,,,Industry Overview 30 June 2018
2018-06,keyfacts,https://www.theaic.co.uk/sites/default/files/import/statistics_entry/AICManagementGroupRankings30Jun18.xlsx,xlsx,,,,Industry Overview 30 June 2018
2018-06,keyfacts,https://www.theaic.co.uk/sites/default/files/import/statistics_entry/AICSectorSummary30Jun18.xlsx,xlsx,,,,Industry Overview 30 June 2018
2018-06,mir,https://www.theaic.co.uk/sites/default/files/import/statistics_entry/CNV1806.CSV,csv,,,,MIR 30 June 2018
2018-06,mir,https://www.theaic.co.uk/sites/default/files/import/statistics_entry/ERR1806.CSV,csv,ok,,,MIR 30 June 2018
2018-06,mir,https://www.theaic.co.uk/sites/default/files/import/statistics_entry/GEO1806.CSV,csv,,,,MIR 30 June 2018
2018-06,mir,https://www.theaic.co.uk/sites/default/files/import/statistics_entry/MIR1806.csv,csv,ok,,,MIR 30 June 2018
2018-06,mir,https://www.theaic.co.uk/sites/default/files/import/statistics_entry/PC1806.CSV,csv,,,,MIR 30 June 2018
2018-06,mir,https://www.theaic.co.uk/sites/default/files/import/statistics_entry/PostMIRErrataAdditional1806.CSV,csv,ok,,,MIR 30 June 2018
2018-06,mir,https://www.theaic.co.uk/sites/default/files/import/statistics_entry/WAR1806.CSV,csv,,,,MIR 30 June 2018
2018-06,monthly_statistics,https://www.theaic.co.uk/sites/default/files/2024-11/AICAdvancedCompare-endJune2018.pdf,pdf,,,,Monthly statistics - June 2018
2018-07,keyfacts,https://www.theaic.co.uk/sites/default/files/import/statistics_entry/AICAllCompanies31Jul18.xlsx,xlsx,ok,,,Industry Overview 31 July 2018
2018-07,keyfacts,https://www.theaic.co.uk/sites/default/files/import/statistics_entry/AICIndustryOverview31Jul18.pdf,pdf,,,,Industry Overview 31 July 2018
2018-07,keyfacts,https://www.theaic.co.uk/sites/default/files/import/statistics_entry/AICManagementGroupRankings31Jul18.xlsx,xlsx,,,,Industry Overview 31 July 2018
2018-07,keyfacts,https://www.theaic.co.uk/sites/default/files/import/statistics_entry/AICSectorSummary31Jul18.xlsx,xlsx,,,,Industry Overview 31 July 2018
2018-07,mir,https://www.theaic.co.uk/sites/default/files/import/statistics_entry/CNV1807.CSV,csv,,,,MIR 31 July 2018
2018-07,mir,https://www.theaic.co.uk/sites/default/files/import/statistics_entry/ERR1807.CSV,csv,ok,,,MIR 31 July 2018
2018-07,mir,https://www.theaic.co.uk/sites/default/files/import/statistics_entry/GEO1807.CSV,csv,,,,MIR 31 July 2018
2018-07,mir,https://www.theaic.co.uk/sites/default/files/import/statistics_entry/MIR1807.CSV,csv,ok,,,MIR 31 July 2018
2018-07,mir,https://www.theaic.co.uk/sites/default/files/import/statistics_entry/PC1807.CSV,csv,,,,MIR 31 July 2018
2018-07,mir,https://www.theaic.co.uk/sites/default/files/import/statistics_entry/PostMIRErrataAdditional1807.CSV,csv,ok,,,MIR 31 July 2018
2018-07,mir,https://www.theaic.co.uk/sites/default/files/import/statistics_entry/WAR1807.CSV,csv,,,,MIR 31 July 2018
2018-07,monthly_statistics,https://www.theaic.co.uk/sites/default/files/2024-11/AICAdvancedCompare-endJuly2018.pdf,pdf,,,,Monthly statistics - July 2018
2018-08,keyfacts,https://www.theaic.co.uk/sites/default/files/import/statistics_entry/AICAllCompanies31Aug18.xlsx,xlsx,ok,,,Industry Overview 31 August 2018
2018-08,keyfacts,https://www.theaic.co.uk/sites/default/files/import/statistics_entry/AICIndustryOverview31Aug18.pdf,pdf,,,,Industry Overview 31 August 2018
2018-08,keyfacts,https://www.theaic.co.uk/sites/default/files/import/statistics_entry/AICManagementGroupRankings31Aug18.xlsx,xlsx,,,,Industry Overview 31 August 2018
2018-08,keyfacts,https://www.theaic.co.uk/sites/default/files/import/statistics_entry/AICSectorSummary31Aug18.xlsx,xlsx,,,,Industry Overview 31 August 2018
2018-08,mir,https://www.theaic.co.uk/sites/default/files/import/statistics_entry/CNV1808.CSV,csv,,,,MIR 31 August 2018
2018-08,mir,https://www.theaic.co.uk/sites/default/files/import/statistics_entry/ERR1808.CSV,csv,ok,,,MIR 31 August 2018
2018-08,mir,https://www.theaic.co.uk/sites/default/files/import/statistics_entry/GEO1808.CSV,csv,,,,MIR 31 August 2018
2018-08,mir,https://www.theaic.co.uk/sites/default/files/import/statistics_entry/MIR1808.CSV,csv,ok,,,MIR 31 August 2018
2018-08,mir,https://www.theaic.co.uk/sites/default/files/import/statistics_entry/PC1808.CSV,csv,,,,MIR 31 August 2018
2018-08,mir,https://www.theaic.co.uk/sites/default/files/import/statistics_entry/PostMIRErrataAdditional1808.csv,csv,ok,,,MIR 31 August 2018
2018-08,mir,https://www.theaic.co.uk/sites/default/files/import/statistics_entry/WAR1808.CSV,csv,,,,MIR 31 August 2018
2018-08,monthly_statistics,https://www.theaic.co.uk/sites/default/files/2024-11/AICAdvancedCompare-endAugust2018.pdf,pdf,,,,Monthly statistics - August 2018
2018-09,keyfacts,https://www.theaic.co.uk/sites/default/files/import/statistics_entry/AICAllCompanies30Sep18.xlsx,xlsx,ok,,,Industry Overview 30 September 2018
2018-09,keyfacts,https://www.theaic.co.uk/sites/default/files/import/statistics_entry/AICIndustryOverview30Sep18.pdf,pdf,,,,Industry Overview 30 September 2018
2018-09,keyfacts,https://www.theaic.co.uk/sites/default/files/import/statistics_entry/AICManagementGroupRankings30Sep18.xlsx,xlsx,,,,Industry Overview 30 September 2018
2018-09,keyfacts,https://www.theaic.co.uk/sites/default/files/import/statistics_entry/AICSectorSummary30Sep18.xlsx,xlsx,,,,Industry Overview 30 September 2018
2018-09,mir,https://www.theaic.co.uk/sites/default/files/import/statistics_entry/CNV1809.CSV,csv,,,,MIR 30 September 2018
2018-09,mir,https://www.theaic.co.uk/sites/default/files/import/statistics_entry/ERR1809.CSV,csv,ok,,,MIR 30 September 2018
2018-09,mir,https://www.theaic.co.uk/sites/default/files/import/statistics_entry/GEO1809.CSV,csv,,,,MIR 30 September 2018
2018-09,mir,https://www.theaic.co.uk/sites/default/files/import/statistics_entry/MIR1809.CSV,csv,ok,,,MIR 30 September 2018
2018-09,mir,https://www.theaic.co.uk/sites/default/files/import/statistics_entry/PC1809.CSV,csv,,,,MIR 30 September 2018
2018-09,mir,https://www.theaic.co.uk/sites/default/files/import/statistics_entry/PostMIRErrataAdditional1809.CSV,csv,ok,,,MIR 30 September 2018
2018-09,mir,https://www.theaic.co.uk/sites/default/files/import/statistics_entry/WAR1809.CSV,csv,,,,MIR 30 September 2018
2018-09,monthly_statistics,https://www.theaic.co.uk/sites/default/files/2024-11/AICAdvancedCompare-endSeptember2018.pdf,pdf,,,,Monthly statistics - September 2018
2018-10,keyfacts,https://www.theaic.co.uk/sites/default/files/import/statistics_entry/AICAllCompanies31Oct18.xlsx,xlsx,ok,,,Industry Overview 31 October 2018
2018-10,keyfacts,https://www.theaic.co.uk/sites/default/files/import/statistics_entry/AICIndustryOverview31Oct18.pdf,pdf,,,,Industry Overview 31 October 2018
2018-10,keyfacts,https://www.theaic.co.uk/sites/default/files/import/statistics_entry/AICManagementGroupRankings31Oct18.xlsx,xlsx,,,,Industry Overview 31 October 2018
2018-10,keyfacts,https://www.theaic.co.uk/sites/default/files/import/statistics_entry/AICSectorSummary31Oct18.xlsx,xlsx,,,,Industry Overview 31 October 2018
2018-10,mir,https://www.theaic.co.uk/sites/default/files/import/statistics_entry/CNV1810.csv,csv,,,,MIR 31 October 2018
2018-10,mir,https://www.theaic.co.uk/sites/default/files/import/statistics_entry/ERR1810.csv,csv,ok,,,MIR 31 October 2018
2018-10,mir,https://www.theaic.co.uk/sites/default/files/import/statistics_entry/GEO1810.csv,csv,,,,MIR 31 October 2018
2018-10,mir,https://www.theaic.co.uk/sites/default/files/import/statistics_entry/MIR1810.CSV,csv,ok,,,MIR 31 October 2018
2018-10,mir,https://www.theaic.co.uk/sites/default/files/import/statistics_entry/PC1810.csv,csv,,,,MIR 31 October 2018
2018-10,mir,https://www.theaic.co.uk/sites/default/files/import/statistics_entry/PostMIRErrataAdditional1810.CSV,csv,ok,,,MIR 31 October 2018
2018-10,mir,https://www.theaic.co.uk/sites/default/files/import/statistics_entry/WAR1810.csv,csv,,,,MIR 31 October 2018
2018-10,monthly_statistics,https://www.theaic.co.uk/sites/default/files/2024-11/AICAdvancedCompare-endOctober2018.pdf,pdf,,,,Monthly statistics - October 2018
2018-11,keyfacts,https://www.theaic.co.uk/sites/default/files/import/statistics_entry/AICAllCompanies30Nov18.xlsx,xlsx,ok,,,Industry Overview 30 November 2018
2018-11,keyfacts,https://www.theaic.co.uk/sites/default/files/import/statistics_entry/AICIndustryOverview30Nov18.pdf,pdf,,,,Industry Overview 30 November 2018
2018-11,keyfacts,https://www.theaic.co.uk/sites/default/files/import/statistics_entry/AICManagementGroupRankings30Nov18.xlsx,xlsx,,,,Industry Overview 30 November 2018
2018-11,keyfacts,https://www.theaic.co.uk/sites/default/files/import/statistics_entry/AICSectorSummary30Nov18.xlsx,xlsx,,,,Industry Overview 30 November 2018
2018-11,mir,https://www.theaic.co.uk/sites/default/files/import/statistics_entry/CNV1811.csv,csv,,,,MIR 30 November 2018
2018-11,mir,https://www.theaic.co.uk/sites/default/files/import/statistics_entry/ERR1811.csv,csv,ok,,,MIR 30 November 2018
2018-11,mir,https://www.theaic.co.uk/sites/default/files/import/statistics_entry/GEO1811.csv,csv,,,,MIR 30 November 2018
2018-11,mir,https://www.theaic.co.uk/sites/default/files/import/statistics_entry/MIR1811.csv,csv,ok,,,MIR 30 November 2018
2018-11,mir,https://www.theaic.co.uk/sites/default/files/import/statistics_entry/PC1811.csv,csv,,,,MIR 30 November 2018
2018-11,mir,https://www.theaic.co.uk/sites/default/files/import/statistics_entry/PostMIRErrataAdditional1811.csv,csv,ok,,,MIR 30 November 2018
2018-11,mir,https://www.theaic.co.uk/sites/default/files/import/statistics_entry/WAR1811.csv,csv,,,,MIR 30 November 2018
2018-11,monthly_statistics,https://www.theaic.co.uk/sites/default/files/2024-11/AICAdvancedCompare-endNovember2018.pdf,pdf,,,,Monthly statistics - November 2018
2018-12,corporate_activity,https://www.theaic.co.uk/sites/default/files/import/statistics_entry/AICCorporateActivity2018.xlsx,xlsx,ok,,,Corporate Activity 2018
2018-12,keyfacts,https://www.theaic.co.uk/sites/default/files/import/statistics_entry/AICAllCompanies31Dec18.xlsx,xlsx,ok,,,Industry Overview 31 December 2018
2018-12,keyfacts,https://www.theaic.co.uk/sites/default/files/import/statistics_entry/AICIndustryOverview31Dec18.pdf,pdf,,,,Industry Overview 31 December 2018
2018-12,keyfacts,https://www.theaic.co.uk/sites/default/files/import/statistics_entry/AICManagementGroupRankings31Dec18.xlsx,xlsx,,,,Industry Overview 31 December 2018
2018-12,keyfacts,https://www.theaic.co.uk/sites/default/files/import/statistics_entry/AICSectorSummary31Dec18.xlsx,xlsx,,,,Industry Overview 31 December 2018
2018-12,mir,https://www.theaic.co.uk/sites/default/files/import/statistics_entry/CNV1812.csv,csv,,,,MIR 31 December 2018
2018-12,mir,https://www.theaic.co.uk/sites/default/files/import/statistics_entry/ERR1812.csv,csv,ok,,,MIR 31 December 2018
2018-12,mir,https://www.theaic.co.uk/sites/default/files/import/statistics_entry/GEO1812.csv,csv,,,,MIR 31 December 2018
2018-12,mir,https://www.theaic.co.uk/sites/default/files/import/statistics_entry/MIR1812.csv,csv,ok,,,MIR 31 December 2018
2018-12,mir,https://www.theaic.co.uk/sites/default/files/import/statistics_entry/PC1812.csv,csv,,,,MIR 31 December 2018
2018-12,mir,https://www.theaic.co.uk/sites/default/files/import/statistics_entry/PostMIRErrataAdditional1812.csv,csv,ok,,,MIR 31 December 2018
2018-12,mir,https://www.theaic.co.uk/sites/default/files/import/statistics_entry/WAR1812.csv,csv,,,,MIR 31 December 2018
2018-12,monthly_statistics,https://www.theaic.co.uk/sites/default/files/2024-11/AICAdvancedCompare-endDecember2018.pdf,pdf,,,,Monthly statistics - December 2018
2019-01,keyfacts,https://www.theaic.co.uk/sites/default/files/import/statistics_entry/AICAllCompanies31Jan19.xlsx,xlsx,ok,,,Industry Overview 31 January 2019
2019-01,keyfacts,https://www.theaic.co.uk/sites/default/files/import/statistics_entry/AICIndustryOverview31Jan19.pdf,pdf,,,,Industry Overview 31 January 2019
2019-01,keyfacts,https://www.theaic.co.uk/sites/default/files/import/statistics_entry/AICManagementGroupRankings31Jan19.xlsx,xlsx,,,,Industry Overview 31 January 2019
2019-01,keyfacts,https://www.theaic.co.uk/sites/default/files/import/statistics_entry/AICSectorSummary31Jan19.xlsx,xlsx,,,,Industry Overview 31 January 2019
2019-01,mir,https://www.theaic.co.uk/sites/default/files/import/statistics_entry/CNV1901.csv,csv,,,,MIR 31 January 2019
2019-01,mir,https://www.theaic.co.uk/sites/default/files/import/statistics_entry/ERR1901.csv,csv,ok,,,MIR 31 January 2019
2019-01,mir,https://www.theaic.co.uk/sites/default/files/import/statistics_entry/GEO1901.csv,csv,,,,MIR 31 January 2019
2019-01,mir,https://www.theaic.co.uk/sites/default/files/import/statistics_entry/MIR1901.csv,csv,ok,,,MIR 31 January 2019
2019-01,mir,https://www.theaic.co.uk/sites/default/files/import/statistics_entry/PC1901.csv,csv,,,,MIR 31 January 2019
2019-01,mir,https://www.theaic.co.uk/sites/default/files/import/statistics_entry/PostMIRErrataAdditional1901.csv,csv,ok,,,MIR 31 January 2019
2019-01,mir,https://www.theaic.co.uk/sites/default/files/import/statistics_entry/WAR1901.csv,csv,,,,MIR 31 January 2019
2019-01,monthly_statistics,https://www.theaic.co.uk/sites/default/files/2024-11/AICAdvancedCompare-endJanuary2019.pdf,pdf,,,,Monthly statistics - January 2019
2019-02,keyfacts,https://www.theaic.co.uk/sites/default/files/import/statistics_entry/AICAllCompanies28Feb19.xlsx,xlsx,ok,,,Industry Overview 28 February 2019
2019-02,keyfacts,https://www.theaic.co.uk/sites/default/files/import/statistics_entry/AICIndustryOverview28Feb19.pdf,pdf,,,,Industry Overview 28 February 2019
2019-02,keyfacts,https://www.theaic.co.uk/sites/default/files/import/statistics_entry/AICManagementGroupRankings28Feb19.xlsx,xlsx,,,,Industry Overview 28 February 2019
2019-02,keyfacts,https://www.theaic.co.uk/sites/default/files/import/statistics_entry/AICSectorSummary28Feb19.xlsx,xlsx,,,,Industry Overview 28 February 2019
2019-02,mir,https://www.theaic.co.uk/sites/default/files/import/statistics_entry/CNV1902.csv,csv,,,,MIR 28 February 2019
2019-02,mir,https://www.theaic.co.uk/sites/default/files/import/statistics_entry/ERR1902.csv,csv,ok,,,MIR 28 February 2019
2019-02,mir,https://www.theaic.co.uk/sites/default/files/import/statistics_entry/GEO1902.csv,csv,,,,MIR 28 February 2019
2019-02,mir,https://www.theaic.co.uk/sites/default/files/import/statistics_entry/MIR1902.csv,csv,ok,,,MIR 28 February 2019
2019-02,mir,https://www.theaic.co.uk/sites/default/files/import/statistics_entry/PC1902.csv,csv,,,,MIR 28 February 2019
2019-02,mir,https://www.theaic.co.uk/sites/default/files/import/statistics_entry/PostMIRErrataAdditional1902.csv,csv,ok,,,MIR 28 February 2019
2019-02,mir,https://www.theaic.co.uk/sites/default/files/import/statistics_entry/WAR1902.csv,csv,,,,MIR 28 February 2019
2019-02,monthly_statistics,https://www.theaic.co.uk/sites/default/files/2024-11/AICAdvancedCompare-endFebruary2019.pdf,pdf,,,,Monthly statistics - February 2019
2019-03,keyfacts,https://www.theaic.co.uk/sites/default/files/import/statistics_entry/AICAllCompanies31Mar19.xlsx,xlsx,ok,,,Industry Overview 31 March 2019
2019-03,keyfacts,https://www.theaic.co.uk/sites/default/files/import/statistics_entry/AICIndustryOverview31Mar19.pdf,pdf,,,,Industry Overview 31 March 2019
2019-03,keyfacts,https://www.theaic.co.uk/sites/default/files/import/statistics_entry/AICManagementGroupRankings31Mar19.xlsx,xlsx,,,,Industry Overview 31 March 2019
2019-03,keyfacts,https://www.theaic.co.uk/sites/default/files/import/statistics_entry/AICSectorSummary31Mar19.xlsx,xlsx,,,,Industry Overview 31 March 2019
2019-03,mir,https://www.theaic.co.uk/sites/default/files/import/statistics_entry/CNV1903.csv,csv,,,,MIR 31 March 2019
2019-03,mir,https://www.theaic.co.uk/sites/default/files/import/statistics_entry/ERR1903.csv,csv,ok,,,MIR 31 March 2019
2019-03,mir,https://www.theaic.co.uk/sites/default/files/import/statistics_entry/GEO1903.csv,csv,,,,MIR 31 March 2019
2019-03,mir,https://www.theaic.co.uk/sites/default/files/import/statistics_entry/MIR1903.csv,csv,ok,,,MIR 31 March 2019
2019-03,mir,https://www.theaic.co.uk/sites/default/files/import/statistics_entry/PC1903.csv,csv,,,,MIR 31 March 2019
2019-03,mir,https://www.theaic.co.uk/sites/default/files/import/statistics_entry/PostMIRErrataAdditional1903.csv,csv,ok,,,MIR 31 March 2019
2019-03,mir,https://www.theaic.co.uk/sites/default/files/import/statistics_entry/WAR1903.csv,csv,,,,MIR 31 March 2019
2019-03,monthly_statistics,https://www.theaic.co.uk/sites/default/files/2024-11/AICAdvancedCompare-endMarch2019.pdf,pdf,,,,Monthly statistics - March 2019
2019-04,keyfacts,https://www.theaic.co.uk/sites/default/files/import/statistics_entry/AICAllCompanies30Apr19.xlsx,xlsx,ok,,,Industry Overview 30 April 2019
2019-04,keyfacts,https://www.theaic.co.uk/sites/default/files/import/statistics_entry/AICIndustryOverview30Apr19.pdf,pdf,,,,Industry Overview 30 April 2019
2019-04,keyfacts,https://www.theaic.co.uk/sites/default/files/import/statistics_entry/AICManagementGroupRankings30Apr19.xlsx,xlsx,,,,Industry Overview 30 April 2019
2019-04,keyfacts,https://www.theaic.co.uk/sites/default/files/import/statistics_entry/AICSectorSummary30Apr19.xlsx,xlsx,,,,Industry Overview 30 April 2019
2019-04,mir,https://www.theaic.co.uk/sites/default/files/import/statistics_entry/CNV1904.csv,csv,,,,MIR 30 April 2019
2019-04,mir,https://www.theaic.co.uk/sites/default/files/import/statistics_entry/ERR1904.csv,csv,ok,,,MIR 30 April 2019
2019-04,mir,https://www.theaic.co.uk/sites/default/files/import/statistics_entry/GEO1904.csv,csv,,,,MIR 30 April 2019
2019-04,mir,https://www.theaic.co.uk/sites/default/files/import/statistics_entry/MIR1904.csv,csv,ok,,,MIR 30 April 2019
2019-04,mir,https://www.theaic.co.uk/sites/default/files/import/statistics_entry/PC1904.csv,csv,,,,MIR 30 April 2019
2019-04,mir,https://www.theaic.co.uk/sites/default/files/import/statistics_entry/PostMIRErrataAdditional1904.csv,csv,ok,,,MIR 30 April 2019
2019-04,mir,https://www.theaic.co.uk/sites/default/files/import/statistics_entry/WAR1904.csv,csv,,,,MIR 30 April 2019
2019-04,monthly_statistics,https://www.theaic.co.uk/sites/default/files/2024-11/AICAdvancedCompare-endApril2019.pdf,pdf,,,,Monthly statistics - April 2019
2019-05,keyfacts,https://www.theaic.co.uk/sites/default/files/import/statistics_entry/AICAllCompanies31May19.xlsx,xlsx,ok,,,Industry Overview 31 May 2019
2019-05,keyfacts,https://www.theaic.co.uk/sites/default/files/import/statistics_entry/AICIndustryOverview31May19.pdf,pdf,,,,Industry Overview 31 May 2019
2019-05,keyfacts,https://www.theaic.co.uk/sites/default/files/import/statistics_entry/AICManagementGroupRankings31May19.xlsx,xlsx,,,,Industry Overview 31 May 2019
2019-05,keyfacts,https://www.theaic.co.uk/sites/default/files/import/statistics_entry/AICSectorSummary31May19.xlsx,xlsx,,,,Industry Overview 31 May 2019
2019-05,mir,https://www.theaic.co.uk/sites/default/files/import/statistics_entry/CNV1905.csv,csv,,,,MIR 31 May 2019
2019-05,mir,https://www.theaic.co.uk/sites/default/files/import/statistics_entry/ERR1905.csv,csv,ok,,,MIR 31 May 2019
2019-05,mir,https://www.theaic.co.uk/sites/default/files/import/statistics_entry/GEO1905.csv,csv,,,,MIR 31 May 2019
2019-05,mir,https://www.theaic.co.uk/sites/default/files/import/statistics_entry/MIR1905.csv,csv,ok,,,MIR 31 May 2019
2019-05,mir,https://www.theaic.co.uk/sites/default/files/import/statistics_entry/PC1905.csv,csv,,,,MIR 31 May 2019
2019-05,mir,https://www.theaic.co.uk/sites/default/files/import/statistics_entry/PostMIRErrataAdditional1905.csv,csv,ok,,,MIR 31 May 2019
2019-05,mir,https://www.theaic.co.uk/sites/default/files/import/statistics_entry/WAR1905.csv,csv,,,,MIR 31 May 2019
2019-05,monthly_statistics,https://www.theaic.co.uk/sites/default/files/2024-11/AICAdvancedCompare-endMay2019.pdf,pdf,,,,Monthly statistics - May 2019
2019-06,keyfacts,https://www.theaic.co.uk/sites/default/files/import/statistics_entry/AICAllCompanies30Jun19.xlsx,xlsx,ok,,,Industry Overview 30 June 2019
2019-06,keyfacts,https://www.theaic.co.uk/sites/default/files/import/statistics_entry/AICIndustryOverview30Jun19.pdf,pdf,,,,Industry Overview 30 June 2019
2019-06,keyfacts,https://www.theaic.co.uk/sites/default/files/import/statistics_entry/AICManagementGroupRankings30Jun19.xlsx,xlsx,,,,Industry Overview 30 June 2019
2019-06,keyfacts,https://www.theaic.co.uk/sites/default/files/import/statistics_entry/AICSectorSummary30Jun19.xlsx,xlsx,,,,Industry Overview 30 June 2019
2019-06,mir,https://www.theaic.co.uk/sites/default/files/import/statistics_entry/CNV1906.csv,csv,,,,MIR 30 June 2019
2019-06,mir,https://www.theaic.co.uk/sites/default/files/import/statistics_entry/ERR1906.csv,csv,ok,,,MIR 30 June 2019
2019-06,mir,https://www.theaic.co.uk/sites/default/files/import/statistics_entry/GEO1906.csv,csv,,,,MIR 30 June 2019
2019-06,mir,https://www.theaic.co.uk/sites/default/files/import/statistics_entry/MIR1906.csv,csv,ok,,,MIR 30 June 2019
2019-06,mir,https://www.theaic.co.uk/sites/default/files/import/statistics_entry/PC1906.csv,csv,,,,MIR 30 June 2019
2019-06,mir,https://www.theaic.co.uk/sites/default/files/import/statistics_entry/PostMIRErrataAdditional1906.csv,csv,ok,,,MIR 30 June 2019
2019-06,mir,https://www.theaic.co.uk/sites/default/files/import/statistics_entry/WAR1906.csv,csv,,,,MIR 30 June 2019
2019-06,monthly_statistics,https://www.theaic.co.uk/sites/default/files/2024-11/AICAdvancedCompare-endJune2019.pdf,pdf,,,,Monthly statistics - June 2019
2019-07,keyfacts,https://www.theaic.co.uk/sites/default/files/import/statistics_entry/AICAllCompanies31Jul19.xlsx,xlsx,ok,,,Industry Overview 31 July 2019
2019-07,keyfacts,https://www.theaic.co.uk/sites/default/files/import/statistics_entry/AICIndustryOverview31Jul19.pdf,pdf,,,,Industry Overview 31 July 2019
2019-07,keyfacts,https://www.theaic.co.uk/sites/default/files/import/statistics_entry/AICManagementGroupRankings31Jul19.xlsx,xlsx,,,,Industry Overview 31 July 2019
2019-07,keyfacts,https://www.theaic.co.uk/sites/default/files/import/statistics_entry/AICSectorSummary31Jul19.xlsx,xlsx,,,,Industry Overview 31 July 2019
2019-07,mir,https://www.theaic.co.uk/sites/default/files/import/statistics_entry/CNV1907.csv,csv,,,,MIR 31 July 2019
2019-07,mir,https://www.theaic.co.uk/sites/default/files/import/statistics_entry/ERR1907.csv,csv,ok,,,MIR 31 July 2019
2019-07,mir,https://www.theaic.co.uk/sites/default/files/import/statistics_entry/GEO1907.csv,csv,,,,MIR 31 July 2019
2019-07,mir,https://www.theaic.co.uk/sites/default/files/import/statistics_entry/MIR1907.csv,csv,ok,,,MIR 31 July 2019
2019-07,mir,https://www.theaic.co.uk/sites/default/files/import/statistics_entry/PC1907.csv,csv,,,,MIR 31 July 2019
2019-07,mir,https://www.theaic.co.uk/sites/default/files/import/statistics_entry/PostMIRErrataAdditional1907.csv,csv,ok,,,MIR 31 July 2019
2019-07,mir,https://www.theaic.co.uk/sites/default/files/import/statistics_entry/WAR1907.csv,csv,,,,MIR 31 July 2019
2019-07,monthly_statistics,https://www.theaic.co.uk/sites/default/files/2024-11/AICAdvancedCompare-endJuly2019.pdf,pdf,,,,Monthly statistics - July 2019
2019-08,keyfacts,https://www.theaic.co.uk/sites/default/files/import/statistics_entry/AICAllCompanies31Aug19.xlsx,xlsx,ok,,,Industry Overview 31 August 2019
2019-08,keyfacts,https://www.theaic.co.uk/sites/default/files/import/statistics_entry/AICIndustryOverview31Aug19.pdf,pdf,,,,Industry Overview 31 August 2019
2019-08,keyfacts,https://www.theaic.co.uk/sites/default/files/import/statistics_entry/AICManagementGroupRankings31Aug19.xlsx,xlsx,,,,Industry Overview 31 August 2019
2019-08,keyfacts,https://www.theaic.co.uk/sites/default/files/import/statistics_entry/AICSectorSummary31Aug19.xlsx,xlsx,,,,Industry Overview 31 August 2019
2019-08,mir,https://www.theaic.co.uk/sites/default/files/import/statistics_entry/CNV1908.csv,csv,,,,MIR 31 August 2019
2019-08,mir,https://www.theaic.co.uk/sites/default/files/import/statistics_entry/ERR1908.csv,csv,ok,,,MIR 31 August 2019
2019-08,mir,https://www.theaic.co.uk/sites/default/files/import/statistics_entry/GEO1908.csv,csv,,,,MIR 31 August 2019
2019-08,mir,https://www.theaic.co.uk/sites/default/files/import/statistics_entry/MIR1908.csv,csv,ok,,,MIR 31 August 2019
2019-08,mir,https://www.theaic.co.uk/sites/default/files/import/statistics_entry/PC1908.csv,csv,,,,MIR 31 August 2019
2019-08,mir,https://www.theaic.co.uk/sites/default/files/import/statistics_entry/PostMIRErrataAdditional1908.csv,csv,ok,,,MIR 31 August 2019
2019-08,mir,https://www.theaic.co.uk/sites/default/files/import/statistics_entry/WAR1908.csv,csv,,,,MIR 31 August 2019
2019-08,monthly_statistics,https://www.theaic.co.uk/sites/default/files/2024-11/AICAdvancedCompare-endAugust2019.pdf,pdf,,,,Monthly statistics - August 2019
2019-09,keyfacts,https://www.theaic.co.uk/sites/default/files/import/statistics_entry/AICAllCompanies30Sep19.xlsx,xlsx,ok,,,Industry Overview 30 September 2019
2019-09,keyfacts,https://www.theaic.co.uk/sites/default/files/import/statistics_entry/AICIndustryOverview30Sep19.pdf,pdf,,,,Industry Overview 30 September 2019
2019-09,keyfacts,https://www.theaic.co.uk/sites/default/files/import/statistics_entry/AICManagementGroupRankings30Sep19.xlsx,xlsx,,,,Industry Overview 30 September 2019
2019-09,keyfacts,https://www.theaic.co.uk/sites/default/files/import/statistics_entry/AICSectorSummary30Sep19.xlsx,xlsx,,,,Industry Overview 30 September 2019
2019-09,mir,https://www.theaic.co.uk/sites/default/files/import/statistics_entry/CNV1909.csv,csv,,,,MIR 30 September 2019
2019-09,mir,https://www.theaic.co.uk/sites/default/files/import/statistics_entry/ERR1909.csv,csv,ok,,,MIR 30 September 2019
2019-09,mir,https://www.theaic.co.uk/sites/default/files/import/statistics_entry/GEO1909.csv,csv,,,,MIR 30 September 2019
2019-09,mir,https://www.theaic.co.uk/sites/default/files/import/statistics_entry/MIR1909.csv,csv,ok,,,MIR 30 September 2019
2019-09,mir,https://www.theaic.co.uk/sites/default/files/import/statistics_entry/PC1909.csv,csv,,,,MIR 30 September 2019
2019-09,mir,https://www.theaic.co.uk/sites/default/files/import/statistics_entry/PostMIRErrataAdditional1909.csv,csv,ok,,,MIR 30 September 2019
2019-09,mir,https://www.theaic.co.uk/sites/default/files/import/statistics_entry/WAR1909.csv,csv,,,,MIR 30 September 2019
2019-09,monthly_statistics,https://www.theaic.co.uk/sites/default/files/2024-11/AICAdvancedCompare-endSeptember2019.pdf,pdf,,,,Monthly statistics - September 2019
2019-10,keyfacts,https://www.theaic.co.uk/sites/default/files/import/statistics_entry/AICAllCompanies31Oct19.xlsx,xlsx,ok,,,Industry Overview 31 October 2019
2019-10,keyfacts,https://www.theaic.co.uk/sites/default/files/import/statistics_entry/AICIndustryOverview31Oct19.pdf,pdf,,,,Industry Overview 31 October 2019
2019-10,keyfacts,https://www.theaic.co.uk/sites/default/files/import/statistics_entry/AICManagementGroupRankings31Oct19.xlsx,xlsx,,,,Industry Overview 31 October 2019
2019-10,keyfacts,https://www.theaic.co.uk/sites/default/files/import/statistics_entry/AICSectorSummary31Oct19.xlsx,xlsx,,,,Industry Overview 31 October 2019
2019-10,mir,https://www.theaic.co.uk/sites/default/files/import/statistics_entry/CNV1910.csv,csv,,,,MIR 31 October 2019
2019-10,mir,https://www.theaic.co.uk/sites/default/files/import/statistics_entry/ERR1910.csv,csv,ok,,,MIR 31 October 2019
2019-10,mir,https://www.theaic.co.uk/sites/default/files/import/statistics_entry/GEO1910.csv,csv,,,,MIR 31 October 2019
2019-10,mir,https://www.theaic.co.uk/sites/default/files/import/statistics_entry/MIR1910.csv,csv,ok,,,MIR 31 October 2019
2019-10,mir,https://www.theaic.co.uk/sites/default/files/import/statistics_entry/PC1910.csv,csv,,,,MIR 31 October 2019
2019-10,mir,https://www.theaic.co.uk/sites/default/files/import/statistics_entry/PostMIRErrataAdditional1910.csv,csv,ok,,,MIR 31 October 2019
2019-10,mir,https://www.theaic.co.uk/sites/default/files/import/statistics_entry/WAR1910.csv,csv,,,,MIR 31 October 2019
2019-10,monthly_statistics,https://www.theaic.co.uk/sites/default/files/2024-11/AICAdvancedCompare-endOctober2019.pdf,pdf,,,,Monthly statistics - October 2019
2019-11,keyfacts,https://www.theaic.co.uk/sites/default/files/import/statistics_entry/AICAllCompanies30Nov19.xlsx,xlsx,ok,,,Industry Overview 30 November 2019
2019-11,keyfacts,https://www.theaic.co.uk/sites/default/files/import/statistics_entry/AICIndustryOverview30Nov19.pdf,pdf,,,,Industry Overview 30 November 2019
2019-11,keyfacts,https://www.theaic.co.uk/sites/default/files/import/statistics_entry/AICManagementGroupRankings30Nov19.xlsx,xlsx,,,,Industry Overview 30 November 2019
2019-11,keyfacts,https://www.theaic.co.uk/sites/default/files/import/statistics_entry/AICSectorSummary30Nov19.xlsx,xlsx,,,,Industry Overview 30 November 2019
2019-11,mir,https://www.theaic.co.uk/sites/default/files/import/statistics_entry/CNV1911.csv,csv,,,,MIR 30 November 2019
2019-11,mir,https://www.theaic.co.uk/sites/default/files/import/statistics_entry/ERR1911.csv,csv,ok,,,MIR 30 November 2019
2019-11,mir,https://www.theaic.co.uk/sites/default/files/import/statistics_entry/GEO1911.csv,csv,,,,MIR 30 November 2019
2019-11,mir,https://www.theaic.co.uk/sites/default/files/import/statistics_entry/MIR1911.csv,csv,ok,,,MIR 30 November 2019
2019-11,mir,https://www.theaic.co.uk/sites/default/files/import/statistics_entry/PC1911.csv,csv,,,,MIR 30 November 2019
2019-11,mir,https://www.theaic.co.uk/sites/default/files/import/statistics_entry/PostMIRErrataAdditional1911.csv,csv,ok,,,MIR 30 November 2019
2019-11,mir,https://www.theaic.co.uk/sites/default/files/import/statistics_entry/WAR1911.csv,csv,,,,MIR 30 November 2019
2019-11,monthly_statistics,https://www.theaic.co.uk/sites/default/files/2024-11/AICAdvancedCompare-endNovember2019.pdf,pdf,,,,Monthly statistics - November 2019
2019-12,corporate_activity,https://www.theaic.co.uk/sites/default/files/import/statistics_entry/AICCorporateActivity2019.xlsx,xlsx,ok,,,Corporate Activity 2019
2019-12,keyfacts,https://www.theaic.co.uk/sites/default/files/import/statistics_entry/AICAllCompanies31Dec19.xlsx,xlsx,ok,,,Industry Overview 31 December 2019
2019-12,keyfacts,https://www.theaic.co.uk/sites/default/files/import/statistics_entry/AICIndustryOverview31Dec19.pdf,pdf,,,,Industry Overview 31 December 2019
2019-12,keyfacts,https://www.theaic.co.uk/sites/default/files/import/statistics_entry/AICManagementGroupRankings31Dec19.xlsx,xlsx,,,,Industry Overview 31 December 2019
2019-12,keyfacts,https://www.theaic.co.uk/sites/default/files/import/statistics_entry/AICSectorSummary31Dec19.xlsx,xlsx,,,,Industry Overview 31 December 2019
2019-12,mir,https://www.theaic.co.uk/sites/default/files/import/statistics_entry/CNV1912.csv,csv,,,,MIR 31 December 2019
2019-12,mir,https://www.theaic.co.uk/sites/default/files/import/statistics_entry/ERR1912.csv,csv,ok,,,MIR 31 December 2019
2019-12,mir,https://www.theaic.co.uk/sites/default/files/import/statistics_entry/GEO1912.csv,csv,,,,MIR 31 December 2019
2019-12,mir,https://www.theaic.co.uk/sites/default/files/import/statistics_entry/MIR1912.csv,csv,ok,,,MIR 31 December 2019
2019-12,mir,https://www.theaic.co.uk/sites/default/files/import/statistics_entry/PC1912.csv,csv,,,,MIR 31 December 2019
2019-12,mir,https://www.theaic.co.uk/sites/default/files/import/statistics_entry/PostMIRErrataAdditional1912.csv,csv,ok,,,MIR 31 December 2019
2019-12,mir,https://www.theaic.co.uk/sites/default/files/import/statistics_entry/WAR1912.csv,csv,,,,MIR 31 December 2019
2019-12,monthly_statistics,https://www.theaic.co.uk/sites/default/files/2024-11/AICAdvancedCompare-endDecember2019.pdf,pdf,,,,Monthly statistics - December 2019
2020-01,keyfacts,https://www.theaic.co.uk/sites/default/files/import/statistics_entry/AICAllCompanies31Jan20.xlsx,xlsx,ok,,,Industry Overview 31 January 2020
2020-01,keyfacts,https://www.theaic.co.uk/sites/default/files/import/statistics_entry/AICIndustryOverview31Jan20.pdf,pdf,,,,Industry Overview 31 January 2020
2020-01,keyfacts,https://www.theaic.co.uk/sites/default/files/import/statistics_entry/AICManagementGroupRankings31Jan20.xlsx,xlsx,,,,Industry Overview 31 January 2020
2020-01,keyfacts,https://www.theaic.co.uk/sites/default/files/import/statistics_entry/AICSectorSummary31Jan20.xlsx,xlsx,,,,Industry Overview 31 January 2020
2020-01,mir,https://www.theaic.co.uk/sites/default/files/import/statistics_entry/CNV2001.csv,csv,,,,MIR 31 January 2020
2020-01,mir,https://www.theaic.co.uk/sites/default/files/import/statistics_entry/ERR2001.csv,csv,ok,,,MIR 31 January 2020
2020-01,mir,https://www.theaic.co.uk/sites/default/files/import/statistics_entry/GEO2001.csv,csv,,,,MIR 31 January 2020
2020-01,mir,https://www.theaic.co.uk/sites/default/files/import/statistics_entry/MIR2001.csv,csv,ok,,,MIR 31 January 2020
2020-01,mir,https://www.theaic.co.uk/sites/default/files/import/statistics_entry/PC2001.csv,csv,,,,MIR 31 January 2020
2020-01,mir,https://www.theaic.co.uk/sites/default/files/import/statistics_entry/PostMIRErrataAdditional2001.csv,csv,ok,,,MIR 31 January 2020
2020-01,mir,https://www.theaic.co.uk/sites/default/files/import/statistics_entry/WAR2001.csv,csv,,,,MIR 31 January 2020
2020-01,monthly_statistics,https://www.theaic.co.uk/sites/default/files/2024-11/AICAdvancedCompare-endJanuary2020.pdf,pdf,,,,Monthly statistics - January 2020
2020-02,keyfacts,https://www.theaic.co.uk/sites/default/files/import/statistics_entry/AICAllCompanies29Feb20.xlsx,xlsx,ok,,,Industry Overview 29 February 2020
2020-02,keyfacts,https://www.theaic.co.uk/sites/default/files/import/statistics_entry/AICIndustryOverview29Feb20.pdf,pdf,,,,Industry Overview 29 February 2020
2020-02,keyfacts,https://www.theaic.co.uk/sites/default/files/import/statistics_entry/AICManagementGroupRankings29Feb20.xlsx,xlsx,,,,Industry Overview 29 February 2020
2020-02,keyfacts,https://www.theaic.co.uk/sites/default/files/import/statistics_entry/AICSectorSummary29Feb20.xlsx,xlsx,,,,Industry Overview 29 February 2020
2020-02,mir,https://www.theaic.co.uk/sites/default/files/import/statistics_entry/CNV2002.csv,csv,,,,MIR 29 February 2020
2020-02,mir,https://www.theaic.co.uk/sites/default/files/import/statistics_entry/ERR2002.csv,csv,ok,,,MIR 29 February 2020
2020-02,mir,https://www.theaic.co.uk/sites/default/files/import/statistics_entry/GEO2002.csv,csv,,,,MIR 29 February 2020
2020-02,mir,https://www.theaic.co.uk/sites/default/files/import/statistics_entry/MIR2002.csv,csv,ok,,,MIR 29 February 2020
2020-02,mir,https://www.theaic.co.uk/sites/default/files/import/statistics_entry/PC2002.csv,csv,,,,MIR 29 February 2020
2020-02,mir,https://www.theaic.co.uk/sites/default/files/import/statistics_entry/PostMIRErrataAdditional2002.csv,csv,ok,,,MIR 29 February 2020
2020-02,mir,https://www.theaic.co.uk/sites/default/files/import/statistics_entry/WAR2002.csv,csv,,,,MIR 29 February 2020
2020-02,monthly_statistics,https://www.theaic.co.uk/sites/default/files/2024-11/AICAdvancedCompare-endFebruary2020.pdf,pdf,,,,Monthly statistics - February 2020
2020-03,keyfacts,https://www.theaic.co.uk/sites/default/files/import/statistics_entry/AICAllCompanies31Mar20.xlsx,xlsx,ok,,,Industry Overview 31 March 2020
2020-03,keyfacts,https://www.theaic.co.uk/sites/default/files/import/statistics_entry/AICIndustryOverview31Mar20.pdf,pdf,,,,Industry Overview 31 March 2020
2020-03,keyfacts,https://www.theaic.co.uk/sites/default/files/import/statistics_entry/AICManagementGroupRankings31Mar20.xlsx,xlsx,,,,Industry Overview 31 March 2020
2020-03,keyfacts,https://www.theaic.co.uk/sites/default/files/import/statistics_entry/AICSectorSummary31Mar20.xlsx,xlsx,,,,Industry Overview 31 March 2020
2020-03,mir,https://www.theaic.co.uk/sites/default/files/import/statistics_entry/CNV2003.csv,csv,,,,MIR 31 March 2020
2020-03,mir,https://www.theaic.co.uk/sites/default/files/import/statistics_entry/ERR2003.csv,csv,ok,,,MIR 31 March 2020
2020-03,mir,https://www.theaic.co.uk/sites/default/files/import/statistics_entry/GEO2003.csv,csv,,,,MIR 31 March 2020
2020-03,mir,https://www.theaic.co.uk/sites/default/files/import/statistics_entry/MIR2003.csv,csv,ok,,,MIR 31 March 2020
2020-03,mir,https://www.theaic.co.uk/sites/default/files/import/statistics_entry/PC2003.csv,csv,,,,MIR 31 March 2020
2020-03,mir,https://www.theaic.co.uk/sites/default/files/import/statistics_entry/PostMIRErrataAdditional2003.csv,csv,ok,,,MIR 31 March 2020
2020-03,mir,https://www.theaic.co.uk/sites/default/files/import/statistics_entry/WAR2003.csv,csv,,,,MIR 31 March 2020
2020-03,monthly_statistics,https://www.theaic.co.uk/sites/default/files/2024-11/AICInteractiveStatistics-endMarch2020.pdf,pdf,,,,Monthly statistics - March 2020
2020-04,keyfacts,https://www.theaic.co.uk/sites/default/files/2021-01/AICIndustryOverview30Apr20.xlsx,xlsx,ok,,,Industry Overview 30 April 2020
2020-04,mir,https://www.theaic.co.uk/sites/default/files/import/statistics_entry/CNV2004.csv,csv,,,,MIR 30 April 2020
2020-04,mir,https://www.theaic.co.uk/sites/default/files/import/statistics_entry/ERR2004.csv,csv,ok,,,MIR 30 April 2020
2020-04,mir,https://www.theaic.co.uk/sites/default/files/import/statistics_entry/GEO2004.csv,csv,,,,MIR 30 April 2020
2020-04,mir,https://www.theaic.co.uk/sites/default/files/import/statistics_entry/MIR2004.csv,csv,ok,,,MIR 30 April 2020
2020-04,mir,https://www.theaic.co.uk/sites/default/files/import/statistics_entry/PC2004.csv,csv,,,,MIR 30 April 2020
2020-04,mir,https://www.theaic.co.uk/sites/default/files/import/statistics_entry/PostMIRErrataAdditional2004.csv,csv,ok,,,MIR 30 April 2020
2020-04,mir,https://www.theaic.co.uk/sites/default/files/import/statistics_entry/WAR2004.csv,csv,,,,MIR 30 April 2020
2020-04,monthly_statistics,https://www.theaic.co.uk/sites/default/files/2024-11/AICInteractiveStatistics-endApril2020.pdf,pdf,,,,Monthly statistics - April 2020
2020-05,keyfacts,https://www.theaic.co.uk/sites/default/files/2021-01/AICIndustryOverview31May20.xlsx,xlsx,ok,,,Industry Overview 31 May 2020
2020-05,mir,https://www.theaic.co.uk/sites/default/files/import/statistics_entry/CNV2005.csv,csv,,,,MIR 31 May 2020
2020-05,mir,https://www.theaic.co.uk/sites/default/files/import/statistics_entry/ERR2005.csv,csv,ok,,,MIR 31 May 2020
2020-05,mir,https://www.theaic.co.uk/sites/default/files/import/statistics_entry/GEO2005.csv,csv,,,,MIR 31 May 2020
2020-05,mir,https://www.theaic.co.uk/sites/default/files/import/statistics_entry/MIR2005.csv,csv,ok,,,MIR 31 May 2020
2020-05,mir,https://www.theaic.co.uk/sites/default/files/import/statistics_entry/PC2005.csv,csv,,,,MIR 31 May 2020
2020-05,mir,https://www.theaic.co.uk/sites/default/files/import/statistics_entry/PostMIRErrataAdditional2005.csv,csv,ok,,,MIR 31 May 2020
2020-05,mir,https://www.theaic.co.uk/sites/default/files/import/statistics_entry/WAR2005.csv,csv,,,,MIR 31 May 2020
2020-05,monthly_statistics,https://www.theaic.co.uk/sites/default/files/2024-11/AICInteractiveStatistics-endMay2020.pdf,pdf,,,,Monthly statistics - May 2020
2020-06,keyfacts,https://www.theaic.co.uk/sites/default/files/2021-01/AICIndustryOverview30Jun20.xlsx,xlsx,ok,,,Industry Overview 30 Jun 2020
2020-06,mir,https://www.theaic.co.uk/sites/default/files/import/statistics_entry/CNV2006.csv,csv,,,,MIR 30 June 2020
2020-06,mir,https://www.theaic.co.uk/sites/default/files/import/statistics_entry/ERR2006.csv,csv,ok,,,MIR 30 June 2020
2020-06,mir,https://www.theaic.co.uk/sites/default/files/import/statistics_entry/GEO2006.csv,csv,,,,MIR 30 June 2020
2020-06,mir,https://www.theaic.co.uk/sites/default/files/import/statistics_entry/MIR2006.csv,csv,ok,,,MIR 30 June 2020
2020-06,mir,https://www.theaic.co.uk/sites/default/files/import/statistics_entry/PC2006.csv,csv,,,,MIR 30 June 2020
2020-06,mir,https://www.theaic.co.uk/sites/default/files/import/statistics_entry/PostMIRErrataAdditional2006.csv,csv,ok,,,MIR 30 June 2020
2020-06,mir,https://www.theaic.co.uk/sites/default/files/import/statistics_entry/WAR2006.csv,csv,,,,MIR 30 June 2020
2020-06,monthly_statistics,https://www.theaic.co.uk/sites/default/files/2024-11/AICInteractiveStatistics-endJune2020.pdf,pdf,,,,Monthly statistics - June 2020
2020-07,keyfacts,https://www.theaic.co.uk/sites/default/files/2021-01/AICIndustryOverview31Jul20.xlsx,xlsx,ok,,,Industry Overview 31 July 2020
2020-07,mir,https://www.theaic.co.uk/sites/default/files/import/statistics_entry/CNV2007.csv,csv,,,,MIR 31 July 2020
2020-07,mir,https://www.theaic.co.uk/sites/default/files/import/statistics_entry/ERR2007.csv,csv,ok,,,MIR 31 July 2020
2020-07,mir,https://www.theaic.co.uk/sites/default/files/import/statistics_entry/GEO2007.csv,csv,,,,MIR 31 July 2020
2020-07,mir,https://www.theaic.co.uk/sites/default/files/import/statistics_entry/MIR2007.csv,csv,ok,,,MIR 31 July 2020
2020-07,mir,https://www.theaic.co.uk/sites/default/files/import/statistics_entry/PC2007.csv,csv,,,,MIR 31 July 2020
2020-07,mir,https://www.theaic.co.uk/sites/default/files/import/statistics_entry/WAR2007.csv,csv,,,,MIR 31 July 2020
2020-07,monthly_statistics,https://www.theaic.co.uk/sites/default/files/2024-11/AICInteractiveStatistics-endJuly2020.pdf,pdf,,,,Monthly statistics - July 2020
2020-08,keyfacts,https://www.theaic.co.uk/sites/default/files/2021-01/AICIndustryOverview31Aug20.xlsx,xlsx,ok,,,Industry Overview 31 August 2020
2020-08,mir,https://www.theaic.co.uk/sites/default/files/import/statistics_entry/CNV2008.csv,csv,,,,MIR 31 August 2020
2020-08,mir,https://www.theaic.co.uk/sites/default/files/import/statistics_entry/ERR2008.csv,csv,ok,,,MIR 31 August 2020
2020-08,mir,https://www.theaic.co.uk/sites/default/files/import/statistics_entry/GEO2008.csv,csv,,,,MIR 31 August 2020
2020-08,mir,https://www.theaic.co.uk/sites/default/files/import/statistics_entry/MIR2008.csv,csv,ok,,,MIR 31 August 2020
2020-08,mir,https://www.theaic.co.uk/sites/default/files/import/statistics_entry/PC2008.csv,csv,,,,MIR 31 August 2020
2020-08,mir,https://www.theaic.co.uk/sites/default/files/import/statistics_entry/PostMIRErrataAdditional2008.csv,csv,ok,,,MIR 31 August 2020
2020-08,mir,https://www.theaic.co.uk/sites/default/files/import/statistics_entry/WAR2008.csv,csv,,,,MIR 31 August 2020
2020-08,monthly_statistics,https://www.theaic.co.uk/sites/default/files/2024-11/AICInteractiveStatistics-endAugust2020.pdf,pdf,,,,Monthly statistics - August 2020
2020-09,keyfacts,https://www.theaic.co.uk/sites/default/files/2021-01/AICIndustryOverview30Sep20.xlsx,xlsx,ok,,,Industry Overview 30 September 2020
2020-09,mir,https://www.theaic.co.uk/sites/default/files/import/statistics_entry/CNV2009.csv,csv,,,,MIR 30 September 2020
2020-09,mir,https://www.theaic.co.uk/sites/default/files/import/statistics_entry/ERR2009.csv,csv,ok,,,MIR 30 September 2020
2020-09,mir,https://www.theaic.co.uk/sites/default/files/import/statistics_entry/GEO2009.csv,csv,,,,MIR 30 September 2020
2020-09,mir,https://www.theaic.co.uk/sites/default/files/import/statistics_entry/MIR2009.csv,csv,ok,,,MIR 30 September 2020
2020-09,mir,https://www.theaic.co.uk/sites/default/files/import/statistics_entry/PC2009.csv,csv,,,,MIR 30 September 2020
2020-09,mir,https://www.theaic.co.uk/sites/default/files/import/statistics_entry/PostMIRErrataAdditional2009.csv,csv,ok,,,MIR 30 September 2020
2020-09,mir,https://www.theaic.co.uk/sites/default/files/import/statistics_entry/WAR2009.csv,csv,,,,MIR 30 September 2020
2020-09,monthly_statistics,https://www.theaic.co.uk/sites/default/files/2024-11/AICInteractiveStatistics-endSeptember2020.pdf,pdf,,,,Monthly statistics - September 2020
2020-10,keyfacts,https://www.theaic.co.uk/sites/default/files/2021-01/AICIndustryOverview31Oct20.xlsx,xlsx,ok,,,Industry Overview 31 October 2020
2020-10,mir,https://www.theaic.co.uk/sites/default/files/import/statistics_entry/CNV2010.csv,csv,,,,MIR 31 October 2020
2020-10,mir,https://www.theaic.co.uk/sites/default/files/import/statistics_entry/ERR2010.csv,csv,ok,,,MIR 31 October 2020
2020-10,mir,https://www.theaic.co.uk/sites/default/files/import/statistics_entry/GEO2010.csv,csv,,,,MIR 31 October 2020
2020-10,mir,https://www.theaic.co.uk/sites/default/files/import/statistics_entry/MIR2010.csv,csv,ok,,,MIR 31 October 2020
2020-10,mir,https://www.theaic.co.uk/sites/default/files/import/statistics_entry/PC2010.csv,csv,,,,MIR 31 October 2020
2020-10,mir,https://www.theaic.co.uk/sites/default/files/import/statistics_entry/PostMIRErrataAdditional2010.csv,csv,ok,,,MIR 31 October 2020
2020-10,mir,https://www.theaic.co.uk/sites/default/files/import/statistics_entry/WAR2010.csv,csv,,,,MIR 31 October 2020
2020-10,monthly_statistics,https://www.theaic.co.uk/sites/default/files/2024-11/AICInteractiveStatistics-endOctober2020.pdf,pdf,,,,Monthly statistics - October 2020
2020-11,keyfacts,https://www.theaic.co.uk/sites/default/files/2021-01/AICIndustryOverview30Nov20.xlsx,xlsx,ok,,,Industry Overview 30 November 2020
2020-11,mir,https://www.theaic.co.uk/sites/default/files/2020-12/CNV2011.csv,csv,,,,MIR November 2020
2020-11,mir,https://www.theaic.co.uk/sites/default/files/2020-12/ERR2011.csv,csv,ok,,,MIR November 2020
2020-11,mir,https://www.theaic.co.uk/sites/default/files/2020-12/GEO2011.csv,csv,,,,MIR November 2020
2020-11,mir,https://www.theaic.co.uk/sites/default/files/2020-12/MIR2011.csv,csv,ok,,,MIR November 2020
2020-11,mir,https://www.theaic.co.uk/sites/default/files/2020-12/PC2011.csv,csv,,,,MIR November 2020
2020-11,mir,https://www.theaic.co.uk/sites/default/files/2020-12/WAR2011.csv,csv,,,,MIR November 2020
2020-11,monthly_statistics,https://www.theaic.co.uk/sites/default/files/2024-11/AICInteractiveStatistics-endNovember2020.pdf,pdf,,,,Monthly statistics - November 2020
2020-12,corporate_activity,https://www.theaic.co.uk/sites/default/files/2021-01/AICCorporateActivity2020_0.xlsx,xlsx,ok,,,Corporate Activity 2020
2020-12,keyfacts,https://www.theaic.co.uk/sites/default/files/2021-01/AICIndustryOverview31Dec20.xlsx,xlsx,ok,,,Industry Overview 31 December 2020
2020-12,mir,https://www.theaic.co.uk/sites/default/files/2021-01/CNV2012_0.csv,csv,,,,MIR December 2020
2020-12,mir,https://www.theaic.co.uk/sites/default/files/2021-01/ERR2012_0.csv,csv,ok,,,MIR December 2020
2020-12,mir,https://www.theaic.co.uk/sites/default/files/2021-01/GEO2012_0.csv,csv,,,,MIR December 2020
2020-12,mir,https://www.theaic.co.uk/sites/default/files/2021-01/MIR2012_0.csv,csv,ok,,,MIR December 2020
2020-12,mir,https://www.theaic.co.uk/sites/default/files/2021-01/PC2012_0.csv,csv,,,,MIR December 2020
2020-12,mir,https://www.theaic.co.uk/sites/default/files/2021-01/PostMIRErrataAdditional2012.csv,csv,ok,,,MIR December 2020
2020-12,mir,https://www.theaic.co.uk/sites/default/files/2021-01/WAR2012_0.csv,csv,,,,MIR December 2020
2020-12,monthly_statistics,https://www.theaic.co.uk/sites/default/files/2024-11/AICInteractiveStatistics-endDecember2020.pdf,pdf,,,,Monthly statistics - December 2020
2021-01,keyfacts,https://www.theaic.co.uk/sites/default/files/2021-02/AICIndustryOverview31Jan21.xlsx,xlsx,ok,,,Industry Overview 31 January 2021
2021-01,mir,https://www.theaic.co.uk/sites/default/files/2021-02/CNV2101.csv,csv,,,,MIR January 2021
2021-01,mir,https://www.theaic.co.uk/sites/default/files/2021-02/ERR2101.csv,csv,ok,,,MIR January 2021
2021-01,mir,https://www.theaic.co.uk/sites/default/files/2021-02/GEO2101.csv,csv,,,,MIR January 2021
2021-01,mir,https://www.theaic.co.uk/sites/default/files/2021-02/MIR2101.csv,csv,ok,,,MIR January 2021
2021-01,mir,https://www.theaic.co.uk/sites/default/files/2021-02/PC2101.csv,csv,,,,MIR January 2021
2021-01,mir,https://www.theaic.co.uk/sites/default/files/2021-02/PostMIRErrataAdditional2101_0.csv,csv,ok,,,MIR January 2021
2021-01,mir,https://www.theaic.co.uk/sites/default/files/2021-02/WAR2101.csv,csv,,,,MIR January 2021
2021-01,monthly_statistics,https://www.theaic.co.uk/sites/default/files/2024-11/AICAdvancedCompare-endJanuary2021.pdf,pdf,,,,Monthly statistics - January 2021
2021-02,keyfacts,https://www.theaic.co.uk/sites/default/files/2021-03/AICIndustryOverview28Feb21.xlsx,xlsx,ok,,,Industry Overview 28 February 2021
2021-02,mir,https://www.theaic.co.uk/sites/default/files/2021-03/CNV2102.csv,csv,,,,MIR February 2021
2021-02,mir,https://www.theaic.co.uk/sites/default/files/2021-03/ERR2102.csv,csv,ok,,,MIR February 2021
2021-02,mir,https://www.theaic.co.uk/sites/default/files/2021-03/GEO2102.csv,csv,,,,MIR February 2021
2021-02,mir,https://www.theaic.co.uk/sites/default/files/2021-03/MIR2102.csv,csv,ok,,,MIR February 2021
2021-02,mir,https://www.theaic.co.uk/sites/default/files/2021-03/PC2102.csv,csv,,,,MIR February 2021
2021-02,mir,https://www.theaic.co.uk/sites/default/files/2021-03/PostMIRErrataAdditional2102.csv,csv,ok,,,MIR February 2021
2021-02,mir,https://www.theaic.co.uk/sites/default/files/2021-03/WAR2102.csv,csv,,,,MIR February 2021
2021-02,monthly_statistics,https://www.theaic.co.uk/sites/default/files/2024-11/AICAdvancedCompare-endFebruary2021.pdf,pdf,,,,Monthly statistics - February 2021
2021-03,keyfacts,https://www.theaic.co.uk/sites/default/files/2021-04/AICIndustryOverview31Mar21.xlsx,xlsx,ok,,,Industry Overview 31 March 2021
2021-03,mir,https://www.theaic.co.uk/sites/default/files/2021-04/CNV2103.csv,csv,,,,MIR March 2021
2021-03,mir,https://www.theaic.co.uk/sites/default/files/2021-04/ERR2103.csv,csv,ok,,,MIR March 2021
2021-03,mir,https://www.theaic.co.uk/sites/default/files/2021-04/GEO2103.csv,csv,,,,MIR March 2021
2021-03,mir,https://www.theaic.co.uk/sites/default/files/2021-04/MIR2103.csv,csv,ok,,,MIR March 2021
2021-03,mir,https://www.theaic.co.uk/sites/default/files/2021-04/PC2103.csv,csv,,,,MIR March 2021
2021-03,mir,https://www.theaic.co.uk/sites/default/files/2021-04/PostMIRErrataAdditional2103.csv,csv,ok,,,MIR March 2021
2021-03,mir,https://www.theaic.co.uk/sites/default/files/2021-04/WAR2103.csv,csv,,,,MIR March 2021
2021-03,monthly_statistics,https://www.theaic.co.uk/sites/default/files/2024-11/AICAdvancedCompare-endMarch2021.pdf,pdf,,,,Monthly statistics - March 2021
2021-04,keyfacts,https://www.theaic.co.uk/sites/default/files/2021-05/AICIndustryOverview30Apr21.xlsx,xlsx,ok,,,Industry Overview 30 April 2021
2021-04,mir,https://www.theaic.co.uk/sites/default/files/2021-05/CNV2104.csv,csv,,,,MIR April 2021
2021-04,mir,https://www.theaic.co.uk/sites/default/files/2021-05/ERR2104.csv,csv,ok,,,MIR April 2021
2021-04,mir,https://www.theaic.co.uk/sites/default/files/2021-05/GEO2104.csv,csv,,,,MIR April 2021
2021-04,mir,https://www.theaic.co.uk/sites/default/files/2021-05/MIR2104.csv,csv,ok,,,MIR April 2021
2021-04,mir,https://www.theaic.co.uk/sites/default/files/2021-05/PC2104.csv,csv,,,,MIR April 2021
2021-04,mir,https://www.theaic.co.uk/sites/default/files/2021-05/PostMIRErrataAdditional2104.csv,csv,ok,,,MIR April 2021
2021-04,mir,https://www.theaic.co.uk/sites/default/files/2021-05/WAR2104.csv,csv,,,,MIR April 2021
2021-04,monthly_statistics,https://www.theaic.co.uk/sites/default/files/2024-11/AICAdvancedCompare-endApril2021.pdf,pdf,,,,Monthly statistics - April 2021
2021-05,keyfacts,https://www.theaic.co.uk/sites/default/files/2021-06/AICIndustryOverview31May21.xlsx,xlsx,ok,,,Industry Overview 31 May 2021
2021-05,mir,https://www.theaic.co.uk/sites/default/files/2021-06/CNV2105.csv,csv,,,,MIR May 2021
2021-05,mir,https://www.theaic.co.uk/sites/default/files/2021-06/ERR2105.csv,csv,ok,,,MIR May 2021
2021-05,mir,https://www.theaic.co.uk/sites/default/files/2021-06/GEO2105.csv,csv,,,,MIR May 2021
2021-05,mir,https://www.theaic.co.uk/sites/default/files/2021-06/MIR2105_0.csv,csv,ok,,,MIR May 2021
2021-05,mir,https://www.theaic.co.uk/sites/default/files/2021-06/PC2105.csv,csv,,,,MIR May 2021
2021-05,mir,https://www.theaic.co.uk/sites/default/files/2021-06/PostMIRErrataAdditional2105.csv,csv,ok,,,MIR May 2021
2021-05,mir,https://www.theaic.co.uk/sites/default/files/2021-06/WAR2105.csv,csv,,,,MIR May 2021
2021-05,monthly_statistics,https://www.theaic.co.uk/sites/default/files/2024-11/AICAdvancedCompare-endMay2021.pdf,pdf,,,,Monthly statistics - May 2021
2021-06,keyfacts,https://www.theaic.co.uk/sites/default/files/2021-07/AICIndustryOverview30Jun21.xlsx,xlsx,ok,,,Industry Overview 30 June 2021
2021-06,mir,https://www.theaic.co.uk/sites/default/files/2021-07/CNV2106.csv,csv,,,,MIR June 2021
2021-06,mir,https://www.theaic.co.uk/sites/default/files/2021-07/ERR2106.csv,csv,ok,,,MIR June 2021
2021-06,mir,https://www.theaic.co.uk/sites/default/files/2021-07/GEO2106.csv,csv,,,,MIR June 2021
2021-06,mir,https://www.theaic.co.uk/sites/default/files/2021-07/MIR2106.csv,csv,ok,,,MIR June 2021
2021-06,mir,https://www.theaic.co.uk/sites/default/files/2021-07/PC2106.csv,csv,,,,MIR June 2021
2021-06,mir,https://www.theaic.co.uk/sites/default/files/2021-07/PostMIRErrataAdditional2106.csv,csv,ok,,,MIR June 2021
2021-06,mir,https://www.theaic.co.uk/sites/default/files/2021-07/WAR2106.csv,csv,,,,MIR June 2021
2021-06,monthly_statistics,https://www.theaic.co.uk/sites/default/files/2024-11/AICAdvancedCompare-endJune2021.pdf,pdf,,,,Monthly statistics - June 2021
2021-07,keyfacts,https://www.theaic.co.uk/sites/default/files/2021-08/AICIndustryOverview31Jul21.xlsx,xlsx,ok,,,Industry Overview 31 July 2021
2021-07,mir,https://www.theaic.co.uk/sites/default/files/2021-08/CNV2107.csv,csv,,,,MIR July 2021
2021-07,mir,https://www.theaic.co.uk/sites/default/files/2021-08/ERR2107.csv,csv,ok,,,MIR July 2021
2021-07,mir,https://www.theaic.co.uk/sites/default/files/2021-08/GEO2107.csv,csv,,,,MIR July 2021
2021-07,mir,https://www.theaic.co.uk/sites/default/files/2021-09/MIR2107.csv,csv,ok,,,MIR July 2021
2021-07,mir,https://www.theaic.co.uk/sites/default/files/2021-08/PC2107.csv,csv,,,,MIR July 2021
2021-07,mir,https://www.theaic.co.uk/sites/default/files/2021-08/PostMIRErrataAdditional2107.csv,csv,ok,,,MIR July 2021
2021-07,mir,https://www.theaic.co.uk/sites/default/files/2021-08/WAR2107.csv,csv,,,,MIR July 2021
2021-07,monthly_statistics,https://www.theaic.co.uk/sites/default/files/2024-11/AICAdvancedCompare-endJuly2021.pdf,pdf,,,,Monthly statistics - July 2021
2021-08,keyfacts,https://www.theaic.co.uk/sites/default/files/2021-09/AICIndustryOverview31Aug21.xlsx,xlsx,ok,,,Industry Overview 31 August 2021
2021-08,mir,https://www.theaic.co.uk/sites/default/files/2021-09/CNV2108.csv,csv,,,,MIR August 2021
2021-08,mir,https://www.theaic.co.uk/sites/default/files/2021-09/ERR2108.csv,csv,ok,,,MIR August 2021
2021-08,mir,https://www.theaic.co.uk/sites/default/files/2021-09/GEO2108.csv,csv,,,,MIR August 2021
2021-08,mir,https://www.theaic.co.uk/sites/default/files/2021-09/MIR2108.csv,csv,ok,,,MIR August 2021
2021-08,mir,https://www.theaic.co.uk/sites/default/files/2021-09/PC2108.csv,csv,,,,MIR August 2021
2021-08,mir,https://www.theaic.co.uk/sites/default/files/2021-09/WAR2108.csv,csv,,,,MIR August 2021
2021-08,monthly_statistics,https://www.theaic.co.uk/sites/default/files/2024-11/AICAdvancedCompare-endAugust2021.pdf,pdf,,,,Monthly statistics - August 2021
2021-09,keyfacts,https://www.theaic.co.uk/sites/default/files/2021-10/AICIndustryOverview30Sep21.xlsx,xlsx,ok,,,Industry Overview 30 September 2021
2021-09,mir,https://www.theaic.co.uk/sites/default/files/2021-10/CNV2109.csv,csv,,,,MIR September 2021
2021-09,mir,https://www.theaic.co.uk/sites/default/files/2021-10/ERR2109.csv,csv,ok,,,MIR September 2021
2021-09,mir,https://www.theaic.co.uk/sites/default/files/2021-10/GEO2109%20%281%29.csv,csv,,,,MIR September 2021
2021-09,mir,https://www.theaic.co.uk/sites/default/files/2021-10/MIR2109.csv,csv,ok,,,MIR September 2021
2021-09,mir,https://www.theaic.co.uk/sites/default/files/2021-10/PC2109-2110.csv,csv,,,,MIR September 2021
2021-09,mir,https://www.theaic.co.uk/sites/default/files/2021-10/PostMIRErrataAdditional2109.csv,csv,ok,,,MIR September 2021
2021-09,mir,https://www.theaic.co.uk/sites/default/files/2021-10/WAR2109.csv,csv,,,,MIR September 2021
2021-09,monthly_statistics,https://www.theaic.co.uk/sites/default/files/2024-11/AICAdvancedCompare-endSeptember2021.pdf,pdf,,,,Monthly statistics - September 2021
2021-10,keyfacts,https://www.theaic.co.uk/sites/default/files/2021-11/AICIndustryOverview31Oct21.xlsx,xlsx,ok,,,Industry Overview 31 October 2021
2021-10,mir,https://www.theaic.co.uk/sites/default/files/2021-11/CNV2110.csv,csv,,,,MIR October 2021
2021-10,mir,https://www.theaic.co.uk/sites/default/files/2021-11/ERR2110.csv,csv,ok,,,MIR October 2021
2021-10,mir,https://www.theaic.co.uk/sites/default/files/2021-11/GEO2110.csv,csv,,,,MIR October 2021
2021-10,mir,https://www.theaic.co.uk/sites/default/files/2021-11/MIR2110.csv,csv,ok,,,MIR October 2021
2021-10,mir,https://www.theaic.co.uk/sites/default/files/2021-11/PC2110.csv,csv,,,,MIR October 2021
2021-10,mir,https://www.theaic.co.uk/sites/default/files/2021-11/PostMIRErrataAdditional2110.csv,csv,ok,,,MIR October 2021
2021-10,mir,https://www.theaic.co.uk/sites/default/files/2021-11/WAR2110.csv,csv,,,,MIR October 2021
2021-10,monthly_statistics,https://www.theaic.co.uk/sites/default/files/2024-11/AICAdvancedCompare-endOctober2021.pdf,pdf,,,,Monthly statistics - October 2021
2021-11,keyfacts,https://www.theaic.co.uk/sites/default/files/2021-12/AICIndustryOverview30Nov21.xlsx,xlsx,ok,,,Industry Overview 30 November 2021
2021-11,mir,https://www.theaic.co.uk/sites/default/files/2021-12/CNV2111.csv,csv,,,,MIR November 2021
2021-11,mir,https://www.theaic.co.uk/sites/default/files/2021-12/ERR2111.csv,csv,ok,,,MIR November 2021
2021-11,mir,https://www.theaic.co.uk/sites/default/files/2021-12/GEO2111.csv,csv,,,,MIR November 2021
2021-11,mir,https://www.theaic.co.uk/sites/default/files/2021-12/MIR2111.csv,csv,ok,,,MIR November 2021
2021-11,mir,https://www.theaic.co.uk/sites/default/files/2021-12/PC2111.csv,csv,,,,MIR November 2021
2021-11,mir,https://www.theaic.co.uk/sites/default/files/2021-12/PostMIRErrataAdditional2111.csv,csv,ok,,,MIR November 2021
2021-11,mir,https://www.theaic.co.uk/sites/default/files/2021-12/WAR2111.csv,csv,,,,MIR November 2021
2021-11,monthly_statistics,https://www.theaic.co.uk/sites/default/files/2024-11/AICAdvancedCompare-endNovember2021.pdf,pdf,,,,Monthly statistics - November 2021
2021-12,corporate_activity,https://www.theaic.co.uk/sites/default/files/2022-02/AICCorporateActivity2021.xlsx,xlsx,ok,,,Corporate Activity 2021
2021-12,keyfacts,https://www.theaic.co.uk/sites/default/files/2022-01/AICIndustryOverview31Dec21.xlsx,xlsx,ok,,,Industry Overview 31 December 2021
2021-12,mir,https://www.theaic.co.uk/sites/default/files/2022-01/CNV2112.csv,csv,,,,MIR December 2021
2021-12,mir,https://www.theaic.co.uk/sites/default/files/2022-01/ERR2112.csv,csv,ok,,,MIR December 2021
2021-12,mir,https://www.theaic.co.uk/sites/default/files/2022-01/GEO2112.csv,csv,,,,MIR December 2021
2021-12,mir,https://www.theaic.co.uk/sites/default/files/2022-01/MIR2112.csv,csv,ok,,,MIR December 2021
2021-12,mir,https://www.theaic.co.uk/sites/default/files/2022-01/PC2112.csv,csv,,,,MIR December 2021
2021-12,mir,https://www.theaic.co.uk/sites/default/files/2022-01/PostMIRErrataAdditional2112.csv,csv,ok,,,MIR December 2021
2021-12,mir,https://www.theaic.co.uk/sites/default/files/2022-01/WAR2112.csv,csv,,,,MIR December 2021
2021-12,monthly_statistics,https://www.theaic.co.uk/sites/default/files/2024-11/AICAdvancedCompare-endDecember2021.pdf,pdf,,,,Monthly statistics - December 2021
2022-01,keyfacts,https://www.theaic.co.uk/sites/default/files/2022-02/AICIndustryOverview31Jan22.xlsx,xlsx,ok,,,Industry Overview 31 January 2022
2022-01,mir,https://www.theaic.co.uk/sites/default/files/2022-02/CNV2201.csv,csv,,,,MIR January 2022
2022-01,mir,https://www.theaic.co.uk/sites/default/files/2022-02/ERR2201.csv,csv,ok,,,MIR January 2022
2022-01,mir,https://www.theaic.co.uk/sites/default/files/2022-02/GEO2201.csv,csv,,,,MIR January 2022
2022-01,mir,https://www.theaic.co.uk/sites/default/files/2022-02/MIR2201.csv,csv,ok,,,MIR January 2022
2022-01,mir,https://www.theaic.co.uk/sites/default/files/2022-02/PC2201.csv,csv,,,,MIR January 2022
2022-01,mir,https://www.theaic.co.uk/sites/default/files/2022-02/PostMIRErrataAdditional2201.csv,csv,ok,,,MIR January 2022
2022-01,mir,https://www.theaic.co.uk/sites/default/files/2022-02/WAR2201.csv,csv,,,,MIR January 2022
2022-01,monthly_statistics,https://www.theaic.co.uk/sites/default/files/2024-11/AICAdvancedCompare-endJanuary2022.pdf,pdf,,,,Monthly statistics - January 2022
2022-02,keyfacts,https://www.theaic.co.uk/sites/default/files/2022-03/AICIndustryOverview28Feb22.xlsx,xlsx,ok,,,Industry Overview 28 February 2022
2022-02,mir,https://www.theaic.co.uk/sites/default/files/2022-03/CNV2202_0.csv,csv,,,,MIR February 2022
2022-02,mir,https://www.theaic.co.uk/sites/default/files/2022-03/ERR2202_0.csv,csv,ok,,,MIR February 2022
2022-02,mir,https://www.theaic.co.uk/sites/default/files/2022-03/GEO2202.csv,csv,,,,MIR February 2022
2022-02,mir,https://www.theaic.co.uk/sites/default/files/2022-03/MIR2202.csv,csv,ok,,,MIR February 2022
2022-02,mir,https://www.theaic.co.uk/sites/default/files/2022-03/PC2202.csv,csv,,,,MIR February 2022
2022-02,mir,https://www.theaic.co.uk/sites/default/files/2022-03/PostMIRErrataAdditional2202.csv,csv,ok,,,MIR February 2022
2022-02,mir,https://www.theaic.co.uk/sites/default/files/2022-03/WAR2202.csv,csv,,,,MIR February 2022
2022-02,monthly_statistics,https://www.theaic.co.uk/sites/default/files/2024-11/AICAdvancedCompare-endFebruary2022.pdf,pdf,,,,Monthly statistics - February 2022
2022-03,keyfacts,https://www.theaic.co.uk/sites/default/files/2022-04/AICIndustryOverview31Mar22.xlsx,xlsx,ok,,,Industry Overview 31 March 2022
2022-03,mir,https://www.theaic.co.uk/sites/default/files/2022-04/CNV2203.csv,csv,,,,MIR March 2022
2022-03,mir,https://www.theaic.co.uk/sites/default/files/2022-04/ERR2203.csv,csv,ok,,,MIR March 2022
2022-03,mir,https://www.theaic.co.uk/sites/default/files/2022-04/GEO2203.csv,csv,,,,MIR March 2022
2022-03,mir,https://www.theaic.co.uk/sites/default/files/2022-04/MIR2203.csv,csv,ok,,,MIR March 2022
2022-03,mir,https://www.theaic.co.uk/sites/default/files/2022-04/PC2203.csv,csv,,,,MIR March 2022
2022-03,mir,https://www.theaic.co.uk/sites/default/files/2022-04/PostMIRErrataAdditional2203.csv,csv,ok,,,MIR March 2022
2022-03,mir,https://www.theaic.co.uk/sites/default/files/2022-04/WAR2203.csv,csv,,,,MIR March 2022
2022-03,monthly_statistics,https://www.theaic.co.uk/sites/default/files/2024-11/AICAdvancedCompare-endMarch2022.pdf,pdf,,,,Monthly statistics - March 2022
2022-04,keyfacts,https://www.theaic.co.uk/sites/default/files/2022-05/AICIndustryOverview30Apr22.xlsx,xlsx,ok,,,Industry Overview 30 April 2022
2022-04,mir,https://www.theaic.co.uk/sites/default/files/2022-05/CNV2204.csv,csv,,,,MIR April 2022
2022-04,mir,https://www.theaic.co.uk/sites/default/files/2022-05/ERR2204.csv,csv,ok,,,MIR April 2022
2022-04,mir,https://www.theaic.co.uk/sites/default/files/2022-05/GEO2204.csv,csv,,,,MIR April 2022
2022-04,mir,https://www.theaic.co.uk/sites/default/files/2022-05/MIR2204.csv,csv,ok,,,MIR April 2022
2022-04,mir,https://www.theaic.co.uk/sites/default/files/2022-05/PC2204.csv,csv,,,,MIR April 2022
2022-04,mir,https://www.theaic.co.uk/sites/default/files/2022-05/PostMIRErrataAdditional2204.csv,csv,ok,,,MIR April 2022
2022-04,mir,https://www.theaic.co.uk/sites/default/files/2022-05/WAR2204.csv,csv,,,,MIR April 2022
2022-04,monthly_statistics,https://www.theaic.co.uk/sites/default/files/2024-11/AICAdvancedCompare-endApril2022.pdf,pdf,,,,Monthly statistics - April 2022
2022-05,keyfacts,https://www.theaic.co.uk/sites/default/files/2022-06/AICIndustryOverview31May22.xlsx,xlsx,ok,,,Industry Overview 31 May 2022
2022-05,mir,https://www.theaic.co.uk/sites/default/files/2022-06/CNV2205.csv,csv,,,,MIR May 2022
2022-05,mir,https://www.theaic.co.uk/sites/default/files/2022-06/GEO2205.csv,csv,,,,MIR May 2022
2022-05,mir,https://www.theaic.co.uk/sites/default/files/2022-06/MIR2205.csv,csv,ok,,,MIR May 2022
2022-05,mir,https://www.theaic.co.uk/sites/default/files/2022-06/PC2205.csv,csv,,,,MIR May 2022
2022-05,mir,https://www.theaic.co.uk/sites/default/files/2022-06/PostMIRErrataAdditional2205.csv,csv,ok,,,MIR May 2022
2022-05,mir,https://www.theaic.co.uk/sites/default/files/2022-06/WAR2205.csv,csv,,,,MIR May 2022
2022-05,monthly_statistics,https://www.theaic.co.uk/sites/default/files/2024-11/AICInteractiveStatistics-endMay2022.pdf,pdf,,,,Monthly statistics - May 2022
2022-06,keyfacts,https://www.theaic.co.uk/sites/default/files/2022-07/AICIndustryOverview30Jun22.xlsx,xlsx,ok,,,Industry Overview 30 June 2022
2022-06,mir,https://www.theaic.co.uk/sites/default/files/2022-07/CNV2206.csv,csv,,,,MIR June 2022
2022-06,mir,https://www.theaic.co.uk/sites/default/files/2022-07/ERR2206.csv,csv,ok,,,MIR June 2022
2022-06,mir,https://www.theaic.co.uk/sites/default/files/2022-07/GEO2206.csv,csv,,,,MIR June 2022
2022-06,mir,https://www.theaic.co.uk/sites/default/files/2022-07/MIR2206.csv,csv,ok,,,MIR June 2022
2022-06,mir,https://www.theaic.co.uk/sites/default/files/2022-07/PC2206.csv,csv,,,,MIR June 2022
2022-06,mir,https://www.theaic.co.uk/sites/default/files/2022-07/PostMIRErrataAdditional2206.csv,csv,ok,,,MIR June 2022
2022-06,mir,https://www.theaic.co.uk/sites/default/files/2022-07/WAR2206.csv,csv,,,,MIR June 2022
2022-06,monthly_statistics,https://www.theaic.co.uk/sites/default/files/2024-11/AICAdvancedCompare-endJune2022.pdf,pdf,,,,Monthly statistics - June 2022
2022-07,keyfacts,https://www.theaic.co.uk/sites/default/files/2022-08/AICIndustryOverview31Jul22.xlsx,xlsx,ok,,,Industry Overview 31 July 2022
2022-07,mir,https://www.theaic.co.uk/sites/default/files/2022-08/CNV2207.csv,csv,,,,MIR July 2022
2022-07,mir,https://www.theaic.co.uk/sites/default/files/2022-08/ERR2207.csv,csv,ok,,,MIR July 2022
2022-07,mir,https://www.theaic.co.uk/sites/default/files/2022-08/GEO2207.csv,csv,,,,MIR July 2022
2022-07,mir,https://www.theaic.co.uk/sites/default/files/2022-08/MIR2207.csv,csv,ok,,,MIR July 2022
2022-07,mir,https://www.theaic.co.uk/sites/default/files/2022-08/PC2207.csv,csv,,,,MIR July 2022
2022-07,mir,https://www.theaic.co.uk/sites/default/files/2022-08/PostMIRErrataAdditional2207.csv,csv,ok,,,MIR July 2022
2022-07,mir,https://www.theaic.co.uk/sites/default/files/2022-08/WAR2207.csv,csv,,,,MIR July 2022
2022-07,monthly_statistics,https://www.theaic.co.uk/sites/default/files/2024-11/AICAdvancedCompare-endJuly2022.pdf,pdf,,,,Monthly statistics - July 2022
2022-08,keyfacts,https://www.theaic.co.uk/sites/default/files/2022-10/AICIndustryOverview31Aug22.xlsx,xlsx,ok,,,Industry Overview 31 August 2022
2022-08,mir,https://www.theaic.co.uk/sites/default/files/2022-09/CNV2208.csv,csv,,,,MIR August 2022
2022-08,mir,https://www.theaic.co.uk/sites/default/files/2022-09/ERR2208.csv,csv,ok,,,MIR August 2022
2022-08,mir,https://www.theaic.co.uk/sites/default/files/2022-09/GEO2208.csv,csv,,,,MIR August 2022
2022-08,mir,https://www.theaic.co.uk/sites/default/files/2022-09/MIR2208.csv,csv,ok,,,MIR August 2022
2022-08,mir,https://www.theaic.co.uk/sites/default/files/2022-09/PC2208.csv,csv,,,,MIR August 2022
2022-08,mir,https://www.theaic.co.uk/sites/default/files/2022-09/PostMIRErrataAdditional2208.csv,csv,ok,,,MIR August 2022
2022-08,mir,https://www.theaic.co.uk/sites/default/files/2022-09/WAR2208.csv,csv,,,,MIR August 2022
2022-08,monthly_statistics,https://www.theaic.co.uk/sites/default/files/2024-11/AICAdvancedCompare-endAugust2022.pdf,pdf,,,,Monthly statistics - August 2022
2022-09,keyfacts,https://www.theaic.co.uk/sites/default/files/2022-10/AICIndustryOverview30Sep22.xlsx,xlsx,ok,,,Industry Overview 30 September 2022
2022-09,mir,https://www.theaic.co.uk/sites/default/files/2022-10/CNV2209.csv,csv,,,,MIR September 2022
2022-09,mir,https://www.theaic.co.uk/sites/default/files/2022-10/ERR2209.csv,csv,ok,,,MIR September 2022
2022-09,mir,https://www.theaic.co.uk/sites/default/files/2022-10/GEO2209.csv,csv,,,,MIR September 2022
2022-09,mir,https://www.theaic.co.uk/sites/default/files/2022-10/MIR2209.csv,csv,ok,,,MIR September 2022
2022-09,mir,https://www.theaic.co.uk/sites/default/files/2022-10/PC2209.csv,csv,,,,MIR September 2022
2022-09,mir,https://www.theaic.co.uk/sites/default/files/2022-10/PostMIRErrataAdditional2209.csv,csv,ok,,,MIR September 2022
2022-09,mir,https://www.theaic.co.uk/sites/default/files/2022-10/WAR2209.csv,csv,,,,MIR September 2022
2022-09,monthly_statistics,https://www.theaic.co.uk/sites/default/files/2024-11/AICAdvancedCompare-endSeptember2022.pdf,pdf,,,,Monthly statistics - September 2022
2022-10,keyfacts,https://www.theaic.co.uk/sites/default/files/2022-11/AICIndustryOverview31Oct22.xlsx,xlsx,ok,,,Industry Overview 31 October 2022
2022-10,mir,https://www.theaic.co.uk/sites/default/files/2022-11/CNV2210.csv,csv,,,,MIR October 2022
2022-10,mir,https://www.theaic.co.uk/sites/default/files/2022-11/ERR22210.csv,csv,ok,,,MIR October 2022
2022-10,mir,https://www.theaic.co.uk/sites/default/files/2022-11/GEO2210.csv,csv,,,,MIR October 2022
2022-10,mir,https://www.theaic.co.uk/sites/default/files/2022-11/MIR2210.csv,csv,ok,,,MIR October 2022
2022-10,mir,https://www.theaic.co.uk/sites/default/files/2022-11/PC2210.csv,csv,,,,MIR October 2022
2022-10,mir,https://www.theaic.co.uk/sites/default/files/2022-11/PostMIRErrataAdditional2210.csv,csv,ok,,,MIR October 2022
2022-10,mir,https://www.theaic.co.uk/sites/default/files/2022-11/WAR2210.csv,csv,,,,MIR October 2022
2022-10,monthly_statistics,https://www.theaic.co.uk/sites/default/files/2024-11/AICAdvancedCompare-endOctober2022.pdf,pdf,,,,Monthly statistics - October 2022
2022-11,keyfacts,https://www.theaic.co.uk/sites/default/files/2022-12/AICIndustryOverview30Nov22.xlsx,xlsx,ok,,,Industry Overview 30 November 2022
2022-11,mir,https://www.theaic.co.uk/sites/default/files/2022-12/CNV2211.csv,csv,,,,MIR November 2022
2022-11,mir,https://www.theaic.co.uk/sites/default/files/2022-12/ERR22211.csv,csv,ok,,,MIR November 2022
2022-11,mir,https://www.theaic.co.uk/sites/default/files/2022-12/GEO2211.csv,csv,,,,MIR November 2022
2022-11,mir,https://www.theaic.co.uk/sites/default/files/2022-12/MIR2211.csv,csv,ok,,,MIR November 2022
2022-11,mir,https://www.theaic.co.uk/sites/default/files/2022-12/PC2211.csv,csv,,,,MIR November 2022
2022-11,mir,https://www.theaic.co.uk/sites/default/files/2022-12/PostMIRErrataAdditional2211.csv,csv,ok,,,MIR November 2022
2022-11,mir,https://www.theaic.co.uk/sites/default/files/2022-12/WAR2211.csv,csv,,,,MIR November 2022
2022-11,monthly_statistics,https://www.theaic.co.uk/sites/default/files/2024-11/AICAdvancedCompare-endNovember2022.pdf,pdf,,,,Monthly statistics - November 2022
2022-12,corporate_activity,https://www.theaic.co.uk/sites/default/files/2023-01/AICCorporateActivity2022.xlsx,xlsx,ok,,,Corporate Activity 2022
2022-12,keyfacts,https://www.theaic.co.uk/sites/default/files/2023-04/AICIndustryOverview31Dec22.xlsx,xlsx,ok,,,Industry Overview 31 December 2022
2022-12,mir,https://www.theaic.co.uk/sites/default/files/2023-01/CNV2212.csv,csv,,,,MIR 31 December 2022
2022-12,mir,https://www.theaic.co.uk/sites/default/files/2023-01/ERR2212.csv,csv,ok,,,MIR 31 December 2022
2022-12,mir,https://www.theaic.co.uk/sites/default/files/2023-01/GEO2212.csv,csv,,,,MIR 31 December 2022
2022-12,mir,https://www.theaic.co.uk/sites/default/files/2023-04/MIR%20portfolio%20exposure%202212.xlsx,xlsx,ok,,,MIR 31 December 2022
2022-12,mir,https://www.theaic.co.uk/sites/default/files/2023-01/MIR2212.csv,csv,ok,,,MIR 31 December 2022
2022-12,mir,https://www.theaic.co.uk/sites/default/files/2023-01/PC2212.csv,csv,,,,MIR 31 December 2022
2022-12,mir,https://www.theaic.co.uk/sites/default/files/2023-01/PostMIRErrataAdditional2212.csv,csv,ok,,,MIR 31 December 2022
2022-12,mir,https://www.theaic.co.uk/sites/default/files/2023-01/WAR2212.csv,csv,,,,MIR 31 December 2022
2022-12,monthly_statistics,https://www.theaic.co.uk/sites/default/files/2024-11/AICAdvancedCompare-endDecember2022_1.pdf,pdf,,,,Monthly statistics - December 2022
2023-01,keyfacts,https://www.theaic.co.uk/sites/default/files/2023-02/AICIndustryOverview31Jan23.xlsx,xlsx,ok,,,Industry Overview 31 January 2023
2023-01,mir,https://www.theaic.co.uk/sites/default/files/2026-06/CNV2301.csv,csv,,,,MIR January 2023
2023-01,mir,https://www.theaic.co.uk/sites/default/files/2026-06/GEO2301.csv,csv,,,,MIR January 2023
2023-01,mir,https://www.theaic.co.uk/sites/default/files/2026-06/MIR%20Portfolio%20exposure%20endJan23.xlsx,xlsx,ok,,,MIR January 2023
2023-01,mir,https://www.theaic.co.uk/sites/default/files/2026-06/MIR2301.csv,csv,ok,,,MIR January 2023
2023-01,mir,https://www.theaic.co.uk/sites/default/files/2026-06/PC2301.csv,csv,,,,MIR January 2023
2023-01,mir,https://www.theaic.co.uk/sites/default/files/2026-06/PostMIRErrataAdditional2301.csv,csv,ok,,,MIR January 2023
2023-01,mir,https://www.theaic.co.uk/sites/default/files/2026-06/WAR2301.csv,csv,,,,MIR January 2023
2023-01,monthly_statistics,https://www.theaic.co.uk/sites/default/files/2024-11/AICAdvancedCompare-endJanuary2023.pdf,pdf,,,,Monthly statistics - January 2023
2023-02,keyfacts,https://www.theaic.co.uk/sites/default/files/2023-03/AICIndustryOverview28Feb23.xlsx,xlsx,ok,,,Industry Overview 28 February 2023
2023-02,mir,https://www.theaic.co.uk/sites/default/files/2023-03/CNV2302.csv,csv,,,,MIR February 2023
2023-02,mir,https://www.theaic.co.uk/sites/default/files/2023-03/ERR2302.csv,csv,ok,,,MIR February 2023
2023-02,mir,https://www.theaic.co.uk/sites/default/files/2023-03/GEO2302.csv,csv,,,,MIR February 2023
2023-02,mir,https://www.theaic.co.uk/sites/default/files/2023-04/MIR%20Portfolio%20exposure%20endFeb23.xlsx,xlsx,ok,,,MIR February 2023
2023-02,mir,https://www.theaic.co.uk/sites/default/files/2023-03/MIR2302.csv,csv,ok,,,MIR February 2023
2023-02,mir,https://www.theaic.co.uk/sites/default/files/2023-03/PC2302.csv,csv,,,,MIR February 2023
2023-02,mir,https://www.theaic.co.uk/sites/default/files/2023-03/PostMIRErrataAdditional2302.csv,csv,ok,,,MIR February 2023
2023-02,mir,https://www.theaic.co.uk/sites/default/files/2023-03/WAR2302.csv,csv,,,,MIR February 2023
2023-02,monthly_statistics,https://www.theaic.co.uk/sites/default/files/2024-11/AICAdvancedCompare-endFebruary2023.pdf,pdf,,,,Monthly statistics - February 2023
2023-03,keyfacts,https://www.theaic.co.uk/sites/default/files/2023-04/AICIndustryOverview31Mar23.xlsx,xlsx,ok,,,Industry Overview 31 March 2023
2023-03,mir,https://www.theaic.co.uk/sites/default/files/2023-04/CNV2303.csv,csv,,,,MIR March 2023
2023-03,mir,https://www.theaic.co.uk/sites/default/files/2023-04/ERR2303.csv,csv,ok,,,MIR March 2023
2023-03,mir,https://www.theaic.co.uk/sites/default/files/2023-04/GEO2303.csv,csv,,,,MIR March 2023
2023-03,mir,https://www.theaic.co.uk/sites/default/files/2023-04/MIR%20Portfolio%20exposure%20endMar23.xlsx,xlsx,ok,,,MIR March 2023
2023-03,mir,https://www.theaic.co.uk/sites/default/files/2023-04/MIR2303.csv,csv,ok,,,MIR March 2023
2023-03,mir,https://www.theaic.co.uk/sites/default/files/2023-05/PC2303.csv,csv,,,,MIR March 2023
2023-03,mir,https://www.theaic.co.uk/sites/default/files/2023-04/PostMIRErrataAdditional2303.csv,csv,ok,,,MIR March 2023
2023-03,mir,https://www.theaic.co.uk/sites/default/files/2023-04/WAR2303.csv,csv,,,,MIR March 2023
2023-03,monthly_statistics,https://www.theaic.co.uk/sites/default/files/2024-11/AICAdvancedCompare-endMarch2023.pdf,pdf,,,,Monthly statistics - March 2023
2023-04,keyfacts,https://www.theaic.co.uk/sites/default/files/2023-06/AICIndustryOverview30Apr23.xlsx,xlsx,ok,,,Industry Overview 30 April 2023
2023-04,mir,https://www.theaic.co.uk/sites/default/files/2023-05/CNV2304.csv,csv,,,,MIR April 2023
2023-04,mir,https://www.theaic.co.uk/sites/default/files/2023-05/ERRATA2304.csv,csv,ok,,,MIR April 2023
2023-04,mir,https://www.theaic.co.uk/sites/default/files/2023-05/GEO2304.csv,csv,,,,MIR April 2023
2023-04,mir,https://www.theaic.co.uk/sites/default/files/2023-05/MIR%20Portfolio%20exposure%20endApr23.xlsx,xlsx,ok,,,MIR April 2023
2023-04,mir,https://www.theaic.co.uk/sites/default/files/2023-05/MIR2304.csv,csv,ok,,,MIR April 2023
2023-04,mir,https://www.theaic.co.uk/sites/default/files/2023-05/PC2304.csv,csv,,,,MIR April 2023
2023-04,mir,https://www.theaic.co.uk/sites/default/files/2023-05/PostMIRErrataAdditional2304.csv,csv,ok,,,MIR April 2023
2023-04,mir,https://www.theaic.co.uk/sites/default/files/2023-05/WAR2304.csv,csv,,,,MIR April 2023
2023-04,monthly_statistics,https://www.theaic.co.uk/sites/default/files/2024-11/AICAdvancedCompare-endApril2023.pdf,pdf,,,,Monthly statistics - April 2023
2023-05,keyfacts,https://www.theaic.co.uk/sites/default/files/2023-06/AICIndustryOverview31May23.xlsx,xlsx,ok,,,Industry Overview 31 May 2023
2023-05,mir,https://www.theaic.co.uk/sites/default/files/2023-06/CNV2305.csv,csv,,,,MIR May 2023
2023-05,mir,https://www.theaic.co.uk/sites/default/files/2023-06/ERR2305.csv,csv,ok,,,MIR May 2023
2023-05,mir,https://www.theaic.co.uk/sites/default/files/2023-06/GEO2305.csv,csv,,,,MIR May 2023
2023-05,mir,https://www.theaic.co.uk/sites/default/files/2023-06/MIR%20Portfolio%20exposure%20endMay23.xlsx,xlsx,ok,,,MIR May 2023
2023-05,mir,https://www.theaic.co.uk/sites/default/files/2023-06/MIR2305.csv,csv,ok,,,MIR May 2023
2023-05,mir,https://www.theaic.co.uk/sites/default/files/2023-06/PC2305.csv,csv,,,,MIR May 2023
2023-05,mir,https://www.theaic.co.uk/sites/default/files/2023-06/PostMIRErrataAdditional2305.csv,csv,ok,,,MIR May 2023
2023-05,mir,https://www.theaic.co.uk/sites/default/files/2023-06/WAR2305.csv,csv,,,,MIR May 2023
2023-05,monthly_statistics,https://www.theaic.co.uk/sites/default/files/2024-11/AICAdvancedCompare-endMay2023.pdf,pdf,,,,Monthly statistics - May 2023
2023-06,keyfacts,https://www.theaic.co.uk/sites/default/files/2023-07/AICIndustryOverview30Jun23.xlsx,xlsx,ok,,,Industry Overview 30 June 2023
2023-06,mir,https://www.theaic.co.uk/sites/default/files/2023-07/CNV2306.csv,csv,,,,MIR June 2023
2023-06,mir,https://www.theaic.co.uk/sites/default/files/2023-07/ERR2306.csv,csv,ok,,,MIR June 2023
2023-06,mir,https://www.theaic.co.uk/sites/default/files/2023-07/GEO2306.csv,csv,,,,MIR June 2023
2023-06,mir,https://www.theaic.co.uk/sites/default/files/2023-07/MIR%20Portfolio%20exposure%20endJun23.xlsx,xlsx,ok,,,MIR June 2023
2023-06,mir,https://www.theaic.co.uk/sites/default/files/2023-07/MIR2306.csv,csv,ok,,,MIR June 2023
2023-06,mir,https://www.theaic.co.uk/sites/default/files/2023-07/PC2306.csv,csv,,,,MIR June 2023
2023-06,mir,https://www.theaic.co.uk/sites/default/files/2023-07/PostMIRErrataAdditional2306.csv,csv,ok,,,MIR June 2023
2023-06,mir,https://www.theaic.co.uk/sites/default/files/2023-07/WAR2306.csv,csv,,,,MIR June 2023
2023-06,monthly_statistics,https://www.theaic.co.uk/sites/default/files/2024-11/AICAdvancedCompare-endJune2023.pdf,pdf,,,,Monthly statistics - June 2023
2023-07,keyfacts,https://www.theaic.co.uk/sites/default/files/2023-08/AICIndustryOverview31Jul23.xlsx,xlsx,ok,,,Industry Overview 31 July 2023
2023-07,mir,https://www.theaic.co.uk/sites/default/files/2023-08/CNV2307.csv,csv,,,,MIR July 2023
2023-07,mir,https://www.theaic.co.uk/sites/default/files/2023-08/ERR2307.csv,csv,ok,,,MIR July 2023
2023-07,mir,https://www.theaic.co.uk/sites/default/files/2023-08/GEO2307.csv,csv,,,,MIR July 2023
2023-07,mir,https://www.theaic.co.uk/sites/default/files/2023-08/MIR%20Portfolio%20exposure%20endJul23.xlsx,xlsx,ok,,,MIR July 2023
2023-07,mir,https://www.theaic.co.uk/sites/default/files/2023-08/MIR2307.csv,csv,ok,,,MIR July 2023
2023-07,mir,https://www.theaic.co.uk/sites/default/files/2023-08/PC2307.csv,csv,,,,MIR July 2023
2023-07,mir,https://www.theaic.co.uk/sites/default/files/2023-08/PostMIRErrataAdditional2307.csv,csv,ok,,,MIR July 2023
2023-07,mir,https://www.theaic.co.uk/sites/default/files/2023-08/WAR2307.csv,csv,,,,MIR July 2023
2023-07,monthly_statistics,https://www.theaic.co.uk/sites/default/files/2024-11/AICAdvancedCompare-endJuly2023.pdf,pdf,,,,Monthly statistics - July 2023
2023-08,keyfacts,https://www.theaic.co.uk/sites/default/files/2023-09/AICIndustryOverview31Aug23.xlsx,xlsx,ok,,,Industry Overview 31 August 2023
2023-08,mir,https://www.theaic.co.uk/sites/default/files/2023-09/CNV2308.csv,csv,,,,MIR August 2023
2023-08,mir,https://www.theaic.co.uk/sites/default/files/2023-09/ERR2308.csv,csv,ok,,,MIR August 2023
2023-08,mir,https://www.theaic.co.uk/sites/default/files/2023-09/GEO2308.csv,csv,,,,MIR August 2023
2023-08,mir,https://www.theaic.co.uk/sites/default/files/2023-09/MIR%20Portfolio%20exposure%20endAug23.xlsx,xlsx,ok,,,MIR August 2023
2023-08,mir,https://www.theaic.co.uk/sites/default/files/2023-09/MIR2308.csv,csv,ok,,,MIR August 2023
2023-08,mir,https://www.theaic.co.uk/sites/default/files/2023-09/PC2308.csv,csv,,,,MIR August 2023
2023-08,mir,https://www.theaic.co.uk/sites/default/files/2023-09/PostMIRErrataAdditional2308.csv,csv,ok,,,MIR August 2023
2023-08,mir,https://www.theaic.co.uk/sites/default/files/2023-09/WAR2308.csv,csv,,,,MIR August 2023
2023-08,monthly_statistics,https://www.theaic.co.uk/sites/default/files/2024-11/AICAdvancedCompare-endAugust2023.pdf,pdf,,,,Monthly statistics - August 2023
2023-09,keyfacts,https://www.theaic.co.uk/sites/default/files/2023-10/AICIndustryOverview30Sep23.xlsx,xlsx,ok,,,Industry Overview 30 September 2023
2023-09,mir,https://www.theaic.co.uk/sites/default/files/2023-10/CNV2309.csv,csv,,,,MIR September 2023
2023-09,mir,https://www.theaic.co.uk/sites/default/files/2023-10/ERR2309.csv,csv,ok,,,MIR September 2023
2023-09,mir,https://www.theaic.co.uk/sites/default/files/2023-10/GEO2309.csv,csv,,,,MIR September 2023
2023-09,mir,https://www.theaic.co.uk/sites/default/files/2023-10/MIR%20Portfolio%20exposure%20endSep23.xlsx,xlsx,ok,,,MIR September 2023
2023-09,mir,https://www.theaic.co.uk/sites/default/files/2023-10/MIR2309.csv,csv,ok,,,MIR September 2023
2023-09,mir,https://www.theaic.co.uk/sites/default/files/2023-10/PC2309.csv,csv,,,,MIR September 2023
2023-09,mir,https://www.theaic.co.uk/sites/default/files/2023-10/PostMIRErrataAdditional2309_0.csv,csv,ok,,,MIR September 2023
2023-09,mir,https://www.theaic.co.uk/sites/default/files/2023-10/WAR2309.csv,csv,,,,MIR September 2023
2023-09,monthly_statistics,https://www.theaic.co.uk/sites/default/files/2024-11/AICAdvancedCompare-endSeptember2023.pdf,pdf,,,,Monthly statistics - September 2024
2023-10,keyfacts,https://www.theaic.co.uk/sites/default/files/2023-11/AICIndustryOverview31Oct23.xlsx,xlsx,ok,,,Industry Overview 31 October 2023
2023-10,mir,https://www.theaic.co.uk/sites/default/files/2023-11/CNV2310.csv,csv,,,,MIR October 2023
2023-10,mir,https://www.theaic.co.uk/sites/default/files/2023-11/ERR2310.csv,csv,ok,,,MIR October 2023
2023-10,mir,https://www.theaic.co.uk/sites/default/files/2023-11/GEO2310.csv,csv,,,,MIR October 2023
2023-10,mir,https://www.theaic.co.uk/sites/default/files/2023-12/MIR%20Portfolio%20exposure%20endOct23.xlsx,xlsx,ok,,,MIR October 2023
2023-10,mir,https://www.theaic.co.uk/sites/default/files/2023-11/MIR2310.csv,csv,ok,,,MIR October 2023
2023-10,mir,https://www.theaic.co.uk/sites/default/files/2023-11/PC2310.csv,csv,,,,MIR October 2023
2023-10,mir,https://www.theaic.co.uk/sites/default/files/2023-11/PostMIRErrataAdditional2310.csv,csv,ok,,,MIR October 2023
2023-10,mir,https://www.theaic.co.uk/sites/default/files/2023-11/WAR2310.csv,csv,,,,MIR October 2023
2023-10,monthly_statistics,https://www.theaic.co.uk/sites/default/files/2024-11/AICAdvancedCompare-endOctober2023.pdf,pdf,,,,Monthly statistics - October 2023
2023-11,keyfacts,https://www.theaic.co.uk/sites/default/files/2023-12/AICIndustryOverview30Nov23.xlsx,xlsx,ok,,,Industry Overview 30 November 2023
2023-11,mir,https://www.theaic.co.uk/sites/default/files/2023-12/CNV2311.csv,csv,,,,MIR November 2023
2023-11,mir,https://www.theaic.co.uk/sites/default/files/2023-12/ERR2311_0.csv,csv,ok,,,MIR November 2023
2023-11,mir,https://www.theaic.co.uk/sites/default/files/2023-12/GEO2311.csv,csv,,,,MIR November 2023
2023-11,mir,https://www.theaic.co.uk/sites/default/files/2023-12/MIR%20Portfolio%20exposure%20endNov23_0.xlsx,xlsx,ok,,,MIR November 2023
2023-11,mir,https://www.theaic.co.uk/sites/default/files/2023-12/MIR2311.csv,csv,ok,,,MIR November 2023
2023-11,mir,https://www.theaic.co.uk/sites/default/files/2023-12/PC2311.csv,csv,,,,MIR November 2023
2023-11,mir,https://www.theaic.co.uk/sites/default/files/2023-12/PostMIRErrataAdditional2311.csv,csv,ok,,,MIR November 2023
2023-11,mir,https://www.theaic.co.uk/sites/default/files/2023-12/WAR2311.csv,csv,,,,MIR November 2023
2023-11,monthly_statistics,https://www.theaic.co.uk/sites/default/files/2024-11/AICAdvancedCompare-endNovember2023.pdf,pdf,,,,Monthly statistics - November 2023
2023-12,corporate_activity,https://www.theaic.co.uk/sites/default/files/2024-01/AICCorporateActivity2023%20-%20Updated.xlsx,xlsx,ok,,,Corporate Activity 2023
2023-12,keyfacts,https://www.theaic.co.uk/sites/default/files/2024-01/AICIndustryOverview31Dec23.xlsx,xlsx,ok,,,Industry Overview 31 December 2023
2023-12,mir,https://www.theaic.co.uk/sites/default/files/2024-01/CNV2312.csv,csv,,,,MIR December 2023
2023-12,mir,https://www.theaic.co.uk/sites/default/files/2024-01/ERR2312.csv,csv,ok,,,MIR December 2023
2023-12,mir,https://www.theaic.co.uk/sites/default/files/2024-01/GEO2312.csv,csv,,,,MIR December 2023
2023-12,mir,https://www.theaic.co.uk/sites/default/files/2024-01/MIR%20Portfolio%20exposure%20endDec23_1.xlsx,xlsx,ok,,,MIR December 2023
2023-12,mir,https://www.theaic.co.uk/sites/default/files/2024-01/MIR2312.csv,csv,ok,,,MIR December 2023
2023-12,mir,https://www.theaic.co.uk/sites/default/files/2024-01/PC2312.csv,csv,,,,MIR December 2023
2023-12,mir,https://www.theaic.co.uk/sites/default/files/2024-01/PostMIRErrataAdditional2312.csv,csv,ok,,,MIR December 2023
2023-12,mir,https://www.theaic.co.uk/sites/default/files/2024-01/WAR2312.csv,csv,,,,MIR December 2023
2023-12,monthly_statistics,https://www.theaic.co.uk/sites/default/files/2024-11/AICAdvancedCompare-endDecember2023.pdf,pdf,,,,Monthly statistics - December 2023
2024-01,keyfacts,https://www.theaic.co.uk/sites/default/files/2024-02/AICIndustryOverview31Jan24.xlsx,xlsx,ok,,,Industry Overview 31 January 2024
2024-01,mir,https://www.theaic.co.uk/sites/default/files/2024-02/CNV2401.csv,csv,,,, MIR January 2024
2024-01,mir,https://www.theaic.co.uk/sites/default/files/2024-02/ERR2401.csv,csv,ok,,, MIR January 2024
2024-01,mir,https://www.theaic.co.uk/sites/default/files/2024-02/GEO2401.csv,csv,,,, MIR January 2024
2024-01,mir,https://www.theaic.co.uk/sites/default/files/2024-02/MIR%20Portfolio%20exposure%20endJan24.xlsx,xlsx,ok,,, MIR January 2024
2024-01,mir,https://www.theaic.co.uk/sites/default/files/2024-02/MIR2401.csv,csv,ok,,, MIR January 2024
2024-01,mir,https://www.theaic.co.uk/sites/default/files/2024-02/PC2401.csv,csv,,,, MIR January 2024
2024-01,mir,https://www.theaic.co.uk/sites/default/files/2024-02/PostMIRErrataAdditional2401.csv,csv,ok,,, MIR January 2024
2024-01,mir,https://www.theaic.co.uk/sites/default/files/2024-02/WAR2401.csv,csv,,,, MIR January 2024
2024-01,monthly_statistics,https://www.theaic.co.uk/sites/default/files/2024-11/AICAdvancedCompare-endJanuary2024.pdf,pdf,,,,Monthly statistics - January 2024
2024-02,keyfacts,https://www.theaic.co.uk/sites/default/files/2024-03/AICIndustryOverview29Feb24.xlsx,xlsx,ok,,,Industry Overview 29 February 2024
2024-02,mir,https://www.theaic.co.uk/sites/default/files/2024-03/CNV2402.csv,csv,,,,MIR February 2024
2024-02,mir,https://www.theaic.co.uk/sites/default/files/2024-03/ERR2402.csv,csv,ok,,,MIR February 2024
2024-02,mir,https://www.theaic.co.uk/sites/default/files/2024-03/GEO2402.csv,csv,,,,MIR February 2024
2024-02,mir,https://www.theaic.co.uk/sites/default/files/2024-03/MIR%20Portfolio%20exposure%20endFeb24.xlsx,xlsx,ok,,,MIR February 2024
2024-02,mir,https://www.theaic.co.uk/sites/default/files/2024-03/MIR2402.csv,csv,ok,,,MIR February 2024
2024-02,mir,https://www.theaic.co.uk/sites/default/files/2024-03/PC2402.csv,csv,,,,MIR February 2024
2024-02,mir,https://www.theaic.co.uk/sites/default/files/2024-03/PostMIRErrataAdditional2402.csv,csv,ok,,,MIR February 2024
2024-02,mir,https://www.theaic.co.uk/sites/default/files/2024-03/WAR2402.csv,csv,,,,MIR February 2024
2024-02,monthly_statistics,https://www.theaic.co.uk/sites/default/files/2024-11/AICAdvancedCompare-endFebruary2024.pdf,pdf,,,,Monthly statistics - February 2024
2024-03,keyfacts,https://www.theaic.co.uk/sites/default/files/2024-05/AICIndustryOverview31Mar24.xlsx,xlsx,ok,,,Industry Overview 31 March 2024
2024-03,mir,https://www.theaic.co.uk/sites/default/files/2024-04/CNV2403.csv,csv,,,, MIR March 2024
2024-03,mir,https://www.theaic.co.uk/sites/default/files/2024-04/ERR2403.csv,csv,ok,,, MIR March 2024
2024-03,mir,https://www.theaic.co.uk/sites/default/files/2024-04/GEO2403.csv,csv,,,, MIR March 2024
2024-03,mir,https://www.theaic.co.uk/sites/default/files/2024-04/MIR%20Portfolio%20exposure%20endMar24_0.xlsx,xlsx,ok,,, MIR March 2024
2024-03,mir,https://www.theaic.co.uk/sites/default/files/2024-04/MIR2403.csv,csv,ok,,, MIR March 2024
2024-03,mir,https://www.theaic.co.uk/sites/default/files/2024-05/PC2403.csv,csv,,,, MIR March 2024
2024-03,mir,https://www.theaic.co.uk/sites/default/files/2024-04/PostMIRErrataAdditional2403_0.csv,csv,ok,,, MIR March 2024
2024-03,mir,https://www.theaic.co.uk/sites/default/files/2024-04/WAR2403.csv,csv,,,, MIR March 2024
2024-03,monthly_statistics,https://www.theaic.co.uk/sites/default/files/2024-11/AICAdvancedCompare-endMarch2024.pdf,pdf,,,,Monthly statistics - March 2024
2024-04,keyfacts,https://www.theaic.co.uk/sites/default/files/2024-05/AICIndustryOverview30Apr24.xlsx,xlsx,ok,,,Industry Overview 30 April 2024
2024-04,mir,https://www.theaic.co.uk/sites/default/files/2024-05/CNV2404.csv,csv,,,, MIR April 2024
2024-04,mir,https://www.theaic.co.uk/sites/default/files/2024-05/ERR2404.csv,csv,ok,,, MIR April 2024
2024-04,mir,https://www.theaic.co.uk/sites/default/files/2024-05/GEO2404.csv,csv,,,, MIR April 2024
2024-04,mir,https://www.theaic.co.uk/sites/default/files/2024-05/MIR%20Portfolio%20exposure%20endApr24.xlsx,xlsx,ok,,, MIR April 2024
2024-04,mir,https://www.theaic.co.uk/sites/default/files/2024-05/MIR2404.csv,csv,ok,,, MIR April 2024
2024-04,mir,https://www.theaic.co.uk/sites/default/files/2024-05/PC2404.csv,csv,,,, MIR April 2024
2024-04,mir,https://www.theaic.co.uk/sites/default/files/2024-05/PostMIRErrataAdditional2404.csv,csv,ok,,, MIR April 2024
2024-04,mir,https://www.theaic.co.uk/sites/default/files/2024-05/WAR2404.csv,csv,,,, MIR April 2024
2024-04,monthly_statistics,https://www.theaic.co.uk/sites/default/files/2024-11/AICAdvancedCompare-endApril2024.pdf,pdf,,,,Monthly statistics - April 2024
2024-05,keyfacts,https://www.theaic.co.uk/sites/default/files/2024-06/AICIndustryOverview31May24.xlsx,xlsx,ok,,,Industry Overview 31 May 2024
2024-05,mir,https://www.theaic.co.uk/sites/default/files/2024-06/CNV2405.csv,csv,,,, MIR May 2024
2024-05,mir,https://www.theaic.co.uk/sites/default/files/2024-06/ERR2405.csv,csv,ok,,, MIR May 2024
2024-05,mir,https://www.theaic.co.uk/sites/default/files/2024-06/GEO2405.csv,csv,,,, MIR May 2024
2024-05,mir,https://www.theaic.co.uk/sites/default/files/2024-06/MIR%20Portfolio%20exposure%20endMay24.xlsx,xlsx,ok,,, MIR May 2024
2024-05,mir,https://www.theaic.co.uk/sites/default/files/2024-06/MIR2405.csv,csv,ok,,, MIR May 2024
2024-05,mir,https://www.theaic.co.uk/sites/default/files/2024-06/PC2405.csv,csv,,,, MIR May 2024
2024-05,mir,https://www.theaic.co.uk/sites/default/files/2024-06/PostMIRErrataAdditional2405.csv,csv,ok,,, MIR May 2024
2024-05,mir,https://www.theaic.co.uk/sites/default/files/2024-06/WAR2405.csv,csv,,,, MIR May 2024
2024-05,monthly_statistics,https://www.theaic.co.uk/sites/default/files/2024-11/AICAdvancedCompare-endMay2024.pdf,pdf,,,,Monthly statistics - May 2024
2024-06,keyfacts,https://www.theaic.co.uk/sites/default/files/2024-07/AICIndustryOverview30Jun24.xlsx,xlsx,ok,,,Industry Overview 30 June 2024
2024-06,mir,https://www.theaic.co.uk/sites/default/files/2024-07/CNV2406.csv,csv,,,,MIR June 2024
2024-06,mir,https://www.theaic.co.uk/sites/default/files/2024-07/ERR2406.csv,csv,ok,,,MIR June 2024
2024-06,mir,https://www.theaic.co.uk/sites/default/files/2024-07/GEO2406.csv,csv,,,,MIR June 2024
2024-06,mir,https://www.theaic.co.uk/sites/default/files/2024-07/MIR%20Portfolio%20exposure%20endJun24.xlsx,xlsx,ok,,,MIR June 2024
2024-06,mir,https://www.theaic.co.uk/sites/default/files/2024-07/MIR2406.csv,csv,ok,,,MIR June 2024
2024-06,mir,https://www.theaic.co.uk/sites/default/files/2024-07/PC2406.csv,csv,,,,MIR June 2024
2024-06,mir,https://www.theaic.co.uk/sites/default/files/2024-07/PostGEOErrataAdditional2406.csv,csv,ok,,,MIR June 2024
2024-06,mir,https://www.theaic.co.uk/sites/default/files/2024-07/PostMIRErrataAdditional2406.csv,csv,ok,,,MIR June 2024
2024-06,mir,https://www.theaic.co.uk/sites/default/files/2024-07/WAR2406.csv,csv,,,,MIR June 2024
2024-06,monthly_statistics,https://www.theaic.co.uk/sites/default/files/2024-11/AICAdvancedCompare-endJune2024.pdf,pdf,,,,Monthly statistics - June 2024
2024-07,keyfacts,https://www.theaic.co.uk/sites/default/files/2024-09/AICIndustryOverview31Jul24.xlsx,xlsx,ok,,,Industry Overview 31 July 2024
2024-07,mir,https://www.theaic.co.uk/sites/default/files/2024-08/CNV2407.csv,csv,,,,MIR July 2024
2024-07,mir,https://www.theaic.co.uk/sites/default/files/2024-08/ERR2407.csv,csv,ok,,,MIR July 2024
2024-07,mir,https://www.theaic.co.uk/sites/default/files/2024-08/GEO2407.csv,csv,,,,MIR July 2024
2024-07,mir,https://www.theaic.co.uk/sites/default/files/2024-08/MIR%20Portfolio%20exposure%20endJul24.xlsx,xlsx,ok,,,MIR July 2024
2024-07,mir,https://www.theaic.co.uk/sites/default/files/2024-08/MIR2407.csv,csv,ok,,,MIR July 2024
2024-07,mir,https://www.theaic.co.uk/sites/default/files/2024-08/PC2407.csv,csv,,,,MIR July 2024
2024-07,mir,https://www.theaic.co.uk/sites/default/files/2024-08/PostCNVErrataAdditional2407.csv,csv,ok,,,MIR July 2024
2024-07,mir,https://www.theaic.co.uk/sites/default/files/2024-08/PostGEOErrataAdditional2407.csv,csv,ok,,,MIR July 2024
2024-07,mir,https://www.theaic.co.uk/sites/default/files/2024-08/PostMIRErrataAdditional2407_0.csv,csv,ok,,,MIR July 2024
2024-07,mir,https://www.theaic.co.uk/sites/default/files/2024-08/PostPCErrataAdditional2407.csv,csv,ok,,,MIR July 2024
2024-07,mir,https://www.theaic.co.uk/sites/default/files/2024-08/WAR2407.csv,csv,,,,MIR July 2024
2024-07,monthly_statistics,https://www.theaic.co.uk/sites/default/files/2024-11/AICAdvancedCompare-endJuly2024.pdf,pdf,,,,Monthly statistics - July 2024
2024-08,keyfacts,https://www.theaic.co.uk/sites/default/files/2024-09/AICIndustryOverview31Aug24.xlsx,xlsx,ok,,,Industry Overview 31 August 2024
2024-08,mir,https://www.theaic.co.uk/sites/default/files/2024-09/CNV2408.csv,csv,,,, MIR August 2024
2024-08,mir,https://www.theaic.co.uk/sites/default/files/2024-09/ERR2408.csv,csv,ok,,, MIR August 2024
2024-08,mir,https://www.theaic.co.uk/sites/default/files/2024-09/GEO2408.csv,csv,,,, MIR August 2024
2024-08,mir,https://www.theaic.co.uk/sites/default/files/2024-09/MIR%20Portfolio%20exposure%20endAug24.xlsx,xlsx,ok,,, MIR August 2024
2024-08,mir,https://www.theaic.co.uk/sites/default/files/2024-09/MIR2408.csv,csv,ok,,, MIR August 2024
2024-08,mir,https://www.theaic.co.uk/sites/default/files/2024-09/PC2408.csv,csv,,,, MIR August 2024
2024-08,mir,https://www.theaic.co.uk/sites/default/files/2024-09/PostGEOErrataAdditional2408.csv,csv,ok,,, MIR August 2024
2024-08,mir,https://www.theaic.co.uk/sites/default/files/2024-09/PostMIRErrataAdditional2408.csv,csv,ok,,, MIR August 2024
2024-08,mir,https://www.theaic.co.uk/sites/default/files/2024-09/PostPCErrataAdditional2408.csv,csv,ok,,, MIR August 2024
2024-08,mir,https://www.theaic.co.uk/sites/default/files/2024-09/WAR2408.csv,csv,,,, MIR August 2024
2024-08,monthly_statistics,https://www.theaic.co.uk/sites/default/files/2024-11/AICAdvancedCompare-endAugust2024.pdf,pdf,,,,Monthly statistics - August 2024
2024-09,keyfacts,https://www.theaic.co.uk/sites/default/files/2024-10/AICIndustryOverview30Sep24.xlsx,xlsx,ok,,,Industry Overview 30 September 2024
2024-09,mir,https://www.theaic.co.uk/sites/default/files/2024-10/CNV2409.csv,csv,,,,MIR September 2024
2024-09,mir,https://www.theaic.co.uk/sites/default/files/2024-10/ERR2409.csv,csv,ok,,,MIR September 2024
2024-09,mir,https://www.theaic.co.uk/sites/default/files/2024-10/GEO2409.csv,csv,,,,MIR September 2024
2024-09,mir,https://www.theaic.co.uk/sites/default/files/2024-10/MIR%20Portfolio%20exposure%20endSep24.xlsx,xlsx,ok,,,MIR September 2024
2024-09,mir,https://www.theaic.co.uk/sites/default/files/2024-10/MIR2409.csv,csv,ok,,,MIR September 2024
2024-09,mir,https://www.theaic.co.uk/sites/default/files/2024-10/PC2409.csv,csv,,,,MIR September 2024
2024-09,mir,https://www.theaic.co.uk/sites/default/files/2024-11/PostGEOErrataAdditional2409.csv,csv,ok,,,MIR September 2024
2024-09,mir,https://www.theaic.co.uk/sites/default/files/2024-11/PostMIRErrataAdditional2409.csv,csv,ok,,,MIR September 2024
2024-09,mir,https://www.theaic.co.uk/sites/default/files/2024-11/PostPCErrataAdditional2409.csv,csv,ok,,,MIR September 2024
2024-09,mir,https://www.theaic.co.uk/sites/default/files/2024-10/WAR2409.csv,csv,,,,MIR September 2024
2024-09,monthly_statistics,https://www.theaic.co.uk/sites/default/files/2024-11/AICAdvancedCompare-endSeptember2024.pdf,pdf,,,,Monthly statistics - September 2024
2024-10,keyfacts,https://www.theaic.co.uk/sites/default/files/2024-11/AICIndustryOverview31Oct24.xlsx,xlsx,ok,,,Industry Overview 31 October 2024
2024-10,mir,https://www.theaic.co.uk/sites/default/files/2024-11/CNV2410.csv,csv,,,,MIR October 2024
2024-10,mir,https://www.theaic.co.uk/sites/default/files/2024-11/ERR2410.csv,csv,ok,,,MIR October 2024
2024-10,mir,https://www.theaic.co.uk/sites/default/files/2024-11/GEO2410.csv,csv,,,,MIR October 2024
2024-10,mir,https://www.theaic.co.uk/sites/default/files/2024-11/MIR%20Portfolio%20exposure%20endOct24.xlsx,xlsx,ok,,,MIR October 2024
2024-10,mir,https://www.theaic.co.uk/sites/default/files/2024-11/MIR2410.csv,csv,ok,,,MIR October 2024
2024-10,mir,https://www.theaic.co.uk/sites/default/files/2024-11/PC2410.csv,csv,,,,MIR October 2024
2024-10,mir,https://www.theaic.co.uk/sites/default/files/2024-12/PostGEOErrataAdditional2410.csv,csv,ok,,,MIR October 2024
2024-10,mir,https://www.theaic.co.uk/sites/default/files/2024-12/PostMIRErrataAdditional2410.csv,csv,ok,,,MIR October 2024
2024-10,mir,https://www.theaic.co.uk/sites/default/files/2024-12/PostPCErrataAdditional2410.csv,csv,ok,,,MIR October 2024
2024-10,mir,https://www.theaic.co.uk/sites/default/files/2024-11/WAR2410.csv,csv,,,,MIR October 2024
2024-10,monthly_statistics,https://www.theaic.co.uk/sites/default/files/2025-01/AICAdvancedCompare-endOctober2024.pdf,pdf,,,,Monthly statistics - October 2024
2024-11,keyfacts,https://www.theaic.co.uk/sites/default/files/2024-12/AICIndustryOverview30Nov24.xlsx,xlsx,ok,,,Industry Overview 30 November 2024
2024-11,mir,https://www.theaic.co.uk/sites/default/files/2024-12/CNV2411.csv,csv,,,,MIR November 2024
2024-11,mir,https://www.theaic.co.uk/sites/default/files/2024-12/ERR2411.csv,csv,ok,,,MIR November 2024
2024-11,mir,https://www.theaic.co.uk/sites/default/files/2024-12/GEO2411.csv,csv,,,,MIR November 2024
2024-11,mir,https://www.theaic.co.uk/sites/default/files/2024-12/MIR%20Portfolio%20exposure%20endNov24.csv,csv,ok,,,MIR November 2024
2024-11,mir,https://www.theaic.co.uk/sites/default/files/2024-12/MIR2411.csv,csv,ok,,,MIR November 2024
2024-11,mir,https://www.theaic.co.uk/sites/default/files/2024-12/PC2411.csv,csv,,,,MIR November 2024
2024-11,mir,https://www.theaic.co.uk/sites/default/files/2025-01/PostMIRErrataAdditional2411.csv,csv,ok,,,MIR November 2024
2024-11,mir,https://www.theaic.co.uk/sites/default/files/2025-01/PostPCErrataAdditional2411.csv,csv,ok,,,MIR November 2024
2024-11,mir,https://www.theaic.co.uk/sites/default/files/2024-12/WAR2411.csv,csv,,,,MIR November 2024
2024-11,monthly_statistics,https://www.theaic.co.uk/sites/default/files/2025-01/AICAdvancedCompare-endNovember2024.pdf,pdf,,,,Monthly statistics - November 2024
2024-12,corporate_activity,https://www.theaic.co.uk/sites/default/files/2025-01/AICCorporateActivity2024.xlsx,xlsx,ok,,,Corporate Activity 2024
2024-12,keyfacts,https://www.theaic.co.uk/sites/default/files/2025-01/AICIndustryOverview31Dec24.xlsx,xlsx,ok,,,Industry Overview 31 December 2024
2024-12,mir,https://www.theaic.co.uk/sites/default/files/2025-01/CNV2412.csv,csv,,,,MIR December 2024
2024-12,mir,https://www.theaic.co.uk/sites/default/files/2025-01/ERR2412.csv,csv,ok,,,MIR December 2024
2024-12,mir,https://www.theaic.co.uk/sites/default/files/2025-01/GEO2412.csv,csv,,,,MIR December 2024
2024-12,mir,https://www.theaic.co.uk/sites/default/files/2025-01/MIR%20Portfolio%20exposure%20endDec24.xlsx,xlsx,ok,,,MIR December 2024
2024-12,mir,https://www.theaic.co.uk/sites/default/files/2025-01/MIR2412.csv,csv,ok,,,MIR December 2024
2024-12,mir,https://www.theaic.co.uk/sites/default/files/2025-01/PC2412.csv,csv,,,,MIR December 2024
2024-12,mir,https://www.theaic.co.uk/sites/default/files/2025-02/PostGEOErrataAdditional2412.csv,csv,ok,,,MIR December 2024
2024-12,mir,https://www.theaic.co.uk/sites/default/files/2025-02/PostMIRErrataAdditional2412.csv,csv,ok,,,MIR December 2024
2024-12,mir,https://www.theaic.co.uk/sites/default/files/2025-02/PostPCErrataAdditional2412.csv,csv,ok,,,MIR December 2024
2024-12,mir,https://www.theaic.co.uk/sites/default/files/2025-01/WAR2412.csv,csv,,,,MIR December 2024
2024-12,monthly_statistics,https://www.theaic.co.uk/sites/default/files/2025-01/AICAdvancedCompare-endDecember2024.pdf,pdf,,,,Monthly statistics - December 2024
2024-12,monthly_statistics,https://www.theaic.co.uk/sites/default/files/2025-01/AICAdvancedCompare-endDecember2024.pdf,pdf,,,,Monthly statistics - December 2024
2025-01,keyfacts,https://www.theaic.co.uk/sites/default/files/2025-02/AICIndustryOverview31Jan25.xlsx,xlsx,ok,,,Industry Overview 31 January 2025
2025-01,mir,https://www.theaic.co.uk/sites/default/files/2025-02/CNV2501.csv,csv,,,,MIR January 2025
2025-01,mir,https://www.theaic.co.uk/sites/default/files/2025-02/ERR2501.csv,csv,ok,,,MIR January 2025
2025-01,mir,https://www.theaic.co.uk/sites/default/files/2025-02/GEO2501.csv,csv,,,,MIR January 2025
2025-01,mir,https://www.theaic.co.uk/sites/default/files/2025-03/GEO2501PostErrata.csv,csv,,,,MIR January 2025
2025-01,mir,https://www.theaic.co.uk/sites/default/files/2025-02/MIR%20Portfolio%20exposure%20endJan25.xlsx,xlsx,ok,,,MIR January 2025
2025-01,mir,https://www.theaic.co.uk/sites/default/files/2025-02/MIR2501.csv,csv,ok,,,MIR January 2025
2025-01,mir,https://www.theaic.co.uk/sites/default/files/2025-03/MIR2501PostErrata.csv,csv,ok,,,MIR January 2025
2025-01,mir,https://www.theaic.co.uk/sites/default/files/2025-02/PC2501.csv,csv,,,,MIR January 2025
2025-01,mir,https://www.theaic.co.uk/sites/default/files/2025-03/PC2501PostErrata.csv,csv,,,,MIR January 2025
2025-01,mir,https://www.theaic.co.uk/sites/default/files/2025-02/WAR2501.csv,csv,,,,MIR January 2025
2025-01,monthly_statistics,https://www.theaic.co.uk/sites/default/files/2025-02/AICAdvancedCompare-endJanuary2025.pdf,pdf,,,,Monthly statistics - January 2025
2025-02,keyfacts,https://www.theaic.co.uk/sites/default/files/2025-03/AICIndustryOverview28Feb25.xlsx,xlsx,ok,,,Industry Overview 28 February 2025
2025-02,mir,https://www.theaic.co.uk/sites/default/files/2025-03/CNV2502.csv,csv,,,,MIR February 2025
2025-02,mir,https://www.theaic.co.uk/sites/default/files/2025-03/ERR2502.csv,csv,ok,,,MIR February 2025
2025-02,mir,https://www.theaic.co.uk/sites/default/files/2025-03/GEO2502.csv,csv,,,,MIR February 2025
2025-02,mir,https://www.theaic.co.uk/sites/default/files/2025-03/GEO2502PostErrata.csv,csv,,,,MIR February 2025
2025-02,mir,https://www.theaic.co.uk/sites/default/files/2025-03/MIR%20Portfolio%20exposure%20endFeb25.csv,csv,ok,,,MIR February 2025
2025-02,mir,https://www.theaic.co.uk/sites/default/files/2025-03/MIR2502.csv,csv,ok,,,MIR February 2025
2025-02,mir,https://www.theaic.co.uk/sites/default/files/2025-03/MIR2502PostErrata.csv,csv,ok,,,MIR February 2025
2025-02,mir,https://www.theaic.co.uk/sites/default/files/2025-03/PC2502.csv,csv,,,,MIR February 2025
2025-02,mir,https://www.theaic.co.uk/sites/default/files/2025-03/WAR2502.csv,csv,,,,MIR February 2025
2025-02,monthly_statistics,https://www.theaic.co.uk/sites/default/files/2025-03/AICAdvancedCompare-endFebruary2025.pdf,pdf,,,,Monthly statistics - February 2025
2025-03,keyfacts,https://www.theaic.co.uk/sites/default/files/2025-04/AICIndustryOverview31Mar25.xlsx,xlsx,ok,,,Industry Overview 31 March 2025
2025-03,mir,https://www.theaic.co.uk/sites/default/files/2025-04/CNV2503.csv,csv,,,,MIR March 2025
2025-03,mir,https://www.theaic.co.uk/sites/default/files/2025-04/ERR2503.csv,csv,ok,,,MIR March 2025
2025-03,mir,https://www.theaic.co.uk/sites/default/files/2025-04/GEO2503.csv,csv,,,,MIR March 2025
2025-03,mir,https://www.theaic.co.uk/sites/default/files/2025-05/GEO2503PostErrata.csv,csv,,,,MIR March 2025
2025-03,mir,https://www.theaic.co.uk/sites/default/files/2025-04/MIR%20Portfolio%20exposure%20endMar25.csv,csv,ok,,,MIR March 2025
2025-03,mir,https://www.theaic.co.uk/sites/default/files/2025-04/MIR2503.csv,csv,ok,,,MIR March 2025
2025-03,mir,https://www.theaic.co.uk/sites/default/files/2025-05/MIR2503PostErrata.csv,csv,ok,,,MIR March 2025
2025-03,mir,https://www.theaic.co.uk/sites/default/files/2025-04/PC2503.csv,csv,,,,MIR March 2025
2025-03,mir,https://www.theaic.co.uk/sites/default/files/2025-05/PC2503PostErrata.csv,csv,,,,MIR March 2025
2025-03,mir,https://www.theaic.co.uk/sites/default/files/2025-04/WAR2503.csv,csv,,,,MIR March 2025
2025-03,monthly_statistics,https://www.theaic.co.uk/sites/default/files/2025-04/AICAdvancedCompare-endMarch2025.pdf,pdf,,,,Monthly statistics - March 2025
2025-04,keyfacts,https://www.theaic.co.uk/sites/default/files/2025-05/AICIndustryOverview30Apr25.xlsx,xlsx,ok,,,Industry Overview 30 April 2025
2025-04,mir,https://www.theaic.co.uk/sites/default/files/2025-05/CNV2504.csv,csv,,,,MIR April 2025
2025-04,mir,https://www.theaic.co.uk/sites/default/files/2025-05/ERR2504.csv,csv,ok,,,MIR April 2025
2025-04,mir,https://www.theaic.co.uk/sites/default/files/2025-05/GEO2504.csv,csv,,,,MIR April 2025
2025-04,mir,https://www.theaic.co.uk/sites/default/files/2025-06/GEO2504PostErrata.csv,csv,,,,MIR April 2025
2025-04,mir,https://www.theaic.co.uk/sites/default/files/2025-05/MIR%20Portfolio%20exposure%20endApr25.xlsx,xlsx,ok,,,MIR April 2025
2025-04,mir,https://www.theaic.co.uk/sites/default/files/2025-05/MIR2504.csv,csv,ok,,,MIR April 2025
2025-04,mir,https://www.theaic.co.uk/sites/default/files/2025-06/MIR2504PostErrata.csv,csv,ok,,,MIR April 2025
2025-04,mir,https://www.theaic.co.uk/sites/default/files/2025-05/PC2504.csv,csv,,,,MIR April 2025
2025-04,mir,https://www.theaic.co.uk/sites/default/files/2025-05/PC2504PostErrata.csv,csv,,,,MIR April 2025
2025-04,mir,https://www.theaic.co.uk/sites/default/files/2025-05/WAR2504.csv,csv,,,,MIR April 2025
2025-04,monthly_statistics,https://www.theaic.co.uk/sites/default/files/2025-05/AICAdvancedCompare-endApril2025.pdf,pdf,,,,Monthly statistics - April 2025
2025-05,keyfacts,https://www.theaic.co.uk/sites/default/files/2025-06/AICIndustryOverview31May25.xlsx,xlsx,ok,,,Industry Overview 31 May 2025
2025-05,mir,https://www.theaic.co.uk/sites/default/files/2025-06/CNV2505.csv,csv,,,,MIR May 2025
2025-05,mir,https://www.theaic.co.uk/sites/default/files/2025-06/ERR2505.csv,csv,ok,,,MIR May 2025
2025-05,mir,https://www.theaic.co.uk/sites/default/files/2025-06/GEO2505.csv,csv,,,,MIR May 2025
2025-05,mir,https://www.theaic.co.uk/sites/default/files/2025-06/GEO2505PostErrata.csv,csv,,,,MIR May 2025
2025-05,mir,https://www.theaic.co.uk/sites/default/files/2025-06/MIR%20Portfolio%20exposure%20endMay25.xlsx,xlsx,ok,,,MIR May 2025
2025-05,mir,https://www.theaic.co.uk/sites/default/files/2025-06/MIR2505.csv,csv,ok,,,MIR May 2025
2025-05,mir,https://www.theaic.co.uk/sites/default/files/2025-06/MIR2505PostErrata.csv,csv,ok,,,MIR May 2025
2025-05,mir,https://www.theaic.co.uk/sites/default/files/2025-06/PC2505.csv,csv,,,,MIR May 2025
2025-05,mir,https://www.theaic.co.uk/sites/default/files/2025-06/PC2505PostErrata.csv,csv,,,,MIR May 2025
2025-05,mir,https://www.theaic.co.uk/sites/default/files/2025-06/WAR2505.csv,csv,,,,MIR May 2025
2025-05,monthly_statistics,https://www.theaic.co.uk/sites/default/files/2025-06/AICAdvancedCompare-endMay2025.pdf,pdf,,,,Monthly Statistics - May 2025
2025-06,keyfacts,https://www.theaic.co.uk/sites/default/files/2025-07/AICIndustryOverview30Jun25.xlsx,xlsx,ok,,,Industry Overview 30 June 2025
2025-06,mir,https://www.theaic.co.uk/sites/default/files/2025-07/CNV2506.csv,csv,,,,MIR June 2025
2025-06,mir,https://www.theaic.co.uk/sites/default/files/2025-07/ERR2506.csv,csv,ok,,,MIR June 2025
2025-06,mir,https://www.theaic.co.uk/sites/default/files/2025-07/GEO2506.csv,csv,,,,MIR June 2025
2025-06,mir,https://www.theaic.co.uk/sites/default/files/2025-07/GEO2506PostERR.csv,csv,,,,MIR June 2025
2025-06,mir,https://www.theaic.co.uk/sites/default/files/2025-07/MIR%20Portfolio%20exposure%20endJun25.xlsx,xlsx,ok,,,MIR June 2025
2025-06,mir,https://www.theaic.co.uk/sites/default/files/2025-07/MIR2506.csv,csv,ok,,,MIR June 2025
2025-06,mir,https://www.theaic.co.uk/sites/default/files/2025-07/MIR2506PostERR.csv,csv,ok,,,MIR June 2025
2025-06,mir,https://www.theaic.co.uk/sites/default/files/2025-07/PC2506.csv,csv,,,,MIR June 2025
2025-06,mir,https://www.theaic.co.uk/sites/default/files/2025-07/PC2506PostERR.csv,csv,,,,MIR June 2025
2025-06,mir,https://www.theaic.co.uk/sites/default/files/2025-07/WAR2506.csv,csv,,,,MIR June 2025
2025-06,monthly_statistics,https://www.theaic.co.uk/sites/default/files/2025-07/AICAdvancedCompare-endJune2025.pdf,pdf,,,,Monthly Statistics - June 2025
2025-07,keyfacts,https://www.theaic.co.uk/sites/default/files/2025-08/AICIndustryOverview31Jul25.xlsx,xlsx,ok,,,Industry Overview 31 July 2025
2025-07,mir,https://www.theaic.co.uk/sites/default/files/2025-08/CNV2507.csv,csv,,,,MIR July 2025
2025-07,mir,https://www.theaic.co.uk/sites/default/files/2025-08/ERR2507.csv,csv,ok,,,MIR July 2025
2025-07,mir,https://www.theaic.co.uk/sites/default/files/2025-08/GEO2507.csv,csv,,,,MIR July 2025
2025-07,mir,https://www.theaic.co.uk/sites/default/files/2025-09/GEO2507PostERR.csv,csv,,,,MIR July 2025
2025-07,mir,https://www.theaic.co.uk/sites/default/files/2025-08/MIR%20Portfolio%20exposure%20endJul25.xlsx,xlsx,ok,,,MIR July 2025
2025-07,mir,https://www.theaic.co.uk/sites/default/files/2025-08/MIR2507.csv,csv,ok,,,MIR July 2025
2025-07,mir,https://www.theaic.co.uk/sites/default/files/2025-09/MIR2507PostERR.csv,csv,ok,,,MIR July 2025
2025-07,mir,https://www.theaic.co.uk/sites/default/files/2025-08/PC2507.csv,csv,,,,MIR July 2025
2025-07,mir,https://www.theaic.co.uk/sites/default/files/2025-08/PC2507PostERR.csv,csv,,,,MIR July 2025
2025-07,mir,https://www.theaic.co.uk/sites/default/files/2025-08/WAR2507.csv,csv,,,,MIR July 2025
2025-07,monthly_statistics,https://www.theaic.co.uk/sites/default/files/2025-08/AICAdvancedCompare-endJuly2025.pdf,pdf,,,,Monthly Statistics - July 2025
2025-08,keyfacts,https://www.theaic.co.uk/sites/default/files/2025-09/AICIndustryOverview31Aug25.xlsx,xlsx,ok,,,Industry Overview 31 Aug 2025
2025-08,mir,https://www.theaic.co.uk/sites/default/files/2025-09/CNV2508.csv,csv,,,,MIR  August 2025
2025-08,mir,https://www.theaic.co.uk/sites/default/files/2025-09/ERR2508.csv,csv,ok,,,MIR  August 2025
2025-08,mir,https://www.theaic.co.uk/sites/default/files/2025-09/GEO2508.csv,csv,,,,MIR  August 2025
2025-08,mir,https://www.theaic.co.uk/sites/default/files/2025-10/GEO2508PostERR.csv,csv,,,,MIR  August 2025
2025-08,mir,https://www.theaic.co.uk/sites/default/files/2025-11/MIR%20Portfolio%20exposure%20endAug25.xlsx,xlsx,ok,,,MIR  August 2025
2025-08,mir,https://www.theaic.co.uk/sites/default/files/2025-09/MIR2508.csv,csv,ok,,,MIR  August 2025
2025-08,mir,https://www.theaic.co.uk/sites/default/files/2025-10/MIR2508PostERR.csv,csv,ok,,,MIR  August 2025
2025-08,mir,https://www.theaic.co.uk/sites/default/files/2025-09/PC2508.csv,csv,,,,MIR  August 2025
2025-08,mir,https://www.theaic.co.uk/sites/default/files/2025-10/PC2508PostERR.csv,csv,,,,MIR  August 2025
2025-08,mir,https://www.theaic.co.uk/sites/default/files/2025-09/WAR2508.csv,csv,,,,MIR  August 2025
2025-08,monthly_statistics,https://www.theaic.co.uk/sites/default/files/2025-09/AICAdvancedCompare-endAugust2025.pdf,pdf,,,,Monthly Statistics - August 2025
2025-09,keyfacts,https://www.theaic.co.uk/sites/default/files/2025-10/AICIndustryOverview30Sep25.xlsx,xlsx,ok,,,Industry Overview 30 Sep 2025
2025-09,mir,https://www.theaic.co.uk/sites/default/files/2025-10/CNV2509.csv,csv,,,,MIR September 2025
2025-09,mir,https://www.theaic.co.uk/sites/default/files/2025-10/ERR2509.csv,csv,ok,,,MIR September 2025
2025-09,mir,https://www.theaic.co.uk/sites/default/files/2025-10/GEO2509.csv,csv,,,,MIR September 2025
2025-09,mir,https://www.theaic.co.uk/sites/default/files/2025-11/GEO2509PostERR.csv,csv,,,,MIR September 2025
2025-09,mir,https://www.theaic.co.uk/sites/default/files/2025-11/MIR%20Portfolio%20exposure%20endSep25.csv,csv,ok,,,MIR September 2025
2025-09,mir,https://www.theaic.co.uk/sites/default/files/2025-10/MIR2509.csv,csv,ok,,,MIR September 2025
2025-09,mir,https://www.theaic.co.uk/sites/default/files/2025-11/MIR2509PostERR.csv,csv,ok,,,MIR September 2025
2025-09,mir,https://www.theaic.co.uk/sites/default/files/2025-10/PC2509.csv,csv,,,,MIR September 2025
2025-09,mir,https://www.theaic.co.uk/sites/default/files/2025-11/PC2509PostERR.csv,csv,,,,MIR September 2025
2025-09,mir,https://www.theaic.co.uk/sites/default/files/2025-10/WAR2509.csv,csv,,,,MIR September 2025
2025-09,monthly_statistics,https://www.theaic.co.uk/sites/default/files/2025-10/AICAdvancedCompare-endSeptember2025.pdf,pdf,,,,Monthly Statistics - September 2025
2025-10,keyfacts,https://www.theaic.co.uk/sites/default/files/2025-11/AICIndustryOverview31Oct25.xlsx,xlsx,ok,,,Industry Overview 30 Oct 2025
2025-10,mir,https://www.theaic.co.uk/sites/default/files/2025-11/CNV2510.csv,csv,,,,MIR October 2025
2025-10,mir,https://www.theaic.co.uk/sites/default/files/2025-11/ERR2510.csv,csv,ok,,,MIR October 2025
2025-10,mir,https://www.theaic.co.uk/sites/default/files/2025-11/GEO2510.csv,csv,,,,MIR October 2025
2025-10,mir,https://www.theaic.co.uk/sites/default/files/2025-12/GEO2510PostERR.csv,csv,,,,MIR October 2025
2025-10,mir,https://www.theaic.co.uk/sites/default/files/2025-11/MIR%20Portfolio%20exposure%20endOct25.xlsx,xlsx,ok,,,MIR October 2025
2025-10,mir,https://www.theaic.co.uk/sites/default/files/2025-11/MIR2510.csv,csv,ok,,,MIR October 2025
2025-10,mir,https://www.theaic.co.uk/sites/default/files/2025-12/MIR2510PostERR.csv,csv,ok,,,MIR October 2025
2025-10,mir,https://www.theaic.co.uk/sites/default/files/2025-11/PC2510.csv,csv,,,,MIR October 2025
2025-10,mir,https://www.theaic.co.uk/sites/default/files/2025-12/PC2510PostERR.csv,csv,,,,MIR October 2025
2025-10,mir,https://www.theaic.co.uk/sites/default/files/2025-11/WAR2510.csv,csv,,,,MIR October 2025
2025-10,monthly_statistics,https://www.theaic.co.uk/sites/default/files/2025-11/AICAdvancedCompare-endOctober2025.pdf,pdf,,,,Monthly Statistics - October 2025
2025-11,keyfacts,https://www.theaic.co.uk/sites/default/files/2026-01/AICIndustryOverview30Nov25.xlsx,xlsx,ok,,,Industry Overview 30 Nov 2025
2025-11,mir,https://www.theaic.co.uk/sites/default/files/2025-12/CNV2511.csv,csv,,,,MIR November 2025
2025-11,mir,https://www.theaic.co.uk/sites/default/files/2025-12/ERR2511.csv,csv,ok,,,MIR November 2025
2025-11,mir,https://www.theaic.co.uk/sites/default/files/2025-12/GEO2511.csv,csv,,,,MIR November 2025
2025-11,mir,https://www.theaic.co.uk/sites/default/files/2025-12/GEO2511PostERR.csv,csv,,,,MIR November 2025
2025-11,mir,https://www.theaic.co.uk/sites/default/files/2025-12/MIR%20Portfolio%20exposure%20endNov25.xlsx,xlsx,ok,,,MIR November 2025
2025-11,mir,https://www.theaic.co.uk/sites/default/files/2025-12/MIR2511.csv,csv,ok,,,MIR November 2025
2025-11,mir,https://www.theaic.co.uk/sites/default/files/2025-12/MIR2511PostERR.csv,csv,ok,,,MIR November 2025
2025-11,mir,https://www.theaic.co.uk/sites/default/files/2025-12/PC2511.csv,csv,,,,MIR November 2025
2025-11,mir,https://www.theaic.co.uk/sites/default/files/2025-12/PC2511PostERR.csv,csv,,,,MIR November 2025
2025-11,mir,https://www.theaic.co.uk/sites/default/files/2025-12/WAR2511.csv,csv,,,,MIR November 2025
2025-11,monthly_statistics,https://www.theaic.co.uk/sites/default/files/2025-12/AICAdvancedCompare-endNovember2025.pdf,pdf,,,,Monthly Statistics - November 2025
2025-12,corporate_activity,https://www.theaic.co.uk/sites/default/files/2026-01/AICCorporateActivity2025.xlsx,xlsx,ok,,,Corporate Activity 2025
2025-12,keyfacts,https://www.theaic.co.uk/sites/default/files/2026-01/AICIndustryOverview31Dec25.xlsx,xlsx,ok,,,Industry Overview 31 Dec 2025
2025-12,mir,https://www.theaic.co.uk/sites/default/files/2026-01/CNV2512.csv,csv,,,,MIR December 2025
2025-12,mir,https://www.theaic.co.uk/sites/default/files/2026-01/ERR2512.csv,csv,ok,,,MIR December 2025
2025-12,mir,https://www.theaic.co.uk/sites/default/files/2026-01/GEO2512.csv,csv,,,,MIR December 2025
2025-12,mir,https://www.theaic.co.uk/sites/default/files/2026-02/GEO2512PostERR.csv,csv,,,,MIR December 2025
2025-12,mir,https://www.theaic.co.uk/sites/default/files/2026-01/MIR%20Portfolio%20exposure%20endDec25.xlsx,xlsx,ok,,,MIR December 2025
2025-12,mir,https://www.theaic.co.uk/sites/default/files/2026-01/MIR2512.csv,csv,ok,,,MIR December 2025
2025-12,mir,https://www.theaic.co.uk/sites/default/files/2026-02/MIR2512PostERR.csv,csv,ok,,,MIR December 2025
2025-12,mir,https://www.theaic.co.uk/sites/default/files/2026-01/PC2512.csv,csv,,,,MIR December 2025
2025-12,mir,https://www.theaic.co.uk/sites/default/files/2026-02/PC2512PostERR.csv,csv,,,,MIR December 2025
2025-12,mir,https://www.theaic.co.uk/sites/default/files/2026-01/WAR2512.csv,csv,,,,MIR December 2025
2025-12,monthly_statistics,https://www.theaic.co.uk/sites/default/files/2026-01/AICAdvancedCompare-endDecember2025.pdf,pdf,,,,Monthly Statistics - December 2025
2026-01,keyfacts,https://www.theaic.co.uk/sites/default/files/2026-05/AICIndustryOverview31Jan26.xlsx,xlsx,ok,,,Industry Overview 31 Jan 2026
2026-01,mir,https://www.theaic.co.uk/sites/default/files/2026-02/CNV2601.csv,csv,,,,MIR January 2026
2026-01,mir,https://www.theaic.co.uk/sites/default/files/2026-02/ERR2601.csv,csv,ok,,,MIR January 2026
2026-01,mir,https://www.theaic.co.uk/sites/default/files/2026-02/GEO2601.csv,csv,,,,MIR January 2026
2026-01,mir,https://www.theaic.co.uk/sites/default/files/2026-03/GEO2601PostERR.csv,csv,,,,MIR January 2026
2026-01,mir,https://www.theaic.co.uk/sites/default/files/2026-02/MIR%20Portfolio%20exposure%20endJan26.xlsx,xlsx,ok,,,MIR January 2026
2026-01,mir,https://www.theaic.co.uk/sites/default/files/2026-03/MIR2601.csv,csv,ok,,,MIR January 2026
2026-01,mir,https://www.theaic.co.uk/sites/default/files/2026-03/MIR2601PostERR.csv,csv,ok,,,MIR January 2026
2026-01,mir,https://www.theaic.co.uk/sites/default/files/2026-02/PC2601.csv,csv,,,,MIR January 2026
2026-01,mir,https://www.theaic.co.uk/sites/default/files/2026-02/PC2601PostERR.csv,csv,,,,MIR January 2026
2026-01,mir,https://www.theaic.co.uk/sites/default/files/2026-02/WAR2601.csv,csv,,,,MIR January 2026
2026-01,monthly_statistics,https://www.theaic.co.uk/sites/default/files/2026-02/AICAdvancedCompare-endJanuary2026_0.pdf,pdf,,,,Monthly Statistics - January 2026
2026-02,keyfacts,https://www.theaic.co.uk/sites/default/files/2026-05/AICIndustryOverview28Feb26.xlsx,xlsx,ok,,,Industry Overview 28 Feb 2026
2026-02,mir,https://www.theaic.co.uk/sites/default/files/2026-03/CNV2602.csv,csv,,,,MIR February 2026
2026-02,mir,https://www.theaic.co.uk/sites/default/files/2026-03/ERR2602.csv,csv,ok,,,MIR February 2026
2026-02,mir,https://www.theaic.co.uk/sites/default/files/2026-03/GEO2602.csv,csv,,,,MIR February 2026
2026-02,mir,https://www.theaic.co.uk/sites/default/files/2026-03/GEO2602PostERR.csv,csv,,,,MIR February 2026
2026-02,mir,https://www.theaic.co.uk/sites/default/files/2026-03/MIR%20Portfolio%20exposure%20endFeb26.xlsx,xlsx,ok,,,MIR February 2026
2026-02,mir,https://www.theaic.co.uk/sites/default/files/2026-03/MIR2602.csv,csv,ok,,,MIR February 2026
2026-02,mir,https://www.theaic.co.uk/sites/default/files/2026-03/MIR2602PostERR.csv,csv,ok,,,MIR February 2026
2026-02,mir,https://www.theaic.co.uk/sites/default/files/2026-03/PC2602.csv,csv,,,,MIR February 2026
2026-02,mir,https://www.theaic.co.uk/sites/default/files/2026-03/PC2602PostERR.csv,csv,,,,MIR February 2026
2026-02,mir,https://www.theaic.co.uk/sites/default/files/2026-03/WAR2602.csv,csv,,,,MIR February 2026
2026-02,monthly_statistics,https://www.theaic.co.uk/sites/default/files/2026-03/AICAdvancedCompare-endFebruary2026.pdf,pdf,,,,Monthly Statistics - February 2026
2026-03,keyfacts,https://www.theaic.co.uk/sites/default/files/2026-05/AICIndustryOverview31Mar26.xlsx,xlsx,ok,,,Industry Overview 31 Mar 2026
2026-03,mir,https://www.theaic.co.uk/sites/default/files/2026-04/CNV2603.csv,csv,,,,MIR March 2026
2026-03,mir,https://www.theaic.co.uk/sites/default/files/2026-04/ERR2603.csv,csv,ok,,,MIR March 2026
2026-03,mir,https://www.theaic.co.uk/sites/default/files/2026-04/GEO2603.csv,csv,,,,MIR March 2026
2026-03,mir,https://www.theaic.co.uk/sites/default/files/2026-05/GEO2603PostErr.csv,csv,,,,MIR March 2026
2026-03,mir,https://www.theaic.co.uk/sites/default/files/2026-04/MIR%20Portfolio%20exposure%20endMar26.xlsx,xlsx,ok,,,MIR March 2026
2026-03,mir,https://www.theaic.co.uk/sites/default/files/2026-04/MIR2603.csv,csv,ok,,,MIR March 2026
2026-03,mir,https://www.theaic.co.uk/sites/default/files/2026-05/MIR2603PostErr.csv,csv,ok,,,MIR March 2026
2026-03,mir,https://www.theaic.co.uk/sites/default/files/2026-04/PC2603.csv,csv,,,,MIR March 2026
2026-03,mir,https://www.theaic.co.uk/sites/default/files/2026-05/PC2603PostErr.csv,csv,,,,MIR March 2026
2026-03,mir,https://www.theaic.co.uk/sites/default/files/2026-04/WAR2603.csv,csv,,,,MIR March 2026
2026-03,monthly_statistics,https://www.theaic.co.uk/sites/default/files/2026-04/AICAdvancedCompare-endMarch2026.pdf,pdf,,,,Monthly Statistics - March 2026
2026-04,keyfacts,https://www.theaic.co.uk/sites/default/files/2026-05/AICIndustryOverview30Apr26.xlsx,xlsx,ok,,,Industry Overview 30 Apr 2026
2026-04,mir,https://www.theaic.co.uk/sites/default/files/2026-05/CNV2604.csv,csv,,,,MIR April 2026
2026-04,mir,https://www.theaic.co.uk/sites/default/files/2026-05/ERR2604.csv,csv,ok,,,MIR April 2026
2026-04,mir,https://www.theaic.co.uk/sites/default/files/2026-05/GEO2604.csv,csv,,,,MIR April 2026
2026-04,mir,https://www.theaic.co.uk/sites/default/files/2026-06/GEO2604PostErr.csv,csv,,,,MIR April 2026
2026-04,mir,https://www.theaic.co.uk/sites/default/files/2026-05/MIR2604.csv,csv,ok,,,MIR April 2026
2026-04,mir,https://www.theaic.co.uk/sites/default/files/2026-06/MIR2604PostErr.csv,csv,ok,,,MIR April 2026
2026-04,mir,https://www.theaic.co.uk/sites/default/files/2026-05/PC2604.csv,csv,,,,MIR April 2026
2026-04,mir,https://www.theaic.co.uk/sites/default/files/2026-05/WAR2604.csv,csv,,,,MIR April 2026
2026-04,monthly_statistics,https://www.theaic.co.uk/sites/default/files/2026-05/AICAdvancedCompare-endApril2026.pdf,pdf,,,,Monthly Statistics - April 2026
2026-05,keyfacts,https://www.theaic.co.uk/sites/default/files/2026-06/AICIndustryOverview31May26.xlsx,xlsx,ok,,,Industry Overview 31 May 2026
2026-05,mir,https://www.theaic.co.uk/sites/default/files/2026-06/CNV2605.csv,csv,,,,MIR May 2026
2026-05,mir,https://www.theaic.co.uk/sites/default/files/2026-06/ERR2605.csv,csv,ok,,,MIR May 2026
2026-05,mir,https://www.theaic.co.uk/sites/default/files/2026-06/GEO2605.csv,csv,,,,MIR May 2026
2026-05,mir,https://www.theaic.co.uk/sites/default/files/2026-07/GEO2605PostErr.csv,csv,,,,MIR May 2026
2026-05,mir,https://www.theaic.co.uk/sites/default/files/2026-06/MIR2605.csv,csv,ok,,,MIR May 2026
2026-05,mir,https://www.theaic.co.uk/sites/default/files/2026-07/MIR2605PostErr.csv,csv,ok,,,MIR May 2026
2026-05,mir,https://www.theaic.co.uk/sites/default/files/2026-06/PC2605.csv,csv,,,,MIR May 2026
2026-05,mir,https://www.theaic.co.uk/sites/default/files/2026-07/PC2605PostErr.csv,csv,,,,MIR May 2026
2026-05,mir,https://www.theaic.co.uk/sites/default/files/2026-06/WAR2605.csv,csv,,,,MIR May 2026
2026-05,monthly_statistics,https://www.theaic.co.uk/sites/default/files/2026-06/AICAdvancedCompare-endMay2026.pdf,pdf,,,,Monthly Statistics - May 2026
2026-06,keyfacts,https://www.theaic.co.uk/sites/default/files/2026-08/AICIndustryOverview30Jun26.xlsx,xlsx,ok,,,Industry Overview 30 Jun 2026
2026-06,mir,https://www.theaic.co.uk/sites/default/files/2026-07/CNV2606.csv,csv,,,,MIR June 2026
2026-06,mir,https://www.theaic.co.uk/sites/default/files/2026-07/ERR2606.csv,csv,ok,,,MIR June 2026
2026-06,mir,https://www.theaic.co.uk/sites/default/files/2026-07/GEO2606.csv,csv,,,,MIR June 2026
2026-06,mir,https://www.theaic.co.uk/sites/default/files/2026-08/GEO2606PostErr.csv,csv,,,,MIR June 2026
2026-06,mir,https://www.theaic.co.uk/sites/default/files/2026-07/MIR2606.csv,csv,ok,,,MIR June 2026
2026-06,mir,https://www.theaic.co.uk/sites/default/files/2026-08/MIR2606PostErr.csv,csv,ok,,,MIR June 2026
2026-06,mir,https://www.theaic.co.uk/sites/default/files/2026-07/PC2606.csv,csv,,,,MIR June 2026
2026-06,mir,https://www.theaic.co.uk/sites/default/files/2026-08/PC2606PostErr.csv,csv,,,,MIR June 2026
2026-06,mir,https://www.theaic.co.uk/sites/default/files/2026-07/WAR2606.csv,csv,,,,MIR June 2026
2026-06,monthly_statistics,https://www.theaic.co.uk/sites/default/files/2026-08/AICAdvancedCompare-endJune2026.pdf,pdf,,,,Monthly Statistics - June 2026
2026-07,corporate_activity,https://www.theaic.co.uk/sites/default/files/2026-08/AICCorporateActivity2026.xlsx,xlsx,ok,,,Corporate Activity 2026
2026-07,keyfacts,https://www.theaic.co.uk/sites/default/files/2026-08/AICIndustryOverview31Jul26.xlsx,xlsx,ok,,,Industry Overview 31 Jul 2026
2026-07,mir,https://www.theaic.co.uk/sites/default/files/2026-08/CNV2607.csv,csv,,,, MIR July 2026
2026-07,mir,https://www.theaic.co.uk/sites/default/files/2026-08/GEO2607.csv,csv,,,, MIR July 2026
2026-07,mir,https://www.theaic.co.uk/sites/default/files/2026-08/GEO2607PostErr.csv,csv,,,, MIR July 2026
2026-07,mir,https://www.theaic.co.uk/sites/default/files/2026-08/MIR2607.csv,csv,ok,,, MIR July 2026
2026-07,mir,https://www.theaic.co.uk/sites/default/files/2026-08/MIR2607ERR.csv,csv,ok,,, MIR July 2026
2026-07,mir,https://www.theaic.co.uk/sites/default/files/2026-08/MIR2607PostErr.csv,csv,ok,,, MIR July 2026
2026-07,mir,https://www.theaic.co.uk/sites/default/files/2026-08/PC2607.csv,csv,,,, MIR July 2026
2026-07,mir,https://www.theaic.co.uk/sites/default/files/2026-08/PC2607PostErr.csv,csv,,,, MIR July 2026
2026-07,mir,https://www.theaic.co.uk/sites/default/files/2026-08/WAR2607.csv,csv,,,, MIR July 2026
2026-07,monthly_statistics,https://www.theaic.co.uk/sites/default/files/2026-08/AICAdvancedCompare-endJuly2026.pdf,pdf,,,,Monthly Statistics - July 2026
