signal_month,holding_month,bucket,n_members,n_with_return,fwd_return,signal
2008-12,2009-01,1,16,16,0.01670491121154749,discount_zscore
2008-12,2009-01,2,16,16,-0.00973851657554245,discount_zscore
2008-12,2009-01,3,16,16,-0.008782910962978202,discount_zscore
2008-12,2009-01,4,15,15,-0.021691252175955873,discount_zscore
2008-12,2009-01,5,16,15,-0.021308413382291006,discount_zscore
2008-12,2009-01,6,16,16,-0.02936533659110245,discount_zscore
2008-12,2009-01,7,15,15,-0.07938736320078496,discount_zscore
2008-12,2009-01,8,16,16,-0.03810518208997236,discount_zscore
2008-12,2009-01,9,16,16,-0.03615830334092807,discount_zscore
2008-12,2009-01,10,16,16,-0.08301958636564538,discount_zscore
2009-01,2009-02,1,17,17,-0.06662454499993477,discount_zscore
2009-01,2009-02,2,17,17,-0.05194895523467994,discount_zscore
2009-01,2009-02,3,17,17,-0.06647627135701697,discount_zscore
2009-01,2009-02,4,16,16,-0.038305368036009105,discount_zscore
2009-01,2009-02,5,17,17,-0.05617583073373146,discount_zscore
2009-01,2009-02,6,17,17,-0.07439778210677002,discount_zscore
2009-01,2009-02,7,16,16,-0.059981306178362316,discount_zscore
2009-01,2009-02,8,17,17,-0.09254813963445313,discount_zscore
2009-01,2009-02,9,17,17,-0.09024933904236666,discount_zscore
2009-01,2009-02,10,17,17,-0.1032012494706277,discount_zscore
2009-02,2009-03,1,18,18,0.1312671026391996,discount_zscore
2009-02,2009-03,2,17,17,0.04734361427830746,discount_zscore
2009-02,2009-03,3,17,17,0.047352797091239934,discount_zscore
2009-02,2009-03,4,17,17,0.03157937186275289,discount_zscore
2009-02,2009-03,5,17,17,0.02902298694446772,discount_zscore
2009-02,2009-03,6,17,17,0.03565091026496674,discount_zscore
2009-02,2009-03,7,17,17,0.05499108093193526,discount_zscore
2009-02,2009-03,8,17,17,0.01921714859177433,discount_zscore
2009-02,2009-03,9,17,17,0.031636515513720695,discount_zscore
2009-02,2009-03,10,18,18,-0.00048227376124670984,discount_zscore
2009-03,2009-04,1,18,18,0.16224844530134547,discount_zscore
2009-03,2009-04,2,17,17,0.1538768688090285,discount_zscore
2009-03,2009-04,3,17,17,0.16017651670432512,discount_zscore
2009-03,2009-04,4,18,18,0.1704766377946759,discount_zscore
2009-03,2009-04,5,17,17,0.1276186833780812,discount_zscore
2009-03,2009-04,6,17,17,0.16431793142581555,discount_zscore
2009-03,2009-04,7,18,18,0.13177938717424795,discount_zscore
2009-03,2009-04,8,17,17,0.13092743451667688,discount_zscore
2009-03,2009-04,9,17,17,0.08611910556695217,discount_zscore
2009-03,2009-04,10,18,18,0.08357332409075006,discount_zscore
2009-04,2009-05,1,18,18,0.03761723998746641,discount_zscore
2009-04,2009-05,2,17,17,0.054642627784584376,discount_zscore
2009-04,2009-05,3,17,17,0.05582019885130669,discount_zscore
2009-04,2009-05,4,18,18,0.0585587231699927,discount_zscore
2009-04,2009-05,5,17,17,0.06257351210079497,discount_zscore
2009-04,2009-05,6,17,17,0.08036553272852874,discount_zscore
2009-04,2009-05,7,18,18,0.0736761188257176,discount_zscore
2009-04,2009-05,8,17,17,0.05026595773305772,discount_zscore
2009-04,2009-05,9,17,17,0.039701119320852546,discount_zscore
2009-04,2009-05,10,18,18,0.012720696437238955,discount_zscore
2009-05,2009-06,1,18,18,4.110356402486547,discount_zscore
2009-05,2009-06,2,17,17,0.01109938789052804,discount_zscore
2009-05,2009-06,3,18,18,0.015947119747641063,discount_zscore
2009-05,2009-06,4,17,17,-0.016871792479639797,discount_zscore
2009-05,2009-06,5,18,18,-0.007687404025439437,discount_zscore
2009-05,2009-06,6,17,17,-0.03132315759648456,discount_zscore
2009-05,2009-06,7,17,17,-0.02167789024042046,discount_zscore
2009-05,2009-06,8,18,18,-0.02833630287414526,discount_zscore
2009-05,2009-06,9,17,17,-0.029483497796121888,discount_zscore
2009-05,2009-06,10,18,18,-0.04751901885965084,discount_zscore
2009-06,2009-07,1,18,18,0.05274616611431584,discount_zscore
2009-06,2009-07,2,18,18,0.047612284196959356,discount_zscore
2009-06,2009-07,3,17,17,0.040495065915370165,discount_zscore
2009-06,2009-07,4,18,18,0.05867168846771778,discount_zscore
2009-06,2009-07,5,18,18,0.06817177574412034,discount_zscore
2009-06,2009-07,6,17,17,0.056341007450597655,discount_zscore
2009-06,2009-07,7,18,18,0.050304633791116625,discount_zscore
2009-06,2009-07,8,17,17,0.0529779554238377,discount_zscore
2009-06,2009-07,9,18,18,0.06597481468264929,discount_zscore
2009-06,2009-07,10,18,18,0.04037331738998953,discount_zscore
2009-07,2009-08,1,18,18,0.0997475375233164,discount_zscore
2009-07,2009-08,2,18,18,0.1044336206719225,discount_zscore
2009-07,2009-08,3,18,18,0.06905742427594688,discount_zscore
2009-07,2009-08,4,17,17,0.08220584147404876,discount_zscore
2009-07,2009-08,5,18,18,0.07801655425409632,discount_zscore
2009-07,2009-08,6,18,18,0.06590275315796641,discount_zscore
2009-07,2009-08,7,17,17,0.05787433422936674,discount_zscore
2009-07,2009-08,8,18,17,0.04931920461008104,discount_zscore
2009-07,2009-08,9,18,18,0.06057446719454102,discount_zscore
2009-07,2009-08,10,18,18,0.02965864675973634,discount_zscore
2009-08,2009-09,1,18,18,0.09589748537802131,discount_zscore
2009-08,2009-09,2,18,18,0.1035852094286183,discount_zscore
2009-08,2009-09,3,18,17,0.0778197645095289,discount_zscore
2009-08,2009-09,4,17,17,0.06586403960774327,discount_zscore
2009-08,2009-09,5,18,17,0.0671383929125161,discount_zscore
2009-08,2009-09,6,18,17,0.06228379471564936,discount_zscore
2009-08,2009-09,7,17,17,0.042787916765401564,discount_zscore
2009-08,2009-09,8,18,18,0.04253538173985265,discount_zscore
2009-08,2009-09,9,18,18,0.05030237196266788,discount_zscore
2009-08,2009-09,10,18,18,0.05531240537306718,discount_zscore
2009-09,2009-10,1,18,18,0.005296744249609902,discount_zscore
2009-09,2009-10,2,18,18,-0.013564170111337925,discount_zscore
2009-09,2009-10,3,17,17,-0.016151481514196514,discount_zscore
2009-09,2009-10,4,18,18,-0.014869683299368084,discount_zscore
2009-09,2009-10,5,17,17,-0.029349319182309392,discount_zscore
2009-09,2009-10,6,18,18,-0.02457389723990318,discount_zscore
2009-09,2009-10,7,17,17,-0.04771915198444604,discount_zscore
2009-09,2009-10,8,18,18,-0.031802707688544936,discount_zscore
2009-09,2009-10,9,17,17,-0.020175266973049694,discount_zscore
2009-09,2009-10,10,18,17,-0.025984632017669006,discount_zscore
2009-10,2009-11,1,18,18,0.008468507635167773,discount_zscore
2009-10,2009-11,2,17,17,0.009490985462169376,discount_zscore
2009-10,2009-11,3,18,18,0.017846341032009,discount_zscore
2009-10,2009-11,4,17,17,-0.004654870436057638,discount_zscore
2009-10,2009-11,5,18,18,0.01334729127763356,discount_zscore
2009-10,2009-11,6,17,17,0.0063214141893084275,discount_zscore
2009-10,2009-11,7,17,17,0.005628834045676601,discount_zscore
2009-10,2009-11,8,18,18,0.018434174540811102,discount_zscore
2009-10,2009-11,9,17,17,0.001877420688712217,discount_zscore
2009-10,2009-11,10,18,18,0.005209450781871646,discount_zscore
2009-11,2009-12,1,18,18,0.07665672980540733,discount_zscore
2009-11,2009-12,2,18,17,0.05571231821650449,discount_zscore
2009-11,2009-12,3,17,17,0.050616771236573814,discount_zscore
2009-11,2009-12,4,18,18,0.037897712847477255,discount_zscore
2009-11,2009-12,5,17,17,0.025586479222054436,discount_zscore
2009-11,2009-12,6,18,18,0.03100028969148822,discount_zscore
2009-11,2009-12,7,17,17,0.022286547232174204,discount_zscore
2009-11,2009-12,8,18,18,0.02424947082040781,discount_zscore
2009-11,2009-12,9,17,17,0.03679076966220389,discount_zscore
2009-11,2009-12,10,18,18,0.01893132102644545,discount_zscore
2009-12,2010-01,1,18,18,0.006744071996192418,discount_zscore
2009-12,2010-01,2,17,17,0.0046555043782504435,discount_zscore
2009-12,2010-01,3,18,18,-0.0009421249968342026,discount_zscore
2009-12,2010-01,4,17,17,-0.0035312085873208435,discount_zscore
2009-12,2010-01,5,18,18,-0.024002031721709973,discount_zscore
2009-12,2010-01,6,17,17,-0.011421594579781503,discount_zscore
2009-12,2010-01,7,17,17,-0.01738094264034112,discount_zscore
2009-12,2010-01,8,18,18,-0.02653820551948535,discount_zscore
2009-12,2010-01,9,17,17,-0.03850444091077951,discount_zscore
2009-12,2010-01,10,18,18,-0.052168502174192506,discount_zscore
2010-01,2010-02,1,18,18,0.019462481072071786,discount_zscore
2010-01,2010-02,2,18,18,0.029889437099942424,discount_zscore
2010-01,2010-02,3,17,17,0.01824135147138603,discount_zscore
2010-01,2010-02,4,18,17,0.014650520441809053,discount_zscore
2010-01,2010-02,5,17,17,0.02086193984326913,discount_zscore
2010-01,2010-02,6,18,18,0.015249907141625108,discount_zscore
2010-01,2010-02,7,17,17,0.017603684573789195,discount_zscore
2010-01,2010-02,8,18,18,0.03241497179049414,discount_zscore
2010-01,2010-02,9,17,17,0.028411876707719143,discount_zscore
2010-01,2010-02,10,18,18,0.01614816005027664,discount_zscore
2010-02,2010-03,1,18,18,0.09129670684462021,discount_zscore
2010-02,2010-03,2,18,18,0.08313318637744455,discount_zscore
2010-02,2010-03,3,17,17,0.06978796141284772,discount_zscore
2010-02,2010-03,4,18,17,0.06260501260589918,discount_zscore
2010-02,2010-03,5,18,18,0.07400489578888252,discount_zscore
2010-02,2010-03,6,17,17,0.06199452036737502,discount_zscore
2010-02,2010-03,7,18,18,0.0882895427717569,discount_zscore
2010-02,2010-03,8,17,17,0.058115654610380915,discount_zscore
2010-02,2010-03,9,18,17,0.06276395088349897,discount_zscore
2010-02,2010-03,10,18,18,0.049180778897060705,discount_zscore
2010-03,2010-04,1,18,18,0.012187052728115544,discount_zscore
2010-03,2010-04,2,18,18,0.02188225540314494,discount_zscore
2010-03,2010-04,3,17,17,0.010249435905778662,discount_zscore
2010-03,2010-04,4,18,18,-0.006755083616806317,discount_zscore
2010-03,2010-04,5,18,18,0.0038364362929625725,discount_zscore
2010-03,2010-04,6,17,16,-0.0032345024325652408,discount_zscore
2010-03,2010-04,7,18,18,0.006172557955483049,discount_zscore
2010-03,2010-04,8,17,17,-6.033294436881472e-05,discount_zscore
2010-03,2010-04,9,18,17,-0.0016647644366690033,discount_zscore
2010-03,2010-04,10,18,18,-0.012243602282518085,discount_zscore
2010-04,2010-05,1,18,18,-0.05309489174496095,discount_zscore
2010-04,2010-05,2,18,18,-0.04749840616447877,discount_zscore
2010-04,2010-05,3,17,17,-0.07057726390321405,discount_zscore
2010-04,2010-05,4,18,18,-0.05761520020941618,discount_zscore
2010-04,2010-05,5,18,18,-0.06298268149511925,discount_zscore
2010-04,2010-05,6,17,17,-0.05521082002078126,discount_zscore
2010-04,2010-05,7,18,18,-0.04560572999700782,discount_zscore
2010-04,2010-05,8,17,17,-0.04883687361352022,discount_zscore
2010-04,2010-05,9,18,18,-0.05072592005257061,discount_zscore
2010-04,2010-05,10,18,18,-0.07055162091396844,discount_zscore
2010-05,2010-06,1,18,18,-0.007862853273264865,discount_zscore
2010-05,2010-06,2,18,18,-0.004838412670168842,discount_zscore
2010-05,2010-06,3,17,17,-0.01058312415413258,discount_zscore
2010-05,2010-06,4,18,18,-0.004625632626262138,discount_zscore
2010-05,2010-06,5,18,18,-0.01789607674875823,discount_zscore
2010-05,2010-06,6,17,17,-0.02153667091825567,discount_zscore
2010-05,2010-06,7,18,17,-0.027853334687602455,discount_zscore
2010-05,2010-06,8,17,17,-0.019010819124501963,discount_zscore
2010-05,2010-06,9,18,18,-0.016422186373484082,discount_zscore
2010-05,2010-06,10,18,18,-0.03383238862969158,discount_zscore
2010-06,2010-07,1,18,18,0.046883120154205225,discount_zscore
2010-06,2010-07,2,18,18,0.025831313517426187,discount_zscore
2010-06,2010-07,3,17,17,0.039675895896276056,discount_zscore
2010-06,2010-07,4,18,18,0.04333313281027031,discount_zscore
2010-06,2010-07,5,17,17,0.02385818226219254,discount_zscore
2010-06,2010-07,6,18,18,0.039201479485575744,discount_zscore
2010-06,2010-07,7,17,17,0.023743495479154175,discount_zscore
2010-06,2010-07,8,18,18,0.04590889506210177,discount_zscore
2010-06,2010-07,9,17,17,0.04629608914268748,discount_zscore
2010-06,2010-07,10,18,18,0.029353742329479165,discount_zscore
2010-07,2010-08,1,18,18,-0.0057467224218899805,discount_zscore
2010-07,2010-08,2,18,18,-0.003913018804657985,discount_zscore
2010-07,2010-08,3,17,17,-0.009368033927581747,discount_zscore
2010-07,2010-08,4,18,18,-0.009556042876235392,discount_zscore
2010-07,2010-08,5,17,17,-0.021663825345063642,discount_zscore
2010-07,2010-08,6,18,18,-0.015635400387487494,discount_zscore
2010-07,2010-08,7,17,17,-0.02177439031436068,discount_zscore
2010-07,2010-08,8,18,18,-0.0019194990019213184,discount_zscore
2010-07,2010-08,9,17,17,0.001962203339516133,discount_zscore
2010-07,2010-08,10,18,18,-0.031049973979617247,discount_zscore
2010-08,2010-09,1,18,18,0.08897236476422495,discount_zscore
2010-08,2010-09,2,18,18,0.06857401534704695,discount_zscore
2010-08,2010-09,3,17,17,0.06750582278897652,discount_zscore
2010-08,2010-09,4,18,18,0.06349265151413644,discount_zscore
2010-08,2010-09,5,17,17,0.06133452163549409,discount_zscore
2010-08,2010-09,6,18,18,0.08631498627987944,discount_zscore
2010-08,2010-09,7,17,17,0.0941434548576909,discount_zscore
2010-08,2010-09,8,18,18,0.06849905409374041,discount_zscore
2010-08,2010-09,9,17,16,0.06907526875304454,discount_zscore
2010-08,2010-09,10,18,17,0.06360360409031708,discount_zscore
2010-09,2010-10,1,18,18,0.07085196956146159,discount_zscore
2010-09,2010-10,2,17,17,0.06433771186406086,discount_zscore
2010-09,2010-10,3,17,17,0.04737839301046279,discount_zscore
2010-09,2010-10,4,18,18,0.03264745802432381,discount_zscore
2010-09,2010-10,5,17,17,0.030232601901168134,discount_zscore
2010-09,2010-10,6,17,17,0.012396732861160935,discount_zscore
2010-09,2010-10,7,18,18,0.04666889206251495,discount_zscore
2010-09,2010-10,8,17,17,0.021316683304535178,discount_zscore
2010-09,2010-10,9,17,17,0.023710083378560058,discount_zscore
2010-09,2010-10,10,18,18,0.02880438132640681,discount_zscore
2010-10,2010-11,1,18,18,0.005107957622439553,discount_zscore
2010-10,2010-11,2,17,17,-0.016102292277272858,discount_zscore
2010-10,2010-11,3,17,17,-0.0020957317180764668,discount_zscore
2010-10,2010-11,4,18,18,-0.004532793734947058,discount_zscore
2010-10,2010-11,5,17,17,-0.01573754260343613,discount_zscore
2010-10,2010-11,6,17,17,-0.014463011348270001,discount_zscore
2010-10,2010-11,7,18,18,-0.018321834114342666,discount_zscore
2010-10,2010-11,8,17,17,-0.013002785309042256,discount_zscore
2010-10,2010-11,9,17,17,-0.02158343398921448,discount_zscore
2010-10,2010-11,10,18,17,-0.0073343642935215225,discount_zscore
2010-11,2010-12,1,18,18,0.08069751139003206,discount_zscore
2010-11,2010-12,2,17,17,0.07594671071344714,discount_zscore
2010-11,2010-12,3,17,17,0.07630986161451316,discount_zscore
2010-11,2010-12,4,18,18,0.07771361620016168,discount_zscore
2010-11,2010-12,5,17,16,0.07489339756221038,discount_zscore
2010-11,2010-12,6,17,17,0.06903516403458022,discount_zscore
2010-11,2010-12,7,18,18,0.06229218037397561,discount_zscore
2010-11,2010-12,8,17,17,0.041644610524677085,discount_zscore
2010-11,2010-12,9,17,17,0.0665073991011468,discount_zscore
2010-11,2010-12,10,18,18,0.05681818372466507,discount_zscore
2010-12,2011-01,1,18,18,0.0275160691234921,discount_zscore
2010-12,2011-01,2,17,17,0.002378896216179992,discount_zscore
2010-12,2011-01,3,17,16,0.008769698174926635,discount_zscore
2010-12,2011-01,4,17,17,-0.013855028614911953,discount_zscore
2010-12,2011-01,5,18,17,0.009936742042154563,discount_zscore
2010-12,2011-01,6,17,17,0.00886853084301162,discount_zscore
2010-12,2011-01,7,17,17,-0.012511537066357476,discount_zscore
2010-12,2011-01,8,17,16,-0.004751942654072,discount_zscore
2010-12,2011-01,9,17,17,-0.009684606483079384,discount_zscore
2010-12,2011-01,10,18,18,-0.02170324857627353,discount_zscore
2011-01,2011-02,1,17,17,0.007372630770149347,discount_zscore
2011-01,2011-02,2,17,17,-0.00042269659162378937,discount_zscore
2011-01,2011-02,3,17,17,-0.0022191006417405595,discount_zscore
2011-01,2011-02,4,17,17,-0.012187926946059479,discount_zscore
2011-01,2011-02,5,17,17,-0.001094441877281171,discount_zscore
2011-01,2011-02,6,17,17,-0.012443994507424087,discount_zscore
2011-01,2011-02,7,17,17,-0.0036789422949197116,discount_zscore
2011-01,2011-02,8,17,17,-0.005460955023589309,discount_zscore
2011-01,2011-02,9,17,17,-0.02803086836468903,discount_zscore
2011-01,2011-02,10,17,17,-0.019800680124274193,discount_zscore
2011-02,2011-03,1,18,18,0.020279891355145446,discount_zscore
2011-02,2011-03,2,17,17,0.018818707745821256,discount_zscore
2011-02,2011-03,3,17,17,0.01928166814780742,discount_zscore
2011-02,2011-03,4,17,17,0.014120985737002286,discount_zscore
2011-02,2011-03,5,17,17,0.011797402828594709,discount_zscore
2011-02,2011-03,6,17,17,0.004767472002616017,discount_zscore
2011-02,2011-03,7,16,16,0.005725266778003009,discount_zscore
2011-02,2011-03,8,18,18,0.01001731491069877,discount_zscore
2011-02,2011-03,9,17,17,-0.006622173682563054,discount_zscore
2011-02,2011-03,10,17,15,-0.011736782037870541,discount_zscore
2011-03,2011-04,1,17,17,0.02141417379240532,discount_zscore
2011-03,2011-04,2,17,17,0.021992412793119972,discount_zscore
2011-03,2011-04,3,17,17,0.01635122529686539,discount_zscore
2011-03,2011-04,4,17,17,0.019424752633344873,discount_zscore
2011-03,2011-04,5,17,17,0.024275089555232394,discount_zscore
2011-03,2011-04,6,16,16,0.021583584097656282,discount_zscore
2011-03,2011-04,7,17,17,0.020016891025768008,discount_zscore
2011-03,2011-04,8,17,17,0.021393618265474264,discount_zscore
2011-03,2011-04,9,17,17,0.030176860153675076,discount_zscore
2011-03,2011-04,10,17,16,0.010018530859034591,discount_zscore
2011-04,2011-05,1,17,17,0.007547923053125114,discount_zscore
2011-04,2011-05,2,17,17,-0.00016011391804300856,discount_zscore
2011-04,2011-05,3,17,17,0.019229836960738506,discount_zscore
2011-04,2011-05,4,16,16,-0.002890757329017217,discount_zscore
2011-04,2011-05,5,17,17,0.0047107280137673605,discount_zscore
2011-04,2011-05,6,17,17,-0.0024182383900528924,discount_zscore
2011-04,2011-05,7,16,16,-0.0013537434908906104,discount_zscore
2011-04,2011-05,8,17,17,-0.007587126684206051,discount_zscore
2011-04,2011-05,9,17,16,-0.017019034328647792,discount_zscore
2011-04,2011-05,10,17,15,-0.012227531827586654,discount_zscore
2011-05,2011-06,1,17,17,-0.0004933888873791014,discount_zscore
2011-05,2011-06,2,16,16,-0.007090935289132891,discount_zscore
2011-05,2011-06,3,17,17,0.012785731532301434,discount_zscore
2011-05,2011-06,4,16,16,-0.0006385227372580002,discount_zscore
2011-05,2011-06,5,17,17,-0.002958367384501634,discount_zscore
2011-05,2011-06,6,16,16,0.0015820284659387937,discount_zscore
2011-05,2011-06,7,16,16,-0.004561987737040522,discount_zscore
2011-05,2011-06,8,17,17,0.002849852065870485,discount_zscore
2011-05,2011-06,9,16,16,-0.009496831416763343,discount_zscore
2011-05,2011-06,10,17,17,-0.011908113099866665,discount_zscore
2011-06,2011-07,1,17,17,-0.010701919631256943,discount_zscore
2011-06,2011-07,2,17,17,-0.019392612049480226,discount_zscore
2011-06,2011-07,3,16,16,-0.017390361703049667,discount_zscore
2011-06,2011-07,4,17,17,-0.01967925161330916,discount_zscore
2011-06,2011-07,5,17,17,-0.021164566942513133,discount_zscore
2011-06,2011-07,6,16,16,-0.0034410228864515738,discount_zscore
2011-06,2011-07,7,17,17,-0.010811784561384005,discount_zscore
2011-06,2011-07,8,16,16,-0.011452253746958095,discount_zscore
2011-06,2011-07,9,17,17,-0.0176921376519936,discount_zscore
2011-06,2011-07,10,17,17,-0.018042402297021247,discount_zscore
2011-07,2011-08,1,17,17,-0.06915746845730505,discount_zscore
2011-07,2011-08,2,17,17,-0.08685438195234052,discount_zscore
2011-07,2011-08,3,16,16,-0.07121471195986231,discount_zscore
2011-07,2011-08,4,17,17,-0.0637187022728333,discount_zscore
2011-07,2011-08,5,17,17,-0.07831975151826398,discount_zscore
2011-07,2011-08,6,16,15,-0.06421031997101645,discount_zscore
2011-07,2011-08,7,17,17,-0.07456075684929182,discount_zscore
2011-07,2011-08,8,16,16,-0.07213896495734692,discount_zscore
2011-07,2011-08,9,17,17,-0.07945162415803007,discount_zscore
2011-07,2011-08,10,17,16,-0.07627698212807299,discount_zscore
2011-08,2011-09,1,17,17,-0.059009729804680555,discount_zscore
2011-08,2011-09,2,16,16,-0.08570189176369356,discount_zscore
2011-08,2011-09,3,17,17,-0.0622109617130061,discount_zscore
2011-08,2011-09,4,16,16,-0.04182467164179147,discount_zscore
2011-08,2011-09,5,17,17,-0.06482662561130799,discount_zscore
2011-08,2011-09,6,16,16,-0.06127457829320941,discount_zscore
2011-08,2011-09,7,16,16,-0.053520452918998235,discount_zscore
2011-08,2011-09,8,17,17,-0.04584286336828386,discount_zscore
2011-08,2011-09,9,16,16,-0.05473716323920066,discount_zscore
2011-08,2011-09,10,17,17,-0.07668620283341791,discount_zscore
2011-09,2011-10,1,17,17,0.06483304068260586,discount_zscore
2011-09,2011-10,2,17,17,0.07352626780759171,discount_zscore
2011-09,2011-10,3,16,16,0.037355087967375064,discount_zscore
2011-09,2011-10,4,17,17,0.035196388455713115,discount_zscore
2011-09,2011-10,5,17,17,0.030148160159314704,discount_zscore
2011-09,2011-10,6,16,16,0.02840878862828234,discount_zscore
2011-09,2011-10,7,17,17,0.028159650787981536,discount_zscore
2011-09,2011-10,8,16,16,0.04632593024518677,discount_zscore
2011-09,2011-10,9,17,17,0.0419842696381884,discount_zscore
2011-09,2011-10,10,17,17,0.018410150848796797,discount_zscore
2011-10,2011-11,1,17,17,-0.021647196948403728,discount_zscore
2011-10,2011-11,2,17,17,-0.02375226796037619,discount_zscore
2011-10,2011-11,3,16,16,-0.049120055406292704,discount_zscore
2011-10,2011-11,4,17,17,-0.033661086005810095,discount_zscore
2011-10,2011-11,5,17,17,-0.01697927508185857,discount_zscore
2011-10,2011-11,6,16,16,-0.03260072147496621,discount_zscore
2011-10,2011-11,7,17,17,-0.03894401605153558,discount_zscore
2011-10,2011-11,8,16,16,-0.007996344330837839,discount_zscore
2011-10,2011-11,9,17,17,-0.036333258506745195,discount_zscore
2011-10,2011-11,10,17,17,-0.031955948520425485,discount_zscore
2011-11,2011-12,1,17,17,0.04124022112315504,discount_zscore
2011-11,2011-12,2,17,17,0.000630704007209594,discount_zscore
2011-11,2011-12,3,17,17,-0.008482806938668704,discount_zscore
2011-11,2011-12,4,16,16,-0.0045204958251093275,discount_zscore
2011-11,2011-12,5,17,17,-0.02215457880109033,discount_zscore
2011-11,2011-12,6,17,17,-0.0034643618109997647,discount_zscore
2011-11,2011-12,7,16,16,-0.00835617842906039,discount_zscore
2011-11,2011-12,8,17,17,-0.012317076386509565,discount_zscore
2011-11,2011-12,9,17,17,-0.010059429962446556,discount_zscore
2011-11,2011-12,10,17,17,-0.02038370042999782,discount_zscore
2011-12,2012-01,1,17,17,0.05764036394411676,discount_zscore
2011-12,2012-01,2,17,16,0.05233966447354374,discount_zscore
2011-12,2012-01,3,17,16,0.04616194813518338,discount_zscore
2011-12,2012-01,4,16,16,0.0464328274424774,discount_zscore
2011-12,2012-01,5,17,16,0.04771145704771708,discount_zscore
2011-12,2012-01,6,17,17,0.03707192652346817,discount_zscore
2011-12,2012-01,7,16,16,0.05500109249569231,discount_zscore
2011-12,2012-01,8,17,17,0.050342182627568774,discount_zscore
2011-12,2012-01,9,17,17,0.0360458973697684,discount_zscore
2011-12,2012-01,10,17,17,0.02633235307373584,discount_zscore
2012-01,2012-02,1,17,17,0.09442738220568601,discount_zscore
2012-01,2012-02,2,16,16,0.042427732268091926,discount_zscore
2012-01,2012-02,3,17,17,0.05999176417903202,discount_zscore
2012-01,2012-02,4,16,16,0.07019396345172302,discount_zscore
2012-01,2012-02,5,17,17,0.051561494855284155,discount_zscore
2012-01,2012-02,6,16,16,0.03407940552578065,discount_zscore
2012-01,2012-02,7,16,16,0.06166957219476012,discount_zscore
2012-01,2012-02,8,17,17,0.05275683603789599,discount_zscore
2012-01,2012-02,9,16,16,0.05923117632090229,discount_zscore
2012-01,2012-02,10,17,16,0.03734161284853097,discount_zscore
2012-02,2012-03,1,17,17,0.018093433502453314,discount_zscore
2012-02,2012-03,2,17,16,0.0021673036321759806,discount_zscore
2012-02,2012-03,3,16,16,-0.0002427035455910137,discount_zscore
2012-02,2012-03,4,17,17,0.005582984425986089,discount_zscore
2012-02,2012-03,5,17,17,-0.005257749241577638,discount_zscore
2012-02,2012-03,6,16,16,-0.0011981852216052455,discount_zscore
2012-02,2012-03,7,17,17,0.0011038782491401555,discount_zscore
2012-02,2012-03,8,16,16,0.013731083155328366,discount_zscore
2012-02,2012-03,9,17,17,0.0050007830414833055,discount_zscore
2012-02,2012-03,10,17,17,-0.006956213751327607,discount_zscore
2012-03,2012-04,1,17,17,-0.010452496654784968,discount_zscore
2012-03,2012-04,2,17,17,-0.02013322686358626,discount_zscore
2012-03,2012-04,3,16,16,-0.015175707418887185,discount_zscore
2012-03,2012-04,4,17,17,-0.037906816716139505,discount_zscore
2012-03,2012-04,5,17,17,-0.006732376329747736,discount_zscore
2012-03,2012-04,6,16,16,-0.023004374797621227,discount_zscore
2012-03,2012-04,7,17,17,-0.015640540591270995,discount_zscore
2012-03,2012-04,8,16,16,-0.004266848538418251,discount_zscore
2012-03,2012-04,9,17,17,-0.013188337092903476,discount_zscore
2012-03,2012-04,10,17,16,-0.030823036175419982,discount_zscore
2012-04,2012-05,1,17,17,-0.04517938735249491,discount_zscore
2012-04,2012-05,2,17,17,-0.0507464078098003,discount_zscore
2012-04,2012-05,3,16,16,-0.05552355393226643,discount_zscore
2012-04,2012-05,4,17,17,-0.05156012728476924,discount_zscore
2012-04,2012-05,5,17,17,-0.06575933529369216,discount_zscore
2012-04,2012-05,6,16,16,-0.05830314530721617,discount_zscore
2012-04,2012-05,7,17,17,-0.060847445044931954,discount_zscore
2012-04,2012-05,8,16,16,-0.07269292529602116,discount_zscore
2012-04,2012-05,9,17,17,-0.048260616837712225,discount_zscore
2012-04,2012-05,10,17,17,-0.0635661803687919,discount_zscore
2012-05,2012-06,1,5,5,0.04314162943746469,discount_zscore
2012-05,2012-06,2,4,3,0.016933379889917388,discount_zscore
2012-05,2012-06,3,4,4,0.038548407539390234,discount_zscore
2012-05,2012-06,4,4,4,0.06417205657964631,discount_zscore
2012-05,2012-06,5,4,4,0.0719724390376883,discount_zscore
2012-05,2012-06,6,4,4,0.014485710547850944,discount_zscore
2012-05,2012-06,7,4,3,0.042598800008661376,discount_zscore
2012-05,2012-06,8,4,3,0.07157009830110465,discount_zscore
2012-05,2012-06,9,4,4,0.018328103823996134,discount_zscore
2012-05,2012-06,10,5,5,0.006625926567525964,discount_zscore
2012-06,2012-07,1,17,17,0.023066852943910376,discount_zscore
2012-06,2012-07,2,16,16,0.01752335142772246,discount_zscore
2012-06,2012-07,3,17,17,0.014730007272619043,discount_zscore
2012-06,2012-07,4,16,16,0.018519530460788386,discount_zscore
2012-06,2012-07,5,17,17,0.014022463365038866,discount_zscore
2012-06,2012-07,6,16,16,0.007260605377002162,discount_zscore
2012-06,2012-07,7,16,16,0.01920251280120784,discount_zscore
2012-06,2012-07,8,17,17,0.007827362979373764,discount_zscore
2012-06,2012-07,9,16,16,0.011061771259370197,discount_zscore
2012-06,2012-07,10,17,16,0.018241694376275742,discount_zscore
2012-07,2012-08,1,17,17,0.020653482835233355,discount_zscore
2012-07,2012-08,2,16,16,0.009485499214323796,discount_zscore
2012-07,2012-08,3,17,16,0.020569181747562407,discount_zscore
2012-07,2012-08,4,16,16,0.007344715931003533,discount_zscore
2012-07,2012-08,5,17,17,0.018351247843351952,discount_zscore
2012-07,2012-08,6,16,16,0.01209556036738147,discount_zscore
2012-07,2012-08,7,16,16,0.008584351291307683,discount_zscore
2012-07,2012-08,8,17,17,0.006097244193758416,discount_zscore
2012-07,2012-08,9,16,16,0.015934443651261357,discount_zscore
2012-07,2012-08,10,17,16,0.0074433846812166846,discount_zscore
2012-08,2012-09,1,17,17,0.04941805831906976,discount_zscore
2012-08,2012-09,2,16,16,0.03348097038122461,discount_zscore
2012-08,2012-09,3,16,16,0.04068190001152573,discount_zscore
2012-08,2012-09,4,17,17,0.019961260152143147,discount_zscore
2012-08,2012-09,5,16,16,0.049260643226668205,discount_zscore
2012-08,2012-09,6,16,16,0.0237898018079903,discount_zscore
2012-08,2012-09,7,17,17,0.015692946868534476,discount_zscore
2012-08,2012-09,8,16,16,0.02671003314412561,discount_zscore
2012-08,2012-09,9,16,16,0.01566490388580305,discount_zscore
2012-08,2012-09,10,17,17,0.013539436691486847,discount_zscore
2012-09,2012-10,1,17,17,0.021216435596686,discount_zscore
2012-09,2012-10,2,16,16,0.01960128457134104,discount_zscore
2012-09,2012-10,3,17,17,0.021242212029734486,discount_zscore
2012-09,2012-10,4,16,16,0.007335085927749646,discount_zscore
2012-09,2012-10,5,17,17,0.02620699233727617,discount_zscore
2012-09,2012-10,6,16,16,0.0059923844700255705,discount_zscore
2012-09,2012-10,7,16,16,0.00482988152534107,discount_zscore
2012-09,2012-10,8,17,17,0.0037613923337711324,discount_zscore
2012-09,2012-10,9,16,16,0.00033773585941582196,discount_zscore
2012-09,2012-10,10,17,17,0.005218580145075095,discount_zscore
2012-10,2012-11,1,17,17,0.008044247037346453,discount_zscore
2012-10,2012-11,2,16,16,0.009268058723266144,discount_zscore
2012-10,2012-11,3,17,17,0.009844292043828346,discount_zscore
2012-10,2012-11,4,16,16,-0.00029831920902122916,discount_zscore
2012-10,2012-11,5,17,17,0.007206441209246804,discount_zscore
2012-10,2012-11,6,16,16,0.010863012433774126,discount_zscore
2012-10,2012-11,7,16,16,0.00836646107200037,discount_zscore
2012-10,2012-11,8,17,17,0.006608901935375725,discount_zscore
2012-10,2012-11,9,16,16,0.0015868044740264126,discount_zscore
2012-10,2012-11,10,17,17,0.005624343897665405,discount_zscore
2012-11,2012-12,1,17,17,0.04336397244860562,discount_zscore
2012-11,2012-12,2,17,17,0.038619194436963024,discount_zscore
2012-11,2012-12,3,16,16,0.0293224026847373,discount_zscore
2012-11,2012-12,4,17,17,0.03262338489016988,discount_zscore
2012-11,2012-12,5,16,16,0.02734467967118253,discount_zscore
2012-11,2012-12,6,17,17,0.012022343841110502,discount_zscore
2012-11,2012-12,7,16,16,0.03580804509038718,discount_zscore
2012-11,2012-12,8,17,16,0.017919929932770022,discount_zscore
2012-11,2012-12,9,16,16,0.02479703503082069,discount_zscore
2012-11,2012-12,10,17,17,0.01975027532892887,discount_zscore
2012-12,2013-01,1,17,17,0.08708832551910095,discount_zscore
2012-12,2013-01,2,17,17,0.08410880212564194,discount_zscore
2012-12,2013-01,3,16,16,0.0646888578605283,discount_zscore
2012-12,2013-01,4,17,17,0.08450521276378684,discount_zscore
2012-12,2013-01,5,17,17,0.08317668646450306,discount_zscore
2012-12,2013-01,6,16,16,0.06217214428501493,discount_zscore
2012-12,2013-01,7,17,17,0.0655407991748761,discount_zscore
2012-12,2013-01,8,16,16,0.0643831004915686,discount_zscore
2012-12,2013-01,9,17,17,0.05671005411803514,discount_zscore
2012-12,2013-01,10,17,17,0.0667627066891055,discount_zscore
2013-01,2013-02,1,17,16,0.0315291539937086,discount_zscore
2013-01,2013-02,2,17,17,0.030995564152611968,discount_zscore
2013-01,2013-02,3,16,16,0.02695043449604232,discount_zscore
2013-01,2013-02,4,17,17,0.02508370117119166,discount_zscore
2013-01,2013-02,5,17,17,0.03676609782115164,discount_zscore
2013-01,2013-02,6,16,16,0.025919110331053208,discount_zscore
2013-01,2013-02,7,17,17,0.03684631649236911,discount_zscore
2013-01,2013-02,8,16,16,0.03430377372955312,discount_zscore
2013-01,2013-02,9,17,16,0.04570479805062738,discount_zscore
2013-01,2013-02,10,17,17,0.03589322408105413,discount_zscore
2013-02,2013-03,1,17,17,0.012436351114443314,discount_zscore
2013-02,2013-03,2,16,16,0.016911006414526537,discount_zscore
2013-02,2013-03,3,17,17,-0.0008010168501827191,discount_zscore
2013-02,2013-03,4,16,16,0.011604205224110535,discount_zscore
2013-02,2013-03,5,17,17,0.016159638886629406,discount_zscore
2013-02,2013-03,6,16,16,0.017594763773269545,discount_zscore
2013-02,2013-03,7,16,16,0.01591989270841849,discount_zscore
2013-02,2013-03,8,17,17,0.019327777014566463,discount_zscore
2013-02,2013-03,9,16,16,0.020306397067781076,discount_zscore
2013-02,2013-03,10,17,17,0.01271947026343903,discount_zscore
2013-03,2013-04,1,17,17,0.018580090781409993,discount_zscore
2013-03,2013-04,2,17,16,0.0011895056016442002,discount_zscore
2013-03,2013-04,3,17,17,0.0061170785231507655,discount_zscore
2013-03,2013-04,4,16,16,0.004280639372544449,discount_zscore
2013-03,2013-04,5,17,17,0.0015520749395705664,discount_zscore
2013-03,2013-04,6,17,17,0.013987801155060082,discount_zscore
2013-03,2013-04,7,16,16,0.01032880635447022,discount_zscore
2013-03,2013-04,8,17,17,0.026572209873344195,discount_zscore
2013-03,2013-04,9,17,17,0.005752163056604995,discount_zscore
2013-03,2013-04,10,17,17,0.008579681513386055,discount_zscore
2013-04,2013-05,1,17,17,0.017229869194223743,discount_zscore
2013-04,2013-05,2,17,17,0.025675307106449073,discount_zscore
2013-04,2013-05,3,16,16,0.027505322989128736,discount_zscore
2013-04,2013-05,4,17,17,0.030964481861218838,discount_zscore
2013-04,2013-05,5,17,17,0.017889390150014384,discount_zscore
2013-04,2013-05,6,16,16,0.03277910755742074,discount_zscore
2013-04,2013-05,7,17,17,0.023215300854288155,discount_zscore
2013-04,2013-05,8,16,16,0.028085258707461376,discount_zscore
2013-04,2013-05,9,17,17,-0.011511244972168919,discount_zscore
2013-04,2013-05,10,17,17,0.0015454028601839891,discount_zscore
2013-05,2013-06,1,18,18,-0.06054474373735362,discount_zscore
2013-05,2013-06,2,17,17,-0.038520509324686134,discount_zscore
2013-05,2013-06,3,17,17,-0.024901485140107267,discount_zscore
2013-05,2013-06,4,17,17,-0.03867024946256874,discount_zscore
2013-05,2013-06,5,17,17,-0.047064399035101685,discount_zscore
2013-05,2013-06,6,17,17,-0.0380823281841743,discount_zscore
2013-05,2013-06,7,16,16,-0.046525930048907406,discount_zscore
2013-05,2013-06,8,18,18,-0.04692088531794962,discount_zscore
2013-05,2013-06,9,17,17,-0.06907528118278383,discount_zscore
2013-05,2013-06,10,17,17,-0.04525997047501967,discount_zscore
2013-06,2013-07,1,18,18,0.03839164637289552,discount_zscore
2013-06,2013-07,2,17,17,0.05022023886642228,discount_zscore
2013-06,2013-07,3,17,17,0.05003145917645147,discount_zscore
2013-06,2013-07,4,17,17,0.04569541305452235,discount_zscore
2013-06,2013-07,5,17,17,0.05127886826170565,discount_zscore
2013-06,2013-07,6,17,17,0.04699681209577694,discount_zscore
2013-06,2013-07,7,16,16,0.0735046578904454,discount_zscore
2013-06,2013-07,8,18,18,0.07330624650725728,discount_zscore
2013-06,2013-07,9,17,16,0.06793436243569666,discount_zscore
2013-06,2013-07,10,17,17,0.047566929341512,discount_zscore
2013-07,2013-08,1,17,17,-0.026318393265363886,discount_zscore
2013-07,2013-08,2,17,17,-0.013966976229688977,discount_zscore
2013-07,2013-08,3,17,17,-0.05213419228337286,discount_zscore
2013-07,2013-08,4,17,17,-0.013461660505015223,discount_zscore
2013-07,2013-08,5,17,17,-0.01826853991986881,discount_zscore
2013-07,2013-08,6,17,17,-0.014700098575723727,discount_zscore
2013-07,2013-08,7,17,17,-0.02183260913281116,discount_zscore
2013-07,2013-08,8,17,17,-0.032001103264959724,discount_zscore
2013-07,2013-08,9,17,17,0.0016767732270624152,discount_zscore
2013-07,2013-08,10,17,17,-0.032127699571377136,discount_zscore
2013-08,2013-09,1,17,17,0.037554874178734744,discount_zscore
2013-08,2013-09,2,17,16,0.042484405795773006,discount_zscore
2013-08,2013-09,3,17,16,0.01635875250075399,discount_zscore
2013-08,2013-09,4,17,17,0.0186773048121826,discount_zscore
2013-08,2013-09,5,17,17,0.020403808758251953,discount_zscore
2013-08,2013-09,6,17,17,0.009203789679266912,discount_zscore
2013-08,2013-09,7,17,17,0.01730332399619719,discount_zscore
2013-08,2013-09,8,17,17,0.028125445788829126,discount_zscore
2013-08,2013-09,9,17,16,0.015807210241990777,discount_zscore
2013-08,2013-09,10,17,17,0.02087115583232196,discount_zscore
2013-09,2013-10,1,17,17,0.05542719432971966,discount_zscore
2013-09,2013-10,2,17,17,0.050022363622401964,discount_zscore
2013-09,2013-10,3,16,16,0.0364956173209654,discount_zscore
2013-09,2013-10,4,17,17,0.025794848111247406,discount_zscore
2013-09,2013-10,5,17,17,0.03419347770349646,discount_zscore
2013-09,2013-10,6,16,16,0.048105778419996935,discount_zscore
2013-09,2013-10,7,17,16,0.03572538609055625,discount_zscore
2013-09,2013-10,8,16,16,0.04546948449907798,discount_zscore
2013-09,2013-10,9,17,17,0.040161046931537374,discount_zscore
2013-09,2013-10,10,17,17,0.04408808483406245,discount_zscore
2013-10,2013-11,1,17,17,-0.0014703993367786749,discount_zscore
2013-10,2013-11,2,17,17,-0.004583365198389957,discount_zscore
2013-10,2013-11,3,17,17,-0.010069077775322328,discount_zscore
2013-10,2013-11,4,16,16,0.006376923914551039,discount_zscore
2013-10,2013-11,5,17,17,-0.016138786311999276,discount_zscore
2013-10,2013-11,6,17,17,-0.0029010955766444386,discount_zscore
2013-10,2013-11,7,16,16,-0.0006952140200318507,discount_zscore
2013-10,2013-11,8,17,17,0.008998798501843453,discount_zscore
2013-10,2013-11,9,17,17,-0.009935468928660419,discount_zscore
2013-10,2013-11,10,17,17,-0.014477622986685057,discount_zscore
2013-11,2013-12,1,17,17,0.0067807949707337795,discount_zscore
2013-11,2013-12,2,17,16,-0.0058340689917847355,discount_zscore
2013-11,2013-12,3,17,17,-0.002404777212292042,discount_zscore
2013-11,2013-12,4,16,16,0.009906166660855052,discount_zscore
2013-11,2013-12,5,17,17,-0.003436167467037232,discount_zscore
2013-11,2013-12,6,17,17,0.01496285625963584,discount_zscore
2013-11,2013-12,7,16,16,0.016330927194380784,discount_zscore
2013-11,2013-12,8,17,17,0.008840241959870609,discount_zscore
2013-11,2013-12,9,17,17,-0.0024031230298204604,discount_zscore
2013-11,2013-12,10,17,17,0.0034518924752570644,discount_zscore
2013-12,2014-01,1,17,17,-0.010712485628619954,discount_zscore
2013-12,2014-01,2,17,17,-0.04986944025756944,discount_zscore
2013-12,2014-01,3,16,16,-0.028719953612833735,discount_zscore
2013-12,2014-01,4,17,17,-0.03166401373127097,discount_zscore
2013-12,2014-01,5,16,16,-0.015562569110205593,discount_zscore
2013-12,2014-01,6,17,17,-0.000515097774966441,discount_zscore
2013-12,2014-01,7,16,16,-0.007645543225954843,discount_zscore
2013-12,2014-01,8,17,17,-0.015458471533790371,discount_zscore
2013-12,2014-01,9,16,16,0.004256305476560127,discount_zscore
2013-12,2014-01,10,17,17,-0.01343362717446588,discount_zscore
2014-01,2014-02,1,17,17,0.040692018908793016,discount_zscore
2014-01,2014-02,2,17,17,0.025934658350066836,discount_zscore
2014-01,2014-02,3,16,16,0.023223313833665375,discount_zscore
2014-01,2014-02,4,17,17,0.033080554149890334,discount_zscore
2014-01,2014-02,5,17,17,0.03607552942328491,discount_zscore
2014-01,2014-02,6,16,16,0.0319857788297755,discount_zscore
2014-01,2014-02,7,17,16,0.043120803127167394,discount_zscore
2014-01,2014-02,8,16,16,0.024304288577490223,discount_zscore
2014-01,2014-02,9,17,17,0.02794861742562374,discount_zscore
2014-01,2014-02,10,17,17,0.023053357741581133,discount_zscore
2014-02,2014-03,1,17,17,0.02492080302251653,discount_zscore
2014-02,2014-03,2,17,17,-0.0033092601829684443,discount_zscore
2014-02,2014-03,3,16,16,-0.0027382693160698038,discount_zscore
2014-02,2014-03,4,17,17,4.8282947873577815e-05,discount_zscore
2014-02,2014-03,5,16,16,-0.023656728558115105,discount_zscore
2014-02,2014-03,6,17,16,-0.001521225001055282,discount_zscore
2014-02,2014-03,7,16,16,-0.007954276781956274,discount_zscore
2014-02,2014-03,8,17,17,-0.02682671990341281,discount_zscore
2014-02,2014-03,9,16,16,-0.02261530517717323,discount_zscore
2014-02,2014-03,10,17,17,-0.05699458523589453,discount_zscore
2014-03,2014-04,1,17,17,0.015514001807658646,discount_zscore
2014-03,2014-04,2,16,16,0.007334587327059328,discount_zscore
2014-03,2014-04,3,17,17,0.007138190613053345,discount_zscore
2014-03,2014-04,4,16,16,0.0058121983133760866,discount_zscore
2014-03,2014-04,5,17,17,-0.0049352841169048945,discount_zscore
2014-03,2014-04,6,16,16,-0.004254363614154717,discount_zscore
2014-03,2014-04,7,16,16,-0.008436574707376916,discount_zscore
2014-03,2014-04,8,17,17,-0.013823512404685809,discount_zscore
2014-03,2014-04,9,16,16,-0.0058970914232492,discount_zscore
2014-03,2014-04,10,17,17,-0.0353434128913853,discount_zscore
2014-04,2014-05,1,17,17,0.022638445808714547,discount_zscore
2014-04,2014-05,2,17,17,0.0288080779312102,discount_zscore
2014-04,2014-05,3,16,16,0.023176175776171898,discount_zscore
2014-04,2014-05,4,17,17,0.03753092331364803,discount_zscore
2014-04,2014-05,5,16,16,0.03407041772146978,discount_zscore
2014-04,2014-05,6,17,17,0.01646458541891236,discount_zscore
2014-04,2014-05,7,16,15,0.008997627162107976,discount_zscore
2014-04,2014-05,8,17,17,0.0025577095353733563,discount_zscore
2014-04,2014-05,9,16,16,-0.003064140666793065,discount_zscore
2014-04,2014-05,10,17,17,-0.0041825551130446875,discount_zscore
2014-05,2014-06,1,17,17,0.002332809042807781,discount_zscore
2014-05,2014-06,2,17,17,0.012923624540859387,discount_zscore
2014-05,2014-06,3,16,16,0.012923959076067137,discount_zscore
2014-05,2014-06,4,17,15,-0.0014740484555290387,discount_zscore
2014-05,2014-06,5,16,16,0.0011999828877329796,discount_zscore
2014-05,2014-06,6,17,17,-0.0038637193342266896,discount_zscore
2014-05,2014-06,7,16,15,-0.010940316851056668,discount_zscore
2014-05,2014-06,8,17,17,0.0032026743929836,discount_zscore
2014-05,2014-06,9,16,16,-0.018056223620363437,discount_zscore
2014-05,2014-06,10,17,17,-0.008717380704245725,discount_zscore
2014-06,2014-07,1,17,17,0.0005989312387348116,discount_zscore
2014-06,2014-07,2,16,16,0.004940088192352858,discount_zscore
2014-06,2014-07,3,16,16,0.005413875508963557,discount_zscore
2014-06,2014-07,4,17,17,0.005006059015400743,discount_zscore
2014-06,2014-07,5,16,16,0.010940256703350547,discount_zscore
2014-06,2014-07,6,16,16,-0.017938175664342144,discount_zscore
2014-06,2014-07,7,17,17,0.0034197190471523253,discount_zscore
2014-06,2014-07,8,16,16,-0.010914769299777222,discount_zscore
2014-06,2014-07,9,16,16,-0.01002987872786689,discount_zscore
2014-06,2014-07,10,17,17,-0.02779336375926392,discount_zscore
2014-07,2014-08,1,17,17,0.03801342744202425,discount_zscore
2014-07,2014-08,2,17,17,0.01686396079551391,discount_zscore
2014-07,2014-08,3,17,17,0.036567437057959784,discount_zscore
2014-07,2014-08,4,16,16,0.0140161090380286,discount_zscore
2014-07,2014-08,5,17,17,0.009817399298256124,discount_zscore
2014-07,2014-08,6,17,17,0.016796009694622686,discount_zscore
2014-07,2014-08,7,16,16,0.006553489001747674,discount_zscore
2014-07,2014-08,8,17,17,0.007728853858450157,discount_zscore
2014-07,2014-08,9,17,17,0.005504978914330268,discount_zscore
2014-07,2014-08,10,17,17,-0.010936947158929403,discount_zscore
2014-08,2014-09,1,17,17,-0.01296822475513144,discount_zscore
2014-08,2014-09,2,17,17,-0.01742480317319157,discount_zscore
2014-08,2014-09,3,17,17,-0.007419103234552847,discount_zscore
2014-08,2014-09,4,16,16,-0.006736528720771906,discount_zscore
2014-08,2014-09,5,17,17,-0.007507150650757969,discount_zscore
2014-08,2014-09,6,17,17,-0.015209186718899892,discount_zscore
2014-08,2014-09,7,16,16,-0.02040631212094736,discount_zscore
2014-08,2014-09,8,17,17,-0.0032765947429871703,discount_zscore
2014-08,2014-09,9,17,17,-0.017531847155149518,discount_zscore
2014-08,2014-09,10,17,16,-0.017640509222827692,discount_zscore
2014-09,2014-10,1,17,17,0.027129079625059466,discount_zscore
2014-09,2014-10,2,17,17,0.007669578343567427,discount_zscore
2014-09,2014-10,3,17,17,0.014292050476423608,discount_zscore
2014-09,2014-10,4,16,16,0.009779505885027275,discount_zscore
2014-09,2014-10,5,17,17,-0.005289138420342921,discount_zscore
2014-09,2014-10,6,17,17,-0.003652362940311558,discount_zscore
2014-09,2014-10,7,16,16,0.008154750841674607,discount_zscore
2014-09,2014-10,8,17,17,-0.017402270992278274,discount_zscore
2014-09,2014-10,9,17,17,-0.01626655024025849,discount_zscore
2014-09,2014-10,10,17,17,-0.021816333658182297,discount_zscore
2014-10,2014-11,1,17,17,0.03700994165721843,discount_zscore
2014-10,2014-11,2,17,16,0.029345856414362062,discount_zscore
2014-10,2014-11,3,17,17,0.018483918991461002,discount_zscore
2014-10,2014-11,4,16,16,0.02987441297435471,discount_zscore
2014-10,2014-11,5,17,17,0.033950456895842585,discount_zscore
2014-10,2014-11,6,17,17,0.03421723677492709,discount_zscore
2014-10,2014-11,7,16,16,0.027496460103524092,discount_zscore
2014-10,2014-11,8,17,17,0.01813960148900123,discount_zscore
2014-10,2014-11,9,17,17,0.013050348416361076,discount_zscore
2014-10,2014-11,10,17,17,0.026927524622986525,discount_zscore
2014-11,2014-12,1,17,17,-0.022270367747253196,discount_zscore
2014-11,2014-12,2,17,17,-0.010480037321615862,discount_zscore
2014-11,2014-12,3,16,15,0.0028182933124519436,discount_zscore
2014-11,2014-12,4,17,17,-0.014547521984339559,discount_zscore
2014-11,2014-12,5,17,17,-0.010443011426850916,discount_zscore
2014-11,2014-12,6,16,16,-0.030270421868195146,discount_zscore
2014-11,2014-12,7,17,17,-0.008432742939355527,discount_zscore
2014-11,2014-12,8,16,16,-0.011066380189446098,discount_zscore
2014-11,2014-12,9,17,17,-0.008698027109643167,discount_zscore
2014-11,2014-12,10,17,17,-0.03303884571810106,discount_zscore
2014-12,2015-01,1,17,17,-0.0008400782530347752,discount_zscore
2014-12,2015-01,2,17,17,0.01419782589260338,discount_zscore
2014-12,2015-01,3,16,16,0.013851363511339927,discount_zscore
2014-12,2015-01,4,17,17,0.018452410557042165,discount_zscore
2014-12,2015-01,5,16,15,0.026170402733879775,discount_zscore
2014-12,2015-01,6,17,17,0.012227463459324886,discount_zscore
2014-12,2015-01,7,16,16,0.030313000760737605,discount_zscore
2014-12,2015-01,8,17,17,0.015548860886332769,discount_zscore
2014-12,2015-01,9,16,15,0.020811330284932487,discount_zscore
2014-12,2015-01,10,17,17,0.023677299931755078,discount_zscore
2015-01,2015-02,1,17,17,0.021606182093464342,discount_zscore
2015-01,2015-02,2,16,16,0.015218622953122166,discount_zscore
2015-01,2015-02,3,16,16,0.02925076214261968,discount_zscore
2015-01,2015-02,4,17,17,0.012519291401608483,discount_zscore
2015-01,2015-02,5,16,16,0.03357194874727036,discount_zscore
2015-01,2015-02,6,16,16,0.024861999251515304,discount_zscore
2015-01,2015-02,7,17,17,0.01540468602174797,discount_zscore
2015-01,2015-02,8,16,16,0.028575717487755788,discount_zscore
2015-01,2015-02,9,16,16,0.007730146704059068,discount_zscore
2015-01,2015-02,10,17,17,0.0006333668498258188,discount_zscore
2015-02,2015-03,1,17,17,0.0010592205716394951,discount_zscore
2015-02,2015-03,2,17,17,0.01787642384503349,discount_zscore
2015-02,2015-03,3,16,16,-0.0016066556570612442,discount_zscore
2015-02,2015-03,4,17,17,0.010080013957550604,discount_zscore
2015-02,2015-03,5,16,16,0.028016966509030898,discount_zscore
2015-02,2015-03,6,17,17,0.023429284725986644,discount_zscore
2015-02,2015-03,7,16,16,0.027076687366659573,discount_zscore
2015-02,2015-03,8,17,17,0.02844050251402383,discount_zscore
2015-02,2015-03,9,16,16,0.016484493923959655,discount_zscore
2015-02,2015-03,10,17,17,0.015797494185993938,discount_zscore
2015-03,2015-04,1,17,17,0.009635309959160137,discount_zscore
2015-03,2015-04,2,17,17,0.030995910416707743,discount_zscore
2015-03,2015-04,3,16,16,0.0042122852197019126,discount_zscore
2015-03,2015-04,4,17,17,0.003389435683741145,discount_zscore
2015-03,2015-04,5,16,16,0.010686803190297606,discount_zscore
2015-03,2015-04,6,17,17,0.018901952655662968,discount_zscore
2015-03,2015-04,7,16,16,-0.004032844971988206,discount_zscore
2015-03,2015-04,8,17,17,0.0029636014537046933,discount_zscore
2015-03,2015-04,9,16,16,-0.002981959095490677,discount_zscore
2015-03,2015-04,10,17,17,-0.028760221011696115,discount_zscore
2015-04,2015-05,1,17,17,0.036585118161781505,discount_zscore
2015-04,2015-05,2,17,17,0.027406423751403022,discount_zscore
2015-04,2015-05,3,16,16,0.015115548466534338,discount_zscore
2015-04,2015-05,4,17,17,0.0448403084447978,discount_zscore
2015-04,2015-05,5,17,17,0.012251851235140642,discount_zscore
2015-04,2015-05,6,16,16,0.024443788340410083,discount_zscore
2015-04,2015-05,7,17,17,0.011987237137165273,discount_zscore
2015-04,2015-05,8,16,16,0.01922100146362856,discount_zscore
2015-04,2015-05,9,17,17,0.01512294562628755,discount_zscore
2015-04,2015-05,10,17,17,-0.00026002102388634303,discount_zscore
2015-05,2015-06,1,17,17,-0.04401285819823103,discount_zscore
2015-05,2015-06,2,17,17,-0.04044758919982151,discount_zscore
2015-05,2015-06,3,17,17,-0.03483810202662252,discount_zscore
2015-05,2015-06,4,16,16,-0.042592489684861484,discount_zscore
2015-05,2015-06,5,17,17,-0.047909631774780206,discount_zscore
2015-05,2015-06,6,17,16,-0.036056045061519965,discount_zscore
2015-05,2015-06,7,16,16,-0.022131085015966036,discount_zscore
2015-05,2015-06,8,17,17,-0.029423808463006934,discount_zscore
2015-05,2015-06,9,17,17,-0.04227663155686255,discount_zscore
2015-05,2015-06,10,17,17,-0.04505728007806878,discount_zscore
2015-06,2015-07,1,17,17,-0.016657402050145764,discount_zscore
2015-06,2015-07,2,17,17,0.015611644017168087,discount_zscore
2015-06,2015-07,3,17,17,-0.0009905109302554838,discount_zscore
2015-06,2015-07,4,16,16,0.0006405681843402455,discount_zscore
2015-06,2015-07,5,17,17,0.0022130719730012395,discount_zscore
2015-06,2015-07,6,17,17,0.0039037618081395283,discount_zscore
2015-06,2015-07,7,16,16,0.009382792965920983,discount_zscore
2015-06,2015-07,8,17,17,-0.0160721210169723,discount_zscore
2015-06,2015-07,9,17,17,0.006615725162385224,discount_zscore
2015-06,2015-07,10,17,17,0.0059339404055407125,discount_zscore
2015-07,2015-08,1,17,17,-0.05331344310127349,discount_zscore
2015-07,2015-08,2,17,17,-0.03355727710810046,discount_zscore
2015-07,2015-08,3,17,17,-0.04691109054231236,discount_zscore
2015-07,2015-08,4,17,17,-0.060931117143138,discount_zscore
2015-07,2015-08,5,17,17,-0.04140933066404604,discount_zscore
2015-07,2015-08,6,16,16,-0.03874533409372071,discount_zscore
2015-07,2015-08,7,17,17,-0.05109310476861169,discount_zscore
2015-07,2015-08,8,17,17,-0.04897110136924348,discount_zscore
2015-07,2015-08,9,17,17,-0.05037101887359712,discount_zscore
2015-07,2015-08,10,17,17,-0.055954535174718725,discount_zscore
2015-08,2015-09,1,17,16,-0.02047252856880579,discount_zscore
2015-08,2015-09,2,17,17,-0.02826513994738226,discount_zscore
2015-08,2015-09,3,17,17,-0.03064841695143894,discount_zscore
2015-08,2015-09,4,17,17,-0.013462354282850298,discount_zscore
2015-08,2015-09,5,17,17,-0.024845986701432683,discount_zscore
2015-08,2015-09,6,16,16,-0.05478844479590884,discount_zscore
2015-08,2015-09,7,17,17,-0.019312188141505565,discount_zscore
2015-08,2015-09,8,17,17,-0.03335270230374369,discount_zscore
2015-08,2015-09,9,17,17,-0.04397803505301303,discount_zscore
2015-08,2015-09,10,17,17,-0.03334004894094664,discount_zscore
2015-09,2015-10,1,17,17,0.05970506725412963,discount_zscore
2015-09,2015-10,2,17,17,0.06274100748115048,discount_zscore
2015-09,2015-10,3,17,17,0.05144726955478841,discount_zscore
2015-09,2015-10,4,16,16,0.05282692527582039,discount_zscore
2015-09,2015-10,5,17,17,0.04728819153783319,discount_zscore
2015-09,2015-10,6,17,16,0.031039373854311235,discount_zscore
2015-09,2015-10,7,16,16,0.0515676052464673,discount_zscore
2015-09,2015-10,8,17,17,0.0385248138781323,discount_zscore
2015-09,2015-10,9,17,16,0.033803994647538964,discount_zscore
2015-09,2015-10,10,17,17,0.02257966979323458,discount_zscore
2015-10,2015-11,1,17,17,0.0009183955346353196,discount_zscore
2015-10,2015-11,2,17,17,0.006442951758142984,discount_zscore
2015-10,2015-11,3,16,16,0.010500656062823459,discount_zscore
2015-10,2015-11,4,17,17,0.017509703140278627,discount_zscore
2015-10,2015-11,5,16,16,0.00868930707769517,discount_zscore
2015-10,2015-11,6,17,17,-0.0002927934359187622,discount_zscore
2015-10,2015-11,7,16,16,-0.005955646530559168,discount_zscore
2015-10,2015-11,8,17,17,0.004087145863547911,discount_zscore
2015-10,2015-11,9,16,16,-0.0006158250565869022,discount_zscore
2015-10,2015-11,10,17,17,-0.0006697694283488105,discount_zscore
2015-11,2015-12,1,17,17,0.0066339208823985715,discount_zscore
2015-11,2015-12,2,17,17,0.0013732331628848982,discount_zscore
2015-11,2015-12,3,16,16,0.006774026506120488,discount_zscore
2015-11,2015-12,4,17,17,0.010920060123633127,discount_zscore
2015-11,2015-12,5,16,16,-9.538427056494242e-05,discount_zscore
2015-11,2015-12,6,17,17,0.008114648889018491,discount_zscore
2015-11,2015-12,7,16,16,0.0075842134071567036,discount_zscore
2015-11,2015-12,8,17,17,0.020103548299425126,discount_zscore
2015-11,2015-12,9,16,16,0.002095288052107881,discount_zscore
2015-11,2015-12,10,17,17,0.007560196553964083,discount_zscore
2015-12,2016-01,1,17,17,-0.048983252283017975,discount_zscore
2015-12,2016-01,2,17,17,-0.02748456533472579,discount_zscore
2015-12,2016-01,3,16,16,-0.04340804428542175,discount_zscore
2015-12,2016-01,4,17,17,-0.059844556555669504,discount_zscore
2015-12,2016-01,5,17,17,-0.06248118603152859,discount_zscore
2015-12,2016-01,6,16,16,-0.06093328332530592,discount_zscore
2015-12,2016-01,7,17,17,-0.056832292531580106,discount_zscore
2015-12,2016-01,8,16,16,-0.08307952674402408,discount_zscore
2015-12,2016-01,9,17,17,-0.06939443630032793,discount_zscore
2015-12,2016-01,10,17,17,-0.06342023385728349,discount_zscore
2016-01,2016-02,1,17,17,0.02991228969486562,discount_zscore
2016-01,2016-02,2,17,17,0.030829745772279385,discount_zscore
2016-01,2016-02,3,17,17,0.01742350227539049,discount_zscore
2016-01,2016-02,4,17,17,0.004397121747476529,discount_zscore
2016-01,2016-02,5,17,17,0.006927144318981808,discount_zscore
2016-01,2016-02,6,16,16,0.014082738648684603,discount_zscore
2016-01,2016-02,7,17,17,-0.011380200579171289,discount_zscore
2016-01,2016-02,8,17,17,-0.00418563083090439,discount_zscore
2016-01,2016-02,9,17,17,-0.019568509481947053,discount_zscore
2016-01,2016-02,10,17,17,-0.02080923366943373,discount_zscore
2016-02,2016-03,1,17,17,0.05932766252186452,discount_zscore
2016-02,2016-03,2,17,17,0.03539494856820619,discount_zscore
2016-02,2016-03,3,17,17,0.03549119023216793,discount_zscore
2016-02,2016-03,4,17,17,0.05080419490973792,discount_zscore
2016-02,2016-03,5,17,17,0.030233598656979898,discount_zscore
2016-02,2016-03,6,17,17,0.022363897598482764,discount_zscore
2016-02,2016-03,7,17,17,0.019926620725437286,discount_zscore
2016-02,2016-03,8,17,17,0.021902544767184947,discount_zscore
2016-02,2016-03,9,17,17,0.02634526262941947,discount_zscore
2016-02,2016-03,10,17,17,0.008341925852294848,discount_zscore
2016-03,2016-04,1,17,17,0.0274235496235558,discount_zscore
2016-03,2016-04,2,17,17,0.03465526437996802,discount_zscore
2016-03,2016-04,3,17,17,0.02460107306168328,discount_zscore
2016-03,2016-04,4,17,17,0.017909691652697336,discount_zscore
2016-03,2016-04,5,17,17,0.0224147915541847,discount_zscore
2016-03,2016-04,6,17,17,0.024316095037809776,discount_zscore
2016-03,2016-04,7,17,17,0.020932145665068534,discount_zscore
2016-03,2016-04,8,17,17,0.00701670450958289,discount_zscore
2016-03,2016-04,9,17,17,-0.0005853629154185786,discount_zscore
2016-03,2016-04,10,17,16,0.00015540642896084284,discount_zscore
2016-04,2016-05,1,17,17,0.0009402196969416452,discount_zscore
2016-04,2016-05,2,17,17,0.004003892680353753,discount_zscore
2016-04,2016-05,3,17,17,-0.01576176850967931,discount_zscore
2016-04,2016-05,4,17,17,-0.007454205548226302,discount_zscore
2016-04,2016-05,5,17,17,-0.0006299336253124563,discount_zscore
2016-04,2016-05,6,16,16,0.0028118031959028025,discount_zscore
2016-04,2016-05,7,17,17,0.003738885614451466,discount_zscore
2016-04,2016-05,8,17,17,0.007170785271002835,discount_zscore
2016-04,2016-05,9,17,17,-0.0034430125856563278,discount_zscore
2016-04,2016-05,10,17,17,0.0027019741452617495,discount_zscore
2016-05,2016-06,1,17,17,0.04206691319095089,discount_zscore
2016-05,2016-06,2,17,17,0.01877843800262786,discount_zscore
2016-05,2016-06,3,17,17,0.024060690871184977,discount_zscore
2016-05,2016-06,4,17,17,0.04553066993494656,discount_zscore
2016-05,2016-06,5,17,17,0.03785388981046559,discount_zscore
2016-05,2016-06,6,16,16,-0.016986268717209443,discount_zscore
2016-05,2016-06,7,17,17,0.0074077373270992715,discount_zscore
2016-05,2016-06,8,17,17,-0.0029067084856878134,discount_zscore
2016-05,2016-06,9,17,16,-0.015522645707759367,discount_zscore
2016-05,2016-06,10,17,17,-0.038227085492612736,discount_zscore
2016-06,2016-07,1,17,17,0.09004613577185833,discount_zscore
2016-06,2016-07,2,17,17,0.0902844887745779,discount_zscore
2016-06,2016-07,3,17,15,0.07499864808426929,discount_zscore
2016-06,2016-07,4,16,16,0.08001986383600151,discount_zscore
2016-06,2016-07,5,17,17,0.08250945808362037,discount_zscore
2016-06,2016-07,6,17,17,0.07019870282519189,discount_zscore
2016-06,2016-07,7,16,16,0.056764853048947406,discount_zscore
2016-06,2016-07,8,17,17,0.07202397657160861,discount_zscore
2016-06,2016-07,9,17,17,0.05146942698600327,discount_zscore
2016-06,2016-07,10,17,17,0.047520151365218505,discount_zscore
2016-07,2016-08,1,17,17,0.03336066218091366,discount_zscore
2016-07,2016-08,2,17,17,0.034081064524989046,discount_zscore
2016-07,2016-08,3,16,16,0.030565958567074655,discount_zscore
2016-07,2016-08,4,17,17,0.024826126785999256,discount_zscore
2016-07,2016-08,5,16,16,0.0217813757393577,discount_zscore
2016-07,2016-08,6,17,17,0.019043555738815585,discount_zscore
2016-07,2016-08,7,16,16,0.02311430960949592,discount_zscore
2016-07,2016-08,8,17,17,0.00880599619987152,discount_zscore
2016-07,2016-08,9,16,16,0.02246722673521504,discount_zscore
2016-07,2016-08,10,17,17,0.003516088988178933,discount_zscore
2016-08,2016-09,1,17,17,0.01580418361546798,discount_zscore
2016-08,2016-09,2,17,17,0.01770427401870977,discount_zscore
2016-08,2016-09,3,17,17,0.021020871310490047,discount_zscore
2016-08,2016-09,4,17,17,0.015871575732026556,discount_zscore
2016-08,2016-09,5,17,17,0.023541563780776188,discount_zscore
2016-08,2016-09,6,16,16,0.01294434590094215,discount_zscore
2016-08,2016-09,7,17,17,0.011687804466597078,discount_zscore
2016-08,2016-09,8,17,17,0.026685626927532645,discount_zscore
2016-08,2016-09,9,17,17,0.007155460865201096,discount_zscore
2016-08,2016-09,10,17,17,0.00811150627361648,discount_zscore
2016-09,2016-10,1,17,17,0.013622675106234938,discount_zscore
2016-09,2016-10,2,17,17,0.022596800042787465,discount_zscore
2016-09,2016-10,3,17,17,0.005159952097504123,discount_zscore
2016-09,2016-10,4,17,17,0.022321304450676788,discount_zscore
2016-09,2016-10,5,17,17,0.03135239068276425,discount_zscore
2016-09,2016-10,6,16,16,0.05058046729215677,discount_zscore
2016-09,2016-10,7,17,17,0.008421316648246021,discount_zscore
2016-09,2016-10,8,17,17,0.027448474532811813,discount_zscore
2016-09,2016-10,9,17,17,0.0023886301013704638,discount_zscore
2016-09,2016-10,10,17,17,0.013507460368478726,discount_zscore
2016-10,2016-11,1,17,17,0.0005319462681137947,discount_zscore
2016-10,2016-11,2,17,17,-0.012419162655618318,discount_zscore
2016-10,2016-11,3,17,17,-0.0142576223543804,discount_zscore
2016-10,2016-11,4,17,17,-0.0508960678988562,discount_zscore
2016-10,2016-11,5,17,17,-0.006446047245773232,discount_zscore
2016-10,2016-11,6,16,16,-0.02439773563005137,discount_zscore
2016-10,2016-11,7,17,16,-0.01824860287011932,discount_zscore
2016-10,2016-11,8,17,17,-0.0205954461671289,discount_zscore
2016-10,2016-11,9,17,17,-0.03217719096980369,discount_zscore
2016-10,2016-11,10,17,17,-0.02609612739127743,discount_zscore
2016-11,2016-12,1,17,17,0.060257653947767914,discount_zscore
2016-11,2016-12,2,17,17,0.037626002720748127,discount_zscore
2016-11,2016-12,3,17,17,0.039683197566984775,discount_zscore
2016-11,2016-12,4,17,17,0.04159615192282667,discount_zscore
2016-11,2016-12,5,17,15,0.017268144938943575,discount_zscore
2016-11,2016-12,6,16,16,0.03382044100500786,discount_zscore
2016-11,2016-12,7,17,17,0.031495248521746844,discount_zscore
2016-11,2016-12,8,17,17,0.047331932824220414,discount_zscore
2016-11,2016-12,9,17,17,0.029638610227762003,discount_zscore
2016-11,2016-12,10,17,17,0.00415671998543611,discount_zscore
2016-12,2017-01,1,17,17,0.024515521367864952,discount_zscore
2016-12,2017-01,2,17,17,0.016321692120111333,discount_zscore
2016-12,2017-01,3,17,17,0.03264207374366258,discount_zscore
2016-12,2017-01,4,16,16,0.014035504875853394,discount_zscore
2016-12,2017-01,5,17,17,0.023251539636720414,discount_zscore
2016-12,2017-01,6,17,17,0.0018615340170782062,discount_zscore
2016-12,2017-01,7,16,16,0.04680086133210014,discount_zscore
2016-12,2017-01,8,17,17,0.00899108435739463,discount_zscore
2016-12,2017-01,9,17,17,0.0073317598021729715,discount_zscore
2016-12,2017-01,10,17,17,0.013154521177485038,discount_zscore
2017-01,2017-02,1,17,17,0.04466783504511036,discount_zscore
2017-01,2017-02,2,17,16,0.03258855244981529,discount_zscore
2017-01,2017-02,3,17,17,0.03710200700957257,discount_zscore
2017-01,2017-02,4,17,17,0.03290671502557938,discount_zscore
2017-01,2017-02,5,17,17,0.02008843971283022,discount_zscore
2017-01,2017-02,6,17,17,0.0307726484769392,discount_zscore
2017-01,2017-02,7,17,17,0.018326045341556085,discount_zscore
2017-01,2017-02,8,17,17,0.023251273089750155,discount_zscore
2017-01,2017-02,9,17,16,0.024237732965912723,discount_zscore
2017-01,2017-02,10,17,17,0.025620581943701634,discount_zscore
2017-02,2017-03,1,17,17,0.03324853947864087,discount_zscore
2017-02,2017-03,2,17,17,0.03349105961713096,discount_zscore
2017-02,2017-03,3,17,17,0.024791511979800947,discount_zscore
2017-02,2017-03,4,16,16,0.007872529120307115,discount_zscore
2017-02,2017-03,5,17,16,0.016778374197957323,discount_zscore
2017-02,2017-03,6,17,17,0.007726415006219485,discount_zscore
2017-02,2017-03,7,16,16,0.0028358308865127843,discount_zscore
2017-02,2017-03,8,17,17,0.012683097106557828,discount_zscore
2017-02,2017-03,9,17,16,0.010356067418057342,discount_zscore
2017-02,2017-03,10,17,17,0.00044853464875219617,discount_zscore
2017-03,2017-04,1,17,17,0.03795536037151242,discount_zscore
2017-03,2017-04,2,17,16,0.016466439358034234,discount_zscore
2017-03,2017-04,3,16,16,0.011316624930130206,discount_zscore
2017-03,2017-04,4,17,17,0.02299870520370856,discount_zscore
2017-03,2017-04,5,17,16,0.033773615521369385,discount_zscore
2017-03,2017-04,6,16,16,-0.0021635401002359778,discount_zscore
2017-03,2017-04,7,17,16,-0.006216585603754633,discount_zscore
2017-03,2017-04,8,16,16,-0.009630690144655736,discount_zscore
2017-03,2017-04,9,17,16,-0.0020687748462178968,discount_zscore
2017-03,2017-04,10,17,17,-0.0019456848086479655,discount_zscore
2017-04,2017-05,1,17,17,0.03854547792047852,discount_zscore
2017-04,2017-05,2,16,16,0.034869868013169825,discount_zscore
2017-04,2017-05,3,16,16,0.02336542917636099,discount_zscore
2017-04,2017-05,4,17,17,0.03476384386541807,discount_zscore
2017-04,2017-05,5,16,16,0.04666756831191865,discount_zscore
2017-04,2017-05,6,16,16,0.030954796469496913,discount_zscore
2017-04,2017-05,7,17,17,0.03892520684421411,discount_zscore
2017-04,2017-05,8,16,16,0.010557191486954248,discount_zscore
2017-04,2017-05,9,16,16,0.0325320041360981,discount_zscore
2017-04,2017-05,10,17,17,0.011345178288369163,discount_zscore
2017-05,2017-06,1,17,17,-0.026317029996273982,discount_zscore
2017-05,2017-06,2,17,17,-0.016487300029471148,discount_zscore
2017-05,2017-06,3,17,17,0.015537063233740678,discount_zscore
2017-05,2017-06,4,17,17,-0.002637733861580054,discount_zscore
2017-05,2017-06,5,17,17,-0.011468854858968354,discount_zscore
2017-05,2017-06,6,17,17,9.946957763108585e-05,discount_zscore
2017-05,2017-06,7,17,17,-0.010866774068773892,discount_zscore
2017-05,2017-06,8,17,16,-0.002429273425554039,discount_zscore
2017-05,2017-06,9,17,17,-0.009336831578631077,discount_zscore
2017-05,2017-06,10,17,17,0.01654446567860485,discount_zscore
2017-06,2017-07,1,17,17,0.03356241146765688,discount_zscore
2017-06,2017-07,2,17,17,0.020070465823263935,discount_zscore
2017-06,2017-07,3,17,17,0.018539145171643425,discount_zscore
2017-06,2017-07,4,17,17,0.02128521188522108,discount_zscore
2017-06,2017-07,5,17,17,0.015490685727125864,discount_zscore
2017-06,2017-07,6,16,16,0.026318615493926174,discount_zscore
2017-06,2017-07,7,17,17,0.010556546538133996,discount_zscore
2017-06,2017-07,8,17,17,0.010934065025782947,discount_zscore
2017-06,2017-07,9,17,17,0.0022005791648158244,discount_zscore
2017-06,2017-07,10,17,17,0.0016238181769052478,discount_zscore
2017-07,2017-08,1,17,17,0.01822093030985934,discount_zscore
2017-07,2017-08,2,17,17,0.02527425846068234,discount_zscore
2017-07,2017-08,3,17,17,0.015585613685047647,discount_zscore
2017-07,2017-08,4,17,17,0.021645450056627043,discount_zscore
2017-07,2017-08,5,17,17,0.022438806765627824,discount_zscore
2017-07,2017-08,6,16,16,0.01631799862952634,discount_zscore
2017-07,2017-08,7,17,17,0.014967701516522536,discount_zscore
2017-07,2017-08,8,17,17,0.0070949526402530475,discount_zscore
2017-07,2017-08,9,17,17,0.006404797351036018,discount_zscore
2017-07,2017-08,10,17,17,0.015835659589296586,discount_zscore
2017-08,2017-09,1,17,17,0.006848978774345172,discount_zscore
2017-08,2017-09,2,17,17,-0.011041355686977661,discount_zscore
2017-08,2017-09,3,17,17,-0.008747713416709487,discount_zscore
2017-08,2017-09,4,17,17,-0.004742976068576034,discount_zscore
2017-08,2017-09,5,17,17,-0.006764959641251038,discount_zscore
2017-08,2017-09,6,16,16,-0.007875935864962817,discount_zscore
2017-08,2017-09,7,17,17,-0.01004763112346922,discount_zscore
2017-08,2017-09,8,17,17,-0.015106615958594874,discount_zscore
2017-08,2017-09,9,17,17,-0.012694762732411005,discount_zscore
2017-08,2017-09,10,17,17,-0.01661911970348319,discount_zscore
2017-09,2017-10,1,17,17,0.029348798522971037,discount_zscore
2017-09,2017-10,2,17,17,0.02925899528142976,discount_zscore
2017-09,2017-10,3,17,17,0.016733463676899957,discount_zscore
2017-09,2017-10,4,17,17,0.02298865487319775,discount_zscore
2017-09,2017-10,5,17,17,0.03508441593560393,discount_zscore
2017-09,2017-10,6,16,16,0.02815920088091793,discount_zscore
2017-09,2017-10,7,17,17,0.019725247677793482,discount_zscore
2017-09,2017-10,8,17,17,0.025879572523491236,discount_zscore
2017-09,2017-10,9,17,17,0.029492509901639954,discount_zscore
2017-09,2017-10,10,17,17,0.03456202522739339,discount_zscore
2017-10,2017-11,1,17,17,0.003372106139218639,discount_zscore
2017-10,2017-11,2,17,17,-0.005512903333340626,discount_zscore
2017-10,2017-11,3,17,17,-0.0054529832436076234,discount_zscore
2017-10,2017-11,4,17,17,-0.004701861973236697,discount_zscore
2017-10,2017-11,5,17,17,-0.00249976384790463,discount_zscore
2017-10,2017-11,6,17,17,0.0034179483594039715,discount_zscore
2017-10,2017-11,7,17,17,0.003922404556157496,discount_zscore
2017-10,2017-11,8,17,17,0.0013990696048089427,discount_zscore
2017-10,2017-11,9,17,17,-0.0006669107102962835,discount_zscore
2017-10,2017-11,10,17,17,0.041257790691097425,discount_zscore
2017-11,2017-12,1,18,18,0.03896066590905476,discount_zscore
2017-11,2017-12,2,17,17,0.027775234184638845,discount_zscore
2017-11,2017-12,3,17,17,0.03390506025473646,discount_zscore
2017-11,2017-12,4,17,17,0.033658747188531395,discount_zscore
2017-11,2017-12,5,17,17,0.01827701493436733,discount_zscore
2017-11,2017-12,6,17,17,0.018054320039793355,discount_zscore
2017-11,2017-12,7,16,16,0.023645211940876723,discount_zscore
2017-11,2017-12,8,18,18,0.015449086736857694,discount_zscore
2017-11,2017-12,9,17,17,0.009026254796621362,discount_zscore
2017-11,2017-12,10,17,17,-0.007430250753984291,discount_zscore
2017-12,2018-01,1,18,18,0.0002833646160046875,discount_zscore
2017-12,2018-01,2,17,17,0.00149681838344656,discount_zscore
2017-12,2018-01,3,17,17,0.003421639734140891,discount_zscore
2017-12,2018-01,4,17,17,0.013358401564414656,discount_zscore
2017-12,2018-01,5,17,17,0.00910864128664316,discount_zscore
2017-12,2018-01,6,17,17,0.01514268776718815,discount_zscore
2017-12,2018-01,7,16,16,0.002278332898637568,discount_zscore
2017-12,2018-01,8,18,18,0.010190042106040976,discount_zscore
2017-12,2018-01,9,17,17,0.01591083220680102,discount_zscore
2017-12,2018-01,10,17,17,0.0048889746430578265,discount_zscore
2018-01,2018-02,1,18,18,-0.021105074477665835,discount_zscore
2018-01,2018-02,2,17,17,-0.02035377934247103,discount_zscore
2018-01,2018-02,3,17,17,-0.02355396756331596,discount_zscore
2018-01,2018-02,4,17,17,-0.027473941029597,discount_zscore
2018-01,2018-02,5,17,17,-0.03104051315651928,discount_zscore
2018-01,2018-02,6,17,17,-0.020284204378651045,discount_zscore
2018-01,2018-02,7,16,16,-0.027540842518827574,discount_zscore
2018-01,2018-02,8,18,18,-0.03079006953712827,discount_zscore
2018-01,2018-02,9,17,17,-0.03904573905108011,discount_zscore
2018-01,2018-02,10,17,17,-0.027302960930836662,discount_zscore
2018-02,2018-03,1,18,18,-0.02060387969508308,discount_zscore
2018-02,2018-03,2,17,17,-0.022687682524073636,discount_zscore
2018-02,2018-03,3,17,17,-0.026727829977298848,discount_zscore
2018-02,2018-03,4,17,17,-0.012415982941411401,discount_zscore
2018-02,2018-03,5,17,17,-0.025920587889612802,discount_zscore
2018-02,2018-03,6,17,17,-0.02195728040798564,discount_zscore
2018-02,2018-03,7,16,16,-0.022076272426119384,discount_zscore
2018-02,2018-03,8,18,18,-0.03898353742768754,discount_zscore
2018-02,2018-03,9,17,17,-0.019878955317167355,discount_zscore
2018-02,2018-03,10,17,17,-0.04763504019077157,discount_zscore
2018-03,2018-04,1,18,18,0.03869115395373609,discount_zscore
2018-03,2018-04,2,17,17,0.04254056412431,discount_zscore
2018-03,2018-04,3,17,17,0.0328903846871958,discount_zscore
2018-03,2018-04,4,17,17,0.01996056142260827,discount_zscore
2018-03,2018-04,5,17,17,0.024026121918424792,discount_zscore
2018-03,2018-04,6,17,17,0.026351854511902896,discount_zscore
2018-03,2018-04,7,17,17,0.02682336176941719,discount_zscore
2018-03,2018-04,8,17,17,0.03513895672866414,discount_zscore
2018-03,2018-04,9,17,17,0.02649080854050248,discount_zscore
2018-03,2018-04,10,18,17,0.020464405846860458,discount_zscore
2018-04,2018-05,1,18,18,0.029192785304612515,discount_zscore
2018-04,2018-05,2,17,17,-0.008739911646979999,discount_zscore
2018-04,2018-05,3,17,17,0.016914149506645656,discount_zscore
2018-04,2018-05,4,17,17,0.009430894079894992,discount_zscore
2018-04,2018-05,5,17,17,0.015998039084661013,discount_zscore
2018-04,2018-05,6,17,17,0.021362694373519373,discount_zscore
2018-04,2018-05,7,16,16,0.01308693543452466,discount_zscore
2018-04,2018-05,8,18,18,0.01493950692983275,discount_zscore
2018-04,2018-05,9,17,17,0.02575824061241174,discount_zscore
2018-04,2018-05,10,17,17,0.02967020937256236,discount_zscore
2018-05,2018-06,1,17,17,0.0014884344899893196,discount_zscore
2018-05,2018-06,2,17,17,-0.00022533237952457482,discount_zscore
2018-05,2018-06,3,17,17,-0.010665197470230222,discount_zscore
2018-05,2018-06,4,17,17,0.0021787841849127245,discount_zscore
2018-05,2018-06,5,17,17,-0.0037487918084238275,discount_zscore
2018-05,2018-06,6,17,17,-0.012662453821216597,discount_zscore
2018-05,2018-06,7,17,17,-0.0034742590308723953,discount_zscore
2018-05,2018-06,8,17,17,0.003417636303611654,discount_zscore
2018-05,2018-06,9,17,17,0.0035707426201535553,discount_zscore
2018-05,2018-06,10,17,17,0.007995896551791755,discount_zscore
2018-06,2018-07,1,18,18,0.03489322217125395,discount_zscore
2018-06,2018-07,2,17,17,0.03156143428343262,discount_zscore
2018-06,2018-07,3,17,17,0.026440678156269264,discount_zscore
2018-06,2018-07,4,17,17,0.01966851077776978,discount_zscore
2018-06,2018-07,5,17,17,0.01580195927339799,discount_zscore
2018-06,2018-07,6,17,17,0.014094287810653668,discount_zscore
2018-06,2018-07,7,17,17,0.010760456087672725,discount_zscore
2018-06,2018-07,8,17,17,0.0013025402325534887,discount_zscore
2018-06,2018-07,9,17,17,0.008087154802115075,discount_zscore
2018-06,2018-07,10,18,18,-0.008709197645456936,discount_zscore
2018-07,2018-08,1,18,18,0.0019734992014200986,discount_zscore
2018-07,2018-08,2,17,17,-0.015715179851103503,discount_zscore
2018-07,2018-08,3,17,17,-0.007174884608569364,discount_zscore
2018-07,2018-08,4,17,17,-0.011390014485054245,discount_zscore
2018-07,2018-08,5,17,17,0.00022171520562678826,discount_zscore
2018-07,2018-08,6,17,17,-0.009918223359977012,discount_zscore
2018-07,2018-08,7,17,17,-0.003517334619099663,discount_zscore
2018-07,2018-08,8,17,17,-0.008184147564223535,discount_zscore
2018-07,2018-08,9,17,17,-0.013640359984400156,discount_zscore
2018-07,2018-08,10,18,18,-0.0061862943059065095,discount_zscore
2018-08,2018-09,1,18,18,-0.019244851949921888,discount_zscore
2018-08,2018-09,2,17,17,-0.0017281709294409517,discount_zscore
2018-08,2018-09,3,17,17,0.001068742663915127,discount_zscore
2018-08,2018-09,4,17,17,-0.003953056981628753,discount_zscore
2018-08,2018-09,5,18,18,-0.010620130417348205,discount_zscore
2018-08,2018-09,6,17,17,-0.01086695829209118,discount_zscore
2018-08,2018-09,7,17,17,-0.009385120479884249,discount_zscore
2018-08,2018-09,8,17,16,-0.0010392473128019303,discount_zscore
2018-08,2018-09,9,17,17,-0.01202502376954627,discount_zscore
2018-08,2018-09,10,18,18,-0.019247908718796638,discount_zscore
2018-09,2018-10,1,18,18,-0.030191922965265724,discount_zscore
2018-09,2018-10,2,17,17,-0.051010376698669584,discount_zscore
2018-09,2018-10,3,17,17,-0.061904127027163934,discount_zscore
2018-09,2018-10,4,18,18,-0.05889549633768606,discount_zscore
2018-09,2018-10,5,17,17,-0.08543405414967217,discount_zscore
2018-09,2018-10,6,17,16,-0.05703608014233425,discount_zscore
2018-09,2018-10,7,18,18,-0.0626648579717003,discount_zscore
2018-09,2018-10,8,17,17,-0.07945963323497574,discount_zscore
2018-09,2018-10,9,17,16,-0.08229380028585871,discount_zscore
2018-09,2018-10,10,18,17,-0.08514166486389992,discount_zscore
2018-10,2018-11,1,18,18,-0.029556491195548137,discount_zscore
2018-10,2018-11,2,17,17,-0.0012691623669432144,discount_zscore
2018-10,2018-11,3,17,17,0.01677410504501382,discount_zscore
2018-10,2018-11,4,17,17,-0.007127026521326261,discount_zscore
2018-10,2018-11,5,17,17,-0.049098811380783855,discount_zscore
2018-10,2018-11,6,17,17,-0.05380757645249823,discount_zscore
2018-10,2018-11,7,17,17,0.01330456578096751,discount_zscore
2018-10,2018-11,8,17,17,0.0038825603457110208,discount_zscore
2018-10,2018-11,9,17,16,-0.06984855170613952,discount_zscore
2018-10,2018-11,10,18,18,-0.004678364937090075,discount_zscore
2018-11,2018-12,1,17,17,22.1083344837239,discount_zscore
2018-11,2018-12,2,17,17,-0.03469302541113407,discount_zscore
2018-11,2018-12,3,17,17,-0.03442959356285335,discount_zscore
2018-11,2018-12,4,17,17,-0.03595393714700262,discount_zscore
2018-11,2018-12,5,17,17,-0.04840816173803292,discount_zscore
2018-11,2018-12,6,17,17,-0.0492917605888571,discount_zscore
2018-11,2018-12,7,17,17,-0.06249121230634933,discount_zscore
2018-11,2018-12,8,17,17,-0.049194096728860985,discount_zscore
2018-11,2018-12,9,17,17,-0.055618314747064725,discount_zscore
2018-11,2018-12,10,17,17,-0.0488840032457335,discount_zscore
2018-12,2019-01,1,17,17,0.05293540858608148,discount_zscore
2018-12,2019-01,2,17,17,0.06281554406119391,discount_zscore
2018-12,2019-01,3,17,17,0.0646682634489666,discount_zscore
2018-12,2019-01,4,17,17,0.027180792902068155,discount_zscore
2018-12,2019-01,5,17,17,0.044763164682668666,discount_zscore
2018-12,2019-01,6,16,16,0.04273374343926066,discount_zscore
2018-12,2019-01,7,17,17,0.05325943270100198,discount_zscore
2018-12,2019-01,8,17,17,0.03486840518998359,discount_zscore
2018-12,2019-01,9,17,17,0.025179552150337937,discount_zscore
2018-12,2019-01,10,17,17,0.015231935763207916,discount_zscore
2019-01,2019-02,1,17,0,,discount_zscore
2019-01,2019-02,2,17,0,,discount_zscore
2019-01,2019-02,3,17,0,,discount_zscore
2019-01,2019-02,4,17,0,,discount_zscore
2019-01,2019-02,5,17,1,0.014814814814814836,discount_zscore
2019-01,2019-02,6,17,0,,discount_zscore
2019-01,2019-02,7,17,0,,discount_zscore
2019-01,2019-02,8,17,0,,discount_zscore
2019-01,2019-02,9,17,0,,discount_zscore
2019-01,2019-02,10,17,1,0.01941747572815533,discount_zscore
2019-07,2019-08,1,17,17,-0.037490919372545825,discount_zscore
2019-07,2019-08,2,17,17,-0.041713958125056544,discount_zscore
2019-07,2019-08,3,17,17,-0.05158741736567234,discount_zscore
2019-07,2019-08,4,17,17,-0.03763176284132395,discount_zscore
2019-07,2019-08,5,17,17,-0.03717776676861147,discount_zscore
2019-07,2019-08,6,16,16,-0.02543548621685527,discount_zscore
2019-07,2019-08,7,17,17,-0.04719430669432713,discount_zscore
2019-07,2019-08,8,17,17,-0.04464296200636946,discount_zscore
2019-07,2019-08,9,17,17,-0.03825028610044628,discount_zscore
2019-07,2019-08,10,17,17,-0.05748640848376077,discount_zscore
2019-08,2019-09,1,17,17,0.03479006220846533,discount_zscore
2019-08,2019-09,2,17,17,0.03193419428242522,discount_zscore
2019-08,2019-09,3,17,17,0.037263127938278136,discount_zscore
2019-08,2019-09,4,17,17,0.005064628377037936,discount_zscore
2019-08,2019-09,5,17,17,0.011857642163472222,discount_zscore
2019-08,2019-09,6,16,16,0.02124164058654098,discount_zscore
2019-08,2019-09,7,17,17,0.011423212123830481,discount_zscore
2019-08,2019-09,8,17,17,0.013915512789495836,discount_zscore
2019-08,2019-09,9,17,17,-0.0005206338761880656,discount_zscore
2019-08,2019-09,10,17,16,0.000792562729215282,discount_zscore
2019-09,2019-10,1,17,17,-0.013795005945500838,discount_zscore
2019-09,2019-10,2,17,17,-0.004525627082573869,discount_zscore
2019-09,2019-10,3,17,17,0.007207691895108026,discount_zscore
2019-09,2019-10,4,17,17,-0.010401292425927263,discount_zscore
2019-09,2019-10,5,17,17,-0.009330310126606678,discount_zscore
2019-09,2019-10,6,17,17,-0.010103914514492041,discount_zscore
2019-09,2019-10,7,17,16,-0.0029512402264514417,discount_zscore
2019-09,2019-10,8,17,17,-0.006933558546473288,discount_zscore
2019-09,2019-10,9,17,17,-0.010935993674231599,discount_zscore
2019-09,2019-10,10,17,17,-0.004334514916236866,discount_zscore
2019-10,2019-11,1,17,17,0.026584001612885093,discount_zscore
2019-10,2019-11,2,17,17,0.01837393080784985,discount_zscore
2019-10,2019-11,3,17,17,0.04930191342736819,discount_zscore
2019-10,2019-11,4,17,17,0.017877735916525164,discount_zscore
2019-10,2019-11,5,17,17,0.03440205506576472,discount_zscore
2019-10,2019-11,6,17,17,0.04006782537701462,discount_zscore
2019-10,2019-11,7,17,17,0.03348232814088179,discount_zscore
2019-10,2019-11,8,17,16,0.033817272947979045,discount_zscore
2019-10,2019-11,9,17,17,0.03043262534097333,discount_zscore
2019-10,2019-11,10,17,17,0.030330290727817375,discount_zscore
2019-11,2019-12,1,17,17,0.06695078724134254,discount_zscore
2019-11,2019-12,2,17,17,0.035807208826137644,discount_zscore
2019-11,2019-12,3,17,17,0.045645157374014055,discount_zscore
2019-11,2019-12,4,17,17,0.0259044633768648,discount_zscore
2019-11,2019-12,5,17,17,0.04249753737356765,discount_zscore
2019-11,2019-12,6,16,16,0.03325249885089519,discount_zscore
2019-11,2019-12,7,17,17,0.03821956256226913,discount_zscore
2019-11,2019-12,8,17,17,0.03653319747702811,discount_zscore
2019-11,2019-12,9,17,17,0.044173070008727236,discount_zscore
2019-11,2019-12,10,17,17,0.06826990196585359,discount_zscore
2019-12,2020-01,1,17,17,0.009790542318103671,discount_zscore
2019-12,2020-01,2,17,17,-0.028195106563824623,discount_zscore
2019-12,2020-01,3,17,17,-0.015470632197662159,discount_zscore
2019-12,2020-01,4,17,17,-0.03671628825423054,discount_zscore
2019-12,2020-01,5,17,17,-0.0108011541707333,discount_zscore
2019-12,2020-01,6,16,16,-0.028142048729889603,discount_zscore
2019-12,2020-01,7,17,17,-0.014337601620123083,discount_zscore
2019-12,2020-01,8,17,17,-0.028380823323032142,discount_zscore
2019-12,2020-01,9,17,17,-0.02521252873993182,discount_zscore
2019-12,2020-01,10,17,17,-0.03899905649824042,discount_zscore
2020-01,2020-02,1,17,17,-0.09984365751557489,discount_zscore
2020-01,2020-02,2,17,17,-0.09823806937298958,discount_zscore
2020-01,2020-02,3,17,17,-0.071049931527892,discount_zscore
2020-01,2020-02,4,17,17,-0.09495962948439468,discount_zscore
2020-01,2020-02,5,17,17,-0.08881019676594036,discount_zscore
2020-01,2020-02,6,16,16,-0.14088476860621174,discount_zscore
2020-01,2020-02,7,17,17,-0.07192701866353782,discount_zscore
2020-01,2020-02,8,17,17,-0.09829215959326627,discount_zscore
2020-01,2020-02,9,17,17,-0.10979798310483681,discount_zscore
2020-01,2020-02,10,17,17,-0.10982714670939199,discount_zscore
2020-02,2020-03,1,17,17,-0.0921136136050477,discount_zscore
2020-02,2020-03,2,17,17,-0.14187579097946101,discount_zscore
2020-02,2020-03,3,17,17,-0.15746711232196173,discount_zscore
2020-02,2020-03,4,17,17,-0.18360860350824337,discount_zscore
2020-02,2020-03,5,17,17,-0.16911434740842815,discount_zscore
2020-02,2020-03,6,16,16,-0.19380468451375543,discount_zscore
2020-02,2020-03,7,17,17,-0.14962263588576763,discount_zscore
2020-02,2020-03,8,17,17,-0.20007118878450258,discount_zscore
2020-02,2020-03,9,17,17,-0.1964510827514627,discount_zscore
2020-02,2020-03,10,17,17,-0.23885801379263688,discount_zscore
2020-03,2020-04,1,17,1,0.17441860465116288,discount_zscore
2020-03,2020-04,2,17,0,,discount_zscore
2020-03,2020-04,3,17,0,,discount_zscore
2020-03,2020-04,4,17,0,,discount_zscore
2020-03,2020-04,5,17,2,0.3340681774255895,discount_zscore
2020-03,2020-04,6,16,0,,discount_zscore
2020-03,2020-04,7,17,0,,discount_zscore
2020-03,2020-04,8,17,1,0.01632653061224487,discount_zscore
2020-03,2020-04,9,17,0,,discount_zscore
2020-03,2020-04,10,17,0,,discount_zscore
2020-05,2020-06,1,17,17,0.049782810469255194,discount_zscore
2020-05,2020-06,2,17,17,0.033084228537590764,discount_zscore
2020-05,2020-06,3,17,16,0.045554449297403474,discount_zscore
2020-05,2020-06,4,17,17,0.024989534046623414,discount_zscore
2020-05,2020-06,5,17,17,0.009844909797913153,discount_zscore
2020-05,2020-06,6,16,16,0.03341236596330766,discount_zscore
2020-05,2020-06,7,17,17,0.03272546693520213,discount_zscore
2020-05,2020-06,8,17,17,0.038657410100475624,discount_zscore
2020-05,2020-06,9,17,17,0.012045285280666677,discount_zscore
2020-05,2020-06,10,17,17,0.034343877904011486,discount_zscore
2020-06,2020-07,1,17,17,0.003931914778558783,discount_zscore
2020-06,2020-07,2,17,17,-0.005815313518170198,discount_zscore
2020-06,2020-07,3,17,17,-0.001183955469090761,discount_zscore
2020-06,2020-07,4,16,16,-0.009435225696362154,discount_zscore
2020-06,2020-07,5,17,17,-0.011528865966022088,discount_zscore
2020-06,2020-07,6,17,17,-0.0035640534119370025,discount_zscore
2020-06,2020-07,7,16,16,0.0058466666945360055,discount_zscore
2020-06,2020-07,8,17,17,-0.0035029379625056505,discount_zscore
2020-06,2020-07,9,17,17,-0.014218732890612667,discount_zscore
2020-06,2020-07,10,17,17,9.267755787120853e-05,discount_zscore
2020-07,2020-08,1,17,17,0.052329216916276566,discount_zscore
2020-07,2020-08,2,17,17,0.05292635930076709,discount_zscore
2020-07,2020-08,3,17,17,0.022040860135004628,discount_zscore
2020-07,2020-08,4,16,16,0.034852386556912876,discount_zscore
2020-07,2020-08,5,17,17,0.017956382072373496,discount_zscore
2020-07,2020-08,6,17,17,0.024219083791535288,discount_zscore
2020-07,2020-08,7,16,16,0.03180137010102429,discount_zscore
2020-07,2020-08,8,17,17,0.03461606941484937,discount_zscore
2020-07,2020-08,9,17,17,0.023129619287187736,discount_zscore
2020-07,2020-08,10,17,16,0.020767061313650345,discount_zscore
2020-08,2020-09,1,17,17,-0.007890830853473052,discount_zscore
2020-08,2020-09,2,17,17,-0.00772730305825086,discount_zscore
2020-08,2020-09,3,17,17,-0.005462557405599775,discount_zscore
2020-08,2020-09,4,16,16,0.006372248208643731,discount_zscore
2020-08,2020-09,5,17,17,0.011202748963031266,discount_zscore
2020-08,2020-09,6,17,17,0.0060700329940746815,discount_zscore
2020-08,2020-09,7,16,16,0.00039312810028576534,discount_zscore
2020-08,2020-09,8,17,17,-0.006030270530479651,discount_zscore
2020-08,2020-09,9,17,17,-0.01747839456606426,discount_zscore
2020-08,2020-09,10,17,16,0.012506841955518502,discount_zscore
2020-09,2020-10,1,17,17,0.025632799822911195,discount_zscore
2020-09,2020-10,2,17,17,-0.006689978379171689,discount_zscore
2020-09,2020-10,3,17,17,0.0027028422418941904,discount_zscore
2020-09,2020-10,4,16,16,0.008152428666043661,discount_zscore
2020-09,2020-10,5,17,17,0.007602354391365297,discount_zscore
2020-09,2020-10,6,17,17,-0.015178786838361864,discount_zscore
2020-09,2020-10,7,16,16,-0.005196942296389256,discount_zscore
2020-09,2020-10,8,17,17,-0.0017942472246765295,discount_zscore
2020-09,2020-10,9,17,16,-0.010464780467040281,discount_zscore
2020-09,2020-10,10,17,17,0.00401275971068842,discount_zscore
2020-10,2020-11,1,17,17,0.17481440938729714,discount_zscore
2020-10,2020-11,2,17,17,0.07919946100308521,discount_zscore
2020-10,2020-11,3,17,17,0.12442831437854777,discount_zscore
2020-10,2020-11,4,16,16,0.13988772741332967,discount_zscore
2020-10,2020-11,5,17,17,0.14760958823538392,discount_zscore
2020-10,2020-11,6,17,17,0.12118141761218748,discount_zscore
2020-10,2020-11,7,16,16,0.10626583945266704,discount_zscore
2020-10,2020-11,8,17,17,0.10840330565666627,discount_zscore
2020-10,2020-11,9,17,17,0.13240943811308892,discount_zscore
2020-10,2020-11,10,17,15,0.07691547625361157,discount_zscore
2020-11,2020-12,1,17,17,0.06638501026426702,discount_zscore
2020-11,2020-12,2,17,17,0.059980928656404704,discount_zscore
2020-11,2020-12,3,16,16,0.04361650280515793,discount_zscore
2020-11,2020-12,4,17,17,0.07692735892250922,discount_zscore
2020-11,2020-12,5,16,16,0.07639053498126389,discount_zscore
2020-11,2020-12,6,17,17,0.05721673324056935,discount_zscore
2020-11,2020-12,7,16,16,0.0524130220334568,discount_zscore
2020-11,2020-12,8,17,17,0.06389050206960542,discount_zscore
2020-11,2020-12,9,16,16,0.07004862827313171,discount_zscore
2020-11,2020-12,10,17,17,0.07418335065230229,discount_zscore
2020-12,2021-01,1,17,17,0.01584093561079935,discount_zscore
2020-12,2021-01,2,17,17,-0.013897433831545096,discount_zscore
2020-12,2021-01,3,16,16,-0.005434540777225348,discount_zscore
2020-12,2021-01,4,17,17,-0.016049460202683222,discount_zscore
2020-12,2021-01,5,16,16,-0.014151762820669704,discount_zscore
2020-12,2021-01,6,17,17,-0.022107266353463606,discount_zscore
2020-12,2021-01,7,16,16,-0.031912717630640325,discount_zscore
2020-12,2021-01,8,17,17,-0.007747714052417339,discount_zscore
2020-12,2021-01,9,16,16,-0.0014877267304103797,discount_zscore
2020-12,2021-01,10,17,17,-0.041436584012512066,discount_zscore
2021-01,2021-02,1,17,17,0.025910546840793726,discount_zscore
2021-01,2021-02,2,17,17,0.00125063483287259,discount_zscore
2021-01,2021-02,3,16,16,0.015630325512595827,discount_zscore
2021-01,2021-02,4,17,17,0.04054069338424246,discount_zscore
2021-01,2021-02,5,17,17,0.02117175594008281,discount_zscore
2021-01,2021-02,6,16,16,-0.010480727325572259,discount_zscore
2021-01,2021-02,7,17,17,0.012486963298474756,discount_zscore
2021-01,2021-02,8,16,16,0.012918076502205104,discount_zscore
2021-01,2021-02,9,17,17,-0.008298538430988808,discount_zscore
2021-01,2021-02,10,17,17,-0.014408822416174315,discount_zscore
2021-02,2021-03,1,17,17,0.041066475703555705,discount_zscore
2021-02,2021-03,2,17,17,0.05087647574890978,discount_zscore
2021-02,2021-03,3,17,16,0.03806617640747555,discount_zscore
2021-02,2021-03,4,16,16,0.03565754680981639,discount_zscore
2021-02,2021-03,5,17,17,0.03889855891916853,discount_zscore
2021-02,2021-03,6,17,17,0.028684609022333763,discount_zscore
2021-02,2021-03,7,16,16,0.037927917761220876,discount_zscore
2021-02,2021-03,8,17,17,0.013781033581020922,discount_zscore
2021-02,2021-03,9,17,17,0.003337568345578229,discount_zscore
2021-02,2021-03,10,17,17,0.0013740405585381482,discount_zscore
2021-03,2021-04,1,17,17,0.007594082172445204,discount_zscore
2021-03,2021-04,2,17,17,0.06027903235873177,discount_zscore
2021-03,2021-04,3,17,17,0.06199429252545025,discount_zscore
2021-03,2021-04,4,16,16,0.054589486703094076,discount_zscore
2021-03,2021-04,5,17,17,0.026269177466278503,discount_zscore
2021-03,2021-04,6,17,17,0.027812356392024534,discount_zscore
2021-03,2021-04,7,16,16,0.03406337274271818,discount_zscore
2021-03,2021-04,8,17,17,0.03254765145675592,discount_zscore
2021-03,2021-04,9,17,17,317.6809722877407,discount_zscore
2021-03,2021-04,10,17,16,8620.67663228577,discount_zscore
2021-04,2021-05,1,18,18,-4.2371868884906303e-05,discount_zscore
2021-04,2021-05,2,17,17,0.017279189418925766,discount_zscore
2021-04,2021-05,3,17,17,-0.006930578249191554,discount_zscore
2021-04,2021-05,4,17,16,0.0205053553756719,discount_zscore
2021-04,2021-05,5,17,17,0.0135313730082967,discount_zscore
2021-04,2021-05,6,17,17,-0.001781930113578196,discount_zscore
2021-04,2021-05,7,16,16,0.005941137440287174,discount_zscore
2021-04,2021-05,8,18,18,-0.016794018639339516,discount_zscore
2021-04,2021-05,9,17,17,-0.004235109743490036,discount_zscore
2021-04,2021-05,10,17,17,-0.12057590355341977,discount_zscore
2021-05,2021-06,1,18,18,0.025455893035917825,discount_zscore
2021-05,2021-06,2,17,17,0.016701304090343122,discount_zscore
2021-05,2021-06,3,17,17,0.02789606621176104,discount_zscore
2021-05,2021-06,4,17,17,0.030353372331791983,discount_zscore
2021-05,2021-06,5,17,17,0.025243748701568706,discount_zscore
2021-05,2021-06,6,17,17,0.006234873132709318,discount_zscore
2021-05,2021-06,7,17,17,0.0073939025246975544,discount_zscore
2021-05,2021-06,8,17,17,-0.0021544125829584602,discount_zscore
2021-05,2021-06,9,17,17,0.009761550163039576,discount_zscore
2021-05,2021-06,10,18,18,-0.0319883084102402,discount_zscore
2021-06,2021-07,1,18,18,0.004463330562821166,discount_zscore
2021-06,2021-07,2,17,17,0.014549510261392336,discount_zscore
2021-06,2021-07,3,17,17,0.003351705614326451,discount_zscore
2021-06,2021-07,4,17,17,0.013582330735474586,discount_zscore
2021-06,2021-07,5,18,18,-0.006253733806643248,discount_zscore
2021-06,2021-07,6,17,17,-0.014236966160757935,discount_zscore
2021-06,2021-07,7,17,17,-0.011972110792065256,discount_zscore
2021-06,2021-07,8,17,17,-0.016560890493139527,discount_zscore
2021-06,2021-07,9,17,17,-0.024156447924031467,discount_zscore
2021-06,2021-07,10,18,18,-0.02071194560327663,discount_zscore
2021-07,2021-08,1,18,18,0.044129919476074746,discount_zscore
2021-07,2021-08,2,17,17,0.026605770202926773,discount_zscore
2021-07,2021-08,3,17,17,0.03504873207509223,discount_zscore
2021-07,2021-08,4,17,17,0.03038096873561277,discount_zscore
2021-07,2021-08,5,17,17,0.018195010520208527,discount_zscore
2021-07,2021-08,6,17,17,0.03304286318410897,discount_zscore
2021-07,2021-08,7,17,17,0.024186939792139654,discount_zscore
2021-07,2021-08,8,17,17,0.03450184169913763,discount_zscore
2021-07,2021-08,9,17,17,0.011976694431921312,discount_zscore
2021-07,2021-08,10,18,18,0.022148662943646605,discount_zscore
2021-08,2021-09,1,18,18,-0.006701680096481939,discount_zscore
2021-08,2021-09,2,17,17,-0.0013486825194349392,discount_zscore
2021-08,2021-09,3,17,17,-0.0007340416128101187,discount_zscore
2021-08,2021-09,4,18,18,-0.014244382714917717,discount_zscore
2021-08,2021-09,5,17,17,-0.01992464705869125,discount_zscore
2021-08,2021-09,6,17,17,-0.005173303225020827,discount_zscore
2021-08,2021-09,7,18,17,-0.002776316826471,discount_zscore
2021-08,2021-09,8,17,17,-0.028594674131081882,discount_zscore
2021-08,2021-09,9,17,17,-0.03664048323699199,discount_zscore
2021-08,2021-09,10,18,18,-0.03896225486683273,discount_zscore
2021-09,2021-10,1,18,18,0.02831034154849042,discount_zscore
2021-09,2021-10,2,17,16,0.008546325521343559,discount_zscore
2021-09,2021-10,3,17,17,0.009617801758820113,discount_zscore
2021-09,2021-10,4,17,17,0.00661459186961116,discount_zscore
2021-09,2021-10,5,18,18,0.00046035026756400627,discount_zscore
2021-09,2021-10,6,17,17,0.007174333804487196,discount_zscore
2021-09,2021-10,7,17,16,0.016691434767751485,discount_zscore
2021-09,2021-10,8,17,17,-0.014176134707189526,discount_zscore
2021-09,2021-10,9,17,17,12543.036005204267,discount_zscore
2021-09,2021-10,10,18,18,-0.012495071773354663,discount_zscore
2021-10,2021-11,1,18,18,-0.0023857416020646787,discount_zscore
2021-10,2021-11,2,17,17,-0.007871198426273995,discount_zscore
2021-10,2021-11,3,17,17,-0.006886842337689952,discount_zscore
2021-10,2021-11,4,17,16,-0.008787027416583972,discount_zscore
2021-10,2021-11,5,17,17,-0.012349811346659141,discount_zscore
2021-10,2021-11,6,17,17,-0.0033762490245847175,discount_zscore
2021-10,2021-11,7,16,16,-0.005329903278426189,discount_zscore
2021-10,2021-11,8,18,18,-0.06858929711045919,discount_zscore
2021-10,2021-11,9,17,16,-0.01950315378980036,discount_zscore
2021-10,2021-11,10,17,17,-0.026989133981488507,discount_zscore
2021-11,2021-12,1,18,18,0.03835056333873961,discount_zscore
2021-11,2021-12,2,17,17,0.028109670401957155,discount_zscore
2021-11,2021-12,3,17,17,0.025208107174833114,discount_zscore
2021-11,2021-12,4,17,17,0.012008112748958796,discount_zscore
2021-11,2021-12,5,17,17,0.021365127883636943,discount_zscore
2021-11,2021-12,6,17,17,0.021010683561672364,discount_zscore
2021-11,2021-12,7,17,17,0.0277340706416508,discount_zscore
2021-11,2021-12,8,17,17,0.028192894633480337,discount_zscore
2021-11,2021-12,9,17,17,0.0042298507318134,discount_zscore
2021-11,2021-12,10,18,18,0.003324181306400208,discount_zscore
2021-12,2022-01,1,18,18,-0.02257158782630092,discount_zscore
2021-12,2022-01,2,17,17,-0.026523590401210217,discount_zscore
2021-12,2022-01,3,17,17,-0.05125104092168589,discount_zscore
2021-12,2022-01,4,17,17,-0.06193752630611234,discount_zscore
2021-12,2022-01,5,18,18,-0.06355092098073865,discount_zscore
2021-12,2022-01,6,17,17,-0.06066811281159371,discount_zscore
2021-12,2022-01,7,17,17,-0.08401826421365569,discount_zscore
2021-12,2022-01,8,17,17,-0.05181886579127642,discount_zscore
2021-12,2022-01,9,17,17,-0.06478698103366037,discount_zscore
2021-12,2022-01,10,18,18,-0.1313119877023382,discount_zscore
2022-01,2022-02,1,18,18,-0.03731927498440114,discount_zscore
2022-01,2022-02,2,17,17,-0.05260564032044123,discount_zscore
2022-01,2022-02,3,17,17,-0.04200700706278,discount_zscore
2022-01,2022-02,4,18,18,20.86899168535315,discount_zscore
2022-01,2022-02,5,17,15,-0.025118793069293217,discount_zscore
2022-01,2022-02,6,17,17,-0.03950934871064389,discount_zscore
2022-01,2022-02,7,18,17,-0.08875309535328009,discount_zscore
2022-01,2022-02,8,17,17,-0.03355798447889941,discount_zscore
2022-01,2022-02,9,17,17,-0.03914970072325214,discount_zscore
2022-01,2022-02,10,18,18,-0.04003402801586143,discount_zscore
2022-02,2022-03,1,18,18,0.04466412147636812,discount_zscore
2022-02,2022-03,2,17,17,0.02222516549487142,discount_zscore
2022-02,2022-03,3,17,17,0.024294930780871898,discount_zscore
2022-02,2022-03,4,17,17,0.01830943572236159,discount_zscore
2022-02,2022-03,5,17,17,0.015087989275431247,discount_zscore
2022-02,2022-03,6,17,17,0.016763508979822914,discount_zscore
2022-02,2022-03,7,16,16,0.021766369687887116,discount_zscore
2022-02,2022-03,8,18,18,0.02047087730761103,discount_zscore
2022-02,2022-03,9,17,16,0.001019885988037067,discount_zscore
2022-02,2022-03,10,17,17,-0.10062782130629075,discount_zscore
2022-03,2022-04,1,18,18,-0.009935058463832882,discount_zscore
2022-03,2022-04,2,17,16,-0.003047021809151333,discount_zscore
2022-03,2022-04,3,17,17,-0.021322006438535997,discount_zscore
2022-03,2022-04,4,17,17,-0.04826689293035804,discount_zscore
2022-03,2022-04,5,17,17,-0.028999316300768612,discount_zscore
2022-03,2022-04,6,17,17,-0.03351458029112275,discount_zscore
2022-03,2022-04,7,17,17,-0.025602779013991692,discount_zscore
2022-03,2022-04,8,17,17,-0.016472976887073467,discount_zscore
2022-03,2022-04,9,17,17,-0.022975207057251562,discount_zscore
2022-03,2022-04,10,18,18,-0.04348426460467298,discount_zscore
2022-04,2022-05,1,18,18,-0.030149589547832128,discount_zscore
2022-04,2022-05,2,17,17,-0.027832846495197558,discount_zscore
2022-04,2022-05,3,17,17,-0.022562104919669184,discount_zscore
2022-04,2022-05,4,17,17,-0.020880884086866495,discount_zscore
2022-04,2022-05,5,17,17,-0.023920267162942238,discount_zscore
2022-04,2022-05,6,17,17,-0.017840608225090298,discount_zscore
2022-04,2022-05,7,16,16,-0.024926052974684094,discount_zscore
2022-04,2022-05,8,18,18,-0.0352042077608171,discount_zscore
2022-04,2022-05,9,17,17,-0.030691957764023538,discount_zscore
2022-04,2022-05,10,17,16,-0.05574937261958267,discount_zscore
2022-05,2022-06,1,18,18,-0.06386533029561978,discount_zscore
2022-05,2022-06,2,17,17,-0.034905358531127195,discount_zscore
2022-05,2022-06,3,17,17,-0.07280105930094033,discount_zscore
2022-05,2022-06,4,17,16,-0.057725000894912594,discount_zscore
2022-05,2022-06,5,17,17,-0.06789531378853092,discount_zscore
2022-05,2022-06,6,17,17,-0.046290619951172285,discount_zscore
2022-05,2022-06,7,17,17,-0.07768974307008832,discount_zscore
2022-05,2022-06,8,17,17,-0.04818660051027784,discount_zscore
2022-05,2022-06,9,17,17,-0.03994923159821647,discount_zscore
2022-05,2022-06,10,18,18,-0.09997120049072501,discount_zscore
2022-06,2022-07,1,18,18,0.10625812072623331,discount_zscore
2022-06,2022-07,2,17,17,0.07840382820797073,discount_zscore
2022-06,2022-07,3,17,17,0.07741886276925786,discount_zscore
2022-06,2022-07,4,17,17,0.07816962998628364,discount_zscore
2022-06,2022-07,5,17,17,0.0384638800492049,discount_zscore
2022-06,2022-07,6,17,17,0.04699291448840476,discount_zscore
2022-06,2022-07,7,17,17,0.0404143652624959,discount_zscore
2022-06,2022-07,8,17,17,0.042350487935247864,discount_zscore
2022-06,2022-07,9,17,17,0.03064014586664074,discount_zscore
2022-06,2022-07,10,18,17,0.004430179938161325,discount_zscore
2022-07,2022-08,1,18,18,0.03280125922972954,discount_zscore
2022-07,2022-08,2,17,17,0.00286895419342598,discount_zscore
2022-07,2022-08,3,17,17,-0.005818875618971823,discount_zscore
2022-07,2022-08,4,17,17,-0.00999971904558011,discount_zscore
2022-07,2022-08,5,17,17,-0.013803841962431713,discount_zscore
2022-07,2022-08,6,17,17,-0.016479052595986667,discount_zscore
2022-07,2022-08,7,16,16,-0.0012689267079282751,discount_zscore
2022-07,2022-08,8,18,18,-0.008380344664378203,discount_zscore
2022-07,2022-08,9,17,17,-0.01365999459009281,discount_zscore
2022-07,2022-08,10,17,16,-0.010303573122101235,discount_zscore
2022-08,2022-09,1,18,18,-0.04767913815546306,discount_zscore
2022-08,2022-09,2,17,17,-0.060287992303859415,discount_zscore
2022-08,2022-09,3,17,17,-0.0689921940300257,discount_zscore
2022-08,2022-09,4,17,17,-0.044623172892840804,discount_zscore
2022-08,2022-09,5,17,17,-0.08195064375890597,discount_zscore
2022-08,2022-09,6,17,17,-0.04198731035757055,discount_zscore
2022-08,2022-09,7,17,17,-0.08049516372426496,discount_zscore
2022-08,2022-09,8,17,17,-0.07512981249582244,discount_zscore
2022-08,2022-09,9,17,17,-0.09040259631612398,discount_zscore
2022-08,2022-09,10,18,17,-0.07477192312336635,discount_zscore
2022-09,2022-10,1,18,18,0.04034507893453691,discount_zscore
2022-09,2022-10,2,17,17,0.009464444915401223,discount_zscore
2022-09,2022-10,3,17,16,-0.008197600296098638,discount_zscore
2022-09,2022-10,4,17,15,0.0020292195751134166,discount_zscore
2022-09,2022-10,5,17,17,-0.0054205535298508896,discount_zscore
2022-09,2022-10,6,17,17,0.02286964264560869,discount_zscore
2022-09,2022-10,7,16,15,0.022355211069109877,discount_zscore
2022-09,2022-10,8,18,18,-0.017099757749759345,discount_zscore
2022-09,2022-10,9,17,17,0.0017731027340937534,discount_zscore
2022-09,2022-10,10,17,15,-0.03296352831520432,discount_zscore
2022-10,2022-11,1,17,17,0.0773171569812766,discount_zscore
2022-10,2022-11,2,17,17,0.06684648617973615,discount_zscore
2022-10,2022-11,3,16,16,0.09823597651079362,discount_zscore
2022-10,2022-11,4,17,17,0.08735048819860369,discount_zscore
2022-10,2022-11,5,16,15,0.07143796591812573,discount_zscore
2022-10,2022-11,6,17,17,0.050268307927294205,discount_zscore
2022-10,2022-11,7,16,16,0.0581125654939345,discount_zscore
2022-10,2022-11,8,17,17,0.07835850994219877,discount_zscore
2022-10,2022-11,9,16,15,0.05866626677394913,discount_zscore
2022-10,2022-11,10,17,16,0.0346991215295998,discount_zscore
2022-11,2022-12,1,17,16,0.0013854917568931202,discount_zscore
2022-11,2022-12,2,17,17,-0.016312307394754984,discount_zscore
2022-11,2022-12,3,17,16,-0.010466210413034444,discount_zscore
2022-11,2022-12,4,16,16,-0.005143338988459242,discount_zscore
2022-11,2022-12,5,17,17,-0.005624455224135964,discount_zscore
2022-11,2022-12,6,17,16,-0.007816079148885664,discount_zscore
2022-11,2022-12,7,16,13,0.001021521349509989,discount_zscore
2022-11,2022-12,8,17,16,-0.017248821457078713,discount_zscore
2022-11,2022-12,9,17,16,-0.010381549316076953,discount_zscore
2022-11,2022-12,10,17,16,-0.0031572853400876344,discount_zscore
2022-12,2023-01,1,17,17,0.041088577553877306,discount_zscore
2022-12,2023-01,2,16,16,0.06787132348229646,discount_zscore
2022-12,2023-01,3,16,16,0.03976719417388935,discount_zscore
2022-12,2023-01,4,16,16,0.039261062050642594,discount_zscore
2022-12,2023-01,5,16,15,0.05323199752584998,discount_zscore
2022-12,2023-01,6,16,16,0.03941165902845027,discount_zscore
2022-12,2023-01,7,16,16,0.031110863251751407,discount_zscore
2022-12,2023-01,8,16,16,0.028524102328870884,discount_zscore
2022-12,2023-01,9,16,15,0.037126188127548296,discount_zscore
2022-12,2023-01,10,17,17,0.023815992501035107,discount_zscore
2023-01,2023-02,1,17,17,0.01424680940511266,discount_zscore
2023-01,2023-02,2,16,16,-0.003743593486707629,discount_zscore
2023-01,2023-02,3,16,16,0.014490854147852623,discount_zscore
2023-01,2023-02,4,16,16,0.008232361261627838,discount_zscore
2023-01,2023-02,5,16,16,-0.020413352199947186,discount_zscore
2023-01,2023-02,6,16,16,0.0064586105695057724,discount_zscore
2023-01,2023-02,7,16,16,-0.014080213801572254,discount_zscore
2023-01,2023-02,8,16,16,-0.013851381835712662,discount_zscore
2023-01,2023-02,9,16,16,-0.02798188272891209,discount_zscore
2023-01,2023-02,10,16,16,-0.013063999334180218,discount_zscore
2023-02,2023-03,1,17,17,-0.04055398014801475,discount_zscore
2023-02,2023-03,2,16,16,-0.022195037431449058,discount_zscore
2023-02,2023-03,3,16,16,-0.0137014538035925,discount_zscore
2023-02,2023-03,4,17,17,-0.04089615794278029,discount_zscore
2023-02,2023-03,5,16,16,-0.02989622879569479,discount_zscore
2023-02,2023-03,6,16,15,-0.05743798657549594,discount_zscore
2023-02,2023-03,7,17,17,-0.024692864820221712,discount_zscore
2023-02,2023-03,8,16,16,-0.03246486418267734,discount_zscore
2023-02,2023-03,9,16,16,-0.029575361077622896,discount_zscore
2023-02,2023-03,10,17,17,-0.03816006163091141,discount_zscore
2023-03,2023-04,1,17,17,0.004470242873060454,discount_zscore
2023-03,2023-04,2,16,16,0.0058895909880073705,discount_zscore
2023-03,2023-04,3,16,16,-0.007133067121263548,discount_zscore
2023-03,2023-04,4,17,17,0.008733211642860875,discount_zscore
2023-03,2023-04,5,16,16,0.011920926329788972,discount_zscore
2023-03,2023-04,6,16,16,-0.008509861174630026,discount_zscore
2023-03,2023-04,7,17,17,0.009164437499963514,discount_zscore
2023-03,2023-04,8,16,16,0.00486502378157392,discount_zscore
2023-03,2023-04,9,16,16,0.009808707389450631,discount_zscore
2023-03,2023-04,10,17,17,0.007490627743252272,discount_zscore
2023-04,2023-05,1,17,17,0.002892186959255011,discount_zscore
2023-04,2023-05,2,16,16,-0.017729584789570242,discount_zscore
2023-04,2023-05,3,17,17,-0.012727064541847544,discount_zscore
2023-04,2023-05,4,16,16,-0.009337185281546909,discount_zscore
2023-04,2023-05,5,17,17,-0.026709120833228104,discount_zscore
2023-04,2023-05,6,16,16,-0.027368636222782378,discount_zscore
2023-04,2023-05,7,16,16,-0.014162915414015521,discount_zscore
2023-04,2023-05,8,17,17,-0.015643171755093697,discount_zscore
2023-04,2023-05,9,16,16,-0.018683226612374565,discount_zscore
2023-04,2023-05,10,17,17,-0.024392095851851935,discount_zscore
2023-05,2023-06,1,17,17,0.005124134514557451,discount_zscore
2023-05,2023-06,2,16,16,0.019839558972542616,discount_zscore
2023-05,2023-06,3,17,17,-0.002100045085532488,discount_zscore
2023-05,2023-06,4,16,16,0.0019122508438574812,discount_zscore
2023-05,2023-06,5,17,17,-0.0017324444493801766,discount_zscore
2023-05,2023-06,6,16,16,-0.010090851653765116,discount_zscore
2023-05,2023-06,7,16,16,-0.0045821554667001205,discount_zscore
2023-05,2023-06,8,17,17,-0.012733088718869807,discount_zscore
2023-05,2023-06,9,16,16,-0.019206023842016563,discount_zscore
2023-05,2023-06,10,17,16,-0.016434115929020256,discount_zscore
2023-06,2023-07,1,17,17,0.02954833588491213,discount_zscore
2023-06,2023-07,2,16,16,0.03434197683535639,discount_zscore
2023-06,2023-07,3,16,16,0.03486568603473714,discount_zscore
2023-06,2023-07,4,17,17,0.0435584434661923,discount_zscore
2023-06,2023-07,5,16,16,0.027209748652936308,discount_zscore
2023-06,2023-07,6,16,16,0.0271764885121467,discount_zscore
2023-06,2023-07,7,17,17,0.02437027179914403,discount_zscore
2023-06,2023-07,8,16,16,0.019827558277079868,discount_zscore
2023-06,2023-07,9,16,16,0.010669875195184371,discount_zscore
2023-06,2023-07,10,17,17,0.011770997304646709,discount_zscore
2023-07,2023-08,1,17,15,-0.011573755328439302,discount_zscore
2023-07,2023-08,2,16,16,-0.01713561683587978,discount_zscore
2023-07,2023-08,3,16,16,-0.017708545186081198,discount_zscore
2023-07,2023-08,4,17,17,-0.04224392933573685,discount_zscore
2023-07,2023-08,5,16,16,-0.04076225567102829,discount_zscore
2023-07,2023-08,6,16,16,-0.040931866028666594,discount_zscore
2023-07,2023-08,7,17,16,-0.02982976131524756,discount_zscore
2023-07,2023-08,8,16,16,-0.033282237759762925,discount_zscore
2023-07,2023-08,9,16,16,-0.021755602371217236,discount_zscore
2023-07,2023-08,10,17,17,-0.022351313638997814,discount_zscore
2023-08,2023-09,1,17,17,0.007287823179856793,discount_zscore
2023-08,2023-09,2,16,16,0.012950986078726877,discount_zscore
2023-08,2023-09,3,16,16,-0.00856170752622503,discount_zscore
2023-08,2023-09,4,16,15,-0.011547392297456072,discount_zscore
2023-08,2023-09,5,16,15,-0.0015015152985511445,discount_zscore
2023-08,2023-09,6,16,15,-0.0022136836880031724,discount_zscore
2023-08,2023-09,7,16,16,-0.008083587234011536,discount_zscore
2023-08,2023-09,8,16,16,-0.006126081794823275,discount_zscore
2023-08,2023-09,9,16,16,-0.011306311256790567,discount_zscore
2023-08,2023-09,10,16,16,-0.001083801668344618,discount_zscore
2023-09,2023-10,1,16,16,-0.05479209187550523,discount_zscore
2023-09,2023-10,2,16,16,-0.051645959367794966,discount_zscore
2023-09,2023-10,3,16,16,-0.06645310786110499,discount_zscore
2023-09,2023-10,4,16,16,-0.06351266755598887,discount_zscore
2023-09,2023-10,5,16,16,-0.061024546260004565,discount_zscore
2023-09,2023-10,6,16,16,-0.058082495840583434,discount_zscore
2023-09,2023-10,7,16,15,-0.06400580776899119,discount_zscore
2023-09,2023-10,8,16,15,-0.07045636243943786,discount_zscore
2023-09,2023-10,9,16,16,-0.05439406198836312,discount_zscore
2023-09,2023-10,10,16,15,-0.06997392438438696,discount_zscore
2023-10,2023-11,1,16,16,0.07614702530381351,discount_zscore
2023-10,2023-11,2,16,15,0.052074156806668784,discount_zscore
2023-10,2023-11,3,16,16,0.0651103379189373,discount_zscore
2023-10,2023-11,4,16,16,0.06005232193695888,discount_zscore
2023-10,2023-11,5,16,15,0.09193311622551639,discount_zscore
2023-10,2023-11,6,16,16,0.05766749719100611,discount_zscore
2023-10,2023-11,7,16,16,0.05601143747855037,discount_zscore
2023-10,2023-11,8,16,15,0.0701061548674009,discount_zscore
2023-10,2023-11,9,16,16,0.06074301215237134,discount_zscore
2023-10,2023-11,10,16,15,0.034384759489746404,discount_zscore
2023-11,2023-12,1,16,1,0.22015503875969,discount_zscore
2023-11,2023-12,2,16,1,0.009345794392523255,discount_zscore
2023-11,2023-12,3,15,1,0.03364485981308407,discount_zscore
2023-11,2023-12,4,16,0,,discount_zscore
2023-11,2023-12,5,15,2,0.04602206736353076,discount_zscore
2023-11,2023-12,6,16,1,0.050051072522982576,discount_zscore
2023-11,2023-12,7,15,1,-0.07112970711297073,discount_zscore
2023-11,2023-12,8,16,2,0.0600470430107527,discount_zscore
2023-11,2023-12,9,15,0,,discount_zscore
2023-11,2023-12,10,16,4,0.044593499088249,discount_zscore
2024-01,2024-02,1,16,16,-0.008579386039010692,discount_zscore
2024-01,2024-02,2,16,16,0.0025882428776870872,discount_zscore
2024-01,2024-02,3,16,16,0.0035295704102838374,discount_zscore
2024-01,2024-02,4,16,16,0.004359048611963567,discount_zscore
2024-01,2024-02,5,16,16,0.0073314026914158,discount_zscore
2024-01,2024-02,6,15,13,-0.0018098177846967733,discount_zscore
2024-01,2024-02,7,16,16,0.012942252830499504,discount_zscore
2024-01,2024-02,8,16,16,0.007511146483030071,discount_zscore
2024-01,2024-02,9,16,16,0.009335916900933681,discount_zscore
2024-01,2024-02,10,16,16,0.009759129387778322,discount_zscore
2024-02,2024-03,1,16,15,0.030243939033811774,discount_zscore
2024-02,2024-03,2,16,16,0.013324655173366791,discount_zscore
2024-02,2024-03,3,15,15,0.016598149817274307,discount_zscore
2024-02,2024-03,4,16,16,0.01076451059909729,discount_zscore
2024-02,2024-03,5,16,16,0.012276478370215317,discount_zscore
2024-02,2024-03,6,15,15,0.035083851857572304,discount_zscore
2024-02,2024-03,7,16,15,0.031747354107359606,discount_zscore
2024-02,2024-03,8,15,15,0.020289958986684318,discount_zscore
2024-02,2024-03,9,16,16,0.016771858146932564,discount_zscore
2024-02,2024-03,10,16,15,0.0212927399945163,discount_zscore
2024-03,2024-04,1,16,15,0.038557529159122216,discount_zscore
2024-03,2024-04,2,15,15,0.013477574732985113,discount_zscore
2024-03,2024-04,3,16,16,0.0075385902302706614,discount_zscore
2024-03,2024-04,4,15,15,0.01742462407637663,discount_zscore
2024-03,2024-04,5,16,16,0.0021096718086179994,discount_zscore
2024-03,2024-04,6,15,15,0.021972581000319773,discount_zscore
2024-03,2024-04,7,15,15,0.0006746887994069454,discount_zscore
2024-03,2024-04,8,16,15,0.006294773651026968,discount_zscore
2024-03,2024-04,9,15,14,-0.012067040169766095,discount_zscore
2024-03,2024-04,10,16,16,-0.043132100994912555,discount_zscore
2024-04,2024-05,1,16,16,0.03160884764438354,discount_zscore
2024-04,2024-05,2,15,15,0.02522462977420219,discount_zscore
2024-04,2024-05,3,15,15,0.02238853532638201,discount_zscore
2024-04,2024-05,4,15,15,0.0338578782208553,discount_zscore
2024-04,2024-05,5,16,15,0.02635581039034786,discount_zscore
2024-04,2024-05,6,15,14,0.017262007518256326,discount_zscore
2024-04,2024-05,7,15,14,0.025105194684595006,discount_zscore
2024-04,2024-05,8,15,15,0.031490293337155445,discount_zscore
2024-04,2024-05,9,15,15,0.020696987336052703,discount_zscore
2024-04,2024-05,10,16,16,0.03480488553200103,discount_zscore
2024-05,2024-06,1,15,15,0.006798362749957502,discount_zscore
2024-05,2024-06,2,15,15,-0.01684155204964505,discount_zscore
2024-05,2024-06,3,15,15,0.012254603465121906,discount_zscore
2024-05,2024-06,4,15,15,0.004053841562378032,discount_zscore
2024-05,2024-06,5,15,15,-0.0029075167322704766,discount_zscore
2024-05,2024-06,6,15,14,0.005867939871137183,discount_zscore
2024-05,2024-06,7,15,15,0.003671080214045186,discount_zscore
2024-05,2024-06,8,15,15,-0.04143794824240874,discount_zscore
2024-05,2024-06,9,15,15,0.009300285615066779,discount_zscore
2024-05,2024-06,10,15,13,-0.030457626282073595,discount_zscore
2024-06,2024-07,1,15,15,0.08077989594226269,discount_zscore
2024-06,2024-07,2,15,15,0.034119958193440034,discount_zscore
2024-06,2024-07,3,15,15,0.025758814458841397,discount_zscore
2024-06,2024-07,4,14,14,0.04806820460225874,discount_zscore
2024-06,2024-07,5,15,15,-0.02530453846328027,discount_zscore
2024-06,2024-07,6,15,15,0.020411377414243332,discount_zscore
2024-06,2024-07,7,14,14,0.042089009781274056,discount_zscore
2024-06,2024-07,8,15,15,0.057363583645443875,discount_zscore
2024-06,2024-07,9,15,15,0.008952177812909327,discount_zscore
2024-06,2024-07,10,15,15,0.03389946884749818,discount_zscore
2024-07,2024-08,1,15,15,-0.006605390692061142,discount_zscore
2024-07,2024-08,2,15,15,-0.013111169968345071,discount_zscore
2024-07,2024-08,3,15,15,0.0016571555317909104,discount_zscore
2024-07,2024-08,4,15,15,-0.015018774388191007,discount_zscore
2024-07,2024-08,5,15,14,-0.016440222666953632,discount_zscore
2024-07,2024-08,6,15,15,-0.017334026185809724,discount_zscore
2024-07,2024-08,7,15,15,-0.019847897975612084,discount_zscore
2024-07,2024-08,8,15,15,-0.02081149806550909,discount_zscore
2024-07,2024-08,9,15,15,-0.046967442441800275,discount_zscore
2024-07,2024-08,10,15,15,-0.06549475880244449,discount_zscore
2024-08,2024-09,1,15,15,0.004482933017123051,discount_zscore
2024-08,2024-09,2,15,15,0.0189486562168493,discount_zscore
2024-08,2024-09,3,15,15,0.008497017665368915,discount_zscore
2024-08,2024-09,4,15,15,0.01845783988670707,discount_zscore
2024-08,2024-09,5,15,15,0.012010743642631971,discount_zscore
2024-08,2024-09,6,14,14,0.0008508736596692855,discount_zscore
2024-08,2024-09,7,15,15,-0.01749492729221138,discount_zscore
2024-08,2024-09,8,15,15,0.007788987723586294,discount_zscore
2024-08,2024-09,9,15,15,-0.014671341612005999,discount_zscore
2024-08,2024-09,10,15,15,-0.02261796856115981,discount_zscore
2024-09,2024-10,1,15,15,-0.028486437342027715,discount_zscore
2024-09,2024-10,2,15,15,-0.03494721270664431,discount_zscore
2024-09,2024-10,3,15,15,-0.019351381955480695,discount_zscore
2024-09,2024-10,4,15,15,-0.0014308099102744295,discount_zscore
2024-09,2024-10,5,15,14,0.008493700636574794,discount_zscore
2024-09,2024-10,6,14,14,-0.005599431474472275,discount_zscore
2024-09,2024-10,7,15,15,-0.008130849874432747,discount_zscore
2024-09,2024-10,8,15,15,-0.04059296520947744,discount_zscore
2024-09,2024-10,9,15,15,-0.02397485793522598,discount_zscore
2024-09,2024-10,10,15,14,-0.015658354663634227,discount_zscore
2024-10,2024-11,1,15,15,0.024662555708516765,discount_zscore
2024-10,2024-11,2,15,15,0.014721816498278388,discount_zscore
2024-10,2024-11,3,14,14,0.003042982662229378,discount_zscore
2024-10,2024-11,4,15,15,0.02356504839081506,discount_zscore
2024-10,2024-11,5,15,15,0.01798708842956085,discount_zscore
2024-10,2024-11,6,14,14,0.03964919462578514,discount_zscore
2024-10,2024-11,7,15,15,0.02441013552249883,discount_zscore
2024-10,2024-11,8,14,14,0.025975906459033336,discount_zscore
2024-10,2024-11,9,15,14,0.024035662552769368,discount_zscore
2024-10,2024-11,10,15,15,0.011421547269388916,discount_zscore
2024-11,2024-12,1,15,15,0.009603092770873308,discount_zscore
2024-11,2024-12,2,15,15,0.015313090220518485,discount_zscore
2024-11,2024-12,3,14,14,0.011010605334133854,discount_zscore
2024-11,2024-12,4,15,15,-0.0023868524351284095,discount_zscore
2024-11,2024-12,5,15,15,0.0036253962459259713,discount_zscore
2024-11,2024-12,6,14,14,-0.02193130837311111,discount_zscore
2024-11,2024-12,7,15,14,0.002846264409907286,discount_zscore
2024-11,2024-12,8,14,14,0.01061174552179601,discount_zscore
2024-11,2024-12,9,15,15,0.02086048313763408,discount_zscore
2024-11,2024-12,10,15,15,0.0011289767355688208,discount_zscore
2024-12,2025-01,1,15,15,0.04484546718453123,discount_zscore
2024-12,2025-01,2,15,15,0.02336163965832719,discount_zscore
2024-12,2025-01,3,14,14,0.04685219656913687,discount_zscore
2024-12,2025-01,4,15,15,0.042819511982838954,discount_zscore
2024-12,2025-01,5,14,14,0.03510651326956647,discount_zscore
2024-12,2025-01,6,15,15,0.05293721459744187,discount_zscore
2024-12,2025-01,7,14,14,0.011377663216966174,discount_zscore
2024-12,2025-01,8,15,14,0.01702829931037092,discount_zscore
2024-12,2025-01,9,14,14,0.01553789805767827,discount_zscore
2024-12,2025-01,10,15,15,0.008170219632170742,discount_zscore
2025-01,2025-02,1,15,15,0.003092080603066686,discount_zscore
2025-01,2025-02,2,15,15,-0.011716378246973469,discount_zscore
2025-01,2025-02,3,14,13,-0.010952330313052273,discount_zscore
2025-01,2025-02,4,15,15,-0.01000631768187857,discount_zscore
2025-01,2025-02,5,14,14,0.009085999051874072,discount_zscore
2025-01,2025-02,6,15,15,-0.019280634483301966,discount_zscore
2025-01,2025-02,7,14,14,-0.04544698033432241,discount_zscore
2025-01,2025-02,8,15,13,-0.020132942127909247,discount_zscore
2025-01,2025-02,9,14,14,-0.01618369144200658,discount_zscore
2025-01,2025-02,10,15,14,-0.03681187652618174,discount_zscore
2025-02,2025-03,1,15,15,-0.035400498456388624,discount_zscore
2025-02,2025-03,2,14,14,-0.03697567018992592,discount_zscore
2025-02,2025-03,3,14,14,-0.026167704996052515,discount_zscore
2025-02,2025-03,4,14,14,-0.030974347674904274,discount_zscore
2025-02,2025-03,5,15,15,-0.03877032145593802,discount_zscore
2025-02,2025-03,6,14,14,-0.04160327089024225,discount_zscore
2025-02,2025-03,7,14,14,-0.03734253329724704,discount_zscore
2025-02,2025-03,8,14,14,-0.05591371165226821,discount_zscore
2025-02,2025-03,9,14,14,-0.027805793256648153,discount_zscore
2025-02,2025-03,10,15,11,-0.04697647768819178,discount_zscore
2025-03,2025-04,1,14,14,-0.0009638154834812499,discount_zscore
2025-03,2025-04,2,14,14,0.012649987509290703,discount_zscore
2025-03,2025-04,3,14,14,0.022578174120604127,discount_zscore
2025-03,2025-04,4,14,14,-0.009407149290274712,discount_zscore
2025-03,2025-04,5,14,14,-0.0071488751746473355,discount_zscore
2025-03,2025-04,6,13,13,-0.016141847420296118,discount_zscore
2025-03,2025-04,7,14,14,-0.012878534376570145,discount_zscore
2025-03,2025-04,8,14,14,-0.02296184569357947,discount_zscore
2025-03,2025-04,9,14,14,-0.0022853842197812263,discount_zscore
2025-03,2025-04,10,14,14,0.024254283508014247,discount_zscore
2025-04,2025-05,1,14,14,0.048819801698849585,discount_zscore
2025-04,2025-05,2,14,14,0.04694962712876759,discount_zscore
2025-04,2025-05,3,14,14,0.038959221623690844,discount_zscore
2025-04,2025-05,4,14,13,0.05356248859172823,discount_zscore
2025-04,2025-05,5,14,14,0.053599761455592865,discount_zscore
2025-04,2025-05,6,13,13,0.045362880175130044,discount_zscore
2025-04,2025-05,7,14,14,0.05392316737932102,discount_zscore
2025-04,2025-05,8,14,14,0.06649224193554963,discount_zscore
2025-04,2025-05,9,14,13,0.04601973917760557,discount_zscore
2025-04,2025-05,10,14,14,0.02934914503864752,discount_zscore
2025-05,2025-06,1,14,14,0.035074527553580884,discount_zscore
2025-05,2025-06,2,14,14,0.028020499743616773,discount_zscore
2025-05,2025-06,3,13,13,0.012016679540950852,discount_zscore
2025-05,2025-06,4,14,14,0.03135286830525651,discount_zscore
2025-05,2025-06,5,14,14,0.04678440116740049,discount_zscore
2025-05,2025-06,6,13,13,0.043588398715636426,discount_zscore
2025-05,2025-06,7,14,14,0.03370396779416669,discount_zscore
2025-05,2025-06,8,13,13,0.03617355043350524,discount_zscore
2025-05,2025-06,9,14,14,0.01599436691696942,discount_zscore
2025-05,2025-06,10,14,14,0.012334378293108341,discount_zscore
2025-06,2025-07,1,14,14,0.034234816102059466,discount_zscore
2025-06,2025-07,2,14,14,0.043044273265864574,discount_zscore
2025-06,2025-07,3,13,13,0.041246665356665733,discount_zscore
2025-06,2025-07,4,14,14,0.051374753807992425,discount_zscore
2025-06,2025-07,5,14,14,0.02799126481543745,discount_zscore
2025-06,2025-07,6,13,13,0.049171590161484174,discount_zscore
2025-06,2025-07,7,14,13,0.027022814613987086,discount_zscore
2025-06,2025-07,8,13,13,0.023046084065078857,discount_zscore
2025-06,2025-07,9,14,14,0.020351752766129844,discount_zscore
2025-06,2025-07,10,14,14,0.01730589985789568,discount_zscore
2025-07,2025-08,1,14,14,0.008161583784402167,discount_zscore
2025-07,2025-08,2,14,14,-0.0014510334641246261,discount_zscore
2025-07,2025-08,3,13,13,0.005401692968683587,discount_zscore
2025-07,2025-08,4,14,14,0.004364735072531918,discount_zscore
2025-07,2025-08,5,13,13,0.0005269393172299472,discount_zscore
2025-07,2025-08,6,14,14,0.013060647438329718,discount_zscore
2025-07,2025-08,7,13,13,0.0032025318918161593,discount_zscore
2025-07,2025-08,8,14,14,-0.00815854479360376,discount_zscore
2025-07,2025-08,9,13,13,-0.017550591818948486,discount_zscore
2025-07,2025-08,10,14,14,0.009180604348926527,discount_zscore
2025-08,2025-09,1,14,14,0.03503470484325,discount_zscore
2025-08,2025-09,2,14,14,0.031915930707388684,discount_zscore
2025-08,2025-09,3,13,13,0.025887359852346435,discount_zscore
2025-08,2025-09,4,14,14,0.033793232109243836,discount_zscore
2025-08,2025-09,5,13,13,0.02327444717155351,discount_zscore
2025-08,2025-09,6,14,14,0.02365980809257914,discount_zscore
2025-08,2025-09,7,13,13,0.013094338669223552,discount_zscore
2025-08,2025-09,8,14,14,0.05407515340244554,discount_zscore
2025-08,2025-09,9,13,13,-0.0003206984940403809,discount_zscore
2025-08,2025-09,10,14,13,0.002048352476210286,discount_zscore
2025-09,2025-10,1,14,13,0.04801115029953877,discount_zscore
2025-09,2025-10,2,14,14,0.03138630040304429,discount_zscore
2025-09,2025-10,3,13,13,0.006662662135808035,discount_zscore
2025-09,2025-10,4,14,14,0.014064006177119599,discount_zscore
2025-09,2025-10,5,13,13,0.01534079731504832,discount_zscore
2025-09,2025-10,6,14,14,0.005389032570162782,discount_zscore
2025-09,2025-10,7,13,12,0.027140371205520607,discount_zscore
2025-09,2025-10,8,14,14,0.027785176165405528,discount_zscore
2025-09,2025-10,9,13,13,0.014951223522033229,discount_zscore
2025-09,2025-10,10,14,14,0.03889081637157006,discount_zscore
2025-10,2025-11,1,14,14,0.009217357279836762,discount_zscore
2025-10,2025-11,2,13,13,0.01530223690378801,discount_zscore
2025-10,2025-11,3,13,13,0.00035130498434898794,discount_zscore
2025-10,2025-11,4,14,14,0.008970209016876904,discount_zscore
2025-10,2025-11,5,13,13,0.011505262342975716,discount_zscore
2025-10,2025-11,6,13,12,0.003628795625282131,discount_zscore
2025-10,2025-11,7,14,14,0.003868604661410075,discount_zscore
2025-10,2025-11,8,13,13,0.0075595439867423946,discount_zscore
2025-10,2025-11,9,13,13,0.004708531283588835,discount_zscore
2025-10,2025-11,10,14,12,-0.0018729544560239602,discount_zscore
2025-11,2025-12,1,14,13,0.02111911362521819,discount_zscore
2025-11,2025-12,2,13,13,0.02394855998628129,discount_zscore
2025-11,2025-12,3,13,13,0.011772939500229226,discount_zscore
2025-11,2025-12,4,13,13,0.004547693973515023,discount_zscore
2025-11,2025-12,5,13,13,0.01415595589493122,discount_zscore
2025-11,2025-12,6,13,13,0.021501631292982583,discount_zscore
2025-11,2025-12,7,13,13,0.01513625633946559,discount_zscore
2025-11,2025-12,8,13,13,-0.002576060473556561,discount_zscore
2025-11,2025-12,9,13,13,0.00867833959301767,discount_zscore
2025-11,2025-12,10,13,12,-0.0075966004988085685,discount_zscore
2025-12,2026-01,1,13,13,0.04031625955446326,discount_zscore
2025-12,2026-01,2,13,13,0.0008555140159818628,discount_zscore
2025-12,2026-01,3,13,13,0.05566079110716812,discount_zscore
2025-12,2026-01,4,13,13,0.03203343286917505,discount_zscore
2025-12,2026-01,5,13,13,0.014445493463979105,discount_zscore
2025-12,2026-01,6,13,13,0.043853476006466795,discount_zscore
2025-12,2026-01,7,13,13,0.023802017739308422,discount_zscore
2025-12,2026-01,8,13,13,0.017805622785178516,discount_zscore
2025-12,2026-01,9,13,13,0.02700080037948976,discount_zscore
2025-12,2026-01,10,13,13,0.035053954579329805,discount_zscore
2026-01,2026-02,1,14,14,0.03215768860143207,discount_zscore
2026-01,2026-02,2,13,13,0.032340245193846456,discount_zscore
2026-01,2026-02,3,13,13,0.03488625216203057,discount_zscore
2026-01,2026-02,4,13,13,0.04037981026652061,discount_zscore
2026-01,2026-02,5,13,13,0.07019397773571066,discount_zscore
2026-01,2026-02,6,13,13,0.025699291806406673,discount_zscore
2026-01,2026-02,7,13,13,0.028024229316927975,discount_zscore
2026-01,2026-02,8,13,13,0.03134387609947863,discount_zscore
2026-01,2026-02,9,13,13,0.03973751217627059,discount_zscore
2026-01,2026-02,10,13,12,0.012746525965484432,discount_zscore
2026-02,2026-03,1,13,13,-0.0705981169884124,discount_zscore
2026-02,2026-03,2,13,13,-0.06756770420524477,discount_zscore
2026-02,2026-03,3,13,13,-0.07785791715644051,discount_zscore
2026-02,2026-03,4,13,13,-0.0945365635405748,discount_zscore
2026-02,2026-03,5,13,13,-0.08594021492902505,discount_zscore
2026-02,2026-03,6,13,13,-0.09850478028032662,discount_zscore
2026-02,2026-03,7,13,13,-0.11126791405945637,discount_zscore
2026-02,2026-03,8,13,12,-0.10932594344796372,discount_zscore
2026-02,2026-03,9,13,12,-0.10626001772128028,discount_zscore
2026-02,2026-03,10,13,13,-0.11884252689644353,discount_zscore
2026-03,2026-04,1,13,12,0.06852261511006674,discount_zscore
2026-03,2026-04,2,13,13,0.0657884956098497,discount_zscore
2026-03,2026-04,3,13,13,0.05873279545502584,discount_zscore
2026-03,2026-04,4,12,12,0.042587028018901,discount_zscore
2026-03,2026-04,5,13,13,0.07576528739402404,discount_zscore
2026-03,2026-04,6,13,13,0.07372241208719674,discount_zscore
2026-03,2026-04,7,12,12,0.07843502184691425,discount_zscore
2026-03,2026-04,8,13,13,0.10501274735894671,discount_zscore
2026-03,2026-04,9,13,13,0.07460473288777972,discount_zscore
2026-03,2026-04,10,13,13,0.07654837083971092,discount_zscore
2026-04,2026-05,1,13,12,0.058386011043405996,discount_zscore
2026-04,2026-05,2,13,13,0.0445790033560108,discount_zscore
2026-04,2026-05,3,12,12,0.03371143090404579,discount_zscore
2026-04,2026-05,4,13,13,0.05629701109321447,discount_zscore
2026-04,2026-05,5,13,13,0.03185374126171728,discount_zscore
2026-04,2026-05,6,12,12,0.04945524477184814,discount_zscore
2026-04,2026-05,7,13,13,0.04155791540780321,discount_zscore
2026-04,2026-05,8,12,12,0.06467558440613208,discount_zscore
2026-04,2026-05,9,13,13,0.06708381723634466,discount_zscore
2026-04,2026-05,10,13,13,0.03715222872924683,discount_zscore
2026-05,2026-06,1,13,13,0.023774569900989244,discount_zscore
2026-05,2026-06,2,13,13,0.005027372970919981,discount_zscore
2026-05,2026-06,3,12,12,-0.00347036936267651,discount_zscore
2026-05,2026-06,4,13,13,-0.01762713105590611,discount_zscore
2026-05,2026-06,5,12,12,-0.010802983169187949,discount_zscore
2026-05,2026-06,6,13,13,0.006377719974345348,discount_zscore
2026-05,2026-06,7,12,12,0.0031458470517548485,discount_zscore
2026-05,2026-06,8,13,13,-0.012101112322278396,discount_zscore
2026-05,2026-06,9,12,12,0.021158211379328707,discount_zscore
2026-05,2026-06,10,13,12,-0.012921833340591271,discount_zscore
2026-06,2026-07,1,13,13,-0.0038674500622333584,discount_zscore
2026-06,2026-07,2,13,13,0.011517234091816734,discount_zscore
2026-06,2026-07,3,13,13,0.009291826149389793,discount_zscore
2026-06,2026-07,4,12,12,-0.02996691222791122,discount_zscore
2026-06,2026-07,5,13,13,0.011798256314455576,discount_zscore
2026-06,2026-07,6,13,13,0.002970227747113453,discount_zscore
2026-06,2026-07,7,12,12,0.014326762144471983,discount_zscore
2026-06,2026-07,8,13,13,-0.004005256096451859,discount_zscore
2026-06,2026-07,9,13,13,-0.024186551780658563,discount_zscore
2026-06,2026-07,10,13,13,-0.02671282811330405,discount_zscore
2026-07,2026-08,1,13,0,,discount_zscore
2026-07,2026-08,2,13,0,,discount_zscore
2026-07,2026-08,3,13,0,,discount_zscore
2026-07,2026-08,4,12,0,,discount_zscore
2026-07,2026-08,5,13,0,,discount_zscore
2026-07,2026-08,6,13,0,,discount_zscore
2026-07,2026-08,7,12,0,,discount_zscore
2026-07,2026-08,8,13,0,,discount_zscore
2026-07,2026-08,9,13,0,,discount_zscore
2026-07,2026-08,10,13,0,,discount_zscore
