signal_month,holding_month,bucket,n_members,n_with_return,fwd_return,signal
2008-12,2009-01,1,16,16,0.021999042877743465,overshoot
2008-12,2009-01,2,16,16,-0.013397788501619642,overshoot
2008-12,2009-01,3,15,15,0.013091126025603961,overshoot
2008-12,2009-01,4,16,15,-0.04328113947946202,overshoot
2008-12,2009-01,5,16,16,-0.03102869809255694,overshoot
2008-12,2009-01,6,15,15,-0.03474060223595011,overshoot
2008-12,2009-01,7,16,16,-0.03800465595177732,overshoot
2008-12,2009-01,8,15,15,-0.05732574003749125,overshoot
2008-12,2009-01,9,16,16,-0.06473506348801505,overshoot
2008-12,2009-01,10,16,16,-0.05358230456268209,overshoot
2009-01,2009-02,1,17,17,-0.06227041343405794,overshoot
2009-01,2009-02,2,17,17,-0.03626419416838545,overshoot
2009-01,2009-02,3,16,16,-0.057828227512267065,overshoot
2009-01,2009-02,4,17,17,-0.06097381145660106,overshoot
2009-01,2009-02,5,16,16,-0.0694401265446215,overshoot
2009-01,2009-02,6,17,17,-0.04701513135421593,overshoot
2009-01,2009-02,7,16,16,-0.074001051041716,overshoot
2009-01,2009-02,8,17,17,-0.10056845071200993,overshoot
2009-01,2009-02,9,16,16,-0.10249879802416305,overshoot
2009-01,2009-02,10,17,17,-0.09388191780520821,overshoot
2009-02,2009-03,1,18,18,0.10123501404904549,overshoot
2009-02,2009-03,2,17,17,0.06839002553224714,overshoot
2009-02,2009-03,3,17,17,0.03715893026436196,overshoot
2009-02,2009-03,4,17,17,0.05123956079515404,overshoot
2009-02,2009-03,5,17,17,0.04173777105493789,overshoot
2009-02,2009-03,6,17,17,0.04098239040156011,overshoot
2009-02,2009-03,7,16,16,0.04443032719393043,overshoot
2009-02,2009-03,8,18,18,0.028493915836497623,overshoot
2009-02,2009-03,9,17,17,0.029481207634813968,overshoot
2009-02,2009-03,10,17,17,-0.01849646893788693,overshoot
2009-03,2009-04,1,18,18,0.1916301204982077,overshoot
2009-03,2009-04,2,17,17,0.15862602123679562,overshoot
2009-03,2009-04,3,17,17,0.14323851319013492,overshoot
2009-03,2009-04,4,18,18,0.1592714273449815,overshoot
2009-03,2009-04,5,17,17,0.1464903811998355,overshoot
2009-03,2009-04,6,17,17,0.14600374802095767,overshoot
2009-03,2009-04,7,18,18,0.13650340142152972,overshoot
2009-03,2009-04,8,17,17,0.11216321341123164,overshoot
2009-03,2009-04,9,17,17,0.0890452857840991,overshoot
2009-03,2009-04,10,18,18,0.08661614612313501,overshoot
2009-04,2009-05,1,18,18,0.12071788999099661,overshoot
2009-04,2009-05,2,17,17,0.07237017055845602,overshoot
2009-04,2009-05,3,17,17,0.06592658736582001,overshoot
2009-04,2009-05,4,18,18,0.06071232840359823,overshoot
2009-04,2009-05,5,17,17,0.0705414170589579,overshoot
2009-04,2009-05,6,17,17,0.044157727602739845,overshoot
2009-04,2009-05,7,18,18,0.08042168208234482,overshoot
2009-04,2009-05,8,17,17,0.05215518392957735,overshoot
2009-04,2009-05,9,17,17,0.024448499710875697,overshoot
2009-04,2009-05,10,18,18,0.023232770311038584,overshoot
2009-05,2009-06,1,18,18,0.04511340665766786,overshoot
2009-05,2009-06,2,17,17,0.0014662072721429392,overshoot
2009-05,2009-06,3,18,18,-0.009230527145997869,overshoot
2009-05,2009-06,4,17,17,0.0010574103900792928,overshoot
2009-05,2009-06,5,18,18,-0.020876052915514684,overshoot
2009-05,2009-06,6,17,17,-0.022635531964596712,overshoot
2009-05,2009-06,7,17,17,-0.020159350577283502,overshoot
2009-05,2009-06,8,18,18,-0.03539149254231491,overshoot
2009-05,2009-06,9,17,17,-0.028613071300262746,overshoot
2009-05,2009-06,10,18,18,-0.050624579495953705,overshoot
2009-06,2009-07,1,18,18,0.051689087233759506,overshoot
2009-06,2009-07,2,18,18,0.05606430054387947,overshoot
2009-06,2009-07,3,17,17,0.03496296421471491,overshoot
2009-06,2009-07,4,18,18,0.0667953379036242,overshoot
2009-06,2009-07,5,18,18,0.06237075381578139,overshoot
2009-06,2009-07,6,17,17,0.052517779090459106,overshoot
2009-06,2009-07,7,18,18,0.04053503253366471,overshoot
2009-06,2009-07,8,17,17,0.06519176885096739,overshoot
2009-06,2009-07,9,18,18,0.06307760707261016,overshoot
2009-06,2009-07,10,18,18,0.04062288254867654,overshoot
2009-07,2009-08,1,18,18,0.11784114667932943,overshoot
2009-07,2009-08,2,18,18,0.09451084818173311,overshoot
2009-07,2009-08,3,18,18,0.07877088071314303,overshoot
2009-07,2009-08,4,17,17,0.09312522457686134,overshoot
2009-07,2009-08,5,18,18,0.06007325738899895,overshoot
2009-07,2009-08,6,18,18,0.06416284308246215,overshoot
2009-07,2009-08,7,17,16,0.05124206554092041,overshoot
2009-07,2009-08,8,18,18,0.05920825868143172,overshoot
2009-07,2009-08,9,18,18,0.05145050327073178,overshoot
2009-07,2009-08,10,18,18,0.02675035466569971,overshoot
2009-08,2009-09,1,18,17,0.11875909097993717,overshoot
2009-08,2009-09,2,18,18,0.09439969572607225,overshoot
2009-08,2009-09,3,18,18,0.07810180404728193,overshoot
2009-08,2009-09,4,17,17,0.060984604895776666,overshoot
2009-08,2009-09,5,18,18,0.054872979257769953,overshoot
2009-08,2009-09,6,18,16,0.05917696645971632,overshoot
2009-08,2009-09,7,17,17,0.033836737438945344,overshoot
2009-08,2009-09,8,18,18,0.05249977589850254,overshoot
2009-08,2009-09,9,18,18,0.05085209971399793,overshoot
2009-08,2009-09,10,18,18,0.06093414451524713,overshoot
2009-09,2009-10,1,18,18,0.013265652692656782,overshoot
2009-09,2009-10,2,18,18,-0.020233090402693513,overshoot
2009-09,2009-10,3,17,17,-0.019824668198501785,overshoot
2009-09,2009-10,4,18,18,-0.027382131839423667,overshoot
2009-09,2009-10,5,17,17,-0.023859088976895742,overshoot
2009-09,2009-10,6,18,18,-0.02586762033070542,overshoot
2009-09,2009-10,7,17,17,-0.05215442366376509,overshoot
2009-09,2009-10,8,18,18,-0.02268484203976944,overshoot
2009-09,2009-10,9,17,17,-0.014366021694176459,overshoot
2009-09,2009-10,10,18,17,-0.025588018494388128,overshoot
2009-10,2009-11,1,18,18,0.010341083047576539,overshoot
2009-10,2009-11,2,17,17,0.010418794963056689,overshoot
2009-10,2009-11,3,18,18,0.00918421315137605,overshoot
2009-10,2009-11,4,17,17,0.003467281940656656,overshoot
2009-10,2009-11,5,18,18,0.020671152564699653,overshoot
2009-10,2009-11,6,17,17,-0.00423153964864356,overshoot
2009-10,2009-11,7,17,17,0.011311276255690212,overshoot
2009-10,2009-11,8,18,18,0.016489355642160072,overshoot
2009-10,2009-11,9,17,17,0.011967681227421494,overshoot
2009-10,2009-11,10,18,18,-0.0068569882162266066,overshoot
2009-11,2009-12,1,18,18,0.059939444937605585,overshoot
2009-11,2009-12,2,17,16,0.06587548594129515,overshoot
2009-11,2009-12,3,18,18,0.04200166313908785,overshoot
2009-11,2009-12,4,17,17,0.047960527926028326,overshoot
2009-11,2009-12,5,18,18,0.030919787773203908,overshoot
2009-11,2009-12,6,17,17,0.029215682857806853,overshoot
2009-11,2009-12,7,17,17,0.032438708832360066,overshoot
2009-11,2009-12,8,18,18,0.02230568444377982,overshoot
2009-11,2009-12,9,17,17,0.02626773899988752,overshoot
2009-11,2009-12,10,18,18,0.021715153537777993,overshoot
2009-12,2010-01,1,18,18,0.023682271689405565,overshoot
2009-12,2010-01,2,17,17,-0.00601226204716266,overshoot
2009-12,2010-01,3,18,18,0.0015891650571560117,overshoot
2009-12,2010-01,4,17,17,0.002691319557580161,overshoot
2009-12,2010-01,5,18,18,-0.028043075389616614,overshoot
2009-12,2010-01,6,17,17,-0.017416397385102988,overshoot
2009-12,2010-01,7,17,17,-0.021874904744633487,overshoot
2009-12,2010-01,8,18,18,-0.030731023813886968,overshoot
2009-12,2010-01,9,17,17,-0.03780859217605855,overshoot
2009-12,2010-01,10,18,18,-0.04995698408453844,overshoot
2010-01,2010-02,1,18,18,0.023953693218330494,overshoot
2010-01,2010-02,2,17,17,0.012080044592350458,overshoot
2010-01,2010-02,3,18,18,0.023475124449245283,overshoot
2010-01,2010-02,4,17,16,0.024257477847972365,overshoot
2010-01,2010-02,5,18,18,0.025540560139298854,overshoot
2010-01,2010-02,6,17,17,0.00876989914056335,overshoot
2010-01,2010-02,7,17,17,0.021014504121193028,overshoot
2010-01,2010-02,8,18,18,0.026220118842182432,overshoot
2010-01,2010-02,9,17,17,0.02392563952201548,overshoot
2010-01,2010-02,10,18,18,0.022788912435049102,overshoot
2010-02,2010-03,1,18,18,0.0826813656946157,overshoot
2010-02,2010-03,2,18,18,0.08134158867084007,overshoot
2010-02,2010-03,3,17,17,0.07605073195952422,overshoot
2010-02,2010-03,4,18,18,0.07199744026701978,overshoot
2010-02,2010-03,5,18,18,0.07798754724134632,overshoot
2010-02,2010-03,6,17,17,0.07942514744337813,overshoot
2010-02,2010-03,7,18,17,0.06544034961528489,overshoot
2010-02,2010-03,8,17,17,0.06339243369480156,overshoot
2010-02,2010-03,9,18,18,0.05309678928782327,overshoot
2010-02,2010-03,10,18,17,0.050864721362669216,overshoot
2010-03,2010-04,1,18,18,0.017331453479058463,overshoot
2010-03,2010-04,2,18,18,0.0032893422929242628,overshoot
2010-03,2010-04,3,17,17,0.017650354746533137,overshoot
2010-03,2010-04,4,18,18,0.011717980678446724,overshoot
2010-03,2010-04,5,18,18,0.004401044306847975,overshoot
2010-03,2010-04,6,17,17,-0.00553922664607607,overshoot
2010-03,2010-04,7,18,18,-0.002448382758337913,overshoot
2010-03,2010-04,8,17,16,-0.001480167860534995,overshoot
2010-03,2010-04,9,18,17,-4.261642265988933e-05,overshoot
2010-03,2010-04,10,18,18,-0.01411850467158234,overshoot
2010-04,2010-05,1,18,18,-0.04333584252275251,overshoot
2010-04,2010-05,2,18,18,-0.06345204930328717,overshoot
2010-04,2010-05,3,17,17,-0.048889447686686925,overshoot
2010-04,2010-05,4,18,18,-0.053702225205474546,overshoot
2010-04,2010-05,5,18,18,-0.05551905569893544,overshoot
2010-04,2010-05,6,17,17,-0.07831778071576104,overshoot
2010-04,2010-05,7,18,18,-0.059986749899948136,overshoot
2010-04,2010-05,8,17,17,-0.06081441927089585,overshoot
2010-04,2010-05,9,18,18,-0.03924724590721731,overshoot
2010-04,2010-05,10,18,18,-0.060178852467180216,overshoot
2010-05,2010-06,1,18,18,0.002770614406361702,overshoot
2010-05,2010-06,2,18,18,-0.006680437462297091,overshoot
2010-05,2010-06,3,17,17,-0.0068852195816665,overshoot
2010-05,2010-06,4,18,18,-0.0017132455526040911,overshoot
2010-05,2010-06,5,17,17,-0.019634922597750192,overshoot
2010-05,2010-06,6,18,18,-0.02425875418173873,overshoot
2010-05,2010-06,7,17,16,-0.027614693614437483,overshoot
2010-05,2010-06,8,18,18,-0.024118179880178787,overshoot
2010-05,2010-06,9,17,17,-0.02308575300537558,overshoot
2010-05,2010-06,10,18,18,-0.028808786293767832,overshoot
2010-06,2010-07,1,18,18,0.03828435003341861,overshoot
2010-06,2010-07,2,18,18,0.028035547128720157,overshoot
2010-06,2010-07,3,17,17,0.04996444104013603,overshoot
2010-06,2010-07,4,18,18,0.046189512472573246,overshoot
2010-06,2010-07,5,17,17,0.030813885504025612,overshoot
2010-06,2010-07,6,18,18,0.012487286137296334,overshoot
2010-06,2010-07,7,17,17,0.04648840536381155,overshoot
2010-06,2010-07,8,18,18,0.028205719520624943,overshoot
2010-06,2010-07,9,17,17,0.05405939160022835,overshoot
2010-06,2010-07,10,18,18,0.03220972182341666,overshoot
2010-07,2010-08,1,18,18,-0.008948798136798485,overshoot
2010-07,2010-08,2,18,18,-0.0046025366262695145,overshoot
2010-07,2010-08,3,17,17,-0.0068409588792487305,overshoot
2010-07,2010-08,4,18,18,-0.0200727238368648,overshoot
2010-07,2010-08,5,17,17,-0.0075135166077279145,overshoot
2010-07,2010-08,6,18,18,-0.009551064854313038,overshoot
2010-07,2010-08,7,17,17,-0.018745838276612047,overshoot
2010-07,2010-08,8,18,18,-0.016468186772745846,overshoot
2010-07,2010-08,9,17,17,0.0008471384075578361,overshoot
2010-07,2010-08,10,18,18,-0.0257353919756402,overshoot
2010-08,2010-09,1,18,18,0.06975321762841892,overshoot
2010-08,2010-09,2,18,18,0.0736611730013838,overshoot
2010-08,2010-09,3,17,17,0.07821612614985954,overshoot
2010-08,2010-09,4,18,18,0.07251432075298282,overshoot
2010-08,2010-09,5,17,17,0.08719825618695937,overshoot
2010-08,2010-09,6,18,18,0.0712532597212202,overshoot
2010-08,2010-09,7,17,17,0.07695354230859407,overshoot
2010-08,2010-09,8,18,17,0.07111352528150298,overshoot
2010-08,2010-09,9,17,17,0.08445300803968545,overshoot
2010-08,2010-09,10,18,17,0.0475520110622958,overshoot
2010-09,2010-10,1,18,18,0.09277031311520915,overshoot
2010-09,2010-10,2,17,17,0.04270380035640672,overshoot
2010-09,2010-10,3,17,17,0.053003132227145144,overshoot
2010-09,2010-10,4,18,18,0.03361079517984372,overshoot
2010-09,2010-10,5,17,17,0.017969345947332644,overshoot
2010-09,2010-10,6,17,17,0.03350955933640869,overshoot
2010-09,2010-10,7,18,18,0.028710577465153646,overshoot
2010-09,2010-10,8,17,17,0.02670150167728791,overshoot
2010-09,2010-10,9,17,17,0.02089343513675576,overshoot
2010-09,2010-10,10,18,18,0.028217367317633333,overshoot
2010-10,2010-11,1,18,18,0.009156281363098935,overshoot
2010-10,2010-11,2,17,17,-0.00710906143285315,overshoot
2010-10,2010-11,3,17,17,-0.010479204823975874,overshoot
2010-10,2010-11,4,18,18,-0.00830711314448989,overshoot
2010-10,2010-11,5,17,17,-0.015890724360851476,overshoot
2010-10,2010-11,6,17,17,-0.008143346125464634,overshoot
2010-10,2010-11,7,18,18,-0.016726018243758904,overshoot
2010-10,2010-11,8,17,17,-0.016641381867158637,overshoot
2010-10,2010-11,9,17,17,-0.014686102508570956,overshoot
2010-10,2010-11,10,18,17,-0.019349150045288727,overshoot
2010-11,2010-12,1,18,18,0.09119766451349551,overshoot
2010-11,2010-12,2,17,17,0.08511388939573693,overshoot
2010-11,2010-12,3,17,17,0.08464501643494139,overshoot
2010-11,2010-12,4,17,17,0.07771132520468031,overshoot
2010-11,2010-12,5,18,18,0.05241403050224152,overshoot
2010-11,2010-12,6,17,17,0.05829089635814762,overshoot
2010-11,2010-12,7,17,16,0.04962287857292482,overshoot
2010-11,2010-12,8,17,17,0.0618814585518352,overshoot
2010-11,2010-12,9,17,17,0.06655472950000312,overshoot
2010-11,2010-12,10,18,18,0.0555707374178048,overshoot
2010-12,2011-01,1,18,18,0.034264325671693525,overshoot
2010-12,2011-01,2,17,17,0.01438139936641818,overshoot
2010-12,2011-01,3,17,16,0.000234426338339061,overshoot
2010-12,2011-01,4,17,16,-0.005381693398840065,overshoot
2010-12,2011-01,5,17,17,0.0009473528888438051,overshoot
2010-12,2011-01,6,17,17,-0.013521395593940787,overshoot
2010-12,2011-01,7,17,16,-0.004443306499487411,overshoot
2010-12,2011-01,8,17,17,0.003876638433367451,overshoot
2010-12,2011-01,9,17,17,-0.020149019347307142,overshoot
2010-12,2011-01,10,18,18,-0.02076599632108171,overshoot
2011-01,2011-02,1,17,17,-0.00698718776092576,overshoot
2011-01,2011-02,2,17,17,0.013482490565507961,overshoot
2011-01,2011-02,3,17,17,0.006359102243189219,overshoot
2011-01,2011-02,4,17,17,-0.017616651690143075,overshoot
2011-01,2011-02,5,17,17,-0.00763958767180067,overshoot
2011-01,2011-02,6,16,16,-0.004298704287644284,overshoot
2011-01,2011-02,7,17,17,-0.012434984124675847,overshoot
2011-01,2011-02,8,17,17,-0.016246626780840278,overshoot
2011-01,2011-02,9,17,17,-0.017018291183316357,overshoot
2011-01,2011-02,10,17,17,-0.014492897261635869,overshoot
2011-02,2011-03,1,18,18,0.01848555765802914,overshoot
2011-02,2011-03,2,17,17,0.013766029719458114,overshoot
2011-02,2011-03,3,17,17,0.023408103007569177,overshoot
2011-02,2011-03,4,17,17,0.010931756096092218,overshoot
2011-02,2011-03,5,17,17,0.01090834736040723,overshoot
2011-02,2011-03,6,17,17,0.013470058501581358,overshoot
2011-02,2011-03,7,16,16,0.00808416962511093,overshoot
2011-02,2011-03,8,18,18,0.004832479978925695,overshoot
2011-02,2011-03,9,17,17,-0.013880681899212714,overshoot
2011-02,2011-03,10,17,15,-0.0018427660609507217,overshoot
2011-03,2011-04,1,17,17,0.016700822593248715,overshoot
2011-03,2011-04,2,17,17,0.024999279778592745,overshoot
2011-03,2011-04,3,17,17,0.022187532509835118,overshoot
2011-03,2011-04,4,17,17,0.028594152486392677,overshoot
2011-03,2011-04,5,17,17,0.014955916288543895,overshoot
2011-03,2011-04,6,16,16,0.018926792890630435,overshoot
2011-03,2011-04,7,17,17,0.027593753793917788,overshoot
2011-03,2011-04,8,17,17,0.016703006846369012,overshoot
2011-03,2011-04,9,17,17,0.021895214662180446,overshoot
2011-03,2011-04,10,17,16,0.014179125657665645,overshoot
2011-04,2011-05,1,17,17,0.028032233730386286,overshoot
2011-04,2011-05,2,17,17,-0.004411586045236164,overshoot
2011-04,2011-05,3,16,16,0.003223402016103341,overshoot
2011-04,2011-05,4,17,17,-0.0009188213018107507,overshoot
2011-04,2011-05,5,17,17,0.0036713473300296388,overshoot
2011-04,2011-05,6,16,16,0.0010137912385965384,overshoot
2011-04,2011-05,7,17,16,-0.01053409780633649,overshoot
2011-04,2011-05,8,16,16,-0.008995801760804736,overshoot
2011-04,2011-05,9,17,17,-0.01438393243076562,overshoot
2011-04,2011-05,10,17,15,-0.008018145799686153,overshoot
2011-05,2011-06,1,17,17,0.002147230091919227,overshoot
2011-05,2011-06,2,16,16,-0.004797857955793107,overshoot
2011-05,2011-06,3,17,17,0.0026650784447864663,overshoot
2011-05,2011-06,4,16,16,0.009307017385942855,overshoot
2011-05,2011-06,5,17,17,0.0046760740838720765,overshoot
2011-05,2011-06,6,16,16,-0.003348018255061626,overshoot
2011-05,2011-06,7,16,16,-0.00410480657523625,overshoot
2011-05,2011-06,8,17,17,-0.009288602440349276,overshoot
2011-05,2011-06,9,16,16,0.0007725271621011678,overshoot
2011-05,2011-06,10,17,17,-0.016898287578471272,overshoot
2011-06,2011-07,1,17,17,-0.013704927894590572,overshoot
2011-06,2011-07,2,17,17,-0.012420115512233713,overshoot
2011-06,2011-07,3,16,16,-0.004095448137004444,overshoot
2011-06,2011-07,4,17,17,-0.020477334035759843,overshoot
2011-06,2011-07,5,17,17,-0.02826011669155076,overshoot
2011-06,2011-07,6,16,16,-0.005319060277689101,overshoot
2011-06,2011-07,7,17,17,-0.006910206797629476,overshoot
2011-06,2011-07,8,16,16,-0.01629935950694124,overshoot
2011-06,2011-07,9,17,17,-0.01524100458181088,overshoot
2011-06,2011-07,10,17,17,-0.02665428256498265,overshoot
2011-07,2011-08,1,17,17,-0.07270627284235318,overshoot
2011-07,2011-08,2,17,17,-0.09090207981754297,overshoot
2011-07,2011-08,3,16,16,-0.07228214682059111,overshoot
2011-07,2011-08,4,17,17,-0.06020185918042669,overshoot
2011-07,2011-08,5,17,17,-0.07172690682933788,overshoot
2011-07,2011-08,6,16,16,-0.08246929904360487,overshoot
2011-07,2011-08,7,17,16,-0.06615754002954809,overshoot
2011-07,2011-08,8,16,16,-0.07389962855251848,overshoot
2011-07,2011-08,9,17,17,-0.06421096783045298,overshoot
2011-07,2011-08,10,17,16,-0.08310348069904563,overshoot
2011-08,2011-09,1,17,17,-0.06269521148337913,overshoot
2011-08,2011-09,2,16,16,-0.06985859154938558,overshoot
2011-08,2011-09,3,16,16,-0.04886764838991597,overshoot
2011-08,2011-09,4,16,16,-0.07428371052686722,overshoot
2011-08,2011-09,5,17,17,-0.07236998607883945,overshoot
2011-08,2011-09,6,16,16,-0.05604405117596118,overshoot
2011-08,2011-09,7,16,16,-0.04742118815025117,overshoot
2011-08,2011-09,8,16,16,-0.050373177158915004,overshoot
2011-08,2011-09,9,16,16,-0.05812247799920931,overshoot
2011-08,2011-09,10,17,17,-0.07326672802972559,overshoot
2011-09,2011-10,1,17,17,0.049365203232099676,overshoot
2011-09,2011-10,2,17,17,0.0601578055986427,overshoot
2011-09,2011-10,3,16,16,0.05344037079776078,overshoot
2011-09,2011-10,4,17,17,0.023455681179669636,overshoot
2011-09,2011-10,5,17,17,0.04393018443697324,overshoot
2011-09,2011-10,6,16,16,0.031619226713824194,overshoot
2011-09,2011-10,7,17,17,0.034674925533220075,overshoot
2011-09,2011-10,8,16,16,0.045415133922891524,overshoot
2011-09,2011-10,9,17,17,0.03433420537660817,overshoot
2011-09,2011-10,10,17,17,0.029036464581912898,overshoot
2011-10,2011-11,1,17,17,-0.03763799238374338,overshoot
2011-10,2011-11,2,17,17,-0.020834690113348237,overshoot
2011-10,2011-11,3,16,16,-0.027908792065577025,overshoot
2011-10,2011-11,4,17,17,-0.04147900166134873,overshoot
2011-10,2011-11,5,17,17,-0.0298716417849947,overshoot
2011-10,2011-11,6,16,16,-0.025788142268138046,overshoot
2011-10,2011-11,7,17,17,-0.023511044344971893,overshoot
2011-10,2011-11,8,16,16,-0.03003782320250116,overshoot
2011-10,2011-11,9,17,17,-0.025509506306116717,overshoot
2011-10,2011-11,10,17,17,-0.030059632410871683,overshoot
2011-11,2011-12,1,17,17,0.022175010504583058,overshoot
2011-11,2011-12,2,17,17,0.009626538349997845,overshoot
2011-11,2011-12,3,16,16,-0.009251711395601193,overshoot
2011-11,2011-12,4,17,17,-0.0019776661211256966,overshoot
2011-11,2011-12,5,17,17,-0.010384561134650524,overshoot
2011-11,2011-12,6,16,16,-0.01833628867252706,overshoot
2011-11,2011-12,7,17,17,-0.005017903600713917,overshoot
2011-11,2011-12,8,16,16,-0.0052970931137659855,overshoot
2011-11,2011-12,9,17,17,-0.00896748815111195,overshoot
2011-11,2011-12,10,17,17,-0.02085449265514786,overshoot
2011-12,2012-01,1,17,16,0.06397425229576442,overshoot
2011-12,2012-01,2,17,17,0.050383156477633854,overshoot
2011-12,2012-01,3,17,16,0.050158746054187034,overshoot
2011-12,2012-01,4,16,16,0.041847128620856607,overshoot
2011-12,2012-01,5,17,16,0.05184164053053161,overshoot
2011-12,2012-01,6,17,17,0.054487170667114455,overshoot
2011-12,2012-01,7,16,16,0.03538903326090766,overshoot
2011-12,2012-01,8,17,17,0.04841772251244865,overshoot
2011-12,2012-01,9,17,17,0.03437134585343081,overshoot
2011-12,2012-01,10,17,17,0.023948564576139867,overshoot
2012-01,2012-02,1,17,17,0.08316183576858714,overshoot
2012-01,2012-02,2,16,16,0.06561349104525584,overshoot
2012-01,2012-02,3,17,17,0.06266859920191956,overshoot
2012-01,2012-02,4,16,16,0.06321221510480407,overshoot
2012-01,2012-02,5,17,17,0.057489535016587864,overshoot
2012-01,2012-02,6,16,16,0.06635871433626395,overshoot
2012-01,2012-02,7,16,16,0.04522709235029593,overshoot
2012-01,2012-02,8,17,17,0.04118466007653186,overshoot
2012-01,2012-02,9,16,16,0.03957578038527936,overshoot
2012-01,2012-02,10,17,16,0.04007856955305357,overshoot
2012-02,2012-03,1,17,17,0.023035412685889912,overshoot
2012-02,2012-03,2,17,17,-0.0016774008247828682,overshoot
2012-02,2012-03,3,16,16,0.002670991235053148,overshoot
2012-02,2012-03,4,17,16,0.0012787005625094008,overshoot
2012-02,2012-03,5,17,17,-0.004829802664330849,overshoot
2012-02,2012-03,6,16,16,0.00437771514197189,overshoot
2012-02,2012-03,7,17,17,0.009367255738974359,overshoot
2012-02,2012-03,8,16,16,0.005594606199275119,overshoot
2012-02,2012-03,9,17,17,-0.008014279778341408,overshoot
2012-02,2012-03,10,17,17,0.00018991683957061804,overshoot
2012-03,2012-04,1,17,17,-0.010783430824523776,overshoot
2012-03,2012-04,2,17,17,-0.012907066817725054,overshoot
2012-03,2012-04,3,16,16,-0.02171539910740919,overshoot
2012-03,2012-04,4,17,17,-0.028110111362829614,overshoot
2012-03,2012-04,5,17,17,-0.02704294087768691,overshoot
2012-03,2012-04,6,16,16,-0.015842685475625472,overshoot
2012-03,2012-04,7,17,17,-0.0025647479481637025,overshoot
2012-03,2012-04,8,16,16,-0.01603882473968448,overshoot
2012-03,2012-04,9,17,17,-0.024331294912727532,overshoot
2012-03,2012-04,10,17,16,-0.017881896706452384,overshoot
2012-04,2012-05,1,17,17,-0.042513735758057516,overshoot
2012-04,2012-05,2,16,16,-0.058514431651728975,overshoot
2012-04,2012-05,3,16,16,-0.051569005938734626,overshoot
2012-04,2012-05,4,17,17,-0.060291538594579995,overshoot
2012-04,2012-05,5,16,16,-0.06000016741064701,overshoot
2012-04,2012-05,6,16,16,-0.06072258572318157,overshoot
2012-04,2012-05,7,17,17,-0.07515909816354996,overshoot
2012-04,2012-05,8,16,16,-0.05369134227224925,overshoot
2012-04,2012-05,9,16,16,-0.06537835290188894,overshoot
2012-04,2012-05,10,17,17,-0.05367697483109166,overshoot
2012-05,2012-06,1,17,17,0.03508767347188088,overshoot
2012-05,2012-06,2,17,16,0.03299013540601574,overshoot
2012-05,2012-06,3,17,17,0.020025635301201352,overshoot
2012-05,2012-06,4,17,17,0.03242095705512003,overshoot
2012-05,2012-06,5,17,16,0.04768683661492346,overshoot
2012-05,2012-06,6,16,15,0.012264155746844236,overshoot
2012-05,2012-06,7,17,17,0.007373565359993182,overshoot
2012-05,2012-06,8,17,17,0.021262803185522747,overshoot
2012-05,2012-06,9,17,17,0.03421499884181306,overshoot
2012-05,2012-06,10,17,17,0.02014450788538943,overshoot
2012-06,2012-07,1,17,17,0.026617918809477125,overshoot
2012-06,2012-07,2,16,16,0.015809425178908237,overshoot
2012-06,2012-07,3,16,16,0.016253135198356326,overshoot
2012-06,2012-07,4,17,17,0.01599636440541953,overshoot
2012-06,2012-07,5,16,16,0.01653738070290022,overshoot
2012-06,2012-07,6,16,16,0.009005954321140555,overshoot
2012-06,2012-07,7,17,17,0.004629974965511848,overshoot
2012-06,2012-07,8,16,16,0.010317833351813181,overshoot
2012-06,2012-07,9,16,15,0.011299043203468936,overshoot
2012-06,2012-07,10,17,17,0.02498432092680955,overshoot
2012-07,2012-08,1,17,17,0.024450221627080607,overshoot
2012-07,2012-08,2,17,16,0.005606494788780607,overshoot
2012-07,2012-08,3,16,16,0.023584454038877274,overshoot
2012-07,2012-08,4,17,17,0.010219117944587571,overshoot
2012-07,2012-08,5,17,17,0.014582181646668102,overshoot
2012-07,2012-08,6,16,16,0.010729435367462216,overshoot
2012-07,2012-08,7,17,17,0.010616875739855447,overshoot
2012-07,2012-08,8,16,16,0.0047472369651455,overshoot
2012-07,2012-08,9,17,17,0.008583501421444713,overshoot
2012-07,2012-08,10,17,16,0.010641395246396831,overshoot
2012-08,2012-09,1,17,17,0.04910759649184396,overshoot
2012-08,2012-09,2,16,16,0.03748915218119734,overshoot
2012-08,2012-09,3,16,16,0.03362855117006601,overshoot
2012-08,2012-09,4,17,17,0.03752263900912579,overshoot
2012-08,2012-09,5,16,16,0.036500838372323686,overshoot
2012-08,2012-09,6,16,16,0.018574354908370512,overshoot
2012-08,2012-09,7,17,17,0.021652142612983812,overshoot
2012-08,2012-09,8,16,16,0.025239113546998655,overshoot
2012-08,2012-09,9,16,16,0.013842367863857924,overshoot
2012-08,2012-09,10,17,17,0.013212970425067383,overshoot
2012-09,2012-10,1,17,17,0.024498028565182677,overshoot
2012-09,2012-10,2,16,16,0.0209118175806046,overshoot
2012-09,2012-10,3,16,16,0.012941121657728157,overshoot
2012-09,2012-10,4,17,17,0.022599074680389273,overshoot
2012-09,2012-10,5,16,16,0.022866923806644436,overshoot
2012-09,2012-10,6,16,16,0.013099082023439443,overshoot
2012-09,2012-10,7,17,17,0.0007210682663638733,overshoot
2012-09,2012-10,8,16,16,-0.0058092859562351995,overshoot
2012-09,2012-10,9,16,16,0.00477226444267894,overshoot
2012-09,2012-10,10,17,17,-0.0006087556409962789,overshoot
2012-10,2012-11,1,17,17,0.003598241836707878,overshoot
2012-10,2012-11,2,16,16,0.014181655493257998,overshoot
2012-10,2012-11,3,17,17,0.004120129877535334,overshoot
2012-10,2012-11,4,16,16,0.003984380509312178,overshoot
2012-10,2012-11,5,17,17,0.007195807728921875,overshoot
2012-10,2012-11,6,16,16,0.010110391371152223,overshoot
2012-10,2012-11,7,16,16,0.009786310280377485,overshoot
2012-10,2012-11,8,17,17,0.011222080040682644,overshoot
2012-10,2012-11,9,16,16,0.0036675125550818533,overshoot
2012-10,2012-11,10,17,17,-4.9664151101152746e-05,overshoot
2012-11,2012-12,1,17,17,0.04148403729916413,overshoot
2012-11,2012-12,2,17,17,0.03511268898786081,overshoot
2012-11,2012-12,3,16,16,0.04253780111478604,overshoot
2012-11,2012-12,4,17,17,0.03403888235872493,overshoot
2012-11,2012-12,5,16,16,0.02248405053272383,overshoot
2012-11,2012-12,6,17,17,0.02581430239363387,overshoot
2012-11,2012-12,7,16,15,0.015228278181511127,overshoot
2012-11,2012-12,8,17,17,0.02281101269409166,overshoot
2012-11,2012-12,9,16,16,0.018007565891580826,overshoot
2012-11,2012-12,10,17,17,0.014938213986759619,overshoot
2012-12,2013-01,1,17,17,0.10108214423455517,overshoot
2012-12,2013-01,2,17,17,0.0754018004015089,overshoot
2012-12,2013-01,3,16,16,0.07560813514025713,overshoot
2012-12,2013-01,4,17,17,0.07322986658232296,overshoot
2012-12,2013-01,5,16,16,0.0750263386822086,overshoot
2012-12,2013-01,6,17,17,0.07975418921711064,overshoot
2012-12,2013-01,7,16,16,0.06264168342670118,overshoot
2012-12,2013-01,8,17,17,0.062490353894514857,overshoot
2012-12,2013-01,9,16,16,0.05905993456396635,overshoot
2012-12,2013-01,10,17,17,0.05629410998229587,overshoot
2013-01,2013-02,1,17,17,0.034664872394912206,overshoot
2013-01,2013-02,2,17,16,0.03619602052216522,overshoot
2013-01,2013-02,3,16,16,0.0357544494451119,overshoot
2013-01,2013-02,4,17,17,0.02791279474184482,overshoot
2013-01,2013-02,5,16,16,0.04081155521876621,overshoot
2013-01,2013-02,6,17,17,0.03230889657913316,overshoot
2013-01,2013-02,7,16,16,0.02723298660648392,overshoot
2013-01,2013-02,8,17,17,0.018871435270917697,overshoot
2013-01,2013-02,9,16,15,0.04436346347909281,overshoot
2013-01,2013-02,10,17,17,0.03385042544800277,overshoot
2013-02,2013-03,1,17,17,0.010457258819907196,overshoot
2013-02,2013-03,2,17,17,0.012932494656333563,overshoot
2013-02,2013-03,3,16,16,0.007581501079628482,overshoot
2013-02,2013-03,4,17,17,0.006589193971781743,overshoot
2013-02,2013-03,5,17,17,0.007257160952596653,overshoot
2013-02,2013-03,6,16,16,0.03046928193560288,overshoot
2013-02,2013-03,7,17,17,0.016785719010362098,overshoot
2013-02,2013-03,8,16,16,0.015995082761945736,overshoot
2013-02,2013-03,9,17,17,0.008363340932486722,overshoot
2013-02,2013-03,10,17,17,0.024718873340445587,overshoot
2013-03,2013-04,1,17,17,0.015410028100955963,overshoot
2013-03,2013-04,2,17,16,0.005210665057582782,overshoot
2013-03,2013-04,3,17,17,0.011027886349442314,overshoot
2013-03,2013-04,4,16,16,0.012098813160574914,overshoot
2013-03,2013-04,5,17,17,0.01176966193149475,overshoot
2013-03,2013-04,6,17,17,0.0019552415155825536,overshoot
2013-03,2013-04,7,16,16,0.014604947122304417,overshoot
2013-03,2013-04,8,17,17,0.01489128872868581,overshoot
2013-03,2013-04,9,17,17,0.00024268779491670397,overshoot
2013-03,2013-04,10,17,17,0.01067680046916315,overshoot
2013-04,2013-05,1,17,17,0.03522143032002325,overshoot
2013-04,2013-05,2,17,17,0.014616643907771221,overshoot
2013-04,2013-05,3,17,17,0.02981572449525079,overshoot
2013-04,2013-05,4,17,17,0.03109806447909406,overshoot
2013-04,2013-05,5,17,17,0.034579519311897296,overshoot
2013-04,2013-05,6,17,17,0.025880970313393856,overshoot
2013-04,2013-05,7,17,17,0.01546720172257161,overshoot
2013-04,2013-05,8,17,17,0.001517215903841632,overshoot
2013-04,2013-05,9,17,17,0.0038205957033948146,overshoot
2013-04,2013-05,10,17,17,0.0051424645829705445,overshoot
2013-05,2013-06,1,17,17,-0.04351436257454676,overshoot
2013-05,2013-06,2,17,17,-0.023389410143444554,overshoot
2013-05,2013-06,3,17,17,-0.03517119672926556,overshoot
2013-05,2013-06,4,17,17,-0.042929115451823714,overshoot
2013-05,2013-06,5,17,17,-0.047232734995384565,overshoot
2013-05,2013-06,6,17,17,-0.050483055433039783,overshoot
2013-05,2013-06,7,17,17,-0.04667700688556655,overshoot
2013-05,2013-06,8,17,17,-0.054693953738988305,overshoot
2013-05,2013-06,9,17,17,-0.052509535645925184,overshoot
2013-05,2013-06,10,17,17,-0.05697076127429684,overshoot
2013-06,2013-07,1,18,18,0.04577293278129993,overshoot
2013-06,2013-07,2,17,17,0.03975981303369363,overshoot
2013-06,2013-07,3,17,17,0.0486011484249876,overshoot
2013-06,2013-07,4,17,17,0.03983906666434936,overshoot
2013-06,2013-07,5,17,17,0.07910559556787239,overshoot
2013-06,2013-07,6,17,17,0.06458330114298066,overshoot
2013-06,2013-07,7,16,16,0.05465459673594618,overshoot
2013-06,2013-07,8,18,18,0.0467452564592177,overshoot
2013-06,2013-07,9,17,17,0.08019976954529161,overshoot
2013-06,2013-07,10,17,16,0.04429393075307687,overshoot
2013-07,2013-08,1,17,17,-0.02848275698517813,overshoot
2013-07,2013-08,2,17,17,-0.011631998590383219,overshoot
2013-07,2013-08,3,17,17,-0.02508822668073248,overshoot
2013-07,2013-08,4,17,17,-0.03762846872379005,overshoot
2013-07,2013-08,5,17,17,-0.021357872026471613,overshoot
2013-07,2013-08,6,16,16,-0.006998652674225558,overshoot
2013-07,2013-08,7,17,17,-0.014494825851770376,overshoot
2013-07,2013-08,8,17,17,-0.016639613605795505,overshoot
2013-07,2013-08,9,17,17,-0.03480681159792578,overshoot
2013-07,2013-08,10,17,17,-0.025882805869308755,overshoot
2013-08,2013-09,1,17,16,0.03980893409085605,overshoot
2013-08,2013-09,2,17,16,0.03969734278680406,overshoot
2013-08,2013-09,3,17,17,0.030399121067418128,overshoot
2013-08,2013-09,4,17,17,0.010715810069792197,overshoot
2013-08,2013-09,5,17,17,0.01738294711223225,overshoot
2013-08,2013-09,6,17,17,0.018659577157135874,overshoot
2013-08,2013-09,7,17,17,0.013325974810802436,overshoot
2013-08,2013-09,8,17,17,0.015324134996161672,overshoot
2013-08,2013-09,9,17,16,0.029826730689316384,overshoot
2013-08,2013-09,10,17,17,0.013689654040751358,overshoot
2013-09,2013-10,1,17,17,0.06257526839635819,overshoot
2013-09,2013-10,2,17,17,0.04087956679505171,overshoot
2013-09,2013-10,3,16,16,0.039858372686155275,overshoot
2013-09,2013-10,4,17,17,0.03859628968695446,overshoot
2013-09,2013-10,5,17,16,0.029208769761573813,overshoot
2013-09,2013-10,6,16,16,0.044900605148895364,overshoot
2013-09,2013-10,7,17,17,0.04073970882425726,overshoot
2013-09,2013-10,8,16,16,0.03044665147120769,overshoot
2013-09,2013-10,9,17,17,0.052809349083050294,overshoot
2013-09,2013-10,10,17,17,0.03421094311174816,overshoot
2013-10,2013-11,1,17,17,-0.002833112271579315,overshoot
2013-10,2013-11,2,17,17,-0.007204809052157218,overshoot
2013-10,2013-11,3,17,17,-0.002983820442654498,overshoot
2013-10,2013-11,4,16,16,0.004126217895760585,overshoot
2013-10,2013-11,5,17,17,-0.005141794284800791,overshoot
2013-10,2013-11,6,17,17,0.011372308205246092,overshoot
2013-10,2013-11,7,16,16,-0.013508885783521496,overshoot
2013-10,2013-11,8,17,17,0.0008560708720553295,overshoot
2013-10,2013-11,9,17,17,-0.01782533002108425,overshoot
2013-10,2013-11,10,17,17,-0.012638292704927837,overshoot
2013-11,2013-12,1,17,17,0.0024792299666287487,overshoot
2013-11,2013-12,2,17,16,0.0051672900130249125,overshoot
2013-11,2013-12,3,17,17,0.006379977132847606,overshoot
2013-11,2013-12,4,16,16,0.015143182970553726,overshoot
2013-11,2013-12,5,17,17,0.012124282293180222,overshoot
2013-11,2013-12,6,17,17,0.006767336836414702,overshoot
2013-11,2013-12,7,16,16,0.008501927642029165,overshoot
2013-11,2013-12,8,17,17,5.6758194293574584e-05,overshoot
2013-11,2013-12,9,17,17,0.006386715594174482,overshoot
2013-11,2013-12,10,17,17,-0.01631728866086867,overshoot
2013-12,2014-01,1,17,17,-0.01916145709287074,overshoot
2013-12,2014-01,2,16,16,-0.030640191948448213,overshoot
2013-12,2014-01,3,17,17,-0.011586658861040645,overshoot
2013-12,2014-01,4,16,16,-0.02955513113547193,overshoot
2013-12,2014-01,5,17,17,-0.023478272635108925,overshoot
2013-12,2014-01,6,16,16,-0.017613775189887382,overshoot
2013-12,2014-01,7,16,16,-0.010961773628923678,overshoot
2013-12,2014-01,8,17,17,-0.00723410408843503,overshoot
2013-12,2014-01,9,16,16,0.007748040211004108,overshoot
2013-12,2014-01,10,17,17,-0.030033265928056153,overshoot
2014-01,2014-02,1,17,17,0.038670064081263285,overshoot
2014-01,2014-02,2,17,17,0.018366762990113566,overshoot
2014-01,2014-02,3,16,16,0.03362574968792394,overshoot
2014-01,2014-02,4,17,17,0.042897057104496365,overshoot
2014-01,2014-02,5,17,16,0.0338995014858621,overshoot
2014-01,2014-02,6,16,16,0.041234080125459906,overshoot
2014-01,2014-02,7,17,17,0.0447693840899028,overshoot
2014-01,2014-02,8,16,16,0.014333232454029565,overshoot
2014-01,2014-02,9,17,17,0.02244023060867098,overshoot
2014-01,2014-02,10,17,17,0.019209821232861655,overshoot
2014-02,2014-03,1,17,17,0.02791167718723231,overshoot
2014-02,2014-03,2,17,17,-0.002923132721864553,overshoot
2014-02,2014-03,3,16,16,0.008149728568133036,overshoot
2014-02,2014-03,4,17,17,-0.007501419238023159,overshoot
2014-02,2014-03,5,16,16,-0.02257488283151056,overshoot
2014-02,2014-03,6,17,17,-0.006282668640866775,overshoot
2014-02,2014-03,7,16,16,-0.009970367404025168,overshoot
2014-02,2014-03,8,17,17,-0.03192593496305165,overshoot
2014-02,2014-03,9,16,15,-0.03899358405128669,overshoot
2014-02,2014-03,10,17,17,-0.03911886979308666,overshoot
2014-03,2014-04,1,17,17,0.020128260993219103,overshoot
2014-03,2014-04,2,16,16,0.004183864913583628,overshoot
2014-03,2014-04,3,16,16,0.006479548010889152,overshoot
2014-03,2014-04,4,17,17,0.004826944515091338,overshoot
2014-03,2014-04,5,16,16,-0.006998173943282962,overshoot
2014-03,2014-04,6,16,16,-0.00550830578849465,overshoot
2014-03,2014-04,7,17,17,-0.007096056964548769,overshoot
2014-03,2014-04,8,16,16,-0.018637106881204797,overshoot
2014-03,2014-04,9,16,16,-0.005803193532256494,overshoot
2014-03,2014-04,10,17,17,-0.02277823710460017,overshoot
2014-04,2014-05,1,17,17,0.03210741633926931,overshoot
2014-04,2014-05,2,17,17,0.03174160472046023,overshoot
2014-04,2014-05,3,16,16,0.02587840802439524,overshoot
2014-04,2014-05,4,17,16,0.04048955930809454,overshoot
2014-04,2014-05,5,16,16,0.014099720652349969,overshoot
2014-04,2014-05,6,17,17,-0.001337754587211539,overshoot
2014-04,2014-05,7,16,16,0.008143864682334634,overshoot
2014-04,2014-05,8,17,17,0.013431674282556368,overshoot
2014-04,2014-05,9,16,16,0.009159844210562575,overshoot
2014-04,2014-05,10,17,17,-0.005211559584883729,overshoot
2014-05,2014-06,1,17,16,0.02439440548679158,overshoot
2014-05,2014-06,2,17,17,0.008776400029695526,overshoot
2014-05,2014-06,3,16,16,-0.003369576210377312,overshoot
2014-05,2014-06,4,17,16,-0.003875834669791925,overshoot
2014-05,2014-06,5,16,15,-0.003127692005596772,overshoot
2014-05,2014-06,6,17,17,0.007651773694683637,overshoot
2014-05,2014-06,7,16,16,-0.012521486712873162,overshoot
2014-05,2014-06,8,17,17,-0.006980560468593581,overshoot
2014-05,2014-06,9,16,16,-0.007292932176829962,overshoot
2014-05,2014-06,10,17,17,-0.012956065169992795,overshoot
2014-06,2014-07,1,17,17,0.007504713669416636,overshoot
2014-06,2014-07,2,16,16,0.004836517460489534,overshoot
2014-06,2014-07,3,16,16,0.001763526754466449,overshoot
2014-06,2014-07,4,16,16,0.0037638657979284854,overshoot
2014-06,2014-07,5,17,17,-0.0062556096193574886,overshoot
2014-06,2014-07,6,16,16,-0.005188343320298036,overshoot
2014-06,2014-07,7,16,16,-0.003781261070375755,overshoot
2014-06,2014-07,8,16,16,-0.011682142975627148,overshoot
2014-06,2014-07,9,16,16,-0.014623500250933105,overshoot
2014-06,2014-07,10,17,17,-0.01205748388375787,overshoot
2014-07,2014-08,1,17,17,0.04012919687727984,overshoot
2014-07,2014-08,2,17,17,0.027264204458372254,overshoot
2014-07,2014-08,3,16,16,0.02249955300560666,overshoot
2014-07,2014-08,4,17,17,0.016864312547968902,overshoot
2014-07,2014-08,5,17,17,0.012896815595000137,overshoot
2014-07,2014-08,6,16,16,0.008242419357272275,overshoot
2014-07,2014-08,7,17,17,0.011810327507076158,overshoot
2014-07,2014-08,8,16,16,0.01336483702802399,overshoot
2014-07,2014-08,9,17,17,-0.00890468448711863,overshoot
2014-07,2014-08,10,17,17,0.0015086847003917302,overshoot
2014-08,2014-09,1,17,17,-0.025516539488216097,overshoot
2014-08,2014-09,2,17,17,-0.008793536434819086,overshoot
2014-08,2014-09,3,16,16,-0.004558153337320736,overshoot
2014-08,2014-09,4,17,17,-0.004834928576588313,overshoot
2014-08,2014-09,5,16,16,-0.017468684104857343,overshoot
2014-08,2014-09,6,17,17,-0.009762123729559528,overshoot
2014-08,2014-09,7,16,16,0.0016992719968916617,overshoot
2014-08,2014-09,8,17,17,-0.01791541291149587,overshoot
2014-08,2014-09,9,16,15,-0.01455894267275238,overshoot
2014-08,2014-09,10,17,17,-0.02368033605168356,overshoot
2014-09,2014-10,1,17,17,0.023357821603261275,overshoot
2014-09,2014-10,2,16,16,0.00653202906182386,overshoot
2014-09,2014-10,3,16,16,0.015575045887381518,overshoot
2014-09,2014-10,4,17,17,0.009439857571913032,overshoot
2014-09,2014-10,5,16,16,0.002515762393018206,overshoot
2014-09,2014-10,6,16,16,0.007441412648961053,overshoot
2014-09,2014-10,7,17,17,-0.004905951068087052,overshoot
2014-09,2014-10,8,16,16,-0.0012195696633319972,overshoot
2014-09,2014-10,9,16,16,-0.008427557933200922,overshoot
2014-09,2014-10,10,17,17,-0.028630376797727234,overshoot
2014-10,2014-11,1,17,17,0.028448045086669285,overshoot
2014-10,2014-11,2,17,16,0.022391648837691402,overshoot
2014-10,2014-11,3,17,17,0.03372995190925943,overshoot
2014-10,2014-11,4,16,16,0.031373289902198544,overshoot
2014-10,2014-11,5,17,17,0.037557378190515724,overshoot
2014-10,2014-11,6,17,17,0.03403209370269716,overshoot
2014-10,2014-11,7,16,16,0.027547318879205467,overshoot
2014-10,2014-11,8,17,17,0.01542981780993562,overshoot
2014-10,2014-11,9,17,17,0.019972551982587544,overshoot
2014-10,2014-11,10,17,17,0.0176957519290936,overshoot
2014-11,2014-12,1,17,16,-0.006941009704278578,overshoot
2014-11,2014-12,2,17,17,-0.013670696684816398,overshoot
2014-11,2014-12,3,16,16,-0.018869583554851757,overshoot
2014-11,2014-12,4,17,17,-0.019822513012485853,overshoot
2014-11,2014-12,5,17,17,-0.006150660326171849,overshoot
2014-11,2014-12,6,16,16,-0.017779096147442434,overshoot
2014-11,2014-12,7,17,17,-0.004179176365738234,overshoot
2014-11,2014-12,8,16,16,-0.011415612854957631,overshoot
2014-11,2014-12,9,17,17,-0.029454206742664718,overshoot
2014-11,2014-12,10,17,17,-0.019282100941811316,overshoot
2014-12,2015-01,1,17,17,0.005480380992824258,overshoot
2014-12,2015-01,2,17,17,0.00018899576022898986,overshoot
2014-12,2015-01,3,16,16,0.022335255613774543,overshoot
2014-12,2015-01,4,17,17,0.020068154325509242,overshoot
2014-12,2015-01,5,16,14,0.012216781140492785,overshoot
2014-12,2015-01,6,17,17,0.02396929404685758,overshoot
2014-12,2015-01,7,16,16,0.025101380553702528,overshoot
2014-12,2015-01,8,17,17,0.01940584635853717,overshoot
2014-12,2015-01,9,16,16,0.031132332809778847,overshoot
2014-12,2015-01,10,17,17,0.013163898286091606,overshoot
2015-01,2015-02,1,17,17,0.0293387520829395,overshoot
2015-01,2015-02,2,16,16,0.0352994780213153,overshoot
2015-01,2015-02,3,16,16,0.01716060765647342,overshoot
2015-01,2015-02,4,17,17,0.015050974664401418,overshoot
2015-01,2015-02,5,16,16,0.020380050674736402,overshoot
2015-01,2015-02,6,16,16,0.01997509904154296,overshoot
2015-01,2015-02,7,17,17,0.0204751682984384,overshoot
2015-01,2015-02,8,16,16,0.016996234320013875,overshoot
2015-01,2015-02,9,16,16,0.01615541976085602,overshoot
2015-01,2015-02,10,17,17,-0.0022380201507521077,overshoot
2015-02,2015-03,1,17,17,0.0020407618970574074,overshoot
2015-02,2015-03,2,17,17,0.016245732212237764,overshoot
2015-02,2015-03,3,16,16,0.00526253329280614,overshoot
2015-02,2015-03,4,17,17,0.016843112851048083,overshoot
2015-02,2015-03,5,16,16,0.02113831774546584,overshoot
2015-02,2015-03,6,17,17,0.0226609809799377,overshoot
2015-02,2015-03,7,16,16,0.03232421580219687,overshoot
2015-02,2015-03,8,17,17,0.006778314500578603,overshoot
2015-02,2015-03,9,16,16,0.026494285066299354,overshoot
2015-02,2015-03,10,17,17,0.017763110522493797,overshoot
2015-03,2015-04,1,17,17,0.027887889186590877,overshoot
2015-03,2015-04,2,17,17,0.020075041466570374,overshoot
2015-03,2015-04,3,16,16,0.0022843324040841204,overshoot
2015-03,2015-04,4,17,17,0.007337717325450828,overshoot
2015-03,2015-04,5,16,16,0.004771174635295819,overshoot
2015-03,2015-04,6,17,17,0.0014788865972020782,overshoot
2015-03,2015-04,7,16,16,0.006233856369260805,overshoot
2015-03,2015-04,8,17,17,-0.0025072229916088817,overshoot
2015-03,2015-04,9,16,16,-0.010259597553751526,overshoot
2015-03,2015-04,10,17,17,-0.012577363850330429,overshoot
2015-04,2015-05,1,17,17,0.04267319493816472,overshoot
2015-04,2015-05,2,16,16,0.049849876635804695,overshoot
2015-04,2015-05,3,17,17,0.02997680358374395,overshoot
2015-04,2015-05,4,16,16,0.026609081652725804,overshoot
2015-04,2015-05,5,17,17,0.0008923111258419367,overshoot
2015-04,2015-05,6,16,16,0.02190968053123636,overshoot
2015-04,2015-05,7,16,16,0.028477192773131266,overshoot
2015-04,2015-05,8,17,17,0.0006719101133441488,overshoot
2015-04,2015-05,9,16,16,0.007242082652123255,overshoot
2015-04,2015-05,10,17,17,0.000577538019370164,overshoot
2015-05,2015-06,1,17,17,-0.04520166123831182,overshoot
2015-05,2015-06,2,17,17,-0.04574077106720216,overshoot
2015-05,2015-06,3,17,17,-0.031517687719145225,overshoot
2015-05,2015-06,4,16,16,-0.0376641564636825,overshoot
2015-05,2015-06,5,17,17,-0.038665631074402254,overshoot
2015-05,2015-06,6,17,16,-0.025639852672947647,overshoot
2015-05,2015-06,7,16,16,-0.03322272770959228,overshoot
2015-05,2015-06,8,17,17,-0.04069700367261313,overshoot
2015-05,2015-06,9,17,17,-0.041848947946762506,overshoot
2015-05,2015-06,10,17,17,-0.04429691191178003,overshoot
2015-06,2015-07,1,17,17,-0.0003359761259274801,overshoot
2015-06,2015-07,2,17,17,-0.016056642284948762,overshoot
2015-06,2015-07,3,17,17,-0.0006594343189390333,overshoot
2015-06,2015-07,4,16,16,-0.005480764180551163,overshoot
2015-06,2015-07,5,17,17,0.020496572203413544,overshoot
2015-06,2015-07,6,17,17,-0.004340774097780788,overshoot
2015-06,2015-07,7,16,16,-0.005533652858571658,overshoot
2015-06,2015-07,8,17,17,0.004628991864187402,overshoot
2015-06,2015-07,9,17,17,0.0020120973283550754,overshoot
2015-06,2015-07,10,17,17,0.014613536625803917,overshoot
2015-07,2015-08,1,17,17,-0.07176711522169954,overshoot
2015-07,2015-08,2,17,17,-0.046403140602898185,overshoot
2015-07,2015-08,3,17,17,-0.040188853111303297,overshoot
2015-07,2015-08,4,17,17,-0.042150493400320135,overshoot
2015-07,2015-08,5,17,17,-0.04045035098307193,overshoot
2015-07,2015-08,6,16,16,-0.05167277367395846,overshoot
2015-07,2015-08,7,17,17,-0.04932850056281828,overshoot
2015-07,2015-08,8,17,17,-0.03643393528239213,overshoot
2015-07,2015-08,9,17,17,-0.05734462739295638,overshoot
2015-07,2015-08,10,17,17,-0.046278000229710674,overshoot
2015-08,2015-09,1,17,16,-0.016597590045543217,overshoot
2015-08,2015-09,2,17,17,-0.018327299961023922,overshoot
2015-08,2015-09,3,17,17,-0.0198432253177764,overshoot
2015-08,2015-09,4,17,17,-0.03639278068358259,overshoot
2015-08,2015-09,5,17,17,-0.02507379286373121,overshoot
2015-08,2015-09,6,16,16,-0.029486009290160653,overshoot
2015-08,2015-09,7,17,17,-0.0434404610678461,overshoot
2015-08,2015-09,8,17,17,-0.041231993058932,overshoot
2015-08,2015-09,9,17,17,-0.030850436080824925,overshoot
2015-08,2015-09,10,17,17,-0.03950594119825314,overshoot
2015-09,2015-10,1,17,17,0.059924314289517715,overshoot
2015-09,2015-10,2,17,17,0.06281104629084965,overshoot
2015-09,2015-10,3,16,16,0.06602242523783332,overshoot
2015-09,2015-10,4,17,17,0.055388775452375506,overshoot
2015-09,2015-10,5,17,16,0.05239160039142804,overshoot
2015-09,2015-10,6,16,16,0.03141010366134859,overshoot
2015-09,2015-10,7,17,17,0.03718996917857365,overshoot
2015-09,2015-10,8,16,16,0.027141905191610617,overshoot
2015-09,2015-10,9,17,16,0.032549478347424776,overshoot
2015-09,2015-10,10,17,17,0.024538685004940556,overshoot
2015-10,2015-11,1,17,17,0.010279567240296779,overshoot
2015-10,2015-11,2,17,17,0.008762146578549523,overshoot
2015-10,2015-11,3,16,16,0.01812566116078765,overshoot
2015-10,2015-11,4,17,17,-0.00023298985621504376,overshoot
2015-10,2015-11,5,16,16,0.013433201782733446,overshoot
2015-10,2015-11,6,17,17,0.0048032067928840275,overshoot
2015-10,2015-11,7,16,16,-0.00516901919326327,overshoot
2015-10,2015-11,8,17,17,-0.005700999242956215,overshoot
2015-10,2015-11,9,16,16,-0.004541715675347113,overshoot
2015-10,2015-11,10,17,17,0.0013979851936246428,overshoot
2015-11,2015-12,1,17,17,0.011847943593791632,overshoot
2015-11,2015-12,2,17,17,-0.0036899171936924675,overshoot
2015-11,2015-12,3,16,16,0.0006371814377860163,overshoot
2015-11,2015-12,4,17,17,0.03053147699540112,overshoot
2015-11,2015-12,5,16,16,0.012251975423993387,overshoot
2015-11,2015-12,6,17,17,0.006197019017926118,overshoot
2015-11,2015-12,7,16,16,0.011034059751463113,overshoot
2015-11,2015-12,8,17,17,0.0009135102040522422,overshoot
2015-11,2015-12,9,16,16,0.005361542339175268,overshoot
2015-11,2015-12,10,17,17,-0.0032606508309521395,overshoot
2015-12,2016-01,1,17,17,-0.040301149532617625,overshoot
2015-12,2016-01,2,17,17,-0.042057846324303774,overshoot
2015-12,2016-01,3,16,16,-0.04587448258178035,overshoot
2015-12,2016-01,4,17,17,-0.061793118677882765,overshoot
2015-12,2016-01,5,17,17,-0.0627336450931709,overshoot
2015-12,2016-01,6,16,16,-0.0557487806852164,overshoot
2015-12,2016-01,7,17,17,-0.05995469484232296,overshoot
2015-12,2016-01,8,16,16,-0.06943165278659658,overshoot
2015-12,2016-01,9,17,17,-0.0632455629050462,overshoot
2015-12,2016-01,10,17,17,-0.07375774156693828,overshoot
2016-01,2016-02,1,17,17,0.06455399229363057,overshoot
2016-01,2016-02,2,17,17,0.012675316723479754,overshoot
2016-01,2016-02,3,17,17,0.011644018149804772,overshoot
2016-01,2016-02,4,17,17,0.004164374392159879,overshoot
2016-01,2016-02,5,17,17,-0.00021721535359746114,overshoot
2016-01,2016-02,6,16,16,0.00441350374561629,overshoot
2016-01,2016-02,7,17,17,-0.004838865181102684,overshoot
2016-01,2016-02,8,17,17,-0.007125957951287656,overshoot
2016-01,2016-02,9,17,17,-0.018408581533074356,overshoot
2016-01,2016-02,10,17,17,-0.019800395913117035,overshoot
2016-02,2016-03,1,17,17,0.053798314112064476,overshoot
2016-02,2016-03,2,17,17,0.04776931270839757,overshoot
2016-02,2016-03,3,17,17,0.04457407071696602,overshoot
2016-02,2016-03,4,17,17,0.04078744461478526,overshoot
2016-02,2016-03,5,17,17,0.033036882257977254,overshoot
2016-02,2016-03,6,17,17,0.030623752915526672,overshoot
2016-02,2016-03,7,17,17,0.00924005556439197,overshoot
2016-02,2016-03,8,17,17,0.019642678447868215,overshoot
2016-02,2016-03,9,17,17,0.008901459385819255,overshoot
2016-02,2016-03,10,17,17,0.02175787573797908,overshoot
2016-03,2016-04,1,17,17,0.04053436557083855,overshoot
2016-03,2016-04,2,17,17,0.03007291898681878,overshoot
2016-03,2016-04,3,17,17,0.02081986648199529,overshoot
2016-03,2016-04,4,17,17,0.0274678829373611,overshoot
2016-03,2016-04,5,17,17,0.017950410734614963,overshoot
2016-03,2016-04,6,17,17,0.015013257842371966,overshoot
2016-03,2016-04,7,17,17,0.012885347803413308,overshoot
2016-03,2016-04,8,17,17,0.01713578569745673,overshoot
2016-03,2016-04,9,17,17,0.0017983241361870207,overshoot
2016-03,2016-04,10,17,16,-0.005150939169335476,overshoot
2016-04,2016-05,1,17,17,0.0003748224385513,overshoot
2016-04,2016-05,2,17,17,0.00859564705975846,overshoot
2016-04,2016-05,3,17,17,-0.010954151099237768,overshoot
2016-04,2016-05,4,17,17,-0.00016721703538492104,overshoot
2016-04,2016-05,5,17,17,-0.011673421458667932,overshoot
2016-04,2016-05,6,16,16,0.005963078181177875,overshoot
2016-04,2016-05,7,17,17,0.011388666935236005,overshoot
2016-04,2016-05,8,17,17,0.003230723269005616,overshoot
2016-04,2016-05,9,17,17,-0.010779870533518907,overshoot
2016-04,2016-05,10,17,17,-0.0017142683050989877,overshoot
2016-05,2016-06,1,17,17,0.04081597007358866,overshoot
2016-05,2016-06,2,17,17,0.018737776137501893,overshoot
2016-05,2016-06,3,17,17,0.044730695840214496,overshoot
2016-05,2016-06,4,17,17,0.0052486151548509705,overshoot
2016-05,2016-06,5,17,17,0.012339518767475214,overshoot
2016-05,2016-06,6,16,16,0.010199481552841248,overshoot
2016-05,2016-06,7,17,17,0.036623201648033926,overshoot
2016-05,2016-06,8,17,17,-0.022911591181411534,overshoot
2016-05,2016-06,9,17,17,-0.0011552212003300242,overshoot
2016-05,2016-06,10,17,16,-0.04256434231381837,overshoot
2016-06,2016-07,1,17,16,0.10705022751010786,overshoot
2016-06,2016-07,2,17,17,0.08687551672089376,overshoot
2016-06,2016-07,3,17,17,0.08299748269250747,overshoot
2016-06,2016-07,4,16,15,0.06979995927003557,overshoot
2016-06,2016-07,5,17,17,0.06747549994302528,overshoot
2016-06,2016-07,6,17,17,0.08311076012810387,overshoot
2016-06,2016-07,7,16,16,0.0564837182801821,overshoot
2016-06,2016-07,8,17,17,0.06693445374704837,overshoot
2016-06,2016-07,9,17,17,0.054352798500598265,overshoot
2016-06,2016-07,10,17,17,0.0417171621593165,overshoot
2016-07,2016-08,1,17,17,0.044148549327978605,overshoot
2016-07,2016-08,2,17,17,0.030154947659568276,overshoot
2016-07,2016-08,3,16,16,0.030524027124357346,overshoot
2016-07,2016-08,4,17,17,0.026569738497572524,overshoot
2016-07,2016-08,5,16,16,0.0245553355804094,overshoot
2016-07,2016-08,6,17,17,0.02263136677763876,overshoot
2016-07,2016-08,7,16,16,0.015663557427202712,overshoot
2016-07,2016-08,8,17,17,0.02527474319185554,overshoot
2016-07,2016-08,9,16,16,-0.002496145389430937,overshoot
2016-07,2016-08,10,17,17,0.002790239231076457,overshoot
2016-08,2016-09,1,17,17,0.022277892497500465,overshoot
2016-08,2016-09,2,17,17,0.013332378797052716,overshoot
2016-08,2016-09,3,17,17,0.010632916655156715,overshoot
2016-08,2016-09,4,17,17,0.030106144452591684,overshoot
2016-08,2016-09,5,17,17,0.007376865282232372,overshoot
2016-08,2016-09,6,16,16,0.02920331998720234,overshoot
2016-08,2016-09,7,17,17,0.018953708719746696,overshoot
2016-08,2016-09,8,17,17,0.005092983543236024,overshoot
2016-08,2016-09,9,17,17,0.01790812246238483,overshoot
2016-08,2016-09,10,17,17,0.006599290734624397,overshoot
2016-09,2016-10,1,17,17,0.00748377495140304,overshoot
2016-09,2016-10,2,17,17,0.0281500224571198,overshoot
2016-09,2016-10,3,17,17,0.02520709859757307,overshoot
2016-09,2016-10,4,17,17,0.03076163733891788,overshoot
2016-09,2016-10,5,17,17,0.014745725605848747,overshoot
2016-09,2016-10,6,16,16,0.03170473327611828,overshoot
2016-09,2016-10,7,17,17,0.012688321168347878,overshoot
2016-09,2016-10,8,17,17,0.03252874360412507,overshoot
2016-09,2016-10,9,17,17,0.005320580047570274,overshoot
2016-09,2016-10,10,17,17,0.007698496980946229,overshoot
2016-10,2016-11,1,17,17,0.0029666358991221804,overshoot
2016-10,2016-11,2,17,17,-0.012018359141986013,overshoot
2016-10,2016-11,3,16,16,-0.02946080893324509,overshoot
2016-10,2016-11,4,17,17,-0.03966048254225729,overshoot
2016-10,2016-11,5,17,17,-0.005591897761252723,overshoot
2016-10,2016-11,6,16,15,-0.028037965347525933,overshoot
2016-10,2016-11,7,17,17,-0.01821741043925588,overshoot
2016-10,2016-11,8,16,16,-0.04044438977771701,overshoot
2016-10,2016-11,9,17,17,-0.006735097881390908,overshoot
2016-10,2016-11,10,17,17,-0.033471995495193974,overshoot
2016-11,2016-12,1,17,17,0.05880214854595833,overshoot
2016-11,2016-12,2,17,17,0.036294891042517166,overshoot
2016-11,2016-12,3,17,17,0.04705407581897266,overshoot
2016-11,2016-12,4,17,17,0.03227269010239092,overshoot
2016-11,2016-12,5,17,16,0.0324861623240507,overshoot
2016-11,2016-12,6,16,16,0.018422464779038153,overshoot
2016-11,2016-12,7,17,16,0.038143875372134275,overshoot
2016-11,2016-12,8,17,17,0.04332217512108166,overshoot
2016-11,2016-12,9,17,17,0.029143262423999984,overshoot
2016-11,2016-12,10,17,17,0.008149756460260909,overshoot
2016-12,2017-01,1,17,17,0.027666182158685482,overshoot
2016-12,2017-01,2,17,17,0.021321468752408937,overshoot
2016-12,2017-01,3,17,17,0.0261688354626753,overshoot
2016-12,2017-01,4,16,16,0.01687902112637868,overshoot
2016-12,2017-01,5,17,17,0.021417306564556753,overshoot
2016-12,2017-01,6,17,17,0.023224950982688522,overshoot
2016-12,2017-01,7,16,16,0.049186785584686255,overshoot
2016-12,2017-01,8,17,17,0.006201908441499763,overshoot
2016-12,2017-01,9,17,17,0.00814616727744056,overshoot
2016-12,2017-01,10,17,17,-0.010998919773334748,overshoot
2017-01,2017-02,1,17,16,0.047224616760364754,overshoot
2017-01,2017-02,2,17,17,0.04472694895767832,overshoot
2017-01,2017-02,3,17,17,0.028450364203813003,overshoot
2017-01,2017-02,4,17,17,0.03096209103341207,overshoot
2017-01,2017-02,5,17,17,0.021606087047517247,overshoot
2017-01,2017-02,6,17,17,0.0307424660380398,overshoot
2017-01,2017-02,7,17,17,0.017872679776325243,overshoot
2017-01,2017-02,8,17,16,0.0321989362691779,overshoot
2017-01,2017-02,9,17,17,0.015645598662385476,overshoot
2017-01,2017-02,10,17,17,0.021461293348160552,overshoot
2017-02,2017-03,1,17,17,0.030224804794630057,overshoot
2017-02,2017-03,2,17,17,0.028152462398464334,overshoot
2017-02,2017-03,3,16,16,0.0210357503084816,overshoot
2017-02,2017-03,4,17,17,0.01761855775159465,overshoot
2017-02,2017-03,5,17,17,0.013294142934642724,overshoot
2017-02,2017-03,6,16,15,0.008860919110784111,overshoot
2017-02,2017-03,7,17,16,0.018044205648646366,overshoot
2017-02,2017-03,8,16,16,0.007814313577609457,overshoot
2017-02,2017-03,9,17,17,0.005417271510180031,overshoot
2017-02,2017-03,10,17,17,0.001636601633767606,overshoot
2017-03,2017-04,1,17,17,0.027671944941513756,overshoot
2017-03,2017-04,2,17,16,0.034771075344179926,overshoot
2017-03,2017-04,3,16,16,0.005888382838651583,overshoot
2017-03,2017-04,4,17,17,0.017352167910921076,overshoot
2017-03,2017-04,5,16,15,0.018239479672676272,overshoot
2017-03,2017-04,6,17,17,0.01292733615655266,overshoot
2017-03,2017-04,7,16,16,-9.592569644343435e-05,overshoot
2017-03,2017-04,8,17,17,-0.006701142816082969,overshoot
2017-03,2017-04,9,16,16,-0.006776243825400187,overshoot
2017-03,2017-04,10,17,16,-0.001166757504929547,overshoot
2017-04,2017-05,1,17,17,0.037432468251504106,overshoot
2017-04,2017-05,2,16,16,0.028171718842989996,overshoot
2017-04,2017-05,3,16,16,0.04234249642931902,overshoot
2017-04,2017-05,4,17,17,0.02728937853966227,overshoot
2017-04,2017-05,5,16,16,0.0400745099156561,overshoot
2017-04,2017-05,6,16,16,0.027369931119245558,overshoot
2017-04,2017-05,7,17,17,0.027814801510792082,overshoot
2017-04,2017-05,8,16,16,0.025963219175259976,overshoot
2017-04,2017-05,9,16,16,0.0208536849737821,overshoot
2017-04,2017-05,10,17,17,0.025557220628517625,overshoot
2017-05,2017-06,1,17,17,-0.02497188019839581,overshoot
2017-05,2017-06,2,17,17,0.0031916726222755726,overshoot
2017-05,2017-06,3,17,17,-0.008009995662499955,overshoot
2017-05,2017-06,4,17,17,-0.014860868468494999,overshoot
2017-05,2017-06,5,17,17,-0.0019910177405409162,overshoot
2017-05,2017-06,6,16,16,0.004517485519507855,overshoot
2017-05,2017-06,7,17,17,0.0030597162352256264,overshoot
2017-05,2017-06,8,17,17,-0.006220966127909873,overshoot
2017-05,2017-06,9,17,16,-0.008987377501951645,overshoot
2017-05,2017-06,10,17,17,0.0062849302637764705,overshoot
2017-06,2017-07,1,17,17,0.035059844443405104,overshoot
2017-06,2017-07,2,17,17,0.025034007839649323,overshoot
2017-06,2017-07,3,17,17,0.017237053947757194,overshoot
2017-06,2017-07,4,16,16,0.023660234792513356,overshoot
2017-06,2017-07,5,17,17,0.024821410002251465,overshoot
2017-06,2017-07,6,17,17,0.02150827330610059,overshoot
2017-06,2017-07,7,16,16,0.007499198369560249,overshoot
2017-06,2017-07,8,17,17,0.005356779583134761,overshoot
2017-06,2017-07,9,17,17,0.0006983905717968808,overshoot
2017-06,2017-07,10,17,17,-0.000776963898261207,overshoot
2017-07,2017-08,1,17,17,0.026103081810666718,overshoot
2017-07,2017-08,2,16,16,0.021727978036871584,overshoot
2017-07,2017-08,3,16,16,0.02663938398418631,overshoot
2017-07,2017-08,4,17,17,0.01713212231416017,overshoot
2017-07,2017-08,5,16,16,0.0147636494474465,overshoot
2017-07,2017-08,6,16,16,0.013472106042759592,overshoot
2017-07,2017-08,7,17,17,0.002987808019991636,overshoot
2017-07,2017-08,8,16,16,0.017104383968968344,overshoot
2017-07,2017-08,9,16,16,0.008033386619939728,overshoot
2017-07,2017-08,10,17,17,0.019316762190436734,overshoot
2017-08,2017-09,1,17,17,0.0004453322366685778,overshoot
2017-08,2017-09,2,17,17,-0.00773853370641579,overshoot
2017-08,2017-09,3,17,17,-0.008431781335483945,overshoot
2017-08,2017-09,4,17,17,-0.0007627237589838964,overshoot
2017-08,2017-09,5,17,17,-0.0047444455438938535,overshoot
2017-08,2017-09,6,16,16,-0.01157542033065128,overshoot
2017-08,2017-09,7,17,17,-0.007953966826249466,overshoot
2017-08,2017-09,8,17,17,-0.01144439047591375,overshoot
2017-08,2017-09,9,17,17,-0.015628058337941394,overshoot
2017-08,2017-09,10,17,17,-0.019175720076501146,overshoot
2017-09,2017-10,1,17,17,0.03326214664882991,overshoot
2017-09,2017-10,2,17,17,0.02948532422027981,overshoot
2017-09,2017-10,3,17,17,0.0241555621610428,overshoot
2017-09,2017-10,4,17,17,0.028270288992824525,overshoot
2017-09,2017-10,5,17,17,0.03463159779707912,overshoot
2017-09,2017-10,6,16,16,0.023629705485138083,overshoot
2017-09,2017-10,7,17,17,0.02204931261417312,overshoot
2017-09,2017-10,8,17,17,0.015437989226827003,overshoot
2017-09,2017-10,9,17,17,0.01761406142909309,overshoot
2017-09,2017-10,10,17,17,0.042430455020416855,overshoot
2017-10,2017-11,1,17,17,0.0020145946570676717,overshoot
2017-10,2017-11,2,17,17,-0.003992117180358105,overshoot
2017-10,2017-11,3,17,17,-0.0005795010963279508,overshoot
2017-10,2017-11,4,17,17,-0.0039370043573838664,overshoot
2017-10,2017-11,5,17,17,0.003914146414472872,overshoot
2017-10,2017-11,6,17,17,0.00391330140723725,overshoot
2017-10,2017-11,7,17,17,0.010142446460188614,overshoot
2017-10,2017-11,8,17,17,-0.01000844692574661,overshoot
2017-10,2017-11,9,17,17,-0.0038021506916024626,overshoot
2017-10,2017-11,10,17,17,0.036869627554753204,overshoot
2017-11,2017-12,1,18,18,0.04151682036730026,overshoot
2017-11,2017-12,2,17,17,0.027177739415899724,overshoot
2017-11,2017-12,3,17,17,0.03590092951792072,overshoot
2017-11,2017-12,4,17,17,0.033970998188844276,overshoot
2017-11,2017-12,5,17,17,0.014197344007052819,overshoot
2017-11,2017-12,6,17,17,0.017346882406824613,overshoot
2017-11,2017-12,7,16,16,0.020639573026505362,overshoot
2017-11,2017-12,8,18,18,0.014031181484112433,overshoot
2017-11,2017-12,9,17,17,0.009131235721470225,overshoot
2017-11,2017-12,10,17,17,-0.002835117029135127,overshoot
2017-12,2018-01,1,18,18,0.00130609818585888,overshoot
2017-12,2018-01,2,17,17,0.010107525647640378,overshoot
2017-12,2018-01,3,17,17,0.011539389145739336,overshoot
2017-12,2018-01,4,17,17,0.01376817406302625,overshoot
2017-12,2018-01,5,17,17,0.007898317154394884,overshoot
2017-12,2018-01,6,17,17,0.011249466922317652,overshoot
2017-12,2018-01,7,16,16,0.011797066477991641,overshoot
2017-12,2018-01,8,18,18,-0.00834513176475754,overshoot
2017-12,2018-01,9,17,17,0.01029128486776841,overshoot
2017-12,2018-01,10,17,17,0.00805761355817786,overshoot
2018-01,2018-02,1,18,18,-0.02610172512867171,overshoot
2018-01,2018-02,2,17,17,-0.019299440896323673,overshoot
2018-01,2018-02,3,17,17,-0.017131816597395294,overshoot
2018-01,2018-02,4,17,17,-0.024864075470825395,overshoot
2018-01,2018-02,5,17,17,-0.022588680127304,overshoot
2018-01,2018-02,6,17,17,-0.030022551415099713,overshoot
2018-01,2018-02,7,16,16,-0.030335439670561903,overshoot
2018-01,2018-02,8,18,18,-0.03152136171421515,overshoot
2018-01,2018-02,9,17,17,-0.03928840430580479,overshoot
2018-01,2018-02,10,17,17,-0.027165046914222984,overshoot
2018-02,2018-03,1,18,18,-0.02145747942060476,overshoot
2018-02,2018-03,2,17,17,-0.024979474192099012,overshoot
2018-02,2018-03,3,17,17,-0.0252460789814819,overshoot
2018-02,2018-03,4,17,17,-0.031056986266768703,overshoot
2018-02,2018-03,5,17,17,-0.020979506940462547,overshoot
2018-02,2018-03,6,17,17,-0.022944003614872737,overshoot
2018-02,2018-03,7,16,16,-0.02244499551497086,overshoot
2018-02,2018-03,8,18,18,-0.015046089943690666,overshoot
2018-02,2018-03,9,17,17,-0.03917671969923661,overshoot
2018-02,2018-03,10,17,17,-0.03693527721404267,overshoot
2018-03,2018-04,1,18,18,0.03166311628232099,overshoot
2018-03,2018-04,2,17,17,0.03197291932836948,overshoot
2018-03,2018-04,3,17,17,0.03320996283360831,overshoot
2018-03,2018-04,4,17,17,0.03243115840230112,overshoot
2018-03,2018-04,5,17,17,0.028659083084689035,overshoot
2018-03,2018-04,6,17,17,0.028596395283667943,overshoot
2018-03,2018-04,7,17,17,0.029131426878451383,overshoot
2018-03,2018-04,8,17,17,0.031048289666510277,overshoot
2018-03,2018-04,9,17,17,0.026357330974425407,overshoot
2018-03,2018-04,10,18,17,0.020721904749949654,overshoot
2018-04,2018-05,1,18,18,0.03326532020435243,overshoot
2018-04,2018-05,2,17,17,0.0073114790378750495,overshoot
2018-04,2018-05,3,17,17,-0.0035313547285442345,overshoot
2018-04,2018-05,4,17,17,0.016988158211493597,overshoot
2018-04,2018-05,5,17,17,0.013258847559495043,overshoot
2018-04,2018-05,6,17,17,0.016352023908666524,overshoot
2018-04,2018-05,7,16,16,0.02108055354148091,overshoot
2018-04,2018-05,8,18,18,0.021762577613296957,overshoot
2018-04,2018-05,9,17,17,0.01429960677092846,overshoot
2018-04,2018-05,10,17,17,0.026655625786978693,overshoot
2018-05,2018-06,1,17,17,-0.009823110226392628,overshoot
2018-05,2018-06,2,17,17,0.0062602072062811175,overshoot
2018-05,2018-06,3,17,17,0.003211634072187484,overshoot
2018-05,2018-06,4,17,17,-0.012318113223856878,overshoot
2018-05,2018-06,5,17,17,-0.0005135758500805466,overshoot
2018-05,2018-06,6,17,17,-0.003751091226220546,overshoot
2018-05,2018-06,7,17,17,-0.0032307908714797246,overshoot
2018-05,2018-06,8,17,17,0.007358541743366561,overshoot
2018-05,2018-06,9,17,17,0.0008523978994969751,overshoot
2018-05,2018-06,10,17,17,-0.00017063988311042324,overshoot
2018-06,2018-07,1,18,18,0.02913668493134136,overshoot
2018-06,2018-07,2,17,17,0.032419312056774174,overshoot
2018-06,2018-07,3,17,17,0.01640406670888998,overshoot
2018-06,2018-07,4,17,17,0.027031941482604342,overshoot
2018-06,2018-07,5,17,17,0.02064886925940377,overshoot
2018-06,2018-07,6,17,17,0.007288268572882104,overshoot
2018-06,2018-07,7,17,17,0.014003448616998988,overshoot
2018-06,2018-07,8,17,17,0.010804413725062807,overshoot
2018-06,2018-07,9,17,17,0.0037928529422860727,overshoot
2018-06,2018-07,10,18,18,-0.007369026127635446,overshoot
2018-07,2018-08,1,18,18,-0.0023926634069262997,overshoot
2018-07,2018-08,2,17,17,-0.008198098072596279,overshoot
2018-07,2018-08,3,17,17,-0.014522222906385248,overshoot
2018-07,2018-08,4,17,17,-0.01024760580838652,overshoot
2018-07,2018-08,5,17,17,0.002133607297436273,overshoot
2018-07,2018-08,6,17,17,-0.01694098135514252,overshoot
2018-07,2018-08,7,16,16,-0.005437511738818339,overshoot
2018-07,2018-08,8,18,18,-0.005793044703413186,overshoot
2018-07,2018-08,9,17,17,-0.0033658879055935694,overshoot
2018-07,2018-08,10,17,17,-0.009125299792790517,overshoot
2018-08,2018-09,1,18,18,-0.005750906994521354,overshoot
2018-08,2018-09,2,17,17,-0.014142246216479075,overshoot
2018-08,2018-09,3,17,17,-0.00042010373971570217,overshoot
2018-08,2018-09,4,17,17,0.00028427605075009854,overshoot
2018-08,2018-09,5,17,17,-0.014521903219223406,overshoot
2018-08,2018-09,6,17,17,-0.007177173871993328,overshoot
2018-08,2018-09,7,16,16,-0.0013855871242851522,overshoot
2018-08,2018-09,8,18,17,-0.01059269226128858,overshoot
2018-08,2018-09,9,17,17,-0.021975027837511596,overshoot
2018-08,2018-09,10,17,17,-0.010537773691554541,overshoot
2018-09,2018-10,1,18,18,-0.03575001548925394,overshoot
2018-09,2018-10,2,17,17,-0.04312795165323811,overshoot
2018-09,2018-10,3,17,17,-0.06569252056329249,overshoot
2018-09,2018-10,4,18,18,-0.07025353435747164,overshoot
2018-09,2018-10,5,17,17,-0.06686721062811676,overshoot
2018-09,2018-10,6,17,16,-0.07043152736676635,overshoot
2018-09,2018-10,7,18,17,-0.07387159464137785,overshoot
2018-09,2018-10,8,17,17,-0.07124696542802109,overshoot
2018-09,2018-10,9,17,17,-0.07543063217568913,overshoot
2018-09,2018-10,10,18,17,-0.07999831868967551,overshoot
2018-10,2018-11,1,18,18,0.020462427063555617,overshoot
2018-10,2018-11,2,17,17,0.0034841432678512463,overshoot
2018-10,2018-11,3,17,17,0.0011674465990940946,overshoot
2018-10,2018-11,4,17,17,0.025370310826785817,overshoot
2018-10,2018-11,5,17,17,-0.009217804735892746,overshoot
2018-10,2018-11,6,17,17,0.01934641090994557,overshoot
2018-10,2018-11,7,17,16,-0.005874709379678919,overshoot
2018-10,2018-11,8,17,17,0.0018093973716586517,overshoot
2018-10,2018-11,9,17,17,-0.0017660211286513966,overshoot
2018-10,2018-11,10,18,18,-0.007881124308086308,overshoot
2018-11,2018-12,1,17,17,-0.009458287376044195,overshoot
2018-11,2018-12,2,17,17,-0.0389790915800539,overshoot
2018-11,2018-12,3,17,17,-0.017088935340598795,overshoot
2018-11,2018-12,4,17,17,-0.047187863549105265,overshoot
2018-11,2018-12,5,17,17,-0.05273218938529706,overshoot
2018-11,2018-12,6,17,17,-0.06152151605279797,overshoot
2018-11,2018-12,7,17,17,-0.04743535778886575,overshoot
2018-11,2018-12,8,17,17,-0.04484741877845212,overshoot
2018-11,2018-12,9,17,17,-0.06083957166566189,overshoot
2018-11,2018-12,10,17,17,-0.052472358555397725,overshoot
2018-12,2019-01,1,17,17,0.05929120133545462,overshoot
2018-12,2019-01,2,17,17,0.06237073611554897,overshoot
2018-12,2019-01,3,17,17,0.05270478602394531,overshoot
2018-12,2019-01,4,17,17,0.05056972278434073,overshoot
2018-12,2019-01,5,17,17,0.029524772651081926,overshoot
2018-12,2019-01,6,16,16,0.04211304887772187,overshoot
2018-12,2019-01,7,17,17,0.04787510605841237,overshoot
2018-12,2019-01,8,17,17,0.0403799629092198,overshoot
2018-12,2019-01,9,17,17,0.03839010001665506,overshoot
2018-12,2019-01,10,17,17,0.005004975456116837,overshoot
2019-01,2019-02,1,18,18,0.018308853724566636,overshoot
2019-01,2019-02,2,17,17,0.03373850542509643,overshoot
2019-01,2019-02,3,17,17,0.025114974457984947,overshoot
2019-01,2019-02,4,17,17,0.011135409992355523,overshoot
2019-01,2019-02,5,17,17,0.007500021143655372,overshoot
2019-01,2019-02,6,17,16,0.02438761866641946,overshoot
2019-01,2019-02,7,16,16,0.022455841129566508,overshoot
2019-01,2019-02,8,18,18,0.00558732635192387,overshoot
2019-01,2019-02,9,17,17,0.010274206675016048,overshoot
2019-01,2019-02,10,17,17,0.020962795093512378,overshoot
2019-02,2019-03,1,17,17,0.007386399306217415,overshoot
2019-02,2019-03,2,17,17,0.012638259047712541,overshoot
2019-02,2019-03,3,17,17,0.005875628271954445,overshoot
2019-02,2019-03,4,17,17,0.0020916130775791085,overshoot
2019-02,2019-03,5,17,17,0.008840102716002622,overshoot
2019-02,2019-03,6,17,17,0.006319024471294033,overshoot
2019-02,2019-03,7,17,17,0.021733868346970695,overshoot
2019-02,2019-03,8,17,17,0.018507570621048797,overshoot
2019-02,2019-03,9,17,17,0.01838959661872214,overshoot
2019-02,2019-03,10,17,17,0.01296703447333643,overshoot
2019-03,2019-04,1,18,17,0.041524553934585706,overshoot
2019-03,2019-04,2,17,17,0.04903273730333928,overshoot
2019-03,2019-04,3,17,17,0.04505767368511283,overshoot
2019-03,2019-04,4,17,17,0.0521444258897438,overshoot
2019-03,2019-04,5,17,17,0.038434463351052495,overshoot
2019-03,2019-04,6,17,17,0.03587985809992928,overshoot
2019-03,2019-04,7,16,16,0.029308220980979516,overshoot
2019-03,2019-04,8,18,18,0.028764869991530433,overshoot
2019-03,2019-04,9,17,17,0.02815136367961194,overshoot
2019-03,2019-04,10,17,16,0.042690540122779466,overshoot
2019-04,2019-05,1,18,18,-0.03780875719770844,overshoot
2019-04,2019-05,2,17,17,-0.023173888693171777,overshoot
2019-04,2019-05,3,17,17,-0.021350485352993748,overshoot
2019-04,2019-05,4,17,17,-0.03257228706938387,overshoot
2019-04,2019-05,5,17,17,-0.021172519469269176,overshoot
2019-04,2019-05,6,17,17,-0.020440144243072146,overshoot
2019-04,2019-05,7,16,16,-0.02159776765399265,overshoot
2019-04,2019-05,8,18,18,-0.027712960893082124,overshoot
2019-04,2019-05,9,17,17,-0.04352928037215417,overshoot
2019-04,2019-05,10,17,17,-0.03864535231508492,overshoot
2019-05,2019-06,1,18,18,0.029782743784795965,overshoot
2019-05,2019-06,2,17,17,0.03987134281699626,overshoot
2019-05,2019-06,3,17,17,0.028238737190434897,overshoot
2019-05,2019-06,4,17,17,0.05045772350088693,overshoot
2019-05,2019-06,5,18,18,0.04316644156312932,overshoot
2019-05,2019-06,6,17,17,0.03391885278000819,overshoot
2019-05,2019-06,7,17,17,0.04592156843238676,overshoot
2019-05,2019-06,8,17,17,0.03181637950685592,overshoot
2019-05,2019-06,9,17,17,0.03276191657488864,overshoot
2019-05,2019-06,10,18,18,0.02648554518368897,overshoot
2019-06,2019-07,1,18,18,0.015613470599112179,overshoot
2019-06,2019-07,2,17,17,0.015753308220204775,overshoot
2019-06,2019-07,3,17,17,0.0321557787820998,overshoot
2019-06,2019-07,4,18,18,0.024132868303232857,overshoot
2019-06,2019-07,5,17,17,0.009521203665541786,overshoot
2019-06,2019-07,6,17,17,0.02305955296545843,overshoot
2019-06,2019-07,7,18,18,0.020368671303541308,overshoot
2019-06,2019-07,8,17,17,0.01940401980911966,overshoot
2019-06,2019-07,9,17,16,0.013197662979579333,overshoot
2019-06,2019-07,10,18,18,-0.008684344799132993,overshoot
2019-07,2019-08,1,18,18,-0.04169843565474706,overshoot
2019-07,2019-08,2,17,17,-0.03735494345293276,overshoot
2019-07,2019-08,3,17,17,-0.03513021915300966,overshoot
2019-07,2019-08,4,17,17,-0.037442574960527664,overshoot
2019-07,2019-08,5,17,17,-0.03898549544931933,overshoot
2019-07,2019-08,6,17,17,-0.04849620477695489,overshoot
2019-07,2019-08,7,16,16,-0.0331933690055873,overshoot
2019-07,2019-08,8,18,18,-0.03649536814515238,overshoot
2019-07,2019-08,9,17,17,-0.057213584954805684,overshoot
2019-07,2019-08,10,17,17,-0.04482229384034245,overshoot
2019-08,2019-09,1,18,18,0.045537720557400935,overshoot
2019-08,2019-09,2,17,17,0.03030629399315214,overshoot
2019-08,2019-09,3,17,17,0.02430551991641212,overshoot
2019-08,2019-09,4,17,17,0.014489394454543251,overshoot
2019-08,2019-09,5,18,18,0.010389209846830469,overshoot
2019-08,2019-09,6,17,17,0.014472778075857314,overshoot
2019-08,2019-09,7,17,17,0.015992467331665497,overshoot
2019-08,2019-09,8,17,17,0.011731998179611739,overshoot
2019-08,2019-09,9,17,17,0.01899571756655086,overshoot
2019-08,2019-09,10,18,17,-0.021536219030171562,overshoot
2019-09,2019-10,1,18,18,-0.003508922539609882,overshoot
2019-09,2019-10,2,17,17,-0.0035508702195391354,overshoot
2019-09,2019-10,3,17,17,-0.012810079084481736,overshoot
2019-09,2019-10,4,17,17,-0.001510127889338797,overshoot
2019-09,2019-10,5,17,17,0.0039035453732288615,overshoot
2019-09,2019-10,6,17,17,-0.014918197794537742,overshoot
2019-09,2019-10,7,17,17,0.00027387245319500294,overshoot
2019-09,2019-10,8,17,17,0.0003334607988416018,overshoot
2019-09,2019-10,9,17,17,-0.023972079838263518,overshoot
2019-09,2019-10,10,18,17,-0.012142655495207917,overshoot
2019-10,2019-11,1,18,18,0.037712278922679164,overshoot
2019-10,2019-11,2,17,17,0.02640260265468383,overshoot
2019-10,2019-11,3,17,17,0.03366220307221567,overshoot
2019-10,2019-11,4,17,17,0.03825310044563401,overshoot
2019-10,2019-11,5,17,17,0.0434782060381988,overshoot
2019-10,2019-11,6,17,17,0.01898924088798048,overshoot
2019-10,2019-11,7,16,16,0.029927571248639963,overshoot
2019-10,2019-11,8,18,18,0.027814392270216544,overshoot
2019-10,2019-11,9,17,16,0.03244673905499587,overshoot
2019-10,2019-11,10,17,17,0.023596601114492036,overshoot
2019-11,2019-12,1,17,17,0.07749025554402679,overshoot
2019-11,2019-12,2,17,17,0.042858725491500944,overshoot
2019-11,2019-12,3,17,17,0.031864739342084045,overshoot
2019-11,2019-12,4,17,17,0.03664294333035414,overshoot
2019-11,2019-12,5,17,17,0.033200428101964496,overshoot
2019-11,2019-12,6,17,17,0.030898596636561627,overshoot
2019-11,2019-12,7,17,17,0.036653538387112106,overshoot
2019-11,2019-12,8,17,17,0.03188505373341605,overshoot
2019-11,2019-12,9,17,17,0.030405111190728758,overshoot
2019-11,2019-12,10,17,17,0.0760450227783101,overshoot
2019-12,2020-01,1,17,17,0.00433185337212599,overshoot
2019-12,2020-01,2,17,17,-0.02243819670360875,overshoot
2019-12,2020-01,3,17,17,-0.021621111472612527,overshoot
2019-12,2020-01,4,17,17,-0.01984146779778621,overshoot
2019-12,2020-01,5,17,17,-0.019920243147020025,overshoot
2019-12,2020-01,6,17,17,-0.027839798428387515,overshoot
2019-12,2020-01,7,17,17,-0.025428815267325152,overshoot
2019-12,2020-01,8,17,17,-0.009357607186190635,overshoot
2019-12,2020-01,9,17,17,-0.03500358459916366,overshoot
2019-12,2020-01,10,17,17,-0.037324948381706524,overshoot
2020-01,2020-02,1,17,17,-0.10117403132758962,overshoot
2020-01,2020-02,2,17,17,-0.0684658477467307,overshoot
2020-01,2020-02,3,17,17,-0.10004849547698214,overshoot
2020-01,2020-02,4,17,17,-0.09223686520028718,overshoot
2020-01,2020-02,5,17,17,-0.09662369309283379,overshoot
2020-01,2020-02,6,17,17,-0.0817026406766239,overshoot
2020-01,2020-02,7,17,17,-0.09716314699853663,overshoot
2020-01,2020-02,8,17,17,-0.10495263557694023,overshoot
2020-01,2020-02,9,17,17,-0.08937602767644262,overshoot
2020-01,2020-02,10,17,17,-0.1151227462440597,overshoot
2020-02,2020-03,1,18,18,-0.11185786470919365,overshoot
2020-02,2020-03,2,17,17,-0.11840511778515414,overshoot
2020-02,2020-03,3,17,17,-0.11472269710600214,overshoot
2020-02,2020-03,4,17,17,-0.18266535510496373,overshoot
2020-02,2020-03,5,17,17,-0.2147042841061842,overshoot
2020-02,2020-03,6,17,17,-0.1679054341101665,overshoot
2020-02,2020-03,7,16,16,-0.18611828540306688,overshoot
2020-02,2020-03,8,18,18,-0.18587173438949534,overshoot
2020-02,2020-03,9,17,17,-0.19778690254649267,overshoot
2020-02,2020-03,10,17,17,-0.22035290655581774,overshoot
2020-03,2020-04,1,18,17,0.18945691983649618,overshoot
2020-03,2020-04,2,17,17,0.1568325143547648,overshoot
2020-03,2020-04,3,17,17,0.1238900620129213,overshoot
2020-03,2020-04,4,17,17,0.1554946834374679,overshoot
2020-03,2020-04,5,17,17,0.09612210013675228,overshoot
2020-03,2020-04,6,17,17,0.08320501092650795,overshoot
2020-03,2020-04,7,17,17,0.10035470654548226,overshoot
2020-03,2020-04,8,17,17,0.08686672294568078,overshoot
2020-03,2020-04,9,17,17,0.06735148570289198,overshoot
2020-03,2020-04,10,18,18,0.06594552818464755,overshoot
2020-04,2020-05,1,18,18,0.0460758522663737,overshoot
2020-04,2020-05,2,17,17,0.06563759640063241,overshoot
2020-04,2020-05,3,17,17,0.019863025691080463,overshoot
2020-04,2020-05,4,17,17,0.02911453431689038,overshoot
2020-04,2020-05,5,17,17,0.04806793406229536,overshoot
2020-04,2020-05,6,17,17,0.04398791766224868,overshoot
2020-04,2020-05,7,17,17,0.023661218841312292,overshoot
2020-04,2020-05,8,17,17,0.04237105029071452,overshoot
2020-04,2020-05,9,17,17,0.05134075580662249,overshoot
2020-04,2020-05,10,18,18,0.015342256666317087,overshoot
2020-05,2020-06,1,18,17,0.05333113202739364,overshoot
2020-05,2020-06,2,17,17,0.05405257465391348,overshoot
2020-05,2020-06,3,17,17,0.02419563498802456,overshoot
2020-05,2020-06,4,17,17,0.02029326992851164,overshoot
2020-05,2020-06,5,17,17,0.0216812778424637,overshoot
2020-05,2020-06,6,17,17,0.029801191601821004,overshoot
2020-05,2020-06,7,17,17,0.02925340383754669,overshoot
2020-05,2020-06,8,17,17,0.025161550446512047,overshoot
2020-05,2020-06,9,17,17,0.019386409976020806,overshoot
2020-05,2020-06,10,18,18,0.043904707080872074,overshoot
2020-06,2020-07,1,18,18,0.005668895252090893,overshoot
2020-06,2020-07,2,17,17,0.009711519519701884,overshoot
2020-06,2020-07,3,17,17,-0.01619094851323385,overshoot
2020-06,2020-07,4,17,17,-0.013446321387346694,overshoot
2020-06,2020-07,5,17,17,-0.006980612807812181,overshoot
2020-06,2020-07,6,17,17,0.003549028662169146,overshoot
2020-06,2020-07,7,16,16,-0.011341313382843068,overshoot
2020-06,2020-07,8,18,18,-0.01887269321073785,overshoot
2020-06,2020-07,9,17,17,-0.003146124808609423,overshoot
2020-06,2020-07,10,17,17,0.006451713084882395,overshoot
2020-07,2020-08,1,18,18,0.047138452063236955,overshoot
2020-07,2020-08,2,17,17,0.053150833247747144,overshoot
2020-07,2020-08,3,17,17,0.035434024267118745,overshoot
2020-07,2020-08,4,17,17,0.031095704986802083,overshoot
2020-07,2020-08,5,17,17,0.017675223987434478,overshoot
2020-07,2020-08,6,17,17,0.0247129170700221,overshoot
2020-07,2020-08,7,16,16,0.026837190410594812,overshoot
2020-07,2020-08,8,18,18,0.03333942401354123,overshoot
2020-07,2020-08,9,17,17,0.019474248714478018,overshoot
2020-07,2020-08,10,17,16,0.028181939427986497,overshoot
2020-08,2020-09,1,18,18,-0.006996924442598578,overshoot
2020-08,2020-09,2,17,17,-0.007180886857965396,overshoot
2020-08,2020-09,3,17,17,-0.006342001711986746,overshoot
2020-08,2020-09,4,17,17,0.0043203236594053784,overshoot
2020-08,2020-09,5,17,17,-0.00046495239942808097,overshoot
2020-08,2020-09,6,17,17,-8.458732754528372e-05,overshoot
2020-08,2020-09,7,17,17,0.002363305255983488,overshoot
2020-08,2020-09,8,17,17,0.0013841715244170744,overshoot
2020-08,2020-09,9,17,16,0.0014056641924053287,overshoot
2020-08,2020-09,10,18,18,0.008085784974333222,overshoot
2020-09,2020-10,1,18,18,0.028716783512434327,overshoot
2020-09,2020-10,2,17,17,-0.0022897506973474794,overshoot
2020-09,2020-10,3,17,17,0.005741520336824689,overshoot
2020-09,2020-10,4,17,17,0.008261466333381866,overshoot
2020-09,2020-10,5,17,17,0.004342923029474066,overshoot
2020-09,2020-10,6,17,17,-0.023989703312285834,overshoot
2020-09,2020-10,7,17,17,0.0012122954628669674,overshoot
2020-09,2020-10,8,17,17,-0.012443535318316356,overshoot
2020-09,2020-10,9,17,16,-0.01813127469630922,overshoot
2020-09,2020-10,10,18,18,0.0036130731685327286,overshoot
2020-10,2020-11,1,18,18,0.16471679729360952,overshoot
2020-10,2020-11,2,17,17,0.1556882322685759,overshoot
2020-10,2020-11,3,17,17,0.08975613787135009,overshoot
2020-10,2020-11,4,18,18,0.12626040849127523,overshoot
2020-10,2020-11,5,17,17,0.1483730597376951,overshoot
2020-10,2020-11,6,17,17,0.14417808905639962,overshoot
2020-10,2020-11,7,18,18,0.11767778769317672,overshoot
2020-10,2020-11,8,17,17,0.09013575579153006,overshoot
2020-10,2020-11,9,17,16,0.10259753387300033,overshoot
2020-10,2020-11,10,18,17,0.08873814660104909,overshoot
2020-11,2020-12,1,18,18,0.06740351721792025,overshoot
2020-11,2020-12,2,17,17,0.06020080822808668,overshoot
2020-11,2020-12,3,17,17,0.06379004770962571,overshoot
2020-11,2020-12,4,17,17,0.04991311539310304,overshoot
2020-11,2020-12,5,18,18,0.05378502475698176,overshoot
2020-11,2020-12,6,17,17,0.09596996746268596,overshoot
2020-11,2020-12,7,17,17,0.054141585430696464,overshoot
2020-11,2020-12,8,17,17,0.07035426226759321,overshoot
2020-11,2020-12,9,17,17,0.052811982514003784,overshoot
2020-11,2020-12,10,18,18,0.07143991622627284,overshoot
2020-12,2021-01,1,18,18,0.010595672746106554,overshoot
2020-12,2021-01,2,17,17,0.00849291436539712,overshoot
2020-12,2021-01,3,17,17,-0.003820433388732705,overshoot
2020-12,2021-01,4,17,17,-0.020750853382567266,overshoot
2020-12,2021-01,5,18,18,-0.027494714361111068,overshoot
2020-12,2021-01,6,17,17,-0.006525867998133738,overshoot
2020-12,2021-01,7,17,17,-0.015590658184808386,overshoot
2020-12,2021-01,8,17,17,-0.011843140102968823,overshoot
2020-12,2021-01,9,17,17,-0.02434224463625409,overshoot
2020-12,2021-01,10,18,18,-0.03455586468100127,overshoot
2021-01,2021-02,1,18,18,0.015049475566956997,overshoot
2021-01,2021-02,2,17,17,0.004525496023615242,overshoot
2021-01,2021-02,3,17,17,0.01671046702433249,overshoot
2021-01,2021-02,4,17,17,0.02294402393058907,overshoot
2021-01,2021-02,5,18,18,0.008151031331863765,overshoot
2021-01,2021-02,6,17,17,0.031028301396533536,overshoot
2021-01,2021-02,7,17,17,0.004846557025872444,overshoot
2021-01,2021-02,8,17,17,-0.007542262698220141,overshoot
2021-01,2021-02,9,17,17,-0.014327003330588065,overshoot
2021-01,2021-02,10,18,18,-0.003993188464945828,overshoot
2021-02,2021-03,1,18,18,0.04260482248918648,overshoot
2021-02,2021-03,2,17,17,0.05361672117961244,overshoot
2021-02,2021-03,3,17,16,0.05045508724668061,overshoot
2021-02,2021-03,4,18,18,0.033589513996964276,overshoot
2021-02,2021-03,5,17,17,0.04649797111636247,overshoot
2021-02,2021-03,6,17,17,0.044801486300015715,overshoot
2021-02,2021-03,7,18,18,0.020874298368761493,overshoot
2021-02,2021-03,8,17,17,-0.00259441280836434,overshoot
2021-02,2021-03,9,17,17,0.01649223122173397,overshoot
2021-02,2021-03,10,18,18,0.001406408630079212,overshoot
2021-03,2021-04,1,18,17,0.08055107540088652,overshoot
2021-03,2021-04,2,17,17,0.06275802018416968,overshoot
2021-03,2021-04,3,17,17,0.04254943066535089,overshoot
2021-03,2021-04,4,17,17,0.04162898519611458,overshoot
2021-03,2021-04,5,18,18,0.025541872507752656,overshoot
2021-03,2021-04,6,17,17,0.04308258287745679,overshoot
2021-03,2021-04,7,17,17,0.03751305269315595,overshoot
2021-03,2021-04,8,17,17,0.049760487329354064,overshoot
2021-03,2021-04,9,17,14,0.033434933603988255,overshoot
2021-03,2021-04,10,18,18,0.043752386711535265,overshoot
2021-04,2021-05,1,18,18,0.01808633131648015,overshoot
2021-04,2021-05,2,17,17,0.0033955459220481534,overshoot
2021-04,2021-05,3,17,17,0.011541351683942188,overshoot
2021-04,2021-05,4,17,17,9.809271414055121e-05,overshoot
2021-04,2021-05,5,17,17,0.013985363041960826,overshoot
2021-04,2021-05,6,17,16,-0.008517055782064673,overshoot
2021-04,2021-05,7,16,16,-0.0005159098488520739,overshoot
2021-04,2021-05,8,18,18,-0.024071664526546757,overshoot
2021-04,2021-05,9,17,17,0.010308766872824403,overshoot
2021-04,2021-05,10,17,15,-0.00745370046092854,overshoot
2021-05,2021-06,1,18,18,0.02500081871612997,overshoot
2021-05,2021-06,2,17,17,0.029733712084925805,overshoot
2021-05,2021-06,3,17,17,0.02193204472699526,overshoot
2021-05,2021-06,4,17,17,0.027569023667408092,overshoot
2021-05,2021-06,5,17,17,0.01686976650610125,overshoot
2021-05,2021-06,6,17,17,0.011131180947104602,overshoot
2021-05,2021-06,7,17,17,0.005054542976211447,overshoot
2021-05,2021-06,8,17,17,-0.00654949773650592,overshoot
2021-05,2021-06,9,17,17,0.02622979913931199,overshoot
2021-05,2021-06,10,18,18,-0.03570503314267097,overshoot
2021-06,2021-07,1,18,18,0.014038911114435103,overshoot
2021-06,2021-07,2,17,17,0.004465000723685804,overshoot
2021-06,2021-07,3,17,17,-0.0036877489776944946,overshoot
2021-06,2021-07,4,17,17,0.014405965722790829,overshoot
2021-06,2021-07,5,17,17,-0.019651431450433368,overshoot
2021-06,2021-07,6,17,17,-0.00454234541323393,overshoot
2021-06,2021-07,7,17,17,-0.01532688502869131,overshoot
2021-06,2021-07,8,17,17,-0.020181107534316872,overshoot
2021-06,2021-07,9,17,17,-0.0088073608222969,overshoot
2021-06,2021-07,10,18,18,-0.016858265723128665,overshoot
2021-07,2021-08,1,17,17,0.04098945061321471,overshoot
2021-07,2021-08,2,17,17,0.029456467779083034,overshoot
2021-07,2021-08,3,17,17,0.032500455404091924,overshoot
2021-07,2021-08,4,17,17,0.033000716136831386,overshoot
2021-07,2021-08,5,17,17,0.03217501158587547,overshoot
2021-07,2021-08,6,16,16,0.02717790924764705,overshoot
2021-07,2021-08,7,17,17,0.028124033776159366,overshoot
2021-07,2021-08,8,17,17,0.028128292765476674,overshoot
2021-07,2021-08,9,17,17,0.019715904796988475,overshoot
2021-07,2021-08,10,17,17,0.011474007478083574,overshoot
2021-08,2021-09,1,18,18,0.011237618725801844,overshoot
2021-08,2021-09,2,17,17,-0.008453692877813187,overshoot
2021-08,2021-09,3,17,17,-0.021089446240608704,overshoot
2021-08,2021-09,4,17,16,0.007946901787601997,overshoot
2021-08,2021-09,5,18,18,-0.013749549881382075,overshoot
2021-08,2021-09,6,17,17,-0.017869267644617694,overshoot
2021-08,2021-09,7,17,17,-0.017084290790037305,overshoot
2021-08,2021-09,8,17,17,-0.021225103706529014,overshoot
2021-08,2021-09,9,17,17,-0.03752372723968048,overshoot
2021-08,2021-09,10,18,18,-0.03958310626698795,overshoot
2021-09,2021-10,1,18,17,0.04028331157321273,overshoot
2021-09,2021-10,2,17,17,0.0031438565021242575,overshoot
2021-09,2021-10,3,17,17,0.004127422915680422,overshoot
2021-09,2021-10,4,17,17,0.008487512662830668,overshoot
2021-09,2021-10,5,17,16,0.0014532814466935925,overshoot
2021-09,2021-10,6,17,17,0.004638180461078961,overshoot
2021-09,2021-10,7,17,17,0.0005531873502268874,overshoot
2021-09,2021-10,8,17,17,-0.02034681729340395,overshoot
2021-09,2021-10,9,17,17,-0.015419153877395349,overshoot
2021-09,2021-10,10,18,17,0.015614333607609495,overshoot
2021-10,2021-11,1,17,17,0.0024751679245392398,overshoot
2021-10,2021-11,2,17,16,0.0028699821809073864,overshoot
2021-10,2021-11,3,17,17,-0.00929136279287374,overshoot
2021-10,2021-11,4,17,17,-0.015378064280004688,overshoot
2021-10,2021-11,5,17,17,-0.008575295963188859,overshoot
2021-10,2021-11,6,16,15,-0.014753379410197534,overshoot
2021-10,2021-11,7,17,17,-0.018124054530149994,overshoot
2021-10,2021-11,8,17,16,-0.010675087783907675,overshoot
2021-10,2021-11,9,17,17,-0.03148749451724739,overshoot
2021-10,2021-11,10,17,17,-0.012064377846302132,overshoot
2021-11,2021-12,1,18,18,0.030087041687383895,overshoot
2021-11,2021-12,2,17,17,0.026369935204300785,overshoot
2021-11,2021-12,3,17,16,0.027176516680644427,overshoot
2021-11,2021-12,4,17,17,0.0163564533349732,overshoot
2021-11,2021-12,5,17,17,0.037782856168617096,overshoot
2021-11,2021-12,6,17,17,0.020385682119130076,overshoot
2021-11,2021-12,7,16,16,0.023218445329345548,overshoot
2021-11,2021-12,8,18,18,0.019453770038526347,overshoot
2021-11,2021-12,9,17,17,0.009610532089587169,overshoot
2021-11,2021-12,10,17,17,0.002763579405945829,overshoot
2021-12,2022-01,1,18,18,-0.013234472474860284,overshoot
2021-12,2022-01,2,17,17,-0.04850253403009764,overshoot
2021-12,2022-01,3,17,17,-0.04386870736249191,overshoot
2021-12,2022-01,4,17,17,-0.04510740936637564,overshoot
2021-12,2022-01,5,18,18,-0.035926117357402775,overshoot
2021-12,2022-01,6,17,17,-0.060435185849722635,overshoot
2021-12,2022-01,7,17,16,-0.08732160755013796,overshoot
2021-12,2022-01,8,17,17,-0.06743272408988543,overshoot
2021-12,2022-01,9,17,17,-0.08207675368702644,overshoot
2021-12,2022-01,10,18,18,-0.08937929177556805,overshoot
2022-01,2022-02,1,18,17,-0.03251348922315724,overshoot
2022-01,2022-02,2,17,17,-0.05678862630022073,overshoot
2022-01,2022-02,3,17,16,-0.04727163360048919,overshoot
2022-01,2022-02,4,17,17,-0.04709453954135177,overshoot
2022-01,2022-02,5,17,17,-0.005182746278706165,overshoot
2022-01,2022-02,6,17,16,-0.09473674658526665,overshoot
2022-01,2022-02,7,17,16,-0.04914817385119774,overshoot
2022-01,2022-02,8,17,17,-0.0424736085765113,overshoot
2022-01,2022-02,9,17,17,-0.04402041349662964,overshoot
2022-01,2022-02,10,18,18,-0.0282629758666324,overshoot
2022-02,2022-03,1,17,17,0.042999029163139045,overshoot
2022-02,2022-03,2,17,17,0.012149228808970644,overshoot
2022-02,2022-03,3,17,17,0.023472749848677376,overshoot
2022-02,2022-03,4,17,17,0.03396810365890355,overshoot
2022-02,2022-03,5,17,17,0.02733876328945551,overshoot
2022-02,2022-03,6,17,17,0.0181421220533471,overshoot
2022-02,2022-03,7,17,17,0.00589751009414388,overshoot
2022-02,2022-03,8,17,17,0.015155816968996247,overshoot
2022-02,2022-03,9,17,16,-0.005355074773805424,overshoot
2022-02,2022-03,10,17,16,-0.037053090042778215,overshoot
2022-03,2022-04,1,18,17,-0.002391453047619478,overshoot
2022-03,2022-04,2,17,17,-0.02189815419370551,overshoot
2022-03,2022-04,3,17,17,-0.02275390213914629,overshoot
2022-03,2022-04,4,17,17,-0.013156560949618302,overshoot
2022-03,2022-04,5,17,17,-0.043695515260381,overshoot
2022-03,2022-04,6,17,17,-0.030705675528228782,overshoot
2022-03,2022-04,7,17,17,-0.024318430463363617,overshoot
2022-03,2022-04,8,17,17,-0.025416726302158934,overshoot
2022-03,2022-04,9,17,16,-0.03002013474245041,overshoot
2022-03,2022-04,10,18,18,-0.08657134186892712,overshoot
2022-04,2022-05,1,18,18,-0.01451275202511745,overshoot
2022-04,2022-05,2,17,17,-0.02620342391672003,overshoot
2022-04,2022-05,3,17,17,-0.020254697543261754,overshoot
2022-04,2022-05,4,17,17,-0.0390591524137637,overshoot
2022-04,2022-05,5,17,17,-0.03322307450513798,overshoot
2022-04,2022-05,6,17,17,-0.018866065695156274,overshoot
2022-04,2022-05,7,17,17,-0.01569657496655006,overshoot
2022-04,2022-05,8,17,17,-0.03267844223731739,overshoot
2022-04,2022-05,9,17,17,-0.03467111579713958,overshoot
2022-04,2022-05,10,18,17,-0.06117196880497352,overshoot
2022-05,2022-06,1,18,18,-0.058295886771235095,overshoot
2022-05,2022-06,2,17,17,-0.07144632474508876,overshoot
2022-05,2022-06,3,17,17,-0.05576741806161875,overshoot
2022-05,2022-06,4,17,17,-0.05032263826140427,overshoot
2022-05,2022-06,5,17,17,-0.05952235378147751,overshoot
2022-05,2022-06,6,17,16,-0.059508218226535695,overshoot
2022-05,2022-06,7,17,17,-0.047279487890651416,overshoot
2022-05,2022-06,8,17,17,-0.05879293231668837,overshoot
2022-05,2022-06,9,17,17,-0.06514849205123567,overshoot
2022-05,2022-06,10,18,18,-0.07892383923697349,overshoot
2022-06,2022-07,1,18,18,0.11374920935341734,overshoot
2022-06,2022-07,2,17,17,0.08736884525990661,overshoot
2022-06,2022-07,3,17,17,0.08687409968589554,overshoot
2022-06,2022-07,4,17,17,0.05740784448236291,overshoot
2022-06,2022-07,5,17,17,0.04829732336437381,overshoot
2022-06,2022-07,6,17,17,0.04376568308579129,overshoot
2022-06,2022-07,7,17,17,0.03865878384832251,overshoot
2022-06,2022-07,8,17,17,0.05639884147897064,overshoot
2022-06,2022-07,9,17,17,0.009915258595461862,overshoot
2022-06,2022-07,10,18,18,0.007001150158339088,overshoot
2022-07,2022-08,1,17,17,0.03586017282271925,overshoot
2022-07,2022-08,2,17,17,0.026019008100919866,overshoot
2022-07,2022-08,3,17,17,-0.012423305970579364,overshoot
2022-07,2022-08,4,17,17,-0.012694699177412694,overshoot
2022-07,2022-08,5,17,17,0.0013458411505647449,overshoot
2022-07,2022-08,6,17,17,-0.009324802253896999,overshoot
2022-07,2022-08,7,17,17,-0.027497057700337744,overshoot
2022-07,2022-08,8,17,16,-0.012235898560139825,overshoot
2022-07,2022-08,9,17,17,-0.007676490025006386,overshoot
2022-07,2022-08,10,17,17,-0.02737237694911321,overshoot
2022-08,2022-09,1,18,18,-0.050552000928951735,overshoot
2022-08,2022-09,2,17,17,-0.05413848191965171,overshoot
2022-08,2022-09,3,17,17,-0.06294455028996658,overshoot
2022-08,2022-09,4,17,17,-0.05503262429014095,overshoot
2022-08,2022-09,5,17,17,-0.068191321615374,overshoot
2022-08,2022-09,6,17,17,-0.07564695743938582,overshoot
2022-08,2022-09,7,17,17,-0.06568674728277882,overshoot
2022-08,2022-09,8,17,17,-0.07167753550589871,overshoot
2022-08,2022-09,9,17,17,-0.09161911530982376,overshoot
2022-08,2022-09,10,18,17,-0.07127526486521757,overshoot
2022-09,2022-10,1,18,18,0.03035124367761366,overshoot
2022-09,2022-10,2,17,16,0.00014288279022244,overshoot
2022-09,2022-10,3,17,17,0.0227377272051993,overshoot
2022-09,2022-10,4,17,16,-0.01877262943447064,overshoot
2022-09,2022-10,5,17,17,0.019366498763336425,overshoot
2022-09,2022-10,6,17,17,0.009048048573339088,overshoot
2022-09,2022-10,7,16,15,0.02021480164271602,overshoot
2022-09,2022-10,8,18,18,-0.012265974945210749,overshoot
2022-09,2022-10,9,17,17,0.00027006464139881436,overshoot
2022-09,2022-10,10,17,16,-0.03324563591241392,overshoot
2022-10,2022-11,1,17,17,0.07801955443453566,overshoot
2022-10,2022-11,2,17,17,0.10631572024587996,overshoot
2022-10,2022-11,3,16,16,0.074888138817579,overshoot
2022-10,2022-11,4,17,17,0.08135903666706706,overshoot
2022-10,2022-11,5,17,17,0.05934079564398978,overshoot
2022-10,2022-11,6,16,15,0.07158714597159954,overshoot
2022-10,2022-11,7,17,17,0.056611825545841044,overshoot
2022-10,2022-11,8,16,16,0.055349708507073554,overshoot
2022-10,2022-11,9,17,17,0.05334201897705084,overshoot
2022-10,2022-11,10,17,15,0.04468811026244425,overshoot
2022-11,2022-12,1,17,15,0.0085498908817917,overshoot
2022-11,2022-12,2,17,16,-0.01638695322571084,overshoot
2022-11,2022-12,3,17,17,-0.024327124485114284,overshoot
2022-11,2022-12,4,17,16,1.0929515168761617e-05,overshoot
2022-11,2022-12,5,17,17,-0.0007395846532783912,overshoot
2022-11,2022-12,6,16,15,-0.0036866789263767814,overshoot
2022-11,2022-12,7,17,16,-0.005215816422035183,overshoot
2022-11,2022-12,8,17,16,-0.015519430652940147,overshoot
2022-11,2022-12,9,17,16,-0.006595993937910417,overshoot
2022-11,2022-12,10,17,16,-0.009077806546627168,overshoot
2022-12,2023-01,1,17,17,0.03907920446257494,overshoot
2022-12,2023-01,2,16,16,0.05994536284789124,overshoot
2022-12,2023-01,3,16,16,0.049701651736500485,overshoot
2022-12,2023-01,4,16,16,0.05620293961795702,overshoot
2022-12,2023-01,5,17,17,0.030922292423231412,overshoot
2022-12,2023-01,6,16,16,0.04710744001130858,overshoot
2022-12,2023-01,7,16,15,0.0187318178205712,overshoot
2022-12,2023-01,8,16,15,0.038899972447993925,overshoot
2022-12,2023-01,9,16,16,0.023208413958126978,overshoot
2022-12,2023-01,10,17,17,0.03034219148646776,overshoot
2023-01,2023-02,1,16,16,0.008121912537928364,overshoot
2023-01,2023-02,2,16,16,0.011425613231665209,overshoot
2023-01,2023-02,3,15,15,0.011201941715009196,overshoot
2023-01,2023-02,4,16,16,0.014044142031488516,overshoot
2023-01,2023-02,5,16,16,-0.01152443462114059,overshoot
2023-01,2023-02,6,15,15,-0.0016846600619674728,overshoot
2023-01,2023-02,7,16,16,-0.01894146895400617,overshoot
2023-01,2023-02,8,15,15,-0.0035872787760297935,overshoot
2023-01,2023-02,9,16,16,-0.013098720050434873,overshoot
2023-01,2023-02,10,16,16,-0.03395987216514219,overshoot
2023-02,2023-03,1,17,17,-0.04527383137599504,overshoot
2023-02,2023-03,2,16,16,-0.02285868274782573,overshoot
2023-02,2023-03,3,16,16,-0.024389619021066726,overshoot
2023-02,2023-03,4,16,16,-0.02883993784958981,overshoot
2023-02,2023-03,5,16,15,-0.021868509381019238,overshoot
2023-02,2023-03,6,16,16,-0.027621319274295376,overshoot
2023-02,2023-03,7,16,16,-0.034251773850176095,overshoot
2023-02,2023-03,8,16,16,-0.04662809623768056,overshoot
2023-02,2023-03,9,16,16,-0.030434800667206614,overshoot
2023-02,2023-03,10,17,17,-0.03674397304410469,overshoot
2023-03,2023-04,1,17,17,0.010819433945007244,overshoot
2023-03,2023-04,2,16,16,0.003899604662712594,overshoot
2023-03,2023-04,3,16,16,-0.0019876727944651007,overshoot
2023-03,2023-04,4,16,16,0.01609883446199145,overshoot
2023-03,2023-04,5,17,17,-0.0011076926233046856,overshoot
2023-03,2023-04,6,16,16,-0.0259555171255286,overshoot
2023-03,2023-04,7,16,16,0.014321989924413608,overshoot
2023-03,2023-04,8,16,16,0.02246664472507668,overshoot
2023-03,2023-04,9,16,16,0.0008676033098085276,overshoot
2023-03,2023-04,10,17,17,0.004648411789142999,overshoot
2023-04,2023-05,1,17,17,0.0003078377646639469,overshoot
2023-04,2023-05,2,16,16,-0.03228914678955325,overshoot
2023-04,2023-05,3,16,16,0.011072689757003353,overshoot
2023-04,2023-05,4,16,16,-0.030727050031011907,overshoot
2023-04,2023-05,5,16,16,-0.0001285436489361219,overshoot
2023-04,2023-05,6,16,16,-0.006128486153920178,overshoot
2023-04,2023-05,7,16,16,-0.036721961323978924,overshoot
2023-04,2023-05,8,16,16,-0.019195574012653698,overshoot
2023-04,2023-05,9,16,16,-0.020403771269780845,overshoot
2023-04,2023-05,10,17,17,-0.030584595930171925,overshoot
2023-05,2023-06,1,17,17,0.009706343034950674,overshoot
2023-05,2023-06,2,16,16,0.007015081596653913,overshoot
2023-05,2023-06,3,17,17,0.007025090378167329,overshoot
2023-05,2023-06,4,16,16,0.005224777082584779,overshoot
2023-05,2023-06,5,17,17,-0.0037822071956168314,overshoot
2023-05,2023-06,6,16,16,-0.015494148630054223,overshoot
2023-05,2023-06,7,16,16,-0.011632591177038104,overshoot
2023-05,2023-06,8,17,17,-0.010306751630504893,overshoot
2023-05,2023-06,9,16,16,-0.0041964011508177496,overshoot
2023-05,2023-06,10,17,16,-0.02575999588281775,overshoot
2023-06,2023-07,1,17,17,0.039780077529255255,overshoot
2023-06,2023-07,2,16,16,0.03664164051735991,overshoot
2023-06,2023-07,3,16,16,0.03288184847471535,overshoot
2023-06,2023-07,4,17,17,0.042273891480853615,overshoot
2023-06,2023-07,5,16,16,0.022606386551683448,overshoot
2023-06,2023-07,6,16,16,0.03181593542883404,overshoot
2023-06,2023-07,7,17,17,0.013849434811756626,overshoot
2023-06,2023-07,8,16,16,0.03975101534641404,overshoot
2023-06,2023-07,9,16,16,0.006062066928632891,overshoot
2023-06,2023-07,10,17,17,-0.0029796087355326408,overshoot
2023-07,2023-08,1,17,15,-0.0070096061785777765,overshoot
2023-07,2023-08,2,16,16,-0.026171564111021332,overshoot
2023-07,2023-08,3,17,17,-0.02373587058860773,overshoot
2023-07,2023-08,4,16,15,-0.02961460051552855,overshoot
2023-07,2023-08,5,17,17,-0.028241043071567353,overshoot
2023-07,2023-08,6,16,16,-0.0332696301757582,overshoot
2023-07,2023-08,7,16,16,-0.0557800222065988,overshoot
2023-07,2023-08,8,17,17,-0.029318500316383257,overshoot
2023-07,2023-08,9,16,16,-0.030201118404505484,overshoot
2023-07,2023-08,10,17,17,-0.019769242753175792,overshoot
2023-08,2023-09,1,17,17,0.016859425567285178,overshoot
2023-08,2023-09,2,16,16,-0.0013337263440145602,overshoot
2023-08,2023-09,3,16,15,0.001265279687573247,overshoot
2023-08,2023-09,4,16,15,0.0021662436504424156,overshoot
2023-08,2023-09,5,16,16,-0.02028850781952328,overshoot
2023-08,2023-09,6,16,15,0.000659917094320021,overshoot
2023-08,2023-09,7,16,16,-0.011697739936267437,overshoot
2023-08,2023-09,8,16,16,-0.015174385212598791,overshoot
2023-08,2023-09,9,16,16,-0.005767612287093091,overshoot
2023-08,2023-09,10,17,17,0.0026023658400844093,overshoot
2023-09,2023-10,1,17,17,-0.056388193135286,overshoot
2023-09,2023-10,2,16,16,-0.06050449732749586,overshoot
2023-09,2023-10,3,16,16,-0.051069037852372975,overshoot
2023-09,2023-10,4,16,16,-0.06628728569921048,overshoot
2023-09,2023-10,5,16,16,-0.061861085571962404,overshoot
2023-09,2023-10,6,16,16,-0.057468450577642535,overshoot
2023-09,2023-10,7,16,15,-0.0677881160704157,overshoot
2023-09,2023-10,8,16,14,-0.06179946862063762,overshoot
2023-09,2023-10,9,16,16,-0.06164208419112913,overshoot
2023-09,2023-10,10,16,16,-0.0690727759847119,overshoot
2023-10,2023-11,1,17,17,0.08279924198830615,overshoot
2023-10,2023-11,2,16,16,0.06922320774856659,overshoot
2023-10,2023-11,3,16,16,0.0467171589887578,overshoot
2023-10,2023-11,4,16,15,0.06271960892211419,overshoot
2023-10,2023-11,5,16,16,0.0702082696913107,overshoot
2023-10,2023-11,6,16,16,0.08960158114944576,overshoot
2023-10,2023-11,7,16,14,0.05937540921090396,overshoot
2023-10,2023-11,8,16,16,0.05151442127118305,overshoot
2023-10,2023-11,9,16,15,0.05718427259626511,overshoot
2023-10,2023-11,10,16,16,0.03240574315892097,overshoot
2023-11,2023-12,1,16,16,0.082765924320247,overshoot
2023-11,2023-12,2,15,15,0.05794609918419926,overshoot
2023-11,2023-12,3,16,16,0.058505930549978415,overshoot
2023-11,2023-12,4,15,15,0.05921329400086082,overshoot
2023-11,2023-12,5,16,16,0.05254797128003302,overshoot
2023-11,2023-12,6,15,15,0.048917153793101506,overshoot
2023-11,2023-12,7,15,15,0.056838792205813685,overshoot
2023-11,2023-12,8,16,16,0.04822786518178264,overshoot
2023-11,2023-12,9,15,15,0.049306768066258784,overshoot
2023-11,2023-12,10,16,15,0.03697022961997947,overshoot
2023-12,2024-01,1,16,16,0.010062658047084144,overshoot
2023-12,2024-01,2,16,16,-0.009423473706883116,overshoot
2023-12,2024-01,3,15,15,-0.02143982130990594,overshoot
2023-12,2024-01,4,16,16,-0.011239760636569979,overshoot
2023-12,2024-01,5,16,16,-0.04073988634522358,overshoot
2023-12,2024-01,6,15,15,-0.006594058893672002,overshoot
2023-12,2024-01,7,16,16,-0.011535760105265157,overshoot
2023-12,2024-01,8,15,15,-0.020872403053615294,overshoot
2023-12,2024-01,9,16,16,-0.00666871183956777,overshoot
2023-12,2024-01,10,16,15,-0.01247939344210176,overshoot
2024-01,2024-02,1,16,16,-0.016999989652315785,overshoot
2024-01,2024-02,2,16,16,-0.0008974765880363084,overshoot
2024-01,2024-02,3,16,15,0.009636534444147115,overshoot
2024-01,2024-02,4,16,16,0.0071416422848269295,overshoot
2024-01,2024-02,5,16,15,0.0031817024483288938,overshoot
2024-01,2024-02,6,15,15,-0.0017758493807423189,overshoot
2024-01,2024-02,7,16,16,0.011002192211074513,overshoot
2024-01,2024-02,8,16,16,0.014287864327690025,overshoot
2024-01,2024-02,9,16,16,0.01673211430353716,overshoot
2024-01,2024-02,10,16,16,0.001122951358732742,overshoot
2024-02,2024-03,1,16,16,0.015520990278906271,overshoot
2024-02,2024-03,2,15,15,0.020510965831915067,overshoot
2024-02,2024-03,3,15,15,0.024353988581511624,overshoot
2024-02,2024-03,4,16,15,0.020827169529800904,overshoot
2024-02,2024-03,5,15,15,0.02826493428331555,overshoot
2024-02,2024-03,6,15,15,0.021716912957872127,overshoot
2024-02,2024-03,7,16,16,0.02219779729058889,overshoot
2024-02,2024-03,8,15,15,0.01901196911487725,overshoot
2024-02,2024-03,9,15,14,0.015294899736062326,overshoot
2024-02,2024-03,10,16,15,0.02393853978114385,overshoot
2024-03,2024-04,1,16,15,0.028839316485195606,overshoot
2024-03,2024-04,2,16,16,0.03206089653521422,overshoot
2024-03,2024-04,3,15,15,0.009327195035967498,overshoot
2024-03,2024-04,4,16,16,0.01630017755815727,overshoot
2024-03,2024-04,5,15,15,0.013948100205018148,overshoot
2024-03,2024-04,6,16,16,0.016311775581970292,overshoot
2024-03,2024-04,7,15,15,-0.011873975457799328,overshoot
2024-03,2024-04,8,16,15,-0.0283466887118937,overshoot
2024-03,2024-04,9,15,15,-0.007407449891328141,overshoot
2024-03,2024-04,10,16,15,-0.028839940036701983,overshoot
2024-04,2024-05,1,16,16,0.0352648047803493,overshoot
2024-04,2024-05,2,15,14,0.022806781665944836,overshoot
2024-04,2024-05,3,15,15,0.03337043427604732,overshoot
2024-04,2024-05,4,16,16,0.026258652815453525,overshoot
2024-04,2024-05,5,15,15,0.025887072098727426,overshoot
2024-04,2024-05,6,15,14,0.03053610487544233,overshoot
2024-04,2024-05,7,16,16,0.026250245760037746,overshoot
2024-04,2024-05,8,15,14,0.026084669830211325,overshoot
2024-04,2024-05,9,15,15,0.034631897240089984,overshoot
2024-04,2024-05,10,16,16,0.009306170133237965,overshoot
2024-05,2024-06,1,15,15,-0.0062616514952147815,overshoot
2024-05,2024-06,2,15,15,0.010769248970925408,overshoot
2024-05,2024-06,3,15,15,-0.01316987537945431,overshoot
2024-05,2024-06,4,15,15,0.020728099458254136,overshoot
2024-05,2024-06,5,15,14,-0.04356013875089281,overshoot
2024-05,2024-06,6,15,15,0.011718241669843173,overshoot
2024-05,2024-06,7,15,15,-0.002645267123704572,overshoot
2024-05,2024-06,8,15,15,0.0034647740820768678,overshoot
2024-05,2024-06,9,15,15,-0.01640274637227223,overshoot
2024-05,2024-06,10,15,13,-0.016465545729705804,overshoot
2024-06,2024-07,1,15,15,0.0800360901937936,overshoot
2024-06,2024-07,2,15,15,0.0347417387914342,overshoot
2024-06,2024-07,3,15,15,0.027090758360995816,overshoot
2024-06,2024-07,4,15,15,0.018897648103598508,overshoot
2024-06,2024-07,5,15,15,0.002866821499044921,overshoot
2024-06,2024-07,6,14,14,0.041251421331291505,overshoot
2024-06,2024-07,7,15,15,0.023608043958067527,overshoot
2024-06,2024-07,8,15,15,0.03560123670044381,overshoot
2024-06,2024-07,9,15,15,0.041197536735642595,overshoot
2024-06,2024-07,10,15,15,0.0188839183700726,overshoot
2024-07,2024-08,1,16,16,-0.008859776385710338,overshoot
2024-07,2024-08,2,15,15,-0.013061685283072959,overshoot
2024-07,2024-08,3,15,15,-0.00613034780405437,overshoot
2024-07,2024-08,4,15,15,-0.011002599818073307,overshoot
2024-07,2024-08,5,15,15,-0.010902123531745408,overshoot
2024-07,2024-08,6,15,15,-0.02319946225936853,overshoot
2024-07,2024-08,7,15,15,-0.01549309442106422,overshoot
2024-07,2024-08,8,15,15,-0.02333056814010124,overshoot
2024-07,2024-08,9,15,14,-0.03545326866295217,overshoot
2024-07,2024-08,10,15,15,-0.07655927277229517,overshoot
2024-08,2024-09,1,15,15,0.02906862300671318,overshoot
2024-08,2024-09,2,15,15,0.007210116274167514,overshoot
2024-08,2024-09,3,15,15,0.0161605029477247,overshoot
2024-08,2024-09,4,15,15,0.000334999807615192,overshoot
2024-08,2024-09,5,15,15,0.0070179862544528905,overshoot
2024-08,2024-09,6,14,14,0.009665682146014447,overshoot
2024-08,2024-09,7,15,15,-0.0028752354949007483,overshoot
2024-08,2024-09,8,15,15,-0.006395864506321162,overshoot
2024-08,2024-09,9,15,15,-0.009349068550121504,overshoot
2024-08,2024-09,10,15,15,-0.03142016303358704,overshoot
2024-09,2024-10,1,15,15,-0.029456242072271457,overshoot
2024-09,2024-10,2,15,15,-0.023745608783825235,overshoot
2024-09,2024-10,3,15,15,-0.016399505303585322,overshoot
2024-09,2024-10,4,15,15,0.006968630370047883,overshoot
2024-09,2024-10,5,15,15,-0.01396754168929728,overshoot
2024-09,2024-10,6,14,13,-0.010915595876200893,overshoot
2024-09,2024-10,7,15,15,-0.013744085093665915,overshoot
2024-09,2024-10,8,15,14,-0.026834612562463715,overshoot
2024-09,2024-10,9,15,15,-0.019779446633851443,overshoot
2024-09,2024-10,10,15,15,-0.027147629988864514,overshoot
2024-10,2024-11,1,15,15,0.016454055860526846,overshoot
2024-10,2024-11,2,15,15,0.018463899746462654,overshoot
2024-10,2024-11,3,15,15,0.02135580558251169,overshoot
2024-10,2024-11,4,14,14,0.02451582931171526,overshoot
2024-10,2024-11,5,15,15,0.01980261158611698,overshoot
2024-10,2024-11,6,15,15,0.026108416276539724,overshoot
2024-10,2024-11,7,14,14,0.029863305312277537,overshoot
2024-10,2024-11,8,15,15,0.017624042738370246,overshoot
2024-10,2024-11,9,15,15,0.03135848148412517,overshoot
2024-10,2024-11,10,15,14,-0.000363091715242958,overshoot
2024-11,2024-12,1,15,15,0.021863831509057647,overshoot
2024-11,2024-12,2,15,15,0.014931682563968256,overshoot
2024-11,2024-12,3,14,14,0.001412644081924898,overshoot
2024-11,2024-12,4,15,15,0.005866443237075961,overshoot
2024-11,2024-12,5,15,15,0.003441150689638069,overshoot
2024-11,2024-12,6,14,14,0.0008511712189606271,overshoot
2024-11,2024-12,7,15,15,-0.007997123589888088,overshoot
2024-11,2024-12,8,14,14,0.017108438434571487,overshoot
2024-11,2024-12,9,15,15,-0.004251618082916683,overshoot
2024-11,2024-12,10,15,15,0.005779419361723518,overshoot
2024-12,2025-01,1,15,15,0.035562608760435994,overshoot
2024-12,2025-01,2,15,15,0.03783141296949203,overshoot
2024-12,2025-01,3,14,14,0.037343078448273746,overshoot
2024-12,2025-01,4,15,15,0.046036219372602334,overshoot
2024-12,2025-01,5,15,15,0.03512685266239688,overshoot
2024-12,2025-01,6,14,14,0.03954458469135358,overshoot
2024-12,2025-01,7,15,15,0.024139523777793336,overshoot
2024-12,2025-01,8,14,14,0.020166909231295032,overshoot
2024-12,2025-01,9,15,14,0.020126178060557658,overshoot
2024-12,2025-01,10,15,15,0.0050778008386788585,overshoot
2025-01,2025-02,1,15,14,0.006710670108707716,overshoot
2025-01,2025-02,2,15,15,-0.011770627642401029,overshoot
2025-01,2025-02,3,14,14,-0.006808389112059935,overshoot
2025-01,2025-02,4,15,15,-0.01700403299541163,overshoot
2025-01,2025-02,5,15,15,-0.012962559788580444,overshoot
2025-01,2025-02,6,14,13,0.006291117937845246,overshoot
2025-01,2025-02,7,15,15,-0.023330112398191473,overshoot
2025-01,2025-02,8,14,13,-0.011326523082216941,overshoot
2025-01,2025-02,9,15,14,-0.04703539891328915,overshoot
2025-01,2025-02,10,15,15,-0.03316629671479639,overshoot
2025-02,2025-03,1,15,15,-0.030205091879871318,overshoot
2025-02,2025-03,2,14,14,-0.04107011766126918,overshoot
2025-02,2025-03,3,14,14,-0.03543003776067026,overshoot
2025-02,2025-03,4,15,15,-0.04230461694949877,overshoot
2025-02,2025-03,5,14,14,-0.0289231351492977,overshoot
2025-02,2025-03,6,14,14,-0.050555663403893274,overshoot
2025-02,2025-03,7,15,15,-0.03343003278116509,overshoot
2025-02,2025-03,8,14,14,-0.025785681430441958,overshoot
2025-02,2025-03,9,14,13,-0.03840937375138388,overshoot
2025-02,2025-03,10,15,12,-0.05360723390611741,overshoot
2025-03,2025-04,1,14,14,0.014715208755436018,overshoot
2025-03,2025-04,2,14,14,-0.0025137887847764434,overshoot
2025-03,2025-04,3,14,14,0.018139869541915956,overshoot
2025-03,2025-04,4,14,14,0.009363017600980359,overshoot
2025-03,2025-04,5,14,14,-0.0011475868330337155,overshoot
2025-03,2025-04,6,14,14,-0.022085065473038148,overshoot
2025-03,2025-04,7,14,14,-0.022186202199068732,overshoot
2025-03,2025-04,8,14,14,-0.0003596614202565153,overshoot
2025-03,2025-04,9,14,14,-0.011489669415787456,overshoot
2025-03,2025-04,10,14,14,0.006935786760156033,overshoot
2025-04,2025-05,1,14,14,0.04541379158715445,overshoot
2025-04,2025-05,2,14,14,0.05593843662392225,overshoot
2025-04,2025-05,3,14,14,0.040776498506902494,overshoot
2025-04,2025-05,4,14,14,0.05769368728078334,overshoot
2025-04,2025-05,5,14,14,0.04746069749641117,overshoot
2025-04,2025-05,6,13,12,0.0516482779648868,overshoot
2025-04,2025-05,7,14,14,0.05960009744568854,overshoot
2025-04,2025-05,8,14,14,0.0549073862774887,overshoot
2025-04,2025-05,9,14,14,0.05179146491559332,overshoot
2025-04,2025-05,10,14,13,0.01077698878123552,overshoot
2025-05,2025-06,1,14,14,0.0489834824145468,overshoot
2025-05,2025-06,2,14,14,0.020180693861532602,overshoot
2025-05,2025-06,3,14,14,0.032353359935592185,overshoot
2025-05,2025-06,4,13,13,0.029078166123874653,overshoot
2025-05,2025-06,5,14,14,0.036886407940386556,overshoot
2025-05,2025-06,6,14,14,0.03066570984730488,overshoot
2025-05,2025-06,7,13,13,0.039896092144086175,overshoot
2025-05,2025-06,8,14,14,0.030336255095954532,overshoot
2025-05,2025-06,9,14,14,0.019422799108636004,overshoot
2025-05,2025-06,10,14,14,0.006298601577509587,overshoot
2025-06,2025-07,1,14,14,0.05463223278156378,overshoot
2025-06,2025-07,2,14,14,0.05809047024141402,overshoot
2025-06,2025-07,3,14,14,0.036476715451347785,overshoot
2025-06,2025-07,4,13,12,0.03289627669877676,overshoot
2025-06,2025-07,5,14,14,0.03491394176244678,overshoot
2025-06,2025-07,6,14,14,0.025769748644717577,overshoot
2025-06,2025-07,7,13,13,0.03719057399018934,overshoot
2025-06,2025-07,8,14,14,0.017143197075734577,overshoot
2025-06,2025-07,9,14,14,0.029835654887479062,overshoot
2025-06,2025-07,10,14,14,0.00507721020750065,overshoot
2025-07,2025-08,1,14,14,0.0039009104373005804,overshoot
2025-07,2025-08,2,14,14,0.008389209473681008,overshoot
2025-07,2025-08,3,13,13,0.011704942263668198,overshoot
2025-07,2025-08,4,14,14,0.0032831105946288636,overshoot
2025-07,2025-08,5,14,14,-0.008203546257166136,overshoot
2025-07,2025-08,6,13,13,0.012320721091543509,overshoot
2025-07,2025-08,7,14,14,0.0031516237900300814,overshoot
2025-07,2025-08,8,13,13,-0.01636516309903458,overshoot
2025-07,2025-08,9,14,14,-0.013767443699979518,overshoot
2025-07,2025-08,10,14,14,0.006747072575729937,overshoot
2025-08,2025-09,1,14,14,0.05294995697131068,overshoot
2025-08,2025-09,2,14,14,0.03591696749102126,overshoot
2025-08,2025-09,3,13,13,0.02193615334382872,overshoot
2025-08,2025-09,4,14,14,0.01799715087778656,overshoot
2025-08,2025-09,5,14,14,0.023654889477869763,overshoot
2025-08,2025-09,6,13,13,0.016830935736964883,overshoot
2025-08,2025-09,7,14,14,0.0048355450234877796,overshoot
2025-08,2025-09,8,13,13,0.036365957401521036,overshoot
2025-08,2025-09,9,14,14,0.025128505170909237,overshoot
2025-08,2025-09,10,14,13,0.001145840488164317,overshoot
2025-09,2025-10,1,14,14,0.050281510473108824,overshoot
2025-09,2025-10,2,14,13,0.026674068326851947,overshoot
2025-09,2025-10,3,13,13,0.022779628566776365,overshoot
2025-09,2025-10,4,14,14,0.014121875000871848,overshoot
2025-09,2025-10,5,14,14,-0.010080835059389401,overshoot
2025-09,2025-10,6,13,13,0.027721929931826088,overshoot
2025-09,2025-10,7,14,14,0.027000378334563653,overshoot
2025-09,2025-10,8,13,12,0.02881810115361631,overshoot
2025-09,2025-10,9,14,14,0.005241360058114668,overshoot
2025-09,2025-10,10,14,14,0.037781948455511326,overshoot
2025-10,2025-11,1,14,14,0.02321861800692047,overshoot
2025-10,2025-11,2,13,13,-0.01022281529567899,overshoot
2025-10,2025-11,3,13,13,0.002127978679894893,overshoot
2025-10,2025-11,4,14,14,0.006460013689845231,overshoot
2025-10,2025-11,5,13,13,-0.0015292706961863663,overshoot
2025-10,2025-11,6,13,13,0.0201531767163748,overshoot
2025-10,2025-11,7,14,14,0.012907013376147176,overshoot
2025-10,2025-11,8,13,12,0.01185833717733778,overshoot
2025-10,2025-11,9,13,12,-0.008429496703173547,overshoot
2025-10,2025-11,10,14,13,-0.00016867079001597467,overshoot
2025-11,2025-12,1,14,14,0.024211846163681685,overshoot
2025-11,2025-12,2,13,12,0.015939728770505635,overshoot
2025-11,2025-12,3,13,13,0.02320953210015985,overshoot
2025-11,2025-12,4,13,13,0.008871972266405194,overshoot
2025-11,2025-12,5,13,13,0.013516585046072236,overshoot
2025-11,2025-12,6,13,13,0.00459197928149565,overshoot
2025-11,2025-12,7,13,13,-0.0010373656620779475,overshoot
2025-11,2025-12,8,13,13,0.010589627770294622,overshoot
2025-11,2025-12,9,13,13,-0.0037888901728927874,overshoot
2025-11,2025-12,10,13,12,0.005383057023176051,overshoot
2025-12,2026-01,1,14,14,0.04166467285192611,overshoot
2025-12,2026-01,2,13,13,0.04146833943638854,overshoot
2025-12,2026-01,3,13,13,0.01930759051141362,overshoot
2025-12,2026-01,4,13,13,0.05843366482269042,overshoot
2025-12,2026-01,5,13,13,0.019377142950940326,overshoot
2025-12,2026-01,6,13,13,0.008031725117888137,overshoot
2025-12,2026-01,7,13,13,0.006053281200798937,overshoot
2025-12,2026-01,8,13,13,0.03841599055185841,overshoot
2025-12,2026-01,9,13,13,0.03882344988567556,overshoot
2025-12,2026-01,10,13,13,0.014389725602469273,overshoot
2026-01,2026-02,1,14,14,0.03626849000317691,overshoot
2026-01,2026-02,2,13,13,0.040553962999077056,overshoot
2026-01,2026-02,3,13,13,0.009591084989485328,overshoot
2026-01,2026-02,4,13,13,0.055441711576945614,overshoot
2026-01,2026-02,5,13,13,0.028281148461158215,overshoot
2026-01,2026-02,6,13,13,0.04188365161556662,overshoot
2026-01,2026-02,7,13,13,0.043404811167040966,overshoot
2026-01,2026-02,8,13,13,0.04210469008217709,overshoot
2026-01,2026-02,9,13,13,0.03892279041710741,overshoot
2026-01,2026-02,10,14,13,0.004922421156355336,overshoot
2026-02,2026-03,1,13,13,-0.05594333126612288,overshoot
2026-02,2026-03,2,13,13,-0.09445428640336082,overshoot
2026-02,2026-03,3,13,13,-0.07683908166420413,overshoot
2026-02,2026-03,4,13,13,-0.08885418328286215,overshoot
2026-02,2026-03,5,13,13,-0.0986972898506261,overshoot
2026-02,2026-03,6,13,13,-0.1029647893817456,overshoot
2026-02,2026-03,7,13,13,-0.0877495662415073,overshoot
2026-02,2026-03,8,13,13,-0.11825018759141012,overshoot
2026-02,2026-03,9,13,12,-0.10193891137096946,overshoot
2026-02,2026-03,10,13,13,-0.11220500742277616,overshoot
2026-03,2026-04,1,13,12,0.0725065374480262,overshoot
2026-03,2026-04,2,13,13,0.0803421667913605,overshoot
2026-03,2026-04,3,13,13,0.05213162790206876,overshoot
2026-03,2026-04,4,12,12,0.04079761558945829,overshoot
2026-03,2026-04,5,13,13,0.07221343863861722,overshoot
2026-03,2026-04,6,13,13,0.07234264482012284,overshoot
2026-03,2026-04,7,12,12,0.06011646960289876,overshoot
2026-03,2026-04,8,13,13,0.1153373607554285,overshoot
2026-03,2026-04,9,13,13,0.09148677010416408,overshoot
2026-03,2026-04,10,13,13,0.0604877807906028,overshoot
2026-04,2026-05,1,13,12,0.05980888290734306,overshoot
2026-04,2026-05,2,13,13,0.05565350910751114,overshoot
2026-04,2026-05,3,13,13,0.030380857139547295,overshoot
2026-04,2026-05,4,12,12,0.03364129368957448,overshoot
2026-04,2026-05,5,13,13,0.05251370720039232,overshoot
2026-04,2026-05,6,13,13,0.04666239393937776,overshoot
2026-04,2026-05,7,12,12,0.05266080351208128,overshoot
2026-04,2026-05,8,13,13,0.05659498443542569,overshoot
2026-04,2026-05,9,13,13,0.05920646243817839,overshoot
2026-04,2026-05,10,13,13,0.027087527075760127,overshoot
2026-05,2026-06,1,13,13,0.023162683567283758,overshoot
2026-05,2026-06,2,13,13,0.004078781859619168,overshoot
2026-05,2026-06,3,12,12,0.005753551986218963,overshoot
2026-05,2026-06,4,13,13,-0.004319022975420186,overshoot
2026-05,2026-06,5,13,13,-0.0050959698596345976,overshoot
2026-05,2026-06,6,12,12,0.011751517844435741,overshoot
2026-05,2026-06,7,13,13,-0.002193902328403825,overshoot
2026-05,2026-06,8,12,12,-0.015986889551636334,overshoot
2026-05,2026-06,9,13,13,-0.007052874225991452,overshoot
2026-05,2026-06,10,13,12,-0.0035712208637919594,overshoot
2026-06,2026-07,1,13,13,-0.013738859035941657,overshoot
2026-06,2026-07,2,13,13,-0.004916057867104635,overshoot
2026-06,2026-07,3,13,13,0.00215860992179028,overshoot
2026-06,2026-07,4,13,13,0.010324657261288181,overshoot
2026-06,2026-07,5,13,13,0.008541062786183487,overshoot
2026-06,2026-07,6,12,12,-0.008582238944145235,overshoot
2026-06,2026-07,7,13,13,0.002712273445799974,overshoot
2026-06,2026-07,8,13,13,-0.013037533852500522,overshoot
2026-06,2026-07,9,13,13,0.00036612700953231325,overshoot
2026-06,2026-07,10,13,13,-0.021589312337949702,overshoot
2026-07,2026-08,1,13,0,,overshoot
2026-07,2026-08,2,13,0,,overshoot
2026-07,2026-08,3,13,0,,overshoot
2026-07,2026-08,4,13,0,,overshoot
2026-07,2026-08,5,13,0,,overshoot
2026-07,2026-08,6,12,0,,overshoot
2026-07,2026-08,7,13,0,,overshoot
2026-07,2026-08,8,13,0,,overshoot
2026-07,2026-08,9,13,0,,overshoot
2026-07,2026-08,10,13,0,,overshoot
