security_id,year,parsed_div,avg_price,avg_pfy,parsed_yield_pct,ok
NAME:aberdeen asia focus|ordinary share,2007,0.0,313.8541666666667,0.0,0.0,True
NAME:aberdeen asia focus|ordinary share,2008,0.0,267.5208333333333,0.0,0.0,True
NAME:aberdeen asia focus|ordinary share,2009,0.0,295.2083333333333,,0.0,True
NAME:aberdeen asia focus|ordinary share,2010,0.0,506.9375,,0.0,True
NAME:aberdeen asia focus|ordinary share,2011,0.0,622.0625,,0.0,True
NAME:aberdeen asia focus|ordinary share,2012,0.0,764.8958333333334,,0.0,True
NAME:aberdeen asia focus|ordinary share,2013,0.0,982.6041666666666,,0.0,True
NAME:aberdeen asia focus|ordinary share,2014,0.0,897.2708333333334,,0.0,True
NAME:aberdeen asia focus|ordinary share,2015,0.0,808.2083333333334,,0.0,True
NAME:aberdeen asia focus|ordinary share,2016,0.0,866.2291666666666,2.798,0.0,False
NAME:aberdeen asia focus|ordinary share,2017,0.0,1037.5416666666667,2.8858333333333337,0.0,False
NAME:aberdeen asia focus|ordinary share,2018,0.0,1026.375,2.9275,0.0,False
NAME:aberdeen asia focus|ordinary share,2019,0.0,1071.25,2.9450000000000003,0.0,False
NAME:aberdeen asia focus|ordinary share,2020,0.0,978.625,2.983333333333333,0.0,False
NAME:aberdeen asia focus|ordinary share,2021,0.0,1331.6666666666667,2.1341666666666668,0.0,False
NAME:aberdeen asia focus|ordinary share,2022,0.0,258.8333333333333,3.4990909090909095,0.0,False
NAME:aberdeen asia focus|ordinary share,2023,6.41,255.625,3.5208333333333335,2.5075794621026897,True
NAME:aberdeen asia focus|ordinary share,2024,8.040000000000001,275.9583333333333,2.8958333333333335,2.9134833157179534,True
NAME:aberdeen asia focus|ordinary share,2025,6.43,328.75,2.3225000000000002,1.955893536121673,True
NAME:aberdeen asia focus|ordinary share,2026,3.2,417.7142857142857,2.0014285714285713,0.7660738714090287,True
NAME:aberdeen new thai|ordinary share,2007,0.0,172.5,0.0,0.0,True
NAME:aberdeen new thai|ordinary share,2008,0.0,148.625,0.0,0.0,True
NAME:aberdeen new thai|ordinary share,2009,0.0,144.58333333333334,,0.0,True
NAME:aberdeen new thai|ordinary share,2010,0.0,224.45833333333334,,0.0,True
NAME:aberdeen new thai|ordinary share,2011,0.0,266.2708333333333,,0.0,True
NAME:aberdeen new thai|ordinary share,2012,0.0,341.8858333333333,,0.0,True
NAME:aberdeen new thai|ordinary share,2013,0.0,459.2816666666667,,0.0,True
NAME:aberdeen new thai|ordinary share,2014,0.0,409.5208333333333,,0.0,True
NAME:aberdeen new thai|ordinary share,2015,0.0,403.87583333333333,,0.0,True
NAME:aberdeen new thai|ordinary share,2016,0.0,441.2191666666667,,0.0,True
NAME:aberdeen new thai|ordinary share,2017,0.0,526.3441666666666,,0.0,True
NAME:aberdeen new thai|ordinary share,2018,0.0,564.1666666666666,,0.0,True
NAME:aberdeen new thai|ordinary share,2019,0.0,583.375,,0.0,True
NAME:aberdeen new thai|ordinary share,2020,0.0,428.7916666666667,,0.0,True
NAME:aberdeen new thai|ordinary share,2021,0.0,431.3,,0.0,True
NAME:aberforth smaller companies|ordinary share,2007,0.0,721.125,0.0,0.0,True
NAME:aberforth smaller companies|ordinary share,2008,0.0,499.6458333333333,0.0,0.0,True
NAME:aberforth smaller companies|ordinary share,2009,0.0,468.8333333333333,,0.0,True
NAME:aberforth smaller companies|ordinary share,2010,0.0,546.4583333333334,,0.0,True
NAME:aberforth smaller companies|ordinary share,2011,0.0,621.2083333333334,,0.0,True
NAME:aberforth smaller companies|ordinary share,2012,0.0,628.8333333333334,,0.0,True
NAME:aberforth smaller companies|ordinary share,2013,0.0,894.5,,0.0,True
NAME:aberforth smaller companies|ordinary share,2014,0.0,1108.5833333333333,,0.0,True
NAME:aberforth smaller companies|ordinary share,2015,8.15,1133.9166666666667,,0.718747703387962,True
NAME:aberforth smaller companies|ordinary share,2016,26.450000000000003,1024.1666666666667,,2.5825874694873883,True
NAME:aberforth smaller companies|ordinary share,2017,27.8,1267.6666666666667,,2.19300552195635,True
NAME:aberforth smaller companies|ordinary share,2018,29.25,1315.8333333333333,,2.222925902469918,True
NAME:aberforth smaller companies|ordinary share,2019,30.75,1275.0,,2.411764705882353,True
NAME:aberforth smaller companies|ordinary share,2020,32.4,1003.4166666666666,,3.228967693713147,True
NAME:aberforth smaller companies|ordinary share,2021,33.849999999999994,1467.3333333333333,,2.3069059518400725,True
NAME:aberforth smaller companies|ordinary share,2022,36.3,1273.8333333333333,,2.8496663613764226,True
NAME:aberforth smaller companies|ordinary share,2023,39.9,1272.3333333333333,,3.135970657584491,True
NAME:aberforth smaller companies|ordinary share,2024,42.15,1477.0,,2.853757616790792,True
NAME:aberforth smaller companies|ordinary share,2025,44.3,1484.6666666666667,,2.983834755276156,True
NAME:aberforth smaller companies|ordinary share,2026,32.5,1619.142857142857,,2.007234868537145,True
NAME:abrdn new dawn|ordinary share,2007,0.0,526.25,0.0,0.0,True
NAME:abrdn new dawn|ordinary share,2008,0.0,477.7083333333333,0.0,0.0,True
NAME:abrdn new dawn|ordinary share,2009,0.0,513.9583333333334,,0.0,True
NAME:abrdn new dawn|ordinary share,2010,0.0,767.75,,0.0,True
NAME:abrdn new dawn|ordinary share,2011,0.0,815.25,,0.0,True
NAME:abrdn new dawn|ordinary share,2012,0.0,820.3958333333334,,0.0,True
NAME:abrdn new dawn|ordinary share,2013,0.0,695.6666666666666,,0.0,True
NAME:abrdn new dawn|ordinary share,2014,0.0,173.93833333333336,,0.0,True
NAME:abrdn new dawn|ordinary share,2015,0.0,169.04166666666666,,0.0,True
NAME:abrdn new dawn|ordinary share,2016,0.0,169.38583333333335,,0.0,True
NAME:abrdn new dawn|ordinary share,2017,0.0,221.70833333333334,,0.0,True
NAME:abrdn new dawn|ordinary share,2018,0.0,227.875,,0.0,True
NAME:abrdn new dawn|ordinary share,2019,0.0,245.625,,0.0,True
NAME:abrdn new dawn|ordinary share,2020,0.0,254.625,,0.0,True
NAME:abrdn new dawn|ordinary share,2021,0.0,321.0833333333333,,0.0,True
NAME:abrdn new dawn|ordinary share,2022,0.0,282.5,,0.0,True
NAME:abrdn new dawn|ordinary share,2023,3.3,265.1666666666667,,1.244500314267756,True
NAME:aim distribution trust vct|ordinary share,2007,0.0,58.75,0.0,0.0,True
NAME:aim distribution trust vct|ordinary share,2008,0.0,46.75,0.0,0.0,True
NAME:aim distribution trust vct|ordinary share,2009,0.0,,,,True
NAME:aim distribution trust vct|ordinary share,2010,0.0,,,,True
NAME:albany|ordinary share,2007,0.0,373.90909090909093,3.2609090909090908,0.0,False
NAME:albany|ordinary share,2008,0.0,265.375,4.110833333333333,0.0,False
NAME:albany|ordinary share,2009,0.0,228.35416666666666,4.801666666666667,0.0,False
NAME:albany|ordinary share,2010,0.0,253.16666666666666,3.605,0.0,False
NAME:albany|ordinary share,2011,0.0,263.4166666666667,3.3425,0.0,False
NAME:albany|ordinary share,2012,0.0,261.42857142857144,3.532857142857143,0.0,False
NAME:asset management|ordinary share,2007,0.0,107.39583333333333,6.701666666666667,0.0,False
NAME:asset management|ordinary share,2008,0.0,102.20833333333333,8.012500000000001,0.0,False
NAME:asset management|ordinary share,2009,0.0,57.9375,15.198333333333332,0.0,False
NAME:asset management|ordinary share,2010,0.0,63.375,14.236363636363636,0.0,False
NAME:asset management|ordinary share,2011,0.0,,,,True
NAME:atlantis japan growth|ordinary share,2007,0.0,,0.0,,True
NAME:atlantis japan growth|ordinary share,2008,0.0,,0.0,,True
NAME:atlantis japan growth|ordinary share,2009,0.0,,,,True
NAME:atlantis japan growth|ordinary share,2010,0.0,,,,True
NAME:atlantis japan growth|ordinary share,2011,0.0,,,,True
NAME:atlantis japan growth|ordinary share,2012,0.0,87.75,,0.0,True
NAME:atlantis japan growth|ordinary share,2013,0.0,,,,True
NAME:atlantis japan growth|ordinary share,2014,0.0,,,,True
NAME:atlantis japan growth|ordinary share,2015,0.0,,,,True
NAME:atlantis japan growth|ordinary share,2016,0.0,,,,True
NAME:atlantis japan growth|ordinary share,2017,0.0,,,,True
NAME:atlantis japan growth|ordinary share,2018,0.0,,,,True
NAME:atlantis japan growth|ordinary share,2019,0.0,,,,True
NAME:atlantis japan growth|ordinary share,2020,0.0,,,,True
NAME:atlantis japan growth|ordinary share,2021,0.0,,,,True
NAME:atlantis japan growth|ordinary share,2022,0.0,,,,True
NAME:atlantis japan growth|ordinary share,2023,0.0,,,,True
NAME:aurora uk alpha|ordinary share,2007,0.0,210.14583333333334,1.1583333333333334,0.0,False
NAME:aurora uk alpha|ordinary share,2008,0.0,144.20833333333334,1.1416666666666668,0.0,False
NAME:aurora uk alpha|ordinary share,2009,0.0,125.625,1.0416666666666667,0.0,False
NAME:aurora uk alpha|ordinary share,2010,0.0,202.95833333333334,0.8166666666666668,0.0,False
NAME:aurora uk alpha|ordinary share,2011,0.0,204.1875,1.175,0.0,False
NAME:aurora uk alpha|ordinary share,2012,0.0,155.4275,1.4416666666666667,0.0,False
NAME:aurora uk alpha|ordinary share,2013,0.0,150.90666666666667,2.066666666666667,0.0,False
NAME:aurora uk alpha|ordinary share,2014,0.0,161.1875,1.2333333333333334,0.0,False
NAME:aurora uk alpha|ordinary share,2015,0.0,153.0625,1.1583333333333334,0.0,False
NAME:aurora uk alpha|ordinary share,2016,0.0,164.45833333333334,1.2833333333333334,0.0,False
NAME:aurora uk alpha|ordinary share,2017,0.0,198.04545454545453,1.581818181818182,0.0,False
NAME:aurora uk alpha|ordinary share,2018,0.0,208.5,1.6000000000000003,0.0,False
NAME:aurora uk alpha|ordinary share,2019,0.0,203.63636363636363,1.6000000000000003,0.0,False
NAME:aurora uk alpha|ordinary share,2020,0.0,177.8125,1.6000000000000003,0.0,False
NAME:aurora uk alpha|ordinary share,2021,0.0,222.91666666666666,1.6000000000000003,0.0,False
NAME:aurora uk alpha|ordinary share,2022,0.0,213.47916666666666,1.6358333333333335,0.0,False
NAME:aurora uk alpha|ordinary share,2023,0.0,216.375,1.5616666666666665,0.0,False
NAME:aurora uk alpha|ordinary share,2024,0.0,245.83333333333334,1.585,0.0,False
NAME:aurora uk alpha|ordinary share,2025,0.0,250.83333333333334,1.1875,0.0,False
NAME:aurora uk alpha|ordinary share,2026,4.7,249.78571428571428,2.184285714285714,1.8816128109808408,True
NAME:baillie gifford japan|ordinary share,2007,0.0,214.39583333333334,1.0833333333333333,0.0,False
NAME:baillie gifford japan|ordinary share,2008,0.0,155.1875,1.6416666666666666,0.0,False
NAME:baillie gifford japan|ordinary share,2009,0.0,138.83333333333334,1.9916666666666665,0.0,False
NAME:baillie gifford japan|ordinary share,2010,0.0,170.39583333333334,1.6166666666666665,0.0,False
NAME:baillie gifford japan|ordinary share,2011,0.0,193.46,1.6833333333333333,0.0,False
NAME:baillie gifford japan|ordinary share,2012,0.0,198.6158333333333,1.9083333333333332,0.0,False
NAME:baillie gifford japan|ordinary share,2013,0.0,323.4175,1.4000000000000001,0.0,False
NAME:baillie gifford japan|ordinary share,2014,0.0,352.7816666666667,1.2916666666666667,0.0,False
NAME:baillie gifford japan|ordinary share,2015,0.0,445.375,1.0833333333333333,0.0,False
NAME:baillie gifford japan|ordinary share,2016,0.0,501.0416666666667,1.4727272727272727,0.0,False
NAME:baillie gifford japan|ordinary share,2017,0.0,697.2916666666666,1.3499999999999999,0.0,False
NAME:baillie gifford japan|ordinary share,2018,0.0,820.0833333333334,1.225,0.0,False
NAME:baillie gifford japan|ordinary share,2019,0.0,789.5833333333334,1.55,0.0,False
NAME:baillie gifford japan|ordinary share,2020,0.0,820.0,1.625,0.0,False
NAME:baillie gifford japan|ordinary share,2021,0.0,1021.75,1.4916666666666665,0.0,False
NAME:baillie gifford japan|ordinary share,2022,0.0,773.5,2.1,0.0,False
NAME:baillie gifford japan|ordinary share,2023,0.0,732.25,2.1416666666666666,0.0,False
NAME:baillie gifford japan|ordinary share,2024,0.0,730.0833333333334,1.8666666666666665,0.0,False
NAME:baillie gifford japan|ordinary share,2025,0.0,831.9166666666666,1.7666666666666666,0.0,False
NAME:baillie gifford japan|ordinary share,2026,0.0,945.7142857142857,1.8,0.0,False
NAME:baillie gifford shin nippon|ordinary share,2007,0.0,180.95833333333334,1.4416666666666667,0.0,False
NAME:baillie gifford shin nippon|ordinary share,2008,0.0,113.625,2.316666666666667,0.0,False
NAME:baillie gifford shin nippon|ordinary share,2009,0.0,104.0,2.1333333333333333,0.0,False
NAME:baillie gifford shin nippon|ordinary share,2010,0.0,135.79166666666666,1.8166666666666667,0.0,False
NAME:baillie gifford shin nippon|ordinary share,2011,0.0,163.105,1.7666666666666666,0.0,False
NAME:baillie gifford shin nippon|ordinary share,2012,0.0,182.22916666666666,1.7750000000000001,0.0,False
NAME:baillie gifford shin nippon|ordinary share,2013,0.0,284.3233333333333,1.1833333333333333,0.0,False
NAME:baillie gifford shin nippon|ordinary share,2014,0.0,313.48,1.0833333333333333,0.0,False
NAME:baillie gifford shin nippon|ordinary share,2015,0.0,383.8441666666667,0.9272727272727272,0.0,False
NAME:baillie gifford shin nippon|ordinary share,2016,0.0,537.2083333333334,0.8166666666666668,0.0,False
NAME:baillie gifford shin nippon|ordinary share,2017,0.0,720.9583333333334,0.9249999999999999,0.0,False
NAME:baillie gifford shin nippon|ordinary share,2018,0.0,442.6933333333333,0.7416666666666667,0.0,False
NAME:baillie gifford shin nippon|ordinary share,2019,0.0,179.51166666666666,0.9833333333333334,0.0,False
NAME:baillie gifford shin nippon|ordinary share,2020,0.0,198.5,0.9750000000000001,0.0,False
NAME:baillie gifford shin nippon|ordinary share,2021,0.0,235.79166666666666,0.7666666666666666,0.0,False
NAME:baillie gifford shin nippon|ordinary share,2022,0.0,157.94166666666666,1.1233333333333333,0.0,False
NAME:baillie gifford shin nippon|ordinary share,2023,0.0,138.88333333333333,1.2666666666666668,0.0,False
NAME:baillie gifford shin nippon|ordinary share,2024,0.0,116.53333333333335,1.6083333333333334,0.0,False
NAME:baillie gifford shin nippon|ordinary share,2025,0.0,123.66666666666667,1.6363636363636365,0.0,False
NAME:baillie gifford shin nippon|ordinary share,2026,0.0,150.82857142857142,1.6714285714285713,0.0,False
NAME:bankers|ordinary share,2007,0.0,421.0416666666667,2.6083333333333334,0.0,False
NAME:bankers|ordinary share,2008,0.0,368.6458333333333,3.5308333333333333,0.0,False
NAME:bankers|ordinary share,2009,0.0,329.78333333333336,3.841666666666667,0.0,False
NAME:bankers|ordinary share,2010,6.0,370.9666666666667,3.0583333333333336,1.617395992452152,True
NAME:bankers|ordinary share,2011,6.35,401.4916666666666,2.9166666666666665,1.5816019427551424,True
NAME:bankers|ordinary share,2012,6.6,418.5916666666667,3.216666666666667,1.5767155740478986,True
NAME:bankers|ordinary share,2013,7.0649999999999995,549.1666666666666,2.9583333333333335,1.28649468892261,True
NAME:bankers|ordinary share,2014,7.300000000000001,568.25,2.7583333333333333,1.2846458424989002,True
NAME:bankers|ordinary share,2015,7.9,623.375,2.691666666666667,1.2672949669139764,True
NAME:bankers|ordinary share,2016,8.4,626.7083333333334,2.75,1.3403364138022738,True
NAME:bankers|ordinary share,2017,13.8,800.375,2.35,1.724191785100734,True
NAME:bankers|ordinary share,2018,9.86,863.4166666666666,2.6916666666666664,1.1419747128655535,True
NAME:bankers|ordinary share,2019,10.45,916.25,2.65,1.140518417462483,True
NAME:bankers|ordinary share,2020,16.119999999999997,979.3333333333334,2.28,1.646017699115044,True
NAME:bankers|ordinary share,2021,6.468,274.3666666666667,2.098333333333333,2.357429230956141,True
NAME:bankers|ordinary share,2022,1.15,103.66666666666667,2.6083333333333334,1.1093247588424435,True
NAME:bankers|ordinary share,2023,1.28,99.25833333333333,2.9716666666666662,1.2895642683233985,True
NAME:bankers|ordinary share,2024,1.344,112.18333333333334,2.750833333333333,1.1980389243797356,True
NAME:bankers|ordinary share,2025,1.372,123.28333333333335,2.3183333333333334,1.1128836014600514,True
NAME:bankers|ordinary share,2026,0.707,140.8857142857143,1.7414285714285713,0.5018251875887244,False
NAME:baronsmead vct|ordinary share,2006,0.0,94.5,0.0,0.0,True
NAME:baronsmead vct|ordinary share,2007,0.0,94.41666666666667,0.0,0.0,True
NAME:baronsmead vct|ordinary share,2008,0.0,74.77083333333333,0.0,0.0,True
NAME:baronsmead vct|ordinary share,2009,0.0,64.825,,0.0,True
NAME:baronsmead vct|ordinary share,2010,0.0,65.375,0.0,0.0,True
NAME:baronsmead vct|ordinary share,2011,0.0,69.58090909090909,0.0,0.0,True
NAME:baronsmead vct|ordinary share,2012,0.0,67.64999999999999,,0.0,True
NAME:baronsmead vct|ordinary share,2013,0.0,73.9275,,0.0,True
NAME:baronsmead vct|ordinary share,2014,0.0,73.63636363636364,,0.0,True
NAME:baronsmead vct|ordinary share,2015,0.0,73.39,,0.0,True
NAME:barramundi|ordinary share,2012,0.0,51.73666666666667,,0.0,True
NAME:biotech growth|ordinary share,2007,0.0,110.70833333333333,0.0,0.0,True
NAME:biotech growth|ordinary share,2008,0.0,107.83333333333333,0.0,0.0,True
NAME:biotech growth|ordinary share,2009,0.0,130.64583333333334,,0.0,True
NAME:biotech growth|ordinary share,2010,0.0,159.64583333333334,,0.0,True
NAME:biotech growth|ordinary share,2011,0.0,176.96916666666667,,0.0,True
NAME:biotech growth|ordinary share,2012,0.0,266.7816666666667,,0.0,True
NAME:biotech growth|ordinary share,2013,0.0,399.4375,,0.0,True
NAME:biotech growth|ordinary share,2014,0.0,542.625,0.21555555555555556,0.0,True
NAME:biotech growth|ordinary share,2015,0.0,754.1666666666666,0.2841666666666667,0.0,True
NAME:biotech growth|ordinary share,2016,0.0,654.5416666666666,0.5041666666666667,0.0,False
NAME:biotech growth|ordinary share,2017,0.0,767.9166666666666,0.29333333333333333,0.0,True
NAME:biotech growth|ordinary share,2018,0.0,748.0833333333334,0.28583333333333333,0.0,True
NAME:biotech growth|ordinary share,2019,0.0,757.1666666666666,0.3175,0.0,True
NAME:biotech growth|ordinary share,2020,0.0,1190.3333333333333,0.21916666666666665,0.0,True
NAME:biotech growth|ordinary share,2021,0.0,1330.3333333333333,0.18500000000000003,0.0,True
NAME:biotech growth|ordinary share,2022,0.0,905.6666666666666,0.14916666666666667,0.0,True
NAME:biotech growth|ordinary share,2023,0.0,816.6666666666666,0.295,0.0,True
NAME:biotech growth|ordinary share,2024,0.0,973.5,0.2925,0.0,True
NAME:biotech growth|ordinary share,2025,0.0,920.1666666666666,0.43416666666666665,0.0,True
NAME:biotech growth|ordinary share,2026,0.0,1355.142857142857,0.05857142857142857,0.0,True
NAME:british and american|ordinary share,2007,0.0,,0.0,,True
NAME:british and american|ordinary share,2008,0.0,,0.0,,True
NAME:british and american|ordinary share,2009,0.0,,,,True
NAME:british and american|ordinary share,2010,0.0,,,,True
NAME:british and american|ordinary share,2011,0.0,,,,True
NAME:british and american|ordinary share,2012,0.0,75.0,,0.0,True
NAME:british and american|ordinary share,2013,0.0,,,,True
NAME:british and american|ordinary share,2014,0.0,,,,True
NAME:british and american|ordinary share,2015,0.0,,,,True
NAME:british and american|ordinary share,2016,0.0,,,,True
NAME:british and american|ordinary share,2017,0.0,,,,True
NAME:british and american|ordinary share,2018,0.0,,,,True
NAME:british and american|ordinary share,2019,0.0,,,,True
NAME:british and american|ordinary share,2020,0.0,,,,True
NAME:british and american|ordinary share,2021,0.0,,,,True
NAME:british and american|ordinary share,2022,0.0,,,,True
NAME:british and american|ordinary share,2023,0.0,,,,True
NAME:british and american|ordinary share,2024,0.0,,,,True
NAME:british and american|ordinary share,2025,0.0,,,,True
NAME:british and american|ordinary share,2026,0.0,,,,True
NAME:core vct iii b|ordinary share,2007,0.0,,0.0,,True
NAME:cqs natural resources growth and income|ordinary share,2011,5.76,293.75100000000003,,1.960844388614847,True
NAME:cqs natural resources growth and income|ordinary share,2012,4.92,231.52083333333334,,2.125078736614775,True
NAME:cqs natural resources growth and income|ordinary share,2013,5.5,159.69833333333335,,3.4439933624855192,True
NAME:cqs natural resources growth and income|ordinary share,2014,5.6,129.0425,,4.339655539841526,True
NAME:cqs natural resources growth and income|ordinary share,2015,5.6,93.19833333333334,,6.008691142545468,True
NAME:cqs natural resources growth and income|ordinary share,2016,5.6,103.98083333333334,,5.385607924537375,True
NAME:cqs natural resources growth and income|ordinary share,2017,5.6,118.67,,4.718968568298643,True
NAME:cqs natural resources growth and income|ordinary share,2018,13.36,109.69583333333333,,12.179131689900103,True
NAME:cqs natural resources growth and income|ordinary share,2019,5.6,87.97272727272727,,6.365609176397644,True
NAME:cqs natural resources growth and income|ordinary share,2020,5.6,85.23333333333333,,6.570199452483378,True
NAME:cqs natural resources growth and income|ordinary share,2021,5.6,149.33333333333334,,3.7499999999999996,True
NAME:cqs natural resources growth and income|ordinary share,2022,5.6,191.5625,,2.9233278955954325,True
NAME:cqs natural resources growth and income|ordinary share,2023,8.6,178.63636363636363,,4.814249363867685,True
NAME:cqs natural resources growth and income|ordinary share,2024,5.6,181.58333333333334,,3.0839834786599356,True
NAME:cqs natural resources growth and income|ordinary share,2025,12.79,236.375,,5.410893707033316,True
NAME:cqs natural resources growth and income|ordinary share,2026,22.28,380.14285714285717,,5.860954528372792,True
NAME:european opportunities|ordinary share,2007,0.0,214.5,2.1425,0.0,False
NAME:european opportunities|ordinary share,2008,0.0,174.625,3.2458333333333336,0.0,False
NAME:european opportunities|ordinary share,2009,0.0,145.375,3.19,0.0,False
NAME:european opportunities|ordinary share,2010,0.0,220.5625,2.28,0.0,False
NAME:european opportunities|ordinary share,2011,0.0,261.36583333333334,3.4308333333333336,0.0,False
NAME:european opportunities|ordinary share,2012,0.0,300.25083333333333,2.6558333333333333,0.0,False
NAME:european opportunities|ordinary share,2013,3.5,411.4583333333333,2.1166666666666667,0.8506329113924052,True
NAME:european opportunities|ordinary share,2014,3.5,444.875,2.1008333333333336,0.7867378477100309,False
NAME:european opportunities|ordinary share,2015,0.0,542.2708333333334,1.9666666666666668,0.0,False
NAME:european opportunities|ordinary share,2016,0.0,546.0833333333334,2.3358333333333334,0.0,False
NAME:european opportunities|ordinary share,2017,6.5,668.5208333333334,2.1958333333333333,0.9722958022998535,True
NAME:european opportunities|ordinary share,2018,6.5,773.75,1.8975,0.840064620355412,True
NAME:european opportunities|ordinary share,2019,0.0,795.9166666666666,1.8925,0.0,False
NAME:european opportunities|ordinary share,2020,3.5,718.25,1.7891666666666666,0.4872955099199443,False
NAME:european opportunities|ordinary share,2021,2.0,779.5,1.5054545454545454,0.25657472738935216,False
NAME:european opportunities|ordinary share,2022,5.0,714.3636363636364,1.807,0.6999236446933061,True
NAME:european opportunities|ordinary share,2023,3.5,798.7,1.784,0.43821209465381245,False
NAME:european opportunities|ordinary share,2024,2.0,860.75,1.7233333333333334,0.23235550392099913,False
NAME:european opportunities|ordinary share,2025,4.0,898.9166666666666,1.9649999999999999,0.4449800686010939,False
NAME:european opportunities|ordinary share,2026,0.0,899.2857142857143,2.455714285714286,0.0,False
NAME:fidelity china special situations c|ordinary share,2011,0.0,,,,True
NAME:global smaller companies trust|ordinary share,2007,0.0,439.3125,1.4325,0.0,False
NAME:global smaller companies trust|ordinary share,2008,0.0,345.8958333333333,2.069166666666667,0.0,False
NAME:global smaller companies trust|ordinary share,2009,0.0,337.875,2.1,0.0,False
NAME:global smaller companies trust|ordinary share,2010,0.0,455.5,1.5416666666666667,0.0,False
NAME:global smaller companies trust|ordinary share,2011,0.0,552.125,1.5416666666666667,0.0,False
NAME:global smaller companies trust|ordinary share,2012,0.0,595.0416666666666,1.6666666666666667,0.0,False
NAME:global smaller companies trust|ordinary share,2013,0.0,789.9791666666666,1.3583333333333334,0.0,False
NAME:global smaller companies trust|ordinary share,2014,0.0,866.9166666666666,1.2,0.0,False
NAME:global smaller companies trust|ordinary share,2015,0.0,972.125,1.1916666666666667,0.0,False
NAME:global smaller companies trust|ordinary share,2016,0.0,1067.125,1.275,0.0,False
NAME:global smaller companies trust|ordinary share,2017,0.0,1306.6666666666667,1.25,0.0,False
NAME:global smaller companies trust|ordinary share,2018,0.0,1368.75,1.4000000000000001,0.0,False
NAME:global smaller companies trust|ordinary share,2019,0.0,1035.1583333333333,1.4166666666666667,0.0,False
NAME:global smaller companies trust|ordinary share,2020,0.0,122.52499999999999,1.5833333333333333,0.0,False
NAME:global smaller companies trust|ordinary share,2021,0.0,161.48333333333332,1.0250000000000001,0.0,False
NAME:global smaller companies trust|ordinary share,2022,0.0,146.76666666666668,1.4583333333333333,0.0,False
NAME:global smaller companies trust|ordinary share,2023,0.0,143.6,1.675,0.0,False
NAME:global smaller companies trust|ordinary share,2024,0.7,160.85,1.9083333333333332,0.43518806341311783,False
NAME:global smaller companies trust|ordinary share,2025,3.6999999999999997,163.21666666666667,2.033333333333333,2.2669253548452977,True
NAME:global smaller companies trust|ordinary share,2026,0.0,187.85714285714286,1.8857142857142857,0.0,False
NAME:independent investment trust|ordinary share,2007,0.0,282.8125,2.8000000000000003,0.0,False
NAME:independent investment trust|ordinary share,2008,0.0,168.70833333333334,4.05,0.0,False
NAME:independent investment trust|ordinary share,2009,0.0,146.625,2.9333333333333336,0.0,False
NAME:independent investment trust|ordinary share,2010,0.0,186.58333333333334,2.4916666666666667,0.0,False
NAME:independent investment trust|ordinary share,2011,0.0,211.20833333333334,2.275,0.0,False
NAME:independent investment trust|ordinary share,2012,0.0,203.8125,2.4916666666666667,0.0,False
NAME:independent investment trust|ordinary share,2013,0.0,250.10416666666666,2.25,0.0,False
NAME:independent investment trust|ordinary share,2014,0.0,277.1875,2.6416666666666666,0.0,False
NAME:independent investment trust|ordinary share,2015,0.0,331.4583333333333,2.058333333333333,0.0,False
NAME:independent investment trust|ordinary share,2016,0.0,378.8025,2.2916666666666665,0.0,False
NAME:independent investment trust|ordinary share,2017,0.0,539.615,1.9083333333333332,0.0,False
NAME:independent investment trust|ordinary share,2018,0.0,678.2916666666666,1.8333333333333333,0.0,False
NAME:independent investment trust|ordinary share,2019,0.0,538.5,2.1750000000000003,0.0,False
NAME:independent investment trust|ordinary share,2020,0.0,454.7916666666667,1.8583333333333334,0.0,False
NAME:independent investment trust|ordinary share,2021,0.0,555.0,1.6333333333333335,0.0,False
NAME:independent investment trust|ordinary share,2022,0.0,448.25,2.41,0.0,False
NAME:north american income|ordinary share,2007,0.0,589.4166666666666,0.0,0.0,True
NAME:north american income|ordinary share,2008,0.0,525.4583333333334,0.0,0.0,True
NAME:north american income|ordinary share,2009,0.0,484.4375,,0.0,True
NAME:north american income|ordinary share,2010,0.0,584.2083333333334,0.0,0.0,True
NAME:north american income|ordinary share,2011,0.0,626.4583333333334,0.0,0.0,True
NAME:north american income|ordinary share,2012,0.0,682.3333333333334,,0.0,True
NAME:north american income|ordinary share,2013,11.0,838.2083333333334,,1.3123229109708205,True
NAME:north american income|ordinary share,2014,12.0,828.2708333333334,,1.4488014689237114,True
NAME:north american income|ordinary share,2015,13.0,827.8125,,1.570403926009815,True
NAME:north american income|ordinary share,2016,14.0,1009.5,,1.3868251609707776,True
NAME:north american income|ordinary share,2017,15.0,1223.625,,1.225865767698437,True
NAME:north american income|ordinary share,2018,16.0,1308.125,,1.223124701385571,True
NAME:north american income|ordinary share,2019,10.2,762.8333333333334,,1.3371203845313522,True
NAME:north american income|ordinary share,2020,5.4,237.58333333333334,,2.2728867064188005,True
NAME:north american income|ordinary share,2021,3.8,267.8333333333333,,1.418792781580585,True
NAME:north american income|ordinary share,2022,7.5,298.4583333333333,,2.512913583693983,True
NAME:north american income|ordinary share,2023,7.7,279.7083333333333,,2.7528675703858188,True
NAME:north american income|ordinary share,2024,9.3,304.1666666666667,,3.057534246575343,True
NAME:north american income|ordinary share,2025,12.399999999999999,340.875,,3.637697103043637,True
NAME:north american income|ordinary share,2026,0.0,406.85714285714283,,0.0,True
NAME:private equity investor|ordinary share,2007,0.0,161.1590909090909,0.0,0.0,True
NAME:private equity investor|ordinary share,2008,0.0,137.16666666666666,0.085,0.0,True
NAME:private equity investor|ordinary share,2009,0.0,119.04166666666667,0.043333333333333335,0.0,True
NAME:private equity investor|ordinary share,2010,0.0,130.77083333333334,0.030833333333333334,0.0,True
NAME:private equity investor|ordinary share,2011,0.0,166.0909090909091,0.02,0.0,True
NAME:private equity investor|ordinary share,2012,0.0,175.6875,,0.0,True
NAME:private equity investor|ordinary share,2013,0.0,179.625,,0.0,True
NAME:private equity investor|ordinary share,2014,0.0,185.0,,0.0,True
NAME:rights and issues|preference,2007,0.0,,0.0,,True
NAME:rights and issues|preference,2008,0.0,,0.0,,True
NAME:rights and issues|preference,2009,0.0,,,,True
NAME:rights and issues|preference,2010,0.0,,,,True
NAME:rights and issues|preference,2011,0.0,,,,True
NAME:rights and issues|preference,2012,0.0,85.5,,0.0,True
NAME:rights and issues|preference,2013,0.0,,,,True
NAME:rights and issues|preference,2014,0.0,,,,True
NAME:royal london uk equity and income|income annuity,2007,0.0,75.0,0.0,0.0,True
NAME:royal london uk equity and income|income annuity,2008,0.0,75.0,0.0,0.0,True
NAME:unicorn aim vct following conversion of unicorn aim vct ords and series 2 and merger with unicorn aim vct ii|ordinary share,2007,0.0,95.0,0.0,0.0,True
NAME:unicorn aim vct following conversion of unicorn aim vct ords and series 2 and merger with unicorn aim vct ii|ordinary share,2008,0.0,75.66666666666667,0.15555555555555556,0.0,True
NAME:unicorn aim vct following conversion of unicorn aim vct ords and series 2 and merger with unicorn aim vct ii|ordinary share,2009,0.0,62.04545454545455,,0.0,True
NAME:unicorn aim vct following conversion of unicorn aim vct ords and series 2 and merger with unicorn aim vct ii|ordinary share,2010,0.0,81.84,,0.0,True
NAME:unicorn aim vct following conversion of unicorn aim vct ords and series 2 and merger with unicorn aim vct ii|ordinary share,2011,0.0,91.19833333333334,,0.0,True
NAME:unicorn aim vct following conversion of unicorn aim vct ords and series 2 and merger with unicorn aim vct ii|ordinary share,2012,0.0,76.5625,,0.0,True
NAME:unicorn aim vct following conversion of unicorn aim vct ords and series 2 and merger with unicorn aim vct ii|ordinary share,2013,0.0,100.10416666666667,,0.0,True
NAME:unicorn aim vct following conversion of unicorn aim vct ords and series 2 and merger with unicorn aim vct ii|ordinary share,2014,0.0,127.16666666666667,,0.0,True
NAME:unicorn aim vct following conversion of unicorn aim vct ords and series 2 and merger with unicorn aim vct ii|ordinary share,2015,0.0,132.16666666666666,,0.0,True
NAME:unicorn aim vct following conversion of unicorn aim vct ords and series 2 and merger with unicorn aim vct ii|ordinary share,2016,0.0,134.54166666666666,,0.0,True
NAME:unicorn aim vct following conversion of unicorn aim vct ords and series 2 and merger with unicorn aim vct ii|ordinary share,2017,0.0,139.91666666666666,,0.0,True
NAME:unicorn aim vct following conversion of unicorn aim vct ords and series 2 and merger with unicorn aim vct ii|ordinary share,2018,0.0,138.33333333333334,,0.0,True
NAME:unicorn aim vct following conversion of unicorn aim vct ords and series 2 and merger with unicorn aim vct ii|ordinary share,2019,0.0,135.1818181818182,,0.0,True
NAME:unicorn aim vct following conversion of unicorn aim vct ords and series 2 and merger with unicorn aim vct ii|ordinary share,2020,0.0,137.91666666666666,,0.0,True
NAME:unicorn aim vct following conversion of unicorn aim vct ords and series 2 and merger with unicorn aim vct ii|ordinary share,2021,0.0,204.83333333333334,,0.0,True
NAME:unicorn aim vct following conversion of unicorn aim vct ords and series 2 and merger with unicorn aim vct ii|ordinary share,2022,0.0,148.45,,0.0,True
NAME:unicorn aim vct following conversion of unicorn aim vct ords and series 2 and merger with unicorn aim vct ii|ordinary share,2023,0.0,106.5,,0.0,True
NAME:unicorn aim vct following conversion of unicorn aim vct ords and series 2 and merger with unicorn aim vct ii|ordinary share,2024,0.0,93.44444444444444,,0.0,True
NAME:unicorn aim vct following conversion of unicorn aim vct ords and series 2 and merger with unicorn aim vct ii|ordinary share,2025,0.0,80.70833333333333,,0.0,True
NAME:unicorn aim vct following conversion of unicorn aim vct ords and series 2 and merger with unicorn aim vct ii|ordinary share,2026,0.0,69.71428571428571,,0.0,True
SEDOL:0060929,2014,0.0,,,,True
SEDOL:0060929,2015,0.0,,,,True
SEDOL:0060929,2016,0.0,224.33333333333334,4.35,0.0,False
SEDOL:0060929,2017,0.0,253.04166666666666,7.6883333333333335,0.0,False
SEDOL:0060929,2018,0.0,246.5,2.47,0.0,False
SEDOL:0060929,2019,0.0,223.75,2.4166666666666665,0.0,False
SEDOL:0060929,2020,0.0,187.91666666666666,1.5925,0.0,False
SEDOL:0060929,2021,0.0,230.41666666666666,1.5266666666666666,0.0,False
SEDOL:0060929,2022,0.0,216.25,2.2708333333333335,0.0,False
SEDOL:0060929,2023,0.0,195.41666666666666,2.8016666666666663,0.0,False
SEDOL:0060929,2024,7.6,178.1818181818182,2.7936363636363635,4.26530612244898,True
SEDOL:0060929,2025,0.0,170.83333333333334,4.018341666666667,0.0,False
SEDOL:0060929,2026,0.0,152.14285714285714,1.8971428571428572,0.0,False
SEDOL:0068417,2019,0.0,103.0,,0.0,True
SEDOL:0068417,2020,0.0,78.0,,0.0,True
SEDOL:0068417,2021,0.0,104.66666666666667,,0.0,True
SEDOL:0068417,2022,0.0,78.25,,0.0,True
SEDOL:0068417,2023,0.0,66.20833333333333,0.0,0.0,True
SEDOL:0068417,2024,0.0,65.19166666666666,0.0,0.0,True
SEDOL:0068417,2025,0.0,77.75,0.0,0.0,True
SEDOL:0121600,2013,0.0,244.53125,0.7474999999999999,0.0,False
SEDOL:0121600,2014,0.0,244.69916666666666,1.1066666666666667,0.0,False
SEDOL:0121600,2015,0.0,226.1775,1.4383333333333335,0.0,False
SEDOL:0121600,2016,0.0,234.65666666666667,2.195,0.0,False
SEDOL:0121600,2017,0.0,283.9166666666667,1.7474999999999998,0.0,False
SEDOL:0121600,2018,0.0,279.25,1.37,0.0,False
SEDOL:0121600,2019,0.0,272.4583333333333,1.3191666666666666,0.0,False
SEDOL:0121600,2020,0.0,270.75,1.54875,0.0,False
SEDOL:0262134,2019,0.0,41.5,,0.0,True
SEDOL:0262134,2020,0.0,33.6,,0.0,True
SEDOL:0310505,2022,0.0,,,,True
SEDOL:0310505,2023,0.0,,,,True
SEDOL:0310505,2024,0.0,,,,True
SEDOL:0310505,2025,0.0,,,,True
SEDOL:0310505,2026,0.0,,,,True
SEDOL:0465825,2014,0.0,403.35,4.484,0.0,False
SEDOL:0465825,2015,12.1,381.375,5.8725,3.17273025237627,True
SEDOL:0465825,2016,20.7,361.1666666666667,5.925,5.73142593447162,True
SEDOL:0465825,2017,20.7,331.7083333333333,5.913333333333333,6.240422057530461,True
SEDOL:0465825,2018,20.7,321.5,5.466666666666666,6.438569206842923,True
SEDOL:0465825,2019,18.75,307.0,5.740833333333334,6.107491856677524,True
SEDOL:0465825,2020,6.75,282.5833333333333,6.396666666666667,2.38867590681215,False
SEDOL:0465825,2021,1.0,302.6666666666667,3.5625,0.33039647577092507,False
SEDOL:0465825,2022,0.0,294.1,2.0100000000000002,0.0,False
SEDOL:0465825,2023,0.0,319.3333333333333,1.9258333333333333,0.0,False
SEDOL:0465825,2024,0.0,347.45454545454544,2.3436363636363637,0.0,False
SEDOL:0465825,2025,0.0,129.0,1.842222222222222,0.0,False
SEDOL:0465825,2026,0.0,,,,True
SEDOL:0482943,2013,0.0,,,,True
SEDOL:0482943,2014,0.0,334.5833333333333,3.525,0.0,False
SEDOL:0482943,2015,0.0,356.4318181818182,4.006363636363637,0.0,False
SEDOL:0482943,2016,0.0,355.8958333333333,4.0,0.0,False
SEDOL:0482943,2017,0.0,432.9275,4.0,0.0,False
SEDOL:0482943,2018,0.0,417.2,4.0,0.0,False
SEDOL:0482943,2019,0.0,,,,True
SEDOL:0482943,2020,0.0,,,,True
SEDOL:0482943,2021,0.0,,,,True
SEDOL:0555522,2014,0.0,228.75,3.980909090909091,0.0,False
SEDOL:0555522,2015,0.0,258.4583333333333,3.6775,0.0,False
SEDOL:0555522,2016,0.0,258.81333333333333,3.5283333333333338,0.0,False
SEDOL:0555522,2017,0.0,286.7083333333333,3.61,0.0,False
SEDOL:0555522,2018,0.0,281.75,3.9633333333333334,0.0,False
SEDOL:0555522,2019,0.0,259.375,4.269166666666666,0.0,False
SEDOL:0555522,2020,0.0,201.08333333333334,4.276666666666666,0.0,False
SEDOL:0555522,2021,0.0,229.625,3.2975,0.0,False
SEDOL:0555522,2022,0.0,186.3125,2.4633333333333334,0.0,False
SEDOL:0555522,2023,5.4,203.39583333333334,1.555,2.6549216429376217,True
SEDOL:0555522,2024,8.0,238.625,1.1716666666666666,3.352540597171294,True
SEDOL:0555522,2025,8.4,254.16666666666666,0.7825000000000001,3.3049180327868855,True
SEDOL:0555522,2026,4.6,297.0,0.5157142857142857,1.5488215488215487,True
SEDOL:0664020,2014,0.0,,,,True
SEDOL:0664020,2015,0.0,,,,True
SEDOL:0664020,2016,0.0,,,,True
SEDOL:0664020,2017,0.0,,,,True
SEDOL:0664020,2018,0.0,,,,True
SEDOL:0664020,2019,0.0,,,,True
SEDOL:0664020,2020,0.0,,,,True
SEDOL:0664020,2021,0.0,,,,True
SEDOL:0664020,2022,0.0,,,,True
SEDOL:0664020,2023,0.0,,,,True
SEDOL:0664020,2024,0.0,,,,True
SEDOL:0664020,2025,0.0,,,,True
SEDOL:0664020,2026,0.0,,,,True
SEDOL:0827124,2019,0.0,,,,True
SEDOL:0827124,2020,0.0,,,,True
SEDOL:129756,2007,0.0,142.02083333333334,3.3316666666666666,0.0,False
SEDOL:129756,2008,0.0,111.52083333333333,4.550833333333333,0.0,False
SEDOL:129756,2009,2.884,97.59583333333335,4.918333333333333,2.955044187337232,True
SEDOL:129756,2010,2.884,118.73333333333333,3.8333333333333335,2.428972487366648,True
SEDOL:129756,2011,2.884,128.04999999999998,4.0,2.2522452167122218,True
SEDOL:129756,2012,2.884,120.625,4.45,2.390880829015544,True
SEDOL:129756,2013,1.442,134.47916666666666,4.291666666666667,1.072285050348567,False
SEDOL:129756,2014,1.485,136.8125,4.633333333333333,1.085427135678392,False
SEDOL:129756,2015,3.395,134.76083333333335,4.367500000000001,2.5192779801252834,True
SEDOL:129756,2016,3.27,115.8125,4.621666666666667,2.823529411764706,True
SEDOL:129756,2017,7.525,116.96916666666668,3.8225,6.433319322043558,True
SEDOL:129756,2018,5.24,120.91666666666667,4.7425,4.333563059958649,True
SEDOL:129756,2019,4.0200000000000005,111.20833333333333,4.3950000000000005,3.614837017609592,True
SEDOL:129756,2020,4.08,94.75,4.6625000000000005,4.306068601583114,True
SEDOL:129756,2021,4.14,98.24583333333334,4.8875,4.213919165359005,True
SEDOL:129756,2022,5.6,97.21666666666665,4.755,5.760329161666382,True
SEDOL:129756,2023,5.68,83.63333333333334,4.920833333333333,6.791550418493423,True
SEDOL:129756,2024,3.37,60.7875,5.1575,5.543902940571663,True
SEDOL:129756,2025,1.5,44.54090909090909,3.3663636363636367,3.367690580671497,True
SEDOL:129756,2026,0.5,20.55,3.16,2.4330900243309004,True
SEDOL:132077,2007,0.0,183.75,1.455,0.0,False
SEDOL:132077,2008,0.0,159.39583333333334,2.4008333333333334,0.0,False
SEDOL:132077,2009,0.0,159.875,2.540833333333333,0.0,False
SEDOL:132077,2010,0.0,206.8083333333333,1.2725,0.0,False
SEDOL:132077,2011,0.0,215.65833333333333,1.4483333333333333,0.0,False
SEDOL:132077,2012,0.0,191.07500000000002,2.0841666666666665,0.0,False
SEDOL:132077,2013,2.4,211.01083333333335,1.9691666666666665,1.1373823618850532,True
SEDOL:132077,2014,0.0,210.25,1.8508333333333333,0.0,False
SEDOL:132077,2015,2.2,228.07583333333332,1.7758333333333332,0.9645914553273583,True
SEDOL:132077,2016,2.5,242.71916666666667,2.0124999999999997,1.0299969443423984,True
SEDOL:132077,2017,13.8,331.5,1.7708333333333333,4.16289592760181,True
SEDOL:132077,2018,15.7,346.8333333333333,2.1083333333333334,4.526669870254685,True
SEDOL:132077,2019,15.7,364.6666666666667,2.1854545454545455,4.305301645338208,True
SEDOL:132077,2020,15.8,401.625,2.069166666666667,3.9340180516651104,True
SEDOL:132077,2021,19.3,472.4791666666667,1.5758333333333334,4.08483619207196,True
SEDOL:132077,2022,16.5,369.1875,1.6325,4.4692737430167595,True
SEDOL:132077,2023,15.7,352.2916666666667,1.99,4.456534594914252,True
SEDOL:132077,2024,16.0,357.75,1.9191666666666667,4.472396925227114,True
SEDOL:132077,2025,23.599999999999998,398.875,1.9433333333333334,5.916640551551238,True
SEDOL:132077,2026,24.0,548.2142857142857,1.6357142857142857,4.37785016286645,True
SEDOL:133508,2007,0.0,464.0625,2.191666666666667,0.0,False
SEDOL:133508,2008,0.0,417.1041666666667,3.3000000000000003,0.0,False
SEDOL:133508,2009,0.0,387.4291666666666,3.5416666666666665,0.0,False
SEDOL:133508,2010,0.0,444.825,2.658333333333333,0.0,False
SEDOL:133508,2011,0.0,483.62083333333334,3.1300000000000003,0.0,False
SEDOL:133508,2012,0.0,434.2833333333333,3.341666666666667,0.0,False
SEDOL:133508,2013,0.0,495.9583333333333,2.625,0.0,False
SEDOL:133508,2014,0.0,501.1375,2.2666666666666666,0.0,False
SEDOL:133508,2015,0.0,498.5083333333334,2.0658333333333334,0.0,False
SEDOL:133508,2016,0.0,531.8833333333333,2.4166666666666665,0.0,False
SEDOL:133508,2017,0.0,689.8333333333334,1.8508333333333333,0.0,False
SEDOL:133508,2018,0.0,729.25,1.8658333333333335,0.0,False
SEDOL:133508,2019,0.0,744.9166666666666,2.265,0.0,False
SEDOL:133508,2020,0.0,711.6666666666666,1.9408333333333332,0.0,False
SEDOL:133508,2021,0.0,980.0,1.3949999999999998,0.0,False
SEDOL:133508,2022,0.0,190.65,1.8291666666666666,0.0,False
SEDOL:133508,2023,0.0,196.53333333333333,1.5808333333333333,0.0,False
SEDOL:133508,2024,0.0,235.33333333333334,1.8099999999999998,0.0,False
SEDOL:133508,2025,0.0,247.41666666666666,2.1575,0.0,False
SEDOL:133508,2026,0.0,257.2857142857143,1.74,0.0,False
SEDOL:140315,2007,0.0,,0.0,,True
SEDOL:140315,2008,0.0,,0.0,,True
SEDOL:140315,2009,0.0,,,,True
SEDOL:140315,2010,0.0,,,,True
SEDOL:140315,2011,0.0,,,,True
SEDOL:140315,2012,0.0,80.0,,0.0,True
SEDOL:140315,2013,0.0,,,,True
SEDOL:140315,2014,0.0,,,,True
SEDOL:140315,2015,0.0,,,,True
SEDOL:140315,2016,0.0,,,,True
SEDOL:140315,2017,0.0,,,,True
SEDOL:140315,2018,0.0,,,,True
SEDOL:140315,2019,0.0,,,,True
SEDOL:140315,2020,0.0,,,,True
SEDOL:140315,2021,0.0,,,,True
SEDOL:140315,2022,0.0,,,,True
SEDOL:140315,2023,0.0,,,,True
SEDOL:140315,2024,0.0,,,,True
SEDOL:140315,2025,0.0,,,,True
SEDOL:140315,2026,0.0,,,,True
SEDOL:149000,2007,0.0,456.2708333333333,2.6758333333333333,0.0,False
SEDOL:149000,2008,0.0,394.6041666666667,3.266666666666667,0.0,False
SEDOL:149000,2009,0.0,324.1666666666667,2.9758333333333336,0.0,False
SEDOL:149000,2010,0.0,380.8125,2.595,0.0,False
SEDOL:149000,2011,0.0,402.5425,2.78,0.0,False
SEDOL:149000,2012,0.0,406.2916666666667,2.9949999999999997,0.0,False
SEDOL:149000,2013,0.0,489.4375,2.8800000000000003,0.0,False
SEDOL:149000,2014,6.2,531.7916666666666,2.799166666666667,1.1658700932382668,True
SEDOL:149000,2015,6.4,545.2083333333334,2.6766666666666663,1.1738632021398547,True
SEDOL:149000,2016,6.6,548.3958333333334,2.8266666666666667,1.2035102381947345,True
SEDOL:149000,2017,7.0,712.375,2.6541666666666663,0.9826285313212845,False
SEDOL:149000,2018,8.1,761.3333333333334,2.7575000000000003,1.063922942206655,False
SEDOL:149000,2019,9.32,809.9166666666666,2.8091666666666666,1.1507356723942792,False
SEDOL:149000,2020,14.01,792.5,2.47,1.7678233438485804,True
SEDOL:149000,2021,9.4,985.8333333333334,2.0775,0.9535080304311073,True
SEDOL:149000,2022,10.3,1001.875,2.4458333333333333,1.0280723643169059,True
SEDOL:149000,2023,11.1,1063.4166666666667,2.575833333333333,1.0438053444087454,True
SEDOL:149000,2024,11.8,1349.375,2.2716666666666665,0.8744789254284391,False
SEDOL:149000,2025,12.5,1391.8333333333333,2.2916666666666665,0.8980960364028261,True
SEDOL:149000,2026,6.75,1480.5714285714287,2.248571428571428,0.4559050559629486,False
SEDOL:152417,2007,0.0,189.79166666666666,1.6366666666666667,0.0,False
SEDOL:152417,2008,0.0,105.35416666666667,4.0975,0.0,False
SEDOL:152417,2009,0.0,65.8125,3.8166666666666664,0.0,False
SEDOL:152417,2010,0.0,57.291666666666664,1.6600000000000001,0.0,False
SEDOL:152417,2011,0.0,38.479166666666664,2.021666666666667,0.0,False
SEDOL:152417,2012,0.0,28.65,3.9620000000000006,0.0,False
SEDOL:156828,2007,0.0,98.9375,3.0749999999999997,0.0,False
SEDOL:156828,2008,0.0,75.79166666666667,4.241666666666666,0.0,False
SEDOL:156828,2009,0.0,64.625,3.498333333333333,0.0,False
SEDOL:156828,2010,0.0,82.05,2.16,0.0,False
SEDOL:1610132,2016,0.0,108.14285714285714,,0.0,True
SEDOL:1610132,2017,0.0,116.62583333333333,,0.0,True
SEDOL:1610132,2018,0.0,126.08333333333333,,0.0,True
SEDOL:1610132,2019,0.0,130.79166666666666,,0.0,True
SEDOL:1610132,2020,0.0,128.08333333333334,,0.0,True
SEDOL:1610132,2021,0.0,139.125,,0.0,True
SEDOL:1610132,2022,0.0,143.83333333333334,,0.0,True
SEDOL:1610140,2018,0.0,102.83333333333333,,0.0,True
SEDOL:1610140,2019,0.0,106.83333333333333,,0.0,True
SEDOL:1610140,2020,0.0,97.95833333333333,,0.0,True
SEDOL:1610140,2021,0.0,114.70833333333333,,0.0,True
SEDOL:1610140,2022,0.0,114.5909090909091,,0.0,True
SEDOL:1610140,2023,0.0,112.25,,0.0,True
SEDOL:1610140,2024,0.0,120.41666666666667,,0.0,True
SEDOL:1610140,2025,0.0,137.29166666666666,,0.0,True
SEDOL:1610140,2026,0.0,147.28571428571428,,0.0,True
SEDOL:1610157,2021,0.0,99.5,,0.0,True
SEDOL:1610157,2022,0.0,97.0909090909091,,0.0,True
SEDOL:1610157,2023,0.0,93.0,,0.0,True
SEDOL:1610157,2024,0.0,99.875,,0.0,True
SEDOL:1610157,2025,0.0,119.0,,0.0,True
SEDOL:1610157,2026,0.0,128.85714285714286,,0.0,True
SEDOL:1610207,2017,0.0,104.875,,0.0,True
SEDOL:1610207,2018,0.0,106.565,,0.0,True
SEDOL:1610207,2019,0.0,112.95833333333333,,0.0,True
SEDOL:1610207,2020,0.0,106.79166666666667,,0.0,True
SEDOL:1610207,2021,0.0,119.29166666666667,,0.0,True
SEDOL:1610207,2022,0.0,123.0909090909091,,0.0,True
SEDOL:1610207,2023,0.0,124.04166666666667,,0.0,True
SEDOL:1610207,2024,0.0,132.27777777777777,,0.0,True
SEDOL:163992,2007,0.0,2070.25,3.6550000000000002,0.0,False
SEDOL:163992,2008,0.0,1836.5833333333333,3.1341666666666668,0.0,False
SEDOL:163992,2009,0.0,1485.9166666666667,3.215,0.0,False
SEDOL:163992,2010,0.0,1655.5,2.3941666666666666,0.0,False
SEDOL:163992,2011,0.0,1645.1666666666667,2.6166666666666667,0.0,False
SEDOL:163992,2012,0.0,1455.4166666666667,2.92,0.0,False
SEDOL:163992,2013,0.0,1833.0833333333333,2.561666666666667,0.0,False
SEDOL:163992,2014,0.0,2132.7272727272725,2.4918181818181817,0.0,False
SEDOL:163992,2015,0.0,2344.75,2.268333333333333,0.0,False
SEDOL:163992,2016,38.3,2381.8333333333335,2.1599999999999997,1.6080050381358895,True
SEDOL:163992,2017,0.0,2784.9166666666665,1.9358333333333333,0.0,False
SEDOL:163992,2018,0.0,2775.4166666666665,2.2716666666666665,0.0,False
SEDOL:163992,2019,0.0,3022.9166666666665,2.41,0.0,False
SEDOL:163992,2020,0.0,2715.0,2.6158333333333332,0.0,False
SEDOL:163992,2021,0.0,3178.181818181818,1.75,0.0,False
SEDOL:163992,2022,0.0,3598.181818181818,1.5630000000000002,0.0,False
SEDOL:163992,2023,0.0,3425.8333333333335,1.53,0.0,False
SEDOL:163992,2024,0.0,3453.75,1.4808333333333332,0.0,False
SEDOL:163992,2025,0.0,2044.0,1.4574999999999998,0.0,False
SEDOL:163992,2026,0.0,360.2857142857143,1.3671428571428572,0.0,False
SEDOL:166399,2007,0.0,,0.0,,True
SEDOL:166399,2008,0.0,71.66666666666667,0.0,0.0,True
SEDOL:166399,2009,0.0,53.375,,0.0,True
SEDOL:166399,2010,0.0,,,,True
SEDOL:167499,2007,0.0,400.5833333333333,0.575,0.0,False
SEDOL:167499,2008,0.0,384.6041666666667,0.5916666666666667,0.0,False
SEDOL:167499,2009,0.0,328.5,0.8083333333333332,0.0,False
SEDOL:167499,2010,0.0,431.8333333333333,0.625,0.0,False
SEDOL:167499,2011,0.0,458.25083333333333,0.6333333333333333,0.0,False
SEDOL:167499,2012,0.0,426.0625,0.6999999999999998,0.0,False
SEDOL:167499,2013,0.0,448.2291666666667,0.6999999999999998,0.0,False
SEDOL:167499,2014,0.0,423.6458333333333,0.7,0.0,False
SEDOL:167499,2015,0.0,423.1266666666667,1.0083333333333333,0.0,False
SEDOL:167499,2016,0.0,447.25,1.0,0.0,False
SEDOL:167499,2017,10.0,584.2272727272727,1.7909090909090908,1.7116626468528748,True
SEDOL:167499,2018,10.5,575.6666666666666,3.1916666666666664,1.8239722061378114,True
SEDOL:167499,2019,21.0,574.6666666666666,2.7541666666666664,3.654292343387471,True
SEDOL:167499,2020,22.0,564.625,3.5,3.8963914102280275,True
SEDOL:167499,2021,17.25,708.9166666666666,3.5,2.433290231573998,True
SEDOL:167499,2022,0.0,573.3333333333334,3.5,0.0,False
SEDOL:167499,2023,0.0,479.375,,0.0,True
SEDOL:167499,2024,0.0,402.0,,0.0,True
SEDOL:167518,2006,0.0,218.0,1.0,0.0,False
SEDOL:167518,2007,0.0,221.64583333333334,1.2,0.0,False
SEDOL:167518,2008,0.0,165.3125,1.1166666666666667,0.0,False
SEDOL:167518,2009,0.0,126.72916666666667,1.0416666666666667,0.0,False
SEDOL:167518,2010,0.0,160.5,0.9,0.0,False
SEDOL:171315,2007,0.0,,0.0,,True
SEDOL:171315,2008,0.0,,0.0,,True
SEDOL:171315,2009,0.0,,,,True
SEDOL:171315,2010,0.0,,,,True
SEDOL:173861,2007,0.0,2047.2727272727273,1.9000000000000001,0.0,False
SEDOL:173861,2008,0.0,2094.6363636363635,2.1591666666666667,0.0,False
SEDOL:173861,2009,0.0,2405.1666666666665,2.1183333333333336,0.0,False
SEDOL:173861,2010,0.0,2758.8333333333335,1.8275,0.0,False
SEDOL:173861,2011,0.0,3072.125,1.6091666666666666,0.0,False
SEDOL:173861,2012,0.0,3232.125,1.3583333333333334,0.0,False
SEDOL:173861,2013,0.0,3465.9583333333335,1.5266666666666666,0.0,False
SEDOL:173861,2014,0.0,3280.125,1.8791666666666667,0.0,False
SEDOL:173861,2015,0.0,3313.625,1.655,0.0,False
SEDOL:173861,2016,0.0,3553.9583333333335,0.8225000000000001,0.0,False
SEDOL:173861,2017,0.0,3911.5833333333335,0.9783333333333334,0.0,False
SEDOL:173861,2018,0.0,4014.5833333333335,1.1758333333333333,0.0,False
SEDOL:173861,2019,0.0,4260.833333333333,1.3333333333333333,0.0,False
SEDOL:173861,2020,0.0,4432.5,1.3825,0.0,False
SEDOL:173861,2021,0.0,4920.0,1.0275,0.0,False
SEDOL:173861,2022,46.0,5030.0,1.0858333333333332,0.9145129224652088,True
SEDOL:173861,2023,60.0,4642.916666666667,1.9591666666666665,1.292291124472763,True
SEDOL:173861,2024,89.0,4729.166666666667,2.3766666666666665,1.8819383259911893,True
SEDOL:173861,2025,102.0,4856.666666666667,3.1633333333333336,2.1002059025394644,True
SEDOL:173861,2026,66.0,4410.857142857143,2.4814285714285718,1.4963078118927322,True
SEDOL:174002,2007,0.0,224.89583333333334,1.2241666666666666,0.0,False
SEDOL:174002,2008,0.0,161.875,1.8258333333333334,0.0,False
SEDOL:174002,2009,0.0,141.60416666666666,2.6633333333333336,0.0,False
SEDOL:174002,2010,0.0,164.34166666666667,1.7158333333333333,0.0,False
SEDOL:174002,2011,0.0,170.625,1.7958333333333334,0.0,False
SEDOL:174002,2012,0.0,161.27166666666668,2.4691666666666667,0.0,False
SEDOL:174002,2013,0.0,219.5525,1.4091666666666667,0.0,False
SEDOL:174002,2014,0.0,220.79250000000002,1.1908333333333332,0.0,False
SEDOL:174002,2015,0.0,277.5208333333333,1.1125,0.0,False
SEDOL:174002,2016,0.0,309.48,1.3141666666666667,0.0,False
SEDOL:174002,2017,5.0,374.12583333333333,1.365,1.3364487438495516,True
SEDOL:174002,2018,0.0,438.1666666666667,1.15,0.0,False
SEDOL:174002,2019,0.0,429.7916666666667,1.0916666666666668,0.0,False
SEDOL:174002,2020,5.1,536.25,0.9708333333333333,0.9510489510489509,True
SEDOL:174002,2021,5.3,653.9166666666666,0.805,0.8105008283420416,True
SEDOL:174002,2022,6.2,474.9166666666667,1.3216666666666665,1.3054921916125635,True
SEDOL:174002,2023,6.5,472.0833333333333,1.5566666666666666,1.3768755516328333,True
SEDOL:174002,2024,6.75,537.75,1.6466666666666665,1.2552301255230125,True
SEDOL:174002,2025,8.7,646.3333333333334,1.3958333333333333,1.3460546673543061,True
SEDOL:174002,2026,0.0,778.2857142857143,1.302857142857143,0.0,False
SEDOL:199049,2007,0.0,301.6875,3.6266666666666665,0.0,False
SEDOL:199049,2008,3.08,246.04166666666666,4.8966666666666665,1.2518204911092294,False
SEDOL:199049,2009,6.16,214.76666666666665,5.074545454545454,2.868229085829583,True
SEDOL:199049,2010,12.83,259.06666666666666,4.379166666666666,4.952393206381884,True
SEDOL:199049,2011,13.3,287.55,4.33,4.62528255955486,True
SEDOL:199049,2012,13.91,299.94166666666666,4.516666666666667,4.637568416080905,True
SEDOL:199049,2013,14.41,357.18333333333334,4.033333333333333,4.034342774485558,True
SEDOL:199049,2014,14.879999999999999,378.1166666666666,4.0,3.9352933397981227,True
SEDOL:199049,2015,15.45,392.9083333333333,4.0,3.932214893210885,True
SEDOL:199049,2016,7.95,386.25,4.278333333333333,2.058252427184466,True
SEDOL:199049,2017,16.95,422.98333333333335,4.174166666666667,4.007250088655975,True
SEDOL:199049,2018,17.95,415.875,4.489166666666667,4.316200781484821,True
SEDOL:199049,2019,18.8,416.9166666666667,4.639166666666667,4.509294423345993,True
SEDOL:199049,2020,19.0,344.0416666666667,4.293333333333334,5.522586895967058,True
SEDOL:199049,2021,19.15,382.7916666666667,4.379166666666666,5.0027212365298785,True
SEDOL:199049,2022,19.8,405.0833333333333,4.786666666666666,4.887883151614894,True
SEDOL:199049,2023,20.15,404.125,4.9383333333333335,4.9860810392824,True
SEDOL:199049,2024,26.05,421.6666666666667,4.8425,6.177865612648221,True
SEDOL:199049,2025,21.450000000000003,485.7083333333333,4.4383333333333335,4.416230591061166,True
SEDOL:199049,2026,16.75,563.2857142857143,4.041428571428571,2.9736241440527516,True
SEDOL:203962,2006,0.0,113.0,0.0,0.0,True
SEDOL:203962,2007,0.0,109.5,0.0,0.0,True
SEDOL:203962,2008,0.0,86.83333333333333,0.0,0.0,True
SEDOL:203962,2009,0.0,59.5,,0.0,True
SEDOL:203962,2010,0.0,65.0,6.4,0.0,False
SEDOL:203962,2011,0.0,64.125,6.8,0.0,False
SEDOL:203962,2012,0.0,67.625,,0.0,True
SEDOL:203962,2013,0.0,67.9375,,0.0,True
SEDOL:203962,2014,0.0,,,,True
SEDOL:203962,2015,0.0,66.0,,0.0,True
SEDOL:203962,2016,0.0,66.625,,0.0,True
SEDOL:203962,2017,0.0,69.5,,0.0,True
SEDOL:203962,2018,0.0,67.75,,0.0,True
SEDOL:203962,2019,0.0,73.75,,0.0,True
SEDOL:203962,2020,0.0,68.41666666666667,,0.0,True
SEDOL:203962,2021,0.0,,,,True
SEDOL:203962,2022,0.0,,,,True
SEDOL:203962,2023,0.0,47.2,,0.0,True
SEDOL:203962,2024,0.0,41.6,,0.0,True
SEDOL:204006,2006,0.0,82.0,0.0,0.0,True
SEDOL:204006,2007,0.0,88.0,0.0,0.0,True
SEDOL:204006,2008,0.0,72.66666666666667,0.0,0.0,True
SEDOL:204006,2009,0.0,54.0,,0.0,True
SEDOL:204006,2010,0.0,62.0,,0.0,True
SEDOL:204006,2011,0.0,61.0,0.0,0.0,True
SEDOL:204006,2012,0.0,53.75,,0.0,True
SEDOL:205753,2007,0.0,72.66666666666667,0.0,0.0,True
SEDOL:205753,2008,0.0,41.833333333333336,0.0,0.0,True
SEDOL:205753,2009,0.0,22.895833333333332,,0.0,True
SEDOL:205753,2010,0.0,23.854166666666668,,0.0,True
SEDOL:205753,2011,0.0,22.75,,0.0,True
SEDOL:205753,2012,0.0,23.63,,0.0,True
SEDOL:205753,2013,0.0,,,,True
SEDOL:205753,2014,0.0,,,,True
SEDOL:205753,2015,0.0,,,,True
SEDOL:205753,2016,0.0,,,,True
SEDOL:205753,2017,0.0,,,,True
SEDOL:205753,2018,0.0,,,,True
SEDOL:205753,2019,0.0,,,,True
SEDOL:205753,2020,0.0,,,,True
SEDOL:205753,2021,0.0,,,,True
SEDOL:205753,2022,0.0,,,,True
SEDOL:205753,2023,0.0,,,,True
SEDOL:205753,2024,0.0,,,,True
SEDOL:205753,2025,0.0,,,,True
SEDOL:205753,2026,0.0,,,,True
SEDOL:209368,2007,0.0,,0.0,,True
SEDOL:209368,2008,0.0,,0.0,,True
SEDOL:209368,2009,0.0,,,,True
SEDOL:209368,2010,0.0,,,,True
SEDOL:209368,2011,0.0,,,,True
SEDOL:235761,2007,0.0,666.2916666666666,2.4266666666666667,0.0,False
SEDOL:235761,2008,0.0,437.8958333333333,3.7449999999999997,0.0,False
SEDOL:235761,2009,0.0,332.9166666666667,3.765833333333333,0.0,False
SEDOL:235761,2010,0.0,394.0416666666667,2.8625000000000003,0.0,False
SEDOL:235761,2011,0.0,422.2716666666667,2.505,0.0,False
SEDOL:235761,2012,0.0,430.0316666666667,2.9058333333333337,0.0,False
SEDOL:235761,2013,0.0,641.7708333333334,2.6950000000000003,0.0,False
SEDOL:235761,2014,0.0,771.9166666666666,2.6300000000000003,0.0,False
SEDOL:235761,2015,16.5,920.7916666666666,2.4116666666666666,1.7919362867098059,True
SEDOL:235761,2016,25.5,935.7083333333334,2.5466666666666664,2.7252081756245268,True
SEDOL:235761,2017,8.0,1056.4166666666667,2.3725,0.7572769582708843,False
SEDOL:235761,2018,28.0,1159.7083333333333,2.41,2.4144001724571553,True
SEDOL:235761,2019,29.5,1107.9166666666667,2.6950000000000003,2.6626551335088378,True
SEDOL:235761,2020,29.5,985.7083333333334,2.3283333333333336,2.992771695481253,True
SEDOL:235761,2021,29.5,1342.7083333333333,1.5250000000000001,2.197051978277735,True
SEDOL:235761,2022,29.5,950.2916666666666,2.4741666666666666,3.1043100802385233,True
SEDOL:235761,2023,31.75,894.9166666666666,3.433333333333333,3.547816370239315,True
SEDOL:235761,2024,0.0,940.0,3.49,0.0,False
SEDOL:248167,2007,0.0,74.83333333333333,1.3891666666666669,0.0,False
SEDOL:248167,2008,0.0,50.75,1.7625,0.0,False
SEDOL:257743,2006,0.0,38.0,0.0,0.0,True
SEDOL:257743,2007,0.0,38.2,0.0,0.0,True
SEDOL:257743,2008,0.0,34.625,0.0,0.0,True
SEDOL:257743,2009,0.0,23.25,,0.0,True
SEDOL:257743,2010,0.0,29.625,3.65,0.0,False
SEDOL:257743,2011,0.0,30.0,3.61,0.0,False
SEDOL:257743,2012,0.0,28.625,,0.0,True
SEDOL:257743,2013,0.0,30.0,,0.0,True
SEDOL:257743,2014,0.0,30.0,,0.0,True
SEDOL:257743,2015,0.0,29.5,,0.0,True
SEDOL:257743,2016,0.0,27.8125,6.333333333333333,0.0,False
SEDOL:257743,2017,0.0,28.814999999999998,5.8774999999999995,0.0,False
SEDOL:257743,2018,0.0,29.75,4.6,0.0,False
SEDOL:257743,2019,0.0,32.5,,0.0,True
SEDOL:257743,2020,0.0,30.425,,0.0,True
SEDOL:257743,2021,0.0,,,,True
SEDOL:257743,2022,0.0,,,,True
SEDOL:257743,2023,0.0,31.5,,0.0,True
SEDOL:257743,2024,0.0,,,,True
SEDOL:257743,2025,0.0,29.3,,0.0,True
SEDOL:257743,2026,0.0,28.9,,0.0,True
SEDOL:258296,2007,0.0,66.2,4.411,0.0,False
SEDOL:258296,2008,0.0,48.333333333333336,0.75,0.0,False
SEDOL:263193,2006,0.0,103.5,0.0,0.0,True
SEDOL:263193,2007,0.0,101.79166666666667,0.0,0.0,True
SEDOL:263193,2008,0.0,87.66666666666667,0.0,0.0,True
SEDOL:263193,2009,0.0,78.275,0.0,0.0,True
SEDOL:263193,2010,0.0,80.6590909090909,0.0,0.0,True
SEDOL:263193,2011,0.0,87.59272727272727,,0.0,True
SEDOL:263193,2012,0.0,89.67272727272727,,0.0,True
SEDOL:263193,2013,0.0,97.49083333333333,,0.0,True
SEDOL:263193,2014,0.0,95.63636363636364,,0.0,True
SEDOL:263193,2015,0.0,95.53727272727271,,0.0,True
SEDOL:263193,2016,0.0,89.7525,,0.0,True
SEDOL:263193,2017,0.0,85.94363636363636,,0.0,True
SEDOL:263193,2018,0.0,85.11363636363636,,0.0,True
SEDOL:263193,2019,0.0,74.0625,,0.0,True
SEDOL:263193,2020,0.0,67.22916666666667,,0.0,True
SEDOL:263193,2021,0.0,76.77777777777777,,0.0,True
SEDOL:263193,2022,0.0,65.2,,0.0,True
SEDOL:263193,2023,0.0,54.07222222222222,,0.0,True
SEDOL:263193,2024,0.0,53.125,,0.0,True
SEDOL:263193,2025,0.0,49.054545454545455,,0.0,True
SEDOL:263193,2026,0.0,45.43333333333334,,0.0,True
SEDOL:278175,2006,0.0,105.25,0.0,0.0,True
SEDOL:278175,2007,0.0,112.75,0.0,0.0,True
SEDOL:278175,2008,0.0,102.41666666666667,0.0,0.0,True
SEDOL:278175,2009,0.0,101.66666666666667,,0.0,True
SEDOL:278175,2010,0.0,,,,True
SEDOL:279071,2007,0.0,,0.0,,True
SEDOL:279071,2008,0.0,93.5,0.0,0.0,True
SEDOL:279071,2009,0.0,,,,True
SEDOL:279071,2010,0.0,,,,True
SEDOL:279071,2011,0.0,,,,True
SEDOL:279071,2012,0.0,77.0,,0.0,True
SEDOL:279071,2013,0.0,,,,True
SEDOL:286714,2007,0.0,74.0,0.0,0.0,True
SEDOL:286714,2008,0.0,80.0,0.0,0.0,True
SEDOL:286714,2009,0.0,,,,True
SEDOL:286714,2010,0.0,,,,True
SEDOL:286714,2011,0.0,,,,True
SEDOL:286714,2012,0.0,49.0,,0.0,True
SEDOL:286714,2013,0.0,,,,True
SEDOL:286714,2014,0.0,,,,True
SEDOL:286714,2015,0.0,,,,True
SEDOL:286714,2016,0.0,,,,True
SEDOL:286714,2017,0.0,,,,True
SEDOL:286714,2018,0.0,,,,True
SEDOL:286714,2019,0.0,,,,True
SEDOL:286714,2020,0.0,,,,True
SEDOL:286714,2021,0.0,,,,True
SEDOL:286714,2022,0.0,,,,True
SEDOL:286714,2023,0.0,,,,True
SEDOL:286714,2024,0.0,,,,True
SEDOL:286714,2025,0.0,,,,True
SEDOL:286714,2026,0.0,,,,True
SEDOL:2894108,2019,1.6,,,,True
SEDOL:2894108,2020,3.2,175.4375,1.4837500000000001,1.8240114000712504,True
SEDOL:2894108,2021,3.2,214.9090909090909,1.6945454545454546,1.4890016920473774,True
SEDOL:2894108,2022,3.2,188.04545454545453,1.7836363636363637,1.7017162194827171,True
SEDOL:2894108,2023,3.2,184.45454545454547,1.8018181818181818,1.7348447511089204,True
SEDOL:2894108,2024,3.2,219.5,1.5875000000000001,1.457858769931663,True
SEDOL:2894108,2025,1.6,250.75,1.6158333333333335,0.638085742771685,True
SEDOL:2894108,2026,2.0,300.0,0.7342857142857143,0.6666666666666666,True
SEDOL:290481,2006,0.0,167.5,7.75,0.0,False
SEDOL:290481,2007,0.0,157.0,5.983333333333333,0.0,False
SEDOL:290481,2008,0.0,120.375,4.3,0.0,False
SEDOL:290481,2009,0.0,,,,True
SEDOL:290481,2010,0.0,,,,True
SEDOL:290481,2011,0.0,,,,True
SEDOL:290481,2012,0.0,442.0,,0.0,True
SEDOL:290481,2013,0.0,,,,True
SEDOL:290481,2014,0.0,,,,True
SEDOL:290481,2015,0.0,,,,True
SEDOL:290481,2016,0.0,,,,True
SEDOL:290481,2017,0.0,,,,True
SEDOL:290481,2018,0.0,,,,True
SEDOL:290481,2019,0.0,,,,True
SEDOL:290481,2020,0.0,,,,True
SEDOL:291633,2007,0.0,248.41666666666666,1.5083333333333335,0.0,False
SEDOL:291633,2008,0.0,219.60416666666666,2.091666666666667,0.0,False
SEDOL:291633,2009,0.0,190.64583333333334,2.0833333333333335,0.0,False
SEDOL:291633,2010,0.0,258.8125,1.1583333333333334,0.0,False
SEDOL:291633,2011,0.0,281.82416666666666,1.0916666666666666,0.0,False
SEDOL:291633,2012,1.5,278.75083333333333,1.1166666666666667,0.538114983213802,True
SEDOL:291633,2013,0.0,350.99,0.85,0.0,False
SEDOL:291633,2014,0.0,392.605,0.43333333333333335,0.0,True
SEDOL:291633,2015,0.0,451.0833333333333,0.4000000000000001,0.0,True
SEDOL:291633,2016,0.0,454.9691666666667,0.3666666666666667,0.0,True
SEDOL:291633,2017,0.0,624.1875,0.325,0.0,True
SEDOL:291633,2018,0.0,847.1666666666666,0.24166666666666667,0.0,True
SEDOL:291633,2019,0.0,187.43166666666664,0.18333333333333335,0.0,True
SEDOL:291633,2020,0.0,257.8666666666667,0.08416666666666667,0.0,True
SEDOL:291633,2021,0.0,332.875,0.10000000000000002,0.0,True
SEDOL:291633,2022,0.0,192.16666666666666,0.09250000000000001,0.0,True
SEDOL:291633,2023,0.0,149.61666666666667,0.10000000000000002,0.0,True
SEDOL:291633,2024,0.0,156.4,0.09666666666666668,0.0,True
SEDOL:291633,2025,0.0,186.00833333333333,0.10000000000000002,0.0,True
SEDOL:291633,2026,0.0,245.0,0.1,0.0,True
SEDOL:294502,2007,0.0,145.20833333333334,0.0,0.0,True
SEDOL:294502,2008,0.0,138.54166666666666,0.0,0.0,True
SEDOL:294502,2009,0.0,154.20833333333334,,0.0,True
SEDOL:294502,2010,0.0,218.20000000000002,,0.0,True
SEDOL:294502,2011,0.0,231.9416666666667,,0.0,True
SEDOL:294502,2012,0.0,244.65,,0.0,True
SEDOL:294502,2013,0.0,274.1333333333333,,0.0,True
SEDOL:294502,2014,0.0,259.89416666666665,,0.0,True
SEDOL:294502,2015,0.0,262.3125,,0.0,True
SEDOL:294502,2016,0.0,273.75,,0.0,True
SEDOL:294502,2017,0.0,348.6458333333333,,0.0,True
SEDOL:294502,2018,0.0,366.1666666666667,,0.0,True
SEDOL:294502,2019,0.0,396.3333333333333,,0.0,True
SEDOL:294502,2020,0.0,412.75,,0.0,True
SEDOL:294502,2021,0.0,513.875,,0.0,True
SEDOL:294502,2022,0.0,433.125,,0.0,True
SEDOL:294502,2023,6.6,375.4166666666667,,1.758046614872364,True
SEDOL:294502,2024,0.0,395.0,,0.0,True
SEDOL:294502,2025,2.5,424.0,,0.589622641509434,True
SEDOL:295958,2007,0.0,122.35416666666667,0.0,0.0,True
SEDOL:295958,2008,0.0,105.77083333333333,0.0,0.0,True
SEDOL:295958,2009,0.0,103.6875,,0.0,True
SEDOL:295958,2010,0.0,155.91666666666666,,0.0,True
SEDOL:295958,2011,0.0,214.60583333333332,,0.0,True
SEDOL:295958,2012,0.0,215.26083333333335,,0.0,True
SEDOL:295958,2013,0.0,284.6458333333333,,0.0,True
SEDOL:295958,2014,0.0,296.1983333333333,,0.0,True
SEDOL:295958,2015,0.0,316.1358333333333,,0.0,True
SEDOL:295958,2016,0.0,346.7191666666667,,0.0,True
SEDOL:295958,2017,0.0,436.6975,,0.0,True
SEDOL:295958,2018,0.0,486.1666666666667,,0.0,True
SEDOL:295958,2019,0.0,494.1666666666667,,0.0,True
SEDOL:295958,2020,0.0,528.5833333333334,,0.0,True
SEDOL:295958,2021,0.0,687.1666666666666,,0.0,True
SEDOL:295958,2022,0.0,514.125,,0.0,True
SEDOL:295958,2023,0.0,426.0,,0.0,True
SEDOL:295958,2024,0.0,486.25,,0.0,True
SEDOL:295958,2025,0.0,506.875,,0.0,True
SEDOL:295958,2026,0.0,500.14285714285717,3.14,0.0,False
SEDOL:297437,2008,0.0,217.25,3.41625,0.0,False
SEDOL:297437,2009,0.0,255.75,2.36,0.0,False
SEDOL:3002810,2006,0.0,116.5,0.0,0.0,True
SEDOL:3002810,2007,0.0,114.91666666666667,0.0,0.0,True
SEDOL:3002810,2008,0.0,99.83333333333333,0.0,0.0,True
SEDOL:3002810,2009,0.0,89.725,,0.0,True
SEDOL:3002810,2010,0.0,89.52272727272727,0.0,0.0,True
SEDOL:3002810,2011,0.0,95.13727272727273,,0.0,True
SEDOL:3002810,2012,0.0,95.54636363636364,,0.0,True
SEDOL:3002810,2013,0.0,105.92916666666667,,0.0,True
SEDOL:3002810,2014,0.0,103.1590909090909,,0.0,True
SEDOL:3002810,2015,0.0,99.49181818181818,,0.0,True
SEDOL:3002810,2016,0.0,94.16916666666667,,0.0,True
SEDOL:3002810,2017,0.0,88.89818181818181,,0.0,True
SEDOL:3002810,2018,0.0,86.375,,0.0,True
SEDOL:3002810,2019,0.0,75.16666666666667,,0.0,True
SEDOL:3002810,2020,0.0,69.125,,0.0,True
SEDOL:3002810,2021,0.0,81.0,,0.0,True
SEDOL:3002810,2022,0.0,69.3,,0.0,True
SEDOL:3002810,2023,0.0,56.50555555555556,,0.0,True
SEDOL:3002810,2024,0.0,55.916666666666664,,0.0,True
SEDOL:3002810,2025,0.0,51.195,,0.0,True
SEDOL:3002810,2026,0.0,46.89166666666667,,0.0,True
SEDOL:3016703,2007,0.0,81.5625,0.9966666666666667,0.0,False
SEDOL:3016703,2008,0.0,56.020833333333336,1.6791666666666665,0.0,False
SEDOL:3016703,2009,0.0,40.875,1.98,0.0,False
SEDOL:3019627,2007,0.0,50.25,1.1266666666666667,0.0,False
SEDOL:3019627,2008,0.0,30.0,1.5591666666666668,0.0,False
SEDOL:3019627,2009,0.0,23.0,1.3675,0.0,False
SEDOL:3019627,2010,0.0,,,,True
SEDOL:3019746,2007,0.0,84.41666666666667,3.964166666666667,0.0,False
SEDOL:3019746,2008,0.0,41.104166666666664,5.385833333333333,0.0,False
SEDOL:3019746,2009,0.0,34.5,7.125,0.0,False
SEDOL:3019779,2007,0.0,175.02083333333334,0.0,0.0,True
SEDOL:3019779,2008,0.0,184.75,0.0,0.0,True
SEDOL:3019779,2009,0.0,193.25,,0.0,True
SEDOL:3019939,2007,0.0,69.0,1.0050000000000001,0.0,False
SEDOL:3019939,2008,0.0,53.81818181818182,1.5154545454545456,0.0,False
SEDOL:3019939,2009,0.0,,,,True
SEDOL:3019939,2010,0.0,,,,True
SEDOL:3019939,2011,0.0,,,,True
SEDOL:3019939,2012,0.0,35.5,,0.0,True
SEDOL:3019939,2013,0.0,,,,True
SEDOL:3031290,2007,0.0,170.79166666666666,0.0,0.0,True
SEDOL:3031290,2008,0.0,178.85,0.0,0.0,True
SEDOL:3031319,2007,0.0,16.333333333333332,2.5716666666666668,0.0,False
SEDOL:3031319,2008,0.0,2.6008333333333336,3.223333333333333,0.0,False
SEDOL:3031319,2009,0.0,1.2436363636363637,2.632727272727273,0.0,False
SEDOL:3031319,2010,0.0,0.5875,0.9425,0.0,False
SEDOL:3031319,2011,0.0,0.41500000000000004,0.48,0.0,True
SEDOL:3031331,2007,0.0,91.77083333333333,0.0,0.0,True
SEDOL:3031331,2008,0.0,62.291666666666664,0.0,0.0,True
SEDOL:3031331,2009,0.0,41.125,,0.0,True
SEDOL:3031331,2010,0.0,43.125,,0.0,True
SEDOL:3031331,2011,0.0,37.625,,0.0,True
SEDOL:3034868,2009,0.0,,,,True
SEDOL:3034868,2010,0.0,,,,True
SEDOL:3034868,2011,0.0,,,,True
SEDOL:3034868,2012,0.0,48.38,,0.0,True
SEDOL:3034868,2013,0.0,,,,True
SEDOL:3034868,2014,0.0,,,,True
SEDOL:3034868,2015,0.0,,,,True
SEDOL:3034868,2016,0.0,,,,True
SEDOL:3034868,2017,0.0,,,,True
SEDOL:3034868,2018,0.0,,,,True
SEDOL:3034868,2019,0.0,,,,True
SEDOL:3034868,2020,0.0,,,,True
SEDOL:3036745,2007,0.0,,0.0,,True
SEDOL:3036745,2008,0.0,,0.0,,True
SEDOL:3036745,2009,0.0,20.0,,0.0,True
SEDOL:3036745,2010,0.0,,,,True
SEDOL:3036745,2011,0.0,,,,True
SEDOL:3036745,2012,0.0,50.88,,0.0,True
SEDOL:3036745,2013,0.0,,,,True
SEDOL:3036745,2014,0.0,,,,True
SEDOL:3036745,2015,0.0,,,,True
SEDOL:3036745,2016,0.0,,,,True
SEDOL:3036745,2017,0.0,,,,True
SEDOL:3038332,2007,0.0,135.5,0.525,0.0,False
SEDOL:3038332,2008,0.0,73.39583333333333,0.8358333333333333,0.0,False
SEDOL:3038332,2009,0.0,39.84375,1.175,0.0,False
SEDOL:3047468,2006,0.0,194.75,0.0,0.0,True
SEDOL:3047468,2007,0.0,233.9375,0.0,0.0,True
SEDOL:3047468,2008,0.0,160.33333333333334,0.0,0.0,True
SEDOL:3047468,2009,0.0,83.33333333333333,,0.0,True
SEDOL:3047468,2010,0.0,120.0,,0.0,True
SEDOL:3047468,2011,0.0,144.8775,,0.0,True
SEDOL:3047468,2012,0.0,152.72,,0.0,True
SEDOL:3047468,2013,0.0,192.1875,,0.0,True
SEDOL:3047468,2014,0.0,217.0,,0.0,True
SEDOL:3047468,2015,0.0,215.5,,0.0,True
SEDOL:3047468,2016,0.0,248.0,,0.0,True
SEDOL:3047468,2017,0.0,333.3125,,0.0,True
SEDOL:3047468,2018,0.0,325.5,,0.0,True
SEDOL:3047468,2019,0.0,,,,True
SEDOL:3047468,2020,0.0,,,,True
SEDOL:3047468,2021,0.0,,,,True
SEDOL:3047468,2022,0.0,,,,True
SEDOL:3047468,2023,0.0,,,,True
SEDOL:3047468,2024,0.0,,,,True
SEDOL:3047468,2025,0.0,,,,True
SEDOL:3047468,2026,0.0,,,,True
SEDOL:3050949,2007,0.0,52.0,0.0,0.0,True
SEDOL:3050961,2007,0.0,35.5,0.0,0.0,True
SEDOL:3050972,2007,0.0,0.03,4.9,0.0,False
SEDOL:3051726,2007,0.0,315.8125,2.1166666666666667,0.0,False
SEDOL:3051726,2008,0.0,300.875,3.1333333333333333,0.0,False
SEDOL:3051726,2009,0.0,246.98749999999998,3.266666666666667,0.0,False
SEDOL:3051726,2010,2.5,307.5833333333333,2.1666666666666665,0.812787862367922,False
SEDOL:3051726,2011,0.0,338.59166666666664,2.316666666666667,0.0,False
SEDOL:3051726,2012,0.0,319.39166666666665,2.3249999999999997,0.0,False
SEDOL:3051726,2013,0.0,364.05,1.7083333333333333,0.0,False
SEDOL:3051726,2014,0.0,385.2,1.7249999999999999,0.0,False
SEDOL:3051726,2015,0.0,414.44166666666666,1.2916666666666667,0.0,False
SEDOL:3051726,2016,0.0,469.52500000000003,1.2750000000000001,0.0,False
SEDOL:3051726,2017,0.0,691.4166666666666,1.0583333333333333,0.0,False
SEDOL:3051726,2018,0.0,802.0833333333334,1.0833333333333333,0.0,False
SEDOL:3051726,2019,0.0,888.8333333333334,1.0941666666666667,0.0,False
SEDOL:3051726,2020,0.0,1061.5,1.0041666666666667,0.0,False
SEDOL:3051726,2021,0.0,1379.6666666666667,0.6433333333333333,0.0,False
SEDOL:3051726,2022,0.0,1022.6666666666666,0.8908333333333335,0.0,False
SEDOL:3051726,2023,0.0,982.375,1.1083333333333334,0.0,False
SEDOL:3051726,2024,0.0,1169.0,0.9666666666666667,0.0,False
SEDOL:3051726,2025,0.0,1347.3333333333333,0.8416666666666667,0.0,False
SEDOL:3051726,2026,0.0,1547.7142857142858,0.9142857142857144,0.0,False
SEDOL:3051801,2007,0.0,109.0,0.0,0.0,True
SEDOL:3051801,2008,0.0,,0.0,,True
SEDOL:3051801,2009,0.0,,,,True
SEDOL:3051801,2010,0.0,,,,True
SEDOL:3051801,2011,0.0,,,,True
SEDOL:3051801,2012,0.0,68.0,,0.0,True
SEDOL:3051801,2013,0.0,,,,True
SEDOL:3051801,2014,0.0,,,,True
SEDOL:3051801,2015,0.0,,,,True
SEDOL:3051801,2016,0.0,,,,True
SEDOL:3051801,2017,0.0,,,,True
SEDOL:3051801,2018,0.0,,,,True
SEDOL:3051801,2019,0.0,,,,True
SEDOL:3051801,2020,0.0,,,,True
SEDOL:3051801,2021,0.0,,,,True
SEDOL:3051801,2022,0.0,,,,True
SEDOL:3051801,2023,0.0,,,,True
SEDOL:3051801,2024,0.0,,,,True
SEDOL:3051801,2025,0.0,,,,True
SEDOL:3051801,2026,0.0,,,,True
SEDOL:3051823,2007,0.0,72.66666666666667,0.0,0.0,True
SEDOL:3051823,2008,0.0,45.0,0.0,0.0,True
SEDOL:3051823,2009,0.0,,,,True
SEDOL:3051823,2010,0.0,,,,True
SEDOL:305233,2007,0.0,476.6666666666667,3.7441666666666666,0.0,False
SEDOL:305233,2008,0.0,377.8958333333333,4.5008333333333335,0.0,False
SEDOL:305233,2009,0.0,330.71250000000003,4.983333333333333,0.0,False
SEDOL:305233,2010,0.0,404.0416666666667,4.55,0.0,False
SEDOL:305233,2011,0.0,460.5083333333334,4.658333333333333,0.0,False
SEDOL:305233,2012,0.0,497.64166666666665,4.666666666666667,0.0,False
SEDOL:305233,2013,0.0,581.5,4.117500000000001,0.0,False
SEDOL:305233,2014,0.0,615.5625,3.6158333333333332,0.0,False
SEDOL:305233,2015,5.2,686.9583333333334,3.4741666666666666,0.7569600291138472,False
SEDOL:305233,2016,15.8,694.7083333333334,3.5875,2.2743357524140824,True
SEDOL:305233,2017,16.6,717.9583333333334,3.7616666666666667,2.3121118913585983,True
SEDOL:305233,2018,17.85,662.3333333333334,4.065,2.6950176144942124,True
SEDOL:305233,2019,18.9,608.0833333333334,4.785,3.108126627381115,True
SEDOL:305233,2020,18.8,483.0833333333333,3.9149999999999996,3.8916681041918233,True
SEDOL:305233,2021,22.65,602.8333333333334,2.9127272727272726,3.757257395631739,True
SEDOL:305233,2022,18.8,615.25,3.58,3.055668427468509,True
SEDOL:305233,2023,26.5,661.25,3.669166666666667,4.007561436672968,True
SEDOL:305233,2024,20.5,728.0,3.1725,2.815934065934066,True
SEDOL:305233,2025,22.0,791.5833333333334,3.1300000000000003,2.779239919991578,True
SEDOL:305233,2026,16.0,806.7142857142857,3.3185714285714285,1.9833539932707633,True
SEDOL:3066894,2007,0.0,229.27083333333334,1.3675,0.0,False
SEDOL:3066894,2008,0.0,187.02083333333334,1.7533333333333332,0.0,False
SEDOL:3066894,2009,0.0,172.47916666666666,3.105,0.0,False
SEDOL:3066894,2010,0.0,195.1875,2.18,0.0,False
SEDOL:3066894,2011,0.0,190.71916666666667,1.875,0.0,False
SEDOL:3066894,2012,0.0,173.58333333333334,,0.0,True
SEDOL:306P103,2015,0.0,,,,True
SEDOL:306P103,2016,0.0,,,,True
SEDOL:306P103,2017,0.0,,,,True
SEDOL:306P103,2018,0.0,,,,True
SEDOL:306P103,2019,0.0,,,,True
SEDOL:3073184,2007,0.0,135.66666666666666,3.4333333333333336,0.0,False
SEDOL:3073184,2008,0.0,76.04545454545455,4.337272727272727,0.0,False
SEDOL:3073184,2009,0.0,58.666666666666664,4.403333333333333,0.0,False
SEDOL:3073184,2010,0.0,68.16666666666667,3.325833333333333,0.0,False
SEDOL:3073184,2011,0.0,69.77166666666666,2.9975,0.0,False
SEDOL:3073184,2012,0.0,66.26083333333334,4.005,0.0,False
SEDOL:3073184,2013,0.0,85.12666666666667,4.095,0.0,False
SEDOL:3073184,2014,0.0,95.44833333333334,3.9408333333333334,0.0,False
SEDOL:3073184,2015,0.0,96.4375,4.094166666666667,0.0,False
SEDOL:3073184,2016,0.0,78.70833333333333,4.4558333333333335,0.0,False
SEDOL:3073184,2017,0.0,92.41666666666667,3.9375,0.0,False
SEDOL:3073184,2018,0.0,100.5,3.46,0.0,False
SEDOL:3073203,2007,0.0,147.22916666666666,0.0,0.0,True
SEDOL:3073203,2008,0.0,103.29545454545455,0.0,0.0,True
SEDOL:3073203,2009,0.0,100.45833333333333,,0.0,True
SEDOL:3073203,2010,0.0,114.83333333333333,,0.0,True
SEDOL:3073203,2011,0.0,128.45916666666668,,0.0,True
SEDOL:3073203,2012,0.0,135.78166666666667,,0.0,True
SEDOL:3073203,2013,0.0,154.5533333333333,,0.0,True
SEDOL:3073203,2014,0.0,166.91833333333332,,0.0,True
SEDOL:3073203,2015,0.0,173.62749999999997,,0.0,True
SEDOL:3073203,2016,0.0,180.5,,0.0,True
SEDOL:3073203,2017,0.0,188.08333333333334,,0.0,True
SEDOL:3073203,2018,0.0,189.5,,0.0,True
SEDOL:3073816,2007,0.0,,0.0,,True
SEDOL:3073816,2008,0.0,,0.0,,True
SEDOL:3073816,2009,0.0,,,,True
SEDOL:3073816,2010,0.0,,,,True
SEDOL:3073816,2011,0.0,,,,True
SEDOL:3073816,2012,0.0,1.65,,0.0,True
SEDOL:3073827,2007,0.0,,0.0,,True
SEDOL:3073827,2008,0.0,,0.0,,True
SEDOL:3073827,2009,0.0,,,,True
SEDOL:3073827,2010,0.0,,,,True
SEDOL:3073827,2011,0.0,,,,True
SEDOL:3073827,2012,0.0,185.75,,0.0,True
SEDOL:3073827,2013,0.0,,,,True
SEDOL:3073827,2014,0.0,,,,True
SEDOL:3073827,2015,0.0,,,,True
SEDOL:3073827,2016,0.0,,,,True
SEDOL:3073827,2017,0.0,,,,True
SEDOL:3073827,2018,0.0,,,,True
SEDOL:3073827,2019,0.0,,,,True
SEDOL:3073827,2020,0.0,,,,True
SEDOL:3073827,2021,0.0,,,,True
SEDOL:3073827,2022,0.0,,,,True
SEDOL:3073827,2023,0.0,,,,True
SEDOL:3073827,2024,0.0,,,,True
SEDOL:3073827,2025,0.0,,,,True
SEDOL:3073827,2026,0.0,,,,True
SEDOL:3076031,2007,0.0,20.321428571428573,3.957142857142857,0.0,False
SEDOL:3076053,2007,0.0,163.71428571428572,0.0,0.0,True
SEDOL:3079405,2006,0.0,20.625,3.95,0.0,False
SEDOL:3079405,2007,0.0,25.458333333333332,4.133333333333334,0.0,False
SEDOL:3079405,2008,0.0,17.84375,4.7575,0.0,False
SEDOL:3079416,2007,0.0,164.70833333333334,0.0,0.0,True
SEDOL:3079416,2008,0.0,174.71875,0.0,0.0,True
SEDOL:308544,2007,0.0,,,,True
SEDOL:308544,2008,0.0,,0.0,,True
SEDOL:308544,2009,0.0,,,,True
SEDOL:308544,2010,0.0,,,,True
SEDOL:308544,2011,0.0,,,,True
SEDOL:308544,2012,0.0,1917.0,,0.0,True
SEDOL:308544,2013,0.0,,,,True
SEDOL:308544,2014,0.0,,,,True
SEDOL:308544,2015,0.0,,,,True
SEDOL:308544,2016,0.0,,,,True
SEDOL:308544,2017,0.0,,,,True
SEDOL:308544,2018,0.0,,,,True
SEDOL:308544,2019,0.0,,,,True
SEDOL:308544,2020,0.0,,,,True
SEDOL:308544,2021,0.0,,,,True
SEDOL:309019,2007,0.0,422.6875,0.0,0.0,True
SEDOL:309019,2008,0.0,370.8333333333333,2.499166666666667,0.0,False
SEDOL:309019,2009,0.0,325.6041666666667,3.703333333333333,0.0,False
SEDOL:309019,2010,0.0,373.4791666666667,2.810833333333333,0.0,False
SEDOL:309019,2011,0.0,467.9642857142857,2.7257142857142855,0.0,False
SEDOL:3091830,2007,0.0,88.25,0.0,0.0,True
SEDOL:3091830,2008,0.0,56.388888888888886,0.2233333333333333,0.0,True
SEDOL:3091830,2009,0.0,37.0,,0.0,True
SEDOL:3091830,2010,0.0,42.5,,0.0,True
SEDOL:3095531,2007,0.0,,0.0,,True
SEDOL:3095531,2008,0.0,84.0,0.0,0.0,True
SEDOL:3095531,2009,0.0,78.5,,0.0,True
SEDOL:3095531,2010,0.0,,,,True
SEDOL:3096169,2007,0.0,185.60416666666666,3.0108333333333337,0.0,False
SEDOL:3096169,2008,0.0,144.6875,4.1499999999999995,0.0,False
SEDOL:3096169,2009,0.0,108.58333333333333,4.6466666666666665,0.0,False
SEDOL:3096169,2010,0.0,133.54166666666666,3.5933333333333337,0.0,False
SEDOL:3096169,2011,0.0,136.10416666666666,3.7433333333333336,0.0,False
SEDOL:3096169,2012,0.0,133.375,3.73,0.0,False
SEDOL:3096169,2013,0.0,158.66666666666666,3.7733333333333334,0.0,False
SEDOL:3096169,2014,0.0,168.615,3.8716666666666666,0.0,False
SEDOL:3096169,2015,0.0,184.58333333333334,3.6633333333333336,0.0,False
SEDOL:3096169,2016,0.0,180.26083333333335,3.765,0.0,False
SEDOL:3096169,2017,0.0,200.22916666666666,3.5075000000000003,0.0,False
SEDOL:3096169,2018,0.0,195.75,3.5433333333333334,0.0,False
SEDOL:3096169,2019,4.4,194.70833333333334,3.9741666666666666,2.2597902846137385,True
SEDOL:3096169,2020,0.0,168.83333333333334,4.179166666666666,0.0,False
SEDOL:3096169,2021,0.0,184.54166666666666,3.563333333333333,0.0,False
SEDOL:3096169,2022,0.0,185.20833333333334,3.8808333333333334,0.0,False
SEDOL:3096169,2023,4.7,186.79166666666666,4.075,2.5161722061119787,True
SEDOL:3096169,2024,0.0,193.58333333333334,4.0275,0.0,False
SEDOL:3096169,2025,0.0,206.375,3.7383333333333333,0.0,False
SEDOL:3096169,2026,0.0,228.0,3.2971428571428576,0.0,False
SEDOL:3098314,2007,0.0,235.85416666666666,0.0,0.0,True
SEDOL:3098314,2008,0.0,332.5,0.0,0.0,True
SEDOL:3109528,2006,0.0,109.5,0.0,0.0,True
SEDOL:3109528,2007,0.0,111.70833333333333,0.0,0.0,True
SEDOL:3109528,2008,0.0,97.5,0.0,0.0,True
SEDOL:3109528,2009,0.0,82.61363636363636,0.0,0.0,True
SEDOL:3109528,2010,0.0,83.43181818181819,0.0,0.0,True
SEDOL:3109528,2011,0.0,87.97818181818182,0.0,0.0,True
SEDOL:3109528,2012,0.0,88.64818181818181,,0.0,True
SEDOL:3109528,2013,0.0,96.37666666666667,,0.0,True
SEDOL:3109528,2014,0.0,91.45454545454545,,0.0,True
SEDOL:3109528,2015,0.0,92.4809090909091,,0.0,True
SEDOL:3109528,2016,0.0,93.0,,0.0,True
SEDOL:3110003,2007,0.0,118.6875,0.0,0.0,True
SEDOL:3110003,2008,0.0,109.6875,0.0,0.0,True
SEDOL:3110003,2009,0.0,104.29166666666667,,0.0,True
SEDOL:3110003,2010,0.0,111.06818181818181,,0.0,True
SEDOL:3110003,2011,0.0,108.94714285714285,,0.0,True
SEDOL:3110014,2007,0.0,571.6458333333334,2.7933333333333334,0.0,False
SEDOL:3110014,2008,0.0,296.3333333333333,4.484166666666667,0.0,False
SEDOL:3110014,2009,0.0,186.66666666666666,4.700833333333333,0.0,False
SEDOL:3110014,2010,0.0,316.75,4.25,0.0,False
SEDOL:3110014,2011,0.0,503.64285714285717,3.96,0.0,False
SEDOL:3115202,2007,0.0,,0.0,,True
SEDOL:3115202,2008,0.0,,0.0,,True
SEDOL:3115202,2009,0.0,,,,True
SEDOL:3115202,2010,0.0,,,,True
SEDOL:3115202,2011,0.0,,,,True
SEDOL:3115202,2012,0.0,82.75,,0.0,True
SEDOL:3115202,2013,0.0,,,,True
SEDOL:3115202,2014,0.0,,,,True
SEDOL:3115202,2015,0.0,,,,True
SEDOL:3115202,2016,0.0,,,,True
SEDOL:3115202,2017,0.0,,,,True
SEDOL:3115202,2018,0.0,,,,True
SEDOL:3115202,2019,0.0,,,,True
SEDOL:3115202,2020,0.0,,,,True
SEDOL:3115202,2021,0.0,,,,True
SEDOL:3115202,2022,0.0,,,,True
SEDOL:3115202,2023,0.0,,,,True
SEDOL:3115202,2024,0.0,,,,True
SEDOL:3115202,2025,0.0,,,,True
SEDOL:3115202,2026,0.0,,,,True
SEDOL:3115376,2007,0.0,,0.0,,True
SEDOL:3115376,2008,0.0,,0.0,,True
SEDOL:3115376,2009,0.0,,,,True
SEDOL:3115376,2010,0.0,,,,True
SEDOL:3115376,2011,0.0,,,,True
SEDOL:3115376,2012,0.0,74.38,,0.0,True
SEDOL:3115376,2013,0.0,,,,True
SEDOL:3115376,2014,0.0,,,,True
SEDOL:3115376,2015,0.0,,,,True
SEDOL:3115376,2016,0.0,,,,True
SEDOL:3115376,2017,0.0,,,,True
SEDOL:3115376,2018,0.0,,,,True
SEDOL:3115376,2019,0.0,,,,True
SEDOL:3115376,2020,0.0,,,,True
SEDOL:3115376,2021,0.0,,,,True
SEDOL:3115376,2022,0.0,,,,True
SEDOL:3115376,2023,0.0,,,,True
SEDOL:3115376,2024,0.0,,,,True
SEDOL:3115376,2025,0.0,,,,True
SEDOL:3115376,2026,0.0,,,,True
SEDOL:3116153,2007,0.0,,0.0,,True
SEDOL:3116153,2008,0.0,,0.0,,True
SEDOL:3116153,2009,0.0,,,,True
SEDOL:3119389,2007,0.0,31.8125,4.07,0.0,False
SEDOL:3119389,2008,0.0,19.916666666666668,3.7375,0.0,False
SEDOL:3119389,2009,0.0,5.5,5.11,0.0,False
SEDOL:3119390,2007,0.0,49.5625,0.0,0.0,True
SEDOL:3119390,2008,0.0,51.666666666666664,0.0,0.0,True
SEDOL:3119390,2009,0.0,52.5,,0.0,True
SEDOL:3123249,2007,0.0,124.6875,0.7333333333333334,0.0,False
SEDOL:3123249,2008,0.0,112.22916666666667,0.9250000000000002,0.0,False
SEDOL:3123249,2009,0.0,99.64999999999999,1.45,0.0,False
SEDOL:3123249,2010,0.0,115.84166666666665,1.175,0.0,False
SEDOL:3123249,2011,0.0,110.24166666666667,1.3,0.0,False
SEDOL:3123249,2012,0.0,98.42916666666667,1.4416666666666667,0.0,False
SEDOL:3123249,2013,0.0,132.87583333333333,1.4416666666666667,0.0,False
SEDOL:3123249,2014,0.0,149.79166666666666,1.1916666666666667,0.0,False
SEDOL:3123249,2015,0.0,154.94833333333335,1.5166666666666666,0.0,False
SEDOL:3123249,2016,0.0,188.5625,1.6666666666666667,0.0,False
SEDOL:3123249,2017,0.0,240.58800000000002,1.52,0.0,False
SEDOL:3123249,2018,0.0,266.375,1.6,0.0,False
SEDOL:3123249,2019,0.0,302.5833333333333,,0.0,True
SEDOL:3123249,2020,4.3,340.7083333333333,1.6775,1.2620765561942033,True
SEDOL:3123249,2021,3.5999999999999996,493.5833333333333,1.1725,0.7293601215600202,True
SEDOL:3123249,2022,3.0,432.5,,0.6936416184971098,True
SEDOL:3123249,2023,4.2,400.125,,1.0496719775070291,True
SEDOL:3123249,2024,4.7,389.6666666666667,,1.206159110350727,True
SEDOL:3123249,2025,5.1,385.1666666666667,2.11,1.3241021202942447,True
SEDOL:3123249,2026,3.2,436.7142857142857,1.4185714285714286,0.7327445207719987,True
SEDOL:3125610,2018,0.0,,,,True
SEDOL:3125610,2019,0.0,,,,True
SEDOL:3125610,2020,0.0,,,,True
SEDOL:3125610,2021,0.0,,,,True
SEDOL:3125610,2022,0.0,,,,True
SEDOL:3125610,2023,0.0,,,,True
SEDOL:3125610,2024,0.0,,,,True
SEDOL:3125610,2025,0.0,,,,True
SEDOL:3125610,2026,0.0,,,,True
SEDOL:3132632,2007,0.0,104.8125,0.0,0.0,True
SEDOL:3132632,2008,0.0,101.5,0.0,0.0,True
SEDOL:3132632,2009,0.0,100.66666666666667,,0.0,True
SEDOL:3132643,2007,0.0,699.7083333333334,2.6666666666666665,0.0,False
SEDOL:3132643,2008,0.0,613.125,2.8833333333333333,0.0,False
SEDOL:3132643,2009,0.0,444.6666666666667,4.609999999999999,0.0,False
SEDOL:3133691,2007,0.0,163.95833333333334,3.1916666666666664,0.0,False
SEDOL:3133691,2008,0.0,134.58333333333334,3.205833333333333,0.0,False
SEDOL:3133691,2009,0.0,135.83333333333334,3.109166666666667,0.0,False
SEDOL:3133691,2010,0.0,178.16666666666666,1.9558333333333333,0.0,False
SEDOL:3133691,2011,0.0,176.54166666666666,1.9749999999999999,0.0,False
SEDOL:3133691,2012,0.0,182.58333333333334,1.3833333333333335,0.0,False
SEDOL:3133691,2013,0.0,204.0,2.558333333333333,0.0,False
SEDOL:3133691,2014,0.0,174.41666666666666,2.275,0.0,False
SEDOL:3133691,2015,0.0,168.78166666666667,2.8083333333333336,0.0,False
SEDOL:3133691,2016,0.0,173.20833333333334,3.983333333333334,0.0,False
SEDOL:3133691,2017,0.0,212.8409090909091,3.2454545454545456,0.0,False
SEDOL:3133691,2018,0.0,201.33333333333334,2.4,0.0,False
SEDOL:3133691,2019,0.0,206.83333333333334,2.733333333333333,0.0,False
SEDOL:3137100,2014,0.0,105.68833333333333,,0.0,True
SEDOL:3137100,2015,0.0,118.23166666666667,,0.0,True
SEDOL:3137100,2016,0.0,129.8025,,0.0,True
SEDOL:3137100,2017,0.0,138.71,,0.0,True
SEDOL:3137100,2018,0.0,144.25,,0.0,True
SEDOL:3137100,2019,0.0,150.0,,0.0,True
SEDOL:3137100,2020,0.0,151.94444444444446,,0.0,True
SEDOL:3142039,2023,0.0,,,,True
SEDOL:3142039,2024,0.0,,,,True
SEDOL:3142039,2025,0.0,,,,True
SEDOL:3142039,2026,0.0,,,,True
SEDOL:3142921,2007,0.0,364.0,3.2583333333333333,0.0,False
SEDOL:3142921,2008,0.0,285.4791666666667,3.908333333333333,0.0,False
SEDOL:3142921,2009,0.0,243.38750000000002,3.6333333333333333,0.0,False
SEDOL:3142921,2010,0.0,302.75,3.233333333333333,0.0,False
SEDOL:3142921,2011,0.0,354.3333333333333,3.1666666666666665,0.0,False
SEDOL:3142921,2012,0.0,385.8666666666666,2.875,0.0,False
SEDOL:3142921,2013,0.0,492.45,2.5416666666666665,0.0,False
SEDOL:3142921,2014,0.0,524.0416666666666,2.441666666666667,0.0,False
SEDOL:3142921,2015,0.0,511.8125,2.7083333333333335,0.0,False
SEDOL:3142921,2016,0.0,487.2916666666667,2.8166666666666664,0.0,False
SEDOL:3142921,2017,0.0,581.0625,2.533333333333333,0.0,False
SEDOL:3142921,2018,0.0,589.1666666666666,2.6666666666666665,0.0,False
SEDOL:3142921,2019,0.0,598.0,3.3166666666666664,0.0,False
SEDOL:3142921,2020,58.5,544.875,3.35,10.736407432897453,True
SEDOL:3142921,2021,20.625,748.75,2.6766666666666663,2.7545909849749584,True
SEDOL:3142921,2022,21.75,771.8333333333334,3.186666666666667,2.8179658820988984,True
SEDOL:3142921,2023,22.875,799.0833333333334,3.404166666666667,2.862655125664824,True
SEDOL:3142921,2024,24.0,858.3333333333334,3.3983333333333334,2.796116504854369,True
SEDOL:3142921,2025,75.375,978.7,3.164,7.701542862981506,True
SEDOL:3142921,2026,8.875,1173.4285714285713,2.89,0.7563306549793037,False
SEDOL:3148639,2007,0.0,226.52083333333334,2.311666666666667,0.0,False
SEDOL:3148639,2008,0.0,208.3125,3.1999999999999997,0.0,False
SEDOL:3148639,2009,0.0,192.66666666666666,3.475,0.0,False
SEDOL:3148639,2010,0.0,218.02083333333334,2.4916666666666667,0.0,False
SEDOL:3148639,2011,0.0,218.64666666666668,2.8941666666666666,0.0,False
SEDOL:3148639,2012,0.0,214.5,3.25,0.0,False
SEDOL:3152845,2006,0.0,64.625,0.0,0.0,True
SEDOL:3152845,2007,0.0,63.6875,0.0,0.0,True
SEDOL:3152845,2008,0.0,61.625,0.0,0.0,True
SEDOL:3152845,2009,0.0,59.833333333333336,,0.0,True
SEDOL:3152856,2006,0.0,159.25,2.01,0.0,False
SEDOL:3152856,2007,0.0,169.45833333333334,1.9841666666666666,0.0,False
SEDOL:3152856,2008,0.0,84.04166666666667,3.0816666666666666,0.0,False
SEDOL:3152856,2009,0.0,39.333333333333336,5.38,0.0,False
SEDOL:316581,2007,0.0,230.625,0.9241666666666667,0.0,False
SEDOL:316581,2008,0.0,153.79166666666666,1.6075,0.0,False
SEDOL:316581,2009,0.0,129.85416666666666,1.7316666666666667,0.0,False
SEDOL:316581,2010,0.0,141.10416666666666,1.4991666666666665,0.0,False
SEDOL:316581,2011,0.0,143.00083333333333,1.4691666666666665,0.0,False
SEDOL:316581,2012,0.0,139.38583333333335,1.6658333333333335,0.0,False
SEDOL:316581,2013,0.0,189.20916666666668,1.5508333333333333,0.0,False
SEDOL:316581,2014,0.0,195.47,1.2975,0.0,False
SEDOL:316581,2015,0.0,242.19833333333335,1.2175,0.0,False
SEDOL:316581,2016,0.0,285.8233333333333,1.4225,0.0,False
SEDOL:316581,2017,0.0,365.8541666666667,1.3508333333333333,0.0,False
SEDOL:316581,2018,9.8,416.0416666666667,1.2616666666666667,2.355533299949925,True
SEDOL:316581,2019,17.2,396.4583333333333,1.4616666666666667,4.338413032054651,True
SEDOL:316581,2020,19.2,453.4166666666667,1.3116666666666668,4.234515714023157,True
SEDOL:316581,2021,22.7,503.4166666666667,1.0466666666666666,4.5091872206588315,True
SEDOL:316581,2022,16.0,340.6666666666667,1.7116666666666667,4.6966731898238745,True
SEDOL:316581,2023,17.7,312.2083333333333,2.01,5.669291338582678,True
SEDOL:316581,2024,10.6,314.44444444444446,1.8322222222222224,3.371024734982332,True
SEDOL:318402,2007,0.0,274.9375,2.316666666666667,0.0,False
SEDOL:318402,2008,0.0,262.625,3.158333333333333,0.0,False
SEDOL:318402,2009,0.0,266.1458333333333,3.533333333333333,0.0,False
SEDOL:318402,2010,0.0,325.5833333333333,2.858333333333333,0.0,False
SEDOL:318402,2011,0.0,327.7725,2.9916666666666667,0.0,False
SEDOL:318402,2012,0.0,312.4066666666667,3.3333333333333335,0.0,False
SEDOL:318402,2013,0.0,360.4275,3.0,0.0,False
SEDOL:318402,2014,0.0,367.1458333333333,3.0,0.0,False
SEDOL:318402,2015,0.0,386.24083333333334,3.0,0.0,False
SEDOL:318402,2016,0.0,366.6666666666667,3.0,0.0,False
SEDOL:3197794,2014,0.0,375.125,2.46,0.0,False
SEDOL:3197794,2015,0.0,490.0416666666667,2.1591666666666667,0.0,False
SEDOL:3197794,2016,0.0,701.07,3.7808333333333333,0.0,False
SEDOL:3197794,2017,0.0,793.69,4.040833333333333,0.0,False
SEDOL:3197794,2018,0.0,1081.25,4.241666666666666,0.0,False
SEDOL:3197794,2019,0.0,1470.2083333333333,4.95,0.0,False
SEDOL:3197794,2020,0.0,1169.375,5.7775,0.0,False
SEDOL:3197794,2021,0.0,1424.1666666666667,5.765833333333333,0.0,False
SEDOL:3197794,2022,0.0,1092.7083333333333,5.720833333333334,0.0,False
SEDOL:3197794,2023,0.0,957.5416666666666,5.8825,0.0,False
SEDOL:3197794,2024,0.0,794.3333333333334,5.633333333333333,0.0,False
SEDOL:3197794,2025,0.0,553.77,4.828333333333333,0.0,False
SEDOL:3197794,2026,0.0,5.851428571428571,5.542857142857143,0.0,False
SEDOL:3204218,2006,0.0,95.5,0.0,0.0,True
SEDOL:3204218,2007,0.0,92.5,0.0,0.0,True
SEDOL:3216473,2006,0.0,472.0,1.67,0.0,False
SEDOL:3216473,2007,0.0,564.3333333333334,1.51,0.0,False
SEDOL:3216473,2008,0.0,555.3333333333334,3.155,0.0,False
SEDOL:3216473,2009,0.0,322.8125,4.350833333333333,0.0,False
SEDOL:3216473,2010,0.0,586.2916666666666,1.3316666666666668,0.0,False
SEDOL:3216473,2011,0.0,605.4250000000001,1.3391666666666666,0.0,False
SEDOL:3216473,2012,0.0,516.625,2.595,0.0,False
SEDOL:3216473,2013,0.0,531.875,3.2475,0.0,False
SEDOL:3216473,2014,0.0,412.4075,3.84,0.0,False
SEDOL:3216473,2015,0.0,320.23,5.034166666666667,0.0,False
SEDOL:3216473,2016,0.0,388.0941666666667,4.060833333333333,0.0,False
SEDOL:3216473,2017,0.0,483.7291666666667,4.0825000000000005,0.0,False
SEDOL:3216473,2018,0.0,516.0416666666666,5.210833333333333,0.0,False
SEDOL:3216473,2019,0.0,636.0833333333334,5.795833333333333,0.0,False
SEDOL:3216473,2020,0.0,607.9166666666666,6.024166666666667,0.0,False
SEDOL:3216473,2021,0.0,729.75,5.390000000000001,0.0,False
SEDOL:3216473,2022,0.0,159.6,27.212500000000002,0.0,False
SEDOL:3216473,2023,0.0,117.19166666666666,15.280000000000001,0.0,False
SEDOL:3216473,2024,0.0,129.60833333333332,12.1825,0.0,False
SEDOL:3216473,2025,0.0,238.79166666666666,4.095833333333334,0.0,False
SEDOL:3216473,2026,0.0,255.64285714285714,3.8114285714285714,0.0,False
SEDOL:322566,2006,0.0,970.0,0.0,0.0,True
SEDOL:322566,2007,0.0,1006.3541666666666,0.0,0.0,True
SEDOL:322566,2008,0.0,683.4166666666666,0.0,0.0,True
SEDOL:322566,2009,243.5,498.4583333333333,,48.85062275348993,True
SEDOL:322566,2010,0.0,563.1666666666666,,0.0,True
SEDOL:322566,2011,0.0,624.6666666666666,8.0,0.0,False
SEDOL:322566,2012,0.0,601.7291666666666,,0.0,True
SEDOL:322566,2013,0.0,878.2083333333334,5.364,0.0,False
SEDOL:322566,2014,0.0,961.0833333333334,,0.0,True
SEDOL:322566,2015,0.0,1075.2083333333333,,0.0,True
SEDOL:322566,2016,0.0,1038.125,,0.0,True
SEDOL:322566,2017,0.0,1238.9166666666667,,0.0,True
SEDOL:322566,2018,0.0,498.7791666666667,,0.0,True
SEDOL:322566,2019,0.0,104.16250000000001,,0.0,True
SEDOL:322566,2020,5.265,98.89583333333333,,5.323783442174005,True
SEDOL:322566,2021,13.02,133.89583333333334,,9.723976972148746,True
SEDOL:322566,2022,14.600000000000001,97.17272727272729,,15.024791842080644,True
SEDOL:322566,2023,10.15,88.8125,,11.428571428571429,True
SEDOL:322566,2024,8.85,85.7,,10.326721120186697,True
SEDOL:322566,2025,5.52,88.6888888888889,,6.2240040090202955,True
SEDOL:3227334,2007,0.0,797.4583333333334,0.31416666666666665,0.0,True
SEDOL:3227334,2008,0.0,759.5,0.15,0.0,True
SEDOL:3227334,2009,0.0,555.125,1.6966666666666665,0.0,False
SEDOL:3227334,2010,0.0,813.4583333333334,1.085,0.0,False
SEDOL:3227334,2011,0.0,805.4791666666666,0.3133333333333333,0.0,True
SEDOL:3227334,2012,0.0,696.8333333333334,1.4833333333333334,0.0,False
SEDOL:3227334,2013,0.0,765.875,1.7566666666666666,0.0,False
SEDOL:3227334,2014,0.0,622.8333333333334,2.62,0.0,False
SEDOL:3227334,2015,0.0,515.6666666666666,3.2418181818181817,0.0,False
SEDOL:3227334,2016,0.0,568.7291666666666,3.483333333333333,0.0,False
SEDOL:3227334,2017,0.0,748.1041666666666,,0.0,True
SEDOL:3227334,2018,0.0,736.1666666666666,,0.0,True
SEDOL:3227334,2019,0.0,813.1666666666666,,0.0,True
SEDOL:3227334,2020,0.0,653.4166666666666,5.0811111111111105,0.0,False
SEDOL:3227334,2021,0.0,754.5833333333334,4.196666666666666,0.0,False
SEDOL:3227334,2022,0.0,564.0,4.198333333333333,0.0,False
SEDOL:3227334,2023,0.0,492.9583333333333,3.6558333333333333,0.0,False
SEDOL:3227334,2024,0.0,567.7083333333334,3.266666666666667,0.0,False
SEDOL:3227334,2025,0.0,709.5833333333334,3.2125,0.0,False
SEDOL:3227334,2026,6.5,823.5714285714286,3.0942857142857143,0.7892454466608847,False
SEDOL:3228702,2008,0.0,,,,True
SEDOL:3228702,2009,0.0,,,,True
SEDOL:3228702,2010,0.0,,,,True
SEDOL:3228702,2011,0.0,,,,True
SEDOL:3228702,2012,0.0,141.9,,0.0,True
SEDOL:3228702,2013,0.0,,,,True
SEDOL:3228702,2014,0.0,,,,True
SEDOL:3228702,2015,0.0,,,,True
SEDOL:3228702,2016,0.0,,,,True
SEDOL:323406,2007,0.0,179.29166666666666,3.3083333333333336,0.0,False
SEDOL:323406,2008,0.0,139.97916666666666,6.758333333333333,0.0,False
SEDOL:323406,2009,0.0,114.08333333333333,8.466666666666667,0.0,False
SEDOL:3236299,2007,0.0,106.0,0.0,0.0,True
SEDOL:3236299,2008,0.0,,0.0,,True
SEDOL:3236299,2009,0.0,,,,True
SEDOL:3236299,2010,0.0,34.5,,0.0,True
SEDOL:3253953,2006,0.0,30.0,0.0,0.0,True
SEDOL:3253953,2007,0.0,,,,True
SEDOL:329200,2007,0.0,442.375,0.0,0.0,True
SEDOL:329200,2008,0.0,350.5,0.0,0.0,True
SEDOL:329200,2009,0.0,258.5,,0.0,True
SEDOL:329200,2010,0.0,,,,True
SEDOL:329200,2011,0.0,308.0,,0.0,True
SEDOL:329200,2012,0.0,443.0,,0.0,True
SEDOL:329200,2013,0.0,,,,True
SEDOL:329200,2014,0.0,,,,True
SEDOL:329200,2015,0.0,,,,True
SEDOL:329200,2016,0.0,,,,True
SEDOL:329200,2017,0.0,,,,True
SEDOL:329200,2018,0.0,,,,True
SEDOL:329200,2019,0.0,,,,True
SEDOL:329200,2020,0.0,,,,True
SEDOL:329200,2021,0.0,,,,True
SEDOL:329200,2022,0.0,,,,True
SEDOL:329200,2023,0.0,,,,True
SEDOL:329200,2024,0.0,,,,True
SEDOL:329200,2025,0.0,,,,True
SEDOL:329200,2026,0.0,,,,True
SEDOL:329501,2007,0.0,791.6666666666666,0.0,0.0,True
SEDOL:329501,2008,0.0,622.6666666666666,0.0,0.0,True
SEDOL:329501,2009,0.0,455.7291666666667,,0.0,True
SEDOL:329501,2010,0.0,524.1041666666666,2.9909090909090907,0.0,False
SEDOL:329501,2011,0.0,550.0625,3.513333333333333,0.0,False
SEDOL:329501,2012,0.0,507.6875,3.421666666666667,0.0,False
SEDOL:329501,2013,0.0,653.2291666666666,3.2241666666666666,0.0,False
SEDOL:329501,2014,0.0,757.1666666666666,2.9475,0.0,False
SEDOL:329501,2015,0.0,765.7083333333334,2.6675,0.0,False
SEDOL:329501,2016,0.0,694.0416666666666,3.5566666666666666,0.0,False
SEDOL:329501,2017,0.0,891.375,2.8866666666666667,0.0,False
SEDOL:329501,2018,0.0,890.9166666666666,3.2899999999999996,0.0,False
SEDOL:329501,2019,0.0,818.5,3.6966666666666668,0.0,False
SEDOL:329501,2020,0.0,1070.6666666666667,0.9474999999999999,0.0,False
SEDOL:329501,2021,0.0,252.775,0.625,0.0,False
SEDOL:329501,2022,0.0,93.71666666666665,0.8500000000000001,0.0,False
SEDOL:329501,2023,2.2,90.72500000000001,0.7416666666666667,2.424910443648388,True
SEDOL:329501,2024,0.0,92.91666666666667,0.7583333333333333,0.0,False
SEDOL:329501,2025,0.0,100.95,0.8166666666666668,0.0,False
SEDOL:329501,2026,0.0,105.37142857142858,0.9714285714285714,0.0,False
SEDOL:332231,2007,0.0,135.29166666666666,0.0,0.0,True
SEDOL:332231,2008,0.0,117.6875,0.0,0.0,True
SEDOL:332231,2009,0.0,130.66666666666666,,0.0,True
SEDOL:332231,2010,0.0,181.60416666666666,,0.0,True
SEDOL:332231,2011,0.0,192.4283333333333,,0.0,True
SEDOL:332231,2012,0.0,184.28166666666667,,0.0,True
SEDOL:332231,2013,0.0,205.60500000000002,,0.0,True
SEDOL:332231,2014,0.0,221.9283333333333,,0.0,True
SEDOL:332231,2015,0.0,243.54250000000002,,0.0,True
SEDOL:332231,2016,0.0,295.7708333333333,,0.0,True
SEDOL:332231,2017,0.0,382.8858333333333,,0.0,True
SEDOL:332231,2018,0.0,398.0416666666667,,0.0,True
SEDOL:332231,2019,0.0,424.3333333333333,,0.0,True
SEDOL:332231,2020,0.0,345.8333333333333,,0.0,True
SEDOL:332231,2021,0.0,469.2083333333333,,0.0,True
SEDOL:332231,2022,0.0,458.1666666666667,,0.0,True
SEDOL:332231,2023,0.0,506.625,,0.0,True
SEDOL:332231,2024,14.5,501.9166666666667,,2.8889257844927774,True
SEDOL:332231,2025,20.5,545.9166666666666,,3.7551518852083654,True
SEDOL:332231,2026,0.0,608.2857142857143,4.888571428571429,0.0,False
SEDOL:332510,2007,0.0,578.5416666666666,2.936666666666667,0.0,False
SEDOL:332510,2008,0.0,466.4583333333333,3.855,0.0,False
SEDOL:332510,2009,0.0,469.7708333333333,3.4458333333333333,0.0,False
SEDOL:332510,2010,0.0,542.2916666666666,3.1508333333333334,0.0,False
SEDOL:332510,2011,0.0,532.4791666666666,3.5058333333333334,0.0,False
SEDOL:332510,2012,0.0,530.9583333333334,3.3625000000000003,0.0,False
SEDOL:332510,2013,0.0,789.3958333333334,2.3825,0.0,False
SEDOL:332510,2014,0.0,897.5,2.035833333333333,0.0,False
SEDOL:332510,2015,0.0,498.5208333333333,2.3283333333333336,0.0,False
SEDOL:332510,2016,0.0,196.14583333333334,2.1358333333333333,0.0,False
SEDOL:332510,2017,0.0,239.97916666666666,2.1366666666666667,0.0,False
SEDOL:332510,2018,0.0,262.5833333333333,2.345,0.0,False
SEDOL:332510,2019,0.0,260.2083333333333,2.731666666666667,0.0,False
SEDOL:332510,2020,0.0,199.26666666666665,2.5524999999999998,0.0,False
SEDOL:332510,2021,0.0,283.9166666666667,1.99,0.0,False
SEDOL:332510,2022,0.0,275.7916666666667,2.7366666666666664,0.0,False
SEDOL:332510,2023,0.0,272.75,3.8275,0.0,False
SEDOL:332510,2024,6.3,304.4583333333333,3.9266666666666663,2.069248665663063,True
SEDOL:332510,2025,10.2,367.1666666666667,3.7466666666666666,2.7780299591466178,True
SEDOL:332510,2026,3.49,434.64285714285717,3.7342857142857144,0.8029580936729662,False
SEDOL:332855,2007,0.0,68.0,0.0,0.0,True
SEDOL:332855,2008,0.0,48.6875,0.0,0.0,True
SEDOL:332855,2009,0.0,42.979166666666664,,0.0,True
SEDOL:332855,2010,0.0,51.333333333333336,,0.0,True
SEDOL:332855,2011,0.0,55.939166666666665,,0.0,True
SEDOL:332855,2012,0.0,51.6475,,0.0,True
SEDOL:332855,2013,0.0,68.34583333333333,,0.0,True
SEDOL:332855,2014,0.0,71.50083333333333,,0.0,True
SEDOL:332855,2015,0.0,81.93833333333333,,0.0,True
SEDOL:332855,2016,0.0,93.68833333333333,,0.0,True
SEDOL:332855,2017,0.0,123.55250000000001,,0.0,True
SEDOL:332855,2018,0.0,151.0625,,0.0,True
SEDOL:332855,2019,0.0,150.66666666666666,,0.0,True
SEDOL:332855,2020,0.0,178.20833333333334,,0.0,True
SEDOL:332855,2021,0.0,228.125,,0.0,True
SEDOL:332855,2022,0.0,167.75,,0.0,True
SEDOL:332855,2023,0.0,170.83333333333334,,0.0,True
SEDOL:332855,2024,0.0,172.29166666666666,,0.0,True
SEDOL:332855,2025,0.0,193.2,,0.0,True
SEDOL:3351642,2007,0.0,,0.0,,True
SEDOL:3351642,2008,0.0,,0.0,,True
SEDOL:3351642,2009,0.0,,,,True
SEDOL:3351642,2010,0.0,,,,True
SEDOL:3351642,2011,0.0,,,,True
SEDOL:3351642,2012,0.0,113.04,,0.0,True
SEDOL:3351642,2013,0.0,,,,True
SEDOL:3351642,2014,0.0,,,,True
SEDOL:3351642,2015,0.0,,,,True
SEDOL:3351642,2016,0.0,,,,True
SEDOL:3351642,2017,0.0,,,,True
SEDOL:3351642,2018,0.0,,,,True
SEDOL:3351642,2019,0.0,,,,True
SEDOL:3351642,2020,0.0,,,,True
SEDOL:3351642,2021,0.0,,,,True
SEDOL:3351642,2022,0.0,,,,True
SEDOL:3351642,2023,0.0,,,,True
SEDOL:3351642,2024,0.0,,,,True
SEDOL:3351642,2025,0.0,,,,True
SEDOL:3351642,2026,0.0,,,,True
SEDOL:3353790,2007,0.0,206.02083333333334,3.34,0.0,False
SEDOL:3353790,2008,0.0,175.79166666666666,4.128333333333333,0.0,False
SEDOL:3353790,2009,0.0,146.10416666666666,5.0275,0.0,False
SEDOL:3353790,2010,0.0,163.70833333333334,5.390833333333333,0.0,False
SEDOL:3353790,2011,0.0,135.9375,5.941666666666666,0.0,False
SEDOL:3353790,2012,0.0,101.91666666666667,5.108333333333333,0.0,False
SEDOL:3353790,2013,0.0,141.09416666666667,3.813333333333333,0.0,False
SEDOL:3353790,2014,0.0,182.16666666666666,3.590833333333333,0.0,False
SEDOL:3353790,2015,5.3,169.02083333333334,3.4958333333333336,3.135708122765931,True
SEDOL:3353790,2016,10.45,145.28454545454545,4.778181818181818,7.192781563452285,True
SEDOL:3353790,2017,9.7,162.45833333333334,4.4125000000000005,5.97076173377789,True
SEDOL:3353790,2018,11.3,122.91666666666667,5.071666666666666,9.19322033898305,True
SEDOL:3353790,2019,10.2,125.125,5.208333333333333,8.151848151848151,True
SEDOL:3353790,2020,10.2,125.04166666666667,5.1499999999999995,8.157280906364544,True
SEDOL:3353790,2021,7.95,175.08333333333334,4.153333333333333,4.540694907187054,True
SEDOL:3353790,2022,7.0,174.27083333333334,3.8783333333333334,4.01673640167364,True
SEDOL:3353790,2023,5.45,128.45833333333334,4.734166666666667,4.24262082387285,True
SEDOL:3353790,2024,7.85,102.16666666666667,5.583333333333333,7.6835236541598695,True
SEDOL:3353790,2025,9.5,101.18181818181819,5.030909090909091,9.389038634321652,True
SEDOL:3353820,2007,0.0,135.35416666666666,0.0,0.0,True
SEDOL:3353820,2008,0.0,139.4375,0.0,0.0,True
SEDOL:3353820,2009,0.0,151.95833333333334,,0.0,True
SEDOL:3353820,2010,0.0,164.29545454545453,,0.0,True
SEDOL:3353820,2011,0.0,172.27166666666668,,0.0,True
SEDOL:3353820,2012,0.0,180.71916666666667,,0.0,True
SEDOL:3353820,2013,0.0,195.81416666666667,,0.0,True
SEDOL:3353820,2014,0.0,210.41833333333332,,0.0,True
SEDOL:3353820,2015,0.0,217.095,,0.0,True
SEDOL:3367456,2010,0.0,,,,True
SEDOL:3367456,2011,0.0,,,,True
SEDOL:3367456,2012,0.0,87.38,,0.0,True
SEDOL:3367456,2013,0.0,,,,True
SEDOL:337582,2007,0.0,1318.4166666666667,0.0,0.0,True
SEDOL:337582,2008,0.0,1164.0,0.0,0.0,True
SEDOL:337582,2009,0.0,989.2083333333334,,0.0,True
SEDOL:337582,2010,0.0,1026.9583333333333,,0.0,True
SEDOL:337582,2011,0.0,1124.25,,0.0,True
SEDOL:337582,2012,0.0,1132.25,,0.0,True
SEDOL:337582,2013,0.0,1461.0,,0.0,True
SEDOL:337582,2014,0.0,725.2333333333332,,0.0,True
SEDOL:337582,2015,0.0,173.28333333333333,,0.0,True
SEDOL:337582,2016,0.0,171.6,,0.0,True
SEDOL:337582,2017,0.0,212.85,,0.0,True
SEDOL:337582,2018,0.0,221.75,,0.0,True
SEDOL:337582,2019,0.0,241.04166666666666,,0.0,True
SEDOL:337582,2020,0.0,253.25,,0.0,True
SEDOL:337582,2021,0.0,304.375,,0.0,True
SEDOL:337582,2022,0.0,298.625,,0.0,True
SEDOL:337582,2023,0.0,343.0,,0.0,True
SEDOL:337582,2024,0.0,378.7083333333333,,0.0,True
SEDOL:337582,2025,9.4,403.0416666666667,,2.332265067714256,True
SEDOL:337582,2026,6.0,419.2857142857143,,1.4310051107325383,True
SEDOL:338530,2007,0.0,490.8333333333333,0.4083333333333334,0.0,True
SEDOL:338530,2008,0.0,488.875,0.0,0.0,True
SEDOL:338530,2009,0.0,556.75,,0.0,True
SEDOL:338530,2010,0.0,667.2916666666666,,0.0,True
SEDOL:338530,2011,0.0,712.8125,,0.0,True
SEDOL:338530,2012,0.0,812.75,,0.0,True
SEDOL:338530,2013,0.0,1097.625,,0.0,True
SEDOL:338530,2014,0.0,1430.875,1.0833333333333333,0.0,False
SEDOL:338530,2015,13.0,1878.9166666666667,0.9591666666666666,0.6918880560606733,True
SEDOL:338530,2016,16.5,1917.8333333333333,1.1216666666666668,0.8603458764230468,True
SEDOL:338530,2017,22.5,2427.9166666666665,0.975,0.9267204393341343,True
SEDOL:338530,2018,17.5,2610.8333333333335,0.9816666666666668,0.6702840727736993,True
SEDOL:338530,2019,26.5,2736.6666666666665,1.1441666666666668,0.9683313032886725,True
SEDOL:338530,2020,25.0,3363.75,0.9266666666666667,0.7432181345224823,True
SEDOL:338530,2021,22.5,3701.6666666666665,0.8933333333333334,0.6078343088698784,True
SEDOL:338530,2022,26.5,3226.25,0.9500000000000001,0.8213870592793491,True
SEDOL:338530,2023,24.7,1733.4583333333333,1.0516666666666667,1.4248972429872846,True
SEDOL:338530,2024,2.8,341.125,0.8366666666666668,0.8208134847929645,True
SEDOL:338530,2025,2.4,330.0,0.9308333333333333,0.7272727272727273,True
SEDOL:338530,2026,1.7,357.7857142857143,0.9571428571428572,0.4751447394689559,True
SEDOL:3386257,2007,0.0,163.02083333333334,2.353333333333333,0.0,False
SEDOL:3386257,2008,0.0,136.95833333333334,4.014166666666667,0.0,False
SEDOL:3386257,2009,0.0,145.10416666666666,2.9791666666666665,0.0,False
SEDOL:3386257,2010,0.0,173.14583333333334,2.643333333333333,0.0,False
SEDOL:3386257,2011,0.0,168.96916666666667,3.1125000000000003,0.0,False
SEDOL:3386257,2012,0.0,165.70833333333334,2.975,0.0,False
SEDOL:3386257,2013,0.0,208.26083333333335,2.3383333333333334,0.0,False
SEDOL:3386257,2014,0.0,226.13666666666666,2.2425,0.0,False
SEDOL:3386257,2015,0.0,241.32333333333335,2.3233333333333337,0.0,False
SEDOL:3386257,2016,3.1,251.33333333333334,2.795833333333333,1.23342175066313,True
SEDOL:3386257,2017,0.0,302.9275,2.6641666666666666,0.0,False
SEDOL:3386257,2018,0.0,310.7083333333333,3.0341666666666662,0.0,False
SEDOL:3386257,2019,0.0,304.5833333333333,3.455,0.0,False
SEDOL:3386257,2020,0.0,266.125,2.855,0.0,False
SEDOL:3386257,2021,0.0,285.2083333333333,2.1083333333333334,0.0,False
SEDOL:3386257,2022,0.0,291.375,1.9974999999999998,0.0,False
SEDOL:3386257,2023,0.0,309.75,2.4683333333333333,0.0,False
SEDOL:3386257,2024,5.0,292.0833333333333,2.8049999999999997,1.711840228245364,True
SEDOL:3386257,2025,10.0,314.3333333333333,2.685,3.181336161187699,True
SEDOL:3386257,2026,10.3,338.7142857142857,2.5357142857142856,3.0409110080134965,True
SEDOL:3387528,2007,0.0,,0.0,,True
SEDOL:3387528,2008,0.0,,0.0,,True
SEDOL:3387528,2009,0.0,,,,True
SEDOL:3387528,2010,0.0,,,,True
SEDOL:3387528,2011,0.0,,,,True
SEDOL:3387528,2012,0.0,58.25,,0.0,True
SEDOL:3387528,2013,0.0,,,,True
SEDOL:3387528,2014,0.0,,,,True
SEDOL:3387528,2015,0.0,,,,True
SEDOL:3387528,2016,0.0,,,,True
SEDOL:3387528,2017,0.0,,,,True
SEDOL:3387528,2018,0.0,,,,True
SEDOL:3387528,2019,0.0,,,,True
SEDOL:3387528,2020,0.0,,,,True
SEDOL:3387528,2021,0.0,,,,True
SEDOL:3387528,2022,0.0,,,,True
SEDOL:3387528,2023,0.0,,,,True
SEDOL:339072,2007,0.0,233.89583333333334,0.25916666666666666,0.0,True
SEDOL:339072,2008,0.0,211.54166666666666,0.6766666666666667,0.0,False
SEDOL:339072,2009,0.0,218.10416666666666,0.7091666666666666,0.0,False
SEDOL:339072,2010,0.0,290.1875,0.32363636363636367,0.0,True
SEDOL:339072,2011,0.0,331.9066666666667,0.3958333333333333,0.0,True
SEDOL:339072,2012,0.0,313.6458333333333,0.7333333333333334,0.0,False
SEDOL:339072,2013,0.0,432.2925,0.5599999999999999,0.0,False
SEDOL:339072,2014,0.0,527.365,0.6025,0.0,False
SEDOL:339072,2015,0.0,603.25,0.59,0.0,False
SEDOL:339072,2016,0.0,683.3541666666666,0.7016666666666667,0.0,False
SEDOL:339072,2017,0.0,1019.7083333333334,0.5833333333333334,0.0,False
SEDOL:339072,2018,0.0,1361.6666666666667,0.33666666666666667,0.0,True
SEDOL:339072,2019,0.0,1592.25,0.39916666666666667,0.0,True
SEDOL:339072,2020,0.0,2238.75,0.3425,0.0,True
SEDOL:339072,2021,0.0,929.75,0.3425,0.0,True
SEDOL:339072,2022,0.0,240.54166666666666,0.5258333333333333,0.0,False
SEDOL:339072,2023,0.0,254.5,0.4458333333333333,0.0,True
SEDOL:339072,2024,0.0,362.25,0.38916666666666666,0.0,True
SEDOL:339072,2025,0.0,448.75,0.39666666666666667,0.0,True
SEDOL:339072,2026,0.0,621.7142857142857,0.37142857142857144,0.0,True
SEDOL:340609,2007,0.0,262.7083333333333,3.695,0.0,False
SEDOL:340609,2008,3.75,193.72916666666666,5.355833333333333,1.935692009893537,False
SEDOL:340609,2009,0.0,158.57916666666668,5.1625,0.0,False
SEDOL:340609,2010,0.0,193.1208333333333,4.238333333333333,0.0,False
SEDOL:340609,2011,0.0,215.96916666666667,4.653333333333333,0.0,False
SEDOL:340609,2012,5.0,220.99,5.104166666666667,2.262545816552785,False
SEDOL:340609,2013,7.65,267.55333333333334,4.5975,2.859243016968579,True
SEDOL:340609,2014,7.7250000000000005,269.2291666666667,4.6675,2.8693027934690085,True
SEDOL:340609,2015,7.7250000000000005,247.70833333333334,4.633333333333333,3.1185870479394446,True
SEDOL:340609,2016,5.15,231.41666666666666,4.664166666666667,2.2254231184731728,True
SEDOL:340609,2017,5.15,257.4791666666667,4.5008333333333335,2.0001618253904034,False
SEDOL:340609,2018,5.575,251.16666666666666,4.535833333333334,2.219641672196417,True
SEDOL:340609,2019,6.0,267.7083333333333,4.221666666666667,2.2412451361867705,True
SEDOL:340609,2020,6.0,261.75,3.8983333333333334,2.292263610315186,True
SEDOL:340609,2021,6.0,312.6666666666667,3.8925,1.9189765458422174,True
SEDOL:340609,2022,6.0,288.7083333333333,4.5775,2.0782219656516094,True
SEDOL:340609,2023,6.2,283.77272727272725,4.494545454545454,2.184847028672113,True
SEDOL:340609,2024,6.4,280.8333333333333,4.306666666666667,2.27893175074184,True
SEDOL:340609,2025,25.5,294.8333333333333,4.1575,8.64895421141888,True
SEDOL:340609,2026,4.25,304.42857142857144,4.161428571428571,1.396058188643829,False
SEDOL:3408009,2007,0.0,99.91666666666667,3.8166666666666664,0.0,False
SEDOL:3408009,2008,0.0,100.125,2.8800000000000003,0.0,False
SEDOL:3408009,2009,0.0,100.04166666666667,2.4125,0.0,False
SEDOL:3408009,2010,0.0,99.95833333333333,0.9758333333333334,0.0,False
SEDOL:3408009,2011,0.0,100.1875,0.9874999999999999,0.0,False
SEDOL:3408009,2012,0.0,100.5,0.5825,0.0,False
SEDOL:3408009,2013,0.0,100.5,0.33666666666666667,0.0,True
SEDOL:3408009,2014,0.0,100.5,0.34,0.0,True
SEDOL:3408009,2015,0.0,99.75,0.3825,0.0,True
SEDOL:3408009,2016,0.0,100.6875,0.37166666666666665,0.0,True
SEDOL:3408009,2017,0.0,100.70833333333333,0.5716666666666667,0.0,False
SEDOL:3408009,2018,0.0,100.70833333333333,0.3875,0.0,True
SEDOL:3408009,2019,0.0,101.79166666666667,0.23749999999999996,0.0,True
SEDOL:3408009,2020,0.0,102.41666666666667,0.445,0.0,True
SEDOL:3408009,2021,0.0,102.5,0.58,0.0,False
SEDOL:3408009,2022,0.0,102.02272727272727,0.44636363636363635,0.0,True
SEDOL:3408021,2007,0.0,114.875,3.7258333333333336,0.0,False
SEDOL:3408021,2008,0.0,82.41666666666667,5.665833333333333,0.0,False
SEDOL:3408021,2009,0.0,64.91666666666667,5.295,0.0,False
SEDOL:3408021,2010,0.0,74.08333333333333,3.7550000000000003,0.0,False
SEDOL:3408021,2011,0.0,77.97916666666667,3.393333333333333,0.0,False
SEDOL:3408021,2012,0.0,79.0625,4.578333333333333,0.0,False
SEDOL:3408021,2013,0.0,92.85416666666667,4.4174999999999995,0.0,False
SEDOL:3408021,2014,0.0,100.14583333333333,4.263333333333334,0.0,False
SEDOL:3408021,2015,0.0,103.0,4.319166666666667,0.0,False
SEDOL:3408021,2016,0.0,100.22916666666667,4.514166666666667,0.0,False
SEDOL:3408021,2017,0.0,111.22916666666667,4.18,0.0,False
SEDOL:3408021,2018,0.0,109.75,4.435,0.0,False
SEDOL:3408021,2019,0.0,105.08333333333333,4.526666666666666,0.0,False
SEDOL:3408021,2020,0.0,86.66666666666667,4.2025,0.0,False
SEDOL:3408021,2021,0.0,102.45833333333333,3.6683333333333334,0.0,False
SEDOL:3408021,2022,0.0,99.77272727272727,3.4272727272727277,0.0,False
SEDOL:341710,2006,0.0,824.0,0.3,0.0,True
SEDOL:341710,2007,0.0,825.5416666666666,0.24583333333333335,0.0,True
SEDOL:341710,2008,0.0,623.3333333333334,0.24166666666666667,0.0,True
SEDOL:341710,2009,0.0,579.375,0.6616666666666667,0.0,False
SEDOL:341710,2010,0.0,773.0,0.7975,0.0,False
SEDOL:341710,2011,0.0,900.0625,0.9766666666666667,0.0,False
SEDOL:341710,2012,0.0,1000.5833333333334,1.2383333333333333,0.0,False
SEDOL:341710,2013,0.0,1402.1666666666667,1.7018181818181817,0.0,False
SEDOL:341710,2014,7.7,388.5425,1.4583333333333333,1.9817651865626025,True
SEDOL:341710,2015,0.0,178.68833333333336,1.6191666666666666,0.0,False
SEDOL:341710,2016,0.0,201.01250000000002,1.6366666666666667,0.0,False
SEDOL:341710,2017,0.0,275.93833333333333,1.4233333333333331,0.0,False
SEDOL:341710,2018,2.5,302.5,1.4258333333333333,0.8264462809917356,True
SEDOL:341710,2019,2.5,317.125,1.4866666666666666,0.7883326763894364,True
SEDOL:341710,2020,2.5,310.25,1.4141666666666666,0.8058017727639001,True
SEDOL:341710,2021,0.0,432.1666666666667,1.1641666666666668,0.0,False
SEDOL:341710,2022,2.5,385.1666666666667,1.2158333333333333,0.6490696668109044,True
SEDOL:341710,2023,2.5,376.375,1.5033333333333332,0.6642311524410495,True
SEDOL:341710,2024,3.0,421.4166666666667,1.4000000000000001,0.7118845165117659,True
SEDOL:341710,2025,3.1,404.0833333333333,1.3508333333333333,0.767168488348113,True
SEDOL:341710,2026,3.2,418.0,1.07,0.7655502392344498,True
SEDOL:341895,2007,0.0,419.5416666666667,1.555,0.0,False
SEDOL:341895,2008,0.0,395.6875,2.4358333333333335,0.0,False
SEDOL:341895,2009,0.0,389.175,2.6508333333333334,0.0,False
SEDOL:341895,2010,3.2,537.75,1.6066666666666667,0.595072059507206,True
SEDOL:341895,2011,3.5,556.875,1.8791666666666667,0.6285072951739619,False
SEDOL:341895,2012,4.5,549.0416666666666,2.283333333333333,0.8196099263868863,False
SEDOL:341895,2013,5.5,586.5833333333334,2.15,0.9376331865321778,True
SEDOL:341895,2014,5.5,560.7916666666666,2.143333333333333,0.9807563712014267,True
SEDOL:341895,2015,6.0,580.7916666666666,2.0208333333333335,1.033072673792955,True
SEDOL:341895,2016,9.0,633.875,2.0425,1.4198382961940446,True
SEDOL:341895,2017,11.0,800.2083333333334,1.8654545454545455,1.3746420203072116,True
SEDOL:341895,2018,12.5,859.1666666666666,1.8399999999999999,1.454898157129001,True
SEDOL:341895,2019,21.5,972.6666666666666,1.7808333333333335,2.2104180945853327,True
SEDOL:341895,2020,14.2,846.1999999999999,1.5325,1.678090285984401,True
SEDOL:341895,2021,1.35,131.51666666666668,1.08,1.0264858699784563,True
SEDOL:341895,2022,0.83,107.89166666666667,1.2375,0.7692901830539893,True
SEDOL:341895,2023,1.6500000000000001,105.85000000000001,1.95,1.5588096362777515,True
SEDOL:341895,2024,1.9000000000000001,106.3,1.9124999999999999,1.7873941674506115,True
SEDOL:341895,2025,2.0999999999999996,119.55,2.195,1.756587202007528,True
SEDOL:341895,2026,4.404,157.57142857142858,2.0757142857142856,2.794922937443336,True
SEDOL:341947,2006,0.0,159.0,2.7,0.0,False
SEDOL:341947,2007,0.0,164.29166666666666,3.1166666666666667,0.0,False
SEDOL:341947,2008,0.0,122.02083333333333,4.505833333333333,0.0,False
SEDOL:341947,2009,0.0,64.79166666666667,7.176666666666667,0.0,False
SEDOL:341947,2010,0.0,86.16666666666667,6.918333333333333,0.0,False
SEDOL:341969,2007,0.0,781.375,1.4266666666666667,0.0,False
SEDOL:341969,2008,0.0,604.6041666666666,2.299166666666667,0.0,False
SEDOL:341969,2009,0.0,566.2083333333334,3.9691666666666667,0.0,False
SEDOL:341969,2010,0.0,706.5,2.5733333333333333,0.0,False
SEDOL:341969,2011,0.0,830.375,1.6275000000000002,0.0,False
SEDOL:341969,2012,0.0,678.5625,2.0658333333333334,0.0,False
SEDOL:341969,2013,10.0,945.0833333333334,2.1925000000000003,1.0581077506392733,True
SEDOL:341969,2014,0.0,683.1666666666666,1.9058333333333335,0.0,False
SEDOL:341969,2015,1.2,246.125,1.5283333333333333,0.48755713560182834,False
SEDOL:341969,2016,3.2,281.9583333333333,1.8883333333333334,1.1349194620954635,True
SEDOL:341969,2017,4.7,370.2816666666667,1.88,1.2693039983075947,True
SEDOL:341969,2018,6.7,395.75,2.004166666666667,1.6929879974731523,True
SEDOL:341969,2019,6.7,358.5833333333333,2.2741666666666664,1.8684638624215664,True
SEDOL:341969,2020,12.2,370.25,1.8616666666666666,3.2950708980418635,True
SEDOL:341969,2021,6.7,502.7083333333333,1.8500000000000003,1.3327807708246997,True
SEDOL:341969,2022,6.7,414.1666666666667,1.9158333333333333,1.6177062374245472,True
SEDOL:341969,2023,10.3,400.9166666666667,2.73,2.5691124506339635,True
SEDOL:341969,2024,11.0,455.25,2.4575,2.4162548050521693,True
SEDOL:341969,2025,10.0,546.8333333333334,2.5341666666666667,1.828710758914965,True
SEDOL:341969,2026,13.0,630.5714285714286,2.2357142857142858,2.0616221114635254,True
SEDOL:3420207,2007,0.0,115.91666666666667,1.9558333333333333,0.0,False
SEDOL:3420207,2008,0.0,80.25,2.0641666666666665,0.0,False
SEDOL:3420207,2009,0.0,59.0,2.095,0.0,False
SEDOL:3420207,2010,0.0,,,,True
SEDOL:3420207,2011,0.0,,,,True
SEDOL:3420207,2012,0.0,80.25,,0.0,True
SEDOL:3420207,2013,0.0,,,,True
SEDOL:3420207,2014,0.0,,,,True
SEDOL:3420207,2015,0.0,,,,True
SEDOL:3420207,2016,0.0,,,,True
SEDOL:3420207,2017,0.0,,,,True
SEDOL:3420207,2018,0.0,,,,True
SEDOL:3420207,2019,0.0,,,,True
SEDOL:3420207,2020,0.0,,,,True
SEDOL:3420207,2021,0.0,,,,True
SEDOL:3420207,2022,0.0,,,,True
SEDOL:3420207,2023,0.0,,,,True
SEDOL:3420207,2024,0.0,,,,True
SEDOL:3420207,2025,0.0,,,,True
SEDOL:3420207,2026,0.0,,,,True
SEDOL:3420672,2007,0.0,109.75,0.0,0.0,True
SEDOL:3420672,2008,0.0,75.61111111111111,0.26666666666666666,0.0,True
SEDOL:3420672,2009,0.0,53.29545454545455,,0.0,True
SEDOL:3420672,2010,0.0,55.5,,0.0,True
SEDOL:342218,2007,0.0,550.0416666666666,3.145,0.0,False
SEDOL:342218,2008,3.5,431.25,4.201666666666667,0.8115942028985508,False
SEDOL:342218,2009,10.6,356.3541666666667,4.283333333333333,2.974568839520608,True
SEDOL:342218,2010,10.5,420.82,3.1675,2.495128558528587,True
SEDOL:342218,2011,14.0,438.865,3.5549999999999997,3.1900470531940344,True
SEDOL:342218,2012,10.5,419.6983333333333,3.876666666666667,2.501796925569556,True
SEDOL:342218,2013,13.5,541.7291666666666,3.6008333333333336,2.4920201515209786,True
SEDOL:342218,2014,19.5,600.0625,3.6183333333333336,3.249661493594417,True
SEDOL:342218,2015,21.5,607.7083333333334,3.3333333333333335,3.537881384984573,True
SEDOL:342218,2016,21.5,572.5208333333334,3.6983333333333337,3.755321858738765,True
SEDOL:342218,2017,32.5,681.1458333333334,3.3441666666666667,4.7713717693836974,True
SEDOL:342218,2018,27.5,731.9166666666666,3.5491666666666664,3.757258339974952,True
SEDOL:342218,2019,28.25,714.3333333333334,3.8925,3.954736350909939,True
SEDOL:342218,2020,29.75,588.5,3.5625,5.055225148683093,True
SEDOL:342218,2021,17.0,722.0,3.32,2.3545706371191137,True
SEDOL:342218,2022,0.0,694.5833333333334,3.393333333333333,0.0,False
SEDOL:342218,2023,34.5,668.3333333333334,3.6975,5.162094763092269,True
SEDOL:342218,2024,43.5,703.1666666666666,3.7191666666666663,6.186300071106897,True
SEDOL:342218,2025,35.85,788.6666666666666,3.61,4.5456466610312765,True
SEDOL:342218,2026,28.0,903.1428571428571,3.46,3.1002847200253085,True
SEDOL:3431232,2008,0.0,,,,True
SEDOL:3431232,2009,0.0,,,,True
SEDOL:3431232,2010,0.0,,,,True
SEDOL:3431232,2011,0.0,,,,True
SEDOL:3431232,2012,0.0,,,,True
SEDOL:343501,2007,0.0,115.25,1.6875,0.0,False
SEDOL:343501,2008,0.0,102.4375,2.5136363636363637,0.0,False
SEDOL:343501,2009,0.0,119.70833333333333,3.0508333333333333,0.0,False
SEDOL:343501,2010,0.0,148.08333333333334,2.0100000000000002,0.0,False
SEDOL:343501,2011,0.0,146.84583333333333,1.9375,0.0,False
SEDOL:343501,2012,1.6,130.625,2.3175,1.2248803827751196,True
SEDOL:343501,2013,1.6,152.865,2.1225,1.0466751709024302,True
SEDOL:343501,2014,3.2,161.37583333333333,2.1841666666666666,1.982948706694001,True
SEDOL:343501,2015,1.8,180.20833333333334,2.0833333333333335,0.9988439306358381,True
SEDOL:343501,2016,1.6,179.02083333333334,1.8641666666666667,0.8937507273362039,True
SEDOL:343501,2017,1.6,257.7708333333333,1.375,0.6207063767881679,True
SEDOL:343501,2018,3.5,282.4583333333333,1.3133333333333332,1.2391208142793924,True
SEDOL:343501,2019,2.5,294.5833333333333,1.0841666666666667,0.8486562942008488,True
SEDOL:343501,2020,383.5,475.5,0.9341666666666667,80.65194532071504,True
SEDOL:343501,2021,22.8,609.25,0.49,3.742306114074682,True
SEDOL:343501,2022,20.52,363.0,0.4816666666666667,5.652892561983471,True
SEDOL:343501,2023,13.02,277.625,1.0163636363636364,4.689779378658262,True
SEDOL:343501,2024,11.01,215.525,1.2216666666666667,5.108456095580559,True
SEDOL:343501,2025,17.7,259.7916666666667,1.2249999999999999,6.8131515637530065,True
SEDOL:343501,2026,13.56,279.7857142857143,0.8842857142857143,4.846566249680879,True
SEDOL:3436594,2007,0.0,150.22916666666666,0.9291666666666667,0.0,False
SEDOL:3436594,2008,0.0,114.47916666666667,1.5608333333333333,0.0,False
SEDOL:3436594,2009,0.0,94.25,1.4283333333333335,0.0,False
SEDOL:3436594,2010,0.0,116.75,1.1041666666666667,0.0,False
SEDOL:3436594,2011,0.0,133.47,1.1039999999999999,0.0,False
SEDOL:3436594,2012,0.0,127.82333333333334,,0.0,True
SEDOL:3436594,2013,0.0,145.855,,0.0,True
SEDOL:3436594,2014,0.0,152.95833333333334,,0.0,True
SEDOL:3436594,2015,0.0,160.08416666666668,,0.0,True
SEDOL:3436594,2016,0.0,180.14583333333334,,0.0,True
SEDOL:3436594,2017,0.0,253.875,,0.0,True
SEDOL:3436594,2018,0.0,276.0,,0.0,True
SEDOL:3436594,2019,0.0,268.0,,0.0,True
SEDOL:3436594,2020,0.0,245.33333333333334,,0.0,True
SEDOL:3436594,2021,0.0,352.9583333333333,,0.0,True
SEDOL:3436594,2022,0.0,338.5416666666667,,0.0,True
SEDOL:3436594,2023,0.0,324.25,,0.0,True
SEDOL:3436594,2024,0.0,351.7916666666667,2.8971428571428572,0.0,False
SEDOL:3436594,2025,0.0,360.9583333333333,3.330833333333333,0.0,False
SEDOL:3436594,2026,0.0,399.7857142857143,3.922857142857143,0.0,False
SEDOL:345035,2007,0.0,352.2291666666667,0.3558333333333333,0.0,True
SEDOL:345035,2008,0.0,318.9166666666667,0.81,0.0,False
SEDOL:345035,2009,0.0,311.1041666666667,1.1266666666666667,0.0,False
SEDOL:345035,2010,0.0,424.25,0.8941666666666667,0.0,False
SEDOL:345035,2011,0.0,394.27500000000003,1.0875000000000001,0.0,False
SEDOL:345035,2012,0.0,351.9916666666666,1.29,0.0,False
SEDOL:345035,2013,0.0,353.6958333333334,1.2583333333333333,0.0,False
SEDOL:345035,2014,0.0,417.2191666666667,1.215,0.0,False
SEDOL:345035,2015,0.0,526.4583333333334,0.9958333333333332,0.0,False
SEDOL:345035,2016,0.0,567.8958333333334,0.9991666666666666,0.0,False
SEDOL:345035,2017,0.0,715.5,0.9018181818181819,0.0,False
SEDOL:345035,2018,0.0,690.8333333333334,0.9766666666666667,0.0,False
SEDOL:345035,2019,0.0,723.4166666666666,1.1933333333333334,0.0,False
SEDOL:345035,2020,0.0,581.875,0.6741666666666667,0.0,False
SEDOL:345035,2021,0.0,761.7083333333334,1.3383333333333332,0.0,False
SEDOL:345035,2022,0.0,804.3333333333334,1.2475,0.0,False
SEDOL:345035,2023,0.0,831.6666666666666,1.4475,0.0,False
SEDOL:345035,2024,0.0,984.1666666666666,1.065,0.0,False
SEDOL:345035,2025,22.16,1029.75,1.1991666666666665,2.151978635591163,True
SEDOL:345035,2026,33.24,879.2857142857143,1.417142857142857,3.7803411860276195,True
SEDOL:346328,2007,0.0,244.75,3.641666666666667,0.0,False
SEDOL:346328,2008,0.0,203.33333333333334,4.96,0.0,False
SEDOL:346328,2009,0.0,176.95833333333334,5.859166666666667,0.0,False
SEDOL:346328,2010,1.95,204.79166666666666,4.590833333333333,0.9521871820956257,False
SEDOL:346328,2011,2.0,218.95833333333334,4.595833333333333,0.9134157944814462,False
SEDOL:346328,2012,0.0,219.48000000000002,5.0633333333333335,0.0,False
SEDOL:346328,2013,0.0,254.375,4.166666666666667,0.0,False
SEDOL:346328,2014,2.25,262.1675,4.0,0.8582299484108441,False
SEDOL:346328,2015,4.6,264.6358333333333,3.965,1.7382377669942655,True
SEDOL:346328,2016,4.7,269.25,3.9,1.745589600742804,True
SEDOL:346328,2017,4.8,314.68833333333333,3.5749999999999997,1.5253187015724552,False
SEDOL:346328,2018,4.9,321.6666666666667,3.75,1.5233160621761659,False
SEDOL:346328,2019,5.1,322.5,4.16,1.5813953488372092,False
SEDOL:346328,2020,14.15,270.0,3.8433333333333337,5.2407407407407405,True
SEDOL:346328,2021,10.5,317.125,3.1283333333333334,3.3109972408356327,True
SEDOL:346328,2022,14.45,304.4583333333333,4.1225,4.74613384425893,True
SEDOL:346328,2023,14.9,296.1666666666667,4.806666666666667,5.030951041080472,True
SEDOL:346328,2024,15.35,323.9583333333333,4.0249999999999995,4.738263665594856,True
SEDOL:346328,2025,11.8,333.375,4.113333333333333,3.5395575553055867,True
SEDOL:346328,2026,9.3,348.7142857142857,3.9185714285714286,2.6669397787791893,True
SEDOL:346340,2007,0.0,282.9375,1.4283333333333335,0.0,False
SEDOL:346340,2008,0.0,246.125,1.3483333333333334,0.0,False
SEDOL:346340,2009,0.0,265.4583333333333,1.2675,0.0,False
SEDOL:346340,2010,0.0,362.0625,0.7891666666666667,0.0,False
SEDOL:346340,2011,0.0,424.9491666666667,0.75,0.0,False
SEDOL:346340,2012,0.0,481.9066666666667,0.7675,0.0,False
SEDOL:346340,2013,0.0,651.3125,0.5666666666666667,0.0,False
SEDOL:346340,2014,0.0,642.8541666666666,0.6725,0.0,False
SEDOL:346340,2015,0.0,636.6666666666666,0.8533333333333334,0.0,False
SEDOL:346340,2016,0.0,707.9375,0.7400000000000001,0.0,False
SEDOL:346340,2017,0.0,845.5,0.7258333333333334,0.0,False
SEDOL:346340,2018,0.0,976.3333333333334,0.7875,0.0,False
SEDOL:346340,2019,0.0,1055.4166666666667,0.8208333333333333,0.0,False
SEDOL:346340,2020,0.0,978.5833333333334,0.975,0.0,False
SEDOL:346340,2021,0.0,1364.0,0.473,0.0,True
SEDOL:346340,2022,0.0,1216.0416666666667,0.52,0.0,False
SEDOL:346340,2023,0.0,1196.0416666666667,0.5758333333333333,0.0,False
SEDOL:346340,2024,0.0,1341.875,0.5725,0.0,False
SEDOL:346340,2025,0.0,1455.0,0.76,0.0,False
SEDOL:346340,2026,0.0,,,,True
SEDOL:346607,2007,0.0,302.5833333333333,2.1333333333333333,0.0,False
SEDOL:346607,2008,0.0,269.3541666666667,2.69,0.0,False
SEDOL:346607,2009,0.0,238.0625,3.091666666666667,0.0,False
SEDOL:346607,2010,0.0,280.95,2.3000000000000003,0.0,False
SEDOL:346607,2011,0.0,301.8,2.165,0.0,False
SEDOL:346607,2012,0.0,306.93333333333334,2.3333333333333335,0.0,False
SEDOL:346607,2013,0.0,364.0,2.191666666666667,0.0,False
SEDOL:346607,2014,0.0,387.55,2.1216666666666666,0.0,False
SEDOL:346607,2015,0.0,441.02500000000003,1.9366666666666665,0.0,False
SEDOL:346607,2016,0.0,473.7083333333333,2.0,0.0,False
SEDOL:346607,2017,0.0,594.8333333333334,2.0,0.0,False
SEDOL:346607,2018,2.7,677.5833333333334,2.0,0.3984749723281269,False
SEDOL:346607,2019,8.6,705.0,2.0,1.2198581560283688,True
SEDOL:346607,2020,11.6,687.4166666666666,1.7916666666666667,1.6874772699721179,True
SEDOL:346607,2021,9.4,849.9166666666666,1.2583333333333333,1.1059907834101383,True
SEDOL:346607,2022,13.2,868.75,1.6583333333333332,1.5194244604316547,True
SEDOL:346607,2023,10.0,898.8333333333334,1.8333333333333333,1.1125533098460967,True
SEDOL:346607,2024,10.6,1029.4166666666667,1.7833333333333332,1.0297093823362744,True
SEDOL:346607,2025,11.2,1158.8333333333333,1.7249999999999999,0.9664892852006329,True
SEDOL:346607,2026,3.8,862.9714285714286,1.542857142857143,0.44033902794331875,False
SEDOL:358572,2007,0.0,237.79166666666666,3.5,0.0,False
SEDOL:358572,2008,0.0,181.97916666666666,4.891666666666667,0.0,False
SEDOL:358572,2009,0.0,152.41666666666666,5.583333333333333,0.0,False
SEDOL:358572,2010,0.0,177.0625,4.2975,0.0,False
SEDOL:358572,2011,0.0,196.81333333333336,4.323333333333333,0.0,False
SEDOL:358572,2012,0.0,216.62583333333336,4.444166666666667,0.0,False
SEDOL:358572,2013,0.0,258.4483333333333,3.8225,0.0,False
SEDOL:358572,2014,0.0,280.0208333333333,3.7925,0.0,False
SEDOL:358572,2015,0.0,287.45,3.814166666666667,0.0,False
SEDOL:358572,2016,0.0,273.3541666666667,3.9858333333333333,0.0,False
SEDOL:358572,2017,0.0,293.5941666666667,3.9283333333333332,0.0,False
SEDOL:358572,2018,0.0,273.2083333333333,4.150833333333334,0.0,False
SEDOL:358572,2019,0.0,270.1666666666667,4.174166666666666,0.0,False
SEDOL:358572,2020,0.0,240.33333333333334,3.8333333333333335,0.0,False
SEDOL:358572,2021,0.0,266.3333333333333,2.8366666666666664,0.0,False
SEDOL:3612102,2014,0.0,,,,True
SEDOL:3612102,2015,0.0,,,,True
SEDOL:3612110,2015,0.0,,,,True
SEDOL:361H109,2016,0.0,,,,True
SEDOL:361H109,2017,0.0,,,,True
SEDOL:361H109,2018,0.0,,,,True
SEDOL:361H109,2019,0.0,,,,True
SEDOL:361H109,2020,0.0,,,,True
SEDOL:361H109,2021,0.0,,,,True
SEDOL:361H109,2022,0.0,,,,True
SEDOL:361H109,2023,0.0,,,,True
SEDOL:361H109,2024,0.0,,,,True
SEDOL:361H109,2025,0.0,,,,True
SEDOL:361H109,2026,0.0,,,,True
SEDOL:3636101,2014,0.0,,,,True
SEDOL:3636101,2015,0.0,,,,True
SEDOL:3636101,2016,0.0,,,,True
SEDOL:3636101,2017,0.0,,,,True
SEDOL:3636101,2018,0.0,,,,True
SEDOL:365602,2007,0.0,171.6875,0.0,0.0,True
SEDOL:365602,2008,0.0,149.45833333333334,0.0,0.0,True
SEDOL:365602,2009,0.0,143.72916666666666,,0.0,True
SEDOL:365602,2010,0.0,187.27083333333334,,0.0,True
SEDOL:365602,2011,0.0,200.07333333333335,,0.0,True
SEDOL:365602,2012,0.0,199.4908333333333,,0.0,True
SEDOL:365602,2013,0.0,236.65666666666667,,0.0,True
SEDOL:365602,2014,0.0,224.07333333333335,,0.0,True
SEDOL:365602,2015,0.0,240.75166666666667,,0.0,True
SEDOL:365602,2016,0.0,259.4166666666667,,0.0,True
SEDOL:365602,2017,0.0,314.23,,0.0,True
SEDOL:365602,2018,0.0,319.375,,0.0,True
SEDOL:365602,2019,0.0,329.375,,0.0,True
SEDOL:365602,2020,0.0,381.7916666666667,0.6666666666666666,0.0,False
SEDOL:365602,2021,2.55,450.2291666666667,0.5833333333333334,0.566378233307112,True
SEDOL:365602,2022,4.6,288.1458333333333,0.9491666666666667,1.59641385293905,True
SEDOL:365602,2023,0.0,232.70833333333334,1.3666666666666665,0.0,False
SEDOL:365602,2024,0.0,202.70833333333334,1.7249999999999999,0.0,False
SEDOL:365602,2025,0.0,275.5416666666667,1.5083333333333335,0.0,False
SEDOL:365602,2026,0.0,309.14285714285717,1.5285714285714285,0.0,False
SEDOL:370866,2007,0.0,97.27083333333333,4.326666666666667,0.0,False
SEDOL:370866,2008,3.0244999999999997,57.25,6.0375000000000005,5.2829694323144105,True
SEDOL:370866,2009,3.0,34.9375,6.861666666666667,8.586762075134168,True
SEDOL:370866,2010,1.35,46.9375,4.611666666666667,2.8761651131824233,True
SEDOL:370866,2011,1.9175,51.60666666666666,4.333333333333333,3.7156052189639586,True
SEDOL:370866,2012,2.025,54.887499999999996,4.425,3.6893646094283765,True
SEDOL:370866,2013,2.125,61.0525,4.075,3.4806109495925637,True
SEDOL:370866,2014,2.225,64.76083333333334,3.983333333333333,3.435718605638696,True
SEDOL:370866,2015,2.3249999999999997,71.06416666666667,3.891666666666666,3.2716910773127568,True
SEDOL:370866,2016,2.425,74.3025,3.8083333333333336,3.263685609501699,True
SEDOL:370866,2017,2.56,78.77083333333333,3.9166666666666665,3.249933879925946,True
SEDOL:370866,2018,2.665,76.41666666666667,3.9333333333333336,3.4874591057797164,True
SEDOL:370866,2019,2.75,81.01666666666667,3.8083333333333336,3.3943632997325652,True
SEDOL:370866,2020,2.78,73.3,3.3000000000000003,3.7926330150068215,True
SEDOL:370866,2021,1.96,75.71666666666667,2.591666666666667,2.588597842835131,True
SEDOL:370866,2022,1.97,72.24166666666666,2.6416666666666666,2.7269581266582077,True
SEDOL:370866,2023,2.049,69.63333333333334,2.9916666666666667,2.9425562470081377,True
SEDOL:370866,2024,1.1594,69.4,3.0,1.6706051873198846,True
SEDOL:371922,2007,0.0,424.1458333333333,2.0908333333333333,0.0,False
SEDOL:371922,2008,0.0,280.625,4.550833333333333,0.0,False
SEDOL:371922,2009,0.0,303.9583333333333,5.641666666666667,0.0,False
SEDOL:371922,2010,0.0,391.3333333333333,2.8666666666666667,0.0,False
SEDOL:371922,2011,0.0,434.9691666666667,4.7,0.0,False
SEDOL:371922,2012,0.0,344.7816666666667,4.016666666666667,0.0,False
SEDOL:371922,2013,0.0,459.0625,4.05,0.0,False
SEDOL:388728,2007,0.0,,0.0,,True
SEDOL:388728,2008,0.0,,0.0,,True
SEDOL:392075,2007,0.0,227.5909090909091,2.2916666666666665,0.0,False
SEDOL:392075,2008,0.0,202.72916666666666,2.9499999999999997,0.0,False
SEDOL:392075,2009,0.0,204.04166666666666,2.8083333333333336,0.0,False
SEDOL:392075,2010,0.0,275.0,2.4899999999999998,0.0,False
SEDOL:392075,2011,0.0,287.6458333333333,2.9308333333333336,0.0,False
SEDOL:392075,2012,0.0,308.75,2.98,0.0,False
SEDOL:392075,2013,0.0,363.74,2.6425,0.0,False
SEDOL:392075,2014,0.0,374.9483333333333,2.2224999999999997,0.0,False
SEDOL:392075,2015,0.0,492.5625,1.7691666666666668,0.0,False
SEDOL:392075,2016,0.0,481.25,2.1583333333333337,0.0,False
SEDOL:392075,2017,0.0,574.2291666666666,2.0091666666666668,0.0,False
SEDOL:392075,2018,0.0,591.6666666666666,1.8491666666666668,0.0,False
SEDOL:392075,2019,0.0,571.0416666666666,2.0325,0.0,False
SEDOL:392075,2020,0.0,634.7916666666666,1.8366666666666667,0.0,False
SEDOL:392075,2021,0.0,730.2083333333334,1.7916666666666667,0.0,False
SEDOL:392075,2022,0.0,586.6666666666666,2.305,0.0,False
SEDOL:392075,2023,3.0,606.9444444444445,2.0366666666666666,0.49427917620137296,False
SEDOL:392105,2008,0.0,,2.8,,False
SEDOL:392105,2009,0.0,,,,True
SEDOL:392105,2010,0.0,,,,True
SEDOL:392105,2011,0.0,,,,True
SEDOL:392105,2012,0.0,1016.0,,0.0,True
SEDOL:392105,2013,0.0,,,,True
SEDOL:392105,2014,0.0,,,,True
SEDOL:392105,2015,0.0,,,,True
SEDOL:392105,2016,0.0,,,,True
SEDOL:392105,2017,0.0,,,,True
SEDOL:392105,2018,0.0,,,,True
SEDOL:392105,2019,0.0,,,,True
SEDOL:392105,2020,0.0,,,,True
SEDOL:392105,2021,0.0,,,,True
SEDOL:392105,2022,0.0,,,,True
SEDOL:392105,2023,0.0,,,,True
SEDOL:392105,2024,0.0,,,,True
SEDOL:392105,2025,0.0,,,,True
SEDOL:392105,2026,0.0,,,,True
SEDOL:394510,2007,0.0,,0.0,,True
SEDOL:394510,2008,0.0,,0.0,,True
SEDOL:394510,2009,0.0,,,,True
SEDOL:394510,2010,0.0,,,,True
SEDOL:394510,2011,0.0,,,,True
SEDOL:394510,2012,0.0,24.0,,0.0,True
SEDOL:394510,2013,0.0,,,,True
SEDOL:412285,2007,0.0,,0.0,,True
SEDOL:412285,2008,0.0,,0.0,,True
SEDOL:412285,2009,0.0,,,,True
SEDOL:412285,2010,0.0,,,,True
SEDOL:412285,2011,0.0,,,,True
SEDOL:412285,2012,0.0,65.0,,0.0,True
SEDOL:412285,2013,0.0,,,,True
SEDOL:412285,2014,0.0,,,,True
SEDOL:412285,2015,0.0,,,,True
SEDOL:412285,2016,0.0,,,,True
SEDOL:412285,2017,0.0,,,,True
SEDOL:412285,2018,0.0,,,,True
SEDOL:412285,2019,0.0,,,,True
SEDOL:412285,2020,0.0,,,,True
SEDOL:412285,2021,0.0,,,,True
SEDOL:412285,2022,0.0,,,,True
SEDOL:412285,2023,0.0,,,,True
SEDOL:412285,2024,0.0,,,,True
SEDOL:412285,2025,0.0,,,,True
SEDOL:412285,2026,0.0,,,,True
SEDOL:413880,2007,0.0,81.0,0.0,0.0,True
SEDOL:413880,2008,0.0,,0.0,,True
SEDOL:413880,2009,0.0,,,,True
SEDOL:413880,2010,0.0,,,,True
SEDOL:413880,2011,0.0,,,,True
SEDOL:413880,2012,0.0,88.0,,0.0,True
SEDOL:413880,2013,0.0,,,,True
SEDOL:413880,2014,0.0,,,,True
SEDOL:413880,2015,0.0,,,,True
SEDOL:413880,2016,0.0,,,,True
SEDOL:413880,2017,0.0,,,,True
SEDOL:413880,2018,0.0,,,,True
SEDOL:413880,2019,0.0,,,,True
SEDOL:413880,2020,0.0,,,,True
SEDOL:413880,2021,0.0,,,,True
SEDOL:413880,2022,0.0,,,,True
SEDOL:413880,2023,0.0,,,,True
SEDOL:413880,2024,0.0,,,,True
SEDOL:413880,2025,0.0,,,,True
SEDOL:413880,2026,0.0,,,,True
SEDOL:414850,2005,0.0,756.5,1.63,0.0,False
SEDOL:414850,2006,0.0,788.5,1.56,0.0,False
SEDOL:414850,2007,0.0,,0.0,,True
SEDOL:414850,2008,0.0,,0.0,,True
SEDOL:414850,2009,0.0,,,,True
SEDOL:414850,2010,0.0,,,,True
SEDOL:414850,2011,0.0,,,,True
SEDOL:414850,2012,0.0,882.5,,0.0,True
SEDOL:414850,2013,0.0,,,,True
SEDOL:414850,2014,0.0,,,,True
SEDOL:414850,2015,0.0,,,,True
SEDOL:414850,2016,0.0,,,,True
SEDOL:414850,2017,0.0,,,,True
SEDOL:414850,2018,0.0,,,,True
SEDOL:414850,2019,0.0,,,,True
SEDOL:414850,2020,0.0,,,,True
SEDOL:414850,2021,0.0,,,,True
SEDOL:414850,2022,0.0,,,,True
SEDOL:414850,2023,0.0,,,,True
SEDOL:414850,2024,0.0,,,,True
SEDOL:414850,2025,0.0,,,,True
SEDOL:414850,2026,0.0,,,,True
SEDOL:419929,2008,0.0,454.45,2.95,0.0,False
SEDOL:419929,2009,0.0,456.1875,3.5,0.0,False
SEDOL:419929,2010,0.0,498.0833333333333,2.733333333333333,0.0,False
SEDOL:419929,2011,0.0,529.5208333333334,3.108333333333333,0.0,False
SEDOL:419929,2012,0.0,518.6666666666666,3.1916666666666664,0.0,False
SEDOL:419929,2013,0.0,712.7916666666666,2.6416666666666666,0.0,False
SEDOL:419929,2014,0.0,802.5208333333334,2.5,0.0,False
SEDOL:419929,2015,0.0,884.0208333333334,2.4833333333333334,0.0,False
SEDOL:419929,2016,0.0,885.625,3.141666666666667,0.0,False
SEDOL:419929,2017,0.0,1121.9791666666667,2.8333333333333335,0.0,False
SEDOL:419929,2018,0.0,1103.5833333333333,3.1,0.0,False
SEDOL:419929,2019,0.0,1114.5833333333333,3.027272727272727,0.0,False
SEDOL:419929,2020,0.0,1223.25,1.9749999999999999,0.0,False
SEDOL:419929,2021,0.0,1252.5416666666667,2.433333333333333,0.0,False
SEDOL:419929,2022,0.0,122.33333333333333,2.6666666666666665,0.0,False
SEDOL:419929,2023,0.0,135.83333333333334,,0.0,True
SEDOL:419929,2024,3.5,151.15,,2.3155805491233874,True
SEDOL:422002,2006,0.0,215.0,0.0,0.0,True
SEDOL:422002,2007,0.0,227.58333333333334,0.0,0.0,True
SEDOL:422002,2008,0.0,175.45454545454547,0.0,0.0,True
SEDOL:422002,2009,0.0,194.4625,,0.0,True
SEDOL:422002,2010,0.0,299.05,,0.0,True
SEDOL:422002,2011,0.0,348.6181818181818,,0.0,True
SEDOL:422002,2012,0.0,374.9666666666667,1.1500000000000001,0.0,False
SEDOL:422002,2013,0.0,431.4166666666667,0.9833333333333334,0.0,False
SEDOL:422002,2014,0.0,497.0333333333333,0.9333333333333335,0.0,False
SEDOL:422002,2015,0.0,588.2083333333334,0.7916666666666666,0.0,False
SEDOL:422002,2016,0.0,686.4583333333334,0.7916666666666666,0.0,False
SEDOL:422002,2017,0.0,1019.7916666666666,0.6749999999999999,0.0,False
SEDOL:422002,2018,0.0,1211.0,0.6333333333333333,0.0,False
SEDOL:422002,2019,0.0,1370.6666666666667,0.7083333333333334,0.0,False
SEDOL:422002,2020,0.0,1924.4166666666667,0.5583333333333333,0.0,False
SEDOL:422002,2021,0.0,2408.6666666666665,0.4000000000000001,0.0,True
SEDOL:422002,2022,0.0,2020.8333333333333,0.4916666666666667,0.0,True
SEDOL:422002,2023,0.0,2176.8333333333335,0.45,0.0,True
SEDOL:422002,2024,0.0,2093.75,0.5416666666666666,0.0,False
SEDOL:422002,2025,0.0,384.125,0.42500000000000004,0.0,True
SEDOL:422002,2026,0.0,591.7142857142857,0.4142857142857143,0.0,True
SEDOL:422864,2007,0.0,384.2708333333333,1.25,0.0,False
SEDOL:422864,2008,0.0,266.1458333333333,1.9833333333333334,0.0,False
SEDOL:422864,2009,0.0,265.9375,1.8166666666666667,0.0,False
SEDOL:422864,2010,0.0,394.4916666666666,1.4416666666666667,0.0,False
SEDOL:422864,2011,0.0,490.5833333333333,1.4833333333333334,0.0,False
SEDOL:422864,2012,0.0,500.75,1.6333333333333335,0.0,False
SEDOL:422864,2013,0.0,598.0416666666666,1.4749999999999999,0.0,False
SEDOL:422864,2014,0.0,675.9166666666666,1.1883333333333332,0.0,False
SEDOL:422864,2015,0.0,708.375,1.16,0.0,False
SEDOL:422864,2016,0.0,751.75,1.1981818181818182,0.0,False
SEDOL:422864,2017,0.0,1037.0833333333333,1.0250000000000001,0.0,False
SEDOL:422864,2018,0.0,1233.3333333333333,1.0708333333333333,0.0,False
SEDOL:422864,2019,0.0,1312.4166666666667,1.0566666666666666,0.0,False
SEDOL:422864,2020,0.0,1594.4166666666667,0.7858333333333333,0.0,False
SEDOL:422864,2021,0.0,2285.0,0.6875,0.0,False
SEDOL:422864,2022,0.0,1782.0833333333333,0.9975,0.0,False
SEDOL:422864,2023,0.0,1788.6666666666667,1.4400000000000002,0.0,False
SEDOL:422864,2024,0.0,2166.9166666666665,1.3716666666666668,0.0,False
SEDOL:422864,2025,0.0,2297.25,1.32,0.0,False
SEDOL:422864,2026,0.0,2794.285714285714,1.272857142857143,0.0,False
SEDOL:435594,2007,0.0,220.45833333333334,1.2566666666666666,0.0,False
SEDOL:435594,2008,0.0,197.91666666666666,1.4283333333333335,0.0,False
SEDOL:435594,2009,0.0,194.04166666666666,1.5633333333333335,0.0,False
SEDOL:435594,2010,1.2,251.4375,1.0325,0.4772557792692021,True
SEDOL:435594,2011,1.65,299.1466666666667,1.2,0.5515689071135674,True
SEDOL:435594,2012,0.0,277.6983333333333,1.2508333333333332,0.0,False
SEDOL:435594,2013,0.0,290.1983333333333,1.0891666666666666,0.0,False
SEDOL:435594,2014,0.0,298.37583333333333,1.2775,0.0,False
SEDOL:435594,2015,0.0,266.40749999999997,1.7233333333333334,0.0,False
SEDOL:435594,2016,0.0,231.63583333333335,2.04,0.0,False
SEDOL:435594,2017,1.75,288.0525,1.9283333333333335,0.6075281415714149,False
SEDOL:435594,2018,3.0,315.0416666666667,2.0241666666666664,0.9522549927258298,True
SEDOL:435594,2019,2.0,290.875,2.6191666666666666,0.6875805758487322,False
SEDOL:435594,2020,0.0,294.0,1.8025,0.0,False
SEDOL:435594,2021,0.0,421.125,1.8491666666666664,0.0,False
SEDOL:435594,2022,0.0,322.4166666666667,2.4766666666666666,0.0,False
SEDOL:435594,2023,0.0,305.0,2.341,0.0,False
SEDOL:435594,2024,0.0,359.9,2.432,0.0,False
SEDOL:448451,2007,0.0,60.083333333333336,0.0,0.0,True
SEDOL:448451,2008,0.0,36.333333333333336,0.0,0.0,True
SEDOL:453110,2007,0.0,84.8125,0.9,0.0,False
SEDOL:453530,2007,0.0,105.66666666666667,1.875,0.0,False
SEDOL:453530,2008,0.0,95.5625,2.625,0.0,False
SEDOL:453530,2009,0.0,106.5,2.8666666666666667,0.0,False
SEDOL:453530,2010,0.0,140.0625,2.1300000000000003,0.0,False
SEDOL:453530,2011,0.0,153.345,2.6791666666666667,0.0,False
SEDOL:453530,2012,0.0,146.21,2.6925000000000003,0.0,False
SEDOL:453530,2013,0.0,161.95833333333334,2.5316666666666667,0.0,False
SEDOL:453530,2014,0.0,173.54250000000002,2.5033333333333334,0.0,False
SEDOL:453530,2015,0.0,186.5525,2.442727272727273,0.0,False
SEDOL:453530,2016,0.0,206.38583333333335,2.4608333333333334,0.0,False
SEDOL:453530,2017,0.0,271.4591666666667,2.4499999999999997,0.0,False
SEDOL:453530,2018,0.0,276.4583333333333,2.6158333333333332,0.0,False
SEDOL:453530,2019,3.4,281.3333333333333,2.8791666666666664,1.208530805687204,True
SEDOL:453530,2020,10.3,283.4166666666667,2.8183333333333334,3.6342252278741545,True
SEDOL:453530,2021,16.1,368.3333333333333,1.9841666666666666,4.371040723981901,True
SEDOL:453530,2022,14.8,330.5833333333333,2.700833333333333,4.476934711368793,True
SEDOL:453530,2023,14.8,326.7916666666667,2.97,4.528879255386969,True
SEDOL:453530,2024,14.7,322.8333333333333,2.953333333333333,4.553433144037172,True
SEDOL:453530,2025,19.65,371.9166666666667,2.4941666666666666,5.283441631189782,True
SEDOL:453530,2026,19.75,461.85714285714283,2.5028571428571427,4.276214042684813,True
SEDOL:454351,2007,0.0,414.9791666666667,1.0083333333333333,0.0,False
SEDOL:454351,2008,0.0,313.1458333333333,0.8,0.0,False
SEDOL:454351,2009,0.0,276.3541666666667,1.6,0.0,False
SEDOL:454351,2010,2.75,377.6875,1.0,0.7281151745821611,True
SEDOL:454351,2011,0.0,419.115,1.0,0.0,False
SEDOL:454351,2012,0.0,392.2816666666667,1.0,0.0,False
SEDOL:454351,2013,0.0,495.4583333333333,1.0,0.0,False
SEDOL:454351,2014,0.0,496.5425,,0.0,True
SEDOL:454351,2015,0.0,521.3125,,0.0,True
SEDOL:454351,2016,0.0,581.1875,,0.0,True
SEDOL:454351,2017,0.0,765.0,,0.0,True
SEDOL:454351,2018,0.0,866.4583333333334,,0.0,True
SEDOL:454351,2019,0.0,999.8333333333334,,0.0,True
SEDOL:454351,2020,0.0,1251.125,,0.0,True
SEDOL:454351,2021,0.0,725709.4583333334,,0.0,True
SEDOL:454351,2022,0.0,138.64166666666668,,0.0,True
SEDOL:454351,2023,0.0,132.11666666666667,1.89,0.0,False
SEDOL:454351,2024,0.0,140.29166666666666,1.6283333333333332,0.0,False
SEDOL:454351,2025,0.0,164.83333333333334,1.7858333333333334,0.0,False
SEDOL:454351,2026,0.0,169.85714285714286,2.0185714285714282,0.0,False
SEDOL:455934,2006,0.0,153.0,0.0,0.0,True
SEDOL:455934,2007,0.0,148.29166666666666,0.03333333333333333,0.0,True
SEDOL:455934,2008,0.0,121.33333333333333,0.20000000000000004,0.0,True
SEDOL:455934,2009,0.0,119.14583333333333,0.6191666666666666,0.0,False
SEDOL:455934,2010,0.0,137.02083333333334,0.05454545454545456,0.0,True
SEDOL:455934,2011,0.0,150.5681818181818,0.17272727272727273,0.0,True
SEDOL:455934,2012,0.0,193.94833333333335,0.225,0.0,True
SEDOL:455934,2013,0.0,261.0625,0.3666666666666667,0.0,True
SEDOL:455934,2014,0.0,327.9275,0.19999999999999998,0.0,True
SEDOL:455934,2015,0.0,525.6458333333334,0.19999999999999998,0.0,True
SEDOL:455934,2016,0.0,485.1875,0.3416666666666666,0.0,True
SEDOL:455934,2017,23.0,598.3333333333334,0.25,3.844011142061281,True
SEDOL:455934,2018,27.5,608.5,0.16666666666666666,4.519309778142975,True
SEDOL:455934,2019,26.4,623.9166666666666,0.39166666666666666,4.231334312808869,True
SEDOL:455934,2020,26.6,716.3333333333334,0.39999999999999997,3.7133550488599347,True
SEDOL:455934,2021,29.9,742.125,0.375,4.028970860704059,True
SEDOL:455934,2022,29.7,655.75,0.3941666666666667,4.529165078154785,True
SEDOL:455934,2023,42.0,650.1818181818181,0.30818181818181817,6.459731543624161,True
SEDOL:455934,2024,30.060000000000002,666.5833333333334,0.2333333333333333,4.5095636954619325,True
SEDOL:455934,2025,31.810000000000002,720.75,0.07833333333333334,4.413458203260492,True
SEDOL:455934,2026,15.67,969.2857142857143,0.09,1.6166543846720707,True
SEDOL:461823,2007,0.0,143.02083333333334,3.098333333333333,0.0,False
SEDOL:461823,2008,0.0,119.89583333333333,3.848333333333333,0.0,False
SEDOL:461823,2009,0.0,111.14583333333333,4.685,0.0,False
SEDOL:461823,2010,0.0,126.125,3.8533333333333335,0.0,False
SEDOL:461823,2011,0.0,131.125,3.654166666666667,0.0,False
SEDOL:461823,2012,0.0,128.1875,3.6325,0.0,False
SEDOL:461823,2013,0.0,167.875,2.544166666666667,0.0,False
SEDOL:461823,2014,0.0,178.47916666666666,3.22,0.0,False
SEDOL:461823,2015,0.0,172.04166666666666,3.5683333333333334,0.0,False
SEDOL:461823,2016,0.0,168.95833333333334,3.86,0.0,False
SEDOL:461823,2017,0.0,202.8,3.5780000000000003,0.0,False
SEDOL:463584,2007,0.0,,,,True
SEDOL:476117,2007,0.0,271.6041666666667,2.955,0.0,False
SEDOL:476117,2008,0.0,,,,True
SEDOL:476128,2007,0.0,325.4583333333333,0.0,0.0,True
SEDOL:476128,2008,0.0,,,,True
SEDOL:483247,2006,0.0,87.0,0.0,0.0,True
SEDOL:483247,2007,0.0,84.0,0.0,0.0,True
SEDOL:483247,2008,0.0,82.5,0.0,0.0,True
SEDOL:483247,2009,0.0,64.5,,0.0,True
SEDOL:483247,2010,0.0,65.8,3.8,0.0,False
SEDOL:483247,2011,0.0,63.5,3.5,0.0,False
SEDOL:483247,2012,0.0,65.5625,,0.0,True
SEDOL:483247,2013,0.0,69.66666666666667,0.0,0.0,True
SEDOL:483247,2014,0.0,69.875,,0.0,True
SEDOL:483247,2015,0.0,68.875,,0.0,True
SEDOL:483247,2016,0.0,67.0625,6.3,0.0,False
SEDOL:483247,2017,0.0,68.16666666666667,4.15,0.0,False
SEDOL:483247,2018,0.0,72.66666666666667,4.366666666666667,0.0,False
SEDOL:483247,2019,0.0,,,,True
SEDOL:483247,2020,0.0,75.0,,0.0,True
SEDOL:483247,2021,0.0,,,,True
SEDOL:483247,2022,0.0,,,,True
SEDOL:483247,2023,0.0,86.75,,0.0,True
SEDOL:483247,2024,0.0,,,,True
SEDOL:486912,2007,0.0,,0.0,,True
SEDOL:491206,2007,0.0,1176.4166666666667,2.8166666666666664,0.0,False
SEDOL:491206,2008,0.0,1004.4583333333334,4.141666666666667,0.0,False
SEDOL:491206,2009,0.0,940.125,4.2,0.0,False
SEDOL:491206,2010,0.0,1082.4166666666667,3.5500000000000003,0.0,False
SEDOL:491206,2011,0.0,1193.2916666666667,3.65,0.0,False
SEDOL:491206,2012,0.0,1246.7916666666667,3.775,0.0,False
SEDOL:491206,2013,0.0,1601.4583333333333,3.5066666666666664,0.0,False
SEDOL:491206,2014,0.0,1756.9166666666667,3.2550000000000003,0.0,False
SEDOL:491206,2015,33.0,1815.0833333333333,3.361666666666667,1.8180983425921675,True
SEDOL:491206,2016,53.0,1678.2083333333333,3.374166666666667,3.158129950095588,True
SEDOL:491206,2017,55.0,1732.75,3.160833333333333,3.1741451450007214,True
SEDOL:491206,2018,56.0,1679.5833333333333,3.0075,3.3341602580004963,True
SEDOL:491206,2019,56.0,1597.7083333333333,3.1133333333333333,3.5050202112400575,True
SEDOL:491206,2020,11.2,386.0,3.195,2.901554404145078,True
SEDOL:491206,2021,11.2,321.1666666666667,2.1758333333333333,3.4872859366891538,True
SEDOL:491206,2022,0.0,215.2125,0.7916666666666666,0.0,False
SEDOL:491206,2023,0.0,208.72916666666666,1.0083333333333335,0.0,False
SEDOL:491206,2024,0.0,228.04166666666666,0.9583333333333334,0.0,False
SEDOL:491206,2025,0.0,251.0,0.8500000000000001,0.0,False
SEDOL:493990,2006,0.0,131.0,0.0,0.0,True
SEDOL:493990,2007,0.0,134.375,0.0,0.0,True
SEDOL:493990,2008,0.0,133.75,0.0,0.0,True
SEDOL:493990,2009,0.0,139.16666666666666,,0.0,True
SEDOL:500179,2007,0.0,,0.0,,True
SEDOL:500179,2008,0.0,,0.0,,True
SEDOL:500179,2009,0.0,,,,True
SEDOL:500179,2010,0.0,,,,True
SEDOL:500179,2011,0.0,,,,True
SEDOL:500179,2012,0.0,58.5,,0.0,True
SEDOL:500179,2013,0.0,,,,True
SEDOL:500179,2014,0.0,,,,True
SEDOL:500179,2015,0.0,,,,True
SEDOL:500179,2016,0.0,,,,True
SEDOL:500179,2017,0.0,,,,True
SEDOL:500179,2018,0.0,,,,True
SEDOL:500179,2019,0.0,,,,True
SEDOL:500179,2020,0.0,,,,True
SEDOL:500179,2021,0.0,,,,True
SEDOL:500179,2022,0.0,,,,True
SEDOL:500179,2023,0.0,,,,True
SEDOL:500179,2024,0.0,,,,True
SEDOL:500179,2025,0.0,,,,True
SEDOL:500179,2026,0.0,,,,True
SEDOL:505840,2007,0.0,464.3333333333333,0.0,0.0,True
SEDOL:505840,2008,0.0,469.5833333333333,0.0,0.0,True
SEDOL:505840,2009,0.0,450.125,,0.0,True
SEDOL:505840,2010,0.0,659.7083333333334,,0.0,True
SEDOL:505840,2011,0.0,625.7708333333334,,0.0,True
SEDOL:505840,2012,0.0,537.3125,,0.0,True
SEDOL:505840,2013,0.0,496.5833333333333,,0.0,True
SEDOL:505840,2014,0.0,439.2825,,0.0,True
SEDOL:505840,2015,0.0,333.8541666666667,5.26,0.0,False
SEDOL:505840,2016,0.0,355.9483333333333,,0.0,True
SEDOL:505840,2017,0.0,442.5525,2.2457142857142856,0.0,False
SEDOL:505840,2018,0.0,439.9583333333333,2.2966666666666664,0.0,False
SEDOL:505840,2019,0.0,472.8333333333333,1.9591666666666665,0.0,False
SEDOL:505840,2020,0.0,344.25,3.2116666666666664,0.0,False
SEDOL:505840,2021,0.0,360.6666666666667,2.795,0.0,False
SEDOL:505840,2022,0.0,386.8181818181818,4.374545454545454,0.0,False
SEDOL:506241,2007,0.0,53.125,8.174999999999999,0.0,False
SEDOL:506241,2008,0.0,49.041666666666664,9.808333333333334,0.0,False
SEDOL:506241,2009,1.1,46.0625,10.916666666666666,2.3880597014925375,False
SEDOL:506241,2010,2.9,57.416666666666664,8.841666666666667,5.050798258345428,True
SEDOL:506241,2011,3.02,60.55416666666667,8.666666666666666,4.987270350237391,True
SEDOL:506241,2012,0.0,61.26333333333333,7.716666666666666,0.0,False
SEDOL:506241,2013,0.0,63.939166666666665,6.383333333333333,0.0,False
SEDOL:506241,2014,0.0,64.83416666666666,6.441666666666666,0.0,False
SEDOL:506241,2015,0.0,59.51083333333333,6.916666666666667,0.0,False
SEDOL:506241,2016,0.0,57.12583333333333,7.8500000000000005,0.0,False
SEDOL:506241,2017,3.42,61.9375,6.916666666666667,5.521695257315843,True
SEDOL:506241,2018,4.43,59.93333333333334,7.083333333333333,7.391546162402669,True
SEDOL:506241,2019,4.45,58.7,6.976999999999999,7.580919931856899,True
SEDOL:506241,2020,4.46,48.425,9.79625,9.210118740320084,True
SEDOL:506241,2021,4.47,54.050000000000004,8.3375,8.270120259019425,True
SEDOL:506241,2022,4.48,53.1,8.069166666666666,8.436911487758946,True
SEDOL:506241,2023,4.49,48.625,8.923636363636364,9.233933161953727,True
SEDOL:506241,2024,5.5,51.666666666666664,8.748333333333333,10.645161290322582,True
SEDOL:506241,2025,2.51,51.225,9.456666666666667,4.8999511957052215,True
SEDOL:506241,2026,1.52,50.82857142857143,9.293333333333333,2.9904440697020798,False
SEDOL:526885,2007,0.0,618.625,2.6999999999999997,0.0,False
SEDOL:526885,2008,0.0,557.4166666666666,3.966666666666667,0.0,False
SEDOL:526885,2009,0.0,528.875,4.558333333333334,0.0,False
SEDOL:526885,2010,0.0,580.2916666666666,3.516666666666667,0.0,False
SEDOL:526885,2011,0.0,587.5733333333334,3.4333333333333336,0.0,False
SEDOL:526885,2012,0.0,567.1458333333334,3.1916666666666664,0.0,False
SEDOL:526885,2013,0.0,808.6458333333334,3.891666666666667,0.0,False
SEDOL:526885,2014,0.0,957.4375,2.9025,0.0,False
SEDOL:526885,2015,0.0,1054.0625,2.6466666666666665,0.0,False
SEDOL:526885,2016,0.0,1007.875,3.1283333333333334,0.0,False
SEDOL:526885,2017,0.0,1335.9583333333333,2.9808333333333334,0.0,False
SEDOL:526885,2018,0.0,1227.9166666666667,3.0741666666666667,0.0,False
SEDOL:526885,2019,0.0,1219.7916666666667,2.6950000000000003,0.0,False
SEDOL:526885,2020,0.0,1225.0,2.4783333333333335,0.0,False
SEDOL:526885,2021,0.0,1554.5833333333333,2.6225,0.0,False
SEDOL:526885,2022,0.0,258.2083333333333,3.625833333333333,0.0,False
SEDOL:526885,2023,0.0,159.85416666666666,3.1063636363636364,0.0,False
SEDOL:526885,2024,7.3999999999999995,179.625,2.3766666666666665,4.119693806541406,True
SEDOL:526885,2025,5.75,192.4875,2.93375,2.987206961491006,True
SEDOL:529914,2007,0.0,142.625,0.0,0.0,True
SEDOL:529914,2008,0.0,158.83333333333334,3.0,0.0,False
SEDOL:531005,2007,0.0,281.675,4.874,0.0,False
SEDOL:531005,2008,0.0,235.97727272727272,5.8572727272727265,0.0,False
SEDOL:531005,2009,0.0,224.70833333333334,5.926666666666667,0.0,False
SEDOL:531005,2010,0.0,250.35416666666666,5.058333333333334,0.0,False
SEDOL:531005,2011,0.0,253.10416666666666,4.5525,0.0,False
SEDOL:531005,2012,0.0,273.95454545454544,4.552727272727273,0.0,False
SEDOL:531005,2013,0.0,340.4583333333333,4.128333333333333,0.0,False
SEDOL:531005,2014,0.0,368.0525,4.129166666666666,0.0,False
SEDOL:531005,2015,0.0,356.7608333333333,4.309166666666667,0.0,False
SEDOL:531005,2016,0.0,339.65,4.558181818181819,0.0,False
SEDOL:531005,2017,0.0,382.125,4.199999999999999,0.0,False
SEDOL:532309,2007,0.0,592.1458333333334,0.9183333333333333,0.0,False
SEDOL:532309,2008,0.0,399.6041666666667,1.5591666666666668,0.0,False
SEDOL:532309,2009,0.0,,,,True
SEDOL:532707,2007,0.0,161.625,1.7416666666666665,0.0,False
SEDOL:532707,2008,0.0,95.625,5.678333333333334,0.0,False
SEDOL:532707,2009,0.0,55.333333333333336,4.2325,0.0,False
SEDOL:532707,2010,0.0,45.479166666666664,2.5208333333333335,0.0,False
SEDOL:532707,2011,0.0,32.145833333333336,3.670833333333333,0.0,False
SEDOL:532707,2012,0.0,23.770833333333332,4.426666666666667,0.0,False
SEDOL:532707,2013,0.0,35.375,4.7,0.0,False
SEDOL:532707,2014,0.0,39.708333333333336,4.985833333333333,0.0,False
SEDOL:532707,2015,0.0,37.82333333333333,6.0249999999999995,0.0,False
SEDOL:532707,2016,0.0,35.5,7.566666666666666,0.0,False
SEDOL:532707,2017,0.0,47.333333333333336,9.333333333333334,0.0,False
SEDOL:532707,2018,0.0,43.416666666666664,8.825,0.0,False
SEDOL:532707,2019,0.0,37.666666666666664,8.012500000000001,0.0,False
SEDOL:532707,2020,0.0,25.916666666666668,5.666666666666667,0.0,False
SEDOL:532707,2021,0.0,26.541666666666668,1.0458333333333334,0.0,False
SEDOL:532707,2022,0.0,13.136363636363637,0.46181818181818185,0.0,True
SEDOL:532707,2023,0.0,,,,True
SEDOL:535643,2007,0.0,,0.0,,True
SEDOL:535643,2008,0.0,,0.0,,True
SEDOL:535643,2009,0.0,,,,True
SEDOL:535643,2010,0.0,,,,True
SEDOL:535643,2011,0.0,,,,True
SEDOL:535643,2012,0.0,68.5,,0.0,True
SEDOL:535643,2013,0.0,,,,True
SEDOL:535643,2014,0.0,,,,True
SEDOL:535643,2015,0.0,,,,True
SEDOL:535643,2016,0.0,,,,True
SEDOL:535643,2017,0.0,,,,True
SEDOL:535643,2018,0.0,,,,True
SEDOL:535643,2019,0.0,,,,True
SEDOL:535643,2020,0.0,,,,True
SEDOL:535643,2021,0.0,,,,True
SEDOL:535643,2022,0.0,,,,True
SEDOL:535643,2023,0.0,,,,True
SEDOL:535643,2024,0.0,,,,True
SEDOL:535643,2025,0.0,,,,True
SEDOL:535643,2026,0.0,,,,True
SEDOL:536806,2007,0.0,1053.75,3.5383333333333336,0.0,False
SEDOL:536806,2008,0.0,687.7916666666666,4.845833333333333,0.0,False
SEDOL:536806,2009,0.0,520.9166666666666,4.741666666666666,0.0,False
SEDOL:536806,2010,0.0,670.0,3.8333333333333335,0.0,False
SEDOL:536806,2011,0.0,840.8125,3.4683333333333333,0.0,False
SEDOL:536806,2012,7.5,924.4791666666666,3.730833333333333,0.8112676056338028,False
SEDOL:536806,2013,16.5,1270.25,3.174166666666667,1.2989568982483763,False
SEDOL:536806,2014,18.0,1396.9166666666667,3.0058333333333334,1.2885521684662649,True
SEDOL:536806,2015,30.0,1343.5833333333333,3.1916666666666664,2.2328350803200396,True
SEDOL:536806,2016,22.0,1290.7916666666667,3.9683333333333333,1.70438038671358,False
SEDOL:536806,2017,36.0,1493.4166666666667,3.894166666666667,2.410579766754087,True
SEDOL:536806,2018,40.0,1477.0,4.460833333333333,2.708192281651997,True
SEDOL:536806,2019,74.0,1342.2916666666667,4.860833333333333,5.512959801334782,True
SEDOL:536806,2020,45.0,1035.9166666666667,4.023333333333333,4.343978762770493,True
SEDOL:536806,2021,45.0,1304.375,3.1750000000000003,3.4499281264973645,True
SEDOL:536806,2022,3.05,227.125,4.414166666666667,1.3428728673637864,False
SEDOL:536806,2023,4.65,118.14583333333333,4.8933333333333335,3.935813789455123,True
SEDOL:536806,2024,4.800000000000001,124.02083333333333,4.696666666666666,3.8703174869813544,True
SEDOL:536806,2025,4.925,143.54166666666666,4.916666666666667,3.431059506531205,True
SEDOL:536806,2026,1.7,172.85714285714286,3.9842857142857144,0.9834710743801652,False
SEDOL:537241,2007,0.0,125.5625,1.82,0.0,False
SEDOL:537241,2008,0.0,115.4375,3.5383333333333336,0.0,False
SEDOL:537241,2009,0.0,100.47916666666667,3.5258333333333334,0.0,False
SEDOL:537241,2010,0.0,117.66666666666667,2.5375,0.0,False
SEDOL:537241,2011,0.0,124.08333333333333,3.1466666666666665,0.0,False
SEDOL:537241,2012,0.0,132.81333333333333,3.6466666666666665,0.0,False
SEDOL:537241,2013,0.9,158.76166666666666,3.158333333333333,0.566887472836642,False
SEDOL:537241,2014,4.0,168.94833333333335,3.0124999999999997,2.3675877240576506,True
SEDOL:537241,2015,1.8,180.16666666666666,2.920833333333333,0.9990749306197966,False
SEDOL:537241,2016,1.8,198.28166666666667,2.78,0.9077995107969303,False
SEDOL:537241,2017,1.8,235.5625,2.2399999999999998,0.764128416025471,False
SEDOL:537241,2018,3.3,246.33333333333334,2.1725,1.3396481732070364,True
SEDOL:537241,2019,3.3,281.5416666666667,1.4483333333333333,1.1721178037590645,True
SEDOL:537241,2020,4.8,319.6666666666667,1.0733333333333335,1.5015641293013555,True
SEDOL:537241,2021,4.2,395.4583333333333,0.7000000000000001,1.0620587925403013,True
SEDOL:537241,2022,4.2,316.0833333333333,0.9700000000000001,1.3287635117321381,True
SEDOL:537241,2023,4.2,333.5416666666667,1.0233333333333334,1.259212991880075,True
SEDOL:537241,2024,4.2,369.9166666666667,0.9833333333333334,1.1353908537958999,True
SEDOL:537241,2025,4.2,351.0,1.016,1.1965811965811965,True
SEDOL:551092,2007,0.0,76.16666666666667,0.0,0.0,True
SEDOL:551092,2008,0.0,67.1875,0.0,0.0,True
SEDOL:551092,2009,0.0,66.5,,0.0,True
SEDOL:551092,2010,0.0,83.75,,0.0,True
SEDOL:551092,2011,0.0,,,,True
SEDOL:551166,2007,0.0,21.166666666666668,3.2525,0.0,False
SEDOL:551166,2008,0.0,6.9375,4.434,0.0,False
SEDOL:551166,2009,0.0,2.6266666666666665,5.476666666666667,0.0,False
SEDOL:551166,2010,0.0,1.16,4.466666666666667,0.0,False
SEDOL:551166,2011,0.0,,,,True
SEDOL:551199,2007,0.0,20.583333333333332,0.0,0.0,True
SEDOL:551199,2008,0.0,16.125,0.0,0.0,True
SEDOL:551199,2009,0.0,10.333333333333334,,0.0,True
SEDOL:551199,2010,0.0,5.17,,0.0,True
SEDOL:551199,2011,0.0,,,,True
SEDOL:553270,2007,0.0,23.0,3.37,0.0,False
SEDOL:553270,2008,0.0,9.6,5.718,0.0,False
SEDOL:553270,2009,0.0,4.625,5.865,0.0,False
SEDOL:553270,2010,0.0,3.0833333333333335,4.91,0.0,False
SEDOL:553270,2011,0.0,1.845,4.7175,0.0,False
SEDOL:553270,2012,0.0,1.0,4.7875,0.0,False
SEDOL:553270,2013,0.0,4.765,4.0375,0.0,False
SEDOL:553270,2014,0.0,5.095454545454545,3.55,0.0,False
SEDOL:553270,2015,0.0,3.5341666666666662,3.5175,0.0,False
SEDOL:553270,2016,0.0,0.6816666666666666,4.069166666666667,0.0,False
SEDOL:553270,2017,0.0,0.09,4.445,0.0,False
SEDOL:553281,2007,0.0,74.9375,0.0,0.0,True
SEDOL:553281,2008,0.0,56.2,0.0,0.0,True
SEDOL:553281,2009,0.0,44.625,,0.0,True
SEDOL:553281,2010,0.0,47.166666666666664,,0.0,True
SEDOL:553281,2011,0.0,45.25,,0.0,True
SEDOL:553281,2012,0.0,42.052,,0.0,True
SEDOL:553281,2013,0.0,51.125,,0.0,True
SEDOL:553281,2014,0.0,58.13727272727272,,0.0,True
SEDOL:553281,2015,0.0,56.281666666666666,,0.0,True
SEDOL:553281,2016,0.0,45.958333333333336,,0.0,True
SEDOL:553281,2017,0.0,50.125,,0.0,True
SEDOL:553322,2007,0.0,66.25,0.0,0.0,True
SEDOL:553322,2008,0.0,59.15,0.0,0.0,True
SEDOL:553322,2009,0.0,60.875,,0.0,True
SEDOL:553322,2010,0.0,72.41666666666667,,0.0,True
SEDOL:553322,2011,0.0,79.065,,0.0,True
SEDOL:553322,2012,0.0,91.178,,0.0,True
SEDOL:553322,2013,0.0,101.815,,0.0,True
SEDOL:553322,2014,0.0,110.69545454545455,,0.0,True
SEDOL:553322,2015,0.0,114.38833333333332,,0.0,True
SEDOL:553322,2016,0.0,118.98166666666667,,0.0,True
SEDOL:553322,2017,0.0,121.19,,0.0,True
SEDOL:558167,2006,0.0,100.0,0.0,0.0,True
SEDOL:558167,2007,0.0,103.83333333333333,0.0,0.0,True
SEDOL:558167,2008,0.0,90.375,0.0,0.0,True
SEDOL:558167,2009,0.0,67.0,,0.0,True
SEDOL:558167,2010,0.0,76.5,3.76,0.0,False
SEDOL:558167,2011,0.0,77.75,,0.0,True
SEDOL:558167,2012,0.0,67.0,,0.0,True
SEDOL:558167,2013,0.0,74.875,,0.0,True
SEDOL:558167,2014,0.0,78.5,,0.0,True
SEDOL:558167,2015,0.0,75.5,3.34,0.0,False
SEDOL:558167,2016,0.0,67.6875,2.8066666666666666,0.0,False
SEDOL:558167,2017,0.0,68.0,,0.0,True
SEDOL:558167,2018,0.0,68.875,,0.0,True
SEDOL:558167,2019,0.0,,,,True
SEDOL:558167,2020,0.0,75.16666666666667,,0.0,True
SEDOL:558167,2021,0.0,,,,True
SEDOL:558167,2022,0.0,,,,True
SEDOL:558167,2023,0.0,72.75,,0.0,True
SEDOL:558167,2024,0.0,,,,True
SEDOL:558167,2025,0.0,67.75,,0.0,True
SEDOL:558167,2026,0.0,67.0,,0.0,True
SEDOL:567000,2007,0.0,218.16666666666666,0.0,0.0,True
SEDOL:568724,2007,0.0,97.75,0.0,0.0,True
SEDOL:568809,2007,0.0,25.5,3.063333333333334,0.0,False
SEDOL:569512,2007,0.0,273.0208333333333,0.0,0.0,True
SEDOL:569512,2008,0.0,225.625,0.0,0.0,True
SEDOL:569512,2009,0.0,208.35416666666666,,0.0,True
SEDOL:569512,2010,0.0,252.04166666666666,,0.0,True
SEDOL:569512,2011,0.0,262.855,1.8,0.0,False
SEDOL:569512,2012,0.0,261.2925,,0.0,True
SEDOL:569512,2013,0.0,294.4275,,0.0,True
SEDOL:569512,2014,0.0,282.17833333333334,,0.0,True
SEDOL:569512,2015,0.0,286.43833333333333,2.4916666666666667,0.0,False
SEDOL:569512,2016,0.0,296.7083333333333,,0.0,True
SEDOL:569512,2017,0.0,379.1366666666667,,0.0,True
SEDOL:569512,2018,0.0,380.3333333333333,,0.0,True
SEDOL:569512,2019,0.0,394.875,,0.0,True
SEDOL:572316,2007,0.0,,0.0,,True
SEDOL:572316,2008,0.0,,0.0,,True
SEDOL:572316,2009,0.0,,,,True
SEDOL:572316,2010,0.0,,,,True
SEDOL:572316,2011,0.0,,,,True
SEDOL:572316,2012,0.0,40.0,,0.0,True
SEDOL:572316,2013,0.0,,,,True
SEDOL:572316,2014,0.0,,,,True
SEDOL:572316,2015,0.0,,,,True
SEDOL:577485,2007,0.0,574.2083333333334,0.37833333333333335,0.0,True
SEDOL:577485,2008,0.0,536.2045454545455,0.0,0.0,True
SEDOL:577485,2009,0.0,414.5833333333333,,0.0,True
SEDOL:577485,2010,0.0,615.0,,0.0,True
SEDOL:577485,2011,0.0,720.75,,0.0,True
SEDOL:577485,2012,0.0,611.6666666666666,,0.0,True
SEDOL:577485,2013,0.0,495.1166666666666,,0.0,True
SEDOL:577485,2014,0.0,434.7208333333333,,0.0,True
SEDOL:577485,2015,0.0,258.73333333333335,6.057,0.0,False
SEDOL:577485,2016,0.0,267.1666666666667,4.7700000000000005,0.0,False
SEDOL:577485,2017,6.0,364.2916666666667,3.6999999999999997,1.6470319112432803,True
SEDOL:577485,2018,9.0,371.375,4.0675,2.4234264557388085,True
SEDOL:577485,2019,8.0,360.375,4.273333333333333,2.2199098161637183,True
SEDOL:577485,2020,8.0,380.4166666666667,4.538333333333333,2.1029572836801753,True
SEDOL:577485,2021,10.0,580.9166666666666,5.223333333333334,1.7214173002438675,False
SEDOL:577485,2022,11.0,659.4166666666666,4.940833333333333,1.6681410337419438,False
SEDOL:577485,2023,11.0,619.9166666666666,4.6825,1.774432047318188,False
SEDOL:577485,2024,11.0,538.125,3.8058333333333336,2.0441347270615564,True
SEDOL:577485,2025,11.0,575.4583333333334,3.2875,1.9115198030555354,True
SEDOL:577485,2026,5.5,934.1428571428571,2.257142857142857,0.5887750420553601,False
SEDOL:577656,2007,0.0,,0.0,,True
SEDOL:577656,2008,0.0,,0.0,,True
SEDOL:577656,2009,0.0,,,,True
SEDOL:577656,2010,0.0,,,,True
SEDOL:577656,2011,0.0,,,,True
SEDOL:577656,2012,0.0,412.38,,0.0,True
SEDOL:577656,2013,0.0,,,,True
SEDOL:577656,2014,0.0,,,,True
SEDOL:577656,2015,0.0,,,,True
SEDOL:577656,2016,0.0,,,,True
SEDOL:577656,2017,0.0,,,,True
SEDOL:577656,2018,0.0,,,,True
SEDOL:577656,2019,0.0,,,,True
SEDOL:577656,2020,0.0,,,,True
SEDOL:577656,2021,0.0,,,,True
SEDOL:577656,2022,0.0,,,,True
SEDOL:577656,2023,0.0,,,,True
SEDOL:579403,2007,0.0,1234.0833333333333,2.3941666666666666,0.0,False
SEDOL:579403,2008,0.0,845.375,3.6266666666666665,0.0,False
SEDOL:579403,2009,0.0,772.875,3.8575,0.0,False
SEDOL:579403,2010,0.0,939.0833333333334,2.5391666666666666,0.0,False
SEDOL:579403,2011,6.0,1010.6666666666666,2.2066666666666666,0.5936675461741425,False
SEDOL:579403,2012,12.0,1009.5416666666666,2.64,1.188658219489042,True
SEDOL:579403,2013,14.0,1345.0,2.8275,1.0408921933085502,False
SEDOL:579403,2014,24.0,1493.75,2.4341666666666666,1.606694560669456,True
SEDOL:579403,2015,10.0,1667.0833333333333,2.2883333333333336,0.5998500374906274,False
SEDOL:579403,2016,0.0,1648.9166666666667,2.4316666666666666,0.0,False
SEDOL:579403,2017,46.75,1963.8333333333333,2.395,2.380548247475176,True
SEDOL:579403,2018,36.5,840.8708333333334,2.518333333333333,4.340738024567784,True
SEDOL:579403,2019,6.6,212.52083333333334,2.8016666666666663,3.105577884521125,True
SEDOL:579403,2020,6.6,205.79166666666666,2.5766666666666667,3.207126948775056,True
SEDOL:579403,2021,6.7,263.1666666666667,1.8625,2.5459151361621277,True
SEDOL:579403,2022,6.9,200.34166666666667,2.5025,3.444116301318581,True
SEDOL:579403,2023,10.55,201.975,3.249166666666667,5.223418739943062,True
SEDOL:579403,2024,7.8,235.83333333333334,3.1300000000000003,3.3074204946996466,True
SEDOL:579403,2025,8.05,247.41666666666666,2.859166666666667,3.253620747726508,True
SEDOL:579403,2026,8.7,264.2857142857143,2.707142857142857,3.2918918918918916,True
SEDOL:580007,2007,0.0,507.375,3.8725,0.0,False
SEDOL:580007,2008,0.0,370.1875,5.0625,0.0,False
SEDOL:580007,2009,5.6,296.3666666666667,5.259166666666666,1.8895512315824992,False
SEDOL:580007,2010,5.7,358.4166666666667,4.6725,1.5903278307370379,False
SEDOL:580007,2011,11.4,395.8833333333334,4.490833333333334,2.879636256472866,True
SEDOL:580007,2012,11.6,370.75,4.7875000000000005,3.1287929871881324,True
SEDOL:580007,2013,11.7,469.72499999999997,4.491666666666666,2.4908190962797385,True
SEDOL:580007,2014,11.8,494.9083333333333,4.514166666666667,2.384279917156376,True
SEDOL:580007,2015,12.0,461.62583333333333,4.473333333333334,2.599507898713063,True
SEDOL:580007,2016,12.0,418.7608333333333,4.6866666666666665,2.865597506930169,True
SEDOL:580007,2017,12.2,477.0216666666667,4.579166666666667,2.5575358212240533,True
SEDOL:580007,2018,12.600000000000001,493.7083333333333,4.798333333333333,2.552114102455904,True
SEDOL:580007,2019,13.2,491.2916666666667,5.259166666666666,2.6867950131456193,True
SEDOL:580007,2020,20.4,397.0625,4.844166666666666,5.137730206201794,True
SEDOL:580007,2021,13.6,513.7083333333334,4.1049999999999995,2.647416659907535,True
SEDOL:580007,2022,13.7,554.25,4.740833333333334,2.471808750563825,True
SEDOL:580007,2023,21.1,551.5,5.201666666666667,3.825929283771532,True
SEDOL:580007,2024,21.4,562.5,5.235833333333333,3.8044444444444445,True
SEDOL:580007,2025,14.6,559.25,5.135833333333333,2.6106392489941888,True
SEDOL:580007,2026,14.9,630.5714285714286,4.771428571428571,2.3629361123697326,True
SEDOL:5825107,2021,0.0,,,,True
SEDOL:5825107,2022,0.0,,,,True
SEDOL:5825107,2023,0.0,,,,True
SEDOL:5825107,2024,0.0,,,,True
SEDOL:5825107,2025,0.0,,,,True
SEDOL:5825107,2026,0.0,,,,True
SEDOL:589383,2007,0.0,836.9583333333334,2.1583333333333337,0.0,False
SEDOL:589383,2008,0.0,754.0833333333334,2.891666666666667,0.0,False
SEDOL:589383,2009,0.0,695.25,3.1166666666666667,0.0,False
SEDOL:589383,2010,0.0,1012.0833333333334,1.625,0.0,False
SEDOL:589383,2011,0.0,995.2916666666666,1.7416666666666665,0.0,False
SEDOL:589383,2012,1.3,234.22916666666666,1.825,0.5550120074713155,False
SEDOL:589383,2013,0.0,259.3966666666667,1.7416666666666665,0.0,False
SEDOL:589383,2014,0.0,281.7291666666667,1.8608333333333331,0.0,False
SEDOL:589383,2015,0.0,331.7708333333333,1.99,0.0,False
SEDOL:589383,2016,0.0,372.2916666666667,1.9108333333333334,0.0,False
SEDOL:589383,2017,2.92,454.9066666666667,1.6983333333333333,0.6418899114836742,True
SEDOL:589383,2018,0.0,501.0,1.7675,0.0,False
SEDOL:589383,2019,0.0,555.8333333333334,1.825,0.0,False
SEDOL:589383,2020,3.0,628.8333333333334,1.5591666666666668,0.47707394646170154,False
SEDOL:589383,2021,3.3,774.5833333333334,1.3375000000000001,0.42603550295857984,True
SEDOL:589383,2022,0.0,731.875,2.0191666666666666,0.0,False
SEDOL:589383,2023,0.0,700.5909090909091,1.8490909090909091,0.0,False
SEDOL:589383,2024,0.0,782.0,1.2416666666666667,0.0,False
SEDOL:589383,2025,0.0,766.5,1.0983333333333334,0.0,False
SEDOL:589383,2026,0.0,742.0,1.02,0.0,False
SEDOL:596286,2006,0.0,93.5,0.0,0.0,True
SEDOL:596286,2007,0.0,93.625,0.0,0.0,True
SEDOL:596286,2008,0.0,103.08333333333333,0.0,0.0,True
SEDOL:596286,2009,0.0,76.0,0.14,0.0,True
SEDOL:596286,2010,0.0,98.0,0.15333333333333335,0.0,True
SEDOL:596286,2011,0.0,,,,True
SEDOL:596286,2012,0.0,108.75,0.07,0.0,True
SEDOL:596286,2013,0.0,124.25,0.11499999999999999,0.0,True
SEDOL:596286,2014,0.0,140.0,0.09,0.0,True
SEDOL:596286,2015,0.0,136.75,0.095,0.0,True
SEDOL:596286,2016,0.0,160.75,0.14,0.0,True
SEDOL:596286,2017,0.0,210.75,0.095,0.0,True
SEDOL:596286,2018,0.0,,,,True
SEDOL:600756,2007,0.0,297.97727272727275,0.0,0.0,True
SEDOL:600756,2008,0.0,215.97916666666666,2.3575,0.0,False
SEDOL:600756,2009,0.0,197.0625,3.3266666666666667,0.0,False
SEDOL:600756,2010,0.0,271.8125,2.5425,0.0,False
SEDOL:600756,2011,0.0,347.1775,2.1975000000000002,0.0,False
SEDOL:600756,2012,0.0,355.4791666666667,2.2258333333333336,0.0,False
SEDOL:600756,2013,0.0,451.1666666666667,2.0816666666666666,0.0,False
SEDOL:600756,2014,0.0,472.5733333333333,2.285833333333333,0.0,False
SEDOL:600756,2015,0.0,499.6041666666667,2.2600000000000002,0.0,False
SEDOL:600756,2016,0.0,457.125,2.2516666666666665,0.0,False
SEDOL:600756,2017,0.0,543.1458333333334,1.9420000000000002,0.0,False
SEDOL:600756,2018,1.43,342.46166666666664,,0.4175649829421298,True
SEDOL:600756,2019,5.09,114.6875,,4.4381471389645775,True
SEDOL:600756,2020,5.25,118.75,,4.421052631578948,True
SEDOL:600756,2021,6.33,1666812.6041666667,,0.0003797667466742443,True
SEDOL:600756,2022,5.25,114.54166666666667,,4.58348490360131,True
SEDOL:600756,2023,5.6899999999999995,102.95,3.435,5.526954832442933,True
SEDOL:600756,2024,4.83,104.71666666666665,3.1666666666666665,4.612446283622474,True
SEDOL:600756,2025,6.78,101.21666666666665,3.5933333333333333,6.698501564301005,True
SEDOL:600756,2026,4.78,104.15714285714286,3.3642857142857143,4.589219585790701,True
SEDOL:603959,2007,0.0,316.8541666666667,3.7383333333333333,0.0,False
SEDOL:603959,2008,0.0,259.4583333333333,4.831666666666666,0.0,False
SEDOL:603959,2009,0.0,233.54166666666666,5.0475,0.0,False
SEDOL:603959,2010,3.15,277.3958333333333,3.9250000000000003,1.135561396920766,False
SEDOL:603959,2011,0.0,292.26166666666666,3.9808333333333334,0.0,False
SEDOL:603959,2012,0.0,286.88666666666666,4.273333333333333,0.0,False
SEDOL:603959,2013,3.2,369.49,3.5708333333333333,0.8660586213429321,False
SEDOL:603959,2014,6.4,410.5316666666667,3.936666666666667,1.5589540392742742,False
SEDOL:603959,2015,6.6,438.2708333333333,3.8008333333333333,1.505918144222085,False
SEDOL:603959,2016,10.4,409.0216666666667,4.2749999999999995,2.542652589716111,True
SEDOL:603959,2017,7.8,444.1983333333333,4.091666666666666,1.7559723696997214,False
SEDOL:603959,2018,13.700000000000001,463.7916666666667,5.066666666666666,2.9539124966310304,True
SEDOL:603959,2019,14.700000000000001,399.2916666666667,5.658333333333332,3.681519357195033,True
SEDOL:603959,2020,10.4,287.5416666666667,6.266666666666667,3.6168671207071434,True
SEDOL:603959,2021,15.600000000000001,346.0,5.55,4.508670520231215,True
SEDOL:603959,2022,10.8,341.875,7.034166666666667,3.1590493601462524,False
SEDOL:603959,2023,11.4,321.125,8.541666666666666,3.5500194628260022,False
SEDOL:603959,2024,11.4,307.75,8.058333333333334,3.7043054427294884,False
SEDOL:603959,2025,23.0,359.2083333333333,6.640000000000001,6.402969493098249,True
SEDOL:603959,2026,11.4,424.85714285714283,4.482857142857143,2.683254875588433,True
SEDOL:604877,2007,0.0,144.72916666666666,1.595,0.0,False
SEDOL:604877,2008,0.0,131.375,1.7025,0.0,False
SEDOL:604877,2009,0.0,150.04166666666666,1.4866666666666666,0.0,False
SEDOL:604877,2010,0.0,227.89583333333334,1.2616666666666667,0.0,False
SEDOL:604877,2011,0.0,228.79250000000002,1.6216666666666668,0.0,False
SEDOL:604877,2012,0.0,213.25083333333336,1.6966666666666665,0.0,False
SEDOL:604877,2013,0.0,217.70916666666668,1.6600000000000001,0.0,False
SEDOL:604877,2014,0.0,259.5216666666667,1.5675,0.0,False
SEDOL:604877,2015,0.0,326.4066666666667,1.2883333333333333,0.0,False
SEDOL:604877,2016,0.0,348.9791666666667,1.2291666666666667,0.0,False
SEDOL:604877,2017,0.0,444.0108333333333,1.1341666666666668,0.0,False
SEDOL:604877,2018,0.0,449.375,1.1166666666666667,0.0,False
SEDOL:604877,2019,0.0,474.2916666666667,1.3233333333333333,0.0,False
SEDOL:604877,2020,2.0,428.2916666666667,1.4649999999999999,0.46697149528164217,False
SEDOL:604877,2021,0.0,575.0,1.1175,0.0,False
SEDOL:604877,2022,0.0,561.75,1.2163636363636363,0.0,False
SEDOL:604877,2023,0.0,560.8333333333334,1.345,0.0,False
SEDOL:604877,2024,0.0,758.8333333333334,1.0041666666666667,0.0,False
SEDOL:604877,2025,0.0,780.3333333333334,0.9874999999999999,0.0,False
SEDOL:604877,2026,0.0,698.5714285714286,1.092857142857143,0.0,False
SEDOL:610841,2007,0.0,245.63636363636363,1.3845454545454545,0.0,False
SEDOL:610841,2008,0.0,178.1875,3.15,0.0,False
SEDOL:610841,2009,5.3,167.10416666666666,3.7583333333333333,3.1716743548186015,True
SEDOL:610841,2010,0.0,206.66666666666666,2.908333333333333,0.0,False
SEDOL:610841,2011,5.83,251.76166666666666,2.375,2.315682159714545,True
SEDOL:610841,2012,6.2,260.4591666666667,2.6999999999999997,2.3804115168404514,True
SEDOL:610841,2013,12.27,396.00083333333333,2.0833333333333335,3.0984783281179964,True
SEDOL:610841,2014,8.5,466.7616666666667,2.308333333333333,1.821057856079298,True
SEDOL:610841,2015,9.2,466.5425,2.2583333333333333,1.9719532518473661,True
SEDOL:610841,2016,11.25,429.865,2.7583333333333333,2.6171007176671743,True
SEDOL:610841,2017,3.1,505.3025,2.733333333333333,0.613493897219982,False
SEDOL:610841,2018,13.3,524.2916666666666,3.3249999999999997,2.5367559405547166,True
SEDOL:610841,2019,16.5,544.5,3.525,3.0303030303030303,True
SEDOL:610841,2020,18.5,495.125,3.2916666666666665,3.736430194395355,True
SEDOL:610841,2021,9.5,691.1666666666666,2.4166666666666665,1.3744875813841333,True
SEDOL:610841,2022,16.0,553.25,2.8666666666666667,2.8920018075011296,True
SEDOL:610841,2023,19.5,552.8181818181819,2.7181818181818183,3.527380365071534,True
SEDOL:610841,2024,21.0,601.5833333333334,2.591666666666667,3.490788197811331,True
SEDOL:610841,2025,21.8,657.9166666666666,2.6991666666666667,3.3134895503483217,True
SEDOL:610841,2026,22.6,726.0,4.368571428571429,3.112947658402204,True
SEDOL:611112,2007,0.0,700.7916666666666,3.811666666666667,0.0,False
SEDOL:611112,2008,0.0,547.0416666666666,5.161666666666666,0.0,False
SEDOL:611112,2009,0.0,471.6875,5.293333333333334,0.0,False
SEDOL:611112,2010,0.0,566.0,4.215,0.0,False
SEDOL:611112,2011,0.0,634.3333333333334,4.575,0.0,False
SEDOL:611112,2012,14.0,652.9166666666666,4.620833333333334,2.1442246330567967,True
SEDOL:611112,2013,7.0,764.1666666666666,4.177499999999999,0.9160305343511451,False
SEDOL:611112,2014,7.0,773.1666666666666,4.36,0.9053675361069197,False
SEDOL:611112,2015,14.0,718.4166666666666,4.403333333333333,1.948729845725554,False
SEDOL:611112,2016,7.0,687.75,4.291666666666667,1.0178117048346056,False
SEDOL:611112,2017,14.0,777.8541666666666,4.075833333333333,1.7998232316468918,True
SEDOL:611112,2018,16.0,760.6666666666666,4.2124999999999995,2.1034180543382996,True
SEDOL:611112,2019,8.25,826.8333333333334,4.083333333333333,0.9977827050997782,False
SEDOL:611112,2020,9.5,773.6666666666666,3.5875,1.227919000430849,False
SEDOL:611112,2021,18.0,880.75,3.4375,2.043712744819756,True
SEDOL:611112,2022,19.5,840.6666666666666,4.174166666666667,2.3195876288659796,True
SEDOL:611112,2023,12.75,842.0833333333334,4.095,1.5141019297377536,False
SEDOL:611112,2024,10.0,847.5833333333334,3.890833333333333,1.1798249926260937,False
SEDOL:611112,2025,21.0,875.1666666666666,3.954166666666667,2.3995429442011047,True
SEDOL:611112,2026,19.0,951.7142857142857,3.8185714285714285,1.9963974782347644,True
SEDOL:611190,2007,0.0,650.5,3.716666666666667,0.0,False
SEDOL:611190,2008,4.8,656.7083333333334,4.4425,0.7309180889537465,False
SEDOL:611190,2009,16.0,664.0,5.0225,2.4096385542168677,True
SEDOL:611190,2010,19.2,851.75,4.345,2.2541825653067216,True
SEDOL:611190,2011,22.8,920.75,4.6175,2.476242193863698,True
SEDOL:611190,2012,26.0,990.2916666666666,4.4225,2.6254891235747047,True
SEDOL:611190,2013,28.0,1121.0833333333333,4.240833333333334,2.4975841819668476,True
SEDOL:611190,2014,29.5,1049.75,4.475833333333333,2.81019290307216,True
SEDOL:611190,2015,31.0,935.8333333333334,5.148333333333333,3.312555654496883,True
SEDOL:611190,2016,31.5,1011.4583333333334,4.8758333333333335,3.114315139031926,True
SEDOL:611190,2017,32.5,1238.0,4.6225,2.625201938610662,True
SEDOL:611190,2018,45.0,1156.1666666666667,4.720833333333333,3.8921724088222573,True
SEDOL:611190,2019,35.5,1183.6666666666667,4.825833333333333,2.9991551675584343,True
SEDOL:611190,2020,53.5,999.75,4.905833333333333,5.351337834458614,True
SEDOL:611190,2021,36.0,1138.3333333333333,4.3566666666666665,3.162518301610542,True
SEDOL:611190,2022,36.0,1247.1666666666667,4.5874999999999995,2.8865428304156087,True
SEDOL:611190,2023,38.4,519.8666666666667,4.891666666666667,7.386509361374712,True
SEDOL:611190,2024,4.9,251.54166666666666,4.638333333333333,1.9479874109657118,False
SEDOL:611190,2025,7.7,290.0833333333333,4.7375,2.654409652398736,True
SEDOL:611190,2026,5.4,353.64285714285717,4.118571428571428,1.5269642496465359,False
SEDOL:615200,2007,0.0,868.75,0.0,0.0,True
SEDOL:615200,2008,0.0,623.1041666666666,0.0,0.0,True
SEDOL:615200,2009,0.0,519.4166666666666,,0.0,True
SEDOL:615200,2010,0.0,657.5833333333334,0.0,0.0,True
SEDOL:615200,2011,0.0,751.25,0.0,0.0,True
SEDOL:633310,2007,0.0,37.333333333333336,0.0,0.0,True
SEDOL:633310,2008,0.0,32.96875,0.0,0.0,True
SEDOL:633354,2007,0.0,259.4583333333333,3.9241666666666664,0.0,False
SEDOL:633354,2008,0.0,190.1875,4.89125,0.0,False
SEDOL:634874,2007,0.0,417.6363636363636,0.0,0.0,True
SEDOL:634874,2008,0.0,427.25,0.0,0.0,True
SEDOL:636911,2007,0.0,120.10416666666667,1.3083333333333333,0.0,False
SEDOL:636911,2008,0.0,103.1875,2.8699999999999997,0.0,False
SEDOL:636911,2009,0.0,99.5625,3.8125,0.0,False
SEDOL:636911,2010,0.0,118.0,2.1999999999999997,0.0,False
SEDOL:636911,2011,0.0,125.45833333333333,1.8166666666666667,0.0,False
SEDOL:636911,2012,0.0,114.91666666666667,2.091666666666667,0.0,False
SEDOL:636911,2013,0.0,131.4275,1.7416666666666665,0.0,False
SEDOL:636911,2014,0.0,143.125,1.3983333333333334,0.0,False
SEDOL:636911,2015,0.0,158.16666666666666,1.48,0.0,False
SEDOL:643610,2007,0.0,382.375,0.0,0.0,True
SEDOL:643610,2008,0.0,286.0625,0.0,0.0,True
SEDOL:643610,2009,0.0,239.79166666666666,,0.0,True
SEDOL:643610,2010,0.0,366.9791666666667,,0.0,True
SEDOL:643610,2011,0.0,494.6466666666667,,0.0,True
SEDOL:643610,2012,0.0,505.4375,,0.0,True
SEDOL:643610,2013,0.0,711.5,,0.0,True
SEDOL:643610,2014,0.0,820.0,1.524,0.0,False
SEDOL:643610,2015,0.0,896.0833333333334,1.6158333333333335,0.0,False
SEDOL:643610,2016,0.0,890.2291666666666,2.1575,0.0,False
SEDOL:643610,2017,0.0,1185.8333333333333,2.058333333333333,0.0,False
SEDOL:643610,2018,0.0,1385.2083333333333,2.1475,0.0,False
SEDOL:643610,2019,0.0,1436.1666666666667,2.533333333333333,0.0,False
SEDOL:643610,2020,0.0,1366.5,1.6733333333333331,0.0,False
SEDOL:643610,2021,0.0,1937.1666666666667,1.5533333333333335,0.0,False
SEDOL:643610,2022,0.0,1456.0,2.566666666666667,0.0,False
SEDOL:643610,2023,0.0,1304.1666666666667,3.0558333333333336,0.0,False
SEDOL:643610,2024,0.0,1423.5,3.0,0.0,False
SEDOL:643610,2025,0.0,1301.0,3.26,0.0,False
SEDOL:643610,2026,30.725,1165.5714285714287,3.217142857142857,2.636046084078931,True
SEDOL:643900,2007,0.0,1159.5833333333333,0.0,0.0,True
SEDOL:643900,2008,0.0,864.8333333333334,0.0,0.0,True
SEDOL:643900,2009,0.0,709.9583333333334,,0.0,True
SEDOL:643900,2010,0.0,935.4166666666666,,0.0,True
SEDOL:643900,2011,0.0,1052.875,,0.0,True
SEDOL:643900,2012,0.0,1077.590909090909,,0.0,True
SEDOL:643900,2013,0.0,1454.5416666666667,0.0,0.0,True
SEDOL:643900,2014,0.0,1719.0416666666667,0.0,0.0,True
SEDOL:643900,2015,0.0,1955.8125,,0.0,True
SEDOL:645070,2007,0.0,,0.0,,True
SEDOL:645070,2008,0.0,,0.0,,True
SEDOL:645070,2009,0.0,,,,True
SEDOL:645070,2010,0.0,,,,True
SEDOL:645070,2011,0.0,,,,True
SEDOL:645070,2012,0.0,73.25,,0.0,True
SEDOL:645070,2013,0.0,,,,True
SEDOL:645070,2014,0.0,,,,True
SEDOL:645070,2015,0.0,,,,True
SEDOL:645070,2016,0.0,,,,True
SEDOL:645070,2017,0.0,,,,True
SEDOL:645070,2018,0.0,,,,True
SEDOL:645070,2019,0.0,,,,True
SEDOL:645070,2020,0.0,,,,True
SEDOL:645070,2021,0.0,,,,True
SEDOL:645070,2022,0.0,,,,True
SEDOL:645070,2023,0.0,,,,True
SEDOL:645070,2024,0.0,,,,True
SEDOL:645070,2025,0.0,,,,True
SEDOL:645070,2026,0.0,,,,True
SEDOL:659941,2007,0.0,187.75,0.0,0.0,True
SEDOL:661582,2007,0.0,214.875,5.163333333333333,0.0,False
SEDOL:661582,2008,0.0,101.16666666666667,9.18,0.0,False
SEDOL:661582,2009,0.0,60.3125,8.349166666666667,0.0,False
SEDOL:661582,2010,0.0,82.58333333333333,5.6258333333333335,0.0,False
SEDOL:661582,2011,0.0,96.51083333333334,5.3308333333333335,0.0,False
SEDOL:661582,2012,0.0,96.25,5.323333333333333,0.0,False
SEDOL:661582,2013,0.0,142.83333333333334,4.214166666666666,0.0,False
SEDOL:661582,2014,0.0,175.72916666666666,4.006666666666667,0.0,False
SEDOL:661582,2015,8.2,178.54166666666666,4.215833333333333,4.592765460910151,True
SEDOL:661582,2016,3.7,192.875,5.2908333333333335,1.9183408943616331,False
SEDOL:661582,2017,6.4399999999999995,244.51083333333335,5.424166666666667,2.6338301302259954,True
SEDOL:661582,2018,6.779999999999999,226.8125,5.9191666666666665,2.9892532378065577,True
SEDOL:661582,2019,0.0,181.95833333333334,7.482500000000001,0.0,False
SEDOL:661582,2020,0.0,133.39583333333334,8.918333333333333,0.0,False
SEDOL:661582,2021,0.0,213.0,4.3725,0.0,False
SEDOL:661582,2022,0.0,177.0625,6.9750000000000005,0.0,False
SEDOL:661582,2023,3.15,162.375,9.619166666666667,1.9399538106235565,False
SEDOL:661582,2024,12.8,158.79166666666666,9.6025,8.060876410390973,True
SEDOL:661582,2025,11.5,139.95833333333334,8.458333333333334,8.216731169991068,True
SEDOL:661582,2026,5.0,137.5,6.8342857142857145,3.6363636363636362,True
SEDOL:661593,2007,0.0,182.58333333333334,0.0,0.0,True
SEDOL:666747,2007,0.0,160.02083333333334,2.3666666666666667,0.0,False
SEDOL:666747,2008,0.0,123.10416666666667,3.7583333333333333,0.0,False
SEDOL:666747,2009,0.0,113.875,3.875,0.0,False
SEDOL:666747,2010,0.0,152.0625,2.025,0.0,False
SEDOL:666747,2011,0.0,155.9175,2.5083333333333333,0.0,False
SEDOL:666747,2012,0.0,154.345,2.566666666666667,0.0,False
SEDOL:666747,2013,0.0,162.28166666666667,2.1666666666666665,0.0,False
SEDOL:666747,2014,0.0,176.35416666666666,1.6666666666666667,0.0,False
SEDOL:666747,2015,0.0,183.095,1.2333333333333334,0.0,False
SEDOL:666747,2016,0.0,190.90666666666667,1.0333333333333334,0.0,False
SEDOL:666747,2017,0.0,270.25,0.8250000000000001,0.0,False
SEDOL:666747,2018,0.0,335.3333333333333,0.8416666666666667,0.0,False
SEDOL:666747,2019,0.0,319.75,1.1166666666666667,0.0,False
SEDOL:666747,2020,0.0,493.0833333333333,0.9,0.0,False
SEDOL:666747,2021,0.0,827.5833333333334,0.4916666666666667,0.0,True
SEDOL:666747,2022,3.0,649.5,1.0,0.4618937644341801,True
SEDOL:666747,2023,0.0,564.4166666666666,1.6083333333333334,0.0,False
SEDOL:666747,2024,0.0,589.3333333333334,1.5583333333333333,0.0,False
SEDOL:666747,2025,0.0,656.4166666666666,1.6749999999999998,0.0,False
SEDOL:666747,2026,0.0,1019.2857142857143,1.05,0.0,False
SEDOL:667438,2007,0.0,121.04166666666667,1.0333333333333334,0.0,False
SEDOL:667438,2008,0.0,97.3125,1.1666666666666667,0.0,False
SEDOL:667438,2009,0.0,90.04166666666667,1.5,0.0,False
SEDOL:667438,2010,0.0,116.60416666666667,1.8083333333333333,0.0,False
SEDOL:667438,2011,0.0,120.21999999999998,2.8833333333333333,0.0,False
SEDOL:667438,2012,0.0,125.94916666666666,2.5833333333333335,0.0,False
SEDOL:667438,2013,0.0,155.14583333333334,2.0,0.0,False
SEDOL:667438,2014,0.0,168.95916666666668,1.6825,0.0,False
SEDOL:667438,2015,0.0,196.69833333333335,1.45,0.0,False
SEDOL:667438,2016,0.0,215.365,1.6900000000000002,0.0,False
SEDOL:667438,2017,0.0,248.52166666666668,1.5883333333333332,0.0,False
SEDOL:667438,2018,0.0,263.625,1.6016666666666666,0.0,False
SEDOL:667438,2019,0.0,291.25,1.6241666666666665,0.0,False
SEDOL:667438,2020,0.0,262.7916666666667,1.5633333333333335,0.0,False
SEDOL:667438,2021,0.0,339.75,1.0058333333333334,0.0,False
SEDOL:667438,2022,0.0,334.5,1.0941666666666667,0.0,False
SEDOL:667438,2023,0.0,361.9166666666667,1.4575000000000002,0.0,False
SEDOL:667438,2024,0.0,367.5,1.5966666666666667,0.0,False
SEDOL:667438,2025,0.0,349.9166666666667,2.040833333333333,0.0,False
SEDOL:667438,2026,0.0,396.2857142857143,1.8342857142857143,0.0,False
SEDOL:679842,2007,0.0,250.95833333333334,2.7416666666666667,0.0,False
SEDOL:679842,2008,0.0,213.75,4.041666666666667,0.0,False
SEDOL:679842,2009,0.0,192.44583333333333,4.6000000000000005,0.0,False
SEDOL:679842,2010,0.0,224.40833333333333,3.848333333333333,0.0,False
SEDOL:679842,2011,0.0,257.1333333333333,3.8866666666666667,0.0,False
SEDOL:679842,2012,0.0,272.60833333333335,4.158333333333333,0.0,False
SEDOL:679842,2013,0.0,342.26666666666665,3.5766666666666667,0.0,False
SEDOL:679842,2014,0.0,383.47499999999997,3.140833333333333,0.0,False
SEDOL:679842,2015,0.0,409.9666666666667,3.203333333333333,0.0,False
SEDOL:679842,2016,0.0,377.5916666666667,3.373333333333333,0.0,False
SEDOL:679842,2017,0.0,382.19166666666666,3.436666666666667,0.0,False
SEDOL:679842,2018,0.0,349.875,3.64,0.0,False
SEDOL:679842,2019,0.0,317.9583333333333,4.296666666666667,0.0,False
SEDOL:679842,2020,0.0,234.31,4.724,0.0,False
SEDOL:680350,2007,0.0,,0.0,,True
SEDOL:680350,2008,0.0,50.5,0.0,0.0,True
SEDOL:680350,2009,0.0,,,,True
SEDOL:680350,2010,0.0,,,,True
SEDOL:680350,2011,0.0,,,,True
SEDOL:680350,2012,0.0,71.0,,0.0,True
SEDOL:680350,2013,0.0,,,,True
SEDOL:682754,2007,0.0,26158.333333333332,0.0,0.0,True
SEDOL:682754,2008,0.0,24816.666666666668,2.131818181818182,0.0,False
SEDOL:682754,2009,0.0,24801.083333333332,3.203333333333333,0.0,False
SEDOL:682754,2010,0.0,29316.75,2.6125000000000003,0.0,False
SEDOL:682754,2011,0.0,32400.083333333332,2.1733333333333333,0.0,False
SEDOL:682754,2012,0.0,34660.833333333336,1.8708333333333333,0.0,False
SEDOL:682754,2013,0.0,34345.0,1.7825,0.0,False
SEDOL:682754,2014,0.0,33645.0,1.8316666666666668,0.0,False
SEDOL:682754,2015,0.0,34815.541666666664,1.6325,0.0,False
SEDOL:682754,2016,0.0,38129.166666666664,1.7375,0.0,False
SEDOL:682754,2017,0.0,40613.333333333336,1.8075,0.0,False
SEDOL:682754,2018,0.0,39829.166666666664,1.7675,0.0,False
SEDOL:682754,2019,0.0,41575.0,1.7391666666666667,0.0,False
SEDOL:682754,2020,0.0,43941.666666666664,1.7291666666666667,0.0,False
SEDOL:682754,2021,0.0,47708.333333333336,1.4425,0.0,False
SEDOL:682754,2022,1.4,29015.958333333332,2.625,0.004824931108312523,False
SEDOL:682754,2023,6.3,470.8333333333333,2.169166666666667,1.3380530973451328,True
SEDOL:682754,2024,5.8,486.4166666666667,2.0883333333333334,1.1923933527497002,True
SEDOL:682754,2025,5.8,519.0,2.0775,1.117533718689788,True
SEDOL:682754,2026,2.8,540.2857142857143,1.7414285714285713,0.5182443151771549,False
SEDOL:682958,2007,0.0,54.9375,1.6083333333333334,0.0,False
SEDOL:682958,2008,0.0,50.20454545454545,2.6818181818181817,0.0,False
SEDOL:699248,2007,0.0,,0.0,,True
SEDOL:699248,2008,0.0,,0.0,,True
SEDOL:7013105,2017,0.0,164.0,0.0,0.0,True
SEDOL:7013105,2018,2.25,,,,True
SEDOL:7013105,2019,0.0,,,,True
SEDOL:7013105,2020,0.0,28650.0,,0.0,True
SEDOL:7013105,2021,0.0,,,,True
SEDOL:7013105,2022,0.0,,,,True
SEDOL:7013105,2023,0.0,,,,True
SEDOL:7013105,2024,0.0,,,,True
SEDOL:7013105,2025,0.0,,,,True
SEDOL:7013105,2026,0.0,,,,True
SEDOL:703376,2007,0.0,1153.7916666666667,1.7641666666666669,0.0,False
SEDOL:703376,2008,0.0,919.3333333333334,2.6816666666666666,0.0,False
SEDOL:703376,2009,0.0,805.5,2.874166666666667,0.0,False
SEDOL:703376,2010,0.0,969.125,2.3033333333333332,0.0,False
SEDOL:703376,2011,0.0,1098.1875,2.3241666666666667,0.0,False
SEDOL:703376,2012,0.0,1085.0833333333333,2.4541666666666666,0.0,False
SEDOL:703376,2013,0.0,1126.9791666666667,2.3475,0.0,False
SEDOL:703376,2014,0.0,294.48,3.0416666666666665,0.0,False
SEDOL:703376,2015,0.0,305.3441666666667,2.9316666666666666,0.0,False
SEDOL:703376,2016,0.0,289.4483333333333,3.3008333333333333,0.0,False
SEDOL:703376,2017,0.0,323.4483333333333,2.768333333333333,0.0,False
SEDOL:703376,2018,0.0,313.25,2.950833333333333,0.0,False
SEDOL:703376,2019,0.0,282.75,3.7825,0.0,False
SEDOL:703376,2020,0.0,203.20833333333334,3.225,0.0,False
SEDOL:703376,2021,0.0,215.0,2.225,0.0,False
SEDOL:717429,2006,0.0,36.166666666666664,0.0,0.0,True
SEDOL:717429,2007,0.0,33.958333333333336,0.0,0.0,True
SEDOL:717429,2008,0.0,,0.0,,True
SEDOL:717429,2009,0.0,,,,True
SEDOL:717429,2010,0.0,9.0,,0.0,True
SEDOL:717429,2011,0.0,7.0,0.0,0.0,True
SEDOL:717429,2012,0.0,12.833333333333334,1.5666666666666667,0.0,False
SEDOL:717429,2013,0.0,17.375,2.1500000000000004,0.0,False
SEDOL:717429,2014,0.0,18.5,2.55,0.0,False
SEDOL:717429,2015,0.0,18.2825,2.825,0.0,False
SEDOL:717429,2016,0.0,18.8125,,0.0,True
SEDOL:717429,2017,0.0,20.5625,,0.0,True
SEDOL:717429,2018,0.0,21.05,,0.0,True
SEDOL:717429,2019,0.0,21.9,,0.0,True
SEDOL:717429,2020,0.0,19.633333333333336,,0.0,True
SEDOL:717429,2021,0.0,,,,True
SEDOL:717429,2022,0.0,,,,True
SEDOL:717429,2023,0.0,20.4,,0.0,True
SEDOL:717429,2024,0.0,20.5,,0.0,True
SEDOL:721163,2006,0.0,182.25,0.0,0.0,True
SEDOL:721163,2007,0.0,189.125,0.0,0.0,True
SEDOL:721163,2008,0.0,195.625,0.0,0.0,True
SEDOL:721163,2009,0.0,,,,True
SEDOL:721163,2010,0.0,,,,True
SEDOL:721163,2011,0.0,,,,True
SEDOL:721163,2012,0.0,320.0,,0.0,True
SEDOL:721163,2013,0.0,,,,True
SEDOL:721163,2014,0.0,,,,True
SEDOL:721163,2015,0.0,,,,True
SEDOL:721163,2016,0.0,,,,True
SEDOL:732518,2007,0.0,298.0416666666667,0.595,0.0,False
SEDOL:732518,2008,0.0,232.08333333333334,0.8733333333333334,0.0,False
SEDOL:732518,2009,0.0,213.875,0.8558333333333333,0.0,False
SEDOL:732518,2010,0.0,258.4583333333333,0.7733333333333333,0.0,False
SEDOL:732518,2011,0.0,215.91666666666666,0.5875,0.0,False
SEDOL:732518,2012,0.0,213.04166666666666,0.2625,0.0,True
SEDOL:732518,2013,0.0,237.95833333333334,0.4575,0.0,True
SEDOL:732518,2014,0.0,251.5909090909091,0.55,0.0,False
SEDOL:735250,2007,0.0,25.178571428571427,3.7744444444444443,0.0,False
SEDOL:735250,2008,0.0,18.428571428571427,3.84875,0.0,False
SEDOL:735250,2009,0.0,6.31375,3.04125,0.0,False
SEDOL:735250,2010,0.0,2.60625,1.85875,0.0,False
SEDOL:735250,2011,0.0,2.13,2.8875,0.0,False
SEDOL:735250,2012,0.0,2.13,4.883333333333334,0.0,False
SEDOL:736639,2006,0.0,948.3,1.6,0.0,False
SEDOL:736639,2007,0.0,1051.5,1.6,0.0,False
SEDOL:736639,2008,0.0,1085.5833333333333,2.016666666666667,0.0,False
SEDOL:736639,2009,0.0,910.3888888888889,2.9555555555555557,0.0,False
SEDOL:736639,2010,0.0,1091.125,1.605,0.0,False
SEDOL:736639,2011,0.0,1277.090909090909,0.0036363636363636364,0.0,True
SEDOL:736639,2012,0.0,1176.75,0.0014285714285714286,0.0,True
SEDOL:736639,2013,0.0,,,,True
SEDOL:736639,2014,0.0,,,,True
SEDOL:736639,2015,0.0,,,,True
SEDOL:736639,2016,0.0,,,,True
SEDOL:736639,2017,0.0,,,,True
SEDOL:736639,2018,0.0,,,,True
SEDOL:736639,2019,0.0,,,,True
SEDOL:736639,2020,0.0,,,,True
SEDOL:736639,2021,0.0,,,,True
SEDOL:736639,2022,0.0,,,,True
SEDOL:736639,2023,0.0,,,,True
SEDOL:736639,2024,0.0,,,,True
SEDOL:736639,2025,0.0,,,,True
SEDOL:736639,2026,0.0,,,,True
SEDOL:739207,2007,0.0,,0.0,,True
SEDOL:739207,2008,0.0,,0.0,,True
SEDOL:739207,2009,0.0,,,,True
SEDOL:739207,2010,0.0,,,,True
SEDOL:739207,2011,0.0,,,,True
SEDOL:739207,2012,0.0,740.0,,0.0,True
SEDOL:739207,2013,0.0,,,,True
SEDOL:739207,2014,0.0,,,,True
SEDOL:739207,2015,0.0,,,,True
SEDOL:739207,2016,0.0,,,,True
SEDOL:739207,2017,0.0,,,,True
SEDOL:739207,2018,0.0,,,,True
SEDOL:739207,2019,0.0,,,,True
SEDOL:739207,2020,0.0,,,,True
SEDOL:739207,2021,0.0,,,,True
SEDOL:739207,2022,0.0,,,,True
SEDOL:739207,2023,0.0,,,,True
SEDOL:739207,2024,0.0,,,,True
SEDOL:739207,2025,0.0,,,,True
SEDOL:739207,2026,0.0,,,,True
SEDOL:739229,2007,0.0,,0.0,,True
SEDOL:739229,2008,0.0,,0.0,,True
SEDOL:739229,2009,0.0,,,,True
SEDOL:739229,2010,0.0,,,,True
SEDOL:739229,2011,0.0,,,,True
SEDOL:739229,2012,0.0,2765.0,,0.0,True
SEDOL:739229,2013,0.0,,,,True
SEDOL:739229,2014,0.0,,,,True
SEDOL:739229,2015,0.0,,,,True
SEDOL:739229,2016,0.0,,,,True
SEDOL:741600,2007,0.0,546.5208333333334,1.5233333333333334,0.0,False
SEDOL:741600,2008,0.0,366.6458333333333,2.7383333333333333,0.0,False
SEDOL:741600,2009,0.0,302.2291666666667,3.376666666666667,0.0,False
SEDOL:741600,2010,0.0,389.5208333333333,2.23,0.0,False
SEDOL:741600,2011,0.0,481.3541666666667,1.6841666666666668,0.0,False
SEDOL:741600,2012,0.0,479.3125,2.2066666666666666,0.0,False
SEDOL:741600,2013,0.0,689.3125,1.735,0.0,False
SEDOL:741600,2014,9.6,778.5625,1.6433333333333333,1.233041663321827,True
SEDOL:741600,2015,11.0,834.7708333333334,1.7966666666666666,1.3177269210611695,True
SEDOL:741600,2016,18.3,799.0208333333334,2.2133333333333334,2.2903032357312334,True
SEDOL:741600,2017,23.0,948.4583333333334,2.005,2.4249879189913455,True
SEDOL:741600,2018,27.0,1002.8299999999999,2.235,2.692380563006691,True
SEDOL:741600,2019,5.5,230.035,2.275,2.39094050905297,True
SEDOL:741600,2020,5.5,257.5,1.9083333333333332,2.1359223300970873,True
SEDOL:741600,2021,5.7,391.0833333333333,1.2866666666666668,1.45748987854251,True
SEDOL:741600,2022,6.9,293.5,1.8933333333333333,2.3509369676320273,True
SEDOL:741600,2023,7.7,269.5833333333333,2.841666666666667,2.8562596599690884,True
SEDOL:741600,2024,17.58,318.5,2.7608333333333337,5.5196232339089475,True
SEDOL:741600,2025,14.78,315.2916666666667,2.685,4.687723007797013,True
SEDOL:741600,2026,7.26,330.7857142857143,2.5791888682857143,2.1947743467933494,True
SEDOL:781606,2007,0.0,318.8541666666667,3.533333333333333,0.0,False
SEDOL:781606,2008,0.0,222.60416666666666,4.855833333333333,0.0,False
SEDOL:781606,2009,0.0,205.5,5.0183333333333335,0.0,False
SEDOL:781606,2010,0.0,277.9166666666667,3.858333333333333,0.0,False
SEDOL:781606,2011,0.0,324.99083333333334,3.5583333333333336,0.0,False
SEDOL:781606,2012,0.0,359.8025,3.533333333333333,0.0,False
SEDOL:781606,2013,0.0,473.4375,2.795833333333333,0.0,False
SEDOL:781606,2014,0.0,516.9583333333334,2.645,0.0,False
SEDOL:781606,2015,6.6,580.375,2.48,1.137195778591428,True
SEDOL:781606,2016,13.1,621.2916666666666,2.4575,2.1085104956072698,True
SEDOL:781606,2017,14.2,723.7916666666666,2.3925,1.9618905071671178,True
SEDOL:781606,2018,15.299999999999999,784.25,2.339166666666667,1.9509085113165445,True
SEDOL:781606,2019,16.6,880.25,2.3333333333333335,1.8858278898040333,True
SEDOL:781606,2020,16.6,824.0833333333334,2.4466666666666668,2.014359389220346,True
SEDOL:781606,2021,17.1,884.9166666666666,2.1666666666666665,1.9323853470194936,True
SEDOL:781606,2022,18.1,827.3333333333334,2.5633333333333335,2.187751813053989,True
SEDOL:781606,2023,19.0,869.1666666666666,2.5966666666666667,2.186001917545542,True
SEDOL:781606,2024,19.6,854.0,2.7516666666666665,2.295081967213115,True
SEDOL:781606,2025,20.200000000000003,885.75,2.5841666666666665,2.280553203499859,True
SEDOL:781606,2026,8.8,764.4285714285714,3.4071428571428575,1.1511866940758737,False
SEDOL:782609,2006,0.0,446.0,2.9,0.0,False
SEDOL:782609,2007,0.0,497.75,2.466666666666667,0.0,False
SEDOL:782609,2008,0.0,441.8333333333333,2.8708333333333336,0.0,False
SEDOL:782609,2009,0.0,393.1666666666667,3.033333333333333,0.0,False
SEDOL:782609,2010,0.0,451.4583333333333,2.6583333333333337,0.0,False
SEDOL:782609,2011,0.0,481.19166666666666,2.779166666666667,0.0,False
SEDOL:782609,2012,0.0,473.4166666666667,2.6999999999999997,0.0,False
SEDOL:782609,2013,0.0,572.5,2.5,0.0,False
SEDOL:782609,2014,0.0,592.4583333333334,2.3583333333333334,0.0,False
SEDOL:782609,2015,0.0,620.2083333333334,2.766666666666667,0.0,False
SEDOL:782609,2016,0.0,666.5,3.2291666666666665,0.0,False
SEDOL:782609,2017,0.0,815.4166666666666,3.0,0.0,False
SEDOL:782609,2018,0.0,837.8333333333334,3.025,0.0,False
SEDOL:782609,2019,0.0,810.6666666666666,3.1166666666666667,0.0,False
SEDOL:782609,2020,0.0,719.8333333333334,3.375,0.0,False
SEDOL:782609,2021,0.0,771.0833333333334,2.6999999999999997,0.0,False
SEDOL:782609,2022,0.0,863.7142857142857,1.8685714285714285,0.0,False
SEDOL:783613,2007,0.0,309.8541666666667,2.9333333333333336,0.0,False
SEDOL:783613,2008,0.0,251.0625,3.9583333333333335,0.0,False
SEDOL:783613,2009,0.0,302.1458333333333,3.685,0.0,False
SEDOL:783613,2010,0.0,493.9791666666667,2.6999999999999997,0.0,False
SEDOL:783613,2011,0.0,570.1666666666666,2.8699999999999997,0.0,False
SEDOL:783613,2012,0.0,642.7083333333334,3.1033333333333335,0.0,False
SEDOL:783613,2013,0.0,841.2291666666666,2.370833333333333,0.0,False
SEDOL:783613,2014,0.0,804.8333333333334,2.1870000000000003,0.0,False
SEDOL:783613,2015,0.0,792.7291666666666,2.31,0.0,False
SEDOL:783613,2016,0.0,836.875,2.14,0.0,False
SEDOL:783613,2017,0.0,1016.8958333333334,1.9066666666666665,0.0,False
SEDOL:783613,2018,0.0,978.6666666666666,1.9958333333333333,0.0,False
SEDOL:783613,2019,0.0,1002.0416666666666,2.1308333333333334,0.0,False
SEDOL:783613,2020,0.0,849.5,2.0625,0.0,False
SEDOL:783613,2021,0.0,1068.875,2.0816666666666666,0.0,False
SEDOL:783613,2022,0.0,1128.75,2.7466666666666666,0.0,False
SEDOL:783613,2023,0.0,1236.0416666666667,2.6750000000000003,0.0,False
SEDOL:783613,2024,0.0,1409.7916666666667,3.0058333333333334,0.0,False
SEDOL:783613,2025,0.0,387.0833333333333,2.9525,0.0,False
SEDOL:783613,2026,0.0,268.7142857142857,2.684285714285714,0.0,False
SEDOL:783884,2006,0.0,518.5,2.0,0.0,False
SEDOL:783884,2007,0.0,597.5416666666666,2.091666666666667,0.0,False
SEDOL:783884,2008,0.0,534.4166666666666,2.6,0.0,False
SEDOL:783884,2009,0.0,429.1875,2.775,0.0,False
SEDOL:783884,2010,0.0,600.25,2.183333333333333,0.0,False
SEDOL:783884,2011,0.0,695.625,2.1416666666666666,0.0,False
SEDOL:783884,2012,0.0,690.75,2.191666666666667,0.0,False
SEDOL:783884,2013,0.0,894.125,1.75,0.0,False
SEDOL:783884,2014,0.0,566.5166666666667,1.2916666666666667,0.0,False
SEDOL:783884,2015,0.0,261.7583333333333,0.775,0.0,False
SEDOL:783884,2016,0.0,288.45,0.6416666666666666,0.0,False
SEDOL:783884,2017,0.0,402.6333333333334,0.4666666666666666,0.0,True
SEDOL:783884,2018,0.0,495.8,0.35000000000000003,0.0,True
SEDOL:783884,2019,0.0,520.7875,0.3083333333333333,0.0,True
SEDOL:783884,2020,0.0,837.7916666666666,0.16666666666666666,0.0,True
SEDOL:783884,2021,0.0,1312.9583333333333,0.10000000000000002,0.0,True
SEDOL:783884,2022,0.0,851.8583333333332,0.18333333333333335,0.0,True
SEDOL:783884,2023,0.0,697.3333333333334,0.3666666666666667,0.0,True
SEDOL:783884,2024,0.0,864.0166666666668,0.325,0.0,True
SEDOL:783884,2025,0.0,1062.1083333333333,0.225,0.0,True
SEDOL:783884,2026,0.0,1345.2857142857142,0.2,0.0,True
SEDOL:787369,2007,0.0,248.16666666666666,3.658333333333333,0.0,False
SEDOL:787369,2008,2.15,191.45833333333334,5.333333333333333,1.1229597388465724,False
SEDOL:787369,2009,0.0,151.75,4.941666666666666,0.0,False
SEDOL:787369,2010,4.6,208.08333333333334,4.45,2.2106527833400076,True
SEDOL:787369,2011,4.7,230.58416666666668,4.5249999999999995,2.0383012710470867,True
SEDOL:787369,2012,4.85,221.13583333333335,4.616666666666666,2.193222114612813,True
SEDOL:787369,2013,5.05,248.6875,4.1499999999999995,2.0306609700929883,True
SEDOL:787369,2014,5.225,246.51083333333335,3.983333333333333,2.1195823036850983,True
SEDOL:787369,2015,5.324999999999999,254.78166666666667,4.158333333333333,2.090024792469369,True
SEDOL:787369,2016,5.4,287.24,3.841666666666667,1.8799610082161258,True
SEDOL:787369,2017,5.525,351.5416666666667,3.7083333333333335,1.571648690292758,False
SEDOL:787369,2018,5.725,368.3333333333333,3.6750000000000003,1.5542986425339367,False
SEDOL:787369,2019,5.925,400.0833333333333,3.6166666666666667,1.4809414705269737,False
SEDOL:787369,2020,6.0,415.3333333333333,3.3666666666666667,1.4446227929373998,True
SEDOL:787369,2021,6.225,494.2916666666667,2.9250000000000003,1.2593778976650087,True
SEDOL:787369,2022,6.75,490.75,3.233333333333333,1.3754457463066734,True
SEDOL:787369,2023,10.52,511.0833333333333,3.1666666666666665,2.0583727376487855,True
SEDOL:787369,2024,7.15,508.875,3.0583333333333336,1.40506018177352,True
SEDOL:787369,2025,11.75,508.7916666666667,3.2416666666666667,2.3093931700925396,True
SEDOL:787369,2026,3.845,530.7857142857143,3.3857142857142857,0.7243977930292019,False
SEDOL:787972,2007,0.0,1047.625,0.0,0.0,True
SEDOL:787972,2008,0.0,745.0,0.76,0.0,False
SEDOL:787972,2009,0.0,663.0416666666666,2.4233333333333333,0.0,False
SEDOL:787972,2010,0.0,810.5833333333334,2.1941666666666664,0.0,False
SEDOL:787972,2011,0.0,948.125,1.0533333333333335,0.0,False
SEDOL:787972,2012,0.0,787.2083333333334,2.5208333333333335,0.0,False
SEDOL:787972,2013,0.0,806.0208333333334,2.8175000000000003,0.0,False
SEDOL:787972,2014,0.0,939.0208333333334,2.08,0.0,False
SEDOL:787972,2015,0.0,835.2916666666666,2.2266666666666666,0.0,False
SEDOL:787972,2016,0.0,791.2916666666666,2.2866666666666666,0.0,False
SEDOL:787972,2017,0.0,940.2916666666666,1.8975,0.0,False
SEDOL:787972,2018,0.0,1028.3333333333333,1.8641666666666667,0.0,False
SEDOL:787972,2019,0.0,671.6666666666666,2.0816666666666666,0.0,False
SEDOL:787972,2020,0.0,167.67499999999998,1.7833333333333332,0.0,False
SEDOL:787972,2021,0.0,215.75,1.6758333333333333,0.0,False
SEDOL:787972,2022,0.0,185.04545454545453,1.7836363636363637,0.0,False
SEDOL:787972,2023,0.0,179.86363636363637,1.8018181818181818,0.0,False
SEDOL:787972,2024,0.0,213.66666666666666,1.67,0.0,False
SEDOL:787972,2025,0.0,244.16666666666666,,0.0,True
SEDOL:787972,2026,0.0,293.85714285714283,,0.0,True
SEDOL:787983,2007,0.0,,0.0,,True
SEDOL:787983,2008,0.0,,0.0,,True
SEDOL:787983,2009,0.0,,,,True
SEDOL:787983,2010,0.0,,,,True
SEDOL:787983,2011,0.0,,,,True
SEDOL:787983,2012,0.0,740.0,,0.0,True
SEDOL:787983,2013,0.0,,,,True
SEDOL:787983,2014,0.0,,,,True
SEDOL:787983,2015,0.0,,,,True
SEDOL:787983,2016,0.0,,,,True
SEDOL:787983,2017,0.0,,,,True
SEDOL:787983,2018,0.0,,,,True
SEDOL:787983,2019,0.0,,,,True
SEDOL:789235,2007,0.0,,0.0,,True
SEDOL:789235,2008,0.0,,0.0,,True
SEDOL:791348,2006,0.0,134.25,3.09,0.0,False
SEDOL:791348,2007,0.0,144.75,2.4141666666666666,0.0,False
SEDOL:791348,2008,2.2,110.20833333333333,4.05,1.9962192816635165,True
SEDOL:791348,2009,0.0,89.45833333333333,3.5833333333333335,0.0,False
SEDOL:791348,2010,1.5,116.4375,2.0833333333333335,1.288244766505636,True
SEDOL:791348,2011,3.25,127.62666666666667,2.3833333333333333,2.5464897618052653,True
SEDOL:791348,2012,3.75,128.53166666666667,2.8666666666666667,2.917568951879563,True
SEDOL:791348,2013,4.5,171.1775,2.7583333333333333,2.6288501701450246,True
SEDOL:791348,2014,2.25,173.93833333333336,3.1916666666666664,1.2935618945411687,False
SEDOL:791348,2015,5.0,160.89583333333334,3.8333333333333335,3.107600673313479,True
SEDOL:791348,2016,7.699999999999999,155.9275,3.7916666666666665,4.938192429173814,True
SEDOL:791348,2017,5.4,171.9375,4.05,3.1406761177753544,True
SEDOL:791348,2018,6.0,179.85416666666666,3.0833333333333335,3.336036140391521,True
SEDOL:791348,2019,0.0,182.9375,2.566666666666667,0.0,False
SEDOL:791348,2020,0.0,182.83333333333334,1.8833333333333335,0.0,False
SEDOL:791348,2021,0.0,235.20833333333334,1.3166666666666667,0.0,False
SEDOL:791348,2022,0.0,169.25833333333333,2.2333333333333334,0.0,False
SEDOL:791348,2023,0.0,163.09166666666667,2.766666666666667,0.0,False
SEDOL:791348,2024,0.0,173.34166666666667,2.858333333333333,0.0,False
SEDOL:791348,2025,0.0,197.08333333333334,2.341666666666667,0.0,False
SEDOL:791348,2026,0.0,207.14285714285714,2.042857142857143,0.0,False
SEDOL:791586,2007,0.0,212.79166666666666,3.2816666666666667,0.0,False
SEDOL:791586,2008,0.0,170.54166666666666,5.141666666666667,0.0,False
SEDOL:791586,2009,0.0,162.60416666666666,5.075,0.0,False
SEDOL:791586,2010,13.399999999999999,183.60416666666666,4.541666666666667,7.2983093157835,True
SEDOL:791586,2011,7.7,196.3033333333333,4.6000000000000005,3.9225008914774757,True
SEDOL:791586,2012,7.5,197.48000000000002,4.6,3.7978529471338867,True
SEDOL:791586,2013,9.8,248.57333333333335,4.091666666666667,3.942498524915518,True
SEDOL:791586,2014,10.1,266.6983333333333,3.8000000000000003,3.7870502877783263,True
SEDOL:791586,2015,12.3,271.11583333333334,3.8333333333333335,4.536806223662087,True
SEDOL:791586,2016,10.6,252.25,4.2250000000000005,4.202180376610506,True
SEDOL:791586,2017,11.6,286.0225,4.175,4.055624994537143,True
SEDOL:791586,2018,11.799999999999999,286.4583333333333,4.3500000000000005,4.119272727272728,True
SEDOL:791586,2019,12.5,285.375,4.5249999999999995,4.380201489268506,True
SEDOL:791586,2020,12.6,249.29166666666666,4.6499999999999995,5.054320574962394,True
SEDOL:791586,2021,12.8,301.0833333333333,3.5500000000000003,4.2513146969277615,True
SEDOL:791586,2022,13.2,296.25,3.1166666666666667,4.455696202531645,True
SEDOL:791586,2023,13.8,289.5416666666667,2.9416666666666664,4.76615340336739,True
SEDOL:791586,2024,14.95,281.25,2.8666666666666667,5.315555555555555,True
SEDOL:791586,2025,14.7,312.625,2.575833333333333,4.702119152339065,True
SEDOL:791586,2026,6.5,357.85714285714283,3.64,1.816367265469062,True
SEDOL:791887,2007,0.0,162.4375,1.5333333333333332,0.0,False
SEDOL:791887,2008,0.0,138.1875,3.266666666666667,0.0,False
SEDOL:791887,2009,0.0,142.5625,3.4,0.0,False
SEDOL:791887,2010,0.0,195.03083333333333,2.475,0.0,False
SEDOL:791887,2011,2.65,213.59166666666667,2.3249999999999997,1.24068510787718,True
SEDOL:791887,2012,2.75,234.21916666666667,2.275,1.1741139886786949,True
SEDOL:791887,2013,6.7,254.72916666666666,2.25,2.630244540770426,True
SEDOL:791887,2014,0.0,254.3125,2.025,0.0,False
SEDOL:791887,2015,6.95,276.75,2.316666666666667,2.5112917795844627,True
SEDOL:791887,2016,4.75,303.4166666666667,2.558333333333333,1.5655039824224113,True
SEDOL:791887,2017,5.6,412.9941666666667,2.1999999999999997,1.3559513552451306,True
SEDOL:791887,2018,9.5,438.6666666666667,2.1,2.1656534954407296,True
SEDOL:791887,2019,0.0,444.875,2.1666666666666665,0.0,False
SEDOL:791887,2020,17.7,479.25,1.9416666666666667,3.6932707355242567,True
SEDOL:791887,2021,9.7,606.0,1.55,1.6006600660066004,True
SEDOL:791887,2022,12.0,518.5833333333334,1.9333333333333333,2.313996464727623,True
SEDOL:791887,2023,12.0,496.375,2.025,2.4175270712666834,True
SEDOL:791887,2024,12.5,518.0416666666666,1.9000000000000001,2.4129333226091854,True
SEDOL:791887,2025,13.0,585.5833333333334,1.5416666666666667,2.220008538494379,True
SEDOL:791887,2026,0.0,765.7142857142857,1.352857142857143,0.0,False
SEDOL:802284,2007,0.0,99.08333333333333,1.545,0.0,False
SEDOL:802284,2008,0.0,75.97916666666667,2.0083333333333333,0.0,False
SEDOL:802284,2009,0.0,68.97916666666667,2.2666666666666666,0.0,False
SEDOL:802284,2010,0.0,82.33583333333333,1.95,0.0,False
SEDOL:802284,2011,0.0,87.23083333333334,2.183333333333333,0.0,False
SEDOL:802284,2012,0.0,88.34499999999998,2.65,0.0,False
SEDOL:802284,2013,1.75,118.53166666666668,1.925,1.4763987120178854,True
SEDOL:802284,2014,1.8,121.36500000000001,1.883333333333333,1.4831294030404152,True
SEDOL:802284,2015,2.0,152.39583333333334,1.8499999999999999,1.3123718386876282,True
SEDOL:802284,2016,2.8,156.79166666666666,2.283333333333333,1.7858091947913899,True
SEDOL:802284,2017,3.5,200.8125,2.033333333333333,1.7429193899782136,True
SEDOL:802284,2018,4.0,210.125,2.1999999999999997,1.9036287923854849,True
SEDOL:802284,2019,4.7,187.54166666666666,2.6416666666666666,2.5061097533881362,True
SEDOL:802284,2020,4.9,174.08333333333334,2.766666666666667,2.814743896601245,True
SEDOL:802284,2021,4.3,208.77083333333334,2.6333333333333333,2.0596746831653525,True
SEDOL:802284,2022,4.9,201.35416666666666,2.966666666666667,2.433523021210554,True
SEDOL:802284,2023,5.4,221.20833333333334,5.266666666666667,2.441137690713882,True
SEDOL:802284,2024,10.81,253.58333333333334,5.55,4.262898455471574,True
SEDOL:802284,2025,14.25,271.6666666666667,5.3075,5.245398773006134,True
SEDOL:802284,2026,9.27,356.14285714285717,2.4385714285714286,2.602888086642599,True
SEDOL:805250,2007,0.0,299.5416666666667,6.185,0.0,False
SEDOL:805250,2008,4.4,192.66666666666666,8.794166666666667,2.2837370242214536,False
SEDOL:805250,2009,7.4,141.3375,8.258333333333333,5.235694702396745,True
SEDOL:805250,2010,9.0,180.16666666666666,5.673333333333333,4.995374653098983,True
SEDOL:805250,2011,9.0,184.70916666666668,5.366666666666667,4.872524825062824,True
SEDOL:805250,2012,9.0,197.28166666666667,5.2716666666666665,4.562005254754201,True
SEDOL:805250,2013,9.0,233.04250000000002,4.645,3.8619565100786333,True
SEDOL:805250,2014,9.0,248.39583333333334,4.968333333333333,3.623249182252789,True
SEDOL:805250,2015,9.0,235.7408333333333,4.698333333333333,3.8177518390605507,True
SEDOL:805250,2016,9.0,213.14666666666668,4.7425,4.2224446390591766,True
SEDOL:805250,2017,6.0,254.1575,4.5,2.3607408791792492,True
SEDOL:805250,2018,6.0,261.4166666666667,4.739166666666667,2.295186483901817,True
SEDOL:805250,2019,6.0,269.4166666666667,4.964166666666666,2.2270337148159602,False
SEDOL:805250,2020,6.0,228.3125,4.9025,2.6279770052012044,True
SEDOL:805250,2021,6.2,260.375,4.676666666666667,2.381180988958233,True
SEDOL:805250,2022,6.4,258.625,5.761666666666667,2.474625422909618,False
SEDOL:805250,2023,6.4,239.5,5.7250000000000005,2.67223382045929,True
SEDOL:805250,2024,6.4,233.20833333333334,5.4991666666666665,2.7443273182061816,True
SEDOL:805250,2025,6.6,274.1666666666667,5.609999999999999,2.4072948328267474,False
SEDOL:805250,2026,0.0,321.5,5.355,0.0,False
SEDOL:806372,2007,0.0,261.7291666666667,4.839166666666666,0.0,False
SEDOL:806372,2008,3.4,125.39583333333333,7.010000000000001,2.7114138561222796,False
SEDOL:806372,2009,1.75,79.33333333333333,6.343333333333334,2.2058823529411766,False
SEDOL:806372,2010,6.25,110.54166666666667,4.641666666666667,5.653976630229928,True
SEDOL:806372,2011,6.0,124.10416666666667,4.45,4.834648312909183,True
SEDOL:806372,2012,6.0,126.92750000000001,4.308333333333334,4.727107994721396,True
SEDOL:806372,2013,6.2,197.60416666666666,3.6999999999999997,3.1375856615709017,True
SEDOL:806372,2014,6.4,203.27083333333334,3.4416666666666664,3.148508762939428,True
SEDOL:806372,2015,11.549999999999999,210.18833333333336,3.516666666666667,5.495071879980651,True
SEDOL:806372,2016,6.8,195.54166666666666,3.4416666666666664,3.477519710206691,True
SEDOL:806372,2017,7.0,247.75,2.938333333333333,2.825428859737639,True
SEDOL:806372,2018,7.2,275.9583333333333,3.4433333333333334,2.6090895364638382,True
SEDOL:806372,2019,7.8,284.8333333333333,3.7116666666666664,2.7384435342305444,True
SEDOL:806372,2020,8.58,275.125,2.6591666666666667,3.1185824625170375,True
SEDOL:806372,2021,8.51,348.75,2.733333333333333,2.4401433691756274,True
SEDOL:806372,2022,9.6,271.1666666666667,4.021666666666667,3.540258143822987,True
SEDOL:806372,2023,10.4,256.8,4.9159999999999995,4.049844236760125,True
SEDOL:822022,2007,0.0,68.5625,0.0,0.0,True
SEDOL:822022,2008,0.0,71.85714285714286,0.0,0.0,True
SEDOL:822196,2007,0.0,4.483333333333333,0.29833333333333334,0.0,True
SEDOL:822196,2008,0.0,3.165714285714286,0.74,0.0,False
SEDOL:846505,2007,0.0,665.7916666666666,1.4983333333333333,0.0,False
SEDOL:846505,2008,0.0,615.125,0.2675,0.0,True
SEDOL:846505,2009,0.0,621.125,0.35000000000000003,0.0,True
SEDOL:846505,2010,0.0,756.8333333333334,1.3066666666666666,0.0,False
SEDOL:846505,2011,0.0,855.375,1.61,0.0,False
SEDOL:846505,2012,0.0,917.0833333333334,1.9258333333333333,0.0,False
SEDOL:846505,2013,0.0,1106.8333333333333,1.7442857142857144,0.0,False
SEDOL:846505,2014,0.0,564.6750000000001,,0.0,True
SEDOL:846505,2015,3.75,277.3333333333333,,1.3521634615384617,True
SEDOL:846505,2016,4.75,315.3833333333333,,1.5061036833483064,True
SEDOL:846505,2017,5.0,383.02500000000003,1.7455555555555557,1.3053978199856404,True
SEDOL:846505,2018,5.75,423.5416666666667,1.9475,1.3575996064928677,True
SEDOL:846505,2019,6.5,456.7916666666667,2.4341666666666666,1.422968165648089,True
SEDOL:846505,2020,6.5,488.7916666666667,2.0,1.3298099053789105,True
SEDOL:846505,2021,6.75,663.3333333333334,1.68,1.0175879396984924,True
SEDOL:846505,2022,7.0,725.3333333333334,1.6891666666666667,0.9650735294117646,True
SEDOL:846505,2023,7.25,760.8333333333334,2.0458333333333334,0.9529025191675794,True
SEDOL:846505,2024,8.0,997.5,2.6341666666666668,0.8020050125313283,False
SEDOL:846505,2025,11.0,1069.25,2.58,1.0287584755669863,False
SEDOL:846505,2026,8.75,1156.857142857143,2.244285714285714,0.7563595949617189,False
SEDOL:848471,2007,0.0,236.5625,4.7491666666666665,0.0,False
SEDOL:848471,2008,0.0,155.41666666666666,5.954999999999999,0.0,False
SEDOL:848471,2009,0.0,128.54166666666666,6.698333333333333,0.0,False
SEDOL:848471,2010,0.0,165.39583333333334,5.815,0.0,False
SEDOL:848471,2011,0.0,188.51250000000002,5.6066666666666665,0.0,False
SEDOL:848471,2012,0.0,180.47916666666666,5.69,0.0,False
SEDOL:848471,2013,0.0,234.5,4.9425,0.0,False
SEDOL:848471,2014,0.0,268.38666666666666,4.880833333333333,0.0,False
SEDOL:848471,2015,0.0,250.94916666666666,5.049166666666667,0.0,False
SEDOL:848471,2016,0.0,238.32333333333335,4.949166666666667,0.0,False
SEDOL:848471,2017,0.0,267.6466666666667,4.850833333333333,0.0,False
SEDOL:848471,2018,0.0,267.6666666666667,4.9783333333333335,0.0,False
SEDOL:848471,2019,0.0,258.25,5.230833333333334,0.0,False
SEDOL:848471,2020,0.0,187.72916666666666,4.75,0.0,False
SEDOL:848471,2021,0.0,221.66666666666666,4.163333333333333,0.0,False
SEDOL:848471,2022,0.0,240.9090909090909,4.931818181818182,0.0,False
SEDOL:848471,2023,0.0,,,,True
SEDOL:848471,2024,0.0,,,,True
SEDOL:848471,2025,0.0,,,,True
SEDOL:848471,2026,0.0,,,,True
SEDOL:852814,2007,0.0,402.0625,1.1066666666666667,0.0,False
SEDOL:852814,2008,0.0,330.25,1.4749999999999999,0.0,False
SEDOL:852814,2009,0.0,300.6666666666667,1.7300000000000002,0.0,False
SEDOL:852814,2010,0.0,370.3333333333333,1.6708333333333334,0.0,False
SEDOL:852814,2011,0.0,401.5833333333333,1.4800000000000002,0.0,False
SEDOL:852814,2012,0.0,398.4583333333333,1.8766666666666667,0.0,False
SEDOL:852814,2013,0.0,503.875,1.5733333333333333,0.0,False
SEDOL:852814,2014,0.0,554.4791666666666,1.6133333333333333,0.0,False
SEDOL:852814,2015,0.0,606.7083333333334,1.805,0.0,False
SEDOL:852814,2016,0.0,625.1041666666666,1.9708333333333332,0.0,False
SEDOL:852814,2017,0.0,750.4583333333334,1.9583333333333333,0.0,False
SEDOL:852814,2018,0.0,805.8333333333334,1.8308333333333333,0.0,False
SEDOL:852814,2019,0.0,835.4166666666666,1.7925000000000002,0.0,False
SEDOL:852814,2020,0.0,805.4166666666666,1.7358333333333331,0.0,False
SEDOL:852814,2021,0.0,1030.0,1.7,0.0,False
SEDOL:852814,2022,0.0,970.4545454545455,1.7036363636363634,0.0,False
SEDOL:853657,2007,0.0,680.0833333333334,0.7999999999999999,0.0,False
SEDOL:853657,2008,0.0,381.375,2.569090909090909,0.0,False
SEDOL:853657,2009,0.0,285.1458333333333,3.2908333333333335,0.0,False
SEDOL:853657,2010,0.0,384.3958333333333,2.1966666666666668,0.0,False
SEDOL:853657,2011,0.0,442.43833333333333,2.0483333333333333,0.0,False
SEDOL:853657,2012,0.0,437.1983333333333,2.39,0.0,False
SEDOL:853657,2013,0.0,677.9583333333334,2.0416666666666665,0.0,False
SEDOL:853657,2014,0.0,906.5,1.9391666666666667,0.0,False
SEDOL:853657,2015,0.0,935.9166666666666,2.063333333333333,0.0,False
SEDOL:853657,2016,0.0,796.2916666666666,2.5766666666666667,0.0,False
SEDOL:853657,2017,0.0,973.1666666666666,2.3850000000000002,0.0,False
SEDOL:853657,2018,0.0,1038.6666666666667,2.2025,0.0,False
SEDOL:853657,2019,0.0,977.7916666666666,2.7366666666666664,0.0,False
SEDOL:853657,2020,13.0,888.7916666666666,2.5866666666666664,1.4626599784351415,True
SEDOL:853657,2021,13.0,1398.5416666666667,1.8858333333333333,0.9295396990913153,True
SEDOL:853657,2022,14.0,1139.875,3.265833333333333,1.2282048470226998,False
SEDOL:853657,2023,15.0,1010.125,4.035833333333334,1.484964732087613,False
SEDOL:853657,2024,16.5,348.875,3.5124999999999997,4.729487638839125,True
SEDOL:853657,2025,2.6,225.0,3.575,1.1555555555555554,False
SEDOL:871079,2007,0.0,142.20833333333334,1.7975,0.0,False
SEDOL:871079,2008,0.0,119.95833333333333,0.0,0.0,True
SEDOL:871079,2009,0.0,130.39583333333334,,0.0,True
SEDOL:871079,2010,1.9,172.47916666666666,,1.1015823167049161,True
SEDOL:871079,2011,0.0,177.59416666666667,,0.0,True
SEDOL:871079,2012,0.0,168.4375,,0.0,True
SEDOL:871079,2013,3.25,192.7408333333333,1.8555555555555554,1.6862021107791552,True
SEDOL:871079,2014,0.0,181.1775,1.9916666666666665,0.0,False
SEDOL:871079,2015,3.25,196.4075,2.375,1.6547229611903822,True
SEDOL:871079,2016,3.8,228.1875,2.4499999999999997,1.665297178855108,True
SEDOL:871079,2017,4.5,313.8125,1.9333333333333333,1.43397729535949,True
SEDOL:871079,2018,4.8,352.3333333333333,2.191666666666667,1.3623462630085148,True
SEDOL:871079,2019,6.2,360.625,2.5416666666666665,1.7192374350086654,True
SEDOL:871079,2020,0.0,386.125,2.283333333333333,0.0,False
SEDOL:871079,2021,0.0,499.1666666666667,1.8166666666666667,0.0,False
SEDOL:871079,2022,0.0,425.0833333333333,2.1416666666666666,0.0,False
SEDOL:871079,2023,11.0,415.6875,2.1999999999999997,2.6462186137422945,True
SEDOL:871079,2024,11.5,454.5,2.0272727272727273,2.5302530253025304,True
SEDOL:871079,2025,11.5,501.1666666666667,1.7066666666666668,2.2946458264050547,True
SEDOL:871079,2026,11.5,645.7142857142857,1.9485714285714286,1.7809734513274338,True
SEDOL:876999,2007,0.0,167.70833333333334,4.6625000000000005,0.0,False
SEDOL:876999,2008,1.68,121.70833333333333,6.2124999999999995,1.3803491954809997,False
SEDOL:876999,2009,0.0,94.22916666666667,6.059166666666667,0.0,False
SEDOL:876999,2010,6.52,112.54166666666667,5.003333333333333,5.7934098482043686,True
SEDOL:876999,2011,6.52,111.32333333333334,5.2025,5.856813486241279,True
SEDOL:876999,2012,5.2,104.90749999999998,5.22,4.956747610990635,True
SEDOL:876999,2013,5.33,127.62666666666667,4.125,4.176243209360635,True
SEDOL:876999,2014,5.54,135.18833333333333,4.008333333333334,4.097986759212457,True
SEDOL:876999,2015,5.81,142.19833333333335,4.008333333333334,4.085842543864789,True
SEDOL:876999,2016,6.03,149.46916666666667,4.149166666666667,4.034276857545871,True
SEDOL:876999,2017,6.26,172.32500000000002,4.226666666666667,3.6326708254751194,True
SEDOL:876999,2018,6.5,170.125,5.185,3.8207200587803087,True
SEDOL:876999,2019,6.68,174.875,5.179166666666666,3.819871336669049,True
SEDOL:876999,2020,6.72,147.14583333333334,5.229166666666667,4.566897918731417,True
SEDOL:876999,2021,6.72,184.10416666666666,4.2299999999999995,3.650107502546113,True
SEDOL:876999,2022,7.4399999999999995,168.72916666666666,5.066666666666667,4.409433263365848,True
SEDOL:876999,2023,4.3,153.85714285714286,5.741428571428571,2.794800371402043,True
SEDOL:882532,2007,0.0,827.0416666666666,3.7116666666666664,0.0,False
SEDOL:882532,2008,0.0,629.5833333333334,5.0424999999999995,0.0,False
SEDOL:882532,2009,0.0,647.5,4.5675,0.0,False
SEDOL:882532,2010,0.0,786.5833333333334,4.07,0.0,False
SEDOL:882532,2011,0.0,888.0833333333334,3.983333333333333,0.0,False
SEDOL:882532,2012,0.0,934.5416666666666,3.9466666666666668,0.0,False
SEDOL:882532,2013,0.0,1166.6666666666667,3.1649999999999996,0.0,False
SEDOL:882532,2014,0.0,1225.8333333333333,3.3674999999999997,0.0,False
SEDOL:882532,2015,7.93,1133.9166666666667,3.703333333333333,0.6993459248915999,False
SEDOL:882532,2016,16.18,1080.8333333333333,3.796666666666667,1.496993060909792,False
SEDOL:882532,2017,16.66,1276.4166666666667,3.2758333333333334,1.3052164261931187,False
SEDOL:882532,2018,17.5,1258.8333333333333,3.5749999999999997,1.3901760889712698,False
SEDOL:882532,2019,22.0,1294.5,3.8333333333333335,1.6994978756276555,True
SEDOL:882532,2020,30.25,851.5,2.495833333333333,3.5525543159130946,True
SEDOL:882532,2021,37.5,1069.6666666666667,2.39,3.505765035836709,True
SEDOL:882532,2022,25.3,537.7083333333334,3.5866666666666664,4.705153041456799,True
SEDOL:882532,2023,7.3,232.25,4.291666666666667,3.1431646932185147,True
SEDOL:882532,2024,10.75,259.8333333333333,3.9608333333333334,4.137267479153303,True
SEDOL:882532,2025,14.25,328.75,3.1999999999999997,4.334600760456274,True
SEDOL:882532,2026,7.65,393.7142857142857,3.0742857142857143,1.9430333817126269,True
SEDOL:882929,2007,0.0,383.725,0.0,0.0,True
SEDOL:882929,2008,0.0,392.07142857142856,0.0,0.0,True
SEDOL:882929,2009,3.75,382.25909090909096,,0.981010024138792,True
SEDOL:882929,2010,3.75,573.625,,0.6537371976465461,True
SEDOL:882929,2011,4.25,607.1041666666666,,0.7000446106859751,True
SEDOL:882929,2012,5.75,563.0,,1.0213143872113677,True
SEDOL:882929,2013,6.25,577.0,,1.0831889081455806,True
SEDOL:882929,2014,7.25,553.5,,1.3098464317976513,True
SEDOL:882929,2015,8.25,487.55,,1.692134140088196,True
SEDOL:882929,2016,8.25,511.7,,1.6122728161031854,True
SEDOL:882929,2017,16.5,708.625,,2.328452989945317,True
SEDOL:882929,2018,20.0,724.0833333333334,,2.7621130164575898,True
SEDOL:882929,2019,16.0,778.5833333333334,,2.0550144493203466,True
SEDOL:882929,2020,19.0,796.5833333333334,,2.3851867350141225,True
SEDOL:882929,2021,1.0,592.8083333333333,2.1719999999999997,0.168688586811364,False
SEDOL:882929,2022,2.0,150.85,2.28,1.3258203513423932,True
SEDOL:882929,2023,7.0,149.18333333333334,,4.692213160540722,True
SEDOL:882929,2024,5.0,159.38333333333333,,3.137090871065565,True
SEDOL:882929,2025,5.25,196.74166666666667,,2.668473887076962,True
SEDOL:882929,2026,3.25,292.5,,1.1111111111111112,True
SEDOL:890632,2007,0.0,450.7708333333333,1.8816666666666666,0.0,False
SEDOL:890632,2008,0.0,309.125,3.223333333333333,0.0,False
SEDOL:890632,2009,0.0,237.27083333333334,3.3783333333333334,0.0,False
SEDOL:890632,2010,0.0,284.625,2.6262499999999998,0.0,False
SEDOL:891055,2007,0.0,180.16666666666666,1.6866666666666665,0.0,False
SEDOL:891055,2008,0.0,115.27083333333333,2.3291666666666666,0.0,False
SEDOL:891055,2009,0.0,99.08333333333333,2.495833333333333,0.0,False
SEDOL:891055,2010,0.0,144.47916666666666,1.8108333333333333,0.0,False
SEDOL:891055,2011,0.0,182.85500000000002,1.625,0.0,False
SEDOL:891055,2012,0.0,185.345,1.8416666666666668,0.0,False
SEDOL:891055,2013,0.0,255.9375,1.675,0.0,False
SEDOL:891055,2014,0.0,290.85583333333335,1.3841666666666665,0.0,False
SEDOL:891055,2015,0.0,318.8441666666667,1.4216666666666666,0.0,False
SEDOL:891055,2016,0.0,322.9275,2.0541666666666667,0.0,False
SEDOL:891055,2017,6.25,425.18833333333333,1.8416666666666668,1.469936851512859,True
SEDOL:891055,2018,0.0,507.6666666666667,1.8141666666666667,0.0,False
SEDOL:891055,2019,0.0,562.3333333333334,1.7866666666666668,0.0,False
SEDOL:891055,2020,0.0,602.5,1.7191666666666665,0.0,False
SEDOL:891055,2021,0.0,903.0833333333334,1.2008333333333334,0.0,False
SEDOL:891055,2022,0.0,636.5,1.9633333333333332,0.0,False
SEDOL:891055,2023,0.0,586.1666666666666,2.4841666666666664,0.0,False
SEDOL:891055,2024,0.0,609.0,2.555,0.0,False
SEDOL:891055,2025,0.0,586.4166666666666,2.6125000000000003,0.0,False
SEDOL:891055,2026,0.0,607.6666666666666,2.776666666666667,0.0,False
SEDOL:906409,2007,0.0,218.6875,0.0,0.0,True
SEDOL:906409,2008,2.3,154.20833333333334,0.0,1.4914887868143742,True
SEDOL:906409,2009,0.0,132.9625,,0.0,True
SEDOL:906409,2010,3.45,154.025,,2.239896120759617,True
SEDOL:906409,2011,0.0,173.41666666666666,,0.0,True
SEDOL:906409,2012,0.0,156.83333333333334,,0.0,True
SEDOL:906409,2013,0.0,204.42499999999998,,0.0,True
SEDOL:906409,2014,0.0,259.075,,0.0,True
SEDOL:906409,2015,0.0,303.7,,0.0,True
SEDOL:906409,2016,0.0,295.675,,0.0,True
SEDOL:906409,2017,0.0,345.73333333333335,,0.0,True
SEDOL:906409,2018,0.0,397.1666666666667,,0.0,True
SEDOL:906409,2019,0.0,420.25,,0.0,True
SEDOL:906409,2020,0.0,370.7916666666667,,0.0,True
SEDOL:906409,2021,0.0,446.7916666666667,,0.0,True
SEDOL:906409,2022,0.0,384.5833333333333,,0.0,True
SEDOL:906409,2023,5.65,294.8333333333333,,1.916336913510458,True
SEDOL:906409,2024,5.65,325.0416666666667,,1.7382386873477758,True
SEDOL:906409,2025,10.25,318.7083333333333,,3.216106680611845,True
SEDOL:906409,2026,0.0,322.92857142857144,,0.0,True
SEDOL:906506,2007,0.0,293.2916666666667,0.0,0.0,True
SEDOL:906506,2008,0.0,201.45833333333334,0.0,0.0,True
SEDOL:906506,2009,0.0,163.52083333333334,,0.0,True
SEDOL:906506,2010,0.0,236.79166666666666,,0.0,True
SEDOL:906506,2011,0.0,289.26166666666666,,0.0,True
SEDOL:906506,2012,0.0,319.8233333333333,,0.0,True
SEDOL:906506,2013,0.0,473.365,,0.0,True
SEDOL:906506,2014,0.0,546.6041666666666,,0.0,True
SEDOL:906506,2015,0.0,636.8333333333334,,0.0,True
SEDOL:906506,2016,0.0,615.4791666666666,,0.0,True
SEDOL:906506,2017,0.0,776.2083333333334,,0.0,True
SEDOL:906506,2018,0.0,876.1666666666666,,0.0,True
SEDOL:906506,2019,0.0,879.8333333333334,,0.0,True
SEDOL:906506,2020,0.0,836.0833333333334,,0.0,True
SEDOL:906506,2021,0.0,1207.1666666666667,,0.0,True
SEDOL:906506,2022,0.0,888.4166666666666,,0.0,True
SEDOL:906506,2023,7.0,773.6666666666666,,0.9047824213700991,True
SEDOL:906506,2024,15.0,837.75,,1.7905102954341987,True
SEDOL:906506,2025,15.0,835.1666666666666,,1.7960486928756736,True
SEDOL:906506,2026,0.0,897.5714285714286,,0.0,True
SEDOL:906692,2007,0.0,482.8958333333333,0.0,0.0,True
SEDOL:906692,2008,0.0,364.625,0.0,0.0,True
SEDOL:906692,2009,0.0,319.2291666666667,,0.0,True
SEDOL:906692,2010,0.0,379.0,,0.0,True
SEDOL:906692,2011,0.0,377.56333333333333,,0.0,True
SEDOL:906692,2012,0.0,312.99,,0.0,True
SEDOL:906692,2013,0.0,450.625,,0.0,True
SEDOL:906692,2014,0.0,549.8541666666666,,0.0,True
SEDOL:906692,2015,0.0,605.6875,,0.0,True
SEDOL:906692,2016,0.0,678.7708333333334,,0.0,True
SEDOL:906692,2017,0.0,1058.1666666666667,,0.0,True
SEDOL:906692,2018,0.0,1008.0,,0.0,True
SEDOL:906692,2019,0.0,875.75,,0.0,True
SEDOL:906692,2020,0.0,919.0,,0.0,True
SEDOL:906692,2021,0.0,1209.0308333333335,,0.0,True
SEDOL:906692,2022,0.0,147.37666666666667,,0.0,True
SEDOL:906692,2023,0.0,155.875,,0.0,True
SEDOL:906692,2024,0.0,173.24166666666667,,0.0,True
SEDOL:906692,2025,3.45,201.78333333333333,,1.7097546873709424,True
SEDOL:906692,2026,8.43,227.0,2.1266666666666665,3.7136563876651985,True
SEDOL:911544,2006,0.0,193.45,0.0,0.0,True
SEDOL:911544,2007,0.0,219.375,1.0,0.0,False
SEDOL:911544,2008,0.0,165.5,1.325,0.0,False
SEDOL:911544,2009,0.0,130.52083333333334,2.0500000000000003,0.0,False
SEDOL:911544,2010,0.0,153.3125,2.0333333333333337,0.0,False
SEDOL:911544,2011,0.0,181.5,1.65,0.0,False
SEDOL:914327,2007,0.0,629.2083333333334,2.0100000000000002,0.0,False
SEDOL:914327,2008,0.0,539.9583333333334,2.8158333333333334,0.0,False
SEDOL:914327,2009,0.0,553.9583333333334,2.8958333333333335,0.0,False
SEDOL:914327,2010,0.0,783.0,2.1316666666666664,0.0,False
SEDOL:914327,2011,0.0,799.6875,1.8583333333333334,0.0,False
SEDOL:914327,2012,0.0,752.0208333333334,2.1183333333333336,0.0,False
SEDOL:914327,2013,0.0,898.7291666666666,2.1091666666666664,0.0,False
SEDOL:914327,2014,0.0,965.25,1.9191666666666667,0.0,False
SEDOL:914327,2015,16.0,1056.5833333333333,1.5875000000000001,1.514315009070116,True
SEDOL:914327,2016,3.2,227.6875,1.6716666666666666,1.4054350809772165,True
SEDOL:914327,2017,10.48,306.0416666666667,1.6933333333333334,3.424370319945541,True
SEDOL:914327,2018,12.34,316.2083333333333,1.9325,3.90249044669917,True
SEDOL:914327,2019,12.78,328.1666666666667,2.085,3.894362620619604,True
SEDOL:914327,2020,13.1,336.9166666666667,1.8916666666666666,3.8882018303240167,True
SEDOL:914327,2021,18.35,429.625,1.5875000000000001,4.271166715158569,True
SEDOL:914327,2022,29.69,436.7083333333333,1.6983333333333333,6.798587920999905,True
SEDOL:914327,2023,30.11,467.375,2.169166666666667,6.442364268520995,True
SEDOL:914327,2024,33.36,558.0,1.6458333333333333,5.978494623655914,True
SEDOL:914327,2025,45.650000000000006,561.25,1.7341666666666669,8.133630289532295,True
SEDOL:914327,2026,11.5,585.3571428571429,1.6228571428571428,1.9646125686394142,True
SEDOL:920227,2008,0.0,,,,True
SEDOL:920227,2009,0.0,,,,True
SEDOL:923323,2007,0.0,,0.0,,True
SEDOL:923323,2008,0.0,72.5,0.0,0.0,True
SEDOL:923323,2009,0.0,52.0,,0.0,True
SEDOL:923323,2010,0.0,44.375,,0.0,True
SEDOL:958057,2007,0.0,170.375,4.585833333333333,0.0,False
SEDOL:958057,2008,2.075,120.3125,6.3133333333333335,1.7246753246753248,False
SEDOL:958057,2009,2.075,98.8125,6.9125000000000005,2.0999367488931058,False
SEDOL:958057,2010,2.075,117.64583333333333,5.383333333333333,1.7637683725872149,False
SEDOL:958057,2011,6.2250000000000005,126.00083333333333,5.291666666666667,4.940443515585215,True
SEDOL:958057,2012,4.15,131.84416666666667,5.608333333333333,3.1476553759804826,True
SEDOL:958057,2013,4.2,162.88583333333335,5.008333333333334,2.5784931163442693,True
SEDOL:958057,2014,4.3,176.64666666666668,4.9375,2.434237838245839,True
SEDOL:958057,2015,6.625,183.1875,4.6325,3.616513135448652,True
SEDOL:958057,2016,6.875,177.0525,5.120833333333334,3.8830290450572567,True
SEDOL:958057,2017,9.4,190.47916666666666,4.553333333333334,4.934922891829816,True
SEDOL:958057,2018,9.6,176.02083333333334,4.829166666666667,5.453899869807078,True
SEDOL:958057,2019,9.8,174.77083333333334,5.0075,5.607342949100012,True
SEDOL:958057,2020,9.9,142.0,4.884166666666666,6.971830985915493,True
SEDOL:958057,2021,9.95,167.0625,4.504166666666666,5.955854844743733,True
SEDOL:958057,2022,10.15,168.20833333333334,5.31,6.034183799851374,True
SEDOL:958057,2023,10.350000000000001,163.22916666666666,5.242500000000001,6.340778557753671,True
SEDOL:958057,2024,13.225,161.25,5.2683333333333335,8.2015503875969,True
SEDOL:958057,2025,10.899999999999999,178.10416666666666,5.3741666666666665,6.120014036729441,True
SEDOL:958057,2026,8.325,198.21428571428572,4.938571428571429,4.199999999999999,True
SEDOL:958477,2007,0.0,39.375,0.0,0.0,True
SEDOL:973793,2007,0.0,63.0,0.4583333333333333,0.0,True
SEDOL:973793,2008,0.0,59.1875,1.0133333333333334,0.0,False
SEDOL:973793,2009,0.0,42.833333333333336,1.4241666666666666,0.0,False
SEDOL:973793,2010,0.0,40.145833333333336,1.1533333333333333,0.0,False
SEDOL:973793,2011,0.0,34.928333333333335,1.13,0.0,False
SEDOL:973793,2012,0.0,30.9075,,0.0,True
SEDOL:973793,2013,0.0,39.89666666666667,1.96,0.0,False
SEDOL:973793,2014,0.0,43.5,,0.0,True
SEDOL:974406,2007,0.0,476.2083333333333,2.1416666666666666,0.0,False
SEDOL:974406,2008,0.0,402.8958333333333,2.8408333333333338,0.0,False
SEDOL:974406,2009,0.0,369.8666666666666,2.8791666666666664,0.0,False
SEDOL:974406,2010,6.2,457.55,2.526666666666667,1.3550431646814556,True
SEDOL:974406,2011,6.5,484.3666666666666,2.625,1.3419585713302595,True
SEDOL:974406,2012,6.55,476.18333333333334,2.8249999999999997,1.3755206328094922,True
SEDOL:974406,2013,13.8,614.0833333333334,2.625,2.247252001628443,True
SEDOL:974406,2014,11.7,706.7916666666666,2.5083333333333333,1.6553675646996404,True
SEDOL:974406,2015,12.3,786.375,2.209166666666667,1.56413924654268,True
SEDOL:974406,2016,13.95,793.6666666666666,2.1149999999999998,1.757664846703066,True
SEDOL:974406,2017,15.75,1007.1666666666666,1.8733333333333333,1.5637928181366871,True
SEDOL:974406,2018,17.25,1063.5833333333333,1.9466666666666665,1.6218757345451698,True
SEDOL:974406,2019,14.8,488.7916666666667,2.2083333333333335,3.027874861478135,True
SEDOL:974406,2020,4.505,190.90833333333333,2.7125,2.359771268933607,True
SEDOL:974406,2021,4.15,239.66666666666666,2.2708333333333335,1.7315716272600838,True
SEDOL:974406,2022,4.32,221.54166666666666,2.5091666666666668,1.9499717886025956,True
SEDOL:974406,2023,6.1,226.33333333333334,2.5508333333333333,2.6951399116347567,True
SEDOL:974406,2024,4.71,256.72222222222223,2.3244444444444445,1.8346678208180047,True
SEDOL:981536,2006,0.0,2267.4399999999996,0.0,0.0,True
SEDOL:981536,2007,0.0,2388.5108333333333,0.9208333333333334,0.0,False
SEDOL:981536,2008,0.0,1826.9258333333335,4.0275,0.0,False
SEDOL:981536,2009,0.0,1331.6966666666667,5.56,0.0,False
SEDOL:981536,2010,0.0,291.4166666666667,0.0,0.0,True
SEDOL:981536,2011,0.0,185.27083333333334,,0.0,True
SEDOL:981536,2012,0.0,186.78166666666667,,0.0,True
SEDOL:981536,2013,0.0,221.5118181818182,,0.0,True
SEDOL:981536,2014,0.0,224.94833333333335,,0.0,True
SEDOL:981536,2015,0.0,256.5733333333333,,0.0,True
SEDOL:981536,2016,0.0,269.15749999999997,,0.0,True
SEDOL:981536,2017,0.0,349.5425,0.6977777777777778,0.0,False
SEDOL:981536,2018,0.0,373.8888888888889,2.298888888888889,0.0,False
SEDOL:B00DDT8,2011,0.0,,,,True
SEDOL:B00DDT8,2012,0.0,76.25,,0.0,True
SEDOL:B00DDT8,2013,0.0,,,,True
SEDOL:B00DDT8,2014,0.0,,,,True
SEDOL:B00DDT8,2015,0.0,,,,True
SEDOL:B00DDX2,2009,0.0,,,,True
SEDOL:B00DDX2,2010,0.0,,,,True
SEDOL:B00DDX2,2011,0.0,,,,True
SEDOL:B00DDX2,2012,0.0,69.0,,0.0,True
SEDOL:B00DDX2,2013,0.0,,,,True
SEDOL:B00DDX2,2014,0.0,,,,True
SEDOL:B00DDX2,2015,0.0,,,,True
SEDOL:B00DDX2,2016,0.0,,,,True
SEDOL:B00JZX4,2007,0.0,126.55,0.0,0.0,True
SEDOL:B00KTN5,2007,0.0,286.125,1.8083333333333333,0.0,False
SEDOL:B00KTN5,2008,0.0,195.52083333333334,2.33,0.0,False
SEDOL:B00KTN5,2009,0.0,106.14583333333333,2.5500000000000003,0.0,False
SEDOL:B00KTN5,2010,0.0,135.22916666666666,3.3333333333333335,0.0,False
SEDOL:B00KTN5,2011,0.0,158.15666666666667,2.9166666666666665,0.0,False
SEDOL:B00KTN5,2012,0.0,161.83333333333334,3.9166666666666665,0.0,False
SEDOL:B00KTN5,2013,1.875,144.5625,3.5666666666666664,1.297016861219196,False
SEDOL:B00KTN5,2014,5.625,118.77083333333333,2.533333333333333,4.736011226100684,True
SEDOL:B00KTN5,2015,7.5,114.10416666666667,2.9416666666666664,6.572941391272594,True
SEDOL:B00KTN5,2016,7.5,135.47916666666666,2.4499999999999997,5.535906504690144,True
SEDOL:B00KTN5,2017,7.5,162.20833333333334,2.2583333333333333,4.6236835345491905,True
SEDOL:B00KTN5,2018,7.5,171.0,2.1083333333333334,4.385964912280702,True
SEDOL:B00KTN5,2019,7.5,218.45833333333334,2.1416666666666666,3.433148960518787,True
SEDOL:B00KTN5,2020,8.0,173.625,2.939166666666667,4.607631389488841,True
SEDOL:B00KTN5,2021,8.0,253.08333333333334,2.4141666666666666,3.1610141587092526,True
SEDOL:B00KTN5,2022,8.0,204.95454545454547,2.350909090909091,3.9033045021068973,True
SEDOL:B00KTN5,2023,8.0,136.25,3.140833333333333,5.871559633027523,True
SEDOL:B00KTN5,2024,6.0,107.91666666666667,4.171666666666667,5.559845559845559,True
SEDOL:B00KTN5,2025,10.0,131.0,6.822500000000001,7.633587786259542,True
SEDOL:B00KTN5,2026,4.0,193.14285714285714,6.008571428571429,2.0710059171597632,False
SEDOL:B00MKB6,2007,0.0,95.5,0.0,0.0,True
SEDOL:B00MKB6,2008,0.0,90.0,0.0,0.0,True
SEDOL:B00MKB6,2009,0.0,69.0,2.05,0.0,False
SEDOL:B00MKB6,2010,0.0,63.5,,0.0,True
SEDOL:B00MKB6,2011,0.0,58.0,,0.0,True
SEDOL:B00MKB6,2012,0.0,33.0,,0.0,True
SEDOL:B00MKB6,2013,0.0,,,,True
SEDOL:B00MKB6,2014,0.0,,,,True
SEDOL:B00MKB6,2015,0.0,,,,True
SEDOL:B00MKB6,2016,0.0,,,,True
SEDOL:B011QL4,2007,0.0,,0.0,,True
SEDOL:B011QL4,2008,0.0,,0.0,,True
SEDOL:B011QL4,2009,0.0,,,,True
SEDOL:B011QL4,2010,0.0,,,,True
SEDOL:B011QL4,2011,0.0,,,,True
SEDOL:B011QL4,2012,0.0,52.98,,0.0,True
SEDOL:B011QL4,2013,0.0,,,,True
SEDOL:B011QL4,2014,0.0,,,,True
SEDOL:B011QL4,2015,0.0,,,,True
SEDOL:B011QL4,2016,0.0,,,,True
SEDOL:B011QL4,2017,0.0,,,,True
SEDOL:B012T52,2008,0.0,,,,True
SEDOL:B012T52,2009,0.0,,,,True
SEDOL:B012T52,2010,0.0,,,,True
SEDOL:B012T52,2011,0.0,,,,True
SEDOL:B012T52,2012,0.0,60.0,,0.0,True
SEDOL:B012T52,2013,0.0,,,,True
SEDOL:B012T52,2014,0.0,,,,True
SEDOL:B012T52,2015,0.0,,,,True
SEDOL:B012T52,2016,0.0,,,,True
SEDOL:B012T52,2017,0.0,,,,True
SEDOL:B012T52,2018,0.0,,,,True
SEDOL:B012T52,2019,0.0,,,,True
SEDOL:B012T52,2020,0.0,,,,True
SEDOL:B012T52,2021,0.0,,,,True
SEDOL:B012T52,2022,0.0,,,,True
SEDOL:B012T52,2023,0.0,,,,True
SEDOL:B018CS4,2015,0.0,,,,True
SEDOL:B018CS4,2016,0.0,,,,True
SEDOL:B018CS4,2017,0.0,,,,True
SEDOL:B018CS4,2018,0.0,,,,True
SEDOL:B018CS4,2019,0.0,,,,True
SEDOL:B018CS4,2020,0.0,,,,True
SEDOL:B018CS4,2021,0.0,,,,True
SEDOL:B018CS4,2022,0.0,,,,True
SEDOL:B018CS4,2023,0.0,,,,True
SEDOL:B018CS4,2024,0.0,,,,True
SEDOL:B018CS4,2025,0.0,,,,True
SEDOL:B018CS4,2026,0.0,,,,True
SEDOL:B01H4V8,2023,0.0,,,,True
SEDOL:B01H4V8,2024,0.0,,,,True
SEDOL:B01H4V8,2025,0.0,,,,True
SEDOL:B01H4V8,2026,0.0,,,,True
SEDOL:B01HM14,2007,0.0,,0.0,,True
SEDOL:B01HM14,2008,0.0,,0.0,,True
SEDOL:B01HM14,2009,0.0,,,,True
SEDOL:B01HM14,2010,0.0,,,,True
SEDOL:B01HM14,2011,0.0,,,,True
SEDOL:B01HM14,2012,0.0,39.25,,0.0,True
SEDOL:B01HM14,2013,0.0,,,,True
SEDOL:B01HM14,2014,0.0,,,,True
SEDOL:B01HM14,2015,0.0,,,,True
SEDOL:B01HM14,2016,0.0,,,,True
SEDOL:B01HM14,2017,0.0,,,,True
SEDOL:B01HM14,2018,0.0,,,,True
SEDOL:B01HM14,2019,0.0,,,,True
SEDOL:B01HM14,2020,0.0,,,,True
SEDOL:B01HM14,2021,0.0,,,,True
SEDOL:B01HM14,2022,0.0,,,,True
SEDOL:B01HM14,2023,0.0,,,,True
SEDOL:B01HM14,2024,0.0,,,,True
SEDOL:B01HM14,2025,0.0,,,,True
SEDOL:B01HM14,2026,0.0,,,,True
SEDOL:B01JDF1,2007,0.0,87.58333333333333,1.5199999999999998,0.0,False
SEDOL:B01JDF1,2008,0.0,48.25,1.7750000000000001,0.0,False
SEDOL:B01JDF1,2009,0.0,25.666666666666668,1.7750000000000001,0.0,False
SEDOL:B01JDF1,2010,0.0,25.25,0.8825,0.0,False
SEDOL:B01JDF1,2011,0.0,21.275,0.755,0.0,False
SEDOL:B01JDF1,2012,0.0,102.25,,0.0,True
SEDOL:B01JDF1,2013,0.0,110.33416666666666,,0.0,True
SEDOL:B01JDF1,2014,0.0,114.125,,0.0,True
SEDOL:B01JDF1,2015,0.0,103.95833333333333,,0.0,True
SEDOL:B01JDF1,2016,0.0,107.51083333333334,,0.0,True
SEDOL:B01JDF1,2017,0.0,135.75,,0.0,True
SEDOL:B01JDF1,2018,0.0,155.5,,0.0,True
SEDOL:B01JDF1,2019,0.0,138.25,,0.0,True
SEDOL:B01JDF1,2020,0.0,146.20833333333334,,0.0,True
SEDOL:B01JDF1,2021,0.0,194.04166666666666,,0.0,True
SEDOL:B01JDF1,2022,0.0,140.33333333333334,,0.0,True
SEDOL:B01JDF1,2023,0.0,103.79166666666667,,0.0,True
SEDOL:B01JDF1,2024,0.0,81.16666666666667,,0.0,True
SEDOL:B01JDF1,2025,0.0,65.0625,,0.0,True
SEDOL:B01JDF1,2026,0.0,,,,True
SEDOL:B01RDH7,2007,0.0,178.27083333333334,2.5975,0.0,False
SEDOL:B01RDH7,2008,0.0,150.91666666666666,3.720833333333333,0.0,False
SEDOL:B01RDH7,2009,0.0,139.125,3.7624999999999997,0.0,False
SEDOL:B01RDH7,2010,0.0,172.5625,2.3091666666666666,0.0,False
SEDOL:B01RDH7,2011,0.0,190.35500000000002,2.8983333333333334,0.0,False
SEDOL:B01RDH7,2012,0.0,178.60500000000002,2.9175,0.0,False
SEDOL:B01RDH7,2013,0.0,226.91666666666666,2.6566666666666667,0.0,False
SEDOL:B01RDH7,2014,0.0,235.77083333333334,2.7975,0.0,False
SEDOL:B01RDH7,2015,0.0,247.54166666666666,2.535,0.0,False
SEDOL:B01RDH7,2016,0.0,261.0525,2.624166666666667,0.0,False
SEDOL:B01RDH7,2017,0.0,315.8025,2.4250000000000003,0.0,False
SEDOL:B01RDH7,2018,0.0,336.3333333333333,2.2591666666666668,0.0,False
SEDOL:B01RDH7,2019,0.0,368.5833333333333,2.035,0.0,False
SEDOL:B01RDH7,2020,0.0,424.2083333333333,1.9691666666666665,0.0,False
SEDOL:B01RDH7,2021,0.0,626.8333333333334,1.1083333333333334,0.0,False
SEDOL:B01RDH7,2022,0.0,484.5416666666667,1.8008333333333333,0.0,False
SEDOL:B01RDH7,2023,0.0,525.9166666666666,1.6441666666666668,0.0,False
SEDOL:B01RDH7,2024,0.0,594.8333333333334,1.7283333333333333,0.0,False
SEDOL:B01RDH7,2025,0.0,579.75,2.17,0.0,False
SEDOL:B01RDH7,2026,1.75,579.5714285714286,2.1228571428571428,0.301947251663791,False
SEDOL:B01WL23,2006,0.0,88.5,0.0,0.0,True
SEDOL:B01WL23,2007,0.0,,0.0,,True
SEDOL:B01WL23,2008,0.0,87.25,0.0,0.0,True
SEDOL:B01WL23,2009,0.0,63.5,,0.0,True
SEDOL:B01WL23,2010,0.0,75.0,,0.0,True
SEDOL:B01WL23,2011,0.0,81.345,,0.0,True
SEDOL:B01WL23,2012,0.0,82.33333333333333,,0.0,True
SEDOL:B01WL23,2013,0.0,86.0,,0.0,True
SEDOL:B01WL23,2014,0.0,90.25,,0.0,True
SEDOL:B01WL23,2015,0.0,86.5,,0.0,True
SEDOL:B01WL23,2016,0.0,86.25,,0.0,True
SEDOL:B01WL23,2017,0.0,,,,True
SEDOL:B01WL23,2018,0.0,,,,True
SEDOL:B01WL23,2019,0.0,,,,True
SEDOL:B01WL23,2020,0.0,,,,True
SEDOL:B01WL23,2021,0.0,,,,True
SEDOL:B01WL23,2022,0.0,,,,True
SEDOL:B01WL23,2023,0.0,,,,True
SEDOL:B01WL23,2024,0.0,,,,True
SEDOL:B01WL23,2025,0.0,,,,True
SEDOL:B01WL23,2026,0.0,,,,True
SEDOL:B01YYK8,2006,0.0,91.5,0.0,0.0,True
SEDOL:B01YYK8,2007,0.0,,0.0,,True
SEDOL:B01YYK8,2008,0.0,54.5,0.0,0.0,True
SEDOL:B01YYK8,2009,0.0,49.25,,0.0,True
SEDOL:B01YYK8,2010,0.0,54.75,4.65,0.0,False
SEDOL:B01YYK8,2011,0.0,58.5,4.65,0.0,False
SEDOL:B01YYK8,2012,0.0,57.083333333333336,,0.0,True
SEDOL:B01YYK8,2013,0.0,62.0,,0.0,True
SEDOL:B020KN0,2005,0.0,743.5,1.63,0.0,False
SEDOL:B020KN0,2006,0.0,775.375,1.56,0.0,False
SEDOL:B02T219,2006,0.0,97.0,0.0,0.0,True
SEDOL:B02VD56,2007,0.0,,0.0,,True
SEDOL:B02WHS0,2007,0.0,,0.0,,True
SEDOL:B02WHS0,2008,0.0,,0.0,,True
SEDOL:B02WHS0,2010,0.0,,,,True
SEDOL:B02WHS0,2011,0.0,,,,True
SEDOL:B02WHS0,2012,0.0,60.5,,0.0,True
SEDOL:B02WHS0,2013,0.0,73.63,,0.0,True
SEDOL:B02WHS0,2014,0.0,77.16666666666667,,0.0,True
SEDOL:B02WHS0,2015,0.0,72.75,,0.0,True
SEDOL:B02WHS0,2016,0.0,69.8125,,0.0,True
SEDOL:B02WHS0,2017,0.0,75.45454545454545,,0.0,True
SEDOL:B02WHS0,2018,0.0,80.33333333333333,,0.0,True
SEDOL:B02WHS0,2019,0.0,67.33333333333333,,0.0,True
SEDOL:B02WHS0,2020,0.0,64.9,,0.0,True
SEDOL:B02WHS0,2021,0.0,91.70454545454545,,0.0,True
SEDOL:B02WHS0,2022,0.0,67.5909090909091,,0.0,True
SEDOL:B02WHS0,2023,0.0,46.9,,0.0,True
SEDOL:B02WHS0,2024,0.0,39.71666666666667,,0.0,True
SEDOL:B02WHS0,2025,0.0,34.089999999999996,,0.0,True
SEDOL:B02WHS0,2026,0.0,30.983333333333334,,0.0,True
SEDOL:B02WQ61,2007,0.0,97.83333333333333,1.4625000000000001,0.0,False
SEDOL:B02WQ61,2008,0.0,47.416666666666664,2.464166666666667,0.0,False
SEDOL:B02WQ61,2009,0.0,34.875,2.6258333333333335,0.0,False
SEDOL:B02WQ61,2010,0.0,34.208333333333336,1.8233333333333333,0.0,False
SEDOL:B02WQ61,2011,0.0,31.0625,1.3708333333333333,0.0,False
SEDOL:B02WQ61,2012,0.0,26.543333333333333,1.45,0.0,False
SEDOL:B02WQ61,2013,0.0,,,,True
SEDOL:B02WQ94,2006,0.0,80.0,1.12,0.0,False
SEDOL:B02WQ94,2007,0.0,84.33333333333333,1.05,0.0,False
SEDOL:B02WQ94,2008,0.0,66.60416666666667,0.8391666666666667,0.0,False
SEDOL:B02WQ94,2009,0.0,53.895833333333336,0.8375,0.0,False
SEDOL:B02WQ94,2010,0.0,54.583333333333336,1.0083333333333333,0.0,False
SEDOL:B02WQ94,2011,0.0,54.041666666666664,1.1241666666666668,0.0,False
SEDOL:B02WQ94,2012,0.0,51.678333333333335,1.2366666666666666,0.0,False
SEDOL:B02WQ94,2013,0.0,55.25083333333333,1.4558333333333333,0.0,False
SEDOL:B02WQ94,2014,0.0,65.085,1.1033333333333333,0.0,False
SEDOL:B02WQ94,2015,0.0,64.04166666666667,1.1533333333333333,0.0,False
SEDOL:B02WQ94,2016,0.0,62.5625,1.1658333333333333,0.0,False
SEDOL:B02WQ94,2017,0.0,67.375,0.8675,0.0,False
SEDOL:B02WQ94,2018,0.0,68.33333333333333,0.9199999999999999,0.0,False
SEDOL:B02WQ94,2019,0.0,40.75,1.26,0.0,False
SEDOL:B02WQ94,2020,0.0,26.65,1.5325,0.0,False
SEDOL:B02WRR9,2007,0.0,57.833333333333336,4.066666666666666,0.0,False
SEDOL:B02WRR9,2008,0.0,27.770833333333332,5.7,0.0,False
SEDOL:B02WRR9,2009,0.0,8.194444444444445,5.311111111111111,0.0,False
SEDOL:B02WRW4,2007,0.0,72.52083333333333,0.0,0.0,True
SEDOL:B02WRW4,2008,0.0,75.33333333333333,0.0,0.0,True
SEDOL:B02WRW4,2009,0.0,78.02777777777777,,0.0,True
SEDOL:B031G67,2007,0.0,,0.0,,True
SEDOL:B031G67,2008,0.0,,0.0,,True
SEDOL:B031G67,2009,0.0,,,,True
SEDOL:B031G67,2010,0.0,,,,True
SEDOL:B031G67,2011,0.0,,,,True
SEDOL:B037814,2008,0.0,,,,True
SEDOL:B037814,2009,0.0,,,,True
SEDOL:B037814,2010,0.0,,,,True
SEDOL:B037814,2011,0.0,,,,True
SEDOL:B037814,2012,0.0,118.63,,0.0,True
SEDOL:B037814,2013,0.0,,,,True
SEDOL:B037814,2014,0.0,,,,True
SEDOL:B03CKY6,2007,0.0,,0.0,,True
SEDOL:B03CKY6,2008,0.0,,0.0,,True
SEDOL:B03CKY6,2009,0.0,,,,True
SEDOL:B03CKY6,2010,0.0,,,,True
SEDOL:B03CKY6,2011,0.0,,,,True
SEDOL:B03CKY6,2012,0.0,64.5,,0.0,True
SEDOL:B03CKY6,2013,0.0,,,,True
SEDOL:B03CKY6,2014,0.0,,,,True
SEDOL:B03CKY6,2015,0.0,,,,True
SEDOL:B03FH33,2007,0.0,,0.0,,True
SEDOL:B03FH33,2008,0.0,,0.0,,True
SEDOL:B03FH33,2009,0.0,,,,True
SEDOL:B03FH99,2007,0.0,,0.0,,True
SEDOL:B03FJ60,2007,0.0,,0.0,,True
SEDOL:B03FJ60,2008,0.0,,0.0,,True
SEDOL:B03FJ60,2009,0.0,,,,True
SEDOL:B03FJB5,2007,0.0,,0.0,,True
SEDOL:B03GW19,2007,0.0,109.6875,0.0,0.0,True
SEDOL:B03GW19,2008,0.0,75.28571428571429,0.24285714285714285,0.0,True
SEDOL:B03GW19,2009,0.0,49.86363636363637,,0.0,True
SEDOL:B03GW19,2010,0.0,64.0,,0.0,True
SEDOL:B03KMY4,2007,0.0,,0.0,,True
SEDOL:B03KMY4,2008,0.0,,0.0,,True
SEDOL:B03KMY4,2009,0.0,,,,True
SEDOL:B03KMY4,2010,0.0,,,,True
SEDOL:B03KMY4,2011,0.0,,,,True
SEDOL:B03KMY4,2012,0.0,78.0,,0.0,True
SEDOL:B03KMY4,2013,0.0,,,,True
SEDOL:B03KMY4,2014,0.0,,,,True
SEDOL:B03KMY4,2015,0.0,,,,True
SEDOL:B03KMY4,2016,0.0,,,,True
SEDOL:B03KMY4,2017,0.0,,,,True
SEDOL:B03KMY4,2018,0.0,,,,True
SEDOL:B03KMY4,2019,0.0,,,,True
SEDOL:B03KMY4,2020,0.0,,,,True
SEDOL:B03KMY4,2021,0.0,,,,True
SEDOL:B043QW8,2007,0.0,,0.0,,True
SEDOL:B043QW8,2008,0.0,,0.0,,True
SEDOL:B043QW8,2009,0.0,,,,True
SEDOL:B043QW8,2010,0.0,,,,True
SEDOL:B043QW8,2011,0.0,,,,True
SEDOL:B043QW8,2012,0.0,96.75,,0.0,True
SEDOL:B043QW8,2013,0.0,,,,True
SEDOL:B043QW8,2014,0.0,,,,True
SEDOL:B043QW8,2015,0.0,,,,True
SEDOL:B043QW8,2016,0.0,,,,True
SEDOL:B043QW8,2017,0.0,,,,True
SEDOL:B043QW8,2019,0.0,,,,True
SEDOL:B043QW8,2020,0.0,,,,True
SEDOL:B043QW8,2021,0.0,,,,True
SEDOL:B043QW8,2022,0.0,,,,True
SEDOL:B043QW8,2023,0.0,,,,True
SEDOL:B043QW8,2024,0.0,,,,True
SEDOL:B043QW8,2025,0.0,,,,True
SEDOL:B043QW8,2026,0.0,,,,True
SEDOL:B04KJJ7,2007,0.0,,0.0,,True
SEDOL:B0523M3,2007,0.0,,0.0,,True
SEDOL:B0523M3,2008,0.0,,0.0,,True
SEDOL:B0523M3,2009,0.0,,,,True
SEDOL:B0523M3,2010,0.0,,,,True
SEDOL:B0523M3,2011,0.0,,,,True
SEDOL:B0523M3,2012,0.0,41.5,,0.0,True
SEDOL:B0523M3,2013,0.0,,,,True
SEDOL:B0523M3,2014,0.0,,,,True
SEDOL:B0523M3,2015,0.0,,,,True
SEDOL:B0523M3,2016,0.0,,,,True
SEDOL:B05KL90,2005,0.0,113.5,0.0,0.0,True
SEDOL:B05KL90,2006,0.0,131.375,0.0,0.0,True
SEDOL:B05KL90,2007,0.0,117.375,0.0,0.0,True
SEDOL:B05KL90,2008,0.0,79.5,0.0,0.0,True
SEDOL:B05KL90,2009,0.0,78.5,,0.0,True
SEDOL:B05KL90,2010,0.0,92.1,,0.0,True
SEDOL:B05KL90,2011,0.0,,,,True
SEDOL:B05KL90,2012,0.0,103.7,,0.0,True
SEDOL:B05KL90,2013,0.0,,,,True
SEDOL:B05KL90,2014,0.0,,,,True
SEDOL:B05KL90,2015,0.0,,,,True
SEDOL:B05KL90,2016,0.0,,,,True
SEDOL:B05KL90,2017,0.0,,,,True
SEDOL:B05KL90,2018,0.0,,,,True
SEDOL:B05KL90,2019,0.0,,,,True
SEDOL:B05KL90,2020,0.0,,,,True
SEDOL:B05KL90,2021,0.0,,,,True
SEDOL:B05KL90,2022,0.0,,,,True
SEDOL:B05KL90,2023,0.0,,,,True
SEDOL:B05KL90,2024,0.0,,,,True
SEDOL:B05L0J6,2007,0.0,,0.0,,True
SEDOL:B05L0J6,2008,0.0,,0.0,,True
SEDOL:B05L0T6,2007,0.0,84.125,0.0,0.0,True
SEDOL:B05L0T6,2008,0.0,68.0,0.0,0.0,True
SEDOL:B05L0T6,2009,0.0,,,,True
SEDOL:B05L0T6,2010,0.0,,,,True
SEDOL:B05N8X2,2007,0.0,117.45454545454545,0.5327272727272727,0.0,False
SEDOL:B05N8X2,2008,0.0,78.5,1.6163636363636364,0.0,False
SEDOL:B05N8X2,2009,0.0,62.45,1.6600000000000001,0.0,False
SEDOL:B05N8X2,2010,0.0,76.66666666666667,1.3383333333333332,0.0,False
SEDOL:B05N8X2,2011,0.0,82.08333333333333,1.88,0.0,False
SEDOL:B05N8X2,2012,0.0,73.605,,0.0,True
SEDOL:B05N8X2,2013,0.0,70.58333333333333,,0.0,True
SEDOL:B05N8X2,2014,0.0,73.66666666666667,,0.0,True
SEDOL:B05N8X2,2015,0.0,67.35416666666667,,0.0,True
SEDOL:B05N8X2,2016,0.0,64.63583333333334,,0.0,True
SEDOL:B05N8X2,2017,0.0,80.8125,,0.0,True
SEDOL:B05N8X2,2018,0.0,93.75,,0.0,True
SEDOL:B05NYM3,2006,0.0,108.75,5.0,0.0,False
SEDOL:B05NYM3,2007,0.0,104.45833333333333,6.241666666666667,0.0,False
SEDOL:B05NYM3,2008,0.0,67.97916666666667,6.641666666666667,0.0,False
SEDOL:B05NYM3,2009,0.0,41.333333333333336,4.583333333333333,0.0,False
SEDOL:B05NYM3,2010,0.0,57.5,6.211818181818182,0.0,False
SEDOL:B05NYM3,2011,0.0,55.376666666666665,7.135000000000001,0.0,False
SEDOL:B05NYM3,2012,0.0,56.98166666666666,7.226666666666667,0.0,False
SEDOL:B05NYM3,2013,0.0,66.07583333333334,6.3625,0.0,False
SEDOL:B05NYM3,2014,0.0,75.21083333333333,5.788333333333334,0.0,False
SEDOL:B05NYM3,2015,0.0,73.575,5.56,0.0,False
SEDOL:B05NYM3,2016,0.0,73.44083333333333,5.8116666666666665,0.0,False
SEDOL:B05NYM3,2017,0.0,80.12666666666667,5.391666666666667,0.0,False
SEDOL:B05NYM3,2018,0.0,75.44166666666666,6.1175,0.0,False
SEDOL:B05NYM3,2019,0.0,74.25833333333334,5.969166666666666,0.0,False
SEDOL:B05NYM3,2020,0.0,67.59166666666667,5.935,0.0,False
SEDOL:B05NYM3,2021,0.0,72.0,5.5875,0.0,False
SEDOL:B05PYY1,2007,0.0,,0.0,,True
SEDOL:B05PYY1,2008,0.0,,0.0,,True
SEDOL:B05PYY1,2009,0.0,,,,True
SEDOL:B05PYY1,2010,0.0,,,,True
SEDOL:B05PYY1,2011,0.0,,,,True
SEDOL:B05PYY1,2012,0.0,110.13,,0.0,True
SEDOL:B05PYY1,2013,0.0,,,,True
SEDOL:B05Q9S3,2007,0.0,98.0,0.0,0.0,True
SEDOL:B05Q9S3,2008,0.0,87.0,1.07,0.0,False
SEDOL:B05Q9S3,2009,0.0,69.0,1.5,0.0,False
SEDOL:B05Q9S3,2010,0.0,67.0,,0.0,True
SEDOL:B05Q9S3,2011,0.0,65.25,,0.0,True
SEDOL:B05Q9S3,2012,0.0,,,,True
SEDOL:B0634L1,2007,0.0,,0.0,,True
SEDOL:B0634L1,2008,0.0,,0.0,,True
SEDOL:B0634L1,2009,0.0,,,,True
SEDOL:B0634L1,2010,0.0,,,,True
SEDOL:B0634N3,2007,0.0,,0.0,,True
SEDOL:B0634N3,2008,0.0,,0.0,,True
SEDOL:B0634N3,2009,0.0,,,,True
SEDOL:B0634N3,2010,0.0,,,,True
SEDOL:B063C84,2007,0.0,,0.0,,True
SEDOL:B063C84,2008,0.0,,0.0,,True
SEDOL:B063C84,2009,0.0,,,,True
SEDOL:B0672L9,2007,0.0,105.5,0.0,0.0,True
SEDOL:B0672L9,2008,0.0,,0.0,,True
SEDOL:B0672L9,2009,0.0,,,,True
SEDOL:B067N38,2006,0.0,94.0,0.0,0.0,True
SEDOL:B067N38,2007,0.0,94.33333333333333,0.0,0.0,True
SEDOL:B068X31,2007,0.0,,,,True
SEDOL:B068X31,2008,0.0,95.0,0.0,0.0,True
SEDOL:B069709,2007,0.0,84.0,0.0,0.0,True
SEDOL:B069709,2008,0.0,82.0,0.0,0.0,True
SEDOL:B069709,2009,0.0,,,,True
SEDOL:B069709,2010,0.0,,,,True
SEDOL:B069709,2011,0.0,,,,True
SEDOL:B069709,2012,0.0,,,,True
SEDOL:B06FN10,2007,0.0,423.35,0.0,0.0,True
SEDOL:B06FN10,2008,0.0,379.7083333333333,0.0,0.0,True
SEDOL:B06FN10,2009,0.0,417.8958333333333,,0.0,True
SEDOL:B06FN10,2010,0.0,511.5,,0.0,True
SEDOL:B06GDT1,2006,0.0,138.5,0.0,0.0,True
SEDOL:B06GDT1,2007,0.0,142.10416666666666,0.0,0.0,True
SEDOL:B06GDT1,2008,0.0,1200.4166666666667,0.0,0.0,True
SEDOL:B06GDT1,2009,0.0,99.4375,,0.0,True
SEDOL:B06GDT1,2010,0.0,105.08333333333333,,0.0,True
SEDOL:B06GDT1,2011,0.0,109.0,,0.0,True
SEDOL:B06GDT1,2012,0.0,112.40666666666668,,0.0,True
SEDOL:B06GDT1,2013,0.0,131.0,,0.0,True
SEDOL:B06T260,2008,0.0,,,,True
SEDOL:B06T260,2009,0.0,,,,True
SEDOL:B06T260,2010,0.0,,,,True
SEDOL:B06T260,2011,0.0,,,,True
SEDOL:B06T260,2012,0.0,36.75,,0.0,True
SEDOL:B06T260,2013,0.0,,,,True
SEDOL:B06T260,2014,0.0,,,,True
SEDOL:B06T260,2019,0.0,,,,True
SEDOL:B06T260,2020,0.0,,,,True
SEDOL:B06T260,2021,0.0,,,,True
SEDOL:B06T260,2022,0.0,,,,True
SEDOL:B06T260,2023,0.0,,,,True
SEDOL:B06T260,2024,0.0,,,,True
SEDOL:B06T260,2025,0.0,,,,True
SEDOL:B06T260,2026,0.0,,,,True
SEDOL:B078VQ9,2007,0.0,84.0,0.0,0.0,True
SEDOL:B078VQ9,2008,0.0,81.0,0.0,0.0,True
SEDOL:B078VQ9,2009,0.0,,,,True
SEDOL:B078VQ9,2010,0.0,,,,True
SEDOL:B078VQ9,2011,0.0,,,,True
SEDOL:B078VQ9,2012,0.0,,,,True
SEDOL:B07BP66,2007,0.0,404.9375,1.425,0.0,False
SEDOL:B07BP66,2008,0.0,304.6458333333333,2.225,0.0,False
SEDOL:B07BP66,2009,0.0,392.1666666666667,3.2416666666666667,0.0,False
SEDOL:B07BP66,2010,0.0,476.52272727272725,2.2,0.0,False
SEDOL:B07V0H2,2011,0.0,,,,True
SEDOL:B07V0H2,2012,0.0,38.76,,0.0,True
SEDOL:B07V0H2,2013,0.0,,,,True
SEDOL:B07V0H2,2014,0.0,,,,True
SEDOL:B07V0H2,2015,0.0,,,,True
SEDOL:B07V0H2,2016,0.0,,,,True
SEDOL:B07V0H2,2017,0.0,,,,True
SEDOL:B07V0H2,2018,0.0,,,,True
SEDOL:B07V0H2,2019,0.0,,,,True
SEDOL:B07V0H2,2020,0.0,,,,True
SEDOL:B07V0H2,2021,0.0,,,,True
SEDOL:B07V0H2,2022,0.0,,,,True
SEDOL:B07V0H2,2023,0.0,,,,True
SEDOL:B07V0H2,2024,0.0,,,,True
SEDOL:B07V0H2,2025,0.0,,,,True
SEDOL:B07V0H2,2026,0.0,,,,True
SEDOL:B07V0R2,2011,0.0,,,,True
SEDOL:B07V0R2,2012,0.0,72.0,,0.0,True
SEDOL:B07V0R2,2013,0.0,,,,True
SEDOL:B07YBS9,2007,0.0,,0.0,,True
SEDOL:B07YBS9,2008,0.0,,0.0,,True
SEDOL:B07YBS9,2009,0.0,,,,True
SEDOL:B07YBS9,2010,0.0,,,,True
SEDOL:B07YBS9,2011,0.0,,,,True
SEDOL:B07YBS9,2012,0.0,83.5,,0.0,True
SEDOL:B07YBS9,2013,0.0,,,,True
SEDOL:B07YBS9,2014,0.0,,,,True
SEDOL:B07YBS9,2015,0.0,,,,True
SEDOL:B07YBS9,2016,0.0,,,,True
SEDOL:B07YBS9,2017,0.0,,,,True
SEDOL:B07YBS9,2018,0.0,,,,True
SEDOL:B07YBS9,2019,0.0,,,,True
SEDOL:B07YBS9,2020,0.0,,,,True
SEDOL:B07YBS9,2021,0.0,,,,True
SEDOL:B07YBS9,2022,0.0,,,,True
SEDOL:B07YBS9,2023,0.0,,,,True
SEDOL:B07YBS9,2024,0.0,,,,True
SEDOL:B07YBS9,2025,0.0,,,,True
SEDOL:B07YBS9,2026,0.0,,,,True
SEDOL:B083776,2007,0.0,,0.0,,True
SEDOL:B083776,2008,0.0,,0.0,,True
SEDOL:B083776,2009,0.0,,,,True
SEDOL:B083776,2010,0.0,,,,True
SEDOL:B083776,2011,0.0,,,,True
SEDOL:B083776,2012,0.0,67.75,,0.0,True
SEDOL:B083776,2013,0.0,,,,True
SEDOL:B083776,2014,0.0,,,,True
SEDOL:B083776,2015,0.0,,,,True
SEDOL:B083776,2016,0.0,,,,True
SEDOL:B083776,2017,0.0,,,,True
SEDOL:B084LP5,2007,0.0,127.52083333333333,4.3116666666666665,0.0,False
SEDOL:B084LP5,2008,0.0,72.58333333333333,5.6883333333333335,0.0,False
SEDOL:B084LP5,2009,0.0,45.0625,4.838333333333334,0.0,False
SEDOL:B084LP5,2010,0.0,56.479166666666664,4.045,0.0,False
SEDOL:B084LP5,2011,0.0,61.625,3.5675,0.0,False
SEDOL:B084LV1,2007,0.0,116.25,0.0,0.0,True
SEDOL:B084LV1,2008,0.0,119.22916666666667,0.0,0.0,True
SEDOL:B084LV1,2009,0.0,128.3125,,0.0,True
SEDOL:B084LV1,2010,0.0,135.89583333333334,,0.0,True
SEDOL:B084LV1,2011,0.0,139.4075,,0.0,True
SEDOL:B08P0H3,2007,0.0,100.9,0.0,0.0,True
SEDOL:B08P0H3,2008,0.0,57.285714285714285,0.0,0.0,True
SEDOL:B08P0H3,2009,0.0,37.4375,,0.0,True
SEDOL:B08P0H3,2010,0.0,38.875,,0.0,True
SEDOL:B08P0H3,2011,0.0,30.416666666666668,,0.0,True
SEDOL:B08P147,2007,0.0,98.8,0.0,0.0,True
SEDOL:B08P147,2008,0.0,54.57142857142857,0.0,0.0,True
SEDOL:B08P147,2009,0.0,35.5625,,0.0,True
SEDOL:B08P147,2010,0.0,37.25,,0.0,True
SEDOL:B08P147,2011,0.0,30.5,,0.0,True
SEDOL:B08S4K3,2007,0.0,,0.0,,True
SEDOL:B08S4K3,2008,0.0,,0.0,,True
SEDOL:B08S4K3,2009,0.0,,,,True
SEDOL:B08S4K3,2010,0.0,,,,True
SEDOL:B08S4K3,2011,0.0,,,,True
SEDOL:B08S4K3,2012,0.0,302.5,,0.0,True
SEDOL:B08S4K3,2013,0.0,,,,True
SEDOL:B08S4K3,2014,0.0,,,,True
SEDOL:B08S4K3,2015,0.0,,,,True
SEDOL:B08S4K3,2016,0.0,,,,True
SEDOL:B08S4K3,2017,0.0,,,,True
SEDOL:B08S4K3,2018,0.0,,,,True
SEDOL:B09G3N2,2007,0.0,136.04166666666666,3.785833333333333,0.0,False
SEDOL:B09G3N2,2008,0.0,102.66666666666667,5.371666666666666,0.0,False
SEDOL:B09G3N2,2009,0.0,82.22916666666667,5.922499999999999,0.0,False
SEDOL:B09G3N2,2010,1.15,97.0,4.590833333333333,1.1855670103092781,False
SEDOL:B09G3N2,2011,3.4499999999999997,110.96,4.3933333333333335,3.109228550829128,True
SEDOL:B09G3N2,2012,1.15,123.02166666666666,4.264166666666667,0.934794683863276,False
SEDOL:B09G3N2,2013,3.4499999999999997,146.77166666666668,3.52,2.3505899185810155,True
SEDOL:B09G3N2,2014,2.3,142.75083333333333,3.6333333333333333,1.6111990005896053,True
SEDOL:B09G3N2,2015,2.5999999999999996,134.5533333333333,3.6750000000000003,1.9323192786008025,True
SEDOL:B09G3N2,2016,4.35,145.60416666666666,3.3716666666666666,2.9875518672199166,True
SEDOL:B09G3N2,2017,2.9,167.95833333333334,3.169166666666667,1.7266187050359711,True
SEDOL:B09G3N2,2018,1.45,167.0,3.470833333333333,0.8682634730538922,False
SEDOL:B09G3N2,2019,4.35,185.3125,3.39,2.347386172006745,True
SEDOL:B09G3N2,2020,5.575,189.22916666666666,3.1950000000000003,2.9461631619508974,True
SEDOL:B09G3N2,2021,5.7,209.35416666666666,3.341666666666667,2.722658971041895,True
SEDOL:B09G3N2,2022,6.025,226.875,3.174166666666667,2.6556473829201104,True
SEDOL:B09G3N2,2023,7.875,215.58333333333334,3.2775,3.6528797835330495,True
SEDOL:B09G3N2,2024,6.662,222.83333333333334,3.5866666666666664,2.9896783844427826,True
SEDOL:B09G3N2,2025,9.396,241.66666666666666,3.605,3.888000000000001,True
SEDOL:B09G3N2,2026,4.252000000000001,228.85714285714286,3.792857142857143,1.8579275905118604,True
SEDOL:B09LK25,2007,0.0,184.3125,0.0,0.0,True
SEDOL:B09LK25,2008,0.0,164.75,0.0,0.0,True
SEDOL:B09LK25,2009,0.0,137.89166666666668,4.2011111111111115,0.0,False
SEDOL:B09LK25,2010,0.0,133.67499999999998,3.5666666666666664,0.0,False
SEDOL:B09LK25,2011,0.0,122.02083333333333,4.466666666666667,0.0,False
SEDOL:B09LK25,2012,0.0,118.07333333333334,3.658333333333333,0.0,False
SEDOL:B09LK25,2013,0.0,125.59416666666668,3.3775,0.0,False
SEDOL:B09LK25,2014,0.0,152.73,3.3658333333333332,0.0,False
SEDOL:B09LK25,2015,0.0,134.65666666666667,3.2916666666666665,0.0,False
SEDOL:B09LK25,2016,0.0,122.34375,4.08375,0.0,False
SEDOL:B09NK11,2008,0.0,,,,True
SEDOL:B0BDCB2,2007,0.0,,0.0,,True
SEDOL:B0BDCB2,2008,0.0,47.27777777777778,2.3477777777777775,0.0,False
SEDOL:B0BDCB2,2009,0.0,37.333333333333336,2.705833333333333,0.0,False
SEDOL:B0BDCB2,2010,0.0,57.083333333333336,1.7924999999999998,0.0,False
SEDOL:B0BDCB2,2011,0.0,80.06333333333333,2.022727272727273,0.0,False
SEDOL:B0BDCB2,2012,0.0,86.42833333333333,2.4566666666666666,0.0,False
SEDOL:B0BDCB2,2013,0.0,116.73,2.0775,0.0,False
SEDOL:B0BDCB2,2014,0.0,163.88583333333335,1.825,0.0,False
SEDOL:B0BDCB2,2015,0.0,215.72,1.7774999999999999,0.0,False
SEDOL:B0BDCB2,2016,0.0,196.39666666666668,1.7341666666666666,0.0,False
SEDOL:B0BDCB2,2017,0.0,221.0525,1.7716666666666667,0.0,False
SEDOL:B0BDCB2,2018,0.0,219.0,1.7266666666666666,0.0,False
SEDOL:B0BDCB2,2019,0.0,219.83333333333334,2.089166666666667,0.0,False
SEDOL:B0BDCB2,2020,0.0,202.14583333333334,2.160833333333333,0.0,False
SEDOL:B0BDCB2,2021,0.0,288.4583333333333,1.7033333333333334,0.0,False
SEDOL:B0BDCB2,2022,0.0,286.2916666666667,2.5175,0.0,False
SEDOL:B0BDCB2,2023,0.0,308.0,2.765454545454545,0.0,False
SEDOL:B0BDCB2,2024,0.0,340.6666666666667,2.58,0.0,False
SEDOL:B0BDCB2,2025,0.0,345.5,2.7325,0.0,False
SEDOL:B0BDCB2,2026,0.0,367.64285714285717,2.327142857142857,0.0,False
SEDOL:B0BN1P9,2007,0.0,345.7916666666667,0.0,0.0,True
SEDOL:B0BN1P9,2008,0.0,280.5416666666667,0.0,0.0,True
SEDOL:B0BN1P9,2009,0.0,170.9375,,0.0,True
SEDOL:B0BN1P9,2010,0.0,276.2916666666667,,0.0,True
SEDOL:B0BN1P9,2011,0.0,288.1875,,0.0,True
SEDOL:B0BN1P9,2012,0.0,250.95916666666668,,0.0,True
SEDOL:B0BN1P9,2013,0.0,268.8233333333333,,0.0,True
SEDOL:B0BN1P9,2014,0.0,237.62666666666667,3.1654545454545455,0.0,False
SEDOL:B0BN1P9,2015,0.0,208.51250000000002,3.454166666666667,0.0,False
SEDOL:B0BN1P9,2016,0.0,242.73083333333332,2.7,0.0,False
SEDOL:B0BN1P9,2017,0.0,329.60583333333335,3.48125,0.0,False
SEDOL:B0BN1P9,2018,0.0,342.0,3.5509999999999997,0.0,False
SEDOL:B0BZVZ5,2007,0.0,119.77083333333333,2.521666666666667,0.0,False
SEDOL:B0BZVZ5,2008,0.0,92.72916666666667,4.8549999999999995,0.0,False
SEDOL:B0BZVZ5,2009,0.0,88.5,4.698333333333333,0.0,False
SEDOL:B0BZVZ5,2010,0.0,95.95833333333333,3.7125,0.0,False
SEDOL:B0BZVZ5,2011,0.0,108.315,3.575,0.0,False
SEDOL:B0CL3P6,2009,0.0,,,,True
SEDOL:B0CL3P6,2010,0.0,,,,True
SEDOL:B0CL3P6,2011,0.0,,,,True
SEDOL:B0CL3P6,2012,0.0,51.38,,0.0,True
SEDOL:B0CL3P6,2013,0.0,,,,True
SEDOL:B0CRWN5,2007,0.0,,,,True
SEDOL:B0CRWN5,2008,2.475,93.1,6.63,2.6584317937701396,False
SEDOL:B0CRWN5,2009,3.0,96.39583333333333,6.5,3.1121677112599957,True
SEDOL:B0CRWN5,2010,5.800000000000001,138.72916666666666,4.791666666666667,4.180807929118488,True
SEDOL:B0CRWN5,2011,6.35,151.7925,4.933333333333334,4.183342391751898,True
SEDOL:B0CRWN5,2012,6.8,165.75,4.945454545454545,4.102564102564102,True
SEDOL:B0CRWN5,2013,7.45,191.66666666666666,4.741666666666666,3.8869565217391306,True
SEDOL:B0CRWN5,2014,9.15,182.85416666666666,4.466666666666667,5.003987695112225,True
SEDOL:B0CRWN5,2015,8.0,190.60416666666666,4.683333333333334,4.197180019674281,True
SEDOL:B0CRWN5,2016,8.5,208.47916666666666,4.991666666666666,4.077145997801539,True
SEDOL:B0CRWN5,2017,9.2,249.58333333333334,4.266666666666667,3.6861435726210345,True
SEDOL:B0CRWN5,2018,9.7,248.54166666666666,4.3,3.9027661357921204,True
SEDOL:B0CRWN5,2019,10.1,253.95833333333334,4.5,3.977030352748154,True
SEDOL:B0CRWN5,2020,10.299999999999999,224.91666666666666,4.591666666666667,4.579473879214524,True
SEDOL:B0CRWN5,2021,10.5,270.5416666666667,3.6666666666666665,3.8811027260126285,True
SEDOL:B0CRWN5,2022,11.399999999999999,258.5,4.083333333333333,4.410058027079303,True
SEDOL:B0CRWN5,2023,11.8,254.36363636363637,4.1454545454545455,4.639027877055039,True
SEDOL:B0CRWN5,2024,12.0,265.8333333333333,3.65,4.514106583072101,True
SEDOL:B0CRWN5,2025,12.2,297.5833333333333,2.8866666666666667,4.099691963035564,True
SEDOL:B0CRWN5,2026,7.0,407.2857142857143,2.9771428571428573,1.7186951946685374,True
SEDOL:B0D5V53,2007,0.0,,,,True
SEDOL:B0D5V53,2008,0.0,,0.0,,True
SEDOL:B0DQY35,2007,0.0,156.5625,2.6999999999999997,0.0,False
SEDOL:B0DQY35,2008,0.0,135.875,3.33,0.0,False
SEDOL:B0DQY35,2009,4.0,112.33333333333333,4.257499999999999,3.5608308605341246,True
SEDOL:B0DQY35,2010,0.0,142.77083333333334,3.5666666666666664,0.0,False
SEDOL:B0DQY35,2011,0.0,156.0225,3.841666666666667,0.0,False
SEDOL:B0DQY35,2012,1.375,161.36666666666667,3.4499999999999997,0.8520966742408593,False
SEDOL:B0DQY35,2013,4.574999999999999,184.38333333333333,3.209090909090909,2.4812437855916114,True
SEDOL:B0DQY35,2014,6.1,184.75,3.0583333333333336,3.301759133964817,True
SEDOL:B0DQY35,2015,6.199999999999999,178.75,4.0,3.468531468531468,True
SEDOL:B0DQY35,2016,6.5,189.8025,3.6750000000000003,3.424612426074472,True
SEDOL:B0DQY35,2017,6.8,217.20833333333334,3.125,3.1306349510838287,True
SEDOL:B0DQY35,2018,7.2,206.66833333333332,3.6750000000000003,3.4838428722349013,True
SEDOL:B0DQY35,2019,7.325,230.03333333333333,3.766666666666667,3.184321112882191,True
SEDOL:B0DQY35,2020,7.7,182.47916666666666,4.2,4.219659778513529,True
SEDOL:B0DQY35,2021,7.925,209.08333333333334,3.9133333333333336,3.79035472299721,True
SEDOL:B0DQY35,2022,8.15,213.83333333333334,4.158333333333333,3.8113795791114575,True
SEDOL:B0DQY35,2023,8.45,219.75,4.176666666666667,3.8452787258248002,True
SEDOL:B0DQY35,2024,8.775,219.375,4.1883333333333335,4.0,True
SEDOL:B0DQY35,2025,9.395,241.41666666666666,4.409166666666667,3.8916120124266484,True
SEDOL:B0DQY35,2026,7.34,284.7142857142857,4.305714285714286,2.5780230807827396,True
SEDOL:B0FXK92,2008,0.0,,,,True
SEDOL:B0FXK92,2009,0.0,,,,True
SEDOL:B0FXK92,2010,0.0,,,,True
SEDOL:B0FXK92,2011,0.0,,,,True
SEDOL:B0FXK92,2012,0.0,160.03,,0.0,True
SEDOL:B0FXK92,2013,0.0,,,,True
SEDOL:B0FXK92,2014,0.0,,,,True
SEDOL:B0FXK92,2015,0.0,,,,True
SEDOL:B0FXL33,2008,0.0,,,,True
SEDOL:B0FXL33,2009,0.0,,,,True
SEDOL:B0FXL33,2010,0.0,,,,True
SEDOL:B0FXL33,2011,0.0,,,,True
SEDOL:B0FXL33,2012,0.0,183.25,,0.0,True
SEDOL:B0FXL33,2013,0.0,,,,True
SEDOL:B0FXL33,2014,0.0,,,,True
SEDOL:B0FXL33,2015,0.0,,,,True
SEDOL:B0FXRZ7,2007,0.0,97.0,0.0,0.0,True
SEDOL:B0FXRZ7,2008,0.0,85.0,0.855,0.0,False
SEDOL:B0FXRZ7,2009,0.0,,,,True
SEDOL:B0FXRZ7,2010,0.0,56.5,,0.0,True
SEDOL:B0FXRZ7,2011,0.0,57.75,,0.0,True
SEDOL:B0FXRZ7,2012,0.0,,,,True
SEDOL:B0FXS09,2007,0.0,97.0,0.0,0.0,True
SEDOL:B0FXS09,2008,0.0,85.0,0.925,0.0,False
SEDOL:B0FXS09,2009,0.0,,,,True
SEDOL:B0FXS09,2010,0.0,56.5,,0.0,True
SEDOL:B0FXS09,2011,0.0,57.75,,0.0,True
SEDOL:B0FXS09,2012,0.0,,,,True
SEDOL:B0GDRP6,2006,0.0,89.0,0.0,0.0,True
SEDOL:B0GDRP6,2007,0.0,92.79166666666667,0.0,0.0,True
SEDOL:B0GYJV9,2006,0.0,102.25,0.61,0.0,False
SEDOL:B0GYJV9,2007,0.0,101.14583333333333,0.9533333333333333,0.0,False
SEDOL:B0GYJV9,2008,0.0,80.25,1.235,0.0,False
SEDOL:B0GYJV9,2009,0.0,77.33333333333333,1.1725,0.0,False
SEDOL:B0GYJV9,2010,0.0,89.5,0.84,0.0,False
SEDOL:B0HW536,2010,0.0,,,,True
SEDOL:B0HW536,2011,0.0,,,,True
SEDOL:B0HW536,2012,0.0,108.5,,0.0,True
SEDOL:B0HW536,2013,0.0,,,,True
SEDOL:B0HW536,2014,0.0,,,,True
SEDOL:B0HW536,2015,0.0,,,,True
SEDOL:B0HW536,2016,0.0,,,,True
SEDOL:B0HW536,2017,0.0,,,,True
SEDOL:B0HW536,2018,0.0,,,,True
SEDOL:B0HW536,2019,0.0,,,,True
SEDOL:B0HW536,2020,0.0,,,,True
SEDOL:B0HW536,2021,0.0,,,,True
SEDOL:B0HW536,2022,0.0,,,,True
SEDOL:B0HW536,2023,0.0,,,,True
SEDOL:B0HW536,2024,0.0,,,,True
SEDOL:B0HW536,2025,0.0,,,,True
SEDOL:B0HW536,2026,0.0,,,,True
SEDOL:B0HW611,2006,0.0,549.27,5.28,0.0,False
SEDOL:B0HW611,2007,0.0,539.5333333333333,2.8175000000000003,0.0,False
SEDOL:B0HW611,2008,0.0,447.9581818181818,0.7318181818181819,0.0,False
SEDOL:B0HW611,2009,0.0,145.94916666666668,0.9666666666666667,0.0,False
SEDOL:B0HW611,2010,0.0,157.77272727272728,1.458181818181818,0.0,False
SEDOL:B0HW611,2011,0.0,168.1925,1.0216666666666667,0.0,False
SEDOL:B0HW611,2012,0.0,131.9509090909091,0.30727272727272725,0.0,True
SEDOL:B0HW611,2013,0.0,159.52545454545455,0.27636363636363637,0.0,True
SEDOL:B0HW611,2014,0.0,218.56333333333336,0.30583333333333335,0.0,True
SEDOL:B0HW611,2015,0.0,138.32571428571427,0.3085714285714286,0.0,True
SEDOL:B0JMRX8,2006,0.0,84.5,0.0,0.0,True
SEDOL:B0JMRX8,2007,0.0,,0.0,,True
SEDOL:B0JMRX8,2008,0.0,84.875,0.0,0.0,True
SEDOL:B0JMRX8,2009,0.0,65.08333333333333,,0.0,True
SEDOL:B0JMRX8,2010,0.0,,,,True
SEDOL:B0JQZZ8,2007,0.0,94.91666666666667,2.7875,0.0,False
SEDOL:B0JQZZ8,2008,0.0,77.5,2.3466666666666667,0.0,False
SEDOL:B0JQZZ8,2009,0.0,55.0,2.0,0.0,False
SEDOL:B0JQZZ8,2010,0.0,,,,True
SEDOL:B0JQZZ8,2011,0.0,,,,True
SEDOL:B0JQZZ8,2012,0.0,61.0,,0.0,True
SEDOL:B0JQZZ8,2013,0.0,,,,True
SEDOL:B0JQZZ8,2014,0.0,,,,True
SEDOL:B0JQZZ8,2015,0.0,,,,True
SEDOL:B0JQZZ8,2016,0.0,,,,True
SEDOL:B0JQZZ8,2017,0.0,,,,True
SEDOL:B0JQZZ8,2018,0.0,,,,True
SEDOL:B0JQZZ8,2019,0.0,,,,True
SEDOL:B0JQZZ8,2020,0.0,,,,True
SEDOL:B0JQZZ8,2021,0.0,,,,True
SEDOL:B0JQZZ8,2022,0.0,,,,True
SEDOL:B0JQZZ8,2023,0.0,,,,True
SEDOL:B0JQZZ8,2024,0.0,,,,True
SEDOL:B0JQZZ8,2025,0.0,,,,True
SEDOL:B0JQZZ8,2026,0.0,,,,True
SEDOL:B0JR9G0,2007,0.0,94.91666666666667,2.7875,0.0,False
SEDOL:B0JR9G0,2008,0.0,79.16666666666667,2.3466666666666667,0.0,False
SEDOL:B0JR9G0,2009,0.0,55.0,2.0,0.0,False
SEDOL:B0K32V3,2007,0.0,110.97727272727273,1.8527272727272726,0.0,False
SEDOL:B0K32V3,2008,0.0,45.208333333333336,2.7116666666666664,0.0,False
SEDOL:B0K32V3,2009,0.0,32.09375,1.3325,0.0,False
SEDOL:B0K4B08,2007,0.0,,0.0,,True
SEDOL:B0K4B08,2008,0.0,,0.0,,True
SEDOL:B0K4B08,2009,0.0,,,,True
SEDOL:B0K4B08,2010,0.0,,,,True
SEDOL:B0K4B08,2011,0.0,,,,True
SEDOL:B0LCW20,2007,0.0,,0.0,,True
SEDOL:B0LCW20,2008,0.0,,0.0,,True
SEDOL:B0LCW20,2009,0.0,,,,True
SEDOL:B0LCW20,2010,0.0,,,,True
SEDOL:B0LCW20,2011,0.0,,,,True
SEDOL:B0LCW20,2012,0.0,36.0,,0.0,True
SEDOL:B0LCW20,2013,0.0,,,,True
SEDOL:B0LCW20,2014,0.0,,,,True
SEDOL:B0LCW20,2015,0.0,,,,True
SEDOL:B0LCW20,2016,0.0,,,,True
SEDOL:B0LCW20,2017,0.0,,,,True
SEDOL:B0LCW20,2018,0.0,,,,True
SEDOL:B0LHSD8,2007,0.0,,0.0,,True
SEDOL:B0LHSD8,2008,0.0,,0.0,,True
SEDOL:B0LHSD8,2009,0.0,,,,True
SEDOL:B0LHSD8,2010,0.0,,,,True
SEDOL:B0LHSD8,2011,0.0,,,,True
SEDOL:B0LKLZ0,2007,0.0,,0.0,,True
SEDOL:B0LKLZ0,2008,0.0,100.0,0.0,0.0,True
SEDOL:B0LKLZ0,2009,0.0,57.5,,0.0,True
SEDOL:B0LKLZ0,2010,0.0,56.25,,0.0,True
SEDOL:B0LKLZ0,2011,0.0,61.9375,,0.0,True
SEDOL:B0LKLZ0,2012,0.0,69.25,,0.0,True
SEDOL:B0LKLZ0,2013,0.0,77.54333333333334,,0.0,True
SEDOL:B0LKLZ0,2014,0.0,105.41666666666667,,0.0,True
SEDOL:B0LKLZ0,2015,0.0,106.625,,0.0,True
SEDOL:B0LKLZ0,2016,0.0,,,,True
SEDOL:B0LKLZ0,2017,0.0,,,,True
SEDOL:B0LKLZ0,2018,0.0,,,,True
SEDOL:B0LKLZ0,2019,0.0,,,,True
SEDOL:B0LKLZ0,2020,0.0,,,,True
SEDOL:B0LKLZ0,2021,0.0,,,,True
SEDOL:B0LKLZ0,2022,0.0,,,,True
SEDOL:B0LKLZ0,2023,0.0,,,,True
SEDOL:B0LKLZ0,2024,0.0,,,,True
SEDOL:B0LKM13,2007,0.0,84.0,0.0,0.0,True
SEDOL:B0LKM13,2008,0.0,75.5,0.0,0.0,True
SEDOL:B0LKM13,2009,0.0,,,,True
SEDOL:B0LKM13,2010,0.0,,,,True
SEDOL:B0LM0M6,2007,0.0,347.875,1.2,0.0,False
SEDOL:B0LM0M6,2008,0.0,237.0,2.2916666666666665,0.0,False
SEDOL:B0LM0M6,2009,0.0,181.4375,2.975,0.0,False
SEDOL:B0LM0M6,2010,0.0,212.4375,1.78,0.0,False
SEDOL:B0LNG76,2007,0.0,181.75,6.941666666666666,0.0,False
SEDOL:B0LNG76,2008,0.0,140.6875,7.6499999999999995,0.0,False
SEDOL:B0LNG76,2009,0.0,123.125,9.141666666666667,0.0,False
SEDOL:B0LNG76,2010,0.0,165.97916666666666,7.083333333333333,0.0,False
SEDOL:B0LNG76,2011,0.0,163.9908333333333,7.458333333333333,0.0,False
SEDOL:B0LNG76,2012,0.0,156.2925,7.4750000000000005,0.0,False
SEDOL:B0LNG76,2013,0.0,171.89583333333334,6.7,0.0,False
SEDOL:B0LNG76,2014,0.0,187.60416666666666,6.115833333333334,0.0,False
SEDOL:B0LNG76,2015,5.0,185.615,6.355833333333333,2.6937478113299034,False
SEDOL:B0LNG76,2016,10.0,183.16666666666666,6.555,5.45950864422202,True
SEDOL:B0LNG76,2017,10.0,196.87583333333336,5.951666666666667,5.079343579498076,True
SEDOL:B0LNG76,2018,12.5,187.27083333333334,6.2941666666666665,6.6748247858493714,True
SEDOL:B0LNG76,2019,15.0,189.20833333333334,6.211666666666667,7.927769213829553,True
SEDOL:B0LNG76,2020,10.0,177.45833333333334,6.099166666666666,5.635125616341864,True
SEDOL:B0LNG76,2021,10.5,188.85416666666666,5.665833333333333,5.55984555984556,True
SEDOL:B0LNG76,2022,11.125,165.95833333333334,6.5566666666666675,6.703489831785086,True
SEDOL:B0LNG76,2023,11.5,164.04166666666666,7.258333333333333,7.010414020828042,True
SEDOL:B0LNG76,2024,11.5,171.0875,6.9125000000000005,6.721706729012932,True
SEDOL:B0LNG76,2025,12.25,172.875,7.1499999999999995,7.086044830079537,True
SEDOL:B0LNG76,2026,9.1875,172.78571428571428,6.864285714285714,5.317279867713932,True
SEDOL:B0LNMX4,2007,0.0,120.91666666666667,4.3999999999999995,0.0,False
SEDOL:B0LNMX4,2008,0.0,62.166666666666664,8.4,0.0,False
SEDOL:B0LNMX4,2009,0.0,28.125,13.508333333333333,0.0,False
SEDOL:B0LNMX4,2010,0.0,29.708333333333332,7.470833333333334,0.0,False
SEDOL:B0LNMX4,2011,0.0,30.11111111111111,3.964444444444444,0.0,False
SEDOL:B0LNNV9,2007,0.0,110.66666666666667,0.0,0.0,True
SEDOL:B0LNNV9,2008,0.0,107.70833333333333,0.0,0.0,True
SEDOL:B0LNNV9,2009,0.0,104.9375,,0.0,True
SEDOL:B0LNNV9,2010,0.0,126.5,,0.0,True
SEDOL:B0LNNV9,2011,0.0,136.05555555555554,,0.0,True
SEDOL:B0LSPY1,2007,0.0,,0.0,,True
SEDOL:B0LSPY1,2008,0.0,,0.0,,True
SEDOL:B0LVM72,2008,0.0,,,,True
SEDOL:B0LVM72,2009,0.0,,,,True
SEDOL:B0LVM72,2010,0.0,,,,True
SEDOL:B0M2L66,2007,0.0,94.33333333333333,0.0,0.0,True
SEDOL:B0M2L66,2008,0.0,78.14285714285714,0.17142857142857143,0.0,True
SEDOL:B0M2L66,2009,0.0,48.22727272727273,,0.0,True
SEDOL:B0M2L66,2010,0.0,54.5,,0.0,True
SEDOL:B0M9M31,2007,0.0,,0.0,,True
SEDOL:B0M9M31,2008,0.0,,0.0,,True
SEDOL:B0MSVZ3,2007,0.0,,0.0,,True
SEDOL:B0MSVZ3,2008,0.0,,0.0,,True
SEDOL:B0MSVZ3,2009,0.0,,,,True
SEDOL:B0MSVZ3,2010,0.0,,,,True
SEDOL:B0MSVZ3,2011,0.0,,,,True
SEDOL:B0MV237,2006,0.0,100.0,0.0,0.0,True
SEDOL:B0MV237,2007,0.0,99.33333333333333,0.0,0.0,True
SEDOL:B0MV237,2008,0.0,83.0,0.0,0.0,True
SEDOL:B0MV237,2009,0.0,55.5,,0.0,True
SEDOL:B0MV237,2010,0.0,60.125,,0.0,True
SEDOL:B0MV237,2011,0.0,,,,True
SEDOL:B0MV7V0,2007,0.0,96.83333333333333,2.893333333333333,0.0,False
SEDOL:B0MV7V0,2008,0.0,66.375,3.0433333333333334,0.0,False
SEDOL:B0MV7V0,2009,0.0,42.333333333333336,2.902727272727273,0.0,False
SEDOL:B0MV7V0,2010,0.0,43.291666666666664,2.4216666666666664,0.0,False
SEDOL:B0MV7V0,2011,0.0,35.0,1.7441666666666666,0.0,False
SEDOL:B0MV7V0,2012,0.0,28.126666666666665,1.585,0.0,False
SEDOL:B0MV7V0,2013,0.0,,,,True
SEDOL:B0N8MF9,2007,0.0,129.125,3.875,0.0,False
SEDOL:B0N8MF9,2008,0.0,134.6875,4.379166666666666,0.0,False
SEDOL:B0N8MF9,2009,0.0,105.8125,4.855833333333333,0.0,False
SEDOL:B0N8MF9,2010,0.0,132.6875,3.3475,0.0,False
SEDOL:B0N8MF9,2011,0.0,142.06333333333333,3.15,0.0,False
SEDOL:B0N8MF9,2012,0.0,122.6375,,0.0,True
SEDOL:B0N8MF9,2013,0.0,113.78166666666668,,0.0,True
SEDOL:B0N8MF9,2014,0.0,107.355,5.119,0.0,False
SEDOL:B0N8MF9,2015,3.0,74.365,10.1075,4.034155852887784,False
SEDOL:B0N8MF9,2016,5.0,69.605,7.995,7.183391997701314,True
SEDOL:B0N8MF9,2017,4.0,75.40833333333333,6.579166666666667,5.304453530776882,True
SEDOL:B0N8MF9,2018,4.0,77.52499999999999,5.8175,5.159625927120285,True
SEDOL:B0N8MF9,2019,4.0,71.925,5.105833333333334,5.561348627042058,True
SEDOL:B0N8MF9,2020,5.0,60.53333333333333,5.684166666666666,8.259911894273127,True
SEDOL:B0N8MF9,2021,4.1,93.33333333333333,4.466666666666667,4.392857142857142,True
SEDOL:B0N8MF9,2022,4.4,124.1875,3.6133333333333333,3.54302969300453,True
SEDOL:B0N8MF9,2023,4.425000000000001,120.60000000000001,3.7575,3.6691542288557217,True
SEDOL:B0N8MF9,2024,4.5,116.41250000000001,3.6333333333333333,3.865564265005905,True
SEDOL:B0N8MF9,2025,4.75,125.89583333333333,3.393333333333333,3.7729604501075626,True
SEDOL:B0N8MF9,2026,3.3,185.57142857142858,2.8642857142857143,1.7782909930715933,True
SEDOL:B0P6FY1,2017,0.0,0.10250000000000001,13.75,0.0,False
SEDOL:B0P6J83,2007,0.0,110.27083333333333,4.6033333333333335,0.0,False
SEDOL:B0P6J83,2008,0.0,105.5625,5.099166666666666,0.0,False
SEDOL:B0P6J83,2009,0.0,114.72916666666667,5.069166666666667,0.0,False
SEDOL:B0P6J83,2010,6.75,151.25,5.095,4.462809917355372,True
SEDOL:B0P6J83,2011,8.25,167.50166666666667,5.088333333333334,4.925324126128098,True
SEDOL:B0P6J83,2012,8.45,195.25083333333336,4.85,4.327766420117711,True
SEDOL:B0P6J83,2013,7.9,218.39583333333334,4.6658333333333335,3.6172851283029663,True
SEDOL:B0P6J83,2014,7.9,197.0525,4.9,4.009083873586988,True
SEDOL:B0P6J83,2015,8.6,181.0,5.8308333333333335,4.751381215469613,True
SEDOL:B0P6J83,2016,10.5,178.77083333333334,5.7525,5.873441323855028,True
SEDOL:B0P6J83,2017,9.5,211.79166666666666,5.065833333333333,4.485540035412158,True
SEDOL:B0P6J83,2018,9.0,204.3125,5.131666666666667,4.4050168247170385,True
SEDOL:B0P6J83,2019,9.15,210.75,4.995,4.341637010676156,True
SEDOL:B0P6J83,2020,9.25,188.77083333333334,4.724166666666666,4.900121399404039,True
SEDOL:B0P6J83,2021,9.3,226.29166666666666,4.131666666666667,4.109740379303997,True
SEDOL:B0P6J83,2022,9.649999999999999,216.22916666666666,4.701818181818182,4.462857693419404,True
SEDOL:B0P6J83,2023,10.6,205.375,5.648333333333333,5.161290322580645,True
SEDOL:B0P6J83,2024,11.899999999999999,210.375,5.3275,5.656565656565656,True
SEDOL:B0P6J83,2025,18.560000000000002,232.58333333333334,5.5375000000000005,7.9799355069867435,True
SEDOL:B0P6J83,2026,14.48,302.57142857142856,4.032857142857143,4.785646836638338,True
SEDOL:B0P8RJ6,2008,0.0,,,,True
SEDOL:B0P8RJ6,2009,0.0,,,,True
SEDOL:B0P8RJ6,2010,0.0,,,,True
SEDOL:B0P8RJ6,2011,0.0,,,,True
SEDOL:B0P8RJ6,2012,0.0,41.5,,0.0,True
SEDOL:B0P8RJ6,2013,0.0,,,,True
SEDOL:B0P8RJ6,2014,0.0,,,,True
SEDOL:B0P8RJ6,2015,0.0,,,,True
SEDOL:B0P8RJ6,2016,0.0,,,,True
SEDOL:B0P8RJ6,2017,0.0,,,,True
SEDOL:B0P8RJ6,2018,0.0,,,,True
SEDOL:B0P8RJ6,2019,0.0,,,,True
SEDOL:B0P8RJ6,2020,0.0,,,,True
SEDOL:B0P8RJ6,2021,0.0,,,,True
SEDOL:B0P8RJ6,2022,0.0,,,,True
SEDOL:B0P8RJ6,2023,0.0,,,,True
SEDOL:B0P8RJ6,2024,0.0,,,,True
SEDOL:B0P8RJ6,2025,0.0,,,,True
SEDOL:B0P8RJ6,2026,0.0,,,,True
SEDOL:B0PKQN9,2007,0.0,93.5,0.0,0.0,True
SEDOL:B0PKQN9,2008,0.0,73.83333333333333,0.0,0.0,True
SEDOL:B0PKQN9,2009,0.0,27.1,,0.0,True
SEDOL:B0PR328,2007,0.0,,0.0,,True
SEDOL:B0PR328,2008,0.0,,0.0,,True
SEDOL:B0PR328,2009,0.0,,,,True
SEDOL:B0Q73G1,2007,0.0,,0.0,,True
SEDOL:B0Q73G1,2008,0.0,,0.0,,True
SEDOL:B0Q73G1,2009,0.0,,,,True
SEDOL:B0Q73G1,2010,0.0,,,,True
SEDOL:B0Q73G1,2011,0.0,,,,True
SEDOL:B0Q73G1,2012,0.0,86.0,,0.0,True
SEDOL:B0Q73G1,2013,0.0,,,,True
SEDOL:B0Q73G1,2014,0.0,,,,True
SEDOL:B0Q73G1,2015,0.0,,,,True
SEDOL:B0Q73G1,2016,0.0,,,,True
SEDOL:B0Q73G1,2017,0.0,,,,True
SEDOL:B0RFCD4,2007,0.0,95.58333333333333,3.2925,0.0,False
SEDOL:B0RFCD4,2008,0.0,72.25,2.85,0.0,False
SEDOL:B0RFCD4,2009,0.0,59.5,2.5625,0.0,False
SEDOL:B0RFCM3,2007,0.0,95.58333333333333,3.2925,0.0,False
SEDOL:B0RFCM3,2008,0.0,72.16666666666667,2.85,0.0,False
SEDOL:B0RFCM3,2009,0.0,59.25,2.5625,0.0,False
SEDOL:B0S49V7,2007,0.0,698.8125,1.66375,0.0,False
SEDOL:B0S5PX4,2007,0.0,89.0,0.0,0.0,True
SEDOL:B0S5PX4,2008,0.0,89.0,0.0,0.0,True
SEDOL:B0S5PX4,2009,0.0,,,,True
SEDOL:B0S5PX4,2010,0.0,,,,True
SEDOL:B0S5PX4,2011,0.0,,,,True
SEDOL:B0S5PX4,2012,0.0,,,,True
SEDOL:B0S5PZ6,2007,0.0,,,,True
SEDOL:B0S5PZ6,2008,0.0,88.0,0.0,0.0,True
SEDOL:B0S5PZ6,2009,0.0,,,,True
SEDOL:B0S5PZ6,2010,0.0,,,,True
SEDOL:B0S5PZ6,2011,0.0,,,,True
SEDOL:B0S5PZ6,2012,0.0,,,,True
SEDOL:B0T4LH6,2009,0.0,,,,True
SEDOL:B0T4LH6,2010,0.0,,,,True
SEDOL:B0T4LH6,2011,0.0,,,,True
SEDOL:B0T4LH6,2012,0.0,124.0,,0.0,True
SEDOL:B0T4LH6,2013,0.0,,,,True
SEDOL:B0T4LH6,2014,0.0,,,,True
SEDOL:B0T4LH6,2015,0.0,,,,True
SEDOL:B0T4LH6,2016,0.0,,,,True
SEDOL:B0T4LH6,2017,0.0,,,,True
SEDOL:B0T4LH6,2018,0.0,,,,True
SEDOL:B0T4LH6,2019,0.0,,,,True
SEDOL:B0T4LH6,2020,0.0,,,,True
SEDOL:B0T4LH6,2021,0.0,,,,True
SEDOL:B0T4LH6,2022,0.0,,,,True
SEDOL:B0T4LH6,2023,0.0,,,,True
SEDOL:B0T4LH6,2024,0.0,,,,True
SEDOL:B0T4LH6,2025,0.0,,,,True
SEDOL:B0T4LH6,2026,0.0,,,,True
SEDOL:B0T9K29,2008,0.0,,,,True
SEDOL:B0T9K29,2009,0.0,,,,True
SEDOL:B0WCHT1,2007,0.0,,0.0,,True
SEDOL:B0WCHT1,2008,0.0,,0.0,,True
SEDOL:B0WCHT1,2009,0.0,,,,True
SEDOL:B0WCHT1,2010,0.0,,,,True
SEDOL:B0WCHT1,2011,0.0,,,,True
SEDOL:B0WCHT1,2012,0.0,49.0,,0.0,True
SEDOL:B0WCHT1,2013,0.0,,,,True
SEDOL:B0WCHT1,2014,0.0,,,,True
SEDOL:B0WCHT1,2015,0.0,,,,True
SEDOL:B0WCHT1,2016,0.0,,,,True
SEDOL:B0WCHT1,2017,0.0,,,,True
SEDOL:B0WCHT1,2018,0.0,,,,True
SEDOL:B0WCHT1,2019,0.0,,,,True
SEDOL:B0WCHT1,2020,0.0,,,,True
SEDOL:B0WCHT1,2021,0.0,,,,True
SEDOL:B0WCHV3,2007,0.0,,0.0,,True
SEDOL:B0WCHV3,2008,0.0,,0.0,,True
SEDOL:B0WCHV3,2009,0.0,,,,True
SEDOL:B0WCHV3,2010,0.0,,,,True
SEDOL:B0WGN95,2007,0.0,,,,True
SEDOL:B0WGN95,2008,0.0,,0.0,,True
SEDOL:B0WGN95,2009,0.0,,,,True
SEDOL:B0WH8F9,2007,0.0,,0.0,,True
SEDOL:B0WH8F9,2008,0.0,,0.0,,True
SEDOL:B0WH8F9,2009,0.0,,,,True
SEDOL:B0WHX65,2007,0.0,,0.0,,True
SEDOL:B0WHX65,2008,0.0,,0.0,,True
SEDOL:B0WHX65,2009,0.0,,,,True
SEDOL:B0WHX65,2010,0.0,,,,True
SEDOL:B0WHX65,2011,0.0,,,,True
SEDOL:B0WHX65,2012,0.0,23.69,,0.0,True
SEDOL:B0WV8X9,2006,0.0,100.0,0.0,0.0,True
SEDOL:B0WV8X9,2007,0.0,96.54166666666667,0.0,0.0,True
SEDOL:B0WV8X9,2008,0.0,706.3333333333334,0.0,0.0,True
SEDOL:B0WV9X6,2007,0.0,85.0,0.0,0.0,True
SEDOL:B0WV9X6,2008,0.0,,0.0,,True
SEDOL:B0WV9X6,2009,0.0,,,,True
SEDOL:B0XQ3R2,2008,0.0,,,,True
SEDOL:B0XQ3R2,2009,0.0,,,,True
SEDOL:B0XQ3R2,2010,0.0,,,,True
SEDOL:B0XQ3R2,2011,0.0,,,,True
SEDOL:B0XQ3R2,2012,0.0,87.5,,0.0,True
SEDOL:B0XQ3R2,2013,0.0,,,,True
SEDOL:B0XQ3R2,2014,0.0,,,,True
SEDOL:B0YK8W3,2007,0.0,,0.0,,True
SEDOL:B0YK8W3,2008,0.0,,0.0,,True
SEDOL:B0YK8W3,2009,0.0,,,,True
SEDOL:B0YZHK9,2007,0.0,92.5909090909091,3.0833333333333335,0.0,False
SEDOL:B0YZHK9,2008,0.0,77.05,3.0,0.0,False
SEDOL:B0YZHK9,2009,0.0,63.361111111111114,0.0,0.0,True
SEDOL:B0YZHK9,2010,0.0,63.020833333333336,0.0,0.0,True
SEDOL:B0YZHK9,2011,0.0,59.18181818181818,,0.0,True
SEDOL:B0YZHK9,2012,0.0,55.90909090909091,,0.0,True
SEDOL:B0YZHK9,2013,0.0,62.19833333333333,,0.0,True
SEDOL:B0YZHK9,2014,0.0,75.52272727272727,,0.0,True
SEDOL:B0YZHK9,2015,0.0,77.29818181818182,,0.0,True
SEDOL:B0YZHK9,2016,0.0,77.26666666666667,,0.0,True
SEDOL:B0Z52Y7,2011,0.0,,,,True
SEDOL:B0Z52Y7,2012,0.0,30.25,,0.0,True
SEDOL:B0Z52Y7,2013,0.0,,,,True
SEDOL:B0ZQ8Q4,2008,0.0,,,,True
SEDOL:B0ZQ8Q4,2009,0.0,,,,True
SEDOL:B0ZQ8Q4,2010,0.0,,,,True
SEDOL:B0ZQ8Q4,2011,0.0,,,,True
SEDOL:B0ZQ994,2008,0.0,,,,True
SEDOL:B0ZQ994,2009,0.0,,,,True
SEDOL:B0ZQ994,2010,0.0,,,,True
SEDOL:B0ZQ994,2011,0.0,,,,True
SEDOL:B0ZQBH6,2008,0.0,,,,True
SEDOL:B0ZQBH6,2009,0.0,,,,True
SEDOL:B0ZQBH6,2010,0.0,,,,True
SEDOL:B0ZQBH6,2011,0.0,,,,True
SEDOL:B104VL6,2007,0.0,66.04166666666667,0.0,0.0,True
SEDOL:B104VL6,2008,0.0,39.708333333333336,0.0,0.0,True
SEDOL:B104VL6,2009,0.0,35.5,,0.0,True
SEDOL:B104VL6,2010,0.0,41.175,,0.0,True
SEDOL:B11V7W9,2007,0.0,365.2916666666667,0.0,0.0,True
SEDOL:B11V7W9,2008,0.0,307.9583333333333,0.0,0.0,True
SEDOL:B11V7W9,2009,0.0,288.2916666666667,,0.0,True
SEDOL:B11V7W9,2010,0.0,330.25,,0.0,True
SEDOL:B11V7W9,2011,2.141,358.2583333333334,2.29,0.5976134539787397,False
SEDOL:B11V7W9,2012,4.635,363.2583333333334,2.4499999999999997,1.2759514578697435,True
SEDOL:B11V7W9,2013,4.774,434.825,2.1333333333333333,1.0979129534870349,True
SEDOL:B11V7W9,2014,4.917,455.05,2.2391666666666667,1.0805405999340731,True
SEDOL:B11V7W9,2015,5.065,495.5083333333334,2.6533333333333333,1.0221826070869982,False
SEDOL:B11V7W9,2016,6.675000000000001,546.85,2.5225,1.2206272286733109,True
SEDOL:B11V7W9,2017,9.854,705.7083333333334,2.1941666666666664,1.3963275668654422,True
SEDOL:B11V7W9,2018,6.778,739.6666666666666,1.88,0.916358720144209,True
SEDOL:B11V7W9,2019,6.98,784.25,2.0483333333333333,0.8900223143130379,True
SEDOL:B11V7W9,2020,10.785,790.0,1.7183333333333335,1.3651898734177215,True
SEDOL:B11V7W9,2021,7.404,980.75,1.4275,0.7549324496558756,True
SEDOL:B11V7W9,2022,23.825,959.9166666666666,2.4141666666666666,2.4819862835315565,True
SEDOL:B11V7W9,2023,18.68,1020.0,2.2133333333333334,1.8313725490196078,True
SEDOL:B11V7W9,2024,19.58,1212.5,1.8816666666666666,1.6148453608247422,True
SEDOL:B11V7W9,2025,27.97,1245.3333333333333,1.8549999999999998,2.2459850107066384,True
SEDOL:B11V7W9,2026,14.41,1288.7142857142858,1.8942857142857144,1.1181687174370911,True
SEDOL:B120GL7,2007,0.0,122.35714285714286,1.5857142857142856,0.0,False
SEDOL:B120GL7,2008,0.0,100.1875,1.9749999999999999,0.0,False
SEDOL:B120GL7,2009,0.0,78.95833333333333,2.125,0.0,False
SEDOL:B120GL7,2010,0.0,86.52083333333333,1.7750000000000001,0.0,False
SEDOL:B120GL7,2011,0.0,91.63583333333334,1.6500000000000001,0.0,False
SEDOL:B120GL7,2012,0.0,94.34416666666668,2.0166666666666666,0.0,False
SEDOL:B120GL7,2013,1.2,122.88666666666666,1.6575,0.9765095209678295,True
SEDOL:B120GL7,2014,1.1,141.08333333333334,1.5175,0.7796810395747195,True
SEDOL:B120GL7,2015,0.55,140.08333333333334,1.5225,0.39262343842950626,False
SEDOL:B120GL7,2016,0.65,148.08333333333334,1.5916666666666668,0.43894203714124924,False
SEDOL:B120GL7,2017,1.2,179.35416666666666,1.4608333333333334,0.6690672551980485,True
SEDOL:B120GL7,2018,1.3,184.79166666666666,1.7808333333333335,0.7034949267192785,True
SEDOL:B120GL7,2019,3.2,187.625,2.3766666666666665,1.7055296469020653,True
SEDOL:B120GL7,2020,2.4000000000000004,204.08333333333334,1.9366666666666665,1.175990200081666,True
SEDOL:B120GL7,2021,0.64,265.3333333333333,1.2075,0.2412060301507538,False
SEDOL:B120GL7,2022,0.0,208.04545454545453,1.3990909090909092,0.0,False
SEDOL:B120GL7,2023,0.0,206.45,1.4529999999999998,0.0,False
SEDOL:B120GL7,2024,0.0,206.45833333333334,1.5866666666666667,0.0,False
SEDOL:B120GL7,2025,0.0,244.5,1.545,0.0,False
SEDOL:B12MHD2,2016,0.0,54.75,0.0,0.0,True
SEDOL:B12MHD2,2017,0.0,,,,True
SEDOL:B12MHD2,2018,0.0,,,,True
SEDOL:B12MHD2,2019,4.25,,,,True
SEDOL:B12MHD2,2020,0.0,,,,True
SEDOL:B12MHD2,2021,0.8999999999999999,,,,True
SEDOL:B12MHD2,2022,1.25,,,,True
SEDOL:B12MHD2,2023,1.25,,,,True
SEDOL:B12MHD2,2024,0.0,,,,True
SEDOL:B12MHD2,2025,0.0,,,,True
SEDOL:B12MHD2,2026,0.0,,,,True
SEDOL:B132SB6,2009,0.0,,,,True
SEDOL:B132SB6,2010,0.0,,,,True
SEDOL:B132SB6,2011,0.0,,,,True
SEDOL:B132SB6,2012,0.0,107.0,,0.0,True
SEDOL:B132SB6,2013,0.0,,,,True
SEDOL:B132SB6,2014,0.0,,,,True
SEDOL:B132SB6,2015,0.0,,,,True
SEDOL:B132SB6,2016,0.0,,,,True
SEDOL:B13YV68,2007,0.0,,,,True
SEDOL:B13YV68,2008,0.0,90.0,1.7,0.0,False
SEDOL:B13YV68,2009,0.0,87.0,2.72,0.0,False
SEDOL:B13YV68,2010,0.0,84.5,3.5,0.0,False
SEDOL:B13YV68,2011,0.0,82.5,,0.0,True
SEDOL:B13YV68,2012,0.0,,,,True
SEDOL:B13YVK2,2007,0.0,,,,True
SEDOL:B13YVK2,2008,0.0,90.0,1.69,0.0,False
SEDOL:B13YVK2,2009,0.0,87.0,2.72,0.0,False
SEDOL:B13YVK2,2010,0.0,84.5,3.5,0.0,False
SEDOL:B13YVK2,2011,0.0,82.5,,0.0,True
SEDOL:B13YVK2,2012,0.0,,,,True
SEDOL:B13YVW4,2009,0.0,,,,True
SEDOL:B13YVW4,2010,0.0,,,,True
SEDOL:B13YVW4,2011,0.0,,,,True
SEDOL:B13YVW4,2012,0.0,170.1,,0.0,True
SEDOL:B13YVW4,2013,0.0,,,,True
SEDOL:B13YVW4,2014,0.0,,,,True
SEDOL:B13YVW4,2015,0.0,,,,True
SEDOL:B13YVW4,2016,0.0,,,,True
SEDOL:B13YVW4,2017,0.0,,,,True
SEDOL:B13YVW4,2018,0.0,,,,True
SEDOL:B13YVW4,2019,0.0,,,,True
SEDOL:B13YVW4,2020,0.0,,,,True
SEDOL:B13YVW4,2021,0.0,,,,True
SEDOL:B13YXC8,2009,0.0,,,,True
SEDOL:B13YXC8,2010,0.0,,,,True
SEDOL:B13YXC8,2011,0.0,,,,True
SEDOL:B13YXC8,2012,0.0,130.22,,0.0,True
SEDOL:B13YXC8,2013,0.0,,,,True
SEDOL:B13YXC8,2014,0.0,,,,True
SEDOL:B13YXH3,2009,0.0,,,,True
SEDOL:B13YXH3,2010,0.0,,,,True
SEDOL:B13YXH3,2011,0.0,,,,True
SEDOL:B13YXH3,2012,0.0,98.05,,0.0,True
SEDOL:B13YXH3,2013,0.0,,,,True
SEDOL:B13YXH3,2014,0.0,,,,True
SEDOL:B13YXH3,2015,0.0,,,,True
SEDOL:B13YXH3,2016,0.0,,,,True
SEDOL:B1436N6,2009,0.0,,,,True
SEDOL:B1436N6,2010,0.0,,,,True
SEDOL:B1436N6,2011,0.0,,,,True
SEDOL:B1436N6,2012,0.0,117.0,,0.0,True
SEDOL:B1436N6,2013,0.0,,,,True
SEDOL:B1436N6,2014,0.0,,,,True
SEDOL:B1436N6,2015,0.0,,,,True
SEDOL:B1436N6,2016,0.0,,,,True
SEDOL:B1436N6,2017,0.0,,,,True
SEDOL:B1436N6,2018,0.0,,,,True
SEDOL:B1436N6,2019,0.0,,,,True
SEDOL:B1436N6,2020,0.0,,,,True
SEDOL:B1436N6,2021,0.0,,,,True
SEDOL:B1436N6,2022,0.0,,,,True
SEDOL:B1436N6,2023,0.0,,,,True
SEDOL:B1436N6,2024,0.0,,,,True
SEDOL:B1436N6,2025,0.0,,,,True
SEDOL:B15FW33,2011,0.0,73.15333333333334,,0.0,True
SEDOL:B15FW33,2012,0.0,45.78454545454545,,0.0,True
SEDOL:B15FW33,2013,0.0,29.551,,0.0,True
SEDOL:B15FW33,2014,0.0,26.024545454545454,,0.0,True
SEDOL:B15FW33,2015,0.0,16.12727272727273,,0.0,True
SEDOL:B15FW33,2016,0.0,15.959166666666667,,0.0,True
SEDOL:B15FW33,2017,0.0,22.230833333333333,,0.0,True
SEDOL:B15FW33,2018,0.0,20.975454545454543,,0.0,True
SEDOL:B15FW33,2019,0.0,17.635,,0.0,True
SEDOL:B15FW33,2020,0.0,17.05,,0.0,True
SEDOL:B15FW33,2021,0.0,42.94583333333333,,0.0,True
SEDOL:B15FW33,2022,0.0,49.6,,0.0,True
SEDOL:B15FW33,2023,0.0,43.729166666666664,,0.0,True
SEDOL:B15FW33,2024,0.0,49.89166666666667,,0.0,True
SEDOL:B15FW33,2025,0.0,48.137499999999996,,0.0,True
SEDOL:B15FW33,2026,0.0,69.07142857142857,,0.0,True
SEDOL:B15PV03,2007,0.0,,,,True
SEDOL:B15PV03,2008,0.0,,0.0,,True
SEDOL:B15PV03,2011,0.0,,,,True
SEDOL:B15PV03,2012,0.0,105.5,,0.0,True
SEDOL:B15PV03,2013,0.0,,,,True
SEDOL:B15PV03,2014,0.0,,,,True
SEDOL:B15PV03,2015,0.0,,,,True
SEDOL:B15PV03,2016,0.0,,,,True
SEDOL:B15PV03,2017,0.0,,,,True
SEDOL:B15PV03,2018,0.0,,,,True
SEDOL:B15PV03,2019,0.0,,,,True
SEDOL:B15PV03,2020,0.0,,,,True
SEDOL:B15PV03,2021,0.0,,,,True
SEDOL:B15PV03,2022,0.0,,,,True
SEDOL:B15PV03,2023,0.0,,,,True
SEDOL:B15PV03,2024,0.0,,,,True
SEDOL:B15PV03,2025,0.0,,,,True
SEDOL:B16KPY9,2008,0.0,,0.0,,True
SEDOL:B16KPY9,2009,0.0,,,,True
SEDOL:B173611,2008,0.0,,,,True
SEDOL:B173611,2009,0.0,,,,True
SEDOL:B173611,2010,0.0,,,,True
SEDOL:B173611,2011,0.0,,,,True
SEDOL:B173611,2012,0.0,,,,True
SEDOL:B173NZ4,2008,0.0,,,,True
SEDOL:B173NZ4,2009,0.0,,,,True
SEDOL:B173NZ4,2010,0.0,,,,True
SEDOL:B173NZ4,2011,0.0,,,,True
SEDOL:B173P70,2008,0.0,,,,True
SEDOL:B173P70,2009,0.0,,,,True
SEDOL:B173P70,2010,0.0,,,,True
SEDOL:B173P70,2011,0.0,,,,True
SEDOL:B17B347,2007,0.0,,,,True
SEDOL:B17B347,2008,0.0,90.0,2.0,0.0,False
SEDOL:B17B347,2009,0.0,,,,True
SEDOL:B17B347,2010,0.0,,,,True
SEDOL:B17B347,2011,0.0,79.5,,0.0,True
SEDOL:B17B347,2012,0.0,80.75,,0.0,True
SEDOL:B17B347,2013,0.0,,,,True
SEDOL:B17B347,2014,0.0,,,,True
SEDOL:B17B347,2015,0.0,,,,True
SEDOL:B17B347,2016,0.0,,,,True
SEDOL:B17B347,2017,0.0,,,,True
SEDOL:B17B347,2018,0.0,,,,True
SEDOL:B17B347,2019,0.0,,,,True
SEDOL:B17B347,2020,0.0,,,,True
SEDOL:B17B347,2021,0.0,,,,True
SEDOL:B17B347,2022,0.0,,,,True
SEDOL:B17B347,2023,0.0,,,,True
SEDOL:B17B347,2024,0.0,,,,True
SEDOL:B17B347,2025,0.0,,,,True
SEDOL:B17B347,2026,0.0,,,,True
SEDOL:B17MXW8,2006,0.0,110.0,0.0,0.0,True
SEDOL:B17MXW8,2007,0.0,99.35416666666667,0.0,0.0,True
SEDOL:B17MXW8,2008,0.0,53.645833333333336,0.0,0.0,True
SEDOL:B17MXW8,2009,0.0,41.375,,0.0,True
SEDOL:B17MXW8,2010,0.0,56.020833333333336,,0.0,True
SEDOL:B17MXW8,2011,0.0,64.50333333333333,,0.0,True
SEDOL:B17XWW4,2007,0.0,111.6875,3.3508333333333336,0.0,False
SEDOL:B17XWW4,2008,0.0,87.08333333333333,4.675833333333333,0.0,False
SEDOL:B17XWW4,2009,0.0,75.97916666666667,4.621666666666667,0.0,False
SEDOL:B17XWW4,2010,0.0,87.0,3.47,0.0,False
SEDOL:B17XWW4,2011,0.0,88.83416666666666,3.3372727272727274,0.0,False
SEDOL:B17XWW4,2012,0.0,83.105,4.573333333333333,0.0,False
SEDOL:B17XWW4,2013,0.0,105.33416666666666,4.5874999999999995,0.0,False
SEDOL:B17XWW4,2014,0.0,121.27333333333333,4.285,0.0,False
SEDOL:B17XWW4,2015,0.0,131.98083333333332,3.6616666666666666,0.0,False
SEDOL:B17XWW4,2016,0.0,127.05250000000001,3.970833333333333,0.0,False
SEDOL:B17XWW4,2017,0.0,159.28166666666667,3.930909090909091,0.0,False
SEDOL:B17XWW4,2018,0.0,157.4375,4.009166666666666,0.0,False
SEDOL:B17XWW4,2019,0.0,150.22916666666666,4.293333333333334,0.0,False
SEDOL:B17XWW4,2020,0.0,120.81666666666666,4.14,0.0,False
SEDOL:B17XWW4,2021,0.0,149.1875,3.51,0.0,False
SEDOL:B17XWW4,2022,0.0,154.25,3.51,0.0,False
SEDOL:B188SR5,2008,0.0,,0.0,,True
SEDOL:B188SR5,2009,0.0,,,,True
SEDOL:B188SR5,2010,0.0,,,,True
SEDOL:B188SR5,2011,0.0,,,,True
SEDOL:B188SR5,2012,0.0,125.6,,0.0,True
SEDOL:B188SR5,2013,0.0,,,,True
SEDOL:B188SR5,2014,0.0,,,,True
SEDOL:B188SR5,2015,0.0,,,,True
SEDOL:B188SR5,2016,0.0,,,,True
SEDOL:B188SR5,2017,0.0,,,,True
SEDOL:B188SR5,2018,0.0,,,,True
SEDOL:B188SR5,2019,0.0,,,,True
SEDOL:B188SR5,2020,0.0,,,,True
SEDOL:B188SR5,2021,0.0,,,,True
SEDOL:B188SR5,2022,0.0,,,,True
SEDOL:B188SR5,2023,0.0,,,,True
SEDOL:B188SR5,2024,0.0,,,,True
SEDOL:B188SR5,2025,0.0,,,,True
SEDOL:B188SR5,2026,0.0,,,,True
SEDOL:B18CC19,2007,0.0,,,,True
SEDOL:B18J027,2008,0.0,,0.0,,True
SEDOL:B18J027,2009,0.0,,,,True
SEDOL:B18JK16,2007,0.0,235.27083333333334,2.686666666666667,0.0,False
SEDOL:B18JK16,2008,0.0,187.89583333333334,3.6033333333333335,0.0,False
SEDOL:B18JK16,2009,0.0,145.4125,4.039166666666667,0.0,False
SEDOL:B18JK16,2010,0.0,165.4375,2.4383333333333335,0.0,False
SEDOL:B18JK16,2011,0.0,171.79250000000002,2.90625,0.0,False
SEDOL:B18JK16,2012,0.0,157.12583333333333,3.624166666666667,0.0,False
SEDOL:B18JK16,2013,0.0,204.01083333333335,3.611666666666667,0.0,False
SEDOL:B18JK16,2014,0.0,224.08416666666668,3.235,0.0,False
SEDOL:B18JK16,2015,0.0,243.25083333333336,2.7583333333333333,0.0,False
SEDOL:B18JK16,2016,0.0,240.34416666666667,2.89,0.0,False
SEDOL:B18JK16,2017,0.0,300.5733333333333,2.7641666666666667,0.0,False
SEDOL:B18JK16,2018,0.0,294.375,2.7841666666666662,0.0,False
SEDOL:B18JK16,2019,0.0,283.2916666666667,3.0383333333333336,0.0,False
SEDOL:B18JK16,2020,0.0,264.25,2.8000000000000003,0.0,False
SEDOL:B18JK16,2021,0.0,349.8333333333333,2.29,0.0,False
SEDOL:B18JK16,2022,0.0,104.95833333333333,2.4775,0.0,False
SEDOL:B18JK16,2023,0.0,93.41666666666667,3.053636363636364,0.0,False
SEDOL:B18JK16,2024,1.2,101.625,2.7516666666666665,1.1808118081180812,True
SEDOL:B18JK16,2025,2.4,122.83333333333333,2.8608333333333333,1.9538670284938942,True
SEDOL:B18JK16,2026,4.12,143.65714285714287,2.6885714285714286,2.8679395385839297,True
SEDOL:B19Z2J5,2007,0.0,,,,True
SEDOL:B19Z2J5,2008,0.0,78.0,0.0,0.0,True
SEDOL:B19Z2J5,2009,0.0,68.775,,0.0,True
SEDOL:B19Z2J5,2010,0.0,80.55,,0.0,True
SEDOL:B19Z2J5,2011,0.0,81.575,,0.0,True
SEDOL:B19Z2J5,2012,0.0,65.8,,0.0,True
SEDOL:B19Z2J5,2013,0.0,,,,True
SEDOL:B19Z2J5,2014,0.0,,,,True
SEDOL:B19Z2J5,2015,0.0,,,,True
SEDOL:B19Z2J5,2016,0.0,,,,True
SEDOL:B19Z2J5,2017,0.0,,,,True
SEDOL:B19Z2J5,2018,0.0,,,,True
SEDOL:B19Z2J5,2019,0.0,,,,True
SEDOL:B19Z2J5,2020,0.0,,,,True
SEDOL:B19Z2J5,2021,0.0,,,,True
SEDOL:B19Z2J5,2022,0.0,,,,True
SEDOL:B19Z2J5,2023,0.0,,,,True
SEDOL:B19Z2J5,2024,0.0,,,,True
SEDOL:B1B9C40,2007,0.0,161.9625,1.8766666666666667,0.0,False
SEDOL:B1B9C40,2008,0.0,124.875,4.7975,0.0,False
SEDOL:B1B9C40,2009,0.0,68.875,2.8966666666666665,0.0,False
SEDOL:B1B9C40,2010,0.0,71.58333333333333,1.9133333333333333,0.0,False
SEDOL:B1B9C40,2011,0.0,41.458333333333336,1.555,0.0,False
SEDOL:B1B9C40,2012,0.0,29.15,4.146,0.0,False
SEDOL:B1BPPM7,2008,0.0,,,,True
SEDOL:B1BPPM7,2009,0.0,,,,True
SEDOL:B1BV3Z4,2007,0.0,,,,True
SEDOL:B1BV3Z4,2008,0.0,,,,True
SEDOL:B1CH317,2007,0.0,,,,True
SEDOL:B1CH317,2008,0.0,,0.0,,True
SEDOL:B1CH317,2009,0.0,,,,True
SEDOL:B1CH317,2010,0.0,,,,True
SEDOL:B1CH317,2011,0.0,,,,True
SEDOL:B1CH317,2012,0.0,34.5,,0.0,True
SEDOL:B1CH317,2013,0.0,,,,True
SEDOL:B1CH317,2014,0.0,,,,True
SEDOL:B1D5SN7,2008,0.0,,0.0,,True
SEDOL:B1D5SN7,2009,0.0,,,,True
SEDOL:B1DPVL6,2006,0.0,100.5,2.9,0.0,False
SEDOL:B1DPVL6,2007,0.0,100.20833333333333,2.841666666666667,0.0,False
SEDOL:B1DPVL6,2008,0.0,85.04166666666667,3.75,0.0,False
SEDOL:B1DPVL6,2009,0.0,74.29166666666667,4.6499999999999995,0.0,False
SEDOL:B1DPVL6,2010,0.0,87.29166666666667,4.6075,0.0,False
SEDOL:B1DPVL6,2011,0.0,95.10416666666667,4.1275,0.0,False
SEDOL:B1DPVL6,2012,0.0,100.54166666666667,4.233333333333333,0.0,False
SEDOL:B1DPVL6,2013,0.0,136.4275,3.7549999999999994,0.0,False
SEDOL:B1DPVL6,2014,0.0,152.47916666666666,3.4575,0.0,False
SEDOL:B1DPVL6,2015,0.0,167.24,3.5483333333333333,0.0,False
SEDOL:B1DPVL6,2016,0.0,165.77083333333334,3.5241666666666664,0.0,False
SEDOL:B1DPVL6,2017,0.0,183.16750000000002,3.0366666666666666,0.0,False
SEDOL:B1DPVL6,2018,0.0,177.08333333333334,2.828333333333333,0.0,False
SEDOL:B1DPVL6,2019,0.0,173.375,3.470833333333333,0.0,False
SEDOL:B1DPVL6,2020,0.0,147.16666666666666,3.1350000000000002,0.0,False
SEDOL:B1DPVL6,2021,0.0,178.875,2.4175,0.0,False
SEDOL:B1DPVL6,2022,0.0,170.29166666666666,3.609166666666667,0.0,False
SEDOL:B1DPVL6,2023,0.0,160.0,3.8033333333333332,0.0,False
SEDOL:B1DPVL6,2024,0.0,161.58333333333334,3.776666666666667,0.0,False
SEDOL:B1DQ647,2007,0.0,103.54166666666667,2.2916666666666665,0.0,False
SEDOL:B1DQ647,2008,0.0,94.0,3.408333333333333,0.0,False
SEDOL:B1DQ647,2009,0.0,90.16666666666667,2.875,0.0,False
SEDOL:B1DQ647,2010,0.0,107.5625,2.245,0.0,False
SEDOL:B1DQ647,2011,0.0,108.625,2.7724999999999995,0.0,False
SEDOL:B1DQ647,2012,0.0,104.54166666666667,3.58,0.0,False
SEDOL:B1DQ647,2013,0.0,137.8658333333333,3.25,0.0,False
SEDOL:B1DQ647,2014,0.0,147.19833333333335,3.3466666666666662,0.0,False
SEDOL:B1DQ647,2015,0.0,160.1675,3.420833333333333,0.0,False
SEDOL:B1DQ647,2016,0.0,167.81333333333333,3.7733333333333334,0.0,False
SEDOL:B1DQ647,2017,0.0,198.66750000000002,3.5700000000000003,0.0,False
SEDOL:B1DQ647,2018,0.0,201.83333333333334,3.811666666666667,0.0,False
SEDOL:B1DQ647,2019,0.0,201.83333333333334,4.132499999999999,0.0,False
SEDOL:B1DQ647,2020,0.0,184.375,3.3183333333333334,0.0,False
SEDOL:B1DQ647,2021,0.0,229.25,2.1675,0.0,False
SEDOL:B1DQ647,2022,0.0,225.75,2.4791666666666665,0.0,False
SEDOL:B1DQ647,2023,0.0,240.0,2.7258333333333336,0.0,False
SEDOL:B1DQ647,2024,6.26,283.9166666666667,2.395,2.2048723216906367,True
SEDOL:B1DQ647,2025,13.01,352.8333333333333,1.965,3.6872933396315544,True
SEDOL:B1DQ647,2026,20.25,385.85714285714283,1.9628571428571429,5.2480562754535365,True
SEDOL:B1DQ669,2007,0.0,111.22916666666667,0.0,0.0,True
SEDOL:B1DQ669,2008,0.0,121.72916666666667,0.0,0.0,True
SEDOL:B1DQ669,2009,0.0,98.85416666666667,0.0,0.0,True
SEDOL:B1DQ669,2010,0.0,104.625,0.0,0.0,True
SEDOL:B1DQ669,2011,0.0,100.57333333333334,0.0,0.0,True
SEDOL:B1DQ669,2012,0.0,95.5625,0.9045454545454544,0.0,False
SEDOL:B1DQ669,2013,0.0,109.02083333333333,1.3333333333333333,0.0,False
SEDOL:B1DQ669,2014,0.0,114.25,1.6600000000000001,0.0,False
SEDOL:B1DQ669,2015,0.0,118.77083333333333,1.3041666666666667,0.0,False
SEDOL:B1DQ669,2016,0.0,122.75,0.8941666666666667,0.0,False
SEDOL:B1DQ669,2017,0.0,133.0425,0.6991666666666667,0.0,False
SEDOL:B1DQ669,2018,0.0,137.125,0.9433333333333334,0.0,False
SEDOL:B1DQ669,2019,0.0,139.29166666666666,0.8166666666666668,0.0,False
SEDOL:B1DQ669,2020,0.0,138.08333333333334,0.6541666666666667,0.0,False
SEDOL:B1DQ669,2021,0.0,164.625,0.7191666666666666,0.0,False
SEDOL:B1DQ669,2022,0.0,149.45833333333334,1.9508333333333334,0.0,False
SEDOL:B1DQ669,2023,0.0,127.375,3.921666666666667,0.0,False
SEDOL:B1DQ669,2024,0.0,141.5,4.693333333333333,0.0,False
SEDOL:B1DQ670,2007,0.0,97.75,7.691666666666666,0.0,False
SEDOL:B1DQ670,2008,0.0,98.45833333333333,7.2749999999999995,0.0,False
SEDOL:B1DQ670,2009,0.0,98.29166666666667,3.0500000000000003,0.0,False
SEDOL:B1DQ670,2010,0.0,99.4375,0.47000000000000003,0.0,True
SEDOL:B1DQ670,2011,0.0,100.14583333333333,0.6775000000000001,0.0,False
SEDOL:B1DQ670,2012,0.0,99.08333333333333,0.615,0.0,False
SEDOL:B1DQ670,2013,0.0,100.92750000000001,0.46,0.0,True
SEDOL:B1DQ670,2014,0.0,101.17083333333333,0.34833333333333333,0.0,True
SEDOL:B1DQ670,2015,0.0,102.13666666666666,0.25083333333333335,0.0,True
SEDOL:B1DQ670,2016,0.0,101.3125,0.27666666666666667,0.0,True
SEDOL:B1DQ670,2017,0.0,101.34416666666668,0.37833333333333335,0.0,True
SEDOL:B1DQ670,2018,0.0,101.83333333333333,0.685,0.0,False
SEDOL:B1DQ670,2019,0.0,101.70833333333333,1.0433333333333332,0.0,False
SEDOL:B1DQ670,2020,0.0,101.79166666666667,0.9383333333333334,0.0,False
SEDOL:B1DQ670,2021,0.0,102.66666666666667,0.5408333333333334,0.0,False
SEDOL:B1DQ670,2022,0.0,98.41666666666667,0.6875,0.0,False
SEDOL:B1DQ670,2023,0.0,94.6875,2.611666666666667,0.0,False
SEDOL:B1DQ670,2024,0.0,106.0,5.096666666666667,0.0,False
SEDOL:B1DSZV3,2008,0.0,,0.0,,True
SEDOL:B1DSZV3,2009,0.0,,,,True
SEDOL:B1DSZV3,2010,0.0,,,,True
SEDOL:B1DSZV3,2011,0.0,,,,True
SEDOL:B1DSZV3,2012,0.0,122.5,,0.0,True
SEDOL:B1DSZV3,2013,0.0,,,,True
SEDOL:B1DSZV3,2014,0.0,,,,True
SEDOL:B1DSZV3,2015,0.0,,,,True
SEDOL:B1DSZV3,2016,0.0,,,,True
SEDOL:B1DSZV3,2017,0.0,,,,True
SEDOL:B1DSZV3,2018,0.0,,,,True
SEDOL:B1DSZV3,2019,0.0,,,,True
SEDOL:B1DSZV3,2020,0.0,,,,True
SEDOL:B1DSZV3,2021,0.0,,,,True
SEDOL:B1DSZV3,2022,0.0,,,,True
SEDOL:B1DSZV3,2023,0.0,,,,True
SEDOL:B1DSZV3,2024,0.0,,,,True
SEDOL:B1DSZV3,2025,0.0,,,,True
SEDOL:B1DSZV3,2026,0.0,,,,True
SEDOL:B1DVQL9,2009,0.0,,,,True
SEDOL:B1DVQL9,2010,0.0,,,,True
SEDOL:B1DVQL9,2011,0.0,,,,True
SEDOL:B1DVQL9,2012,0.0,75.25,,0.0,True
SEDOL:B1DVQL9,2013,0.0,,,,True
SEDOL:B1DVQL9,2014,0.0,,,,True
SEDOL:B1DVQL9,2015,0.0,,,,True
SEDOL:B1DVQL9,2016,0.0,,,,True
SEDOL:B1DVQL9,2017,0.0,,,,True
SEDOL:B1DVQL9,2018,0.0,,,,True
SEDOL:B1DVQL9,2019,0.0,,,,True
SEDOL:B1FB3X8,2014,0.0,,,,True
SEDOL:B1FB3X8,2015,0.0,,,,True
SEDOL:B1FBT07,2012,0.0,269.36,,0.0,True
SEDOL:B1FBT07,2013,0.0,,,,True
SEDOL:B1FBT07,2014,0.0,,,,True
SEDOL:B1FBT07,2015,0.0,,,,True
SEDOL:B1FBT07,2016,0.0,,,,True
SEDOL:B1FBT07,2017,0.0,,,,True
SEDOL:B1FCZR9,2007,0.0,,0.0,,True
SEDOL:B1FCZR9,2008,0.0,,0.0,,True
SEDOL:B1FCZR9,2009,0.0,,,,True
SEDOL:B1FCZR9,2010,0.0,,,,True
SEDOL:B1FL3C7,2007,0.0,194.08333333333334,1.9583333333333333,0.0,False
SEDOL:B1FL3C7,2008,0.0,148.5625,3.0416666666666665,0.0,False
SEDOL:B1FL3C7,2009,0.0,131.85416666666666,4.05,0.0,False
SEDOL:B1FL3C7,2010,0.0,163.41666666666666,2.6358333333333333,0.0,False
SEDOL:B1FL3C7,2011,0.0,193.115,2.585,0.0,False
SEDOL:B1FL3C7,2012,0.0,208.99,2.795833333333333,0.0,False
SEDOL:B1FL3C7,2013,0.0,279.4066666666667,2.464166666666667,0.0,False
SEDOL:B1FL3C7,2014,0.0,319.6358333333333,2.216666666666667,0.0,False
SEDOL:B1FL3C7,2015,6.8,367.3125,2.495,1.8512846690488345,True
SEDOL:B1FL3C7,2016,10.3,382.2191666666667,2.1241666666666665,2.6947889845049633,True
SEDOL:B1FL3C7,2017,17.3,480.0325,2.1333333333333333,3.6039226510705,True
SEDOL:B1FL3C7,2018,21.0,499.625,2.2675,4.203152364273205,True
SEDOL:B1FL3C7,2019,11.15,522.6666666666666,2.1983333333333337,2.133290816326531,True
SEDOL:B1FL3C7,2020,15.0,440.4166666666667,1.5225,3.4058656575212867,True
SEDOL:B1FL3C7,2021,11.25,590.0833333333334,1.2591666666666665,1.906510379889846,True
SEDOL:B1FL3C7,2022,11.25,18349.75,53.94916666666666,0.06130873717625581,False
SEDOL:B1FL3C7,2023,11.45,423.25,3.200833333333333,2.7052569403425872,True
SEDOL:B1FL3C7,2024,11.55,421.0416666666667,3.0258333333333334,2.743196437407224,True
SEDOL:B1FL3C7,2025,11.55,367.9583333333333,3.5083333333333333,3.138942362133394,True
SEDOL:B1FL3C7,2026,7.7,359.7857142857143,3.9385714285714286,2.1401627953146716,True
SEDOL:B1FMDH5,2007,0.0,,0.0,,True
SEDOL:B1FMDH5,2008,0.0,,0.0,,True
SEDOL:B1FMDH5,2009,0.0,87.0,,0.0,True
SEDOL:B1FMDH5,2010,0.0,94.25,,0.0,True
SEDOL:B1FMDH5,2011,0.0,102.75,,0.0,True
SEDOL:B1FMDH5,2012,0.0,102.79333333333334,,0.0,True
SEDOL:B1FMDH5,2013,0.0,103.75,,0.0,True
SEDOL:B1FMDH5,2014,0.0,105.625,,0.0,True
SEDOL:B1FMDH5,2015,0.0,101.96,,0.0,True
SEDOL:B1FMDH5,2016,0.0,105.5,,0.0,True
SEDOL:B1FMDH5,2017,0.0,,,,True
SEDOL:B1FMDH5,2018,0.0,,,,True
SEDOL:B1FMDH5,2019,0.0,,,,True
SEDOL:B1FMDH5,2020,0.0,,,,True
SEDOL:B1FMDH5,2021,0.0,,,,True
SEDOL:B1FMDH5,2022,0.0,,,,True
SEDOL:B1FMDH5,2023,0.0,,,,True
SEDOL:B1FMDH5,2024,0.0,,,,True
SEDOL:B1FPZ56,2007,0.0,,0.0,,True
SEDOL:B1FPZ56,2008,0.0,,0.0,,True
SEDOL:B1FPZ56,2009,0.0,,,,True
SEDOL:B1FPZ56,2010,0.0,,,,True
SEDOL:B1FPZ56,2011,0.0,,,,True
SEDOL:B1FPZ56,2012,0.0,95.0,,0.0,True
SEDOL:B1FPZ56,2013,0.0,,,,True
SEDOL:B1FQF60,2008,0.0,,,,True
SEDOL:B1FQF60,2009,0.0,,,,True
SEDOL:B1FQF60,2010,0.0,,,,True
SEDOL:B1FQF60,2011,0.0,,,,True
SEDOL:B1FQF60,2012,0.0,,,,True
SEDOL:B1FQG45,2020,0.0,,,,True
SEDOL:B1FQG45,2021,0.0,,,,True
SEDOL:B1FQG45,2022,0.0,,,,True
SEDOL:B1FQG45,2023,0.0,,,,True
SEDOL:B1FQG45,2024,0.0,,,,True
SEDOL:B1G17L3,2007,0.0,,,,True
SEDOL:B1G17L3,2008,0.0,,0.0,,True
SEDOL:B1G17L3,2009,0.0,,,,True
SEDOL:B1G17L3,2010,0.0,,,,True
SEDOL:B1G17N5,2007,0.0,,,,True
SEDOL:B1G17N5,2008,0.0,,0.0,,True
SEDOL:B1G17N5,2009,0.0,,,,True
SEDOL:B1G17N5,2010,0.0,,,,True
SEDOL:B1G3LR3,2007,0.0,100.0,0.0,0.0,True
SEDOL:B1G3LR3,2008,0.0,89.66666666666667,0.0,0.0,True
SEDOL:B1G3LR3,2009,0.0,71.0,,0.0,True
SEDOL:B1G3LR3,2010,0.0,76.33333333333333,2.5,0.0,False
SEDOL:B1G3LR3,2011,0.0,76.5,4.1000000000000005,0.0,False
SEDOL:B1G3LR3,2012,0.0,73.4075,3.3499999999999996,0.0,False
SEDOL:B1G3LR3,2013,0.0,84.08333333333333,,0.0,True
SEDOL:B1G3LR3,2014,0.0,89.5,,0.0,True
SEDOL:B1G3LR3,2015,0.0,89.375,3.55,0.0,False
SEDOL:B1G3LR3,2016,0.0,90.75,3.1,0.0,False
SEDOL:B1G3LR3,2017,0.0,95.5625,4.29,0.0,False
SEDOL:B1G3LR3,2018,0.0,95.25,,0.0,True
SEDOL:B1G3LR3,2019,0.0,112.5,,0.0,True
SEDOL:B1G3LR3,2020,0.0,104.33333333333333,,0.0,True
SEDOL:B1G3LR3,2021,0.0,,,,True
SEDOL:B1G3LR3,2022,0.0,,,,True
SEDOL:B1G3LR3,2023,0.0,119.5,,0.0,True
SEDOL:B1G3LR3,2024,0.0,,,,True
SEDOL:B1G3LR3,2025,0.0,110.5,,0.0,True
SEDOL:B1G3LR3,2026,0.0,107.5,,0.0,True
SEDOL:B1G3N00,2007,0.0,40.770833333333336,4.5925,0.0,False
SEDOL:B1G3N00,2008,0.0,16.458333333333332,6.5183333333333335,0.0,False
SEDOL:B1G3N00,2009,0.0,7.708333333333333,4.7575,0.0,False
SEDOL:B1G3N00,2010,0.0,8.773333333333333,2.6458333333333335,0.0,False
SEDOL:B1G3N00,2011,0.0,6.766666666666667,2.654166666666667,0.0,False
SEDOL:B1G3N00,2012,0.0,5.1475,3.591666666666667,0.0,False
SEDOL:B1G3N00,2013,0.0,10.124791666666667,3.8633333333333333,0.0,False
SEDOL:B1G3N00,2014,0.0,13.156666666666666,3.641666666666667,0.0,False
SEDOL:B1G3N00,2015,0.0,11.480833333333335,4.094166666666666,0.0,False
SEDOL:B1G3N00,2016,0.0,4.23063,4.497999999999999,0.0,False
SEDOL:B1G3N11,2007,0.0,101.79166666666667,0.0,0.0,True
SEDOL:B1G3N11,2008,0.0,82.35416666666667,0.0,0.0,True
SEDOL:B1G3N11,2009,0.0,60.229166666666664,,0.0,True
SEDOL:B1G3N11,2010,0.0,67.3125,,0.0,True
SEDOL:B1G3N11,2011,0.0,71.87666666666667,,0.0,True
SEDOL:B1G3N11,2012,0.0,75.875,,0.0,True
SEDOL:B1G3N11,2013,0.0,89.7925,,0.0,True
SEDOL:B1G3N11,2014,0.0,93.70916666666666,,0.0,True
SEDOL:B1G3N11,2015,0.0,97.105,,0.0,True
SEDOL:B1G3N11,2016,0.0,99.825,,0.0,True
SEDOL:B1G3RS6,2008,0.0,,0.0,,True
SEDOL:B1G3RS6,2009,0.0,,,,True
SEDOL:B1G3RS6,2010,0.0,,,,True
SEDOL:B1G3RS6,2011,0.0,,,,True
SEDOL:B1G3RS6,2012,0.0,35.99,,0.0,True
SEDOL:B1G3RS6,2013,0.0,,,,True
SEDOL:B1G3RS6,2014,0.0,,,,True
SEDOL:B1G9T99,2024,0.0,37.916666666666664,0.0,0.0,True
SEDOL:B1G9T99,2025,0.0,64.03333333333333,,0.0,True
SEDOL:B1G9T99,2026,0.0,98.46428571428571,,0.0,True
SEDOL:B1GCL25,2007,0.0,144.22916666666666,3.186666666666667,0.0,False
SEDOL:B1GCL25,2008,0.0,98.25,4.738333333333333,0.0,False
SEDOL:B1GCL25,2009,0.0,85.5,4.145833333333333,0.0,False
SEDOL:B1GCL25,2010,0.0,113.8125,3.160833333333333,0.0,False
SEDOL:B1GCL25,2011,0.0,137.6575,3.5641666666666665,0.0,False
SEDOL:B1GCL25,2012,0.0,144.63583333333335,3.4291666666666667,0.0,False
SEDOL:B1GCL25,2013,0.0,199.46916666666667,2.845833333333333,0.0,False
SEDOL:B1GCL25,2014,0.0,203.87583333333336,2.7416666666666667,0.0,False
SEDOL:B1GCL25,2015,0.0,201.32500000000002,2.859166666666667,0.0,False
SEDOL:B1GCL25,2016,0.0,195.69833333333335,2.82,0.0,False
SEDOL:B1GCL25,2017,0.0,237.79250000000002,2.245,0.0,False
SEDOL:B1GCL25,2018,0.0,281.6666666666667,2.3477777777777775,0.0,False
SEDOL:B1GDYS5,2013,0.0,100.88,,0.0,True
SEDOL:B1GDYS5,2014,0.0,107.78249999999998,,0.0,True
SEDOL:B1GDYS5,2015,0.0,103.31666666666666,,0.0,True
SEDOL:B1GDYS5,2016,0.0,97.41666666666667,,0.0,True
SEDOL:B1GDYS5,2017,0.0,108.81818181818181,,0.0,True
SEDOL:B1GDYS5,2018,0.0,115.0,,0.0,True
SEDOL:B1GGVL6,2007,0.0,,,,True
SEDOL:B1GGVL6,2008,0.0,,0.0,,True
SEDOL:B1GGVM7,2007,0.0,,,,True
SEDOL:B1GGVM7,2008,0.0,,0.0,,True
SEDOL:B1GGVN8,2007,0.0,,,,True
SEDOL:B1GGVN8,2008,0.0,,0.0,,True
SEDOL:B1GGVY9,2007,0.0,,0.0,,True
SEDOL:B1GGVY9,2008,0.0,,0.0,,True
SEDOL:B1GGVY9,2009,0.0,,,,True
SEDOL:B1GGVY9,2010,0.0,,,,True
SEDOL:B1GGVY9,2011,0.0,,,,True
SEDOL:B1GGVY9,2012,0.0,76.0,,0.0,True
SEDOL:B1GGVY9,2013,0.0,,,,True
SEDOL:B1GH1X1,2007,0.0,85.0,0.0,0.0,True
SEDOL:B1GH1X1,2008,0.0,,0.0,,True
SEDOL:B1GH1X1,2009,0.0,,,,True
SEDOL:B1GH1X1,2010,0.0,,,,True
SEDOL:B1GH1X1,2011,0.0,,,,True
SEDOL:B1GH1X1,2012,0.0,,,,True
SEDOL:B1GHHH7,2015,0.0,6.921666666666667,,0.0,True
SEDOL:B1GHHH7,2016,0.0,6.763333333333333,,0.0,True
SEDOL:B1GHHH7,2017,0.0,7.385833333333333,,0.0,True
SEDOL:B1GHHH7,2018,0.0,7.042222222222223,0.0,0.0,True
SEDOL:B1GHHH7,2019,0.0,,,,True
SEDOL:B1GHHH7,2020,0.0,,,,True
SEDOL:B1GHHH7,2021,0.0,,,,True
SEDOL:B1GHHH7,2022,0.0,,,,True
SEDOL:B1GHHH7,2023,0.0,,,,True
SEDOL:B1GHHH7,2024,0.0,,,,True
SEDOL:B1GHHH7,2025,0.0,,,,True
SEDOL:B1GHHH7,2026,0.0,,,,True
SEDOL:B1GJQ98,2007,0.0,,,,True
SEDOL:B1GJQ98,2008,0.0,,0.0,,True
SEDOL:B1GJQ98,2009,0.0,,,,True
SEDOL:B1GJQ98,2010,0.0,,,,True
SEDOL:B1GJQ98,2011,0.0,,,,True
SEDOL:B1GJQ98,2012,0.0,54.13,,0.0,True
SEDOL:B1GJQ98,2013,0.0,,,,True
SEDOL:B1GJQ98,2014,0.0,,,,True
SEDOL:B1GJQX2,2007,0.0,,,,True
SEDOL:B1GJQX2,2008,0.0,,0.0,,True
SEDOL:B1GJQX2,2009,0.0,,,,True
SEDOL:B1GJR06,2007,0.0,,,,True
SEDOL:B1GJR06,2008,0.0,,0.0,,True
SEDOL:B1GJR06,2009,0.0,,,,True
SEDOL:B1GJY27,2007,0.0,,,,True
SEDOL:B1GJY27,2008,0.0,,0.0,,True
SEDOL:B1GJY27,2009,0.0,,,,True
SEDOL:B1GJY27,2010,0.0,,,,True
SEDOL:B1GJY27,2011,0.0,,,,True
SEDOL:B1GJY27,2012,0.0,,,,True
SEDOL:B1GJY49,2007,0.0,,,,True
SEDOL:B1GJY49,2008,0.0,,0.0,,True
SEDOL:B1GJY49,2009,0.0,,,,True
SEDOL:B1GJY49,2010,0.0,,,,True
SEDOL:B1GJY49,2011,0.0,,,,True
SEDOL:B1GJY49,2012,0.0,,,,True
SEDOL:B1GJYK5,2007,0.0,,,,True
SEDOL:B1GJYK5,2008,0.0,,0.0,,True
SEDOL:B1GJYK5,2009,0.0,,,,True
SEDOL:B1GJYK5,2010,0.0,,,,True
SEDOL:B1GJYK5,2011,0.0,,,,True
SEDOL:B1GJYK5,2012,0.0,31.5,,0.0,True
SEDOL:B1GJYK5,2013,0.0,,,,True
SEDOL:B1GJYK5,2014,0.0,,,,True
SEDOL:B1GJYK5,2015,0.0,,,,True
SEDOL:B1GJYK5,2016,0.0,,,,True
SEDOL:B1GXH75,2007,0.0,254.625,0.0,0.0,True
SEDOL:B1GXH75,2008,6.0,235.39583333333334,0.0,2.548898132578104,True
SEDOL:B1GXH75,2009,3.0,256.1875,,1.1710173212978776,True
SEDOL:B1GXH75,2010,10.4,309.4791666666667,,3.3604846852911474,True
SEDOL:B1GXH75,2011,18.6,298.615,,6.228756090618355,True
SEDOL:B1GXH75,2012,16.0,298.97083333333336,,5.351692612155589,True
SEDOL:B1GXH75,2013,17.0,338.1666666666667,,5.027106949236076,True
SEDOL:B1GXH75,2014,18.200000000000003,317.4483333333333,,5.733216428920192,True
SEDOL:B1GXH75,2015,23.900000000000002,312.4691666666667,,7.648754677128142,True
SEDOL:B1GXH75,2016,20.0,313.7291666666667,,6.374925293844212,True
SEDOL:B1GXH75,2017,20.799999999999997,368.3025,,5.6475315806979305,True
SEDOL:B1GXH75,2018,26.9,361.7916666666667,,7.435218242542899,True
SEDOL:B1GXH75,2019,22.4,359.25,,6.235212247738343,True
SEDOL:B1GXH75,2020,23.0,311.0416666666667,,7.39450770261219,True
SEDOL:B1GXH75,2021,23.4,311.2083333333333,,7.519078859285045,True
SEDOL:B1GXH75,2022,23.8,279.875,,8.503796337650737,True
SEDOL:B1GXH75,2023,24.2,237.04583333333335,,10.208996150533476,True
SEDOL:B1GXH75,2024,24.6,225.91666666666666,,10.888970859461454,True
SEDOL:B1GXH75,2025,31.15,228.25,,13.647316538882803,True
SEDOL:B1GXH75,2026,18.8,259.0,,7.258687258687258,True
SEDOL:B1KBGF6,2010,0.0,,,,True
SEDOL:B1KBGF6,2011,0.0,,,,True
SEDOL:B1KR104,2007,0.0,,0.0,,True
SEDOL:B1KR104,2008,0.0,,0.0,,True
SEDOL:B1KR104,2009,0.0,,,,True
SEDOL:B1KR104,2010,0.0,,,,True
SEDOL:B1KR104,2011,0.0,,,,True
SEDOL:B1KR104,2012,0.0,,,,True
SEDOL:B1KR115,2007,0.0,,0.0,,True
SEDOL:B1KR115,2008,0.0,,0.0,,True
SEDOL:B1KR115,2009,0.0,,,,True
SEDOL:B1L0P66,2007,0.0,100.0,5.0,0.0,False
SEDOL:B1LP1B8,2007,0.0,149.33333333333334,0.3,0.0,True
SEDOL:B1LT574,2008,0.0,,0.0,,True
SEDOL:B1LT574,2009,0.0,,,,True
SEDOL:B1M27S7,2007,0.0,,0.0,,True
SEDOL:B1M27S7,2008,0.0,,0.0,,True
SEDOL:B1M27S7,2009,0.0,,,,True
SEDOL:B1M27S7,2010,0.0,,,,True
SEDOL:B1M27S7,2011,0.0,,,,True
SEDOL:B1M27S7,2012,0.0,104.0,,0.0,True
SEDOL:B1M27S7,2013,0.0,,,,True
SEDOL:B1M27S7,2014,0.0,,,,True
SEDOL:B1M27S7,2015,0.0,,,,True
SEDOL:B1M27S7,2016,0.0,,,,True
SEDOL:B1M27S7,2017,0.0,,,,True
SEDOL:B1M27S7,2018,0.0,,,,True
SEDOL:B1M27S7,2019,0.0,,,,True
SEDOL:B1M27S7,2020,0.0,,,,True
SEDOL:B1M27S7,2021,0.0,,,,True
SEDOL:B1M27S7,2022,0.0,,,,True
SEDOL:B1M27S7,2023,0.0,,,,True
SEDOL:B1M27S7,2024,0.0,,,,True
SEDOL:B1M27S7,2025,0.0,,,,True
SEDOL:B1M27S7,2026,0.0,,,,True
SEDOL:B1N0T84,2007,0.0,,,,True
SEDOL:B1N4G29,2007,0.0,96.3,4.3545454545454545,0.0,False
SEDOL:B1N4G29,2008,0.0,78.54166666666667,5.259166666666666,0.0,False
SEDOL:B1N4G29,2009,0.0,68.6875,5.016666666666667,0.0,False
SEDOL:B1N4G29,2010,3.495,79.89583333333333,4.291666666666667,4.374445893089961,True
SEDOL:B1N4G29,2011,4.28,78.875,4.175,5.426307448494454,True
SEDOL:B1N4G29,2012,4.28,80.66666666666667,4.141666666666667,5.305785123966942,True
SEDOL:B1N4G29,2013,4.325,92.70833333333333,3.6750000000000003,4.665168539325843,True
SEDOL:B1N4G29,2014,4.425000000000001,94.60416666666667,3.466666666666667,4.677383836159437,True
SEDOL:B1N4G29,2015,4.54,94.60416666666667,3.7433333333333336,4.798942964104823,True
SEDOL:B1N4G29,2016,4.66,92.91666666666667,3.919166666666667,5.0152466367713,True
SEDOL:B1N4G29,2017,4.8,103.74000000000001,3.6191666666666666,4.626951995373048,True
SEDOL:B1N4G29,2018,4.96,98.97916666666667,3.4883333333333333,5.0111555462008,True
SEDOL:B1N4G29,2019,5.12,95.16666666666667,3.766666666666667,5.380035026269702,True
SEDOL:B1N4G29,2020,5.21,81.79166666666667,3.813333333333333,6.36984207845135,True
SEDOL:B1N4G29,2021,5.3,93.47916666666667,3.0525,5.669712502785825,True
SEDOL:B1N4G29,2022,6.83,83.375,3.9591666666666665,8.191904047976012,True
SEDOL:B1N4G29,2023,7.0600000000000005,81.89583333333333,4.865,8.620707199185958,True
SEDOL:B1N4G29,2024,5.68,88.83333333333333,4.84,6.393996247654784,True
SEDOL:B1N4G29,2025,5.83,103.95833333333333,4.3925,5.608016032064128,True
SEDOL:B1N4G29,2026,4.62,113.0,3.948571428571429,4.088495575221239,True
SEDOL:B1N4H59,2007,0.0,96.0,4.3545454545454545,0.0,False
SEDOL:B1N4H59,2008,0.0,78.54166666666667,5.259166666666666,0.0,False
SEDOL:B1N4H59,2009,0.0,70.02083333333333,5.008333333333334,0.0,False
SEDOL:B1N4H59,2010,0.0,83.16666666666667,4.291666666666667,0.0,False
SEDOL:B1N4H59,2011,0.0,86.33333333333333,4.175,0.0,False
SEDOL:B1N4H59,2012,0.0,83.0,4.141666666666667,0.0,False
SEDOL:B1N4H59,2013,0.0,96.22916666666667,3.6750000000000003,0.0,False
SEDOL:B1N4H59,2014,0.0,97.16666666666667,3.466666666666667,0.0,False
SEDOL:B1N4H59,2015,0.0,95.52083333333333,3.76,0.0,False
SEDOL:B1N4H59,2016,0.0,93.3125,3.918333333333333,0.0,False
SEDOL:B1N4H59,2017,0.0,103.8125,3.6191666666666666,0.0,False
SEDOL:B1N4H59,2018,0.0,99.02083333333333,3.4966666666666666,0.0,False
SEDOL:B1N4H59,2019,0.0,95.125,3.766666666666667,0.0,False
SEDOL:B1N4H59,2020,0.0,82.1875,3.813333333333333,0.0,False
SEDOL:B1N4H59,2021,0.0,95.0,3.0525,0.0,False
SEDOL:B1N4H59,2022,0.0,86.33333333333333,3.9591666666666665,0.0,False
SEDOL:B1N4H59,2023,0.0,84.04166666666667,4.865,0.0,False
SEDOL:B1N4H59,2024,0.0,86.17083333333333,4.79,0.0,False
SEDOL:B1N4H59,2025,0.0,100.10416666666667,,0.0,True
SEDOL:B1N4H59,2026,0.0,109.14285714285714,,0.0,True
SEDOL:B1N92H1,2007,0.0,198.5,2.0,0.0,False
SEDOL:B1NB0H3,2007,0.0,,,,True
SEDOL:B1NB0H3,2008,0.0,,0.0,,True
SEDOL:B1NB0H3,2009,0.0,,,,True
SEDOL:B1NB0H3,2010,0.0,,,,True
SEDOL:B1NB0H3,2011,0.0,,,,True
SEDOL:B1NB0H3,2012,0.0,37.5,,0.0,True
SEDOL:B1NB0H3,2013,0.0,,,,True
SEDOL:B1NB0H3,2014,0.0,,,,True
SEDOL:B1NB0H3,2015,0.0,,,,True
SEDOL:B1NB0J5,2007,0.0,,,,True
SEDOL:B1NB0J5,2008,0.0,,0.0,,True
SEDOL:B1NB0J5,2009,0.0,,,,True
SEDOL:B1NB0J5,2010,0.0,,,,True
SEDOL:B1NB0J5,2011,0.0,,,,True
SEDOL:B1NB0J5,2012,0.0,37.5,,0.0,True
SEDOL:B1NB0J5,2013,0.0,,,,True
SEDOL:B1NB0J5,2014,0.0,,,,True
SEDOL:B1NB0J5,2015,0.0,,,,True
SEDOL:B1NB0J5,2016,0.0,,,,True
SEDOL:B1NB0J5,2017,0.0,,,,True
SEDOL:B1NB0J5,2018,0.0,,,,True
SEDOL:B1NB0J5,2019,0.0,,,,True
SEDOL:B1NB0J5,2020,0.0,,,,True
SEDOL:B1NB0J5,2021,0.0,,,,True
SEDOL:B1NB0J5,2022,0.0,,,,True
SEDOL:B1NB0J5,2023,0.0,,,,True
SEDOL:B1NB0J5,2024,0.0,,,,True
SEDOL:B1NB0T5,2007,0.0,,,,True
SEDOL:B1NB0V7,2007,0.0,,,,True
SEDOL:B1NNWQ2,2007,0.0,107.25,0.0,0.0,True
SEDOL:B1NNWQ2,2008,0.0,94.5,0.0,0.0,True
SEDOL:B1NNWQ2,2009,0.0,70.25,-5.71,0.0,True
SEDOL:B1NNWQ2,2010,0.0,,,,True
SEDOL:B1NNWQ2,2011,0.0,,,,True
SEDOL:B1NNWQ2,2012,0.0,45.0,,0.0,True
SEDOL:B1NNWQ2,2013,0.0,,,,True
SEDOL:B1NNWQ2,2014,0.0,,,,True
SEDOL:B1NNWQ2,2015,0.0,,,,True
SEDOL:B1NP514,2007,0.0,,,,True
SEDOL:B1NP514,2008,0.0,,0.0,,True
SEDOL:B1NP514,2009,0.0,,,,True
SEDOL:B1NP514,2010,0.0,,,,True
SEDOL:B1NP514,2011,0.0,,,,True
SEDOL:B1NP514,2012,0.0,1970.0,,0.0,True
SEDOL:B1NP514,2013,0.0,,,,True
SEDOL:B1NP514,2014,0.0,,,,True
SEDOL:B1NP514,2015,0.0,,,,True
SEDOL:B1NP514,2016,0.0,,,,True
SEDOL:B1NP514,2017,0.0,,,,True
SEDOL:B1NP514,2018,0.0,,,,True
SEDOL:B1NP514,2019,0.0,,,,True
SEDOL:B1NP514,2020,0.0,,,,True
SEDOL:B1NP514,2021,0.0,,,,True
SEDOL:B1NP514,2022,0.0,,,,True
SEDOL:B1NP514,2023,0.0,,,,True
SEDOL:B1NPGV1,2007,0.0,,,,True
SEDOL:B1NPGV1,2008,0.0,,0.0,,True
SEDOL:B1NPGV1,2009,0.0,,,,True
SEDOL:B1NPGV1,2010,0.0,,,,True
SEDOL:B1NPGV1,2011,0.0,,,,True
SEDOL:B1NPGV1,2012,0.0,1157.8,,0.0,True
SEDOL:B1NPGV1,2013,0.0,,,,True
SEDOL:B1NPGV1,2014,0.0,,,,True
SEDOL:B1NPGV1,2015,0.0,,,,True
SEDOL:B1NPGV1,2016,0.0,,,,True
SEDOL:B1NPGV1,2017,0.0,,,,True
SEDOL:B1NPGV1,2018,0.0,,,,True
SEDOL:B1NPGV1,2019,0.0,,,,True
SEDOL:B1NPGV1,2020,0.0,,,,True
SEDOL:B1NPGV1,2021,0.0,,,,True
SEDOL:B1NPGV1,2022,0.0,,,,True
SEDOL:B1NPGV1,2023,0.0,,,,True
SEDOL:B1NPGV1,2024,0.0,,,,True
SEDOL:B1NPGV1,2025,0.0,,,,True
SEDOL:B1NPGV1,2026,0.0,,,,True
SEDOL:B1NPGZ5,2007,0.0,,,,True
SEDOL:B1NPGZ5,2008,0.0,,0.0,,True
SEDOL:B1NPGZ5,2009,0.0,,,,True
SEDOL:B1NPGZ5,2010,0.0,,,,True
SEDOL:B1NPGZ5,2011,0.0,,,,True
SEDOL:B1NPGZ5,2012,0.0,1541.52,,0.0,True
SEDOL:B1NPGZ5,2013,0.0,,,,True
SEDOL:B1NPGZ5,2014,0.0,,,,True
SEDOL:B1NPGZ5,2015,0.0,,,,True
SEDOL:B1NPGZ5,2016,0.0,,,,True
SEDOL:B1NPGZ5,2017,0.0,,,,True
SEDOL:B1P8HX7,2007,0.0,103.5,0.0,0.0,True
SEDOL:B1QHMQ1,2007,0.0,,0.0,,True
SEDOL:B1RMC54,2016,0.0,,,,True
SEDOL:B1RMC54,2017,0.0,,,,True
SEDOL:B1RMC54,2018,0.0,,,,True
SEDOL:B1RMC54,2019,0.0,,,,True
SEDOL:B1RMC54,2020,0.0,,,,True
SEDOL:B1RMC54,2021,0.0,,,,True
SEDOL:B1RMC54,2022,0.0,,,,True
SEDOL:B1RMC54,2023,0.0,,,,True
SEDOL:B1RMC54,2024,0.0,,,,True
SEDOL:B1RMC54,2025,0.0,,,,True
SEDOL:B1RMC54,2026,0.0,,,,True
SEDOL:B1RZDH2,2007,0.0,98.5,0.0,0.0,True
SEDOL:B1RZDH2,2008,0.0,81.5,0.0,0.0,True
SEDOL:B1RZDH2,2009,0.0,72.58333333333333,,0.0,True
SEDOL:B1S4QQ8,2007,0.0,,,,True
SEDOL:B1S4QQ8,2008,0.0,,0.0,,True
SEDOL:B1S4QQ8,2009,0.0,,,,True
SEDOL:B1S4QQ8,2010,0.0,,,,True
SEDOL:B1S4QQ8,2011,0.0,,,,True
SEDOL:B1VR2X3,2009,0.0,,,,True
SEDOL:B1VR2X3,2010,0.0,,,,True
SEDOL:B1VR2X3,2011,0.0,,,,True
SEDOL:B1VR2X3,2012,0.0,,,,True
SEDOL:B1VVFG9,2010,0.0,,,,True
SEDOL:B1W3VF5,2009,0.0,,,,True
SEDOL:B1W3VF5,2010,0.0,,,,True
SEDOL:B1W3VF5,2011,0.0,,,,True
SEDOL:B1W59J1,2010,0.0,50.46,0.5,0.0,True
SEDOL:B1W59J1,2011,0.0,43.748333333333335,0.35833333333333334,0.0,True
SEDOL:B1W59J1,2012,0.0,41.48166666666667,0.375,0.0,True
SEDOL:B1W59J1,2013,0.0,52.35583333333333,0.4000000000000001,0.0,True
SEDOL:B1W59J1,2014,0.0,59.54333333333333,0.4727272727272727,0.0,True
SEDOL:B1W59J1,2015,0.0,54.85583333333333,1.8083333333333333,0.0,False
SEDOL:B1W59J1,2016,0.0,57.615833333333335,1.625,0.0,False
SEDOL:B1W59J1,2017,0.0,65.19,1.6600000000000001,0.0,False
SEDOL:B1W59J1,2018,0.0,54.73333333333333,2.8000000000000003,0.0,False
SEDOL:B1W59J1,2019,0.0,47.425000000000004,3.141666666666667,0.0,False
SEDOL:B1W59J1,2020,0.0,38.714285714285715,3.642857142857143,0.0,False
SEDOL:B1XCBD9,2007,0.0,,,,True
SEDOL:B1XCBD9,2008,0.0,,0.0,,True
SEDOL:B1XCHB9,2008,0.0,,,,True
SEDOL:B1XCHB9,2009,0.0,,,,True
SEDOL:B1XCHB9,2010,0.0,,,,True
SEDOL:B1XCHB9,2011,0.0,,,,True
SEDOL:B1XCHB9,2012,0.0,69.5,,0.0,True
SEDOL:B1XCHB9,2013,0.0,,,,True
SEDOL:B1XCHB9,2014,0.0,,,,True
SEDOL:B1XCHB9,2015,0.0,,,,True
SEDOL:B1XCHB9,2016,0.0,,,,True
SEDOL:B1XCHB9,2017,0.0,,,,True
SEDOL:B1XCHB9,2018,0.0,,,,True
SEDOL:B1XCLF1,2008,0.0,,,,True
SEDOL:B1XCLF1,2009,0.0,,,,True
SEDOL:B1XCLF1,2010,0.0,,,,True
SEDOL:B1XHSL1,2007,0.0,128.60714285714286,0.0,0.0,True
SEDOL:B1XHSL1,2008,0.0,134.64583333333334,0.0,0.0,True
SEDOL:B1XHSL1,2009,0.0,149.41666666666666,,0.0,True
SEDOL:B1XHSL1,2010,0.0,159.54166666666666,,0.0,True
SEDOL:B1XHSL1,2011,0.0,168.16666666666666,,0.0,True
SEDOL:B1XHSL1,2012,0.0,174.62555555555556,,0.0,True
SEDOL:B1XHV78,2007,0.0,102.28571428571429,0.0,0.0,True
SEDOL:B1XHV78,2008,0.0,105.91666666666667,0.0,0.0,True
SEDOL:B1XHV78,2009,0.0,116.33333333333333,,0.0,True
SEDOL:B1XHV78,2010,0.0,133.29166666666666,,0.0,True
SEDOL:B1XHV78,2011,0.0,143.01083333333335,,0.0,True
SEDOL:B1XHV78,2012,0.0,152.44833333333335,,0.0,True
SEDOL:B1XHV78,2013,0.0,159.3658333333333,,0.0,True
SEDOL:B1XHV78,2014,0.0,165.51555555555555,,0.0,True
SEDOL:B1XHVB2,2007,0.0,100.42857142857143,0.0,0.0,True
SEDOL:B1XHVB2,2008,0.0,97.04166666666667,0.0,0.0,True
SEDOL:B1XHVB2,2009,0.0,99.875,,0.0,True
SEDOL:B1XHVB2,2010,0.0,118.25,,0.0,True
SEDOL:B1XHVB2,2011,0.0,136.20916666666668,,0.0,True
SEDOL:B1XHVB2,2012,0.0,151.82416666666666,,0.0,True
SEDOL:B1XHVB2,2013,0.0,166.02333333333334,,0.0,True
SEDOL:B1XHVB2,2014,0.0,177.15833333333333,,0.0,True
SEDOL:B1XHVB2,2015,0.0,185.72083333333333,,0.0,True
SEDOL:B1XHVB2,2016,0.0,190.29333333333332,,0.0,True
SEDOL:B1Y1NS4,2007,0.0,101.20833333333333,2.7383333333333333,0.0,False
SEDOL:B1Y1NS4,2008,6.4,82.47916666666667,9.207272727272727,7.75953523617075,True
SEDOL:B1Y1NS4,2009,1.1,59.8125,7.6,1.8390804597701151,False
SEDOL:B1Y1NS4,2010,4.6,75.14583333333333,6.116666666666667,6.121430551705018,True
SEDOL:B1Y1NS4,2011,4.8,81.00166666666667,6.925,5.925803995802555,True
SEDOL:B1Y1NS4,2012,5.0,80.69833333333334,7.05,6.19591482682418,True
SEDOL:B1Y1NS4,2013,6.3,87.55333333333333,6.516666666666667,7.195614101880759,True
SEDOL:B1Y1NS4,2014,5.1,91.67750000000001,5.875,5.56297892067301,True
SEDOL:B1Y1NS4,2015,5.1,91.58416666666666,5.72,5.568648146968635,True
SEDOL:B1Y1NS4,2016,5.1,89.95833333333333,5.7375,5.669291338582677,True
SEDOL:B1Y1NS4,2017,2.35,93.47916666666667,4.929166666666667,2.513929128593715,True
SEDOL:B1Y1NS4,2018,5.5,87.15833333333335,4.928333333333334,6.310354718424323,True
SEDOL:B1Y1NS4,2019,4.4,90.39999999999999,4.966666666666667,4.8672566371681425,True
SEDOL:B1Y1NS4,2020,4.4,87.125,4.929166666666666,5.050215208034434,True
SEDOL:B1Y1NS4,2021,7.700000000000001,85.88333333333333,4.934166666666667,8.965651077042502,True
SEDOL:B1Y1NS4,2022,4.4,71.51666666666667,5.5275,6.152412025168959,True
SEDOL:B1Y1NS4,2023,4.4,67.23333333333333,5.5925,6.544372830937036,True
SEDOL:B1YQ6R9,2010,0.0,,,,True
SEDOL:B1YQ6R9,2011,0.0,,,,True
SEDOL:B1YQ6R9,2012,0.0,1045.0,,0.0,True
SEDOL:B1YQ6R9,2013,0.0,,,,True
SEDOL:B1YQ6R9,2014,0.0,,,,True
SEDOL:B1YQ6R9,2015,0.0,,,,True
SEDOL:B1YQ6R9,2016,0.0,,,,True
SEDOL:B1YQ6R9,2017,0.0,,,,True
SEDOL:B1YQ6R9,2018,0.0,,,,True
SEDOL:B1YQ6Y6,2010,0.0,,,,True
SEDOL:B1YQ6Y6,2011,0.0,,,,True
SEDOL:B1YQ6Y6,2012,0.0,849.46,,0.0,True
SEDOL:B1YQ6Y6,2013,0.0,,,,True
SEDOL:B1YQ6Y6,2014,0.0,,,,True
SEDOL:B1YQ721,2010,0.0,,,,True
SEDOL:B1YQ721,2011,0.0,,,,True
SEDOL:B1YQ721,2012,0.0,687.49,,0.0,True
SEDOL:B1YQ721,2013,0.0,,,,True
SEDOL:B1YQ721,2014,0.0,,,,True
SEDOL:B1YQ721,2015,0.0,,,,True
SEDOL:B1YQ721,2016,0.0,,,,True
SEDOL:B1YQ721,2017,0.0,,,,True
SEDOL:B1YQ721,2018,0.0,,,,True
SEDOL:B1YQ721,2019,0.0,,,,True
SEDOL:B1YQ721,2020,0.0,,,,True
SEDOL:B1YQ721,2021,0.0,,,,True
SEDOL:B1YQ721,2022,0.0,,,,True
SEDOL:B1YQ721,2023,0.0,,,,True
SEDOL:B1YQ721,2024,0.0,,,,True
SEDOL:B1YQ721,2025,0.0,,,,True
SEDOL:B1YW2J1,2007,0.0,94.95833333333333,0.0,0.0,True
SEDOL:B1YW2J1,2008,0.0,69.22916666666667,0.0,0.0,True
SEDOL:B1YW2J1,2009,0.0,57.025,,0.0,True
SEDOL:B1YW2J1,2010,0.0,69.10833333333333,,0.0,True
SEDOL:B1YW2J1,2011,0.0,80.10416666666667,,0.0,True
SEDOL:B1YW2J1,2012,0.0,70.78181818181818,,0.0,True
SEDOL:B1YW310,2007,0.0,,,,True
SEDOL:B1YW310,2008,0.0,,0.0,,True
SEDOL:B1YW310,2009,0.0,,,,True
SEDOL:B1YW310,2010,0.0,,,,True
SEDOL:B1YW310,2011,0.0,,,,True
SEDOL:B1YW310,2012,0.0,61.0,,0.0,True
SEDOL:B1YW310,2013,0.0,,,,True
SEDOL:B1YW310,2014,0.0,,,,True
SEDOL:B1YW310,2015,0.0,,,,True
SEDOL:B1YW310,2016,0.0,,,,True
SEDOL:B1YW310,2017,0.0,,,,True
SEDOL:B1YWTR8,2008,0.0,,0.0,,True
SEDOL:B1YWTR8,2009,0.0,,,,True
SEDOL:B1YWTR8,2010,0.0,,,,True
SEDOL:B1YWTR8,2011,0.0,,,,True
SEDOL:B1YWTR8,2012,0.0,543.0,,0.0,True
SEDOL:B1YWTR8,2013,0.0,,,,True
SEDOL:B1YWTR8,2014,0.0,,,,True
SEDOL:B1YWTR8,2015,0.0,,,,True
SEDOL:B1YWTR8,2016,0.0,,,,True
SEDOL:B1YWTR8,2017,0.0,,,,True
SEDOL:B1YWTR8,2018,0.0,,,,True
SEDOL:B1YWTR8,2019,0.0,,,,True
SEDOL:B1YWWB3,2008,0.0,,0.0,,True
SEDOL:B1YWWB3,2009,0.0,,,,True
SEDOL:B1YWWB3,2010,0.0,,,,True
SEDOL:B1YWWB3,2011,0.0,,,,True
SEDOL:B1YWWB3,2012,0.0,,,,True
SEDOL:B1YWWJ1,2008,0.0,,0.0,,True
SEDOL:B1YWWJ1,2009,0.0,,,,True
SEDOL:B1YWWJ1,2010,0.0,,,,True
SEDOL:B1YWWJ1,2011,0.0,,,,True
SEDOL:B1YWWJ1,2012,0.0,322.83,,0.0,True
SEDOL:B1YWWJ1,2013,0.0,,,,True
SEDOL:B1YWWJ1,2014,0.0,,,,True
SEDOL:B1YWWJ1,2015,0.0,,,,True
SEDOL:B1YWWJ1,2016,0.0,,,,True
SEDOL:B1YWWJ1,2017,0.0,,,,True
SEDOL:B1YWWJ1,2018,0.0,,,,True
SEDOL:B1YWWJ1,2019,0.0,,,,True
SEDOL:B1YWWJ1,2020,0.0,,,,True
SEDOL:B1Z2SL4,2009,0.0,,,,True
SEDOL:B1Z2SL4,2010,0.0,,,,True
SEDOL:B1Z2SL4,2011,0.0,,,,True
SEDOL:B1Z2SL4,2012,0.0,110.75,,0.0,True
SEDOL:B1Z2SL4,2013,0.0,,,,True
SEDOL:B1Z2SL4,2014,0.0,,,,True
SEDOL:B1Z2SL4,2015,0.0,,,,True
SEDOL:B1Z2SL4,2016,0.0,,,,True
SEDOL:B1Z2SL4,2017,0.0,,,,True
SEDOL:B1Z2SL4,2018,0.0,,,,True
SEDOL:B1Z2SL4,2019,0.0,,,,True
SEDOL:B1Z2SL4,2020,0.0,,,,True
SEDOL:B1Z2SL4,2021,0.0,,,,True
SEDOL:B1Z2SL4,2022,0.0,,,,True
SEDOL:B1Z2SL4,2023,0.0,,,,True
SEDOL:B1Z2SL4,2024,0.0,,,,True
SEDOL:B1Z2SL4,2025,0.0,,,,True
SEDOL:B1Z2SL4,2026,0.0,,,,True
SEDOL:B1Z4070,2013,0.0,,,,True
SEDOL:B1Z4070,2014,0.0,1.3381818181818181,4.181818181818182,0.0,False
SEDOL:B1Z4070,2015,0.0,1.2625,4.2,0.0,False
SEDOL:B1Z4070,2016,0.0,1.0783333333333334,4.2,0.0,False
SEDOL:B1Z4070,2017,0.0,0.9733333333333333,4.2,0.0,False
SEDOL:B1Z4070,2018,0.0,0.9566666666666667,4.2,0.0,False
SEDOL:B1Z4070,2019,0.0,0.9366666666666666,4.2,0.0,False
SEDOL:B1Z4070,2020,0.0,0.9049999999999999,4.2,0.0,False
SEDOL:B1Z4070,2021,0.0,1.1675,4.2,0.0,False
SEDOL:B1Z4070,2022,0.0,1.6849999999999998,4.2,0.0,False
SEDOL:B1Z4070,2023,0.0,1.7066666666666668,4.2,0.0,False
SEDOL:B1Z4070,2024,0.0,1.826220111111111,4.2,0.0,False
SEDOL:B1Z9707,2007,0.0,100.0625,5.075,0.0,False
SEDOL:B1ZBD49,2014,0.0,,,,True
SEDOL:B1ZBD49,2015,0.0,,,,True
SEDOL:B1ZBD49,2016,0.0,,,,True
SEDOL:B1ZBD49,2017,0.0,,,,True
SEDOL:B1ZBD49,2018,0.0,,,,True
SEDOL:B1ZBD49,2019,0.0,,,,True
SEDOL:B1ZBD49,2020,0.0,,,,True
SEDOL:B1ZBD49,2021,0.0,,,,True
SEDOL:B1ZBD49,2022,0.0,,,,True
SEDOL:B1ZBD49,2023,0.0,,,,True
SEDOL:B1ZBD49,2024,0.0,,,,True
SEDOL:B1ZBD49,2025,0.0,,,,True
SEDOL:B1ZBD49,2026,0.0,,,,True
SEDOL:B231Q83,2011,0.0,,,,True
SEDOL:B231Q83,2012,0.0,,,,True
SEDOL:B235SB2,2007,0.0,101.58333333333333,0.3333333333333333,0.0,True
SEDOL:B236KR5,2009,0.0,,,,True
SEDOL:B236KR5,2010,0.0,,,,True
SEDOL:B236KR5,2011,0.0,,,,True
SEDOL:B236KR5,2012,0.0,,,,True
SEDOL:B2425D3,2007,0.0,,,,True
SEDOL:B248KJ2,2015,0.0,,,,True
SEDOL:B248KJ2,2016,0.0,,,,True
SEDOL:B248KJ2,2017,0.0,,,,True
SEDOL:B248KJ2,2018,0.0,,,,True
SEDOL:B248KJ2,2019,0.0,,,,True
SEDOL:B248KJ2,2020,0.0,,,,True
SEDOL:B248KJ2,2021,0.0,,,,True
SEDOL:B248KJ2,2022,0.0,,,,True
SEDOL:B248KJ2,2023,0.0,,,,True
SEDOL:B248KJ2,2024,0.0,,,,True
SEDOL:B248KJ2,2025,0.0,,,,True
SEDOL:B248KJ2,2026,0.0,,,,True
SEDOL:B28B2R9,2008,0.0,,0.0,,True
SEDOL:B28B2R9,2009,0.0,,,,True
SEDOL:B28C2R2,2008,0.0,,0.0,,True
SEDOL:B28C2R2,2009,0.0,,,,True
SEDOL:B28C2R2,2010,0.0,,,,True
SEDOL:B28C2R2,2011,0.0,,,,True
SEDOL:B28C2R2,2012,0.0,553.73,,0.0,True
SEDOL:B28C2R2,2013,0.0,,,,True
SEDOL:B28C2R2,2014,0.0,,,,True
SEDOL:B28C2R2,2015,0.0,,,,True
SEDOL:B28C2R2,2016,0.0,,,,True
SEDOL:B28C2R2,2017,0.0,,,,True
SEDOL:B28C2R2,2018,0.0,,,,True
SEDOL:B28C2R2,2019,0.0,,,,True
SEDOL:B28C2R2,2020,0.0,,,,True
SEDOL:B28C2R2,2021,0.0,,,,True
SEDOL:B28C2R2,2022,0.0,,,,True
SEDOL:B28C2R2,2023,0.0,,,,True
SEDOL:B28C2R2,2024,0.0,,,,True
SEDOL:B28C2R2,2025,0.0,,,,True
SEDOL:B28C2R2,2026,0.0,,,,True
SEDOL:B28C4Y3,2008,0.0,,0.0,,True
SEDOL:B28C4Y3,2009,0.0,,,,True
SEDOL:B28C4Y3,2010,0.0,,,,True
SEDOL:B28C4Y3,2011,0.0,,,,True
SEDOL:B28C4Y3,2012,0.0,70.0,,0.0,True
SEDOL:B28C4Y3,2013,0.0,,,,True
SEDOL:B28C4Y3,2014,0.0,,,,True
SEDOL:B28C4Z4,2008,0.0,,0.0,,True
SEDOL:B28C4Z4,2009,0.0,,,,True
SEDOL:B28C4Z4,2010,0.0,,,,True
SEDOL:B28C4Z4,2011,0.0,,,,True
SEDOL:B28C4Z4,2012,0.0,70.0,,0.0,True
SEDOL:B28C4Z4,2013,0.0,,,,True
SEDOL:B28C4Z4,2014,0.0,,,,True
SEDOL:B28M6V4,2008,0.0,,0.0,,True
SEDOL:B28M6V4,2009,0.0,,,,True
SEDOL:B28M6V4,2010,0.0,,,,True
SEDOL:B28M6V4,2011,0.0,,,,True
SEDOL:B28M6V4,2012,0.0,70.0,,0.0,True
SEDOL:B28M6V4,2013,0.0,,,,True
SEDOL:B28M6V4,2014,0.0,,,,True
SEDOL:B28M6V4,2015,0.0,,,,True
SEDOL:B28M6V4,2016,0.0,,,,True
SEDOL:B28V8Y8,2008,0.0,,,,True
SEDOL:B28V8Y8,2009,0.0,80.0,6.05,0.0,False
SEDOL:B28V8Y8,2010,0.0,85.0,,0.0,True
SEDOL:B28V8Y8,2011,0.0,,,,True
SEDOL:B28V8Y8,2012,0.0,108.5,,0.0,True
SEDOL:B28V8Y8,2013,0.0,,,,True
SEDOL:B28V8Y8,2014,0.0,,,,True
SEDOL:B28V934,2008,0.0,,,,True
SEDOL:B28V934,2009,0.0,80.0,6.05,0.0,False
SEDOL:B28V934,2010,0.0,85.0,,0.0,True
SEDOL:B28V934,2011,0.0,,,,True
SEDOL:B28V934,2012,0.0,108.5,,0.0,True
SEDOL:B28V934,2013,0.0,,,,True
SEDOL:B28V934,2014,0.0,,,,True
SEDOL:B28V934,2015,0.0,,,,True
SEDOL:B28V934,2016,0.0,,,,True
SEDOL:B28V934,2017,0.0,,,,True
SEDOL:B28V934,2018,0.0,,,,True
SEDOL:B28V934,2019,0.0,,,,True
SEDOL:B28V934,2020,0.0,,,,True
SEDOL:B28V934,2021,0.0,,,,True
SEDOL:B28V934,2022,0.0,,,,True
SEDOL:B28V934,2023,0.0,,,,True
SEDOL:B28V934,2024,0.0,,,,True
SEDOL:B28V934,2025,0.0,,,,True
SEDOL:B28V934,2026,0.0,,,,True
SEDOL:B28XHD6,2008,0.0,,,,True
SEDOL:B28XHD6,2009,0.0,,,,True
SEDOL:B28XHD6,2010,0.0,,,,True
SEDOL:B28XHD6,2011,0.0,,,,True
SEDOL:B28XHD6,2012,0.0,476.78,,0.0,True
SEDOL:B28XHD6,2013,0.0,,,,True
SEDOL:B28XHD6,2014,0.0,,,,True
SEDOL:B28XHD6,2015,0.0,,,,True
SEDOL:B28XHD6,2016,0.0,,,,True
SEDOL:B28XHD6,2017,0.0,,,,True
SEDOL:B28XHD6,2018,0.0,,,,True
SEDOL:B28XHD6,2019,0.0,,,,True
SEDOL:B28XHD6,2020,0.0,,,,True
SEDOL:B28XHD6,2021,0.0,,,,True
SEDOL:B28XHD6,2022,0.0,,,,True
SEDOL:B28XHD6,2023,0.0,,,,True
SEDOL:B28XHD6,2024,0.0,,,,True
SEDOL:B28XHD6,2025,0.0,,,,True
SEDOL:B28XHD6,2026,0.0,,,,True
SEDOL:B292WH1,2009,0.0,,,,True
SEDOL:B292WH1,2010,0.0,,,,True
SEDOL:B292WQ0,2009,0.0,,,,True
SEDOL:B292WQ0,2010,0.0,,,,True
SEDOL:B296Z74,2008,0.0,,,,True
SEDOL:B296Z74,2009,0.0,,,,True
SEDOL:B29BN19,2008,0.0,85.0,0.0,0.0,True
SEDOL:B29BN19,2009,0.0,94.5,,0.0,True
SEDOL:B29BN19,2010,0.0,83.66666666666667,,0.0,True
SEDOL:B29BN19,2011,0.0,89.33333333333333,,0.0,True
SEDOL:B29BN19,2012,0.0,94.5,,0.0,True
SEDOL:B29BN19,2013,0.0,99.375,,0.0,True
SEDOL:B29BN19,2014,0.0,100.5,,0.0,True
SEDOL:B29BN19,2015,0.0,95.375,,0.0,True
SEDOL:B29BN19,2016,0.0,90.0625,,0.0,True
SEDOL:B29BN19,2017,0.0,84.75,,0.0,True
SEDOL:B29BN19,2018,0.0,,,,True
SEDOL:B29BN19,2019,0.0,,,,True
SEDOL:B29BN19,2020,0.0,,,,True
SEDOL:B29BN19,2021,0.0,,,,True
SEDOL:B29BN19,2022,0.0,,,,True
SEDOL:B29BN19,2023,0.0,,,,True
SEDOL:B29BN19,2024,0.0,,,,True
SEDOL:B29BN19,2025,0.0,,,,True
SEDOL:B29BN19,2026,0.0,,,,True
SEDOL:B29KPN2,2010,0.0,,,,True
SEDOL:B29KPN2,2011,0.0,,,,True
SEDOL:B29KPN2,2012,0.0,60.0,,0.0,True
SEDOL:B29KPN2,2013,0.0,,,,True
SEDOL:B29KPN2,2014,0.0,,,,True
SEDOL:B29KPN2,2015,0.0,,,,True
SEDOL:B29KPN2,2016,0.0,,,,True
SEDOL:B29KPN2,2017,0.0,,,,True
SEDOL:B29KPN2,2018,0.0,,,,True
SEDOL:B29KPP4,2010,0.0,,,,True
SEDOL:B29KPP4,2011,0.0,,,,True
SEDOL:B29KPP4,2012,0.0,,,,True
SEDOL:B29LC01,2008,0.0,,0.0,,True
SEDOL:B29LC01,2009,0.0,47.5,,0.0,True
SEDOL:B29LC01,2010,0.0,,,,True
SEDOL:B29LG10,2008,0.0,,0.0,,True
SEDOL:B29LG10,2009,0.0,365.5,,0.0,True
SEDOL:B29LG10,2010,0.0,,,,True
SEDOL:B29LSW5,2008,0.0,108.61111111111111,0.0,0.0,True
SEDOL:B29LSW5,2009,0.0,119.88888888888889,,0.0,True
SEDOL:B29LSW5,2010,0.0,,,,True
SEDOL:B29LSW5,2011,0.0,,,,True
SEDOL:B29LSW5,2012,0.0,90.5,,0.0,True
SEDOL:B29LSW5,2013,0.0,,,,True
SEDOL:B29LSW5,2014,0.0,,,,True
SEDOL:B29LSW5,2015,0.0,,,,True
SEDOL:B29MWP9,2007,0.0,95.0,2.9,0.0,False
SEDOL:B29MWP9,2008,0.0,92.875,1.45,0.0,False
SEDOL:B29Q2M8,2011,0.0,,,,True
SEDOL:B29Q2M8,2012,0.0,292.22,,0.0,True
SEDOL:B29Q2M8,2013,0.0,,,,True
SEDOL:B29Q2M8,2014,0.0,,,,True
SEDOL:B29YCK0,2008,0.0,,,,True
SEDOL:B29YCR7,2008,0.0,,0.0,,True
SEDOL:B29YCR7,2009,0.0,,,,True
SEDOL:B29YCR7,2010,0.0,,,,True
SEDOL:B29YCR7,2011,0.0,,,,True
SEDOL:B29YCR7,2012,0.0,68.96,,0.0,True
SEDOL:B29YCR7,2013,0.0,,,,True
SEDOL:B2NJD97,2009,0.0,,,,True
SEDOL:B2NJD97,2010,0.0,,,,True
SEDOL:B2NJD97,2011,0.0,,,,True
SEDOL:B2PKXF4,2012,0.0,43.313,,0.0,True
SEDOL:B2PKXF4,2013,0.0,39.625,,0.0,True
SEDOL:B2PKXF4,2014,0.0,32.275,,0.0,True
SEDOL:B2PKXF4,2015,0.0,15.669166666666667,,0.0,True
SEDOL:B2PKXF4,2016,0.0,12.6575,,0.0,True
SEDOL:B2PKXF4,2017,0.0,15.38,,0.0,True
SEDOL:B2PP252,2008,1.0,77.625,2.625,1.288244766505636,True
SEDOL:B2PP252,2009,0.0,69.66666666666667,2.891666666666667,0.0,False
SEDOL:B2PP252,2010,0.0,91.40750000000001,1.8,0.0,False
SEDOL:B2PP252,2011,0.0,102.08333333333333,1.6583333333333332,0.0,False
SEDOL:B2PP252,2012,0.0,98.75,1.9916666666666665,0.0,False
SEDOL:B2PP252,2013,0.0,123.33333333333333,1.7333333333333334,0.0,False
SEDOL:B2PP252,2014,0.0,138.02083333333334,1.5916666666666668,0.0,False
SEDOL:B2PP252,2015,0.0,150.47916666666666,1.5,0.0,False
SEDOL:B2PP252,2016,0.0,152.02083333333334,1.5,0.0,False
SEDOL:B2PP252,2017,0.0,187.75,1.5,0.0,False
SEDOL:B2PP252,2018,0.0,204.79166666666666,1.5,0.0,False
SEDOL:B2PP252,2019,0.0,208.5,1.5,0.0,False
SEDOL:B2PP252,2020,0.0,219.54166666666666,1.5,0.0,False
SEDOL:B2PP252,2021,0.0,282.4166666666667,1.5,0.0,False
SEDOL:B2PP252,2022,0.0,243.58333333333334,1.5,0.0,False
SEDOL:B2PP252,2023,0.0,225.58333333333334,1.5,0.0,False
SEDOL:B2PP252,2024,0.0,250.33333333333334,1.5,0.0,False
SEDOL:B2PP252,2025,0.0,273.1666666666667,1.5,0.0,False
SEDOL:B2PP252,2026,0.0,313.0,1.6071428571428572,0.0,False
SEDOL:B2PP3J3,2008,1.5,79.5625,5.875,1.8853102906520032,False
SEDOL:B2PP3J3,2009,2.0,74.54166666666667,5.858333333333333,2.6830631637786473,True
SEDOL:B2PP3J3,2010,4.4,93.33333333333333,4.858333333333333,4.714285714285715,True
SEDOL:B2PP3J3,2011,4.4,98.08333333333333,4.941666666666666,4.4859813084112155,True
SEDOL:B2PP3J3,2012,4.4,95.83333333333333,5.041666666666667,4.591304347826088,True
SEDOL:B2PP3J3,2013,4.6000000000000005,113.9375,4.283333333333333,4.03730115194734,True
SEDOL:B2PP3J3,2014,4.9,120.35416666666667,4.233333333333333,4.0713172927124806,True
SEDOL:B2PP3J3,2015,5.1,121.45833333333333,4.125,4.198970840480274,True
SEDOL:B2PP3J3,2016,5.3,116.89583333333333,4.1,4.533951167349849,True
SEDOL:B2PP3J3,2017,5.55,136.9375,4.1,4.05294386125057,True
SEDOL:B2PP3J3,2018,5.800000000000001,133.58333333333334,4.1,4.341859014348098,True
SEDOL:B2PP3J3,2019,6.05,134.375,4.1,4.502325581395349,True
SEDOL:B2PP3J3,2020,6.1,120.79166666666667,4.1,5.0500172473266645,True
SEDOL:B2PP3J3,2021,6.5,141.20833333333334,4.1,4.603127766302744,True
SEDOL:B2PP3J3,2022,6.89,128.95833333333334,4.1,5.34281098546042,True
SEDOL:B2PP3J3,2023,7.46,115.13636363636364,4.1,6.4792735886300825,True
SEDOL:B2PP3J3,2024,7.5,114.16666666666667,4.1,6.56934306569343,True
SEDOL:B2PP3J3,2025,7.699999999999999,115.875,4.1,6.645091693635382,True
SEDOL:B2PP3J3,2026,4.05,128.35714285714286,3.8357142857142854,3.1552587646076793,True
SEDOL:B2PW2P3,2008,0.0,,0.0,,True
SEDOL:B2PXDB9,2008,0.0,,,,True
SEDOL:B2PXDB9,2009,0.0,,,,True
SEDOL:B2PXDB9,2010,0.0,,,,True
SEDOL:B2PXDB9,2011,0.0,,,,True
SEDOL:B2PXNC0,2008,0.0,,,,True
SEDOL:B2PXNC0,2009,0.0,,,,True
SEDOL:B2PXNC0,2010,0.0,,,,True
SEDOL:B2PXNC0,2011,0.0,,,,True
SEDOL:B2PXNQ4,2008,0.0,,,,True
SEDOL:B2PXNQ4,2009,0.0,,,,True
SEDOL:B2PXNQ4,2010,0.0,,,,True
SEDOL:B2PXNQ4,2011,0.0,,,,True
SEDOL:B2Q5VD2,2008,0.0,,,,True
SEDOL:B2Q5VD2,2009,0.0,90.0,0.54,0.0,False
SEDOL:B2Q5VD2,2010,0.0,,,,True
SEDOL:B2Q5VD2,2011,0.0,,,,True
SEDOL:B2Q5VD2,2012,0.0,102.5,,0.0,True
SEDOL:B2Q5VD2,2013,0.0,,,,True
SEDOL:B2Q5VD2,2014,0.0,,,,True
SEDOL:B2QQPM2,2008,0.0,,0.0,,True
SEDOL:B2QQPM2,2009,0.0,,,,True
SEDOL:B2QQPM2,2010,0.0,,,,True
SEDOL:B2QQPM2,2011,0.0,,,,True
SEDOL:B2QQPM2,2012,0.0,922.88,,0.0,True
SEDOL:B2QQPM2,2013,0.0,,,,True
SEDOL:B2QQPM2,2014,0.0,,,,True
SEDOL:B2QQPS8,2008,0.0,,0.0,,True
SEDOL:B2QQPS8,2009,0.0,,,,True
SEDOL:B2QQPS8,2010,0.0,,,,True
SEDOL:B2QQPS8,2011,0.0,,,,True
SEDOL:B2QQPS8,2012,0.0,710.55,,0.0,True
SEDOL:B2QQPS8,2013,0.0,,,,True
SEDOL:B2QQPS8,2014,0.0,,,,True
SEDOL:B2QQPS8,2015,0.0,,,,True
SEDOL:B2QQPS8,2016,0.0,,,,True
SEDOL:B2QQPS8,2017,0.0,,,,True
SEDOL:B2QQPS8,2018,0.0,,,,True
SEDOL:B2QQPS8,2019,0.0,,,,True
SEDOL:B2QQPS8,2020,0.0,,,,True
SEDOL:B2QQPS8,2021,0.0,,,,True
SEDOL:B2QQPT9,2008,0.0,,0.0,,True
SEDOL:B2QQPT9,2009,0.0,,,,True
SEDOL:B2QQPT9,2010,0.0,,,,True
SEDOL:B2QQPT9,2011,0.0,,,,True
SEDOL:B2QQPT9,2012,0.0,1136.0,,0.0,True
SEDOL:B2QQPT9,2013,0.0,,,,True
SEDOL:B2QQPT9,2014,0.0,,,,True
SEDOL:B2QQPT9,2015,0.0,,,,True
SEDOL:B2QQPT9,2016,0.0,,,,True
SEDOL:B2QQPT9,2017,0.0,,,,True
SEDOL:B2QQPT9,2018,0.0,,,,True
SEDOL:B2QQPT9,2019,0.0,,,,True
SEDOL:B2QQPT9,2020,0.0,,,,True
SEDOL:B2QQPT9,2021,0.0,,,,True
SEDOL:B39VXT4,2008,0.0,,,,True
SEDOL:B39VXT4,2009,0.0,,,,True
SEDOL:B39VXT4,2010,0.0,,,,True
SEDOL:B39VY02,2008,0.0,,,,True
SEDOL:B39VY02,2009,0.0,,,,True
SEDOL:B39VY02,2010,0.0,,,,True
SEDOL:B39VY13,2008,0.0,,,,True
SEDOL:B39VY13,2009,0.0,,,,True
SEDOL:B39VY13,2010,0.0,,,,True
SEDOL:B39XCB5,2008,0.0,,,,True
SEDOL:B39XCB5,2009,0.0,,,,True
SEDOL:B39XCB5,2010,0.0,95.0,,0.0,True
SEDOL:B39XCB5,2011,0.0,81.0,,0.0,True
SEDOL:B39XCB5,2012,0.0,,,,True
SEDOL:B3B3WB3,2014,0.0,,,,True
SEDOL:B3B3WB3,2015,0.0,,,,True
SEDOL:B3B3WB3,2016,0.0,,,,True
SEDOL:B3B3WB3,2017,0.0,,,,True
SEDOL:B3B3WB3,2018,0.0,,,,True
SEDOL:B3BVWS4,2010,0.0,,,,True
SEDOL:B3BVWS4,2011,0.0,,,,True
SEDOL:B3BVWS4,2012,0.0,85.14,,0.0,True
SEDOL:B3BVWS4,2013,0.0,,,,True
SEDOL:B3BVWS4,2014,0.0,,,,True
SEDOL:B3CCM75,2008,0.0,,,,True
SEDOL:B3CCM75,2009,0.0,,,,True
SEDOL:B3D0WQ7,2009,0.0,,,,True
SEDOL:B3D0WQ7,2010,0.0,,,,True
SEDOL:B3D0WR8,2009,0.0,,,,True
SEDOL:B3D0WR8,2010,0.0,,,,True
SEDOL:B3D74S4,2009,0.0,,,,True
SEDOL:B3D74S4,2010,0.0,,,,True
SEDOL:B3D74S4,2011,0.0,,,,True
SEDOL:B3D74S4,2012,0.0,76.5,,0.0,True
SEDOL:B3D74S4,2013,0.0,,,,True
SEDOL:B3D74S4,2014,0.0,,,,True
SEDOL:B3D74S4,2015,0.0,,,,True
SEDOL:B3D74S4,2016,0.0,,,,True
SEDOL:B3D7514,2009,0.0,,,,True
SEDOL:B3D7514,2010,0.0,,,,True
SEDOL:B3D7514,2011,0.0,,,,True
SEDOL:B3D7514,2012,0.0,76.5,,0.0,True
SEDOL:B3D7514,2013,0.0,,,,True
SEDOL:B3D7514,2014,0.0,,,,True
SEDOL:B3D7514,2015,0.0,,,,True
SEDOL:B3D7514,2016,0.0,,,,True
SEDOL:B3DD211,2009,0.0,,,,True
SEDOL:B3DD211,2010,0.0,,,,True
SEDOL:B3DD211,2011,0.0,,,,True
SEDOL:B3DD211,2012,0.0,,,,True
SEDOL:B3DD233,2009,0.0,,,,True
SEDOL:B3DD233,2010,0.0,,,,True
SEDOL:B3DD233,2011,0.0,,,,True
SEDOL:B3DD233,2012,0.0,,,,True
SEDOL:B3K3HN1,2009,0.0,,,,True
SEDOL:B3K3HN1,2010,0.0,,,,True
SEDOL:B3K3HN1,2011,0.0,,,,True
SEDOL:B3K3HN1,2012,0.0,134.88,,0.0,True
SEDOL:B3K3HN1,2013,0.0,,,,True
SEDOL:B3K3HN1,2014,0.0,,,,True
SEDOL:B3K3HN1,2015,0.0,,,,True
SEDOL:B3K3HN1,2016,0.0,,,,True
SEDOL:B3KHF28,2009,0.0,74.625,,0.0,True
SEDOL:B3KJH95,2018,0.0,,,,True
SEDOL:B3KJH95,2019,0.0,,,,True
SEDOL:B3KJH95,2020,0.0,,,,True
SEDOL:B3KJH95,2021,0.0,,,,True
SEDOL:B3KJH95,2022,0.0,,,,True
SEDOL:B3KJH95,2023,0.0,,,,True
SEDOL:B3KJH95,2024,0.0,,,,True
SEDOL:B3KJH95,2025,0.0,,,,True
SEDOL:B3KJH95,2026,0.0,,,,True
SEDOL:B3KVC41,2009,0.0,,,,True
SEDOL:B3KVC41,2010,0.0,,,,True
SEDOL:B3KVC41,2011,0.0,,,,True
SEDOL:B3KVC41,2012,0.0,80.0,,0.0,True
SEDOL:B3KVC41,2013,0.0,,,,True
SEDOL:B3KVC41,2014,0.0,,,,True
SEDOL:B3KVC41,2015,0.0,,,,True
SEDOL:B3KVC41,2016,0.0,,,,True
SEDOL:B3KVC41,2017,0.0,,,,True
SEDOL:B3KVC41,2018,0.0,,,,True
SEDOL:B3KVC41,2019,0.0,,,,True
SEDOL:B3KVC41,2020,0.0,,,,True
SEDOL:B3KVC41,2021,0.0,,,,True
SEDOL:B3KX4Q3,2011,0.0,,,,True
SEDOL:B3KX4Q3,2012,0.0,100.3,,0.0,True
SEDOL:B3KX4Q3,2013,0.0,,,,True
SEDOL:B3KX4Q3,2014,0.0,,,,True
SEDOL:B3KX4Q3,2015,0.0,,,,True
SEDOL:B3KX4Q3,2016,0.0,,,,True
SEDOL:B3KX4Q3,2017,0.0,,,,True
SEDOL:B3KX4Q3,2018,0.0,,,,True
SEDOL:B3KX4Q3,2019,0.0,,,,True
SEDOL:B3KX4Q3,2020,0.0,,,,True
SEDOL:B3KX4Q3,2021,0.0,,,,True
SEDOL:B3KX4Q3,2022,0.0,,,,True
SEDOL:B3KX4Q3,2023,0.0,,,,True
SEDOL:B3KX4Q3,2024,0.0,,,,True
SEDOL:B3L2G07,2009,0.0,,,,True
SEDOL:B3L2G07,2010,0.0,,,,True
SEDOL:B3L2G07,2011,0.0,,,,True
SEDOL:B3L2G07,2012,0.0,95.0,,0.0,True
SEDOL:B3L2G07,2013,0.0,,,,True
SEDOL:B3L2G07,2014,0.0,,,,True
SEDOL:B3L2G07,2015,0.0,,,,True
SEDOL:B3L2G07,2016,0.0,,,,True
SEDOL:B3L9RC7,2010,0.0,,,,True
SEDOL:B3L9RC7,2011,0.0,,,,True
SEDOL:B3L9RC7,2012,0.0,98.0,,0.0,True
SEDOL:B3L9RC7,2013,0.0,,,,True
SEDOL:B3L9RC7,2014,0.0,,,,True
SEDOL:B3L9RC7,2015,0.0,,,,True
SEDOL:B3NPKD5,2009,0.0,,,,True
SEDOL:B3NPKD5,2010,0.0,,,,True
SEDOL:B3P7S35,2011,0.0,,,,True
SEDOL:B3P7S35,2012,0.0,62.75,,0.0,True
SEDOL:B3P7S35,2013,0.0,,,,True
SEDOL:B3P7S35,2014,0.0,,,,True
SEDOL:B3P7S35,2015,0.0,,,,True
SEDOL:B3P7S35,2016,0.0,,,,True
SEDOL:B3P7S35,2017,0.0,,,,True
SEDOL:B3P7S35,2018,0.0,,,,True
SEDOL:B3P7S35,2019,0.0,,,,True
SEDOL:B3P7S35,2020,0.0,,,,True
SEDOL:B3PHCS8,2011,0.6,94.5325,5.7625,0.634702351043292,False
SEDOL:B3PHCS8,2012,3.0,99.53166666666668,4.991666666666666,3.01411611045061,True
SEDOL:B3PHCS8,2013,2.0,116.31416666666667,4.375,1.7194810033171655,False
SEDOL:B3PHCS8,2014,3.1500000000000004,113.71083333333333,4.483333333333333,2.770184605688406,True
SEDOL:B3PHCS8,2015,5.6,124.24166666666667,4.32,4.507344556979006,True
SEDOL:B3PHCS8,2016,4.6499999999999995,130.9090909090909,3.9818181818181815,3.552083333333333,True
SEDOL:B3PHCS8,2017,3.7,158.31333333333333,4.066666666666666,2.3371373226091716,True
SEDOL:B3PHCS8,2018,4.0,162.3125,4.2,2.464381979206777,True
SEDOL:B3PHCS8,2019,4.3,163.08333333333334,4.2749999999999995,2.636688809402146,True
SEDOL:B3PHCS8,2020,4.5,146.22916666666666,3.8083333333333336,3.0773614474996442,True
SEDOL:B3PHCS8,2021,4.8,163.39583333333334,3.5416666666666665,2.9376514088996557,True
SEDOL:B3PHCS8,2022,5.45,171.60416666666666,4.291666666666667,3.175913560762414,True
SEDOL:B3PHCS8,2023,5.62,167.4375,4.229166666666667,3.356476297125793,True
SEDOL:B3PHCS8,2024,5.79,164.3125,3.7816666666666667,3.5237732978318754,True
SEDOL:B3PHCS8,2025,1.95,174.0,3.655,1.1206896551724137,False
SEDOL:B3QFJX5,2009,0.0,,,,True
SEDOL:B3QFJX5,2010,0.0,,,,True
SEDOL:B3RNDW5,2016,0.0,,,,True
SEDOL:B3RNDW5,2017,0.0,,,,True
SEDOL:B3RX4S8,2009,0.0,,,,True
SEDOL:B3RX4S8,2010,0.0,,,,True
SEDOL:B3SD2L6,2011,0.0,100.0,,0.0,True
SEDOL:B3SD2L6,2012,0.0,95.0,,0.0,True
SEDOL:B3SD2L6,2013,0.0,,,,True
SEDOL:B3SD2L6,2014,0.0,,,,True
SEDOL:B3SD2L6,2015,0.0,,,,True
SEDOL:B3SXM83,2010,0.0,107.25,0.0,0.0,True
SEDOL:B3SXM83,2011,0.0,86.4175,,0.0,True
SEDOL:B3SXM83,2012,0.0,79.32416666666667,,0.0,True
SEDOL:B3SXM83,2013,0.0,107.19833333333334,,0.0,True
SEDOL:B3SXM83,2014,0.0,121.29083333333334,,0.0,True
SEDOL:B3SXM83,2015,0.0,108.78000000000002,,0.0,True
SEDOL:B3SXM83,2016,0.0,119.125,4.382857142857143,0.0,False
SEDOL:B3SXM83,2017,0.0,151.0825,3.4616666666666664,0.0,False
SEDOL:B3SXM83,2018,0.0,150.45833333333334,3.486666666666667,0.0,False
SEDOL:B3SXM83,2019,0.0,134.41666666666666,3.2416666666666667,0.0,False
SEDOL:B3SXM83,2020,0.0,98.63333333333333,3.9683333333333333,0.0,False
SEDOL:B3SXM83,2021,0.0,123.22916666666667,2.316666666666667,0.0,False
SEDOL:B3SXM83,2022,0.0,128.5,3.1475000000000004,0.0,False
SEDOL:B3SXM83,2023,0.0,138.8125,4.338333333333334,0.0,False
SEDOL:B3SXM83,2024,0.0,148.525,4.835833333333333,0.0,False
SEDOL:B3SXM83,2025,0.0,162.95833333333334,4.3175,0.0,False
SEDOL:B3SXM83,2026,0.0,189.07142857142858,4.991428571428571,0.0,False
SEDOL:B3WQ8G8,2011,0.0,,,,True
SEDOL:B3WQ8G8,2012,0.0,57.52,,0.0,True
SEDOL:B3WQ8G8,2013,0.0,92.5,,0.0,True
SEDOL:B3WQ8G8,2014,0.0,,,,True
SEDOL:B3WQ8G8,2015,0.0,,,,True
SEDOL:B3WQ8G8,2016,0.0,,,,True
SEDOL:B3WQ8G8,2017,0.0,,,,True
SEDOL:B3WQ8G8,2018,0.0,,,,True
SEDOL:B3WQ8G8,2019,0.0,,,,True
SEDOL:B3WQ8G8,2020,0.0,,,,True
SEDOL:B3WQ8G8,2021,0.0,,,,True
SEDOL:B3X2PV9,2011,0.0,,,,True
SEDOL:B3YSKP5,2010,0.0,,,,True
SEDOL:B3YSKP5,2011,0.0,,,,True
SEDOL:B3YSKP5,2012,0.0,110.0,,0.0,True
SEDOL:B3YSKP5,2013,0.0,,,,True
SEDOL:B3YSKP5,2014,0.0,,,,True
SEDOL:B3ZY353,2010,0.0,,,,True
SEDOL:B3ZY353,2011,0.0,,,,True
SEDOL:B3ZY353,2012,0.0,88.15,,0.0,True
SEDOL:B3ZY353,2013,0.0,,,,True
SEDOL:B3ZY353,2014,0.0,,,,True
SEDOL:B40HG88,2009,0.0,100.75,0.0033333333333333335,0.0,True
SEDOL:B40HG88,2010,0.0,98.88636363636364,0.011818181818181818,0.0,True
SEDOL:B40HG88,2011,0.0,98.93272727272728,0.10272727272727272,0.0,True
SEDOL:B40HG88,2012,0.0,99.865,-0.187,0.0,True
SEDOL:B40HG88,2013,0.0,100.13,,0.0,True
SEDOL:B40PR12,2013,0.0,,,,True
SEDOL:B40PR12,2014,0.0,,,,True
SEDOL:B40PR12,2015,0.0,,,,True
SEDOL:B40PR12,2016,0.0,,,,True
SEDOL:B40PR12,2017,0.0,,,,True
SEDOL:B41RMC3,2013,0.0,,,,True
SEDOL:B41RMC3,2014,0.0,,,,True
SEDOL:B41RMC3,2015,0.0,,,,True
SEDOL:B41RMC3,2016,0.0,,,,True
SEDOL:B42J3Y7,2009,0.0,101.66666666666667,-0.13666666666666671,0.0,True
SEDOL:B42J3Y7,2010,0.0,107.08333333333333,1.8724999999999998,0.0,False
SEDOL:B42J3Y7,2011,0.0,126.0225,-0.06999999999999999,0.0,True
SEDOL:B42J3Y7,2012,0.0,121.57333333333334,0.36916666666666664,0.0,True
SEDOL:B42J3Y7,2013,0.0,131.3025,0.7516666666666666,0.0,False
SEDOL:B42J3Y7,2014,0.0,130.9177777777778,-0.7466666666666666,0.0,True
SEDOL:B42T325,2010,0.0,100.0,0.0,0.0,True
SEDOL:B42T325,2011,0.0,95.0,,0.0,True
SEDOL:B42T325,2012,0.0,85.5,,0.0,True
SEDOL:B42T325,2013,0.0,,,,True
SEDOL:B42T325,2014,0.0,,,,True
SEDOL:B43GVJ8,2011,0.0,,,,True
SEDOL:B43GVJ8,2012,0.0,80.0,,0.0,True
SEDOL:B43GVJ8,2013,0.0,,,,True
SEDOL:B43GVJ8,2014,0.0,,,,True
SEDOL:B43GVJ8,2015,0.0,,,,True
SEDOL:B43GVJ8,2016,0.0,,,,True
SEDOL:B43GVJ8,2017,0.0,,,,True
SEDOL:B43GVJ8,2018,0.0,,,,True
SEDOL:B43GVJ8,2019,0.0,,,,True
SEDOL:B43GVJ8,2020,0.0,,,,True
SEDOL:B43GVJ8,2021,0.0,,,,True
SEDOL:B44VMB1,2012,0.0,100.0,,0.0,True
SEDOL:B44VMB1,2013,0.0,,,,True
SEDOL:B44VMB1,2014,0.0,,,,True
SEDOL:B44VMB1,2015,0.0,,,,True
SEDOL:B44VMB1,2016,0.0,,,,True
SEDOL:B44ZTP6,2010,0.0,108.6,4.705,0.0,False
SEDOL:B44ZTP6,2011,4.25,103.09416666666668,5.205454545454545,4.122444690533735,True
SEDOL:B44ZTP6,2012,7.25,99.05333333333333,4.6925,7.319289271772782,True
SEDOL:B44ZTP6,2013,7.25,99.36666666666667,5.45,7.29620932572962,True
SEDOL:B44ZTP6,2014,12.5,75.82416666666667,5.8945454545454545,16.48550923738034,True
SEDOL:B44ZTP6,2015,6.25,56.14666666666667,6.830000000000001,11.131560199477558,True
SEDOL:B44ZTP6,2016,14.0,59.53333333333333,6.828333333333333,23.51623740201568,True
SEDOL:B44ZTP6,2017,17.5,73.57583333333334,6.3116666666666665,23.78498374692777,True
SEDOL:B44ZTP6,2018,14.0,66.25833333333334,6.0075,21.129417683310272,True
SEDOL:B44ZTP6,2019,14.0,70.34166666666667,5.788333333333333,19.90285511195356,True
SEDOL:B44ZTP6,2020,10.5,53.0625,5.0408333333333335,19.78798586572438,True
SEDOL:B44ZTP6,2021,6.125,53.15833333333333,4.8554545454545455,11.5221821602132,True
SEDOL:B44ZTP6,2022,5.25,53.38333333333333,7.132727272727272,9.834530128004996,True
SEDOL:B44ZTP6,2023,0.875,57.45,,1.5230635335073976,True
SEDOL:B45M5X6,2012,0.0,100.0,,0.0,True
SEDOL:B45M5X6,2013,0.0,,,,True
SEDOL:B45M5X6,2014,0.0,,,,True
SEDOL:B45M5X6,2015,0.0,,,,True
SEDOL:B45M5X6,2016,0.0,,,,True
SEDOL:B45M5X6,2017,0.0,,,,True
SEDOL:B4K0JB1,2010,0.0,,,,True
SEDOL:B4K0JB1,2011,0.0,,,,True
SEDOL:B4K0JB1,2012,0.0,69.0,,0.0,True
SEDOL:B4K0JB1,2013,0.0,,,,True
SEDOL:B4KFM51,2009,0.0,,,,True
SEDOL:B4KFM51,2010,0.0,94.6,,0.0,True
SEDOL:B4KFM51,2011,0.0,93.0,2.58,0.0,False
SEDOL:B4KFM51,2012,0.0,91.0,,0.0,True
SEDOL:B4KFM51,2013,0.0,95.0,,0.0,True
SEDOL:B4KFM51,2014,0.0,98.75,,0.0,True
SEDOL:B4KFM51,2015,0.0,,,,True
SEDOL:B4KQKM7,2012,0.0,100.0,,0.0,True
SEDOL:B4KQKM7,2013,0.0,,,,True
SEDOL:B4KQKM7,2014,0.0,,,,True
SEDOL:B4KQKM7,2015,0.0,,,,True
SEDOL:B4KQKM7,2016,0.0,,,,True
SEDOL:B4KQKM7,2017,0.0,,,,True
SEDOL:B4L0PD4,2013,0.0,,,,True
SEDOL:B4L0PD4,2014,0.0,,,,True
SEDOL:B4L0PD4,2015,0.0,,,,True
SEDOL:B4L0PD4,2016,0.0,,,,True
SEDOL:B4L0PD4,2017,0.0,,,,True
SEDOL:B4L0PD4,2018,0.0,,,,True
SEDOL:B4L0PD4,2019,0.0,,,,True
SEDOL:B4L0PD4,2020,0.0,,,,True
SEDOL:B4L0PD4,2021,0.0,8.21,,0.0,True
SEDOL:B4L0PD4,2022,0.0,641.6416666666667,2.89,0.0,False
SEDOL:B4L0PD4,2023,0.0,596.9499999999999,4.3549999999999995,0.0,False
SEDOL:B4L0PD4,2024,0.0,676.6,4.708333333333333,0.0,False
SEDOL:B4L0PD4,2025,0.0,829.85,5.565,0.0,False
SEDOL:B4L0PD4,2026,0.0,1331.4285714285713,,0.0,True
SEDOL:B4LJGB6,2009,0.0,,,,True
SEDOL:B4LJGB6,2010,0.0,,,,True
SEDOL:B4LJGB6,2011,0.0,,,,True
SEDOL:B4LJGB6,2012,0.0,53.0,,0.0,True
SEDOL:B4LJGB6,2013,0.0,,,,True
SEDOL:B4LJGB6,2014,0.0,,,,True
SEDOL:B4LQCP3,2011,0.0,,,,True
SEDOL:B4LQCP3,2012,0.0,86.0,,0.0,True
SEDOL:B4LQCP3,2013,0.0,,,,True
SEDOL:B4LQCP3,2014,0.0,,,,True
SEDOL:B4LQCP3,2015,0.0,,,,True
SEDOL:B4LQCP3,2016,0.0,,,,True
SEDOL:B4M2G81,2011,0.0,,,,True
SEDOL:B4M2G81,2012,0.0,80.0,,0.0,True
SEDOL:B4M2G81,2013,0.0,,,,True
SEDOL:B4M2G81,2014,0.0,,,,True
SEDOL:B4M2G81,2015,0.0,,,,True
SEDOL:B4M2G81,2016,0.0,,,,True
SEDOL:B4M2G81,2017,0.0,,,,True
SEDOL:B4M2G81,2018,0.0,,,,True
SEDOL:B4M2G81,2019,0.0,,,,True
SEDOL:B4M2G81,2020,0.0,,,,True
SEDOL:B4M2G81,2021,0.0,,,,True
SEDOL:B4M5KX3,2011,0.0,94.30199999999999,1.3199999999999998,0.0,False
SEDOL:B4M5KX3,2012,0.0,78.30333333333333,2.0833333333333335,0.0,False
SEDOL:B4M5KX3,2013,0.0,97.04333333333334,1.2,0.0,False
SEDOL:B4MGR24,2010,0.0,,,,True
SEDOL:B4MGR24,2011,0.0,,,,True
SEDOL:B4MGR24,2012,0.0,78.0,,0.0,True
SEDOL:B4MGR24,2013,0.0,,,,True
SEDOL:B4MGR24,2014,0.0,,,,True
SEDOL:B4MGR24,2015,0.0,,,,True
SEDOL:B4MGR24,2016,0.0,,,,True
SEDOL:B4MGR24,2017,0.0,,,,True
SEDOL:B4MGR24,2018,0.0,,,,True
SEDOL:B4N1RV7,2012,0.0,109.63,,0.0,True
SEDOL:B4N1RV7,2013,0.0,,,,True
SEDOL:B4N1RV7,2014,0.0,,,,True
SEDOL:B4N1RV7,2015,0.0,,,,True
SEDOL:B4N1RV7,2016,0.0,,,,True
SEDOL:B4N1RV7,2017,0.0,,,,True
SEDOL:B4N1RV7,2018,0.0,,,,True
SEDOL:B4N1RV7,2019,0.0,,,,True
SEDOL:B4N1RV7,2020,0.0,,,,True
SEDOL:B4N5LG2,2010,0.0,100.5,-0.54,0.0,True
SEDOL:B4N5LG2,2011,0.0,,,,True
SEDOL:B4N5LG2,2012,0.0,77.13,,0.0,True
SEDOL:B4N5LG2,2013,0.0,,,,True
SEDOL:B4N5LG2,2014,0.0,,,,True
SEDOL:B4QDLR4,2011,0.0,,,,True
SEDOL:B4QDLR4,2012,0.0,,,,True
SEDOL:B4QDLR4,2015,0.0,,,,True
SEDOL:B4QDLR4,2016,0.0,,,,True
SEDOL:B4QDLR4,2017,0.0,,,,True
SEDOL:B4QDLR4,2018,0.0,,,,True
SEDOL:B4QDLR4,2019,0.0,,,,True
SEDOL:B4QDLR4,2020,0.0,,,,True
SEDOL:B4QHGL5,2010,0.0,,,,True
SEDOL:B4QHGL5,2011,0.0,,,,True
SEDOL:B4QHGL5,2012,0.0,764.38,,0.0,True
SEDOL:B4QHGL5,2013,0.0,,,,True
SEDOL:B4T5WS5,2010,0.0,,,,True
SEDOL:B4T5WS5,2011,0.0,,,,True
SEDOL:B4T5WS5,2012,0.0,660.11,,0.0,True
SEDOL:B4T5WS5,2013,0.0,,,,True
SEDOL:B4T5WS5,2014,0.0,,,,True
SEDOL:B4T5WS5,2015,0.0,,,,True
SEDOL:B4T5WS5,2016,0.0,,,,True
SEDOL:B4TC8Z5,2011,0.0,,,,True
SEDOL:B4TC8Z5,2012,0.0,615.2,,0.0,True
SEDOL:B4TC8Z5,2013,0.0,,,,True
SEDOL:B4TC8Z5,2014,0.0,,,,True
SEDOL:B4TC8Z5,2015,0.0,,,,True
SEDOL:B4TC8Z5,2016,0.0,,,,True
SEDOL:B4TC8Z5,2017,0.0,,,,True
SEDOL:B4TC8Z5,2018,0.0,,,,True
SEDOL:B4TC8Z5,2019,0.0,,,,True
SEDOL:B4TR344,2010,0.0,97.0625,4.4425,0.0,False
SEDOL:B4TR344,2011,0.0,99.68833333333333,4.226666666666667,0.0,False
SEDOL:B4TR344,2012,0.0,98.71999999999998,4.215833333333333,0.0,False
SEDOL:B4TR344,2013,0.0,139.21083333333334,3.686666666666667,0.0,False
SEDOL:B4TR344,2014,0.0,167.96,3.4,0.0,False
SEDOL:B4TR344,2015,0.0,190.29250000000002,3.4825,0.0,False
SEDOL:B4TR344,2016,0.0,186.76083333333335,3.9774999999999996,0.0,False
SEDOL:B4TR344,2017,0.0,232.87600000000003,3.662,0.0,False
SEDOL:B4V7FP7,2010,0.0,,,,True
SEDOL:B4V7FP7,2011,0.0,,,,True
SEDOL:B4V7FP7,2012,0.0,68.5,,0.0,True
SEDOL:B4V7FP7,2013,0.0,,,,True
SEDOL:B4V7FP7,2014,0.0,,,,True
SEDOL:B4V7FP7,2015,0.0,,,,True
SEDOL:B4V7FP7,2016,0.0,,,,True
SEDOL:B4V7FP7,2017,0.0,,,,True
SEDOL:B4VQX50,2010,0.0,,,,True
SEDOL:B4VR3D1,2010,0.0,,,,True
SEDOL:B4VR3D1,2011,0.0,,,,True
SEDOL:B4VR3D1,2012,0.0,67.5,,0.0,True
SEDOL:B4VR3D1,2013,0.0,,,,True
SEDOL:B4VR3D1,2014,0.0,,,,True
SEDOL:B4VR3D1,2015,0.0,,,,True
SEDOL:B4VR3D1,2016,0.0,,,,True
SEDOL:B4VR3D1,2017,0.0,,,,True
SEDOL:B4W1FT2,2013,0.0,,,,True
SEDOL:B4W1FT2,2014,0.0,125.55333333333333,,0.0,True
SEDOL:B4W1FT2,2015,0.0,131.378,,0.0,True
SEDOL:B4W1FT2,2016,0.0,135.28545454545454,,0.0,True
SEDOL:B4WLXD2,2010,0.0,109.90625,,0.0,True
SEDOL:B4WLXD2,2011,0.0,115.05499999999999,,0.0,True
SEDOL:B4WLXD2,2012,0.0,124.66916666666667,,0.0,True
SEDOL:B4WLXD2,2013,0.0,135.56333333333333,,0.0,True
SEDOL:B4WLXD2,2014,0.0,143.58583333333334,,0.0,True
SEDOL:B4WLXD2,2015,0.0,150.63666666666666,,0.0,True
SEDOL:B4WLXD2,2016,0.0,154.63750000000002,,0.0,True
SEDOL:B4WLXD2,2017,0.0,158.502,,0.0,True
SEDOL:B4WNWJ7,2011,0.0,,,,True
SEDOL:B4XR6J6,2010,0.0,,,,True
SEDOL:B4XR6J6,2011,0.0,,,,True
SEDOL:B4XR6J6,2012,0.0,85.58,,0.0,True
SEDOL:B4XR6J6,2013,0.0,,,,True
SEDOL:B4XR6J6,2014,0.0,,,,True
SEDOL:B4XV933,2010,0.0,,,,True
SEDOL:B4XV933,2011,0.0,,,,True
SEDOL:B4XV933,2012,0.0,1090.0,,0.0,True
SEDOL:B4XV933,2013,0.0,,,,True
SEDOL:B4XV933,2014,0.0,,,,True
SEDOL:B4XV933,2015,0.0,,,,True
SEDOL:B4XV933,2016,0.0,,,,True
SEDOL:B4XV933,2017,0.0,,,,True
SEDOL:B4Z6HJ8,2009,0.0,109.70833333333333,,0.0,True
SEDOL:B4Z6HJ8,2010,0.0,115.91666666666667,,0.0,True
SEDOL:B4Z6HJ8,2011,0.0,125.90916666666665,,0.0,True
SEDOL:B4Z6HJ8,2012,0.0,134.94083333333333,,0.0,True
SEDOL:B4Z6HJ8,2013,0.0,143.00166666666667,,0.0,True
SEDOL:B4Z6HJ8,2014,0.0,148.90833333333333,,0.0,True
SEDOL:B4Z6HJ8,2015,0.0,154.38666666666666,,0.0,True
SEDOL:B4Z6HJ8,2016,0.0,157.15,,0.0,True
SEDOL:B4ZWPH0,2011,0.0,,,,True
SEDOL:B4ZWPH0,2012,0.0,107.9,,0.0,True
SEDOL:B4ZWPH0,2013,0.0,,,,True
SEDOL:B4ZWPH0,2014,0.0,,,,True
SEDOL:B4ZWPH0,2015,0.0,,,,True
SEDOL:B4ZWPH0,2016,0.0,,,,True
SEDOL:B4ZWPH0,2017,0.0,,,,True
SEDOL:B4ZWPH0,2018,0.0,,,,True
SEDOL:B4ZXGJ2,2014,0.0,,,,True
SEDOL:B4ZXGJ2,2015,0.0,,,,True
SEDOL:B4ZXGJ2,2016,0.0,,,,True
SEDOL:B4ZXGJ2,2017,0.0,,,,True
SEDOL:B52Y963,2011,0.0,,,,True
SEDOL:B52Y963,2012,0.0,75.0,,0.0,True
SEDOL:B52Y963,2013,0.0,,,,True
SEDOL:B53Y133,2013,0.0,,,,True
SEDOL:B53Y133,2014,0.0,,,,True
SEDOL:B53Y133,2015,0.0,,,,True
SEDOL:B5467F2,2010,0.0,,,,True
SEDOL:B5467F2,2011,0.0,,,,True
SEDOL:B5467F2,2012,0.0,78.5,,0.0,True
SEDOL:B5467F2,2013,0.0,,,,True
SEDOL:B5467F2,2014,0.0,,,,True
SEDOL:B54BPN1,2012,0.0,164.5,,0.0,True
SEDOL:B54BPN1,2013,0.0,,,,True
SEDOL:B54ST29,2011,0.0,,,,True
SEDOL:B54ST29,2012,0.0,89.71,,0.0,True
SEDOL:B54ST29,2013,0.0,,,,True
SEDOL:B54ST29,2014,0.0,,,,True
SEDOL:B54ST29,2015,0.0,,,,True
SEDOL:B54ST29,2016,0.0,,,,True
SEDOL:B54ST29,2017,0.0,,,,True
SEDOL:B560SW6,2010,0.0,,,,True
SEDOL:B560SW6,2011,0.0,,,,True
SEDOL:B560SW6,2012,0.0,80.0,,0.0,True
SEDOL:B560SW6,2013,0.0,,,,True
SEDOL:B560SW6,2014,0.0,,,,True
SEDOL:B560SW6,2015,0.0,,,,True
SEDOL:B560SW6,2016,0.0,,,,True
SEDOL:B576CP4,2011,0.0,,,,True
SEDOL:B576CP4,2012,0.0,75.0,,0.0,True
SEDOL:B576CP4,2013,0.0,,,,True
SEDOL:B576CP4,2014,0.0,,,,True
SEDOL:B576CP4,2015,0.0,,,,True
SEDOL:B576CP4,2016,0.0,,,,True
SEDOL:B576CP4,2017,0.0,,,,True
SEDOL:B576CP4,2018,0.0,,,,True
SEDOL:B5883J0,2009,0.0,,,,True
SEDOL:B5883J0,2010,0.0,,,,True
SEDOL:B5883J0,2011,0.0,,,,True
SEDOL:B5883J0,2012,0.0,140.88,,0.0,True
SEDOL:B5883J0,2013,0.0,,,,True
SEDOL:B5883J0,2014,0.0,,,,True
SEDOL:B588594,2010,0.0,,,,True
SEDOL:B588594,2011,0.0,,,,True
SEDOL:B588594,2012,0.0,150.25,,0.0,True
SEDOL:B588594,2013,0.0,,,,True
SEDOL:B588594,2014,0.0,,,,True
SEDOL:B588594,2015,0.0,,,,True
SEDOL:B588594,2016,0.0,,,,True
SEDOL:B588594,2017,0.0,,,,True
SEDOL:B588594,2018,0.0,,,,True
SEDOL:B588594,2019,0.0,,,,True
SEDOL:B588594,2020,0.0,,,,True
SEDOL:B597WD3,2009,0.0,,,,True
SEDOL:B597WD3,2010,0.0,,,,True
SEDOL:B598LZ1,2010,0.0,,,,True
SEDOL:B59C119,2011,0.0,,,,True
SEDOL:B59C119,2012,0.0,74.0,,0.0,True
SEDOL:B59C119,2013,0.0,,,,True
SEDOL:B59C119,2014,0.0,,,,True
SEDOL:B59C119,2015,0.0,,,,True
SEDOL:B59C119,2016,0.0,,,,True
SEDOL:B59C119,2017,0.0,,,,True
SEDOL:B59YCM3,2010,0.0,,,,True
SEDOL:B5B3RG7,2010,0.0,,,,True
SEDOL:B5B3RG7,2011,0.0,,,,True
SEDOL:B5B3RG7,2012,0.0,98.5,,0.0,True
SEDOL:B5B3RG7,2013,0.0,,,,True
SEDOL:B5B3RG7,2014,0.0,,,,True
SEDOL:B5B3RG7,2015,0.0,,,,True
SEDOL:B5B6VC0,2012,0.0,100.0,,0.0,True
SEDOL:B5B6VC0,2013,0.0,,,,True
SEDOL:B5B6VC0,2014,0.0,,,,True
SEDOL:B5B6VC0,2015,0.0,,,,True
SEDOL:B5B6VC0,2016,0.0,,,,True
SEDOL:B5BB891,2011,0.0,,,,True
SEDOL:B5BB891,2012,0.0,75.0,,0.0,True
SEDOL:B5BB891,2013,0.0,,,,True
SEDOL:B5BB891,2014,0.0,,,,True
SEDOL:B5BB891,2015,0.0,,,,True
SEDOL:B5BB891,2016,0.0,,,,True
SEDOL:B5BB891,2017,0.0,,,,True
SEDOL:B5LVKC8,2011,0.0,,,,True
SEDOL:B5LVKC8,2012,0.0,,,,True
SEDOL:B5M3H11,2012,0.0,100.0,,0.0,True
SEDOL:B5M3H11,2013,0.0,,,,True
SEDOL:B5M3H11,2014,0.0,,,,True
SEDOL:B5M3H11,2015,0.0,,,,True
SEDOL:B5N4JV7,2011,0.0,,,,True
SEDOL:B5N4JV7,2012,0.0,84.75,,0.0,True
SEDOL:B5N4JV7,2013,0.0,,,,True
SEDOL:B5N4JV7,2014,0.0,,,,True
SEDOL:B5N4JV7,2015,0.0,,,,True
SEDOL:B5N4JV7,2016,0.0,,,,True
SEDOL:B5N4JV7,2017,0.0,,,,True
SEDOL:B5SNML0,2012,0.0,,,,True
SEDOL:B5WDRR7,2010,0.0,,,,True
SEDOL:B5WDRR7,2011,0.0,,,,True
SEDOL:B5WDRR7,2012,0.0,60.14,,0.0,True
SEDOL:B5WDRR7,2013,0.0,,,,True
SEDOL:B5WDRR7,2014,0.0,,,,True
SEDOL:B5ZZY91,2010,0.0,112.7,4.122,0.0,False
SEDOL:B5ZZY91,2011,3.25,109.40666666666668,5.071666666666666,2.970568521113887,True
SEDOL:B5ZZY91,2012,4.85,114.085,5.176666666666667,4.251216198448525,True
SEDOL:B5ZZY91,2013,2.8,124.375,4.410833333333334,2.251256281407035,True
SEDOL:B5ZZY91,2014,1.0,117.69833333333334,4.446666666666666,0.8496297030544188,False
SEDOL:B5ZZY91,2015,0.0,104.30250000000001,4.8374999999999995,0.0,False
SEDOL:B5ZZY91,2016,0.0,103.61500000000001,4.4825,0.0,False
SEDOL:B5ZZY91,2017,3.9,127.66666666666667,4.1875,3.0548302872062663,True
SEDOL:B5ZZY91,2018,5.0,125.0,4.3125,4.0,True
SEDOL:B5ZZY91,2019,6.1,131.9375,4.410833333333334,4.623401231643771,True
SEDOL:B5ZZY91,2020,5.1,117.33749999999999,4.0625,4.346436561201662,True
SEDOL:B5ZZY91,2021,5.1,145.5,3.348333333333333,3.5051546391752573,True
SEDOL:B5ZZY91,2022,7.4,126.8125,3.955833333333333,5.835386890093642,True
SEDOL:B5ZZY91,2023,5.3,127.47916666666667,4.336666666666667,4.157542082039549,True
SEDOL:B5ZZY91,2024,5.4,131.625,3.9141666666666666,4.102564102564102,True
SEDOL:B5ZZY91,2025,6.1,148.79166666666666,4.001666666666666,4.099691963035564,True
SEDOL:B5ZZY91,2026,3.0,194.85714285714286,3.3128571428571427,1.5395894428152492,True
SEDOL:B602HS4,2010,0.0,108.13888888888889,1.8266666666666669,0.0,False
SEDOL:B602HS4,2011,0.0,97.80250000000001,2.6483333333333334,0.0,False
SEDOL:B602HS4,2012,0.0,88.30333333333333,3.0124999999999997,0.0,False
SEDOL:B602HS4,2013,0.0,80.06333333333333,2.964166666666667,0.0,False
SEDOL:B602HS4,2014,0.0,65.00083333333333,3.5033333333333334,0.0,False
SEDOL:B602HS4,2015,0.0,46.61666666666667,3.8033333333333332,0.0,False
SEDOL:B602HS4,2016,0.0,51.72,2.939166666666667,0.0,False
SEDOL:B602HS4,2017,0.0,65.98,2.733333333333333,0.0,False
SEDOL:B602HS4,2018,0.0,61.0625,2.700909090909091,0.0,False
SEDOL:B602HS4,2019,0.0,69.16666666666667,2.2833333333333337,0.0,False
SEDOL:B602HS4,2020,0.0,59.15,1.691,0.0,False
SEDOL:B6116N8,2012,0.0,105.0,,0.0,True
SEDOL:B6116N8,2013,0.0,,,,True
SEDOL:B6116N8,2014,0.0,,,,True
SEDOL:B6116N8,2015,0.0,,,,True
SEDOL:B6116N8,2016,0.0,,,,True
SEDOL:B6116N8,2017,0.0,,,,True
SEDOL:B6116N8,2018,0.0,,,,True
SEDOL:B6116N8,2019,0.0,,,,True
SEDOL:B6116N8,2020,0.0,,,,True
SEDOL:B6173J1,2010,2.15,,,,True
SEDOL:B6173J1,2011,5.3,,,,True
SEDOL:B6173J1,2012,7.5,107.88,,6.952169076751947,True
SEDOL:B6173J1,2013,7.6,,,,True
SEDOL:B6173J1,2014,7.6,108.75,,6.988505747126437,True
SEDOL:B6173J1,2015,7.6,119.55,,6.357172731074864,True
SEDOL:B6173J1,2016,9.5,120.88333333333333,,7.858817041224322,True
SEDOL:B6173J1,2017,7.6,127.4,,5.965463108320251,True
SEDOL:B6173J1,2018,9.5,,,,True
SEDOL:B6173J1,2019,7.6,,,,True
SEDOL:B6173J1,2020,9.5,,,,True
SEDOL:B6173J1,2021,7.0,,,,True
SEDOL:B6173J1,2022,7.0,,,,True
SEDOL:B6173J1,2023,7.0,,,,True
SEDOL:B6173J1,2024,7.0,,,,True
SEDOL:B6173J1,2025,7.0,,,,True
SEDOL:B6173J1,2026,3.5,,,,True
SEDOL:B61K7Y3,2010,0.0,,,,True
SEDOL:B61K7Y3,2011,0.0,,,,True
SEDOL:B61K7Y3,2012,0.0,85.5,,0.0,True
SEDOL:B61K7Y3,2013,0.0,,,,True
SEDOL:B61K7Y3,2014,0.0,,,,True
SEDOL:B61K7Y3,2015,0.0,,,,True
SEDOL:B61K7Y3,2016,0.0,,,,True
SEDOL:B61K7Y3,2017,0.0,,,,True
SEDOL:B61LT73,2010,0.0,,,,True
SEDOL:B61LT73,2011,0.0,,,,True
SEDOL:B61LT73,2012,0.0,59.0,,0.0,True
SEDOL:B61LT73,2013,0.0,,,,True
SEDOL:B61LT73,2014,0.0,,,,True
SEDOL:B61LT73,2015,0.0,,,,True
SEDOL:B61LT73,2016,0.0,,,,True
SEDOL:B61LT73,2017,0.0,,,,True
SEDOL:B61LT73,2018,0.0,,,,True
SEDOL:B61LT73,2019,0.0,,,,True
SEDOL:B61LT73,2020,0.0,,,,True
SEDOL:B61LT73,2021,0.0,,,,True
SEDOL:B61LT73,2022,0.0,,,,True
SEDOL:B61LT73,2023,0.0,,,,True
SEDOL:B61LT73,2024,0.0,,,,True
SEDOL:B61LT73,2025,0.0,,,,True
SEDOL:B61LT73,2026,0.0,,,,True
SEDOL:B61M8H9,2010,0.0,,,,True
SEDOL:B61M8H9,2011,0.0,,,,True
SEDOL:B61M8H9,2012,0.0,85.0,,0.0,True
SEDOL:B61M8H9,2013,0.0,,,,True
SEDOL:B61M8H9,2014,0.0,,,,True
SEDOL:B61M8H9,2015,0.0,,,,True
SEDOL:B628S54,2011,0.0,,,,True
SEDOL:B628S54,2012,0.0,91.5,,0.0,True
SEDOL:B628S54,2013,0.0,,,,True
SEDOL:B628S54,2014,0.0,,,,True
SEDOL:B628S54,2015,0.0,,,,True
SEDOL:B628S54,2016,0.0,,,,True
SEDOL:B62DS15,2018,0.0,,,,True
SEDOL:B62DS15,2019,0.0,,,,True
SEDOL:B62DS15,2020,0.0,,,,True
SEDOL:B62DS15,2021,0.0,,,,True
SEDOL:B62DS15,2022,0.0,,,,True
SEDOL:B62DS15,2023,0.0,,,,True
SEDOL:B62DS15,2024,0.0,,,,True
SEDOL:B62DS15,2025,0.0,,,,True
SEDOL:B62DS15,2026,0.0,,,,True
SEDOL:B62Z3C7,2010,0.0,111.65714285714286,,0.0,True
SEDOL:B62Z3C7,2011,0.0,94.84166666666665,,0.0,True
SEDOL:B62Z3C7,2012,0.0,77.45833333333333,,0.0,True
SEDOL:B62Z3C7,2013,0.0,95.42916666666667,,0.0,True
SEDOL:B62Z3C7,2014,0.0,111.98333333333333,,0.0,True
SEDOL:B62Z3C7,2015,0.0,140.85833333333332,,0.0,True
SEDOL:B62Z3C7,2016,0.0,153.89166666666668,,0.0,True
SEDOL:B62Z3C7,2017,0.0,210.71666666666667,,0.0,True
SEDOL:B62Z3C7,2018,0.0,227.83333333333334,,0.0,True
SEDOL:B62Z3C7,2019,0.0,217.7,,0.0,True
SEDOL:B62Z3C7,2020,0.0,290.3333333333333,,0.0,True
SEDOL:B62Z3C7,2021,0.0,375.2916666666667,,0.0,True
SEDOL:B62Z3C7,2022,0.0,247.92499999999998,,0.0,True
SEDOL:B62Z3C7,2023,0.0,225.95833333333334,,0.0,True
SEDOL:B62Z3C7,2024,0.0,205.725,,0.0,True
SEDOL:B62Z3C7,2025,8.0,278.5833333333333,,2.8716721507627883,True
SEDOL:B62Z3C7,2026,9.0,286.5,3.84,3.141361256544503,True
SEDOL:B631ZQ2,2016,0.0,,,,True
SEDOL:B631ZQ2,2017,0.0,,,,True
SEDOL:B631ZQ2,2018,0.0,,,,True
SEDOL:B631ZQ2,2019,0.0,,,,True
SEDOL:B631ZQ2,2020,0.0,,,,True
SEDOL:B631ZQ2,2021,0.0,,,,True
SEDOL:B631ZQ2,2022,0.0,,,,True
SEDOL:B631ZQ2,2023,0.0,,,,True
SEDOL:B631ZQ2,2024,0.0,,,,True
SEDOL:B631ZQ2,2025,0.0,,,,True
SEDOL:B631ZQ2,2026,0.0,,,,True
SEDOL:B640GZ4,2021,0.0,,,,True
SEDOL:B640GZ4,2022,0.0,,,,True
SEDOL:B64GWK9,2011,0.0,,,,True
SEDOL:B64GWK9,2012,0.0,61.83,,0.0,True
SEDOL:B64GWK9,2013,0.0,,,,True
SEDOL:B64GWK9,2014,0.0,,,,True
SEDOL:B64GWK9,2015,0.0,,,,True
SEDOL:B64GWK9,2016,0.0,,,,True
SEDOL:B64GWK9,2017,0.0,,,,True
SEDOL:B64GWK9,2018,0.0,,,,True
SEDOL:B64GWK9,2019,0.0,,,,True
SEDOL:B64GWK9,2020,0.0,,,,True
SEDOL:B64GWK9,2021,0.0,,,,True
SEDOL:B64GWK9,2022,0.0,,,,True
SEDOL:B64GWK9,2023,0.0,,,,True
SEDOL:B64GWK9,2024,0.0,,,,True
SEDOL:B64GWK9,2025,0.0,,,,True
SEDOL:B65TLW2,2011,0.0,47.86,3.1050000000000004,0.0,False
SEDOL:B65TLW2,2012,0.0,52.031666666666666,4.258333333333334,0.0,False
SEDOL:B65TLW2,2013,0.0,69.9275,3.3991666666666664,0.0,False
SEDOL:B65TLW2,2014,0.0,82.80416666666666,3.3674999999999997,0.0,False
SEDOL:B65TLW2,2015,1.65,87.96916666666668,3.9333333333333336,1.8756571904928807,True
SEDOL:B65TLW2,2016,1.45,91.01083333333334,4.065833333333333,1.5932169247250785,False
SEDOL:B65TLW2,2017,1.55,98.47916666666667,4.175833333333333,1.5739369579014173,False
SEDOL:B65TLW2,2018,1.65,101.57083333333333,3.8816666666666664,1.624482093776921,False
SEDOL:B65TLW2,2019,1.75,91.125,4.155,1.9204389574759946,True
SEDOL:B65TLW2,2020,2.65,84.61666666666666,4.075833333333333,3.131770730746504,True
SEDOL:B65TLW2,2021,2.7,112.5125,3.225,2.399733362959671,True
SEDOL:B65TLW2,2022,3.05,98.35416666666667,3.905,3.101037915695827,True
SEDOL:B65TLW2,2023,4.1,84.06666666666666,4.795833333333333,4.877081681205392,True
SEDOL:B65TLW2,2024,4.25,88.26666666666667,4.3325000000000005,4.814954682779456,True
SEDOL:B65TLW2,2025,4.5,100.425,4.9575000000000005,4.480955937266617,True
SEDOL:B65TLW2,2026,5.35,115.3,5.128,4.640069384215091,True
SEDOL:B6686L2,2010,0.0,,,,True
SEDOL:B6686L2,2011,0.0,,,,True
SEDOL:B6686L2,2012,0.0,84.0,,0.0,True
SEDOL:B6686L2,2013,0.0,,,,True
SEDOL:B6686L2,2014,0.0,,,,True
SEDOL:B6686L2,2015,0.0,,,,True
SEDOL:B6686L2,2016,0.0,,,,True
SEDOL:B6686L2,2021,0.0,,,,True
SEDOL:B6686L2,2022,0.0,,,,True
SEDOL:B6686L2,2023,0.0,,,,True
SEDOL:B6686L2,2024,0.0,,,,True
SEDOL:B6686L2,2025,0.0,,,,True
SEDOL:B6686L2,2026,0.0,,,,True
SEDOL:B67CCM6,2011,0.0,,,,True
SEDOL:B67CCM6,2012,0.0,100.0,,0.0,True
SEDOL:B67CCM6,2013,0.0,,,,True
SEDOL:B67CCM6,2014,0.0,,,,True
SEDOL:B6832P1,2010,0.4,102.17857142857143,3.957142857142857,0.3914715134568333,False
SEDOL:B6832P1,2011,3.52,105.40749999999998,3.8166666666666664,3.33942081920167,True
SEDOL:B6832P1,2012,3.2199999999999998,116.94833333333334,3.5833333333333335,2.7533526201028944,True
SEDOL:B6832P1,2013,3.35,143.50083333333333,3.0083333333333333,2.334481216717673,True
SEDOL:B6832P1,2014,3.5,153.5325,2.6916666666666664,2.2796476316089427,True
SEDOL:B6832P1,2015,5.45,172.89583333333334,2.5416666666666665,3.1521870104831904,True
SEDOL:B6832P1,2016,4.05,181.78166666666667,2.9416666666666664,2.2279474461120943,True
SEDOL:B6832P1,2017,2.4,203.21916666666667,1.9416666666666667,1.1809909662392408,True
SEDOL:B6832P1,2018,1.0,205.875,1.3166666666666667,0.48573163327261687,True
SEDOL:B6832P1,2019,2.0,217.45833333333334,1.2916666666666667,0.9197164207702625,True
SEDOL:B6832P1,2020,2.1,231.95833333333334,1.0583333333333333,0.9053350098796479,True
SEDOL:B6832P1,2021,2.0,271.8333333333333,0.8916666666666667,0.7357449417535254,True
SEDOL:B6832P1,2022,2.0,309.0416666666667,1.0,0.6471619253067278,True
SEDOL:B6832P1,2023,2.1,322.9166666666667,0.9,0.6503225806451612,True
SEDOL:B6832P1,2024,2.4,370.0833333333333,0.8333333333333334,0.6485025895068679,True
SEDOL:B6832P1,2025,3.5999999999999996,360.0833333333333,0.5750000000000001,0.999768572089794,True
SEDOL:B6832P1,2026,1.0,409.92857142857144,0.4857142857142857,0.24394493814253354,True
SEDOL:B6883D1,2011,0.0,,,,True
SEDOL:B6QM2B6,2012,0.0,100.0,,0.0,True
SEDOL:B6QM2B6,2013,0.0,,,,True
SEDOL:B6QM2B6,2014,0.0,,,,True
SEDOL:B6QM2B6,2015,0.0,,,,True
SEDOL:B6QM2B6,2016,0.0,,,,True
SEDOL:B6QM2B6,2017,0.0,,,,True
SEDOL:B6QPQ46,2012,0.0,97.0,,0.0,True
SEDOL:B6QPQ46,2013,0.0,,,,True
SEDOL:B6QPQ46,2014,0.0,,,,True
SEDOL:B6QPQ46,2015,0.0,,,,True
SEDOL:B6QPQ46,2016,0.0,,,,True
SEDOL:B6QPQ46,2017,0.0,,,,True
SEDOL:B6QPQ46,2018,0.0,,,,True
SEDOL:B6QPQ46,2019,0.0,,,,True
SEDOL:B6QPQ46,2020,0.0,,,,True
SEDOL:B6QPQ46,2021,0.0,,,,True
SEDOL:B6QPQ46,2022,0.0,,,,True
SEDOL:B6QPQ46,2023,0.0,,,,True
SEDOL:B6QPQ46,2024,0.0,,,,True
SEDOL:B6QWXM4,2011,0.0,,,,True
SEDOL:B6QWXM4,2012,0.0,108.38,,0.0,True
SEDOL:B6QWXM4,2013,0.0,,,,True
SEDOL:B6QWXM4,2014,0.0,,,,True
SEDOL:B6QWXM4,2015,0.0,,,,True
SEDOL:B6QWXM4,2016,0.0,,,,True
SEDOL:B6QWXM4,2017,0.0,,,,True
SEDOL:B6QWXM4,2018,0.0,,,,True
SEDOL:B6QWXM4,2019,0.0,,,,True
SEDOL:B6QWXM4,2020,0.0,,,,True
SEDOL:B6QWXM4,2021,0.0,,,,True
SEDOL:B6QWXM4,2022,0.0,,,,True
SEDOL:B6QWXM4,2023,0.0,,,,True
SEDOL:B6QWXM4,2024,0.0,,,,True
SEDOL:B6QWXM4,2025,0.0,,,,True
SEDOL:B6SRCQ4,2011,0.0,,,,True
SEDOL:B6SRCQ4,2012,0.0,104.5,,0.0,True
SEDOL:B6SRCQ4,2013,0.0,,,,True
SEDOL:B6SRCQ4,2014,0.0,,,,True
SEDOL:B6X5T17,2012,0.0,106.76083333333334,,0.0,True
SEDOL:B6X5T17,2013,0.0,114.46999999999998,,0.0,True
SEDOL:B6X5T17,2014,0.0,126.39666666666666,,0.0,True
SEDOL:B6X5T17,2015,0.0,141.835,,0.0,True
SEDOL:B6X5T17,2016,0.0,149.24166666666667,,0.0,True
SEDOL:B6X5T17,2017,0.0,155.845,,0.0,True
SEDOL:B6X5T17,2018,0.0,159.05555555555554,,0.0,True
SEDOL:B6YSJD7,2011,0.0,,,,True
SEDOL:B6YSJD7,2013,0.0,,,,True
SEDOL:B6ZS0J9,2012,0.0,95.0,,0.0,True
SEDOL:B6ZS0J9,2013,0.0,,,,True
SEDOL:B6ZS0J9,2014,0.0,,,,True
SEDOL:B6ZS0J9,2015,0.0,,,,True
SEDOL:B6ZS0J9,2016,0.0,,,,True
SEDOL:B6ZS0J9,2017,0.0,,,,True
SEDOL:B6ZS0J9,2018,0.0,,,,True
SEDOL:B6ZS0J9,2019,0.0,,,,True
SEDOL:B6ZS0J9,2020,0.0,,,,True
SEDOL:B6ZS0J9,2021,0.0,,,,True
SEDOL:B6ZS1P2,2012,0.0,95.0,,0.0,True
SEDOL:B6ZS1P2,2013,0.0,,,,True
SEDOL:B6ZS1P2,2014,0.0,,,,True
SEDOL:B6ZS1P2,2015,0.0,,,,True
SEDOL:B6ZS1P2,2016,0.0,,,,True
SEDOL:B6ZS1P2,2017,0.0,,,,True
SEDOL:B6ZS1P2,2018,0.0,,,,True
SEDOL:B6ZS1P2,2019,0.0,,,,True
SEDOL:B6ZS1P2,2020,0.0,,,,True
SEDOL:B6ZS1P2,2021,0.0,,,,True
SEDOL:B7173K9,2012,0.0,56.0,,0.0,True
SEDOL:B7173K9,2013,0.0,,,,True
SEDOL:B7173K9,2014,0.0,,,,True
SEDOL:B7173K9,2015,0.0,,,,True
SEDOL:B73D8H7,2013,0.0,,,,True
SEDOL:B73D8H7,2014,0.0,,,,True
SEDOL:B73D8H7,2015,0.0,,,,True
SEDOL:B73D8H7,2016,0.0,,,,True
SEDOL:B73D8H7,2017,0.0,,,,True
SEDOL:B73D8H7,2018,0.0,,,,True
SEDOL:B7690L0,2012,0.0,88.0,,0.0,True
SEDOL:B7690L0,2013,0.0,,,,True
SEDOL:B79WC10,2012,0.0,102.0,,0.0,True
SEDOL:B79WC10,2013,0.0,,,,True
SEDOL:B79WC10,2014,0.0,,,,True
SEDOL:B79WC10,2015,0.0,,,,True
SEDOL:B79WC10,2016,0.0,,,,True
SEDOL:B79WC10,2017,0.0,,,,True
SEDOL:B79WC10,2018,0.0,,,,True
SEDOL:B79WC10,2019,0.0,,,,True
SEDOL:B79WC10,2020,0.0,,,,True
SEDOL:B79WC10,2021,0.0,,,,True
SEDOL:B79WC10,2022,0.0,,,,True
SEDOL:B79WC10,2023,0.0,,,,True
SEDOL:B79WC10,2024,0.0,,,,True
SEDOL:B79WC10,2025,0.0,,,,True
SEDOL:B79WC10,2026,0.0,,,,True
SEDOL:B7DZCC6,2012,0.0,100.0,,0.0,True
SEDOL:B7DZCC6,2013,0.0,,,,True
SEDOL:B7DZCC6,2014,0.0,,,,True
SEDOL:B7GHFN1,2012,0.0,101.75,,0.0,True
SEDOL:B7TT4M6,2012,0.0,62.14,,0.0,True
SEDOL:B7TT4M6,2013,0.0,,,,True
SEDOL:B7TT4M6,2014,0.0,,,,True
SEDOL:B7TT4M6,2015,0.0,,,,True
SEDOL:B7TT4M6,2016,0.0,,,,True
SEDOL:B7TT4M6,2017,0.0,,,,True
SEDOL:B7TT4M6,2018,0.0,,,,True
SEDOL:B7W0XJ6,2012,0.0,102.75,,0.0,True
SEDOL:B7W0XJ6,2013,0.0,113.5225,5.265000000000001,0.0,False
SEDOL:B7W0XJ6,2014,0.0,109.85416666666667,5.1066666666666665,0.0,False
SEDOL:B7W0XJ6,2015,2.2,113.78166666666668,5.610833333333333,1.9335276626287188,False
SEDOL:B7W0XJ6,2016,4.7,136.94833333333335,5.305833333333333,3.431951222480497,True
SEDOL:B7W0XJ6,2017,4.95,159.25083333333333,4.3775,3.108303985850414,True
SEDOL:B7W0XJ6,2018,8.0,167.45833333333334,4.445833333333334,4.777307788006967,True
SEDOL:B7W0XJ6,2019,8.0,183.9375,4.464166666666666,4.349303431872239,True
SEDOL:B7W0XJ6,2020,8.0,158.20833333333334,4.553333333333334,5.056623650250197,True
SEDOL:B7W0XJ6,2021,8.0,187.97916666666666,3.186666666666667,4.2557907569544495,True
SEDOL:B7W0XJ6,2022,8.0,200.20833333333334,2.5816666666666666,3.995837669094693,True
SEDOL:B7W0XJ6,2023,6.0,187.77083333333334,2.82,3.1953844446910016,True
SEDOL:B7W0XJ6,2024,13.5,196.5,2.478333333333333,6.870229007633588,True
SEDOL:B7W0XJ6,2025,11.7,207.72916666666666,2.1391666666666667,5.632333767926989,True
SEDOL:B7W0XJ6,2026,7.3,253.78571428571428,1.7414285714285713,2.8764424430059106,True
SEDOL:B7ZZ0Y2,2012,0.0,51.833333333333336,1.75,0.0,False
SEDOL:B7ZZ0Y2,2013,0.0,53.0,3.46,0.0,False
SEDOL:B7ZZ0Y2,2014,0.0,51.0,1.905,0.0,False
SEDOL:B841RZ8,2012,0.0,106.5,,0.0,True
SEDOL:B841RZ8,2013,0.0,110.38,,0.0,True
SEDOL:B8460Z4,2016,0.0,146.565,,0.0,True
SEDOL:B8460Z4,2017,0.0,145.548,,0.0,True
SEDOL:B8460Z4,2018,0.0,145.9,,0.0,True
SEDOL:B8460Z4,2019,0.0,171.0,,0.0,True
SEDOL:B8460Z4,2020,0.0,133.3,,0.0,True
SEDOL:B8460Z4,2021,0.0,211.5,,0.0,True
SEDOL:B89W2T5,2018,0.0,,,,True
SEDOL:B89W2T5,2019,0.0,,,,True
SEDOL:B8BQXB4,2013,0.0,,,,True
SEDOL:B8C23S8,2013,0.0,,,,True
SEDOL:B8C23S8,2014,0.0,,,,True
SEDOL:B8C23S8,2015,0.0,,,,True
SEDOL:B8C23S8,2016,0.0,,,,True
SEDOL:B8C23S8,2017,0.0,,,,True
SEDOL:B8C23S8,2018,0.0,,,,True
SEDOL:B8C23S8,2019,0.0,,,,True
SEDOL:B8C23S8,2020,0.0,,,,True
SEDOL:B8C23S8,2021,0.0,,,,True
SEDOL:B8C23S8,2022,0.0,,,,True
SEDOL:B8C23S8,2023,0.0,,,,True
SEDOL:B8C23S8,2024,0.0,,,,True
SEDOL:B8C23S8,2025,0.0,,,,True
SEDOL:B8C23S8,2026,0.0,,,,True
SEDOL:B8FJ579,2012,0.0,106.2,,0.0,True
SEDOL:B8FJ579,2013,0.0,113.54166666666667,,0.0,True
SEDOL:B8FJ579,2014,0.0,119.66666666666667,,0.0,True
SEDOL:B8FJ579,2015,0.0,125.9175,,0.0,True
SEDOL:B8FJ579,2016,0.0,131.02083333333334,,0.0,True
SEDOL:B8FJ579,2017,0.0,136.3125,,0.0,True
SEDOL:B8H75C6,2012,0.0,101.0,,0.0,True
SEDOL:B8H75C6,2013,0.0,,,,True
SEDOL:B8N2KC0,2012,0.0,105.5,,0.0,True
SEDOL:B8N2KC0,2013,0.0,,,,True
SEDOL:B8N2KC0,2014,0.0,,,,True
SEDOL:B8N2KC0,2015,0.0,,,,True
SEDOL:B8N2KC0,2016,0.0,,,,True
SEDOL:B8P59C0,2013,0.0,,,,True
SEDOL:B8P59C0,2014,0.0,,,,True
SEDOL:B8P59C0,2023,0.0,,,,True
SEDOL:B8P59C0,2024,0.0,,,,True
SEDOL:B8P59C0,2025,0.0,,,,True
SEDOL:B8P59C0,2026,0.0,,,,True
SEDOL:B8SC6K5,2013,0.0,106.25,,0.0,True
SEDOL:B8SC6K5,2014,6.0,106.5,,5.633802816901408,True
SEDOL:B8SC6K5,2015,8.76,110.1575,,7.952250187231918,True
SEDOL:B8SC6K5,2016,0.5,113.5,,0.44052863436123346,True
SEDOL:B8SC6K5,2017,3.245,120.725,,2.6879271070615034,True
SEDOL:B8SC6K5,2018,5.07,125.0,,4.056,True
SEDOL:B8SC6K5,2019,6.94,141.0,,4.921985815602837,True
SEDOL:B8SC6K5,2020,7.1,137.20000000000002,,5.174927113702624,True
SEDOL:B8SC6K5,2021,8.955,129.2,,6.931114551083592,True
SEDOL:B8SC6K5,2022,7.585,152.26666666666668,,4.981392294220665,True
SEDOL:B8SC6K5,2023,10.69,147.03333333333333,,7.270460213103605,True
SEDOL:B8SC6K5,2024,16.86,139.1,,12.12077641984184,True
SEDOL:B8SC6K5,2025,15.54,104.9,,14.814108674928503,True
SEDOL:B8SC6K5,2026,2.59,99.3,,2.608257804632427,True
SEDOL:B8Y6MG9,2012,0.0,103.25,,0.0,True
SEDOL:B8Y6MG9,2013,0.0,,,,True
SEDOL:B8Y7CS4,2013,0.0,,,,True
SEDOL:B8Y7CS4,2014,0.0,,,,True
SEDOL:B8Y7CS4,2015,0.0,,,,True
SEDOL:B8Y7CS4,2016,0.0,,,,True
SEDOL:B8Y7CS4,2017,0.0,,,,True
SEDOL:B8Y7CS4,2018,0.0,,,,True
SEDOL:B8Y7CS4,2019,0.0,,,,True
SEDOL:B8Y7CS4,2020,0.0,,,,True
SEDOL:B8Y7CS4,2021,0.0,,,,True
SEDOL:B90J5Z9,2013,0.0,,,,True
SEDOL:B90J5Z9,2014,0.0,,,,True
SEDOL:B90J5Z9,2015,0.0,,,,True
SEDOL:B90J5Z9,2016,0.0,,,,True
SEDOL:B90J5Z9,2017,0.0,,,,True
SEDOL:B90J5Z9,2018,0.0,,,,True
SEDOL:B90J5Z9,2019,0.0,,,,True
SEDOL:B90J5Z9,2020,0.0,,,,True
SEDOL:B90J5Z9,2021,0.0,,,,True
SEDOL:B90J5Z9,2022,0.0,,,,True
SEDOL:B90J5Z9,2023,0.0,,,,True
SEDOL:B90J5Z9,2024,0.0,,,,True
SEDOL:B90J5Z9,2025,0.0,,,,True
SEDOL:B90J5Z9,2026,0.0,,,,True
SEDOL:B92LHN5,2019,0.0,,,,True
SEDOL:B92LHN5,2020,0.0,,,,True
SEDOL:B92LHN5,2021,0.0,,,,True
SEDOL:B92LHN5,2022,0.0,,,,True
SEDOL:B92LHN5,2023,0.0,,,,True
SEDOL:B92LHN5,2024,0.0,,,,True
SEDOL:B92LHN5,2025,0.0,,,,True
SEDOL:B933LL6,2021,0.0,,,,True
SEDOL:B933LL6,2022,0.0,,,,True
SEDOL:B933LL6,2023,0.0,,,,True
SEDOL:B933LL6,2024,0.0,,,,True
SEDOL:B933LL6,2025,0.0,,,,True
SEDOL:B95CGW7,2013,0.0,,,,True
SEDOL:B95CGW7,2014,0.0,,,,True
SEDOL:B95CGW7,2015,0.0,,,,True
SEDOL:B95CGW7,2016,0.0,,,,True
SEDOL:B95CGW7,2017,0.0,,,,True
SEDOL:B95CGW7,2018,0.0,,,,True
SEDOL:B95CGW7,2019,0.0,,,,True
SEDOL:B95CGW7,2020,0.0,,,,True
SEDOL:B95CGW7,2021,0.0,,,,True
SEDOL:B95CGW7,2022,0.0,,,,True
SEDOL:B95CGW7,2023,0.0,,,,True
SEDOL:B95CGW7,2024,0.0,,,,True
SEDOL:B95CGW7,2025,0.0,,,,True
SEDOL:B95CGW7,2026,0.0,,,,True
SEDOL:B96SW59,2013,0.0,105.16142857142857,3.783333333333333,0.0,False
SEDOL:B96SW59,2014,0.0,108.07333333333334,4.403333333333333,0.0,False
SEDOL:B96SW59,2015,0.0,99.05333333333333,4.5475,0.0,False
SEDOL:B96SW59,2016,0.0,90.25,2.9491666666666667,0.0,False
SEDOL:B96SW59,2017,0.0,97.06333333333333,2.7258333333333336,0.0,False
SEDOL:B96SW59,2018,0.0,93.19166666666666,2.5124999999999997,0.0,False
SEDOL:B96SW59,2019,0.0,88.84444444444445,2.4188888888888886,0.0,False
SEDOL:B979FD0,2013,0.0,,,,True
SEDOL:B979FD0,2014,0.0,,,,True
SEDOL:B979FD0,2015,0.0,,,,True
SEDOL:B979FD0,2016,0.0,,,,True
SEDOL:B97F2L5,2013,0.0,,,,True
SEDOL:B97F2L5,2014,0.0,,,,True
SEDOL:B9CBV55,2013,0.0,,,,True
SEDOL:B9CBV55,2014,0.0,,,,True
SEDOL:B9CBV55,2015,0.0,,,,True
SEDOL:B9CBV55,2016,0.0,,,,True
SEDOL:B9CBV55,2017,0.0,,,,True
SEDOL:B9CBV55,2018,0.0,,,,True
SEDOL:B9CBV55,2019,0.0,,,,True
SEDOL:B9CBV55,2020,0.0,,,,True
SEDOL:B9CBV55,2021,0.0,,,,True
SEDOL:B9CBV55,2022,0.0,,,,True
SEDOL:B9CBV55,2023,0.0,,,,True
SEDOL:B9CBV55,2024,0.0,,,,True
SEDOL:B9CBV55,2025,0.0,,,,True
SEDOL:B9G79F5,2013,0.0,,,,True
SEDOL:B9G79F5,2014,0.0,,,,True
SEDOL:B9G79F5,2015,0.0,,,,True
SEDOL:B9G79F5,2016,0.0,,,,True
SEDOL:B9G79F5,2017,0.0,,,,True
SEDOL:B9G79F5,2018,0.0,,,,True
SEDOL:B9G79F5,2019,0.0,,,,True
SEDOL:B9G79F5,2020,0.0,,,,True
SEDOL:B9G79F5,2021,0.0,,,,True
SEDOL:B9G79F5,2022,0.0,,,,True
SEDOL:B9G79F5,2023,0.0,,,,True
SEDOL:B9G79F5,2024,0.0,,,,True
SEDOL:B9G79F5,2025,0.0,,,,True
SEDOL:B9G79F5,2026,0.0,,,,True
SEDOL:B9MRHZ5,2013,0.0,,,,True
SEDOL:B9MRHZ5,2014,0.0,,,,True
SEDOL:B9MRHZ5,2015,0.0,,,,True
SEDOL:B9MRHZ5,2016,0.0,,,,True
SEDOL:B9MRHZ5,2017,0.0,,,,True
SEDOL:B9MRHZ5,2018,0.0,,,,True
SEDOL:B9MRHZ5,2019,0.0,,,,True
SEDOL:B9MRHZ5,2020,0.0,,,,True
SEDOL:B9MRHZ5,2021,0.0,,,,True
SEDOL:B9MRHZ5,2022,0.0,,,,True
SEDOL:B9MRHZ5,2023,0.0,,,,True
SEDOL:B9MRHZ5,2024,0.0,,,,True
SEDOL:B9MRHZ5,2025,0.0,,,,True
SEDOL:B9MRHZ5,2026,0.0,,,,True
SEDOL:B9XQT11,2013,0.0,104.29333333333334,3.6333333333333333,0.0,False
SEDOL:B9XQT11,2014,2.43,101.94833333333334,3.6916666666666664,2.383560300152038,True
SEDOL:B9XQT11,2015,3.2,103.92750000000001,3.475,3.0790695436722713,True
SEDOL:B9XQT11,2016,3.325,102.38666666666666,3.9158333333333335,3.2474931631722885,True
SEDOL:B9XQT11,2017,3.7,134.25,3.283333333333333,2.756052141527002,True
SEDOL:B9XQT11,2018,4.05,135.89583333333334,3.5749999999999997,2.9802238233941436,True
SEDOL:B9XQT11,2019,4.3,136.29166666666666,4.483333333333333,3.1549984714154693,True
SEDOL:B9XQT11,2020,4.4,115.27916666666665,3.8249999999999997,3.816821484078506,True
SEDOL:B9XQT11,2021,4.4,163.75,2.8333333333333335,2.6870229007633593,True
SEDOL:B9XQT11,2022,4.4,153.775,2.5500000000000003,2.8613233620549505,True
SEDOL:B9XQT11,2023,4.5,142.29999999999998,2.5833333333333335,3.1623330990864376,True
SEDOL:B9XQT11,2024,4.6,172.75,2.4,2.662807525325615,True
SEDOL:B9XQT11,2025,4.800000000000001,209.61666666666667,1.7166666666666668,2.2898942514113068,True
SEDOL:B9XQT11,2026,7.25,228.78571428571428,1.4000000000000001,3.168904152357165,True
SEDOL:BB0RDB9,2013,0.0,,,,True
SEDOL:BB0RDB9,2014,0.0,,,,True
SEDOL:BB0RDB9,2015,0.0,,,,True
SEDOL:BB0RDB9,2016,0.0,,,,True
SEDOL:BB0RDB9,2017,0.0,,,,True
SEDOL:BB0RDB9,2018,0.0,,,,True
SEDOL:BB0RDB9,2019,0.0,,,,True
SEDOL:BB0RDB9,2020,0.0,,,,True
SEDOL:BB0RDB9,2021,0.0,,,,True
SEDOL:BB0RDB9,2022,0.0,,,,True
SEDOL:BB0RDB9,2023,0.0,,,,True
SEDOL:BB0RDB9,2024,0.0,,,,True
SEDOL:BB0RDB9,2025,0.0,,,,True
SEDOL:BB0RDB9,2026,0.0,,,,True
SEDOL:BBBSB40,2013,0.0,100.88,,0.0,True
SEDOL:BBBSB40,2016,0.0,102.5,,0.0,True
SEDOL:BBBSB40,2018,0.0,98.75,0.0,0.0,True
SEDOL:BBHX2H9,2013,0.0,,,,True
SEDOL:BBHX2H9,2014,0.0,,,,True
SEDOL:BBHX2H9,2015,0.0,,,,True
SEDOL:BBHX2H9,2016,0.0,,,,True
SEDOL:BBHX2H9,2017,0.0,,,,True
SEDOL:BBHX2H9,2018,0.0,,,,True
SEDOL:BBHX2H9,2019,0.0,,,,True
SEDOL:BBHX2H9,2020,0.0,,,,True
SEDOL:BBHX2H9,2021,0.0,,,,True
SEDOL:BBHX2H9,2022,0.0,,,,True
SEDOL:BBHX2H9,2023,0.0,,,,True
SEDOL:BBHX2H9,2024,0.0,,,,True
SEDOL:BBHX2H9,2025,0.0,,,,True
SEDOL:BBHX2H9,2026,0.0,,,,True
SEDOL:BBHXCL3,2014,0.0,,,,True
SEDOL:BBHXCL3,2015,0.0,,,,True
SEDOL:BBHXCL3,2016,0.0,,,,True
SEDOL:BBHXCL3,2017,0.0,,,,True
SEDOL:BBHXCL3,2018,0.0,,,,True
SEDOL:BBHXCL3,2019,0.0,,,,True
SEDOL:BBHXCL3,2020,0.0,,,,True
SEDOL:BBHXCL3,2021,0.0,,,,True
SEDOL:BBHXCL3,2022,0.0,,,,True
SEDOL:BBHXCL3,2023,0.0,,,,True
SEDOL:BBHXCL3,2024,0.0,,,,True
SEDOL:BBHXCL3,2025,0.0,,,,True
SEDOL:BBHXCL3,2026,0.0,,,,True
SEDOL:BBP6HP3,2015,0.0,,,,True
SEDOL:BBP6HP3,2016,0.0,,,,True
SEDOL:BBP6HP3,2017,0.0,,,,True
SEDOL:BBP6HP3,2018,0.0,,,,True
SEDOL:BBP6HP3,2019,0.0,,,,True
SEDOL:BBP6HP3,2020,0.0,,,,True
SEDOL:BBP6HP3,2021,0.0,,,,True
SEDOL:BBP6HP3,2022,0.0,,,,True
SEDOL:BBP6HP3,2023,0.0,,,,True
SEDOL:BBP6HP3,2024,0.0,,,,True
SEDOL:BBP6HP3,2025,0.0,,,,True
SEDOL:BBP6HP3,2026,0.0,,,,True
SEDOL:BCDP4K3,2014,0.0,,,,True
SEDOL:BCDP4K3,2015,0.0,,,,True
SEDOL:BCDP4K3,2016,0.0,,,,True
SEDOL:BCDP4K3,2017,0.0,,,,True
SEDOL:BCDP4K3,2018,0.0,,,,True
SEDOL:BCKFVJ4,2014,0.0,45.95,,0.0,True
SEDOL:BCKFVJ4,2015,0.0,14.437999999999999,,0.0,True
SEDOL:BCKFVJ4,2022,0.0,,,,True
SEDOL:BD0FRW6,2016,0.0,,,,True
SEDOL:BD0FRW6,2017,0.0,,,,True
SEDOL:BD0FRW6,2018,0.0,,,,True
SEDOL:BD0FRW6,2019,0.0,,,,True
SEDOL:BD0FRW6,2020,0.0,,,,True
SEDOL:BD0FRW6,2021,0.0,,,,True
SEDOL:BD0FRW6,2022,0.0,,,,True
SEDOL:BD0ND66,2017,3.5,,,,True
SEDOL:BD0ND66,2018,7.0,,7.0,,False
SEDOL:BD0ND66,2019,6.0,,,,True
SEDOL:BD0ND66,2020,3.0,91.83333333333333,0.7233333333333333,3.266787658802178,True
SEDOL:BD0ND66,2021,3.5,,,,True
SEDOL:BD0ND66,2022,3.0,,,,True
SEDOL:BD0ND66,2023,4.0,83.75,3.2600000000000002,4.776119402985074,True
SEDOL:BD0ND66,2024,4.0,,,,True
SEDOL:BD0ND66,2025,3.0,,,,True
SEDOL:BD0ND66,2026,2.0,,,,True
SEDOL:BD20L05,2016,0.0,,,,True
SEDOL:BD20L05,2017,0.0,,,,True
SEDOL:BD20L05,2018,0.0,,,,True
SEDOL:BD20L05,2019,0.0,,,,True
SEDOL:BD2NCM3,2017,0.0,,,,True
SEDOL:BD2NCM3,2018,0.0,,,,True
SEDOL:BD2NCM3,2019,0.0,,,,True
SEDOL:BD2NCM3,2020,0.0,,,,True
SEDOL:BD2NCM3,2021,0.0,,,,True
SEDOL:BD2NCM3,2022,0.0,,,,True
SEDOL:BD2NCM3,2023,0.0,,,,True
SEDOL:BD2NCM3,2024,0.0,,,,True
SEDOL:BD2NCM3,2025,0.0,,,,True
SEDOL:BD3QJR5,2014,0.0,,,,True
SEDOL:BD3QJR5,2015,0.0,,,,True
SEDOL:BD3QJR5,2018,0.0,,,,True
SEDOL:BD3QJR5,2019,0.0,,,,True
SEDOL:BD3QJR5,2020,0.0,,,,True
SEDOL:BD3QJR5,2021,0.0,,,,True
SEDOL:BD3QJR5,2022,0.0,,,,True
SEDOL:BD3QJR5,2023,0.0,,,,True
SEDOL:BD3QJR5,2024,0.0,,,,True
SEDOL:BD3QJR5,2025,0.0,,,,True
SEDOL:BD3QJR5,2026,0.0,,,,True
SEDOL:BD3V464,2016,1.6,117.095,,1.3664118877834237,True
SEDOL:BD3V464,2017,6.4,125.88583333333334,,5.083971588012948,True
SEDOL:BD3V464,2018,6.4,123.79166666666667,,5.169976438909458,True
SEDOL:BD3V464,2019,6.4,143.20833333333334,,4.469013674716322,True
SEDOL:BD3V464,2020,6.6,164.39583333333334,,4.014700291471296,True
SEDOL:BD3V464,2021,6.6,3518510.8958333335,,0.00018757935374921834,True
SEDOL:BD3V464,2022,7.4,215.16666666666666,,3.439194422927963,True
SEDOL:BD3V464,2023,7.8,189.0,,4.126984126984127,True
SEDOL:BD3V464,2024,10.25,177.75,,5.766526019690577,True
SEDOL:BD3V464,2025,8.5,211.875,,4.011799410029498,True
SEDOL:BD3V464,2026,6.75,266.0,,2.537593984962406,True
SEDOL:BD5B1L6,2020,0.0,,,,True
SEDOL:BD5B1L6,2021,0.0,,,,True
SEDOL:BD5B1L6,2022,0.0,,,,True
SEDOL:BD5B1L6,2023,0.0,,,,True
SEDOL:BD5B1L6,2024,0.0,,,,True
SEDOL:BD5B1L6,2025,0.0,,,,True
SEDOL:BD5B1L6,2026,0.0,,,,True
SEDOL:BD6H5D3,2018,0.0,102.25,1.1166666666666665,0.0,False
SEDOL:BD6H5D3,2019,0.0,105.8125,1.8425,0.0,False
SEDOL:BD6H5D3,2020,0.9,103.63333333333333,2.2475,0.868446445802509,False
SEDOL:BD6H5D3,2021,0.0,113.5,1.9108333333333334,0.0,False
SEDOL:BD6H5D3,2022,0.0,111.33333333333333,2.044166666666667,0.0,False
SEDOL:BD6H5D3,2023,0.0,117.5,2.1308333333333334,0.0,False
SEDOL:BD6H5D3,2024,0.0,135.06666666666666,2.125833333333333,0.0,False
SEDOL:BD6H5D3,2025,0.0,168.3125,2.236666666666667,0.0,False
SEDOL:BD6H5D3,2026,0.0,172.71428571428572,2.3971428571428572,0.0,False
SEDOL:BD884W6,2017,0.0,,,,True
SEDOL:BD884W6,2018,0.0,,,,True
SEDOL:BD89H86,2017,0.0,,,,True
SEDOL:BD89H86,2018,0.0,,,,True
SEDOL:BD89H86,2019,0.0,,,,True
SEDOL:BD89H86,2020,0.0,,,,True
SEDOL:BD89H86,2021,0.0,,,,True
SEDOL:BD89H86,2022,0.0,,,,True
SEDOL:BD89H86,2023,0.0,,,,True
SEDOL:BD8HBD3,2017,0.0,,,,True
SEDOL:BD8HBD3,2018,0.0,,,,True
SEDOL:BD8HBD3,2019,0.0,,,,True
SEDOL:BD8HBD3,2020,0.0,,,,True
SEDOL:BD8HBD3,2021,0.0,,,,True
SEDOL:BD8HBD3,2022,0.0,,,,True
SEDOL:BD8HBD3,2023,0.0,,,,True
SEDOL:BD8P074,2018,0.0,,,,True
SEDOL:BD8P074,2019,0.0,,,,True
SEDOL:BD8P074,2020,0.0,,,,True
SEDOL:BD8P074,2021,0.0,,,,True
SEDOL:BD8P074,2022,0.0,,,,True
SEDOL:BD8P074,2023,0.0,,,,True
SEDOL:BD8P074,2024,0.0,,,,True
SEDOL:BD8P074,2025,0.0,,,,True
SEDOL:BD8P074,2026,0.0,,,,True
SEDOL:BD96PR1,2018,0.0,,,,True
SEDOL:BD96PR1,2019,0.0,,,,True
SEDOL:BD96PR1,2020,0.0,,,,True
SEDOL:BD96PR1,2021,0.0,,,,True
SEDOL:BD96PR1,2022,0.0,,,,True
SEDOL:BD96PR1,2023,0.0,,,,True
SEDOL:BD96PR1,2024,0.0,,,,True
SEDOL:BD9PXH4,2018,0.0,,,,True
SEDOL:BD9PXH4,2019,0.0,,,,True
SEDOL:BD9PXH4,2020,0.0,,,,True
SEDOL:BD9PXH4,2021,0.0,,,,True
SEDOL:BD9PXH4,2022,0.0,,,,True
SEDOL:BD9PXH4,2023,0.0,,,,True
SEDOL:BD9PXH4,2024,0.0,,,,True
SEDOL:BD9PXH4,2025,0.0,,,,True
SEDOL:BD9PXH4,2026,0.0,,,,True
SEDOL:BDD98Q6,2017,0.0,,,,True
SEDOL:BDD98Q6,2018,0.0,,,,True
SEDOL:BDFC164,2018,0.0,,,,True
SEDOL:BDFC164,2019,0.0,,,,True
SEDOL:BDFC164,2020,0.0,,,,True
SEDOL:BDFC164,2021,0.0,,,,True
SEDOL:BDFC164,2022,0.0,,,,True
SEDOL:BDFC164,2023,0.0,,,,True
SEDOL:BDFC164,2024,0.0,,,,True
SEDOL:BDFC164,2025,0.0,,,,True
SEDOL:BDFC164,2026,0.0,,,,True
SEDOL:BDFGHW4,2018,0.0,117.75,0.20000000000000004,0.0,True
SEDOL:BDFGHW4,2019,0.0,133.36249999999998,0.19166666666666668,0.0,True
SEDOL:BDFGHW4,2020,0.0,216.16666666666666,0.10000000000000002,0.0,True
SEDOL:BDFGHW4,2021,0.0,329.25,0.06666666666666668,0.0,True
SEDOL:BDFGHW4,2022,0.0,184.75,0.09625,0.0,True
SEDOL:BDFGHW4,2023,0.0,152.20000000000002,0.10000000000000002,0.0,True
SEDOL:BDFGHW4,2024,0.0,210.26666666666665,0.10000000000000002,0.0,True
SEDOL:BDFGHW4,2025,0.0,258.9166666666667,0.10000000000000002,0.0,True
SEDOL:BDFGHW4,2026,0.0,307.7857142857143,0.1,0.0,True
SEDOL:BDG12N4,2017,0.0,,,,True
SEDOL:BDG12N4,2018,0.0,,,,True
SEDOL:BDG12N4,2019,0.0,,,,True
SEDOL:BDG12N4,2020,0.0,,,,True
SEDOL:BDG12N4,2021,0.0,,,,True
SEDOL:BDG12N4,2022,0.0,,,,True
SEDOL:BDGKMY2,2017,0.0,1.0770000000000002,0.0,0.0,True
SEDOL:BDGKMY2,2018,0.0,1.0290000000000001,,0.0,True
SEDOL:BDGKMY2,2019,0.0,0.80375,,0.0,True
SEDOL:BDGKMY2,2020,0.0,0.7572727272727273,,0.0,True
SEDOL:BDGKMY2,2021,0.0,0.7041666666666666,,0.0,True
SEDOL:BDGKMY2,2022,0.0,0.7925,,0.0,True
SEDOL:BDGKMY2,2023,0.0,0.7109090909090909,,0.0,True
SEDOL:BDGKMY2,2024,0.0,0.6941533,,0.0,True
SEDOL:BDGKMY2,2025,0.0,0.666374064,,0.0,True
SEDOL:BDGKMY2,2026,0.0,0.86668346,,0.0,True
SEDOL:BDHF5B4,2017,0.0,,,,True
SEDOL:BDHF5B4,2018,0.0,,,,True
SEDOL:BDHF5B4,2019,0.0,,,,True
SEDOL:BDHF5B4,2020,0.0,,,,True
SEDOL:BDHF5B4,2021,0.0,,,,True
SEDOL:BDHF5B4,2022,0.0,,,,True
SEDOL:BDHF5B4,2023,0.0,,,,True
SEDOL:BDHF5B4,2024,0.0,,,,True
SEDOL:BDHF5D6,2017,0.0,,,,True
SEDOL:BDHF5D6,2018,0.0,,,,True
SEDOL:BDHF5D6,2019,0.0,,,,True
SEDOL:BDHF5D6,2020,0.0,,,,True
SEDOL:BDHF5D6,2021,0.0,,,,True
SEDOL:BDHF5D6,2022,0.0,,,,True
SEDOL:BDHF5D6,2023,0.0,,,,True
SEDOL:BDHF5D6,2024,0.0,,,,True
SEDOL:BDHXP96,2017,0.0,102.85714285714286,,0.0,True
SEDOL:BDHXP96,2018,0.0,104.66666666666667,,0.0,True
SEDOL:BDHXP96,2019,0.0,107.79166666666667,,0.0,True
SEDOL:BDHXP96,2020,0.0,107.70833333333333,,0.0,True
SEDOL:BDHXP96,2021,0.0,113.20833333333333,,0.0,True
SEDOL:BDHXP96,2022,0.0,114.20833333333333,,0.0,True
SEDOL:BDHXP96,2023,0.0,115.45833333333333,,0.0,True
SEDOL:BDHXP96,2024,0.0,120.4,,0.0,True
SEDOL:BDR0575,2017,0.0,108.6575,6.025,0.0,False
SEDOL:BDR0575,2018,0.0,102.45833333333333,6.9941666666666675,0.0,False
SEDOL:BDR0575,2019,0.0,98.97500000000001,5.685833333333334,0.0,False
SEDOL:BDR0575,2020,0.0,84.6375,10.669166666666667,0.0,False
SEDOL:BDR0575,2021,0.0,102.54166666666667,5.8775,0.0,False
SEDOL:BDR0575,2022,0.0,95.01,5.71,0.0,False
SEDOL:BDRNW62,2018,0.0,1.0450000000000002,,0.0,True
SEDOL:BDTYGZ0,2019,0.0,,,,True
SEDOL:BDTYGZ0,2020,0.0,,,,True
SEDOL:BDTYGZ0,2021,0.0,,,,True
SEDOL:BDTYGZ0,2022,0.0,,,,True
SEDOL:BDTYGZ0,2023,0.0,,,,True
SEDOL:BDTYGZ0,2024,0.0,,,,True
SEDOL:BDTYGZ0,2025,0.0,,,,True
SEDOL:BDTYGZ0,2026,0.0,,,,True
SEDOL:BDVK708,2017,0.0,51.38125,1.2000000000000002,0.0,False
SEDOL:BDVK708,2018,0.0,96.1,3.71,0.0,False
SEDOL:BDZDGG2,2013,0.0,,,,True
SEDOL:BDZZT36,2017,0.0,,,,True
SEDOL:BDZZT36,2018,0.0,,,,True
SEDOL:BF00L12,2017,0.0,,,,True
SEDOL:BF00L12,2018,0.0,,,,True
SEDOL:BF00L12,2019,0.0,,,,True
SEDOL:BF00L34,2017,0.0,,,,True
SEDOL:BF00L34,2018,0.0,,,,True
SEDOL:BF00L34,2019,0.0,,,,True
SEDOL:BF00L34,2020,0.0,,,,True
SEDOL:BF00L34,2021,0.0,,,,True
SEDOL:BF00L34,2022,0.0,,,,True
SEDOL:BF00L34,2023,0.0,,,,True
SEDOL:BF00L34,2024,0.0,,,,True
SEDOL:BF00L34,2025,0.0,,,,True
SEDOL:BF00L34,2026,0.0,,,,True
SEDOL:BF01NH5,2017,0.0,,,,True
SEDOL:BF01NH5,2018,0.0,,,,True
SEDOL:BF01NH5,2019,0.0,,,,True
SEDOL:BF01NH5,2020,0.0,,,,True
SEDOL:BF01NH5,2021,0.0,,,,True
SEDOL:BF01NH5,2022,0.0,,,,True
SEDOL:BF01NH5,2023,0.0,,,,True
SEDOL:BF01NH5,2024,0.0,,,,True
SEDOL:BF01NH5,2025,0.0,,,,True
SEDOL:BF0D1M2,2017,0.0,,,,True
SEDOL:BF0D1M2,2018,0.0,,,,True
SEDOL:BF0D1M2,2019,0.0,,,,True
SEDOL:BF0D1M2,2020,0.0,,,,True
SEDOL:BF0D1M2,2021,0.0,,,,True
SEDOL:BF0D1M2,2022,0.0,,,,True
SEDOL:BF0D1M2,2023,0.0,,,,True
SEDOL:BF0D1M2,2024,0.0,,,,True
SEDOL:BF0D1M2,2025,0.0,,,,True
SEDOL:BF0D1M2,2026,0.0,,,,True
SEDOL:BF0P7H5,2017,0.0,,,,True
SEDOL:BF0P7H5,2018,0.0,,,,True
SEDOL:BF0P7H5,2019,0.0,,,,True
SEDOL:BF0P7H5,2020,0.0,,,,True
SEDOL:BF0P7H5,2021,0.0,,,,True
SEDOL:BF0P7H5,2022,0.0,,,,True
SEDOL:BF0P7H5,2023,0.0,,,,True
SEDOL:BF0P7H5,2024,0.0,,,,True
SEDOL:BF0P7H5,2025,0.0,,,,True
SEDOL:BF0P7H5,2026,0.0,,,,True
SEDOL:BF0SCX5,2017,0.0,101.125,0.63,0.0,False
SEDOL:BF0SCX5,2018,0.0,88.89166666666667,2.0900000000000003,0.0,False
SEDOL:BF0SCX5,2019,0.0,69.375,3.435833333333333,0.0,False
SEDOL:BF0SCX5,2020,0.0,56.35,4.192,0.0,False
SEDOL:BF0SCX5,2021,0.0,74.02083333333333,2.02,0.0,False
SEDOL:BF0SCX5,2022,0.0,63.270833333333336,0.6741666666666667,0.0,False
SEDOL:BF0SCX5,2023,0.0,61.51666666666667,1.4758333333333333,0.0,False
SEDOL:BF0SCX5,2024,79.7,24.395416666666666,1.6858333333333333,326.70071222394915,True
SEDOL:BF0SCX5,2025,0.0,3.92,2.33,0.0,False
SEDOL:BF1Q4G5,2018,0.0,,,,True
SEDOL:BF1Q4G5,2019,0.0,,,,True
SEDOL:BF1Q4G5,2020,0.0,,,,True
SEDOL:BF1Q4G5,2021,0.0,,,,True
SEDOL:BF1Q4G5,2022,0.0,,,,True
SEDOL:BF1Q4G5,2023,0.0,,,,True
SEDOL:BF1Q4G5,2024,0.0,,,,True
SEDOL:BF2NR11,2017,0.0,1.07,,0.0,True
SEDOL:BF2NR11,2018,0.0,1.0566666666666666,,0.0,True
SEDOL:BF2NR11,2019,0.0,0.9550000000000001,,0.0,True
SEDOL:BF2NR11,2020,0.0,1.07,,0.0,True
SEDOL:BF2NR11,2021,0.0,0.99,,0.0,True
SEDOL:BF2NR11,2022,0.0,,,,True
SEDOL:BF2NR11,2023,0.0,0.86,,0.0,True
SEDOL:BF2NR11,2024,0.0,,,,True
SEDOL:BF2NR11,2025,0.0,,,,True
SEDOL:BF2NR11,2026,0.0,,,,True
SEDOL:BF345X1,2018,0.0,,,,True
SEDOL:BF345X1,2019,0.0,,,,True
SEDOL:BF345X1,2020,0.0,,,,True
SEDOL:BF345X1,2021,0.0,,,,True
SEDOL:BF345X1,2022,0.0,,,,True
SEDOL:BF345X1,2023,0.0,,,,True
SEDOL:BF345X1,2024,0.0,,,,True
SEDOL:BF345X1,2025,0.0,,,,True
SEDOL:BF50VS4,2018,0.0,90.9375,,0.0,True
SEDOL:BF50VS4,2019,0.0,104.04166666666667,,0.0,True
SEDOL:BF50VS4,2020,0.0,107.5,,0.0,True
SEDOL:BF50VS4,2021,0.0,168.875,,0.0,True
SEDOL:BF50VS4,2022,0.0,193.4375,,0.0,True
SEDOL:BF50VS4,2023,0.0,207.70833333333334,,0.0,True
SEDOL:BF50VS4,2024,0.0,274.8333333333333,,0.0,True
SEDOL:BF50VS4,2025,0.5,271.3333333333333,,0.1842751842751843,True
SEDOL:BF50VS4,2026,0.0,241.57142857142858,,0.0,True
SEDOL:BF78131,2021,0.0,,,,True
SEDOL:BF78131,2022,0.0,,,,True
SEDOL:BF78131,2023,0.0,,,,True
SEDOL:BF78131,2024,0.0,,,,True
SEDOL:BF78131,2025,0.0,,,,True
SEDOL:BF78131,2026,0.0,,,,True
SEDOL:BF8NW87,2018,0.0,,,,True
SEDOL:BF8NW87,2019,0.0,,,,True
SEDOL:BF8NW87,2020,0.0,,,,True
SEDOL:BF8NW87,2021,0.0,,,,True
SEDOL:BF8NW87,2022,0.0,,,,True
SEDOL:BF8Q3P0,2018,0.0,,,,True
SEDOL:BF8Q3P0,2019,0.0,,,,True
SEDOL:BF8Q3P0,2020,0.0,,,,True
SEDOL:BFFK7H5,2018,0.0,101.97,0.02,0.0,True
SEDOL:BFFK7H5,2019,0.0,101.875,,0.0,True
SEDOL:BFFK7H5,2020,0.0,101.02083333333333,,0.0,True
SEDOL:BFFK7H5,2021,0.0,151.70833333333334,,0.0,True
SEDOL:BFFK7H5,2022,0.0,162.04166666666666,,0.0,True
SEDOL:BFFK7H5,2023,0.0,160.8125,,0.0,True
SEDOL:BFFK7H5,2024,0.0,162.75,0.0,0.0,True
SEDOL:BFFK7H5,2025,0.0,154.625,0.0,0.0,True
SEDOL:BFFK7H5,2026,0.0,196.14285714285714,,0.0,True
SEDOL:BFG3QX2,2014,0.0,,,,True
SEDOL:BFG3QX2,2015,0.0,,,,True
SEDOL:BFG3QX2,2016,0.0,,,,True
SEDOL:BFG3QX2,2017,0.0,,,,True
SEDOL:BFG3QX2,2018,0.0,,,,True
SEDOL:BFG3QX2,2019,0.0,,,,True
SEDOL:BFMDJH1,2019,0.0,,,,True
SEDOL:BFMDJH1,2020,0.0,,,,True
SEDOL:BFMDJH1,2021,0.0,,,,True
SEDOL:BFMDJH1,2022,0.0,,,,True
SEDOL:BFMDJH1,2023,0.0,,,,True
SEDOL:BFMDJH1,2024,0.0,,,,True
SEDOL:BFMDJH1,2025,0.0,,,,True
SEDOL:BFMDJH1,2026,0.0,,,,True
SEDOL:BFMYZ98,2013,0.0,102.0,4.15,0.0,False
SEDOL:BFMYZ98,2017,0.0,101.62666666666667,4.033333333333333,0.0,False
SEDOL:BFN0VM0,2014,0.0,,,,True
SEDOL:BFN0VM0,2015,0.0,,,,True
SEDOL:BFN0VM0,2016,0.0,,,,True
SEDOL:BFPMFG6,2013,0.0,,,,True
SEDOL:BFPMFG6,2014,0.0,,,,True
SEDOL:BFWJJT1,2018,3.0,95.27000000000001,3.466666666666667,3.1489451033903637,True
SEDOL:BFWJJT1,2019,2.0,96.16250000000001,3.65,2.079812816846484,True
SEDOL:BFWJJT1,2020,0.0,87.45,3.5041666666666664,0.0,False
SEDOL:BFWJJT1,2021,0.0,102.075,3.1383333333333336,0.0,False
SEDOL:BFWJJT1,2022,0.0,97.33333333333333,2.351818181818182,0.0,False
SEDOL:BFWJJT1,2023,0.0,92.97916666666667,2.080833333333333,0.0,False
SEDOL:BFWJJT1,2024,0.0,97.875,2.34,0.0,False
SEDOL:BFX3K77,2018,0.0,,,,True
SEDOL:BFX3K77,2019,0.0,,,,True
SEDOL:BFX3K77,2020,0.0,,,,True
SEDOL:BFX3K77,2021,0.0,,,,True
SEDOL:BFX3K77,2022,0.0,,,,True
SEDOL:BFX3K77,2023,0.0,,,,True
SEDOL:BFX3K77,2024,0.0,,,,True
SEDOL:BFX3K77,2025,0.0,,,,True
SEDOL:BFX3K77,2026,0.0,,,,True
SEDOL:BFXW773,2014,0.0,,,,True
SEDOL:BFXW773,2015,0.0,,,,True
SEDOL:BFXW773,2016,0.0,,,,True
SEDOL:BFXW773,2017,0.0,,,,True
SEDOL:BFXW773,2018,0.0,,,,True
SEDOL:BFXW773,2019,0.0,,,,True
SEDOL:BFXW773,2020,0.0,,,,True
SEDOL:BFXW773,2021,0.0,,,,True
SEDOL:BFXW784,2014,0.0,,,,True
SEDOL:BFXW784,2015,0.0,,,,True
SEDOL:BFXW784,2016,0.0,,,,True
SEDOL:BFXW784,2017,0.0,,,,True
SEDOL:BFXW784,2018,0.0,,,,True
SEDOL:BFXW784,2019,0.0,,,,True
SEDOL:BFXW784,2020,0.0,,,,True
SEDOL:BFXW784,2021,0.0,,,,True
SEDOL:BFYT966,2019,0.0,,,,True
SEDOL:BFYT966,2020,0.0,,,,True
SEDOL:BFYT9H7,2018,0.0,,,,True
SEDOL:BFYT9H7,2019,0.0,,,,True
SEDOL:BFYT9H7,2020,0.0,,,,True
SEDOL:BFYT9H7,2021,0.0,,,,True
SEDOL:BFYT9H7,2022,0.0,,,,True
SEDOL:BFYT9H7,2023,0.0,,,,True
SEDOL:BFYT9H7,2024,0.0,,,,True
SEDOL:BFYV7J1,2018,0.0,,,,True
SEDOL:BFYYL32,2018,0.0,,,,True
SEDOL:BFYYL32,2019,2.09,105.83333333333333,0.7371428571428572,1.9748031496062992,True
SEDOL:BFYYL32,2020,2.33,96.35,0.526,2.418266735858848,True
SEDOL:BFYYL32,2021,2.69,96.58333333333333,0.4708333333333334,2.7851596203623816,True
SEDOL:BFYYL32,2022,3.88,81.01485714285715,0.26666666666666666,4.789245006206974,True
SEDOL:BFYYL32,2023,6.48,91.83,0.79,7.056517477948383,True
SEDOL:BFYYL32,2024,8.58,94.03333333333335,0.86,9.124423963133639,True
SEDOL:BFYYL32,2025,7.859999999999999,95.17999999999999,0.602,8.258037402815718,True
SEDOL:BFYYL32,2026,5.33,90.7,0.605,5.8765159867695695,True
SEDOL:BFZ7R98,2018,0.0,94.45,,0.0,True
SEDOL:BFZ7R98,2019,0.0,93.65833333333335,,0.0,True
SEDOL:BFZ7R98,2020,0.0,90.04583333333333,,0.0,True
SEDOL:BFZ7R98,2021,0.0,134.47916666666666,,0.0,True
SEDOL:BFZ7R98,2022,0.0,130.9375,0.0,0.0,True
SEDOL:BFZ7R98,2023,0.0,132.3125,0.0,0.0,True
SEDOL:BFZ7R98,2024,0.0,136.25833333333333,,0.0,True
SEDOL:BFZ7R98,2025,0.0,138.0625,,0.0,True
SEDOL:BFZ7R98,2026,0.0,155.0,,0.0,True
SEDOL:BG0P0V7,2018,0.0,,,,True
SEDOL:BG0P0V7,2019,0.0,,,,True
SEDOL:BG0P0V7,2020,0.0,,,,True
SEDOL:BG0P0V7,2021,0.0,,,,True
SEDOL:BG0P0V7,2022,0.0,,,,True
SEDOL:BG0P0V7,2023,0.0,,,,True
SEDOL:BG0P0V7,2024,0.0,,,,True
SEDOL:BG0P0V7,2025,0.0,,,,True
SEDOL:BG0P0V7,2026,0.0,,,,True
SEDOL:BG0QZS2,2018,0.0,,,,True
SEDOL:BG0QZS2,2019,0.0,,,,True
SEDOL:BG12XV8,2018,0.0,,,,True
SEDOL:BG12XV8,2019,0.0,,,,True
SEDOL:BG12XV8,2020,0.0,,,,True
SEDOL:BG12XV8,2021,0.0,,,,True
SEDOL:BG12XV8,2022,0.0,,,,True
SEDOL:BG12XV8,2023,0.0,,,,True
SEDOL:BG12XV8,2024,0.0,,,,True
SEDOL:BG12XV8,2025,0.0,,,,True
SEDOL:BG12XV8,2026,0.0,,,,True
SEDOL:BG13MH0,2018,0.0,,,,True
SEDOL:BG13MH0,2019,0.0,,,,True
SEDOL:BG13MH0,2020,0.0,,,,True
SEDOL:BG13MH0,2021,0.0,,,,True
SEDOL:BG13MH0,2022,0.0,,,,True
SEDOL:BG13MH0,2023,0.0,,,,True
SEDOL:BG13MH0,2024,0.0,,,,True
SEDOL:BG13MH0,2025,0.0,,,,True
SEDOL:BG13MH0,2026,0.0,,,,True
SEDOL:BG1TSQ9,2018,0.0,,,,True
SEDOL:BG1TSQ9,2019,0.0,,,,True
SEDOL:BG1TSQ9,2020,0.0,,,,True
SEDOL:BG1TSQ9,2021,0.0,,,,True
SEDOL:BG382L7,2018,0.0,,,,True
SEDOL:BG382L7,2019,0.0,,,,True
SEDOL:BG382L7,2020,0.0,,,,True
SEDOL:BG382L7,2021,0.0,,,,True
SEDOL:BG382L7,2022,0.0,,,,True
SEDOL:BG382L7,2023,0.0,,,,True
SEDOL:BG382L7,2024,0.0,,,,True
SEDOL:BG49KP9,2014,0.0,,,,True
SEDOL:BG49KP9,2015,0.0,,,,True
SEDOL:BG49KP9,2016,0.0,,,,True
SEDOL:BG49KP9,2017,0.0,,,,True
SEDOL:BG49KP9,2018,0.0,,,,True
SEDOL:BG49KP9,2019,0.0,,,,True
SEDOL:BG49KP9,2020,0.0,,,,True
SEDOL:BG49KP9,2021,0.0,,,,True
SEDOL:BG49KP9,2022,0.0,,,,True
SEDOL:BG49KP9,2023,0.0,,,,True
SEDOL:BG49KP9,2024,0.0,,,,True
SEDOL:BG49KP9,2025,0.0,,,,True
SEDOL:BG49KP9,2026,0.0,,,,True
SEDOL:BGCZJW9,2013,0.0,,,,True
SEDOL:BGCZJW9,2014,0.0,99.72250000000001,5.197500000000001,0.0,False
SEDOL:BGCZJW9,2015,0.0,89.56333333333333,5.245,0.0,False
SEDOL:BGCZJW9,2016,0.0,84.576,2.766,0.0,False
SEDOL:BGHVZM4,2018,0.0,,,,True
SEDOL:BGHVZM4,2019,0.0,,,,True
SEDOL:BGHVZM4,2020,0.0,,,,True
SEDOL:BGHVZM4,2021,0.0,,,,True
SEDOL:BGHVZM4,2022,0.0,,,,True
SEDOL:BGHVZM4,2023,0.0,,,,True
SEDOL:BGHVZM4,2024,0.0,,,,True
SEDOL:BGHVZM4,2025,0.0,,,,True
SEDOL:BGHVZM4,2026,0.0,,,,True
SEDOL:BGJWTR8,2018,0.0,,,,True
SEDOL:BGJWTR8,2019,0.0,1233.84,,0.0,True
SEDOL:BGJWTR8,2020,0.0,1426.6666666666667,,0.0,True
SEDOL:BGJWTR8,2021,0.0,1805.5,,0.0,True
SEDOL:BGJWTR8,2022,0.0,1380.3333333333333,,0.0,True
SEDOL:BGJWTR8,2023,0.0,1364.5,0.0,0.0,True
SEDOL:BGJWTR8,2024,0.0,1425.4166666666667,0.0,0.0,True
SEDOL:BGJWTR8,2025,0.0,1517.0,,0.0,True
SEDOL:BGJWTR8,2026,2.1,1502.0,,0.13981358189081225,True
SEDOL:BGJYPP4,2019,0.0,123.0,0.0,0.0,True
SEDOL:BGJYPP4,2020,0.0,,,,True
SEDOL:BGJYPP4,2021,0.0,,,,True
SEDOL:BGJYPP4,2022,0.0,,,,True
SEDOL:BGJYPP4,2023,0.0,,,,True
SEDOL:BGJYPP4,2024,0.0,,,,True
SEDOL:BGJYPP4,2025,0.0,,,,True
SEDOL:BGJYPP4,2026,0.0,,,,True
SEDOL:BGMG7F1,2020,0.0,,,,True
SEDOL:BGMG7F1,2021,0.0,100.0,,0.0,True
SEDOL:BGMG7F1,2022,0.0,,,,True
SEDOL:BGMG7F1,2023,0.0,,,,True
SEDOL:BGMG7F1,2024,0.0,,,,True
SEDOL:BGMG7F1,2025,0.0,,,,True
SEDOL:BGMG7F1,2026,0.0,,,,True
SEDOL:BGSH2G4,2014,0.0,,,,True
SEDOL:BGSH2G4,2015,0.0,,,,True
SEDOL:BGSH2G4,2016,0.0,,,,True
SEDOL:BGSH2G4,2017,0.0,,,,True
SEDOL:BGSH2G4,2018,0.0,,,,True
SEDOL:BGSH2G4,2019,0.0,,,,True
SEDOL:BGSH2G4,2020,0.0,,,,True
SEDOL:BGSH2G4,2021,0.0,,,,True
SEDOL:BGSH2G4,2022,0.0,,,,True
SEDOL:BH4TCL6,2018,0.0,,,,True
SEDOL:BH7JH18,2014,0.0,,,,True
SEDOL:BH7JH18,2015,0.0,,,,True
SEDOL:BH7JH18,2016,0.0,,,,True
SEDOL:BH7JH18,2017,0.0,,,,True
SEDOL:BH7JH18,2018,0.0,,,,True
SEDOL:BH7JH18,2019,0.0,,,,True
SEDOL:BH7JH18,2020,0.0,,,,True
SEDOL:BH7JH18,2021,0.0,,,,True
SEDOL:BH7JH18,2022,0.0,,,,True
SEDOL:BH7JH18,2023,0.0,,,,True
SEDOL:BH7JH18,2024,0.0,,,,True
SEDOL:BH7JH18,2025,0.0,,,,True
SEDOL:BH7Y7B3,2014,0.0,,,,True
SEDOL:BH7Y7B3,2015,0.0,,,,True
SEDOL:BH7Y7B3,2016,0.0,,,,True
SEDOL:BH7Y7B3,2017,0.0,,,,True
SEDOL:BH7Y7B3,2018,0.0,,,,True
SEDOL:BH7Y7B3,2019,0.0,,,,True
SEDOL:BH7Y7B3,2020,0.0,,,,True
SEDOL:BH7Y7B3,2021,0.0,,,,True
SEDOL:BJ0CDD2,2019,0.0,,,,True
SEDOL:BJ0CDD2,2020,0.0,,,,True
SEDOL:BJ0CDD2,2021,0.0,,,,True
SEDOL:BJ0CDD2,2022,0.0,,,,True
SEDOL:BJ0CDD2,2023,0.0,,,,True
SEDOL:BJ0CDD2,2024,0.0,,,,True
SEDOL:BJ0CDD2,2025,0.0,,,,True
SEDOL:BJ0CDD2,2026,0.0,1.9919999999999998,0.0,0.0,True
SEDOL:BJ0JVY0,2014,0.0,,,,True
SEDOL:BJ0JVY0,2015,0.0,,,,True
SEDOL:BJ0JVY0,2016,0.0,,,,True
SEDOL:BJ0JVY0,2017,0.0,,,,True
SEDOL:BJ0JVY0,2018,0.0,,,,True
SEDOL:BJ0JVY0,2019,0.0,,,,True
SEDOL:BJ0JVY0,2020,0.0,,,,True
SEDOL:BJ0JVY0,2021,0.0,,,,True
SEDOL:BJ0JVY0,2022,0.0,,,,True
SEDOL:BJ0JVY0,2023,0.0,,,,True
SEDOL:BJ0JVY0,2024,0.0,,,,True
SEDOL:BJ0JVY0,2025,0.0,,,,True
SEDOL:BJ0JVY0,2026,0.0,,,,True
SEDOL:BJCWFX4,2019,0.0,,,,True
SEDOL:BJCWFX4,2020,0.0,,,,True
SEDOL:BJCWFX4,2021,0.0,,,,True
SEDOL:BJCWFX4,2022,0.0,,,,True
SEDOL:BJCWFX4,2023,0.0,,,,True
SEDOL:BJCWFX4,2024,0.0,,,,True
SEDOL:BJCWFX4,2025,0.0,,,,True
SEDOL:BJCWFX4,2026,0.0,,,,True
SEDOL:BJFLFT4,2014,0.0,,,,True
SEDOL:BJFLFT4,2015,0.0,,,,True
SEDOL:BJFLFT4,2017,0.0,,,,True
SEDOL:BJFLFT4,2018,0.0,,,,True
SEDOL:BJFLFT4,2019,0.0,,,,True
SEDOL:BJFLFT4,2020,0.0,,,,True
SEDOL:BJFLFT4,2021,0.0,,,,True
SEDOL:BJFLFT4,2022,0.0,,,,True
SEDOL:BJFLFT4,2023,0.0,,,,True
SEDOL:BJFLFT4,2024,0.0,,,,True
SEDOL:BJFLFT4,2025,0.0,,,,True
SEDOL:BJFLFT4,2026,0.0,,,,True
SEDOL:BJHPS39,2019,0.0,0.78,,0.0,True
SEDOL:BJHPS39,2020,0.0,0.53,,0.0,True
SEDOL:BJHPS39,2021,0.0,0.63,,0.0,True
SEDOL:BJHPS39,2022,0.0,0.75,,0.0,True
SEDOL:BJHPS39,2023,0.0,0.7433333333333333,,0.0,True
SEDOL:BJHPS39,2024,0.0,,,,True
SEDOL:BJHPS39,2025,0.0,0.531965,,0.0,True
SEDOL:BJHPS39,2026,0.0,0.5763232,,0.0,True
SEDOL:BJL5FH8,2014,0.0,,,,True
SEDOL:BJL5FH8,2015,0.0,,,,True
SEDOL:BJL5FH8,2016,0.0,,,,True
SEDOL:BJL5FH8,2017,0.0,,,,True
SEDOL:BJL5FH8,2018,0.0,,,,True
SEDOL:BJL5FH8,2019,0.0,,,,True
SEDOL:BJL5FH8,2020,0.0,,,,True
SEDOL:BJL5FH8,2021,0.0,,,,True
SEDOL:BJL5FH8,2022,0.0,,,,True
SEDOL:BJL5FH8,2023,0.0,,,,True
SEDOL:BJL5FH8,2024,0.0,,,,True
SEDOL:BJL5FH8,2025,0.0,,,,True
SEDOL:BJL5FH8,2026,0.0,,,,True
SEDOL:BJM0293,2019,0.0,,,,True
SEDOL:BJM0293,2020,0.0,,,,True
SEDOL:BJM0293,2021,0.0,,,,True
SEDOL:BJM0293,2022,0.0,,,,True
SEDOL:BJM0293,2023,0.0,,,,True
SEDOL:BJM0293,2024,0.0,,,,True
SEDOL:BJM0293,2025,0.0,,,,True
SEDOL:BJM0293,2026,0.0,,,,True
SEDOL:BJP5HK1,2020,0.0,,,,True
SEDOL:BJP5HK1,2021,0.0,,,,True
SEDOL:BJP5HK1,2022,0.0,,,,True
SEDOL:BJP5HK1,2023,0.0,,,,True
SEDOL:BJP5HK1,2024,0.0,,,,True
SEDOL:BJP5HK1,2025,0.0,,,,True
SEDOL:BJP5HK1,2026,0.0,,,,True
SEDOL:BJQZ9H1,2019,0.0,,,,True
SEDOL:BJQZ9H1,2020,0.0,,,,True
SEDOL:BJQZ9H1,2021,0.0,,,,True
SEDOL:BJQZ9H1,2022,0.0,,,,True
SEDOL:BJQZ9H1,2023,0.0,,,,True
SEDOL:BJQZ9H1,2024,0.0,,,,True
SEDOL:BJQZ9H1,2025,0.0,,,,True
SEDOL:BJQZ9H1,2026,0.0,,,,True
SEDOL:BJT3251,2014,0.0,,,,True
SEDOL:BJT3251,2015,0.0,,,,True
SEDOL:BJT3251,2016,0.0,,,,True
SEDOL:BJT3251,2017,0.0,,,,True
SEDOL:BJVDZ94,2014,0.0,,,,True
SEDOL:BJVDZ94,2015,0.0,,,,True
SEDOL:BJVDZ94,2016,0.0,,,,True
SEDOL:BJVDZ94,2017,0.0,,,,True
SEDOL:BJVDZ94,2018,0.0,,,,True
SEDOL:BJVDZ94,2019,0.0,,,,True
SEDOL:BJVDZ94,2020,0.0,,,,True
SEDOL:BJVDZ94,2021,0.0,,,,True
SEDOL:BJVDZ94,2022,0.0,,,,True
SEDOL:BJVDZ94,2023,0.0,,,,True
SEDOL:BJVDZ94,2024,0.0,,,,True
SEDOL:BJVDZ94,2025,0.0,,,,True
SEDOL:BJVDZ94,2026,0.0,,,,True
SEDOL:BJVKW83,2019,0.0,105.0,,0.0,True
SEDOL:BJVKW83,2020,0.0,105.75,,0.0,True
SEDOL:BJVKW83,2021,0.0,,,,True
SEDOL:BJVKW83,2022,0.0,,,,True
SEDOL:BJVKW83,2023,0.0,,,,True
SEDOL:BJVKW83,2024,0.0,,,,True
SEDOL:BJVKW83,2025,0.0,,,,True
SEDOL:BJVKW83,2026,0.0,,,,True
SEDOL:BJWVDP9,2014,0.0,,,,True
SEDOL:BK1WV90,2020,0.0,,,,True
SEDOL:BK1WV90,2021,0.0,,,,True
SEDOL:BK1WV90,2022,0.0,,,,True
SEDOL:BK1WV90,2023,0.0,,,,True
SEDOL:BK1WV90,2024,0.0,,,,True
SEDOL:BK1WV90,2025,0.0,,,,True
SEDOL:BK1WV90,2026,0.0,,,,True
SEDOL:BK6RLF6,2019,0.0,,,,True
SEDOL:BK6RLF6,2020,0.0,,,,True
SEDOL:BK6RLF6,2021,0.0,,,,True
SEDOL:BK6RLF6,2022,0.0,,,,True
SEDOL:BK6RLF6,2023,0.0,,,,True
SEDOL:BK6RLF6,2024,0.0,,,,True
SEDOL:BKF1X42,2014,0.0,,,,True
SEDOL:BKF1X86,2014,0.0,,,,True
SEDOL:BKF2JH0,2021,0.0,,,,True
SEDOL:BKF2JH0,2022,0.0,,,,True
SEDOL:BKF2JH0,2023,0.0,,,,True
SEDOL:BKF2JH0,2024,0.0,,,,True
SEDOL:BKLGLS1,2020,0.0,101.0,1.5366666666666668,0.0,False
SEDOL:BKLGLS1,2021,0.85,122.29166666666667,1.3818181818181818,0.6950596252129472,True
SEDOL:BKLGLS1,2022,1.95,116.81818181818181,1.25,1.6692607003891051,True
SEDOL:BKLGLS1,2023,3.2,144.25,,2.218370883882149,True
SEDOL:BKLGLS1,2024,1.6,175.20833333333334,0.5,0.9131985731272294,True
SEDOL:BKLGLS1,2025,0.0,201.4375,0.5,0.0,True
SEDOL:BKLGLS1,2026,0.0,229.0,0.5,0.0,True
SEDOL:BKPG013,2021,0.0,,,,True
SEDOL:BKPG013,2022,0.0,,,,True
SEDOL:BKPG013,2023,0.0,,,,True
SEDOL:BKPG013,2024,0.0,,,,True
SEDOL:BKPG013,2025,0.0,,,,True
SEDOL:BKPG013,2026,0.0,,,,True
SEDOL:BKTRRM2,2019,0.0,,,,True
SEDOL:BKTRRM2,2020,0.0,,,,True
SEDOL:BKTRRM2,2021,0.0,,,,True
SEDOL:BKTRRM2,2022,0.0,,,,True
SEDOL:BKTRRM2,2023,0.0,,,,True
SEDOL:BKTRRM2,2024,0.0,,,,True
SEDOL:BKTRRM2,2025,0.0,,,,True
SEDOL:BKTRRM2,2026,0.0,,,,True
SEDOL:BKV46W4,2023,0.0,,,,True
SEDOL:BKV46W4,2024,0.0,,,,True
SEDOL:BKV46W4,2025,0.0,,,,True
SEDOL:BKV46W4,2026,0.0,,,,True
SEDOL:BL594H3,2022,0.0,,,,True
SEDOL:BL594H3,2023,0.0,,,,True
SEDOL:BL594H3,2024,0.0,,,,True
SEDOL:BL690L8,2026,0.0,,,,True
SEDOL:BL6K7L0,2021,0.0,1.1325,,0.0,True
SEDOL:BL6K7L0,2022,0.0,71.21266666666666,33.0,0.0,False
SEDOL:BL6K7L0,2023,0.0,,,,True
SEDOL:BL6K7L0,2024,0.0,,,,True
SEDOL:BL6K7L0,2025,0.0,,,,True
SEDOL:BL6K7L0,2026,0.0,,,,True
SEDOL:BL9ZF30,2021,0.0,,,,True
SEDOL:BL9ZF30,2022,0.0,,,,True
SEDOL:BL9ZF30,2023,0.0,,,,True
SEDOL:BL9ZF30,2024,0.0,,,,True
SEDOL:BL9ZF30,2025,0.0,,,,True
SEDOL:BLBJFZ2,2021,0.0,,,,True
SEDOL:BLBJFZ2,2022,0.0,,,,True
SEDOL:BLBJFZ2,2023,0.0,,,,True
SEDOL:BLBJFZ2,2024,0.0,,,,True
SEDOL:BLF7PP2,2020,0.0,,,,True
SEDOL:BLF7PP2,2021,0.0,,,,True
SEDOL:BLF7PP2,2022,0.0,,,,True
SEDOL:BLF7PP2,2023,0.0,,,,True
SEDOL:BLF7PP2,2024,0.0,,,,True
SEDOL:BLF7PP2,2025,0.0,,,,True
SEDOL:BLN7H03,2023,0.0,,,,True
SEDOL:BLNNFL8,2021,0.0,,,,True
SEDOL:BLNNFL8,2022,0.0,,,,True
SEDOL:BLNNFL8,2023,0.0,,,,True
SEDOL:BLNNFL8,2024,0.0,,,,True
SEDOL:BLNNFL8,2025,0.0,,,,True
SEDOL:BLNNFL8,2026,0.0,,,,True
SEDOL:BLNNFY1,2021,0.0,,,,True
SEDOL:BLNNFY1,2022,0.0,,,,True
SEDOL:BLNNFY1,2023,0.0,,,,True
SEDOL:BLNNFY1,2024,0.0,,,,True
SEDOL:BLNNFY1,2025,0.0,,,,True
SEDOL:BLNNFZ2,2022,0.0,,,,True
SEDOL:BLP57Y9,2014,0.0,,,,True
SEDOL:BLP57Y9,2015,0.0,,,,True
SEDOL:BLP57Y9,2016,0.0,,,,True
SEDOL:BLP57Y9,2017,0.0,,,,True
SEDOL:BLP57Y9,2018,0.0,,,,True
SEDOL:BLP57Y9,2019,0.0,,,,True
SEDOL:BLP57Y9,2020,0.0,,,,True
SEDOL:BLP57Y9,2021,0.0,,,,True
SEDOL:BLPK443,2021,0.0,,,,True
SEDOL:BLPK443,2022,0.0,,,,True
SEDOL:BLPK443,2023,0.0,,,,True
SEDOL:BLPK443,2024,0.0,,,,True
SEDOL:BLPK443,2025,0.0,,,,True
SEDOL:BLSNND1,2014,0.0,1096.0,,0.0,True
SEDOL:BLSNND1,2015,0.0,1003.5909090909091,,0.0,True
SEDOL:BLSNND1,2016,0.0,1037.4791666666667,,0.0,True
SEDOL:BLSNND1,2017,0.0,1148.3333333333333,,0.0,True
SEDOL:BLSNND1,2018,0.0,1221.875,,0.0,True
SEDOL:BLSNND1,2019,0.0,1181.6666666666667,,0.0,True
SEDOL:BLSNND1,2020,0.0,1117.625,,0.0,True
SEDOL:BLSNND1,2021,0.0,1377.7083333333333,,0.0,True
SEDOL:BLSNND1,2022,0.0,1193.5,0.0,0.0,True
SEDOL:BLWDVR7,2015,0.0,,,,True
SEDOL:BLWDVR7,2016,0.0,,,,True
SEDOL:BLWDVR7,2017,0.0,,,,True
SEDOL:BLWDVR7,2018,0.0,,,,True
SEDOL:BMBN1D1,2014,0.0,,,,True
SEDOL:BMBN1D1,2015,0.0,,,,True
SEDOL:BMBN1D1,2016,0.0,,,,True
SEDOL:BMBN1D1,2017,0.0,,,,True
SEDOL:BMC7TM7,2021,0.0,,,,True
SEDOL:BMC7TM7,2022,0.0,,,,True
SEDOL:BMC7TM7,2023,0.0,,,,True
SEDOL:BMC7TM7,2024,0.0,,,,True
SEDOL:BMC7TM7,2025,0.0,,,,True
SEDOL:BMC7TM7,2026,0.0,,,,True
SEDOL:BMC7TN8,2021,0.0,,,,True
SEDOL:BMCBZL0,2020,0.0,,,,True
SEDOL:BMCBZL0,2021,0.0,,,,True
SEDOL:BMCBZL0,2022,0.0,,,,True
SEDOL:BMCBZL0,2023,0.0,,,,True
SEDOL:BMCBZL0,2024,0.0,,,,True
SEDOL:BMCBZL0,2025,0.0,,,,True
SEDOL:BMDKH43,2021,0.0,,,,True
SEDOL:BMDKH43,2022,0.0,,,,True
SEDOL:BMDKH43,2023,0.0,,,,True
SEDOL:BMDKH43,2024,0.0,,,,True
SEDOL:BMDKH43,2025,0.0,,,,True
SEDOL:BMDKH43,2026,0.0,,,,True
SEDOL:BMDPKM7,2021,0.0,,,,True
SEDOL:BMDPKM7,2022,0.0,,,,True
SEDOL:BMDPKM7,2023,0.0,,,,True
SEDOL:BMDPKM7,2024,0.0,,,,True
SEDOL:BMF1L08,2022,0.0,,,,True
SEDOL:BMF1L08,2023,0.0,,,,True
SEDOL:BMF1L08,2024,0.0,,,,True
SEDOL:BMF1L08,2025,0.0,,,,True
SEDOL:BMF1L08,2026,0.0,,,,True
SEDOL:BMGWM18,2021,0.0,,,,True
SEDOL:BMGWM18,2022,0.0,,,,True
SEDOL:BMH3TR5,2021,0.0,,,,True
SEDOL:BMH3TR5,2022,0.0,,,,True
SEDOL:BMH3TR5,2023,0.0,,,,True
SEDOL:BMH3TR5,2024,0.0,,,,True
SEDOL:BMPHJ80,2014,0.0,105.25,0.0,0.0,True
SEDOL:BMPHJ80,2015,0.0,107.065,,0.0,True
SEDOL:BMPHJ80,2016,0.0,105.69,0.6125,0.0,False
SEDOL:BMPHJ80,2017,0.0,94.7525,1.0675,0.0,False
SEDOL:BMPHJ80,2018,0.0,83.875,0.865,0.0,False
SEDOL:BMPHJ80,2019,0.0,82.66666666666667,0.3666666666666667,0.0,True
SEDOL:BMWWJM2,2021,0.0,,,,True
SEDOL:BMWWJM2,2022,0.0,,,,True
SEDOL:BMWWJM2,2023,0.0,,,,True
SEDOL:BMWWJM2,2024,0.0,,,,True
SEDOL:BMWWJM2,2025,0.0,,,,True
SEDOL:BMWWJM2,2026,0.0,,,,True
SEDOL:BMXNVC8,2020,0.0,,,,True
SEDOL:BMXNVC8,2021,0.0,,,,True
SEDOL:BMXNVC8,2022,0.0,,,,True
SEDOL:BMXNVC8,2023,0.0,,,,True
SEDOL:BMYXV61,2022,0.0,,,,True
SEDOL:BMYXV61,2023,0.0,,,,True
SEDOL:BMYXV61,2024,0.0,,,,True
SEDOL:BMZR151,2023,0.0,,,,True
SEDOL:BMZR151,2024,0.0,,,,True
SEDOL:BMZR151,2025,0.0,,,,True
SEDOL:BMZR151,2026,0.0,,,,True
SEDOL:BMZR7D1,2023,0.0,,,,True
SEDOL:BMZR7D1,2024,0.0,,,,True
SEDOL:BMZR7D1,2025,0.0,,,,True
SEDOL:BMZR7D1,2026,0.0,,,,True
SEDOL:BN497V3,2021,0.0,,,,True
SEDOL:BN497V3,2022,0.0,,,,True
SEDOL:BN497V3,2023,0.0,,,,True
SEDOL:BN497V3,2024,0.0,,,,True
SEDOL:BN56JF1,2014,0.0,,,,True
SEDOL:BN56JF1,2015,0.0,,,,True
SEDOL:BN56JF1,2016,0.0,,,,True
SEDOL:BN56JF1,2017,0.0,,,,True
SEDOL:BN56JF1,2018,0.0,,,,True
SEDOL:BN56JF1,2019,0.0,,,,True
SEDOL:BN56JF1,2020,0.0,,,,True
SEDOL:BN56JF1,2021,0.0,,,,True
SEDOL:BN6JYS7,2021,0.0,,,,True
SEDOL:BN6JYS7,2022,0.0,,,,True
SEDOL:BN6JYS7,2023,0.0,,,,True
SEDOL:BN6JYS7,2024,0.0,,,,True
SEDOL:BN6JYS7,2025,0.0,,,,True
SEDOL:BN6JYS7,2026,0.0,,,,True
SEDOL:BN7JZR2,2020,0.0,101.3,0.7,0.0,False
SEDOL:BN7JZR2,2021,0.0,104.47916666666667,0.7916666666666666,0.0,False
SEDOL:BN7JZR2,2022,0.0,79.36666666666666,0.625,0.0,False
SEDOL:BN7JZR2,2023,0.0,70.27083333333333,0.4083333333333334,0.0,True
SEDOL:BN7JZR2,2024,0.0,76.27499999999999,0.35000000000000003,0.0,True
SEDOL:BN7JZR2,2025,0.0,71.0625,0.4908333333333333,0.0,True
SEDOL:BN7JZR2,2026,0.0,69.71428571428571,0.35000000000000003,0.0,True
SEDOL:BNCB5T5,2014,0.0,,,,True
SEDOL:BNCB5T5,2015,0.0,,,,True
SEDOL:BNCB5T5,2016,0.0,,,,True
SEDOL:BNCB5T5,2017,0.0,,,,True
SEDOL:BNCB5T5,2018,0.0,,,,True
SEDOL:BNCB5T5,2019,0.0,,,,True
SEDOL:BNCB5T5,2020,0.0,,,,True
SEDOL:BNCB5T5,2021,0.0,,,,True
SEDOL:BNCB5T5,2022,0.0,,,,True
SEDOL:BNCB5T5,2023,0.0,,,,True
SEDOL:BNCB5T5,2024,0.0,,,,True
SEDOL:BNCBFH3,2015,0.0,,,,True
SEDOL:BNCBFH3,2016,0.0,,,,True
SEDOL:BNCBFH3,2017,0.0,,,,True
SEDOL:BNCBFH3,2018,0.0,,,,True
SEDOL:BNCBFH3,2019,0.0,,,,True
SEDOL:BNCBFH3,2020,0.0,,,,True
SEDOL:BNCBFH3,2021,0.0,,,,True
SEDOL:BNCBFH3,2022,0.0,,,,True
SEDOL:BNCBFM8,2015,0.0,,,,True
SEDOL:BNCBFM8,2016,0.0,,,,True
SEDOL:BNCBFM8,2017,0.0,,,,True
SEDOL:BNCBFM8,2018,0.0,,,,True
SEDOL:BNCBFM8,2019,0.0,,,,True
SEDOL:BNCBFM8,2020,0.0,,,,True
SEDOL:BNCBFM8,2021,0.0,,,,True
SEDOL:BNCBFM8,2022,0.0,,,,True
SEDOL:BNCBFM8,2023,0.0,,,,True
SEDOL:BNG2HN2,2021,0.0,,,,True
SEDOL:BNG43G3,2020,0.0,101.5,,0.0,True
SEDOL:BNG43G3,2021,0.0,105.58333333333333,,0.0,True
SEDOL:BNG43G3,2022,0.0,107.91666666666667,,0.0,True
SEDOL:BNG43G3,2023,0.0,108.79166666666667,,0.0,True
SEDOL:BNG43G3,2024,0.0,114.54166666666667,,0.0,True
SEDOL:BNG43G3,2025,0.0,122.86363636363636,,0.0,True
SEDOL:BNGFHX1,2022,0.0,,,,True
SEDOL:BNGFHX1,2023,0.0,,,,True
SEDOL:BNGFHX1,2024,0.0,,,,True
SEDOL:BNGFHX1,2025,0.0,,,,True
SEDOL:BNGFHX1,2026,0.0,,,,True
SEDOL:BNGMZB6,2015,0.0,,,,True
SEDOL:BNGMZB6,2016,0.0,,,,True
SEDOL:BNGMZB6,2017,0.0,,,,True
SEDOL:BNGMZB6,2018,0.0,,,,True
SEDOL:BNGMZB6,2019,0.0,,,,True
SEDOL:BNGMZB6,2020,0.0,,,,True
SEDOL:BNGMZB6,2021,0.0,,,,True
SEDOL:BNGMZB6,2022,0.0,,,,True
SEDOL:BNGMZB6,2023,0.0,,,,True
SEDOL:BNKVP75,2021,0.0,,,,True
SEDOL:BNKVP75,2022,0.0,,,,True
SEDOL:BNKVP75,2023,0.0,,,,True
SEDOL:BNKVP75,2024,0.0,,,,True
SEDOL:BNKVP75,2025,0.0,,,,True
SEDOL:BNKVP75,2026,0.0,,,,True
SEDOL:BNNPF74,2022,0.0,,,,True
SEDOL:BNNPF74,2023,0.0,,,,True
SEDOL:BP2NJT3,2021,0.0,,,,True
SEDOL:BP2NJT3,2022,0.0,,,,True
SEDOL:BP2NJT3,2023,0.0,,,,True
SEDOL:BP2NJT3,2024,0.0,,,,True
SEDOL:BP2NJT3,2025,0.0,,,,True
SEDOL:BP2RHT1,2024,0.0,,,,True
SEDOL:BP2RHT1,2025,0.0,,,,True
SEDOL:BP5X4Q2,2021,0.0,,,,True
SEDOL:BP5X4Q2,2022,0.0,,,,True
SEDOL:BP5X4Q2,2023,0.0,,,,True
SEDOL:BP5X4Q2,2024,0.0,,,,True
SEDOL:BP5X4Q2,2025,0.0,,,,True
SEDOL:BP5X4Q2,2026,0.0,,,,True
SEDOL:BPFJTF4,2015,0.0,,,,True
SEDOL:BPFJTF4,2016,0.0,,,,True
SEDOL:BPFJTF4,2017,0.0,,,,True
SEDOL:BPFJTF4,2018,0.0,,,,True
SEDOL:BPFJTF4,2019,0.0,,,,True
SEDOL:BPFJTF4,2020,0.0,,,,True
SEDOL:BPFJTF4,2021,0.0,,,,True
SEDOL:BPFJTF4,2022,0.0,,,,True
SEDOL:BPFJTF4,2023,0.0,,,,True
SEDOL:BPFJTF4,2024,0.0,,,,True
SEDOL:BPFJTF4,2025,0.0,,,,True
SEDOL:BPFJTF4,2026,0.0,,,,True
SEDOL:BPJMQ25,2024,0.0,86.0,4.878333333333333,0.0,False
SEDOL:BPJMQ25,2025,5.0,79.79166666666667,5.285833333333334,6.266318537859007,True
SEDOL:BPJMQ25,2026,1.56,86.14285714285714,5.117142857142857,1.810945273631841,False
SEDOL:BPJMQ36,2024,0.0,105.75,,0.0,True
SEDOL:BPJMQ36,2025,0.0,110.08333333333333,,0.0,True
SEDOL:BPJMQ36,2026,0.0,115.57142857142857,,0.0,True
SEDOL:BQVBS54,2015,0.0,,,,True
SEDOL:BQVBS54,2016,0.0,,,,True
SEDOL:BQVBS54,2017,0.0,,,,True
SEDOL:BQVBS54,2018,0.0,,,,True
SEDOL:BQVBS54,2019,0.0,,,,True
SEDOL:BQVBS54,2020,0.0,,,,True
SEDOL:BQVBS54,2021,0.0,,,,True
SEDOL:BQVC9S7,2018,0.0,,,,True
SEDOL:BQVC9S7,2019,0.0,,,,True
SEDOL:BQVC9S7,2023,0.0,,,,True
SEDOL:BQVC9S7,2024,0.0,,,,True
SEDOL:BQVC9S7,2025,0.0,,,,True
SEDOL:BQVC9S7,2026,0.0,,,,True
SEDOL:BRC8992,2025,0.0,,,,True
SEDOL:BRC8992,2026,0.0,,,,True
SEDOL:BRGCGK0,2014,0.0,,,,True
SEDOL:BRGCGK0,2015,0.0,,,,True
SEDOL:BRGCGK0,2016,0.0,,,,True
SEDOL:BRGCGK0,2017,0.0,,,,True
SEDOL:BRGCGK0,2018,0.0,,,,True
SEDOL:BRGCGK0,2019,0.0,,,,True
SEDOL:BRGCGK0,2020,0.0,,,,True
SEDOL:BRGCGK0,2021,0.0,,,,True
SEDOL:BRGCGK0,2022,0.0,,,,True
SEDOL:BRGCGK0,2023,0.0,,,,True
SEDOL:BRGCGK0,2024,0.0,,,,True
SEDOL:BRGCGK0,2025,0.0,,,,True
SEDOL:BRGCGK0,2026,0.0,,,,True
SEDOL:BRJZ8K0,2014,0.0,,,,True
SEDOL:BRJZ8K0,2015,0.0,,,,True
SEDOL:BRK9BQ8,2018,0.0,,,,True
SEDOL:BRK9BQ8,2019,0.0,,,,True
SEDOL:BSPT654,2025,0.0,40.53333333333334,,0.0,True
SEDOL:BSPT654,2026,0.0,38.0,,0.0,True
SEDOL:BSTK642,2015,0.0,,,,True
SEDOL:BSTK642,2016,0.0,,,,True
SEDOL:BSTK642,2017,0.0,,,,True
SEDOL:BSTK642,2018,0.0,,,,True
SEDOL:BSTK642,2019,0.0,,,,True
SEDOL:BSTK642,2020,0.0,,,,True
SEDOL:BSTK642,2021,0.0,,,,True
SEDOL:BT3GKD0,2025,0.0,,,,True
SEDOL:BT3GKD0,2026,0.0,,,,True
SEDOL:BTC2K73,2017,0.0,,,,True
SEDOL:BTC2K73,2018,0.0,,,,True
SEDOL:BTC2K73,2019,0.0,,,,True
SEDOL:BTC2K73,2020,0.0,,,,True
SEDOL:BTC2K73,2021,0.0,,,,True
SEDOL:BTC2K73,2022,0.0,,,,True
SEDOL:BTC2K73,2023,0.0,,,,True
SEDOL:BTLJYS4,2015,0.0,98.125,,0.0,True
SEDOL:BTLJYS4,2016,0.0,105.12583333333333,,0.0,True
SEDOL:BTLJYS4,2017,0.0,131.03166666666667,,0.0,True
SEDOL:BTLJYS4,2018,0.0,125.54166666666667,,0.0,True
SEDOL:BTLJYS4,2019,0.0,126.16666666666667,,0.0,True
SEDOL:BTLJYS4,2020,0.0,109.27777777777777,,0.0,True
SEDOL:BV54HY6,2015,0.0,,,,True
SEDOL:BV54HY6,2016,0.0,,,,True
SEDOL:BV54HY6,2017,0.0,,,,True
SEDOL:BV54HY6,2018,0.0,,,,True
SEDOL:BV54HY6,2019,0.0,,,,True
SEDOL:BV54HY6,2020,0.0,,,,True
SEDOL:BV54HY6,2021,0.0,,,,True
SEDOL:BV54HY6,2022,0.0,,,,True
SEDOL:BV54HY6,2023,0.0,,,,True
SEDOL:BV54HY6,2024,0.0,,,,True
SEDOL:BV54HY6,2025,0.0,,,,True
SEDOL:BV54HY6,2026,0.0,,,,True
SEDOL:BV7L905,2015,0.0,,,,True
SEDOL:BV7L905,2016,0.0,,,,True
SEDOL:BVG1CF2,2015,0.0,,,,True
SEDOL:BVG1CF2,2016,0.0,90.31666666666666,0.17,0.0,True
SEDOL:BVG1CF2,2017,0.0,92.78333333333335,0.0275,0.0,True
SEDOL:BVG1CF2,2018,0.0,81.33333333333333,0.0,0.0,True
SEDOL:BVG1CF2,2019,0.0,58.65,0.0,0.0,True
SEDOL:BVG1CF2,2020,0.0,27.0,,0.0,True
SEDOL:BVG1CF2,2021,0.0,33.225,,0.0,True
SEDOL:BVG1CF2,2022,0.0,22.668888888888887,,0.0,True
SEDOL:BVG1CF2,2023,0.0,14.107,0.02,0.0,True
SEDOL:BVG1CF2,2024,0.0,12.58,0.07500000000000001,0.0,True
SEDOL:BVG1CF2,2025,0.0,,,,True
SEDOL:BVG1CF2,2026,0.0,,,,True
SEDOL:BVG6X43,2015,0.0,,,,True
SEDOL:BVG6X43,2016,0.0,,,,True
SEDOL:BVG6X43,2017,0.0,,,,True
SEDOL:BVG6X43,2018,0.0,,,,True
SEDOL:BVG6X43,2019,0.0,,,,True
SEDOL:BVG6X43,2020,0.0,,,,True
SEDOL:BVG6X43,2021,0.0,,,,True
SEDOL:BVG6X43,2022,0.0,,,,True
SEDOL:BVG6X43,2023,0.0,,,,True
SEDOL:BVG6X43,2024,0.0,,,,True
SEDOL:BVG6X43,2025,0.0,,,,True
SEDOL:BVG6X43,2026,0.0,,,,True
SEDOL:BVG6X65,2015,0.0,,,,True
SEDOL:BVG6X65,2016,0.0,,,,True
SEDOL:BW4NPD6,2015,0.0,1046.5,2.505,0.0,False
SEDOL:BW4NPD6,2016,0.0,1034.5,9.43,0.0,False
SEDOL:BW4NPD6,2017,0.0,1070.0,11.0,0.0,False
SEDOL:BW4NPD6,2018,0.0,,,,True
SEDOL:BW4NPD6,2019,0.0,,,,True
SEDOL:BW4NPD6,2020,0.0,,,,True
SEDOL:BW4NPD6,2021,0.0,,,,True
SEDOL:BW4NWS0,2015,0.0,,,,True
SEDOL:BW4NWS0,2016,0.0,,,,True
SEDOL:BW4NWS0,2017,0.0,,,,True
SEDOL:BW4NWS0,2018,0.0,,,,True
SEDOL:BW4NWS0,2019,0.0,,,,True
SEDOL:BW4NWS0,2020,0.0,,,,True
SEDOL:BW4NWS0,2021,0.0,,,,True
SEDOL:BW6HS59,2026,0.0,,,,True
SEDOL:BWBSDM9,2017,0.0,,,,True
SEDOL:BWBSDM9,2018,0.0,,,,True
SEDOL:BWBSDM9,2019,0.0,,,,True
SEDOL:BWBSDM9,2020,0.0,,,,True
SEDOL:BWBSDM9,2021,0.0,,,,True
SEDOL:BWBSDM9,2022,0.0,,,,True
SEDOL:BWBSDM9,2023,0.0,,,,True
SEDOL:BWBSDM9,2024,0.0,,,,True
SEDOL:BWBSDM9,2025,0.0,,,,True
SEDOL:BWBSDM9,2026,0.0,,,,True
SEDOL:BWC53H4,2016,8.25,,,,True
SEDOL:BWC53H4,2017,8.25,105.625,,7.810650887573964,True
SEDOL:BWC53H4,2018,8.25,107.0,,7.710280373831775,True
SEDOL:BWC53H4,2019,8.25,,,,True
SEDOL:BWC53H4,2020,3.2125,35.75,,8.986013986013987,True
SEDOL:BWC53H4,2021,1.5,,,,True
SEDOL:BWC53H4,2022,5.25,,,,True
SEDOL:BWC53H4,2023,6.75,,,,True
SEDOL:BWC53H4,2024,8.0,,,,True
SEDOL:BWC53H4,2025,8.0,65.8,,12.158054711246201,True
SEDOL:BWC53H4,2026,4.0,,,,True
SEDOL:BWD2415,2015,0.75,102.44,0.0,0.7321358844201484,True
SEDOL:BWD2415,2016,6.25,97.7225,9.7375,6.395661183453146,True
SEDOL:BWD2415,2017,8.0,99.502,9.672,8.040039396193041,True
SEDOL:BWD2415,2018,11.33,95.94999999999999,7.9,11.80823345492444,True
SEDOL:BWD2415,2019,26.0,,,,True
SEDOL:BWD2415,2020,12.0,,,,True
SEDOL:BWD2415,2021,8.0,,,,True
SEDOL:BWD2415,2022,8.0,,,,True
SEDOL:BWD2415,2023,8.0,,,,True
SEDOL:BWD2415,2024,8.0,,,,True
SEDOL:BWD2415,2025,8.0,,,,True
SEDOL:BWD2415,2026,4.0,,,,True
SEDOL:BWFGQ08,2015,0.0,54.91142857142857,1.5642857142857143,0.0,False
SEDOL:BWFGQ08,2016,0.14,55.02166666666667,1.6475,0.2544452185502681,False
SEDOL:BWFGQ08,2017,0.0,61.9175,1.1533333333333333,0.0,False
SEDOL:BWFGQ08,2018,0.0,63.791666666666664,0.8941666666666667,0.0,False
SEDOL:BWFGQ08,2019,0.0,50.88333333333333,1.1991666666666667,0.0,False
SEDOL:BWFGQ08,2020,0.0,51.708333333333336,0.9824999999999999,0.0,False
SEDOL:BWFGQ08,2021,0.0,92.60416666666667,0.7625000000000001,0.0,False
SEDOL:BWFGQ08,2022,50.0,72.48333333333333,1.2183333333333333,68.98137502874224,True
SEDOL:BWFGQ08,2023,0.0,55.49583333333334,1.6375,0.0,False
SEDOL:BWFGQ08,2024,0.0,48.5875,2.125833333333333,0.0,False
SEDOL:BWFGQ08,2025,0.2,44.9,2.6975,0.44543429844098,False
SEDOL:BWFGQ20,2016,0.0,52.025999999999996,0.68,0.0,False
SEDOL:BWWYMV8,2015,0.0,,,,True
SEDOL:BWWYMV8,2016,0.0,,,,True
SEDOL:BWWYMV8,2017,0.0,,,,True
SEDOL:BWWYMV8,2018,0.0,,,,True
SEDOL:BWWYMV8,2019,0.0,,,,True
SEDOL:BWWYMV8,2020,0.0,,,,True
SEDOL:BWWYMV8,2021,0.0,,,,True
SEDOL:BWWYMV8,2022,0.0,,,,True
SEDOL:BWWYMV8,2023,0.0,,,,True
SEDOL:BWWYMV8,2024,0.0,,,,True
SEDOL:BWWYMV8,2025,0.0,,,,True
SEDOL:BXDZMK6,2015,0.0,,,,True
SEDOL:BXDZMK6,2016,0.0,,,,True
SEDOL:BXDZMK6,2017,0.0,,,,True
SEDOL:BXDZMK6,2018,0.0,,,,True
SEDOL:BXDZMK6,2019,0.0,,,,True
SEDOL:BXDZMK6,2020,0.0,,,,True
SEDOL:BXDZMK6,2021,0.0,,,,True
SEDOL:BXDZMK6,2022,0.0,,,,True
SEDOL:BY7QK53,2017,0.0,,,,True
SEDOL:BY7QK53,2018,0.0,,,,True
SEDOL:BY7QYJ5,2026,0.0,,,,True
SEDOL:BY7R8K7,2016,0.0,,,,True
SEDOL:BY7R8K7,2017,0.0,,,,True
SEDOL:BY7R8K7,2018,0.0,,,,True
SEDOL:BY7R8K7,2019,0.0,,,,True
SEDOL:BY7R8K7,2020,0.0,,,,True
SEDOL:BY7R8K7,2021,0.0,,,,True
SEDOL:BY7R8K7,2022,0.0,,,,True
SEDOL:BY7R8K7,2023,0.0,,,,True
SEDOL:BY7R8K7,2024,0.0,,,,True
SEDOL:BY7R8K7,2025,0.0,,,,True
SEDOL:BY7R8K7,2026,0.0,,,,True
SEDOL:BYM6LJ9,2015,0.0,,,,True
SEDOL:BYM6LJ9,2017,0.0,,,,True
SEDOL:BYM91M1,2016,0.0,,,,True
SEDOL:BYMJ7X4,2017,0.0,145.89583333333334,,0.0,True
SEDOL:BYMJ7X4,2018,0.0,151.77777777777777,,0.0,True
SEDOL:BYMJ7X4,2019,0.0,,,,True
SEDOL:BYMJ7X4,2020,0.0,,,,True
SEDOL:BYMJ7X4,2021,0.0,,,,True
SEDOL:BYMK5S8,2015,0.0,,,,True
SEDOL:BYMK5S8,2016,0.0,,,,True
SEDOL:BYMK5S8,2017,0.0,,,,True
SEDOL:BYMK5S8,2018,0.0,,,,True
SEDOL:BYMK5S8,2019,0.0,,,,True
SEDOL:BYMK5S8,2020,0.0,,,,True
SEDOL:BYMK5S8,2021,0.0,,,,True
SEDOL:BYMTBG5,2016,0.0,,,,True
SEDOL:BYMTBG5,2017,0.0,,,,True
SEDOL:BYMTBG5,2018,0.0,,,,True
SEDOL:BYMTBG5,2019,0.0,,,,True
SEDOL:BYMTBG5,2020,0.0,,,,True
SEDOL:BYMTBG5,2021,0.0,,,,True
SEDOL:BYMTBG5,2022,0.0,,,,True
SEDOL:BYMTBG5,2023,0.0,,,,True
SEDOL:BYMTBG5,2024,0.0,,,,True
SEDOL:BYMYC34,2016,0.0,,,,True
SEDOL:BYMYC34,2017,0.0,,,,True
SEDOL:BYMYC34,2018,0.0,,,,True
SEDOL:BYMYC34,2019,0.0,,,,True
SEDOL:BYMYC34,2020,0.0,,,,True
SEDOL:BYP6HV0,2015,0.0,,,,True
SEDOL:BYP6HV0,2016,0.0,,,,True
SEDOL:BYP98L6,2016,0.0,107.97909090909091,,0.0,True
SEDOL:BYP98L6,2017,0.0,114.2925,,0.0,True
SEDOL:BYP98L6,2018,0.0,115.91666666666667,,0.0,True
SEDOL:BYP98L6,2019,0.0,119.33333333333333,,0.0,True
SEDOL:BYP98L6,2020,0.0,119.9090909090909,,0.0,True
SEDOL:BYPBD39,2017,0.0,98.5,4.11,0.0,False
SEDOL:BYPBD39,2018,4.0,92.93333333333334,4.4191666666666665,4.30416068866571,True
SEDOL:BYPBD39,2019,4.16,81.33749999999999,4.633333333333334,5.114492085446443,True
SEDOL:BYPBD39,2020,4.22,53.92916666666667,3.391666666666667,7.825079193386387,True
SEDOL:BYPBD39,2021,3.05,79.44166666666666,3.215,3.8392950802475614,True
SEDOL:BYPBD39,2022,4.3,67.9090909090909,4.678181818181819,6.331994645247658,True
SEDOL:BYPBD39,2023,5.0,71.19166666666666,5.071666666666666,7.023293924850756,True
SEDOL:BYPBD39,2024,6.0,77.3,4.296,7.7619663648124195,True
SEDOL:BYPBD51,2017,0.0,106.91833333333334,,0.0,True
SEDOL:BYPBD51,2018,0.0,106.875,,0.0,True
SEDOL:BYPBD51,2019,0.0,108.79166666666667,,0.0,True
SEDOL:BYPBD51,2020,0.0,106.91666666666667,,0.0,True
SEDOL:BYPBD51,2021,0.0,113.54166666666667,,0.0,True
SEDOL:BYPBD51,2022,0.0,116.36363636363636,,0.0,True
SEDOL:BYPBD51,2023,0.0,119.83333333333333,,0.0,True
SEDOL:BYPBD51,2024,0.0,123.8,,0.0,True
SEDOL:BYQ46T4,2017,0.0,,,,True
SEDOL:BYQ46T4,2018,0.0,,,,True
SEDOL:BYQ46T4,2019,0.0,,,,True
SEDOL:BYQ46T4,2020,0.0,,,,True
SEDOL:BYQ46T4,2021,0.0,,,,True
SEDOL:BYQ46T4,2022,0.0,,,,True
SEDOL:BYQ46T4,2023,0.0,,,,True
SEDOL:BYQ46T4,2024,0.0,,,,True
SEDOL:BYR8GK6,2017,0.0,194.3,6.8,0.0,False
SEDOL:BYR8GK6,2018,41.4,,,,True
SEDOL:BYR8GK6,2019,0.0,,,,True
SEDOL:BYR8GK6,2020,0.0,,,,True
SEDOL:BYR8GK6,2021,0.0,,,,True
SEDOL:BYR8GK6,2022,0.0,,,,True
SEDOL:BYR8GK6,2023,0.0,,,,True
SEDOL:BYR8GK6,2024,0.0,,,,True
SEDOL:BYR8GK6,2025,0.0,,,,True
SEDOL:BYR8GK6,2026,0.0,,,,True
SEDOL:BYRGPD6,2015,0.0,,,,True
SEDOL:BYRGPD6,2016,0.0,,,,True
SEDOL:BYRGPD6,2017,0.0,,,,True
SEDOL:BYRGPD6,2018,0.0,,,,True
SEDOL:BYRGPD6,2019,0.0,,,,True
SEDOL:BYRGPD6,2020,0.0,,,,True
SEDOL:BYRGPD6,2021,0.0,,,,True
SEDOL:BYRGPD6,2022,0.0,,,,True
SEDOL:BYRGPD6,2023,0.0,,,,True
SEDOL:BYRGPD6,2024,0.0,,,,True
SEDOL:BYRGPD6,2025,0.0,,,,True
SEDOL:BYRGPD6,2026,0.0,,,,True
SEDOL:BYRH498,2015,0.0,,,,True
SEDOL:BYRH498,2016,0.0,795.8333333333334,,0.0,True
SEDOL:BYRH498,2017,0.0,856.9583333333334,,0.0,True
SEDOL:BYRH498,2018,17.25,908.6363636363636,0.8266666666666667,1.8984492246123061,True
SEDOL:BYRH498,2019,0.0,1083.125,1.8783333333333332,0.0,False
SEDOL:BYRH498,2020,12.1,1102.5,1.7683333333333333,1.0975056689342404,True
SEDOL:BYRH498,2021,15.36,1510.4545454545455,2.0,1.016912428528438,True
SEDOL:BYRH498,2022,0.0,1465.909090909091,1.5,0.0,False
SEDOL:BYRH498,2023,0.0,1488.875,2.411818181818182,0.0,False
SEDOL:BYRH498,2024,0.6,246.70833333333334,2.859166666666667,0.24320216179699375,False
SEDOL:BYRH498,2025,0.0,274.5416666666667,4.82,0.0,False
SEDOL:BYRH498,2026,0.0,300.92857142857144,3.3028571428571425,0.0,False
SEDOL:BYSJJR6,2016,0.0,,,,True
SEDOL:BYSJJR6,2017,0.0,,,,True
SEDOL:BYSJJR6,2018,0.0,,,,True
SEDOL:BYSJJR6,2019,0.0,,,,True
SEDOL:BYSJJR6,2020,0.0,,,,True
SEDOL:BYSJJR6,2021,0.0,,,,True
SEDOL:BYSJJR6,2022,0.0,,,,True
SEDOL:BYSQV48,2016,0.0,,,,True
SEDOL:BYSQV48,2017,0.0,,,,True
SEDOL:BYSQV48,2018,0.0,,,,True
SEDOL:BYSQV48,2019,0.0,,,,True
SEDOL:BYSQV48,2020,0.0,,,,True
SEDOL:BYSQV48,2021,0.0,,,,True
SEDOL:BYSQV48,2022,0.0,,,,True
SEDOL:BYSQV48,2023,0.0,,,,True
SEDOL:BYSRMH1,2015,0.0,105.25,,0.0,True
SEDOL:BYSRMH1,2016,0.0,111.15833333333335,,0.0,True
SEDOL:BYSRMH1,2017,0.0,139.4075,,0.0,True
SEDOL:BYSRMH1,2018,2.3,158.125,,1.4545454545454544,True
SEDOL:BYSRMH1,2019,0.0,148.0,,0.0,True
SEDOL:BYSRMH1,2020,0.0,126.41666666666667,,0.0,True
SEDOL:BYSRMH1,2021,3.2,142.79166666666666,,2.2410271374379924,True
SEDOL:BYSRMH1,2022,3.35,146.0625,,2.293538724860933,True
SEDOL:BYSRMH1,2023,5.05,163.64583333333334,,3.0859325270528326,True
SEDOL:BYSRMH1,2024,5.35,189.375,,2.825082508250825,True
SEDOL:BYSRMH1,2025,5.5,199.79166666666666,,2.7528675703858188,True
SEDOL:BYSRMH1,2026,6.0,253.42857142857142,,2.3675310033821875,True
SEDOL:BYSX150,2017,0.0,,,,True
SEDOL:BYSX150,2018,0.0,,,,True
SEDOL:BYSX150,2019,0.0,,,,True
SEDOL:BYSX150,2020,0.0,,,,True
SEDOL:BYSX150,2021,0.0,,,,True
SEDOL:BYSX150,2022,0.0,,,,True
SEDOL:BYSX150,2023,0.0,,,,True
SEDOL:BYSX150,2024,0.0,,,,True
SEDOL:BYSX150,2025,0.0,,,,True
SEDOL:BYSX150,2026,0.0,,,,True
SEDOL:BYT2554,2017,0.0,98.12571428571428,0.37833333333333335,0.0,True
SEDOL:BYT2554,2018,0.0,89.70833333333333,0.9466666666666667,0.0,False
SEDOL:BYT2554,2019,0.0,83.3,1.7941666666666667,0.0,False
SEDOL:BYT2554,2020,0.0,62.854166666666664,3.8208333333333333,0.0,False
SEDOL:BYT2554,2021,0.0,74.45833333333333,4.269166666666666,0.0,False
SEDOL:BYT2554,2022,0.0,74.375,4.35375,0.0,False
SEDOL:BYV2ZQ3,2016,0.0,,,,True
SEDOL:BYV2ZQ3,2017,0.0,,,,True
SEDOL:BYV2ZQ3,2018,0.0,,,,True
SEDOL:BYV2ZQ3,2019,0.0,,,,True
SEDOL:BYV2ZQ3,2020,0.0,,,,True
SEDOL:BYV2ZQ3,2021,0.0,,,,True
SEDOL:BYV2ZQ3,2022,0.0,,,,True
SEDOL:BYV2ZQ3,2023,0.0,,,,True
SEDOL:BYV2ZQ3,2024,0.0,,,,True
SEDOL:BYV2ZQ3,2025,0.0,,,,True
SEDOL:BYV2ZQ3,2026,0.0,,,,True
SEDOL:BYV8MN7,2018,0.0,,,,True
SEDOL:BYV8MN7,2019,0.0,,,,True
SEDOL:BYV8MN7,2020,0.0,,,,True
SEDOL:BYV8MN7,2021,0.0,,,,True
SEDOL:BYV8MN7,2022,0.0,,,,True
SEDOL:BYV8MN7,2023,0.0,,,,True
SEDOL:BYV8MN7,2024,0.0,,,,True
SEDOL:BYV8MN7,2025,0.0,,,,True
SEDOL:BYW1DN2,2017,0.0,,,,True
SEDOL:BYW1DN2,2018,0.0,,,,True
SEDOL:BYWYZ46,2020,0.0,,,,True
SEDOL:BYWYZ46,2021,0.0,,,,True
SEDOL:BYWYZ46,2022,0.0,,,,True
SEDOL:BYWYZ46,2023,0.0,,,,True
SEDOL:BYXVMJ0,2017,0.0,,,,True
SEDOL:BYXVMJ0,2018,0.0,,,,True
SEDOL:BYXVMJ0,2019,0.0,,,,True
SEDOL:BYXVMJ0,2020,0.0,,,,True
SEDOL:BYXVMJ0,2021,0.0,,,,True
SEDOL:BYXVMJ0,2022,0.0,,,,True
SEDOL:BYXVMJ0,2023,0.0,,,,True
SEDOL:BYXVMJ0,2024,0.0,,,,True
SEDOL:BYXVMJ0,2025,0.0,,,,True
SEDOL:BYXX8B0,2017,4.525,1.0825,,418.01385681293306,True
SEDOL:BYXX8B0,2018,6.35,,,,True
SEDOL:BYXX8B0,2019,6.425,,,,True
SEDOL:BYXX8B0,2020,6.45,,,,True
SEDOL:BYXX8B0,2021,6.3,,,,True
SEDOL:BYXX8B0,2022,6.31875,,,,True
SEDOL:BYXX8B0,2023,4.74375,,,,True
SEDOL:BYXX8B0,2024,6.325,,,,True
SEDOL:BYXX8B0,2025,6.325,,,,True
SEDOL:BYXX8B0,2026,3.1625,,,,True
SEDOL:BYYJCZ9,2015,0.0,101.44,0.0,0.0,True
SEDOL:BYYJCZ9,2016,0.0,97.75,11.1,0.0,False
SEDOL:BYYJCZ9,2017,0.0,,,,True
SEDOL:BYYJCZ9,2018,0.0,,,,True
SEDOL:BYYJCZ9,2019,0.0,,,,True
SEDOL:BYYJCZ9,2020,0.0,,,,True
SEDOL:BYYJCZ9,2021,0.0,,,,True
SEDOL:BYYJCZ9,2022,0.0,,,,True
SEDOL:BYYJCZ9,2023,0.0,,,,True
SEDOL:BYYS2J0,2017,0.0,1.02875,,0.0,True
SEDOL:BYZKH01,2016,0.0,,,,True
SEDOL:BYZKH01,2017,0.0,9.95,6.0,0.0,False
SEDOL:BYZV3G2,2016,0.0,,,,True
SEDOL:BYZV3G2,2017,0.0,,,,True
SEDOL:BYZV3G2,2018,0.0,,,,True
SEDOL:BYZV3G2,2021,0.0,,,,True
SEDOL:BYZV3G2,2022,0.0,,,,True
SEDOL:BYZV3G2,2023,0.0,,,,True
SEDOL:BZ0RY03,2015,0.0,,,,True
SEDOL:BZ0RY03,2016,0.0,,,,True
SEDOL:BZ0RY03,2017,0.0,,,,True
SEDOL:BZ0RY03,2018,0.0,,,,True
SEDOL:BZ0RY03,2019,0.0,,,,True
SEDOL:BZ0RY03,2020,0.0,,,,True
SEDOL:BZ0XWD0,2015,0.0,88.125,0.825,0.0,False
SEDOL:BZ0XWD0,2016,0.0,62.69833333333333,1.1824999999999999,0.0,False
SEDOL:BZ0XWD0,2017,0.0,65.70833333333333,1.1199999999999999,0.0,False
SEDOL:BZ0XWD0,2018,0.0,69.20833333333333,1.6816666666666666,0.0,False
SEDOL:BZ0XWD0,2019,0.0,82.04166666666667,1.3499999999999999,0.0,False
SEDOL:BZ0XWD0,2020,0.0,86.4375,0.5241666666666667,0.0,False
SEDOL:BZ0XWD0,2021,0.0,107.1875,0.7691666666666667,0.0,False
SEDOL:BZ0XWD0,2022,0.0,99.97916666666667,0.7616666666666667,0.0,False
SEDOL:BZ0XWD0,2023,0.0,95.9375,1.1583333333333334,0.0,False
SEDOL:BZ0XWD0,2024,0.0,109.54166666666667,1.4841666666666666,0.0,False
SEDOL:BZ0XWD0,2025,1.6,156.5,0.93,1.0223642172523961,True
SEDOL:BZ184P0,2015,0.0,,,,True
SEDOL:BZ184P0,2016,0.0,,,,True
SEDOL:BZ184P0,2017,0.0,,,,True
SEDOL:BZ184P0,2018,0.0,,,,True
SEDOL:BZ184P0,2019,0.0,,,,True
SEDOL:BZ184P0,2020,0.0,,,,True
SEDOL:BZ184P0,2021,0.0,,,,True
SEDOL:BZ6CSD3,2016,0.0,,,,True
SEDOL:BZ6CSD3,2017,0.0,,,,True
SEDOL:BZ6CSD3,2018,0.0,,,,True
SEDOL:BZ6CSD3,2019,0.0,,,,True
SEDOL:BZ6CSD3,2020,0.0,,,,True
SEDOL:BZ6CSD3,2021,0.0,,,,True
SEDOL:BZ7MQD8,2018,0.0,106.375,,0.0,True
SEDOL:BZ7MQD8,2019,0.0,109.66666666666667,,0.0,True
SEDOL:BZ7MQD8,2020,0.0,106.04166666666667,,0.0,True
SEDOL:BZ7MQD8,2021,0.0,114.95833333333333,,0.0,True
SEDOL:BZ7MQD8,2022,0.0,118.04166666666667,,0.0,True
SEDOL:BZ7MQD8,2023,0.0,117.04166666666667,,0.0,True
SEDOL:BZ7MQD8,2024,0.0,122.45833333333333,,0.0,True
SEDOL:BZ7MQD8,2025,0.0,130.16666666666666,,0.0,True
SEDOL:BZCNLL9,2016,0.0,,,,True
SEDOL:BZCNLL9,2017,0.0,116.00090909090909,,0.0,True
SEDOL:BZCNLL9,2018,0.0,126.08333333333333,,0.0,True
SEDOL:BZCNLL9,2019,2.425,135.5,,1.7896678966789665,True
SEDOL:BZCNLL9,2020,0.0,155.20833333333334,,0.0,True
SEDOL:BZCNLL9,2021,0.0,192.26666666666665,,0.0,True
SEDOL:BZCNLL9,2022,0.0,164.81666666666666,,0.0,True
SEDOL:BZCNLL9,2023,0.0,148.45000000000002,,0.0,True
SEDOL:BZCNLL9,2024,0.0,147.03636363636363,,0.0,True
SEDOL:BZCNLL9,2025,0.0,127.18333333333334,,0.0,True
SEDOL:BZCNLL9,2026,0.0,136.37142857142857,,0.0,True
