holding_month,security_id,company_name,sector_sig,weight,discount_sig,z,nav_cagr_5y_sig,share_price,next_month_return,dividend_gbx_month,return_status
2012-05,SEDOL:332231,Fidelity Asian Values,Asia Pacific - Excluding Japan,0.2,-0.09579079175496041,-1.0681654079749274,0.09324626618535815,187.75,-0.05592543275632489,,observed
2012-05,SEDOL:338530,Worldwide Healthcare,Sector Specialist: Biotechnology & Healthcare,0.2,-0.09396514010729662,-0.9216602039731948,0.1018920633133894,787.0,-0.02287166454891998,,observed
2012-05,NAME:abrdn new dawn|ordinary share,Aberdeen New Dawn,Asia Pacific - Excluding Japan,0.2,-0.10705421653521585,-0.9739457292052478,0.10442087541041234,809.5,-0.05898702903026565,,observed
2012-05,SEDOL:294502,Edinburgh Dragon,Asia Pacific - Excluding Japan,0.2,-0.09498480243161089,-0.8705197823916239,0.11790709586440971,238.2,-0.05247691015952982,,observed
2012-05,NAME:aberdeen new thai|ordinary share,Aberdeen New Thai,Country Specialists: Asia Pacific,0.2,-0.17670173659525923,-0.6465752579874844,0.1882425816962784,324.75,-0.03002309468822173,,observed
2012-06,NAME:abrdn new dawn|ordinary share,Aberdeen New Dawn,Asia Pacific - Excluding Japan,0.2,-0.11051039829984,-1.0735714291288774,0.0808784676431859,761.75,0.019363308171972404,,observed
2012-06,SEDOL:294502,Edinburgh Dragon,Asia Pacific - Excluding Japan,0.2,-0.10140542262212848,-1.1979851548926004,0.09639180906061343,225.7,0.05006645990252556,,observed
2012-06,SEDOL:338530,Worldwide Healthcare,Sector Specialist: Biotechnology & Healthcare,0.2,-0.10449151654186994,-1.4545988285584759,0.09712367668063053,769.0,0.060468140442132556,,observed
2012-06,SEDOL:422002,Polar Capital Technology,Sector Specialist: Tech Media & Telecomm,0.2,-0.049170695227157446,-0.06413205471272292,0.1347569736016249,356.0,0.0196629213483146,,observed
2012-06,NAME:aberdeen new thai|ordinary share,Aberdeen New Thai,Country Specialists: Asia Pacific,0.2,-0.19189327860441252,-1.1805516183402258,0.17330787003213605,315.0,0.0365079365079366,,observed
2012-07,NAME:abrdn new dawn|ordinary share,Aberdeen New Dawn,Asia Pacific - Excluding Japan,0.325685801251928,-0.13081925741853884,-1.8369026481810469,0.08737556297318534,776.5,0.05086928525434642,,observed
2012-07,SEDOL:294502,Edinburgh Dragon,Asia Pacific - Excluding Japan,0.33549543486553823,-0.09087421842034604,-0.5649732444622269,0.10145729983443894,237.0,0.02742616033755274,,observed
2012-07,SEDOL:338530,Worldwide Healthcare,Sector Specialist: Biotechnology & Healthcare,0.3388187638825338,-0.08087820931857626,-0.09403553283196606,0.1129517894413435,815.5,0.016554261189454245,,observed
2012-08,NAME:abrdn new dawn|ordinary share,Aberdeen New Dawn,Asia Pacific - Excluding Japan,0.49822142710143774,-0.11919950778796018,-1.291487442119972,0.09504241580084555,816.0,-0.02573529411764708,,observed
2012-08,SEDOL:294502,Edinburgh Dragon,Asia Pacific - Excluding Japan,0.5017785728985622,-0.09988170930060614,-1.0785763484781397,0.10345285590290389,243.5,-0.02546201232032852,,observed
2012-09,SEDOL:294502,Edinburgh Dragon,Asia Pacific - Excluding Japan,1.0,-0.1038181200196382,-1.242485803568006,0.10446110254507596,237.3,0.038769490096923764,,observed
2012-10,SEDOL:294502,Edinburgh Dragon,Asia Pacific - Excluding Japan,1.0,-0.1126709863210944,-1.6751081401181263,0.09492089575993883,246.5,0.01582150101419888,,observed
2012-11,SEDOL:294502,Edinburgh Dragon,Asia Pacific - Excluding Japan,1.0,-0.10041314891323883,-0.9578858211839227,0.08575814398767435,250.4,0.005990415335463295,,observed
2013-09,SEDOL:B0CRWN5,Schroder Oriental Income,Asia Pacific - Excluding Japan,0.16666666666666669,-0.022477494891478433,-1.6834847625798894,0.14024292178959477,177.0,0.04661016949152552,,observed
2013-09,SEDOL:455934,International Biotechnology,Sector Specialist: Biotechnology & Healthcare,0.16666666666666669,-0.13588178605846457,-0.15086912075248643,0.1418951578216885,269.0,0.06505576208178443,,observed
2013-09,SEDOL:295958,Standard Life UK Smaller Companies,UK Smaller Companies,0.16666666666666669,-0.040462427745664775,-0.7029315513721979,0.17289821268187375,290.5,0.012048192771084265,,observed
2013-09,NAME:aberdeen new thai|ordinary share,Aberdeen New Thai,Country Specialists: Asia Pacific,0.16666666666666669,-0.17316796692671876,-0.9097490631510228,0.2111890580341942,372.0,0.07526881720430101,,observed
2013-09,NAME:aberdeen asia focus|ordinary share,Aberdeen Asian Smaller Companies,Asia Pacific - Excluding Japan,0.16666666666666669,-0.05438521302431898,-1.1718871099795058,0.22869478704051915,860.5,0.09529343404997093,,observed
2013-09,NAME:biotech growth|ordinary share,Biotech Growth,Sector Specialist: Biotechnology & Healthcare,0.16666666666666669,-0.05702633253966383,-0.5129804333695936,0.2588703397877045,400.0,0.05249999999999999,,observed
2013-10,NAME:aberdeen new thai|ordinary share,Aberdeen New Thai,Country Specialists: Asia Pacific,0.34246225617228904,-0.15499503559583416,-0.4537756088308462,0.24606278903509674,400.0,0.03499999999999992,,observed
2013-10,NAME:biotech growth|ordinary share,Biotech Growth,Sector Specialist: Biotechnology & Healthcare,0.33521061789784085,-0.04156991303555979,-0.12936102148744633,0.2824196120849653,421.0,0.026128266033254244,,observed
2013-10,SEDOL:295958,Standard Life UK Smaller Companies,UK Smaller Companies,0.32232712592987006,-0.02578036980581877,-0.15872962007282573,0.19753882971299697,294.0,0.03741496598639449,,observed
2013-11,NAME:aberdeen new thai|ordinary share,Aberdeen New Thai,Country Specialists: Asia Pacific,0.5145618606322762,-0.16034559688476047,-0.5562550719197287,0.31517276951707845,414.0,-0.08845410628019323,,observed
2013-11,SEDOL:295958,Standard Life UK Smaller Companies,UK Smaller Companies,0.48543813936772384,-0.03100775193798444,-0.35368507583884445,0.26130618202563216,305.0,0.0360655737704918,,observed
2013-12,NAME:aberdeen new thai|ordinary share,Aberdeen New Thai,Country Specialists: Asia Pacific,0.48256211162831525,-0.15408410293194663,-0.3903288843521022,0.295679012019,377.38,-0.06592824209020087,,observed
2013-12,SEDOL:295958,Standard Life UK Smaller Companies,UK Smaller Companies,0.5174378883716847,-0.029006882989183858,-0.25056712225302596,0.27815790783786226,316.0,0.05142405063291133,,observed
2014-01,NAME:aberdeen new thai|ordinary share,Aberdeen New Thai,Country Specialists: Asia Pacific,1.0,-0.157665838271841,-0.46503482240300925,0.22657752182658744,352.5,-0.015602836879432647,,observed
2014-02,NAME:aberdeen new thai|ordinary share,Aberdeen New Thai,Country Specialists: Asia Pacific,1.0,-0.15590260040380444,-0.3914165772051856,0.22748784913221753,347.0,0.019452449567723296,,observed
2014-03,NAME:aberdeen new thai|ordinary share,Aberdeen New Thai,Country Specialists: Asia Pacific,1.0,-0.15508264068023314,-0.3876613966507517,0.2379867863105739,353.75,0.07985865724381624,,observed
2014-04,NAME:aberdeen new thai|ordinary share,Aberdeen New Thai,Country Specialists: Asia Pacific,1.0,-0.14238247047730235,-0.07417752696181347,0.2509187858715551,382.0,0.02617801047120416,,observed
2014-05,SEDOL:B0CRWN5,Schroder Oriental Income,Asia Pacific - Excluding Japan,0.2,-0.011634474189540334,-0.7212153744921644,0.19570077234605465,175.0,0.04714285714285715,,observed
2014-05,NAME:aberdeen new thai|ordinary share,Aberdeen New Thai,Country Specialists: Asia Pacific,0.2,-0.14663880181121558,-0.19315722843867325,0.23989121832106886,392.0,-0.030612244897959218,,observed
2014-05,SEDOL:295958,Standard Life UK Smaller Companies,UK Smaller Companies,0.2,-0.04205607476635509,-0.5841794377492957,0.24293245147369802,307.5,-0.02559349593495941,,observed
2014-05,NAME:aberdeen asia focus|ordinary share,Aberdeen Asian Smaller Companies,Asia Pacific - Excluding Japan,0.2,-0.04565487625720421,-1.1801351424182753,0.25268481322518754,844.5,0.06631142687981062,,observed
2014-05,NAME:biotech growth|ordinary share,Biotech Growth,Sector Specialist: Biotechnology & Healthcare,0.2,-0.04624836208192806,-0.4102646363363662,0.2878065601647503,444.0,0.03828828828828823,,observed
2014-06,SEDOL:455934,International Biotechnology,Sector Specialist: Biotechnology & Healthcare,0.16666666666666669,-0.17678920262830766,-1.7044536244306334,0.20255656975065323,278.13,0.0750368532700536,,observed
2014-06,NAME:aberdeen new thai|ordinary share,Aberdeen New Thai,Country Specialists: Asia Pacific,0.16666666666666669,-0.15897572095699708,-0.5183008702137141,0.22816970475096293,380.0,0.05263157894736836,,observed
2014-06,NAME:aberdeen asia focus|ordinary share,Aberdeen Asian Smaller Companies,Asia Pacific - Excluding Japan,0.16666666666666669,-0.012089696331402444,-0.33137079776801465,0.22992632227988719,900.5,0.007773459189339249,,observed
2014-06,SEDOL:295958,Standard Life UK Smaller Companies,UK Smaller Companies,0.16666666666666669,-0.05515262361251261,-1.0329128512904506,0.232088398932811,299.63,-0.061342322197376786,,observed
2014-06,SEDOL:806372,Aberdeen Smaller Companies High Income,UK Equity & Bond Income,0.16666666666666669,-0.15384944946660384,-0.5202226549110329,0.2885660420826922,197.5,0.06329113924050622,,observed
2014-06,NAME:biotech growth|ordinary share,Biotech Growth,Sector Specialist: Biotechnology & Healthcare,0.16666666666666669,-0.06840456704051734,-1.057890679522915,0.31372383500259204,461.0,0.07266811279826468,,observed
2014-07,SEDOL:455934,International Biotechnology,Sector Specialist: Biotechnology & Healthcare,0.2,-0.15486588088979347,-0.8561668921826538,0.21078534356475964,299.0,-0.030936454849498363,,observed
2014-07,SEDOL:295958,Standard Life UK Smaller Companies,UK Smaller Companies,0.2,-0.07898614795166525,-1.7829137120372756,0.22343369948923952,281.25,-0.03644444444444439,,observed
2014-07,NAME:aberdeen asia focus|ordinary share,Aberdeen Asian Smaller Companies,Asia Pacific - Excluding Japan,0.2,-0.004453903198911702,-0.15718284992196183,0.23085057856262065,907.5,0.042424242424242475,,observed
2014-07,SEDOL:906506,Henderson Smaller Companies,UK Smaller Companies,0.2,-0.17048979064357705,-0.0037170014106037647,0.26265965226994764,513.5,-0.004868549172346692,,observed
2014-07,NAME:biotech growth|ordinary share,Biotech Growth,Sector Specialist: Biotechnology & Healthcare,0.2,-0.059617761719121476,-0.827052994013978,0.3174946744393948,494.5,-0.037411526794742134,,observed
2014-08,SEDOL:338530,Worldwide Healthcare,Sector Specialist: Biotechnology & Healthcare,0.16666666666666669,-0.06591077292290892,-0.33174940500434474,0.18478593021719658,1300.0,0.09615384615384626,,observed
2014-08,SEDOL:455934,International Biotechnology,Sector Specialist: Biotechnology & Healthcare,0.16666666666666669,-0.16981834851870947,-1.335972551726316,0.19461442132771595,289.75,0.08541846419327004,,observed
2014-08,SEDOL:295958,Standard Life UK Smaller Companies,UK Smaller Companies,0.16666666666666669,-0.10321321023197327,-2.3782011089293875,0.2109521671827887,271.0,0.05535055350553497,,observed
2014-08,NAME:aberdeen asia focus|ordinary share,Aberdeen Asian Smaller Companies,Asia Pacific - Excluding Japan,0.16666666666666669,-0.006792864867134929,-0.2268387778269844,0.21743591701459933,946.0,0.007928118393234707,,observed
2014-08,SEDOL:806372,Aberdeen Smaller Companies High Income,UK Equity & Bond Income,0.16666666666666669,-0.12131265130458169,-0.11936871119164633,0.24991582858457131,196.0,0.005102040816326481,,observed
2014-08,NAME:biotech growth|ordinary share,Biotech Growth,Sector Specialist: Biotechnology & Healthcare,0.16666666666666669,-0.09966142730144323,-1.817281289467518,0.3006795663072721,476.0,0.15756302521008414,,observed
2014-09,SEDOL:338530,Worldwide Healthcare,Sector Specialist: Biotechnology & Healthcare,0.125,-0.060646011865524097,-0.12391814357048232,0.1972547036095327,1425.0,0.054035087719298325,,observed
2014-09,SEDOL:295958,Standard Life UK Smaller Companies,UK Smaller Companies,0.125,-0.08271593059431037,-1.6094104143777734,0.20467286359932185,286.0,-0.038461538461538436,,observed
2014-09,NAME:aberdeen asia focus|ordinary share,Aberdeen Asian Smaller Companies,Asia Pacific - Excluding Japan,0.125,-0.03309874865637741,-0.8531365574060187,0.21543810223690923,953.5,0.03198741478762446,,observed
2014-09,SEDOL:455934,International Biotechnology,Sector Specialist: Biotechnology & Healthcare,0.125,-0.2008842362028661,-2.213907646192383,0.2173908894498598,314.5,0.021462639109697923,,observed
2014-09,SEDOL:806372,Aberdeen Smaller Companies High Income,UK Equity & Bond Income,0.125,-0.13611647079459743,-0.32901698196430623,0.21872100935306588,197.0,-0.024111675126903598,,observed
2014-09,SEDOL:643610,BlackRock Smaller Companies,UK Smaller Companies,0.125,-0.1276250258824555,-0.027228025689008256,0.22666577643621127,800.5,-0.02435977514053711,,observed
2014-09,NAME:aberdeen new thai|ordinary share,Aberdeen New Thai,Country Specialists: Asia Pacific,0.125,-0.15107618321506067,-0.4040713994422168,0.2280409168676729,434.25,0.0017271157167531026,,observed
2014-09,NAME:biotech growth|ordinary share,Biotech Growth,Sector Specialist: Biotechnology & Healthcare,0.125,-0.07541027620230234,-1.1319758984267847,0.32776450259226275,551.0,0.029038112522685955,,observed
2014-10,SEDOL:295958,Standard Life UK Smaller Companies,UK Smaller Companies,0.16666666666666669,-0.0802983177820139,-1.4308996035763695,0.17798804003308186,275.0,0.024545454545454648,,observed
2014-10,SEDOL:806372,Aberdeen Smaller Companies High Income,UK Equity & Bond Income,0.16666666666666669,-0.13985951411569952,-0.41142831170307725,0.18767875275337603,192.25,-0.02860858257477239,1.6,observed
2014-10,NAME:aberdeen asia focus|ordinary share,Aberdeen Asian Smaller Companies,Asia Pacific - Excluding Japan,0.16666666666666669,-0.006050566167335014,-0.18445261928351836,0.1975626372858991,984.0,-0.002540650406504086,,observed
2014-10,NAME:aberdeen new thai|ordinary share,Aberdeen New Thai,Country Specialists: Asia Pacific,0.16666666666666669,-0.15839572813279934,-0.577407991689377,0.20364768441733205,435.0,0.02011494252873569,,observed
2014-10,SEDOL:455934,International Biotechnology,Sector Specialist: Biotechnology & Healthcare,0.16666666666666669,-0.19552750857686618,-1.8762481357625485,0.20951137781315254,321.25,0.20311284046692601,,observed
2014-10,NAME:biotech growth|ordinary share,Biotech Growth,Sector Specialist: Biotechnology & Healthcare,0.16666666666666669,-0.054889737135999095,-0.58406307988933,0.31227778112152776,567.0,0.08024691358024683,,observed
2014-11,SEDOL:295958,Standard Life UK Smaller Companies,UK Smaller Companies,0.2,-0.04465617794656185,-0.21366197145590154,0.17184621318860643,281.75,-0.020408163265306145,,observed
2014-11,SEDOL:806372,Aberdeen Smaller Companies High Income,UK Equity & Bond Income,0.2,-0.15867009055277737,-0.6890613666420204,0.1891540112962686,186.75,-0.04283801874163318,,observed
2014-11,NAME:aberdeen asia focus|ordinary share,Aberdeen Asian Smaller Companies,Asia Pacific - Excluding Japan,0.2,-0.016690710908070838,-0.4299835670711835,0.19971189831762742,981.5,-0.04024452368823228,,observed
2014-11,NAME:aberdeen new thai|ordinary share,Aberdeen New Thai,Country Specialists: Asia Pacific,0.2,-0.14658537992576504,-0.258136188630943,0.21873379696776327,443.75,0.05239436619718307,,observed
2014-11,NAME:biotech growth|ordinary share,Biotech Growth,Sector Specialist: Biotechnology & Healthcare,0.2,-0.060337818142767397,-0.762282205763735,0.3751734395447226,612.5,0.14693877551020407,,observed
2014-12,NAME:aberdeen asia focus|ordinary share,Aberdeen Asian Smaller Companies,Asia Pacific - Excluding Japan,0.33134900626725317,-0.04105544979792941,-1.0191018514129204,0.18683096188593576,942.0,-0.03397027600849256,,observed
2014-12,SEDOL:295958,Standard Life UK Smaller Companies,UK Smaller Companies,0.33819737387371274,-0.09496327387198311,-1.7675696505168992,0.17853745911919605,276.0,0.006340579710145011,,observed
2014-12,SEDOL:806372,Aberdeen Smaller Companies High Income,UK Equity & Bond Income,0.3304536198590341,-0.18864327538468517,-1.1668254428186393,0.18927918738535454,178.75,0.029370629370629286,,observed
2015-01,NAME:aberdeen asia focus|ordinary share,Aberdeen Asian Smaller Companies,Asia Pacific - Excluding Japan,0.2,-0.05205371001177128,-1.2445410773841914,0.1675005680338649,910.0,0.008241758241758212,,observed
2015-01,SEDOL:295958,Standard Life UK Smaller Companies,UK Smaller Companies,0.2,-0.09125114513807087,-1.577489772471663,0.17101954828181998,277.75,-0.004500450045004545,,observed
2015-01,SEDOL:B6832P1,Polar Capital Global Healthcare Growth & Income,Sector Specialist: Biotechnology & Healthcare,0.2,-0.03537572254335264,-0.6569103585097295,0.17254724098473753,166.88,0.01569990412272304,,observed
2015-01,SEDOL:806372,Aberdeen Smaller Companies High Income,UK Equity & Bond Income,0.2,-0.18792479477447266,-1.1800663955863193,0.19301535264905345,184.0,0.016304347826086918,4.949999999999999,observed
2015-01,SEDOL:643610,BlackRock Smaller Companies,UK Smaller Companies,0.2,-0.1443576562743396,-0.5765420942121885,0.19546264583334466,769.0,0.07022106631989589,,observed
2015-02,SEDOL:B0CRWN5,Schroder Oriental Income,Asia Pacific - Excluding Japan,0.16666666666666669,-0.02839685481043719,-2.010638267961067,0.15754961255370098,194.0,0.05025773195876293,,observed
2015-02,SEDOL:295958,Standard Life UK Smaller Companies,UK Smaller Companies,0.16666666666666669,-0.10668131300077532,-1.9533726602469472,0.17333594899335394,276.5,0.041591320072332794,,observed
2015-02,NAME:aberdeen asia focus|ordinary share,Aberdeen Asian Smaller Companies,Asia Pacific - Excluding Japan,0.16666666666666669,-0.07797284667718496,-1.8400138981921854,0.1782945164845245,917.5,-0.027792915531335116,,observed
2015-02,SEDOL:B6832P1,Polar Capital Global Healthcare Growth & Income,Sector Specialist: Biotechnology & Healthcare,0.16666666666666669,-0.07452907452907453,-1.5565987357819129,0.18379307305261228,169.5,0.0,0.6,observed
2015-02,SEDOL:806372,Aberdeen Smaller Companies High Income,UK Equity & Bond Income,0.16666666666666669,-0.17892425905598242,-1.0865547405580533,0.19271047745354075,187.0,0.07486631016042788,,observed
2015-02,NAME:aberdeen new thai|ordinary share,Aberdeen New Thai,Country Specialists: Asia Pacific,0.16666666666666669,-0.1433980992996452,-0.2136252414623291,0.21628037020624907,466.0,-0.016630901287553623,,observed
2015-03,NAME:aberdeen asia focus|ordinary share,Aberdeen Asian Smaller Companies,Asia Pacific - Excluding Japan,0.16666666666666669,-0.0792448155909039,-1.7751906564503104,0.1584988974055446,892.0,-0.011771300448430444,,observed
2015-03,SEDOL:295958,Standard Life UK Smaller Companies,UK Smaller Companies,0.16666666666666669,-0.07641984414584868,-0.9985878637966181,0.17244883176421205,288.0,-0.00434027777777779,,observed
2015-03,SEDOL:B6832P1,Polar Capital Global Healthcare Growth & Income,Sector Specialist: Biotechnology & Healthcare,0.16666666666666669,-0.080553295362083,-1.5893321920682764,0.18270779153946828,169.5,0.03539823008849563,,observed
2015-03,NAME:aberdeen new thai|ordinary share,Aberdeen New Thai,Country Specialists: Asia Pacific,0.16666666666666669,-0.15528396836808056,-0.5111484480643287,0.19743457708021067,458.25,0.008728859792689558,,observed
2015-03,SEDOL:806372,Aberdeen Smaller Companies High Income,UK Equity & Bond Income,0.16666666666666669,-0.16621728128759283,-0.8955889944533444,0.20774269342437912,201.0,-0.004328358208955274,,observed
2015-03,NAME:biotech growth|ordinary share,Biotech Growth,Sector Specialist: Biotechnology & Healthcare,0.16666666666666669,-0.03423600938541105,-0.3029445513726762,0.3518989312513116,745.0,0.06510067114093965,,observed
2015-04,NAME:aberdeen asia focus|ordinary share,Aberdeen Asian Smaller Companies,Asia Pacific - Excluding Japan,0.125,-0.10390257291274874,-2.12989076635494,0.14467040286853652,881.5,-0.004537719795802642,,observed
2015-04,SEDOL:295958,Standard Life UK Smaller Companies,UK Smaller Companies,0.125,-0.079454253611557,-1.0357586665681495,0.15780560188469278,286.75,0.0043591979075849885,,observed
2015-04,SEDOL:610841,Schroder UK Mid Cap,UK All Companies,0.125,-0.13195138527965455,-0.5223826337156041,0.1758296132320171,434.25,0.024755325273460027,,observed
2015-04,NAME:aberdeen new thai|ordinary share,Aberdeen New Thai,Country Specialists: Asia Pacific,0.125,-0.15677046279574613,-0.5357498739495726,0.1768044305906603,462.25,-0.024337479718766875,,observed
2015-04,SEDOL:806372,Aberdeen Smaller Companies High Income,UK Equity & Bond Income,0.125,-0.1762502572545791,-1.083221736446412,0.19099245684663158,200.13,0.009993504222255645,1.65,observed
2015-04,SEDOL:B6832P1,Polar Capital Global Healthcare Growth & Income,Sector Specialist: Biotechnology & Healthcare,0.125,-0.09763998149005093,-1.8552687658406029,0.19259919879934814,175.5,-0.004273504273504258,,observed
2015-04,SEDOL:338530,Worldwide Healthcare,Sector Specialist: Biotechnology & Healthcare,0.125,-0.053587540700639424,-0.36254233714305284,0.22238823633552282,1930.0,-0.042487046632124326,,observed
2015-04,NAME:biotech growth|ordinary share,Biotech Growth,Sector Specialist: Biotechnology & Healthcare,0.125,-0.04905144829404495,-0.7376977692766092,0.3561019606688096,793.5,-0.061121613106490225,,observed
2015-05,SEDOL:295958,Standard Life UK Smaller Companies,UK Smaller Companies,0.1111111111111111,-0.10143209260241492,-1.566260882865088,0.15399630679373413,288.0,0.07076388888888885,,observed
2015-05,SEDOL:B62Z3C7,Fidelity China Special Situations,Country Specialists: Asia Pacific,0.1111111111111111,-0.14623579183444624,-1.7590864692000456,0.1648689835887045,167.5,0.014328358208955283,,observed
2015-05,NAME:aberdeen new thai|ordinary share,Aberdeen New Thai,Country Specialists: Asia Pacific,0.1111111111111111,-0.1492171288436145,-0.36395611716057774,0.16947279755238423,451.0,-0.05764966740576494,,observed
2015-05,SEDOL:610841,Schroder UK Mid Cap,UK All Companies,0.1111111111111111,-0.13974753039880916,-0.6665816857092406,0.17369572402799305,445.0,0.12022471910112364,,observed
2015-05,SEDOL:643900,North Atlantic Smaller Companies,North American Smaller Companies,0.1111111111111111,-0.21795534508345704,-0.11806097813895287,0.1739145881006639,1876.0,0.031449893390191885,,observed
2015-05,SEDOL:B6832P1,Polar Capital Global Healthcare Growth & Income,Sector Specialist: Biotechnology & Healthcare,0.1111111111111111,-0.07720335850451499,-1.304970400141729,0.18243838277153154,174.75,-0.007153075822603716,0.6,observed
2015-05,SEDOL:806372,Aberdeen Smaller Companies High Income,UK Equity & Bond Income,0.1111111111111111,-0.18679594464113292,-1.2302634905971372,0.18890427053164982,202.13,0.10572403898481175,,observed
2015-05,SEDOL:338530,Worldwide Healthcare,Sector Specialist: Biotechnology & Healthcare,0.1111111111111111,-0.053007010207846594,-0.4026805934391356,0.2141842064175209,1848.0,0.04978354978354971,,observed
2015-05,NAME:biotech growth|ordinary share,Biotech Growth,Sector Specialist: Biotechnology & Healthcare,0.1111111111111111,-0.0487499680788579,-0.6993513582715831,0.34155011594355433,745.0,0.09664429530201346,,observed
2015-06,SEDOL:B62Z3C7,Fidelity China Special Situations,Country Specialists: Asia Pacific,0.16666666666666669,-0.15514669318746888,-1.843750631033433,0.16776498763308167,169.9,-0.10417892878163637,,observed
2015-06,SEDOL:295958,Standard Life UK Smaller Companies,UK Smaller Companies,0.16666666666666669,-0.07929778467785276,-0.9395211718246758,0.17490101396809682,308.38,-0.02717426551657043,,observed
2015-06,SEDOL:B6832P1,Polar Capital Global Healthcare Growth & Income,Sector Specialist: Biotechnology & Healthcare,0.16666666666666669,-0.10089651241125563,-1.7241613792762192,0.18435705994012339,173.5,-0.01729106628242072,,observed
2015-06,SEDOL:806372,Aberdeen Smaller Companies High Income,UK Equity & Bond Income,0.16666666666666669,-0.15347322172562683,-0.7452768015947222,0.21471180500341844,223.5,-0.014541387024608499,,observed
2015-06,SEDOL:338530,Worldwide Healthcare,Sector Specialist: Biotechnology & Healthcare,0.16666666666666669,-0.06731666041672679,-1.0710246674119202,0.23737113354522243,1940.0,-0.019587628865979423,,observed
2015-06,NAME:biotech growth|ordinary share,Biotech Growth,Sector Specialist: Biotechnology & Healthcare,0.16666666666666669,-0.07472422931436729,-1.4023139189671743,0.39045394963781294,817.0,-0.03427172582619342,,observed
2015-07,SEDOL:791586,Schroder Income Growth,UK Equity Income,0.125,-0.03661911858633171,-0.9777320434838801,0.1445387253224452,271.5,0.06125230202578269,2.0,observed
2015-07,SEDOL:643900,North Atlantic Smaller Companies,North American Smaller Companies,0.125,-0.21468558566729057,-0.26406749946120733,0.15887614882360243,1905.0,0.07244094488188968,,observed
2015-07,SEDOL:295958,Standard Life UK Smaller Companies,UK Smaller Companies,0.125,-0.10677067825879838,-1.6108465253167326,0.16674244280654332,300.0,0.08000000000000007,,observed
2015-07,SEDOL:B6832P1,Polar Capital Global Healthcare Growth & Income,Sector Specialist: Biotechnology & Healthcare,0.125,-0.07588075880758804,-1.1048305718325961,0.17046722450169033,170.5,0.0835777126099706,,observed
2015-07,SEDOL:610841,Schroder UK Mid Cap,UK All Companies,0.125,-0.10535842226328296,-0.20521009120543077,0.19968206341204803,474.5,0.03898840885142252,,observed
2015-07,SEDOL:806372,Aberdeen Smaller Companies High Income,UK Equity & Bond Income,0.125,-0.14869356833642555,-0.6984123257691858,0.20505021989599181,220.25,0.004540295119182858,1.65,observed
2015-07,SEDOL:338530,Worldwide Healthcare,Sector Specialist: Biotechnology & Healthcare,0.125,-0.05120121318540993,-0.45277543221791045,0.23710738733173498,1902.0,0.04784437434279698,,observed
2015-07,NAME:biotech growth|ordinary share,Biotech Growth,Sector Specialist: Biotechnology & Healthcare,0.125,-0.06778359346385154,-1.1410790476893227,0.40521644275386437,789.0,0.06020278833967052,,observed
2015-08,SEDOL:643900,North Atlantic Smaller Companies,North American Smaller Companies,0.125,-0.2037136643202918,-0.1251584392571588,0.16317525260516266,2043.0,-0.011257953989231573,,observed
2015-08,NAME:aberforth smaller companies|ordinary share,Aberforth Smaller Companies,UK Smaller Companies,0.125,-0.10610976246114745,-0.18038339050905658,0.16395326531169016,1182.0,0.0,8.15,observed
2015-08,SEDOL:295958,Standard Life UK Smaller Companies,UK Smaller Companies,0.125,-0.089478417266187,-1.080950785244122,0.16561292793568033,324.0,0.0092592592592593,,observed
2015-08,SEDOL:B6832P1,Polar Capital Global Healthcare Growth & Income,Sector Specialist: Biotechnology & Healthcare,0.125,-0.03610371993530537,-0.18088804442803672,0.18782192337878914,184.75,-0.060893098782138,3.6,observed
2015-08,SEDOL:610841,Schroder UK Mid Cap,UK All Companies,0.125,-0.09038912157050871,-0.0026551900631718354,0.1902009969926126,493.0,-0.018762677484786994,,observed
2015-08,SEDOL:806372,Aberdeen Smaller Companies High Income,UK Equity & Bond Income,0.125,-0.14854723879161058,-0.718329102717979,0.19542327115770938,221.25,-0.025988700564971712,,observed
2015-08,SEDOL:338530,Worldwide Healthcare,Sector Specialist: Biotechnology & Healthcare,0.125,-0.04794661240010123,-0.352728106630911,0.2500566737758357,1993.0,-0.042147516307074806,,observed
2015-08,NAME:biotech growth|ordinary share,Biotech Growth,Sector Specialist: Biotechnology & Healthcare,0.125,-0.032668401272043956,-0.12994151153980688,0.4024276018419088,836.5,-0.05558876270173341,,observed
2015-09,SEDOL:295958,Standard Life UK Smaller Companies,UK Smaller Companies,0.25804868854834484,-0.07001877026335246,-0.5391017215342262,0.15746796092004797,327.0,-0.021406727828746197,,observed
2015-09,SEDOL:643900,North Atlantic Smaller Companies,North American Smaller Companies,0.2528028214206797,-0.21882251028679278,-0.6976009329652592,0.16417488647644302,2020.0,0.02425742574257428,,observed
2015-09,SEDOL:806372,Aberdeen Smaller Companies High Income,UK Equity & Bond Income,0.24903644543717113,-0.14582424987117992,-0.7126164691968826,0.17993433184560986,215.5,0.004640371229698292,,observed
2015-09,SEDOL:B6832P1,Polar Capital Global Healthcare Growth & Income,Sector Specialist: Biotechnology & Healthcare,0.24011204459380447,-0.03920699966773733,-0.22386282657043974,0.17053239552270144,173.5,-0.030259365994236287,,observed
2015-10,SEDOL:370866,Troy Income & Growth,UK Equity Income,0.1111111111111111,0.007551553877432449,-0.11240407329087677,0.11355973241488403,69.38,0.03415970020178727,0.6,observed
2015-10,NAME:aberforth smaller companies|ordinary share,Aberforth Smaller Companies,UK Smaller Companies,0.1111111111111111,-0.12542747535259202,-0.9804281170543931,0.13270130548216086,1092.0,0.048534798534798584,,observed
2015-10,SEDOL:295958,Standard Life UK Smaller Companies,UK Smaller Companies,0.1111111111111111,-0.09538078814948836,-1.1495471540033957,0.14310473472079938,320.0,0.06875000000000009,,observed
2015-10,SEDOL:B6832P1,Polar Capital Global Healthcare Growth & Income,Sector Specialist: Biotechnology & Healthcare,0.1111111111111111,-0.03437786960514233,-0.07323985218589767,0.1486466057493625,168.25,0.010401188707280795,,observed
2015-10,SEDOL:610841,Schroder UK Mid Cap,UK All Companies,0.1111111111111111,-0.092763687008376,-0.15507720049798135,0.1535203787800189,462.5,-0.003502702702702698,,observed
2015-10,SEDOL:806372,Aberdeen Smaller Companies High Income,UK Equity & Bond Income,0.1111111111111111,-0.11077340124039925,-0.1595965103099644,0.15454439969193612,216.5,-0.025404157043879882,3.3,observed
2015-10,SEDOL:643900,North Atlantic Smaller Companies,North American Smaller Companies,0.1111111111111111,-0.20356298742792034,-0.22806259307967675,0.1632369828286922,2069.0,,,missing_next_price
2015-10,SEDOL:338530,Worldwide Healthcare,Sector Specialist: Biotechnology & Healthcare,0.1111111111111111,-0.05585537268572838,-0.7903273992911696,0.19240051729941132,1690.0,0.07159763313609457,,observed
2015-10,NAME:biotech growth|ordinary share,Biotech Growth,Sector Specialist: Biotechnology & Healthcare,0.1111111111111111,-0.058283427259751885,-0.7984901095859765,0.32110187231089754,640.0,0.04062499999999991,,observed
2015-11,SEDOL:906409,TR Property,Property Securities,0.125,-0.05407459193288555,-0.016648025418326173,0.10946584268153078,311.2,-0.044023136246786554,,observed
2015-11,SEDOL:199049,City of London,UK Equity Income,0.125,0.012112772274626371,-1.012999670143447,0.1173401753368283,385.2,0.007268951194184803,,observed
2015-11,SEDOL:295958,Standard Life UK Smaller Companies,UK Smaller Companies,0.125,-0.05981966131515282,-0.15704470545217877,0.1343707059400059,342.0,0.023391812865497075,,observed
2015-11,SEDOL:806372,Aberdeen Smaller Companies High Income,UK Equity & Bond Income,0.125,-0.13435897435897437,-0.5635147888242396,0.14416353470067045,211.0,-0.007109004739336511,,observed
2015-11,SEDOL:610841,Schroder UK Mid Cap,UK All Companies,0.125,-0.11370935174323571,-0.6347705443792429,0.15329456607673858,460.88,0.013278944627668876,,observed
2015-11,SEDOL:B6832P1,Polar Capital Global Healthcare Growth & Income,Sector Specialist: Biotechnology & Healthcare,0.125,-0.04526564079523754,-0.3090030842426848,0.15491377680176613,170.0,0.02941176470588225,0.65,observed
2015-11,SEDOL:338530,Worldwide Healthcare,Sector Specialist: Biotechnology & Healthcare,0.125,-0.03948150033944331,-0.06217266710516481,0.20394596677786472,1811.0,0.016013252346769757,13.0,observed
2015-11,NAME:biotech growth|ordinary share,Biotech Growth,Sector Specialist: Biotechnology & Healthcare,0.125,-0.06755337766888347,-1.0068131196894752,0.3322736856847883,666.0,0.07357357357357364,,observed
2015-12,SEDOL:370866,Troy Income & Growth,UK Equity Income,0.1111111111111111,0.005987190197716652,-0.2879288886303274,0.12044790338716885,72.25,0.005259515570934292,,observed
2015-12,SEDOL:199049,City of London,UK Equity Income,0.1111111111111111,0.013822476548822848,-0.7169552305163983,0.12550154535405325,388.0,-0.002577319587628857,,observed
2015-12,SEDOL:906409,TR Property,Property Securities,0.1111111111111111,-0.07208134493621543,-0.440321761483632,0.12692677270143432,297.5,0.012773109243697567,,observed
2015-12,NAME:aberforth smaller companies|ordinary share,Aberforth Smaller Companies,UK Smaller Companies,0.1111111111111111,-0.0978492663088717,-0.10793443781722493,0.1351559598858075,1138.0,0.048330404217926226,,observed
2015-12,SEDOL:295958,Standard Life UK Smaller Companies,UK Smaller Companies,0.1111111111111111,-0.06057922001234661,-0.12452133687181917,0.14107667966876003,350.0,0.0942857142857143,,observed
2015-12,SEDOL:806372,Aberdeen Smaller Companies High Income,UK Equity & Bond Income,0.1111111111111111,-0.15333010022631743,-0.8744792478989968,0.15379295823112155,209.5,0.023866348448687402,,observed
2015-12,SEDOL:610841,Schroder UK Mid Cap,UK All Companies,0.1111111111111111,-0.12049418057177297,-0.8936832254070846,0.16524539608218086,467.0,0.04524625267665949,6.7,observed
2015-12,SEDOL:338530,Worldwide Healthcare,Sector Specialist: Biotechnology & Healthcare,0.1111111111111111,-0.06258756400132459,-1.1717722376257713,0.22048219537231017,1840.0,0.05380434782608701,,observed
2015-12,NAME:biotech growth|ordinary share,Biotech Growth,Sector Specialist: Biotechnology & Healthcare,0.1111111111111111,-0.0675899482284209,-0.9574157081223358,0.3543092197002603,715.0,0.034965034965035,,observed
2016-01,SEDOL:906409,TR Property,Property Securities,0.125,-0.06175069286581758,-0.3019014927730957,0.1073112960785396,301.3,-0.054430799867242086,,observed
2016-01,SEDOL:958057,Henderson High Income,UK Equity & Bond Income,0.125,0.029428538838827345,-0.1338845644709452,0.10748621417828483,180.5,-0.049861495844875314,,observed
2016-01,SEDOL:199049,City of London,UK Equity Income,0.125,0.016575166145682774,-0.254803912237281,0.10950689441082094,387.0,-0.03927648578811371,3.9,observed
2016-01,SEDOL:806372,Aberdeen Smaller Companies High Income,UK Equity & Bond Income,0.125,-0.14165666266506605,-0.6563474779051887,0.13960625388355902,214.5,-0.07692307692307687,1.7,observed
2016-01,SEDOL:610841,Schroder UK Mid Cap,UK All Companies,0.125,-0.08332394366197182,-0.08874172567531358,0.144710870297624,488.13,-0.05967672546247926,,observed
2016-01,SEDOL:B6832P1,Polar Capital Global Healthcare Growth & Income,Sector Specialist: Biotechnology & Healthcare,0.125,-0.07503128570651285,-0.9583364961876539,0.1590648779357169,170.0,-0.022058823529411797,,observed
2016-01,SEDOL:338530,Worldwide Healthcare,Sector Specialist: Biotechnology & Healthcare,0.125,-0.056291551886930136,-0.8377649852082681,0.22150015614731783,1939.0,-0.13305827746260956,,observed
2016-01,NAME:biotech growth|ordinary share,Biotech Growth,Sector Specialist: Biotechnology & Healthcare,0.125,-0.057984851378015345,-0.6426067388681903,0.34687508452359583,740.0,-0.18581081081081086,,observed
2016-02,SEDOL:958057,Henderson High Income,UK Equity & Bond Income,0.1111111111111111,0.0016938262951931016,-2.1004785832813284,0.0987938979972003,171.5,-0.017492711370262426,,observed
2016-02,SEDOL:906409,TR Property,Property Securities,0.1111111111111111,-0.09247284426464508,-1.0831687933152274,0.10484404764283671,284.9,-0.02562302562302543,,observed
2016-02,SEDOL:199049,City of London,UK Equity Income,0.1111111111111111,0.010683121754967884,-1.144305252663254,0.10737912119192848,371.8,-0.032813340505648214,,observed
2016-02,SEDOL:370866,Troy Income & Growth,UK Equity Income,0.1111111111111111,0.0022506681671121687,-0.6760206266419003,0.1114679948890948,71.25,0.010526315789473717,,observed
2016-02,SEDOL:806372,Aberdeen Smaller Companies High Income,UK Equity & Bond Income,0.1111111111111111,-0.15575832516096022,-0.8454366212914013,0.12492305719127121,198.0,-0.02777777777777779,,observed
2016-02,SEDOL:610841,Schroder UK Mid Cap,UK All Companies,0.1111111111111111,-0.0821468565029595,-0.07676705631370066,0.12852770904032848,459.0,-0.07407407407407407,,observed
2016-02,SEDOL:B6832P1,Polar Capital Global Healthcare Growth & Income,Sector Specialist: Biotechnology & Healthcare,0.1111111111111111,-0.06820984194597013,-0.7491158816492662,0.15792522989233673,166.25,0.010526315789473717,0.65,observed
2016-02,SEDOL:338530,Worldwide Healthcare,Sector Specialist: Biotechnology & Healthcare,0.1111111111111111,-0.09032858565305857,-2.2460142741574987,0.2003425632064229,1681.0,0.027959547888161795,,observed
2016-02,NAME:biotech growth|ordinary share,Biotech Growth,Sector Specialist: Biotechnology & Healthcare,0.1111111111111111,-0.07964682879139673,-1.1997265748501778,0.30222867145020066,602.5,0.0024896265560165887,,observed
2016-03,SEDOL:906409,TR Property,Property Securities,0.125,-0.10254752360015507,-1.4113083530695092,0.09190410537835857,277.6,0.07168587896253586,,observed
2016-03,SEDOL:199049,City of London,UK Equity Income,0.125,-0.018585737288829507,-4.0953021236495895,0.10105518226936819,359.6,0.027530589543937722,,observed
2016-03,NAME:aberdeen new thai|ordinary share,Aberdeen New Thai,Country Specialists: Asia Pacific,0.125,-0.16579770594369136,-0.6690995925280474,0.10410350983385945,400.0,0.02499999999999991,,observed
2016-03,SEDOL:610841,Schroder UK Mid Cap,UK All Companies,0.125,-0.1482624554090345,-1.7152219644701945,0.12118020403831681,425.0,0.007058823529411784,,observed
2016-03,SEDOL:806372,Aberdeen Smaller Companies High Income,UK Equity & Bond Income,0.125,-0.18580552383369286,-1.279946071797111,0.12795399575510863,192.5,-0.0051948051948051965,,observed
2016-03,SEDOL:B6832P1,Polar Capital Global Healthcare Growth & Income,Sector Specialist: Biotechnology & Healthcare,0.125,-0.045779847779166216,-0.1787034804491955,0.14942384901288386,168.0,-0.0357142857142857,,observed
2016-03,SEDOL:338530,Worldwide Healthcare,Sector Specialist: Biotechnology & Healthcare,0.125,-0.05138339920948609,-0.5525097339920567,0.19512222365593515,1728.0,-0.00752314814814814,,observed
2016-03,NAME:biotech growth|ordinary share,Biotech Growth,Sector Specialist: Biotechnology & Healthcare,0.125,-0.05364753070945105,-0.40779660336980605,0.29778279988640843,604.0,-0.0314569536423841,,observed
2016-04,SEDOL:332855,Fidelity Japanese Values,Japanese Smaller Companies,0.09090909090909091,-0.15991012992087528,-1.7877840959496862,0.0980846937089342,86.0,0.0044186046511627275,,observed
2016-04,SEDOL:906409,TR Property,Property Securities,0.09090909090909091,-0.11299940369707806,-1.7255969550015253,0.10166288575043683,297.5,-0.001680672268907557,,observed
2016-04,SEDOL:199049,City of London,UK Equity Income,0.09090909090909091,-0.013640853153946808,-2.964825658431735,0.10568007767899901,369.5,0.020297699594046037,,observed
2016-04,SEDOL:295958,Standard Life UK Smaller Companies,UK Smaller Companies,0.09090909090909091,-0.06432421864089599,-0.1950951232687547,0.10752303930703544,335.0,0.03134328358208949,,observed
2016-04,SEDOL:610841,Schroder UK Mid Cap,UK All Companies,0.09090909090909091,-0.1747488575670516,-2.2457720029522905,0.12986742597330195,428.0,0.015186915887850372,,observed
2016-04,SEDOL:806372,Aberdeen Smaller Companies High Income,UK Equity & Bond Income,0.09090909090909091,-0.2090372144892818,-1.5627212709454512,0.13200102217525184,191.5,0.036553524804177506,1.7,observed
2016-04,SEDOL:906506,Henderson Smaller Companies,UK Smaller Companies,0.09090909090909091,-0.15974596971177335,-1.1642587420716601,0.1388221090947723,602.0,0.021594684385382035,,observed
2016-04,SEDOL:B6832P1,Polar Capital Global Healthcare Growth & Income,Sector Specialist: Biotechnology & Healthcare,0.09090909090909091,-0.06880496637351263,-0.7067150296341076,0.14141748788088532,162.0,0.06172839506172845,,observed
2016-04,SEDOL:338530,Worldwide Healthcare,Sector Specialist: Biotechnology & Healthcare,0.09090909090909091,-0.0728777550126769,-1.513857967724217,0.19279694599151567,1715.0,0.029154518950437414,,observed
2016-04,SEDOL:455934,International Biotechnology,Sector Specialist: Biotechnology & Healthcare,0.09090909090909091,-0.13161064041074189,-0.2336169236020112,0.22288515148201718,411.0,0.04622871046228716,,observed
2016-04,NAME:biotech growth|ordinary share,Biotech Growth,Sector Specialist: Biotechnology & Healthcare,0.09090909090909091,-0.06821910389755192,-0.7942836176775708,0.27545700680155966,585.0,0.0247863247863247,,observed
2016-05,SEDOL:906409,TR Property,Property Securities,0.125,-0.10336915831421334,-1.5728120350451018,0.08994256561406369,297.0,0.017508417508417473,,observed
2016-05,SEDOL:B62Z3C7,Fidelity China Special Situations,Country Specialists: Asia Pacific,0.125,-0.15826551682254342,-1.1448435600484315,0.09428238987829207,138.6,-0.015873015873015817,,observed
2016-05,SEDOL:332855,Fidelity Japanese Values,Japanese Smaller Companies,0.125,-0.169423076923077,-2.0128857160825144,0.10664567169840418,86.38,0.01875434128270448,,observed
2016-05,SEDOL:610841,Schroder UK Mid Cap,UK All Companies,0.125,-0.13430694746070015,-1.2819841392972169,0.11185215794206628,434.5,0.023014959723820505,,observed
2016-05,SEDOL:806372,Aberdeen Smaller Companies Income,UK Equity & Bond Income,0.125,-0.17246842039438026,-0.915558452138718,0.12153938980191022,198.5,0.0025188916876575096,,observed
2016-05,SEDOL:906506,Henderson Smaller Companies,UK Smaller Companies,0.125,-0.12709001618077043,-0.05716076372125523,0.12502857397484907,615.0,0.0024390243902439046,,observed
2016-05,SEDOL:338530,Worldwide Healthcare,Sector Specialist: Biotechnology & Healthcare,0.125,-0.060250457894961085,-0.9297466582780483,0.19006741170750543,1765.0,0.012464589235127388,,observed
2016-05,NAME:biotech growth|ordinary share,Biotech Growth,Sector Specialist: Biotechnology & Healthcare,0.125,-0.05563781859424721,-0.37516294287305885,0.27086933397913354,599.5,0.05421184320266881,,observed
2016-06,SEDOL:199049,City of London,UK Equity Income,0.09090909090909091,0.013125730683388293,-0.2527527558966745,0.0939834094142949,381.3,-0.008392341987935925,,observed
2016-06,SEDOL:295958,Standard Life UK Smaller Companies,UK Smaller Companies,0.09090909090909091,-0.06646751306945486,-0.2524285330375302,0.09640268479816713,350.0,-0.0971428571428572,,observed
2016-06,SEDOL:370866,Troy Income & Growth,UK Equity Income,0.09090909090909091,0.006804610470767969,-0.10639495220303566,0.10039641293205219,72.5,0.006896551724137945,,observed
2016-06,SEDOL:B62Z3C7,Fidelity China Special Situations,Country Specialists: Asia Pacific,0.09090909090909091,-0.18688524590163935,-1.8722450870426819,0.10135582502450784,136.4,0.06304985337243396,,observed
2016-06,SEDOL:332855,Fidelity Japanese Values,Japanese Smaller Companies,0.09090909090909091,-0.17971662938105892,-2.3390481239516867,0.10807636791662383,88.0,0.07954545454545459,,observed
2016-06,SEDOL:610841,Schroder UK Mid Cap,UK All Companies,0.09090909090909091,-0.1499005507955936,-1.6262864123142104,0.1202748147309994,444.5,-0.12485939257592804,2.75,observed
2016-06,SEDOL:806372,Aberdeen Smaller Companies Income,UK Equity & Bond Income,0.09090909090909091,-0.1750953407395125,-0.9152268759798108,0.12150572336418217,199.0,-0.0879396984924623,,observed
2016-06,SEDOL:906506,Henderson Smaller Companies,UK Smaller Companies,0.09090909090909091,-0.15668089297439258,-1.1016604208520482,0.1324936826090548,616.5,-0.08434712084347118,,observed
2016-06,SEDOL:B6832P1,Polar Capital Global Healthcare Growth & Income,Sector Specialist: Biotechnology & Healthcare,0.09090909090909091,-0.048409405255878335,-0.08579963719995849,0.13784186000453735,172.0,0.058139534883721034,,observed
2016-06,SEDOL:338530,Worldwide Healthcare,Sector Specialist: Biotechnology & Healthcare,0.09090909090909091,-0.07806760493623344,-1.6276183214229223,0.18687847924850193,1787.0,0.05036373810856176,10.0,observed
2016-06,NAME:biotech growth|ordinary share,Biotech Growth,Sector Specialist: Biotechnology & Healthcare,0.09090909090909091,-0.06499193703490003,-0.6377332440034452,0.2766578694904484,632.0,-0.03876582278481011,,observed
2016-07,SEDOL:610841,Schroder UK Mid Cap,UK All Companies,0.08333333333333333,-0.18139730639730633,-2.229913359333913,0.1000992611497089,389.0,0.11825192802056561,,observed
2016-07,NAME:aberdeen new thai|ordinary share,Aberdeen New Thai,Country Specialists: Asia Pacific,0.08333333333333333,-0.15657063358645873,-0.25276135655626925,0.10625697802117308,436.5,0.05841924398625431,,observed
2016-07,SEDOL:370866,Troy Income & Growth,UK Equity Income,0.08333333333333333,-0.019080892233270697,-2.746768754216757,0.10984259305444383,73.0,0.051369863013698724,0.6,observed
2016-07,SEDOL:906506,Henderson Smaller Companies,UK Smaller Companies,0.08333333333333333,-0.14676541717049585,-0.8404166660618411,0.11104751818300439,564.5,0.041629760850310005,,observed
2016-07,SEDOL:806372,Aberdeen Smaller Companies Income,UK Equity & Bond Income,0.08333333333333333,-0.21346853874154958,-1.516713451659958,0.11181971984570006,181.5,0.04683195592286493,1.7,observed
2016-07,NAME:north american income|ordinary share,North American Income,North America,0.08333333333333333,-0.15035587188612098,-1.8189194017136097,0.11347218023355635,955.0,0.12041884816753923,,observed
2016-07,SEDOL:332855,Fidelity Japanese Values,Japanese Smaller Companies,0.08333333333333333,-0.18761758166581155,-2.3592554092636275,0.11525018768263524,95.0,0.03684210526315779,,observed
2016-07,SEDOL:B62Z3C7,Fidelity China Special Situations,Country Specialists: Asia Pacific,0.08333333333333333,-0.18908338459817686,-1.7954211486348153,0.12386254271471477,145.0,0.09379310344827574,,observed
2016-07,SEDOL:B6832P1,Polar Capital Global Healthcare Growth & Income,Sector Specialist: Biotechnology & Healthcare,0.08333333333333333,-0.08386187455954897,-1.0985035258090343,0.15950421826626582,182.0,0.050824175824175866,2.0,observed
2016-07,SEDOL:338530,Worldwide Healthcare,Sector Specialist: Biotechnology & Healthcare,0.08333333333333333,-0.0889764696746137,-1.9270174112236158,0.20464868556465374,1877.0,0.11241342567927548,,observed
2016-07,SEDOL:455934,International Biotechnology,Sector Specialist: Biotechnology & Healthcare,0.08333333333333333,-0.1279236003888603,-0.13077148475313327,0.24017820526850375,457.5,0.1584699453551912,,observed
2016-07,NAME:biotech growth|ordinary share,Biotech Growth,Sector Specialist: Biotechnology & Healthcare,0.08333333333333333,-0.08656231674861303,-1.3289032227584567,0.26438745175028194,607.5,0.17613168724279826,,observed
2016-08,SEDOL:906409,TR Property,Property Securities,0.1111111111111111,-0.1773864075525865,-2.8651430367711503,0.11690490514009969,298.0,0.054026845637583865,,observed
2016-08,SEDOL:332855,Fidelity Japanese Values,Japanese Smaller Companies,0.1111111111111111,-0.18365655561080718,-2.020307722323533,0.11868199334886126,98.5,0.012690355329949332,,observed
2016-08,SEDOL:610841,Schroder UK Mid Cap,UK All Companies,0.1111111111111111,-0.1569440675995194,-1.5760263104811283,0.12476001163595811,435.0,0.0011494252873562871,,observed
2016-08,SEDOL:806372,Aberdeen Smaller Companies Income,UK Equity & Bond Income,0.1111111111111111,-0.2261007698260763,-1.6400949726405172,0.12935401417962472,190.0,0.044736842105263186,,observed
2016-08,SEDOL:906506,Henderson Smaller Companies,UK Smaller Companies,0.1111111111111111,-0.16360843219254073,-1.4417125113360851,0.13160665390803197,588.0,0.055272108843537504,,observed
2016-08,NAME:north american income|ordinary share,North American Income,North America,0.1111111111111111,-0.08414718696236445,-0.3799023718417537,0.13163056679412063,1070.0,0.010280373831775602,7.0,observed
2016-08,SEDOL:B62Z3C7,Fidelity China Special Situations,Country Specialists: Asia Pacific,0.1111111111111111,-0.16204364135890537,-0.9685524263376272,0.14711482112451194,158.6,0.06683480453972246,,observed
2016-08,SEDOL:B6832P1,Polar Capital Global Healthcare Growth & Income,Sector Specialist: Biotechnology & Healthcare,0.1111111111111111,-0.07964388835418679,-0.9777208588675275,0.17736656282636407,191.25,0.0032941176470588918,,observed
2016-08,SEDOL:338530,Worldwide Healthcare,Sector Specialist: Biotechnology & Healthcare,0.1111111111111111,-0.06883403572145286,-1.057478689979127,0.23458892873227535,2088.0,-0.02921455938697315,,observed
2016-09,NAME:aberforth smaller companies|ordinary share,Aberforth Smaller Companies,UK Smaller Companies,0.08333333333333333,-0.15398880737859622,-1.813509218069958,0.1319986384398159,1031.0,0.023278370514064006,,observed
2016-09,SEDOL:906409,TR Property,Property Securities,0.08333333333333333,-0.14344150531769828,-1.9676870895583485,0.13845300419585455,314.1,-0.003502069404648256,,observed
2016-09,NAME:north american income|ordinary share,North American Income,North America,0.08333333333333333,-0.08726305568455262,-0.4035798168657319,0.14683750717867794,1081.0,0.008325624421831712,,observed
2016-09,SEDOL:906692,TR European Growth,European Smaller Companies,0.08333333333333333,-0.1618691853935904,-1.7797913568494954,0.15239747073822474,709.0,0.04548660084626244,,observed
2016-09,SEDOL:610841,Schroder UK Mid Cap,UK All Companies,0.08333333333333333,-0.1728866351394982,-1.7705314981922735,0.15511736686707892,435.5,-0.0002755453501722682,,observed
2016-09,SEDOL:806372,Aberdeen Smaller Companies Income,UK Equity & Bond Income,0.08333333333333333,-0.22065174715351388,-1.4736130424062885,0.16187891005824662,198.5,0.027707808564231717,,observed
2016-09,SEDOL:B62Z3C7,Fidelity China Special Situations,Country Specialists: Asia Pacific,0.08333333333333333,-0.15387308096214436,-0.682638782676008,0.17247482702175515,169.2,0.0378250591016549,,observed
2016-09,SEDOL:906506,Henderson Smaller Companies,UK Smaller Companies,0.08333333333333333,-0.1750425441395448,-1.735324160299013,0.1751757816871946,620.5,0.05721192586623691,,observed
2016-09,SEDOL:B6832P1,Polar Capital Global Healthcare Growth & Income,Sector Specialist: Biotechnology & Healthcare,0.08333333333333333,-0.05547624907703674,-0.07243544756083692,0.177803788930413,191.88,0.013654367312903926,,observed
2016-09,SEDOL:338530,Worldwide Healthcare,Sector Specialist: Biotechnology & Healthcare,0.08333333333333333,-0.06384944001847359,-0.8127873351111214,0.23935823912073123,2027.0,0.04686729156388747,,observed
2016-09,SEDOL:455934,International Biotechnology,Sector Specialist: Biotechnology & Healthcare,0.08333333333333333,-0.12481308822235915,-0.10237030940000005,0.2833699196131788,497.5,0.10050251256281406,,observed
2016-09,NAME:biotech growth|ordinary share,Biotech Growth,Sector Specialist: Biotechnology & Healthcare,0.08333333333333333,-0.06469475958941107,-0.540801479045432,0.32640108648999755,692.5,0.028158844765342916,,observed
2016-10,SEDOL:974406,Witan,Global,0.1,-0.06865146521777854,-1.2653681601842999,0.15344236666164124,836.5,0.024506873879258873,,observed
2016-10,NAME:north american income|ordinary share,North American Income,North America,0.1,-0.0818965154182425,-0.2282575458201522,0.1554227524298008,1090.0,0.031192660550458662,,observed
2016-10,SEDOL:906409,TR Property,Property Securities,0.1,-0.14363885088919293,-1.8357404009949345,0.16515999530067535,313.0,-0.052396166134185185,,observed
2016-10,SEDOL:610841,Schroder UK Mid Cap,UK All Companies,0.1,-0.18345836459114784,-1.8287853959753892,0.1717527206855316,435.38,-0.053700215903348836,,observed
2016-10,SEDOL:806372,Aberdeen Smaller Companies Income,UK Equity & Bond Income,0.1,-0.2154147917387792,-1.3422351589993387,0.18213749521924832,204.0,-0.0490196078431373,1.7,observed
2016-10,SEDOL:906506,Henderson Smaller Companies,UK Smaller Companies,0.1,-0.13457606100183372,-0.2809498484907899,0.1963211224382322,656.0,-0.06631097560975607,,observed
2016-10,SEDOL:906692,TR European Growth,European Smaller Companies,0.1,-0.16710675640751937,-1.8555661045957723,0.19677765327366417,741.25,0.062394603709949426,,observed
2016-10,SEDOL:B62Z3C7,Fidelity China Special Situations,Country Specialists: Asia Pacific,0.1,-0.1620938111370902,-0.881172388399229,0.23192413022010122,175.6,0.08200455580865618,,observed
2016-10,SEDOL:338530,Worldwide Healthcare,Sector Specialist: Biotechnology & Healthcare,0.1,-0.04757202680442896,-0.12523693904008867,0.24799871845545265,2122.0,-0.04806786050895384,,observed
2016-10,NAME:biotech growth|ordinary share,Biotech Growth,Sector Specialist: Biotechnology & Healthcare,0.1,-0.058599534588534063,-0.308264749694718,0.3282196061586245,712.0,-0.074438202247191,,observed
2016-11,NAME:north american income|ordinary share,North American Income,North America,0.125,-0.08755865114542227,-0.3193754723548781,0.1484005548755478,1124.0,0.052491103202847,,observed
2016-11,SEDOL:610841,Schroder UK Mid Cap,UK All Companies,0.125,-0.20250861368123574,-2.023199784023594,0.14897134515234428,412.0,0.029126213592232997,,observed
2016-11,SEDOL:332855,Fidelity Japanese Values,Japanese Smaller Companies,0.125,-0.1817969297903842,-1.7016135825763332,0.15134822715335036,105.0,-0.04400000000000004,,observed
2016-11,SEDOL:806372,Aberdeen Smaller Companies Income,UK Equity & Bond Income,0.125,-0.23079973038341073,-1.57064683358511,0.17027988028015714,194.0,0.0077319587628865705,,observed
2016-11,SEDOL:906506,Henderson Smaller Companies,UK Smaller Companies,0.125,-0.161142763229977,-1.1584669754121788,0.17110917189986424,612.5,0.008571428571428674,,observed
2016-11,SEDOL:906692,TR European Growth,European Smaller Companies,0.125,-0.1493659400721553,-1.1278984562180847,0.1896368591365024,787.5,-0.07777777777777772,,observed
2016-11,SEDOL:338530,Worldwide Healthcare,Sector Specialist: Biotechnology & Healthcare,0.125,-0.06351414000927214,-0.7412799379665084,0.24009239319004344,2020.0,0.0331683168316832,6.5,observed
2016-11,NAME:biotech growth|ordinary share,Biotech Growth,Sector Specialist: Biotechnology & Healthcare,0.125,-0.0631885706162485,-0.43279029163430216,0.3050389730143438,659.0,0.12443095599393028,,observed
2016-12,SEDOL:B0CRWN5,Schroder Oriental Income,Asia Pacific - Excluding Japan,0.16666666666666669,-0.008733624454148492,-0.22075439376760758,0.14554359349372892,227.0,0.022026431718061623,,observed
2016-12,SEDOL:610841,Schroder UK Mid Cap,UK All Companies,0.16666666666666669,-0.18430165448249325,-1.5679381124078355,0.15157486462349407,424.0,0.02948113207547176,8.5,observed
2016-12,SEDOL:906506,Henderson Smaller Companies,UK Smaller Companies,0.16666666666666669,-0.15168701336153034,-0.825203768497543,0.17201449139649902,617.75,0.07001214083367069,,observed
2016-12,SEDOL:806372,Aberdeen Smaller Companies Income,UK Equity & Bond Income,0.16666666666666669,-0.22120862048360757,-1.338687748573882,0.17277017830915695,195.5,0.04092071611253201,,observed
2016-12,SEDOL:906692,TR European Growth,European Smaller Companies,0.16666666666666669,-0.14826368935226986,-1.0273600011424615,0.1865406317904861,726.25,0.06643717728055076,,observed
2016-12,SEDOL:B62Z3C7,Fidelity China Special Situations,Country Specialists: Asia Pacific,0.16666666666666669,-0.13677985501716905,-0.0011994897444732166,0.21884415130907334,181.0,-0.058011049723756924,,observed
2017-01,SEDOL:295958,Standard Life UK Smaller Companies,UK Smaller Companies,0.125,-0.07687805374592827,-0.35562863202318323,0.15053116863541074,362.75,0.03376981392143352,,observed
2017-01,SEDOL:974406,Witan,Global,0.125,-0.0393729299125638,-0.40232025754933326,0.15096618328399106,902.0,0.008869179600886845,,observed
2017-01,SEDOL:906409,TR Property,Property Securities,0.125,-0.1252269665553798,-1.190418079041218,0.15825767779853483,298.7,-0.04084365584198191,,observed
2017-01,NAME:aberforth smaller companies|ordinary share,Aberforth Smaller Companies,UK Smaller Companies,0.125,-0.14201938773141876,-1.021734541286355,0.16224792688545864,1109.0,0.030658250676284915,,observed
2017-01,SEDOL:610841,Schroder UK Mid Cap,UK All Companies,0.125,-0.1829667758540009,-1.4774359639088472,0.16401378076994882,436.5,0.004879725085910724,,observed
2017-01,SEDOL:806372,Aberdeen Smaller Companies Income,UK Equity & Bond Income,0.125,-0.22594142259414218,-1.3748497013950027,0.1851914779612009,203.5,0.04422604422604426,1.75,observed
2017-01,SEDOL:906506,Henderson Smaller Companies,UK Smaller Companies,0.125,-0.15697377818589942,-0.9591858187213078,0.19139436793475928,661.0,0.01739788199697423,,observed
2017-01,SEDOL:906692,TR European Growth,European Smaller Companies,0.125,-0.14892915618166436,-0.9962034318988707,0.20869096320373007,774.5,0.0581020012911555,,observed
2017-02,SEDOL:332855,Fidelity Japanese Values,Japanese Smaller Companies,0.125,-0.1615213239974539,-0.9112420260422709,0.14684284801104935,105.38,-0.008350730688935215,,observed
2017-02,NAME:aberforth smaller companies|ordinary share,Aberforth Smaller Companies,UK Smaller Companies,0.125,-0.15431683153665732,-1.2755864721143815,0.1482541500810489,1143.0,0.03849518810148722,18.75,observed
2017-02,SEDOL:295958,Standard Life UK Smaller Companies,UK Smaller Companies,0.125,-0.0684618441971383,-0.039955499195389786,0.15069474645668618,375.0,0.06133333333333324,,observed
2017-02,SEDOL:610841,Schroder UK Mid Cap,UK All Companies,0.125,-0.190958388667552,-1.5295883122621727,0.1516264312252252,438.63,0.06011900690787231,,observed
2017-02,SEDOL:906506,Henderson Smaller Companies,UK Smaller Companies,0.125,-0.15405612790419765,-0.8293862102414841,0.17306658020990826,672.5,0.03791821561338282,,observed
2017-02,SEDOL:806372,Aberdeen Smaller Companies Income,UK Equity & Bond Income,0.125,-0.1955328411887185,-0.7160835959590243,0.1741588430510168,212.5,0.06117647058823539,,observed
2017-02,SEDOL:906692,TR European Growth,European Smaller Companies,0.125,-0.13442546764261643,-0.4114023405526543,0.1939462252956268,819.5,0.05064063453325196,,observed
2017-02,NAME:biotech growth|ordinary share,Biotech Growth,Sector Specialist: Biotechnology & Healthcare,0.125,-0.07804942688663619,-0.9490473889444624,0.26326545945792595,695.75,0.08515989938914847,,observed
2017-03,SEDOL:610841,Schroder UK Mid Cap,UK All Companies,0.1111111111111111,-0.1758533905214279,-1.19319822655098,0.1434793265141549,465.0,-0.006451612903225823,,observed
2017-03,SEDOL:906409,TR Property,Property Securities,0.1111111111111111,-0.1270160133157321,-1.0712786320911392,0.14819794167048872,304.2,0.03385930309007246,,observed
2017-03,SEDOL:332855,Fidelity Japanese Values,Japanese Smaller Companies,0.1111111111111111,-0.17489143308330046,-1.3272125390674936,0.14977160072475304,104.5,0.05741626794258381,,observed
2017-03,NAME:north american income|ordinary share,North American Income,North America,0.1111111111111111,-0.09021155321714347,-0.28183913842247854,0.1504833173496906,1245.0,-0.012048192771084376,,observed
2017-03,SEDOL:906506,Henderson Smaller Companies,UK Smaller Companies,0.1111111111111111,-0.14652189330300924,-0.524167801438713,0.1599580036762171,698.0,0.01002865329512903,,observed
2017-03,SEDOL:802284,Schroder Japan Growth,Japan,0.1111111111111111,-0.09763998149005093,-0.1216797345745885,0.16335382729144968,195.0,0.02051282051282044,,observed
2017-03,SEDOL:806372,Aberdeen Smaller Companies Income,UK Equity & Bond Income,0.1111111111111111,-0.17447649729096504,-0.20481273345500464,0.1650398013012811,225.5,-0.055432372505543226,,observed
2017-03,SEDOL:B6832P1,Polar Capital Global Healthcare Growth & Income,Sector Specialist: Biotechnology & Healthcare,0.1111111111111111,-0.05923509667659432,-0.11509101989514307,0.16816806790191752,199.0,0.03643216080402012,,observed
2017-03,NAME:biotech growth|ordinary share,Biotech Growth,Sector Specialist: Biotechnology & Healthcare,0.1111111111111111,-0.07627180854968563,-0.8387429508461424,0.2770366974107792,755.0,-0.009271523178807972,,observed
2017-04,NAME:north american income|ordinary share,North American Income,North America,0.14285714285714288,-0.08944196858204645,-0.21461717784567233,0.140352214654633,1230.0,-0.02682926829268295,,observed
2017-04,SEDOL:974406,Witan,Global,0.14285714285714288,-0.04298068925432663,-0.5461704779990224,0.14190283857064667,955.0,0.02198952879581162,,observed
2017-04,SEDOL:295958,Standard Life UK Smaller Companies,UK Smaller Companies,0.14285714285714288,-0.08274693464498373,-0.5236684362348806,0.14437354712931233,389.75,0.08402822322001291,,observed
2017-04,SEDOL:610841,Schroder UK Mid Cap,UK All Companies,0.14285714285714288,-0.18958742632612968,-1.3832151184532444,0.14795549813899767,462.0,0.09632034632034636,,observed
2017-04,SEDOL:906506,Henderson Smaller Companies,UK Smaller Companies,0.14285714285714288,-0.15557738145144873,-0.811122473509295,0.1632084816161735,705.0,0.04680851063829783,,observed
2017-04,SEDOL:806372,Aberdeen Smaller Companies Income,UK Equity & Bond Income,0.14285714285714288,-0.2304635283066585,-1.4645526097175272,0.1701423562047416,213.0,0.096244131455399,1.75,observed
2017-04,NAME:biotech growth|ordinary share,Biotech Growth,Sector Specialist: Biotechnology & Healthcare,0.14285714285714288,-0.06585240967617056,-0.4691434901620634,0.26127833646082993,748.0,-0.03074866310160429,,observed
2017-05,NAME:aberforth smaller companies|ordinary share,Aberforth Smaller Companies,UK Smaller Companies,0.14285714285714288,-0.12052947293751415,-0.2315351627927604,0.15088613745719137,1277.0,0.03288958496476124,,observed
2017-05,SEDOL:295958,Standard Life UK Smaller Companies,UK Smaller Companies,0.14285714285714288,-0.07206079374492103,-0.09635317182775306,0.151212442308207,422.5,0.04378698224852062,,observed
2017-05,SEDOL:906409,TR Property,Property Securities,0.14285714285714288,-0.083305730374296,-0.2532352921709643,0.1527875389990216,332.1,0.0511894007828968,,observed
2017-05,SEDOL:610841,Schroder UK Mid Cap,UK All Companies,0.14285714285714288,-0.15851206991078393,-0.7497456927060284,0.15978359644486756,506.5,0.0444225074037512,,observed
2017-05,SEDOL:906506,Henderson Smaller Companies,UK Smaller Companies,0.14285714285714288,-0.17077719974381733,-1.275071395790552,0.17520156366047537,738.0,0.08265582655826553,,observed
2017-05,SEDOL:806372,Aberdeen Smaller Companies Income,UK Equity & Bond Income,0.14285714285714288,-0.19665588660290378,-0.6213356989668549,0.18028193738022733,233.5,0.025695931477516032,,observed
2017-05,NAME:biotech growth|ordinary share,Biotech Growth,Sector Specialist: Biotechnology & Healthcare,0.14285714285714288,-0.06851849472588756,-0.5392622816578504,0.2481100755035959,725.0,-0.02724137931034487,,observed
2017-06,SEDOL:906409,TR Property,Property Securities,0.14285714285714288,-0.08827370070514484,-0.3075192247107819,0.16999324752409328,349.1,-0.025494127757089702,,observed
2017-06,SEDOL:295958,Standard Life UK Smaller Companies,UK Smaller Companies,0.14285714285714288,-0.07259421265141319,-0.09861337152742605,0.17289112473061927,441.0,-0.041405895691609906,,observed
2017-06,SEDOL:332855,Fidelity Japanese Values,Japanese Smaller Companies,0.14285714285714288,-0.15740672602840522,-0.6322492875285463,0.17817596071915406,114.5,0.08296943231441056,,observed
2017-06,NAME:aberforth smaller companies|ordinary share,Aberforth Smaller Companies,UK Smaller Companies,0.14285714285714288,-0.12152756964841127,-0.21887872004630404,0.18093464242479276,1319.0,-0.05307050796057622,,observed
2017-06,SEDOL:610841,Schroder UK Mid Cap,UK All Companies,0.14285714285714288,-0.14440059519958592,-0.4256889834791082,0.18557485225802275,529.0,-0.06521739130434778,,observed
2017-06,SEDOL:806372,Aberdeen Smaller Companies Income,UK Equity & Bond Income,0.14285714285714288,-0.2135938269578066,-1.0286205462977422,0.2009412171682702,239.5,-0.035490605427975,,observed
2017-06,NAME:biotech growth|ordinary share,Biotech Growth,Sector Specialist: Biotechnology & Healthcare,0.14285714285714288,-0.0718318571259361,-0.6507793941710288,0.23641808577449303,705.25,0.08472172988302029,,observed
2017-07,SEDOL:295958,Standard Life UK Smaller Companies,UK Smaller Companies,0.14285714285714288,-0.07090109890109886,-0.04300345786609978,0.1610646822236761,422.74,0.013034016180158092,,observed
2017-07,SEDOL:974406,Witan,Global,0.14285714285714288,-0.02722979145206117,-0.0016961001969361543,0.16319739703316039,1001.0,0.029970029970030065,,observed
2017-07,NAME:aberforth smaller companies|ordinary share,Aberforth Smaller Companies,UK Smaller Companies,0.14285714285714288,-0.1376274744015521,-0.6817826319812024,0.1681805832281875,1249.0,0.04643714971977575,,observed
2017-07,SEDOL:610841,Schroder UK Mid Cap,UK All Companies,0.14285714285714288,-0.17282794152085923,-0.958848937957342,0.17030757553725556,494.5,0.023255813953488413,3.1,observed
2017-07,SEDOL:906506,Henderson Smaller Companies,UK Smaller Companies,0.14285714285714288,-0.1415877835327738,-0.2953901333636823,0.18509779533840498,769.0,0.01885565669700906,,observed
2017-07,SEDOL:806372,Aberdeen Smaller Companies Income,UK Equity & Bond Income,0.14285714285714288,-0.22326832548755882,-1.279480629182733,0.19343116722100098,231.0,0.0714285714285714,1.75,observed
2017-07,NAME:biotech growth|ordinary share,Biotech Growth,Sector Specialist: Biotechnology & Healthcare,0.14285714285714288,-0.07274975152117524,-0.6662381270429929,0.24252754882595795,765.0,0.04379084967320268,,observed
2017-08,SEDOL:295958,Standard Life UK Smaller Companies,UK Smaller Companies,0.14285714285714288,-0.08266215405706445,-0.5218538824455808,0.16369730659761503,428.25,0.03357851722124927,,observed
2017-08,SEDOL:610841,Schroder UK Mid Cap,UK All Companies,0.14285714285714288,-0.17490134690017278,-0.9515417629360307,0.1701473497196817,506.0,0.011857707509881354,,observed
2017-08,NAME:aberforth smaller companies|ordinary share,Aberforth Smaller Companies,UK Smaller Companies,0.14285714285714288,-0.13066613455718512,-0.4444131100407472,0.17291874049851813,1307.0,-0.014537107880642663,9.05,observed
2017-08,SEDOL:802284,Schroder Japan Growth,Japan,0.14285714285714288,-0.09483358863668012,-0.19486566093312832,0.1765072144019365,195.0,0.024358974358974272,,observed
2017-08,SEDOL:906506,Henderson Smaller Companies,UK Smaller Companies,0.14285714285714288,-0.16320449423801942,-1.0673599125650588,0.19302561133492308,783.5,0.019783024888321732,,observed
2017-08,SEDOL:806372,Aberdeen Smaller Companies Income,UK Equity & Bond Income,0.14285714285714288,-0.1955928237129485,-0.42701580056840627,0.19615362733334848,247.5,0.02020202020202011,,observed
2017-08,NAME:biotech growth|ordinary share,Biotech Growth,Sector Specialist: Biotechnology & Healthcare,0.14285714285714288,-0.06370554506759851,-0.40085015285605075,0.24457437016604291,798.5,0.04383218534752653,,observed
2017-09,SEDOL:295958,Standard Life UK Smaller Companies,UK Smaller Companies,0.16666666666666669,-0.07862198168193169,-0.37042061047783265,0.16532124700149065,442.63,0.026816980322165174,,observed
2017-09,SEDOL:906506,Henderson Smaller Companies,UK Smaller Companies,0.16666666666666669,-0.14649518234452108,-0.47499005091444957,0.1809860546840297,799.0,-0.008760951188986232,,observed
2017-09,SEDOL:802284,Schroder Japan Growth,Japan,0.16666666666666669,-0.09615384615384615,-0.2598697164661638,0.18832438749756122,199.75,-0.018773466833541974,,observed
2017-09,SEDOL:806372,Aberdeen Smaller Companies Income,UK Equity & Bond Income,0.16666666666666669,-0.19660186452002937,-0.41747912498345413,0.19181955032938308,252.5,0.045544554455445585,,observed
2017-09,SEDOL:343501,JPMorgan Chinese,Country Specialists: Asia Pacific,0.16666666666666669,-0.14024466358756704,-0.083605800531871,0.19434433979495025,275.5,0.009981851179673429,,observed
2017-09,NAME:biotech growth|ordinary share,Biotech Growth,Sector Specialist: Biotechnology & Healthcare,0.16666666666666669,-0.08688555120999986,-1.2114470868212581,0.26088480126716945,833.5,-0.010197960407918427,,observed
2017-10,NAME:biotech growth|ordinary share,Biotech Growth,Sector Specialist: Biotechnology & Healthcare,0.33413660277852825,-0.07060056101929768,-0.6117133077868567,0.24482354100692905,825.0,-0.036363636363636376,,observed
2017-10,SEDOL:802284,Schroder Japan Growth,Japan,0.33124168998834636,-0.10461397898583835,-0.5939072244359005,0.18514159930899193,196.0,0.06887755102040827,3.5,observed
2017-10,SEDOL:906506,Henderson Smaller Companies,UK Smaller Companies,0.33462170723312545,-0.15541621344935697,-0.7702864986805938,0.17562991995599916,792.0,0.05681818181818188,,observed
2017-11,SEDOL:906506,Henderson Smaller Companies,UK Smaller Companies,1.0,-0.1481089443471888,-0.48823547963897757,0.181018438613286,837.0,-0.00657108721624855,,observed
2017-12,SEDOL:906506,Henderson Smaller Companies,UK Smaller Companies,1.0,-0.13545717315810268,-0.0249637316397852,0.17466870202709944,831.5,0.07035478051713762,,observed
2018-06,SEDOL:295958,Standard Life UK Smaller Companies,UK Smaller Companies,0.16666666666666669,-0.06619009300671819,-0.32559490840217103,0.13074533445105307,499.0,0.002004008016031955,,observed
2018-06,SEDOL:802284,Schroder Japan Growth,Japan,0.16666666666666669,-0.09005867845905269,-0.19026188553493875,0.13679837889082813,214.0,-0.01869158878504673,,observed
2018-06,NAME:biotech growth|ordinary share,Biotech Growth,Sector Specialist: Biotechnology & Healthcare,0.16666666666666669,-0.06616558478533197,-0.500875370000922,0.14626903212666847,738.0,0.04878048780487809,,observed
2018-06,SEDOL:846505,JPMorgan American,North America,0.16666666666666669,-0.04621731874652324,-0.4058172459312412,0.15488613409116775,411.5,0.026731470230862753,,observed
2018-06,SEDOL:343501,JPMorgan Chinese,Country Specialists: Asia Pacific,0.16666666666666669,-0.152267818574514,-0.5201799334256709,0.17075317513560426,314.0,-0.05414012738853502,,observed
2018-06,SEDOL:906692,TR European Growth,European Smaller Companies,0.16666666666666669,-0.11196344191912644,-0.3132348284135728,0.176877663210792,1028.0,-0.0077821011673151474,,observed
2018-07,NAME:biotech growth|ordinary share,Biotech Growth,Sector Specialist: Biotechnology & Healthcare,0.262927225242091,-0.060577004769938436,-0.27046651219877543,0.1663265063278094,774.0,0.03875968992248069,,observed
2018-07,SEDOL:295958,Standard Life UK Smaller Companies,UK Smaller Companies,0.2512004528807785,-0.08991627229705124,-1.1770282927728577,0.13820359942202023,500.0,0.040000000000000036,,observed
2018-07,SEDOL:343501,JPMorgan Chinese,Country Specialists: Asia Pacific,0.237125227505032,-0.15033614647403803,-0.4707146747580546,0.1728167702630161,297.0,0.013468013468013407,,observed
2018-07,SEDOL:906692,TR European Growth,European Smaller Companies,0.24874709437209858,-0.10067185102893728,-0.09074274150639355,0.18195693985930528,1020.0,-0.007843137254901933,,observed
2018-08,NAME:biotech growth|ordinary share,Biotech Growth,Sector Specialist: Biotechnology & Healthcare,0.525313849016886,-0.0726857511937441,-0.7479987804065749,0.1478628563656788,804.0,0.04726368159203975,,observed
2018-08,SEDOL:906692,TR European Growth,European Smaller Companies,0.4746861509831139,-0.12903531193789652,-0.5908702761125201,0.16653806241503227,1012.0,-0.01679841897233203,,observed
2018-09,SEDOL:802284,Schroder Japan Growth,Japan,0.16666666666666669,-0.09921503024063827,-0.4421663392650419,0.13785022237520392,210.0,0.05238095238095242,,observed
2018-09,SEDOL:343501,JPMorgan Chinese,Country Specialists: Asia Pacific,0.16666666666666669,-0.14455978469819297,-0.3701580278403495,0.13910273053276304,267.0,-0.014981273408239737,,observed
2018-09,NAME:biotech growth|ordinary share,Biotech Growth,Sector Specialist: Biotechnology & Healthcare,0.16666666666666669,-0.06501582366331682,-0.37729371005610796,0.16249068313910253,842.0,-0.016627078384798155,,observed
2018-09,SEDOL:906692,TR European Growth,European Smaller Companies,0.16666666666666669,-0.1369889152948116,-0.705466950919277,0.1680689570290018,995.0,0.004020100502512669,,observed
2018-09,SEDOL:332855,Fidelity Japan,Japan,0.16666666666666669,-0.14748983116955483,-0.411981518506444,0.18342299425313516,153.0,0.07189542483660127,,observed
2018-09,SEDOL:846505,JPMorgan American,North America,0.16666666666666669,-0.047696897862426924,-0.4735875568947175,0.1859732839409269,466.0,0.0042918454935623185,,observed
2018-10,SEDOL:132077,JPMorgan Asian,Asia Pacific - Excluding Japan,0.16666666666666669,-0.12063221507708988,-0.5658485932845274,0.13139753693982517,340.5,-0.09251101321585908,3.9,observed
2018-10,SEDOL:343501,JPMorgan Chinese,Country Specialists: Asia Pacific,0.16666666666666669,-0.13466916724245714,-0.02867131714077751,0.13283496474437026,263.0,-0.13307984790874527,,observed
2018-10,SEDOL:791887,Schroder AsiaPacific,Asia Pacific - Excluding Japan,0.16666666666666669,-0.12631814210537018,-1.0963332556248844,0.14246354608388517,430.0,-0.10465116279069764,,observed
2018-10,NAME:biotech growth|ordinary share,Biotech Growth,Sector Specialist: Biotechnology & Healthcare,0.16666666666666669,-0.07575875964146583,-0.8232253370203834,0.15320008911136346,828.0,-0.1690821256038647,,observed
2018-10,SEDOL:906692,TR European Growth,European Smaller Companies,0.16666666666666669,-0.11026798835065588,-0.2193770604353344,0.15353656860480808,999.0,-0.1391391391391391,,observed
2018-10,SEDOL:846505,JPMorgan American,North America,0.16666666666666669,-0.04364884747425213,-0.12063001927110968,0.19087242599310145,468.0,-0.042735042735042694,,observed
2018-11,SEDOL:791887,Schroder AsiaPacific,Asia Pacific - Excluding Japan,0.16666666666666669,-0.12565575818136399,-0.9877424492731046,0.10701109705022689,385.0,0.07012987012987004,,observed
2018-11,NAME:biotech growth|ordinary share,Biotech Growth,Sector Specialist: Biotechnology & Healthcare,0.16666666666666669,-0.07096077239889265,-0.6073516780032234,0.10999008988133031,688.0,0.04941860465116288,,observed
2018-11,SEDOL:906692,TR European Growth,European Smaller Companies,0.16666666666666669,-0.12986290281782775,-0.5666486477765255,0.11080324384056711,860.0,-0.0046511627906976605,,observed
2018-11,SEDOL:454351,Montanaro European Smaller Companies,European Smaller Companies,0.16666666666666669,-0.13061477954874767,-0.15997301558681754,0.11304193330330159,840.0,0.023809523809523725,,observed
2018-11,SEDOL:B44ZTP6,Aberdeen Latin American Income,Latin America,0.16666666666666669,-0.13272010512483567,-0.2799268660357059,0.12112847368080036,66.0,-0.040909090909091006,,observed
2018-11,NAME:north american income|ordinary share,North American Income,North America,0.16666666666666669,-0.09048130745945793,-0.30814734846205644,0.1242432634398413,1295.0,0.084942084942085,,observed
2018-12,NAME:biotech growth|ordinary share,Biotech Growth,Sector Specialist: Biotechnology & Healthcare,0.2,-0.07984451666348047,-0.9703761545797532,0.10909713530054331,722.0,-0.12326869806094187,,observed
2018-12,SEDOL:132077,JPMorgan Asian,Asia Pacific - Excluding Japan,0.2,-0.12194863928486421,-0.6055142845763296,0.11999746787802952,332.0,-0.001506024096385561,,observed
2018-12,SEDOL:791887,Schroder AsiaPacific,Asia Pacific - Excluding Japan,0.2,-0.11784857828023299,-0.29187757386443636,0.12665315416476663,412.0,-0.029126213592232997,9.5,observed
2018-12,SEDOL:B44ZTP6,Aberdeen Latin American Income,Latin America,0.2,-0.1517019565800054,-1.3256942570199868,0.1326350314505748,63.3,0.02843601895734582,3.5,observed
2018-12,SEDOL:846505,JPMorgan American,North America,0.2,-0.051565770923228116,-0.7504272550873019,0.16299645608000787,444.0,-0.10135135135135132,,observed
2019-01,SEDOL:846505,JPMorgan American,North America,0.46632546237059447,-0.05160324213829004,-0.7583262406718395,0.13439434735917055,399.0,0.041353383458646586,,observed
2019-01,SEDOL:B44ZTP6,Aberdeen Latin American Income,Latin America,0.5336745376294056,-0.13968547641073092,-0.5658029182332904,0.15630730770597978,65.1,0.09677419354838723,,observed
2019-02,SEDOL:846505,JPMorgan American,North America,1.0,-0.055681818181818166,-1.2847558527892233,0.1540475615733469,415.5,0.026474127557160054,,observed
2019-03,SEDOL:846505,JPMorgan American,North America,1.0,-0.046181370904618047,-0.36317959765073266,0.1515013999678384,426.5,0.017584994138335253,,observed
2019-04,SEDOL:781606,Finsbury Growth & Income,UK Equity Income,0.16666666666666669,0.0016795350467007086,-0.6784241966699246,0.11610791373343488,829.0,0.0579010856453559,8.0,observed
2019-04,SEDOL:802284,Schroder Japan Growth,Japan,0.16666666666666669,-0.12335780525502316,-1.2958864974686055,0.11664879652511752,181.5,0.02203856749311295,,observed
2019-04,SEDOL:B0CRWN5,Schroder Oriental Income,Asia Pacific - Excluding Japan,0.16666666666666669,-0.014680070209031504,-1.322121634135193,0.11667063572915211,247.0,0.04048582995951411,1.8,observed
2019-04,SEDOL:846505,JPMorgan American,North America,0.16666666666666669,-0.058711258594139726,-1.4648366510868949,0.15335608245477678,434.0,0.04493087557603692,4.0,observed
2019-04,SEDOL:332855,Fidelity Japan,Japan,0.16666666666666669,-0.13300304878048774,-0.23883748103596553,0.15348550280535422,136.5,0.07692307692307687,,observed
2019-04,SEDOL:B44ZTP6,Aberdeen Latin American Income,Latin America,0.16666666666666669,-0.1437699680511182,-0.8438537920064265,0.1583262371604226,67.0,0.013432835820895717,,observed
2019-05,SEDOL:781606,Finsbury Growth & Income,UK Equity Income,0.2556364269259231,0.004696987054645385,-0.0327661251971235,0.136307498678522,877.0,0.011402508551881407,,observed
2019-05,SEDOL:802284,Schroder Japan Growth,Japan,0.24697043147001257,-0.1178848257168672,-1.2447184667227977,0.12937777341568116,185.5,-0.035040431266846306,,observed
2019-05,SEDOL:846505,JPMorgan American,North America,0.2525022415057648,-0.04774903410045361,-0.3923882292566538,0.166736954294386,453.5,-0.03858875413450935,,observed
2019-05,SEDOL:B44ZTP6,Aberdeen Latin American Income,Latin America,0.24489090009829947,-0.14224355735219796,-0.7294264876053288,0.157887913512117,67.9,0.01178203240058906,3.5,observed
2019-06,SEDOL:295958,Standard Life UK Smaller Companies,UK Smaller Companies,0.2,-0.0841336349141607,-0.8976823602003126,0.11207541873093432,494.0,-0.005060728744939236,,observed
2019-06,SEDOL:343501,JPMorgan Chinese,Country Specialist: Asia Pacific - ex Japan,0.2,-0.13985664277379561,-0.492763384657141,0.12815019922895463,258.0,0.0852713178294573,,observed
2019-06,SEDOL:781606,Finsbury Growth & Income,UK Equity Income,0.2,0.004575518709794224,-0.03782770741627855,0.12887935857892635,887.0,0.025930101465614364,,observed
2019-06,SEDOL:846505,JPMorgan American,North America,0.2,-0.04778544596837597,-0.3490146883519235,0.14962275324930943,436.0,0.04931192660550465,,observed
2019-06,SEDOL:B44ZTP6,Aberdeen Latin American Income,Latin America,0.2,-0.14509706321553006,-0.8604517755448516,0.16600416162628465,68.7,0.06259097525473067,,observed
2019-07,SEDOL:343501,JPMorgan Chinese,Country Specialist: Asia Pacific - ex Japan,0.3394470376827917,-0.13930898807328163,-0.48927343648144794,0.14180430599000557,280.0,0.05535714285714288,,observed
2019-07,SEDOL:846505,JPMorgan American,North America,0.3281997959771324,-0.04834213920206354,-0.3954412661412965,0.15872832921463662,457.5,0.07759562841530054,,observed
2019-07,SEDOL:B44ZTP6,Aberdeen Latin American Income,Latin America,0.33235316634007583,-0.14188315504878324,-0.6964570541323795,0.17715972784108175,73.0,0.045205479452054664,3.5,observed
2019-08,SEDOL:343501,JPMorgan Chinese,Country Specialist: Asia Pacific - ex Japan,0.5076957704210823,-0.13490251185666602,-0.3339236241415819,0.139157244216913,295.5,0.020304568527918843,,observed
2019-08,SEDOL:B44ZTP6,Aberdeen Latin American Income,Latin America,0.4923042295789178,-0.14260029216765924,-0.7189162640280136,0.1959712083911797,76.3,-0.09305373525557004,,observed
2019-09,NAME:bankers|ordinary share,Bankers,Global,0.125,-0.03013329184170943,-0.038917350660710906,0.11710615175747768,935.0,0.016042780748663166,,observed
2019-09,SEDOL:132077,JPMorgan Asian,Asia Pacific Income,0.125,-0.10800020215292871,-0.41784283634113684,0.12721244157559522,353.0,0.022662889518413554,,observed
2019-09,SEDOL:338530,Worldwide Healthcare,Biotechnology & Healthcare,0.125,-0.01035979079257432,-0.518406695182105,0.13760862282993672,2755.0,-0.04355716878402904,,observed
2019-09,SEDOL:343501,JPMorgan Chinese,Country Specialist: Asia Pacific - ex Japan,0.125,-0.13825135050161486,-0.5127627862624503,0.1392213983577324,301.5,0.026533996683250516,,observed
2019-09,SEDOL:871079,Schroder Asian Total Return,Asia Pacific,0.125,-0.006255882190112305,-0.2045659827019809,0.1422753346408867,359.0,0.009749303621169991,,observed
2019-09,SEDOL:781606,Finsbury Growth & Income,UK Equity Income,0.125,0.001737489006628179,-1.0247026402106898,0.1437851056649377,934.0,0.008565310492505418,,observed
2019-09,SEDOL:846505,JPMorgan American,North America,0.125,-0.05524130460945964,-1.18569193849204,0.1557806161560226,471.0,0.011677282377919429,,observed
2019-09,SEDOL:B44ZTP6,Aberdeen Latin American Income,Latin America,0.125,-0.1601941747572816,-1.705314835086069,0.16175437273561463,69.2,0.030346820809248554,3.5,observed
2019-10,SEDOL:132077,JPMorgan Asian,Asia Pacific Income,0.5027000418347571,-0.10006481527646205,-0.0919671905643253,0.13783679397054854,361.0,-0.0041551246537395725,4.0,observed
2019-10,SEDOL:846505,JPMorgan American,North America,0.49729995816524286,-0.04604604604604601,-0.04385988944125942,0.15586784372938772,476.5,-0.03777544596012594,,observed
2019-11,SEDOL:802284,Schroder Japan Growth,Japan,0.125,-0.13318469308822867,-1.5424370821678524,0.11429844881190432,190.5,0.03937007874015741,,observed
2019-11,SEDOL:791887,Schroder AsiaPacific,Asia Pacific,0.125,-0.11498086721643574,-0.44416184499951045,0.11479710455257626,432.5,0.04393063583815038,,observed
2019-11,SEDOL:906692,TR European Growth,European Smaller Companies,0.125,-0.1370573656167532,-0.8254780570585433,0.12145620936621583,860.0,0.0604651162790697,,observed
2019-11,SEDOL:295958,Standard Life UK Smaller Companies,UK Smaller Companies,0.125,-0.08328675237562888,-0.7902160316266267,0.12721166388626337,492.0,0.14634146341463405,,observed
2019-11,SEDOL:781606,Finsbury Growth & Income,UK Equity Income,0.125,0.003070624360286711,-0.672036322222895,0.13611411180877336,882.0,0.013605442176870763,,observed
2019-11,SEDOL:846505,JPMorgan American,North America,0.125,-0.05413211206007351,-0.9842925474411065,0.13979475501907065,458.5,0.03925845147219187,,observed
2019-11,SEDOL:343501,JPMorgan Chinese,Country Specialist: Asia Pacific - ex Japan,0.125,-0.12466170500676599,-0.0035880186170581152,0.14011161186683688,310.5,0.03059581320450877,,observed
2019-11,SEDOL:B44ZTP6,Aberdeen Latin American Income,Latin America,0.125,-0.14180929095354522,-0.5225168491156257,0.18464612031314498,70.2,-0.019943019943020057,,observed
2019-12,SEDOL:802284,Schroder Japan Growth,Japan,0.33110515192876344,-0.1148464392686307,-0.8432862147490161,0.11185410768517845,198.0,-0.007575757575757569,,observed
2019-12,SEDOL:846505,JPMorgan American,North America,0.331069591579014,-0.049945169973083514,-0.42113157937681517,0.13631345888802135,476.5,0.01364113326337879,,observed
2019-12,SEDOL:906692,TR European Growth,European Smaller Companies,0.33782525649222245,-0.12412124005992853,-0.5885266403233308,0.11859401677741548,912.0,0.06030701754385959,,observed
2020-01,SEDOL:906692,TR European Growth,European Smaller Companies,1.0,-0.10944522213217411,-0.32096066503188914,0.13066475204298572,967.0,-0.02792140641158225,,observed
2020-02,SEDOL:871079,Schroder Asian Total Return,Asia Pacific,0.2,-0.025720966484801266,-1.5376824019138724,0.11461989539437091,350.0,-0.05142857142857138,,observed
2020-02,SEDOL:906692,TR European Growth,European Smaller Companies,0.2,-0.10461693798043492,-0.24157455181109064,0.11598682352919111,940.0,-0.1063829787234043,,observed
2020-02,SEDOL:343501,JPMorgan China Growth & Income,Country Specialist: Asia Pacific - ex Japan,0.2,-0.12498649670519602,-0.20245909910090246,0.12890115094344848,324.0,0.0030864197530864335,,observed
2020-02,SEDOL:341969,JPMorgan European Smaller Companies,European Smaller Companies,0.2,-0.11860642653896869,-0.13635053051271728,0.13074997834458651,381.0,-0.06299212598425197,,observed
2020-02,SEDOL:846505,JPMorgan American,North America,0.2,-0.04779613246692249,-0.027749869280287567,0.14240659186657356,486.5,-0.08633093525179858,,observed
2020-03,SEDOL:B7W0XJ6,BlackRock North American Income,North America,0.07692307692307694,-0.02838747439274214,-0.23338215479311927,0.09978178943600453,166.0,-0.1506024096385542,,observed
2020-03,SEDOL:791887,Schroder AsiaPacific,Asia Pacific,0.07692307692307694,-0.11946446961894952,-0.9743533138090805,0.10239799146074077,427.5,-0.09707602339181287,,observed
2020-03,SEDOL:341895,JPMorgan Emerging Markets,Global Emerging Markets,0.07692307692307694,-0.11606383983378987,-0.47477327943111786,0.10418635088799429,936.0,-0.12606837606837606,5.2,observed
2020-03,SEDOL:B1FL3C7,Invesco Perpetual UK Smaller Companies,UK Smaller Companies,0.07692307692307694,-0.049933312626751714,-0.25981546333306643,0.10478861888466941,520.0,-0.2692307692307693,,observed
2020-03,SEDOL:B62Z3C7,Fidelity China Special Situations,Country Specialist: Asia Pacific - ex Japan,0.07692307692307694,-0.1164753678065712,-0.2637555529982197,0.10746152706894553,224.0,-0.0357142857142857,,observed
2020-03,SEDOL:338530,Worldwide Healthcare,Biotechnology & Healthcare,0.07692307692307694,-0.03972973598352503,-3.112354405215116,0.10807078917678252,2905.0,0.005163511187607606,,observed
2020-03,SEDOL:341969,JPMorgan European Smaller Companies,European Smaller Companies,0.07692307692307694,-0.1264559068219634,-0.44372203208850375,0.10979140716841608,357.0,-0.29691876750700286,,observed
2020-03,SEDOL:871079,Schroder Asian Total Return,Asia Pacific,0.07692307692307694,-0.052646597232130055,-2.670324639552679,0.1100368496792216,332.0,-0.06927710843373491,,observed
2020-03,SEDOL:846505,JPMorgan American,North America,0.07692307692307694,-0.07936705190340088,-3.835280659609308,0.12087463724355811,444.5,-0.12598425196850394,,observed
2020-03,SEDOL:295958,Standard Life UK Smaller Companies,UK Smaller Companies,0.07692307692307694,-0.06532091833108256,-0.19953951337450213,0.12533302761698895,526.0,-0.1730038022813688,,observed
2020-03,SEDOL:343501,JPMorgan China Growth & Income,Country Specialist: Asia Pacific - ex Japan,0.07692307692307694,-0.1727754021584199,-1.9421817891967563,0.14357710189288006,325.0,0.08307692307692305,,observed
2020-03,SEDOL:291633,Edinburgh Worldwide,Global Smaller Companies,0.07692307692307694,-0.02415816461383935,-0.5147704073005711,0.14451568150758215,184.6,-0.023835319609967542,,observed
2020-03,SEDOL:B44ZTP6,Aberdeen Latin American Income,Latin America,0.07692307692307694,-0.16363145824902192,-1.8425551091575318,0.17492084474706993,62.0,-0.2733870967741936,,observed
2020-04,SEDOL:846505,JPMorgan American,North America,0.3293032731951853,-0.05049369439827944,-0.28645858615262676,0.08030872051085447,388.5,0.12355212355212353,4.0,observed
2020-04,SEDOL:871079,Schroder Asian Total Return,Asia Pacific,0.3506688470096239,-0.0010345273503168384,-0.46968954876941343,0.07582422000349065,309.0,0.058252427184465994,,observed
2020-04,SEDOL:B7W0XJ6,BlackRock North American Income,North America,0.32002787979519076,-0.06193866010245497,-1.046901276580949,0.06714809225497213,141.0,0.13829787234042556,2.0,observed
2020-05,SEDOL:914327,JPMorgan Global Growth & Income,Global Equity Income,0.14285714285714288,0.006834472412068804,-0.474462156362523,0.08050614162143836,302.0,0.08609271523178808,,observed
2020-05,SEDOL:781606,Finsbury Growth & Income,UK Equity Income,0.14285714285714288,0.0023706452277880707,-0.3216678053615275,0.0814097276302536,778.0,0.06683804627249357,,observed
2020-05,SEDOL:791887,Schroder AsiaPacific,Asia Pacific,0.14285714285714288,-0.10821988626572465,-0.23682941545990535,0.08743859759943536,414.0,0.03743961352656999,,observed
2020-05,SEDOL:295958,Standard Life UK Smaller Companies,UK Smaller Companies,0.14285714285714288,-0.05856683973413601,-0.044170556709275305,0.09081466552846033,466.0,0.07725321888412018,,observed
2020-05,SEDOL:871079,Schroder Asian Total Return,Asia Pacific,0.14285714285714288,-0.020811498727354327,-1.5003004079670312,0.09889337710390735,327.0,0.051987767584097844,,observed
2020-05,SEDOL:B44ZTP6,Aberdeen Latin American Income,Latin America,0.14285714285714288,-0.1504625259580895,-0.9755308530400764,0.10002523874942612,45.0,0.057777777777777706,3.5,observed
2020-05,SEDOL:332855,Fidelity Japan,Japan,0.14285714285714288,-0.12923372567859726,-1.1531883549992021,0.12269325078248182,145.0,0.1965517241379311,,observed
2020-06,SEDOL:781606,Finsbury Growth & Income,UK Equity Income,0.1111111111111111,0.0015082956259426794,-0.47987115914262723,0.09053648499868115,830.0,-0.001204819277108471,,observed
2020-06,SEDOL:341969,JPMorgan European Smaller Companies,European Smaller Companies,0.1111111111111111,-0.18040905264200469,-1.7615372554250226,0.09221587009054669,331.0,0.01812688821752273,11.0,observed
2020-06,SEDOL:295958,Standard Life UK Smaller Companies,UK Smaller Companies,0.1111111111111111,-0.05697593597956163,-0.004806509237234709,0.09709133563730042,502.0,-0.03984063745019917,,observed
2020-06,SEDOL:B7W0XJ6,BlackRock North American Income,North America,0.1111111111111111,-0.046350080843164276,-0.7450931089996846,0.0991120957545522,159.25,-0.05180533751962324,,observed
2020-06,SEDOL:871079,Schroder Asian Total Return,Asia Pacific,0.1111111111111111,-0.0035628421631955787,-0.7054747843639321,0.10461205434206626,344.0,0.06686046511627897,,observed
2020-06,SEDOL:846505,JPMorgan American,North America,0.1111111111111111,-0.05949476825064004,-1.3291414573291538,0.12296694981063339,466.5,0.02893890675241151,,observed
2020-06,SEDOL:338530,Worldwide Healthcare,Biotechnology & Healthcare,0.1111111111111111,-0.0064691140272048475,-0.8390983214129788,0.12380244656041453,3560.0,0.014044943820224809,18.5,observed
2020-06,SEDOL:343501,JPMorgan China Growth & Income,Country Specialist: Asia Pacific - ex Japan,0.1111111111111111,-0.1247489501551945,-0.28834926466734034,0.13775906701899626,383.5,0.17340286831812257,,observed
2020-06,SEDOL:B44ZTP6,Aberdeen Latin American Income,Latin America,0.1111111111111111,-0.18058185574109142,-2.5665832407442273,0.1459878754251085,47.6,0.08613445378151274,,observed
2020-07,SEDOL:781606,Finsbury Growth & Income,UK Equity Income,0.125,-0.00013267238364034206,-0.7519915594166922,0.09990385073195764,829.0,-0.0024125452352231624,,observed
2020-07,SEDOL:B7W0XJ6,BlackRock North American Income,North America,0.125,-0.09532083158588456,-1.889678246998902,0.10978954137423522,151.0,0.0331125827814569,,observed
2020-07,SEDOL:882929,Templeton Emerging Markets,Global Emerging Markets,0.125,-0.1225987359090035,-0.48950880317540896,0.11229320480999522,776.0,0.027061855670102997,,observed
2020-07,SEDOL:341969,JPMorgan European Smaller Companies,European Smaller Companies,0.125,-0.18644231465610894,-1.79381004090584,0.1160412426929163,337.0,0.06824925816023741,,observed
2020-07,SEDOL:338530,Worldwide Healthcare,Biotechnology & Healthcare,0.125,0.0027304266187428983,-0.11575445749448872,0.13436356274057307,3610.0,-0.06371191135734067,,observed
2020-07,SEDOL:871079,Schroder Asian Total Return,Asia Pacific,0.125,-0.03476934406396304,-2.158630807658806,0.1396235862685068,367.0,0.016348773841961872,,observed
2020-07,SEDOL:846505,JPMorgan American,North America,0.125,-0.06529316690358888,-1.8863230477394501,0.14216257237797153,480.0,0.008333333333333304,,observed
2020-07,SEDOL:B44ZTP6,Aberdeen Latin American Income,Latin America,0.125,-0.147005444646098,-0.5652190298522383,0.16401330473618697,51.7,-0.01740812379110257,3.5,observed
2020-08,SEDOL:B7W0XJ6,BlackRock North American Income,North America,0.125,-0.03345724907063197,-0.4349860874549698,0.09686771948605713,156.0,-0.022435897435897467,2.0,observed
2020-08,SEDOL:338530,Worldwide Healthcare,Biotechnology & Healthcare,0.125,0.0018941134274559346,-0.1516197874984817,0.1100555702818411,3380.0,0.013313609467455523,,observed
2020-08,SEDOL:341969,JPMorgan European Smaller Companies,European Smaller Companies,0.125,-0.1630437309650571,-1.0913939095922347,0.11063981344556588,360.0,0.10000000000000009,,observed
2020-08,SEDOL:791887,Schroder AsiaPacific,Asia Pacific,0.125,-0.1363738993000677,-2.162604918050171,0.13564822703032964,459.0,0.061002178649237404,,observed
2020-08,SEDOL:882929,Templeton Emerging Markets,Global Emerging Markets,0.125,-0.13390276238290844,-1.209436588708572,0.13976850787026068,797.0,0.038895859473023764,,observed
2020-08,SEDOL:846505,JPMorgan American,North America,0.125,-0.06785047088958651,-1.9995685189249424,0.1398197033651251,484.0,0.0723140495867769,2.5,observed
2020-08,SEDOL:871079,Schroder Asian Total Return,Asia Pacific,0.125,-0.0480565551387081,-2.5335381692572514,0.14797378227774532,373.0,0.09919571045576414,,observed
2020-08,SEDOL:B44ZTP6,Aberdeen Latin American Income,Latin America,0.125,-0.16268336904565694,-1.392397499593715,0.19485591306358918,50.8,-0.032480314960629864,,observed
2020-09,SEDOL:294502,Asia Dragon,Asia Pacific,0.14285714285714288,-0.12291798439806034,-0.43318631901860233,0.12163896202848266,416.0,0.007211538461538547,,observed
2020-09,SEDOL:338530,Worldwide Healthcare,Biotechnology & Healthcare,0.14285714285714288,-0.004482010917271739,-0.6411762425647483,0.12733112517117573,3425.0,0.035036496350364876,,observed
2020-09,SEDOL:341969,JPMorgan European Smaller Companies,European Smaller Companies,0.14285714285714288,-0.1435245263431093,-0.5331068600412541,0.13235243789082396,396.0,0.012626262626262541,,observed
2020-09,SEDOL:791887,Schroder AsiaPacific,Asia Pacific,0.14285714285714288,-0.11714586128131688,-0.7810584158211257,0.16091243872842068,487.0,0.04722792607802884,,observed
2020-09,SEDOL:882929,Templeton Emerging Markets,Global Emerging Markets,0.14285714285714288,-0.11965466646819911,-0.2965828141642831,0.16468173774015768,828.0,0.0,,observed
2020-09,SEDOL:846505,JPMorgan American,North America,0.14285714285714288,-0.05886193014905894,-0.9580247544229169,0.16899821393647702,519.0,-0.009633911368015391,,observed
2020-09,SEDOL:871079,Schroder Asian Total Return,Asia Pacific,0.14285714285714288,0.003058103975535076,-0.25725939492781874,0.17030249748062537,410.0,0.040243902439024426,,observed
2020-10,SEDOL:294502,Asia Dragon,Asia Pacific,0.16666666666666669,-0.13408283045383151,-1.2826048111860984,0.13205984718254196,419.0,0.07398568019093088,,observed
2020-10,SEDOL:341969,JPMorgan European Smaller Companies,European Smaller Companies,0.16666666666666669,-0.1603149342490996,-0.939828528171005,0.13711513819000076,401.0,-0.04987531172069826,,observed
2020-10,SEDOL:846505,JPMorgan American,North America,0.16666666666666669,-0.05677689286893983,-0.6937834179057984,0.1703078154149598,514.0,-0.021400778210116767,,observed
2020-10,SEDOL:871079,Schroder Asian Total Return,Asia Pacific,0.16666666666666669,0.005777620563612862,-0.14924236685698233,0.17757372149570794,426.5,0.03399765533411481,,observed
2020-10,SEDOL:882929,Templeton Emerging Markets,Global Emerging Markets,0.16666666666666669,-0.1228627725163669,-0.4774238632787393,0.17867523264461627,828.0,0.0253623188405796,,observed
2020-10,SEDOL:B44ZTP6,Aberdeen Latin American Income,Latin America,0.16666666666666669,-0.1727127941957175,-1.809897400441156,0.2096821999958428,46.75,0.05454545454545445,3.5,observed
2020-11,SEDOL:341969,JPMorgan European Smaller Companies,European Smaller Companies,0.4926182971647923,-0.1350737797956867,-0.22842083676455516,0.11197215516036009,381.0,0.20472440944881898,,observed
2020-11,SEDOL:846505,JPMorgan American,North America,0.5073817028352078,-0.05713428807078058,-0.6952408573449474,0.14885616244326805,503.0,0.125248508946322,,observed
2021-07,SEDOL:914327,JPMorgan Global Growth & Income,Global Equity Income,0.16666666666666669,0.01918040908769192,-0.2403453921108241,0.16077201991819554,432.0,0.02314814814814814,,observed
2021-07,SEDOL:791887,Schroder AsiaPacific,Asia Pacific,0.16666666666666669,-0.10036424277000044,-0.19481996482484185,0.16975671845332174,615.0,-0.047154471544715415,,observed
2021-07,SEDOL:B44ZTP6,Aberdeen Latin American Income,Latin America,0.16666666666666669,-0.1419364508393285,-0.32749076840103497,0.17383341360479512,57.25,-0.026200873362445365,0.875,observed
2021-07,SEDOL:846505,JPMorgan American,North America,0.16666666666666669,-0.06315457232217148,-1.2870955954114565,0.18258722379700623,653.0,0.018376722817764257,,observed
2021-07,SEDOL:454351,Montanaro European Smaller Companies,European Smaller Companies,0.16666666666666669,-0.03016633775021149,-0.16664047271725183,0.19648483974174807,1720.0,0.15406976744186052,,observed
2021-07,SEDOL:783884,Scottish Mortgage,Global,0.16666666666666669,-0.02661986251279802,-1.1586744741938648,0.3819093400439546,1331.0,-0.010894064613072851,,observed
2021-08,SEDOL:341969,JPMorgan European Discovery,European Smaller Companies,0.1,-0.14867488673891038,-0.4529611199065481,0.13928112645901142,513.0,0.06432748538011701,,observed
2021-08,SEDOL:579403,Mercantile,UK All Companies,0.1,-0.08082725547007685,-0.3415085925364389,0.14523943695949515,276.0,0.050724637681159424,,observed
2021-08,SEDOL:806372,Aberdeen Smaller Companies Income,UK Smaller Companies,0.1,-0.17166225196338114,-0.896567235043532,0.14588791625325626,356.5,0.05189340813464227,,observed
2021-08,SEDOL:B1FL3C7,Invesco Perpetual UK Smaller Companies,UK Smaller Companies,0.1,-0.09165254979846948,-0.31914225358322634,0.1478350168567791,622.0,0.04662379421221874,3.75,observed
2021-08,SEDOL:906692,TR European Growth,European Smaller Companies,0.1,-0.13307194596651906,-0.07844262106992562,0.1556241233333876,1435.0,0.05226480836236935,,observed
2021-08,SEDOL:295958,Standard Life UK Smaller Companies,UK Smaller Companies,0.1,-0.08354618850197026,-0.8477720185537136,0.16387559068968025,714.0,0.08263305322128844,,observed
2021-08,SEDOL:846505,JPMorgan American,North America,0.1,-0.05799359718956287,-0.6732238661977902,0.17436142798559787,665.0,0.049624060150375904,,observed
2021-08,SEDOL:454351,Montanaro European Smaller Companies,European Smaller Companies,0.1,0.018518043419141872,-0.1665866989921573,0.20251376186700773,1985.0,0.06801007556675054,,observed
2021-08,SEDOL:291633,Edinburgh Worldwide,Global Smaller Companies,0.1,0.0024487297214570436,-0.5086955922065072,0.2502454808536021,327.5,0.013740458015267132,,observed
2021-08,SEDOL:783884,Scottish Mortgage,Global,0.1,-0.022534060957047908,-0.96470116985305,0.35371209938887505,1316.5,0.03987846562856068,,observed
2021-09,SEDOL:791887,Schroder AsiaPacific,Asia Pacific,0.1111111111111111,-0.09880040991018135,-0.189737671083886,0.13853813983941324,598.0,-0.0317725752508361,,observed
2021-09,SEDOL:BZCNLL9,BB Healthcare,Biotechnology & Healthcare,0.1111111111111111,0.0021742428073012743,-0.44342020859518516,0.13853843910282668,198.2,-0.021190716448032276,,observed
2021-09,SEDOL:806372,Aberdeen Smaller Companies Income,UK Smaller Companies,0.1111111111111111,-0.16637026498310503,-0.7669766131855072,0.14760223611768225,375.0,0.028000000000000025,,observed
2021-09,SEDOL:B1FL3C7,Invesco Perpetual UK Smaller Companies,UK Smaller Companies,0.1111111111111111,-0.08745566940943938,-0.21663248063214255,0.14792259845758796,651.0,-0.04761904761904767,,observed
2021-09,SEDOL:579403,Mercantile,UK All Companies,0.1111111111111111,-0.07628603280777191,-0.2541742968191025,0.14824909351647855,290.0,-0.08275862068965523,1.35,observed
2021-09,SEDOL:295958,Standard Life UK Smaller Companies,UK Smaller Companies,0.1111111111111111,-0.06502491654168074,-0.11886006064730328,0.1680209331721738,773.0,-0.04915912031047864,,observed
2021-09,SEDOL:454351,Montanaro European Smaller Companies,European Smaller Companies,0.1111111111111111,0.019353287654766183,-0.16658979330429327,0.21690320219535342,2120.0,-0.04772668811639025,,observed
2021-09,SEDOL:291633,Edinburgh Worldwide,Global Smaller Companies,0.1111111111111111,-0.010078120341105556,-1.0757230384776892,0.25193189837049695,332.0,-0.0737951807228916,,observed
2021-09,SEDOL:783884,Scottish Mortgage,Global,0.1111111111111111,-0.01990965127683786,-0.8273727843758072,0.3565761554911476,1369.0,0.043097151205259365,,observed
2021-10,SEDOL:906506,Henderson Smaller Companies,UK Smaller Companies,0.09090909090909091,-0.09409313254614504,-0.4761888869121758,0.12291374188155223,1226.0,-0.009787928221859699,,observed
2021-10,SEDOL:341969,JPMorgan European Discovery,European Smaller Companies,0.09090909090909091,-0.14361996876731642,-0.21317976582064427,0.12352504854435807,510.0,0.07058823529411762,,observed
2021-10,NAME:bankers|ordinary share,Bankers,Global,0.09090909090909091,-0.05745752582600516,-2.822509527021155,0.12663946415064442,110.4,0.032608695652173836,0.55,observed
2021-10,SEDOL:3353790,Premier Miton Global Renewables,Infrastructure Securities,0.09090909090909091,-0.09656110355546921,-0.3700462899493226,0.1269372986707914,186.0,0.043010752688172005,,observed
2021-10,SEDOL:579403,Mercantile,UK All Companies,0.09090909090909091,-0.09760151982901921,-0.7988180753490361,0.1326104238786602,266.0,-0.001879699248120259,,observed
2021-10,SEDOL:BZCNLL9,BB Healthcare,Biotechnology & Healthcare,0.09090909090909091,-0.007418777180864589,-1.2369116665970317,0.13293519718431412,194.0,0.028865979381443196,,observed
2021-10,SEDOL:341895,JPMorgan Emerging Markets,Global Emerging Markets,0.09090909090909091,-0.08628005657708637,-0.516782128592659,0.13434441981514464,129.2,0.003095975232198178,0.83,observed
2021-10,SEDOL:B1FL3C7,Invesco Perpetual UK Smaller Companies,UK Smaller Companies,0.09090909090909091,-0.11931818181818177,-0.748265105893125,0.1378860233634751,620.0,-0.040322580645161255,,observed
2021-10,SEDOL:454351,Montanaro European Smaller Companies,European Smaller Companies,0.09090909090909091,0.006593185364135001,-0.16660833953471657,0.19735783383798755,200.0,0.010000000000000009,,observed
2021-10,SEDOL:291633,Edinburgh Worldwide,Global Smaller Companies,0.09090909090909091,-0.042294755201195966,-2.338896857031385,0.23494687561538363,307.5,0.039024390243902474,,observed
2021-10,SEDOL:343501,JPMorgan China Growth & Income,China / Greater China,0.09090909090909091,-0.08958293055872901,-0.2607253165199074,0.33968753355127246,518.0,0.019305019305019266,5.7,observed
2021-11,SEDOL:341895,JPMorgan Emerging Markets,Global Emerging Markets,0.07142857142857144,-0.08045977011494254,-0.37040547568505816,0.12163395303633234,129.6,-0.03240740740740733,,observed
2021-11,NAME:bankers|ordinary share,Bankers,Global,0.07142857142857144,-0.05126498002663116,-2.298538484396828,0.12501571273929568,114.0,0.03508771929824572,,observed
2021-11,SEDOL:338530,Worldwide Healthcare,Biotechnology & Healthcare,0.07142857142857144,-0.024207616756545813,-1.863570238682323,0.1267223998928801,3675.0,-0.039455782312925125,7.0,observed
2021-11,SEDOL:906506,Henderson Smaller Companies,UK Smaller Companies,0.07142857142857144,-0.08598102695377208,-0.24569411700483879,0.12711722708162584,1214.0,-0.041186161449752845,,observed
2021-11,NAME:biotech growth|ordinary share,Biotech Growth,Biotechnology & Healthcare,0.07142857142857144,-0.07727443421748426,-0.6950946970360632,0.13152496383377876,1204.0,-0.03654485049833889,,observed
2021-11,SEDOL:914327,JPMorgan Global Growth & Income,Global Equity Income,0.07142857142857144,-0.0008421148462571804,-1.6522101624899423,0.13405626074904062,439.0,0.004555808656036442,4.24,observed
2021-11,SEDOL:579403,Mercantile,UK All Companies,0.07142857142857144,-0.08888126286890863,-0.5982973942837757,0.13462744803049503,265.5,-0.024482109227871973,,observed
2021-11,SEDOL:BZCNLL9,BB Healthcare,Biotechnology & Healthcare,0.07142857142857144,-0.0019001900190018794,-0.740145601017309,0.13597678221828524,199.6,-0.06713426853707416,,observed
2021-11,SEDOL:B1FL3C7,Invesco Perpetual UK Smaller Companies,UK Smaller Companies,0.07142857142857144,-0.13760616865234665,-1.028319840044342,0.13627254552224863,595.0,-0.0117647058823529,3.75,observed
2021-11,SEDOL:806372,Aberdeen Smaller Companies Income,UK Smaller Companies,0.07142857142857144,-0.16254998823806166,-0.7090952744872874,0.13654337265067695,356.0,0.00561797752808979,,observed
2021-11,SEDOL:295958,abrdn UK Smaller Companies Growth,UK Smaller Companies,0.07142857142857144,-0.06505102040816324,-0.08972621391203459,0.16160559538300243,733.0,-0.017735334242837686,,observed
2021-11,SEDOL:454351,Montanaro European Smaller Companies,European Smaller Companies,0.07142857142857144,-0.03772865853658536,-0.16666494548633726,0.20533620859161242,202.0,0.07920792079207928,,observed
2021-11,SEDOL:741600,JPMorgan UK Smaller Companies,UK Smaller Companies,0.07142857142857144,-0.10512997469519203,-0.1421774585519039,0.2204251479497551,389.0,-0.005141388174807249,,observed
2021-11,SEDOL:291633,Edinburgh Worldwide,Global Smaller Companies,0.07142857142857144,-0.03494729211345027,-1.88173980272354,0.24824911479531286,319.5,-0.032863849765258246,,observed
2021-12,SEDOL:906506,Henderson Smaller Companies,UK Smaller Companies,0.08333333333333333,-0.09502262443438914,-0.5386984104395786,0.1204996467800806,1164.0,0.06013745704467355,,observed
2021-12,SEDOL:B1FL3C7,Invesco Perpetual UK Smaller Companies,UK Smaller Companies,0.08333333333333333,-0.1084154662623199,-0.48253876514733623,0.12291807752698171,588.0,0.04251700680272119,,observed
2021-12,SEDOL:791887,Schroder AsiaPacific,Asia Pacific,0.08333333333333333,-0.11118668171208623,-0.8896100879357336,0.1263618791723358,575.0,0.026086956521739202,9.7,observed
2021-12,SEDOL:579403,Mercantile,UK All Companies,0.08333333333333333,-0.08693506310371579,-0.5612757681107122,0.12686631920936778,259.0,0.03667953667953672,1.35,observed
2021-12,NAME:bankers|ordinary share,Bankers,Global,0.08333333333333333,-0.01707621824239902,-0.5921221890063553,0.13161130532374654,118.0,0.04237288135593231,,observed
2021-12,SEDOL:806372,Aberdeen Smaller Companies Income,UK Smaller Companies,0.08333333333333333,-0.14692846590096753,-0.2689837609438591,0.13468324849703195,358.0,0.04748603351955305,,observed
2021-12,SEDOL:914327,JPMorgan Global Growth & Income,Global Equity Income,0.08333333333333333,0.01920543576232414,-0.40948682671182013,0.13470948235200467,441.0,0.05668934240362811,,observed
2021-12,SEDOL:341895,JPMorgan Emerging Markets,Global Emerging Markets,0.08333333333333333,-0.08899382491827101,-0.747283992375814,0.136820904913524,125.4,0.020733652312599604,,observed
2021-12,SEDOL:BD3V464,Ecofin Global Utilities and Infrastructure,Infrastructure Securities,0.08333333333333333,-0.057999605444860824,-0.1927265168800003,0.14033770649729907,191.0,0.041884816753926746,,observed
2021-12,SEDOL:295958,abrdn UK Smaller Companies Growth,UK Smaller Companies,0.08333333333333333,-0.06791290163891983,-0.21745830137418398,0.1525799728446659,720.0,0.05972222222222223,,observed
2021-12,SEDOL:454351,Montanaro European Smaller Companies,European Smaller Companies,0.08333333333333333,0.030537959723929253,-0.1665862721304861,0.23129148370759092,218.0,0.006880733944954143,,observed
2021-12,SEDOL:291633,Edinburgh Worldwide,Global Smaller Companies,0.08333333333333333,0.0007124813783276895,-0.4305235497665305,0.23297090099512335,309.0,-0.05339805825242716,,observed
2022-01,NAME:bankers|ordinary share,Bankers,Global,0.125,-0.007504236262406261,-0.13285954276332074,0.13167914405509365,123.0,-0.06829268292682933,,observed
2022-01,SEDOL:806372,abrdn Smaller Companies Income,UK Smaller Companies,0.125,-0.15167967424499496,-0.48754923269113626,0.13599498746740676,375.0,-0.09066666666666667,2.4,observed
2022-01,SEDOL:579403,Mercantile,UK All Companies,0.125,-0.10341603499515817,-0.9890637263246876,0.13632444698371654,268.5,-0.0912476722532588,,observed
2022-01,SEDOL:BD3V464,Ecofin Global Utilities and Infrastructure,Infrastructure Securities,0.125,-0.06577156002065632,-0.34147572406248017,0.14035374587889737,199.0,0.025125628140703515,,observed
2022-01,SEDOL:295958,abrdn UK Smaller Companies Growth,UK Smaller Companies,0.125,-0.0740853103573812,-0.4638912508597042,0.1596342763888663,763.0,-0.1402359108781127,,observed
2022-01,SEDOL:741600,JPMorgan UK Smaller Companies,UK Smaller Companies,0.125,-0.10998520378424426,-0.27489863795648284,0.21501442321120207,397.0,-0.11083123425692698,,observed
2022-01,SEDOL:291633,Edinburgh Worldwide,Global Smaller Companies,0.125,0.0063650438671942755,-0.23485517194345434,0.21640242022091777,292.5,-0.2222222222222222,,observed
2022-01,SEDOL:454351,Montanaro European Smaller Companies,European Smaller Companies,0.125,0.025844744590363122,-0.16659573052654364,0.2198044082796477,219.5,-0.21184510250569477,,observed
2022-02,SEDOL:B1FL3C7,Invesco Perpetual UK Smaller Companies,UK Smaller Companies,0.07142857142857144,-0.12653048715080384,-0.7249607815060258,0.10579224334714571,570.0,,3.75,invalid_price_nav_inconsistent
2022-02,SEDOL:579403,Mercantile,UK All Companies,0.07142857142857144,-0.09713228492136905,-0.8225719102601657,0.10852755001030717,244.0,-0.07377049180327866,,observed
2022-02,SEDOL:B44ZTP6,abrdn Latin American Income,Latin America,0.07142857142857144,-0.14553664466828753,-0.6512277924187657,0.10956044915522475,49.2,0.04674796747967469,,observed
2022-02,SEDOL:791887,Schroder AsiaPacific,Asia Pacific,0.07142857142857144,-0.0952388537568295,-0.12487308771802905,0.112016166420632,568.0,-0.035211267605633756,,observed
2022-02,SEDOL:341895,JPMorgan Emerging Markets,Global Emerging Markets,0.07142857142857144,-0.06883835279655803,-0.026963554221604208,0.11539071926824127,121.2,-0.07095709570957098,,observed
2022-02,SEDOL:537241,Martin Currie Global Portfolio,Global,0.07142857142857144,-0.01963480365196346,-1.4043900290947164,0.11561223465240764,356.5,-0.05189340813464238,,observed
2022-02,NAME:bankers|ordinary share,Bankers,Global,0.07142857142857144,-0.016899716908295392,-0.6374780501477769,0.11564131916446982,114.6,-0.048865619546247796,,observed
2022-02,SEDOL:295958,abrdn UK Smaller Companies Growth,UK Smaller Companies,0.07142857142857144,-0.07740774077407742,-0.5948682201680989,0.12050212035664307,656.0,-0.07317073170731703,,observed
2022-02,SEDOL:914327,JPMorgan Global Growth & Income,Global Equity Income,0.07142857142857144,0.010844825277815051,-1.010461706955863,0.13018518112928334,453.0,-0.015452538631346546,,observed
2022-02,SEDOL:291633,Edinburgh Worldwide,Global Smaller Companies,0.07142857142857144,-0.0812906352219036,-3.4012492326745205,0.16424115028990308,227.5,-0.00439560439560438,,observed
2022-02,SEDOL:454351,Montanaro European Smaller Companies,European Smaller Companies,0.07142857142857144,-0.026394282176824824,-0.1666611230399945,0.16993518285922346,173.0,-0.09017341040462423,,observed
2022-02,SEDOL:741600,JPMorgan UK Smaller Companies,UK Smaller Companies,0.07142857142857144,-0.11442261859963376,-0.364194474800719,0.18386465406727157,353.0,-0.09915014164305946,,observed
2022-02,SEDOL:783884,Scottish Mortgage,Global,0.07142857142857144,-0.01767994027785369,-0.7138214702028537,0.2720018866270472,1079.0,-0.06441149212233555,,observed
2022-02,SEDOL:339072,Allianz Technology,Technology & Media,0.07142857142857144,-0.07052323691907703,-1.5825816868955729,0.2747463424640296,286.0,-0.038461538461538436,,observed
2022-03,SEDOL:341895,JPMorgan Emerging Markets,Global Emerging Markets,0.0625,-0.08626146230625664,-0.7204137330355147,0.09191286402142482,112.6,0.01243339253996445,,observed
2022-03,SEDOL:537241,Martin Currie Global Portfolio,Global,0.0625,-0.014347369648897712,-1.0400418368050488,0.09266287256827513,338.0,0.044378698224851965,,observed
2022-03,SEDOL:132077,JPMorgan Asia Growth & Income,Asia Pacific Equity Income,0.0625,-0.02814620061503792,-0.033487103814177466,0.09440768624262266,414.0,-0.07004830917874394,,observed
2022-03,SEDOL:906692,European Smaller Companies,European Smaller Companies,0.0625,-0.149225332970916,-0.6663638044358797,0.09482937680961598,156.5,0.0,,observed
2022-03,SEDOL:791887,Schroder AsiaPacific,Asia Pacific,0.0625,-0.10241920953925276,-0.47008555208782693,0.09715248067333225,548.0,-0.014598540145985384,,observed
2022-03,NAME:bankers|ordinary share,Bankers,Global,0.0625,-0.037697536858832814,-1.6382659004044038,0.10014555184919538,109.0,-0.003669724770642202,,observed
2022-03,SEDOL:295958,abrdn UK Smaller Companies Growth,UK Smaller Companies,0.0625,-0.09103141024682682,-1.1212350309622017,0.10035421648247475,608.0,-0.021381578947368474,,observed
2022-03,SEDOL:BZCNLL9,Bellevue Healthcare,Biotechnology & Healthcare,0.0625,-0.05604719764011801,-3.5608462809332364,0.10249329988787574,169.6,0.0778301886792454,,observed
2022-03,SEDOL:B44ZTP6,abrdn Latin American Income,Latin America,0.0625,-0.13749790654831684,-0.3060328570665997,0.10578591088048804,51.5,0.07281553398058249,,observed
2022-03,SEDOL:914327,JPMorgan Global Growth & Income,Global Equity Income,0.0625,0.009369483546824764,-1.0576850463810656,0.11840264847811496,446.0,0.060538116591928315,4.24,observed
2022-03,SEDOL:BD3V464,Ecofin Global Utilities and Infrastructure,Infrastructure Securities,0.0625,-0.05966118340289717,-0.35160490490172536,0.12394816058732958,191.5,0.15926892950391647,,observed
2022-03,SEDOL:454351,Montanaro European Smaller Companies,European Smaller Companies,0.0625,-0.047561418371051545,-0.16668795196677613,0.14245795704669234,157.4,0.06734434561626435,,observed
2022-03,SEDOL:291633,Edinburgh Worldwide,Global Smaller Companies,0.0625,-0.08031508851713498,-2.855171234027845,0.1579436130901871,226.5,-0.015452538631346546,,observed
2022-03,SEDOL:741600,JPMorgan UK Smaller Companies,UK Smaller Companies,0.0625,-0.144586415601883,-0.9543508526107836,0.16303808212118265,318.0,0.0660377358490567,,observed
2022-03,SEDOL:783884,Scottish Mortgage,Global,0.0625,-0.004133413568250699,-0.22333432461250563,0.2442004627538063,1009.5,0.01634472511144125,,observed
2022-03,SEDOL:339072,Allianz Technology,Technology & Media,0.0625,-0.08247697851327918,-1.7858747105151622,0.2557172910992753,275.0,0.029090909090909056,,observed
2022-04,SEDOL:B7W0XJ6,BlackRock Sustainable American Income,North America,0.08333333333333333,-0.038726888050777286,-0.335457053871062,0.09389219507364856,209.0,0.004784688995215225,,observed
2022-04,SEDOL:B1FL3C7,Invesco Perpetual UK Smaller Companies,UK Smaller Companies,0.08333333333333333,-0.13417084606211094,-0.16745135812913348,0.09664181581171001,530.0,-0.030188679245283012,,observed
2022-04,SEDOL:295958,abrdn UK Smaller Companies Growth,UK Smaller Companies,0.08333333333333333,-0.11722378006261036,-2.0474418493266677,0.09666473330171708,595.0,-0.043697478991596594,,observed
2022-04,NAME:bankers|ordinary share,Bankers,Global,0.08333333333333333,-0.055487910941033336,-2.3132656654636783,0.09949171304492568,108.6,-0.025782688766114115,0.55,observed
2022-04,SEDOL:B6832P1,Polar Capital Global Healthcare,Biotechnology & Healthcare,0.08333333333333333,-0.09923434919681728,-0.188452013951766,0.10291705596606023,300.0,0.01333333333333342,,observed
2022-04,SEDOL:BZCNLL9,Bellevue Healthcare,Biotechnology & Healthcare,0.08333333333333333,-0.022093831915690365,-1.4667747126574031,0.11471831266687972,182.8,-0.07439824945295415,,observed
2022-04,SEDOL:B44ZTP6,abrdn Latin American Income,Latin America,0.08333333333333333,-0.1799020335460888,-1.9210426709948358,0.12695544313291426,55.25,0.04977375565610864,,observed
2022-04,SEDOL:454351,Montanaro European Smaller Companies,European Smaller Companies,0.08333333333333333,-0.020522388059701524,-0.1666586267792549,0.14529696883733328,168.0,-0.12023809523809514,,observed
2022-04,SEDOL:291633,Edinburgh Worldwide,Global Smaller Companies,0.08333333333333333,-0.10824969008677565,-3.1051136515944537,0.15869029577479926,223.0,-0.11838565022421532,,observed
2022-04,SEDOL:741600,JPMorgan UK Smaller Companies,UK Smaller Companies,0.08333333333333333,-0.11293698974251631,-0.36505831394646165,0.1595933010851853,339.0,-0.07079646017699115,,observed
2022-04,SEDOL:783884,Scottish Mortgage,Global,0.08333333333333333,-0.00573687882781615,-0.24870999850135353,0.23845989346351526,1026.0,-0.10916179337231968,,observed
2022-04,SEDOL:339072,Allianz Technology,Technology & Media,0.08333333333333333,-0.08918283930353055,-1.8102905204042123,0.25431494265020144,283.0,-0.10424028268551233,,observed
2022-05,SEDOL:537241,Martin Currie Global Portfolio,Global,0.16666666666666669,0.00395403435067343,-0.0005668349456558458,0.08535300818702214,325.0,-0.040000000000000036,,observed
2022-05,NAME:bankers|ordinary share,Bankers,Global,0.16666666666666669,-0.05804843304843299,-2.211089808010837,0.097419475203909,105.8,-0.017013232514177634,,observed
2022-05,SEDOL:454351,Montanaro European Smaller Companies,European Smaller Companies,0.16666666666666669,-0.06432008103317288,-0.16671213841140106,0.11729000695159444,147.8,-0.06765899864682001,,observed
2022-05,SEDOL:291633,Edinburgh Worldwide,Global Smaller Companies,0.16666666666666669,-0.09816513761467893,-2.4847712295721585,0.1253807586192183,196.6,-0.08952187182095628,,observed
2022-05,SEDOL:741600,JPMorgan UK Smaller Companies,UK Smaller Companies,0.16666666666666669,-0.1343537882327076,-0.8123288916348143,0.1373757262659236,315.0,-0.07936507936507942,,observed
2022-05,SEDOL:339072,Allianz Technology,Technology & Media,0.16666666666666669,-0.09551503906946868,-1.8159498992208227,0.22574260270043575,253.5,-0.09270216962524658,,observed
2022-06,SEDOL:791887,Schroder AsiaPacific,Asia Pacific,0.06666666666666668,-0.11262568324448341,-0.8421197819569833,0.07202342692119199,526.0,-0.026615969581749055,,observed
2022-06,SEDOL:341895,JPMorgan Emerging Markets,Global Emerging Markets,0.06666666666666668,-0.10607966457023066,-1.4226361587482668,0.07270665987228347,106.6,-0.015009380863039379,,observed
2022-06,SEDOL:537241,Martin Currie Global Portfolio,Global,0.06666666666666668,-0.007475743597900486,-0.640584027871232,0.07401411225063086,312.0,-0.07051282051282048,,observed
2022-06,SEDOL:B11V7W9,Alliance Trust,Global,0.06666666666666668,-0.060631108085768326,-0.43288505259742216,0.07887596036056108,966.0,-0.06418219461697727,6.0,observed
2022-06,NAME:bankers|ordinary share,Bankers,Global,0.06666666666666668,-0.06204906204906202,-2.179432152620253,0.08411167854921607,104.0,-0.049038461538461475,,observed
2022-06,SEDOL:454351,Montanaro European Smaller Companies,European Smaller Companies,0.06666666666666668,-0.1063553826199739,-0.16676280882876107,0.09658065208124758,137.8,-0.1291727140783745,,observed
2022-06,SEDOL:291633,Edinburgh Worldwide,Global Smaller Companies,0.06666666666666668,-0.1249938896221342,-2.727272461091027,0.09766272071279174,179.0,-0.029050279329608908,,observed
2022-06,SEDOL:B7W0XJ6,BlackRock Sustainable American Income,North America,0.06666666666666668,-0.06268850633381273,-0.8662773862220841,0.09846875998412528,202.0,-0.07425742574257421,,observed
2022-06,SEDOL:3353790,Premier Miton Global Renewables,Infrastructure Securities,0.06666666666666668,-0.10622126301961143,-0.5144879570886206,0.09950202471844004,190.5,-0.07874015748031493,1.75,observed
2022-06,SEDOL:914327,JPMorgan Global Growth & Income,Global Equity Income,0.06666666666666668,0.007006266330612521,-1.2442772070457695,0.11623394513520219,435.5,-0.09070034443168773,,observed
2022-06,SEDOL:B44ZTP6,abrdn Latin American Income,Latin America,0.06666666666666668,-0.1548862937922557,-0.9381832604152885,0.12294089369784307,55.0,-0.036363636363636376,,observed
2022-06,SEDOL:741600,JPMorgan UK Smaller Companies,UK Smaller Companies,0.06666666666666668,-0.16637921122226051,-1.4600945438576798,0.12315865373676593,290.0,-0.1103448275862069,,observed
2022-06,SEDOL:B15FW33,Geiger Counter,Commodities & Natural Resources,0.06666666666666668,0.010423314188470645,-0.8654809007346396,0.14305188144229247,47.5,-0.16315789473684206,,observed
2022-06,SEDOL:783884,Scottish Mortgage,Global,0.06666666666666668,-0.0645295973278901,-2.103253532973658,0.17501256867051299,806.6,-0.11306719563600298,,observed
2022-06,SEDOL:339072,Allianz Technology,Technology & Media,0.06666666666666668,-0.10397756048151463,-1.8586230027775341,0.1873866490501848,230.0,-0.09565217391304348,,observed
2022-07,SEDOL:341895,JPMorgan Emerging Markets,Global Emerging Markets,0.06666666666666668,-0.1024106684903403,-1.2182469581712831,0.06707487861020617,105.0,0.030476190476190546,,observed
2022-07,SEDOL:132077,JPMorgan Asia Growth & Income,Asia Pacific Equity Income,0.06666666666666668,-0.10640571123306297,-1.6990602703220383,0.06814218854940843,368.0,-0.008152173913043459,4.1,observed
2022-07,SEDOL:B09G3N2,Securities Trust of Scotland,Global Equity Income,0.06666666666666668,-0.013762496077464492,-0.18158760210478037,0.0690373560854437,220.0,0.036363636363636376,,observed
2022-07,SEDOL:338530,Worldwide Healthcare,Biotechnology & Healthcare,0.06666666666666668,-0.07671646802081578,-2.6028553663804366,0.07431661947741706,3135.0,0.08771929824561409,,observed
2022-07,SEDOL:454351,Montanaro European Smaller Companies,European Smaller Companies,0.06666666666666668,-0.12891986062717764,-0.16678734105781498,0.07600682641921515,120.0,0.16333333333333333,,observed
2022-07,NAME:bankers|ordinary share,Bankers,Global,0.06666666666666668,-0.07275454715919738,-2.3346531928867833,0.07713086504908863,98.9,0.06774519716885741,,observed
2022-07,SEDOL:B7W0XJ6,BlackRock Sustainable American Income,North America,0.06666666666666668,-0.07927129492860652,-1.2222459183436478,0.0834172185320133,187.0,0.09625668449197855,,observed
2022-07,SEDOL:291633,Edinburgh Worldwide,Global Smaller Companies,0.06666666666666668,-0.13922044475261253,-2.6390363050397783,0.08828977462083336,173.8,0.11392405063291133,,observed
2022-07,SEDOL:3353790,Premier Miton Global Renewables,Infrastructure Securities,0.06666666666666668,-0.1253862254559952,-1.069563370584212,0.09744251540769838,175.5,0.03703703703703698,,observed
2022-07,SEDOL:914327,JPMorgan Global Growth & Income,Global Equity Income,0.06666666666666668,-0.013870558059616012,-2.2609891504221826,0.10104908803850149,396.0,0.1275252525252526,,observed
2022-07,SEDOL:741600,JPMorgan UK Smaller Companies,UK Smaller Companies,0.06666666666666668,-0.1484586441349265,-1.099448002631082,0.10204652813788392,258.0,0.15116279069767447,,observed
2022-07,SEDOL:B15FW33,Geiger Counter,Commodities & Natural Resources,0.06666666666666668,-0.020453425332676134,-1.34963541437279,0.10814485078798822,39.75,0.05660377358490565,,observed
2022-07,SEDOL:B0N8MF9,BlackRock Energy and Resources Income,Commodities & Natural Resources,0.06666666666666668,-0.08586074327210591,-0.09075164382596712,0.16106266617637593,107.0,0.06542056074766345,,observed
2022-07,SEDOL:783884,Scottish Mortgage,Global,0.06666666666666668,-0.14238104942637586,-3.6096379233458205,0.16677596627413052,715.4,0.20492032429410134,,observed
2022-07,SEDOL:339072,Allianz Technology,Technology & Media,0.06666666666666668,-0.13473938183784673,-2.3069629830592464,0.17792108660134245,208.0,0.15865384615384626,,observed
2022-08,SEDOL:B09G3N2,Securities Trust of Scotland,Global Equity Income,0.0625,-0.015033696215655756,-0.25942668150266424,0.07661676932219458,228.0,0.030701754385964897,,observed
2022-08,SEDOL:537241,Martin Currie Global Portfolio,Global,0.0625,-0.007135266433884957,-0.5384593578161314,0.08133019661216406,327.0,-0.033639143730886834,,observed
2022-08,SEDOL:338530,Worldwide Healthcare,Biotechnology & Healthcare,0.0625,-0.029286511352508482,-0.7137140186819102,0.0819475623281213,3410.0,-0.04692082111436946,,observed
2022-08,SEDOL:BZCNLL9,Bellevue Healthcare,Biotechnology & Healthcare,0.0625,-0.0212340450561731,-1.286230201694362,0.08662689059782475,166.4,0.02524038461538458,,observed
2022-08,NAME:bankers|ordinary share,Bankers,Global,0.0625,-0.0625,-1.8054193322538175,0.08697860315791768,105.6,-0.018939393939393923,,observed
2022-08,SEDOL:291633,Edinburgh Worldwide,Global Smaller Companies,0.0625,-0.08402725208175632,-1.4309866512794396,0.09381592135942671,193.6,-0.040289256198347,,observed
2022-08,SEDOL:B7W0XJ6,BlackRock Sustainable American Income,North America,0.0625,-0.04433359750128196,-0.27583743455752124,0.09513042644010558,205.0,-0.012195121951219523,2.0,observed
2022-08,SEDOL:454351,Montanaro European Smaller Companies,European Smaller Companies,0.0625,-0.10328879753340192,-0.1667544878728483,0.09898595182428749,139.6,-0.09455587392550135,,observed
2022-08,SEDOL:741600,JPMorgan UK Smaller Companies,UK Smaller Companies,0.0625,-0.10979228486646886,-0.33726648770802914,0.10565214427759732,297.0,-0.04882154882154888,,observed
2022-08,SEDOL:3353790,Premier Miton Global Renewables,Infrastructure Securities,0.0625,-0.1539212495932314,-1.7729307113326904,0.10738015351937534,182.0,0.08516483516483508,,observed
2022-08,SEDOL:914327,JPMorgan Global Growth & Income,Global Equity Income,0.0625,0.022160157501945887,-0.22555054518579382,0.11467273163368655,446.5,-0.016797312430011146,,observed
2022-08,SEDOL:B15FW33,Geiger Counter,Commodities & Natural Resources,0.0625,-0.1497975708502024,-2.9043850207035744,0.13185008786356647,42.0,0.2142857142857142,,observed
2022-08,NAME:cqs natural resources growth and income|ordinary share,CQS Natural Resources Growth & Income,Commodities & Natural Resources,0.0625,-0.19482453690775392,-0.5295283658692552,0.15305953787560542,173.0,0.12138728323699421,,observed
2022-08,SEDOL:B0N8MF9,BlackRock Energy and Resources Income,Commodities & Natural Resources,0.0625,-0.08952959028831553,-0.1565962520405447,0.1610418408416568,114.0,0.11622807017543857,,observed
2022-08,SEDOL:783884,Scottish Mortgage,Global,0.0625,-0.049383532940735275,-1.0808834930523699,0.1778574449000122,862.0,-0.06519721577726223,,observed
2022-08,SEDOL:339072,Allianz Technology,Technology & Media,0.0625,-0.0993011174645887,-1.4369120324151037,0.1954519710566763,241.0,-0.03941908713692943,,observed
2022-09,SEDOL:B11V7W9,Alliance Trust,Global,0.07142857142857144,-0.06164925762168627,-0.4360340574938071,0.07211926958854843,972.0,-0.053497942386831254,6.0,observed
2022-09,SEDOL:454351,Montanaro European Smaller Companies,European Smaller Companies,0.07142857142857144,-0.11217250825314318,-0.16676323562668463,0.07514019239465736,126.4,-0.15031645569620256,,observed
2022-09,SEDOL:338530,Worldwide Healthcare,Biotechnology & Healthcare,0.07142857142857144,-0.09276163358736011,-2.745083852535477,0.07576380538828797,3250.0,0.020000000000000018,,observed
2022-09,NAME:bankers|ordinary share,Bankers,Global,0.07142857142857144,-0.07268170426065168,-2.008173639562123,0.0781211030214057,103.6,-0.07432432432432423,,observed
2022-09,SEDOL:B44ZTP6,abrdn Latin American Income,Latin America,0.07142857142857144,-0.17155541461867763,-1.5495979100904875,0.08543812347674393,52.25,0.05263157894736836,,observed
2022-09,SEDOL:741600,JPMorgan UK Smaller Companies,UK Smaller Companies,0.07142857142857144,-0.09431905616824832,-0.058116927187041145,0.0882338935663643,282.5,-0.14513274336283188,,observed
2022-09,SEDOL:B7W0XJ6,BlackRock Sustainable American Income,North America,0.07142857142857144,-0.052853133769878435,-0.4703757953423649,0.09344771561952966,202.5,-0.04691358024691361,,observed
2022-09,SEDOL:BZCNLL9,Bellevue Healthcare,Biotechnology & Healthcare,0.07142857142857144,-0.04425770308123256,-2.295723154142937,0.0936933095453538,170.6,-0.009378663540445475,,observed
2022-09,SEDOL:291633,Edinburgh Worldwide,Global Smaller Companies,0.07142857142857144,-0.15683427119259397,-2.5126616842318175,0.09688203704125342,185.8,-0.06135629709364909,,observed
2022-09,SEDOL:914327,JPMorgan Global Growth & Income,Global Equity Income,0.07142857142857144,-0.0023180764510704055,-1.495342545834714,0.11235724145833839,439.0,-0.0694760820045558,16.96,observed
2022-09,SEDOL:783884,Scottish Mortgage,Global,0.07142857142857144,-0.11052730343404016,-2.4034600223796927,0.16271101521949838,805.8,-0.02903946388682055,,observed
2022-09,SEDOL:B15FW33,Geiger Counter,Commodities & Natural Resources,0.07142857142857144,-0.12205198829402653,-2.2889668460124066,0.18137734838107614,51.0,-0.0980392156862745,,observed
2022-09,SEDOL:339072,Allianz Technology,Technology & Media,0.07142857142857144,-0.14074678939945073,-2.1220696325644464,0.18408779749295925,231.5,-0.0388768898488121,,observed
2022-09,SEDOL:343501,JPMorgan China Growth & Income,China / Greater China,0.07142857142857144,-0.10179640718562877,-1.0357288107615819,0.18825967134817034,354.0,-0.14689265536723162,,observed
2022-10,NAME:bankers|ordinary share,Bankers,Global,0.07142857142857144,-0.07387735393529693,-1.8892124252713458,0.06536348179367417,95.9,0.007299270072992581,0.6,observed
2022-10,SEDOL:741600,JPMorgan UK Smaller Companies,UK Smaller Companies,0.07142857142857144,-0.1561550019218002,-1.3336962442019924,0.06710189400900887,241.5,0.07453416149068315,,observed
2022-10,SEDOL:291633,Edinburgh Worldwide,Global Smaller Companies,0.07142857142857144,-0.12769469314259996,-1.8326495426039442,0.07465292162742004,174.4,-0.010321100917431214,,observed
2022-10,SEDOL:338530,Worldwide Healthcare,Biotechnology & Healthcare,0.07142857142857144,-0.07249377465655682,-1.8759699802667409,0.07990338480947116,3315.0,-0.004524886877828038,,observed
2022-10,SEDOL:B7W0XJ6,BlackRock Sustainable American Income,North America,0.07142857142857144,-0.04156527784674979,-0.08548518888228963,0.0826984050864085,193.0,0.023316062176165886,,observed
2022-10,SEDOL:BZCNLL9,Bellevue Healthcare,Biotechnology & Healthcare,0.07142857142857144,-0.029460747717222735,-1.4383914099755246,0.09465533294841152,169.0,-0.008284023668639118,,observed
2022-10,SEDOL:B44ZTP6,abrdn Latin American Income,Latin America,0.07142857142857144,-0.14089347079037795,-0.46211280756833323,0.09483622285296481,55.0,-0.009090909090909038,0.875,observed
2022-10,SEDOL:914327,JPMorgan Global Growth & Income,Global Equity Income,0.07142857142857144,-0.021650620299851542,-2.2760886839845846,0.11385255784985035,408.5,0.03427172582619331,,observed
2022-10,NAME:cqs natural resources growth and income|ordinary share,CQS Natural Resources Growth & Income,Commodities & Natural Resources,0.07142857142857144,-0.18247973470891676,-0.4337093361259977,0.15629882521525856,177.5,0.15492957746478875,1.26,observed
2022-10,SEDOL:783884,Scottish Mortgage,Global,0.07142857142857144,-0.10598183168599673,-2.090100854640532,0.1597720185421761,782.4,-0.0679959100204498,,observed
2022-10,SEDOL:343501,JPMorgan China Growth & Income,China / Greater China,0.07142857142857144,-0.11597681634564727,-1.294747132622154,0.16256962511671633,302.0,-0.17549668874172186,3.42,observed
2022-10,SEDOL:B15FW33,Geiger Counter,Commodities & Natural Resources,0.07142857142857144,-0.05017551104687179,-1.2846470005573496,0.1661926714921951,46.0,,,missing_next_price
2022-10,SEDOL:339072,Allianz Technology,Technology & Media,0.07142857142857144,-0.12467052205043472,-1.6613019462396628,0.17362470316071615,222.5,0.03146067415730336,,observed
2022-10,SEDOL:BDFGHW4,Baillie Gifford US Growth,North America,0.07142857142857144,-0.12572649148080073,-1.73911556102512,0.17425226862504395,176.0,-0.0625,,observed
2022-11,SEDOL:455934,International Biotechnology,Biotechnology & Healthcare,0.06666666666666668,-0.06253605630552672,-1.0192172673496358,0.062333439239775246,650.0,0.06461538461538452,,observed
2022-11,SEDOL:291633,Edinburgh Worldwide,Global Smaller Companies,0.06666666666666668,-0.1234128999492129,-1.6382519116587138,0.0648511642648908,172.6,0.02549246813441486,,observed
2022-11,SEDOL:741600,JPMorgan UK Smaller Companies,UK Smaller Companies,0.06666666666666668,-0.12805349282618195,-0.7746644722947964,0.06598346388980784,259.5,0.12331406551059731,6.9,observed
2022-11,SEDOL:B09G3N2,Securities Trust of Scotland,Global Equity Income,0.06666666666666668,-0.017927761666227338,-0.5817229025444977,0.06679567544442624,223.5,0.02684563758389258,,observed
2022-11,SEDOL:3353790,Premier Miton Global Renewables,Infrastructure Securities,0.06666666666666668,-0.15145425110255117,-1.6319890238171677,0.07253401586837908,152.0,0.07236842105263164,,observed
2022-11,SEDOL:338530,Worldwide Healthcare,Biotechnology & Healthcare,0.06666666666666668,-0.09203216957537363,-2.291664542022081,0.08565786088935959,3300.0,0.0,7.0,observed
2022-11,SEDOL:B7W0XJ6,BlackRock Sustainable American Income,North America,0.06666666666666668,-0.07394382707366254,-1.0596696245557047,0.08996210937373171,197.5,0.04303797468354431,2.0,observed
2022-11,SEDOL:BZCNLL9,Bellevue Healthcare,Biotechnology & Healthcare,0.06666666666666668,-0.041189931350114506,-1.8600360117237438,0.09547699612107557,167.6,-0.05608591885441527,,observed
2022-11,SEDOL:343501,JPMorgan China Growth & Income,China / Greater China,0.06666666666666668,-0.1208248005084388,-1.391441506930704,0.10544903169690968,249.0,0.31325301204819267,,observed
2022-11,SEDOL:B44ZTP6,abrdn Latin American Income,Latin America,0.06666666666666668,-0.1808206823989178,-1.7453122766713056,0.10774366187949211,54.5,-0.022935779816513735,,observed
2022-11,SEDOL:BD3V464,Ecofin Global Utilities and Infrastructure,Infrastructure Securities,0.06666666666666668,-0.024156900263095027,-0.3718934244695674,0.10871951650860792,204.0,0.02941176470588225,,observed
2022-11,SEDOL:914327,JPMorgan Global Growth & Income,Global Equity Income,0.06666666666666668,-0.024722420996745154,-2.2035187168555965,0.11552041447756875,422.5,0.035502958579881616,4.25,observed
2022-11,SEDOL:783884,Scottish Mortgage,Global,0.06666666666666668,-0.13125320180611644,-2.365493353923707,0.13937993225084672,729.2,0.0554031815688425,,observed
2022-11,SEDOL:339072,Allianz Technology,Technology & Media,0.06666666666666668,-0.09506722921020472,-1.0086057300909812,0.15273681937017863,229.5,-0.05664488017429192,,observed
2022-11,SEDOL:BDFGHW4,Baillie Gifford US Growth,North America,0.06666666666666668,-0.1558806978052898,-1.9743964235130194,0.16333156652876818,165.0,-0.029090909090909167,,observed
2022-12,NAME:bankers|ordinary share,Bankers,Global,0.058823529411764705,-0.08120233288470158,-1.8137797870900334,0.07444209643482941,102.4,-0.033203125,,observed
2022-12,SEDOL:455934,International Biotechnology,Biotechnology & Healthcare,0.058823529411764705,-0.06150403471892596,-0.9479583079605882,0.0794051287355655,692.0,0.020231213872832443,14.0,observed
2022-12,SEDOL:454351,Montanaro European Smaller Companies,European Smaller Companies,0.058823529411764705,-0.09078535456648973,-0.166731186853861,0.08431308642746169,133.6,0.01272455089820368,,observed
2022-12,SEDOL:BZCNLL9,Bellevue Healthcare,Biotechnology & Healthcare,0.058823529411764705,-0.0757186258471606,-2.9457591981776217,0.08587800932906924,158.2,-0.031605562579013924,,observed
2022-12,SEDOL:338530,Worldwide Healthcare,Biotechnology & Healthcare,0.058823529411764705,-0.09087152361667838,-2.0484794081210933,0.08904926202451324,3300.0,-0.022727272727272707,,observed
2022-12,SEDOL:3353790,Premier Miton Global Renewables,Infrastructure Securities,0.058823529411764705,-0.1269883776980344,-0.9454012709959232,0.09234455774668081,163.0,-0.04601226993865026,1.75,observed
2022-12,SEDOL:B7W0XJ6,BlackRock Sustainable American Income,North America,0.058823529411764705,-0.05573890722405572,-0.4202384871285675,0.09574400082936256,206.0,-0.058252427184465994,,observed
2022-12,SEDOL:741600,JPMorgan UK Smaller Companies,UK Smaller Companies,0.058823529411764705,-0.09536666356329337,-0.08556609817962588,0.0957921500451486,291.5,-0.04974271012006859,,observed
2022-12,SEDOL:B44ZTP6,abrdn Latin American Income,Latin America,0.058823529411764705,-0.14990421455938696,-0.6734121701547656,0.10104583378911705,53.25,-0.018779342723004744,,observed
2022-12,SEDOL:BD3V464,Ecofin Global Utilities and Infrastructure,Infrastructure Securities,0.058823529411764705,-0.044933600145533936,-1.034766900842182,0.1221041030541131,210.0,0.03333333333333344,,observed
2022-12,SEDOL:914327,JPMorgan Global Growth & Income,Global Equity Income,0.058823529411764705,-0.030878965089491395,-2.234724813007691,0.12646546840473283,437.5,-0.026285714285714246,,observed
2022-12,SEDOL:846505,JPMorgan American,North America,0.058823529411764705,-0.057580643047199564,-0.807139842050502,0.1413000337921348,719.0,-0.04728789986091797,,observed
2022-12,SEDOL:783884,Scottish Mortgage,Global,0.058823529411764705,-0.09313725490196079,-1.480975876607071,0.14438877440513026,769.6,-0.060810810810810856,,observed
2022-12,SEDOL:BDFGHW4,Baillie Gifford US Growth,North America,0.058823529411764705,-0.14560000000000006,-1.7024940321818591,0.14988973828462684,160.2,-0.07927590511860172,,observed
2022-12,SEDOL:343501,JPMorgan China Growth & Income,China / Greater China,0.058823529411764705,-0.07123381049761413,-0.48389149476537446,0.1527183034723113,327.0,0.05657492354740068,,observed
2022-12,SEDOL:339072,Allianz Technology,Technology & Media,0.058823529411764705,-0.13645247497108215,-1.700976925480416,0.1538194274177675,216.5,-0.03002309468822173,,observed
2022-12,NAME:cqs natural resources growth and income|ordinary share,CQS Natural Resources Growth & Income,Commodities & Natural Resources,0.058823529411764705,-0.15642915642915634,-0.06734796698001547,0.17997249532916806,206.0,-0.04611650485436891,,observed
2023-01,SEDOL:741600,JPMorgan UK Smaller Companies,UK Smaller Companies,0.0625,-0.11819947155636201,-0.5216339075169154,0.07684272619495444,277.0,0.05054151624548742,,observed
2023-01,SEDOL:338530,Worldwide Healthcare,Biotechnology & Healthcare,0.0625,-0.07583325452841705,-1.5134114421175484,0.07901990172724865,3225.0,-0.027906976744186074,,observed
2023-01,SEDOL:341710,JPMorgan US Smaller Companies,North American Smaller Companies,0.0625,-0.07345971563981046,-0.4419428591866605,0.08120436437857394,391.0,0.03324808184143224,,observed
2023-01,SEDOL:3353790,Premier Miton Global Renewables,Infrastructure Securities,0.0625,-0.1286074530680863,-0.9578274681544615,0.0821773337832648,155.5,0.022508038585209,,observed
2023-01,SEDOL:B7W0XJ6,BlackRock Sustainable American Income,North America,0.0625,-0.0649250494047332,-0.7205471894119703,0.08279992124496546,194.0,0.03608247422680422,,observed
2023-01,SEDOL:B44ZTP6,abrdn Latin American Income,Latin America,0.0625,-0.13778877887788776,-0.25193930175940743,0.08317171049189015,52.25,0.07655502392344493,0.875,observed
2023-01,SEDOL:454351,Montanaro European Smaller Companies,European Smaller Companies,0.0625,-0.08968579694543488,-0.16672818218280322,0.0836930881115401,135.3,0.009608277900960749,,observed
2023-01,SEDOL:BZCNLL9,Bellevue Healthcare,Biotechnology & Healthcare,0.0625,-0.08890871245911403,-2.945677830704916,0.08799764292430969,153.2,0.08485639686684077,,observed
2023-01,SEDOL:3123249,Impax Environmental Markets,Environmental,0.0625,2.383847052378485e-05,-0.840240509329787,0.0893078326915346,419.5,0.025029797377830842,,observed
2023-01,SEDOL:914327,JPMorgan Global Growth & Income,Global Equity Income,0.0625,-0.007802492139280415,-1.169703438264949,0.11019180177922695,426.0,0.06455399061032874,,observed
2023-01,SEDOL:BDFGHW4,Baillie Gifford US Growth,North America,0.0625,-0.14867828696756313,-1.6201621644072832,0.12815917117319792,147.5,0.018305084745762645,,observed
2023-01,SEDOL:783884,Scottish Mortgage,Global,0.0625,-0.08677414464042055,-1.2762880311463798,0.12935068012950618,722.8,0.03652462645268417,,observed
2023-01,SEDOL:339072,Allianz Technology,Technology & Media,0.0625,-0.0864799025578562,-0.6921845769700391,0.13703876733402207,210.0,0.0452380952380953,,observed
2023-01,SEDOL:B15FW33,Geiger Counter,Commodities & Natural Resources,0.0625,-0.08182989690721654,-1.605086287753446,0.14169799228290963,42.75,0.0935672514619883,,observed
2023-01,NAME:cqs natural resources growth and income|ordinary share,CQS Natural Resources Growth & Income,Commodities & Natural Resources,0.0625,-0.15798945879933157,-0.15410841739793177,0.15218080240228238,196.5,0.06870229007633588,1.26,observed
2023-01,SEDOL:343501,JPMorgan China Growth & Income,China / Greater China,0.0625,-0.07699294721094252,-0.5667038319553777,0.15931934056516803,345.5,0.15918958031837915,3.42,observed
2023-02,SEDOL:455934,International Biotechnology,Biotechnology & Healthcare,0.07142857142857144,-0.0465179542981502,-0.5279521886842303,0.07747600461287901,701.0,-0.015691868758915817,,observed
2023-02,SEDOL:741600,JPMorgan UK Smaller Companies,UK Smaller Companies,0.07142857142857144,-0.09806595586412092,-0.07279830713613346,0.07959145621334195,291.0,-0.04295532646048106,,observed
2023-02,SEDOL:454351,Montanaro European Smaller Companies,European Smaller Companies,0.07142857142857144,-0.11067708333333337,-0.1667492964502411,0.08773804239352134,136.6,0.04538799414348471,,observed
2023-02,SEDOL:B7W0XJ6,BlackRock Sustainable American Income,North America,0.07142857142857144,-0.07142197172687803,-1.0044318988528913,0.09345745576593822,201.0,0.02487562189054726,,observed
2023-02,SEDOL:3353790,Premier Miton Global Renewables,Infrastructure Securities,0.07142857142857144,-0.11725516322451701,-0.6352783221924099,0.09430824516839759,159.0,-0.08176100628930816,,observed
2023-02,SEDOL:BZCNLL9,Bellevue Healthcare,Biotechnology & Healthcare,0.07142857142857144,-0.07207861090949708,-2.1462742569838684,0.10162866773973099,166.2,-0.013237063778579916,,observed
2023-02,SEDOL:341710,JPMorgan US Smaller Companies,North American Smaller Companies,0.07142857142857144,-0.12185367126027036,-1.2788829468247422,0.10366287974355792,404.0,0.07178217821782185,,observed
2023-02,SEDOL:3123249,Impax Environmental Markets,Environmental,0.07142857142857144,-0.0461401952085182,-1.8522215826947332,0.1082135969848361,430.0,0.013953488372093092,2.5,observed
2023-02,SEDOL:914327,JPMorgan Global Growth & Income,Global Equity Income,0.07142857142857144,0.002808305508259057,-0.6796414970528453,0.1222982566464336,453.5,0.01764057331863289,,observed
2023-02,SEDOL:846505,JPMorgan American,North America,0.07142857142857144,-0.06924845895304055,-1.3625444764749017,0.12686576449026377,684.0,0.04970760233918137,,observed
2023-02,SEDOL:783884,Scottish Mortgage Investment Trust,Global,0.07142857142857144,-0.14387905520448852,-2.170524485603309,0.13638011214271784,749.2,-0.04778430325680738,,observed
2023-02,SEDOL:339072,Allianz Technology,Technology & Media,0.07142857142857144,-0.10884657545369658,-1.0636039051890167,0.1390213358566316,219.5,0.02277904328018221,,observed
2023-02,SEDOL:BDFGHW4,Baillie Gifford US Growth,North America,0.07142857142857144,-0.20042587170614856,-2.0532636268549957,0.144806736806197,150.2,-0.003994673768308865,,observed
2023-02,SEDOL:B15FW33,Geiger Counter,Commodities & Natural Resources,0.07142857142857144,-0.11642411642411632,-1.8619747819525787,0.21506314414298916,46.75,-0.0802139037433155,,observed
2023-03,SEDOL:741600,JPMorgan UK Smaller Companies,UK Smaller Companies,0.07692307692307694,-0.13883735312306733,-0.9194511011587583,0.0846186661436418,278.5,-0.07360861759425497,,observed
2023-03,SEDOL:454351,Montanaro European Smaller Companies,European Smaller Companies,0.07692307692307694,-0.09333333333333327,-0.16672766052577542,0.09720741840798638,142.8,-0.036414565826330625,,observed
2023-03,SEDOL:BZCNLL9,Bellevue Healthcare Trust,Biotechnology & Healthcare,0.07692307692307694,-0.0651541925554352,-1.7623831056906911,0.10414940656051225,164.0,-0.07804878048780495,,observed
2023-03,SEDOL:341710,JPMorgan US Smaller Companies,North American Smaller Companies,0.07692307692307694,-0.060533738338034215,-0.1200661768662569,0.1056204116424287,433.0,-0.0969976905311778,,observed
2023-03,SEDOL:3353790,Premier Miton Global Renewables,Infrastructure Securities,0.07692307692307694,-0.17723302338686953,-1.9769571877140926,0.10905481484048592,146.0,-0.07876712328767121,1.75,observed
2023-03,SEDOL:3123249,Impax Environmental Markets,Environmental,0.07692307692307694,-0.027415289210109606,-1.3207708198313484,0.11194078565066291,436.0,-0.017201834862385357,,observed
2023-03,SEDOL:783884,Scottish Mortgage Investment Trust,Global,0.07692307692307694,-0.1463341669757925,-2.04357077131087,0.12489260310318646,713.4,-0.04878048780487798,,observed
2023-03,SEDOL:914327,JPMorgan Global Growth & Income,Global Equity Income,0.07692307692307694,0.019281312807827522,-0.044366592645054936,0.12590840425560615,461.5,-0.010834236186348822,4.25,observed
2023-03,SEDOL:339072,Allianz Technology Trust,Technology & Media,0.07692307692307694,-0.0985021884913464,-0.854372658984559,0.13308532674723292,224.5,0.026726057906458767,,observed
2023-03,SEDOL:BDFGHW4,Baillie Gifford US Growth,North America,0.07692307692307694,-0.18371801167676116,-1.7266710874723423,0.13646591156291243,149.6,-0.050802139037433136,,observed
2023-03,NAME:cqs natural resources growth and income|ordinary share,CQS Natural Resources Growth & Income,Commodities & Natural Resources,0.07692307692307694,-0.16797137105792892,-0.44473484285430465,0.1420798747493026,186.0,-0.056451612903225756,,observed
2023-03,SEDOL:343501,JPMorgan China Growth & Income,China / Greater China,0.07692307692307694,-0.046087294104597665,-0.12613819046037564,0.14513935158789631,344.0,-0.0566860465116279,,observed
2023-03,SEDOL:B15FW33,Geiger Counter,Commodities & Natural Resources,0.07692307692307694,-0.10323253388946829,-1.5823844605891713,0.20430515412924014,43.0,-0.13953488372093026,,observed
2023-04,SEDOL:B7W0XJ6,BlackRock Sustainable American Income,North America,0.06666666666666668,-0.07551625383108074,-1.155985968128372,0.09034469458578327,184.0,0.05163043478260865,,observed
2023-04,SEDOL:341710,JPMorgan US Smaller Companies,North American Smaller Companies,0.06666666666666668,-0.08317114920158519,-0.5867829030125883,0.09050365022903724,391.0,-0.053708439897698246,2.5,observed
2023-04,SEDOL:BZCNLL9,Bellevue Healthcare Trust,Biotechnology & Healthcare,0.06666666666666668,-0.07284768211920545,-1.8533541148333759,0.09272264669377278,151.2,0.006613756613756516,,observed
2023-04,SEDOL:337582,Fidelity European Trust,Europe,0.06666666666666668,-0.07139511173569213,-0.008015339907635144,0.09373188905094089,337.0,0.05192878338278928,,observed
2023-04,SEDOL:537241,Martin Currie Global Portfolio,Global,0.06666666666666668,-0.010645683869474731,-0.559206970501725,0.09650190244984136,342.0,0.020467836257309857,1.5,observed
2023-04,SEDOL:454351,Montanaro European Smaller Companies,European Smaller Companies,0.06666666666666668,-0.131422800151496,-0.16677169293740912,0.10261904013368868,137.6,0.018895348837209225,,observed
2023-04,SEDOL:3353790,Premier Miton Global Renewables,Infrastructure Securities,0.06666666666666668,-0.20677046473224814,-2.4021629170048673,0.1082411309428816,134.5,0.06319702602230493,,observed
2023-04,SEDOL:3123249,Impax Environmental Markets,Environmental,0.06666666666666668,-0.022225264695144187,-1.1337893177144098,0.11119022187880716,428.5,-0.04200700116686118,,observed
2023-04,SEDOL:BDFGHW4,Baillie Gifford US Growth,North America,0.06666666666666668,-0.2256094235698315,-2.0070044328319865,0.1341692133790659,142.0,-0.03943661971830981,,observed
2023-04,SEDOL:914327,JPMorgan Global Growth & Income,Global Equity Income,0.06666666666666668,0.009308187225010478,-0.46051146695701406,0.13914077051947332,456.5,-0.00766703176341732,,observed
2023-04,SEDOL:783884,Scottish Mortgage Investment Trust,Global,0.06666666666666668,-0.19680901429788844,-2.5546577577722744,0.13931236694278648,678.6,-0.07338638373121142,,observed
2023-04,NAME:cqs natural resources growth and income|ordinary share,CQS Natural Resources Growth & Income,Commodities & Natural Resources,0.06666666666666668,-0.1700558025158423,-0.5310012785672417,0.15035746935970823,175.5,0.01139601139601143,1.26,observed
2023-04,SEDOL:339072,Allianz Technology Trust,Technology & Technology Innovation,0.06666666666666668,-0.1305495831918827,-1.4115601091510395,0.1565212247291114,230.5,-0.02386117136659438,,observed
2023-04,SEDOL:343501,JPMorgan China Growth & Income,China / Greater China,0.06666666666666668,-0.10232648206036132,-1.2796247956164666,0.15814672825387477,324.5,-0.12018489984591685,3.42,observed
2023-04,SEDOL:B15FW33,Geiger Counter,Commodities & Natural Resources,0.06666666666666668,-0.11398467432950188,-1.6336047758388266,0.20201441785728014,37.0,0.0,,observed
2023-05,SEDOL:455934,International Biotechnology,Biotechnology & Healthcare,0.07692307692307694,-0.05522534152327174,-0.9055487124112249,0.08349244006879888,666.0,-0.007507507507507505,,observed
2023-05,SEDOL:BZCNLL9,Bellevue Healthcare Trust,Biotechnology & Healthcare,0.07692307692307694,-0.07735208535402538,-1.8349641603064626,0.08632582883679309,152.2,-0.031537450722733174,,observed
2023-05,SEDOL:3353790,Premier Miton Global Renewables,Infrastructure Securities,0.07692307692307694,-0.15669045232057555,-1.2331641716892483,0.08773924655621106,143.0,-0.006993006993006978,,observed
2023-05,SEDOL:338530,Worldwide Healthcare Trust,Biotechnology & Healthcare,0.07692307692307694,-0.09937541824670981,-1.6710346991219276,0.08931110133703767,3230.0,-0.01393188854489169,,observed
2023-05,SEDOL:454351,Montanaro European Smaller Companies,European Smaller Companies,0.07692307692307694,-0.12756689483509642,-0.16676438650877423,0.09483050672638432,140.2,-0.021398002853067033,,observed
2023-05,SEDOL:3123249,Impax Environmental Markets,Environmental,0.07692307692307694,-0.04249860048516518,-1.4979862212902817,0.10528225019598171,410.5,-0.013398294762484775,,observed
2023-05,SEDOL:783884,Scottish Mortgage Investment Trust,Global,0.07692307692307694,-0.19564049428198638,-2.28228479281201,0.11254626773479093,628.8,0.0588422391857506,,observed
2023-05,SEDOL:BDFGHW4,Baillie Gifford US Growth,North America,0.07692307692307694,-0.20987082198922546,-1.7087157330806113,0.1126133015566459,136.4,0.061583577712609916,,observed
2023-05,SEDOL:343501,JPMorgan China Growth & Income,China / Greater China,0.07692307692307694,-0.10050409577819774,-1.1833209248597372,0.13063506672863665,285.5,-0.11908931698774083,,observed
2023-05,SEDOL:914327,JPMorgan Global Growth & Income,Global Equity Income,0.07692307692307694,0.011634918153598628,-0.3561774773643107,0.13074305302173647,453.0,0.007726269315673218,,observed
2023-05,SEDOL:339072,Allianz Technology Trust,Technology & Technology Innovation,0.07692307692307694,-0.10873440285204983,-0.9292862545564348,0.13866232143023324,225.0,0.13777777777777778,,observed
2023-05,SEDOL:BF50VS4,Ashoka India Equity,India / Indian Subcontinent,0.07692307692307694,-0.05215808075398953,-1.8055267936438706,0.17790172428493356,177.0,0.08192090395480234,,observed
2023-05,SEDOL:B15FW33,Geiger Counter,Commodities & Natural Resources,0.07692307692307694,-0.055640632976008186,-0.9586423842539527,0.18181051242032698,37.0,-0.06756756756756754,,observed
2023-06,SEDOL:338530,Worldwide Healthcare Trust,Biotechnology & Healthcare,0.0625,-0.10239464762296624,-1.6232522067505715,0.07125895364108327,3185.0,-0.00784929356357933,24.0,observed
2023-06,SEDOL:B11V7W9,Alliance Trust,Global,0.0625,-0.06055171235801515,-0.32914116011136024,0.07369137503084992,990.0,0.018181818181818077,,observed
2023-06,SEDOL:537241,Martin Currie Global Portfolio,Global,0.0625,-0.004267425320056972,-0.2764100749637243,0.08059069606546043,343.0,0.020408163265306145,,observed
2023-06,SEDOL:454351,Montanaro European Smaller Companies,European Smaller Companies,0.0625,-0.13503971756398947,-0.16677154109936487,0.08173656868357752,137.2,0.014577259475218707,,observed
2023-06,SEDOL:3353790,Premier Miton Global Renewables,Infrastructure Securities,0.0625,-0.12215628090999009,-0.42691487585761484,0.08410828507579965,142.0,-0.07042253521126762,,observed
2023-06,SEDOL:343501,JPMorgan China Growth & Income,China / Greater China,0.0625,-0.11754385964912284,-1.548566877358141,0.08762194457763946,251.5,0.025844930417495027,,observed
2023-06,SEDOL:3123249,Impax Environmental Markets,Environmental,0.0625,-0.03884946721408744,-1.3436699790040132,0.09161984555611173,405.0,0.012345679012345734,,observed
2023-06,SEDOL:BDFGHW4,Baillie Gifford US Growth,North America,0.0625,-0.224050158083704,-1.719104924857171,0.10310217483109883,144.8,0.06353591160220984,,observed
2023-06,SEDOL:783884,Scottish Mortgage Investment Trust,Global,0.0625,-0.18912664872303897,-1.9990942046222666,0.10615719384461801,665.8,0.00090117152297986,,observed
2023-06,SEDOL:BD3V464,Ecofin Global Utilities and Infrastructure,Infrastructure Securities,0.0625,-0.015196223074653292,-0.3432216536930165,0.11249533029163504,200.25,-0.06367041198501877,,observed
2023-06,SEDOL:B0N8MF9,BlackRock Energy and Resources Income,Commodities & Natural Resources,0.0625,-0.09150113969391083,-0.7118971915434201,0.12088865023092062,111.6,0.021505376344086002,1.1,observed
2023-06,SEDOL:914327,JPMorgan Global Growth & Income,Global Equity Income,0.0625,0.004002815166710638,-0.6944482234009793,0.1280235164388344,456.5,0.020810514786418377,4.25,observed
2023-06,SEDOL:846505,JPMorgan American,North America,0.0625,-0.04190827622561932,-0.12029477691066866,0.13246154504939212,727.0,0.049518569463548934,,observed
2023-06,SEDOL:339072,Allianz Technology Trust,Technology & Technology Innovation,0.0625,-0.11818401019599734,-1.0577498784591923,0.14853041103139225,256.0,0.0234375,,observed
2023-06,SEDOL:B15FW33,Geiger Counter,Commodities & Natural Resources,0.0625,-0.09448818897637801,-1.3087750764935675,0.17143826075791888,34.5,0.05797101449275366,,observed
2023-06,SEDOL:BF50VS4,Ashoka India Equity,India / Indian Subcontinent,0.0625,-0.03788183279742763,-1.329732918643093,0.1906266847946419,191.5,0.09138381201044377,,observed
2023-07,SEDOL:B7W0XJ6,BlackRock Sustainable American Income,North America,0.058823529411764705,-0.07356676794341788,-1.1834705777488326,0.07423477041331639,186.0,0.026881720430107503,,observed
2023-07,SEDOL:454351,Montanaro European Smaller Companies,European Smaller Companies,0.058823529411764705,-0.1139965629177011,-0.1667441728929651,0.07486947478704122,139.2,-0.02298850574712641,,observed
2023-07,SEDOL:B11V7W9,Alliance Trust,Global,0.058823529411764705,-0.07231011347635219,-1.6238402070331996,0.07798598713203292,1008.0,0.037698412698412787,,observed
2023-07,SEDOL:346607,F&C Investment Trust,Global,0.058823529411764705,-0.09546484789253706,-1.0446848614530393,0.07981004952978488,870.0,0.026436781609195492,,observed
2023-07,SEDOL:537241,Martin Currie Global Portfolio,Global,0.058823529411764705,-0.00959280115453176,-0.6009389029717624,0.08561569103957044,350.0,0.0,0.9,observed
2023-07,SEDOL:3353790,Premier Miton Global Renewables,Infrastructure Securities,0.058823529411764705,-0.15579432079815814,-1.139951382980207,0.09282405939625113,132.0,0.015151515151515138,,observed
2023-07,SEDOL:3123249,Impax Environmental Markets,Environmental,0.058823529411764705,-0.05000231706751934,-1.4953560213452717,0.10058283167047721,410.0,0.017073170731707332,,observed
2023-07,SEDOL:BDFGHW4,Baillie Gifford US Growth,North America,0.058823529411764705,-0.2011619462599855,-1.4015204958272707,0.10190513445182493,154.0,0.0714285714285714,,observed
2023-07,SEDOL:343501,JPMorgan China Growth & Income,China / Greater China,0.058823529411764705,-0.10837710810063594,-1.367717219244115,0.10364404193064408,258.0,0.10658914728682167,3.42,observed
2023-07,SEDOL:783884,Scottish Mortgage Investment Trust,Global,0.058823529411764705,-0.2122000236434567,-2.1081761725015666,0.10478973629797922,666.4,0.10414165666266495,,observed
2023-07,SEDOL:BD3V464,Ecofin Global Utilities and Infrastructure,Infrastructure Securities,0.058823529411764705,-0.08303990610328638,-2.490052058445097,0.11017952632684,187.5,0.005333333333333412,1.95,observed
2023-07,SEDOL:B0N8MF9,BlackRock Energy and Resources Income,Commodities & Natural Resources,0.058823529411764705,-0.10461828463713474,-1.1354518491065964,0.1302012805002328,114.0,0.04561403508771922,,observed
2023-07,SEDOL:914327,JPMorgan Global Growth & Income,Global Equity Income,0.058823529411764705,0.012119369271534675,-0.28999212859216944,0.13080146780508417,466.0,0.02682403433476388,,observed
2023-07,NAME:cqs natural resources growth and income|ordinary share,CQS Natural Resources Growth & Income,Commodities & Natural Resources,0.058823529411764705,-0.1697688087774295,-0.6464720760124039,0.1318808365630919,169.5,0.06784660766961648,1.82,observed
2023-07,SEDOL:846505,JPMorgan American,North America,0.058823529411764705,-0.04090303441687404,-0.10559730221919418,0.13976599770997647,763.0,0.03407601572739183,,observed
2023-07,SEDOL:339072,Allianz Technology Trust,Technology & Technology Innovation,0.058823529411764705,-0.11739935994610085,-0.9858016467920498,0.1530080771668536,262.0,0.04580152671755733,,observed
2023-07,SEDOL:B15FW33,Geiger Counter,Commodities & Natural Resources,0.058823529411764705,-0.1736472719040073,-1.9541613687157948,0.20019529691482071,36.5,0.06164383561643838,,observed
2023-08,SEDOL:B7W0XJ6,BlackRock Sustainable American Income,North America,0.0625,-0.06901930200818873,-0.9003939190121447,0.06863766081563989,191.0,-0.04581151832460728,2.0,observed
2023-08,SEDOL:611190,Murray International Trust,Global Equity Income,0.0625,-0.05110042047047236,-0.8092743993881684,0.07579258987452497,250.5,-0.019960079840319334,,observed
2023-08,SEDOL:B11V7W9,Alliance Trust,Global,0.0625,-0.05969075871988505,-0.2072208667560408,0.07624401170430645,1046.0,-0.0019120458891013214,6.34,observed
2023-08,SEDOL:537241,Martin Currie Global Portfolio,Global,0.0625,-0.010376905024457872,-0.6294972188548426,0.07662439155634915,350.0,-0.05142857142857138,,observed
2023-08,SEDOL:346607,F&C Investment Trust,Global,0.0625,-0.08987137935954659,-0.8225256658425337,0.07790440648643372,893.0,-0.03023516237402013,3.4,observed
2023-08,SEDOL:3353790,Premier Miton Global Renewables,Infrastructure Securities,0.0625,-0.11969517803179608,-0.3353275719515539,0.08268083302345257,134.0,-0.10074626865671643,1.85,observed
2023-08,SEDOL:3123249,Impax Environmental Markets,Environmental,0.0625,-0.04974591527470773,-1.3977034971851108,0.09486943372861052,417.0,-0.04796163069544368,1.7,observed
2023-08,SEDOL:BD3V464,Ecofin Global Utilities and Infrastructure,Infrastructure Securities,0.0625,-0.07416502946954806,-1.9978042481036622,0.10548857902568308,188.5,-0.09018567639257291,,observed
2023-08,SEDOL:BDFGHW4,Baillie Gifford US Growth,North America,0.0625,-0.182034503271862,-1.148453364493171,0.11137928978780644,165.0,-0.05939393939393944,,observed
2023-08,SEDOL:783884,Scottish Mortgage Investment Trust,Global,0.0625,-0.1670628721501506,-1.4185851968361107,0.1116858714105857,735.8,-0.06822506115792326,,observed
2023-08,SEDOL:914327,JPMorgan Global Growth & Income,Global Equity Income,0.0625,0.015686357750843705,-0.09533416088840532,0.12758468075250862,478.5,-0.020898641588296796,17.0,observed
2023-08,SEDOL:343501,JPMorgan China Growth & Income,China / Greater China,0.0625,-0.08172783120517202,-0.8267789771752366,0.1313915209131435,285.5,-0.12084063047285465,,observed
2023-08,SEDOL:B0N8MF9,BlackRock Energy and Resources Income,Commodities & Natural Resources,0.0625,-0.10530661262478413,-1.1276983908371367,0.13814794263321079,119.2,-0.03187919463087241,,observed
2023-08,NAME:cqs natural resources growth and income|ordinary share,CQS Natural Resources Growth & Income,Commodities & Natural Resources,0.0625,-0.15684539059952485,-0.3718815460748059,0.14821125419412495,181.0,,,missing_next_price
2023-08,SEDOL:339072,Allianz Technology Trust,Technology & Technology Innovation,0.0625,-0.1112552708400909,-0.8117132519586655,0.15827970738335093,274.0,-0.01642335766423353,,observed
2023-08,SEDOL:B15FW33,Geiger Counter,Commodities & Natural Resources,0.0625,-0.14609960334949323,-1.560826219754266,0.1935396021982021,38.75,0.1225806451612903,,observed
2023-09,NAME:bankers|ordinary share,Bankers Investment Trust,Global,0.058823529411764705,-0.12378553436487938,-1.6726302690949066,0.06197346119035238,97.4,-0.005133470225872738,,observed
2023-09,SEDOL:537241,Martin Currie Global Portfolio,Global,0.058823529411764705,-0.014339577828578198,-0.8212173629948288,0.062333362588472684,332.0,-0.04518072289156627,,observed
2023-09,SEDOL:346607,F&C Investment Trust,Global,0.058823529411764705,-0.11020693339909171,-1.533502846517059,0.07323126345780061,866.0,0.019630484988452546,,observed
2023-09,SEDOL:B11V7W9,Alliance Trust,Global,0.058823529411764705,-0.05788077318750351,-0.02735072252375787,0.07409929455394167,1044.0,-0.007662835249042099,,observed
2023-09,SEDOL:611190,Murray International Trust,Global Equity Income,0.058823529411764705,-0.04903935543848781,-0.7183030720672212,0.0767166334795452,245.5,-0.03258655804480648,,observed
2023-09,SEDOL:3353790,Premier Miton Global Renewables,Infrastructure Securities,0.058823529411764705,-0.11572613194393488,-0.20779710752275768,0.07722038779903762,120.5,-0.06639004149377592,,observed
2023-09,SEDOL:BFZ7R98,Mobius Investment Trust,Global Emerging Markets,0.058823529411764705,-0.02916099448305509,-0.16969999257438445,0.07940095926777273,135.5,-0.014760147601476037,,observed
2023-09,SEDOL:BDFGHW4,Baillie Gifford US Growth,North America,0.058823529411764705,-0.20353074001847493,-1.2765661705825244,0.08278776628593248,155.2,-0.04123711340206171,,observed
2023-09,SEDOL:3123249,Impax Environmental Markets,Environmental,0.058823529411764705,-0.05370295330488872,-1.3879701192710145,0.08311533309303594,397.0,-0.06549118387909325,,observed
2023-09,SEDOL:BD3V464,Ecofin Global Utilities and Infrastructure,Infrastructure Securities,0.058823529411764705,-0.11130687117836036,-2.7153517060647854,0.08980176248180985,171.5,-0.04373177842565601,,observed
2023-09,SEDOL:BFFK7H5,Odyssean Investment Trust,UK Smaller Companies,0.058823529411764705,-0.011003405816085943,-0.160971942447126,0.09391162358277781,151.0,0.0347682119205297,,observed
2023-09,SEDOL:783884,Scottish Mortgage Investment Trust,Global,0.058823529411764705,-0.19355407869199548,-1.6396550391534574,0.09463490492033776,685.6,-0.023337222870478458,,observed
2023-09,SEDOL:343501,JPMorgan China Growth & Income,China / Greater China,0.058823529411764705,-0.10360344273418809,-1.2321394975063924,0.12399350647637758,251.0,-0.02589641434262946,,observed
2023-09,SEDOL:914327,JPMorgan Global Growth & Income,Global Equity Income,0.058823529411764705,0.01574017864885957,-0.0651731176428336,0.1298672899365169,468.5,-0.006403415154749181,,observed
2023-09,SEDOL:339072,Allianz Technology Trust,Technology & Technology Innovation,0.058823529411764705,-0.1094441874297799,-0.7330017323778797,0.13063346504525764,269.5,-0.029684601113172504,,observed
2023-09,SEDOL:B0N8MF9,BlackRock Energy and Resources Income,Commodities & Natural Resources,0.058823529411764705,-0.10389812082621519,-1.151416107890459,0.14402919324779537,115.4,0.006932409012131657,1.1,observed
2023-09,SEDOL:B15FW33,Geiger Counter,Commodities & Natural Resources,0.058823529411764705,-0.1688956820787162,-1.6465624138612793,0.22097587038467953,43.5,0.1954022988505748,,observed
2023-10,SEDOL:B0DQY35,Utilico Emerging Markets Trust,Global Emerging Markets,0.06666666666666668,-0.15131126232892422,-1.401939023631582,0.06311207538240526,222.0,-0.058558558558558516,,observed
2023-10,SEDOL:332231,Fidelity Asian Values,Asia Pacific Smaller Companies,0.06666666666666668,-0.0795386864475609,-0.6428970728455822,0.06627129212006051,510.0,-0.056862745098039236,,observed
2023-10,SEDOL:611190,Murray International Trust,Global Equity Income,0.06666666666666668,-0.07963572950978492,-1.6443666059613748,0.07327615158681362,237.5,-0.04842105263157892,2.4,observed
2023-10,SEDOL:346607,F&C Investment Trust,Global,0.06666666666666668,-0.091114953886693,-0.846024900405821,0.0738833116948913,883.0,-0.040770101925254765,3.4,observed
2023-10,SEDOL:3123249,Impax Environmental Markets,Environmental,0.06666666666666668,-0.07448984682931703,-1.677797671956828,0.07674996940703323,371.0,-0.09433962264150941,,observed
2023-10,SEDOL:BDFGHW4,Baillie Gifford US Growth,North America,0.06666666666666668,-0.2193074501573976,-1.3467075096023273,0.08046543602470656,148.8,-0.0766129032258065,,observed
2023-10,SEDOL:BFZ7R98,Mobius Investment Trust,Global Emerging Markets,0.06666666666666668,-0.05959425190194423,-1.384521888797868,0.08181512199800091,133.5,-0.101123595505618,,observed
2023-10,SEDOL:BD3V464,Ecofin Global Utilities and Infrastructure,Infrastructure Securities,0.06666666666666668,-0.10772578890097939,-2.3421600677156347,0.08272964189430854,164.0,-0.06707317073170727,1.95,observed
2023-10,SEDOL:783884,Scottish Mortgage Investment Trust,Global,0.06666666666666668,-0.1823876332466391,-1.4060593926233187,0.093049774242636,669.6,-0.04091995221027478,,observed
2023-10,SEDOL:339072,Allianz Technology Trust,Technology & Technology Innovation,0.06666666666666668,-0.10781303309450707,-0.6535294229717421,0.12634959455348727,261.5,-0.05927342256214152,,observed
2023-10,SEDOL:343501,JPMorgan China Growth & Income,China / Greater China,0.06666666666666668,-0.11429088933164289,-1.3642256566227833,0.12677252800891664,244.5,-0.07770961145194277,2.76,observed
2023-10,SEDOL:914327,JPMorgan Global Growth & Income,Global Equity Income,0.06666666666666668,0.013035624904789822,-0.16176011861051406,0.12755194836187755,465.5,-0.0010741138560687036,,observed
2023-10,SEDOL:B0N8MF9,BlackRock Energy and Resources Income,Commodities & Natural Resources,0.06666666666666668,-0.10704679935449157,-1.209364850069947,0.13912246341958096,116.2,-0.06540447504302938,,observed
2023-10,NAME:cqs natural resources growth and income|ordinary share,CQS Natural Resources Growth & Income,Commodities & Natural Resources,0.06666666666666668,-0.15028956612551025,-0.2614949453297315,0.1652413250123921,179.0,-0.06983240223463683,1.26,observed
2023-10,SEDOL:B15FW33,Geiger Counter,Commodities & Natural Resources,0.06666666666666668,-0.20574308843745226,-1.8364379676722504,0.27235182821357196,52.0,-0.07211538461538458,,observed
2023-11,NAME:bankers|ordinary share,Bankers Investment Trust,Global,0.04999999999999999,-0.12909836065573765,-1.5629777216289162,0.0686775477535549,93.5,0.05454545454545445,,observed
2023-11,SEDOL:B09G3N2,STS Global Income & Growth Trust,Global Equity Income,0.04999999999999999,-0.024401711410973692,-1.0372109501983098,0.0687434721721654,207.5,0.031325301204819356,,observed
2023-11,SEDOL:337582,Fidelity European Trust,Europe,0.04999999999999999,-0.08909516786674765,-1.1529057968389382,0.07164604421369787,315.0,0.08730158730158721,,observed
2023-11,SEDOL:611190,Murray International Trust,Global Equity Income,0.04999999999999999,-0.09571062740076819,-2.0196713197455316,0.0738715998698683,226.0,0.07300884955752207,,observed
2023-11,SEDOL:3123249,Impax Environmental Markets,Environmental,0.04999999999999999,-0.08276916357283248,-1.707938178714511,0.07484973765858509,336.0,0.07291666666666674,,observed
2023-11,SEDOL:741600,JPMorgan UK Smaller Companies,UK Smaller Companies,0.04999999999999999,-0.158855187653705,-1.254515027983477,0.07536509911813866,236.0,0.11016949152542366,,observed
2023-11,SEDOL:B11V7W9,Alliance Trust,Global,0.04999999999999999,-0.06252938410907383,-0.5262713861098312,0.07954894308280891,997.0,0.051153460381143434,6.34,observed
2023-11,SEDOL:B6832P1,Polar Capital Global Healthcare,Biotechnology & Healthcare,0.04999999999999999,-0.08475196778326921,-0.11256314878457062,0.08186030463265274,300.0,0.030000000000000027,,observed
2023-11,SEDOL:332231,Fidelity Asian Values,Asia Pacific Smaller Companies,0.04999999999999999,-0.09652698209958865,-1.1596388489220795,0.0823374460336705,481.0,0.017671517671517645,,observed
2023-11,SEDOL:346607,F&C Investment Trust,Global,0.04999999999999999,-0.10838351088466891,-1.4369554246243874,0.08491500757116151,847.0,0.04250295159386064,,observed
2023-11,SEDOL:BD3V464,Ecofin Global Utilities and Infrastructure,Infrastructure Securities,0.04999999999999999,-0.16007905138339917,-3.0343912599503806,0.08705265091943447,153.0,0.09313725490196068,,observed
2023-11,SEDOL:BDFGHW4,Baillie Gifford US Growth,North America,0.04999999999999999,-0.22735196536017543,-1.349568566832214,0.0936143310282749,137.4,0.1834061135371179,,observed
2023-11,SEDOL:783884,Scottish Mortgage Investment Trust,Global,0.04999999999999999,-0.17101254711622849,-1.1937534864459776,0.10445594118074775,642.2,0.1283089380255371,,observed
2023-11,SEDOL:846505,JPMorgan American,North America,0.04999999999999999,-0.04033149873527131,-0.3172130581026443,0.12269288487242215,755.0,0.07417218543046356,,observed
2023-11,SEDOL:B0N8MF9,BlackRock Energy and Resources Income,Commodities & Natural Resources,0.04999999999999999,-0.10277594183740923,-1.1305939220581662,0.13992208632038702,108.6,0.016574585635359185,,observed
2023-11,SEDOL:914327,JPMorgan Global Growth & Income,Global Equity Income,0.04999999999999999,0.010452204524218356,-0.26911205221489765,0.1450349580732485,465.0,0.03440860215053765,4.61,observed
2023-11,SEDOL:339072,Allianz Technology Trust,Technology & Technology Innovation,0.04999999999999999,-0.13653913653913652,-1.2385613067196832,0.14766686356762615,246.0,0.14634146341463405,,observed
2023-11,SEDOL:343501,JPMorgan China Growth & Income,China - Greater China,0.04999999999999999,-0.1324253616497384,-1.636693629380623,0.15009595391123906,225.5,0.05986696230598665,,observed
2023-11,NAME:cqs natural resources growth and income|ordinary share,CQS Natural Resources Growth & Income,Commodities & Natural Resources,0.04999999999999999,-0.1697416974169741,-0.6875494730242783,0.16817697104126547,166.5,0.07507507507507505,,observed
2023-11,SEDOL:B15FW33,Geiger Counter,Commodities & Natural Resources,0.04999999999999999,-0.2558605798889575,-2.061908119724675,0.2865273273246449,48.25,0.10880829015544036,,observed
2023-12,SEDOL:611190,Murray International Trust,Global Equity Income,0.0625,-0.06211324257425743,-0.9458980263314857,0.0799471498514244,242.5,0.06391752577319587,,observed
2023-12,SEDOL:BFZ7R98,Mobius Investment Trust,Global Emerging Markets,0.0625,-0.08139212423738218,-1.839218772738224,0.08243722376465185,132.5,0.03396226415094339,,observed
2023-12,SEDOL:BD3V464,Ecofin Global Utilities and Infrastructure,Infrastructure Securities,0.0625,-0.11211976429367732,-1.828228694521518,0.08650997853914838,167.25,0.03736920777279518,,observed
2023-12,SEDOL:3123249,Impax Environmental Markets,Environmental,0.0625,-0.09012897200979275,-1.7406702701798422,0.08685536242028113,360.5,0.10957004160887651,,observed
2023-12,SEDOL:B11V7W9,Alliance Trust,Global,0.0625,-0.06571217159515386,-0.8493067278126841,0.08732803219784677,1048.0,0.06106870229007644,,observed
2023-12,SEDOL:906692,European Smaller Companies,European Smaller Companies,0.0625,-0.14053161819113213,-0.10204268844196772,0.08769450838170754,151.0,0.08278145695364247,,observed
2023-12,SEDOL:346607,F&C Investment Trust,Global,0.0625,-0.10562353131836966,-1.268886533586163,0.0880150152070319,883.0,0.08946772366930911,,observed
2023-12,SEDOL:337582,Fidelity European Trust,Europe,0.0625,-0.073497984689047,-0.22869198360636772,0.08911308925140991,342.5,0.051094890510948954,,observed
2023-12,SEDOL:741600,JPMorgan UK Smaller Companies,UK Smaller Companies,0.0625,-0.1329957973460406,-0.6652897389311535,0.09950655616963085,262.0,0.12213740458015265,,observed
2023-12,SEDOL:BDFGHW4,Baillie Gifford US Growth,North America,0.0625,-0.16146665979062458,-0.6813288991823575,0.10752065486576742,162.6,0.10947109471094718,,observed
2023-12,SEDOL:783884,Scottish Mortgage Investment Trust,Global,0.0625,-0.12763959451975626,-0.626641563265905,0.1131991975398433,724.6,0.11509798509522495,,observed
2023-12,SEDOL:343501,JPMorgan China Growth & Income,China / Greater China,0.0625,-0.07489839365202255,-0.442395391145635,0.1294989778437967,239.0,-0.07112970711297073,,observed
2023-12,SEDOL:914327,JPMorgan Global Growth & Income,Global Equity Income,0.0625,0.011417877494375173,-0.17536794161829802,0.1480890263341386,481.0,0.04573804573804563,,observed
2023-12,SEDOL:B0N8MF9,BlackRock Energy and Resources Income,Commodities & Natural Resources,0.0625,-0.10694062449441832,-1.2423928687405363,0.1553705075893659,110.4,0.03985507246376807,1.125,observed
2023-12,SEDOL:339072,Allianz Technology Trust,Technology & Technology Innovation,0.0625,-0.10959552903286918,-0.5795575903479264,0.17151461928012712,282.0,0.07624113475177308,,observed
2023-12,SEDOL:B15FW33,Geiger Counter,Commodities & Natural Resources,0.0625,-0.19269654443941442,-1.4284269444041906,0.2825254647227794,53.5,0.009345794392523255,,observed
2024-01,NAME:bankers|ordinary share,Bankers Investment Trust,Global,0.08333333333333333,-0.1356461551447623,-1.548560322373605,0.10374703772284838,102.4,0.013671875,,observed
2024-01,SEDOL:341710,JPMorgan US Smaller Companies,North American Smaller Companies,0.08333333333333333,-0.07880335643925573,-0.1953657358316864,0.10400422833778356,404.0,-0.007425742574257432,,observed
2024-01,SEDOL:337582,Fidelity European Trust,Europe,0.08333333333333333,-0.07314435776627792,-0.15677202314007677,0.10878319844911682,360.0,0.0,,observed
2024-01,SEDOL:3353790,Premier Miton Global Renewables,Infrastructure Securities,0.08333333333333333,-0.19305413687436157,-1.6434465430461271,0.11304799202432395,118.5,-0.008438818565400852,,observed
2024-01,SEDOL:787369,Scottish American,Global Equity Income,0.08333333333333333,-0.008046872102940639,-0.10847325541330691,0.11559533298513973,535.0,-0.05046728971962622,,observed
2024-01,SEDOL:3123249,Impax Environmental Markets,Environmental,0.08333333333333333,-0.07910488995303433,-1.4388897766123332,0.12467495949052743,400.0,-0.05125000000000002,,observed
2024-01,SEDOL:343501,JPMorgan China Growth & Income,China / Greater China,0.08333333333333333,-0.0948381309630596,-0.8091453613709131,0.1377974048064828,222.0,-0.12387387387387383,2.76,observed
2024-01,SEDOL:BDFGHW4,Baillie Gifford US Growth,North America,0.08333333333333333,-0.13419082357458245,-0.37488036168225003,0.14468320224733575,180.4,-0.003325942350332567,,observed
2024-01,SEDOL:B0N8MF9,BlackRock Energy and Resources Income,Commodities & Natural Resources,0.08333333333333333,-0.1078644700031085,-1.2305681443014789,0.17365443868513733,114.8,-0.04878048780487798,,observed
2024-01,SEDOL:339072,Allianz Technology Trust,Technology & Technology Innovation,0.08333333333333333,-0.09413801337153782,-0.14052240460899584,0.2029544906196844,303.5,0.05107084019769359,,observed
2024-01,NAME:cqs natural resources growth and income|ordinary share,CQS Natural Resources Growth & Income,Commodities & Natural Resources,0.08333333333333333,-0.19323293565421473,-1.1511246568435456,0.20463858583266514,165.0,-0.042424242424242475,1.26,observed
2024-01,SEDOL:B15FW33,Geiger Counter,Commodities & Natural Resources,0.08333333333333333,-0.19487103026688524,-1.3564651596586998,0.32664274241466074,54.0,0.14074074074074083,,observed
2024-02,SEDOL:741600,JPMorgan UK Smaller Companies,UK Smaller Companies,0.08333333333333333,-0.11434155875885654,-0.1763827347826337,0.09076333036503079,290.0,-0.037931034482758585,3.6,observed
2024-02,SEDOL:537241,Martin Currie Global Portfolio,Global,0.08333333333333333,-0.029045412933115133,-1.56271466066678,0.09379881136991206,350.0,0.0971428571428572,,observed
2024-02,NAME:bankers|ordinary share,Bankers Investment Trust,Global,0.08333333333333333,-0.12640969533748525,-1.2949545605767763,0.09532941424713551,103.8,0.034682080924855585,,observed
2024-02,SEDOL:3123249,Impax Environmental Markets,Environmental,0.08333333333333333,-0.08607070609767842,-1.493523763376589,0.10341132429369454,379.5,0.022397891963109373,2.9,observed
2024-02,SEDOL:337582,Fidelity European Trust,Europe,0.08333333333333333,-0.08107004288339803,-0.6044167754227701,0.10378495534897961,360.0,0.023611111111111027,,observed
2024-02,SEDOL:787369,Scottish American,Global Equity Income,0.08333333333333333,-0.056305846073823496,-1.4530861025050794,0.10698711258334336,508.0,-0.013779527559055094,,observed
2024-02,SEDOL:BFFK7H5,Odyssean Investment Trust,UK Smaller Companies,0.08333333333333333,-0.0031201248049922414,-0.24867348461021413,0.11173690126477936,159.75,-0.04225352112676062,,observed
2024-02,SEDOL:BDFGHW4,Baillie Gifford US Growth,North America,0.08333333333333333,-0.1321974998793377,-0.3108302104566424,0.12664264130366712,179.8,0.0545050055617351,,observed
2024-02,SEDOL:783884,Scottish Mortgage Investment Trust,Global,0.08333333333333333,-0.0958379098408545,-0.17486009728619492,0.12876088477771208,773.8,0.03540966658051192,,observed
2024-02,SEDOL:B0N8MF9,BlackRock Energy and Resources Income,Commodities & Natural Resources,0.08333333333333333,-0.0972222222222221,-0.9886367845806879,0.14422284967333915,109.2,-0.038461538461538436,,observed
2024-02,NAME:cqs natural resources growth and income|ordinary share,CQS Natural Resources Growth & Income,Commodities & Natural Resources,0.08333333333333333,-0.18531504589048153,-0.9428227501601015,0.17801974817686944,158.0,-0.03797468354430378,,observed
2024-02,SEDOL:B15FW33,Geiger Counter,Commodities & Natural Resources,0.08333333333333333,-0.2140852258229139,-1.4118339538241322,0.3649429094277809,61.6,-0.13636363636363635,,observed
2024-03,SEDOL:611190,Murray International Trust,Global Equity Income,0.07142857142857144,-0.10675062234587795,-1.968511423226588,0.09281851026909424,244.0,0.018442622950819665,,observed
2024-03,NAME:bankers|ordinary share,Bankers Investment Trust,Global,0.07142857142857144,-0.13338174776083278,-1.3647676769126573,0.0994868097244768,107.4,0.03910614525139655,,observed
2024-03,SEDOL:3123249,Impax Environmental Markets,Environmental,0.07142857142857144,-0.10116524196724352,-1.6730016282453188,0.1032984383201281,388.0,0.037371134020618646,,observed
2024-03,SEDOL:337582,Fidelity European Trust,Europe,0.07142857142857144,-0.08399413358522467,-0.7531812709922299,0.1037193039999078,368.5,0.0651289009497964,,observed
2024-03,SEDOL:537241,Martin Currie Global Portfolio,Global,0.07142857142857144,-0.02078286370011473,-1.007703738998218,0.1046200219252745,384.0,0.02604166666666674,,observed
2024-03,SEDOL:787369,Scottish American,Global Equity Income,0.07142857142857144,-0.08900809164469503,-2.1998817069578607,0.10726938165650493,501.0,0.0059880239520957446,,observed
2024-03,SEDOL:346607,F&C Investment Trust,Global,0.07142857142857144,-0.09878491979002246,-0.9894991376402296,0.11443085937090502,982.0,0.014256619144602745,,observed
2024-03,SEDOL:B11V7W9,Alliance Trust,Global,0.07142857142857144,-0.05921372591228358,-0.06791559709718406,0.11740078903771974,1180.0,0.04237288135593231,,observed
2024-03,SEDOL:BDFGHW4,Baillie Gifford US Growth,North America,0.07142857142857144,-0.1447516802742569,-0.40486613855601683,0.12754514258131522,189.6,0.06540084388185652,,observed
2024-03,SEDOL:783884,Scottish Mortgage Investment Trust,Global,0.07142857142857144,-0.13163171300059606,-0.608965037696616,0.13961285683371805,801.2,0.1158262606090863,,observed
2024-03,SEDOL:B0N8MF9,BlackRock Energy and Resources Income,Commodities & Natural Resources,0.07142857142857144,-0.12848605577689243,-1.6027641706076379,0.14146515895982592,105.0,0.08095238095238089,1.125,observed
2024-03,NAME:cqs natural resources growth and income|ordinary share,CQS Natural Resources Growth & Income,Commodities & Natural Resources,0.07142857142857144,-0.1828396322778345,-0.8436712275205267,0.16255753746406218,152.0,0.12828947368421062,,observed
2024-03,SEDOL:339072,Allianz Technology Trust,Technology & Technology Innovation,0.07142857142857144,-0.1068410515093996,-0.4229053343545025,0.20391356167860347,343.5,0.011644832605531397,,observed
2024-03,SEDOL:B15FW33,Geiger Counter,Commodities & Natural Resources,0.07142857142857144,-0.22176711527208892,-1.3769221750186047,0.292484786857986,53.2,-0.06015037593984962,,observed
2024-04,SEDOL:B7W0XJ6,BlackRock Sustainable American Income,North America,0.1111111111111111,-0.11034019695613251,-1.7876048674496297,0.097533305001514,198.75,-0.0062893081761006275,,observed
2024-04,SEDOL:537241,Martin Currie Global Portfolio,Global,0.1111111111111111,-0.01845992875115221,-0.8254521756525611,0.09755130072990743,394.0,-0.06598984771573602,1.5,observed
2024-04,SEDOL:BFFK7H5,Odyssean Investment Trust,UK Smaller Companies,0.1111111111111111,0.00692870556239078,-0.0619951368254154,0.09903635256594549,155.5,0.03536977491961424,,observed
2024-04,SEDOL:3123249,Impax Environmental Markets,Environmental,0.1111111111111111,-0.10314400944762592,-1.59130471701949,0.10491989639281535,402.5,-0.04596273291925468,,observed
2024-04,SEDOL:787369,Scottish American,Global Equity Income,0.1111111111111111,-0.100224943764059,-2.2768355956493798,0.10542761635642611,504.0,-0.003968253968253954,,observed
2024-04,SEDOL:346607,F&C Investment Trust,Global,0.1111111111111111,-0.11291615454496873,-1.415915516494866,0.11443036672331076,996.0,-0.005020080321285092,,observed
2024-04,SEDOL:B0N8MF9,BlackRock Energy and Resources Income,Commodities & Natural Resources,0.1111111111111111,-0.12382275744943638,-1.4039163229184108,0.15011260247839575,113.5,0.07929515418502198,,observed
2024-04,SEDOL:339072,Allianz Technology Trust,Technology & Technology Innovation,0.1111111111111111,-0.1041967415962054,-0.3042992350284634,0.19462104100780694,347.5,-0.004316546762589968,,observed
2024-04,SEDOL:B15FW33,Geiger Counter,Commodities & Natural Resources,0.1111111111111111,-0.29873772791023845,-1.8167351308377262,0.3321749908729065,50.0,0.08599999999999985,,observed
2024-05,SEDOL:3123249,Impax Environmental Markets,Environmental,0.14285714285714288,-0.11541119557705604,-1.6991234270464362,0.0908888924197774,384.0,0.03645833333333326,,observed
2024-05,SEDOL:343501,JPMorgan China Growth & Income,China / Greater China,0.14285714285714288,-0.1084460925480295,-0.9516110705665309,0.09196244633085802,226.0,0.015486725663716783,,observed
2024-05,SEDOL:BFFK7H5,Odyssean Investment Trust,UK Smaller Companies,0.14285714285714288,0.007698566689616326,-0.10857001760651096,0.09467730862486032,161.0,0.037267080745341685,,observed
2024-05,SEDOL:787369,Scottish American,Global Equity Income,0.14285714285714288,-0.08640896847928958,-1.8005989129305084,0.09485591076054832,502.0,0.005976095617529875,3.45,observed
2024-05,SEDOL:346607,F&C Investment Trust,Global,0.14285714285714288,-0.09505981188932511,-0.7468533748083785,0.10271326066440978,991.0,0.019172552976791213,,observed
2024-05,SEDOL:B0N8MF9,BlackRock Energy and Resources Income,Commodities & Natural Resources,0.14285714285714288,-0.0890838786436644,-0.5924590297115053,0.16036918984972656,122.5,-0.008163265306122436,,observed
2024-05,SEDOL:B15FW33,Geiger Counter,Commodities & Natural Resources,0.14285714285714288,-0.24927416009954373,-1.3553560622191836,0.34342485071943596,54.3,-0.03130755064456714,,observed
2024-06,SEDOL:BD3V464,Ecofin Global Utilities and Infrastructure,Infrastructure Securities,0.08333333333333333,-0.134301527981456,-1.3561248257710612,0.09966550649773372,183.0,-0.03551912568306015,,observed
2024-06,SEDOL:787369,Scottish American,Global Equity Income,0.08333333333333333,-0.0901392717510765,-1.766208695496377,0.10235248243990541,505.0,0.015841584158415856,,observed
2024-06,SEDOL:3123249,Impax Environmental Markets,Environmental,0.08333333333333333,-0.1058390060883827,-1.4357943682784158,0.10310962732914963,398.0,-0.025125628140703515,,observed
2024-06,SEDOL:BFFK7H5,Odyssean Investment Trust,UK Smaller Companies,0.08333333333333333,-0.0312663147514356,-1.7936259212547163,0.10879972596956262,167.0,0.04491017964071853,,observed
2024-06,SEDOL:3142921,Law Debenture Corporation,UK Equity Income,0.08333333333333333,-0.008791880240333949,-0.6642073519757421,0.10937831628497244,876.0,-0.035388127853881235,,observed
2024-06,SEDOL:343501,JPMorgan China Growth & Income,China / Greater China,0.08333333333333333,-0.08543875029887626,-0.3648149830249412,0.11307873648159757,229.5,-0.04793028322440085,,observed
2024-06,SEDOL:346607,F&C Investment Trust,Global,0.08333333333333333,-0.09613216158651183,-0.7396097564519086,0.11327125119436818,1010.0,0.001980198019801982,,observed
2024-06,SEDOL:846505,JPMorgan American,North America,0.08333333333333333,-0.03277862862194081,-0.3198703775197606,0.17496455169722683,941.0,0.05951115834218923,,observed
2024-06,SEDOL:B0N8MF9,BlackRock Energy and Resources Income,Commodities & Natural Resources,0.08333333333333333,-0.12160208212839785,-1.2725897266730146,0.17736348306693642,121.5,-0.03703703703703709,1.125,observed
2024-06,SEDOL:914327,JPMorgan Global Growth & Income,Global Equity Income,0.08333333333333333,-0.01711357188615359,-1.5700767497883337,0.17870374897238436,537.0,0.07821229050279332,,observed
2024-06,SEDOL:339072,Allianz Technology Trust,Technology & Technology Innovation,0.08333333333333333,-0.10863796790066216,-0.42055266883575776,0.19279724886641875,346.0,0.14595375722543347,,observed
2024-06,SEDOL:B15FW33,Geiger Counter,Commodities & Natural Resources,0.08333333333333333,-0.2748828232699201,-1.4398115124658453,0.34531774258446823,52.6,-0.05893536121673004,,observed
2024-07,SEDOL:343501,JPMorgan China Growth & Income,China / Greater China,0.125,-0.10325863908725275,-0.7760433154891981,0.08872043885382175,218.5,-0.07551487414187641,2.76,observed
2024-07,SEDOL:BFZ7R98,Mobius Investment Trust,Global Emerging Markets,0.125,-0.10098278477672973,-1.9159020926187558,0.09154659880519064,136.3,0.019809244314013208,,observed
2024-07,SEDOL:787369,Scottish American,Global Equity Income,0.125,-0.08674986203336121,-1.5649379120895395,0.09247011135765676,513.0,0.040935672514619936,,observed
2024-07,SEDOL:BYSRMH1,CC Japan Income & Growth Trust,Japan,0.125,-0.07658093212144657,-0.04839523863340786,0.09690112623428865,191.0,0.04712041884816753,1.6,observed
2024-07,SEDOL:3142921,Law Debenture Corporation,UK Equity Income,0.125,-0.019835285929706514,-1.1694823835209531,0.09731044995392171,845.0,0.08520710059171588,,observed
2024-07,SEDOL:346607,F&C Investment Trust,Global,0.125,-0.11435497562725905,-1.3190866884905355,0.10736376052071858,1012.0,0.04347826086956519,,observed
2024-07,SEDOL:B0N8MF9,BlackRock Energy and Resources Income,Commodities & Natural Resources,0.125,-0.11330049261083741,-1.0564470096822278,0.1469507102658941,117.0,0.02564102564102555,,observed
2024-07,SEDOL:B15FW33,Geiger Counter,Commodities & Natural Resources,0.125,-0.21391138637446405,-0.9499354175643574,0.29577791242618856,49.5,-0.08080808080808077,,observed
2024-08,SEDOL:B0N8MF9,BlackRock Energy and Resources Income,Commodities & Natural Resources,0.34595777844480524,-0.09515910119137383,-0.6383076632152113,0.146790089635228,120.0,-0.033333333333333326,,observed
2024-08,SEDOL:B15FW33,Geiger Counter,Commodities & Natural Resources,0.310051554469852,-0.2165977961432507,-0.9158366228058051,0.3040352636974186,45.5,-0.06593406593406592,,observed
2024-08,SEDOL:BFZ7R98,Mobius Investment Trust,Global Emerging Markets,0.34399066708534287,-0.0528754428999727,-0.5391329453033967,0.0891652686536766,139.0,-0.015827338129496327,,observed
2024-09,SEDOL:580007,Merchants Trust,UK Equity Income,0.07692307692307694,-0.004675011310511179,-0.6325919310417858,0.09009027013334119,594.0,-0.008417508417508435,,observed
2024-09,SEDOL:305233,Edinburgh Investment Trust,UK Equity Income,0.07692307692307694,-0.09495339421900006,-0.9230196196602001,0.09633087131683643,769.0,-0.024707412223667125,,observed
2024-09,SEDOL:346607,F&C Investment Trust,Global,0.07692307692307694,-0.09542078772306506,-0.6524013209710274,0.10253437213171909,1028.0,0.0019455252918287869,,observed
2024-09,SEDOL:B11V7W9,Alliance Trust,Global,0.07692307692307694,-0.057125258619328045,-0.10926106016598489,0.10313732522471943,1194.0,-0.00335008375209378,,observed
2024-09,SEDOL:BFZ7R98,Mobius Investment Trust,Global Emerging Markets,0.07692307692307694,-0.08818236352729447,-1.4477357694472475,0.10506843009955434,136.8,0.01059941520467822,,observed
2024-09,SEDOL:3142921,Law Debenture Corporation,UK Equity Income,0.07692307692307694,0.0036148094928041274,-0.04350433122181969,0.11280073630928902,894.0,-0.005592841163310935,8.0,observed
2024-09,SEDOL:BFFK7H5,Odyssean Investment Trust,UK Smaller Companies,0.07692307692307694,-0.0005169739789764316,-0.39119242786805364,0.11563722887593061,174.0,-0.017241379310344862,,observed
2024-09,SEDOL:783884,Scottish Mortgage Investment Trust,Global,0.07692307692307694,-0.10053772201401334,-0.09477767933114674,0.11746775044863167,828.0,0.010869565217391353,,observed
2024-09,SEDOL:B0N8MF9,BlackRock Energy and Resources Income,Commodities & Natural Resources,0.07692307692307694,-0.10459282130451575,-0.85485526779758,0.15388516520468468,116.0,0.01724137931034475,1.125,observed
2024-09,SEDOL:846505,JPMorgan American,North America,0.07692307692307694,-0.03802603335893351,-0.7782886561214636,0.16457909749222158,977.0,-0.0061412487205732,,observed
2024-09,SEDOL:914327,JPMorgan Global Growth & Income,Global Equity Income,0.07692307692307694,-0.003424040367633774,-0.7573897241265861,0.17393222092051977,553.0,0.0,,observed
2024-09,SEDOL:339072,Allianz Technology Trust,Technology & Technology Innovation,0.07692307692307694,-0.1137654099953962,-0.5282945776284118,0.17669192508523762,346.5,0.015873015873015817,,observed
2024-09,SEDOL:B15FW33,Geiger Counter,Commodities & Natural Resources,0.07692307692307694,-0.14761331728840754,-0.4004776727966221,0.2844904269607911,42.5,0.04117647058823537,,observed
2024-10,SEDOL:338530,Worldwide Healthcare Trust,Biotechnology & Healthcare,0.07692307692307694,-0.09881670715461166,-0.6056327902059497,0.08476697288634341,345.0,-0.017391304347826098,,observed
2024-10,SEDOL:787369,Scottish American,Global Equity Income,0.07692307692307694,-0.08936290836935734,-1.4226813627885835,0.08687225701409788,514.0,-0.02529182879377434,,observed
2024-10,SEDOL:3123249,Impax Environmental Markets,Environmental,0.07692307692307694,-0.12380316187931428,-1.4519372344959802,0.08870629104635958,393.5,-0.019059720457433316,,observed
2024-10,SEDOL:BFZ7R98,Mobius Investment Trust,Global Emerging Markets,0.07692307692307694,-0.07363977485928708,-0.9877310520376151,0.10070479741413298,138.25,0.00723327305605781,,observed
2024-10,SEDOL:B11V7W9,Alliance Trust,Global,0.07692307692307694,-0.0580375518475128,-0.18494669802417965,0.10082770121098117,1190.0,0.018487394957983128,,observed
2024-10,SEDOL:346607,F&C Investment Trust,Global,0.07692307692307694,-0.09357316976582497,-0.5882153440049773,0.10130491655525602,1030.0,0.013592233009708687,3.6,observed
2024-10,SEDOL:343501,JPMorgan China Growth & Income,China / Greater China,0.07692307692307694,-0.13095978630758542,-1.3208511988853406,0.10166015525046096,237.5,-0.03157894736842104,2.73,observed
2024-10,SEDOL:783884,Scottish Mortgage Investment Trust,Global,0.07692307692307694,-0.11941083640189376,-0.30690703222725413,0.13051031176904218,837.0,0.03584229390680993,,observed
2024-10,SEDOL:B0N8MF9,BlackRock Energy and Resources Income,Commodities & Natural Resources,0.07692307692307694,-0.09550820174766217,-0.6273627332387866,0.1561750181663837,118.0,0.010593220338983134,,observed
2024-10,SEDOL:846505,JPMorgan American,North America,0.07692307692307694,-0.03787083093874477,-0.7471705249442475,0.1626602240915425,971.0,0.05046343975283207,,observed
2024-10,SEDOL:914327,JPMorgan Global Growth & Income,Global Equity Income,0.07692307692307694,0.007047511518219807,-0.12413036032606606,0.17148062985192816,553.0,0.027124773960216952,,observed
2024-10,SEDOL:339072,Allianz Technology Trust,Technology & Technology Innovation,0.07692307692307694,-0.10462188080278789,-0.20501256819999644,0.19185590017180487,352.0,0.03409090909090917,,observed
2024-10,SEDOL:B15FW33,Geiger Counter,Commodities & Natural Resources,0.07692307692307694,-0.18837123991195892,-0.6433690803873015,0.3115134748786579,44.25,0.039548022598870025,,observed
2024-11,NAME:bankers|ordinary share,Bankers Investment Trust,Global,0.07142857142857144,-0.12893081761006298,-1.0773150938831961,0.0852859153790542,110.8,0.05054151624548742,,observed
2024-11,SEDOL:BD3V464,Ecofin Global Utilities and Infrastructure,Infrastructure Securities,0.07142857142857144,-0.11633732257166718,-0.8352488610388118,0.08833436681001096,190.5,0.013123359580052396,,observed
2024-11,SEDOL:611190,Murray International Trust,Global Equity Income,0.07142857142857144,-0.10914727577236927,-1.5423030125427462,0.08883600785496557,250.0,0.02200000000000002,,observed
2024-11,SEDOL:787369,Scottish American,Global Equity Income,0.07142857142857144,-0.10698370824569536,-1.7268831591160598,0.0889804487617907,501.0,0.027944111776447178,3.7,observed
2024-11,SEDOL:343501,JPMorgan China Growth & Income,China / Greater China,0.07142857142857144,-0.13318760835154886,-1.3005710091834881,0.09330465381219631,230.0,-0.05869565217391304,,observed
2024-11,SEDOL:3142921,Law Debenture Corporation,UK Equity Income,0.07142857142857144,-0.0034403669724770714,-0.4561267639852671,0.10328643888817508,869.0,0.028768699654775576,,observed
2024-11,SEDOL:BFZ7R98,Mobius Investment Trust,Global Emerging Markets,0.07142857142857144,-0.08616616353852213,-1.269055253361613,0.1111824161454834,139.25,-0.008976660682226245,,observed
2024-11,SEDOL:346607,F&C Investment Trust,Global,0.07142857142857144,-0.10251450676982587,-0.8646250869455636,0.11224526315328424,1044.0,0.07471264367816088,,observed
2024-11,SEDOL:783884,Scottish Mortgage Investment Trust,Global,0.07142857142857144,-0.11246237946072113,-0.15429875960574982,0.13795750892470954,867.0,0.08742791234140701,,observed
2024-11,SEDOL:B0N8MF9,BlackRock Energy and Resources Income,Commodities & Natural Resources,0.07142857142857144,-0.09556313993174059,-0.5982070735163766,0.17042803408832335,119.25,0.01467505241090139,,observed
2024-11,SEDOL:846505,JPMorgan American,North America,0.07142857142857144,-0.025313189805922676,-0.09217546225676307,0.17817007776663502,1020.0,0.11764705882352944,,observed
2024-11,SEDOL:339072,Allianz Technology Trust,Technology & Technology Innovation,0.07142857142857144,-0.11004620913914087,-0.35466584621745906,0.2055585010679582,364.0,0.09203296703296693,,observed
2024-11,SEDOL:BF50VS4,Ashoka India Equity,India/Indian Subcontinent,0.07142857142857144,-0.042500177973944564,-2.046799829556061,0.21070396447288064,269.0,0.1003717472118959,,observed
2024-11,SEDOL:B15FW33,Geiger Counter,Commodities & Natural Resources,0.07142857142857144,-0.22676080013447641,-0.8733885012937892,0.37190969776254074,46.0,0.17391304347826098,,observed
2024-12,SEDOL:611190,Murray International Trust,Global Equity Income,0.125,-0.0849181619569499,-0.8883781903036135,0.08805065804020543,255.5,0.007827788649706457,,observed
2024-12,SEDOL:B7W0XJ6,BlackRock American Income,North America,0.125,-0.08224805523992651,-0.3440638567171986,0.08834084385023787,210.0,-0.05238095238095242,,observed
2024-12,SEDOL:787369,Scottish American,Global Equity Income,0.125,-0.09771011090281545,-1.416173397764718,0.09223259502554298,515.0,-0.03203883495145632,,observed
2024-12,SEDOL:BD3V464,Ecofin Global Utilities and Infrastructure,Infrastructure Securities,0.125,-0.11682606507115734,-0.8101424673490245,0.09457658032669812,193.0,-0.09067357512953367,,observed
2024-12,SEDOL:BFZ7R98,Mobius Investment Trust,Global Emerging Markets,0.125,-0.0826907737303908,-1.1113913824677142,0.10472687921250601,138.0,0.03985507246376807,,observed
2024-12,SEDOL:346607,F&C Investment Trust,Global,0.125,-0.08108860697291587,-0.13455813141280853,0.11580603860961382,1122.0,-0.012477718360071277,,observed
2024-12,SEDOL:B0N8MF9,BlackRock Energy and Resources Income,Commodities & Natural Resources,0.125,-0.12146954185725689,-1.1323468167342114,0.1787033987954741,121.0,-0.05785123966942152,1.125,observed
2024-12,SEDOL:B15FW33,Geiger Counter,Commodities & Natural Resources,0.125,-0.15080987576662996,-0.2567589259167381,0.3676288002937373,54.0,-0.1620370370370371,,observed
2025-01,SEDOL:BYSRMH1,CC Japan Income & Growth Trust,Japan,0.1111111111111111,-0.09148480124707714,-0.9658129617577318,0.08052252473341774,186.5,0.00536193029490617,3.85,observed
2025-01,NAME:bankers|ordinary share,Bankers Investment Trust,Global,0.1111111111111111,-0.11647203441917642,-0.6693116581556834,0.08082151769050278,115.0,0.09043478260869575,,observed
2025-01,SEDOL:802284,Schroder Japan Trust,Japan,0.1111111111111111,-0.1352707789345179,-1.275061678314393,0.08265563312405602,255.0,0.019607843137254832,5.64,observed
2025-01,SEDOL:787369,Scottish American,Global Equity Income,0.1111111111111111,-0.107494539334694,-1.5551739365296444,0.08388092440051595,498.5,0.051153460381143434,,observed
2025-01,SEDOL:611190,Murray International Trust,Global Equity Income,0.1111111111111111,-0.08888259854221214,-0.9655947697211016,0.08529029488895186,257.5,0.05048543689320395,2.5,observed
2025-01,SEDOL:BFZ7R98,Mobius Investment Trust,Global Emerging Markets,0.1111111111111111,-0.08622007131940901,-1.1456480775680058,0.1027722269666051,143.5,0.027874564459930307,,observed
2025-01,SEDOL:346607,F&C Investment Trust,Global,0.1111111111111111,-0.08707402280667065,-0.31882675318166537,0.11323178341996244,1108.0,0.07220216606498187,3.6,observed
2025-01,SEDOL:B0N8MF9,BlackRock Energy and Resources Income,Commodities & Natural Resources,0.1111111111111111,-0.10073361205332487,-0.6341620537410158,0.15109459989266236,114.0,0.05701754385964919,,observed
2025-01,SEDOL:B15FW33,Geiger Counter,Commodities & Natural Resources,0.1111111111111111,-0.13512996941896027,-0.06958986981267531,0.31726782413448223,45.25,0.13370165745856344,,observed
2025-02,SEDOL:802284,Schroder Japan Trust,Japan,0.16666666666666669,-0.12055202273034771,-0.35698931609743556,0.09223329209563182,260.0,-0.023076923076923106,,observed
2025-02,SEDOL:787369,Scottish American,Global Equity Income,0.16666666666666669,-0.10141646945844907,-1.3344577672436562,0.09528432668542493,524.0,-0.022900763358778664,4.175,observed
2025-02,SEDOL:611190,Murray International Trust,Global Equity Income,0.16666666666666669,-0.0732175283516634,-0.548893043383067,0.09828878853138413,270.5,0.007393715341959428,,observed
2025-02,SEDOL:BFZ7R98,Mobius Investment Trust,Global Emerging Markets,0.16666666666666669,-0.07459690068385716,-0.7731645813372223,0.10522790734662402,147.5,-0.06101694915254241,,observed
2025-02,SEDOL:506241,CQS New City High Yield Fund,Debt - Loans & Bonds,0.16666666666666669,0.0521972354033422,-0.20317956102967275,0.11898845488263397,51.0,0.015686274509803866,,observed
2025-02,SEDOL:B0N8MF9,BlackRock Energy and Resources Income,Commodities & Natural Resources,0.16666666666666669,-0.08587467759065393,-0.25885080493164997,0.17724773866653878,120.5,-0.03734439834024894,,observed
2025-03,SEDOL:787369,Scottish American,Global Equity Income,0.1,-0.1096736049524406,-1.4329772354047154,0.103802940840187,512.0,-0.0380859375,,observed
2025-03,SEDOL:305233,Edinburgh Investment Trust,UK Equity Income,0.1,-0.10348722292813783,-1.240028674723099,0.10584682770028613,762.0,-0.02887139107611547,,observed
2025-03,SEDOL:611190,Murray International Trust,Global Equity Income,0.1,-0.07091714967609963,-0.4764369914129226,0.11207102295039231,272.5,-0.038532110091743066,,observed
2025-03,SEDOL:BYSRMH1,CC Japan Income & Growth Trust,Japan,0.1,-0.0867692916893531,-0.669709957315471,0.11741130408352532,184.5,-0.02981029810298108,,observed
2025-03,SEDOL:3142921,Law Debenture Corporation,UK Equity Income,0.1,0.003993787441757268,-0.03584421576240265,0.12001604603477475,905.0,-0.02872928176795575,,observed
2025-03,SEDOL:346607,F&C Investment Trust,Global,0.1,-0.07681153582792921,-0.006464142670366942,0.13498487863805358,1146.0,-0.05759162303664922,,observed
2025-03,SEDOL:BF50VS4,Ashoka India Equity,India / Indian Subcontinent,0.1,0.00043497172683770735,-0.24189000509725708,0.18000117357677597,253.0,0.06324110671936767,,observed
2025-03,SEDOL:B0N8MF9,BlackRock Energy and Resources Income,Commodities & Natural Resources,0.1,-0.09825870646766155,-0.50437131114396,0.19229979262233782,116.0,-0.025862068965517238,1.125,observed
2025-03,SEDOL:914327,JPMorgan Global Growth & Income,Global Equity Income,0.1,-0.008678352142146517,-1.0289965820630103,0.19430912338014586,578.0,-0.09342560553633217,11.4,observed
2025-03,SEDOL:339072,Allianz Technology Trust,Technology & Technology Innovation,0.1,-0.11319250697489036,-0.4463440792225057,0.19914376494073502,400.5,-0.12484394506866414,,observed
2025-04,SEDOL:580007,Merchants Trust,UK Equity Income,0.1,-0.053719083030270176,-2.534597888226072,0.13612236323591081,523.0,0.04397705544933084,,observed
2025-04,SEDOL:BYSRMH1,CC Japan Income & Growth Trust,Japan,0.1,-0.09339546191247972,-0.9323686140097975,0.13690198634274073,179.0,0.019553072625698276,,observed
2025-04,SEDOL:332231,Fidelity Asian Values,Asia Pacific Smaller Companies,0.1,-0.09167030726663761,-0.3147953686920328,0.138604688589537,499.0,-0.024048096192384794,,observed
2025-04,SEDOL:199049,City of London Investment Trust,UK Equity Income,0.1,-0.010919276132956957,-0.8219908760138188,0.13932679456630628,452.0,0.028761061946902755,5.4,observed
2025-04,SEDOL:B11V7W9,Alliance Witan,Global,0.1,-0.05896859713309921,-0.4701665209281667,0.14146673977687493,1160.0,-0.018965517241379293,,observed
2025-04,SEDOL:305233,Edinburgh Investment Trust,UK Equity Income,0.1,-0.09421398582567297,-0.5131385999191186,0.1426978726667068,740.0,0.03378378378378377,,observed
2025-04,NAME:aberforth smaller companies|ordinary share,Aberforth Smaller Companies,UK Smaller Companies,0.1,-0.1224960706283651,-0.09378158781383875,0.14439748920845968,1312.0,0.041158536585365946,,observed
2025-04,SEDOL:611190,Murray International Trust,Global Equity Income,0.1,-0.08643955507514212,-0.8444950938305665,0.14614267129768838,262.0,0.011450381679389388,,observed
2025-04,SEDOL:914327,JPMorgan Global Growth & Income,Global Equity Income,0.1,-0.02428124534485321,-1.8915959499820896,0.21111147736063227,524.0,-0.03053435114503822,,observed
2025-04,SEDOL:B0N8MF9,BlackRock Energy and Resources Income,Commodities & Natural Resources,0.1,-0.09280667951188182,-0.3346025910275222,0.23312003747460527,113.0,-0.06858407079646023,,observed
2025-05,SEDOL:BD3V464,Ecofin Global Utilities and Infrastructure,Infrastructure Securities,0.14285714285714288,-0.12237824386775686,-0.6837564248542,0.12010471549905656,197.5,0.07341772151898729,2.125,observed
2025-05,SEDOL:580007,Merchants Trust,UK Equity Income,0.14285714285714288,-0.020908797475164054,-0.8051858898697553,0.12288650651083138,546.0,0.03846153846153855,,observed
2025-05,SEDOL:346607,F&C Investment Trust,Global,0.14285714285714288,-0.09022854374917433,-0.49187358516628016,0.1246032755581488,1033.0,0.047434656340755055,,observed
2025-05,SEDOL:BYSRMH1,CC Japan Income & Growth Trust,Japan,0.14285714285714288,-0.08365133560956017,-0.45511571205476625,0.12562312104318707,182.5,0.046575342465753344,,observed
2025-05,SEDOL:914327,JPMorgan Global Growth & Income,Global Equity Income,0.14285714285714288,-0.004585178508445309,-0.6553552881775009,0.17737300029601472,508.0,0.03149606299212593,5.7,observed
2025-05,SEDOL:B0N8MF9,BlackRock Energy and Resources Income,Commodities & Natural Resources,0.14285714285714288,-0.09873265970200373,-0.4392509148630364,0.18438143684655015,105.25,0.05463182897862229,,observed
2025-05,SEDOL:BF50VS4,Ashoka India Equity,India / Indian Subcontinent,0.14285714285714288,-0.011917332931060565,-0.7452345262833333,0.2195999864231791,262.0,0.06106870229007644,,observed
2025-06,SEDOL:332231,Fidelity Asian Values,Asia Pacific Smaller Companies,0.125,-0.08339002470550327,-0.07349586480918006,0.11834414518822758,512.0,0.02734375,,observed
2025-06,SEDOL:BYSRMH1,CC Japan Income & Growth Trust,Japan,0.125,-0.09538694704935113,-0.9766807353773889,0.12532075630780037,191.0,0.018324607329842868,,observed
2025-06,SEDOL:580007,Merchants Trust,UK Equity Income,0.125,-0.04174412709143149,-1.7349654268835553,0.1278543057929875,567.0,0.007054673721340388,,observed
2025-06,SEDOL:2894108,Hansa Investment Company,Flexible Investment,0.125,-0.4153830511921103,-0.20076889896226632,0.12912250240026005,230.0,0.11304347826086958,,observed
2025-06,SEDOL:199049,City of London Investment Trust,UK Equity Income,0.125,0.002916430624619659,-0.03288706536729586,0.1322089746899332,478.0,0.01987447698744771,,observed
2025-06,SEDOL:914327,JPMorgan Global Growth & Income,Global Equity Income,0.125,-0.018983787022128995,-1.5144083333218639,0.17485003863222817,524.0,0.043893129770992356,,observed
2025-06,SEDOL:B0N8MF9,BlackRock Energy and Resources Income,Commodities & Natural Resources,0.125,-0.08911866075824715,-0.11078678251867885,0.17875822925607113,111.0,0.027027027027026973,1.125,observed
2025-06,SEDOL:BF50VS4,Ashoka India Equity,India / Indian Subcontinent,0.125,-0.044147985146472224,-2.3730872640881833,0.24147456866817504,278.0,0.012589928057553879,,observed
2025-07,SEDOL:346607,F&C Investment Trust,Global,0.2,-0.08791570628910106,-0.43918175126671155,0.11764939352431535,1108.0,0.06317689530685922,,observed
2025-07,SEDOL:580007,Merchants Trust,UK Equity Income,0.2,-0.03928661563052083,-1.5099324115068467,0.12538798896621028,571.0,-0.03677758318739055,7.3,observed
2025-07,SEDOL:BYSRMH1,CC Japan Income & Growth Trust,Japan,0.2,-0.09907823428597895,-1.204079872821274,0.12858289948107005,194.5,0.007712082262210762,1.65,observed
2025-07,SEDOL:914327,JPMorgan Global Growth & Income,Global Equity Income,0.2,-0.006899055918663688,-0.7575440801262693,0.17434130998527836,547.0,0.054844606946983454,,observed
2025-07,SEDOL:B0N8MF9,BlackRock Energy and Resources Income,Commodities & Natural Resources,0.2,-0.09945493324907184,-0.41655300241265786,0.17552321160013667,114.0,0.07017543859649122,,observed
2025-08,SEDOL:802284,Schroder Japan Trust,Japan,0.16666666666666669,-0.12575655682582376,-0.7321459023443518,0.12975034193011595,260.0,0.07692307692307687,,observed
2025-08,SEDOL:958057,Henderson High Income Trust,UK Equity & Bond Income,0.16666666666666669,-0.07578084997439838,-0.5419249273504422,0.13136752138987734,180.5,0.008310249307479145,,observed
2025-08,SEDOL:580007,Merchants Trust,UK Equity Income,0.16666666666666669,-0.07149489322191271,-2.635400249160229,0.15259954707636306,550.0,0.0036363636363636598,,observed
2025-08,SEDOL:BYSRMH1,CC Japan Income & Growth Trust,Japan,0.16666666666666669,-0.10657306955966817,-1.545785662809842,0.15301935646824305,196.0,0.030612244897959107,,observed
2025-08,SEDOL:914327,JPMorgan Global Growth & Income,Global Equity Income,0.16666666666666669,-0.009782049081860422,-0.894496785913326,0.19074690095376706,577.0,-0.022530329289428108,22.8,observed
2025-08,SEDOL:3142921,Law Debenture Corporation,UK Equity Income,0.16666666666666669,0.003667626296486315,-0.040332467429853164,0.1988854634067178,1018.0,-0.027504911591355596,,observed
2025-09,SEDOL:958057,Henderson High Income Trust,UK Equity & Bond Income,0.125,-0.07369706840390877,-0.44985599340850463,0.12935865255669846,182.0,-0.01098901098901095,2.775,observed
2025-09,SEDOL:580007,Merchants Trust,UK Equity Income,0.125,-0.0730167260025526,-2.392864644684758,0.13929780440076048,552.0,0.01449275362318847,,observed
2025-09,SEDOL:BYSRMH1,CC Japan Income & Growth Trust,Japan,0.125,-0.10496699011919008,-1.4843083016234209,0.14962614535685806,202.0,0.03960396039603964,,observed
2025-09,SEDOL:B0N8MF9,BlackRock Energy and Resources Income,Commodities & Natural Resources,0.125,-0.09251230803144983,-0.16879181073183647,0.18344946690019417,123.5,0.09716599190283404,1.25,observed
2025-09,SEDOL:914327,JPMorgan Global Growth & Income,Global Equity Income,0.125,-0.01779805649402677,-1.3582620643987966,0.18508782714392527,564.0,0.015957446808510634,,observed
2025-09,SEDOL:3142921,Law Debenture Corporation,UK Equity Income,0.125,-0.0286213291207551,-1.6212716816733639,0.18624711883290623,990.0,0.07878787878787885,,observed
2025-09,SEDOL:BF50VS4,Ashoka India Equity,India / Indian Subcontinent,0.125,-0.021739130434782705,-1.2942640399135796,0.1872567409121339,261.0,-0.02298850574712641,,observed
2025-09,SEDOL:B15FW33,Geiger Counter,Commodities & Natural Resources,0.125,-0.16929199137788098,-0.2522176276045226,0.2864725526431995,50.1,0.19960079840319356,,observed
2025-10,SEDOL:346607,F&C Investment Trust,Global,0.16666666666666669,-0.08033147819705211,-0.14052152841349488,0.12524422990112813,1203.0,0.0282626766417291,3.8,observed
2025-10,SEDOL:958057,Henderson High Income Trust,UK Equity & Bond Income,0.16666666666666669,-0.07984868622840202,-0.5847214866393743,0.1339826154673561,180.0,0.030555555555555447,,observed
2025-10,SEDOL:580007,Merchants Trust,UK Equity Income,0.16666666666666669,-0.07378309984948972,-2.1798037502595964,0.15013194523750278,560.0,0.019642857142857073,,observed
2025-10,SEDOL:BF50VS4,Ashoka India Equity,India / Indian Subcontinent,0.16666666666666669,-0.040379332405072854,-2.0075731414289955,0.18110643933285714,255.0,0.10196078431372557,0.5,observed
2025-10,SEDOL:914327,JPMorgan Global Growth & Income,Global Equity Income,0.16666666666666669,-0.023899971040662327,-1.7334653997621454,0.19112965025933495,573.0,0.017452006980802848,,observed
2025-10,SEDOL:B15FW33,Geiger Counter,Commodities & Natural Resources,0.16666666666666669,-0.17046238785369217,-0.22659688466066605,0.37211625859590775,60.1,0.02329450915141429,,observed
2025-11,SEDOL:346607,F&C Investment Trust,Global,0.1,-0.09052142458018397,-0.47479148808194255,0.14023204644845252,1237.0,-0.0008084074373484462,,observed
2025-11,SEDOL:342218,JPMorgan Claverhouse,UK Equity Income,0.1,-0.06343797251246874,-0.7473729592956918,0.14318493416831576,830.0,0.014457831325301207,,observed
2025-11,SEDOL:791586,Schroder Income Growth Fund,UK Equity Income,0.1,-0.09184325270086369,-0.406897460777897,0.1449208608729304,327.0,0.03669724770642202,,observed
2025-11,SEDOL:958057,Henderson High Income Trust,UK Equity & Bond Income,0.1,-0.07082748948106588,-0.3100369923240287,0.14966881111861105,185.5,0.008086253369272267,,observed
2025-11,SEDOL:580007,Merchants Trust,UK Equity Income,0.1,-0.062289589936445844,-1.6440585524049067,0.1617337653222853,571.0,0.02626970227670755,,observed
2025-11,SEDOL:BKLGLS1,Nippon Active Value Fund,Japanese Smaller Companies,0.1,-0.06555026136836739,-0.4914393166053123,0.17225906716945297,202.0,0.05940594059405946,,observed
2025-11,SEDOL:BF50VS4,Ashoka India Equity,India / Indian Subcontinent,0.1,0.0007835315905693196,-0.117771728535312,0.1936069165634963,281.0,-0.014234875444839812,,observed
2025-11,SEDOL:914327,JPMorgan Global Growth & Income,Global Equity Income,0.1,-0.04015541908822995,-2.5818845093576073,0.20379933102565728,583.0,-0.015437392795883409,5.75,observed
2025-11,SEDOL:3142921,Law Debenture Corporation,UK Equity Income,0.1,-0.02320819753735759,-1.4494526559989538,0.20684266362393466,1040.0,-0.007692307692307665,,observed
2025-11,SEDOL:B15FW33,Geiger Counter,Commodities & Natural Resources,0.1,-0.25246140756047153,-1.317005936395879,0.43230699686130136,61.5,-0.10569105691056913,,observed
2025-12,SEDOL:342218,JPMorgan Claverhouse,UK Equity Income,0.125,-0.054219506441865906,-0.03607166705507199,0.11580989554156855,842.0,0.028503562945368266,,observed
2025-12,SEDOL:580007,Merchants Trust,UK Equity Income,0.125,-0.0547624808452295,-1.2963847265179667,0.11905759523706941,586.0,0.017064846416382284,,observed
2025-12,SEDOL:958057,Henderson High Income Trust,UK Equity & Bond Income,0.125,-0.06218655967903719,-0.02920977557493827,0.12134826434749303,187.0,0.002673796791443861,2.775,observed
2025-12,SEDOL:BYSRMH1,CC Japan Income & Growth Trust,Japan,0.125,-0.0756059227396807,-0.2543069676955575,0.13860486964054144,223.5,0.006711409395973256,,observed
2025-12,SEDOL:3142921,Law Debenture Corporation,UK Equity Income,0.125,-0.034638878235409676,-1.8812822884536984,0.16536681166602715,1032.0,,,missing_next_price
2025-12,SEDOL:BF50VS4,Ashoka India Equity,India / Indian Subcontinent,0.125,-0.004027038688335982,-0.30727764980225136,0.17347320600529617,277.0,-0.018050541516245522,,observed
2025-12,SEDOL:914327,JPMorgan Global Growth & Income,Global Equity Income,0.125,-0.03282334703781087,-2.124287981837533,0.1744868079510738,574.0,0.0,,observed
2025-12,SEDOL:B15FW33,Geiger Counter,Commodities & Natural Resources,0.125,-0.16880761674474842,-0.1600419002279654,0.34992097048646903,55.0,0.09090909090909083,,observed
2026-01,SEDOL:914327,JPMorgan Global Growth & Income,Global Equity Income,1.0,-0.02581422582780335,-1.6206528199333776,0.1664411543887177,574.0,0.005226480836237002,,observed
2026-02,SEDOL:580007,Merchants Trust,UK Equity Income,0.2,-0.053190206247738514,-1.085974205023606,0.11923568146110937,628.0,0.04458598726114649,,observed
2026-02,SEDOL:BF50VS4,Ashoka India Equity,India / Indian Subcontinent,0.2,-0.017233724825442942,-0.9270299181809326,0.13637922035786004,243.5,0.02053388090349073,,observed
2026-02,SEDOL:2894108,Hansa Investment Company,Flexible Investment,0.2,-0.44721286339701816,-1.282671691745588,0.14291696873183074,274.0,0.03649635036496357,,observed
2026-02,SEDOL:914327,JPMorgan Global Growth & Income,Global Equity Income,0.2,-0.027194712794834208,-1.5896262405910102,0.1736720748828604,577.0,0.010398613518197486,,observed
2026-02,SEDOL:B15FW33,Geiger Counter,Commodities & Natural Resources,0.2,-0.176243262483474,-0.2267513076207693,0.35287042457510676,81.0,-0.041975308641975406,,observed
2026-03,SEDOL:BF50VS4,Ashoka India Equity,India / Indian Subcontinent,0.2,-0.021422383240135456,-1.0726680060564187,0.13206364200412624,248.5,-0.12273641851106643,,observed
2026-03,SEDOL:2894108,Hansa Investment Company,Flexible Investment,0.2,-0.44134078212290506,-1.077121189665883,0.1481850022973982,284.0,-0.05633802816901412,,observed
2026-03,SEDOL:914327,JPMorgan Global Growth & Income,Global Equity Income,0.2,-0.032814625568200584,-1.7609735077011741,0.1652295498346421,583.0,-0.07032590051457976,5.75,observed
2026-03,SEDOL:BYSRMH1,CC Japan Income & Growth Trust,Japan,0.2,-0.08148677626876344,-0.38908102600846,0.1737628511506605,257.0,-0.1245136186770428,,observed
2026-03,SEDOL:B15FW33,Geiger Counter,Commodities & Natural Resources,0.2,-0.20491803278688525,-0.5981743980023234,0.27497318245360014,77.6,-0.143041237113402,,observed
2026-04,SEDOL:346607,F&C Investment Trust,Global,0.09090909090909091,-0.09467188440698371,-0.5723720945330075,0.1022716407518583,1203.0,0.06733167082294256,,observed
2026-04,SEDOL:958057,Henderson High Income Trust,UK Equity & Bond Income,0.09090909090909091,-0.06892926865895788,-0.08245837972080293,0.10311235784797279,186.0,0.051075268817204256,5.55,observed
2026-04,SEDOL:3142921,Law Debenture Corporation,UK Equity Income,0.09090909090909091,-0.023370665976120697,-1.2051152980777629,0.1152390442517511,1056.0,0.09659090909090917,,observed
2026-04,SEDOL:802284,Schroder Japan Trust,Japan,0.09090909090909091,-0.11616161616161624,-0.4073620480798406,0.12016019223928856,308.0,0.12012987012987009,,observed
2026-04,SEDOL:BYSRMH1,CC Japan Income & Growth Trust,Japan,0.09090909090909091,-0.09837707874173518,-0.6880006078196569,0.13469671390797222,225.0,0.08000000000000007,,observed
2026-04,SEDOL:199049,City of London Investment Trust,UK Equity Income,0.09090909090909091,-0.0030944836659438923,-0.30034293555498837,0.13495517264946888,538.0,0.02230483271375472,5.65,observed
2026-04,SEDOL:2894108,Hansa Investment Company,Flexible Investment,0.09090909090909091,-0.45964473657680915,-1.5618755205773565,0.13780016194397118,268.0,0.04477611940298498,,observed
2026-04,SEDOL:914327,JPMorgan Global Growth & Income,Global Equity Income,0.09090909090909091,-0.04760231246375801,-2.280141379593238,0.1442107993676212,542.0,0.07749077490774914,,observed
2026-04,SEDOL:BKLGLS1,Nippon Active Value Fund,Japanese Smaller Companies,0.09090909090909091,-0.054756024865877606,-0.5219273435917428,0.1567383206469024,222.0,0.03603603603603611,,observed
2026-04,SEDOL:B15FW33,Geiger Counter,Commodities & Natural Resources,0.09090909090909091,-0.24095422896929575,-1.0541770594137374,0.22704535247931334,66.5,0.08872180451127831,,observed
2026-04,NAME:cqs natural resources growth and income|ordinary share,CQS Natural Resources Growth & Income,Commodities & Natural Resources,0.09090909090909091,-0.1049575274751644,-0.21324403941782438,0.28119050468974516,373.0,0.05898123324396787,8.34,observed
2026-05,SEDOL:BF50VS4,Ashoka India Equity,India / Indian Subcontinent,0.2,-0.038461538461538436,-1.7726330085757063,0.11011888440831141,235.0,0.036170212765957555,,observed
2026-05,SEDOL:2894108,Hansa Investment Company,Flexible Investment,0.2,-0.4573958878359785,-1.4277882022829649,0.13635459502641106,280.0,0.19999999999999996,,observed
2026-05,SEDOL:914327,JPMorgan Global Growth & Income,Global Equity Income,0.2,-0.02642327248478793,-1.163562299778211,0.14718994669387375,584.0,0.023116438356164393,5.75,observed
2026-05,SEDOL:BYSRMH1,CC Japan Income & Growth Trust,Japan,0.2,-0.10427955324560445,-0.7723914692335591,0.15733305676518866,243.0,0.11934156378600824,,observed
2026-05,SEDOL:B15FW33,Geiger Counter,Commodities & Natural Resources,0.2,-0.23733277151585375,-0.954085786632986,0.23558601633480983,72.4,-0.06353591160221006,,observed
2026-06,SEDOL:914327,JPMorgan Global Growth & Income,Global Equity Income,1.0,-0.022926478283621154,-0.9452683928694114,0.15366001723678369,597.5,0.012552301255230214,,observed
2026-07,SEDOL:914327,JPMorgan Global Growth & Income,Global Equity Income,1.0,-0.021526418786692703,-0.8310086233567529,0.14763956012519908,605.0,0.006611570247933907,,observed
2026-08,SEDOL:914327,JPMorgan Global Growth & Income,Global Equity Income,1.0,-0.02259741927200365,-0.8341889579825383,0.1471618948016794,609.0,,,missing_next_price
