month,action,security_id,company_name,weight_change_pct,price_gbx_at_signal,entry_discount,entry_z,dividend_gbx_per_share,income_per_100_invested
2012-05,BUY,NAME:aberdeen new thai|ordinary share,Aberdeen New Thai,20.0,324.75,-0.17670173659525923,-0.6465752579874844,,
2012-05,BUY,NAME:abrdn new dawn|ordinary share,Aberdeen New Dawn,20.0,809.5,-0.10705421653521585,-0.9739457292052478,,
2012-05,BUY,SEDOL:294502,Asia Dragon,20.0,238.2,-0.09498480243161089,-0.8705197823916239,,
2012-05,BUY,SEDOL:332231,Fidelity Asian Values,20.0,187.75,-0.09579079175496041,-1.0681654079749274,,
2012-05,BUY,SEDOL:338530,Worldwide Healthcare Trust,20.0,787.0,-0.09396514010729662,-0.9216602039731948,,
2012-06,SELL,SEDOL:332231,Fidelity Asian Values,-20.0,,,,,
2012-06,BUY,SEDOL:422002,Polar Capital Technology,20.0,356.0,-0.049170695227157446,-0.06413205471272292,,
2012-07,SELL,NAME:aberdeen new thai|ordinary share,Aberdeen New Thai,-20.0,,,,,
2012-07,BUY,NAME:abrdn new dawn|ordinary share,Aberdeen New Dawn,12.57,776.5,-0.13081925741853884,-1.8369026481810469,,
2012-07,BUY,SEDOL:294502,Asia Dragon,13.55,237.0,-0.09087421842034604,-0.5649732444622269,,
2012-07,BUY,SEDOL:338530,Worldwide Healthcare Trust,13.88,815.5,-0.08087820931857626,-0.09403553283196606,,
2012-07,SELL,SEDOL:422002,Polar Capital Technology,-20.0,,,,,
2012-08,BUY,NAME:abrdn new dawn|ordinary share,Aberdeen New Dawn,17.25,816.0,-0.11919950778796018,-1.291487442119972,,
2012-08,BUY,SEDOL:294502,Asia Dragon,16.63,243.5,-0.09988170930060614,-1.0785763484781397,,
2012-08,SELL,SEDOL:338530,Worldwide Healthcare Trust,-33.88,,,,,
2012-09,SELL,NAME:abrdn new dawn|ordinary share,Aberdeen New Dawn,-49.82,,,,,
2012-09,BUY,SEDOL:294502,Asia Dragon,49.82,237.3,-0.1038181200196382,-1.242485803568006,,
2013-09,BUY,NAME:aberdeen asia focus|ordinary share,Aberdeen Asian Smaller Companies,16.67,860.5,-0.05438521302431898,-1.1718871099795058,,
2013-09,BUY,NAME:aberdeen new thai|ordinary share,Aberdeen New Thai,16.67,372.0,-0.17316796692671876,-0.9097490631510228,,
2013-09,BUY,NAME:biotech growth|ordinary share,Biotech Growth,16.67,400.0,-0.05702633253966383,-0.5129804333695936,,
2013-09,SELL,SEDOL:294502,Asia Dragon,-100.0,,,,,
2013-09,BUY,SEDOL:295958,abrdn UK Smaller Companies Growth,16.67,290.5,-0.040462427745664775,-0.7029315513721979,,
2013-09,BUY,SEDOL:455934,International Biotechnology,16.67,269.0,-0.13588178605846457,-0.15086912075248643,,
2013-09,BUY,SEDOL:B0CRWN5,Schroder Oriental Income,16.67,177.0,-0.022477494891478433,-1.6834847625798894,,
2013-10,SELL,NAME:aberdeen asia focus|ordinary share,Aberdeen Asian Smaller Companies,-16.67,,,,,
2013-10,BUY,NAME:aberdeen new thai|ordinary share,Aberdeen New Thai,17.58,400.0,-0.15499503559583416,-0.4537756088308462,,
2013-10,BUY,NAME:biotech growth|ordinary share,Biotech Growth,16.85,421.0,-0.04156991303555979,-0.12936102148744633,,
2013-10,BUY,SEDOL:295958,abrdn UK Smaller Companies Growth,15.57,294.0,-0.02578036980581877,-0.15872962007282573,,
2013-10,SELL,SEDOL:455934,International Biotechnology,-16.67,,,,,
2013-10,SELL,SEDOL:B0CRWN5,Schroder Oriental Income,-16.67,,,,,
2013-11,BUY,NAME:aberdeen new thai|ordinary share,Aberdeen New Thai,17.21,414.0,-0.16034559688476047,-0.5562550719197287,,
2013-11,SELL,NAME:biotech growth|ordinary share,Biotech Growth,-33.52,,,,,
2013-11,BUY,SEDOL:295958,abrdn UK Smaller Companies Growth,16.31,305.0,-0.03100775193798444,-0.35368507583884445,,
2013-12,SELL,NAME:aberdeen new thai|ordinary share,Aberdeen New Thai,-3.2,377.38,-0.15408410293194663,-0.3903288843521022,,
2013-12,BUY,SEDOL:295958,abrdn UK Smaller Companies Growth,3.2,316.0,-0.029006882989183858,-0.25056712225302596,,
2014-01,BUY,NAME:aberdeen new thai|ordinary share,Aberdeen New Thai,51.74,352.5,-0.157665838271841,-0.46503482240300925,,
2014-01,SELL,SEDOL:295958,abrdn UK Smaller Companies Growth,-51.74,,,,,
2014-05,BUY,NAME:aberdeen asia focus|ordinary share,Aberdeen Asian Smaller Companies,20.0,844.5,-0.04565487625720421,-1.1801351424182753,,
2014-05,SELL,NAME:aberdeen new thai|ordinary share,Aberdeen New Thai,-80.0,392.0,-0.14663880181121558,-0.19315722843867325,,
2014-05,BUY,NAME:biotech growth|ordinary share,Biotech Growth,20.0,444.0,-0.04624836208192806,-0.4102646363363662,,
2014-05,BUY,SEDOL:295958,abrdn UK Smaller Companies Growth,20.0,307.5,-0.04205607476635509,-0.5841794377492957,,
2014-05,BUY,SEDOL:B0CRWN5,Schroder Oriental Income,20.0,175.0,-0.011634474189540334,-0.7212153744921644,,
2014-06,SELL,NAME:aberdeen asia focus|ordinary share,Aberdeen Asian Smaller Companies,-3.33,900.5,-0.012089696331402444,-0.33137079776801465,,
2014-06,SELL,NAME:aberdeen new thai|ordinary share,Aberdeen New Thai,-3.33,380.0,-0.15897572095699708,-0.5183008702137141,,
2014-06,SELL,NAME:biotech growth|ordinary share,Biotech Growth,-3.33,461.0,-0.06840456704051734,-1.057890679522915,,
2014-06,SELL,SEDOL:295958,abrdn UK Smaller Companies Growth,-3.33,299.63,-0.05515262361251261,-1.0329128512904506,,
2014-06,BUY,SEDOL:455934,International Biotechnology,16.67,278.13,-0.17678920262830766,-1.7044536244306334,,
2014-06,BUY,SEDOL:806372,abrdn Smaller Companies Income,16.67,197.5,-0.15384944946660384,-0.5202226549110329,,
2014-06,SELL,SEDOL:B0CRWN5,Schroder Oriental Income,-20.0,,,,,
2014-07,BUY,NAME:aberdeen asia focus|ordinary share,Aberdeen Asian Smaller Companies,3.33,907.5,-0.004453903198911702,-0.15718284992196183,,
2014-07,SELL,NAME:aberdeen new thai|ordinary share,Aberdeen New Thai,-16.67,,,,,
2014-07,BUY,NAME:biotech growth|ordinary share,Biotech Growth,3.33,494.5,-0.059617761719121476,-0.827052994013978,,
2014-07,BUY,SEDOL:295958,abrdn UK Smaller Companies Growth,3.33,281.25,-0.07898614795166525,-1.7829137120372756,,
2014-07,BUY,SEDOL:455934,International Biotechnology,3.33,299.0,-0.15486588088979347,-0.8561668921826538,,
2014-07,SELL,SEDOL:806372,abrdn Smaller Companies Income,-16.67,,,,,
2014-07,BUY,SEDOL:906506,Henderson Smaller Companies,20.0,513.5,-0.17048979064357705,-0.0037170014106037647,,
2014-08,SELL,NAME:aberdeen asia focus|ordinary share,Aberdeen Asian Smaller Companies,-3.33,946.0,-0.006792864867134929,-0.2268387778269844,,
2014-08,SELL,NAME:biotech growth|ordinary share,Biotech Growth,-3.33,476.0,-0.09966142730144323,-1.817281289467518,,
2014-08,SELL,SEDOL:295958,abrdn UK Smaller Companies Growth,-3.33,271.0,-0.10321321023197327,-2.3782011089293875,,
2014-08,BUY,SEDOL:338530,Worldwide Healthcare Trust,16.67,1300.0,-0.06591077292290892,-0.33174940500434474,,
2014-08,SELL,SEDOL:455934,International Biotechnology,-3.33,289.75,-0.16981834851870947,-1.335972551726316,,
2014-08,BUY,SEDOL:806372,abrdn Smaller Companies Income,16.67,196.0,-0.12131265130458169,-0.11936871119164633,,
2014-08,SELL,SEDOL:906506,Henderson Smaller Companies,-20.0,,,,,
2014-09,SELL,NAME:aberdeen asia focus|ordinary share,Aberdeen Asian Smaller Companies,-4.17,953.5,-0.03309874865637741,-0.8531365574060187,,
2014-09,BUY,NAME:aberdeen new thai|ordinary share,Aberdeen New Thai,12.5,434.25,-0.15107618321506067,-0.4040713994422168,,
2014-09,SELL,NAME:biotech growth|ordinary share,Biotech Growth,-4.17,551.0,-0.07541027620230234,-1.1319758984267847,,
2014-09,SELL,SEDOL:295958,abrdn UK Smaller Companies Growth,-4.17,286.0,-0.08271593059431037,-1.6094104143777734,,
2014-09,SELL,SEDOL:338530,Worldwide Healthcare Trust,-4.17,1425.0,-0.060646011865524097,-0.12391814357048232,,
2014-09,SELL,SEDOL:455934,International Biotechnology,-4.17,314.5,-0.2008842362028661,-2.213907646192383,,
2014-09,BUY,SEDOL:643610,BlackRock Smaller Companies,12.5,800.5,-0.1276250258824555,-0.027228025689008256,,
2014-09,SELL,SEDOL:806372,abrdn Smaller Companies Income,-4.17,197.0,-0.13611647079459743,-0.32901698196430623,,
2014-10,BUY,NAME:aberdeen asia focus|ordinary share,Aberdeen Asian Smaller Companies,4.17,984.0,-0.006050566167335014,-0.18445261928351836,,
2014-10,BUY,NAME:aberdeen new thai|ordinary share,Aberdeen New Thai,4.17,435.0,-0.15839572813279934,-0.577407991689377,,
2014-10,BUY,NAME:biotech growth|ordinary share,Biotech Growth,4.17,567.0,-0.054889737135999095,-0.58406307988933,,
2014-10,BUY,SEDOL:295958,abrdn UK Smaller Companies Growth,4.17,275.0,-0.0802983177820139,-1.4308996035763695,,
2014-10,SELL,SEDOL:338530,Worldwide Healthcare Trust,-12.5,,,,,
2014-10,BUY,SEDOL:455934,International Biotechnology,4.17,321.25,-0.19552750857686618,-1.8762481357625485,,
2014-10,SELL,SEDOL:643610,BlackRock Smaller Companies,-12.5,,,,,
2014-10,BUY,SEDOL:806372,abrdn Smaller Companies Income,4.17,192.25,-0.13985951411569952,-0.41142831170307725,,
2014-10,DIVIDEND,SEDOL:806372,Aberdeen Smaller Companies High Income,,,,,1.6,0.1387
2014-11,BUY,NAME:aberdeen asia focus|ordinary share,Aberdeen Asian Smaller Companies,3.33,981.5,-0.016690710908070838,-0.4299835670711835,,
2014-11,BUY,NAME:aberdeen new thai|ordinary share,Aberdeen New Thai,3.33,443.75,-0.14658537992576504,-0.258136188630943,,
2014-11,BUY,NAME:biotech growth|ordinary share,Biotech Growth,3.33,612.5,-0.060337818142767397,-0.762282205763735,,
2014-11,BUY,SEDOL:295958,abrdn UK Smaller Companies Growth,3.33,281.75,-0.04465617794656185,-0.21366197145590154,,
2014-11,SELL,SEDOL:455934,International Biotechnology,-16.67,,,,,
2014-11,BUY,SEDOL:806372,abrdn Smaller Companies Income,3.33,186.75,-0.15867009055277737,-0.6890613666420204,,
2014-12,BUY,NAME:aberdeen asia focus|ordinary share,Aberdeen Asian Smaller Companies,13.13,942.0,-0.04105544979792941,-1.0191018514129204,,
2014-12,SELL,NAME:aberdeen new thai|ordinary share,Aberdeen New Thai,-20.0,,,,,
2014-12,SELL,NAME:biotech growth|ordinary share,Biotech Growth,-20.0,,,,,
2014-12,BUY,SEDOL:295958,abrdn UK Smaller Companies Growth,13.82,276.0,-0.09496327387198311,-1.7675696505168992,,
2014-12,BUY,SEDOL:806372,abrdn Smaller Companies Income,13.05,178.75,-0.18864327538468517,-1.1668254428186393,,
2015-01,SELL,NAME:aberdeen asia focus|ordinary share,Aberdeen Asian Smaller Companies,-13.13,910.0,-0.05205371001177128,-1.2445410773841914,,
2015-01,SELL,SEDOL:295958,abrdn UK Smaller Companies Growth,-13.82,277.75,-0.09125114513807087,-1.577489772471663,,
2015-01,BUY,SEDOL:643610,BlackRock Smaller Companies,20.0,769.0,-0.1443576562743396,-0.5765420942121885,,
2015-01,SELL,SEDOL:806372,abrdn Smaller Companies Income,-13.05,184.0,-0.18792479477447266,-1.1800663955863193,,
2015-01,BUY,SEDOL:B6832P1,Polar Capital Global Healthcare,20.0,166.88,-0.03537572254335264,-0.6569103585097295,,
2015-01,DIVIDEND,SEDOL:806372,Aberdeen Smaller Companies High Income,,,,,4.949999999999999,0.538
2015-02,SELL,NAME:aberdeen asia focus|ordinary share,Aberdeen Asian Smaller Companies,-3.33,917.5,-0.07797284667718496,-1.8400138981921854,,
2015-02,BUY,NAME:aberdeen new thai|ordinary share,Aberdeen New Thai,16.67,466.0,-0.1433980992996452,-0.2136252414623291,,
2015-02,SELL,SEDOL:295958,abrdn UK Smaller Companies Growth,-3.33,276.5,-0.10668131300077532,-1.9533726602469472,,
2015-02,SELL,SEDOL:643610,BlackRock Smaller Companies,-20.0,,,,,
2015-02,SELL,SEDOL:806372,abrdn Smaller Companies Income,-3.33,187.0,-0.17892425905598242,-1.0865547405580533,,
2015-02,BUY,SEDOL:B0CRWN5,Schroder Oriental Income,16.67,194.0,-0.02839685481043719,-2.010638267961067,,
2015-02,SELL,SEDOL:B6832P1,Polar Capital Global Healthcare,-3.33,169.5,-0.07452907452907453,-1.5565987357819129,,
2015-02,DIVIDEND,SEDOL:B6832P1,Polar Capital Global Healthcare Growth & Income,,,,,0.6,0.059
2015-03,BUY,NAME:biotech growth|ordinary share,Biotech Growth,16.67,745.0,-0.03423600938541105,-0.3029445513726762,,
2015-03,SELL,SEDOL:B0CRWN5,Schroder Oriental Income,-16.67,,,,,
2015-04,SELL,NAME:aberdeen asia focus|ordinary share,Aberdeen Asian Smaller Companies,-4.17,881.5,-0.10390257291274874,-2.12989076635494,,
2015-04,SELL,NAME:aberdeen new thai|ordinary share,Aberdeen New Thai,-4.17,462.25,-0.15677046279574613,-0.5357498739495726,,
2015-04,SELL,NAME:biotech growth|ordinary share,Biotech Growth,-4.17,793.5,-0.04905144829404495,-0.7376977692766092,,
2015-04,SELL,SEDOL:295958,abrdn UK Smaller Companies Growth,-4.17,286.75,-0.079454253611557,-1.0357586665681495,,
2015-04,BUY,SEDOL:338530,Worldwide Healthcare Trust,12.5,1930.0,-0.053587540700639424,-0.36254233714305284,,
2015-04,BUY,SEDOL:610841,Schroder UK Mid Cap,12.5,434.25,-0.13195138527965455,-0.5223826337156041,,
2015-04,SELL,SEDOL:806372,abrdn Smaller Companies Income,-4.17,200.13,-0.1762502572545791,-1.083221736446412,,
2015-04,SELL,SEDOL:B6832P1,Polar Capital Global Healthcare,-4.17,175.5,-0.09763998149005093,-1.8552687658406029,,
2015-04,DIVIDEND,SEDOL:806372,Aberdeen Smaller Companies High Income,,,,,1.65,0.1031
2015-05,SELL,NAME:aberdeen asia focus|ordinary share,Aberdeen Asian Smaller Companies,-12.5,,,,,
2015-05,SELL,NAME:aberdeen new thai|ordinary share,Aberdeen New Thai,-1.39,451.0,-0.1492171288436145,-0.36395611716057774,,
2015-05,SELL,NAME:biotech growth|ordinary share,Biotech Growth,-1.39,745.0,-0.0487499680788579,-0.6993513582715831,,
2015-05,SELL,SEDOL:295958,abrdn UK Smaller Companies Growth,-1.39,288.0,-0.10143209260241492,-1.566260882865088,,
2015-05,SELL,SEDOL:338530,Worldwide Healthcare Trust,-1.39,1848.0,-0.053007010207846594,-0.4026805934391356,,
2015-05,SELL,SEDOL:610841,Schroder UK Mid Cap,-1.39,445.0,-0.13974753039880916,-0.6665816857092406,,
2015-05,BUY,SEDOL:643900,North Atlantic Smaller Companies,11.11,1876.0,-0.21795534508345704,-0.11806097813895287,,
2015-05,SELL,SEDOL:806372,abrdn Smaller Companies Income,-1.39,202.13,-0.18679594464113292,-1.2302634905971372,,
2015-05,BUY,SEDOL:B62Z3C7,Fidelity China Special Situations,11.11,167.5,-0.14623579183444624,-1.7590864692000456,,
2015-05,SELL,SEDOL:B6832P1,Polar Capital Global Healthcare,-1.39,174.75,-0.07720335850451499,-1.304970400141729,,
2015-05,DIVIDEND,SEDOL:B6832P1,Polar Capital Global Healthcare Growth & Income,,,,,0.6,0.0381
2015-06,SELL,NAME:aberdeen new thai|ordinary share,Aberdeen New Thai,-11.11,,,,,
2015-06,BUY,NAME:biotech growth|ordinary share,Biotech Growth,5.56,817.0,-0.07472422931436729,-1.4023139189671743,,
2015-06,BUY,SEDOL:295958,abrdn UK Smaller Companies Growth,5.56,308.38,-0.07929778467785276,-0.9395211718246758,,
2015-06,BUY,SEDOL:338530,Worldwide Healthcare Trust,5.56,1940.0,-0.06731666041672679,-1.0710246674119202,,
2015-06,SELL,SEDOL:610841,Schroder UK Mid Cap,-11.11,,,,,
2015-06,SELL,SEDOL:643900,North Atlantic Smaller Companies,-11.11,,,,,
2015-06,BUY,SEDOL:806372,abrdn Smaller Companies Income,5.56,223.5,-0.15347322172562683,-0.7452768015947222,,
2015-06,BUY,SEDOL:B62Z3C7,Fidelity China Special Situations,5.56,169.9,-0.15514669318746888,-1.843750631033433,,
2015-06,BUY,SEDOL:B6832P1,Polar Capital Global Healthcare,5.56,173.5,-0.10089651241125563,-1.7241613792762192,,
2015-07,SELL,NAME:biotech growth|ordinary share,Biotech Growth,-4.17,789.0,-0.06778359346385154,-1.1410790476893227,,
2015-07,SELL,SEDOL:295958,abrdn UK Smaller Companies Growth,-4.17,300.0,-0.10677067825879838,-1.6108465253167326,,
2015-07,SELL,SEDOL:338530,Worldwide Healthcare Trust,-4.17,1902.0,-0.05120121318540993,-0.45277543221791045,,
2015-07,BUY,SEDOL:610841,Schroder UK Mid Cap,12.5,474.5,-0.10535842226328296,-0.20521009120543077,,
2015-07,BUY,SEDOL:643900,North Atlantic Smaller Companies,12.5,1905.0,-0.21468558566729057,-0.26406749946120733,,
2015-07,BUY,SEDOL:791586,Schroder Income Growth Fund,12.5,271.5,-0.03661911858633171,-0.9777320434838801,,
2015-07,SELL,SEDOL:806372,abrdn Smaller Companies Income,-4.17,220.25,-0.14869356833642555,-0.6984123257691858,,
2015-07,SELL,SEDOL:B62Z3C7,Fidelity China Special Situations,-16.67,,,,,
2015-07,SELL,SEDOL:B6832P1,Polar Capital Global Healthcare,-4.17,170.5,-0.07588075880758804,-1.1048305718325961,,
2015-07,DIVIDEND,SEDOL:806372,Aberdeen Smaller Companies High Income,,,,,1.65,0.0936
2015-07,DIVIDEND,SEDOL:791586,Schroder Income Growth,,,,,2.0,0.0921
2015-08,BUY,NAME:aberforth smaller companies|ordinary share,Aberforth Smaller Companies,12.5,1182.0,-0.10610976246114745,-0.18038339050905658,,
2015-08,SELL,SEDOL:791586,Schroder Income Growth Fund,-12.5,,,,,
2015-08,DIVIDEND,NAME:aberforth smaller companies|ordinary share,Aberforth Smaller Companies,,,,,8.15,0.0862
2015-08,DIVIDEND,SEDOL:B6832P1,Polar Capital Global Healthcare Growth & Income,,,,,3.6,0.2436
2015-09,SELL,NAME:aberforth smaller companies|ordinary share,Aberforth Smaller Companies,-12.5,,,,,
2015-09,SELL,NAME:biotech growth|ordinary share,Biotech Growth,-12.5,,,,,
2015-09,BUY,SEDOL:295958,abrdn UK Smaller Companies Growth,13.3,327.0,-0.07001877026335246,-0.5391017215342262,,
2015-09,SELL,SEDOL:338530,Worldwide Healthcare Trust,-12.5,,,,,
2015-09,SELL,SEDOL:610841,Schroder UK Mid Cap,-12.5,,,,,
2015-09,BUY,SEDOL:643900,North Atlantic Smaller Companies,12.78,2020.0,-0.21882251028679278,-0.6976009329652592,,
2015-09,BUY,SEDOL:806372,abrdn Smaller Companies Income,12.4,215.5,-0.14582424987117992,-0.7126164691968826,,
2015-09,BUY,SEDOL:B6832P1,Polar Capital Global Healthcare,11.51,173.5,-0.03920699966773733,-0.22386282657043974,,
2015-10,BUY,NAME:aberforth smaller companies|ordinary share,Aberforth Smaller Companies,11.11,1092.0,-0.12542747535259202,-0.9804281170543931,,
2015-10,BUY,NAME:biotech growth|ordinary share,Biotech Growth,11.11,640.0,-0.058283427259751885,-0.7984901095859765,,
2015-10,SELL,SEDOL:295958,abrdn UK Smaller Companies Growth,-14.69,320.0,-0.09538078814948836,-1.1495471540033957,,
2015-10,BUY,SEDOL:338530,Worldwide Healthcare Trust,11.11,1690.0,-0.05585537268572838,-0.7903273992911696,,
2015-10,BUY,SEDOL:370866,Troy Income & Growth,11.11,69.38,0.007551553877432449,-0.11240407329087677,,
2015-10,BUY,SEDOL:610841,Schroder UK Mid Cap,11.11,462.5,-0.092763687008376,-0.15507720049798135,,
2015-10,SELL,SEDOL:643900,North Atlantic Smaller Companies,-14.17,2069.0,-0.20356298742792034,-0.22806259307967675,,
2015-10,SELL,SEDOL:806372,abrdn Smaller Companies Income,-13.79,216.5,-0.11077340124039925,-0.1595965103099644,,
2015-10,SELL,SEDOL:B6832P1,Polar Capital Global Healthcare,-12.9,168.25,-0.03437786960514233,-0.07323985218589767,,
2015-10,DIVIDEND,SEDOL:806372,Aberdeen Smaller Companies High Income,,,,,3.3,0.1694
2015-10,DIVIDEND,SEDOL:370866,Troy Income & Growth,,,,,0.6,0.0961
2015-11,SELL,NAME:aberforth smaller companies|ordinary share,Aberforth Smaller Companies,-11.11,,,,,
2015-11,BUY,NAME:biotech growth|ordinary share,Biotech Growth,1.39,666.0,-0.06755337766888347,-1.0068131196894752,,
2015-11,BUY,SEDOL:199049,City of London Investment Trust,12.5,385.2,0.012112772274626371,-1.012999670143447,,
2015-11,BUY,SEDOL:295958,abrdn UK Smaller Companies Growth,1.39,342.0,-0.05981966131515282,-0.15704470545217877,,
2015-11,BUY,SEDOL:338530,Worldwide Healthcare Trust,1.39,1811.0,-0.03948150033944331,-0.06217266710516481,,
2015-11,SELL,SEDOL:370866,Troy Income & Growth,-11.11,,,,,
2015-11,BUY,SEDOL:610841,Schroder UK Mid Cap,1.39,460.88,-0.11370935174323571,-0.6347705443792429,,
2015-11,SELL,SEDOL:643900,North Atlantic Smaller Companies,-11.11,,,,,
2015-11,BUY,SEDOL:806372,abrdn Smaller Companies Income,1.39,211.0,-0.13435897435897437,-0.5635147888242396,,
2015-11,BUY,SEDOL:906409,TR Property,12.5,311.2,-0.05407459193288555,-0.016648025418326173,,
2015-11,BUY,SEDOL:B6832P1,Polar Capital Global Healthcare,1.39,170.0,-0.04526564079523754,-0.3090030842426848,,
2015-11,DIVIDEND,SEDOL:B6832P1,Polar Capital Global Healthcare Growth & Income,,,,,0.65,0.0478
2015-11,DIVIDEND,SEDOL:338530,Worldwide Healthcare,,,,,13.0,0.0897
2015-12,BUY,NAME:aberforth smaller companies|ordinary share,Aberforth Smaller Companies,11.11,1138.0,-0.0978492663088717,-0.10793443781722493,,
2015-12,SELL,NAME:biotech growth|ordinary share,Biotech Growth,-1.39,715.0,-0.0675899482284209,-0.9574157081223358,,
2015-12,SELL,SEDOL:199049,City of London Investment Trust,-1.39,388.0,0.013822476548822848,-0.7169552305163983,,
2015-12,SELL,SEDOL:295958,abrdn UK Smaller Companies Growth,-1.39,350.0,-0.06057922001234661,-0.12452133687181917,,
2015-12,SELL,SEDOL:338530,Worldwide Healthcare Trust,-1.39,1840.0,-0.06258756400132459,-1.1717722376257713,,
2015-12,BUY,SEDOL:370866,Troy Income & Growth,11.11,72.25,0.005987190197716652,-0.2879288886303274,,
2015-12,SELL,SEDOL:610841,Schroder UK Mid Cap,-1.39,467.0,-0.12049418057177297,-0.8936832254070846,,
2015-12,SELL,SEDOL:806372,abrdn Smaller Companies Income,-1.39,209.5,-0.15333010022631743,-0.8744792478989968,,
2015-12,SELL,SEDOL:906409,TR Property,-1.39,297.5,-0.07208134493621543,-0.440321761483632,,
2015-12,SELL,SEDOL:B6832P1,Polar Capital Global Healthcare,-12.5,,,,,
2015-12,DIVIDEND,SEDOL:610841,Schroder UK Mid Cap,,,,,6.7,0.1594
2016-01,SELL,NAME:aberforth smaller companies|ordinary share,Aberforth Smaller Companies,-11.11,,,,,
2016-01,BUY,NAME:biotech growth|ordinary share,Biotech Growth,1.39,740.0,-0.057984851378015345,-0.6426067388681903,,
2016-01,BUY,SEDOL:199049,City of London Investment Trust,1.39,387.0,0.016575166145682774,-0.254803912237281,,
2016-01,SELL,SEDOL:295958,abrdn UK Smaller Companies Growth,-11.11,,,,,
2016-01,BUY,SEDOL:338530,Worldwide Healthcare Trust,1.39,1939.0,-0.056291551886930136,-0.8377649852082681,,
2016-01,SELL,SEDOL:370866,Troy Income & Growth,-11.11,,,,,
2016-01,BUY,SEDOL:610841,Schroder UK Mid Cap,1.39,488.13,-0.08332394366197182,-0.08874172567531358,,
2016-01,BUY,SEDOL:806372,abrdn Smaller Companies Income,1.39,214.5,-0.14165666266506605,-0.6563474779051887,,
2016-01,BUY,SEDOL:906409,TR Property,1.39,301.3,-0.06175069286581758,-0.3019014927730957,,
2016-01,BUY,SEDOL:958057,Henderson High Income Trust,12.5,180.5,0.029428538838827345,-0.1338845644709452,,
2016-01,BUY,SEDOL:B6832P1,Polar Capital Global Healthcare,12.5,170.0,-0.07503128570651285,-0.9583364961876539,,
2016-01,DIVIDEND,SEDOL:199049,City of London,,,,,3.9,0.126
2016-01,DIVIDEND,SEDOL:806372,Aberdeen Smaller Companies High Income,,,,,1.7,0.0991
2016-02,SELL,NAME:biotech growth|ordinary share,Biotech Growth,-1.39,602.5,-0.07964682879139673,-1.1997265748501778,,
2016-02,SELL,SEDOL:199049,City of London Investment Trust,-1.39,371.8,0.010683121754967884,-1.144305252663254,,
2016-02,SELL,SEDOL:338530,Worldwide Healthcare Trust,-1.39,1681.0,-0.09032858565305857,-2.2460142741574987,,
2016-02,BUY,SEDOL:370866,Troy Income & Growth,11.11,71.25,0.0022506681671121687,-0.6760206266419003,,
2016-02,SELL,SEDOL:610841,Schroder UK Mid Cap,-1.39,459.0,-0.0821468565029595,-0.07676705631370066,,
2016-02,SELL,SEDOL:806372,abrdn Smaller Companies Income,-1.39,198.0,-0.15575832516096022,-0.8454366212914013,,
2016-02,SELL,SEDOL:906409,TR Property,-1.39,284.9,-0.09247284426464508,-1.0831687933152274,,
2016-02,SELL,SEDOL:958057,Henderson High Income Trust,-1.39,171.5,0.0016938262951931016,-2.1004785832813284,,
2016-02,SELL,SEDOL:B6832P1,Polar Capital Global Healthcare,-1.39,166.25,-0.06820984194597013,-0.7491158816492662,,
2016-02,DIVIDEND,SEDOL:B6832P1,Polar Capital Global Healthcare Growth & Income,,,,,0.65,0.0434
2016-03,BUY,NAME:aberdeen new thai|ordinary share,Aberdeen New Thai,12.5,400.0,-0.16579770594369136,-0.6690995925280474,,
2016-03,BUY,NAME:biotech growth|ordinary share,Biotech Growth,1.39,604.0,-0.05364753070945105,-0.40779660336980605,,
2016-03,BUY,SEDOL:199049,City of London Investment Trust,1.39,359.6,-0.018585737288829507,-4.0953021236495895,,
2016-03,BUY,SEDOL:338530,Worldwide Healthcare Trust,1.39,1728.0,-0.05138339920948609,-0.5525097339920567,,
2016-03,SELL,SEDOL:370866,Troy Income & Growth,-11.11,,,,,
2016-03,BUY,SEDOL:610841,Schroder UK Mid Cap,1.39,425.0,-0.1482624554090345,-1.7152219644701945,,
2016-03,BUY,SEDOL:806372,abrdn Smaller Companies Income,1.39,192.5,-0.18580552383369286,-1.279946071797111,,
2016-03,BUY,SEDOL:906409,TR Property,1.39,277.6,-0.10254752360015507,-1.4113083530695092,,
2016-03,SELL,SEDOL:958057,Henderson High Income Trust,-11.11,,,,,
2016-03,BUY,SEDOL:B6832P1,Polar Capital Global Healthcare,1.39,168.0,-0.045779847779166216,-0.1787034804491955,,
2016-04,SELL,NAME:aberdeen new thai|ordinary share,Aberdeen New Thai,-12.5,,,,,
2016-04,SELL,NAME:biotech growth|ordinary share,Biotech Growth,-3.41,585.0,-0.06821910389755192,-0.7942836176775708,,
2016-04,SELL,SEDOL:199049,City of London Investment Trust,-3.41,369.5,-0.013640853153946808,-2.964825658431735,,
2016-04,BUY,SEDOL:295958,abrdn UK Smaller Companies Growth,9.09,335.0,-0.06432421864089599,-0.1950951232687547,,
2016-04,BUY,SEDOL:332855,Fidelity Japan,9.09,86.0,-0.15991012992087528,-1.7877840959496862,,
2016-04,SELL,SEDOL:338530,Worldwide Healthcare Trust,-3.41,1715.0,-0.0728777550126769,-1.513857967724217,,
2016-04,BUY,SEDOL:455934,International Biotechnology,9.09,411.0,-0.13161064041074189,-0.2336169236020112,,
2016-04,SELL,SEDOL:610841,Schroder UK Mid Cap,-3.41,428.0,-0.1747488575670516,-2.2457720029522905,,
2016-04,SELL,SEDOL:806372,abrdn Smaller Companies Income,-3.41,191.5,-0.2090372144892818,-1.5627212709454512,,
2016-04,SELL,SEDOL:906409,TR Property,-3.41,297.5,-0.11299940369707806,-1.7255969550015253,,
2016-04,BUY,SEDOL:906506,Henderson Smaller Companies,9.09,602.0,-0.15974596971177335,-1.1642587420716601,,
2016-04,SELL,SEDOL:B6832P1,Polar Capital Global Healthcare,-3.41,162.0,-0.06880496637351263,-0.7067150296341076,,
2016-04,DIVIDEND,SEDOL:806372,Aberdeen Smaller Companies High Income,,,,,1.7,0.0807
2016-05,BUY,NAME:biotech growth|ordinary share,Biotech Growth,3.41,599.5,-0.05563781859424721,-0.37516294287305885,,
2016-05,SELL,SEDOL:199049,City of London Investment Trust,-9.09,,,,,
2016-05,SELL,SEDOL:295958,abrdn UK Smaller Companies Growth,-9.09,,,,,
2016-05,BUY,SEDOL:332855,Fidelity Japan,3.41,86.38,-0.169423076923077,-2.0128857160825144,,
2016-05,BUY,SEDOL:338530,Worldwide Healthcare Trust,3.41,1765.0,-0.060250457894961085,-0.9297466582780483,,
2016-05,SELL,SEDOL:455934,International Biotechnology,-9.09,,,,,
2016-05,BUY,SEDOL:610841,Schroder UK Mid Cap,3.41,434.5,-0.13430694746070015,-1.2819841392972169,,
2016-05,BUY,SEDOL:806372,abrdn Smaller Companies Income,3.41,198.5,-0.17246842039438026,-0.915558452138718,,
2016-05,BUY,SEDOL:906409,TR Property,3.41,297.0,-0.10336915831421334,-1.5728120350451018,,
2016-05,BUY,SEDOL:906506,Henderson Smaller Companies,3.41,615.0,-0.12709001618077043,-0.05716076372125523,,
2016-05,BUY,SEDOL:B62Z3C7,Fidelity China Special Situations,12.5,138.6,-0.15826551682254342,-1.1448435600484315,,
2016-05,SELL,SEDOL:B6832P1,Polar Capital Global Healthcare,-9.09,,,,,
2016-06,SELL,NAME:biotech growth|ordinary share,Biotech Growth,-3.41,632.0,-0.06499193703490003,-0.6377332440034452,,
2016-06,BUY,SEDOL:199049,City of London Investment Trust,9.09,381.3,0.013125730683388293,-0.2527527558966745,,
2016-06,BUY,SEDOL:295958,abrdn UK Smaller Companies Growth,9.09,350.0,-0.06646751306945486,-0.2524285330375302,,
2016-06,SELL,SEDOL:332855,Fidelity Japan,-3.41,88.0,-0.17971662938105892,-2.3390481239516867,,
2016-06,SELL,SEDOL:338530,Worldwide Healthcare Trust,-3.41,1787.0,-0.07806760493623344,-1.6276183214229223,,
2016-06,BUY,SEDOL:370866,Troy Income & Growth,9.09,72.5,0.006804610470767969,-0.10639495220303566,,
2016-06,SELL,SEDOL:610841,Schroder UK Mid Cap,-3.41,444.5,-0.1499005507955936,-1.6262864123142104,,
2016-06,SELL,SEDOL:806372,abrdn Smaller Companies Income,-3.41,199.0,-0.1750953407395125,-0.9152268759798108,,
2016-06,SELL,SEDOL:906409,TR Property,-12.5,,,,,
2016-06,SELL,SEDOL:906506,Henderson Smaller Companies,-3.41,616.5,-0.15668089297439258,-1.1016604208520482,,
2016-06,SELL,SEDOL:B62Z3C7,Fidelity China Special Situations,-3.41,136.4,-0.18688524590163935,-1.8722450870426819,,
2016-06,BUY,SEDOL:B6832P1,Polar Capital Global Healthcare,9.09,172.0,-0.048409405255878335,-0.08579963719995849,,
2016-06,DIVIDEND,SEDOL:338530,Worldwide Healthcare,,,,,10.0,0.0509
2016-06,DIVIDEND,SEDOL:610841,Schroder UK Mid Cap,,,,,2.75,0.0562
2016-07,BUY,NAME:aberdeen new thai|ordinary share,Aberdeen New Thai,8.33,436.5,-0.15657063358645873,-0.25276135655626925,,
2016-07,SELL,NAME:biotech growth|ordinary share,Biotech Growth,-0.76,607.5,-0.08656231674861303,-1.3289032227584567,,
2016-07,BUY,NAME:north american income|ordinary share,North American Income,8.33,955.0,-0.15035587188612098,-1.8189194017136097,,
2016-07,SELL,SEDOL:199049,City of London Investment Trust,-9.09,,,,,
2016-07,SELL,SEDOL:295958,abrdn UK Smaller Companies Growth,-9.09,,,,,
2016-07,SELL,SEDOL:332855,Fidelity Japan,-0.76,95.0,-0.18761758166581155,-2.3592554092636275,,
2016-07,SELL,SEDOL:338530,Worldwide Healthcare Trust,-0.76,1877.0,-0.0889764696746137,-1.9270174112236158,,
2016-07,SELL,SEDOL:370866,Troy Income & Growth,-0.76,73.0,-0.019080892233270697,-2.746768754216757,,
2016-07,BUY,SEDOL:455934,International Biotechnology,8.33,457.5,-0.1279236003888603,-0.13077148475313327,,
2016-07,SELL,SEDOL:610841,Schroder UK Mid Cap,-0.76,389.0,-0.18139730639730633,-2.229913359333913,,
2016-07,SELL,SEDOL:806372,abrdn Smaller Companies Income,-0.76,181.5,-0.21346853874154958,-1.516713451659958,,
2016-07,SELL,SEDOL:906506,Henderson Smaller Companies,-0.76,564.5,-0.14676541717049585,-0.8404166660618411,,
2016-07,SELL,SEDOL:B62Z3C7,Fidelity China Special Situations,-0.76,145.0,-0.18908338459817686,-1.7954211486348153,,
2016-07,SELL,SEDOL:B6832P1,Polar Capital Global Healthcare,-0.76,182.0,-0.08386187455954897,-1.0985035258090343,,
2016-07,DIVIDEND,SEDOL:B6832P1,Polar Capital Global Healthcare Growth & Income,,,,,2.0,0.0916
2016-07,DIVIDEND,SEDOL:806372,Aberdeen Smaller Companies Income,,,,,1.7,0.0781
2016-07,DIVIDEND,SEDOL:370866,Troy Income & Growth,,,,,0.6,0.0685
2016-08,SELL,NAME:aberdeen new thai|ordinary share,Aberdeen New Thai,-8.33,,,,,
2016-08,SELL,NAME:biotech growth|ordinary share,Biotech Growth,-8.33,,,,,
2016-08,BUY,NAME:north american income|ordinary share,North American Income,2.78,1070.0,-0.08414718696236445,-0.3799023718417537,,
2016-08,BUY,SEDOL:332855,Fidelity Japan,2.78,98.5,-0.18365655561080718,-2.020307722323533,,
2016-08,BUY,SEDOL:338530,Worldwide Healthcare Trust,2.78,2088.0,-0.06883403572145286,-1.057478689979127,,
2016-08,SELL,SEDOL:370866,Troy Income & Growth,-8.33,,,,,
2016-08,SELL,SEDOL:455934,International Biotechnology,-8.33,,,,,
2016-08,BUY,SEDOL:610841,Schroder UK Mid Cap,2.78,435.0,-0.1569440675995194,-1.5760263104811283,,
2016-08,BUY,SEDOL:806372,abrdn Smaller Companies Income,2.78,190.0,-0.2261007698260763,-1.6400949726405172,,
2016-08,BUY,SEDOL:906409,TR Property,11.11,298.0,-0.1773864075525865,-2.8651430367711503,,
2016-08,BUY,SEDOL:906506,Henderson Smaller Companies,2.78,588.0,-0.16360843219254073,-1.4417125113360851,,
2016-08,BUY,SEDOL:B62Z3C7,Fidelity China Special Situations,2.78,158.6,-0.16204364135890537,-0.9685524263376272,,
2016-08,BUY,SEDOL:B6832P1,Polar Capital Global Healthcare,2.78,191.25,-0.07964388835418679,-0.9777208588675275,,
2016-08,DIVIDEND,NAME:north american income|ordinary share,North American Income,,,,,7.0,0.0727
2016-09,BUY,NAME:aberforth smaller companies|ordinary share,Aberforth Smaller Companies,8.33,1031.0,-0.15398880737859622,-1.813509218069958,,
2016-09,BUY,NAME:biotech growth|ordinary share,Biotech Growth,8.33,692.5,-0.06469475958941107,-0.540801479045432,,
2016-09,SELL,NAME:north american income|ordinary share,North American Income,-2.78,1081.0,-0.08726305568455262,-0.4035798168657319,,
2016-09,SELL,SEDOL:332855,Fidelity Japan,-11.11,,,,,
2016-09,SELL,SEDOL:338530,Worldwide Healthcare Trust,-2.78,2027.0,-0.06384944001847359,-0.8127873351111214,,
2016-09,BUY,SEDOL:455934,International Biotechnology,8.33,497.5,-0.12481308822235915,-0.10237030940000005,,
2016-09,SELL,SEDOL:610841,Schroder UK Mid Cap,-2.78,435.5,-0.1728866351394982,-1.7705314981922735,,
2016-09,SELL,SEDOL:806372,abrdn Smaller Companies Income,-2.78,198.5,-0.22065174715351388,-1.4736130424062885,,
2016-09,SELL,SEDOL:906409,TR Property,-2.78,314.1,-0.14344150531769828,-1.9676870895583485,,
2016-09,SELL,SEDOL:906506,Henderson Smaller Companies,-2.78,620.5,-0.1750425441395448,-1.735324160299013,,
2016-09,BUY,SEDOL:906692,European Smaller Companies,8.33,709.0,-0.1618691853935904,-1.7797913568494954,,
2016-09,SELL,SEDOL:B62Z3C7,Fidelity China Special Situations,-2.78,169.2,-0.15387308096214436,-0.682638782676008,,
2016-09,SELL,SEDOL:B6832P1,Polar Capital Global Healthcare,-2.78,191.88,-0.05547624907703674,-0.07243544756083692,,
2016-10,SELL,NAME:aberforth smaller companies|ordinary share,Aberforth Smaller Companies,-8.33,,,,,
2016-10,BUY,NAME:biotech growth|ordinary share,Biotech Growth,1.67,712.0,-0.058599534588534063,-0.308264749694718,,
2016-10,BUY,NAME:north american income|ordinary share,North American Income,1.67,1090.0,-0.0818965154182425,-0.2282575458201522,,
2016-10,BUY,SEDOL:338530,Worldwide Healthcare Trust,1.67,2122.0,-0.04757202680442896,-0.12523693904008867,,
2016-10,SELL,SEDOL:455934,International Biotechnology,-8.33,,,,,
2016-10,BUY,SEDOL:610841,Schroder UK Mid Cap,1.67,435.38,-0.18345836459114784,-1.8287853959753892,,
2016-10,BUY,SEDOL:806372,abrdn Smaller Companies Income,1.67,204.0,-0.2154147917387792,-1.3422351589993387,,
2016-10,BUY,SEDOL:906409,TR Property,1.67,313.0,-0.14363885088919293,-1.8357404009949345,,
2016-10,BUY,SEDOL:906506,Henderson Smaller Companies,1.67,656.0,-0.13457606100183372,-0.2809498484907899,,
2016-10,BUY,SEDOL:906692,European Smaller Companies,1.67,741.25,-0.16710675640751937,-1.8555661045957723,,
2016-10,BUY,SEDOL:974406,Witan,10.0,836.5,-0.06865146521777854,-1.2653681601842999,,
2016-10,BUY,SEDOL:B62Z3C7,Fidelity China Special Situations,1.67,175.6,-0.1620938111370902,-0.881172388399229,,
2016-10,SELL,SEDOL:B6832P1,Polar Capital Global Healthcare,-8.33,,,,,
2016-10,DIVIDEND,SEDOL:806372,Aberdeen Smaller Companies Income,,,,,1.7,0.0833
2016-11,BUY,NAME:biotech growth|ordinary share,Biotech Growth,2.5,659.0,-0.0631885706162485,-0.43279029163430216,,
2016-11,BUY,NAME:north american income|ordinary share,North American Income,2.5,1124.0,-0.08755865114542227,-0.3193754723548781,,
2016-11,BUY,SEDOL:332855,Fidelity Japan,12.5,105.0,-0.1817969297903842,-1.7016135825763332,,
2016-11,BUY,SEDOL:338530,Worldwide Healthcare Trust,2.5,2020.0,-0.06351414000927214,-0.7412799379665084,,
2016-11,BUY,SEDOL:610841,Schroder UK Mid Cap,2.5,412.0,-0.20250861368123574,-2.023199784023594,,
2016-11,BUY,SEDOL:806372,abrdn Smaller Companies Income,2.5,194.0,-0.23079973038341073,-1.57064683358511,,
2016-11,SELL,SEDOL:906409,TR Property,-10.0,,,,,
2016-11,BUY,SEDOL:906506,Henderson Smaller Companies,2.5,612.5,-0.161142763229977,-1.1584669754121788,,
2016-11,BUY,SEDOL:906692,European Smaller Companies,2.5,787.5,-0.1493659400721553,-1.1278984562180847,,
2016-11,SELL,SEDOL:974406,Witan,-10.0,,,,,
2016-11,SELL,SEDOL:B62Z3C7,Fidelity China Special Situations,-10.0,,,,,
2016-11,DIVIDEND,SEDOL:338530,Worldwide Healthcare,,,,,6.5,0.0402
2016-12,SELL,NAME:biotech growth|ordinary share,Biotech Growth,-12.5,,,,,
2016-12,SELL,NAME:north american income|ordinary share,North American Income,-12.5,,,,,
2016-12,SELL,SEDOL:332855,Fidelity Japan,-12.5,,,,,
2016-12,SELL,SEDOL:338530,Worldwide Healthcare Trust,-12.5,,,,,
2016-12,BUY,SEDOL:610841,Schroder UK Mid Cap,4.17,424.0,-0.18430165448249325,-1.5679381124078355,,
2016-12,BUY,SEDOL:806372,abrdn Smaller Companies Income,4.17,195.5,-0.22120862048360757,-1.338687748573882,,
2016-12,BUY,SEDOL:906506,Henderson Smaller Companies,4.17,617.75,-0.15168701336153034,-0.825203768497543,,
2016-12,BUY,SEDOL:906692,European Smaller Companies,4.17,726.25,-0.14826368935226986,-1.0273600011424615,,
2016-12,BUY,SEDOL:B0CRWN5,Schroder Oriental Income,16.67,227.0,-0.008733624454148492,-0.22075439376760758,,
2016-12,BUY,SEDOL:B62Z3C7,Fidelity China Special Situations,16.67,181.0,-0.13677985501716905,-0.0011994897444732166,,
2016-12,DIVIDEND,SEDOL:610841,Schroder UK Mid Cap,,,,,8.5,0.3341
2017-01,BUY,NAME:aberforth smaller companies|ordinary share,Aberforth Smaller Companies,12.5,1109.0,-0.14201938773141876,-1.021734541286355,,
2017-01,BUY,SEDOL:295958,abrdn UK Smaller Companies Growth,12.5,362.75,-0.07687805374592827,-0.35562863202318323,,
2017-01,SELL,SEDOL:610841,Schroder UK Mid Cap,-4.17,436.5,-0.1829667758540009,-1.4774359639088472,,
2017-01,SELL,SEDOL:806372,abrdn Smaller Companies Income,-4.17,203.5,-0.22594142259414218,-1.3748497013950027,,
2017-01,BUY,SEDOL:906409,TR Property,12.5,298.7,-0.1252269665553798,-1.190418079041218,,
2017-01,SELL,SEDOL:906506,Henderson Smaller Companies,-4.17,661.0,-0.15697377818589942,-0.9591858187213078,,
2017-01,SELL,SEDOL:906692,European Smaller Companies,-4.17,774.5,-0.14892915618166436,-0.9962034318988707,,
2017-01,BUY,SEDOL:974406,Witan,12.5,902.0,-0.0393729299125638,-0.40232025754933326,,
2017-01,SELL,SEDOL:B0CRWN5,Schroder Oriental Income,-16.67,,,,,
2017-01,SELL,SEDOL:B62Z3C7,Fidelity China Special Situations,-16.67,,,,,
2017-01,DIVIDEND,SEDOL:806372,Aberdeen Smaller Companies Income,,,,,1.75,0.1075
2017-02,BUY,NAME:biotech growth|ordinary share,Biotech Growth,12.5,695.75,-0.07804942688663619,-0.9490473889444624,,
2017-02,BUY,SEDOL:332855,Fidelity Japan,12.5,105.38,-0.1615213239974539,-0.9112420260422709,,
2017-02,SELL,SEDOL:906409,TR Property,-12.5,,,,,
2017-02,SELL,SEDOL:974406,Witan,-12.5,,,,,
2017-02,DIVIDEND,NAME:aberforth smaller companies|ordinary share,Aberforth Smaller Companies,,,,,18.75,0.2051
2017-03,SELL,NAME:aberforth smaller companies|ordinary share,Aberforth Smaller Companies,-12.5,,,,,
2017-03,SELL,NAME:biotech growth|ordinary share,Biotech Growth,-1.39,755.0,-0.07627180854968563,-0.8387429508461424,,
2017-03,BUY,NAME:north american income|ordinary share,North American Income,11.11,1245.0,-0.09021155321714347,-0.28183913842247854,,
2017-03,SELL,SEDOL:295958,abrdn UK Smaller Companies Growth,-12.5,,,,,
2017-03,SELL,SEDOL:332855,Fidelity Japan,-1.39,104.5,-0.17489143308330046,-1.3272125390674936,,
2017-03,SELL,SEDOL:610841,Schroder UK Mid Cap,-1.39,465.0,-0.1758533905214279,-1.19319822655098,,
2017-03,BUY,SEDOL:802284,Schroder Japan Trust,11.11,195.0,-0.09763998149005093,-0.1216797345745885,,
2017-03,SELL,SEDOL:806372,abrdn Smaller Companies Income,-1.39,225.5,-0.17447649729096504,-0.20481273345500464,,
2017-03,BUY,SEDOL:906409,TR Property,11.11,304.2,-0.1270160133157321,-1.0712786320911392,,
2017-03,SELL,SEDOL:906506,Henderson Smaller Companies,-1.39,698.0,-0.14652189330300924,-0.524167801438713,,
2017-03,SELL,SEDOL:906692,European Smaller Companies,-12.5,,,,,
2017-03,BUY,SEDOL:B6832P1,Polar Capital Global Healthcare,11.11,199.0,-0.05923509667659432,-0.11509101989514307,,
2017-04,BUY,NAME:biotech growth|ordinary share,Biotech Growth,3.17,748.0,-0.06585240967617056,-0.4691434901620634,,
2017-04,BUY,NAME:north american income|ordinary share,North American Income,3.17,1230.0,-0.08944196858204645,-0.21461717784567233,,
2017-04,BUY,SEDOL:295958,abrdn UK Smaller Companies Growth,14.29,389.75,-0.08274693464498373,-0.5236684362348806,,
2017-04,SELL,SEDOL:332855,Fidelity Japan,-11.11,,,,,
2017-04,BUY,SEDOL:610841,Schroder UK Mid Cap,3.17,462.0,-0.18958742632612968,-1.3832151184532444,,
2017-04,SELL,SEDOL:802284,Schroder Japan Trust,-11.11,,,,,
2017-04,BUY,SEDOL:806372,abrdn Smaller Companies Income,3.17,213.0,-0.2304635283066585,-1.4645526097175272,,
2017-04,SELL,SEDOL:906409,TR Property,-11.11,,,,,
2017-04,BUY,SEDOL:906506,Henderson Smaller Companies,3.17,705.0,-0.15557738145144873,-0.811122473509295,,
2017-04,BUY,SEDOL:974406,Witan,14.29,955.0,-0.04298068925432663,-0.5461704779990224,,
2017-04,SELL,SEDOL:B6832P1,Polar Capital Global Healthcare,-11.11,,,,,
2017-04,DIVIDEND,SEDOL:806372,Aberdeen Smaller Companies Income,,,,,1.75,0.1174
2017-05,BUY,NAME:aberforth smaller companies|ordinary share,Aberforth Smaller Companies,14.29,1277.0,-0.12052947293751415,-0.2315351627927604,,
2017-05,SELL,NAME:north american income|ordinary share,North American Income,-14.29,,,,,
2017-05,BUY,SEDOL:906409,TR Property,14.29,332.1,-0.083305730374296,-0.2532352921709643,,
2017-05,SELL,SEDOL:974406,Witan,-14.29,,,,,
2017-06,BUY,SEDOL:332855,Fidelity Japan,14.29,114.5,-0.15740672602840522,-0.6322492875285463,,
2017-06,SELL,SEDOL:906506,Henderson Smaller Companies,-14.29,,,,,
2017-07,SELL,SEDOL:332855,Fidelity Japan,-14.29,,,,,
2017-07,SELL,SEDOL:906409,TR Property,-14.29,,,,,
2017-07,BUY,SEDOL:906506,Henderson Smaller Companies,14.29,769.0,-0.1415877835327738,-0.2953901333636823,,
2017-07,BUY,SEDOL:974406,Witan,14.29,1001.0,-0.02722979145206117,-0.0016961001969361543,,
2017-07,DIVIDEND,SEDOL:806372,Aberdeen Smaller Companies Income,,,,,1.75,0.1082
2017-07,DIVIDEND,SEDOL:610841,Schroder UK Mid Cap,,,,,3.1,0.0896
2017-08,BUY,SEDOL:802284,Schroder Japan Trust,14.29,195.0,-0.09483358863668012,-0.19486566093312832,,
2017-08,SELL,SEDOL:974406,Witan,-14.29,,,,,
2017-08,DIVIDEND,NAME:aberforth smaller companies|ordinary share,Aberforth Smaller Companies,,,,,9.05,0.0989
2017-09,SELL,NAME:aberforth smaller companies|ordinary share,Aberforth Smaller Companies,-14.29,,,,,
2017-09,BUY,NAME:biotech growth|ordinary share,Biotech Growth,2.38,833.5,-0.08688555120999986,-1.2114470868212581,,
2017-09,BUY,SEDOL:295958,abrdn UK Smaller Companies Growth,2.38,442.63,-0.07862198168193169,-0.37042061047783265,,
2017-09,BUY,SEDOL:343501,JPMorgan China Growth & Income,16.67,275.5,-0.14024466358756704,-0.083605800531871,,
2017-09,SELL,SEDOL:610841,Schroder UK Mid Cap,-14.29,,,,,
2017-09,BUY,SEDOL:802284,Schroder Japan Trust,2.38,199.75,-0.09615384615384615,-0.2598697164661638,,
2017-09,BUY,SEDOL:806372,abrdn Smaller Companies Income,2.38,252.5,-0.19660186452002937,-0.41747912498345413,,
2017-09,BUY,SEDOL:906506,Henderson Smaller Companies,2.38,799.0,-0.14649518234452108,-0.47499005091444957,,
2017-10,BUY,NAME:biotech growth|ordinary share,Biotech Growth,16.75,825.0,-0.07060056101929768,-0.6117133077868567,,
2017-10,SELL,SEDOL:295958,abrdn UK Smaller Companies Growth,-16.67,,,,,
2017-10,SELL,SEDOL:343501,JPMorgan China Growth & Income,-16.67,,,,,
2017-10,BUY,SEDOL:802284,Schroder Japan Trust,16.46,196.0,-0.10461397898583835,-0.5939072244359005,,
2017-10,SELL,SEDOL:806372,abrdn Smaller Companies Income,-16.67,,,,,
2017-10,BUY,SEDOL:906506,Henderson Smaller Companies,16.8,792.0,-0.15541621344935697,-0.7702864986805938,,
2017-10,DIVIDEND,SEDOL:802284,Schroder Japan Growth,,,,,3.5,0.5915
2017-11,SELL,NAME:biotech growth|ordinary share,Biotech Growth,-33.41,,,,,
2017-11,SELL,SEDOL:802284,Schroder Japan Trust,-33.12,,,,,
2017-11,BUY,SEDOL:906506,Henderson Smaller Companies,66.54,837.0,-0.1481089443471888,-0.48823547963897757,,
2018-06,BUY,NAME:biotech growth|ordinary share,Biotech Growth,16.67,738.0,-0.06616558478533197,-0.500875370000922,,
2018-06,BUY,SEDOL:295958,abrdn UK Smaller Companies Growth,16.67,499.0,-0.06619009300671819,-0.32559490840217103,,
2018-06,BUY,SEDOL:343501,JPMorgan China Growth & Income,16.67,314.0,-0.152267818574514,-0.5201799334256709,,
2018-06,BUY,SEDOL:802284,Schroder Japan Trust,16.67,214.0,-0.09005867845905269,-0.19026188553493875,,
2018-06,BUY,SEDOL:846505,JPMorgan American,16.67,411.5,-0.04621731874652324,-0.4058172459312412,,
2018-06,SELL,SEDOL:906506,Henderson Smaller Companies,-100.0,,,,,
2018-06,BUY,SEDOL:906692,European Smaller Companies,16.67,1028.0,-0.11196344191912644,-0.3132348284135728,,
2018-07,BUY,NAME:biotech growth|ordinary share,Biotech Growth,9.63,774.0,-0.060577004769938436,-0.27046651219877543,,
2018-07,BUY,SEDOL:295958,abrdn UK Smaller Companies Growth,8.45,500.0,-0.08991627229705124,-1.1770282927728577,,
2018-07,BUY,SEDOL:343501,JPMorgan China Growth & Income,7.05,297.0,-0.15033614647403803,-0.4707146747580546,,
2018-07,SELL,SEDOL:802284,Schroder Japan Trust,-16.67,,,,,
2018-07,SELL,SEDOL:846505,JPMorgan American,-16.67,,,,,
2018-07,BUY,SEDOL:906692,European Smaller Companies,8.21,1020.0,-0.10067185102893728,-0.09074274150639355,,
2018-08,BUY,NAME:biotech growth|ordinary share,Biotech Growth,26.24,804.0,-0.0726857511937441,-0.7479987804065749,,
2018-08,SELL,SEDOL:295958,abrdn UK Smaller Companies Growth,-25.12,,,,,
2018-08,SELL,SEDOL:343501,JPMorgan China Growth & Income,-23.71,,,,,
2018-08,BUY,SEDOL:906692,European Smaller Companies,22.59,1012.0,-0.12903531193789652,-0.5908702761125201,,
2018-09,SELL,NAME:biotech growth|ordinary share,Biotech Growth,-35.86,842.0,-0.06501582366331682,-0.37729371005610796,,
2018-09,BUY,SEDOL:332855,Fidelity Japan,16.67,153.0,-0.14748983116955483,-0.411981518506444,,
2018-09,BUY,SEDOL:343501,JPMorgan China Growth & Income,16.67,267.0,-0.14455978469819297,-0.3701580278403495,,
2018-09,BUY,SEDOL:802284,Schroder Japan Trust,16.67,210.0,-0.09921503024063827,-0.4421663392650419,,
2018-09,BUY,SEDOL:846505,JPMorgan American,16.67,466.0,-0.047696897862426924,-0.4735875568947175,,
2018-09,SELL,SEDOL:906692,European Smaller Companies,-30.8,995.0,-0.1369889152948116,-0.705466950919277,,
2018-10,BUY,SEDOL:132077,JPMorgan Asia Growth & Income,16.67,340.5,-0.12063221507708988,-0.5658485932845274,,
2018-10,SELL,SEDOL:332855,Fidelity Japan,-16.67,,,,,
2018-10,BUY,SEDOL:791887,Schroder AsiaPacific,16.67,430.0,-0.12631814210537018,-1.0963332556248844,,
2018-10,SELL,SEDOL:802284,Schroder Japan Trust,-16.67,,,,,
2018-10,DIVIDEND,SEDOL:132077,JPMorgan Asian,,,,,3.9,0.1909
2018-11,BUY,NAME:north american income|ordinary share,North American Income,16.67,1295.0,-0.09048130745945793,-0.30814734846205644,,
2018-11,SELL,SEDOL:132077,JPMorgan Asia Growth & Income,-16.67,,,,,
2018-11,SELL,SEDOL:343501,JPMorgan China Growth & Income,-16.67,,,,,
2018-11,BUY,SEDOL:454351,Montanaro European Smaller Companies,16.67,840.0,-0.13061477954874767,-0.15997301558681754,,
2018-11,SELL,SEDOL:846505,JPMorgan American,-16.67,,,,,
2018-11,BUY,SEDOL:B44ZTP6,abrdn Latin American Income,16.67,66.0,-0.13272010512483567,-0.2799268660357059,,
2018-12,BUY,NAME:biotech growth|ordinary share,Biotech Growth,3.33,722.0,-0.07984451666348047,-0.9703761545797532,,
2018-12,SELL,NAME:north american income|ordinary share,North American Income,-16.67,,,,,
2018-12,BUY,SEDOL:132077,JPMorgan Asia Growth & Income,20.0,332.0,-0.12194863928486421,-0.6055142845763296,,
2018-12,SELL,SEDOL:454351,Montanaro European Smaller Companies,-16.67,,,,,
2018-12,BUY,SEDOL:791887,Schroder AsiaPacific,3.33,412.0,-0.11784857828023299,-0.29187757386443636,,
2018-12,BUY,SEDOL:846505,JPMorgan American,20.0,444.0,-0.051565770923228116,-0.7504272550873019,,
2018-12,SELL,SEDOL:906692,European Smaller Companies,-16.67,,,,,
2018-12,BUY,SEDOL:B44ZTP6,abrdn Latin American Income,3.33,63.3,-0.1517019565800054,-1.3256942570199868,,
2018-12,DIVIDEND,SEDOL:791887,Schroder AsiaPacific,,,,,9.5,0.4612
2018-12,DIVIDEND,SEDOL:B44ZTP6,Aberdeen Latin American Income,,,,,3.5,1.1058
2019-01,SELL,NAME:biotech growth|ordinary share,Biotech Growth,-20.0,,,,,
2019-01,SELL,SEDOL:132077,JPMorgan Asia Growth & Income,-20.0,,,,,
2019-01,SELL,SEDOL:791887,Schroder AsiaPacific,-20.0,,,,,
2019-01,BUY,SEDOL:846505,JPMorgan American,26.63,399.0,-0.05160324213829004,-0.7583262406718395,,
2019-01,BUY,SEDOL:B44ZTP6,abrdn Latin American Income,33.37,65.1,-0.13968547641073092,-0.5658029182332904,,
2019-02,BUY,SEDOL:846505,JPMorgan American,53.37,415.5,-0.055681818181818166,-1.2847558527892233,,
2019-02,SELL,SEDOL:B44ZTP6,abrdn Latin American Income,-53.37,,,,,
2019-04,BUY,SEDOL:332855,Fidelity Japan,16.67,136.5,-0.13300304878048774,-0.23883748103596553,,
2019-04,BUY,SEDOL:781606,Finsbury Growth & Income,16.67,829.0,0.0016795350467007086,-0.6784241966699246,,
2019-04,BUY,SEDOL:802284,Schroder Japan Trust,16.67,181.5,-0.12335780525502316,-1.2958864974686055,,
2019-04,SELL,SEDOL:846505,JPMorgan American,-83.33,434.0,-0.058711258594139726,-1.4648366510868949,,
2019-04,BUY,SEDOL:B0CRWN5,Schroder Oriental Income,16.67,247.0,-0.014680070209031504,-1.322121634135193,,
2019-04,BUY,SEDOL:B44ZTP6,abrdn Latin American Income,16.67,67.0,-0.1437699680511182,-0.8438537920064265,,
2019-04,DIVIDEND,SEDOL:846505,JPMorgan American,,,,,4.0,0.1536
2019-04,DIVIDEND,SEDOL:B0CRWN5,Schroder Oriental Income,,,,,1.8,0.1215
2019-04,DIVIDEND,SEDOL:781606,Finsbury Growth & Income,,,,,8.0,0.1608
2019-05,SELL,SEDOL:332855,Fidelity Japan,-16.67,,,,,
2019-05,BUY,SEDOL:781606,Finsbury Growth & Income,8.9,877.0,0.004696987054645385,-0.0327661251971235,,
2019-05,BUY,SEDOL:802284,Schroder Japan Trust,8.03,185.5,-0.1178848257168672,-1.2447184667227977,,
2019-05,BUY,SEDOL:846505,JPMorgan American,8.58,453.5,-0.04774903410045361,-0.3923882292566538,,
2019-05,SELL,SEDOL:B0CRWN5,Schroder Oriental Income,-16.67,,,,,
2019-05,BUY,SEDOL:B44ZTP6,abrdn Latin American Income,7.82,67.9,-0.14224355735219796,-0.7294264876053288,,
2019-05,DIVIDEND,SEDOL:B44ZTP6,Aberdeen Latin American Income,,,,,3.5,1.2623
2019-06,BUY,SEDOL:295958,abrdn UK Smaller Companies Growth,20.0,494.0,-0.0841336349141607,-0.8976823602003126,,
2019-06,BUY,SEDOL:343501,JPMorgan China Growth & Income,20.0,258.0,-0.13985664277379561,-0.492763384657141,,
2019-06,SELL,SEDOL:781606,Finsbury Growth & Income,-5.56,887.0,0.004575518709794224,-0.03782770741627855,,
2019-06,SELL,SEDOL:802284,Schroder Japan Trust,-24.7,,,,,
2019-06,SELL,SEDOL:846505,JPMorgan American,-5.25,436.0,-0.04778544596837597,-0.3490146883519235,,
2019-06,SELL,SEDOL:B44ZTP6,abrdn Latin American Income,-4.49,68.7,-0.14509706321553006,-0.8604517755448516,,
2019-07,SELL,SEDOL:295958,abrdn UK Smaller Companies Growth,-20.0,,,,,
2019-07,BUY,SEDOL:343501,JPMorgan China Growth & Income,13.94,280.0,-0.13930898807328163,-0.48927343648144794,,
2019-07,SELL,SEDOL:781606,Finsbury Growth & Income,-20.0,,,,,
2019-07,BUY,SEDOL:846505,JPMorgan American,12.82,457.5,-0.04834213920206354,-0.3954412661412965,,
2019-07,BUY,SEDOL:B44ZTP6,abrdn Latin American Income,13.24,73.0,-0.14188315504878324,-0.6964570541323795,,
2019-07,DIVIDEND,SEDOL:B44ZTP6,Aberdeen Latin American Income,,,,,3.5,1.5935
2019-08,BUY,SEDOL:343501,JPMorgan China Growth & Income,16.82,295.5,-0.13490251185666602,-0.3339236241415819,,
2019-08,SELL,SEDOL:846505,JPMorgan American,-32.82,,,,,
2019-08,BUY,SEDOL:B44ZTP6,abrdn Latin American Income,16.0,76.3,-0.14260029216765924,-0.7189162640280136,,
2019-09,BUY,NAME:bankers|ordinary share,Bankers Investment Trust,12.5,935.0,-0.03013329184170943,-0.038917350660710906,,
2019-09,BUY,SEDOL:132077,JPMorgan Asia Growth & Income,12.5,353.0,-0.10800020215292871,-0.41784283634113684,,
2019-09,BUY,SEDOL:338530,Worldwide Healthcare Trust,12.5,2755.0,-0.01035979079257432,-0.518406695182105,,
2019-09,SELL,SEDOL:343501,JPMorgan China Growth & Income,-38.27,301.5,-0.13825135050161486,-0.5127627862624503,,
2019-09,BUY,SEDOL:781606,Finsbury Growth & Income,12.5,934.0,0.001737489006628179,-1.0247026402106898,,
2019-09,BUY,SEDOL:846505,JPMorgan American,12.5,471.0,-0.05524130460945964,-1.18569193849204,,
2019-09,BUY,SEDOL:871079,Schroder Asian Total Return,12.5,359.0,-0.006255882190112305,-0.2045659827019809,,
2019-09,SELL,SEDOL:B44ZTP6,abrdn Latin American Income,-36.73,69.2,-0.1601941747572816,-1.705314835086069,,
2019-09,DIVIDEND,SEDOL:B44ZTP6,Aberdeen Latin American Income,,,,,3.5,0.6322
2019-10,SELL,NAME:bankers|ordinary share,Bankers Investment Trust,-12.5,,,,,
2019-10,BUY,SEDOL:132077,JPMorgan Asia Growth & Income,37.77,361.0,-0.10006481527646205,-0.0919671905643253,,
2019-10,SELL,SEDOL:338530,Worldwide Healthcare Trust,-12.5,,,,,
2019-10,SELL,SEDOL:343501,JPMorgan China Growth & Income,-12.5,,,,,
2019-10,SELL,SEDOL:781606,Finsbury Growth & Income,-12.5,,,,,
2019-10,BUY,SEDOL:846505,JPMorgan American,37.23,476.5,-0.04604604604604601,-0.04385988944125942,,
2019-10,SELL,SEDOL:871079,Schroder Asian Total Return,-12.5,,,,,
2019-10,SELL,SEDOL:B44ZTP6,abrdn Latin American Income,-12.5,,,,,
2019-10,DIVIDEND,SEDOL:132077,JPMorgan Asian,,,,,4.0,0.557
2019-11,SELL,SEDOL:132077,JPMorgan Asia Growth & Income,-50.27,,,,,
2019-11,BUY,SEDOL:295958,abrdn UK Smaller Companies Growth,12.5,492.0,-0.08328675237562888,-0.7902160316266267,,
2019-11,BUY,SEDOL:343501,JPMorgan China Growth & Income,12.5,310.5,-0.12466170500676599,-0.0035880186170581152,,
2019-11,BUY,SEDOL:781606,Finsbury Growth & Income,12.5,882.0,0.003070624360286711,-0.672036322222895,,
2019-11,BUY,SEDOL:791887,Schroder AsiaPacific,12.5,432.5,-0.11498086721643574,-0.44416184499951045,,
2019-11,BUY,SEDOL:802284,Schroder Japan Trust,12.5,190.5,-0.13318469308822867,-1.5424370821678524,,
2019-11,SELL,SEDOL:846505,JPMorgan American,-37.23,458.5,-0.05413211206007351,-0.9842925474411065,,
2019-11,BUY,SEDOL:906692,European Smaller Companies,12.5,860.0,-0.1370573656167532,-0.8254780570585433,,
2019-11,BUY,SEDOL:B44ZTP6,abrdn Latin American Income,12.5,70.2,-0.14180929095354522,-0.5225168491156257,,
2019-12,SELL,SEDOL:295958,abrdn UK Smaller Companies Growth,-12.5,,,,,
2019-12,SELL,SEDOL:343501,JPMorgan China Growth & Income,-12.5,,,,,
2019-12,SELL,SEDOL:781606,Finsbury Growth & Income,-12.5,,,,,
2019-12,SELL,SEDOL:791887,Schroder AsiaPacific,-12.5,,,,,
2019-12,BUY,SEDOL:802284,Schroder Japan Trust,20.61,198.0,-0.1148464392686307,-0.8432862147490161,,
2019-12,BUY,SEDOL:846505,JPMorgan American,20.61,476.5,-0.049945169973083514,-0.42113157937681517,,
2019-12,BUY,SEDOL:906692,European Smaller Companies,21.28,912.0,-0.12412124005992853,-0.5885266403233308,,
2019-12,SELL,SEDOL:B44ZTP6,abrdn Latin American Income,-12.5,,,,,
2020-01,SELL,SEDOL:802284,Schroder Japan Trust,-33.11,,,,,
2020-01,SELL,SEDOL:846505,JPMorgan American,-33.11,,,,,
2020-01,BUY,SEDOL:906692,European Smaller Companies,66.22,967.0,-0.10944522213217411,-0.32096066503188914,,
2020-02,BUY,SEDOL:341969,JPMorgan European Discovery,20.0,381.0,-0.11860642653896869,-0.13635053051271728,,
2020-02,BUY,SEDOL:343501,JPMorgan China Growth & Income,20.0,324.0,-0.12498649670519602,-0.20245909910090246,,
2020-02,BUY,SEDOL:846505,JPMorgan American,20.0,486.5,-0.04779613246692249,-0.027749869280287567,,
2020-02,BUY,SEDOL:871079,Schroder Asian Total Return,20.0,350.0,-0.025720966484801266,-1.5376824019138724,,
2020-02,SELL,SEDOL:906692,European Smaller Companies,-80.0,940.0,-0.10461693798043492,-0.24157455181109064,,
2020-03,BUY,SEDOL:291633,Edinburgh Worldwide,7.69,184.6,-0.02415816461383935,-0.5147704073005711,,
2020-03,BUY,SEDOL:295958,abrdn UK Smaller Companies Growth,7.69,526.0,-0.06532091833108256,-0.19953951337450213,,
2020-03,BUY,SEDOL:338530,Worldwide Healthcare Trust,7.69,2905.0,-0.03972973598352503,-3.112354405215116,,
2020-03,BUY,SEDOL:341895,JPMorgan Emerging Markets,7.69,936.0,-0.11606383983378987,-0.47477327943111786,,
2020-03,SELL,SEDOL:341969,JPMorgan European Discovery,-12.31,357.0,-0.1264559068219634,-0.44372203208850375,,
2020-03,SELL,SEDOL:343501,JPMorgan China Growth & Income,-12.31,325.0,-0.1727754021584199,-1.9421817891967563,,
2020-03,BUY,SEDOL:791887,Schroder AsiaPacific,7.69,427.5,-0.11946446961894952,-0.9743533138090805,,
2020-03,SELL,SEDOL:846505,JPMorgan American,-12.31,444.5,-0.07936705190340088,-3.835280659609308,,
2020-03,SELL,SEDOL:871079,Schroder Asian Total Return,-12.31,332.0,-0.052646597232130055,-2.670324639552679,,
2020-03,SELL,SEDOL:906692,European Smaller Companies,-20.0,,,,,
2020-03,BUY,SEDOL:B1FL3C7,Invesco Perpetual UK Smaller Companies,7.69,520.0,-0.049933312626751714,-0.25981546333306643,,
2020-03,BUY,SEDOL:B44ZTP6,abrdn Latin American Income,7.69,62.0,-0.16363145824902192,-1.8425551091575318,,
2020-03,BUY,SEDOL:B62Z3C7,Fidelity China Special Situations,7.69,224.0,-0.1164753678065712,-0.2637555529982197,,
2020-03,BUY,SEDOL:B7W0XJ6,BlackRock American Income,7.69,166.0,-0.02838747439274214,-0.23338215479311927,,
2020-03,DIVIDEND,SEDOL:341895,JPMorgan Emerging Markets,,,,,5.2,0.0427
2020-04,SELL,SEDOL:291633,Edinburgh Worldwide,-7.69,,,,,
2020-04,SELL,SEDOL:295958,abrdn UK Smaller Companies Growth,-7.69,,,,,
2020-04,SELL,SEDOL:338530,Worldwide Healthcare Trust,-7.69,,,,,
2020-04,SELL,SEDOL:341895,JPMorgan Emerging Markets,-7.69,,,,,
2020-04,SELL,SEDOL:341969,JPMorgan European Discovery,-7.69,,,,,
2020-04,SELL,SEDOL:343501,JPMorgan China Growth & Income,-7.69,,,,,
2020-04,SELL,SEDOL:791887,Schroder AsiaPacific,-7.69,,,,,
2020-04,BUY,SEDOL:846505,JPMorgan American,25.24,388.5,-0.05049369439827944,-0.28645858615262676,,
2020-04,BUY,SEDOL:871079,Schroder Asian Total Return,27.37,309.0,-0.0010345273503168384,-0.46968954876941343,,
2020-04,SELL,SEDOL:B1FL3C7,Invesco Perpetual UK Smaller Companies,-7.69,,,,,
2020-04,SELL,SEDOL:B44ZTP6,abrdn Latin American Income,-7.69,,,,,
2020-04,SELL,SEDOL:B62Z3C7,Fidelity China Special Situations,-7.69,,,,,
2020-04,BUY,SEDOL:B7W0XJ6,BlackRock American Income,24.31,141.0,-0.06193866010245497,-1.046901276580949,,
2020-04,DIVIDEND,SEDOL:846505,JPMorgan American,,,,,4.0,0.3391
2020-04,DIVIDEND,SEDOL:B7W0XJ6,BlackRock North American Income,,,,,2.0,0.4539
2020-05,BUY,SEDOL:295958,abrdn UK Smaller Companies Growth,14.29,466.0,-0.05856683973413601,-0.044170556709275305,,
2020-05,BUY,SEDOL:332855,Fidelity Japan,14.29,145.0,-0.12923372567859726,-1.1531883549992021,,
2020-05,BUY,SEDOL:781606,Finsbury Growth & Income,14.29,778.0,0.0023706452277880707,-0.3216678053615275,,
2020-05,BUY,SEDOL:791887,Schroder AsiaPacific,14.29,414.0,-0.10821988626572465,-0.23682941545990535,,
2020-05,SELL,SEDOL:846505,JPMorgan American,-32.93,,,,,
2020-05,SELL,SEDOL:871079,Schroder Asian Total Return,-20.78,327.0,-0.020811498727354327,-1.5003004079670312,,
2020-05,BUY,SEDOL:914327,JPMorgan Global Growth & Income,14.29,302.0,0.006834472412068804,-0.474462156362523,,
2020-05,BUY,SEDOL:B44ZTP6,abrdn Latin American Income,14.29,45.0,-0.1504625259580895,-0.9755308530400764,,
2020-05,SELL,SEDOL:B7W0XJ6,BlackRock American Income,-32.0,,,,,
2020-05,DIVIDEND,SEDOL:B44ZTP6,Aberdeen Latin American Income,,,,,3.5,1.1111
2020-06,SELL,SEDOL:295958,abrdn UK Smaller Companies Growth,-3.17,502.0,-0.05697593597956163,-0.004806509237234709,,
2020-06,SELL,SEDOL:332855,Fidelity Japan,-14.29,,,,,
2020-06,BUY,SEDOL:338530,Worldwide Healthcare Trust,11.11,3560.0,-0.0064691140272048475,-0.8390983214129788,,
2020-06,BUY,SEDOL:341969,JPMorgan European Discovery,11.11,331.0,-0.18040905264200469,-1.7615372554250226,,
2020-06,BUY,SEDOL:343501,JPMorgan China Growth & Income,11.11,383.5,-0.1247489501551945,-0.28834926466734034,,
2020-06,SELL,SEDOL:781606,Finsbury Growth & Income,-3.17,830.0,0.0015082956259426794,-0.47987115914262723,,
2020-06,SELL,SEDOL:791887,Schroder AsiaPacific,-14.29,,,,,
2020-06,BUY,SEDOL:846505,JPMorgan American,11.11,466.5,-0.05949476825064004,-1.3291414573291538,,
2020-06,SELL,SEDOL:871079,Schroder Asian Total Return,-3.17,344.0,-0.0035628421631955787,-0.7054747843639321,,
2020-06,SELL,SEDOL:914327,JPMorgan Global Growth & Income,-14.29,,,,,
2020-06,SELL,SEDOL:B44ZTP6,abrdn Latin American Income,-3.17,47.6,-0.18058185574109142,-2.5665832407442273,,
2020-06,BUY,SEDOL:B7W0XJ6,BlackRock American Income,11.11,159.25,-0.046350080843164276,-0.7450931089996846,,
2020-06,DIVIDEND,SEDOL:338530,Worldwide Healthcare,,,,,18.5,0.0577
2020-06,DIVIDEND,SEDOL:341969,JPMorgan European Smaller Companies,,,,,11.0,0.3693
2020-07,SELL,SEDOL:295958,abrdn UK Smaller Companies Growth,-11.11,,,,,
2020-07,BUY,SEDOL:338530,Worldwide Healthcare Trust,1.39,3610.0,0.0027304266187428983,-0.11575445749448872,,
2020-07,BUY,SEDOL:341969,JPMorgan European Discovery,1.39,337.0,-0.18644231465610894,-1.79381004090584,,
2020-07,SELL,SEDOL:343501,JPMorgan China Growth & Income,-11.11,,,,,
2020-07,BUY,SEDOL:781606,Finsbury Growth & Income,1.39,829.0,-0.00013267238364034206,-0.7519915594166922,,
2020-07,BUY,SEDOL:846505,JPMorgan American,1.39,480.0,-0.06529316690358888,-1.8863230477394501,,
2020-07,BUY,SEDOL:871079,Schroder Asian Total Return,1.39,367.0,-0.03476934406396304,-2.158630807658806,,
2020-07,BUY,SEDOL:882929,Templeton Emerging Markets,12.5,776.0,-0.1225987359090035,-0.48950880317540896,,
2020-07,BUY,SEDOL:B44ZTP6,abrdn Latin American Income,1.39,51.7,-0.147005444646098,-0.5652190298522383,,
2020-07,BUY,SEDOL:B7W0XJ6,BlackRock American Income,1.39,151.0,-0.09532083158588456,-1.889678246998902,,
2020-07,DIVIDEND,SEDOL:B44ZTP6,Aberdeen Latin American Income,,,,,3.5,0.8462
2020-08,SELL,SEDOL:781606,Finsbury Growth & Income,-12.5,,,,,
2020-08,BUY,SEDOL:791887,Schroder AsiaPacific,12.5,459.0,-0.1363738993000677,-2.162604918050171,,
2020-08,DIVIDEND,SEDOL:846505,JPMorgan American,,,,,2.5,0.0646
2020-08,DIVIDEND,SEDOL:B7W0XJ6,BlackRock North American Income,,,,,2.0,0.1603
2020-09,BUY,SEDOL:294502,Asia Dragon,14.29,416.0,-0.12291798439806034,-0.43318631901860233,,
2020-09,BUY,SEDOL:338530,Worldwide Healthcare Trust,1.79,3425.0,-0.004482010917271739,-0.6411762425647483,,
2020-09,BUY,SEDOL:341969,JPMorgan European Discovery,1.79,396.0,-0.1435245263431093,-0.5331068600412541,,
2020-09,BUY,SEDOL:791887,Schroder AsiaPacific,1.79,487.0,-0.11714586128131688,-0.7810584158211257,,
2020-09,BUY,SEDOL:846505,JPMorgan American,1.79,519.0,-0.05886193014905894,-0.9580247544229169,,
2020-09,BUY,SEDOL:871079,Schroder Asian Total Return,1.79,410.0,0.003058103975535076,-0.25725939492781874,,
2020-09,BUY,SEDOL:882929,Templeton Emerging Markets,1.79,828.0,-0.11965466646819911,-0.2965828141642831,,
2020-09,SELL,SEDOL:B44ZTP6,abrdn Latin American Income,-12.5,,,,,
2020-09,SELL,SEDOL:B7W0XJ6,BlackRock American Income,-12.5,,,,,
2020-10,BUY,SEDOL:294502,Asia Dragon,2.38,419.0,-0.13408283045383151,-1.2826048111860984,,
2020-10,SELL,SEDOL:338530,Worldwide Healthcare Trust,-14.29,,,,,
2020-10,BUY,SEDOL:341969,JPMorgan European Discovery,2.38,401.0,-0.1603149342490996,-0.939828528171005,,
2020-10,SELL,SEDOL:791887,Schroder AsiaPacific,-14.29,,,,,
2020-10,BUY,SEDOL:846505,JPMorgan American,2.38,514.0,-0.05677689286893983,-0.6937834179057984,,
2020-10,BUY,SEDOL:871079,Schroder Asian Total Return,2.38,426.5,0.005777620563612862,-0.14924236685698233,,
2020-10,BUY,SEDOL:882929,Templeton Emerging Markets,2.38,828.0,-0.1228627725163669,-0.4774238632787393,,
2020-10,BUY,SEDOL:B44ZTP6,abrdn Latin American Income,16.67,46.75,-0.1727127941957175,-1.809897400441156,,
2020-10,DIVIDEND,SEDOL:B44ZTP6,Aberdeen Latin American Income,,,,,3.5,1.2478
2020-11,SELL,SEDOL:294502,Asia Dragon,-16.67,,,,,
2020-11,BUY,SEDOL:341969,JPMorgan European Discovery,32.6,381.0,-0.1350737797956867,-0.22842083676455516,,
2020-11,BUY,SEDOL:846505,JPMorgan American,34.07,503.0,-0.05713428807078058,-0.6952408573449474,,
2020-11,SELL,SEDOL:871079,Schroder Asian Total Return,-16.67,,,,,
2020-11,SELL,SEDOL:882929,Templeton Emerging Markets,-16.67,,,,,
2020-11,SELL,SEDOL:B44ZTP6,abrdn Latin American Income,-16.67,,,,,
2021-07,SELL,SEDOL:341969,JPMorgan European Discovery,-49.26,,,,,
2021-07,BUY,SEDOL:454351,Montanaro European Smaller Companies,16.67,1720.0,-0.03016633775021149,-0.16664047271725183,,
2021-07,BUY,SEDOL:783884,Scottish Mortgage Investment Trust,16.67,1331.0,-0.02661986251279802,-1.1586744741938648,,
2021-07,BUY,SEDOL:791887,Schroder AsiaPacific,16.67,615.0,-0.10036424277000044,-0.19481996482484185,,
2021-07,SELL,SEDOL:846505,JPMorgan American,-34.07,653.0,-0.06315457232217148,-1.2870955954114565,,
2021-07,BUY,SEDOL:914327,JPMorgan Global Growth & Income,16.67,432.0,0.01918040908769192,-0.2403453921108241,,
2021-07,BUY,SEDOL:B44ZTP6,abrdn Latin American Income,16.67,57.25,-0.1419364508393285,-0.32749076840103497,,
2021-07,DIVIDEND,SEDOL:B44ZTP6,Aberdeen Latin American Income,,,,,0.875,0.2547
2021-08,BUY,SEDOL:291633,Edinburgh Worldwide,10.0,327.5,0.0024487297214570436,-0.5086955922065072,,
2021-08,BUY,SEDOL:295958,abrdn UK Smaller Companies Growth,10.0,714.0,-0.08354618850197026,-0.8477720185537136,,
2021-08,BUY,SEDOL:341969,JPMorgan European Discovery,10.0,513.0,-0.14867488673891038,-0.4529611199065481,,
2021-08,SELL,SEDOL:454351,Montanaro European Smaller Companies,-6.67,1985.0,0.018518043419141872,-0.1665866989921573,,
2021-08,BUY,SEDOL:579403,Mercantile,10.0,276.0,-0.08082725547007685,-0.3415085925364389,,
2021-08,SELL,SEDOL:783884,Scottish Mortgage Investment Trust,-6.67,1316.5,-0.022534060957047908,-0.96470116985305,,
2021-08,SELL,SEDOL:791887,Schroder AsiaPacific,-16.67,,,,,
2021-08,BUY,SEDOL:806372,abrdn Smaller Companies Income,10.0,356.5,-0.17166225196338114,-0.896567235043532,,
2021-08,SELL,SEDOL:846505,JPMorgan American,-6.67,665.0,-0.05799359718956287,-0.6732238661977902,,
2021-08,BUY,SEDOL:906692,European Smaller Companies,10.0,1435.0,-0.13307194596651906,-0.07844262106992562,,
2021-08,SELL,SEDOL:914327,JPMorgan Global Growth & Income,-16.67,,,,,
2021-08,BUY,SEDOL:B1FL3C7,Invesco Perpetual UK Smaller Companies,10.0,622.0,-0.09165254979846948,-0.31914225358322634,,
2021-08,SELL,SEDOL:B44ZTP6,abrdn Latin American Income,-16.67,,,,,
2021-08,DIVIDEND,SEDOL:B1FL3C7,Invesco Perpetual UK Smaller Companies,,,,,3.75,0.0603
2021-09,BUY,SEDOL:291633,Edinburgh Worldwide,1.11,332.0,-0.010078120341105556,-1.0757230384776892,,
2021-09,BUY,SEDOL:295958,abrdn UK Smaller Companies Growth,1.11,773.0,-0.06502491654168074,-0.11886006064730328,,
2021-09,SELL,SEDOL:341969,JPMorgan European Discovery,-10.0,,,,,
2021-09,BUY,SEDOL:454351,Montanaro European Smaller Companies,1.11,2120.0,0.019353287654766183,-0.16658979330429327,,
2021-09,BUY,SEDOL:579403,Mercantile,1.11,290.0,-0.07628603280777191,-0.2541742968191025,,
2021-09,BUY,SEDOL:783884,Scottish Mortgage Investment Trust,1.11,1369.0,-0.01990965127683786,-0.8273727843758072,,
2021-09,BUY,SEDOL:791887,Schroder AsiaPacific,11.11,598.0,-0.09880040991018135,-0.189737671083886,,
2021-09,BUY,SEDOL:806372,abrdn Smaller Companies Income,1.11,375.0,-0.16637026498310503,-0.7669766131855072,,
2021-09,SELL,SEDOL:846505,JPMorgan American,-10.0,,,,,
2021-09,SELL,SEDOL:906692,European Smaller Companies,-10.0,,,,,
2021-09,BUY,SEDOL:B1FL3C7,Invesco Perpetual UK Smaller Companies,1.11,651.0,-0.08745566940943938,-0.21663248063214255,,
2021-09,BUY,SEDOL:BZCNLL9,Bellevue Healthcare Trust,11.11,198.2,0.0021742428073012743,-0.44342020859518516,,
2021-09,DIVIDEND,SEDOL:579403,Mercantile,,,,,1.35,0.0517
2021-10,BUY,NAME:bankers|ordinary share,Bankers Investment Trust,9.09,110.4,-0.05745752582600516,-2.822509527021155,,
2021-10,SELL,SEDOL:291633,Edinburgh Worldwide,-2.02,307.5,-0.042294755201195966,-2.338896857031385,,
2021-10,SELL,SEDOL:295958,abrdn UK Smaller Companies Growth,-11.11,,,,,
2021-10,BUY,SEDOL:3353790,Premier Miton Global Renewables,9.09,186.0,-0.09656110355546921,-0.3700462899493226,,
2021-10,BUY,SEDOL:341895,JPMorgan Emerging Markets,9.09,129.2,-0.08628005657708637,-0.516782128592659,,
2021-10,BUY,SEDOL:341969,JPMorgan European Discovery,9.09,510.0,-0.14361996876731642,-0.21317976582064427,,
2021-10,BUY,SEDOL:343501,JPMorgan China Growth & Income,9.09,518.0,-0.08958293055872901,-0.2607253165199074,,
2021-10,SELL,SEDOL:454351,Montanaro European Smaller Companies,-2.02,200.0,0.006593185364135001,-0.16660833953471657,,
2021-10,SELL,SEDOL:579403,Mercantile,-2.02,266.0,-0.09760151982901921,-0.7988180753490361,,
2021-10,SELL,SEDOL:783884,Scottish Mortgage Investment Trust,-11.11,,,,,
2021-10,SELL,SEDOL:791887,Schroder AsiaPacific,-11.11,,,,,
2021-10,SELL,SEDOL:806372,abrdn Smaller Companies Income,-11.11,,,,,
2021-10,BUY,SEDOL:906506,Henderson Smaller Companies,9.09,1226.0,-0.09409313254614504,-0.4761888869121758,,
2021-10,SELL,SEDOL:B1FL3C7,Invesco Perpetual UK Smaller Companies,-2.02,620.0,-0.11931818181818177,-0.748265105893125,,
2021-10,SELL,SEDOL:BZCNLL9,Bellevue Healthcare Trust,-2.02,194.0,-0.007418777180864589,-1.2369116665970317,,
2021-10,DIVIDEND,SEDOL:343501,JPMorgan China Growth & Income,,,,,5.7,0.1
2021-10,DIVIDEND,SEDOL:341895,JPMorgan Emerging Markets,,,,,0.83,0.0584
2021-10,DIVIDEND,NAME:bankers|ordinary share,Bankers,,,,,0.55,0.0453
2021-11,SELL,NAME:bankers|ordinary share,Bankers Investment Trust,-1.95,114.0,-0.05126498002663116,-2.298538484396828,,
2021-11,BUY,NAME:biotech growth|ordinary share,Biotech Growth,7.14,1204.0,-0.07727443421748426,-0.6950946970360632,,
2021-11,SELL,SEDOL:291633,Edinburgh Worldwide,-1.95,319.5,-0.03494729211345027,-1.88173980272354,,
2021-11,BUY,SEDOL:295958,abrdn UK Smaller Companies Growth,7.14,733.0,-0.06505102040816324,-0.08972621391203459,,
2021-11,SELL,SEDOL:3353790,Premier Miton Global Renewables,-9.09,,,,,
2021-11,BUY,SEDOL:338530,Worldwide Healthcare Trust,7.14,3675.0,-0.024207616756545813,-1.863570238682323,,
2021-11,SELL,SEDOL:341895,JPMorgan Emerging Markets,-1.95,129.6,-0.08045977011494254,-0.37040547568505816,,
2021-11,SELL,SEDOL:341969,JPMorgan European Discovery,-9.09,,,,,
2021-11,SELL,SEDOL:343501,JPMorgan China Growth & Income,-9.09,,,,,
2021-11,SELL,SEDOL:454351,Montanaro European Smaller Companies,-1.95,202.0,-0.03772865853658536,-0.16666494548633726,,
2021-11,SELL,SEDOL:579403,Mercantile,-1.95,265.5,-0.08888126286890863,-0.5982973942837757,,
2021-11,BUY,SEDOL:741600,JPMorgan UK Smaller Companies,7.14,389.0,-0.10512997469519203,-0.1421774585519039,,
2021-11,BUY,SEDOL:806372,abrdn Smaller Companies Income,7.14,356.0,-0.16254998823806166,-0.7090952744872874,,
2021-11,SELL,SEDOL:906506,Henderson Smaller Companies,-1.95,1214.0,-0.08598102695377208,-0.24569411700483879,,
2021-11,BUY,SEDOL:914327,JPMorgan Global Growth & Income,7.14,439.0,-0.0008421148462571804,-1.6522101624899423,,
2021-11,SELL,SEDOL:B1FL3C7,Invesco Perpetual UK Smaller Companies,-1.95,595.0,-0.13760616865234665,-1.028319840044342,,
2021-11,SELL,SEDOL:BZCNLL9,Bellevue Healthcare Trust,-1.95,199.6,-0.0019001900190018794,-0.740145601017309,,
2021-11,DIVIDEND,SEDOL:B1FL3C7,Invesco Perpetual UK Smaller Companies,,,,,3.75,0.045
2021-11,DIVIDEND,SEDOL:914327,JPMorgan Global Growth & Income,,,,,4.24,0.069
2021-11,DIVIDEND,SEDOL:338530,Worldwide Healthcare,,,,,7.0,0.0136
2021-12,BUY,NAME:bankers|ordinary share,Bankers Investment Trust,1.19,118.0,-0.01707621824239902,-0.5921221890063553,,
2021-12,SELL,NAME:biotech growth|ordinary share,Biotech Growth,-7.14,,,,,
2021-12,BUY,SEDOL:291633,Edinburgh Worldwide,1.19,309.0,0.0007124813783276895,-0.4305235497665305,,
2021-12,BUY,SEDOL:295958,abrdn UK Smaller Companies Growth,1.19,720.0,-0.06791290163891983,-0.21745830137418398,,
2021-12,SELL,SEDOL:338530,Worldwide Healthcare Trust,-7.14,,,,,
2021-12,BUY,SEDOL:341895,JPMorgan Emerging Markets,1.19,125.4,-0.08899382491827101,-0.747283992375814,,
2021-12,BUY,SEDOL:454351,Montanaro European Smaller Companies,1.19,218.0,0.030537959723929253,-0.1665862721304861,,
2021-12,BUY,SEDOL:579403,Mercantile,1.19,259.0,-0.08693506310371579,-0.5612757681107122,,
2021-12,SELL,SEDOL:741600,JPMorgan UK Smaller Companies,-7.14,,,,,
2021-12,BUY,SEDOL:791887,Schroder AsiaPacific,8.33,575.0,-0.11118668171208623,-0.8896100879357336,,
2021-12,BUY,SEDOL:806372,abrdn Smaller Companies Income,1.19,358.0,-0.14692846590096753,-0.2689837609438591,,
2021-12,BUY,SEDOL:906506,Henderson Smaller Companies,1.19,1164.0,-0.09502262443438914,-0.5386984104395786,,
2021-12,BUY,SEDOL:914327,JPMorgan Global Growth & Income,1.19,441.0,0.01920543576232414,-0.40948682671182013,,
2021-12,BUY,SEDOL:B1FL3C7,Invesco Perpetual UK Smaller Companies,1.19,588.0,-0.1084154662623199,-0.48253876514733623,,
2021-12,BUY,SEDOL:BD3V464,Ecofin Global Utilities and Infrastructure,8.33,191.0,-0.057999605444860824,-0.1927265168800003,,
2021-12,SELL,SEDOL:BZCNLL9,Bellevue Healthcare Trust,-7.14,,,,,
2021-12,DIVIDEND,SEDOL:579403,Mercantile,,,,,1.35,0.0434
2021-12,DIVIDEND,SEDOL:791887,Schroder AsiaPacific,,,,,9.7,0.1406
2022-01,BUY,NAME:bankers|ordinary share,Bankers Investment Trust,4.17,123.0,-0.007504236262406261,-0.13285954276332074,,
2022-01,BUY,SEDOL:291633,Edinburgh Worldwide,4.17,292.5,0.0063650438671942755,-0.23485517194345434,,
2022-01,BUY,SEDOL:295958,abrdn UK Smaller Companies Growth,4.17,763.0,-0.0740853103573812,-0.4638912508597042,,
2022-01,SELL,SEDOL:341895,JPMorgan Emerging Markets,-8.33,,,,,
2022-01,BUY,SEDOL:454351,Montanaro European Smaller Companies,4.17,219.5,0.025844744590363122,-0.16659573052654364,,
2022-01,BUY,SEDOL:579403,Mercantile,4.17,268.5,-0.10341603499515817,-0.9890637263246876,,
2022-01,BUY,SEDOL:741600,JPMorgan UK Smaller Companies,12.5,397.0,-0.10998520378424426,-0.27489863795648284,,
2022-01,SELL,SEDOL:791887,Schroder AsiaPacific,-8.33,,,,,
2022-01,BUY,SEDOL:806372,abrdn Smaller Companies Income,4.17,375.0,-0.15167967424499496,-0.48754923269113626,,
2022-01,SELL,SEDOL:906506,Henderson Smaller Companies,-8.33,,,,,
2022-01,SELL,SEDOL:914327,JPMorgan Global Growth & Income,-8.33,,,,,
2022-01,SELL,SEDOL:B1FL3C7,Invesco Perpetual UK Smaller Companies,-8.33,,,,,
2022-01,BUY,SEDOL:BD3V464,Ecofin Global Utilities and Infrastructure,4.17,199.0,-0.06577156002065632,-0.34147572406248017,,
2022-01,DIVIDEND,SEDOL:806372,abrdn Smaller Companies Income,,,,,2.4,0.08
2022-02,SELL,NAME:bankers|ordinary share,Bankers Investment Trust,-5.36,114.6,-0.016899716908295392,-0.6374780501477769,,
2022-02,SELL,SEDOL:291633,Edinburgh Worldwide,-5.36,227.5,-0.0812906352219036,-3.4012492326745205,,
2022-02,SELL,SEDOL:295958,abrdn UK Smaller Companies Growth,-5.36,656.0,-0.07740774077407742,-0.5948682201680989,,
2022-02,BUY,SEDOL:339072,Allianz Technology Trust,7.14,286.0,-0.07052323691907703,-1.5825816868955729,,
2022-02,BUY,SEDOL:341895,JPMorgan Emerging Markets,7.14,121.2,-0.06883835279655803,-0.026963554221604208,,
2022-02,SELL,SEDOL:454351,Montanaro European Smaller Companies,-5.36,173.0,-0.026394282176824824,-0.1666611230399945,,
2022-02,BUY,SEDOL:537241,Martin Currie Global Portfolio,7.14,356.5,-0.01963480365196346,-1.4043900290947164,,
2022-02,SELL,SEDOL:579403,Mercantile,-5.36,244.0,-0.09713228492136905,-0.8225719102601657,,
2022-02,SELL,SEDOL:741600,JPMorgan UK Smaller Companies,-5.36,353.0,-0.11442261859963376,-0.364194474800719,,
2022-02,BUY,SEDOL:783884,Scottish Mortgage Investment Trust,7.14,1079.0,-0.01767994027785369,-0.7138214702028537,,
2022-02,BUY,SEDOL:791887,Schroder AsiaPacific,7.14,568.0,-0.0952388537568295,-0.12487308771802905,,
2022-02,SELL,SEDOL:806372,abrdn Smaller Companies Income,-12.5,,,,,
2022-02,BUY,SEDOL:914327,JPMorgan Global Growth & Income,7.14,453.0,0.010844825277815051,-1.010461706955863,,
2022-02,BUY,SEDOL:B1FL3C7,Invesco Perpetual UK Smaller Companies,7.14,570.0,-0.12653048715080384,-0.7249607815060258,,
2022-02,BUY,SEDOL:B44ZTP6,abrdn Latin American Income,7.14,49.2,-0.14553664466828753,-0.6512277924187657,,
2022-02,SELL,SEDOL:BD3V464,Ecofin Global Utilities and Infrastructure,-12.5,,,,,
2022-02,DIVIDEND,SEDOL:B1FL3C7,Invesco Perpetual UK Smaller Companies,,,,,3.75,0.047
2022-03,SELL,NAME:bankers|ordinary share,Bankers Investment Trust,-0.89,109.0,-0.037697536858832814,-1.6382659004044038,,
2022-03,BUY,SEDOL:132077,JPMorgan Asia Growth & Income,6.25,414.0,-0.02814620061503792,-0.033487103814177466,,
2022-03,SELL,SEDOL:291633,Edinburgh Worldwide,-0.89,226.5,-0.08031508851713498,-2.855171234027845,,
2022-03,SELL,SEDOL:295958,abrdn UK Smaller Companies Growth,-0.89,608.0,-0.09103141024682682,-1.1212350309622017,,
2022-03,SELL,SEDOL:339072,Allianz Technology Trust,-0.89,275.0,-0.08247697851327918,-1.7858747105151622,,
2022-03,SELL,SEDOL:341895,JPMorgan Emerging Markets,-0.89,112.6,-0.08626146230625664,-0.7204137330355147,,
2022-03,SELL,SEDOL:454351,Montanaro European Smaller Companies,-0.89,157.4,-0.047561418371051545,-0.16668795196677613,,
2022-03,SELL,SEDOL:537241,Martin Currie Global Portfolio,-0.89,338.0,-0.014347369648897712,-1.0400418368050488,,
2022-03,SELL,SEDOL:579403,Mercantile,-7.14,,,,,
2022-03,SELL,SEDOL:741600,JPMorgan UK Smaller Companies,-0.89,318.0,-0.144586415601883,-0.9543508526107836,,
2022-03,SELL,SEDOL:783884,Scottish Mortgage Investment Trust,-0.89,1009.5,-0.004133413568250699,-0.22333432461250563,,
2022-03,SELL,SEDOL:791887,Schroder AsiaPacific,-0.89,548.0,-0.10241920953925276,-0.47008555208782693,,
2022-03,BUY,SEDOL:906692,European Smaller Companies,6.25,156.5,-0.149225332970916,-0.6663638044358797,,
2022-03,SELL,SEDOL:914327,JPMorgan Global Growth & Income,-0.89,446.0,0.009369483546824764,-1.0576850463810656,,
2022-03,SELL,SEDOL:B1FL3C7,Invesco Perpetual UK Smaller Companies,-7.14,,,,,
2022-03,SELL,SEDOL:B44ZTP6,abrdn Latin American Income,-0.89,51.5,-0.13749790654831684,-0.3060328570665997,,
2022-03,BUY,SEDOL:BD3V464,Ecofin Global Utilities and Infrastructure,6.25,191.5,-0.05966118340289717,-0.35160490490172536,,
2022-03,BUY,SEDOL:BZCNLL9,Bellevue Healthcare Trust,6.25,169.6,-0.05604719764011801,-3.5608462809332364,,
2022-03,DIVIDEND,SEDOL:914327,JPMorgan Global Growth & Income,,,,,4.24,0.0594
2022-04,BUY,NAME:bankers|ordinary share,Bankers Investment Trust,2.08,108.6,-0.055487910941033336,-2.3132656654636783,,
2022-04,SELL,SEDOL:132077,JPMorgan Asia Growth & Income,-6.25,,,,,
2022-04,BUY,SEDOL:291633,Edinburgh Worldwide,2.08,223.0,-0.10824969008677565,-3.1051136515944537,,
2022-04,BUY,SEDOL:295958,abrdn UK Smaller Companies Growth,2.08,595.0,-0.11722378006261036,-2.0474418493266677,,
2022-04,BUY,SEDOL:339072,Allianz Technology Trust,2.08,283.0,-0.08918283930353055,-1.8102905204042123,,
2022-04,SELL,SEDOL:341895,JPMorgan Emerging Markets,-6.25,,,,,
2022-04,BUY,SEDOL:454351,Montanaro European Smaller Companies,2.08,168.0,-0.020522388059701524,-0.1666586267792549,,
2022-04,SELL,SEDOL:537241,Martin Currie Global Portfolio,-6.25,,,,,
2022-04,BUY,SEDOL:741600,JPMorgan UK Smaller Companies,2.08,339.0,-0.11293698974251631,-0.36505831394646165,,
2022-04,BUY,SEDOL:783884,Scottish Mortgage Investment Trust,2.08,1026.0,-0.00573687882781615,-0.24870999850135353,,
2022-04,SELL,SEDOL:791887,Schroder AsiaPacific,-6.25,,,,,
2022-04,SELL,SEDOL:906692,European Smaller Companies,-6.25,,,,,
2022-04,SELL,SEDOL:914327,JPMorgan Global Growth & Income,-6.25,,,,,
2022-04,BUY,SEDOL:B1FL3C7,Invesco Perpetual UK Smaller Companies,8.33,530.0,-0.13417084606211094,-0.16745135812913348,,
2022-04,BUY,SEDOL:B44ZTP6,abrdn Latin American Income,2.08,55.25,-0.1799020335460888,-1.9210426709948358,,
2022-04,BUY,SEDOL:B6832P1,Polar Capital Global Healthcare,8.33,300.0,-0.09923434919681728,-0.188452013951766,,
2022-04,BUY,SEDOL:B7W0XJ6,BlackRock American Income,8.33,209.0,-0.038726888050777286,-0.335457053871062,,
2022-04,SELL,SEDOL:BD3V464,Ecofin Global Utilities and Infrastructure,-6.25,,,,,
2022-04,BUY,SEDOL:BZCNLL9,Bellevue Healthcare Trust,2.08,182.8,-0.022093831915690365,-1.4667747126574031,,
2022-04,DIVIDEND,NAME:bankers|ordinary share,Bankers,,,,,0.55,0.0422
2022-05,BUY,NAME:bankers|ordinary share,Bankers Investment Trust,8.33,105.8,-0.05804843304843299,-2.211089808010837,,
2022-05,BUY,SEDOL:291633,Edinburgh Worldwide,8.33,196.6,-0.09816513761467893,-2.4847712295721585,,
2022-05,SELL,SEDOL:295958,abrdn UK Smaller Companies Growth,-8.33,,,,,
2022-05,BUY,SEDOL:339072,Allianz Technology Trust,8.33,253.5,-0.09551503906946868,-1.8159498992208227,,
2022-05,BUY,SEDOL:454351,Montanaro European Smaller Companies,8.33,147.8,-0.06432008103317288,-0.16671213841140106,,
2022-05,BUY,SEDOL:537241,Martin Currie Global Portfolio,16.67,325.0,0.00395403435067343,-0.0005668349456558458,,
2022-05,BUY,SEDOL:741600,JPMorgan UK Smaller Companies,8.33,315.0,-0.1343537882327076,-0.8123288916348143,,
2022-05,SELL,SEDOL:783884,Scottish Mortgage Investment Trust,-8.33,,,,,
2022-05,SELL,SEDOL:B1FL3C7,Invesco Perpetual UK Smaller Companies,-8.33,,,,,
2022-05,SELL,SEDOL:B44ZTP6,abrdn Latin American Income,-8.33,,,,,
2022-05,SELL,SEDOL:B6832P1,Polar Capital Global Healthcare,-8.33,,,,,
2022-05,SELL,SEDOL:B7W0XJ6,BlackRock American Income,-8.33,,,,,
2022-05,SELL,SEDOL:BZCNLL9,Bellevue Healthcare Trust,-8.33,,,,,
2022-06,SELL,NAME:bankers|ordinary share,Bankers Investment Trust,-10.0,104.0,-0.06204906204906202,-2.179432152620253,,
2022-06,SELL,SEDOL:291633,Edinburgh Worldwide,-10.0,179.0,-0.1249938896221342,-2.727272461091027,,
2022-06,BUY,SEDOL:3353790,Premier Miton Global Renewables,6.67,190.5,-0.10622126301961143,-0.5144879570886206,,
2022-06,SELL,SEDOL:339072,Allianz Technology Trust,-10.0,230.0,-0.10397756048151463,-1.8586230027775341,,
2022-06,BUY,SEDOL:341895,JPMorgan Emerging Markets,6.67,106.6,-0.10607966457023066,-1.4226361587482668,,
2022-06,SELL,SEDOL:454351,Montanaro European Smaller Companies,-10.0,137.8,-0.1063553826199739,-0.16676280882876107,,
2022-06,SELL,SEDOL:537241,Martin Currie Global Portfolio,-10.0,312.0,-0.007475743597900486,-0.640584027871232,,
2022-06,SELL,SEDOL:741600,JPMorgan UK Smaller Companies,-10.0,290.0,-0.16637921122226051,-1.4600945438576798,,
2022-06,BUY,SEDOL:783884,Scottish Mortgage Investment Trust,6.67,806.6,-0.0645295973278901,-2.103253532973658,,
2022-06,BUY,SEDOL:791887,Schroder AsiaPacific,6.67,526.0,-0.11262568324448341,-0.8421197819569833,,
2022-06,BUY,SEDOL:914327,JPMorgan Global Growth & Income,6.67,435.5,0.007006266330612521,-1.2442772070457695,,
2022-06,BUY,SEDOL:B11V7W9,Alliance Witan,6.67,966.0,-0.060631108085768326,-0.43288505259742216,,
2022-06,BUY,SEDOL:B15FW33,Geiger Counter,6.67,47.5,0.010423314188470645,-0.8654809007346396,,
2022-06,BUY,SEDOL:B44ZTP6,abrdn Latin American Income,6.67,55.0,-0.1548862937922557,-0.9381832604152885,,
2022-06,BUY,SEDOL:B7W0XJ6,BlackRock American Income,6.67,202.0,-0.06268850633381273,-0.8662773862220841,,
2022-06,DIVIDEND,SEDOL:3353790,Premier Miton Global Renewables,,,,,1.75,0.0612
2022-06,DIVIDEND,SEDOL:B11V7W9,Alliance Trust,,,,,6.0,0.0414
2022-07,BUY,SEDOL:132077,JPMorgan Asia Growth & Income,6.67,368.0,-0.10640571123306297,-1.6990602703220383,,
2022-07,BUY,SEDOL:338530,Worldwide Healthcare Trust,6.67,3135.0,-0.07671646802081578,-2.6028553663804366,,
2022-07,SELL,SEDOL:537241,Martin Currie Global Portfolio,-6.67,,,,,
2022-07,SELL,SEDOL:791887,Schroder AsiaPacific,-6.67,,,,,
2022-07,BUY,SEDOL:B09G3N2,STS Global Income & Growth Trust,6.67,220.0,-0.013762496077464492,-0.18158760210478037,,
2022-07,BUY,SEDOL:B0N8MF9,BlackRock Energy and Resources Income,6.67,107.0,-0.08586074327210591,-0.09075164382596712,,
2022-07,SELL,SEDOL:B11V7W9,Alliance Witan,-6.67,,,,,
2022-07,SELL,SEDOL:B44ZTP6,abrdn Latin American Income,-6.67,,,,,
2022-07,DIVIDEND,SEDOL:132077,JPMorgan Asia Growth & Income,,,,,4.1,0.0743
2022-08,SELL,NAME:bankers|ordinary share,Bankers Investment Trust,-0.42,105.6,-0.0625,-1.8054193322538175,,
2022-08,BUY,NAME:cqs natural resources growth and income|ordinary share,CQS Natural Resources Growth & Income,6.25,173.0,-0.19482453690775392,-0.5295283658692552,,
2022-08,SELL,SEDOL:132077,JPMorgan Asia Growth & Income,-6.67,,,,,
2022-08,SELL,SEDOL:291633,Edinburgh Worldwide,-0.42,193.6,-0.08402725208175632,-1.4309866512794396,,
2022-08,SELL,SEDOL:3353790,Premier Miton Global Renewables,-0.42,182.0,-0.1539212495932314,-1.7729307113326904,,
2022-08,SELL,SEDOL:338530,Worldwide Healthcare Trust,-0.42,3410.0,-0.029286511352508482,-0.7137140186819102,,
2022-08,SELL,SEDOL:339072,Allianz Technology Trust,-0.42,241.0,-0.0993011174645887,-1.4369120324151037,,
2022-08,SELL,SEDOL:341895,JPMorgan Emerging Markets,-6.67,,,,,
2022-08,SELL,SEDOL:454351,Montanaro European Smaller Companies,-0.42,139.6,-0.10328879753340192,-0.1667544878728483,,
2022-08,BUY,SEDOL:537241,Martin Currie Global Portfolio,6.25,327.0,-0.007135266433884957,-0.5384593578161314,,
2022-08,SELL,SEDOL:741600,JPMorgan UK Smaller Companies,-0.42,297.0,-0.10979228486646886,-0.33726648770802914,,
2022-08,SELL,SEDOL:783884,Scottish Mortgage Investment Trust,-0.42,862.0,-0.049383532940735275,-1.0808834930523699,,
2022-08,SELL,SEDOL:914327,JPMorgan Global Growth & Income,-0.42,446.5,0.022160157501945887,-0.22555054518579382,,
2022-08,SELL,SEDOL:B09G3N2,STS Global Income & Growth Trust,-0.42,228.0,-0.015033696215655756,-0.25942668150266424,,
2022-08,SELL,SEDOL:B0N8MF9,BlackRock Energy and Resources Income,-0.42,114.0,-0.08952959028831553,-0.1565962520405447,,
2022-08,SELL,SEDOL:B15FW33,Geiger Counter,-0.42,42.0,-0.1497975708502024,-2.9043850207035744,,
2022-08,SELL,SEDOL:B7W0XJ6,BlackRock American Income,-0.42,205.0,-0.04433359750128196,-0.27583743455752124,,
2022-08,BUY,SEDOL:BZCNLL9,Bellevue Healthcare Trust,6.25,166.4,-0.0212340450561731,-1.286230201694362,,
2022-08,DIVIDEND,SEDOL:B7W0XJ6,BlackRock Sustainable American Income,,,,,2.0,0.061
2022-09,BUY,NAME:bankers|ordinary share,Bankers Investment Trust,0.89,103.6,-0.07268170426065168,-2.008173639562123,,
2022-09,SELL,NAME:cqs natural resources growth and income|ordinary share,CQS Natural Resources Growth & Income,-6.25,,,,,
2022-09,BUY,SEDOL:291633,Edinburgh Worldwide,0.89,185.8,-0.15683427119259397,-2.5126616842318175,,
2022-09,SELL,SEDOL:3353790,Premier Miton Global Renewables,-6.25,,,,,
2022-09,BUY,SEDOL:338530,Worldwide Healthcare Trust,0.89,3250.0,-0.09276163358736011,-2.745083852535477,,
2022-09,BUY,SEDOL:339072,Allianz Technology Trust,0.89,231.5,-0.14074678939945073,-2.1220696325644464,,
2022-09,BUY,SEDOL:343501,JPMorgan China Growth & Income,7.14,354.0,-0.10179640718562877,-1.0357288107615819,,
2022-09,BUY,SEDOL:454351,Montanaro European Smaller Companies,0.89,126.4,-0.11217250825314318,-0.16676323562668463,,
2022-09,SELL,SEDOL:537241,Martin Currie Global Portfolio,-6.25,,,,,
2022-09,BUY,SEDOL:741600,JPMorgan UK Smaller Companies,0.89,282.5,-0.09431905616824832,-0.058116927187041145,,
2022-09,BUY,SEDOL:783884,Scottish Mortgage Investment Trust,0.89,805.8,-0.11052730343404016,-2.4034600223796927,,
2022-09,BUY,SEDOL:914327,JPMorgan Global Growth & Income,0.89,439.0,-0.0023180764510704055,-1.495342545834714,,
2022-09,SELL,SEDOL:B09G3N2,STS Global Income & Growth Trust,-6.25,,,,,
2022-09,SELL,SEDOL:B0N8MF9,BlackRock Energy and Resources Income,-6.25,,,,,
2022-09,BUY,SEDOL:B11V7W9,Alliance Witan,7.14,972.0,-0.06164925762168627,-0.4360340574938071,,
2022-09,BUY,SEDOL:B15FW33,Geiger Counter,0.89,51.0,-0.12205198829402653,-2.2889668460124066,,
2022-09,BUY,SEDOL:B44ZTP6,abrdn Latin American Income,7.14,52.25,-0.17155541461867763,-1.5495979100904875,,
2022-09,BUY,SEDOL:B7W0XJ6,BlackRock American Income,0.89,202.5,-0.052853133769878435,-0.4703757953423649,,
2022-09,BUY,SEDOL:BZCNLL9,Bellevue Healthcare Trust,0.89,170.6,-0.04425770308123256,-2.295723154142937,,
2022-09,DIVIDEND,SEDOL:914327,JPMorgan Global Growth & Income,,,,,16.96,0.276
2022-09,DIVIDEND,SEDOL:B11V7W9,Alliance Trust,,,,,6.0,0.0441
2022-10,BUY,NAME:cqs natural resources growth and income|ordinary share,CQS Natural Resources Growth & Income,7.14,177.5,-0.18247973470891676,-0.4337093361259977,,
2022-10,SELL,SEDOL:454351,Montanaro European Smaller Companies,-7.14,,,,,
2022-10,SELL,SEDOL:B11V7W9,Alliance Witan,-7.14,,,,,
2022-10,BUY,SEDOL:BDFGHW4,Baillie Gifford US Growth,7.14,176.0,-0.12572649148080073,-1.73911556102512,,
2022-10,DIVIDEND,NAME:cqs natural resources growth and income|ordinary share,CQS Natural Resources Growth & Income,,,,,1.26,0.0507
2022-10,DIVIDEND,SEDOL:343501,JPMorgan China Growth & Income,,,,,3.42,0.0809
2022-10,DIVIDEND,NAME:bankers|ordinary share,Bankers,,,,,0.6,0.0447
2022-10,DIVIDEND,SEDOL:B44ZTP6,abrdn Latin American Income,,,,,0.875,0.1136
2022-11,SELL,NAME:bankers|ordinary share,Bankers Investment Trust,-7.14,,,,,
2022-11,SELL,NAME:cqs natural resources growth and income|ordinary share,CQS Natural Resources Growth & Income,-7.14,,,,,
2022-11,SELL,SEDOL:291633,Edinburgh Worldwide,-0.48,172.6,-0.1234128999492129,-1.6382519116587138,,
2022-11,BUY,SEDOL:3353790,Premier Miton Global Renewables,6.67,152.0,-0.15145425110255117,-1.6319890238171677,,
2022-11,SELL,SEDOL:338530,Worldwide Healthcare Trust,-0.48,3300.0,-0.09203216957537363,-2.291664542022081,,
2022-11,SELL,SEDOL:339072,Allianz Technology Trust,-0.48,229.5,-0.09506722921020472,-1.0086057300909812,,
2022-11,SELL,SEDOL:343501,JPMorgan China Growth & Income,-0.48,249.0,-0.1208248005084388,-1.391441506930704,,
2022-11,BUY,SEDOL:455934,International Biotechnology,6.67,650.0,-0.06253605630552672,-1.0192172673496358,,
2022-11,SELL,SEDOL:741600,JPMorgan UK Smaller Companies,-0.48,259.5,-0.12805349282618195,-0.7746644722947964,,
2022-11,SELL,SEDOL:783884,Scottish Mortgage Investment Trust,-0.48,729.2,-0.13125320180611644,-2.365493353923707,,
2022-11,SELL,SEDOL:914327,JPMorgan Global Growth & Income,-0.48,422.5,-0.024722420996745154,-2.2035187168555965,,
2022-11,BUY,SEDOL:B09G3N2,STS Global Income & Growth Trust,6.67,223.5,-0.017927761666227338,-0.5817229025444977,,
2022-11,SELL,SEDOL:B15FW33,Geiger Counter,-7.14,,,,,
2022-11,SELL,SEDOL:B44ZTP6,abrdn Latin American Income,-0.48,54.5,-0.1808206823989178,-1.7453122766713056,,
2022-11,SELL,SEDOL:B7W0XJ6,BlackRock American Income,-0.48,197.5,-0.07394382707366254,-1.0596696245557047,,
2022-11,BUY,SEDOL:BD3V464,Ecofin Global Utilities and Infrastructure,6.67,204.0,-0.024156900263095027,-0.3718934244695674,,
2022-11,SELL,SEDOL:BDFGHW4,Baillie Gifford US Growth,-0.48,165.0,-0.1558806978052898,-1.9743964235130194,,
2022-11,SELL,SEDOL:BZCNLL9,Bellevue Healthcare Trust,-0.48,167.6,-0.041189931350114506,-1.8600360117237438,,
2022-11,DIVIDEND,SEDOL:914327,JPMorgan Global Growth & Income,,,,,4.25,0.0671
2022-11,DIVIDEND,SEDOL:338530,Worldwide Healthcare,,,,,7.0,0.0141
2022-11,DIVIDEND,SEDOL:741600,JPMorgan UK Smaller Companies,,,,,6.9,0.1773
2022-11,DIVIDEND,SEDOL:B7W0XJ6,BlackRock Sustainable American Income,,,,,2.0,0.0675
2022-12,BUY,NAME:bankers|ordinary share,Bankers Investment Trust,5.88,102.4,-0.08120233288470158,-1.8137797870900334,,
2022-12,BUY,NAME:cqs natural resources growth and income|ordinary share,CQS Natural Resources Growth & Income,5.88,206.0,-0.15642915642915634,-0.06734796698001547,,
2022-12,SELL,SEDOL:291633,Edinburgh Worldwide,-6.67,,,,,
2022-12,SELL,SEDOL:3353790,Premier Miton Global Renewables,-0.78,163.0,-0.1269883776980344,-0.9454012709959232,,
2022-12,SELL,SEDOL:338530,Worldwide Healthcare Trust,-0.78,3300.0,-0.09087152361667838,-2.0484794081210933,,
2022-12,SELL,SEDOL:339072,Allianz Technology Trust,-0.78,216.5,-0.13645247497108215,-1.700976925480416,,
2022-12,SELL,SEDOL:343501,JPMorgan China Growth & Income,-0.78,327.0,-0.07123381049761413,-0.48389149476537446,,
2022-12,BUY,SEDOL:454351,Montanaro European Smaller Companies,5.88,133.6,-0.09078535456648973,-0.166731186853861,,
2022-12,SELL,SEDOL:455934,International Biotechnology,-0.78,692.0,-0.06150403471892596,-0.9479583079605882,,
2022-12,SELL,SEDOL:741600,JPMorgan UK Smaller Companies,-0.78,291.5,-0.09536666356329337,-0.08556609817962588,,
2022-12,SELL,SEDOL:783884,Scottish Mortgage Investment Trust,-0.78,769.6,-0.09313725490196079,-1.480975876607071,,
2022-12,BUY,SEDOL:846505,JPMorgan American,5.88,719.0,-0.057580643047199564,-0.807139842050502,,
2022-12,SELL,SEDOL:914327,JPMorgan Global Growth & Income,-0.78,437.5,-0.030878965089491395,-2.234724813007691,,
2022-12,SELL,SEDOL:B09G3N2,STS Global Income & Growth Trust,-6.67,,,,,
2022-12,SELL,SEDOL:B44ZTP6,abrdn Latin American Income,-0.78,53.25,-0.14990421455938696,-0.6734121701547656,,
2022-12,SELL,SEDOL:B7W0XJ6,BlackRock American Income,-0.78,206.0,-0.05573890722405572,-0.4202384871285675,,
2022-12,SELL,SEDOL:BD3V464,Ecofin Global Utilities and Infrastructure,-0.78,210.0,-0.044933600145533936,-1.034766900842182,,
2022-12,SELL,SEDOL:BDFGHW4,Baillie Gifford US Growth,-0.78,160.2,-0.14560000000000006,-1.7024940321818591,,
2022-12,SELL,SEDOL:BZCNLL9,Bellevue Healthcare Trust,-0.78,158.2,-0.0757186258471606,-2.9457591981776217,,
2022-12,DIVIDEND,SEDOL:3353790,Premier Miton Global Renewables,,,,,1.75,0.0632
2022-12,DIVIDEND,SEDOL:455934,International Biotechnology,,,,,14.0,0.119
2023-01,SELL,NAME:bankers|ordinary share,Bankers Investment Trust,-5.88,,,,,
2023-01,BUY,NAME:cqs natural resources growth and income|ordinary share,CQS Natural Resources Growth & Income,0.37,196.5,-0.15798945879933157,-0.15410841739793177,,
2023-01,BUY,SEDOL:3123249,Impax Environmental Markets,6.25,419.5,2.383847052378485e-05,-0.840240509329787,,
2023-01,BUY,SEDOL:3353790,Premier Miton Global Renewables,0.37,155.5,-0.1286074530680863,-0.9578274681544615,,
2023-01,BUY,SEDOL:338530,Worldwide Healthcare Trust,0.37,3225.0,-0.07583325452841705,-1.5134114421175484,,
2023-01,BUY,SEDOL:339072,Allianz Technology Trust,0.37,210.0,-0.0864799025578562,-0.6921845769700391,,
2023-01,BUY,SEDOL:341710,JPMorgan US Smaller Companies,6.25,391.0,-0.07345971563981046,-0.4419428591866605,,
2023-01,BUY,SEDOL:343501,JPMorgan China Growth & Income,0.37,345.5,-0.07699294721094252,-0.5667038319553777,,
2023-01,BUY,SEDOL:454351,Montanaro European Smaller Companies,0.37,135.3,-0.08968579694543488,-0.16672818218280322,,
2023-01,SELL,SEDOL:455934,International Biotechnology,-5.88,,,,,
2023-01,BUY,SEDOL:741600,JPMorgan UK Smaller Companies,0.37,277.0,-0.11819947155636201,-0.5216339075169154,,
2023-01,BUY,SEDOL:783884,Scottish Mortgage Investment Trust,0.37,722.8,-0.08677414464042055,-1.2762880311463798,,
2023-01,SELL,SEDOL:846505,JPMorgan American,-5.88,,,,,
2023-01,BUY,SEDOL:914327,JPMorgan Global Growth & Income,0.37,426.0,-0.007802492139280415,-1.169703438264949,,
2023-01,BUY,SEDOL:B15FW33,Geiger Counter,6.25,42.75,-0.08182989690721654,-1.605086287753446,,
2023-01,BUY,SEDOL:B44ZTP6,abrdn Latin American Income,0.37,52.25,-0.13778877887788776,-0.25193930175940743,,
2023-01,BUY,SEDOL:B7W0XJ6,BlackRock American Income,0.37,194.0,-0.0649250494047332,-0.7205471894119703,,
2023-01,SELL,SEDOL:BD3V464,Ecofin Global Utilities and Infrastructure,-5.88,,,,,
2023-01,BUY,SEDOL:BDFGHW4,Baillie Gifford US Growth,0.37,147.5,-0.14867828696756313,-1.6201621644072832,,
2023-01,BUY,SEDOL:BZCNLL9,Bellevue Healthcare Trust,0.37,153.2,-0.08890871245911403,-2.945677830704916,,
2023-01,DIVIDEND,SEDOL:343501,JPMorgan China Growth & Income,,,,,3.42,0.0619
2023-01,DIVIDEND,NAME:cqs natural resources growth and income|ordinary share,CQS Natural Resources Growth & Income,,,,,1.26,0.0401
2023-01,DIVIDEND,SEDOL:B44ZTP6,abrdn Latin American Income,,,,,0.875,0.1047
2023-02,SELL,NAME:cqs natural resources growth and income|ordinary share,CQS Natural Resources Growth & Income,-6.25,,,,,
2023-02,BUY,SEDOL:3123249,Impax Environmental Markets,0.89,430.0,-0.0461401952085182,-1.8522215826947332,,
2023-02,BUY,SEDOL:3353790,Premier Miton Global Renewables,0.89,159.0,-0.11725516322451701,-0.6352783221924099,,
2023-02,SELL,SEDOL:338530,Worldwide Healthcare Trust,-6.25,,,,,
2023-02,BUY,SEDOL:339072,Allianz Technology Trust,0.89,219.5,-0.10884657545369658,-1.0636039051890167,,
2023-02,BUY,SEDOL:341710,JPMorgan US Smaller Companies,0.89,404.0,-0.12185367126027036,-1.2788829468247422,,
2023-02,SELL,SEDOL:343501,JPMorgan China Growth & Income,-6.25,,,,,
2023-02,BUY,SEDOL:454351,Montanaro European Smaller Companies,0.89,136.6,-0.11067708333333337,-0.1667492964502411,,
2023-02,BUY,SEDOL:455934,International Biotechnology,7.14,701.0,-0.0465179542981502,-0.5279521886842303,,
2023-02,BUY,SEDOL:741600,JPMorgan UK Smaller Companies,0.89,291.0,-0.09806595586412092,-0.07279830713613346,,
2023-02,BUY,SEDOL:783884,Scottish Mortgage Investment Trust,0.89,749.2,-0.14387905520448852,-2.170524485603309,,
2023-02,BUY,SEDOL:846505,JPMorgan American,7.14,684.0,-0.06924845895304055,-1.3625444764749017,,
2023-02,BUY,SEDOL:914327,JPMorgan Global Growth & Income,0.89,453.5,0.002808305508259057,-0.6796414970528453,,
2023-02,BUY,SEDOL:B15FW33,Geiger Counter,0.89,46.75,-0.11642411642411632,-1.8619747819525787,,
2023-02,SELL,SEDOL:B44ZTP6,abrdn Latin American Income,-6.25,,,,,
2023-02,BUY,SEDOL:B7W0XJ6,BlackRock American Income,0.89,201.0,-0.07142197172687803,-1.0044318988528913,,
2023-02,BUY,SEDOL:BDFGHW4,Baillie Gifford US Growth,0.89,150.2,-0.20042587170614856,-2.0532636268549957,,
2023-02,BUY,SEDOL:BZCNLL9,Bellevue Healthcare Trust,0.89,166.2,-0.07207861090949708,-2.1462742569838684,,
2023-02,DIVIDEND,SEDOL:3123249,Impax Environmental Markets,,,,,2.5,0.0415
2023-03,BUY,NAME:cqs natural resources growth and income|ordinary share,CQS Natural Resources Growth & Income,7.69,186.0,-0.16797137105792892,-0.44473484285430465,,
2023-03,BUY,SEDOL:3123249,Impax Environmental Markets,0.55,436.0,-0.027415289210109606,-1.3207708198313484,,
2023-03,BUY,SEDOL:3353790,Premier Miton Global Renewables,0.55,146.0,-0.17723302338686953,-1.9769571877140926,,
2023-03,BUY,SEDOL:339072,Allianz Technology Trust,0.55,224.5,-0.0985021884913464,-0.854372658984559,,
2023-03,BUY,SEDOL:341710,JPMorgan US Smaller Companies,0.55,433.0,-0.060533738338034215,-0.1200661768662569,,
2023-03,BUY,SEDOL:343501,JPMorgan China Growth & Income,7.69,344.0,-0.046087294104597665,-0.12613819046037564,,
2023-03,BUY,SEDOL:454351,Montanaro European Smaller Companies,0.55,142.8,-0.09333333333333327,-0.16672766052577542,,
2023-03,SELL,SEDOL:455934,International Biotechnology,-7.14,,,,,
2023-03,BUY,SEDOL:741600,JPMorgan UK Smaller Companies,0.55,278.5,-0.13883735312306733,-0.9194511011587583,,
2023-03,BUY,SEDOL:783884,Scottish Mortgage Investment Trust,0.55,713.4,-0.1463341669757925,-2.04357077131087,,
2023-03,SELL,SEDOL:846505,JPMorgan American,-7.14,,,,,
2023-03,BUY,SEDOL:914327,JPMorgan Global Growth & Income,0.55,461.5,0.019281312807827522,-0.044366592645054936,,
2023-03,BUY,SEDOL:B15FW33,Geiger Counter,0.55,43.0,-0.10323253388946829,-1.5823844605891713,,
2023-03,SELL,SEDOL:B7W0XJ6,BlackRock American Income,-7.14,,,,,
2023-03,BUY,SEDOL:BDFGHW4,Baillie Gifford US Growth,0.55,149.6,-0.18371801167676116,-1.7266710874723423,,
2023-03,BUY,SEDOL:BZCNLL9,Bellevue Healthcare Trust,0.55,164.0,-0.0651541925554352,-1.7623831056906911,,
2023-03,DIVIDEND,SEDOL:914327,JPMorgan Global Growth & Income,,,,,4.25,0.0708
2023-03,DIVIDEND,SEDOL:3353790,Premier Miton Global Renewables,,,,,1.75,0.0922
2023-04,SELL,NAME:cqs natural resources growth and income|ordinary share,CQS Natural Resources Growth & Income,-1.03,175.5,-0.1700558025158423,-0.5310012785672417,,
2023-04,SELL,SEDOL:3123249,Impax Environmental Markets,-1.03,428.5,-0.022225264695144187,-1.1337893177144098,,
2023-04,SELL,SEDOL:3353790,Premier Miton Global Renewables,-1.03,134.5,-0.20677046473224814,-2.4021629170048673,,
2023-04,BUY,SEDOL:337582,Fidelity European Trust,6.67,337.0,-0.07139511173569213,-0.008015339907635144,,
2023-04,SELL,SEDOL:339072,Allianz Technology Trust,-1.03,230.5,-0.1305495831918827,-1.4115601091510395,,
2023-04,SELL,SEDOL:341710,JPMorgan US Smaller Companies,-1.03,391.0,-0.08317114920158519,-0.5867829030125883,,
2023-04,SELL,SEDOL:343501,JPMorgan China Growth & Income,-1.03,324.5,-0.10232648206036132,-1.2796247956164666,,
2023-04,SELL,SEDOL:454351,Montanaro European Smaller Companies,-1.03,137.6,-0.131422800151496,-0.16677169293740912,,
2023-04,BUY,SEDOL:537241,Martin Currie Global Portfolio,6.67,342.0,-0.010645683869474731,-0.559206970501725,,
2023-04,SELL,SEDOL:741600,JPMorgan UK Smaller Companies,-7.69,,,,,
2023-04,SELL,SEDOL:783884,Scottish Mortgage Investment Trust,-1.03,678.6,-0.19680901429788844,-2.5546577577722744,,
2023-04,SELL,SEDOL:914327,JPMorgan Global Growth & Income,-1.03,456.5,0.009308187225010478,-0.46051146695701406,,
2023-04,SELL,SEDOL:B15FW33,Geiger Counter,-1.03,37.0,-0.11398467432950188,-1.6336047758388266,,
2023-04,BUY,SEDOL:B7W0XJ6,BlackRock American Income,6.67,184.0,-0.07551625383108074,-1.155985968128372,,
2023-04,SELL,SEDOL:BDFGHW4,Baillie Gifford US Growth,-1.03,142.0,-0.2256094235698315,-2.0070044328319865,,
2023-04,SELL,SEDOL:BZCNLL9,Bellevue Healthcare Trust,-1.03,151.2,-0.07284768211920545,-1.8533541148333759,,
2023-04,DIVIDEND,SEDOL:343501,JPMorgan China Growth & Income,,,,,3.42,0.0703
2023-04,DIVIDEND,NAME:cqs natural resources growth and income|ordinary share,CQS Natural Resources Growth & Income,,,,,1.26,0.0479
2023-04,DIVIDEND,SEDOL:537241,Martin Currie Global Portfolio,,,,,1.5,0.0292
2023-04,DIVIDEND,SEDOL:341710,JPMorgan US Smaller Companies,,,,,2.5,0.0426
2023-05,SELL,NAME:cqs natural resources growth and income|ordinary share,CQS Natural Resources Growth & Income,-6.67,,,,,
2023-05,BUY,SEDOL:3123249,Impax Environmental Markets,1.03,410.5,-0.04249860048516518,-1.4979862212902817,,
2023-05,BUY,SEDOL:3353790,Premier Miton Global Renewables,1.03,143.0,-0.15669045232057555,-1.2331641716892483,,
2023-05,SELL,SEDOL:337582,Fidelity European Trust,-6.67,,,,,
2023-05,BUY,SEDOL:338530,Worldwide Healthcare Trust,7.69,3230.0,-0.09937541824670981,-1.6710346991219276,,
2023-05,BUY,SEDOL:339072,Allianz Technology Trust,1.03,225.0,-0.10873440285204983,-0.9292862545564348,,
2023-05,SELL,SEDOL:341710,JPMorgan US Smaller Companies,-6.67,,,,,
2023-05,BUY,SEDOL:343501,JPMorgan China Growth & Income,1.03,285.5,-0.10050409577819774,-1.1833209248597372,,
2023-05,BUY,SEDOL:454351,Montanaro European Smaller Companies,1.03,140.2,-0.12756689483509642,-0.16676438650877423,,
2023-05,BUY,SEDOL:455934,International Biotechnology,7.69,666.0,-0.05522534152327174,-0.9055487124112249,,
2023-05,SELL,SEDOL:537241,Martin Currie Global Portfolio,-6.67,,,,,
2023-05,BUY,SEDOL:783884,Scottish Mortgage Investment Trust,1.03,628.8,-0.19564049428198638,-2.28228479281201,,
2023-05,BUY,SEDOL:914327,JPMorgan Global Growth & Income,1.03,453.0,0.011634918153598628,-0.3561774773643107,,
2023-05,BUY,SEDOL:B15FW33,Geiger Counter,1.03,37.0,-0.055640632976008186,-0.9586423842539527,,
2023-05,SELL,SEDOL:B7W0XJ6,BlackRock American Income,-6.67,,,,,
2023-05,BUY,SEDOL:BDFGHW4,Baillie Gifford US Growth,1.03,136.4,-0.20987082198922546,-1.7087157330806113,,
2023-05,BUY,SEDOL:BF50VS4,Ashoka India Equity,7.69,177.0,-0.05215808075398953,-1.8055267936438706,,
2023-05,BUY,SEDOL:BZCNLL9,Bellevue Healthcare Trust,1.03,152.2,-0.07735208535402538,-1.8349641603064626,,
2023-06,SELL,SEDOL:3123249,Impax Environmental Markets,-1.44,405.0,-0.03884946721408744,-1.3436699790040132,,
2023-06,SELL,SEDOL:3353790,Premier Miton Global Renewables,-1.44,142.0,-0.12215628090999009,-0.42691487585761484,,
2023-06,SELL,SEDOL:338530,Worldwide Healthcare Trust,-1.44,3185.0,-0.10239464762296624,-1.6232522067505715,,
2023-06,SELL,SEDOL:339072,Allianz Technology Trust,-1.44,256.0,-0.11818401019599734,-1.0577498784591923,,
2023-06,SELL,SEDOL:343501,JPMorgan China Growth & Income,-1.44,251.5,-0.11754385964912284,-1.548566877358141,,
2023-06,SELL,SEDOL:454351,Montanaro European Smaller Companies,-1.44,137.2,-0.13503971756398947,-0.16677154109936487,,
2023-06,SELL,SEDOL:455934,International Biotechnology,-7.69,,,,,
2023-06,BUY,SEDOL:537241,Martin Currie Global Portfolio,6.25,343.0,-0.004267425320056972,-0.2764100749637243,,
2023-06,SELL,SEDOL:783884,Scottish Mortgage Investment Trust,-1.44,665.8,-0.18912664872303897,-1.9990942046222666,,
2023-06,BUY,SEDOL:846505,JPMorgan American,6.25,727.0,-0.04190827622561932,-0.12029477691066866,,
2023-06,SELL,SEDOL:914327,JPMorgan Global Growth & Income,-1.44,456.5,0.004002815166710638,-0.6944482234009793,,
2023-06,BUY,SEDOL:B0N8MF9,BlackRock Energy and Resources Income,6.25,111.6,-0.09150113969391083,-0.7118971915434201,,
2023-06,BUY,SEDOL:B11V7W9,Alliance Witan,6.25,990.0,-0.06055171235801515,-0.32914116011136024,,
2023-06,SELL,SEDOL:B15FW33,Geiger Counter,-1.44,34.5,-0.09448818897637801,-1.3087750764935675,,
2023-06,BUY,SEDOL:BD3V464,Ecofin Global Utilities and Infrastructure,6.25,200.25,-0.015196223074653292,-0.3432216536930165,,
2023-06,SELL,SEDOL:BDFGHW4,Baillie Gifford US Growth,-1.44,144.8,-0.224050158083704,-1.719104924857171,,
2023-06,SELL,SEDOL:BF50VS4,Ashoka India Equity,-1.44,191.5,-0.03788183279742763,-1.329732918643093,,
2023-06,SELL,SEDOL:BZCNLL9,Bellevue Healthcare Trust,-7.69,,,,,
2023-06,DIVIDEND,SEDOL:914327,JPMorgan Global Growth & Income,,,,,4.25,0.0582
2023-06,DIVIDEND,SEDOL:B0N8MF9,BlackRock Energy and Resources Income,,,,,1.1,0.0616
2023-06,DIVIDEND,SEDOL:338530,Worldwide Healthcare Trust,,,,,24.0,0.0471
2023-07,BUY,NAME:cqs natural resources growth and income|ordinary share,CQS Natural Resources Growth & Income,5.88,169.5,-0.1697688087774295,-0.6464720760124039,,
2023-07,SELL,SEDOL:3123249,Impax Environmental Markets,-0.37,410.0,-0.05000231706751934,-1.4953560213452717,,
2023-07,SELL,SEDOL:3353790,Premier Miton Global Renewables,-0.37,132.0,-0.15579432079815814,-1.139951382980207,,
2023-07,SELL,SEDOL:338530,Worldwide Healthcare Trust,-6.25,,,,,
2023-07,SELL,SEDOL:339072,Allianz Technology Trust,-0.37,262.0,-0.11739935994610085,-0.9858016467920498,,
2023-07,SELL,SEDOL:343501,JPMorgan China Growth & Income,-0.37,258.0,-0.10837710810063594,-1.367717219244115,,
2023-07,BUY,SEDOL:346607,F&C Investment Trust,5.88,870.0,-0.09546484789253706,-1.0446848614530393,,
2023-07,SELL,SEDOL:454351,Montanaro European Smaller Companies,-0.37,139.2,-0.1139965629177011,-0.1667441728929651,,
2023-07,SELL,SEDOL:537241,Martin Currie Global Portfolio,-0.37,350.0,-0.00959280115453176,-0.6009389029717624,,
2023-07,SELL,SEDOL:783884,Scottish Mortgage Investment Trust,-0.37,666.4,-0.2122000236434567,-2.1081761725015666,,
2023-07,SELL,SEDOL:846505,JPMorgan American,-0.37,763.0,-0.04090303441687404,-0.10559730221919418,,
2023-07,SELL,SEDOL:914327,JPMorgan Global Growth & Income,-0.37,466.0,0.012119369271534675,-0.28999212859216944,,
2023-07,SELL,SEDOL:B0N8MF9,BlackRock Energy and Resources Income,-0.37,114.0,-0.10461828463713474,-1.1354518491065964,,
2023-07,SELL,SEDOL:B11V7W9,Alliance Witan,-0.37,1008.0,-0.07231011347635219,-1.6238402070331996,,
2023-07,SELL,SEDOL:B15FW33,Geiger Counter,-0.37,36.5,-0.1736472719040073,-1.9541613687157948,,
2023-07,BUY,SEDOL:B7W0XJ6,BlackRock American Income,5.88,186.0,-0.07356676794341788,-1.1834705777488326,,
2023-07,SELL,SEDOL:BD3V464,Ecofin Global Utilities and Infrastructure,-0.37,187.5,-0.08303990610328638,-2.490052058445097,,
2023-07,SELL,SEDOL:BDFGHW4,Baillie Gifford US Growth,-0.37,154.0,-0.2011619462599855,-1.4015204958272707,,
2023-07,SELL,SEDOL:BF50VS4,Ashoka India Equity,-6.25,,,,,
2023-07,DIVIDEND,NAME:cqs natural resources growth and income|ordinary share,CQS Natural Resources Growth & Income,,,,,1.82,0.0632
2023-07,DIVIDEND,SEDOL:BD3V464,Ecofin Global Utilities and Infrastructure,,,,,1.95,0.0612
2023-07,DIVIDEND,SEDOL:343501,JPMorgan China Growth & Income,,,,,3.42,0.078
2023-07,DIVIDEND,SEDOL:537241,Martin Currie Global Portfolio,,,,,0.9,0.0151
2023-08,BUY,NAME:cqs natural resources growth and income|ordinary share,CQS Natural Resources Growth & Income,0.37,181.0,-0.15684539059952485,-0.3718815460748059,,
2023-08,BUY,SEDOL:3123249,Impax Environmental Markets,0.37,417.0,-0.04974591527470773,-1.3977034971851108,,
2023-08,BUY,SEDOL:3353790,Premier Miton Global Renewables,0.37,134.0,-0.11969517803179608,-0.3353275719515539,,
2023-08,BUY,SEDOL:339072,Allianz Technology Trust,0.37,274.0,-0.1112552708400909,-0.8117132519586655,,
2023-08,BUY,SEDOL:343501,JPMorgan China Growth & Income,0.37,285.5,-0.08172783120517202,-0.8267789771752366,,
2023-08,BUY,SEDOL:346607,F&C Investment Trust,0.37,893.0,-0.08987137935954659,-0.8225256658425337,,
2023-08,SELL,SEDOL:454351,Montanaro European Smaller Companies,-5.88,,,,,
2023-08,BUY,SEDOL:537241,Martin Currie Global Portfolio,0.37,350.0,-0.010376905024457872,-0.6294972188548426,,
2023-08,BUY,SEDOL:611190,Murray International Trust,6.25,250.5,-0.05110042047047236,-0.8092743993881684,,
2023-08,BUY,SEDOL:783884,Scottish Mortgage Investment Trust,0.37,735.8,-0.1670628721501506,-1.4185851968361107,,
2023-08,SELL,SEDOL:846505,JPMorgan American,-5.88,,,,,
2023-08,BUY,SEDOL:914327,JPMorgan Global Growth & Income,0.37,478.5,0.015686357750843705,-0.09533416088840532,,
2023-08,BUY,SEDOL:B0N8MF9,BlackRock Energy and Resources Income,0.37,119.2,-0.10530661262478413,-1.1276983908371367,,
2023-08,BUY,SEDOL:B11V7W9,Alliance Witan,0.37,1046.0,-0.05969075871988505,-0.2072208667560408,,
2023-08,BUY,SEDOL:B15FW33,Geiger Counter,0.37,38.75,-0.14609960334949323,-1.560826219754266,,
2023-08,BUY,SEDOL:B7W0XJ6,BlackRock American Income,0.37,191.0,-0.06901930200818873,-0.9003939190121447,,
2023-08,BUY,SEDOL:BD3V464,Ecofin Global Utilities and Infrastructure,0.37,188.5,-0.07416502946954806,-1.9978042481036622,,
2023-08,BUY,SEDOL:BDFGHW4,Baillie Gifford US Growth,0.37,165.0,-0.182034503271862,-1.148453364493171,,
2023-08,DIVIDEND,SEDOL:914327,JPMorgan Global Growth & Income,,,,,17.0,0.222
2023-08,DIVIDEND,SEDOL:3353790,Premier Miton Global Renewables,,,,,1.85,0.0863
2023-08,DIVIDEND,SEDOL:346607,F&C Investment Trust,,,,,3.4,0.0238
2023-08,DIVIDEND,SEDOL:B11V7W9,Alliance Trust,,,,,6.34,0.0379
2023-08,DIVIDEND,SEDOL:B7W0XJ6,BlackRock Sustainable American Income,,,,,2.0,0.0654
2023-08,DIVIDEND,SEDOL:3123249,Impax Environmental Markets,,,,,1.7,0.0255
2023-09,BUY,NAME:bankers|ordinary share,Bankers Investment Trust,5.88,97.4,-0.12378553436487938,-1.6726302690949066,,
2023-09,SELL,NAME:cqs natural resources growth and income|ordinary share,CQS Natural Resources Growth & Income,-6.25,,,,,
2023-09,SELL,SEDOL:3123249,Impax Environmental Markets,-0.37,397.0,-0.05370295330488872,-1.3879701192710145,,
2023-09,SELL,SEDOL:3353790,Premier Miton Global Renewables,-0.37,120.5,-0.11572613194393488,-0.20779710752275768,,
2023-09,SELL,SEDOL:339072,Allianz Technology Trust,-0.37,269.5,-0.1094441874297799,-0.7330017323778797,,
2023-09,SELL,SEDOL:343501,JPMorgan China Growth & Income,-0.37,251.0,-0.10360344273418809,-1.2321394975063924,,
2023-09,SELL,SEDOL:346607,F&C Investment Trust,-0.37,866.0,-0.11020693339909171,-1.533502846517059,,
2023-09,SELL,SEDOL:537241,Martin Currie Global Portfolio,-0.37,332.0,-0.014339577828578198,-0.8212173629948288,,
2023-09,SELL,SEDOL:611190,Murray International Trust,-0.37,245.5,-0.04903935543848781,-0.7183030720672212,,
2023-09,SELL,SEDOL:783884,Scottish Mortgage Investment Trust,-0.37,685.6,-0.19355407869199548,-1.6396550391534574,,
2023-09,SELL,SEDOL:914327,JPMorgan Global Growth & Income,-0.37,468.5,0.01574017864885957,-0.0651731176428336,,
2023-09,SELL,SEDOL:B0N8MF9,BlackRock Energy and Resources Income,-0.37,115.4,-0.10389812082621519,-1.151416107890459,,
2023-09,SELL,SEDOL:B11V7W9,Alliance Witan,-0.37,1044.0,-0.05788077318750351,-0.02735072252375787,,
2023-09,SELL,SEDOL:B15FW33,Geiger Counter,-0.37,43.5,-0.1688956820787162,-1.6465624138612793,,
2023-09,SELL,SEDOL:B7W0XJ6,BlackRock American Income,-6.25,,,,,
2023-09,SELL,SEDOL:BD3V464,Ecofin Global Utilities and Infrastructure,-0.37,171.5,-0.11130687117836036,-2.7153517060647854,,
2023-09,SELL,SEDOL:BDFGHW4,Baillie Gifford US Growth,-0.37,155.2,-0.20353074001847493,-1.2765661705825244,,
2023-09,BUY,SEDOL:BFFK7H5,Odyssean Investment Trust,5.88,151.0,-0.011003405816085943,-0.160971942447126,,
2023-09,BUY,SEDOL:BFZ7R98,Mobius Investment Trust,5.88,135.5,-0.02916099448305509,-0.16969999257438445,,
2023-09,DIVIDEND,SEDOL:B0N8MF9,BlackRock Energy and Resources Income,,,,,1.1,0.0561
2023-10,SELL,NAME:bankers|ordinary share,Bankers Investment Trust,-5.88,,,,,
2023-10,BUY,NAME:cqs natural resources growth and income|ordinary share,CQS Natural Resources Growth & Income,6.67,179.0,-0.15028956612551025,-0.2614949453297315,,
2023-10,BUY,SEDOL:3123249,Impax Environmental Markets,0.78,371.0,-0.07448984682931703,-1.677797671956828,,
2023-10,BUY,SEDOL:332231,Fidelity Asian Values,6.67,510.0,-0.0795386864475609,-0.6428970728455822,,
2023-10,SELL,SEDOL:3353790,Premier Miton Global Renewables,-5.88,,,,,
2023-10,BUY,SEDOL:339072,Allianz Technology Trust,0.78,261.5,-0.10781303309450707,-0.6535294229717421,,
2023-10,BUY,SEDOL:343501,JPMorgan China Growth & Income,0.78,244.5,-0.11429088933164289,-1.3642256566227833,,
2023-10,BUY,SEDOL:346607,F&C Investment Trust,0.78,883.0,-0.091114953886693,-0.846024900405821,,
2023-10,SELL,SEDOL:537241,Martin Currie Global Portfolio,-5.88,,,,,
2023-10,BUY,SEDOL:611190,Murray International Trust,0.78,237.5,-0.07963572950978492,-1.6443666059613748,,
2023-10,BUY,SEDOL:783884,Scottish Mortgage Investment Trust,0.78,669.6,-0.1823876332466391,-1.4060593926233187,,
2023-10,BUY,SEDOL:914327,JPMorgan Global Growth & Income,0.78,465.5,0.013035624904789822,-0.16176011861051406,,
2023-10,BUY,SEDOL:B0DQY35,Utilico Emerging Markets Trust,6.67,222.0,-0.15131126232892422,-1.401939023631582,,
2023-10,BUY,SEDOL:B0N8MF9,BlackRock Energy and Resources Income,0.78,116.2,-0.10704679935449157,-1.209364850069947,,
2023-10,SELL,SEDOL:B11V7W9,Alliance Witan,-5.88,,,,,
2023-10,BUY,SEDOL:B15FW33,Geiger Counter,0.78,52.0,-0.20574308843745226,-1.8364379676722504,,
2023-10,BUY,SEDOL:BD3V464,Ecofin Global Utilities and Infrastructure,0.78,164.0,-0.10772578890097939,-2.3421600677156347,,
2023-10,BUY,SEDOL:BDFGHW4,Baillie Gifford US Growth,0.78,148.8,-0.2193074501573976,-1.3467075096023273,,
2023-10,SELL,SEDOL:BFFK7H5,Odyssean Investment Trust,-5.88,,,,,
2023-10,BUY,SEDOL:BFZ7R98,Mobius Investment Trust,0.78,133.5,-0.05959425190194423,-1.384521888797868,,
2023-10,DIVIDEND,NAME:cqs natural resources growth and income|ordinary share,CQS Natural Resources Growth & Income,,,,,1.26,0.0469
2023-10,DIVIDEND,SEDOL:343501,JPMorgan China Growth & Income,,,,,2.76,0.0753
2023-10,DIVIDEND,SEDOL:BD3V464,Ecofin Global Utilities and Infrastructure,,,,,1.95,0.0793
2023-10,DIVIDEND,SEDOL:346607,F&C Investment Trust,,,,,3.4,0.0257
2023-10,DIVIDEND,SEDOL:611190,Murray International Trust,,,,,2.4,0.0674
2023-11,BUY,NAME:bankers|ordinary share,Bankers Investment Trust,5.0,93.5,-0.12909836065573765,-1.5629777216289162,,
2023-11,SELL,NAME:cqs natural resources growth and income|ordinary share,CQS Natural Resources Growth & Income,-1.67,166.5,-0.1697416974169741,-0.6875494730242783,,
2023-11,SELL,SEDOL:3123249,Impax Environmental Markets,-1.67,336.0,-0.08276916357283248,-1.707938178714511,,
2023-11,SELL,SEDOL:332231,Fidelity Asian Values,-1.67,481.0,-0.09652698209958865,-1.1596388489220795,,
2023-11,BUY,SEDOL:337582,Fidelity European Trust,5.0,315.0,-0.08909516786674765,-1.1529057968389382,,
2023-11,SELL,SEDOL:339072,Allianz Technology Trust,-1.67,246.0,-0.13653913653913652,-1.2385613067196832,,
2023-11,SELL,SEDOL:343501,JPMorgan China Growth & Income,-1.67,225.5,-0.1324253616497384,-1.636693629380623,,
2023-11,SELL,SEDOL:346607,F&C Investment Trust,-1.67,847.0,-0.10838351088466891,-1.4369554246243874,,
2023-11,SELL,SEDOL:611190,Murray International Trust,-1.67,226.0,-0.09571062740076819,-2.0196713197455316,,
2023-11,BUY,SEDOL:741600,JPMorgan UK Smaller Companies,5.0,236.0,-0.158855187653705,-1.254515027983477,,
2023-11,SELL,SEDOL:783884,Scottish Mortgage Investment Trust,-1.67,642.2,-0.17101254711622849,-1.1937534864459776,,
2023-11,BUY,SEDOL:846505,JPMorgan American,5.0,755.0,-0.04033149873527131,-0.3172130581026443,,
2023-11,SELL,SEDOL:914327,JPMorgan Global Growth & Income,-1.67,465.0,0.010452204524218356,-0.26911205221489765,,
2023-11,BUY,SEDOL:B09G3N2,STS Global Income & Growth Trust,5.0,207.5,-0.024401711410973692,-1.0372109501983098,,
2023-11,SELL,SEDOL:B0DQY35,Utilico Emerging Markets Trust,-6.67,,,,,
2023-11,SELL,SEDOL:B0N8MF9,BlackRock Energy and Resources Income,-1.67,108.6,-0.10277594183740923,-1.1305939220581662,,
2023-11,BUY,SEDOL:B11V7W9,Alliance Witan,5.0,997.0,-0.06252938410907383,-0.5262713861098312,,
2023-11,SELL,SEDOL:B15FW33,Geiger Counter,-1.67,48.25,-0.2558605798889575,-2.061908119724675,,
2023-11,BUY,SEDOL:B6832P1,Polar Capital Global Healthcare,5.0,300.0,-0.08475196778326921,-0.11256314878457062,,
2023-11,SELL,SEDOL:BD3V464,Ecofin Global Utilities and Infrastructure,-1.67,153.0,-0.16007905138339917,-3.0343912599503806,,
2023-11,SELL,SEDOL:BDFGHW4,Baillie Gifford US Growth,-1.67,137.4,-0.22735196536017543,-1.349568566832214,,
2023-11,SELL,SEDOL:BFZ7R98,Mobius Investment Trust,-6.67,,,,,
2023-11,DIVIDEND,SEDOL:914327,JPMorgan Global Growth & Income,,,,,4.61,0.0496
2023-11,DIVIDEND,SEDOL:B11V7W9,Alliance Trust,,,,,6.34,0.0318
2023-12,SELL,NAME:bankers|ordinary share,Bankers Investment Trust,-5.0,,,,,
2023-12,SELL,NAME:cqs natural resources growth and income|ordinary share,CQS Natural Resources Growth & Income,-5.0,,,,,
2023-12,BUY,SEDOL:3123249,Impax Environmental Markets,1.25,360.5,-0.09012897200979275,-1.7406702701798422,,
2023-12,SELL,SEDOL:332231,Fidelity Asian Values,-5.0,,,,,
2023-12,BUY,SEDOL:337582,Fidelity European Trust,1.25,342.5,-0.073497984689047,-0.22869198360636772,,
2023-12,BUY,SEDOL:339072,Allianz Technology Trust,1.25,282.0,-0.10959552903286918,-0.5795575903479264,,
2023-12,BUY,SEDOL:343501,JPMorgan China Growth & Income,1.25,239.0,-0.07489839365202255,-0.442395391145635,,
2023-12,BUY,SEDOL:346607,F&C Investment Trust,1.25,883.0,-0.10562353131836966,-1.268886533586163,,
2023-12,BUY,SEDOL:611190,Murray International Trust,1.25,242.5,-0.06211324257425743,-0.9458980263314857,,
2023-12,BUY,SEDOL:741600,JPMorgan UK Smaller Companies,1.25,262.0,-0.1329957973460406,-0.6652897389311535,,
2023-12,BUY,SEDOL:783884,Scottish Mortgage Investment Trust,1.25,724.6,-0.12763959451975626,-0.626641563265905,,
2023-12,SELL,SEDOL:846505,JPMorgan American,-5.0,,,,,
2023-12,BUY,SEDOL:906692,European Smaller Companies,6.25,151.0,-0.14053161819113213,-0.10204268844196772,,
2023-12,BUY,SEDOL:914327,JPMorgan Global Growth & Income,1.25,481.0,0.011417877494375173,-0.17536794161829802,,
2023-12,SELL,SEDOL:B09G3N2,STS Global Income & Growth Trust,-5.0,,,,,
2023-12,BUY,SEDOL:B0N8MF9,BlackRock Energy and Resources Income,1.25,110.4,-0.10694062449441832,-1.2423928687405363,,
2023-12,BUY,SEDOL:B11V7W9,Alliance Witan,1.25,1048.0,-0.06571217159515386,-0.8493067278126841,,
2023-12,BUY,SEDOL:B15FW33,Geiger Counter,1.25,53.5,-0.19269654443941442,-1.4284269444041906,,
2023-12,SELL,SEDOL:B6832P1,Polar Capital Global Healthcare,-5.0,,,,,
2023-12,BUY,SEDOL:BD3V464,Ecofin Global Utilities and Infrastructure,1.25,167.25,-0.11211976429367732,-1.828228694521518,,
2023-12,BUY,SEDOL:BDFGHW4,Baillie Gifford US Growth,1.25,162.6,-0.16146665979062458,-0.6813288991823575,,
2023-12,BUY,SEDOL:BFZ7R98,Mobius Investment Trust,6.25,132.5,-0.08139212423738218,-1.839218772738224,,
2023-12,DIVIDEND,SEDOL:B0N8MF9,BlackRock Energy and Resources Income,,,,,1.125,0.0637
2024-01,BUY,NAME:bankers|ordinary share,Bankers Investment Trust,8.33,102.4,-0.1356461551447623,-1.548560322373605,,
2024-01,BUY,NAME:cqs natural resources growth and income|ordinary share,CQS Natural Resources Growth & Income,8.33,165.0,-0.19323293565421473,-1.1511246568435456,,
2024-01,BUY,SEDOL:3123249,Impax Environmental Markets,2.08,400.0,-0.07910488995303433,-1.4388897766123332,,
2024-01,BUY,SEDOL:3353790,Premier Miton Global Renewables,8.33,118.5,-0.19305413687436157,-1.6434465430461271,,
2024-01,BUY,SEDOL:337582,Fidelity European Trust,2.08,360.0,-0.07314435776627792,-0.15677202314007677,,
2024-01,BUY,SEDOL:339072,Allianz Technology Trust,2.08,303.5,-0.09413801337153782,-0.14052240460899584,,
2024-01,BUY,SEDOL:341710,JPMorgan US Smaller Companies,8.33,404.0,-0.07880335643925573,-0.1953657358316864,,
2024-01,BUY,SEDOL:343501,JPMorgan China Growth & Income,2.08,222.0,-0.0948381309630596,-0.8091453613709131,,
2024-01,SELL,SEDOL:346607,F&C Investment Trust,-6.25,,,,,
2024-01,SELL,SEDOL:611190,Murray International Trust,-6.25,,,,,
2024-01,SELL,SEDOL:741600,JPMorgan UK Smaller Companies,-6.25,,,,,
2024-01,SELL,SEDOL:783884,Scottish Mortgage Investment Trust,-6.25,,,,,
2024-01,BUY,SEDOL:787369,Scottish American,8.33,535.0,-0.008046872102940639,-0.10847325541330691,,
2024-01,SELL,SEDOL:906692,European Smaller Companies,-6.25,,,,,
2024-01,SELL,SEDOL:914327,JPMorgan Global Growth & Income,-6.25,,,,,
2024-01,BUY,SEDOL:B0N8MF9,BlackRock Energy and Resources Income,2.08,114.8,-0.1078644700031085,-1.2305681443014789,,
2024-01,SELL,SEDOL:B11V7W9,Alliance Witan,-6.25,,,,,
2024-01,BUY,SEDOL:B15FW33,Geiger Counter,2.08,54.0,-0.19487103026688524,-1.3564651596586998,,
2024-01,SELL,SEDOL:BD3V464,Ecofin Global Utilities and Infrastructure,-6.25,,,,,
2024-01,BUY,SEDOL:BDFGHW4,Baillie Gifford US Growth,2.08,180.4,-0.13419082357458245,-0.37488036168225003,,
2024-01,SELL,SEDOL:BFZ7R98,Mobius Investment Trust,-6.25,,,,,
2024-01,DIVIDEND,NAME:cqs natural resources growth and income|ordinary share,CQS Natural Resources Growth & Income,,,,,1.26,0.0636
2024-01,DIVIDEND,SEDOL:343501,JPMorgan China Growth & Income,,,,,2.76,0.1036
2024-02,SELL,SEDOL:3353790,Premier Miton Global Renewables,-8.33,,,,,
2024-02,SELL,SEDOL:339072,Allianz Technology Trust,-8.33,,,,,
2024-02,SELL,SEDOL:341710,JPMorgan US Smaller Companies,-8.33,,,,,
2024-02,SELL,SEDOL:343501,JPMorgan China Growth & Income,-8.33,,,,,
2024-02,BUY,SEDOL:537241,Martin Currie Global Portfolio,8.33,350.0,-0.029045412933115133,-1.56271466066678,,
2024-02,BUY,SEDOL:741600,JPMorgan UK Smaller Companies,8.33,290.0,-0.11434155875885654,-0.1763827347826337,,
2024-02,BUY,SEDOL:783884,Scottish Mortgage Investment Trust,8.33,773.8,-0.0958379098408545,-0.17486009728619492,,
2024-02,BUY,SEDOL:BFFK7H5,Odyssean Investment Trust,8.33,159.75,-0.0031201248049922414,-0.24867348461021413,,
2024-02,DIVIDEND,SEDOL:3123249,Impax Environmental Markets,,,,,2.9,0.0637
2024-02,DIVIDEND,SEDOL:741600,JPMorgan UK Smaller Companies,,,,,3.6,0.1034
2024-03,SELL,NAME:bankers|ordinary share,Bankers Investment Trust,-1.19,107.4,-0.13338174776083278,-1.3647676769126573,,
2024-03,SELL,NAME:cqs natural resources growth and income|ordinary share,CQS Natural Resources Growth & Income,-1.19,152.0,-0.1828396322778345,-0.8436712275205267,,
2024-03,SELL,SEDOL:3123249,Impax Environmental Markets,-1.19,388.0,-0.10116524196724352,-1.6730016282453188,,
2024-03,SELL,SEDOL:337582,Fidelity European Trust,-1.19,368.5,-0.08399413358522467,-0.7531812709922299,,
2024-03,BUY,SEDOL:339072,Allianz Technology Trust,7.14,343.5,-0.1068410515093996,-0.4229053343545025,,
2024-03,BUY,SEDOL:346607,F&C Investment Trust,7.14,982.0,-0.09878491979002246,-0.9894991376402296,,
2024-03,SELL,SEDOL:537241,Martin Currie Global Portfolio,-1.19,384.0,-0.02078286370011473,-1.007703738998218,,
2024-03,BUY,SEDOL:611190,Murray International Trust,7.14,244.0,-0.10675062234587795,-1.968511423226588,,
2024-03,SELL,SEDOL:741600,JPMorgan UK Smaller Companies,-8.33,,,,,
2024-03,SELL,SEDOL:783884,Scottish Mortgage Investment Trust,-1.19,801.2,-0.13163171300059606,-0.608965037696616,,
2024-03,SELL,SEDOL:787369,Scottish American,-1.19,501.0,-0.08900809164469503,-2.1998817069578607,,
2024-03,SELL,SEDOL:B0N8MF9,BlackRock Energy and Resources Income,-1.19,105.0,-0.12848605577689243,-1.6027641706076379,,
2024-03,BUY,SEDOL:B11V7W9,Alliance Witan,7.14,1180.0,-0.05921372591228358,-0.06791559709718406,,
2024-03,SELL,SEDOL:B15FW33,Geiger Counter,-1.19,53.2,-0.22176711527208892,-1.3769221750186047,,
2024-03,SELL,SEDOL:BDFGHW4,Baillie Gifford US Growth,-1.19,189.6,-0.1447516802742569,-0.40486613855601683,,
2024-03,SELL,SEDOL:BFFK7H5,Odyssean Investment Trust,-8.33,,,,,
2024-03,DIVIDEND,SEDOL:B0N8MF9,BlackRock Energy and Resources Income,,,,,1.125,0.0765
2024-04,SELL,NAME:bankers|ordinary share,Bankers Investment Trust,-7.14,,,,,
2024-04,SELL,NAME:cqs natural resources growth and income|ordinary share,CQS Natural Resources Growth & Income,-7.14,,,,,
2024-04,BUY,SEDOL:3123249,Impax Environmental Markets,3.97,402.5,-0.10314400944762592,-1.59130471701949,,
2024-04,SELL,SEDOL:337582,Fidelity European Trust,-7.14,,,,,
2024-04,BUY,SEDOL:339072,Allianz Technology Trust,3.97,347.5,-0.1041967415962054,-0.3042992350284634,,
2024-04,BUY,SEDOL:346607,F&C Investment Trust,3.97,996.0,-0.11291615454496873,-1.415915516494866,,
2024-04,BUY,SEDOL:537241,Martin Currie Global Portfolio,3.97,394.0,-0.01845992875115221,-0.8254521756525611,,
2024-04,SELL,SEDOL:611190,Murray International Trust,-7.14,,,,,
2024-04,SELL,SEDOL:783884,Scottish Mortgage Investment Trust,-7.14,,,,,
2024-04,BUY,SEDOL:787369,Scottish American,3.97,504.0,-0.100224943764059,-2.2768355956493798,,
2024-04,BUY,SEDOL:B0N8MF9,BlackRock Energy and Resources Income,3.97,113.5,-0.12382275744943638,-1.4039163229184108,,
2024-04,SELL,SEDOL:B11V7W9,Alliance Witan,-7.14,,,,,
2024-04,BUY,SEDOL:B15FW33,Geiger Counter,3.97,50.0,-0.29873772791023845,-1.8167351308377262,,
2024-04,BUY,SEDOL:B7W0XJ6,BlackRock American Income,11.11,198.75,-0.11034019695613251,-1.7876048674496297,,
2024-04,SELL,SEDOL:BDFGHW4,Baillie Gifford US Growth,-7.14,,,,,
2024-04,BUY,SEDOL:BFFK7H5,Odyssean Investment Trust,11.11,155.5,0.00692870556239078,-0.0619951368254154,,
2024-04,DIVIDEND,SEDOL:537241,Martin Currie Global Portfolio,,,,,1.5,0.0423
2024-05,BUY,SEDOL:3123249,Impax Environmental Markets,3.17,384.0,-0.11541119557705604,-1.6991234270464362,,
2024-05,SELL,SEDOL:339072,Allianz Technology Trust,-11.11,,,,,
2024-05,BUY,SEDOL:343501,JPMorgan China Growth & Income,14.29,226.0,-0.1084460925480295,-0.9516110705665309,,
2024-05,BUY,SEDOL:346607,F&C Investment Trust,3.17,991.0,-0.09505981188932511,-0.7468533748083785,,
2024-05,SELL,SEDOL:537241,Martin Currie Global Portfolio,-11.11,,,,,
2024-05,BUY,SEDOL:787369,Scottish American,3.17,502.0,-0.08640896847928958,-1.8005989129305084,,
2024-05,BUY,SEDOL:B0N8MF9,BlackRock Energy and Resources Income,3.17,122.5,-0.0890838786436644,-0.5924590297115053,,
2024-05,BUY,SEDOL:B15FW33,Geiger Counter,3.17,54.3,-0.24927416009954373,-1.3553560622191836,,
2024-05,SELL,SEDOL:B7W0XJ6,BlackRock American Income,-11.11,,,,,
2024-05,BUY,SEDOL:BFFK7H5,Odyssean Investment Trust,3.17,161.0,0.007698566689616326,-0.10857001760651096,,
2024-05,DIVIDEND,SEDOL:787369,Scottish American,,,,,3.45,0.0982
2024-06,SELL,SEDOL:3123249,Impax Environmental Markets,-5.95,398.0,-0.1058390060883827,-1.4357943682784158,,
2024-06,BUY,SEDOL:3142921,Law Debenture Corporation,8.33,876.0,-0.008791880240333949,-0.6642073519757421,,
2024-06,BUY,SEDOL:339072,Allianz Technology Trust,8.33,346.0,-0.10863796790066216,-0.42055266883575776,,
2024-06,SELL,SEDOL:343501,JPMorgan China Growth & Income,-5.95,229.5,-0.08543875029887626,-0.3648149830249412,,
2024-06,SELL,SEDOL:346607,F&C Investment Trust,-5.95,1010.0,-0.09613216158651183,-0.7396097564519086,,
2024-06,SELL,SEDOL:787369,Scottish American,-5.95,505.0,-0.0901392717510765,-1.766208695496377,,
2024-06,BUY,SEDOL:846505,JPMorgan American,8.33,941.0,-0.03277862862194081,-0.3198703775197606,,
2024-06,BUY,SEDOL:914327,JPMorgan Global Growth & Income,8.33,537.0,-0.01711357188615359,-1.5700767497883337,,
2024-06,SELL,SEDOL:B0N8MF9,BlackRock Energy and Resources Income,-5.95,121.5,-0.12160208212839785,-1.2725897266730146,,
2024-06,SELL,SEDOL:B15FW33,Geiger Counter,-5.95,52.6,-0.2748828232699201,-1.4398115124658453,,
2024-06,BUY,SEDOL:BD3V464,Ecofin Global Utilities and Infrastructure,8.33,183.0,-0.134301527981456,-1.3561248257710612,,
2024-06,SELL,SEDOL:BFFK7H5,Odyssean Investment Trust,-5.95,167.0,-0.0312663147514356,-1.7936259212547163,,
2024-06,DIVIDEND,SEDOL:B0N8MF9,BlackRock Energy and Resources Income,,,,,1.125,0.0772
2024-07,SELL,SEDOL:3123249,Impax Environmental Markets,-8.33,,,,,
2024-07,BUY,SEDOL:3142921,Law Debenture Corporation,4.17,845.0,-0.019835285929706514,-1.1694823835209531,,
2024-07,SELL,SEDOL:339072,Allianz Technology Trust,-8.33,,,,,
2024-07,BUY,SEDOL:343501,JPMorgan China Growth & Income,4.17,218.5,-0.10325863908725275,-0.7760433154891981,,
2024-07,BUY,SEDOL:346607,F&C Investment Trust,4.17,1012.0,-0.11435497562725905,-1.3190866884905355,,
2024-07,BUY,SEDOL:787369,Scottish American,4.17,513.0,-0.08674986203336121,-1.5649379120895395,,
2024-07,SELL,SEDOL:846505,JPMorgan American,-8.33,,,,,
2024-07,SELL,SEDOL:914327,JPMorgan Global Growth & Income,-8.33,,,,,
2024-07,BUY,SEDOL:B0N8MF9,BlackRock Energy and Resources Income,4.17,117.0,-0.11330049261083741,-1.0564470096822278,,
2024-07,BUY,SEDOL:B15FW33,Geiger Counter,4.17,49.5,-0.21391138637446405,-0.9499354175643574,,
2024-07,SELL,SEDOL:BD3V464,Ecofin Global Utilities and Infrastructure,-8.33,,,,,
2024-07,SELL,SEDOL:BFFK7H5,Odyssean Investment Trust,-8.33,,,,,
2024-07,BUY,SEDOL:BFZ7R98,Mobius Investment Trust,12.5,136.3,-0.10098278477672973,-1.9159020926187558,,
2024-07,BUY,SEDOL:BYSRMH1,CC Japan Income & Growth Trust,12.5,191.0,-0.07658093212144657,-0.04839523863340786,,
2024-07,DIVIDEND,SEDOL:343501,JPMorgan China Growth & Income,,,,,2.76,0.1579
2024-07,DIVIDEND,SEDOL:BYSRMH1,CC Japan Income & Growth Trust,,,,,1.6,0.1047
2024-08,SELL,SEDOL:3142921,Law Debenture Corporation,-12.5,,,,,
2024-08,SELL,SEDOL:343501,JPMorgan China Growth & Income,-12.5,,,,,
2024-08,SELL,SEDOL:346607,F&C Investment Trust,-12.5,,,,,
2024-08,SELL,SEDOL:787369,Scottish American,-12.5,,,,,
2024-08,BUY,SEDOL:B0N8MF9,BlackRock Energy and Resources Income,22.1,120.0,-0.09515910119137383,-0.6383076632152113,,
2024-08,BUY,SEDOL:B15FW33,Geiger Counter,18.51,45.5,-0.2165977961432507,-0.9158366228058051,,
2024-08,BUY,SEDOL:BFZ7R98,Mobius Investment Trust,21.9,139.0,-0.0528754428999727,-0.5391329453033967,,
2024-08,SELL,SEDOL:BYSRMH1,CC Japan Income & Growth Trust,-12.5,,,,,
2024-09,BUY,SEDOL:305233,Edinburgh Investment Trust,7.69,769.0,-0.09495339421900006,-0.9230196196602001,,
2024-09,BUY,SEDOL:3142921,Law Debenture Corporation,7.69,894.0,0.0036148094928041274,-0.04350433122181969,,
2024-09,BUY,SEDOL:339072,Allianz Technology Trust,7.69,346.5,-0.1137654099953962,-0.5282945776284118,,
2024-09,BUY,SEDOL:346607,F&C Investment Trust,7.69,1028.0,-0.09542078772306506,-0.6524013209710274,,
2024-09,BUY,SEDOL:580007,Merchants Trust,7.69,594.0,-0.004675011310511179,-0.6325919310417858,,
2024-09,BUY,SEDOL:783884,Scottish Mortgage Investment Trust,7.69,828.0,-0.10053772201401334,-0.09477767933114674,,
2024-09,BUY,SEDOL:846505,JPMorgan American,7.69,977.0,-0.03802603335893351,-0.7782886561214636,,
2024-09,BUY,SEDOL:914327,JPMorgan Global Growth & Income,7.69,553.0,-0.003424040367633774,-0.7573897241265861,,
2024-09,SELL,SEDOL:B0N8MF9,BlackRock Energy and Resources Income,-26.9,116.0,-0.10459282130451575,-0.85485526779758,,
2024-09,BUY,SEDOL:B11V7W9,Alliance Witan,7.69,1194.0,-0.057125258619328045,-0.10926106016598489,,
2024-09,SELL,SEDOL:B15FW33,Geiger Counter,-23.31,42.5,-0.14761331728840754,-0.4004776727966221,,
2024-09,BUY,SEDOL:BFFK7H5,Odyssean Investment Trust,7.69,174.0,-0.0005169739789764316,-0.39119242786805364,,
2024-09,SELL,SEDOL:BFZ7R98,Mobius Investment Trust,-26.71,136.8,-0.08818236352729447,-1.4477357694472475,,
2024-09,DIVIDEND,SEDOL:B0N8MF9,BlackRock Energy and Resources Income,,,,,1.125,0.0746
2024-09,DIVIDEND,SEDOL:3142921,Law Debenture Corporation,,,,,8.0,0.0688
2024-10,SELL,SEDOL:305233,Edinburgh Investment Trust,-7.69,,,,,
2024-10,BUY,SEDOL:3123249,Impax Environmental Markets,7.69,393.5,-0.12380316187931428,-1.4519372344959802,,
2024-10,SELL,SEDOL:3142921,Law Debenture Corporation,-7.69,,,,,
2024-10,BUY,SEDOL:338530,Worldwide Healthcare Trust,7.69,345.0,-0.09881670715461166,-0.6056327902059497,,
2024-10,BUY,SEDOL:343501,JPMorgan China Growth & Income,7.69,237.5,-0.13095978630758542,-1.3208511988853406,,
2024-10,SELL,SEDOL:580007,Merchants Trust,-7.69,,,,,
2024-10,BUY,SEDOL:787369,Scottish American,7.69,514.0,-0.08936290836935734,-1.4226813627885835,,
2024-10,SELL,SEDOL:BFFK7H5,Odyssean Investment Trust,-7.69,,,,,
2024-10,DIVIDEND,SEDOL:343501,JPMorgan China Growth & Income,,,,,2.73,0.0884
2024-10,DIVIDEND,SEDOL:346607,F&C Investment Trust,,,,,3.6,0.0269
2024-11,BUY,NAME:bankers|ordinary share,Bankers Investment Trust,7.14,110.8,-0.12893081761006298,-1.0773150938831961,,
2024-11,SELL,SEDOL:3123249,Impax Environmental Markets,-7.69,,,,,
2024-11,BUY,SEDOL:3142921,Law Debenture Corporation,7.14,869.0,-0.0034403669724770714,-0.4561267639852671,,
2024-11,SELL,SEDOL:338530,Worldwide Healthcare Trust,-7.69,,,,,
2024-11,SELL,SEDOL:339072,Allianz Technology Trust,-0.55,364.0,-0.11004620913914087,-0.35466584621745906,,
2024-11,SELL,SEDOL:343501,JPMorgan China Growth & Income,-0.55,230.0,-0.13318760835154886,-1.3005710091834881,,
2024-11,SELL,SEDOL:346607,F&C Investment Trust,-0.55,1044.0,-0.10251450676982587,-0.8646250869455636,,
2024-11,BUY,SEDOL:611190,Murray International Trust,7.14,250.0,-0.10914727577236927,-1.5423030125427462,,
2024-11,SELL,SEDOL:783884,Scottish Mortgage Investment Trust,-0.55,867.0,-0.11246237946072113,-0.15429875960574982,,
2024-11,SELL,SEDOL:787369,Scottish American,-0.55,501.0,-0.10698370824569536,-1.7268831591160598,,
2024-11,SELL,SEDOL:846505,JPMorgan American,-0.55,1020.0,-0.025313189805922676,-0.09217546225676307,,
2024-11,SELL,SEDOL:914327,JPMorgan Global Growth & Income,-7.69,,,,,
2024-11,SELL,SEDOL:B0N8MF9,BlackRock Energy and Resources Income,-0.55,119.25,-0.09556313993174059,-0.5982070735163766,,
2024-11,SELL,SEDOL:B11V7W9,Alliance Witan,-7.69,,,,,
2024-11,SELL,SEDOL:B15FW33,Geiger Counter,-0.55,46.0,-0.22676080013447641,-0.8733885012937892,,
2024-11,BUY,SEDOL:BD3V464,Ecofin Global Utilities and Infrastructure,7.14,190.5,-0.11633732257166718,-0.8352488610388118,,
2024-11,BUY,SEDOL:BF50VS4,Ashoka India Equity,7.14,269.0,-0.042500177973944564,-2.046799829556061,,
2024-11,SELL,SEDOL:BFZ7R98,Mobius Investment Trust,-0.55,139.25,-0.08616616353852213,-1.269055253361613,,
2024-11,DIVIDEND,SEDOL:787369,Scottish American,,,,,3.7,0.0528
2024-12,SELL,NAME:bankers|ordinary share,Bankers Investment Trust,-7.14,,,,,
2024-12,SELL,SEDOL:3142921,Law Debenture Corporation,-7.14,,,,,
2024-12,SELL,SEDOL:339072,Allianz Technology Trust,-7.14,,,,,
2024-12,SELL,SEDOL:343501,JPMorgan China Growth & Income,-7.14,,,,,
2024-12,BUY,SEDOL:346607,F&C Investment Trust,5.36,1122.0,-0.08108860697291587,-0.13455813141280853,,
2024-12,BUY,SEDOL:611190,Murray International Trust,5.36,255.5,-0.0849181619569499,-0.8883781903036135,,
2024-12,SELL,SEDOL:783884,Scottish Mortgage Investment Trust,-7.14,,,,,
2024-12,BUY,SEDOL:787369,Scottish American,5.36,515.0,-0.09771011090281545,-1.416173397764718,,
2024-12,SELL,SEDOL:846505,JPMorgan American,-7.14,,,,,
2024-12,BUY,SEDOL:B0N8MF9,BlackRock Energy and Resources Income,5.36,121.0,-0.12146954185725689,-1.1323468167342114,,
2024-12,BUY,SEDOL:B15FW33,Geiger Counter,5.36,54.0,-0.15080987576662996,-0.2567589259167381,,
2024-12,BUY,SEDOL:B7W0XJ6,BlackRock American Income,12.5,210.0,-0.08224805523992651,-0.3440638567171986,,
2024-12,BUY,SEDOL:BD3V464,Ecofin Global Utilities and Infrastructure,5.36,193.0,-0.11682606507115734,-0.8101424673490245,,
2024-12,SELL,SEDOL:BF50VS4,Ashoka India Equity,-7.14,,,,,
2024-12,BUY,SEDOL:BFZ7R98,Mobius Investment Trust,5.36,138.0,-0.0826907737303908,-1.1113913824677142,,
2024-12,DIVIDEND,SEDOL:B0N8MF9,BlackRock Energy and Resources Income,,,,,1.125,0.1162
2025-01,BUY,NAME:bankers|ordinary share,Bankers Investment Trust,11.11,115.0,-0.11647203441917642,-0.6693116581556834,,
2025-01,SELL,SEDOL:346607,F&C Investment Trust,-1.39,1108.0,-0.08707402280667065,-0.31882675318166537,,
2025-01,SELL,SEDOL:611190,Murray International Trust,-1.39,257.5,-0.08888259854221214,-0.9655947697211016,,
2025-01,SELL,SEDOL:787369,Scottish American,-1.39,498.5,-0.107494539334694,-1.5551739365296444,,
2025-01,BUY,SEDOL:802284,Schroder Japan Trust,11.11,255.0,-0.1352707789345179,-1.275061678314393,,
2025-01,SELL,SEDOL:B0N8MF9,BlackRock Energy and Resources Income,-1.39,114.0,-0.10073361205332487,-0.6341620537410158,,
2025-01,SELL,SEDOL:B15FW33,Geiger Counter,-1.39,45.25,-0.13512996941896027,-0.06958986981267531,,
2025-01,SELL,SEDOL:B7W0XJ6,BlackRock American Income,-12.5,,,,,
2025-01,SELL,SEDOL:BD3V464,Ecofin Global Utilities and Infrastructure,-12.5,,,,,
2025-01,SELL,SEDOL:BFZ7R98,Mobius Investment Trust,-1.39,143.5,-0.08622007131940901,-1.1456480775680058,,
2025-01,BUY,SEDOL:BYSRMH1,CC Japan Income & Growth Trust,11.11,186.5,-0.09148480124707714,-0.9658129617577318,,
2025-01,DIVIDEND,SEDOL:346607,F&C Investment Trust,,,,,3.6,0.0361
2025-01,DIVIDEND,SEDOL:611190,Murray International Trust,,,,,2.5,0.1079
2025-01,DIVIDEND,SEDOL:802284,Schroder Japan Trust,,,,,5.64,0.2458
2025-01,DIVIDEND,SEDOL:BYSRMH1,CC Japan Income & Growth Trust,,,,,3.85,0.2294
2025-02,SELL,NAME:bankers|ordinary share,Bankers Investment Trust,-11.11,,,,,
2025-02,SELL,SEDOL:346607,F&C Investment Trust,-11.11,,,,,
2025-02,BUY,SEDOL:506241,CQS New City High Yield Fund,16.67,51.0,0.0521972354033422,-0.20317956102967275,,
2025-02,BUY,SEDOL:611190,Murray International Trust,5.56,270.5,-0.0732175283516634,-0.548893043383067,,
2025-02,BUY,SEDOL:787369,Scottish American,5.56,524.0,-0.10141646945844907,-1.3344577672436562,,
2025-02,BUY,SEDOL:802284,Schroder Japan Trust,5.56,260.0,-0.12055202273034771,-0.35698931609743556,,
2025-02,BUY,SEDOL:B0N8MF9,BlackRock Energy and Resources Income,5.56,120.5,-0.08587467759065393,-0.25885080493164997,,
2025-02,SELL,SEDOL:B15FW33,Geiger Counter,-11.11,,,,,
2025-02,BUY,SEDOL:BFZ7R98,Mobius Investment Trust,5.56,147.5,-0.07459690068385716,-0.7731645813372223,,
2025-02,SELL,SEDOL:BYSRMH1,CC Japan Income & Growth Trust,-11.11,,,,,
2025-02,DIVIDEND,SEDOL:787369,Scottish American,,,,,4.175,0.1328
2025-03,BUY,SEDOL:305233,Edinburgh Investment Trust,10.0,762.0,-0.10348722292813783,-1.240028674723099,,
2025-03,BUY,SEDOL:3142921,Law Debenture Corporation,10.0,905.0,0.003993787441757268,-0.03584421576240265,,
2025-03,BUY,SEDOL:339072,Allianz Technology Trust,10.0,400.5,-0.11319250697489036,-0.4463440792225057,,
2025-03,BUY,SEDOL:346607,F&C Investment Trust,10.0,1146.0,-0.07681153582792921,-0.006464142670366942,,
2025-03,SELL,SEDOL:506241,CQS New City High Yield Fund,-16.67,,,,,
2025-03,SELL,SEDOL:611190,Murray International Trust,-6.67,272.5,-0.07091714967609963,-0.4764369914129226,,
2025-03,SELL,SEDOL:787369,Scottish American,-6.67,512.0,-0.1096736049524406,-1.4329772354047154,,
2025-03,SELL,SEDOL:802284,Schroder Japan Trust,-16.67,,,,,
2025-03,BUY,SEDOL:914327,JPMorgan Global Growth & Income,10.0,578.0,-0.008678352142146517,-1.0289965820630103,,
2025-03,SELL,SEDOL:B0N8MF9,BlackRock Energy and Resources Income,-6.67,116.0,-0.09825870646766155,-0.50437131114396,,
2025-03,BUY,SEDOL:BF50VS4,Ashoka India Equity,10.0,253.0,0.00043497172683770735,-0.24189000509725708,,
2025-03,SELL,SEDOL:BFZ7R98,Mobius Investment Trust,-16.67,,,,,
2025-03,BUY,SEDOL:BYSRMH1,CC Japan Income & Growth Trust,10.0,184.5,-0.0867692916893531,-0.669709957315471,,
2025-03,DIVIDEND,SEDOL:914327,JPMorgan Global Growth & Income,,,,,11.4,0.1972
2025-03,DIVIDEND,SEDOL:B0N8MF9,BlackRock Energy and Resources Income,,,,,1.125,0.097
2025-04,BUY,NAME:aberforth smaller companies|ordinary share,Aberforth Smaller Companies,10.0,1312.0,-0.1224960706283651,-0.09378158781383875,,
2025-04,BUY,SEDOL:199049,City of London Investment Trust,10.0,452.0,-0.010919276132956957,-0.8219908760138188,,
2025-04,SELL,SEDOL:3142921,Law Debenture Corporation,-10.0,,,,,
2025-04,BUY,SEDOL:332231,Fidelity Asian Values,10.0,499.0,-0.09167030726663761,-0.3147953686920328,,
2025-04,SELL,SEDOL:339072,Allianz Technology Trust,-10.0,,,,,
2025-04,SELL,SEDOL:346607,F&C Investment Trust,-10.0,,,,,
2025-04,BUY,SEDOL:580007,Merchants Trust,10.0,523.0,-0.053719083030270176,-2.534597888226072,,
2025-04,SELL,SEDOL:787369,Scottish American,-10.0,,,,,
2025-04,BUY,SEDOL:B11V7W9,Alliance Witan,10.0,1160.0,-0.05896859713309921,-0.4701665209281667,,
2025-04,SELL,SEDOL:BF50VS4,Ashoka India Equity,-10.0,,,,,
2025-04,DIVIDEND,SEDOL:199049,City of London Investment Trust,,,,,5.4,0.1195
2025-05,SELL,NAME:aberforth smaller companies|ordinary share,Aberforth Smaller Companies,-10.0,,,,,
2025-05,SELL,SEDOL:199049,City of London Investment Trust,-10.0,,,,,
2025-05,SELL,SEDOL:305233,Edinburgh Investment Trust,-10.0,,,,,
2025-05,SELL,SEDOL:332231,Fidelity Asian Values,-10.0,,,,,
2025-05,BUY,SEDOL:346607,F&C Investment Trust,14.29,1033.0,-0.09022854374917433,-0.49187358516628016,,
2025-05,BUY,SEDOL:580007,Merchants Trust,4.29,546.0,-0.020908797475164054,-0.8051858898697553,,
2025-05,SELL,SEDOL:611190,Murray International Trust,-10.0,,,,,
2025-05,BUY,SEDOL:914327,JPMorgan Global Growth & Income,4.29,508.0,-0.004585178508445309,-0.6553552881775009,,
2025-05,BUY,SEDOL:B0N8MF9,BlackRock Energy and Resources Income,4.29,105.25,-0.09873265970200373,-0.4392509148630364,,
2025-05,SELL,SEDOL:B11V7W9,Alliance Witan,-10.0,,,,,
2025-05,BUY,SEDOL:BD3V464,Ecofin Global Utilities and Infrastructure,14.29,197.5,-0.12237824386775686,-0.6837564248542,,
2025-05,BUY,SEDOL:BF50VS4,Ashoka India Equity,14.29,262.0,-0.011917332931060565,-0.7452345262833333,,
2025-05,BUY,SEDOL:BYSRMH1,CC Japan Income & Growth Trust,4.29,182.5,-0.08365133560956017,-0.45511571205476625,,
2025-05,DIVIDEND,SEDOL:BD3V464,Ecofin Global Utilities and Infrastructure,,,,,2.125,0.1537
2025-05,DIVIDEND,SEDOL:914327,JPMorgan Global Growth & Income,,,,,5.7,0.1603
2025-06,BUY,SEDOL:199049,City of London Investment Trust,12.5,478.0,0.002916430624619659,-0.03288706536729586,,
2025-06,BUY,SEDOL:2894108,Hansa Investment Company,12.5,230.0,-0.4153830511921103,-0.20076889896226632,,
2025-06,BUY,SEDOL:332231,Fidelity Asian Values,12.5,512.0,-0.08339002470550327,-0.07349586480918006,,
2025-06,SELL,SEDOL:346607,F&C Investment Trust,-14.29,,,,,
2025-06,SELL,SEDOL:580007,Merchants Trust,-1.79,567.0,-0.04174412709143149,-1.7349654268835553,,
2025-06,SELL,SEDOL:914327,JPMorgan Global Growth & Income,-1.79,524.0,-0.018983787022128995,-1.5144083333218639,,
2025-06,SELL,SEDOL:B0N8MF9,BlackRock Energy and Resources Income,-1.79,111.0,-0.08911866075824715,-0.11078678251867885,,
2025-06,SELL,SEDOL:BD3V464,Ecofin Global Utilities and Infrastructure,-14.29,,,,,
2025-06,SELL,SEDOL:BF50VS4,Ashoka India Equity,-1.79,278.0,-0.044147985146472224,-2.3730872640881833,,
2025-06,SELL,SEDOL:BYSRMH1,CC Japan Income & Growth Trust,-1.79,191.0,-0.09538694704935113,-0.9766807353773889,,
2025-06,DIVIDEND,SEDOL:B0N8MF9,BlackRock Energy and Resources Income,,,,,1.125,0.1267
2025-07,SELL,SEDOL:199049,City of London Investment Trust,-12.5,,,,,
2025-07,SELL,SEDOL:2894108,Hansa Investment Company,-12.5,,,,,
2025-07,SELL,SEDOL:332231,Fidelity Asian Values,-12.5,,,,,
2025-07,BUY,SEDOL:346607,F&C Investment Trust,20.0,1108.0,-0.08791570628910106,-0.43918175126671155,,
2025-07,BUY,SEDOL:580007,Merchants Trust,7.5,571.0,-0.03928661563052083,-1.5099324115068467,,
2025-07,BUY,SEDOL:914327,JPMorgan Global Growth & Income,7.5,547.0,-0.006899055918663688,-0.7575440801262693,,
2025-07,BUY,SEDOL:B0N8MF9,BlackRock Energy and Resources Income,7.5,114.0,-0.09945493324907184,-0.41655300241265786,,
2025-07,SELL,SEDOL:BF50VS4,Ashoka India Equity,-12.5,,,,,
2025-07,BUY,SEDOL:BYSRMH1,CC Japan Income & Growth Trust,7.5,194.5,-0.09907823428597895,-1.204079872821274,,
2025-07,DIVIDEND,SEDOL:580007,Merchants Trust,,,,,7.3,0.2557
2025-07,DIVIDEND,SEDOL:BYSRMH1,CC Japan Income & Growth Trust,,,,,1.65,0.1697
2025-08,BUY,SEDOL:3142921,Law Debenture Corporation,16.67,1018.0,0.003667626296486315,-0.040332467429853164,,
2025-08,SELL,SEDOL:346607,F&C Investment Trust,-20.0,,,,,
2025-08,SELL,SEDOL:580007,Merchants Trust,-3.33,550.0,-0.07149489322191271,-2.635400249160229,,
2025-08,BUY,SEDOL:802284,Schroder Japan Trust,16.67,260.0,-0.12575655682582376,-0.7321459023443518,,
2025-08,SELL,SEDOL:914327,JPMorgan Global Growth & Income,-3.33,577.0,-0.009782049081860422,-0.894496785913326,,
2025-08,BUY,SEDOL:958057,Henderson High Income Trust,16.67,180.5,-0.07578084997439838,-0.5419249273504422,,
2025-08,SELL,SEDOL:B0N8MF9,BlackRock Energy and Resources Income,-20.0,,,,,
2025-08,SELL,SEDOL:BYSRMH1,CC Japan Income & Growth Trust,-3.33,196.0,-0.10657306955966817,-1.545785662809842,,
2025-08,DIVIDEND,SEDOL:914327,JPMorgan Global Growth & Income,,,,,22.8,0.6586
2025-09,SELL,SEDOL:3142921,Law Debenture Corporation,-4.17,990.0,-0.0286213291207551,-1.6212716816733639,,
2025-09,SELL,SEDOL:580007,Merchants Trust,-4.17,552.0,-0.0730167260025526,-2.392864644684758,,
2025-09,SELL,SEDOL:802284,Schroder Japan Trust,-16.67,,,,,
2025-09,SELL,SEDOL:914327,JPMorgan Global Growth & Income,-4.17,564.0,-0.01779805649402677,-1.3582620643987966,,
2025-09,SELL,SEDOL:958057,Henderson High Income Trust,-4.17,182.0,-0.07369706840390877,-0.44985599340850463,,
2025-09,BUY,SEDOL:B0N8MF9,BlackRock Energy and Resources Income,12.5,123.5,-0.09251230803144983,-0.16879181073183647,,
2025-09,BUY,SEDOL:B15FW33,Geiger Counter,12.5,50.1,-0.16929199137788098,-0.2522176276045226,,
2025-09,BUY,SEDOL:BF50VS4,Ashoka India Equity,12.5,261.0,-0.021739130434782705,-1.2942640399135796,,
2025-09,SELL,SEDOL:BYSRMH1,CC Japan Income & Growth Trust,-4.17,202.0,-0.10496699011919008,-1.4843083016234209,,
2025-09,DIVIDEND,SEDOL:958057,Henderson High Income Trust,,,,,2.775,0.1906
2025-09,DIVIDEND,SEDOL:B0N8MF9,BlackRock Energy and Resources Income,,,,,1.25,0.1265
2025-10,SELL,SEDOL:3142921,Law Debenture Corporation,-12.5,,,,,
2025-10,BUY,SEDOL:346607,F&C Investment Trust,16.67,1203.0,-0.08033147819705211,-0.14052152841349488,,
2025-10,BUY,SEDOL:580007,Merchants Trust,4.17,560.0,-0.07378309984948972,-2.1798037502595964,,
2025-10,BUY,SEDOL:914327,JPMorgan Global Growth & Income,4.17,573.0,-0.023899971040662327,-1.7334653997621454,,
2025-10,BUY,SEDOL:958057,Henderson High Income Trust,4.17,180.0,-0.07984868622840202,-0.5847214866393743,,
2025-10,SELL,SEDOL:B0N8MF9,BlackRock Energy and Resources Income,-12.5,,,,,
2025-10,BUY,SEDOL:B15FW33,Geiger Counter,4.17,60.1,-0.17046238785369217,-0.22659688466066605,,
2025-10,BUY,SEDOL:BF50VS4,Ashoka India Equity,4.17,255.0,-0.040379332405072854,-2.0075731414289955,,
2025-10,SELL,SEDOL:BYSRMH1,CC Japan Income & Growth Trust,-12.5,,,,,
2025-10,DIVIDEND,SEDOL:346607,F&C Investment Trust,,,,,3.8,0.0526
2025-10,DIVIDEND,SEDOL:BF50VS4,Ashoka India Equity,,,,,0.5,0.0327
2025-11,BUY,SEDOL:3142921,Law Debenture Corporation,10.0,1040.0,-0.02320819753735759,-1.4494526559989538,,
2025-11,BUY,SEDOL:342218,JPMorgan Claverhouse,10.0,830.0,-0.06343797251246874,-0.7473729592956918,,
2025-11,SELL,SEDOL:346607,F&C Investment Trust,-6.67,1237.0,-0.09052142458018397,-0.47479148808194255,,
2025-11,SELL,SEDOL:580007,Merchants Trust,-6.67,571.0,-0.062289589936445844,-1.6440585524049067,,
2025-11,BUY,SEDOL:791586,Schroder Income Growth Fund,10.0,327.0,-0.09184325270086369,-0.406897460777897,,
2025-11,SELL,SEDOL:914327,JPMorgan Global Growth & Income,-6.67,583.0,-0.04015541908822995,-2.5818845093576073,,
2025-11,SELL,SEDOL:958057,Henderson High Income Trust,-6.67,185.5,-0.07082748948106588,-0.3100369923240287,,
2025-11,SELL,SEDOL:B15FW33,Geiger Counter,-6.67,61.5,-0.25246140756047153,-1.317005936395879,,
2025-11,SELL,SEDOL:BF50VS4,Ashoka India Equity,-6.67,281.0,0.0007835315905693196,-0.117771728535312,,
2025-11,BUY,SEDOL:BKLGLS1,Nippon Active Value Fund,10.0,202.0,-0.06555026136836739,-0.4914393166053123,,
2025-11,DIVIDEND,SEDOL:914327,JPMorgan Global Growth & Income,,,,,5.75,0.0986
2025-12,BUY,SEDOL:3142921,Law Debenture Corporation,2.5,1032.0,-0.034638878235409676,-1.8812822884536984,,
2025-12,BUY,SEDOL:342218,JPMorgan Claverhouse,2.5,842.0,-0.054219506441865906,-0.03607166705507199,,
2025-12,SELL,SEDOL:346607,F&C Investment Trust,-10.0,,,,,
2025-12,BUY,SEDOL:580007,Merchants Trust,2.5,586.0,-0.0547624808452295,-1.2963847265179667,,
2025-12,SELL,SEDOL:791586,Schroder Income Growth Fund,-10.0,,,,,
2025-12,BUY,SEDOL:914327,JPMorgan Global Growth & Income,2.5,574.0,-0.03282334703781087,-2.124287981837533,,
2025-12,BUY,SEDOL:958057,Henderson High Income Trust,2.5,187.0,-0.06218655967903719,-0.02920977557493827,,
2025-12,BUY,SEDOL:B15FW33,Geiger Counter,2.5,55.0,-0.16880761674474842,-0.1600419002279654,,
2025-12,BUY,SEDOL:BF50VS4,Ashoka India Equity,2.5,277.0,-0.004027038688335982,-0.30727764980225136,,
2025-12,SELL,SEDOL:BKLGLS1,Nippon Active Value Fund,-10.0,,,,,
2025-12,BUY,SEDOL:BYSRMH1,CC Japan Income & Growth Trust,12.5,223.5,-0.0756059227396807,-0.2543069676955575,,
2025-12,DIVIDEND,SEDOL:958057,Henderson High Income Trust,,,,,2.775,0.1855
2026-01,SELL,SEDOL:3142921,Law Debenture Corporation,-12.5,,,,,
2026-01,SELL,SEDOL:342218,JPMorgan Claverhouse,-12.5,,,,,
2026-01,SELL,SEDOL:580007,Merchants Trust,-12.5,,,,,
2026-01,BUY,SEDOL:914327,JPMorgan Global Growth & Income,87.5,574.0,-0.02581422582780335,-1.6206528199333776,,
2026-01,SELL,SEDOL:958057,Henderson High Income Trust,-12.5,,,,,
2026-01,SELL,SEDOL:B15FW33,Geiger Counter,-12.5,,,,,
2026-01,SELL,SEDOL:BF50VS4,Ashoka India Equity,-12.5,,,,,
2026-01,SELL,SEDOL:BYSRMH1,CC Japan Income & Growth Trust,-12.5,,,,,
2026-02,BUY,SEDOL:2894108,Hansa Investment Company,20.0,274.0,-0.44721286339701816,-1.282671691745588,,
2026-02,BUY,SEDOL:580007,Merchants Trust,20.0,628.0,-0.053190206247738514,-1.085974205023606,,
2026-02,SELL,SEDOL:914327,JPMorgan Global Growth & Income,-80.0,577.0,-0.027194712794834208,-1.5896262405910102,,
2026-02,BUY,SEDOL:B15FW33,Geiger Counter,20.0,81.0,-0.176243262483474,-0.2267513076207693,,
2026-02,BUY,SEDOL:BF50VS4,Ashoka India Equity,20.0,243.5,-0.017233724825442942,-0.9270299181809326,,
2026-03,SELL,SEDOL:580007,Merchants Trust,-20.0,,,,,
2026-03,BUY,SEDOL:BYSRMH1,CC Japan Income & Growth Trust,20.0,257.0,-0.08148677626876344,-0.38908102600846,,
2026-03,DIVIDEND,SEDOL:914327,JPMorgan Global Growth & Income,,,,,5.75,0.1973
2026-04,BUY,NAME:cqs natural resources growth and income|ordinary share,CQS Natural Resources Growth & Income,9.09,373.0,-0.1049575274751644,-0.21324403941782438,,
2026-04,BUY,SEDOL:199049,City of London Investment Trust,9.09,538.0,-0.0030944836659438923,-0.30034293555498837,,
2026-04,SELL,SEDOL:2894108,Hansa Investment Company,-10.91,268.0,-0.45964473657680915,-1.5618755205773565,,
2026-04,BUY,SEDOL:3142921,Law Debenture Corporation,9.09,1056.0,-0.023370665976120697,-1.2051152980777629,,
2026-04,BUY,SEDOL:346607,F&C Investment Trust,9.09,1203.0,-0.09467188440698371,-0.5723720945330075,,
2026-04,BUY,SEDOL:802284,Schroder Japan Trust,9.09,308.0,-0.11616161616161624,-0.4073620480798406,,
2026-04,SELL,SEDOL:914327,JPMorgan Global Growth & Income,-10.91,542.0,-0.04760231246375801,-2.280141379593238,,
2026-04,BUY,SEDOL:958057,Henderson High Income Trust,9.09,186.0,-0.06892926865895788,-0.08245837972080293,,
2026-04,SELL,SEDOL:B15FW33,Geiger Counter,-10.91,66.5,-0.24095422896929575,-1.0541770594137374,,
2026-04,SELL,SEDOL:BF50VS4,Ashoka India Equity,-20.0,,,,,
2026-04,BUY,SEDOL:BKLGLS1,Nippon Active Value Fund,9.09,222.0,-0.054756024865877606,-0.5219273435917428,,
2026-04,SELL,SEDOL:BYSRMH1,CC Japan Income & Growth Trust,-10.91,225.0,-0.09837707874173518,-0.6880006078196569,,
2026-04,DIVIDEND,NAME:cqs natural resources growth and income|ordinary share,CQS Natural Resources Growth & Income,,,,,8.34,0.2033
2026-04,DIVIDEND,SEDOL:199049,City of London Investment Trust,,,,,5.65,0.0955
2026-04,DIVIDEND,SEDOL:958057,Henderson High Income Trust,,,,,5.55,0.2713
2026-05,SELL,NAME:cqs natural resources growth and income|ordinary share,CQS Natural Resources Growth & Income,-9.09,,,,,
2026-05,SELL,SEDOL:199049,City of London Investment Trust,-9.09,,,,,
2026-05,BUY,SEDOL:2894108,Hansa Investment Company,10.91,280.0,-0.4573958878359785,-1.4277882022829649,,
2026-05,SELL,SEDOL:3142921,Law Debenture Corporation,-9.09,,,,,
2026-05,SELL,SEDOL:346607,F&C Investment Trust,-9.09,,,,,
2026-05,SELL,SEDOL:802284,Schroder Japan Trust,-9.09,,,,,
2026-05,BUY,SEDOL:914327,JPMorgan Global Growth & Income,10.91,584.0,-0.02642327248478793,-1.163562299778211,,
2026-05,SELL,SEDOL:958057,Henderson High Income Trust,-9.09,,,,,
2026-05,BUY,SEDOL:B15FW33,Geiger Counter,10.91,72.4,-0.23733277151585375,-0.954085786632986,,
2026-05,BUY,SEDOL:BF50VS4,Ashoka India Equity,20.0,235.0,-0.038461538461538436,-1.7726330085757063,,
2026-05,SELL,SEDOL:BKLGLS1,Nippon Active Value Fund,-9.09,,,,,
2026-05,BUY,SEDOL:BYSRMH1,CC Japan Income & Growth Trust,10.91,243.0,-0.10427955324560445,-0.7723914692335591,,
2026-05,DIVIDEND,SEDOL:914327,JPMorgan Global Growth & Income,,,,,5.75,0.1969
2026-06,SELL,SEDOL:2894108,Hansa Investment Company,-20.0,,,,,
2026-06,BUY,SEDOL:914327,JPMorgan Global Growth & Income,80.0,597.5,-0.022926478283621154,-0.9452683928694114,,
2026-06,SELL,SEDOL:B15FW33,Geiger Counter,-20.0,,,,,
2026-06,SELL,SEDOL:BF50VS4,Ashoka India Equity,-20.0,,,,,
2026-06,SELL,SEDOL:BYSRMH1,CC Japan Income & Growth Trust,-20.0,,,,,
