signal_month,holding_month,gross_return,buy_turnover,sell_turnover,n_holdings,missing_return_weight,n_missing_return,rebalanced,cost,net_return,strategy
2007-01,2007-02,0.012293850493359397,1.0,0.0,18,0.0,0,True,0.009531706660468766,0.0027621438328906314,A_absolute_discount_decile
2007-02,2007-03,0.03323507109285573,0.2883171022382028,0.28831710223820284,18,0.05555555555555555,1,True,0.004189739554921946,0.02904533153793378,A_absolute_discount_decile
2007-03,2007-04,0.028494676838051014,0.3458024936290085,0.3458024936290085,18,0.1111111111111111,2,True,0.005025100399875371,0.023469576438175644,A_absolute_discount_decile
2007-04,2007-05,0.009676092012785,0.3375325246942525,0.33753252469425277,18,0.0,0,True,0.004904923637224308,0.004771168375560691,A_absolute_discount_decile
2007-05,2007-06,-0.0014826334222260863,0.12045919498887546,0.12045919498887551,18,0.0,0,True,0.0017504776861345475,-0.0032331111083606337,A_absolute_discount_decile
2007-06,2007-07,-0.011851969129006244,0.2636771767631937,0.2636771767631934,19,0.10526315789473686,2,True,0.0038316793857833004,-0.015683648514789546,A_absolute_discount_decile
2007-07,2007-08,-0.05721767293676041,0.3730709405978023,0.3730709405978023,18,0.0,0,True,0.005421357472312431,-0.06263903040907284,A_absolute_discount_decile
2007-08,2007-09,-0.014308828250132952,0.07450246822547776,0.07450246822547771,18,0.0,0,True,0.0010826480137335376,-0.015391476263866489,A_absolute_discount_decile
2007-09,2007-10,0.01935758712164009,0.3173020020167975,0.3173020020167973,19,0.21052631578947373,4,True,0.004610939616087569,0.014746647505552522,A_absolute_discount_decile
2007-10,2007-11,-0.10935503455276663,0.3826064565712554,0.3826064565712553,19,0.0,0,True,0.0055599247932948655,-0.1149149593460615,A_absolute_discount_decile
2007-11,2007-12,0.042685379114377246,0.21425682899820225,0.2142568289982024,18,0.0,0,True,0.0031135173890040942,0.03957186172537315,A_absolute_discount_decile
2007-12,2008-01,-0.0406218335577263,0.5345709422322279,0.5345709422322276,19,0.10526315789473686,2,True,0.007768228121729129,-0.04839006167945543,A_absolute_discount_decile
2008-01,2008-02,0.06456272436641838,0.5843116209181053,0.5843116209181055,18,0.0,0,True,0.008491045073484933,0.056071679292933455,A_absolute_discount_decile
2008-02,2008-03,-0.07013784679447359,0.35098100279973427,0.3509810027997342,18,0.0,0,True,0.0051003529760829044,-0.07523819977055649,A_absolute_discount_decile
2008-03,2008-04,0.05550375426630415,0.3269757923907923,0.326975792390792,19,0.0,0,True,0.004751516300097327,0.05075223796620682,A_absolute_discount_decile
2008-04,2008-05,0.011046956653330121,0.2759044969107125,0.27590449691071234,18,0.0,0,True,0.004009363215410684,0.007037593437919437,A_absolute_discount_decile
2008-05,2008-06,-0.06763798735611876,0.32234811172942085,0.32234811172942074,19,0.0,0,True,0.0046842682022079545,-0.0723222555583267,A_absolute_discount_decile
2008-06,2008-07,-0.0241948205518229,0.22688629428093274,0.22688629428093263,19,0.10526315789473686,2,True,0.003297045073771306,-0.027491865625594206,A_absolute_discount_decile
2008-07,2008-08,0.013066718390492744,0.385453203619605,0.3854532036196049,19,0.0,0,True,0.005601292886338037,0.007465425504154707,A_absolute_discount_decile
2008-08,2008-09,-0.12128956325931375,0.223917640807376,0.22391764080737586,19,0.0,0,True,0.0032539054723169977,-0.12454346873163075,A_absolute_discount_decile
2008-09,2008-10,-0.174894533580004,0.34052526375537073,0.3405252637553705,19,0.05263157894736843,1,True,0.004948413243371803,-0.17984294682337582,A_absolute_discount_decile
2008-10,2008-11,-0.05343980899321662,0.4025247959356034,0.4025247959356032,19,0.05263157894736843,1,True,0.0058493722581012386,-0.05928918125131786,A_absolute_discount_decile
2008-11,2008-12,0.0022817967833879712,0.48261864848426306,0.4826186484842628,19,0.0,0,True,0.007013272628645198,-0.004731475845257226,A_absolute_discount_decile
2008-12,2009-01,0.08370183228646344,0.5229300750023538,0.5229300750023537,19,0.1578947368421053,3,True,0.007599066453871135,0.0761027658325923,A_absolute_discount_decile
2009-01,2009-02,-0.020323760018296087,0.3128109431963757,0.31281094319637537,19,0.05263157894736843,1,True,0.004545676866714288,-0.024869436885010376,A_absolute_discount_decile
2009-02,2009-03,0.040472854167126676,0.36744669455859336,0.36744669455859325,19,0.0,0,True,0.005339627578684343,0.03513322658844233,A_absolute_discount_decile
2009-03,2009-04,0.19947175593748892,0.3100815069816359,0.31008150698163567,19,0.10526315789473686,2,True,0.004506013500293229,0.1949657424371957,A_absolute_discount_decile
2009-04,2009-05,0.1447088937114462,0.3726477166835383,0.3726477166835381,19,0.10526315789473686,2,True,0.00541520730653865,0.13929368640490755,A_absolute_discount_decile
2009-05,2009-06,0.022569853300024215,0.3565415782836358,0.3565415782836354,19,0.05263157894736843,1,True,0.005181157627878354,0.017388695672145862,A_absolute_discount_decile
2009-06,2009-07,0.012205225889708222,0.3412373589795989,0.34123735897959867,19,0.10526315789473686,2,True,0.004958761202284607,0.007246464687423615,A_absolute_discount_decile
2009-07,2009-08,0.13585891378886905,0.3418613368883142,0.3418613368883142,19,0.05263157894736843,1,True,0.004967828666216673,0.13089108512265238,A_absolute_discount_decile
2009-08,2009-09,0.10733748596071345,0.24056941843258567,0.24056941843258556,19,0.10526315789473686,2,True,0.003495884220141902,0.10384160174057155,A_absolute_discount_decile
2009-09,2009-10,-0.007609400666530167,0.3975427654768253,0.3975427654768251,19,0.1578947368421053,3,True,0.005776974852900754,-0.01338637551943092,A_absolute_discount_decile
2009-10,2009-11,-0.001592858757124466,0.3701932721483568,0.37019327214835696,18,0.0,0,True,0.005379540038539004,-0.00697239879566347,A_absolute_discount_decile
2009-11,2009-12,0.05125790392640275,0.3480754091756053,0.34807540917560537,18,0.0,0,True,0.005058129741862535,0.046199774184540215,A_absolute_discount_decile
2009-12,2010-01,0.015742791527693853,0.5847775115963643,0.5847775115963643,18,0.0,0,True,0.008497815260157238,0.007244976267536615,A_absolute_discount_decile
2010-01,2010-02,0.004019242590688839,0.23852711835993237,0.23852711835993246,18,0.05555555555555555,1,True,0.0034662061145734513,0.0005530364761153878,A_absolute_discount_decile
2010-02,2010-03,0.06883173295796158,0.23116945318374027,0.23116945318374024,18,0.0,0,True,0.003359286682527081,0.0654724462754345,A_absolute_discount_decile
2010-03,2010-04,0.03311352821610388,0.4084885466683516,0.4084885466683517,18,0.1111111111111111,2,True,0.005936035734345692,0.02717749248175819,A_absolute_discount_decile
2010-04,2010-05,-0.07623482328562407,0.35180109833235046,0.3518010983323506,18,0.0,0,True,0.005112270363796445,-0.08134709364942051,A_absolute_discount_decile
2010-05,2010-06,0.009826261202564005,0.30289551430851347,0.3028955143085134,18,0.0,0,True,0.004401588762703137,0.0054246724398608675,A_absolute_discount_decile
2010-06,2010-07,0.027483054270380718,0.3441646425987367,0.3441646425987365,18,0.1111111111111111,2,True,0.0050012996291499134,0.022481754641230804,A_absolute_discount_decile
2010-07,2010-08,0.0011492732659085982,0.18606054469069475,0.18606054469069472,18,0.0,0,True,0.002703777256532215,-0.0015545039906236166,A_absolute_discount_decile
2010-08,2010-09,0.07154617028550925,0.2329894590405563,0.23298945904055646,18,0.0,0,True,0.0033857344737586673,0.06816043581175057,A_absolute_discount_decile
2010-09,2010-10,0.10166736441101051,0.30006879461112745,0.3000687946111276,18,0.1111111111111111,2,True,0.0043605117012493555,0.09730685270976115,A_absolute_discount_decile
2010-10,2010-11,-0.01818375723142412,0.36012967645960914,0.36012967645960936,18,0.0,0,True,0.005233298818040565,-0.023417056049464688,A_absolute_discount_decile
2010-11,2010-12,0.08751422663162997,0.3446832391406738,0.3446832391406737,18,0.0,0,True,0.005008835721972477,0.0825053909096575,A_absolute_discount_decile
2010-12,2011-01,0.03012779237230976,0.35319758156838954,0.35319758156838976,18,0.1111111111111111,2,True,0.005132563648538827,0.024995228723770933,A_absolute_discount_decile
2011-01,2011-02,-0.006090917969746407,0.29301566252443406,0.29301566252443406,18,0.05555555555555555,1,True,0.0042580176547279865,-0.010348935624474392,A_absolute_discount_decile
2011-02,2011-03,-0.0012042039777184702,0.29138941720910044,0.29138941720910055,18,0.0,0,True,0.004234385534847597,-0.0054385895125660675,A_absolute_discount_decile
2011-03,2011-04,0.01906426076139716,0.2395838091305515,0.23958380913055155,18,0.05555555555555555,1,True,0.003481561634882913,0.015582699126514247,A_absolute_discount_decile
2011-04,2011-05,0.02288438605307368,0.2935046598971089,0.29350465989710894,18,0.0,0,True,0.004265123621105437,0.018619262431968243,A_absolute_discount_decile
2011-05,2011-06,-0.0036954971947085378,0.183088376068384,0.18308837606838405,18,0.0,0,True,0.0026605865739673462,-0.006356083768675884,A_absolute_discount_decile
2011-06,2011-07,-0.027543847238358385,0.23271219241954258,0.2327121924195425,18,0.05555555555555555,1,True,0.0033817053165553553,-0.030925552554913742,A_absolute_discount_decile
2011-07,2011-08,-0.09643125697511414,0.3545187118997241,0.35451871189972417,18,0.0,0,True,0.005151761926974028,-0.10158301890208817,A_absolute_discount_decile
2011-08,2011-09,-0.0658585858821542,0.24523257843799767,0.2452325784379978,18,0.0,0,True,0.0035636478934513802,-0.06942223377560558,A_absolute_discount_decile
2011-09,2011-10,0.021232808782952816,0.34732834184498573,0.34732834184498573,18,0.05555555555555555,1,True,0.005047273578558351,0.016185535204394464,A_absolute_discount_decile
2011-10,2011-11,-0.04898267081797499,0.24145464234758104,0.24145464234758107,18,0.05555555555555555,1,True,0.0035087480344034474,-0.05249141885237844,A_absolute_discount_decile
2011-11,2011-12,-0.007113625482395252,0.185626368009397,0.1856263680093969,18,0.0,0,True,0.00269746792836078,-0.009811093410756033,A_absolute_discount_decile
2011-12,2012-01,0.0525173942284059,0.3006804985116875,0.30068049851168765,18,0.1111111111111111,2,True,0.0043694008028953586,0.048147993425510544,A_absolute_discount_decile
2012-01,2012-02,0.0708479219904494,0.2353814012643207,0.23538140126432072,18,0.0,0,True,0.0034204934765032008,0.0674274285139462,A_absolute_discount_decile
2012-02,2012-03,0.02544375493046428,0.19612435359978297,0.19612435359978297,18,0.0,0,True,0.0028500215754860975,0.022593733354978184,A_absolute_discount_decile
2012-03,2012-04,-0.01330804033487204,0.24110201727837555,0.24110201727837555,18,0.16666666666666666,3,True,0.003503623790336625,-0.016811664125208667,A_absolute_discount_decile
2012-04,2012-05,-0.058819830571724546,0.3502445893578138,0.3502445893578138,18,0.0,0,True,0.00508965163196409,-0.06390948220368864,A_absolute_discount_decile
2012-05,2012-06,0.045571676720470376,0.19005326813064521,0.19005326813064527,18,0.1111111111111111,2,True,0.0027617983423379538,0.042809878378132424,A_absolute_discount_decile
2012-06,2012-07,0.0003303203743521781,0.24697793666514695,0.24697793666514697,18,0.05555555555555555,1,True,0.003589010927225749,-0.003258690552873571,A_absolute_discount_decile
2012-07,2012-08,0.019906351368042027,0.12906780839632734,0.12906780839632742,18,0.05555555555555555,1,True,0.0018755755309250168,0.01803077583711701,A_absolute_discount_decile
2012-08,2012-09,0.0360963194216279,0.1710136255053313,0.17101362550533133,17,0.0,0,True,0.002485119840786734,0.03361119958084117,A_absolute_discount_decile
2012-09,2012-10,0.03482281661315459,0.25378400766801534,0.2537840076680153,17,0.058823529411764705,1,True,0.0036879147545497547,0.031134901858604833,A_absolute_discount_decile
2012-10,2012-11,-0.0032344391736528737,0.18374730979100112,0.18374730979100115,17,0.0,0,True,0.002670162005533109,-0.005904601179185983,A_absolute_discount_decile
2012-11,2012-12,0.03605142727467994,0.2222222222222222,0.22222222222222232,18,0.05555555555555555,1,True,0.0032292681467708372,0.032822159127909104,A_absolute_discount_decile
2012-12,2013-01,0.09865347950926755,0.17976416353853222,0.17976416353853225,18,0.05555555555555555,1,True,0.0026122800926064852,0.09604119941666106,A_absolute_discount_decile
2013-01,2013-02,0.045873620497550865,0.18729260757364685,0.18729260757364688,18,0.0,0,True,0.002721681232934527,0.043151939264616336,A_absolute_discount_decile
2013-02,2013-03,0.02080202857455976,0.2335466521356807,0.23354665213568057,17,0.0,0,True,0.0033938314403702523,0.017408197134189507,A_absolute_discount_decile
2013-03,2013-04,0.0006724798742441876,0.33333333333333337,0.3333333333333333,18,0.1111111111111111,2,True,0.004843902220156255,-0.004171422345912067,A_absolute_discount_decile
2013-04,2013-05,0.04532366778463733,0.3529899574240657,0.3529899574240657,17,0.0,0,True,0.0051295465153778814,0.04019412126925945,A_absolute_discount_decile
2013-05,2013-06,-0.023461321478042238,0.24915251961464152,0.24915251961464174,17,0.0,0,True,0.0036206113287566622,-0.0270819328067989,A_absolute_discount_decile
2013-06,2013-07,0.05978827957141889,0.22471439722031486,0.22471439722031492,18,0.05555555555555555,1,True,0.0032654837027896733,0.05652279586862922,A_absolute_discount_decile
2013-07,2013-08,0.005662160164612691,0.24062256419349035,0.2406225641934904,18,0.0,0,True,0.0034966565187496174,0.0021655036458630736,A_absolute_discount_decile
2013-08,2013-09,0.04446709098406451,0.3015876845173524,0.30158768451735257,18,0.1111111111111111,2,True,0.004382583763816164,0.040084507220248346,A_absolute_discount_decile
2013-09,2013-10,0.04797970081891126,0.337035439179599,0.337035439179599,17,0.11764705882352941,2,True,0.004897700136340194,0.043082000682571064,A_absolute_discount_decile
2013-10,2013-11,0.008118203369155114,0.30542137360752974,0.3054213736075297,17,0.0,0,True,0.004438293809102059,0.0036799095600530546,A_absolute_discount_decile
2013-11,2013-12,0.0213971478479113,0.19855716816676588,0.19855716816676583,17,0.11764705882352941,2,True,0.0028853745231328084,0.01851177332477849,A_absolute_discount_decile
2013-12,2014-01,0.01491482501932398,0.311769476128262,0.31176947612826195,17,0.058823529411764705,1,True,0.004530542572783923,0.010384282446540057,A_absolute_discount_decile
2014-01,2014-02,0.04000500866159102,0.3630145551744497,0.3630145551744495,17,0.0,0,True,0.005275221029275656,0.034729787632315365,A_absolute_discount_decile
2014-02,2014-03,-0.02097041420799781,0.30578132471258174,0.3057813247125817,17,0.0,0,True,0.0044435245129727866,-0.025413938720970596,A_absolute_discount_decile
2014-03,2014-04,0.01142238149243846,0.23903321885626602,0.2390332188562661,18,0.05555555555555555,1,True,0.003473560618526889,0.00794882087391157,A_absolute_discount_decile
2014-04,2014-05,0.029493811252540886,0.1236305511976355,0.12363055119763562,18,0.05555555555555555,1,True,0.0017965629042761052,0.02769724834826478,A_absolute_discount_decile
2014-05,2014-06,0.008520865348273884,0.3508257033194613,0.3508257033194612,18,0.05555555555555555,1,True,0.0050980962095910545,0.00342276913868283,A_absolute_discount_decile
2014-06,2014-07,-0.022603717923509934,0.3510829216208978,0.3510829216208977,18,0.05555555555555555,1,True,0.005101834030495234,-0.02770555195400517,A_absolute_discount_decile
2014-07,2014-08,0.015166152791880664,0.24448036744562157,0.24448036744562157,18,0.0,0,True,0.00355271698396339,0.011613435807917273,A_absolute_discount_decile
2014-08,2014-09,-0.014340975918724495,0.29180991057271866,0.29180991057271854,18,0.0,0,True,0.00424049602106037,-0.018581471939784863,A_absolute_discount_decile
2014-09,2014-10,-0.017492785715424654,0.23245625336105874,0.23245625336105874,18,0.0,0,True,0.0033779860852345125,-0.020870771800659167,A_absolute_discount_decile
2014-10,2014-11,0.014360444841093892,0.13418833483701537,0.13418833483701537,18,0.0,0,True,0.0019499855191082692,0.012410459321985623,A_absolute_discount_decile
2014-11,2014-12,-0.037981856364505254,0.294428812137583,0.29442881213758304,18,0.05555555555555555,1,True,0.004278553130373622,-0.04226040949487887,A_absolute_discount_decile
2014-12,2015-01,-0.024421858270183117,0.2955318950148939,0.29553189501489385,18,0.16666666666666666,3,True,0.00429458280716889,-0.028716441077352006,A_absolute_discount_decile
2015-01,2015-02,0.01373585575863585,0.16669051712697378,0.16669051712697389,17,0.0,0,True,0.002422297697971028,0.011313558060664822,A_absolute_discount_decile
2015-02,2015-03,0.000946114933162403,0.17036876667429793,0.17036876667429807,18,0.0,0,True,0.002475748941416745,-0.0015296340082543423,A_absolute_discount_decile
2015-03,2015-04,0.012121258082811654,0.2395540363066794,0.23955403630667935,18,0.05555555555555555,1,True,0.0034811289849399495,0.008640129097871705,A_absolute_discount_decile
2015-04,2015-05,0.02649598459170219,0.18501735972454972,0.18501735972455,18,0.0,0,True,0.002688617998611586,0.023807366593090604,A_absolute_discount_decile
2015-05,2015-06,-0.0329756962327955,0.18278520531681985,0.1827852053168199,18,0.0,0,True,0.0026561809855375823,-0.03563187721833308,A_absolute_discount_decile
2015-06,2015-07,-0.04090442463761966,0.18109051936210518,0.18109051936210518,18,0.05555555555555555,1,True,0.002631554306362052,-0.043535978943981715,A_absolute_discount_decile
2015-07,2015-08,-0.06095765499713179,0.25791808171551894,0.257918081715519,18,0.0,0,True,0.0037479899059207344,-0.06470564490305253,A_absolute_discount_decile
2015-08,2015-09,-0.023740569706359915,0.29679928485000595,0.29679928485000595,18,0.05555555555555555,1,True,0.004313000144477198,-0.028053569850837113,A_absolute_discount_decile
2015-09,2015-10,0.032485650476923714,0.2978732053518835,0.29787320535188355,18,0.16666666666666666,3,True,0.004328606042187147,0.028157044434736565,A_absolute_discount_decile
2015-10,2015-11,0.001342363064805157,0.3596055933029124,0.3596055933029126,18,0.05555555555555555,1,True,0.005225682995341756,-0.003883319930536599,A_absolute_discount_decile
2015-11,2015-12,-0.0031162002952465854,0.23853189478681744,0.23853189478681755,18,0.0,0,True,0.0034662755242078304,-0.006582475819454416,A_absolute_discount_decile
2015-12,2016-01,-0.0644259364764848,0.18225674455069557,0.18225674455069568,18,0.05555555555555555,1,True,0.0026485015487026976,-0.06707443802518749,A_absolute_discount_decile
2016-01,2016-02,0.025198949682803413,0.24007182971737137,0.24007182971737134,18,0.0,0,True,0.003488653406894849,0.021710296275908564,A_absolute_discount_decile
2016-02,2016-03,0.030328879506576725,0.18888908830231,0.18888908830231008,18,0.0,0,True,0.002744880822572551,0.027583998684004175,A_absolute_discount_decile
2016-03,2016-04,0.047496318770166676,0.2427107531142628,0.2427107531142627,18,0.05555555555555555,1,True,0.0035270014675979223,0.043969317302568756,A_absolute_discount_decile
2016-04,2016-05,-0.003475482449851563,0.28840695036318187,0.28840695036318204,18,0.0,0,True,0.0041910452015181355,-0.007666527651369699,A_absolute_discount_decile
2016-05,2016-06,-0.008479473985337969,0.180137625046213,0.18013762504621292,18,0.0,0,True,0.002617707125685078,-0.011097181111023046,A_absolute_discount_decile
2016-06,2016-07,0.08582129773707448,0.24985017871464138,0.2498501787146415,18,0.1111111111111111,2,True,0.003630749506146866,0.08219054823092761,A_absolute_discount_decile
2016-07,2016-08,0.0543665504339654,0.24106692208475194,0.24106692208475178,18,0.0,0,True,0.003503113797277694,0.0508634366366877,A_absolute_discount_decile
2016-08,2016-09,0.012004243231602853,0.3431576677000797,0.34315766770007966,18,0.0,0,True,0.004986666565308175,0.007017576666294678,A_absolute_discount_decile
2016-09,2016-10,0.010767986271057559,0.1762962263706126,0.17629622637061254,18,0.1111111111111111,2,True,0.0025618850469653403,0.008206101224092217,A_absolute_discount_decile
2016-10,2016-11,0.0020107012671810895,0.24327556823824714,0.24327556823824725,18,0.0,0,True,0.0035352091952970603,-0.0015245079281159708,A_absolute_discount_decile
2016-11,2016-12,0.05315897149375738,0.178378202148059,0.17837820214805902,18,0.0,0,True,0.002592139708237393,0.05056683178551999,A_absolute_discount_decile
2016-12,2017-01,0.03094635566445554,0.23489488230237346,0.23489488230237351,18,0.05555555555555555,1,True,0.0034134235256634273,0.027532932138792113,A_absolute_discount_decile
2017-01,2017-02,0.038867173800955127,0.23660143890165453,0.2366014389016547,18,0.0,0,True,0.0034382227055636677,0.03542895109539146,A_absolute_discount_decile
2017-02,2017-03,-0.00032843500870367165,0.17935330833479676,0.17935330833479696,18,0.0,0,True,0.0026063096653058753,-0.002934744674009547,A_absolute_discount_decile
2017-03,2017-04,0.035284930183620444,0.17868606685220395,0.17868606685220387,18,0.05555555555555555,1,True,0.0025966135078091387,0.032688316675811305,A_absolute_discount_decile
2017-04,2017-05,0.043255376760123115,0.23440751883887245,0.23440751883887248,18,0.0,0,True,0.0034063413027748007,0.03984903545734832,A_absolute_discount_decile
2017-05,2017-06,-0.009389282912521472,0.2368893313211274,0.23688933132112738,18,0.0,0,True,0.003442406273753219,-0.01283168918627469,A_absolute_discount_decile
2017-06,2017-07,0.024491320718899003,0.1609674336281257,0.1609674336281255,19,0.0,0,True,0.0023391315273723974,0.022152189191526606,A_absolute_discount_decile
2017-07,2017-08,0.015552760967918784,0.15548309060188853,0.15548309060188858,18,0.0,0,True,0.0022594346632897324,0.013293326304629052,A_absolute_discount_decile
2017-08,2017-09,0.005060270263344775,0.28505026416026535,0.28505026416026547,18,0.0,0,True,0.00414226682226611,0.0009180034410786655,A_absolute_discount_decile
2017-09,2017-10,0.0338074389497113,0.10526315789473686,0.10526315789473673,19,0.0,0,True,0.0015296533326809225,0.032277785617030375,A_absolute_discount_decile
2017-10,2017-11,0.00784757565508343,0.1072690423057624,0.10726904230576256,18,0.0,0,True,0.001558802256536754,0.006288773398546675,A_absolute_discount_decile
2017-11,2017-12,0.02920907463521831,0.17576604055308442,0.17576604055308453,18,0.0,0,True,0.0025541805421894805,0.02665489409302883,A_absolute_discount_decile
2017-12,2018-01,0.011119898570746316,0.1580524208634461,0.15805242086344584,19,0.05263157894736843,1,True,0.002296771416964551,0.008823127153781765,A_absolute_discount_decile
2018-01,2018-02,-0.022177724704546528,0.21460347344769726,0.2146034734476975,18,0.0,0,True,0.0031185547244596355,-0.025296279429006162,A_absolute_discount_decile
2018-02,2018-03,-0.017831765723571296,0.2892814404643155,0.2892814404643155,18,0.0,0,True,0.004203753035145292,-0.022035518758716587,A_absolute_discount_decile
2018-03,2018-04,0.024240399111041127,0.21052631578947373,0.2105263157894735,19,0.05263157894736843,1,True,0.003059306665361845,0.021181092445679284,A_absolute_discount_decile
2018-04,2018-05,0.028604360333094395,0.21089414884896762,0.21089414884896762,18,0.0,0,True,0.003064651907482434,0.02553970842561196,A_absolute_discount_decile
2018-05,2018-06,0.006590434334597043,0.23236652161857102,0.23236652161857108,18,0.0,0,True,0.0033766821298745484,0.0032137522047224944,A_absolute_discount_decile
2018-06,2018-07,0.016934334273914796,0.21134051644143687,0.2113405164414366,19,0.05263157894736843,1,True,0.0030711383903989356,0.01386319588351586,A_absolute_discount_decile
2018-07,2018-08,-0.007016164727379488,0.32680881987161114,0.326808819871611,19,0.0,0,True,0.004749089904428228,-0.011765254631807717,A_absolute_discount_decile
2018-08,2018-09,0.0003988015329763799,0.31667208451029427,0.3166720845102943,18,0.05555555555555555,1,True,0.004601785839662771,-0.0042029843066863914,A_absolute_discount_decile
2018-09,2018-10,-0.024286664717260625,0.26315789473684215,0.2631578947368419,19,0.0,0,True,0.0038241333317023066,-0.02811079804896293,A_absolute_discount_decile
2018-10,2018-11,0.0017794327425224394,0.2722786980053735,0.2722786980053734,18,0.0,0,True,0.0039566741693084495,-0.00217724142678601,A_absolute_discount_decile
2018-11,2018-12,-0.02176057208736309,0.40268424717115675,0.40268424717115675,18,0.0,0,True,0.005851689356682949,-0.027612261444046042,A_absolute_discount_decile
2018-12,2019-01,0.0645632265592273,0.26468280478864137,0.26468280478864115,19,0.0,0,True,0.0038462928772586527,0.06071693368196865,A_absolute_discount_decile
2019-01,2019-02,0.01903768842302239,0.3177401904423651,0.31774019044236507,18,0.0,0,True,0.004617307241749931,0.014420381181272458,A_absolute_discount_decile
2019-02,2019-03,-0.010074537943620936,0.28832516233153876,0.2883251623315388,18,0.0,0,True,0.0041898566818339604,-0.014264394625454896,A_absolute_discount_decile
2019-03,2019-04,0.055678413421739285,0.26779666840279615,0.267796668402796,19,0.05263157894736843,1,True,0.0038915426298802573,0.05178687079185903,A_absolute_discount_decile
2019-04,2019-05,-0.008770452387184631,0.2650125898002824,0.2650125898002826,18,0.0,0,True,0.003851085216308842,-0.012621537603493473,A_absolute_discount_decile
2019-05,2019-06,0.032938326161867024,0.23673713469074104,0.2367371346907412,18,0.0,0,True,0.0034401945969657335,0.02949813156490129,A_absolute_discount_decile
2019-06,2019-07,0.008704110667689642,0.26315789473684215,0.2631578947368419,19,0.0,0,True,0.0038241333317023066,0.004879977335987336,A_absolute_discount_decile
2019-07,2019-08,-0.05118636025088745,0.27574909125137154,0.27574909125137154,18,0.0,0,True,0.004007104905955765,-0.055193465156843216,A_absolute_discount_decile
2019-08,2019-09,0.029443256946210444,0.1823834264046307,0.18238342640463084,18,0.0,0,True,0.002650342452243288,0.026792914493967156,A_absolute_discount_decile
2019-09,2019-10,0.0003663659032935013,0.2875753365909162,0.2875753365909163,18,0.0,0,True,0.004178960434124765,-0.0038125945308312634,A_absolute_discount_decile
2019-10,2019-11,0.015011478808726771,0.1836697595106057,0.18366975951060566,18,0.0,0,True,0.0026690350676069653,0.012342443741119806,A_absolute_discount_decile
2019-11,2019-12,0.0626495698578968,0.24608625705647705,0.24608625705647702,18,0.0,0,True,0.0035760533007174362,0.059073516557179365,A_absolute_discount_decile
2019-12,2020-01,0.0011430640310123442,0.23841281779317292,0.23841281779317314,18,0.0,0,True,0.0034645451322661783,-0.002321481101253834,A_absolute_discount_decile
2020-01,2020-02,-0.10951295175771696,0.35379750410782473,0.3537975041078249,18,0.0,0,True,0.005141281546900902,-0.11465423330461785,A_absolute_discount_decile
2020-02,2020-03,-0.20880191754069757,0.1606411164434982,0.160641116443498,19,0.0,0,True,0.0023343895817671207,-0.2111363071224647,A_absolute_discount_decile
2020-03,2020-04,0.18569564030628602,0.5544824148032329,0.5544824148032326,19,0.10526315789473686,2,True,0.008057575800308943,0.17763806450597708,A_absolute_discount_decile
2020-04,2020-05,0.024481670777127235,0.44459815161638405,0.44459815161638416,18,0.0,0,True,0.006460769921075912,0.018020900856051323,A_absolute_discount_decile
2020-05,2020-06,0.057297076113807424,0.21379844622343494,0.2137984462234348,19,0.05263157894736843,1,True,0.003106856304982962,0.054190219808824464,A_absolute_discount_decile
2020-06,2020-07,0.02641242154957529,0.22573553015126316,0.2257355301512632,18,0.0,0,True,0.0032803225070035594,0.02313209904257173,A_absolute_discount_decile
2020-07,2020-08,0.01825956519778854,0.35382447910633597,0.35382447910633613,18,0.0,0,True,0.005141673539666435,0.013117891658122105,A_absolute_discount_decile
2020-08,2020-09,-0.004121886028148169,0.34954271384629465,0.3495427138462948,18,0.0,0,True,0.005079452182918529,-0.009201338211066699,A_absolute_discount_decile
2020-09,2020-10,0.009609507768419949,0.28750120121384537,0.2875012012138455,18,0.1111111111111111,2,True,0.0041778831205720075,0.0054316246478479414,A_absolute_discount_decile
2020-10,2020-11,0.14640940913394304,0.2948261537610455,0.29482615376104554,18,0.0,0,True,0.004284327182289774,0.14212508195165327,A_absolute_discount_decile
2020-11,2020-12,0.06978753681691328,0.14581472792049804,0.1458147279204981,18,0.0,0,True,0.0021189368529167425,0.06766859996399655,A_absolute_discount_decile
2020-12,2021-01,0.030958467689760093,0.29601307692025736,0.29601307692025747,18,0.1111111111111111,2,True,0.004301575201467957,0.026656892488292137,A_absolute_discount_decile
2021-01,2021-02,0.04413103243617721,0.35500479770833304,0.35500479770833304,18,0.0,0,True,0.00515882558335655,0.038972206852820664,A_absolute_discount_decile
2021-02,2021-03,0.023532840963287362,0.30662942941873306,0.30662942941873306,18,0.0,0,True,0.004455848921779941,0.019076992041507423,A_absolute_discount_decile
2021-03,2021-04,0.056806144083881724,0.2976510103966362,0.2976510103966362,18,0.0,0,True,0.004325377170276056,0.05248076691360567,A_absolute_discount_decile
2021-04,2021-05,0.02129721500755966,0.24511616705366443,0.24511616705366435,18,0.0,0,True,0.0035619562373623093,0.01773525877019735,A_absolute_discount_decile
2021-05,2021-06,0.035299045587421765,0.17803162033547407,0.17803162033547407,18,0.0,0,True,0.0025871032830030553,0.032711942304418706,A_absolute_discount_decile
2021-06,2021-07,0.0062920213283152605,0.29200137779018165,0.29200137779018154,18,0.05555555555555555,1,True,0.004243278366499638,0.002048742961815622,A_absolute_discount_decile
2021-07,2021-08,0.024377342836666697,0.3424026145986695,0.34240261459866966,18,0.0,0,True,0.004975694355125406,0.019401648481541293,A_absolute_discount_decile
2021-08,2021-09,0.012887488667554872,0.23829951375602637,0.23829951375602657,18,0.0,0,True,0.003462898631234918,0.009424590036319954,A_absolute_discount_decile
2021-09,2021-10,0.008744929654721133,0.06541302224283413,0.06541302224283427,18,0.05555555555555555,1,True,0.000950562851007585,0.0077943668037135485,A_absolute_discount_decile
2021-10,2021-11,-0.010522844023951695,0.34800579436393136,0.3480057943639314,18,0.0,0,True,0.005057118119840065,-0.015579962143791759,A_absolute_discount_decile
2021-11,2021-12,0.018242235031276526,0.23203391963105233,0.2320339196310525,18,0.0,0,True,0.0033718488553572384,0.014870386175919287,A_absolute_discount_decile
2021-12,2022-01,-0.03857061349274804,0.12975968746462999,0.12975968746462996,18,0.0,0,True,0.0018856297145901089,-0.04045624320733815,A_absolute_discount_decile
2022-01,2022-02,-0.04897075333473748,0.23799281945243145,0.23799281945243148,18,0.1111111111111111,2,True,0.0034584418395806386,-0.05242919517431812,A_absolute_discount_decile
2022-02,2022-03,0.023229685237145466,0.3029058333855705,0.3029058333855705,18,0.0,0,True,0.004401738716503937,0.018827946520641528,A_absolute_discount_decile
2022-03,2022-04,0.01752242100280816,0.3038758773759917,0.3038758773759918,18,0.1111111111111111,2,True,0.004415835111220489,0.01310658589158767,A_absolute_discount_decile
2022-04,2022-05,-0.02735868501298325,0.4034058593070021,0.40340585930700207,18,0.0,0,True,0.005862175612563688,-0.03322086062554694,A_absolute_discount_decile
2022-05,2022-06,-0.056633223117736,0.34932373563309976,0.34932373563309993,18,0.0,0,True,0.005076270055759347,-0.06170949317349535,A_absolute_discount_decile
2022-06,2022-07,0.03995515526155555,0.18233834640538324,0.18233834640538338,18,0.0,0,True,0.0026496873629179695,0.037305467898637576,A_absolute_discount_decile
2022-07,2022-08,0.02711737210967454,0.35448193075493317,0.35448193075493317,18,0.0,0,True,0.00515122743416729,0.02196614467550725,A_absolute_discount_decile
2022-08,2022-09,-0.05874371747734664,0.3011565019044682,0.30115650190446824,18,0.0,0,True,0.004376317944568635,-0.06312003542191527,A_absolute_discount_decile
2022-09,2022-10,0.02356737648542581,0.2967756113246793,0.29677561132467933,18,0.1111111111111111,2,True,0.004312656127751531,0.019254720357674282,A_absolute_discount_decile
2022-10,2022-11,0.056838279697611536,0.2914113428530716,0.29141134285307174,17,0.0,0,True,0.0042347041518741284,0.052603575545737406,A_absolute_discount_decile
2022-11,2022-12,-0.012181224007167814,0.20093083698695652,0.20093083698695663,17,0.1764705882352941,3,True,0.0029198679821369204,-0.015101091989304734,A_absolute_discount_decile
2022-12,2023-01,0.008899418676306177,0.2402394975890773,0.2402394975890773,16,0.0,0,True,0.0034910899072228647,0.005408328769083312,A_absolute_discount_decile
2023-01,2023-02,0.02470094475008404,0.14411235721481336,0.1441123572148135,16,0.0,0,True,0.002094198501194358,0.02260674624888968,A_absolute_discount_decile
2023-02,2023-03,-0.038619743461857814,0.2402777893236721,0.2402777893236721,17,0.0,0,True,0.0034916463514775165,-0.04211138981333533,A_absolute_discount_decile
2023-03,2023-04,0.03414261560421897,0.1886647733991076,0.1886647733991076,17,0.0,0,True,0.0027416211441996423,0.03140099446001932,A_absolute_discount_decile
2023-04,2023-05,-0.00014848502372246265,0.14275011947369115,0.14275011947369132,17,0.0,0,True,0.002074402861938551,-0.0022228878856610135,A_absolute_discount_decile
2023-05,2023-06,0.0005140650033144513,0.13197500709207277,0.13197500709207277,17,0.0,0,True,0.0019178220895752864,-0.0014037570862608351,A_absolute_discount_decile
2023-06,2023-07,0.04164741360481015,0.08123166515653807,0.0812316651565381,17,0.0,0,True,0.001180434729596233,0.040466978875213916,A_absolute_discount_decile
2023-07,2023-08,-0.015778182143658087,0.13475412990734048,0.13475412990734045,17,0.0,0,True,0.0019582074871001727,-0.01773638963075826,A_absolute_discount_decile
2023-08,2023-09,0.00168908573137537,0.11910119913555928,0.11910119913555939,16,0.125,2,True,0.0017307436887480242,-4.165795737265409e-05,A_absolute_discount_decile
2023-09,2023-10,-0.031052874339905064,0.20380196826885902,0.203801968268859,16,0.0,0,True,0.0029615904197092223,-0.03401446475961428,A_absolute_discount_decile
2023-10,2023-11,0.04454543611852301,0.26524628240765996,0.26524628240765996,16,0.0,0,True,0.0038544811687279716,0.04069095494979504,A_absolute_discount_decile
2023-11,2023-12,0.04889781084219327,0.20945375993159124,0.20945375993159115,16,0.0,0,True,0.00304372059825813,0.04585409024393514,A_absolute_discount_decile
2023-12,2024-01,0.010554053293151407,0.1455771142441502,0.14557711424415037,16,0.0,0,True,0.0021154839206735405,0.008438569372477866,A_absolute_discount_decile
2024-01,2024-02,-0.026723708099087834,0.08377026107497557,0.08377026107497558,16,0.0,0,True,0.00121732486081243,-0.027941032959900265,A_absolute_discount_decile
2024-02,2024-03,-0.0016890206442007685,0.1393701215210248,0.13937012152102485,16,0.0,0,True,0.0020252857231774176,-0.003714306367378186,A_absolute_discount_decile
2024-03,2024-04,0.018223099129717743,0.14151104769026132,0.1415110476902614,16,0.0625,1,True,0.002056397034250484,0.016166702095467257,A_absolute_discount_decile
2024-04,2024-05,0.02665093314979217,0.1493101641831028,0.14931016418310286,16,0.0625,1,True,0.00216973150733528,0.02448120164245689,A_absolute_discount_decile
2024-05,2024-06,0.004849057100817111,0.19282825382535534,0.19282825382535512,15,0.0,0,True,0.002802123620440477,0.002046933480376634,A_absolute_discount_decile
2024-06,2024-07,0.0133471413287366,0.14958600267320532,0.14958600267320515,15,0.0,0,True,0.0021737399113591154,0.011173401417377484,A_absolute_discount_decile
2024-07,2024-08,0.006157616568741888,0.23817922389327856,0.2381792238932784,15,0.0,0,True,0.0034611506142352365,0.0026964659545066516,A_absolute_discount_decile
2024-08,2024-09,-0.00659372663422177,0.07924937243547059,0.07924937243547024,15,0.0,0,True,0.001151628633258496,-0.007745355267480266,A_absolute_discount_decile
2024-09,2024-10,-0.001024459968573239,0.14964389869446154,0.14964389869446143,15,0.0,0,True,0.002174581239356819,-0.0031990412079300583,A_absolute_discount_decile
2024-10,2024-11,0.026440235528161566,0.08826987059261392,0.08826987059261357,15,0.0,0,True,0.0012827118664094019,0.025157523661752165,A_absolute_discount_decile
2024-11,2024-12,0.04165892069209645,0.2885317542146569,0.2885317542146567,15,0.0,0,True,0.004192858814477866,0.037466061877618584,A_absolute_discount_decile
2024-12,2025-01,0.029823988920568863,0.15744024250148797,0.15744024250148783,15,0.0,0,True,0.0022878754205846894,0.027536113499984173,A_absolute_discount_decile
2025-01,2025-02,0.008317288914635047,0.16045313881054574,0.16045313881054546,15,0.13333333333333336,2,True,0.0023316579459463256,0.005985630968688722,A_absolute_discount_decile
2025-02,2025-03,0.0022318625457054733,0.2139810647534855,0.2139810647534851,15,0.0,0,True,0.0031095100638924215,-0.0008776475181869483,A_absolute_discount_decile
2025-03,2025-04,-0.00244600129796092,0.1413399702970173,0.14133997029701723,14,0.0,0,True,0.0020539109877556238,-0.004499912285716544,A_absolute_discount_decile
2025-04,2025-05,0.05510781080356599,0.16925123977419093,0.16925123977419093,14,0.0,0,True,0.002459509368319206,0.052648301435246785,A_absolute_discount_decile
2025-05,2025-06,0.04625480182303768,0.159719860264012,0.15971986026401191,14,0.0,0,True,0.0023210021572076835,0.04393379966583,A_absolute_discount_decile
2025-06,2025-07,0.04108839903461183,0.16200757746701128,0.16200757746701117,14,0.0,0,True,0.0023542465925237765,0.038734152442088055,A_absolute_discount_decile
2025-07,2025-08,0.014554760882341825,0.2356426324005645,0.2356426324005643,14,0.0,0,True,0.003424289610745675,0.01113047127159615,A_absolute_discount_decile
2025-08,2025-09,0.046077553435044674,0.16232130900475378,0.1623213090047536,14,0.0,0,True,0.002358805647200388,0.043718747787844285,A_absolute_discount_decile
2025-09,2025-10,0.006886570509976058,0.17970685114812301,0.17970685114812285,14,0.2142857142857143,3,True,0.0026114472457610476,0.00427512326421501,A_absolute_discount_decile
2025-10,2025-11,0.014499183359372798,0.2893954384244706,0.2893954384244706,14,0.07142857142857144,1,True,0.004205409620062157,0.01029377373931064,A_absolute_discount_decile
2025-11,2025-12,0.012921753312965273,0.2322460266501851,0.23224602665018507,14,0.0,0,True,0.0033749311323399015,0.009546822180625372,A_absolute_discount_decile
2025-12,2026-01,0.04362979089875324,0.29237705637707795,0.29237705637707767,13,0.07692307692307694,1,True,0.004248737617523033,0.039381053281230205,A_absolute_discount_decile
2026-01,2026-02,0.026054928865293803,0.21499517205137014,0.21499517205137014,14,0.0,0,True,0.0031242467736675235,0.02293068209162628,A_absolute_discount_decile
2026-02,2026-03,-0.054450127444145964,0.21966471730795806,0.21966471730795795,13,0.07692307692307694,1,True,0.003192103235574042,-0.057642230679720005,A_absolute_discount_decile
2026-03,2026-04,0.06370161541291407,0.3297778173293628,0.3297778173293625,13,0.15384615384615388,2,True,0.004792234504559951,0.05890938090835412,A_absolute_discount_decile
2026-04,2026-05,0.04845637813781712,0.2523768373266046,0.2523768373266043,13,0.07692307692307694,1,True,0.0036674661679270606,0.04478891196989006,A_absolute_discount_decile
2026-05,2026-06,-0.019451604925943042,0.18133794122166835,0.18133794122166813,13,0.0,0,True,0.0026351497682466102,-0.02208675469418965,A_absolute_discount_decile
2026-06,2026-07,-0.0024203452732492192,0.31337857325075363,0.31337857325075347,13,0.07692307692307694,1,True,0.004553925500156175,-0.006974270773405394,A_absolute_discount_decile
2026-07,2026-08,,0.24409834848658327,0.2440983484865829,13,1.0000000000000004,13,True,0.0035471655965119064,,A_absolute_discount_decile
2007-01,2007-02,0.007791631239087814,1.0,0.0,35,0.0,0,True,0.009595719081394012,-0.001804087842306198,B_absolute_discount_quintile
2007-02,2007-03,0.030396420872457707,0.2380629239942308,0.23806292399423082,35,0.02857142857142857,1,True,0.0034746995623150473,0.02692172131014266,B_absolute_discount_quintile
2007-03,2007-04,0.029059818966401273,0.3513513513513515,0.35135135135135115,37,0.13513513513513517,5,True,0.005128225623192491,0.023931593343208782,B_absolute_discount_quintile
2007-04,2007-05,0.0180516783668303,0.32646098588223793,0.32646098588223804,36,0.0,0,True,0.004764932840972081,0.013286745525858219,B_absolute_discount_quintile
2007-05,2007-06,0.0002508971970860128,0.23091754882759713,0.23091754882759713,36,0.0,0,True,0.003370407673651693,-0.0031195104765656804,B_absolute_discount_quintile
2007-06,2007-07,-0.010364229193936062,0.31805320318332597,0.31805320318332564,38,0.05263157894736843,2,True,0.004642215206601356,-0.015006444400537418,B_absolute_discount_quintile
2007-07,2007-08,-0.034083684642965524,0.3230066482137624,0.3230066482137619,37,0.027027027027027035,1,True,0.004714514298750732,-0.03879819894171625,B_absolute_discount_quintile
2007-08,2007-09,0.0077200686263117786,0.2856078833755549,0.2856078833755545,37,0.0,0,True,0.00416865243318114,0.003551416193130638,B_absolute_discount_quintile
2007-09,2007-10,0.025632109583546,0.28442146927177026,0.28442146927177026,39,0.1282051282051282,5,True,0.004151335866208097,0.021480773717337903,B_absolute_discount_quintile
2007-10,2007-11,-0.10057497673512901,0.3401825644187609,0.3401825644187607,37,0.0,0,True,0.004965209146644455,-0.10554018588177347,B_absolute_discount_quintile
2007-11,2007-12,0.012330606842288238,0.18419491858484333,0.18419491858484296,37,0.0,0,True,0.0026884572878846124,0.009642149554403626,B_absolute_discount_quintile
2007-12,2008-01,-0.0672408200534259,0.14651547747069557,0.14651547747069532,38,0.05263157894736843,2,True,0.0021384987502385848,-0.06937931880366448,B_absolute_discount_quintile
2008-01,2008-02,0.06417776134536499,0.16942325849479664,0.16942325849479634,37,0.0,0,True,0.002472854286844452,0.06170490705852053,B_absolute_discount_quintile
2008-02,2008-03,-0.05980090284905347,0.19852058950960866,0.19852058950960888,36,0.0,0,True,0.0028975507563549843,-0.06269845360540846,B_absolute_discount_quintile
2008-03,2008-04,0.051873031534455924,0.29587333056172205,0.2958733305617219,38,0.10526315789473686,4,True,0.004318484016555324,0.0475545475179006,B_absolute_discount_quintile
2008-04,2008-05,0.011808615395886098,0.2737241553109838,0.2737241553109835,37,0.0,0,True,0.003995200876710983,0.007813414519175114,B_absolute_discount_quintile
2008-05,2008-06,-0.07265606080821511,0.21957686906874838,0.21957686906874807,38,0.0,0,True,0.003204882297699484,-0.0758609431059146,B_absolute_discount_quintile
2008-06,2008-07,-0.0425879433353117,0.19980540188100174,0.19980540188100157,38,0.05263157894736843,2,True,0.002916303516800135,-0.04550424685211183,B_absolute_discount_quintile
2008-07,2008-08,0.01791900328992167,0.17231205478614917,0.17231205478614903,38,0.026315789473684216,1,True,0.0025150183459964072,0.015403984943925262,B_absolute_discount_quintile
2008-08,2008-09,-0.12588390404119895,0.1647554292542504,0.1647554292542501,37,0.0,0,True,0.0024047239625295223,-0.12828862800372848,B_absolute_discount_quintile
2008-09,2008-10,-0.1910202822789161,0.366848909155786,0.36684890915578594,39,0.07692307692307693,3,True,0.005354423623353684,-0.19637470590226977,B_absolute_discount_quintile
2008-10,2008-11,-0.03874708024283993,0.4372127155224708,0.4372127155224708,38,0.026315789473684216,1,True,0.0063814339745794195,-0.045128514217419355,B_absolute_discount_quintile
2008-11,2008-12,0.03162911017467053,0.34528409750153405,0.3452840975015337,38,0.0,0,True,0.005039669690405049,0.02658944048426548,B_absolute_discount_quintile
2008-12,2009-01,0.0394940532347158,0.378464353901243,0.37846435390124306,39,0.1282051282051282,5,True,0.005523959391863829,0.03397009384285197,B_absolute_discount_quintile
2009-01,2009-02,-0.03190298590971541,0.2876141675652253,0.28761416756522495,38,0.026315789473684216,1,True,0.004197935593611012,-0.03610092150332642,B_absolute_discount_quintile
2009-02,2009-03,0.041435978630741964,0.2542958157514201,0.2542958157514201,38,0.0,0,True,0.0037116302902816577,0.037724348340460304,B_absolute_discount_quintile
2009-03,2009-04,0.21294802622006317,0.2836013759615879,0.28360137596158796,39,0.05128205128205128,2,True,0.004139366014632146,0.20880866020543104,B_absolute_discount_quintile
2009-04,2009-05,0.11079033649450944,0.3140747010282849,0.3140747010282845,38,0.05263157894736843,2,True,0.0045841461067816554,0.10620619038772779,B_absolute_discount_quintile
2009-05,2009-06,0.018862669439791955,0.2918038359860704,0.29180383598607007,38,0.026315789473684216,1,True,0.004259086816925855,0.0146035826228661,B_absolute_discount_quintile
2009-06,2009-07,0.026895610502728075,0.24146613165764869,0.24146613165764866,39,0.05128205128205128,2,True,0.0035243718253459414,0.023371238677382132,B_absolute_discount_quintile
2009-07,2009-08,0.11553190388393897,0.31742699655298395,0.3174269965529837,38,0.026315789473684216,1,True,0.004633075270537978,0.11089882861340099,B_absolute_discount_quintile
2009-08,2009-09,0.09636598573304693,0.2799604765875999,0.27996047658759976,37,0.05405405405405407,2,True,0.004086224470165793,0.09227976126288114,B_absolute_discount_quintile
2009-09,2009-10,-0.017409468316076097,0.29934950246229247,0.29934950246229214,38,0.07894736842105265,3,True,0.0043692212450946845,-0.02177868956117078,B_absolute_discount_quintile
2009-10,2009-11,-0.008001264008159162,0.35104949119051687,0.3510494911905167,37,0.0,0,True,0.005123819757083085,-0.013125083765242247,B_absolute_discount_quintile
2009-11,2009-12,0.04017055453878426,0.17939996594025456,0.17939996594025434,37,0.0,0,True,0.0026184715060756083,0.03755208303270865,B_absolute_discount_quintile
2009-12,2010-01,0.009526810921353867,0.3443581294065142,0.34435812940651417,36,0.0,0,True,0.005026154520211808,0.004500656401142058,B_absolute_discount_quintile
2010-01,2010-02,0.015560614991690461,0.2680499067977363,0.2680499067977364,36,0.027777777777777776,1,True,0.003912381139413607,0.011648233852276854,B_absolute_discount_quintile
2010-02,2010-03,0.07533544330620562,0.1794822324183119,0.1794822324183119,36,0.0,0,True,0.00261967224447915,0.07271577106172647,B_absolute_discount_quintile
2010-03,2010-04,0.019429909149513737,0.25124136171422173,0.2512413617142213,37,0.05405405405405407,2,True,0.003667048337207679,0.01576286081230606,B_absolute_discount_quintile
2010-04,2010-05,-0.05829417993784101,0.16989140110900564,0.16989140110900575,36,0.0,0,True,0.0024796871649314777,-0.06077386710277249,B_absolute_discount_quintile
2010-05,2010-06,-0.004845165095332332,0.13420873360603175,0.13420873360603186,36,0.0,0,True,0.001958872973983284,-0.006804038069315616,B_absolute_discount_quintile
2010-06,2010-07,0.031375867797832184,0.22303635387500859,0.22303635387500842,37,0.05405405405405407,2,True,0.0032553759660980093,0.028120491831734176,B_absolute_discount_quintile
2010-07,2010-08,-0.0014276583584974837,0.27794419174269686,0.2779441917426968,36,0.0,0,True,0.004056795342981516,-0.005484453701478999,B_absolute_discount_quintile
2010-08,2010-09,0.06708332262205147,0.27173528052747276,0.2717352805274724,37,0.0,0,True,0.003966171819082787,0.06311715080296867,B_absolute_discount_quintile
2010-09,2010-10,0.0785204663419246,0.2589367568585242,0.25893675685852396,37,0.05405405405405407,2,True,0.003779368162954242,0.07474109817897036,B_absolute_discount_quintile
2010-10,2010-11,-0.009350749099617878,0.2868269465358416,0.28682694653584156,36,0.0,0,True,0.004186445536611164,-0.013537194636229042,B_absolute_discount_quintile
2010-11,2010-12,0.0781042655808633,0.29717191536034115,0.29717191536034115,36,0.0,0,True,0.004337437795479338,0.07376682778538396,B_absolute_discount_quintile
2010-12,2011-01,0.020803121034888558,0.2807467712594104,0.28074677125940983,37,0.10810810810810814,4,True,0.004097701006310734,0.016705420028577826,B_absolute_discount_quintile
2011-01,2011-02,-0.0010330330726895799,0.19392933476891047,0.19392933476891072,36,0.027777777777777776,1,True,0.002830538091928635,-0.0038635711646182146,B_absolute_discount_quintile
2011-02,2011-03,0.003880174103270197,0.20577778882416092,0.205777788824161,36,0.0,0,True,0.0030034747988678737,0.0008766993044023235,B_absolute_discount_quintile
2011-03,2011-04,0.023215561755510223,0.1128352037343878,0.11283520373438752,37,0.027027027027027035,1,True,0.0016469109361989835,0.02156865081931124,B_absolute_discount_quintile
2011-04,2011-05,0.012414444493289302,0.16713868872951052,0.1671386887295106,36,0.0,0,True,0.0024395093483284913,0.009974935144960811,B_absolute_discount_quintile
2011-05,2011-06,0.00021207595441783116,0.2358894574245009,0.235889457424501,36,0.0,0,True,0.0034429762548304687,-0.0032309003004126376,B_absolute_discount_quintile
2011-06,2011-07,-0.012883078217941404,0.16482552309692253,0.16482552309692203,37,0.027027027027027035,1,True,0.002405747032566499,-0.015288825250507903,B_absolute_discount_quintile
2011-07,2011-08,-0.09521691201141931,0.2249227003889105,0.22492270038891068,36,0.0,0,True,0.0032829085499050904,-0.0984998205613244,B_absolute_discount_quintile
2011-08,2011-09,-0.06217761893488509,0.15791477464002907,0.15791477464002912,36,0.0,0,True,0.002304879689447508,-0.0644824986243326,B_absolute_discount_quintile
2011-09,2011-10,0.031216243812050026,0.26441433503541184,0.264414335035412,36,0.027777777777777776,1,True,0.003859317355270471,0.027356926456779555,B_absolute_discount_quintile
2011-10,2011-11,-0.038949317890825334,0.2662530963109265,0.2662530963109265,36,0.05555555555555555,2,True,0.0038861553983056273,-0.04283547328913096,B_absolute_discount_quintile
2011-11,2011-12,-0.009064214802727871,0.18233319110257953,0.18233319110257953,36,0.0,0,True,0.002661284036547381,-0.011725498839275253,B_absolute_discount_quintile
2011-12,2012-01,0.056443596611001984,0.1839190504214927,0.1839190504214928,36,0.05555555555555555,2,True,0.002684430793668849,0.053759165817333136,B_absolute_discount_quintile
2012-01,2012-02,0.07284632761639886,0.15256908030798916,0.15256908030798916,36,0.0,0,True,0.0022268554366820527,0.07061947217971681,B_absolute_discount_quintile
2012-02,2012-03,0.008483532907106787,0.10378013088031442,0.1037801308803144,36,0.0,0,True,0.001514745636559373,0.006968787270547415,B_absolute_discount_quintile
2012-03,2012-04,-0.020773866025312327,0.1953949419569503,0.19539494195695006,37,0.08108108108108111,3,True,0.0028519296827289337,-0.023625795708041263,B_absolute_discount_quintile
2012-04,2012-05,-0.06245297062067074,0.19455036138386564,0.19455036138386564,36,0.0,0,True,0.0028396024219425886,-0.06529257304261332,B_absolute_discount_quintile
2012-05,2012-06,0.028056975862641283,0.1255665941815357,0.1255665941815359,36,0.05555555555555555,2,True,0.0018327347346811002,0.026224241127960183,B_absolute_discount_quintile
2012-06,2012-07,0.014826665451773824,0.18064072485023736,0.18064072485023763,35,0.02857142857142857,1,True,0.0026365812745734562,0.012190084177200368,B_absolute_discount_quintile
2012-07,2012-08,0.02092344176334435,0.17306010830039176,0.1730601083003917,36,0.05555555555555555,2,True,0.0025259367249481418,0.018397505038396208,B_absolute_discount_quintile
2012-08,2012-09,0.033817467443336045,0.14089541323636812,0.14089541323636806,35,0.02857142857142857,1,True,0.0020564698714549525,0.03176099757188109,B_absolute_discount_quintile
2012-09,2012-10,0.028049139614705065,0.18330409867821837,0.18330409867821817,35,0.02857142857142857,1,True,0.002675455130775402,0.025373684483929664,B_absolute_discount_quintile
2012-10,2012-11,-0.0016320275767079569,0.14992555284342066,0.1499255528434206,35,0.0,0,True,0.0021882712524252607,-0.0038202988291332176,B_absolute_discount_quintile
2012-11,2012-12,0.03648693783954037,0.1516737060362074,0.15167370603620745,35,0.02857142857142857,1,True,0.002213786805338419,0.034273151034201955,B_absolute_discount_quintile
2012-12,2013-01,0.08774603135743189,0.2385315908694745,0.23853159086947462,35,0.02857142857142857,1,True,0.003481540092368859,0.08426449126506304,B_absolute_discount_quintile
2013-01,2013-02,0.043074728481814095,0.18730598896112047,0.1873059889611205,35,0.0,0,True,0.0027338655971392025,0.040340862884674894,B_absolute_discount_quintile
2013-02,2013-03,0.013333194217609203,0.23924066648525327,0.23924066648525327,35,0.0,0,True,0.0034918895608642324,0.00984130465674497,B_absolute_discount_quintile
2013-03,2013-04,0.002858786496664295,0.15725820174184751,0.15725820174184757,35,0.05714285714285714,2,True,0.0022952965358691933,0.0005634899607951018,B_absolute_discount_quintile
2013-04,2013-05,0.032079978354601094,0.21326615725170045,0.21326615725170045,34,0.0,0,True,0.00311277292081422,0.028967205433786874,B_absolute_discount_quintile
2013-05,2013-06,-0.036095382932427006,0.20473455390313525,0.20473455390313527,35,0.0,0,True,0.0029882480350246826,-0.03908363096745169,B_absolute_discount_quintile
2013-06,2013-07,0.06170880250045311,0.12973214994048898,0.12973214994048893,35,0.02857142857142857,1,True,0.001893534016356664,0.05981526848409645,B_absolute_discount_quintile
2013-07,2013-08,-0.0007547662488587015,0.21547631225324584,0.21547631225324587,35,0.0,0,True,0.003145031722343115,-0.0038997979712018164,B_absolute_discount_quintile
2013-08,2013-09,0.038347249691259126,0.27705961005670454,0.2770596100567047,35,0.05714285714285714,2,True,0.004043884237188228,0.0343033654540709,B_absolute_discount_quintile
2013-09,2013-10,0.05261044881727925,0.2365749935807397,0.2365749935807399,35,0.05714285714285714,2,True,0.003452982147987069,0.04915746666929218,B_absolute_discount_quintile
2013-10,2013-11,0.002568721463942631,0.32470065641982027,0.3247006564198205,35,0.0,0,True,0.004739239566647933,-0.0021705181027053015,B_absolute_discount_quintile
2013-11,2013-12,0.015070683811209067,0.27098741682273,0.27098741682273014,35,0.05714285714285714,2,True,0.0039552562105371935,0.011115427600671874,B_absolute_discount_quintile
2013-12,2014-01,-0.0011100210663794916,0.2667856045751892,0.2667856045751891,34,0.029411764705882353,1,True,0.003893927739339326,-0.0050039488057188174,B_absolute_discount_quintile
2014-01,2014-02,0.034661660415096635,0.2790813716173919,0.2790813716173919,34,0.0,0,True,0.00407339330097758,0.030588267114119053,B_absolute_discount_quintile
2014-02,2014-03,-0.0075824840817194815,0.2596689949832793,0.2596689949832793,35,0.0,0,True,0.003790055704923855,-0.011372539786643336,B_absolute_discount_quintile
2014-03,2014-04,0.0038792337603086955,0.3736037446329823,0.3736037446329823,36,0.027777777777777776,1,True,0.005453015304419875,-0.0015737815441111795,B_absolute_discount_quintile
2014-04,2014-05,0.029261736253239207,0.2560598234231834,0.25605982342318345,35,0.02857142857142857,1,True,0.0037373772507161397,0.02552435900252307,B_absolute_discount_quintile
2014-05,2014-06,0.00456723660267591,0.2716161205498079,0.2716161205498079,35,0.02857142857142857,1,True,0.003964432593523047,0.0006028040091528627,B_absolute_discount_quintile
2014-06,2014-07,-0.0050819359311719174,0.3271920536505001,0.3271920536505001,35,0.02857142857142857,1,True,0.004775603300747097,-0.009857539231919014,B_absolute_discount_quintile
2014-07,2014-08,0.015727886310228287,0.3174750132214476,0.3174750132214478,36,0.0,0,True,0.0046337761083421,0.011094110201886187,B_absolute_discount_quintile
2014-08,2014-09,-0.01841971649477507,0.20545156074241322,0.20545156074241336,36,0.027777777777777776,1,True,0.002998713265430222,-0.021418429760205294,B_absolute_discount_quintile
2014-09,2014-10,-0.003788945062113695,0.2318003068636265,0.23180030686362652,36,0.0,0,True,0.0033832921619624205,-0.007172237224076115,B_absolute_discount_quintile
2014-10,2014-11,0.024802709562171305,0.17604601766119707,0.17604601766119718,35,0.0,0,True,0.002569518219180962,0.022233191342990344,B_absolute_discount_quintile
2014-11,2014-12,-0.030798178000046632,0.24340105245720597,0.2434010524572058,35,0.02857142857142857,1,True,0.0035526133857810252,-0.03435079138582766,B_absolute_discount_quintile
2014-12,2015-01,0.003432913461253545,0.1854402414035076,0.18544024140350757,36,0.08333333333333333,3,True,0.002706633669911488,0.0007262797913420572,B_absolute_discount_quintile
2015-01,2015-02,0.024153283071043013,0.2866697354614891,0.28666973546148905,35,0.0,0,True,0.00418415092793343,0.019969132143109584,B_absolute_discount_quintile
2015-02,2015-03,0.01551627438826971,0.18634304440763527,0.18634304440763538,35,0.0,0,True,0.0027198107289455745,0.012796463659324134,B_absolute_discount_quintile
2015-03,2015-04,0.021429047187825782,0.20648109194040207,0.2064810919404021,36,0.027777777777777776,1,True,0.003013740013581598,0.018415307174244184,B_absolute_discount_quintile
2015-04,2015-05,0.03240164333648325,0.17706777930284057,0.17706777930284073,35,0.0,0,True,0.0025844315650705345,0.029817211771412718,B_absolute_discount_quintile
2015-05,2015-06,-0.03881155618541168,0.25717067002424965,0.2571706700242498,36,0.027777777777777776,1,True,0.0037535908556478245,-0.04256514704105951,B_absolute_discount_quintile
2015-06,2015-07,-0.013972936860737348,0.2878429633255965,0.2878429633255965,36,0.027777777777777776,1,True,0.004201275032256406,-0.018174211892993754,B_absolute_discount_quintile
2015-07,2015-08,-0.06090794235811293,0.27592271691795023,0.27592271691795023,36,0.0,0,True,0.0040272904643094045,-0.06493523282242233,B_absolute_discount_quintile
2015-08,2015-09,-0.023259987203352636,0.20961887408150062,0.20961887408150048,36,0.027777777777777776,1,True,0.0030595382002516864,-0.026319525403604323,B_absolute_discount_quintile
2015-09,2015-10,0.04281957414330287,0.3330529231313416,0.3330529231313414,37,0.08108108108108111,3,True,0.0048611469052621745,0.037958427238040694,B_absolute_discount_quintile
2015-10,2015-11,0.0020846628293564556,0.22660219241572424,0.2266021924157242,36,0.027777777777777776,1,True,0.0033074219437279036,-0.001222759114371448,B_absolute_discount_quintile
2015-11,2015-12,0.015113288207305392,0.19767427495455234,0.19767427495455253,35,0.0,0,True,0.002885198186854887,0.012228090020450506,B_absolute_discount_quintile
2015-12,2016-01,-0.058913755932378416,0.25648278518572426,0.2564827851857242,36,0.027777777777777776,1,True,0.003743550681784357,-0.06265730661416277,B_absolute_discount_quintile
2016-01,2016-02,0.024462474547911648,0.23785502479806747,0.23785502479806747,36,0.0,0,True,0.0034716651240505993,0.02099080942386105,B_absolute_discount_quintile
2016-02,2016-03,0.038256807071935114,0.26952445151447857,0.2695244515144786,36,0.027777777777777776,1,True,0.00393390317987213,0.03432290389206298,B_absolute_discount_quintile
2016-03,2016-04,0.033735700134754,0.25246811057604396,0.25246811057604357,37,0.027027027027027035,1,True,0.003684953618978256,0.030050746515775745,B_absolute_discount_quintile
2016-04,2016-05,-0.007749761945393677,0.2751664709526422,0.27516647095264235,36,0.0,0,True,0.004016252510643331,-0.011766014456037008,B_absolute_discount_quintile
2016-05,2016-06,0.0072378247775545124,0.14871781777338847,0.14871781777338855,36,0.0,0,True,0.002170643490618324,0.005067181286936189,B_absolute_discount_quintile
2016-06,2016-07,0.07704014705922094,0.31371864477997985,0.31371864477998,36,0.05555555555555555,2,True,0.004578949209804223,0.07246119784941671,B_absolute_discount_quintile
2016-07,2016-08,0.04721472778592093,0.28567032555938676,0.28567032555938693,35,0.0,0,True,0.004169563821755182,0.043045163964165745,B_absolute_discount_quintile
2016-08,2016-09,0.013317278806913524,0.1807796210220516,0.18077962102205158,35,0.0,0,True,0.0026386085640787366,0.010678670242834788,B_absolute_discount_quintile
2016-09,2016-10,0.023321664551232794,0.19194126687977764,0.19194126687977747,37,0.05405405405405407,2,True,0.00280152081150411,0.020520143739728686,B_absolute_discount_quintile
2016-10,2016-11,-0.011470303367050756,0.2591497418847041,0.25914974188470424,36,0.0,0,True,0.0037824768325649093,-0.015252780199615665,B_absolute_discount_quintile
2016-11,2016-12,0.045762944815735195,0.18112711254658226,0.18112711254658242,36,0.0,0,True,0.002643680452753952,0.04311926436298124,B_absolute_discount_quintile
2016-12,2017-01,0.04580392766841446,0.19208395261925187,0.19208395261925146,37,0.05405405405405407,2,True,0.0028036034124743958,0.04300032425594006,B_absolute_discount_quintile
2017-01,2017-02,0.033775041188143104,0.2557437587399225,0.25574375873992256,36,0.027777777777777776,1,True,0.003732764059387714,0.03004227712875539,B_absolute_discount_quintile
2017-02,2017-03,0.013472834825916557,0.23358920959488014,0.2335892095948802,36,0.0,0,True,0.0034094024836917374,0.010063432342224819,B_absolute_discount_quintile
2017-03,2017-04,0.025369598686159133,0.24747598864320008,0.24747598864319992,37,0.08108108108108111,3,True,0.003612090009626402,0.02175750867653273,B_absolute_discount_quintile
2017-04,2017-05,0.0315282183258487,0.30039929192273557,0.3003992919227355,35,0.0,0,True,0.004384543677153921,0.027143674648694778,B_absolute_discount_quintile
2017-05,2017-06,-0.002844964283919893,0.20105024844614736,0.20105024844614733,36,0.0,0,True,0.0029344729475644397,-0.005779437231484333,B_absolute_discount_quintile
2017-06,2017-07,0.026221599492494606,0.21268275379724405,0.21268275379724388,38,0.026315789473684216,1,True,0.003104257727881859,0.023117341764612748,B_absolute_discount_quintile
2017-07,2017-08,0.022043025296519178,0.13534236429449,0.1353423642944897,37,0.027027027027027035,1,True,0.001975419129054066,0.020067606167465113,B_absolute_discount_quintile
2017-08,2017-09,0.001656985220163915,0.22336266724693793,0.22336266724693793,36,0.0,0,True,0.0032601387444071935,-0.0016031535242432785,B_absolute_discount_quintile
2017-09,2017-10,0.034705287046471266,0.23684210526315794,0.23684210526315785,38,0.026315789473684216,1,True,0.0034568808350670032,0.03124840621140426,B_absolute_discount_quintile
2017-10,2017-11,0.006104164663582215,0.2652970765153204,0.2652970765153205,36,0.0,0,True,0.00387220160193271,0.002231963061649505,B_absolute_discount_quintile
2017-11,2017-12,0.030938925586481123,0.20524321930206693,0.20524321930206693,36,0.0,0,True,0.002995672372293914,0.02794325321418721,B_absolute_discount_quintile
2017-12,2018-01,0.018918755719696624,0.2369649712284979,0.23696497122849763,38,0.05263157894736843,2,True,0.0034586741521817686,0.015460081567514855,B_absolute_discount_quintile
2018-01,2018-02,-0.02366164486939211,0.2147822888249722,0.21478228882497222,36,0.0,0,True,0.003134901951348127,-0.026796546820740237,B_absolute_discount_quintile
2018-02,2018-03,-0.018714824484468456,0.2579949490374696,0.2579949490374698,36,0.0,0,True,0.003765621800569472,-0.02248044628503793,B_absolute_discount_quintile
2018-03,2018-04,0.027291001094370593,0.13157894736842107,0.13157894736842082,38,0.026315789473684216,1,True,0.0019204893528150008,0.025370511741555593,B_absolute_discount_quintile
2018-04,2018-05,0.008333256893137946,0.24326636166002294,0.24326636166002302,36,0.0,0,True,0.003550647476742494,0.004782609416395452,B_absolute_discount_quintile
2018-05,2018-06,-0.005011516346557294,0.1267206759048835,0.12672067590488365,36,0.0,0,True,0.0018495793873120553,-0.006861095733869349,B_absolute_discount_quintile
2018-06,2018-07,0.02291981865065101,0.1843704838524259,0.18437048385242563,38,0.026315789473684216,1,True,0.002691019789210698,0.020228798861440314,B_absolute_discount_quintile
2018-07,2018-08,-0.013368936378272401,0.2149002443551717,0.21490024435517144,37,0.0,0,True,0.0031366235971310137,-0.016505559975403414,B_absolute_discount_quintile
2018-08,2018-09,-0.00788062838916634,0.22577920031030058,0.22577920031030024,37,0.027027027027027035,1,True,0.0032954097821509334,-0.011176038171317274,B_absolute_discount_quintile
2018-09,2018-10,-0.03765045478186464,0.20140078718388646,0.20140078718388615,37,0.0,0,True,0.0029395893125076246,-0.040590044094372266,B_absolute_discount_quintile
2018-10,2018-11,0.006182695524785763,0.17609976438245467,0.17609976438245464,36,0.0,0,True,0.002570302691225983,0.0036123928335597797,B_absolute_discount_quintile
2018-11,2018-12,-0.02485845329277682,0.19429703609159496,0.19429703609159465,37,0.0,0,True,0.0028359049571403923,-0.02769435824991721,B_absolute_discount_quintile
2018-12,2019-01,0.05123515876380318,0.15332659386720776,0.1533265938672074,37,0.0,0,True,0.002237911891792753,0.04899724687201043,B_absolute_discount_quintile
2019-01,2019-02,0.021592968727182797,0.2017364280721546,0.20173642807215425,37,0.0,0,True,0.002944488232625016,0.018648480494557782,B_absolute_discount_quintile
2019-02,2019-03,-0.00037000766285378683,0.2232815729448767,0.2232815729448767,36,0.0,0,True,0.003258955114755206,-0.0036289627776089927,B_absolute_discount_quintile
2019-03,2019-04,0.04668071263980496,0.19464860303885623,0.19464860303885592,37,0.027027027027027035,1,True,0.0028410363295409205,0.04383967631026404,B_absolute_discount_quintile
2019-04,2019-05,-0.02140654517708338,0.2259749747771897,0.2259749747771892,37,0.0,0,True,0.003298267251272956,-0.024704812428356336,B_absolute_discount_quintile
2019-05,2019-06,0.03682938059901727,0.17442525902061914,0.17442525902061878,37,0.0,0,True,0.002545862081364342,0.034283518517652926,B_absolute_discount_quintile
2019-06,2019-07,0.019492685885892702,0.21990472468124297,0.21990472468124275,38,0.0,0,True,0.0032096675861187137,0.016283018299773987,B_absolute_discount_quintile
2019-07,2019-08,-0.04467980764996244,0.1678845156005419,0.16788451560054168,37,0.0,0,True,0.002450395227821419,-0.047130202877783856,B_absolute_discount_quintile
2019-08,2019-09,0.02558734832288796,0.15061407821374534,0.1506140782137449,37,0.0,0,True,0.002198320775310931,0.02338902754757703,B_absolute_discount_quintile
2019-09,2019-10,-0.000562722734310144,0.19896413464839868,0.19896413464839854,37,0.027027027027027035,1,True,0.002904024616600679,-0.003466747350910823,B_absolute_discount_quintile
2019-10,2019-11,0.02495940061782067,0.19780473213580568,0.19780473213580568,36,0.0,0,True,0.0028871023032246102,0.022072298314596058,B_absolute_discount_quintile
2019-11,2019-12,0.0559556944125693,0.2404816777370678,0.240481677737068,36,0.0,0,True,0.0035100030124725675,0.05244569140009673,B_absolute_discount_quintile
2019-12,2020-01,-0.008905032172489537,0.1957339678340912,0.1957339678340907,37,0.0,0,True,0.002856878009193004,-0.011761910181682541,B_absolute_discount_quintile
2020-01,2020-02,-0.09612835858803635,0.23287675821082138,0.23287675821082113,37,0.0,0,True,0.003399003743430864,-0.09952736233146722,B_absolute_discount_quintile
2020-02,2020-03,-0.1826326291615719,0.26264932611494674,0.2626493261149462,37,0.0,0,True,0.003833555780891204,-0.18646618494246311,B_absolute_discount_quintile
2020-03,2020-04,0.16234578485029486,0.41990652520420807,0.4199065252042077,37,0.05405405405405407,2,True,0.006128837682324913,0.15621694716796994,B_absolute_discount_quintile
2020-04,2020-05,0.038367851098558975,0.3507805456617302,0.35078054566172984,37,0.0,0,True,0.005119894303696718,0.033247956794862255,B_absolute_discount_quintile
2020-05,2020-06,0.05433215902072891,0.21900658457009764,0.21900658457009728,38,0.05263157894736843,2,True,0.003196558585360704,0.0511356004353682,B_absolute_discount_quintile
2020-06,2020-07,0.01443556158345781,0.24723429766656638,0.2472342976665659,37,0.0,0,True,0.0036085623560269476,0.010826999227430863,B_absolute_discount_quintile
2020-07,2020-08,0.029494808471297138,0.23458811219919495,0.23458811219919462,37,0.0,0,True,0.0034239821854939877,0.02607082628580315,B_absolute_discount_quintile
2020-08,2020-09,-0.0013458604088591385,0.2023998719509574,0.20239987195095696,37,0.0,0,True,0.0029541716731062914,-0.00430003208196543,B_absolute_discount_quintile
2020-09,2020-10,0.015424979103216727,0.22701584343382936,0.227015843433829,37,0.05405405405405407,2,True,0.003313459477785897,0.01211151962543083,B_absolute_discount_quintile
2020-10,2020-11,0.1526058269033061,0.2821980439946421,0.28219804399464216,36,0.0,0,True,0.004118883375464665,0.14848694352784142,B_absolute_discount_quintile
2020-11,2020-12,0.07535116272395943,0.22593224037583767,0.22593224037583806,36,0.0,0,True,0.003297643511955714,0.07205351921200372,B_absolute_discount_quintile
2020-12,2021-01,0.007639713058406707,0.3045618131141965,0.3045618131141963,37,0.05405405405405407,2,True,0.004445298667134834,0.003194414391271873,B_absolute_discount_quintile
2021-01,2021-02,0.02585440859597574,0.3364753409280853,0.3364753409280854,36,0.0,0,True,0.004911099554002611,0.02094330904197313,B_absolute_discount_quintile
2021-02,2021-03,0.04134980051312417,0.3230008712833966,0.3230008712833966,36,0.0,0,True,0.0047144299802979635,0.0366353705328262,B_absolute_discount_quintile
2021-03,2021-04,0.047618488830541254,0.270101505086879,0.2701015050868792,36,0.0,0,True,0.003942325691709802,0.04367616313883145,B_absolute_discount_quintile
2021-04,2021-05,0.01716968957508968,0.1318958022265901,0.13189580222659003,36,0.0,0,True,0.0019251140773144115,0.015244575497775267,B_absolute_discount_quintile
2021-05,2021-06,0.027180088414965508,0.18021301595747694,0.18021301595747688,36,0.0,0,True,0.0026303385557261095,0.024549749859239398,B_absolute_discount_quintile
2021-06,2021-07,-0.0027493362480973107,0.20668771939011682,0.20668771939011682,36,0.027777777777777776,1,True,0.0030167558897921396,-0.00576609213788945,B_absolute_discount_quintile
2021-07,2021-08,0.029829161292393727,0.2558223410596777,0.2558223410596778,35,0.0,0,True,0.0037339110248516254,0.0260952502675421,B_absolute_discount_quintile
2021-08,2021-09,0.012327184720223868,0.2252988049239933,0.22529880492399348,36,0.0,0,True,0.003288398066044397,0.009038786654179471,B_absolute_discount_quintile
2021-09,2021-10,0.0006910045128302574,0.23307984282452834,0.2330798428245283,36,0.027777777777777776,1,True,0.003401967909402285,-0.0027109633965720276,B_absolute_discount_quintile
2021-10,2021-11,-0.012034111091993675,0.23349700577387889,0.2334970057738788,35,0.02857142857142857,1,True,0.0034080567026221714,-0.015442167794615847,B_absolute_discount_quintile
2021-11,2021-12,0.02215064482667717,0.21166076074603773,0.2116607607460378,35,0.02857142857142857,1,True,0.003089341004403316,0.01906130382227385,B_absolute_discount_quintile
2021-12,2022-01,-0.03681439856552619,0.2540815534898606,0.2540815534898607,36,0.0,0,True,0.0037085029785021923,-0.04052290154402838,B_absolute_discount_quintile
2022-01,2022-02,-0.061863376556482434,0.29468660614237135,0.2946866061423715,36,0.08333333333333333,3,True,0.004301162920303452,-0.06616453947678588,B_absolute_discount_quintile
2022-02,2022-03,0.017904460179697598,0.22779706273043113,0.2277970627304311,35,0.0,0,True,0.003324861935180062,0.014579598244517536,B_absolute_discount_quintile
2022-03,2022-04,0.005665897916486448,0.20686605964753274,0.2068660596475328,36,0.05555555555555555,2,True,0.003019358894090286,0.002646539022396162,B_absolute_discount_quintile
2022-04,2022-05,-0.025554081085824035,0.34299843671220903,0.3429984367122089,35,0.0,0,True,0.005006308827608705,-0.03056038991343274,B_absolute_discount_quintile
2022-05,2022-06,-0.06470302919676402,0.2271449642345461,0.22714496423454622,36,0.0,0,True,0.0033153440887207257,-0.06801837328548474,B_absolute_discount_quintile
2022-06,2022-07,0.06915581269877089,0.29494888806482356,0.29494888806482367,36,0.0,0,True,0.0043049911135636925,0.06485082158520719,B_absolute_discount_quintile
2022-07,2022-08,0.021596572147573233,0.3564660942285805,0.35646609422858083,35,0.0,0,True,0.00520287897340209,0.016393693174171144,B_absolute_discount_quintile
2022-08,2022-09,-0.05694476365365081,0.3916729578365262,0.3916729578365262,35,0.0,0,True,0.005716748464360618,-0.06266151211801142,B_absolute_discount_quintile
2022-09,2022-10,0.02891263410918584,0.2219778730871099,0.22197787308710995,35,0.08571428571428572,3,True,0.0032399266778647883,0.02567270743132105,B_absolute_discount_quintile
2022-10,2022-11,0.0693123800264894,0.43979787653297664,0.43979787653297664,34,0.029411764705882353,1,True,0.006419166258468935,0.06289321376802047,B_absolute_discount_quintile
2022-11,2022-12,-0.010859522731571168,0.28941727172593146,0.28941727172593146,34,0.11764705882352941,4,True,0.0042242531954151735,-0.015083775926986343,B_absolute_discount_quintile
2022-12,2023-01,0.04033421779356809,0.3580971587437265,0.3580971587437265,33,0.0,0,True,0.005226685532868789,0.035107532260699306,B_absolute_discount_quintile
2023-01,2023-02,0.015493376955963225,0.259879202907985,0.25987920290798494,32,0.0,0,True,0.0037931238407415426,0.011700253115221682,B_absolute_discount_quintile
2023-02,2023-03,-0.03475671744971358,0.24923742355785727,0.24923742355785716,33,0.0,0,True,0.0036377994188208983,-0.03839451686853448,B_absolute_discount_quintile
2023-03,2023-04,0.01706210678234753,0.2089483688811597,0.2089483688811596,34,0.0,0,True,0.0030497516947048968,0.014012355087642633,B_absolute_discount_quintile
2023-04,2023-05,-0.0024072116728753278,0.22348337733597867,0.22348337733597867,34,0.0,0,True,0.0032619005949571216,-0.005669112267832449,B_absolute_discount_quintile
2023-05,2023-06,-3.260327685542387e-05,0.21873399123767828,0.21873399123767837,34,0.0,0,True,0.0031925798896572525,-0.0032251831665126764,B_absolute_discount_quintile
2023-06,2023-07,0.03791750545992015,0.2785881589433188,0.27858815894331884,34,0.0,0,True,0.004066194507339426,0.03385131095258072,B_absolute_discount_quintile
2023-07,2023-08,-0.018691147019830608,0.179616331773219,0.17961633177321898,33,0.030303030303030304,1,True,0.0026216295209923702,-0.02131277654082298,B_absolute_discount_quintile
2023-08,2023-09,0.0033143118844655385,0.13265745572261586,0.13265745572261584,33,0.09090909090909091,3,True,0.0019362309577797654,0.001378080926685773,B_absolute_discount_quintile
2023-09,2023-10,-0.04480040175403668,0.19786395064011966,0.19786395064011958,33,0.030303030303030304,1,True,0.002887966639877997,-0.047688368393914674,B_absolute_discount_quintile
2023-10,2023-11,0.0656635767941709,0.25557729856124967,0.2555772985612496,33,0.0,0,True,0.003730334453381566,0.061933242340789334,B_absolute_discount_quintile
2023-11,2023-12,0.0629624301106026,0.3163735444689171,0.3163735444689169,32,0.0,0,True,0.004617699379853229,0.05834473073074937,B_absolute_discount_quintile
2023-12,2024-01,-0.002188880735030062,0.3312344397759419,0.331234439775942,32,0.0,0,True,0.0048346048330525715,-0.007023485568082633,B_absolute_discount_quintile
2024-01,2024-02,-0.01590048557509417,0.20127496464817946,0.20127496464817948,32,0.03125,1,True,0.002937752842122338,-0.018838238417216508,B_absolute_discount_quintile
2024-02,2024-03,0.006076414713427045,0.2626771394703802,0.2626771394703802,32,0.0,0,True,0.0038339617368138242,0.002242452976613221,B_absolute_discount_quintile
2024-03,2024-04,0.019879793775009806,0.11121741312559207,0.11121741312559219,32,0.03125,1,True,0.0016232981189404857,0.01825649565606932,B_absolute_discount_quintile
2024-04,2024-05,0.02812155609457201,0.19610092868782752,0.1961009286878272,31,0.03225806451612904,1,True,0.0028622340667280094,0.025259322027844,B_absolute_discount_quintile
2024-05,2024-06,-0.022513070819183276,0.16798262228283126,0.16798262228283145,30,0.03333333333333333,1,True,0.002451827165396124,-0.0249648979845794,B_absolute_discount_quintile
2024-06,2024-07,0.02234674899988666,0.16249267265084782,0.16249267265084796,30,0.0,0,True,0.0023716974027966913,0.01997505159708997,B_absolute_discount_quintile
2024-07,2024-08,0.0018256563650722087,0.3067383182093625,0.3067383182093622,31,0.0,0,True,0.004477066324083099,-0.00265140995901089,B_absolute_discount_quintile
2024-08,2024-09,-0.000315207996219387,0.23666686324276015,0.23666686324276018,31,0.0,0,True,0.0034543230517660216,-0.0037695310479854086,B_absolute_discount_quintile
2024-09,2024-10,-0.010052733900264892,0.23943776700027228,0.2394377670002722,31,0.0,0,True,0.0034947663846122473,-0.01354750028487714,B_absolute_discount_quintile
2024-10,2024-11,0.015584204738570404,0.236875830212887,0.2368758302128872,30,0.0,0,True,0.003457373074959284,0.012126831663611119,B_absolute_discount_quintile
2024-11,2024-12,0.02751738972681696,0.2849785834376589,0.2849785834376587,30,0.0,0,True,0.004159467348069673,0.023357922378747287,B_absolute_discount_quintile
2024-12,2025-01,0.03448338854298802,0.2540147685068639,0.2540147685068638,30,0.0,0,True,0.0037075282036515152,0.030775860339336505,B_absolute_discount_quintile
2025-01,2025-02,-0.003918491040611411,0.2593867368026415,0.25938673680264146,30,0.06666666666666667,2,True,0.003785935943810841,-0.0077044269844222515,B_absolute_discount_quintile
2025-02,2025-03,-0.010017571982119597,0.2401653132149202,0.2401653132149201,29,0.03448275862068966,1,True,0.00350538544477998,-0.013522957426899577,B_absolute_discount_quintile
2025-03,2025-04,0.0025768483478224658,0.21892062879527996,0.21892062879528004,28,0.0,0,True,0.0031953039990180437,-0.0006184556511955779,B_absolute_discount_quintile
2025-04,2025-05,0.05556072792098878,0.23114905415427278,0.23114905415427245,28,0.0,0,True,0.0033737866603656954,0.052186941260623086,B_absolute_discount_quintile
2025-05,2025-06,0.04212000246420491,0.2983953634749791,0.298395363474979,28,0.0,0,True,0.004355294900471254,0.03776470756373365,B_absolute_discount_quintile
2025-06,2025-07,0.04419874982251577,0.26326273616562085,0.2632627361656208,28,0.0,0,True,0.0038425089416725495,0.040356240880843226,B_absolute_discount_quintile
2025-07,2025-08,0.013625161027495293,0.2683788197334684,0.2683788197334681,28,0.0,0,True,0.003917181860225787,0.009707979167269506,B_absolute_discount_quintile
2025-08,2025-09,0.032083577165750526,0.19695263006023056,0.1969526300602305,28,0.0,0,True,0.002874665260700843,0.029208911905049685,B_absolute_discount_quintile
2025-09,2025-10,0.021620417155776332,0.3030063746247343,0.3030063746247343,28,0.10714285714285715,3,True,0.004422595923894257,0.017197821231882075,B_absolute_discount_quintile
2025-10,2025-11,0.0047891540264043365,0.3323840091753019,0.3323840091753017,28,0.03571428571428572,1,True,0.004851383625070195,-6.222959866585866e-05,B_absolute_discount_quintile
2025-11,2025-12,0.01231652918062195,0.22377153476580558,0.22377153476580547,27,0.0,0,True,0.0032661064598540914,0.009050422720767858,B_absolute_discount_quintile
2025-12,2026-01,0.046346405723554626,0.309293153711885,0.3092931537118849,27,0.03703703703703704,1,True,0.00451435598537709,0.041832049738177536,B_absolute_discount_quintile
2026-01,2026-02,0.027489061452701313,0.27389218320845127,0.2738921832084509,27,0.0,0,True,0.003997653364700255,0.023491408088001056,B_absolute_discount_quintile
2026-02,2026-03,-0.08232135803861827,0.20367673451538906,0.20367673451538887,27,0.03703703703703704,1,True,0.0029728084004022855,-0.08529416643902056,B_absolute_discount_quintile
2026-03,2026-04,0.06761824694106107,0.2812379347393986,0.28123793473939845,27,0.07407407407407408,2,True,0.004104869890487684,0.06351337705057339,B_absolute_discount_quintile
2026-04,2026-05,0.04549027101739187,0.41812853317336196,0.4181285331733617,26,0.038461538461538464,1,True,0.006102886610113727,0.039387384407278146,B_absolute_discount_quintile
2026-05,2026-06,-0.0015361988335241665,0.290543912730051,0.290543912730051,26,0.0,0,True,0.004240697331016882,-0.0057768961645410484,B_absolute_discount_quintile
2026-06,2026-07,-0.006561333854752203,0.3913294599213106,0.3913294599213105,26,0.038461538461538464,1,True,0.005711734865285086,-0.012273068720037288,B_absolute_discount_quintile
2026-07,2026-08,,0.36115118538740976,0.36115118538740976,26,1.0,26,True,0.005271261247827083,,B_absolute_discount_quintile
2008-12,2009-01,0.01670491121154749,1.0,0.0,16,0.0,0,True,0.009608479385948865,0.007096431825598626,C_discount_zscore
2009-01,2009-02,-0.0525015177402504,0.5946847591518067,0.594684759151807,17,0.0,0,True,0.008687440045207136,-0.061188957785457534,C_discount_zscore
2009-02,2009-03,0.1353708488617118,0.6778873780730963,0.6778873780730963,17,0.0,0,True,0.009902903788575751,0.12546794507313605,C_discount_zscore
2009-03,2009-04,0.15889533403093076,0.6762538786602057,0.6762538786602056,17,0.0,0,True,0.00987904084607558,0.14901629318485518,C_discount_zscore
2009-04,2009-05,0.12526559204026433,0.5715320690408199,0.5715320690408199,17,0.0,0,True,0.008349214448991522,0.11691637759127281,C_discount_zscore
2009-05,2009-06,0.02921682514813887,0.7821667362465996,0.7821667362465996,18,0.0,0,True,0.011426266642833353,0.017790558505305518,C_discount_zscore
2009-06,2009-07,0.052942419848588274,0.6216520376281448,0.6216520376281448,18,0.0,0,True,0.009081390976923861,0.04386102887166441,C_discount_zscore
2009-07,2009-08,0.09385804711547739,0.5154805336945065,0.5154805336945065,18,0.0,0,True,0.007530386750334118,0.08632766036514328,C_discount_zscore
2009-08,2009-09,0.09259070451657606,0.5190284864628216,0.519028486462822,18,0.0,0,True,0.00758221694521237,0.08500848757136369,C_discount_zscore
2009-09,2009-10,0.005296744249609903,0.6785774833881674,0.6785774833881675,18,0.0,0,True,0.009912985177845102,-0.004616240928235199,C_discount_zscore
2009-10,2009-11,0.008468507635167771,0.7315211683406206,0.7315211683406206,18,0.0,0,True,0.010686411908089187,-0.002217904272921416,C_discount_zscore
2009-11,2009-12,0.07665672980540732,0.5692700190201321,0.5692700190201321,18,0.0,0,True,0.008316169337894318,0.068340560467513,C_discount_zscore
2009-12,2010-01,0.0067440719961924175,0.727956556029378,0.7279565560293779,18,0.0,0,True,0.010634338342621497,-0.0038902663464290797,C_discount_zscore
2010-01,2010-02,0.019462481072071786,0.6766403747988502,0.6766403747988501,18,0.0,0,True,0.009884686966949717,0.00957779410512207,C_discount_zscore
2010-02,2010-03,0.09129670684462021,0.4485404983545955,0.4485404983545954,18,0.0,0,True,0.006552494623976338,0.08474421222064388,C_discount_zscore
2010-03,2010-04,0.012187052728115544,0.4082081418439658,0.4082081418439658,18,0.0,0,True,0.005963300225304065,0.006223752502811479,C_discount_zscore
2010-04,2010-05,-0.05309489174496095,0.28832371987505345,0.2883237198750534,18,0.0,0,True,0.004211971118274813,-0.05730686286323577,C_discount_zscore
2010-05,2010-06,-0.007862853273264863,0.6177032280384245,0.6177032280384244,18,0.0,0,True,0.009023704873433394,-0.016886558146698257,C_discount_zscore
2010-06,2010-07,0.04229243218707797,0.5648631527715721,0.564863152771572,18,0.0,0,True,0.008251791723145593,0.034040640463932376,C_discount_zscore
2010-07,2010-08,-0.00574672242188998,0.5071235143348987,0.5071235143348987,18,0.0,0,True,0.007408303405291311,-0.01315502582718129,C_discount_zscore
2010-08,2010-09,0.08897236476422495,0.45764839423267434,0.4576483942326743,18,0.0,0,True,0.0066855471331606214,0.08228681763106432,C_discount_zscore
2010-09,2010-10,0.05990535339187436,0.4475083283832621,0.4475083283832621,17,0.0,0,True,0.006537416190227319,0.053367937201647044,C_discount_zscore
2010-10,2010-11,0.010158151695224635,0.47984946426429365,0.4798494642642937,17,0.0,0,True,0.007009871007063541,0.0031482806881610948,C_discount_zscore
2010-11,2010-12,0.08077588974444104,0.7771557460588345,0.7771557460588344,17,0.0,0,True,0.011353063695972195,0.06942282604846885,C_discount_zscore
2010-12,2011-01,0.027773705731542676,0.4826015076824355,0.4826015076824355,17,0.0,0,True,0.007050074176606701,0.020723631554935975,C_discount_zscore
2011-01,2011-02,0.007372630770149347,0.5372423726365602,0.5372423726365603,17,0.0,0,True,0.007848294125919447,-0.0004756633557701003,C_discount_zscore
2011-02,2011-03,0.01915013397847788,0.4207128559904963,0.42071285599049624,17,0.0,0,True,0.006145975084140838,0.01300415889433704,C_discount_zscore
2011-03,2011-04,0.021414173792405324,0.6497737337397429,0.6497737337397428,17,0.0,0,True,0.009492206194868059,0.011921967597537265,C_discount_zscore
2011-04,2011-05,0.007547923053125114,0.5363840411436313,0.5363840411436311,17,0.0,0,True,0.007835755207998684,-0.0002878321548735697,C_discount_zscore
2011-05,2011-06,-0.0019143026817196804,0.4732155249215253,0.4732155249215254,16,0.0,0,True,0.006912959240927074,-0.008827261922646754,C_discount_zscore
2011-06,2011-07,-0.010701919631256943,0.47058823529411764,0.47058823529411764,17,0.0,0,True,0.006874578534564172,-0.017576498165821117,C_discount_zscore
2011-07,2011-08,-0.06915746845730507,0.5447832737393947,0.5447832737393948,17,0.0,0,True,0.007958455224231685,-0.07711592368153675,C_discount_zscore
2011-08,2011-09,-0.05213445763578295,0.7113025237923651,0.7113025237923652,16,0.0,0,True,0.010391048255994169,-0.06252550589177712,C_discount_zscore
2011-09,2011-10,0.06483304068260586,0.5302986160725283,0.5302986160725284,17,0.0,0,True,0.00774685640129274,0.05708618428131312,C_discount_zscore
2011-10,2011-11,-0.021647196948403728,0.5952851190824006,0.5952851190824007,17,0.0,0,True,0.008696210390877365,-0.030343407339281092,C_discount_zscore
2011-11,2011-12,0.041240221123155035,0.47920719131409373,0.4792071913140937,17,0.0,0,True,0.007000488375910392,0.03423973274724464,C_discount_zscore
2011-12,2012-01,0.05764036394411676,0.6607334235678289,0.6607334235678289,17,0.0,0,True,0.00965231059779805,0.047988053346318706,C_discount_zscore
2012-01,2012-02,0.09572042606443401,0.5384340585070948,0.5384340585070947,16,0.0,0,True,0.007865702844393679,0.08785472322004033,C_discount_zscore
2012-02,2012-03,0.018093433502453314,0.6478942205197967,0.6478942205197968,17,0.0,0,True,0.009464749364738859,0.008628684137714455,C_discount_zscore
2012-03,2012-04,-0.010452496654784968,0.5456917153796924,0.5456917153796924,17,0.0,0,True,0.007971726175207312,-0.01842422282999228,C_discount_zscore
2012-04,2012-05,-0.04517938735249491,0.48147977342031034,0.48147977342031034,17,0.0,0,True,0.007033687344761934,-0.05221307469725684,C_discount_zscore
2012-05,2012-06,0.03592074458570003,0.6559005544576444,0.6559005544576445,17,0.0,0,True,0.00958170972902693,0.026339034856673098,C_discount_zscore
2012-06,2012-07,0.02168877246791371,0.7699260266760417,0.7699260266760418,16,0.0,0,True,0.011247448489402472,0.010441323978511238,C_discount_zscore
2012-07,2012-08,0.020640534237956056,0.6477557603571645,0.6477557603571645,17,0.0,0,True,0.00946272667230727,0.011177807565648786,C_discount_zscore
2012-08,2012-09,0.05008761588730508,0.5396002561352015,0.5396002561352016,16,0.0,0,True,0.007882739218403819,0.042204876668901256,C_discount_zscore
2012-09,2012-10,0.01944170176516012,0.44869451721612635,0.44869451721612624,16,0.0,0,True,0.006554744605340059,0.012886957159820063,C_discount_zscore
2012-10,2012-11,0.0074672782579115055,0.5062897659352188,0.5062897659352188,16,0.0,0,True,0.007396123608981519,7.115464892998649e-05,C_discount_zscore
2012-11,2012-12,0.04460544784882963,0.3529411764705882,0.3529411764705883,17,0.0,0,True,0.005155933900923129,0.0394495139479065,C_discount_zscore
2012-12,2013-01,0.0857261113743933,0.5926457669355489,0.592645766935549,17,0.0,0,True,0.008657653469447822,0.07706845790494549,C_discount_zscore
2013-01,2013-02,0.0315291539937086,0.5396012419404008,0.5396012419404007,17,0.058823529411764705,1,True,0.007882753619518752,0.023646400374189847,C_discount_zscore
2013-02,2013-03,0.007819354957727467,0.6504596100339762,0.6504596100339762,17,0.0,0,True,0.009502225804573678,-0.0016828708468462107,C_discount_zscore
2013-03,2013-04,0.018089519903496342,0.7668597431310491,0.7668597431310493,17,0.0,0,True,0.011202654749443973,0.006886865154052369,C_discount_zscore
2013-04,2013-05,0.017229869194223747,0.4240421668770957,0.42404216687709556,17,0.0,0,True,0.006194611253597141,0.011035257940626606,C_discount_zscore
2013-05,2013-06,-0.06367839176468458,0.3657880643198222,0.3657880643198223,17,0.0,0,True,0.00534360739724226,-0.06902199916192683,C_discount_zscore
2013-06,2013-07,0.03758711531484843,0.47751973662923247,0.47751973662923247,17,0.0,0,True,0.006975837228931874,0.030611278085916557,C_discount_zscore
2013-07,2013-08,-0.02631839326536389,0.5402445475289233,0.5402445475289234,17,0.0,0,True,0.007892151335947548,-0.03421054460131144,C_discount_zscore
2013-08,2013-09,0.03755487417873474,0.48828016759206316,0.4882801675920632,17,0.0,0,True,0.007133030762836312,0.030421843415898424,C_discount_zscore
2013-09,2013-10,0.05542719432971965,0.5324735185729443,0.5324735185729443,17,0.0,0,True,0.0077786284196365175,0.04764856591008314,C_discount_zscore
2013-10,2013-11,-0.0014703993367786742,0.5381435952250647,0.5381435952250646,17,0.0,0,True,0.007861459617525768,-0.009331858954304443,C_discount_zscore
2013-11,2013-12,0.006780794970733779,0.4867537424367358,0.4867537424367358,17,0.0,0,True,0.0071107320124205176,-0.0003299370416867389,C_discount_zscore
2013-12,2014-01,-0.010712485628619952,0.47967298944767384,0.4796729894476739,17,0.0,0,True,0.0070072929783428104,-0.017719778606962763,C_discount_zscore
2014-01,2014-02,0.04069201890879302,0.547438643620641,0.547438643620641,17,0.0,0,True,0.007997246140403941,0.032694772768389085,C_discount_zscore
2014-02,2014-03,0.02492080302251653,0.48066574913864335,0.48066574913864346,17,0.0,0,True,0.00702179568782354,0.01789900733469299,C_discount_zscore
2014-03,2014-04,0.017123161804358238,0.6476414982096036,0.6476414982096036,16,0.0,0,True,0.009461057476080031,0.007662104328278206,C_discount_zscore
2014-04,2014-05,0.022638445808714543,0.5294117647058822,0.5294117647058825,17,0.0,0,True,0.007733900851384692,0.014904544957329851,C_discount_zscore
2014-05,2014-06,0.010215775807257278,0.4175764086644189,0.4175764086644189,17,0.0,0,True,0.006100156358032722,0.004115619449224556,C_discount_zscore
2014-06,2014-07,0.0008284338339686267,0.35958507436630155,0.3595850743663017,16,0.0,0,True,0.005252991146375006,-0.004424557312406379,C_discount_zscore
2014-07,2014-08,0.032701049847037963,0.4117647058823529,0.411764705882353,17,0.0,0,True,0.0060152562177436504,0.026685793629294314,C_discount_zscore
2014-08,2014-09,-0.01296822475513144,0.4802926064051475,0.48029260640514754,17,0.0,0,True,0.0070163446398932485,-0.019984569395024687,C_discount_zscore
2014-09,2014-10,0.02712907962505947,0.2524309703088539,0.252430970308854,17,0.0,0,True,0.003687632626131963,0.023441446998927508,C_discount_zscore
2014-10,2014-11,0.034770897656463864,0.4799599232931484,0.4799599232931484,17,0.058823529411764705,1,True,0.007011484645509557,0.027759413010954307,C_discount_zscore
2014-11,2014-12,-0.022270367747253196,0.47553594376514885,0.47553594376514896,17,0.0,0,True,0.0069468570317709165,-0.029217224779024113,C_discount_zscore
2014-12,2015-01,-0.0008400782530347752,0.4781248278930774,0.4781248278930774,17,0.0,0,True,0.00698467669218637,-0.007824754945221146,C_discount_zscore
2015-01,2015-02,0.026558499989664218,0.5958625548037961,0.5958625548037961,16,0.0,0,True,0.008704645848710082,0.017853854140954136,C_discount_zscore
2015-02,2015-03,0.0023048799800521264,0.4705882352941176,0.4705882352941175,17,0.0,0,True,0.00687457853456417,-0.0045696985545120436,C_discount_zscore
2015-03,2015-04,0.009635309959160137,0.4796947968829586,0.47969479688295863,17,0.0,0,True,0.007007611551811628,0.0026276984073485086,C_discount_zscore
2015-04,2015-05,0.036585118161781505,0.47877550632158916,0.4787755063215894,17,0.0,0,True,0.006994182114596167,0.029590936047185337,C_discount_zscore
2015-05,2015-06,-0.04401285819823103,0.4798430547445317,0.4798430547445317,17,0.0,0,True,0.007009777373726224,-0.051022635571957256,C_discount_zscore
2015-06,2015-07,-0.016657402050145764,0.4813422304895341,0.4813422304895342,17,0.0,0,True,0.007031678051693007,-0.02368908010183877,C_discount_zscore
2015-07,2015-08,-0.05331344310127349,0.430639629875831,0.4306396298758311,17,0.0,0,True,0.006290990155813726,-0.05960443325708722,C_discount_zscore
2015-08,2015-09,-0.02047252856880579,0.5977499790497482,0.5977499790497484,17,0.058823529411764705,1,True,0.008732218246899614,-0.029204746815705403,C_discount_zscore
2015-09,2015-10,0.05970506725412963,0.5387941730590792,0.5387941730590792,17,0.0,0,True,0.007870963570402923,0.05183410368372671,C_discount_zscore
2015-10,2015-11,0.0009183955346353194,0.5379601073767808,0.5379601073767809,17,0.0,0,True,0.007858779139076542,-0.006940383604441222,C_discount_zscore
2015-11,2015-12,0.006633920882398571,0.4793640323792805,0.4793640323792806,17,0.0,0,True,0.0070027795853780436,-0.00036885870297947293,C_discount_zscore
2015-12,2016-01,-0.04898325228301797,0.47912976466866414,0.4791297646686643,17,0.0,0,True,0.006999357290356711,-0.05598260957337468,C_discount_zscore
2016-01,2016-02,0.029912289694865625,0.5943858100608438,0.5943858100608439,17,0.0,0,True,0.008683072853574354,0.02122921684129127,C_discount_zscore
2016-02,2016-03,0.05932766252186452,0.5400176171294274,0.5400176171294274,17,0.0,0,True,0.007888836227884466,0.051438826293980056,C_discount_zscore
2016-03,2016-04,0.0274235496235558,0.660747366362192,0.6607473663621919,17,0.0,0,True,0.009652514280822084,0.017771035342733714,C_discount_zscore
2016-04,2016-05,0.0009402196969416452,0.7082233061082894,0.7082233061082893,17,0.0,0,True,0.010346065567931498,-0.009405845870989853,C_discount_zscore
2016-05,2016-06,0.0420669131909509,0.5336129589811687,0.5336129589811686,17,0.0,0,True,0.007795273911351579,0.03427163927959932,C_discount_zscore
2016-06,2016-07,0.09004613577185831,0.8347921307874328,0.8347921307874326,17,0.0,0,True,0.01219504363416054,0.07785109213769778,C_discount_zscore
2016-07,2016-08,0.03336066218091366,0.593667984724908,0.593667984724908,17,0.0,0,True,0.008672586516951623,0.024688075663962035,C_discount_zscore
2016-08,2016-09,0.01580418361546798,0.6519670470365218,0.6519670470365219,17,0.0,0,True,0.009524247166950982,0.0062799364485169994,C_discount_zscore
2016-09,2016-10,0.013622675106234938,0.5910145241667116,0.5910145241667117,17,0.0,0,True,0.008633823493085785,0.004988851613149154,C_discount_zscore
2016-10,2016-11,0.0005319462681137941,0.6566355191657745,0.6566355191657746,17,0.0,0,True,0.009592446445815047,-0.009060500177701254,C_discount_zscore
2016-11,2016-12,0.06025765394776792,0.5443510796902976,0.5443510796902977,17,0.0,0,True,0.007952141526374721,0.0523055124213932,C_discount_zscore
2016-12,2017-01,0.024515521367864952,0.7119949987559856,0.7119949987559857,17,0.0,0,True,0.010401164262225503,0.01411435710563945,C_discount_zscore
2017-01,2017-02,0.04466783504511037,0.5976484343387231,0.5976484343387231,17,0.0,0,True,0.00873073483308185,0.03593710021202852,C_discount_zscore
2017-02,2017-03,0.03324853947864087,0.6521528116177017,0.6521528116177017,17,0.0,0,True,0.009526960905005788,0.023721578573635084,C_discount_zscore
2017-03,2017-04,0.03795536037151241,0.5982708487244786,0.5982708487244787,17,0.0,0,True,0.008739827360805677,0.029215533010706736,C_discount_zscore
2017-04,2017-05,0.04286447545383825,0.6481009711400545,0.6481009711400546,16,0.0,0,True,0.009467769676912926,0.03339670577692533,C_discount_zscore
2017-05,2017-06,-0.026317029996273986,0.529479327981917,0.529479327981917,17,0.0,0,True,0.007734887848109892,-0.034051917844383876,C_discount_zscore
2017-06,2017-07,0.0372686583185022,0.47918151980424617,0.4791815198042462,17,0.0,0,True,0.007000113354187978,0.03026854496431422,C_discount_zscore
2017-07,2017-08,0.018220930309859336,0.3643415593493212,0.36434155934932116,17,0.0,0,True,0.005322476159199023,0.012898454150660313,C_discount_zscore
2017-08,2017-09,0.006848978774345172,0.47665825383519367,0.4766582538351938,17,0.0,0,True,0.006963252275293808,-0.00011427350094863654,C_discount_zscore
2017-09,2017-10,0.029348798522971037,0.41732843732922215,0.4173284373292222,17,0.0,0,True,0.006096533873894194,0.023252264649076843,C_discount_zscore
2017-10,2017-11,0.0033721061392186394,0.4183219905514879,0.4183219905514879,17,0.0,0,True,0.006111048175660506,-0.0027389420364418667,C_discount_zscore
2017-11,2017-12,0.03635050900174425,0.47815784436973147,0.47815784436973163,17,0.0,0,True,0.0069851590127049685,0.02936534998903928,C_discount_zscore
2017-12,2018-01,0.001530650892949092,0.5368973944293018,0.5368973944293018,17,0.0,0,True,0.007843254518890112,-0.00631260362594102,C_discount_zscore
2018-01,2018-02,-0.01886222888944901,0.537092642489269,0.5370926424892689,17,0.0,0,True,0.007846106796149289,-0.0267083356855983,C_discount_zscore
2018-02,2018-03,-0.021450509081604226,0.36312463083972474,0.36312463083972474,17,0.0,0,True,0.00530469868415241,-0.026755207765756635,C_discount_zscore
2018-03,2018-04,0.0366571033881605,0.4749091064231742,0.4749091064231742,17,0.0,0,True,0.006937699891382335,0.029719403496778166,C_discount_zscore
2018-04,2018-05,0.030373623202917095,0.7108643220984869,0.7108643220984869,17,0.0,0,True,0.01038464679558226,0.019988976407334835,C_discount_zscore
2018-05,2018-06,0.001488434489989319,0.6550216821339849,0.6550216821339849,17,0.0,0,True,0.00956887074080387,-0.008080436250814551,C_discount_zscore
2018-06,2018-07,0.03459282347544536,0.592706363098566,0.5927063630985661,17,0.0,0,True,0.008658538687246125,0.025934284788199233,C_discount_zscore
2018-07,2018-08,0.003610885564181119,0.5950353514479064,0.5950353514479065,17,0.0,0,True,0.00869256166553758,-0.005081676101356461,C_discount_zscore
2018-08,2018-09,-0.02087681874517642,0.5920861814093057,0.5920861814093058,17,0.0,0,True,0.008649478775823023,-0.02952629752099944,C_discount_zscore
2018-09,2018-10,-0.027627541506340756,0.47171812848874073,0.47171812848874073,17,0.0,0,True,0.006891084556006146,-0.0345186260623469,C_discount_zscore
2018-10,2018-11,0.02541352523563985,0.5996847531925519,0.599684753192552,17,0.0,0,True,0.008760482355081227,0.016653042880558626,C_discount_zscore
2018-11,2018-12,-0.007130309494558505,0.36581708224210074,0.36581708224210086,17,0.0,0,True,0.0053440313049616895,-0.012474340799520194,C_discount_zscore
2018-12,2019-01,0.05293540858608148,0.598448257640031,0.598448257640031,17,0.0,0,True,0.008742419035291406,0.04419298955079007,C_discount_zscore
2019-01,2019-02,0.02464720662587412,0.7155265165866258,0.7155265165866258,17,0.0,0,True,0.010452754367655522,0.014194452258218599,C_discount_zscore
2019-02,2019-03,0.007134513848942267,0.535526395729295,0.535526395729295,17,0.0,0,True,0.007823226312642899,-0.0006887124637006319,C_discount_zscore
2019-03,2019-04,0.04062279622189266,0.5339229179416652,0.5339229179416651,17,0.0,0,True,0.007799801940436484,0.03282299428145617,C_discount_zscore
2019-04,2019-05,-0.03234391255481748,0.5336733521055173,0.5336733521055174,17,0.0,0,True,0.007796156163063679,-0.04014006871788116,C_discount_zscore
2019-05,2019-06,0.022969047190456903,0.5935659076089803,0.5935659076089804,17,0.0,0,True,0.008671095325507819,0.014297951864949084,C_discount_zscore
2019-06,2019-07,0.019312439521701127,0.5361936225998998,0.5361936225998999,17,0.0,0,True,0.007832973482627882,0.011479466039073245,C_discount_zscore
2019-07,2019-08,-0.035779262350949984,0.4872489915446705,0.48724899154467033,17,0.0,0,True,0.0071179668488046905,-0.04289722919975467,C_discount_zscore
2019-08,2019-09,0.038965582058003344,0.42739588085988056,0.42739588085988056,17,0.0,0,True,0.006243603915181022,0.03272197814282232,C_discount_zscore
2019-09,2019-10,-0.01512671272130339,0.5382261784466741,0.5382261784466741,17,0.0,0,True,0.007862666032816273,-0.022989378754119664,C_discount_zscore
2019-10,2019-11,0.02342638892514919,0.5429776984384541,0.5429776984384542,17,0.0,0,True,0.007932078514668116,0.015494310410481073,C_discount_zscore
2019-11,2019-12,0.06304680701682515,0.4948150137331605,0.4948150137331606,17,0.0,0,True,0.00722849492797888,0.05581831208884627,C_discount_zscore
2019-12,2020-01,0.012304525468071158,0.6108726475539169,0.6108726475539168,17,0.0,0,True,0.008923920479231401,0.003380604988839757,C_discount_zscore
2020-01,2020-02,-0.0985121321152445,0.6575450255431866,0.6575450255431866,17,0.0,0,True,0.009605732950980862,-0.10811786506622537,C_discount_zscore
2020-02,2020-03,-0.08735150781730933,0.7682038938408885,0.7682038938408884,17,0.0,0,True,0.011222290747380268,-0.09857379856468959,C_discount_zscore
2020-03,2020-04,0.1838781353025666,0.9999999999999999,0.9999999999999999,17,0.0,0,True,0.014608479385948862,0.16926965591661775,C_discount_zscore
2020-04,2020-05,0.06795680042558634,0.882822958286257,0.8828229582862572,17,0.0,0,True,0.012896700987567181,0.055060099438019164,C_discount_zscore
2020-05,2020-06,0.05259957717278972,0.7182403216612407,0.718240321661241,17,0.0,0,True,0.010492398933145517,0.0421071782396442,C_discount_zscore
2020-06,2020-07,-0.0015019370845808233,0.7138509223425842,0.7138509223425843,17,0.0,0,True,0.010428276483682226,-0.01193021356826305,C_discount_zscore
2020-07,2020-08,0.05068355245024617,0.597351848915317,0.5973518489153169,17,0.0,0,True,0.008726402171037848,0.04195715027920832,C_discount_zscore
2020-08,2020-09,-0.008488610413924893,0.5373302174260458,0.537330217426046,17,0.0,0,True,0.007849577404715813,-0.016338187818640708,C_discount_zscore
2020-09,2020-10,0.02052724784557786,0.48432737828124833,0.48432737828124833,17,0.0,0,True,0.007075286521672274,0.013451961323905585,C_discount_zscore
2020-10,2020-11,0.18945745049664686,0.768465481805475,0.768465481805475,17,0.0,0,True,0.011226112149768545,0.17823133834687832,C_discount_zscore
2020-11,2020-12,0.06570338531217823,0.7277504079632579,0.7277504079632579,17,0.0,0,True,0.010631326832847128,0.0550720584793311,C_discount_zscore
2020-12,2021-01,0.00930877027552944,0.6563327611535602,0.6563327611535602,17,0.0,0,True,0.009588023611634685,-0.00027925333610524447,C_discount_zscore
2021-01,2021-02,0.025910546840793726,0.4241163832379091,0.4241163832379091,17,0.0,0,True,0.006195695441774184,0.01971485139901954,C_discount_zscore
2021-02,2021-03,0.039024909133660295,0.6111111111111112,0.6111111111111112,18,0.0,0,True,0.008927404069190974,0.030097505064469322,C_discount_zscore
2021-03,2021-04,0.07025897898616748,0.5662470457151493,0.5662470457151493,17,0.058823529411764705,1,True,0.008272008294684201,0.061986970691483276,C_discount_zscore
2021-04,2021-05,0.004918909039132697,0.42253478073007483,0.4225347807300749,17,0.0,0,True,0.006172590634141722,-0.001253681595009025,C_discount_zscore
2021-05,2021-06,0.026891971268342647,0.3573552043311091,0.3573552043311091,17,0.0,0,True,0.005220416135932552,0.021671555132410095,C_discount_zscore
2021-06,2021-07,0.010283802507629954,0.5954950868017375,0.5954950868017376,17,0.0,0,True,0.008699277699977012,0.0015845248076529414,C_discount_zscore
2021-07,2021-08,0.03945823618959344,0.4166529802308794,0.41665298023087943,17,0.0,0,True,0.006086666472796961,0.03337156971679648,C_discount_zscore
2021-08,2021-09,-0.007204458081926574,0.6505238356697458,0.6505238356697459,17,0.0,0,True,0.00950316404344987,-0.016707622125376444,C_discount_zscore
2021-09,2021-10,0.03231145057596006,0.5976737208779835,0.5976737208779834,17,0.0,0,True,0.008731104230969379,0.023580346344990684,C_discount_zscore
2021-10,2021-11,-0.0005288805929943858,0.4194168050646959,0.4194168050646959,17,0.0,0,True,0.006127041750908144,-0.0066559223439025305,C_discount_zscore
2021-11,2021-12,0.03816619393540439,0.5950555710013937,0.595055571001394,17,0.0,0,True,0.008692857042467892,0.029473336892936495,C_discount_zscore
2021-12,2022-01,-0.01507134536371141,0.536589406740545,0.5365894067405448,17,0.0,0,True,0.007838755287087782,-0.02291010065079919,C_discount_zscore
2022-01,2022-02,-0.03914063032566993,0.7829985582109935,0.7829985582109933,18,0.05555555555555555,1,True,0.011438418296852979,-0.05057904862252291,C_discount_zscore
2022-02,2022-03,0.05185165553521081,0.45234410308193385,0.45234410308193385,17,0.0,0,True,0.00660805950522796,0.04524359602998285,C_discount_zscore
2022-03,2022-04,-0.013704863346925205,0.6041167123233862,0.6041167123233862,17,0.0,0,True,0.008825226538683386,-0.02253008988560859,C_discount_zscore
2022-04,2022-05,-0.03636807823761707,0.42625452556001886,0.42625452556001886,17,0.0,0,True,0.006226930449810949,-0.04259500868742802,C_discount_zscore
2022-05,2022-06,-0.060971102922656055,0.3032558399679913,0.3032558399679914,17,0.0,0,True,0.004430106686841009,-0.06540120960949707,C_discount_zscore
2022-06,2022-07,0.10832499330280806,0.48222356819766005,0.48222356819766005,17,0.0,0,True,0.0070445530554342235,0.10128044024737384,C_discount_zscore
2022-07,2022-08,0.03321271850130755,0.6650901438285237,0.6650901438285237,17,0.0,0,True,0.009715955655916753,0.0234967628453908,C_discount_zscore
2022-08,2022-09,-0.0437366616152507,0.7752251072902359,0.7752251072902356,17,0.0,0,True,0.011324859999319406,-0.055061521614570105,C_discount_zscore
2022-09,2022-10,0.03701421905011574,0.653713953159861,0.6537139531598609,17,0.0,0,True,0.009549766809042971,0.027464452241072766,C_discount_zscore
2022-10,2022-11,0.08779666560209692,0.7205910564094082,0.7205910564094082,17,0.0,0,True,0.010526739593255955,0.07726992600884097,C_discount_zscore
2022-11,2022-12,-0.005589726450950523,0.6653182151302118,0.6653182151302117,17,0.058823529411764705,1,True,0.009719287430825991,-0.015309013881776514,C_discount_zscore
2022-12,2023-01,0.04018635127992027,0.41837542751048035,0.41837542751048024,16,0.0,0,True,0.006111828808374395,0.034074522471545875,C_discount_zscore
2023-01,2023-02,0.015623616315889398,0.5191739400657389,0.5191739400657389,16,0.0,0,True,0.007584341801172198,0.0080392745147172,C_discount_zscore
2023-02,2023-03,-0.042682759751421516,0.5156028916591335,0.5156028916591335,16,0.0,0,True,0.007532174214138078,-0.050214933965559594,C_discount_zscore
2023-03,2023-04,0.00785908578894514,0.3835050649537051,0.3835050649537051,16,0.0,0,True,0.005602425835783182,0.0022566599531619585,C_discount_zscore
2023-04,2023-05,0.002892186959255012,0.413126481132855,0.41312648113285505,17,0.0,0,True,0.006035149683418905,-0.003142962724163893,C_discount_zscore
2023-05,2023-06,0.005124134514557451,0.36570179441138206,0.36570179441138195,17,0.0,0,True,0.0053423471250631845,-0.0002182126105057334,C_discount_zscore
2023-06,2023-07,0.027020106877719136,0.483991270645046,0.4839912706450461,16,0.0,0,True,0.007070376500197354,0.019949730377521784,C_discount_zscore
2023-07,2023-08,-0.013578655377672439,0.4525956913075614,0.4525956913075613,16,0.125,2,True,0.006611734826635786,-0.020190390204308226,C_discount_zscore
2023-08,2023-09,0.007743312128597843,0.4468229630437375,0.44682296304373753,16,0.0,0,True,0.006527404044793031,0.001215908083804812,C_discount_zscore
2023-09,2023-10,-0.05479209187550523,0.44658057503234805,0.446580575032348,16,0.0,0,True,0.006523863124525246,-0.06131595500003048,C_discount_zscore
2023-10,2023-11,0.07614702530381351,0.510718724588105,0.5107187245881049,16,0.0,0,True,0.007460823960163426,0.06868620134365008,C_discount_zscore
2023-11,2023-12,0.06558078033955198,0.5066768892439644,0.5066768892439644,16,0.0,0,True,0.007401778891857149,0.05817900144769483,C_discount_zscore
2023-12,2024-01,-0.003454030325325652,0.5141383718944306,0.5141383718944306,16,0.0,0,True,0.007510779807345099,-0.010964810132670751,C_discount_zscore
2024-01,2024-02,-0.013964425262391708,0.3879859738217629,0.387985973821763,16,0.0,0,True,0.005667885100612519,-0.019632310363004227,C_discount_zscore
2024-02,2024-03,0.035241238731635004,0.4488782500130579,0.44887825001305787,16,0.0625,1,True,0.006557428662116557,0.028683810069518447,C_discount_zscore
2024-03,2024-04,0.03649117709277015,0.6313418132569535,0.6313418132569535,16,0.0625,1,True,0.009222943864451782,0.02726823322831837,C_discount_zscore
2024-04,2024-05,0.030698271506546845,0.5088302813671823,0.508830281367182,15,0.0,0,True,0.007433236676299042,0.023265034830247805,C_discount_zscore
2024-05,2024-06,0.006798362749957503,0.40688462930630187,0.40688462930630165,15,0.0,0,True,0.0059439657196805554,0.0008543970302769474,C_discount_zscore
2024-06,2024-07,0.07940756348488624,0.47707486485046546,0.4770748648504651,15,0.0,0,True,0.006969338328722364,0.07243822515616388,C_discount_zscore
2024-07,2024-08,-0.006071883929373842,0.6114142412456488,0.6114142412456486,15,0.0,0,True,0.008931832339512625,-0.015003716268886467,C_discount_zscore
2024-08,2024-09,0.004482933017123052,0.47094805398155537,0.47094805398155537,15,0.0,0,True,0.006879834938442284,-0.0023969019213192326,C_discount_zscore
2024-09,2024-10,-0.02694144382864171,0.5408013761536996,0.5408013761536995,15,0.0,0,True,0.007900285755434099,-0.03484172958407581,C_discount_zscore
2024-10,2024-11,0.024662555708516765,0.6733596374362741,0.673359637436274,15,0.0,0,True,0.009836760382817812,0.014825795325698953,C_discount_zscore
2024-11,2024-12,0.012509366116591593,0.6736962486608329,0.6736962486608329,15,0.0,0,True,0.009841677760952858,0.002667688355638735,C_discount_zscore
2024-12,2025-01,0.04484546718453123,0.5417723486157527,0.5417723486157527,15,0.0,0,True,0.007914470186630326,0.03693099699790091,C_discount_zscore
2025-01,2025-02,0.0030920806030666865,0.5416365684901843,0.541636568490184,15,0.0,0,True,0.007912486645464937,-0.00482040604239825,C_discount_zscore
2025-02,2025-03,-0.03432550188538422,0.603450282746958,0.6034502827469578,14,0.0,0,True,0.008815491015953948,-0.04314099290133817,C_discount_zscore
2025-03,2025-04,-0.0009638154834812501,0.436826729948113,0.43682672994811267,14,0.0,0,True,0.006381374279678458,-0.0073451897631597075,C_discount_zscore
2025-04,2025-05,0.0488198016988496,0.44194623417261425,0.44194623417261414,14,0.0,0,True,0.006456162451608364,0.042363639247241236,C_discount_zscore
2025-05,2025-06,0.035074527553580905,0.6436827343575534,0.6436827343575533,14,0.0,0,True,0.009403225955953519,0.025671301597627386,C_discount_zscore
2025-06,2025-07,0.03423481610205948,0.3659036657309708,0.3659036657309706,14,0.0,0,True,0.00534529615807401,0.02888951994398547,C_discount_zscore
2025-07,2025-08,0.008161583784402168,0.4415549245262105,0.44155492452621015,14,0.0,0,True,0.006450446012705351,0.0017111377716968173,C_discount_zscore
2025-08,2025-09,0.03503470484325001,0.5093729839623817,0.5093729839623815,14,0.0,0,True,0.0074411647359737135,0.0275935401072763,C_discount_zscore
2025-09,2025-10,0.04677555015089516,0.582498691504172,0.5824986915041721,14,0.07142857142857144,1,True,0.008509420127180884,0.038266130023714276,C_discount_zscore
2025-10,2025-11,-0.0005574127317948341,0.3725294125931086,0.3725294125931085,14,0.0,0,True,0.005442088244526066,-0.0059995009763209005,C_discount_zscore
2025-11,2025-12,0.01571936812729718,0.4251316865544042,0.42513168655440403,13,0.07692307692307694,1,True,0.0062105274793436875,0.009508840647953494,C_discount_zscore
2025-12,2026-01,0.03812153120588875,0.5498872105311887,0.5498872105311885,13,0.0,0,True,0.008033015979641792,0.03008851522624696,C_discount_zscore
2026-01,2026-02,0.031319391143422554,0.6216723863202592,0.621672386320259,13,0.0,0,True,0.009081688240373144,0.02223770290304941,C_discount_zscore
2026-02,2026-03,-0.062179348807831394,0.38895852430605377,0.38895852430605365,13,0.0,0,True,0.005682092584314076,-0.06786144139214548,C_discount_zscore
2026-03,2026-04,0.06852261511006673,0.5449232141612352,0.5449232141612351,13,0.07692307692307694,1,True,0.007960499540999403,0.06056211556906733,C_discount_zscore
2026-04,2026-05,0.05838601104340598,0.5469064503777793,0.546906450377779,13,0.07692307692307694,1,True,0.007989471606386252,0.05039653943701973,C_discount_zscore
2026-05,2026-06,0.02745478477027816,0.5519548917576782,0.551954891757678,13,0.0,0,True,0.008063221658215679,0.01939156311206248,C_discount_zscore
2026-06,2026-07,-0.003867450062233357,0.3173842065228778,0.3173842065228776,13,0.0,0,True,0.004636500638415197,-0.008503950700648553,C_discount_zscore
2026-07,2026-08,,0.3245542647485514,0.3245542647485513,13,1.0000000000000004,13,True,0.004741244286201003,,C_discount_zscore
2008-12,2009-01,-0.001679550685421167,1.0,0.0,20,0.0,0,True,0.009684439905632093,-0.01136399059105326,D_sector_neutral_zscore
2009-01,2009-02,-0.02571790958171183,0.767775960248072,0.7677759602480722,22,0.0,0,True,0.01127435994925179,-0.036992269530963615,D_sector_neutral_zscore
2009-02,2009-03,0.06986131425281293,0.7239068247394197,0.7239068247394197,22,0.0,0,True,0.010630166265162952,0.05923114798764998,D_sector_neutral_zscore
2009-03,2009-04,0.20517842747244017,0.5960198662198644,0.5960198662198642,22,0.0,0,True,0.008752217908068478,0.19642620956437168,D_sector_neutral_zscore
2009-04,2009-05,0.11086604548426307,0.6765742668599973,0.6765742668599974,22,0.0,0,True,0.009935114163402722,0.10093093132086035,D_sector_neutral_zscore
2009-05,2009-06,0.026199925701845858,0.6530345660556016,0.6530345660556015,23,0.0,0,True,0.009589446841544013,0.016610478860301845,D_sector_neutral_zscore
2009-06,2009-07,0.03777013750583401,0.565324720467216,0.5653247204672163,24,0.0,0,True,0.008301476884869097,0.029468660620964912,D_sector_neutral_zscore
2009-07,2009-08,0.10383009229497539,0.743605930332234,0.7436059303322339,24,0.0,0,True,0.010919436597435335,0.09291065569754006,D_sector_neutral_zscore
2009-08,2009-09,0.09621185194679538,0.6223314741920838,0.6223314741920839,24,0.0,0,True,0.009138589134157086,0.08707326281263829,D_sector_neutral_zscore
2009-09,2009-10,-0.00420537077188847,0.5929851104505406,0.5929851104505403,24,0.0,0,True,0.008707654219345572,-0.012913024991234041,D_sector_neutral_zscore
2009-10,2009-11,0.014247349543919683,0.8072614745153999,0.8072614745154,24,0.0,0,True,0.011854182610653343,0.0023931669332663396,D_sector_neutral_zscore
2009-11,2009-12,0.05726298741016863,0.6247907984887626,0.6247907984887625,24,0.0,0,True,0.009174702934000125,0.0480882844761685,D_sector_neutral_zscore
2009-12,2010-01,0.0016886610477947232,0.5483229725141391,0.5483229725141391,24,0.0,0,True,0.008051815738761434,-0.006363154690966711,D_sector_neutral_zscore
2010-01,2010-02,0.021036013996968587,0.417912544578854,0.4179125445788541,24,0.0,0,True,0.006136811646677976,0.014899202350290611,D_sector_neutral_zscore
2010-02,2010-03,0.080298638985508,0.4183481460675289,0.41834814606752885,23,0.0,0,True,0.006143208210561225,0.07415543077494677,D_sector_neutral_zscore
2010-03,2010-04,0.010524669045105984,0.3274800589818588,0.3274800589818586,24,0.0,0,True,0.004808861246411958,0.005715807798694026,D_sector_neutral_zscore
2010-04,2010-05,-0.051903463187590246,0.5027794796983877,0.5027794796983877,24,0.0,0,True,0.007383035055415945,-0.05928649824300619,D_sector_neutral_zscore
2010-05,2010-06,-0.0011414735431419013,0.5135111671746894,0.5135111671746894,24,0.0,0,True,0.007540623875247721,-0.008682097418389623,D_sector_neutral_zscore
2010-06,2010-07,0.04869869725232316,0.6726462180628977,0.6726462180628977,24,0.0,0,True,0.009877432966895323,0.03882126428542784,D_sector_neutral_zscore
2010-07,2010-08,-0.0015093780125978035,0.6633594462457651,0.6633594462457653,24,0.0,0,True,0.009741061924229322,-0.011250439936827126,D_sector_neutral_zscore
2010-08,2010-09,0.0771322145124933,0.44772109408478333,0.44772109408478344,24,0.0,0,True,0.0065745335005718535,0.07055768101192145,D_sector_neutral_zscore
2010-09,2010-10,0.06817834200917151,0.5629454296905876,0.5629454296905876,24,0.0,0,True,0.00826653833244167,0.059911803676729845,D_sector_neutral_zscore
2010-10,2010-11,0.0046063703470432035,0.5384106015258524,0.5384106015258524,24,0.0,0,True,0.007906258122661606,-0.0032998877756184024,D_sector_neutral_zscore
2010-11,2010-12,0.08117884851640796,0.5904804287972483,0.5904804287972484,24,0.0,0,True,0.008670874372125062,0.0725079741442829,D_sector_neutral_zscore
2010-12,2011-01,0.012944504083026736,0.5202297948652784,0.5202297948652785,24,0.04487179487179487,1,True,0.007639283159818494,0.005305220923208242,D_sector_neutral_zscore
2011-01,2011-02,-0.006350329341335006,0.5314407617670257,0.5314407617670257,24,0.0,0,True,0.00780390992957123,-0.014154239270906237,D_sector_neutral_zscore
2011-02,2011-03,0.010828582128373178,0.5433409813028216,0.5433409813028215,24,0.0,0,True,0.007978657988208454,0.002849924140164724,D_sector_neutral_zscore
2011-03,2011-04,0.025603134167688557,0.5025705580739556,0.5025705580739556,23,0.0,0,True,0.007379967158376985,0.01822316700931157,D_sector_neutral_zscore
2011-04,2011-05,0.007211725251259168,0.638061859501019,0.638061859501019,22,0.0,0,True,0.009369581031918582,-0.002157855780659414,D_sector_neutral_zscore
2011-05,2011-06,0.0019160733961373125,0.45285950570129085,0.45285950570129085,21,0.0,0,True,0.00664998819716486,-0.004733914801027547,D_sector_neutral_zscore
2011-06,2011-07,-0.0047058006439002825,0.47604752327705296,0.4760475232770532,22,0.0,0,True,0.00699049124778688,-0.011696291891687163,D_sector_neutral_zscore
2011-07,2011-08,-0.06836859022886406,0.35661569272775295,0.3566156927277532,22,0.0,0,True,0.005236701709266049,-0.0736052919381301,D_sector_neutral_zscore
2011-08,2011-09,-0.05559908730223526,0.5136984224143333,0.5136984224143335,22,0.0,0,True,0.0075433736135612885,-0.06314246091579655,D_sector_neutral_zscore
2011-09,2011-10,0.05870719984272637,0.5550687024676768,0.5550687024676769,23,0.0,0,True,0.00815087300488378,0.050556326837842586,D_sector_neutral_zscore
2011-10,2011-11,-0.019295236491055974,0.5288144432480562,0.528814443248056,23,0.0,0,True,0.007765343913106373,-0.027060580404162347,D_sector_neutral_zscore
2011-11,2011-12,0.03025094619443162,0.583265276290133,0.583265276290133,23,0.0,0,True,0.008564923898724357,0.021686022295707263,D_sector_neutral_zscore
2011-12,2012-01,0.05792130889945678,0.6249628405184997,0.6249628405184996,23,0.0,0,True,0.009177229274847043,0.048744079624609735,D_sector_neutral_zscore
2012-01,2012-02,0.08109105342752879,0.5646313593010908,0.5646313593010911,23,0.0,0,True,0.00829129526449223,0.07279975816303655,D_sector_neutral_zscore
2012-02,2012-03,0.001939774685124893,0.654171832486527,0.654171832486527,23,0.0,0,True,0.00960614696210563,-0.007666372276980738,D_sector_neutral_zscore
2012-03,2012-04,-0.0066917987237496614,0.6044839064131815,0.6044839064131816,21,0.0,0,True,0.008876507597646098,-0.01556830632139576,D_sector_neutral_zscore
2012-04,2012-05,-0.045155990008691395,0.4868827935348995,0.48688279353489955,22,0.0,0,True,0.0071496011227495096,-0.052305591131440905,D_sector_neutral_zscore
2012-05,2012-06,0.05228322246483799,0.46280621639887226,0.46280621639887226,22,0.0,0,True,0.0067960500726622014,0.04548717239217579,D_sector_neutral_zscore
2012-06,2012-07,0.021800697082640742,0.7087386245679306,0.7087386245679305,21,0.0,0,True,0.010407429741268123,0.01139326734137262,D_sector_neutral_zscore
2012-07,2012-08,0.019170657158837923,0.6478581942564573,0.6478581942564574,21,0.0273972602739726,1,True,0.009513434720930272,0.009657222437907651,D_sector_neutral_zscore
2012-08,2012-09,0.037262292014470344,0.5607980255720487,0.5607980255720486,21,0.0,0,True,0.00823500490570988,0.029027287108760465,D_sector_neutral_zscore
2012-09,2012-10,0.019246757496447223,0.2646124989749141,0.2646124989749141,21,0.0,0,True,0.0038856863394762606,0.015361071156970963,D_sector_neutral_zscore
2012-10,2012-11,0.012990812906523019,0.5562916624285473,0.5562916624285471,21,0.0,0,True,0.008168831486936177,0.004821981419586842,D_sector_neutral_zscore
2012-11,2012-12,0.03722814446503416,0.6559295575496289,0.6559295575496289,21,0.0,0,True,0.009631958170165374,0.027596186294868787,D_sector_neutral_zscore
2012-12,2013-01,0.0894074974841374,0.6071110242567739,0.607111024256774,21,0.0,0,True,0.008915085351745344,0.08049241213239205,D_sector_neutral_zscore
2013-01,2013-02,0.03884924369462509,0.5603713865696669,0.5603713865696666,21,0.047619047619047616,1,True,0.008228739950918003,0.03062050374370709,D_sector_neutral_zscore
2013-02,2013-03,0.019887483316790324,0.6238307015730298,0.6238307015730296,22,0.0,0,True,0.009160604448537463,0.01072687886825286,D_sector_neutral_zscore
2013-03,2013-04,0.0197439548657493,0.6952392336275075,0.6952392336275073,22,0.0,0,True,0.010209198746240844,0.009534756119508455,D_sector_neutral_zscore
2013-04,2013-05,0.0297521120280866,0.29119397361177746,0.2911939736117775,22,0.0,0,True,0.004276020406384364,0.025476091621702238,D_sector_neutral_zscore
2013-05,2013-06,-0.03319320146148706,0.33596511089128217,0.33596511089128217,22,0.0,0,True,0.0049334594812720555,-0.03812666094275912,D_sector_neutral_zscore
2013-06,2013-07,0.06761758237951239,0.673019229042448,0.6730192290424479,22,0.0,0,True,0.00988291042420867,0.05773467195530372,D_sector_neutral_zscore
2013-07,2013-08,-0.006674772358924207,0.6840564281925443,0.6840564281925443,21,0.0,0,True,0.010044985511854752,-0.016719757870778958,D_sector_neutral_zscore
2013-08,2013-09,0.035042663684836606,0.5664291310744198,0.5664291310744198,21,0.02666666666666667,1,True,0.008317694536061722,0.026724969148774882,D_sector_neutral_zscore
2013-09,2013-10,0.04604699446987234,0.44535489270216,0.4453548927021599,21,0.0,0,True,0.006539787158564098,0.039507207311308246,D_sector_neutral_zscore
2013-10,2013-11,0.013039588057675964,0.6502785238812118,0.6502785238812117,20,0.0,0,True,0.009548975905856797,0.003490612151819167,D_sector_neutral_zscore
2013-11,2013-12,0.0059291595266842915,0.3297030126819412,0.3297030126819413,20,0.0273972602739726,1,True,0.004841504076433822,0.0010876554502504696,D_sector_neutral_zscore
2013-12,2014-01,-0.012572244843001382,0.5217651284755104,0.5217651284755102,20,0.0,0,True,0.007661828673953039,-0.020234073516954422,D_sector_neutral_zscore
2014-01,2014-02,0.04389314733158523,0.7045771841613682,0.7045771841613682,20,0.0,0,True,0.010346321319697087,0.033546826011888145,D_sector_neutral_zscore
2014-02,2014-03,0.008599606210835928,0.6398714075393258,0.6398714075393259,19,0.0,0,True,0.009396153231343452,-0.0007965470205075244,D_sector_neutral_zscore
2014-03,2014-04,0.004721604059650978,0.5554515130117007,0.5554515130117006,19,0.0,0,True,0.008156494363312741,-0.0034348903036617636,D_sector_neutral_zscore
2014-04,2014-05,0.021859805498352144,0.35141347615388113,0.35141347615388097,19,0.0,0,True,0.005160310072610943,0.0166994954257412,D_sector_neutral_zscore
2014-05,2014-06,0.004890143447245435,0.4448742281588711,0.4448742281588711,19,0.034722222222222224,1,True,0.006532728868963404,-0.001642585421717969,D_sector_neutral_zscore
2014-06,2014-07,-0.001688199132710217,0.32107127943085884,0.3210712794308588,19,0.0,0,True,0.004714751908226856,-0.006402951040937074,D_sector_neutral_zscore
2014-07,2014-08,0.02790969422250353,0.2983763186782291,0.2983763186782293,20,0.0,0,True,0.004381489120894187,0.023528205101609342,D_sector_neutral_zscore
2014-08,2014-09,-0.0030911249850871492,0.5018144705732653,0.5018144705732654,20,0.0,0,True,0.0073688644369097,-0.01045998942199685,D_sector_neutral_zscore
2014-09,2014-10,0.011519594473197045,0.5791067575238388,0.5791067575238388,21,0.0,0,True,0.008503858379804266,0.0030157360933927794,D_sector_neutral_zscore
2014-10,2014-11,0.03396286316950311,0.5589822500851224,0.5589822500851224,21,0.0,0,True,0.00820834125968999,0.02575452190981312,D_sector_neutral_zscore
2014-11,2014-12,-0.009435892833576027,0.5197794603446224,0.5197794603446224,21,0.0,0,True,0.007632670249612487,-0.017068563083188514,D_sector_neutral_zscore
2014-12,2015-01,0.01621048038525918,0.3538758621773834,0.35387586217738337,21,0.0,0,True,0.0051964688321975315,0.01101401155306165,D_sector_neutral_zscore
2015-01,2015-02,0.01997574837786544,0.5513657926138946,0.5513657926138946,20,0.0,0,True,0.008096497847659943,0.011879250530205495,D_sector_neutral_zscore
2015-02,2015-03,0.014208250164372938,0.44451888379990456,0.44451888379990456,21,0.0,0,True,0.006527510836078354,0.007680739328294583,D_sector_neutral_zscore
2015-03,2015-04,0.019229970129117216,0.5129036898587724,0.5129036898587723,21,0.0,0,True,0.007531703411108104,0.011698266718009113,D_sector_neutral_zscore
2015-04,2015-05,0.025207904401771387,0.42795710913117574,0.4279571091311757,21,0.0,0,True,0.006284310451224786,0.018923593950546602,D_sector_neutral_zscore
2015-05,2015-06,-0.04133598204915778,0.36363638596026665,0.3636363859602668,21,0.0,0,True,0.0053397966571347745,-0.04667577870629255,D_sector_neutral_zscore
2015-06,2015-07,0.007827264128273264,0.4046496652965283,0.4046496652965282,21,0.0,0,True,0.005942053692881009,0.0018852104353922552,D_sector_neutral_zscore
2015-07,2015-08,-0.04713258260905318,0.55260379087444,0.55260379087444,21,0.0,0,True,0.0081146771587202,-0.05524725976777338,D_sector_neutral_zscore
2015-08,2015-09,-0.019886930993179588,0.5540319981714102,0.5540319981714101,21,0.0,0,True,0.008135649582945343,-0.02802258057612493,D_sector_neutral_zscore
2015-09,2015-10,0.05177121862378391,0.4916091356932744,0.4916091356932746,21,0.0,0,True,0.007219004810147622,0.044552213813636284,D_sector_neutral_zscore
2015-10,2015-11,0.018490045845844544,0.636408405831378,0.6364084058313783,20,0.0,0,True,0.009345300990869993,0.009144744854974551,D_sector_neutral_zscore
2015-11,2015-12,0.013404979382630439,0.6532245951149557,0.6532245951149558,20,0.0,0,True,0.009592237311846422,0.0038127420707840167,D_sector_neutral_zscore
2015-12,2016-01,-0.060964972454697265,0.5171274218810248,0.5171274218810248,20,0.0,0,True,0.007593726550166363,-0.06855869900486362,D_sector_neutral_zscore
2016-01,2016-02,0.030208663854854097,0.5359637196276961,0.5359637196276961,21,0.0,0,True,0.00787032703247195,0.02233833682238215,D_sector_neutral_zscore
2016-02,2016-03,0.035973194201725484,0.5750904082970539,0.575090408297054,21,0.0,0,True,0.008444880540943512,0.02752831366078197,D_sector_neutral_zscore
2016-03,2016-04,0.02868438370447644,0.38198701053082085,0.38198701053082085,21,0.0,0,True,0.005609265300871892,0.023075118403604548,D_sector_neutral_zscore
2016-04,2016-05,0.0006070199613207132,0.651084278230866,0.6510842782308661,20,0.0,0,True,0.009560807957182997,-0.008953787995862285,D_sector_neutral_zscore
2016-05,2016-06,0.017577501358629278,0.6021695781881283,0.6021695781881284,20,0.0,0,True,0.008842522983903398,0.00873497837472588,D_sector_neutral_zscore
2016-06,2016-07,0.08721898412715856,0.6203538418326947,0.6203538418326946,20,0.0,0,True,0.0091095487106202,0.07810943541653836,D_sector_neutral_zscore
2016-07,2016-08,0.04038942609522331,0.7657750638302836,0.7657750638302836,20,0.0,0,True,0.01124497790604738,0.02914444818917593,D_sector_neutral_zscore
2016-08,2016-09,0.02646737366301496,0.6361849041529722,0.6361849041529724,20,0.0,0,True,0.009342018993904634,0.017125354669110325,D_sector_neutral_zscore
2016-09,2016-10,0.025409122668815926,0.6500627437953903,0.6500627437953903,20,0.0,0,True,0.009545807296153721,0.015863315372662203,D_sector_neutral_zscore
2016-10,2016-11,-0.0011146729423571514,0.8231460486017528,0.823146048601753,20,0.0,0,True,0.012087438684250953,-0.013202111626608105,D_sector_neutral_zscore
2016-11,2016-12,0.04334775687707322,0.5624874662734201,0.5624874662734201,20,0.061224489795918366,1,True,0.008259813396163296,0.035087943480909926,D_sector_neutral_zscore
2016-12,2017-01,0.03579355279131459,0.6036073072915771,0.6036073072915771,20,0.0,0,True,0.008863635230523569,0.026929917560791022,D_sector_neutral_zscore
2017-01,2017-02,0.039945080602099996,0.4409617308875416,0.44096173088754176,20,0.0,0,True,0.006475276037901616,0.03346980456419838,D_sector_neutral_zscore
2017-02,2017-03,0.033605879001385,0.4924533136422006,0.4924533136422007,20,0.0,0,True,0.0072314010905082885,0.026374477910876715,D_sector_neutral_zscore
2017-03,2017-04,0.025342566658512193,0.6864343095712919,0.6864343095712918,20,0.05517241379310345,1,True,0.010079903368063692,0.015262663290448501,D_sector_neutral_zscore
2017-04,2017-05,0.03767510956326002,0.8461357214856735,0.8461357214856734,20,0.0,0,True,0.012425029154165025,0.025250080409094995,D_sector_neutral_zscore
2017-05,2017-06,-0.009076260691245475,0.6425395895039306,0.6425395895039308,20,0.0,0,True,0.009435333989059984,-0.018511594680305457,D_sector_neutral_zscore
2017-06,2017-07,0.01572497370285743,0.19562606726043152,0.19562606726043155,20,0.0,0,True,0.0028726592286609487,0.012852314474196483,D_sector_neutral_zscore
2017-07,2017-08,0.0230912980834483,0.503634323734968,0.5036343237349679,20,0.0,0,True,0.007395587961299795,0.015695710122148505,D_sector_neutral_zscore
2017-08,2017-09,-0.004557572534716586,0.4230072942177196,0.4230072942177196,20,0.0,0,True,0.006211625191584138,-0.010769197726300724,D_sector_neutral_zscore
2017-09,2017-10,0.03390533699067692,0.39224249071582784,0.39224249071582784,20,0.0,0,True,0.005759861283352027,0.02814547570732489,D_sector_neutral_zscore
2017-10,2017-11,0.002614159447245143,0.5147432086782864,0.5147432086782866,21,0.0,0,True,0.007558715714668538,-0.004944556267423395,D_sector_neutral_zscore
2017-11,2017-12,0.036447653174066307,0.6400823788932469,0.6400823788932469,21,0.0,0,True,0.009399251227511916,0.02704840194655439,D_sector_neutral_zscore
2017-12,2018-01,0.002483133322716277,0.5414149969006673,0.5414149969006672,21,0.0,0,True,0.007950375985995834,-0.005467242663279557,D_sector_neutral_zscore
2018-01,2018-02,-0.017073359892604473,0.6650864048674311,0.6650864048674312,21,0.0,0,True,0.009766421344328688,-0.02683978123693316,D_sector_neutral_zscore
2018-02,2018-03,-0.019722077917420852,0.6267209889691979,0.6267209889691979,21,0.0,0,True,0.0092030467001165,-0.02892512461753735,D_sector_neutral_zscore
2018-03,2018-04,0.04498934447340239,0.5052749741175765,0.5052749741175766,21,0.0,0,True,0.007419679993249363,0.037569664480153024,D_sector_neutral_zscore
2018-04,2018-05,0.03322235231004561,0.4456300928019631,0.4456300928019631,21,0.0,0,True,0.00654382831789168,0.02667852399215393,D_sector_neutral_zscore
2018-05,2018-06,0.005738033704765447,0.6900353848814063,0.6900353848814064,20,0.0,0,True,0.010132783142050723,-0.004394749437285276,D_sector_neutral_zscore
2018-06,2018-07,0.024675073837462102,0.49000920011742466,0.4900092001174246,20,0.0,0,True,0.007195510652331173,0.017479563185130928,D_sector_neutral_zscore
2018-07,2018-08,0.0027135719920696744,0.5266392765825412,0.5266392765825411,20,0.0,0,True,0.007733402808921885,-0.00501983081685221,D_sector_neutral_zscore
2018-08,2018-09,-0.00847563365028625,0.47330173041752877,0.47330173041752877,20,0.0,0,True,0.006950170817547882,-0.015425804467834132,D_sector_neutral_zscore
2018-09,2018-10,-0.05211840545702881,0.4644518242861603,0.4644518242861603,20,0.0,0,True,0.006820214902791317,-0.05893862035982013,D_sector_neutral_zscore
2018-10,2018-11,0.016805544698576643,0.5235696793168704,0.5235696793168703,20,0.0,0,True,0.007688327492339648,0.009117217206236995,D_sector_neutral_zscore
2018-11,2018-12,-0.03653139573163784,0.6209290498721826,0.6209290498721828,20,0.0,0,True,0.009117995318509299,-0.04564939105014714,D_sector_neutral_zscore
2018-12,2019-01,0.05189547211816055,0.5558734009919692,0.5558734009919691,20,0.0,0,True,0.008162689552005904,0.04373278256615465,D_sector_neutral_zscore
2019-01,2019-02,0.025541944664283667,0.8524541867897794,0.8524541867897794,20,0.0,0,True,0.01251781227821899,0.013024132386064678,D_sector_neutral_zscore
2019-02,2019-03,0.008368409612490968,0.474430451121895,0.474430451121895,20,0.0,0,True,0.006966745448901392,0.0014016641635895763,D_sector_neutral_zscore
2019-03,2019-04,0.04531488957360011,0.5751368271166899,0.5751368271166897,20,0.02666666666666667,1,True,0.008445562175310947,0.03686932739828916,D_sector_neutral_zscore
2019-04,2019-05,-0.02317229957114418,0.7186616365132523,0.7186616365132521,19,0.0,0,True,0.010553143613862068,-0.03372544318500625,D_sector_neutral_zscore
2019-05,2019-06,0.04070225964104027,0.5068457093140584,0.5068457093140583,21,0.0,0,True,0.007442745359849762,0.033259514281190505,D_sector_neutral_zscore
2019-06,2019-07,0.024211856254108724,0.6087765200281389,0.6087765200281386,21,0.0,0,True,0.008939542224313037,0.015272314029795687,D_sector_neutral_zscore
2019-07,2019-08,-0.022144049025432537,0.6746338675151293,0.6746338675151293,21,0.0,0,True,0.009906620485830079,-0.03205066951126262,D_sector_neutral_zscore
2019-08,2019-09,0.028184287634710488,0.6465859093379676,0.6465859093379676,21,0.0,0,True,0.009494751929501865,0.01868953570520862,D_sector_neutral_zscore
2019-09,2019-10,0.0016061062171375308,0.503596727771119,0.5035967277711189,21,0.0,0,True,0.007395035885627961,-0.0057889296684904305,D_sector_neutral_zscore
2019-10,2019-11,0.027467106593496847,0.6023060363139583,0.6023060363139584,21,0.0,0,True,0.008844526795051783,0.018622579798445064,D_sector_neutral_zscore
2019-11,2019-12,0.05321258215503126,0.49467175474044056,0.49467175474044056,21,0.0,0,True,0.007263977655499576,0.045948604499531684,D_sector_neutral_zscore
2019-12,2020-01,0.006944301300530197,0.7610348686984282,0.761034868698428,22,0.0,0,True,0.011175370795492679,-0.004231069494962482,D_sector_neutral_zscore
2020-01,2020-02,-0.10063160703233719,0.7397592760844223,0.7397592760844222,22,0.0,0,True,0.010862950634295598,-0.11149455766663278,D_sector_neutral_zscore
2020-02,2020-03,-0.11660739007420075,0.7294750445504912,0.7294750445504913,22,0.0,0,True,0.010711932454359982,-0.12731932252856074,D_sector_neutral_zscore
2020-03,2020-04,0.172677759299075,0.7759694458782131,0.7759694458782133,22,0.0,0,True,0.011394676696605256,0.16128308260246974,D_sector_neutral_zscore
2020-04,2020-05,0.04538445861240081,0.7841377579128729,0.7841377579128725,23,0.0,0,True,0.011514623783808667,0.03386983482859215,D_sector_neutral_zscore
2020-05,2020-06,0.03405820336275936,0.6042496130113306,0.6042496130113304,23,0.0,0,True,0.008873067130266333,0.02518513623249303,D_sector_neutral_zscore
2020-06,2020-07,-0.009600425891999368,0.6335206452494717,0.6335206452494717,22,0.0,0,True,0.009302895844143136,-0.018903321736142502,D_sector_neutral_zscore
2020-07,2020-08,0.05072988201502824,0.6138587863840099,0.6138587863840099,22,0.0,0,True,0.009014172459200241,0.041715709555828,D_sector_neutral_zscore
2020-08,2020-09,-0.004332348525661797,0.5280276968901367,0.528027696890137,22,0.0,0,True,0.007753790983492532,-0.012086139509154329,D_sector_neutral_zscore
2020-09,2020-10,0.02148911339879435,0.4658725554834424,0.4658725554834425,23,0.0,0,True,0.006841077544679863,0.014648035854114486,D_sector_neutral_zscore
2020-10,2020-11,0.15515113888833038,0.6258115544435428,0.6258115544435426,23,0.0,0,True,0.00918969216347641,0.14596144672485398,D_sector_neutral_zscore
2020-11,2020-12,0.0748595859883084,0.630933014166704,0.6309330141667038,22,0.0,0,True,0.009264897931010286,0.06559468805729811,D_sector_neutral_zscore
2020-12,2021-01,0.019270328598812725,0.601401772837586,0.6014017728375861,22,0.0,0,True,0.008831248192374136,0.01043908040643859,D_sector_neutral_zscore
2021-01,2021-02,0.017304431796825448,0.6479634966633648,0.6479634966633648,23,0.0,0,True,0.009514981027796422,0.007789450769029026,D_sector_neutral_zscore
2021-02,2021-03,0.05274905307867356,0.5024040657361935,0.5024040657361936,24,0.0,0,True,0.0073775223116483695,0.04537153076702519,D_sector_neutral_zscore
2021-03,2021-04,0.06959224601579578,0.5758454777515105,0.5758454777515103,25,0.0,0,True,0.008455968312972057,0.06113627770282372,D_sector_neutral_zscore
2021-04,2021-05,0.009412644283019278,0.48350729614407856,0.4835072961440785,25,0.0,0,True,0.007100033834162382,0.0023126104488568958,D_sector_neutral_zscore
2021-05,2021-06,0.025424027689909215,0.4734120600136118,0.47341206001361197,25,0.0,0,True,0.006951790945871377,0.018472236744037838,D_sector_neutral_zscore
2021-06,2021-07,0.006299372363013775,0.6128653405634278,0.6128653405634277,25,0.0,0,True,0.008999584263748401,-0.002700211900734626,D_sector_neutral_zscore
2021-07,2021-08,0.03856913257934322,0.39655394194923854,0.39655394194923854,25,0.0,0,True,0.005823172529895111,0.03274596004944811,D_sector_neutral_zscore
2021-08,2021-09,-0.0020110826306970766,0.5344301965650354,0.5344301965650354,25,0.0,0,True,0.00784780810521441,-0.009858890735911487,D_sector_neutral_zscore
2021-09,2021-10,0.02996325184955702,0.5858230315808971,0.5858230315808971,25,0.07643312101910828,1,True,0.008602483102584895,0.021360768746972125,D_sector_neutral_zscore
2021-10,2021-11,-0.0075296775753854964,0.3999855062198208,0.39998550621982093,24,0.0,0,True,0.005873563129208791,-0.013403240704594288,D_sector_neutral_zscore
2021-11,2021-12,0.04087143903305572,0.6163627519739733,0.6163627519739733,25,0.0,0,True,0.00905094179143183,0.03182049724162389,D_sector_neutral_zscore
2021-12,2022-01,-0.025042581729600794,0.4550005924379405,0.4550005924379405,25,0.0,0,True,0.006681428856681937,-0.03172401058628273,D_sector_neutral_zscore
2022-01,2022-02,-0.016756918460310112,0.5696842162432422,0.5696842162432421,25,0.01875,1,True,0.008365493638611008,-0.025122412098921118,D_sector_neutral_zscore
2022-02,2022-03,0.02861627809447858,0.5590192969212407,0.5590192969212409,25,0.0,0,True,0.008208885271728665,0.020407392822749913,D_sector_neutral_zscore
2022-03,2022-04,-0.026871162075929204,0.4493376289950043,0.44933762899500407,25,0.0,0,True,0.006598271410316348,-0.03346943348624555,D_sector_neutral_zscore
2022-04,2022-05,-0.026155658302061638,0.46394280431164225,0.46394280431164225,25,0.0,0,True,0.006812740229564741,-0.03296839853162638,D_sector_neutral_zscore
2022-05,2022-06,-0.05345438439860308,0.3057356800509969,0.305735680050997,25,0.0,0,True,0.004489557220716425,-0.057943941619319504,D_sector_neutral_zscore
2022-06,2022-07,0.08531813761521523,0.4404437012924449,0.4404437012924448,25,0.0,0,True,0.0064676690634430795,0.07885046855177215,D_sector_neutral_zscore
2022-07,2022-08,0.02128520952156654,0.5866511588128986,0.5866511588128986,25,0.0,0,True,0.00861464368715744,0.012670565834409099,D_sector_neutral_zscore
2022-08,2022-09,-0.06701678058424401,0.7161580616185451,0.7161580616185451,25,0.0,0,True,0.010516380018771492,-0.0775331606030155,D_sector_neutral_zscore
2022-09,2022-10,0.005921520972980793,0.35447653024754955,0.3544765302475495,25,0.025477707006369428,1,True,0.005205289306377118,0.0007162316666036745,D_sector_neutral_zscore
2022-10,2022-11,0.0932406116162725,0.702431570665242,0.702431570665242,25,0.0,0,True,0.010314814187252509,0.08292579742902,D_sector_neutral_zscore
2022-11,2022-12,0.004044414056081404,0.6421934056543619,0.6421934056543619,24,0.025974025974025976,1,True,0.00943025047312469,-0.005385836417043286,D_sector_neutral_zscore
2022-12,2023-01,0.051601431820263194,0.5509579984054117,0.5509579984054119,24,0.0,0,True,0.008090509618111611,0.04351092220215158,D_sector_neutral_zscore
2023-01,2023-02,-0.004496830785563372,0.5586920824529173,0.5586920824529173,24,0.0,0,True,0.008204080310532316,-0.012700911096095687,D_sector_neutral_zscore
2023-02,2023-03,-0.03219295056044485,0.2526991541163897,0.2526991541163897,25,0.0,0,True,0.0037107455428261873,-0.035903696103271036,D_sector_neutral_zscore
2023-03,2023-04,0.004062816136105113,0.4061020370348769,0.4061020370348769,25,0.0,0,True,0.005963380958393429,-0.001900564822288316,D_sector_neutral_zscore
2023-04,2023-05,-0.015309396275786789,0.4601096215052423,0.4601096215052423,25,0.0,0,True,0.006756452086996859,-0.02206584836278365,D_sector_neutral_zscore
2023-05,2023-06,0.006624045307490328,0.4314806691737453,0.4314806691737453,25,0.0,0,True,0.006336051956923785,0.0002879933505665431,D_sector_neutral_zscore
2023-06,2023-07,0.03255471125889626,0.5224740128070906,0.5224740128070905,25,0.0,0,True,0.007672238243320174,0.024882473015576084,D_sector_neutral_zscore
2023-07,2023-08,-0.015307472880503083,0.5824277376653535,0.5824277376653535,25,0.11688311688311688,2,True,0.008552625113120138,-0.023860097993623222,D_sector_neutral_zscore
2023-08,2023-09,0.00468332499436576,0.7062249171517796,0.7062249171517796,24,0.0,0,True,0.010370517355775311,-0.005687192361409551,D_sector_neutral_zscore
2023-09,2023-10,-0.0572937068289269,0.2838823514841109,0.2838823514841108,23,0.0,0,True,0.004168653330637954,-0.061462360159564855,D_sector_neutral_zscore
2023-10,2023-11,0.06740061768981966,0.5293763999158396,0.5293763999158394,24,0.0,0,True,0.007773595932024008,0.05962702175779565,D_sector_neutral_zscore
2023-11,2023-12,0.062407928504086906,0.2989386067969502,0.2989386067969503,24,0.0,0,True,0.004389746006983198,0.05801818249710371,D_sector_neutral_zscore
2023-12,2024-01,0.005532157758899667,0.5060179757457905,0.5060179757457905,24,0.0,0,True,0.00743059055600866,-0.0018984327971089928,D_sector_neutral_zscore
2024-01,2024-02,0.005261242309267665,0.5226984572333904,0.5226984572333903,24,0.0,0,True,0.007675534084010327,-0.0024142917747426622,D_sector_neutral_zscore
2024-02,2024-03,0.017511865853129586,0.6469345660785273,0.6469345660785274,24,0.0,0,True,0.009499871758456308,0.008011994094673278,D_sector_neutral_zscore
2024-03,2024-04,0.0206197017298461,0.3766951429711499,0.37669514297115003,24,0.0,0,True,0.005531557189703341,0.01508814454014276,D_sector_neutral_zscore
2024-04,2024-05,0.021987895644933395,0.318393179994093,0.31839317999409295,24,0.02097902097902098,1,True,0.004675425517986361,0.017312470126947033,D_sector_neutral_zscore
2024-05,2024-06,0.007356906297733468,0.4181606112174979,0.41816061121749787,23,0.0,0,True,0.006140454366325734,0.0012164519314077343,D_sector_neutral_zscore
2024-06,2024-07,0.0581741747887369,0.5734943455910022,0.5734943455910024,23,0.0,0,True,0.008421443254050877,0.04975273153468602,D_sector_neutral_zscore
2024-07,2024-08,-0.01749813173639979,0.6758326444036132,0.6758326444036131,24,0.02127659574468085,1,True,0.00992422385300928,-0.02742235558940907,D_sector_neutral_zscore
2024-08,2024-09,0.0007467024841867221,0.43379334139113346,0.4337933413911335,23,0.0,0,True,0.006370012253121447,-0.005623309768934725,D_sector_neutral_zscore
2024-09,2024-10,-0.03151193990145513,0.3729654085311249,0.3729654085311249,23,0.0,0,True,0.005476788128454826,-0.036988728029909955,D_sector_neutral_zscore
2024-10,2024-11,0.011303038547180823,0.43112724474571507,0.4311272447457152,23,0.0,0,True,0.006330862117149193,0.00497217643003163,D_sector_neutral_zscore
2024-11,2024-12,0.019079147656648032,0.3881729931066661,0.3881729931066661,24,0.0,0,True,0.005700102990264178,0.013379044666383854,D_sector_neutral_zscore
2024-12,2025-01,0.03097667093530042,0.3198559996050266,0.31985599960502653,23,0.0,0,True,0.004696906204655895,0.026279764730644528,D_sector_neutral_zscore
2025-01,2025-02,-0.01071576795162421,0.46007047218501196,0.4600704721850119,23,0.0,0,True,0.00675587720115659,-0.0174716451527808,D_sector_neutral_zscore
2025-02,2025-03,-0.037372906265639716,0.5251221645336059,0.5251221645336059,22,0.0,0,True,0.007711124868209185,-0.0450840311338489,D_sector_neutral_zscore
2025-03,2025-04,0.0022330255446499506,0.3823011842881541,0.38230118428815413,21,0.0,0,True,0.005613878766531379,-0.0033808532218814287,D_sector_neutral_zscore
2025-04,2025-05,0.04478229604784177,0.4350986835856761,0.435098683585676,21,0.0,0,True,0.006389180472133493,0.03839311557570828,D_sector_neutral_zscore
2025-05,2025-06,0.037395869937946094,0.47397226865272113,0.47397226865272135,21,0.0,0,True,0.006960017295966995,0.0304358526419791,D_sector_neutral_zscore
2025-06,2025-07,0.028626798348247228,0.20798929764915675,0.20798929764915688,21,0.0,0,True,0.0030542063423436693,0.02557259200590356,D_sector_neutral_zscore
2025-07,2025-08,-0.004921027297531952,0.3128696888117593,0.31286968881175964,21,0.0,0,True,0.004594316143650095,-0.009515343441182047,D_sector_neutral_zscore
2025-08,2025-09,0.03452577839678003,0.29338132963111335,0.2933813296311133,21,0.0,0,True,0.0043081405044025235,0.03021763789237751,D_sector_neutral_zscore
2025-09,2025-10,0.03728735563513161,0.6433201258195873,0.6433201258195873,21,0.032,1,True,0.009446795727681407,0.0278405599074502,D_sector_neutral_zscore
2025-10,2025-11,0.007875256233915084,0.5947237045385064,0.5947237045385063,21,0.0,0,True,0.008733184499750593,-0.000857928265835509,D_sector_neutral_zscore
2025-11,2025-12,0.011177189525374706,0.3674799274909614,0.3674799274909615,21,0.07916666666666666,1,True,0.0053962369117670625,0.005780952613607644,D_sector_neutral_zscore
2025-12,2026-01,0.02721144631015671,0.4521481759201261,0.452148175920126,21,0.0,0,True,0.00663954271774026,0.02057190359241645,D_sector_neutral_zscore
2026-01,2026-02,0.03690659587621324,0.35160649287967416,0.3516064928796741,21,0.0,0,True,0.005163144415121633,0.03174345146109161,D_sector_neutral_zscore
2026-02,2026-03,-0.06916309648913235,0.4223357483568019,0.42233574835680177,21,0.0,0,True,0.006201763916745615,-0.07536486040587796,D_sector_neutral_zscore
2026-03,2026-04,0.07948422157327949,0.48301186340042807,0.48301186340042795,21,0.1016949152542373,1,True,0.007092758681810963,0.07239146289146853,D_sector_neutral_zscore
2026-04,2026-05,0.06754904666906232,0.559611286563897,0.559611286563897,21,0.07692307692307693,1,True,0.008217578308061007,0.05933146836100131,D_sector_neutral_zscore
2026-05,2026-06,0.013147384295326739,0.568197618732494,0.568197618732494,21,0.0,0,True,0.008343663786800563,0.004803720508526175,D_sector_neutral_zscore
2026-06,2026-07,0.003257739264106603,0.408973620503038,0.40897362050303804,21,0.0,0,True,0.006005548553265646,-0.0027478092891590434,D_sector_neutral_zscore
2026-07,2026-08,,0.4706839960857993,0.47068399608579925,21,1.0,21,True,0.006911730855064691,,D_sector_neutral_zscore
2008-12,2009-01,0.021999042877743465,1.0,0.0,16,0.0,0,True,0.009631371337843314,0.01236767153990015,E_discount_overshoot
2009-01,2009-02,-0.06227041343405794,0.4204112386358085,0.4204112386358084,17,0.0,0,True,0.006151192947083174,-0.06842160638114111,E_discount_overshoot
2009-02,2009-03,0.1028232026483857,0.5643838969218751,0.5643838969218751,17,0.0,0,True,0.008257710372963039,0.09456549227542266,E_discount_overshoot
2009-03,2009-04,0.19267230149938108,0.6273764406036809,0.6273764406036811,17,0.0,0,True,0.009179377671086855,0.18349292382829424,E_discount_overshoot
2009-04,2009-05,0.12587436285872178,0.7415121493855732,0.7415121493855731,17,0.0,0,True,0.010849339609182666,0.11502502324953912,E_discount_overshoot
2009-05,2009-06,0.04511340665766785,0.6746770809310952,0.6746770809310952,18,0.0,0,True,0.00987145090423502,0.035241955753432835,E_discount_overshoot
2009-06,2009-07,0.05168908723375949,0.6777186597785257,0.6777186597785259,18,0.0,0,True,0.009915953373805107,0.04177313385995439,E_discount_overshoot
2009-07,2009-08,0.11784114667932942,0.670607480488917,0.6706074804889172,18,0.0,0,True,0.00981190706896886,0.10802923961036057,E_discount_overshoot
2009-08,2009-09,0.11875909097993717,0.6799459976798208,0.6799459976798207,18,0.05555555555555555,1,True,0.009948542381733805,0.10881054859820337,E_discount_overshoot
2009-09,2009-10,0.013265652692656784,0.8986981354409802,0.8986981354409805,18,0.0,0,True,0.013149186140264387,0.00011646655239239655,E_discount_overshoot
2009-10,2009-11,0.010341083047576539,0.8932216187952371,0.8932216187952371,18,0.0,0,True,0.013069057191582637,-0.002727974144006098,E_discount_overshoot
2009-11,2009-12,0.059939444937605585,0.6772820325209804,0.6772820325209803,18,0.0,0,True,0.009909564918263735,0.050029880019341846,E_discount_overshoot
2009-12,2010-01,0.02368227168940556,0.7294687799917411,0.729468779991741,18,0.0,0,True,0.01067312859942269,0.013009143089982871,E_discount_overshoot
2010-01,2010-02,0.02395369321833049,0.6799488186724486,0.6799488186724488,18,0.0,0,True,0.009948583656724486,0.014005109561606005,E_discount_overshoot
2010-02,2010-03,0.08268136569461569,0.6689186891141657,0.6689186891141654,18,0.0,0,True,0.009787197735252726,0.07289416795936296,E_discount_overshoot
2010-03,2010-04,0.01733145347905846,0.5173513636222531,0.5173513636222532,18,0.0,0,True,0.007569559913296789,0.00976189356576167,E_discount_overshoot
2010-04,2010-05,-0.04333584252275251,0.6263319637350332,0.626331963735033,18,0.0,0,True,0.00916409554216788,-0.052499938064920385,E_discount_overshoot
2010-05,2010-06,0.002770614406361702,0.6786956494442437,0.6786956494442438,18,0.0,0,True,0.00993024807239746,-0.007159633666035758,E_discount_overshoot
2010-06,2010-07,0.03828435003341861,0.6185427488845106,0.6185427488845106,18,0.0,0,True,0.009050128647259643,0.029234221386158967,E_discount_overshoot
2010-07,2010-08,-0.008948798136798483,0.6768634208305853,0.676863420830585,18,0.0,0,True,0.0099034400551752,-0.018852238191973684,E_discount_overshoot
2010-08,2010-09,0.0697532176284189,0.4580375287583507,0.4580375287583507,18,0.0,0,True,0.0067017171699315144,0.0630515004584874,E_discount_overshoot
2010-09,2010-10,0.0913792779780002,0.5629868083802415,0.5629868083802416,17,0.0,0,True,0.008237269051718552,0.08314200892628165,E_discount_overshoot
2010-10,2010-11,0.011706852051636175,0.6587026990355398,0.6587026990355399,17,0.0,0,True,0.009637723790828629,0.0020691282608075456,E_discount_overshoot
2010-11,2010-12,0.0925905713569257,0.7703862402931965,0.7703862402931965,17,0.0,0,True,0.011271807155294748,0.08131876420163095,E_discount_overshoot
2010-12,2011-01,0.03425147667469375,0.7720613010339059,0.7720613010339056,17,0.0,0,True,0.011296315591005508,0.02295516108368824,E_discount_overshoot
2011-01,2011-02,-0.00698718776092576,0.6531033627912931,0.653103362791293,17,0.0,0,True,0.009555797822993609,-0.016542985583919367,E_discount_overshoot
2011-02,2011-03,0.01921206285408066,0.4247922073340772,0.4247922073340772,17,0.0,0,True,0.0062152925269270114,0.012996770327153647,E_discount_overshoot
2011-03,2011-04,0.016700822593248718,0.5408295092230364,0.5408295092230364,17,0.0,0,True,0.007913077379905802,0.008787745213342916,E_discount_overshoot
2011-04,2011-05,0.028032233730386283,0.47993701263223093,0.4799370126322311,17,0.0,0,True,0.0070221366505973685,0.021010097079788913,E_discount_overshoot
2011-05,2011-06,-0.0010760060438647426,0.5369948585365911,0.5369948585365909,16,0.0,0,True,0.007856971181761502,-0.008932977225626245,E_discount_overshoot
2011-06,2011-07,-0.013704927894590572,0.47211442960763605,0.47211442960763605,17,0.0,0,True,0.006907681533543411,-0.020612609428133984,E_discount_overshoot
2011-07,2011-08,-0.07270627284235318,0.656960426921307,0.6569604269213071,17,0.0,0,True,0.009612231960553719,-0.0823185048029069,E_discount_overshoot
2011-08,2011-09,-0.06456720202409919,0.8265648152882057,0.8265648152882058,16,0.0,0,True,0.012093776747277607,-0.07666097877137679,E_discount_overshoot
2011-09,2011-10,0.049365203232099676,0.4738902779345281,0.4738902779345282,17,0.0,0,True,0.0069336646298538565,0.04243153860224582,E_discount_overshoot
2011-10,2011-11,-0.03763799238374338,0.4840661404206758,0.48406614042067575,17,0.0,0,True,0.007082551452571513,-0.044720543836314894,E_discount_overshoot
2011-11,2011-12,0.022175010504583058,0.594512610958374,0.5945126109583742,17,0.0,0,True,0.008698534775962746,0.013476475728620312,E_discount_overshoot
2011-12,2012-01,0.06397425229576442,0.6011412354707358,0.601141235470736,17,0.058823529411764705,1,True,0.008795520642662244,0.05517873165310218,E_discount_overshoot
2012-01,2012-02,0.084781763588236,0.48300634974658707,0.483006349746587,16,0.0,0,True,0.0070670452616785374,0.07771471832655746,E_discount_overshoot
2012-02,2012-03,0.023035412685889916,0.6573483846917899,0.6573483846917898,17,0.0,0,True,0.009617908314757055,0.01341750437113286,E_discount_overshoot
2012-03,2012-04,-0.010783430824523776,0.6567602698434136,0.6567602698434137,17,0.0,0,True,0.009609303388021163,-0.02039273421254494,E_discount_overshoot
2012-04,2012-05,-0.04254178114542177,0.594610598838126,0.5946105988381261,16,0.0,0,True,0.008699968473018006,-0.051241749618439775,E_discount_overshoot
2012-05,2012-06,0.03508767347188088,0.6475083147582479,0.6475083147582479,17,0.0,0,True,0.009473934597569055,0.02561373887431183,E_discount_overshoot
2012-06,2012-07,0.027750377261981624,0.5949123095602896,0.5949123095602897,16,0.0,0,True,0.00870438291463059,0.019045994347351033,E_discount_overshoot
2012-07,2012-08,0.024450221627080607,0.6480985872147997,0.6480985872147996,17,0.0,0,True,0.009482571093071365,0.014967650534009242,E_discount_overshoot
2012-08,2012-09,0.04266511455662611,0.652930785049886,0.6529307850498858,16,0.0,0,True,0.009553272773974435,0.033111841782651676,E_discount_overshoot
2012-09,2012-10,0.024760705166004746,0.4468511952057046,0.44685119520570477,16,0.0,0,True,0.0065380457698137745,0.01822265939619097,E_discount_overshoot
2012-10,2012-11,0.0022540942945983578,0.6263451458613398,0.6263451458613398,16,0.0,0,True,0.009164288414752898,-0.0069101941201545405,E_discount_overshoot
2012-11,2012-12,0.04148403729916414,0.5294117647058822,0.5294117647058821,17,0.0,0,True,0.007746020120034693,0.03373801717912944,E_discount_overshoot
2012-12,2013-01,0.10108214423455515,0.7677915257197445,0.7677915257197446,17,0.0,0,True,0.011233842922854858,0.0898483013117003,E_discount_overshoot
2013-01,2013-02,0.03466487239491221,0.7122778746486987,0.7122778746486988,17,0.0,0,True,0.010421602079714924,0.02424327031519729,E_discount_overshoot
2013-02,2013-03,0.010457258819907196,0.593250772797913,0.593250772797913,17,0.0,0,True,0.008680072353268781,0.0017771864666384155,E_discount_overshoot
2013-03,2013-04,0.015410028100955963,0.7120682692641429,0.7120682692641431,17,0.0,0,True,0.010418535265499077,0.004991492835456886,E_discount_overshoot
2013-04,2013-05,0.035221430320023256,0.43245026033439,0.43245026033439005,17,0.0,0,True,0.006327340344099474,0.028894089975923784,E_discount_overshoot
2013-05,2013-06,-0.04351436257454676,0.5449519385236907,0.5449519385236906,17,0.0,0,True,0.00797339417381768,-0.051487756748364435,E_discount_overshoot
2013-06,2013-07,0.04715673802962823,0.479446179029181,0.47944617902918096,17,0.0,0,True,0.007014955081886053,0.04014178294774218,E_discount_overshoot
2013-07,2013-08,-0.028482756985178128,0.5428898846869555,0.5428898846869554,17,0.0,0,True,0.007943223498413782,-0.03642598048359191,E_discount_overshoot
2013-08,2013-09,0.03980893409085605,0.4301529225445983,0.43015292254459836,17,0.058823529411764705,1,True,0.006293727141808571,0.03351520694904748,E_discount_overshoot
2013-09,2013-10,0.06257526839635819,0.5329896264372216,0.5329896264372215,17,0.0,0,True,0.007798369143621378,0.05477689925273681,E_discount_overshoot
2013-10,2013-11,-0.0028331122715793155,0.7092641253148699,0.7092641253148702,17,0.0,0,True,0.010377506794092498,-0.013210619065671813,E_discount_overshoot
2013-11,2013-12,0.0024792299666287487,0.6601613838770514,0.6601613838770513,17,0.0,0,True,0.009659066350409666,-0.007179836383780917,E_discount_overshoot
2013-12,2014-01,-0.01938387085621062,0.5352439114860171,0.5352439114860172,16,0.0,0,True,0.007831352425271654,-0.027215223281482275,E_discount_overshoot
2014-01,2014-02,0.03867006408126328,0.7082424884093326,0.7082424884093327,17,0.0,0,True,0.010362558845155134,0.028307505236108144,E_discount_overshoot
2014-02,2014-03,0.02791167718723231,0.5933609413353861,0.593360941335386,17,0.0,0,True,0.008681684270050295,0.019229992917182012,E_discount_overshoot
2014-03,2014-04,0.023060384448152442,0.7093775141817905,0.7093775141817905,16,0.0,0,True,0.010379165828709989,0.012681218619442453,E_discount_overshoot
2014-04,2014-05,0.03210741633926931,0.588235294117647,0.5882352941176471,17,0.0,0,True,0.008606689022260772,0.023500727317008537,E_discount_overshoot
2014-05,2014-06,0.02439440548679158,0.4812916621752892,0.4812916621752891,17,0.058823529411764705,1,True,0.007041957031094493,0.017352448455697087,E_discount_overshoot
2014-06,2014-07,0.009892617922877982,0.6549352718595207,0.6549352718595207,16,0.0,0,True,0.00958260116482801,0.0003100167580499715,E_discount_overshoot
2014-07,2014-08,0.04012919687727984,0.7651839643513052,0.7651839643513052,17,0.0,0,True,0.011195690724187007,0.02893350615309283,E_discount_overshoot
2014-08,2014-09,-0.025516539488216094,0.5397676439964044,0.5397676439964045,17,0.0,0,True,0.007897540835464206,-0.033414080323680304,E_discount_overshoot
2014-09,2014-10,0.023149391182631776,0.6523049486499434,0.6523049486499433,16,0.0,0,True,0.009544115929210137,0.01360527525342164,E_discount_overshoot
2014-10,2014-11,0.028448045086669285,0.5303476100692407,0.5303476100692408,17,0.0,0,True,0.007759712821060791,0.020688332265608494,E_discount_overshoot
2014-11,2014-12,-0.006941009704278578,0.47631284964222764,0.4763128496422276,17,0.058823529411764705,1,True,0.0069691101761017605,-0.013910119880380338,E_discount_overshoot
2014-12,2015-01,0.0054803809928242585,0.6539600326618398,0.6539600326618398,17,0.0,0,True,0.00956833207798352,-0.004087951085159261,E_discount_overshoot
2015-01,2015-02,0.030533037898864912,0.7094830296534587,0.7094830296534587,16,0.0,0,True,0.010380709664757853,0.020152328234107057,E_discount_overshoot
2015-02,2015-03,0.002040761897057408,0.4705882352941176,0.47058823529411775,17,0.0,0,True,0.006885351217808618,-0.00484458932075121,E_discount_overshoot
2015-03,2015-04,0.027887889186590874,0.4211905861913694,0.4211905861913693,17,0.0,0,True,0.006162595870569825,0.02172529331602105,E_discount_overshoot
2015-04,2015-05,0.03738766501035679,0.6577049915665863,0.6577049915665862,16,0.0,0,True,0.009623125962363829,0.02776453904799296,E_discount_overshoot
2015-05,2015-06,-0.04520166123831182,0.588235294117647,0.5882352941176471,17,0.0,0,True,0.008606689022260772,-0.05380835026057259,E_discount_overshoot
2015-06,2015-07,-0.00033597612592748153,0.5984372600444976,0.5984372600444976,17,0.0,0,True,0.008755957774112548,-0.00909193390004003,E_discount_overshoot
2015-07,2015-08,-0.07176711522169953,0.6100232749413239,0.610023274941324,17,0.0,0,True,0.008925477060393799,-0.08069259228209333,E_discount_overshoot
2015-08,2015-09,-0.016597590045543217,0.42665533448238246,0.4266553344823826,17,0.058823529411764705,1,True,0.006242552632083483,-0.0228401426776267,E_discount_overshoot
2015-09,2015-10,0.059924314289517715,0.5987236325620489,0.598723632562049,17,0.0,0,True,0.008760147796757795,0.05116416649275992,E_discount_overshoot
2015-10,2015-11,0.010279567240296779,0.7119508604412773,0.7119508604412771,17,0.0,0,True,0.010416817413413389,-0.0001372501731166098,E_discount_overshoot
2015-11,2015-12,0.011847943593791632,0.6543518824684542,0.6543518824684543,17,0.0,0,True,0.009574065378012758,0.002273878215778874,E_discount_overshoot
2015-12,2016-01,-0.040301149532617625,0.4769913746522031,0.4769913746522032,17,0.0,0,True,0.006979037927484727,-0.04728018746010235,E_discount_overshoot
2016-01,2016-02,0.06455399229363057,0.7162556727425398,0.7162556727425397,17,0.0,0,True,0.010479802720732876,0.054074189572897696,E_discount_overshoot
2016-02,2016-03,0.053798314112064476,0.6018244210602042,0.6018244210602041,17,0.0,0,True,0.008805516584714417,0.04499279752735006,E_discount_overshoot
2016-03,2016-04,0.04053436557083856,0.6612637512016108,0.661263751201611,17,0.0,0,True,0.009675195496086001,0.030859170074752557,E_discount_overshoot
2016-04,2016-05,0.0003748224385512999,0.7118071156004,0.7118071156004001,17,0.0,0,True,0.010414714229268617,-0.010039891790717317,E_discount_overshoot
2016-05,2016-06,0.04081597007358866,0.5365952428117622,0.5365952428117621,17,0.0,0,True,0.00785112425569909,0.032964845817889575,E_discount_overshoot
2016-06,2016-07,0.10705022751010786,0.779111757541493,0.779111757541493,17,0.058823529411764705,1,True,0.011399473438269329,0.09565075407183853,E_discount_overshoot
2016-07,2016-08,0.04414854932797861,0.6552615235278256,0.655261523527826,17,0.0,0,True,0.009587374674136572,0.034561174653842036,E_discount_overshoot
2016-08,2016-09,0.022277892497500465,0.41791025552353894,0.417910255523539,17,0.0,0,True,0.006114600134457884,0.01616329236304258,E_discount_overshoot
2016-09,2016-10,0.00748377495140304,0.4767772926332131,0.4767772926332131,17,0.0,0,True,0.006975905613968129,0.0005078693374349109,E_discount_overshoot
2016-10,2016-11,0.0029666358991221817,0.5996519433624099,0.5996519433624099,17,0.0,0,True,0.008773730256794806,-0.005807094357672625,E_discount_overshoot
2016-11,2016-12,0.05880214854595833,0.6034142765396928,0.6034142765396927,17,0.0,0,True,0.008828778350608319,0.04997337019535002,E_discount_overshoot
2016-12,2017-01,0.02766618215868548,0.6513791752728406,0.6513791752728407,17,0.0,0,True,0.009530570595155056,0.018135611563530423,E_discount_overshoot
2017-01,2017-02,0.047224616760364754,0.6507350900502751,0.6507350900502749,17,0.058823529411764705,1,True,0.009521146745090482,0.03770347001527427,E_discount_overshoot
2017-02,2017-03,0.030224804794630057,0.8255422908637823,0.8255422908637823,17,0.0,0,True,0.012078815812721853,0.018145988981908202,E_discount_overshoot
2017-03,2017-04,0.02767194494151376,0.7122910153049762,0.7122910153049761,17,0.0,0,True,0.010421794345536542,0.017250150595977218,E_discount_overshoot
2017-04,2017-05,0.03812212524926967,0.7637220481149841,0.7637220481149843,16,0.0,0,True,0.011174300884868572,0.026947824364401095,E_discount_overshoot
2017-05,2017-06,-0.024971880198395805,0.4131353271656136,0.41313532716561363,17,0.0,0,True,0.006044736384541479,-0.031016616582937286,E_discount_overshoot
2017-06,2017-07,0.035059844443405104,0.30630447630601965,0.30630447630601965,17,0.0,0,True,0.004481654535277002,0.030578189908128103,E_discount_overshoot
2017-07,2017-08,0.024716492638992317,0.4714338635880772,0.4714338635880774,16,0.0,0,True,0.006897723919391328,0.01781876871960099,E_discount_overshoot
2017-08,2017-09,0.00044533223666857894,0.5294117647058822,0.5294117647058822,17,0.0,0,True,0.007746020120034694,-0.007300687883366115,E_discount_overshoot
2017-09,2017-10,0.033262146648829906,0.706817070043113,0.7068170700431131,17,0.0,0,True,0.010341703019727195,0.022920443629102713,E_discount_overshoot
2017-10,2017-11,0.002014594657067672,0.535405907194209,0.535405907194209,17,0.0,0,True,0.007833722644633346,-0.005819127987565674,E_discount_overshoot
2017-11,2017-12,0.04203227975977751,0.7690145989316692,0.7690145989316692,17,0.0,0,True,0.011251738161191897,0.030780541598585613,E_discount_overshoot
2017-12,2018-01,0.0017203473536919875,0.5938187176225671,0.593818717622567,17,0.0,0,True,0.008688382164897701,-0.006968034811205713,E_discount_overshoot
2018-01,2018-02,-0.025374677285561902,0.5364910186520057,0.5364910186520058,17,0.0,0,True,0.007849599313315319,-0.03322427659887722,E_discount_overshoot
2018-02,2018-03,-0.024538968507201882,0.41642234432928094,0.41642234432928094,17,0.0,0,True,0.0060928299532569605,-0.030631798460458843,E_discount_overshoot
2018-03,2018-04,0.0320118117037724,0.4752296410122955,0.47522964101229553,17,0.0,0,True,0.006953261348400868,0.025058550355371537,E_discount_overshoot
2018-04,2018-05,0.034905848211313074,0.8268501231347213,0.8268501231347212,17,0.0,0,True,0.012097951192325575,0.0228078970189875,E_discount_overshoot
2018-05,2018-06,-0.009823110226392628,0.7136551332469475,0.7136551332469477,17,0.0,0,True,0.01044175326169414,-0.020264863488086766,E_discount_overshoot
2018-06,2018-07,0.03104410602637382,0.532654877584064,0.532654877584064,17,0.0,0,True,0.007793471308845914,0.023250634717527908,E_discount_overshoot
2018-07,2018-08,-0.0019623060859173965,0.6526270192747263,0.6526270192747264,17,0.0,0,True,0.009548828264118348,-0.011511134350035744,E_discount_overshoot
2018-08,2018-09,0.00018287840575220444,0.8250636165604317,0.8250636165604317,17,0.0,0,True,0.012071812151239647,-0.011888933745487443,E_discount_overshoot
2018-09,2018-10,-0.037647280900592196,0.6519422771195088,0.6519422771195087,17,0.0,0,True,0.009538809547374683,-0.04718609044796688,E_discount_overshoot
2018-10,2018-11,0.016380113881878072,0.654269006255566,0.6542690062555662,17,0.0,0,True,0.009572852785366917,0.006807261096511155,E_discount_overshoot
2018-11,2018-12,-0.009458287376044195,0.5989278564408378,0.5989278564408376,17,0.0,0,True,0.008763135872164408,-0.018221423248208603,E_discount_overshoot
2018-12,2019-01,0.05929120133545461,0.6584907869277912,0.6584907869277912,17,0.0,0,True,0.009634623226089172,0.04965657810936544,E_discount_overshoot
2019-01,2019-02,0.018841182810761182,0.7182241004848389,0.7182241004848389,17,0.0,0,True,0.010508603517982168,0.008332579292779014,E_discount_overshoot
2019-02,2019-03,0.007386399306217415,0.5916096590101414,0.5916096590101414,17,0.0,0,True,0.00865606060803224,-0.001269661301814824,E_discount_overshoot
2019-03,2019-04,0.04227522049994176,0.7110241833364774,0.7110241833364774,17,0.058823529411764705,1,True,0.010403258856582786,0.03187196164335897,E_discount_overshoot
2019-04,2019-05,-0.0360350861476593,0.5332902441371463,0.5332902441371463,17,0.0,0,True,0.007802767592819705,-0.04383785374047901,E_discount_overshoot
2019-05,2019-06,0.025674023048021424,0.5362501290317704,0.5362501290317704,17,0.0,0,True,0.007846074767830225,0.0178279482801912,E_discount_overshoot
2019-06,2019-07,0.01613712125812035,0.4798016980593107,0.4798016980593107,17,0.0,0,True,0.007020156812833551,0.009116964445286799,E_discount_overshoot
2019-07,2019-08,-0.04079633066194868,0.5486017861547355,0.5486017861547354,17,0.0,0,True,0.008026796449834044,-0.04882312711178273,E_discount_overshoot
2019-08,2019-09,0.04516064224030382,0.5437511018990947,0.5437511018990947,17,0.0,0,True,0.007955824287247133,0.03720481795305669,E_discount_overshoot
2019-09,2019-10,0.005979416747657921,0.6543930415634457,0.6543930415634455,17,0.0,0,True,0.009574667592015506,-0.003595250844357585,E_discount_overshoot
2019-10,2019-11,0.03757770709460146,0.6535437772409953,0.6535437772409953,17,0.0,0,True,0.009562241690349756,0.028015465404251705,E_discount_overshoot
2019-11,2019-12,0.07749025554402679,0.7148148756805361,0.7148148756805364,17,0.0,0,True,0.01045872188389623,0.06703153366013057,E_discount_overshoot
2019-12,2020-01,0.004331853372125989,0.6628087438991926,0.6628087438991929,17,0.0,0,True,0.009697800857958579,-0.00536594748583259,E_discount_overshoot
2020-01,2020-02,-0.10117403132758962,0.6018175689398559,0.6018175689398559,17,0.0,0,True,0.008805416328797151,-0.10997944765638677,E_discount_overshoot
2020-02,2020-03,-0.10943518155909505,0.5983186477476378,0.5983186477476378,17,0.0,0,True,0.008754222313551958,-0.11818940387264701,E_discount_overshoot
2020-03,2020-04,0.19485858338688325,0.896650302898429,0.8966503028984291,17,0.058823529411764705,1,True,0.0131192235418966,0.18173935984498665,E_discount_overshoot
2020-04,2020-05,0.04710552424842931,0.7202893176622273,0.7202893176622274,17,0.0,0,True,0.01053882047739783,0.03656670377103148,E_discount_overshoot
2020-05,2020-06,0.053478053269301815,0.6045396735640495,0.6045396735640495,17,0.058823529411764705,1,True,0.008845244452374185,0.04463280881692763,E_discount_overshoot
2020-06,2020-07,0.0038414953329461796,0.7154754800276262,0.7154754800276262,17,0.0,0,True,0.010468387431405896,-0.006626892098459717,E_discount_overshoot
2020-07,2020-08,0.04721055783311183,0.5360675788961793,0.5360675788961792,17,0.0,0,True,0.007843403809008616,0.039367154024103214,E_discount_overshoot
2020-08,2020-09,-0.005670737792814866,0.5374994093464955,0.5374994093464954,17,0.0,0,True,0.007864353452020025,-0.013535091244834891,E_discount_overshoot
2020-09,2020-10,0.035015686400679535,0.6026961676187971,0.6026961676187971,17,0.0,0,True,0.008818271432325678,0.026197414968353858,E_discount_overshoot
2020-10,2020-11,0.1675331684301449,0.8295779617513713,0.8295779617513712,17,0.0,0,True,0.012137863212075491,0.1553953052180694,E_discount_overshoot
2020-11,2020-12,0.06713864443573613,0.7215794499674331,0.7215794499674332,17,0.0,0,True,0.010557696882230244,0.05658094755350588,E_discount_overshoot
2020-12,2021-01,0.009951199134822761,0.6591981077465154,0.6591981077465157,17,0.0,0,True,0.009644972299642916,0.00030622683517984514,E_discount_overshoot
2021-01,2021-02,0.017438749530788705,0.708515967115932,0.7085159671159321,17,0.0,0,True,0.010366560213664385,0.007072189317124319,E_discount_overshoot
2021-02,2021-03,0.04888710666850339,0.6596000152064471,0.6596000152064472,17,0.0,0,True,0.009650852756932624,0.03923625391157077,E_discount_overshoot
2021-03,2021-04,0.08083405562513783,0.6619292595647738,0.6619292595647739,17,0.058823529411764705,1,True,0.009684932796075879,0.07114912282906195,E_discount_overshoot
2021-04,2021-05,0.015572159593433537,0.5982856978393097,0.5982856978393096,17,0.0,0,True,0.008753740211207662,0.006818419382225875,E_discount_overshoot
2021-05,2021-06,0.02573153650224342,0.6498504201491434,0.6498504201491434,17,0.0,0,True,0.009508202811255612,0.016223333690987808,E_discount_overshoot
2021-06,2021-07,0.01562164983050914,0.827048625779237,0.8270486257792373,17,0.0,0,True,0.01210085555822903,0.0035207942722801106,E_discount_overshoot
2021-07,2021-08,0.040989450613214705,0.4230900400211398,0.4230900400211399,17,0.0,0,True,0.006190387484892286,0.03479906312832242,E_discount_overshoot
2021-08,2021-09,0.012167255712358549,0.5949076533810906,0.5949076533810908,17,0.0,0,True,0.008704314788343714,0.0034629409240148346,E_discount_overshoot
2021-09,2021-10,0.03991640316192314,0.6566817630814215,0.6566817630814216,17,0.058823529411764705,1,True,0.009608154726433924,0.030308248435489214,E_discount_overshoot
2021-10,2021-11,0.002475167924539241,0.5412976459388954,0.5412976459388953,17,0.0,0,True,0.007919926862032411,-0.005444758937493171,E_discount_overshoot
2021-11,2021-12,0.028366614838484794,0.5371398729037351,0.5371398729037351,17,0.0,0,True,0.00785909294081651,0.020507521897668284,E_discount_overshoot
2021-12,2022-01,-0.008679637522401086,0.7129520813851123,0.7129520813851123,17,0.0,0,True,0.010431466648833865,-0.019111104171234954,E_discount_overshoot
2022-01,2022-02,-0.03479164529173055,0.7682663485077701,0.7682663485077703,17,0.058823529411764705,1,True,0.01124079023138613,-0.046032435523116685,E_discount_overshoot
2022-02,2022-03,0.042999029163139045,0.5487311995144202,0.5487311995144202,17,0.0,0,True,0.008028689944755668,0.03497033921838338,E_discount_overshoot
2022-03,2022-04,-0.0014803985011047419,0.6588831304896565,0.6588831304896566,17,0.058823529411764705,1,True,0.009640363750434837,-0.011120762251539578,E_discount_overshoot
2022-04,2022-05,-0.01465198749789764,0.7715561346983006,0.7715561346983005,17,0.0,0,True,0.01128892431476189,-0.02594091181265953,E_discount_overshoot
2022-05,2022-06,-0.0547329467602801,0.4822722989608805,0.48227229896088036,17,0.0,0,True,0.007056305092052028,-0.061789251852332125,E_discount_overshoot
2022-06,2022-07,0.11301459674112567,0.5453497350297781,0.545349735029778,17,0.0,0,True,0.007979214482215141,0.10503538225891053,E_discount_overshoot
2022-07,2022-08,0.03586017282271925,0.5465103410687883,0.5465103410687883,17,0.0,0,True,0.007996195740148843,0.027863977082570407,E_discount_overshoot
2022-08,2022-09,-0.049807269499292386,0.7758843218688358,0.7758843218688358,17,0.0,0,True,0.01135225162847368,-0.06115952112776607,E_discount_overshoot
2022-09,2022-10,0.03741564564356681,0.6602285189535932,0.6602285189535931,17,0.0,0,True,0.009660048628644346,0.027755597014922462,E_discount_overshoot
2022-10,2022-11,0.07801955443453568,0.6560622721049905,0.6560622721049902,17,0.0,0,True,0.009599090723917316,0.06842046371061836,E_discount_overshoot
2022-11,2022-12,0.008549890881791698,0.6650512469228521,0.6650512469228521,17,0.11764705882352941,2,True,0.009730611752423974,-0.001180720870632276,E_discount_overshoot
2022-12,2023-01,0.040114902329910315,0.5367611764058697,0.5367611764058697,16,0.0,0,True,0.007853552091731901,0.032261350238178416,E_discount_overshoot
2023-01,2023-02,0.008121912537928364,0.519127442164601,0.519127442164601,16,0.0,0,True,0.0075955463779750565,0.000526366159953307,E_discount_overshoot
2023-02,2023-03,-0.04413245136185661,0.44853471894058544,0.44853471894058533,16,0.0,0,True,0.0065626780307348875,-0.0506951293925915,E_discount_overshoot
2023-03,2023-04,0.012752832474616171,0.38191860806709194,0.381918608067092,16,0.0,0,True,0.005587992975461864,0.007164839499154307,E_discount_overshoot
2023-04,2023-05,0.002841445441047398,0.45473051680774557,0.45473051680774546,16,0.0,0,True,0.0066533310500635255,-0.0038118856090161276,E_discount_overshoot
2023-05,2023-06,0.01339180720862524,0.5052714329939028,0.505271432993903,16,0.0,0,True,0.007392813962538009,0.0059989932460872315,E_discount_overshoot
2023-06,2023-07,0.03860524450872492,0.5729684262606084,0.5729684262606085,16,0.0,0,True,0.008383313809478658,0.030221930699246263,E_discount_overshoot
2023-07,2023-08,-0.004840065364898084,0.5125900210195417,0.5125900210195415,16,0.125,2,True,0.007499894941609823,-0.012339960306507906,E_discount_overshoot
2023-08,2023-09,0.010459011224873534,0.5734254231809841,0.5734254231809841,16,0.0,0,True,0.008390000301120925,0.0020690109237526087,E_discount_overshoot
2023-09,2023-10,-0.055685836501205406,0.5092993884280876,0.5092993884280879,16,0.0,0,True,0.007451748474227851,-0.06313758497543326,E_discount_overshoot
2023-10,2023-11,0.08301992631989236,0.6938612701069108,0.6938612701069109,16,0.0,0,True,0.010152141899881813,0.07286778442001055,E_discount_overshoot
2023-11,2023-12,0.082765924320247,0.5103225234097793,0.5103225234097793,16,0.0,0,True,0.007466718342073719,0.07529920597817329,E_discount_overshoot
2023-12,2024-01,0.010062658047084144,0.758270274972277,0.7582702749722771,16,0.0,0,True,0.011094533967567943,-0.0010318759204837984,E_discount_overshoot
2024-01,2024-02,-0.016999989652315785,0.44651564868179644,0.44651564868179644,16,0.0,0,True,0.006533136264021352,-0.023533125916337137,E_discount_overshoot
2024-02,2024-03,0.016555722964166696,0.4421138161965206,0.44211381619652057,15,0.0,0,True,0.006468731418362298,0.010086991545804398,E_discount_overshoot
2024-03,2024-04,0.0288393164851956,0.3763136711941278,0.3763136711941278,16,0.0625,1,True,0.005505985062748355,0.023333331422447243,E_discount_overshoot
2024-04,2024-05,0.035185236210150385,0.5705870786264526,0.5705870786264525,15,0.0,0,True,0.008348471427958828,0.026836764782191557,E_discount_overshoot
2024-05,2024-06,-0.006261651495214784,0.4801172953560965,0.4801172953560963,15,0.0,0,True,0.007024774434076042,-0.013286425929290826,E_discount_overshoot
2024-06,2024-07,0.08003609019379362,0.8031211212225674,0.8031211212225672,15,0.0,0,True,0.011750763353872457,0.06828532683992117,E_discount_overshoot
2024-07,2024-08,-0.008249226943556493,0.5498230883807508,0.5498230883807507,15,0.0,0,True,0.008044665776218608,-0.0162938927197751,E_discount_overshoot
2024-08,2024-09,0.029068623006713184,0.4074020529967076,0.4074020529967073,15,0.0,0,True,0.005960850721194549,0.023107772285518635,E_discount_overshoot
2024-09,2024-10,-0.029456242072271453,0.5497802430504873,0.5497802430504872,15,0.0,0,True,0.008044038890281432,-0.03750028096255288,E_discount_overshoot
2024-10,2024-11,0.01645405586052685,0.6067928471074485,0.6067928471074482,15,0.0,0,True,0.008878211471176262,0.007575844389350588,E_discount_overshoot
2024-11,2024-12,0.021863831509057654,0.5414499028379587,0.5414499028379586,15,0.0,0,True,0.007922154589261356,0.013941676919796298,E_discount_overshoot
2024-12,2025-01,0.035562608760435994,0.7397713426787045,0.7397713426787041,15,0.0,0,True,0.01082386921982706,0.024738739540608935,E_discount_overshoot
2025-01,2025-02,0.006710670108707717,0.6147599395308683,0.614759939530868,15,0.06666666666666668,1,True,0.008994780958906233,-0.0022841108501985164,E_discount_overshoot
2025-02,2025-03,-0.03093402701414785,0.6738769326564487,0.6738769326564485,14,0.0,0,True,0.009859743637703332,-0.04079377065185118,E_discount_overshoot
2025-03,2025-04,0.014715208755436023,0.5005271578646142,0.500527157864614,14,0.0,0,True,0.007323398711392491,0.007391810044043532,E_discount_overshoot
2025-04,2025-05,0.045413791587154466,0.5182915551832815,0.5182915551832814,14,0.0,0,True,0.007583316205154901,0.037830475381999566,E_discount_overshoot
2025-05,2025-06,0.04898348241454681,0.6470164700303693,0.6470164700303691,14,0.0,0,True,0.009466738234714903,0.039516744179831906,E_discount_overshoot
2025-06,2025-07,0.0546322327815638,0.6512834914559392,0.6512834914559392,14,0.0,0,True,0.009529170609698951,0.045103062171864855,E_discount_overshoot
2025-07,2025-08,0.0039009104373005825,0.6545152328406061,0.6545152328406061,14,0.0,0,True,0.009576455417965887,-0.005675544980665304,E_discount_overshoot
2025-08,2025-09,0.0529499569713107,0.5791988625953823,0.5791988625953821,14,0.0,0,True,0.008474473637089523,0.044475483334221175,E_discount_overshoot
2025-09,2025-10,0.050281510473108845,0.4472471785884348,0.4472471785884348,14,0.0,0,True,0.006543839549730115,0.04373767092337873,E_discount_overshoot
2025-10,2025-11,0.026192157299443842,0.6558361254094325,0.6558361254094324,13,0.0,0,True,0.009595781887637784,0.016596375411806058,E_discount_overshoot
2025-11,2025-12,0.02331809441531042,0.6991572224514407,0.6991572224514405,13,0.0,0,True,0.010229628945222152,0.013088465470088267,E_discount_overshoot
2025-12,2026-01,0.034249670648802175,0.700441868383521,0.7004418683835207,13,0.0,0,True,0.010248425076892066,0.024001245571910107,E_discount_overshoot
2026-01,2026-02,0.03499961853453841,0.5490521487692078,0.5490521487692075,13,0.0,0,True,0.008033385872483069,0.02696623266205534,E_discount_overshoot
2026-02,2026-03,-0.05594333126612288,0.3984494939065037,0.3984494939065035,13,0.0,0,True,0.005829862504721792,-0.06177319377084467,E_discount_overshoot
2026-03,2026-04,0.07250653744802617,0.40591341211527204,0.40591341211527204,13,0.07692307692307694,1,True,0.0059390698636695724,0.0665674675843566,E_discount_overshoot
2026-04,2026-05,0.059808882907343056,0.3972155436188948,0.39721554361889455,13,0.07692307692307694,1,True,0.005811808119851347,0.05399707478749171,E_discount_overshoot
2026-05,2026-06,0.023162683567283758,0.6286346189711879,0.6286346189711877,13,0.0,0,True,0.009197786545991089,0.01396489702129267,E_discount_overshoot
2026-06,2026-07,-0.013738859035941655,0.6232106719780158,0.6232106719780155,13,0.0,0,True,0.00911842676341721,-0.022857285799358865,E_discount_overshoot
2026-07,2026-08,,0.6980448551403219,0.6980448551403216,13,1.0000000000000004,13,True,0.010213353486029092,,E_discount_overshoot
2007-01,2007-02,-0.001253151715381093,1.0,0.0,176,0.011363636363636362,2,True,0.009624151413737738,-0.010877303129118832,BM_equal_weight_universe
2007-02,2007-03,0.016267229548377813,0.025074054184122393,0.025074054184122386,177,0.03954802259887005,7,True,0.0003666867649448701,0.015900542783432944,BM_equal_weight_universe
2007-03,2007-04,0.022926083824990423,0.07370245591964719,0.07370245591964714,183,0.04918032786885246,9,True,0.0010778358749332516,0.021848247950057173,BM_equal_weight_universe
2007-04,2007-05,0.015819027923916578,0.057118248414201864,0.0571182484142017,182,0.02197802197802198,4,True,0.0008353059132967727,0.014983722010619805,BM_equal_weight_universe
2007-05,2007-06,-0.012944725938631307,0.026617275339761198,0.026617275339761284,179,0.0,0,True,0.0003892550647898158,-0.013333981003421123,BM_equal_weight_universe
2007-06,2007-07,-0.012231939075622929,0.053722538676463816,0.05372253867646404,189,0.03703703703703703,7,True,0.0007856465399349897,-0.013017585615557919,BM_equal_weight_universe
2007-07,2007-08,-0.021923872044009356,0.04450632298438013,0.04450632298438008,185,0.010810810810810811,2,True,0.0006508672061922907,-0.022574739250201648,BM_equal_weight_universe
2007-08,2007-09,0.022243050670168442,0.021472385532014897,0.021472385532014828,184,0.010869565217391306,2,True,0.00031401541723433704,0.021929035252934104,BM_equal_weight_universe
2007-09,2007-10,0.02460808334436783,0.05931266426715697,0.059312664267156624,193,0.036269430051813475,7,True,0.0008673973829950938,0.023740685961372736,BM_equal_weight_universe
2007-10,2007-11,-0.06870995746042158,0.04074256484562218,0.04074256484562224,187,0.0106951871657754,2,True,0.0005958254372864073,-0.06930578289770799,BM_equal_weight_universe
2007-11,2007-12,0.0075559880457829005,0.025540983381466334,0.025540983381466164,185,0.010810810810810811,2,True,0.0003735152082263221,0.007182472837556578,BM_equal_weight_universe
2007-12,2008-01,-0.0786342877782133,0.048725812484824986,0.04872581248482443,191,0.041884816753926725,8,True,0.0007125736595354705,-0.07934686143774877,BM_equal_weight_universe
2008-01,2008-02,0.037545472524748116,0.051389638189587666,0.05138963818958772,185,0.021621621621621623,4,True,0.0007515298499817297,0.036793942674766385,BM_equal_weight_universe
2008-02,2008-03,-0.04591941354970222,0.03249516145071453,0.03249516145071446,182,0.01098901098901099,2,True,0.0004752141612691026,-0.046394627710971324,BM_equal_weight_universe
2008-03,2008-04,0.04901773474851612,0.05635862019497464,0.056358620194975104,190,0.042105263157894715,8,True,0.0008241969952006489,0.04819353775331547,BM_equal_weight_universe
2008-04,2008-05,0.013220322971590428,0.047449208342180284,0.04744920834218014,185,0.005405405405405406,1,True,0.0006939044072580315,0.012526418564332396,BM_equal_weight_universe
2008-05,2008-06,-0.08195540873889526,0.028721535358947985,0.02872153535894812,188,0.005319148936170213,1,True,0.00042002808192427826,-0.08237543682081953,BM_equal_weight_universe
2008-06,2008-07,-0.0341076389342824,0.03583483316420841,0.03583483316420858,192,0.020833333333333332,4,True,0.0005240540260794152,-0.03463169296036181,BM_equal_weight_universe
2008-07,2008-08,0.019641534154040463,0.03721762965813344,0.03721762965813398,190,0.021052631578947358,4,True,0.0005442762513809624,0.019097257902659502,BM_equal_weight_universe
2008-08,2008-09,-0.12987345179751664,0.027090778089644094,0.02709077808964399,186,0.005376344086021505,1,True,0.00039617964069892347,-0.13026963143821557,BM_equal_weight_universe
2008-09,2008-10,-0.1728584202976317,0.05560137684686265,0.05560137684686246,193,0.03108808290155441,6,True,0.0008131229538208102,-0.1736715432514525,BM_equal_weight_universe
2008-10,2008-11,-0.040747302563988785,0.0593062391862499,0.05930623918624991,188,0.005319148936170213,1,True,0.0008673034216390648,-0.04161460598562785,BM_equal_weight_universe
2008-11,2008-12,0.06509086560016679,0.03990854923634897,0.03990854923634921,189,0.01058201058201058,2,True,0.0005836286667349761,0.06450723693343181,BM_equal_weight_universe
2008-12,2009-01,-0.020512737281392128,0.06091417311932012,0.06091417311932053,194,0.03608247422680412,7,True,0.0008908180909395726,-0.0214035553723317,BM_equal_weight_universe
2009-01,2009-02,-0.06583668908546839,0.053163198575170816,0.05316319857517118,189,0.00529100529100529,1,True,0.0007774666656019063,-0.0666141557510703,BM_equal_weight_universe
2009-02,2009-03,0.038820645840513014,0.032702991659190696,0.03270299165919094,189,0.0,0,True,0.0004782535017062083,0.038342392338806805,BM_equal_weight_universe
2009-03,2009-04,0.13872641018947957,0.04616781097734165,0.0461678109773417,194,0.025773195876288655,5,True,0.0006751650581734677,0.1380512451313061,BM_equal_weight_universe
2009-04,2009-05,0.06367880130405491,0.050513864189976734,0.050513864189976124,191,0.010471204188481681,2,True,0.0007387223984072014,0.0629400789056477,BM_equal_weight_universe
2009-05,2009-06,-0.012751253585039528,0.02994260869021746,0.02994260869021773,189,0.00529100529100529,1,True,0.0004378852432080409,-0.013189138828247569,BM_equal_weight_universe
2009-06,2009-07,0.05227421329169221,0.038003730138954805,0.038003730138955076,194,0.030927835051546386,6,True,0.0005557723038389047,0.05171844098785331,BM_equal_weight_universe
2009-07,2009-08,0.0690455921630848,0.040389634736380416,0.040389634736380416,188,0.010638297872340425,2,True,0.0005906641339303884,0.06845492802915441,BM_equal_weight_universe
2009-08,2009-09,0.06625778994847328,0.025597151958523315,0.025597151958523363,186,0.016129032258064516,3,True,0.0003743366260018987,0.06588345332247139,BM_equal_weight_universe
2009-09,2009-10,-0.020195502328004242,0.04829070768565903,0.04829070768565859,191,0.04712041884816757,9,True,0.0007062106210716241,-0.020901712949075866,BM_equal_weight_universe
2009-10,2009-11,0.007261720059944868,0.05115831885757375,0.05115831885757374,184,0.005434782608695653,1,True,0.0007481470010454331,0.006513573058899435,BM_equal_weight_universe
2009-11,2009-12,0.0373377534452778,0.01988472639775697,0.019884726397756656,184,0.010869565217391306,2,True,0.0002907972496615441,0.03704695619561626,BM_equal_weight_universe
2009-12,2010-01,-0.016284354840510436,0.02267210145558346,0.02267210145558344,182,0.005494505494505495,1,True,0.00033156024455407616,-0.016615915085064513,BM_equal_weight_universe
2010-01,2010-02,0.02113171879307422,0.022239145426341783,0.02223914542634173,182,0.005494505494505495,1,True,0.0003252286300269551,0.020806490163047267,BM_equal_weight_universe
2010-02,2010-03,0.06939655165564448,0.01868890807800957,0.018688908078009384,182,0.01098901098901099,2,True,0.00027330942149023736,0.06912324223415425,BM_equal_weight_universe
2010-03,2010-04,0.0033253621013476834,0.036280695142665464,0.036280695142665464,185,0.032432432432432434,6,True,0.000530574379161999,0.0027947877221856845,BM_equal_weight_universe
2010-04,2010-05,-0.05577182309249502,0.03689666412781378,0.03689666412781359,181,0.005524861878453039,1,True,0.0005395824028669734,-0.05631140549536199,BM_equal_weight_universe
2010-05,2010-06,-0.015820356816530972,0.020438011972922866,0.02043801197292269,181,0.011049723756906079,2,True,0.00029888858168780787,-0.016119245398218778,BM_equal_weight_universe
2010-06,2010-07,0.035946742412711154,0.030204798309451397,0.030204798309451473,183,0.01639344262295082,3,True,0.00044171954389882727,0.035505022868812325,BM_equal_weight_universe
2010-07,2010-08,-0.0111004645011811,0.026912596581715287,0.02691259658171521,181,0.0,0,True,0.00039357388734784465,-0.011494038388528943,BM_equal_weight_universe
2010-08,2010-09,0.07202590810126797,0.01794238458527153,0.01794238458527163,183,0.01092896174863388,2,True,0.00026239214889852536,0.07176351595236945,BM_equal_weight_universe
2010-09,2010-10,0.0381963652002755,0.029903080577316294,0.029903080577316374,184,0.01630434782608696,3,True,0.00043730717809987394,0.03775905802217563,BM_equal_weight_universe
2010-10,2010-11,-0.010752971272219723,0.02453252206395123,0.024532522063951293,181,0.005524861878453039,1,True,0.00035876731722408496,-0.011111738589443807,BM_equal_weight_universe
2010-11,2010-12,0.06614583015456137,0.01760037228820311,0.01760037228820302,181,0.005524861878453039,1,True,0.0002573905092808356,0.06588843964528053,BM_equal_weight_universe
2010-12,2011-01,-0.001765714789065365,0.02973480167782366,0.02973480167782338,184,0.027173913043478264,5,True,0.00043484624199395473,-0.00220056103105932,BM_equal_weight_universe
2011-01,2011-02,-0.00865971178604096,0.03297722712244323,0.032977227122443026,180,0.005555555555555556,1,True,0.0004822639626438276,-0.009141975748684788,BM_equal_weight_universe
2011-02,2011-03,0.008581033068712983,0.018463299082202338,0.01846329908220235,180,0.011111111111111112,2,True,0.0002700100813752521,0.008311022987337732,BM_equal_weight_universe
2011-03,2011-04,0.021268946453736934,0.03411008125335005,0.034110081253350036,183,0.01639344262295082,3,True,0.0004988309929838882,0.020770115460753046,BM_equal_weight_universe
2011-04,2011-05,-0.0033562497738829785,0.02084918125608411,0.02084918125608421,180,0.016666666666666666,3,True,0.0003049015835414373,-0.0036611513574244157,BM_equal_weight_universe
2011-05,2011-06,-0.0025558342786264204,0.02645345870114417,0.02645345870114403,179,0.0,0,True,0.00038685938546258967,-0.00294269366408901,BM_equal_weight_universe
2011-06,2011-07,-0.015475673324962837,0.024338689067395707,0.02433868906739581,183,0.01092896174863388,2,True,0.0003559326741334787,-0.015831605999096315,BM_equal_weight_universe
2011-07,2011-08,-0.07287631161046704,0.01867879140484978,0.018678791404849744,181,0.011049723756906079,2,True,0.00027316147373014605,-0.07314947308419718,BM_equal_weight_universe
2011-08,2011-09,-0.06138138873307969,0.023000876494206332,0.02300087649420631,179,0.0,0,True,0.00033636830049995454,-0.061717757033579644,BM_equal_weight_universe
2011-09,2011-10,0.0405803595207343,0.02939947279706689,0.02939947279706678,182,0.01098901098901099,2,True,0.0004299423416683694,0.04015041717906593,BM_equal_weight_universe
2011-10,2011-11,-0.029542831551678,0.021670031369878776,0.021670031369878967,180,0.011111111111111112,2,True,0.00031690581989355477,-0.029859737371571556,BM_equal_weight_universe
2011-11,2011-12,-0.005013638007249033,0.022559950927587724,0.022559950927587644,179,0.0,0,True,0.0003299201382515356,-0.005343558145500568,BM_equal_weight_universe
2011-12,2012-01,0.04752489376985588,0.020972186275495606,0.02097218627549545,181,0.022099447513812157,4,True,0.0003067004275699595,0.04721819334228592,BM_equal_weight_universe
2012-01,2012-02,0.05647546275579976,0.03091397830831532,0.03091397830831532,178,0.0056179775280898875,1,True,0.00045209069958180724,0.056023372056217956,BM_equal_weight_universe
2012-02,2012-03,0.0014134398379840982,0.029173452919855222,0.029173452919855104,181,0.005524861878453039,1,True,0.0004266369927615115,0.0009868028452225867,BM_equal_weight_universe
2012-03,2012-04,-0.018638731408183236,0.0235267361742984,0.023526736174298478,183,0.0273224043715847,5,True,0.00034405855208400113,-0.018982789960267237,BM_equal_weight_universe
2012-04,2012-05,-0.05849160527000836,0.0309992592829023,0.030999259282902203,179,0.0,0,True,0.00045333786146687787,-0.05894494313147523,BM_equal_weight_universe
2012-05,2012-06,0.02406250809230389,0.014055151179460827,0.014055151179460653,179,0.01675977653631285,3,True,0.0002055446589914088,0.02385696343331248,BM_equal_weight_universe
2012-06,2012-07,0.01475118754907962,0.03125581380640431,0.0312558138064042,177,0.011299435028248588,2,True,0.00045708975366445055,0.014294097795415168,BM_equal_weight_universe
2012-07,2012-08,0.011914348760498,0.02569012968452754,0.02569012968452785,178,0.016853932584269662,3,True,0.0003756963463450908,0.011538652414152908,BM_equal_weight_universe
2012-08,2012-09,0.028468539899016918,0.025327795844193084,0.02532779584419352,174,0.01724137931034482,3,True,0.0003703975214017193,0.0280981423776152,BM_equal_weight_universe
2012-09,2012-10,0.011422018855572702,0.025259000335388616,0.025259000335388804,173,0.005780346820809248,1,True,0.0003693914454643764,0.011052627410108326,BM_equal_weight_universe
2012-10,2012-11,0.006116279755828213,0.018140586014413068,0.01814058601441348,174,0.0,0,True,0.000265290676608712,0.005850989079219501,BM_equal_weight_universe
2012-11,2012-12,0.028774637906055476,0.014961330270319859,0.014961330270320105,176,0.005681818181818181,1,True,0.00021879675922409662,0.02855584114683138,BM_equal_weight_universe
2012-12,2013-01,0.07148655809755708,0.019134237806026605,0.019134237806026588,177,0.005649717514124294,1,True,0.00027982199086179797,0.07120673610669528,BM_equal_weight_universe
2013-01,2013-02,0.03118068411087524,0.015652540613099928,0.015652540613099918,176,0.017045454545454544,3,True,0.00022890512393565263,0.03095177898693959,BM_equal_weight_universe
2013-02,2013-03,0.013460003805160558,0.024213991764557508,0.024213991764558053,174,0.011494252873563213,2,True,0.00035410908189589037,0.013105894723264667,BM_equal_weight_universe
2013-03,2013-04,0.0078057476962150015,0.025928813735840245,0.025928813735839967,175,0.017142857142857147,3,True,0.0003791868980515292,0.007426560798163472,BM_equal_weight_universe
2013-04,2013-05,0.019336294983977563,0.0243510943233403,0.02435109432334031,172,0.0,0,True,0.0003561140904747381,0.018980180893502827,BM_equal_weight_universe
2013-05,2013-06,-0.045748359985571474,0.020925185189587983,0.020925185189588448,174,0.0,0,True,0.0003060130765730394,-0.046054373062144514,BM_equal_weight_universe
2013-06,2013-07,0.0537166399165003,0.025406728050124144,0.025406728050124127,177,0.01694915254237288,3,True,0.00037155183793267314,0.05334508807856763,BM_equal_weight_universe
2013-07,2013-08,-0.021715655242985726,0.025789441006372836,0.02578944100637265,175,0.0,0,True,0.00037714869015285235,-0.022092803933138578,BM_equal_weight_universe
2013-08,2013-09,0.022138062849220288,0.019195268991153494,0.019195268991153737,176,0.028409090909090905,5,True,0.00028071452015405475,0.021857348329066235,BM_equal_weight_universe
2013-09,2013-10,0.041003118498264726,0.03339283654802318,0.03339283654802314,173,0.017341040462427744,3,True,0.0004883418978124862,0.04051477660045224,BM_equal_weight_universe
2013-10,2013-11,-0.004362071608563157,0.028823059655755698,0.028823059655755753,173,0.0,0,True,0.0004215127886129671,-0.004783584397176124,BM_equal_weight_universe
2013-11,2013-12,0.00405308797698359,0.014849017483836963,0.01484901748383739,174,0.011494252873563213,2,True,0.00021715428002887284,0.003835933696954717,BM_equal_weight_universe
2013-12,2014-01,-0.016782747417959654,0.024770146913097663,0.024770146913097542,172,0.011627906976744188,2,True,0.000362242378997668,-0.017144989796957322,BM_equal_weight_universe
2014-01,2014-02,0.03000896834171647,0.027848967833654897,0.027848967833654946,172,0.005813953488372094,1,True,0.00040726752231568127,0.029601700819400792,BM_equal_weight_universe
2014-02,2014-03,-0.011591740915354982,0.024072768024260012,0.024072768024260685,174,0.0057471264367816065,1,True,0.00035204380453456605,-0.011943784719889548,BM_equal_weight_universe
2014-03,2014-04,-0.0049624414303896785,0.03514240982762498,0.03514240982762498,178,0.016853932584269662,3,True,0.0005139279223628128,-0.005476369352752491,BM_equal_weight_universe
2014-04,2014-05,0.01686846502607409,0.02470268553933478,0.024702685539334905,176,0.005681818181818181,1,True,0.00036125581365318215,0.01650720921242091,BM_equal_weight_universe
2014-05,2014-06,-0.0015617221856388521,0.01508515069815316,0.015085150698152788,175,0.017142857142857147,3,True,0.00022060752790884148,-0.0017823297135476936,BM_equal_weight_universe
2014-06,2014-07,-0.006402588450559749,0.030827747133840816,0.03082774713384101,176,0.011363636363636362,2,True,0.00045082964182970866,-0.006853418092389458,BM_equal_weight_universe
2014-07,2014-08,0.013939022762041665,0.031183634192282116,0.03118363419228212,178,0.0,0,True,0.00045603418805854293,0.013482988573983121,BM_equal_weight_universe
2014-08,2014-09,-0.012583012491829543,0.010533076935181285,0.010533076935181209,178,0.0056179775280898875,1,True,0.00015403731195263938,-0.012737049803782183,BM_equal_weight_universe
2014-09,2014-10,-0.0006570770057872843,0.027601260928134377,0.027601260928134273,181,0.022099447513812157,4,True,0.00040364501902312,-0.0010607220248104042,BM_equal_weight_universe
2014-10,2014-11,0.025816392671934064,0.027593666324034188,0.02759366632403401,177,0.005649717514124294,1,True,0.0004035339543828311,0.025412858717551234,BM_equal_weight_universe
2014-11,2014-12,-0.016417069385294546,0.017928110139810143,0.01792811013981007,177,0.005649717514124294,1,True,0.00026218339724675,-0.016679252782541294,BM_equal_weight_universe
2014-12,2015-01,0.016133615552178158,0.023775074390229085,0.0237750743902291,178,0.02247191011235955,4,True,0.00034769028775558867,0.01578592526442257,BM_equal_weight_universe
2015-01,2015-02,0.01779782206845025,0.028722973959786433,0.028722973959786954,174,0.0,0,True,0.0004200491202407656,0.017377772948209486,BM_equal_weight_universe
2015-02,2015-03,0.013691922904452848,0.018349817785759663,0.018349817785759746,176,0.0,0,True,0.0002683505137134475,0.0134235723907394,BM_equal_weight_universe
2015-03,2015-04,0.006112790490993701,0.029154592689412624,0.029154592689412544,180,0.022222222222222223,4,True,0.0004263611778958211,0.00568642931309788,BM_equal_weight_universe
2015-04,2015-05,0.01963818959884841,0.027640805483161814,0.02764080548316178,176,0.0,0,True,0.00040422332458343044,0.019233966274264977,BM_equal_weight_universe
2015-05,2015-06,-0.037345499355607915,0.020482529265435676,0.02048252926543577,178,0.011235955056179775,2,True,0.0002995396093140462,-0.03764503896492196,BM_equal_weight_universe
2015-06,2015-07,0.0006836290513215701,0.02827631395702346,0.028276313957023423,180,0.016666666666666666,3,True,0.0004135170967298966,0.00027011195459167347,BM_equal_weight_universe
2015-07,2015-08,-0.04813839593317257,0.03594662590698686,0.03594662590698665,181,0.005524861878453039,1,True,0.0005256889000767623,-0.04866408483324933,BM_equal_weight_universe
2015-08,2015-09,-0.029026715653147753,0.02064501834759623,0.020645018347596144,181,0.011049723756906079,2,True,0.0003019158742546405,-0.029328631527402393,BM_equal_weight_universe
2015-09,2015-10,0.04207043134584891,0.03192804825257295,0.031928048252572935,183,0.03278688524590164,6,True,0.0004669206119907513,0.04160351073385816,BM_equal_weight_universe
2015-10,2015-11,0.004173717811000269,0.036750403711717367,0.03675040371171722,178,0.016853932584269662,3,True,0.0005374434683961433,0.0036362743426041257,BM_equal_weight_universe
2015-11,2015-12,0.006105729742898863,0.024526369287772225,0.024526369287772284,177,0.005649717514124294,1,True,0.00035867733809362835,0.005747052404805234,BM_equal_weight_universe
2015-12,2016-01,-0.05874698861291966,0.03687435472239718,0.036874354722397154,182,0.016483516483516484,3,True,0.0005392561467442114,-0.05928624475966387,BM_equal_weight_universe
2016-01,2016-02,0.005660195409617387,0.026321510602327763,0.02632151060232763,180,0.011111111111111112,2,True,0.00038492975648674374,0.005275265653130643,BM_equal_weight_universe
2016-02,2016-03,0.030479096465010708,0.02776702183927687,0.027767021839276807,181,0.011049723756906079,2,True,0.0004060691316861471,0.03007302733332456,BM_equal_weight_universe
2016-03,2016-04,0.018396305038305732,0.03195774848022821,0.03195774848022804,183,0.03278688524590164,6,True,0.0004673549526170036,0.01792895008568873,BM_equal_weight_universe
2016-04,2016-05,-0.00022781624777870423,0.03680919746380748,0.036809197463807376,179,0.00558659217877095,1,True,0.0005383032771288912,-0.0007661195249075955,BM_equal_weight_universe
2016-05,2016-06,0.009558197512942356,0.015542973432087036,0.015542973432087125,179,0.0111731843575419,2,True,0.00022730279689054417,0.009330894716051813,BM_equal_weight_universe
2016-06,2016-07,0.07075988182732383,0.04667069966682795,0.046670699666827825,181,0.038674033149171276,7,True,0.0006825193785127707,0.07007736244881106,BM_equal_weight_universe
2016-07,2016-08,0.022541170928369877,0.04356641352985287,0.04356641352985282,175,0.005714285714285715,1,True,0.0006371218280140805,0.021904049100355795,BM_equal_weight_universe
2016-08,2016-09,0.015595943680134262,0.019836158689520524,0.01983615868952062,176,0.0,0,True,0.00029008698814247816,0.015305856691991785,BM_equal_weight_universe
2016-09,2016-10,0.020562340294859493,0.03952940425075607,0.03952940425075592,183,0.03278688524590164,6,True,0.0005780839930579042,0.01998425630180159,BM_equal_weight_universe
2016-10,2016-11,-0.02026913768078206,0.043875755417827234,0.04387575541782731,180,0.011111111111111112,2,True,0.0006416456906224297,-0.02091078337140449,BM_equal_weight_universe
2016-11,2016-12,0.03396143662744089,0.024317054793352402,0.024317054793352392,178,0.011235955056179775,2,True,0.0003556162912341425,0.033605820336206745,BM_equal_weight_universe
2016-12,2017-01,0.018724703302982024,0.04081833605907201,0.04081833605907187,183,0.03278688524590164,6,True,0.0005969335269846993,0.018127769775997324,BM_equal_weight_universe
2017-01,2017-02,0.028273847578969384,0.04023916785001477,0.040239167850014725,180,0.016666666666666666,3,True,0.0005884636834014235,0.02768538389556796,BM_equal_weight_universe
2017-02,2017-03,0.0141895538099533,0.02452654568786843,0.024526545687868367,179,0.01675977653631285,3,True,0.000358679917795344,0.013830873892157956,BM_equal_weight_universe
2017-03,2017-04,0.010559489666432612,0.04747064980141034,0.04747064980141008,184,0.054347826086956534,10,True,0.0006942179704043427,0.00986527169602827,BM_equal_weight_universe
2017-04,2017-05,0.02967398528864729,0.05649404678683871,0.05649404678683888,176,0.011363636363636362,2,True,0.0008261774941855141,0.028847807794461777,BM_equal_weight_universe
2017-05,2017-06,-0.003321640234549089,0.04676443552510095,0.04676443552510087,182,0.005494505494505495,1,True,0.000683890185897052,-0.004005530420446142,BM_equal_weight_universe
2017-06,2017-07,0.014976587944079415,0.04465612840684426,0.04465612840684423,188,0.031914893617021274,6,True,0.0006530579833730053,0.01432352996070641,BM_equal_weight_universe
2017-07,2017-08,0.015211918966974094,0.03529334292104004,0.03529334292104014,183,0.01639344262295082,3,True,0.0005161351907742589,0.014695783776199836,BM_equal_weight_universe
2017-08,2017-09,-0.008851604212452959,0.020599611948958756,0.020599611948958426,180,0.0,0,True,0.00030125184420581234,-0.00915285605665877,BM_equal_weight_universe
2017-09,2017-10,0.02554240208861968,0.04767998762044509,0.047679987620445285,189,0.04761904761904761,9,True,0.0006972793583665309,0.02484512273025315,BM_equal_weight_universe
2017-10,2017-11,0.003475826859533959,0.04888889646679339,0.04888889646679348,181,0.005524861878453039,1,True,0.0007149586243809349,0.0027608682351530243,BM_equal_weight_universe
2017-11,2017-12,0.020065595147926392,0.015176060906888084,0.015176060906888056,180,0.0,0,True,0.00022193701256643727,0.019843658135359956,BM_equal_weight_universe
2017-12,2018-01,0.006375412931262408,0.04310862237921097,0.04310862237921115,188,0.0425531914893617,8,True,0.0006304270209112253,0.005744985910351183,BM_equal_weight_universe
2018-01,2018-02,-0.027630356061334585,0.04416222046776514,0.04416222046776495,180,0.0,0,True,0.0006458349988874642,-0.02827619106022205,BM_equal_weight_universe
2018-02,2018-03,-0.024656020002647612,0.009811717505719249,0.009811717505719235,180,0.0,0,True,0.0001434880424324594,-0.024799508045080073,BM_equal_weight_universe
2018-03,2018-04,0.02791172457203478,0.05308917333305574,0.053089173333056225,190,0.04736842105263155,9,True,0.0007763841092527774,0.027135340462782,BM_equal_weight_universe
2018-04,2018-05,0.017129047247327903,0.05292208207940277,0.05292208207940252,181,0.0,0,True,0.0007739405414594414,0.016355106705868462,BM_equal_weight_universe
2018-05,2018-06,9.42622243907934e-05,0.02788533016597498,0.027885330165974914,182,0.0,0,True,0.0004077992905692862,-0.0003135370661784928,BM_equal_weight_universe
2018-06,2018-07,0.014558471129224076,0.03839344868507821,0.038393448685078393,189,0.02116402116402116,4,True,0.0005614716068661548,0.01399699952235792,BM_equal_weight_universe
2018-07,2018-08,-0.005561024729404682,0.026800501894500645,0.026800501894500874,186,0.01075268817204301,2,True,0.0003919345976693437,-0.005952959327074026,BM_equal_weight_universe
2018-08,2018-09,-0.008623589855370243,0.018992215198368072,0.018992215198367846,184,0.005434782608695653,1,True,0.0002777450307432247,-0.008901334886113468,BM_equal_weight_universe
2018-09,2018-10,-0.06574451242138218,0.025362467345689244,0.02536246734568933,187,0.0427807486631016,8,True,0.000370904562689339,-0.06611541698407153,BM_equal_weight_universe
2018-10,2018-11,0.005871482043429407,0.0491810930316299,0.04918109303162978,181,0.005524861878453039,1,True,0.000719231751187677,0.00515225029224173,BM_equal_weight_universe
2018-11,2018-12,-0.043479979780203896,0.0311964796128085,0.03119647961280845,183,0.0,0,True,0.0004562220414332937,-0.04393620182163719,BM_equal_weight_universe
2018-12,2019-01,0.043465713477184045,0.026252423903033725,0.02625242390303382,186,0.016129032258064516,3,True,0.00038391942213559355,0.04308179405504845,BM_equal_weight_universe
2019-01,2019-02,0.017034490809572943,0.024767891472298985,0.024767891472299096,183,0.00546448087431694,1,True,0.0003622093950899246,0.016672281414483018,BM_equal_weight_universe
2019-02,2019-03,0.010388428232294557,0.01353161322754871,0.013531613227548589,182,0.0,0,True,0.00019788836071180815,0.010190539871582749,BM_equal_weight_universe
2019-03,2019-04,0.037512434408087346,0.02530922051248953,0.025309220512489666,186,0.02150537634408602,4,True,0.0003701258729383246,0.03714230853514902,BM_equal_weight_universe
2019-04,2019-05,-0.028027501018437137,0.02623410628281684,0.02623410628281684,183,0.00546448087431694,1,True,0.000383651542484002,-0.028411152560921138,BM_equal_weight_universe
2019-05,2019-06,0.03577644944381954,0.020895390296060756,0.020895390296060582,184,0.0,0,True,0.0003055773515387378,0.0354708720922808,BM_equal_weight_universe
2019-06,2019-07,0.016343848250736107,0.02742769399802798,0.027427693998027934,188,0.026595744680851064,5,True,0.0004011067499568267,0.01594274150077928,BM_equal_weight_universe
2019-07,2019-08,-0.041170578070166344,0.030975268191114607,0.030975268191114815,183,0.0,0,True,0.0004529870121079953,-0.04162356508227434,BM_equal_weight_universe
2019-08,2019-09,0.015999593618552122,0.01577962453163346,0.015779624531633077,184,0.005434782608695653,1,True,0.00023076361840253625,0.015768830000149586,BM_equal_weight_universe
2019-09,2019-10,-0.006321514758472502,0.01759473395569345,0.017594733955693394,184,0.010869565217391306,2,True,0.00025730805345249345,-0.006578822811924996,BM_equal_weight_universe
2019-10,2019-11,0.03134890957282416,0.017168457693947366,0.017168457693947228,182,0.005494505494505495,1,True,0.0002510741248566362,0.03109783544796752,BM_equal_weight_universe
2019-11,2019-12,0.04192341788354152,0.020241543916493607,0.020241543916493653,182,0.005494505494505495,1,True,0.00029601540308262474,0.041627402480458896,BM_equal_weight_universe
2019-12,2020-01,-0.019087113075707665,0.026740020963223206,0.02674002096322296,184,0.005434782608695653,1,True,0.0003910501153726962,-0.01947816319108036,BM_equal_weight_universe
2020-01,2020-02,-0.09595637572069837,0.023747159726498126,0.023747159726498063,185,0.0,0,True,0.0003472820594865231,-0.09630365778018489,BM_equal_weight_universe
2020-02,2020-03,-0.17161688504026956,0.024843131457121685,0.024843131457121668,187,0.0106951871657754,2,True,0.0003633097160203385,-0.1719801947562899,BM_equal_weight_universe
2020-03,2020-04,0.11207316693332572,0.057085952334908895,0.05708595233490886,186,0.01075268817204301,2,True,0.0008348336105431229,0.1112383333227826,BM_equal_weight_universe
2020-04,2020-05,0.037370794795746815,0.03164882259701697,0.03164882259701682,184,0.0,0,True,0.0004628371737252998,0.036907957622021516,BM_equal_weight_universe
2020-05,2020-06,0.03293736081552456,0.03088794716110512,0.030887947161105222,188,0.02127659574468085,4,True,0.0004517100161435325,0.03248565079938103,BM_equal_weight_universe
2020-06,2020-07,-0.00329216169665722,0.03326941042168714,0.03326941042168706,185,0.010810810810810811,2,True,0.00048653689545253664,-0.0037786985921097567,BM_equal_weight_universe
2020-07,2020-08,0.030605792368590054,0.023902473731964427,0.02390247373196451,183,0.00546448087431694,1,True,0.00034955339501913714,0.030256238973570916,BM_equal_weight_universe
2020-08,2020-09,-0.002165285260870525,0.02326366646295706,0.023263666462956904,184,0.010869565217391306,2,True,0.0003402113807929759,-0.0025054966416635013,BM_equal_weight_universe
2020-09,2020-10,0.00029902895371455764,0.029278254054416204,0.029278254054415975,185,0.021621621621621623,4,True,0.00042816962042166223,-0.0001291406667071046,BM_equal_weight_universe
2020-10,2020-11,0.12515730312499235,0.03319574976765911,0.03319574976765907,182,0.01098901098901099,2,True,0.000485459670894796,0.12467184345409756,BM_equal_weight_universe
2020-11,2020-12,0.06337084025360668,0.03152815637931954,0.031528156379319536,180,0.005555555555555556,1,True,0.0004610725326871704,0.06290976772091951,BM_equal_weight_universe
2020-12,2021-01,-0.011443501947603277,0.03145712332706238,0.031457123327062256,183,0.01639344262295082,3,True,0.00046003373457558107,-0.011903535682178858,BM_equal_weight_universe
2021-01,2021-02,0.008837214501240583,0.029835201371626003,0.029835201371625885,182,0.0,0,True,0.00043631450231801394,0.00840089999892257,BM_equal_weight_universe
2021-02,2021-03,0.029564097371522942,0.018015001119909793,0.01801500111990985,182,0.005494505494505495,1,True,0.000263454104096216,0.029300643267426724,BM_equal_weight_universe
2021-03,2021-04,0.04629748072875063,0.023476433155474506,0.023476433155474454,182,0.027472527472527476,5,True,0.0003433229131201518,0.04595415781563048,BM_equal_weight_universe
2021-04,2021-05,0.003849466579696025,0.02893273550219405,0.028932735502194183,178,0.016853932584269662,3,True,0.0004231167047977118,0.003426349874898313,BM_equal_weight_universe
2021-05,2021-06,0.011670073675776646,0.02227170846887393,0.02227170846887369,179,0.0,0,True,0.00032570483689143626,0.01134436883888521,BM_equal_weight_universe
2021-06,2021-07,-0.005301370650929542,0.014903524943353607,0.014903524943353376,179,0.00558659217877095,1,True,0.0002179514053700191,-0.005519322056299561,BM_equal_weight_universe
2021-07,2021-08,0.028262109403186353,0.021499381850584587,0.021499381850584594,177,0.0,0,True,0.0003144102154847141,0.02794769918770164,BM_equal_weight_universe
2021-08,2021-09,-0.014859256921977503,0.017991817874961548,0.017991817874961562,179,0.00558659217877095,1,True,0.00026311506881183087,-0.015122371990789333,BM_equal_weight_universe
2021-09,2021-10,0.003479849430825129,0.028396054545997387,0.028396054545997338,181,0.03314917127071824,6,True,0.00041526820123342136,0.003064581229591708,BM_equal_weight_universe
2021-10,2021-11,-0.011955491395917759,0.03846427342355186,0.03846427342355198,176,0.017045454545454544,3,True,0.0005625073585654314,-0.01251799875448319,BM_equal_weight_universe
2021-11,2021-12,0.02079132762542746,0.031156098907508804,0.031156098907508818,177,0.005649717514124294,1,True,0.00045563150788479776,0.020335696117542663,BM_equal_weight_universe
2021-12,2022-01,-0.05822135312981501,0.02568584826106468,0.02568584826106443,179,0.00558659217877095,1,True,0.00037563373416010077,-0.05859698686397511,BM_equal_weight_universe
2022-01,2022-02,-0.04426502452218593,0.03379924817113517,0.033799248171135186,180,0.03333333333333333,6,True,0.0004942853229251791,-0.04475930984511111,BM_equal_weight_universe
2022-02,2022-03,0.012753465450265348,0.0326145844806337,0.032614584480633785,176,0.017045454545454544,3,True,0.00047696062174092867,0.01227650482852442,BM_equal_weight_universe
2022-03,2022-04,-0.029728771766288367,0.036819464685379326,0.03681946468537935,178,0.02247191011235955,4,True,0.0005384534265317569,-0.030267225192820123,BM_equal_weight_universe
2022-04,2022-05,-0.029744461468101176,0.03748048307634412,0.03748048307634426,176,0.005681818181818181,1,True,0.000548120259568492,-0.030292581727669667,BM_equal_weight_universe
2022-05,2022-06,-0.060431550050488156,0.029218675562068586,0.029218675562068704,178,0.0056179775280898875,1,True,0.0004272983355285702,-0.060858848386016726,BM_equal_weight_universe
2022-06,2022-07,0.053723413158934946,0.026636293868879828,0.026636293868879845,178,0.0056179775280898875,1,True,0.00038953319463931287,0.05333387996429563,BM_equal_weight_universe
2022-07,2022-08,-0.0050038072798458825,0.030184719653177795,0.030184719653177892,177,0.005649717514124294,1,True,0.0004414259105892978,-0.0054452331904351805,BM_equal_weight_universe
2022-08,2022-09,-0.06633529505654093,0.025882157758225645,0.025882157758225714,177,0.005649717514124294,1,True,0.0003785045939705391,-0.06671379965051147,BM_equal_weight_universe
2022-09,2022-10,0.0035536549544192917,0.023312102786203444,0.023312102786203395,177,0.03954802259887005,7,True,0.00034091972091805634,0.0032127352335012353,BM_equal_weight_universe
2022-10,2022-11,0.06785677167198513,0.04597182801480658,0.04597182801480644,170,0.023529411764705885,4,True,0.0006722989736548411,0.06718447269833029,BM_equal_weight_universe
2022-11,2022-12,-0.0074859188521395744,0.04104317784458386,0.04104317784458411,169,0.053254437869822466,9,True,0.0006002216473001617,-0.008086140499439736,BM_equal_weight_universe
2022-12,2023-01,0.039434611721153326,0.055519374405317845,0.05551937440531772,163,0.012269938650306749,2,True,0.0008119237376993631,0.03862268798345396,BM_equal_weight_universe
2023-01,2023-02,-0.0047295945277364354,0.026788171321999364,0.02678817132199951,162,0.0,0,True,0.00039175427351006645,-0.005121348801246502,BM_equal_weight_universe
2023-02,2023-03,-0.03253516193589234,0.036673800225735735,0.03667380022573566,167,0.011976047904191617,2,True,0.0005363232074183283,-0.033071485143310674,BM_equal_weight_universe
2023-03,2023-04,0.0057945324255332204,0.02983964734169304,0.029839647341692907,168,0.005952380952380953,1,True,0.0004363795208574551,0.005358152904675765,BM_equal_weight_universe
2023-04,2023-05,-0.016680806546631725,0.019715583951372316,0.019715583951372233,168,0.0,0,True,0.0002883236849151261,-0.01696913023154685,BM_equal_weight_universe
2023-05,2023-06,-0.00469612073979287,0.0184659163718641,0.018465916371864403,169,0.011834319526627215,2,True,0.0002700483570155607,-0.0049661690968084305,BM_equal_weight_universe
2023-06,2023-07,0.026806364827850242,0.021580708919178754,0.021580708919178567,168,0.005952380952380953,1,True,0.0003155995548498697,0.026490765273000372,BM_equal_weight_universe
2023-07,2023-08,-0.028550684118798735,0.016200004188782716,0.016200004188782723,167,0.017964071856287428,3,True,0.00023691131415994407,-0.02878759543295868,BM_equal_weight_universe
2023-08,2023-09,-0.0019126487066547214,0.023307694063347758,0.023307694063347567,164,0.018292682926829274,3,True,0.00034085524708747287,-0.002253503953742194,BM_equal_weight_universe
2023-09,2023-10,-0.060591330221712904,0.0308124968040523,0.030812496804052104,164,0.024390243902439032,4,True,0.00045060661869777,-0.06104193684041068,BM_equal_weight_universe
2023-10,2023-11,0.06142441219139172,0.034811919566515616,0.03481191956651556,163,0.024539877300613498,4,True,0.0005090947827435835,0.06091531740864813,BM_equal_weight_universe
2023-11,2023-12,0.05385742099133589,0.031710761665929135,0.031710761665929205,159,0.006289308176100629,1,True,0.00046374298004749835,0.053393678011288394,BM_equal_weight_universe
2023-12,2024-01,-0.012706773045354215,0.031615861889839135,0.0316158618898393,162,0.006172839506172839,1,True,0.0004623551513528289,-0.013169128196707043,BM_equal_weight_universe
2024-01,2024-02,0.003932104345651617,0.02004573222638413,0.020045732226384193,162,0.012345679012345678,2,True,0.0002931518232778839,0.0036389525223737332,BM_equal_weight_universe
2024-02,2024-03,0.020866313797069165,0.022241261169025694,0.022241261169025566,160,0.018750000000000003,3,True,0.00032525957096831673,0.02054105422610085,BM_equal_weight_universe
2024-03,2024-04,0.004759674547839975,0.02721115762120258,0.02721115762120239,159,0.025157232704402517,4,True,0.0003979400891955491,0.004361734458644426,BM_equal_weight_universe
2024-04,2024-05,0.02675426511520708,0.0340105708166262,0.03401057081662651,155,0.019354838709677413,3,True,0.0004973757372899932,0.026256889377917085,BM_equal_weight_universe
2024-05,2024-06,-0.00434312808971971,0.026872232269527146,0.026872232269527382,152,0.019736842105263157,3,True,0.0003929835935346955,-0.004736111683254406,BM_equal_weight_universe
2024-06,2024-07,0.03219372103273724,0.0322803339571129,0.03228033395711315,150,0.0,0,True,0.00047207249147484013,0.0317216485412624,BM_equal_weight_universe
2024-07,2024-08,-0.021738430949394157,0.03549322900524495,0.03549322900524494,154,0.006493506493506494,1,True,0.0005190583551351702,-0.022257489304529327,BM_equal_weight_universe
2024-08,2024-09,0.0017400404013948399,0.015025035317701564,0.015025035317701272,153,0.0,0,True,0.0002197283914828233,0.0015203120099120165,BM_equal_weight_universe
2024-09,2024-10,-0.01633310521022641,0.014584924252826804,0.014584924252826679,153,0.013071895424836605,2,True,0.00021329214063123432,-0.016546397350857642,BM_equal_weight_universe
2024-10,2024-11,0.01861393269649561,0.022392388788721844,0.022392388788721847,151,0.006622516556291391,1,True,0.0003274696841615516,0.01828646301233406,BM_equal_weight_universe
2024-11,2024-12,0.0059270544656411465,0.026310695422437608,0.026310695422437632,151,0.006622516556291391,1,True,0.0003847715936584641,0.005542282871982682,BM_equal_weight_universe
2024-12,2025-01,0.030098212121806293,0.019126192592624935,0.01912619259262515,150,0.006666666666666665,1,True,0.0002797043364428573,0.029818507785363435,BM_equal_weight_universe
2025-01,2025-02,-0.014949195243643907,0.020091715165334575,0.020091715165334145,149,0.026845637583892624,4,True,0.00029382428473954145,-0.015243019528383448,BM_equal_weight_universe
2025-02,2025-03,-0.035830884318711564,0.037097162720645636,0.037097162720645706,146,0.0273972602739726,4,True,0.0005425145246467891,-0.03637339884335836,BM_equal_weight_universe
2025-03,2025-04,-0.0013818763072171178,0.03424717842677548,0.034247178426775333,142,0.0,0,True,0.0005008359228064564,-0.0018827122300235743,BM_equal_weight_universe
2025-04,2025-05,0.04869515658080875,0.015854316792823623,0.01585431679282337,142,0.014084507042253523,2,True,0.00023185592933961627,0.048463300651469136,BM_equal_weight_universe
2025-05,2025-06,0.029721049690413656,0.023751161723548325,0.023751161723547895,141,0.0,0,True,0.0003473405852973408,0.029373709105116316,BM_equal_weight_universe
2025-06,2025-07,0.03219976853503806,0.012705269042073206,0.012705269042072986,141,0.01418439716312057,2,True,0.0001858037782235521,0.032013964756814506,BM_equal_weight_universe
2025-07,2025-08,0.0024007104512179084,0.02351932645876534,0.02351932645876486,139,0.0,0,True,0.0003439501912821101,0.0020567602599357985,BM_equal_weight_universe
2025-08,2025-09,0.025943480261452295,0.013790308013946245,0.013790308013945894,139,0.00719424460431655,1,True,0.00020167155243802908,0.025741808709014265,BM_equal_weight_universe
2025-09,2025-10,0.02209803858526383,0.036304826860014974,0.03630482686001489,142,0.028169014084507046,4,True,0.0005309272850503913,0.02156711130021344,BM_equal_weight_universe
2025-10,2025-11,0.006505668734658651,0.03367039946208367,0.0336703994620836,138,0.021739130434782608,3,True,0.0004924010198945448,0.006013267714764106,BM_equal_weight_universe
2025-11,2025-12,0.01083180159969124,0.029568897850039775,0.029568897850039765,135,0.022222222222222227,3,True,0.00043242003929632583,0.010399381560394914,BM_equal_weight_universe
2025-12,2026-01,0.028941492904369846,0.030734604779964377,0.030734604779964463,134,0.007462686567164179,1,True,0.00044946751394358707,0.028492025390426258,BM_equal_weight_universe
2026-01,2026-02,0.034584103735823435,0.028592403569050802,0.028592403569050604,135,0.014814814814814817,2,True,0.0004181396390764932,0.034165964096746944,BM_equal_weight_universe
2026-02,2026-03,-0.09416082597597913,0.02840612611583003,0.028406126115830037,133,0.015037593984962405,2,True,0.0004154154893956282,-0.09457624146537476,BM_equal_weight_universe
2026-03,2026-04,0.07233030277293476,0.035387639142612615,0.035387639142612684,133,0.015037593984962405,2,True,0.0005175141929962795,0.07181278857993847,BM_equal_weight_universe
2026-04,2026-05,0.04694327258775517,0.027184399149787306,0.027184399149787302,131,0.007633587786259542,1,True,0.0003975487692579729,0.0465457238184972,BM_equal_weight_universe
2026-05,2026-06,-0.00010275875288742265,0.02390902568062824,0.023909025680628325,130,0.007692307692307693,1,True,0.0003496492117084518,-0.00045240796459587447,BM_equal_weight_universe
2026-06,2026-07,-0.003842450716159548,0.02607709163678347,0.026077091636783484,131,0.007633587786259542,1,True,0.0003813553365262356,-0.004223806052685784,BM_equal_weight_universe
2026-07,2026-08,,0.023423356316273736,0.02342335631627373,130,1.0,130,True,0.0003425467093871173,,BM_equal_weight_universe
2007-01,2007-02,-0.006331263139707498,1.0,0.0,176,0.004192970480232252,2,True,0.009794937938771862,-0.01612620107847936,BM_cap_weight_universe
2007-02,2007-03,0.028984999968202876,0.0059534898090087595,0.00595348980900872,177,0.04109116118293524,7,True,8.808151224339515e-05,0.028896918455959483,BM_cap_weight_universe
2007-03,2007-04,0.027111995987902645,0.05220325095180918,0.052203250951809194,183,0.04224851702730261,9,True,0.00077234385803415,0.026339652129868496,BM_cap_weight_universe
2007-04,2007-05,0.021111534520810667,0.04828938617609265,0.04828938617609271,182,0.04003939432971421,4,True,0.0007144384715766789,0.02039709604923399,BM_cap_weight_universe
2007-05,2007-06,-0.021842753310581733,0.04016665260244688,0.04016665260244715,179,0.0,0,True,0.0005942631324614123,-0.022437016443043144,BM_cap_weight_universe
2007-06,2007-07,-0.0031819278617681843,0.07729150592199358,0.07729150592199359,189,0.03667356366411817,7,True,0.001143523033310113,-0.004325450895078298,BM_cap_weight_universe
2007-07,2007-08,-0.016340386377819358,0.038905805772580855,0.038905805772580834,185,0.04426492703646059,2,True,0.0005756089818632457,-0.016915995359682603,BM_cap_weight_universe
2007-08,2007-09,0.027972006562402976,0.04436869435815411,0.04436869435815414,184,0.005107358675192321,2,True,0.0006564320794532275,0.02731557448294975,BM_cap_weight_universe
2007-09,2007-10,0.03291164411846211,0.10529247500207045,0.1052924750020705,193,0.03443469686063766,7,True,0.0015577956330753203,0.03135384848538679,BM_cap_weight_universe
2007-10,2007-11,-0.055671449528645944,0.035071573379560655,0.03507157337956079,187,0.002793636116112522,2,True,0.0005188817515656839,-0.05619033128021163,BM_cap_weight_universe
2007-11,2007-12,0.0001508139862762179,0.004986162897241112,0.004986162897241227,185,0.0028439592317723115,2,True,7.376997061728973e-05,7.704401565892816e-05,BM_cap_weight_universe
2007-12,2008-01,-0.07679812708114309,0.03529262205347543,0.03529262205347529,191,0.07781335259544778,8,True,0.0005221521529776994,-0.07732027923412078,BM_cap_weight_universe
2008-01,2008-02,0.03486528917603876,0.08103378512009657,0.08103378512009643,185,0.006182834456736697,4,True,0.0011988898217956028,0.033666399354243155,BM_cap_weight_universe
2008-02,2008-03,-0.032949088825994066,0.04745012700040869,0.04745012700040838,182,0.001954546232384774,2,True,0.000702021684157888,-0.03365111051015195,BM_cap_weight_universe
2008-03,2008-04,0.05241149750270628,0.058960687768898366,0.05896068776889832,190,0.04860233365464403,8,True,0.0008723197163681563,0.051539177786338125,BM_cap_weight_universe
2008-04,2008-05,0.004515668879290752,0.4073598690613785,0.4073598690613781,185,0.0014060553521859985,1,True,0.006026863981509325,-0.001511195102218573,BM_cap_weight_universe
2008-05,2008-06,-0.08486126668552998,0.4027252876673996,0.40272528766739957,188,0.046880719367111155,1,True,0.005958295637413223,-0.0908195623229432,BM_cap_weight_universe
2008-06,2008-07,-0.021296926736706003,0.047070514703813834,0.04707051470381385,192,0.01762468563411151,4,True,0.0006964053437889742,-0.021993332080494976,BM_cap_weight_universe
2008-07,2008-08,0.01992491166113291,0.035198348101853405,0.03519834810185345,190,0.032138627871469934,4,True,0.0005207573757142097,0.0194041542854187,BM_cap_weight_universe
2008-08,2008-09,-0.13535540530345175,0.03331823021563099,0.03331823021563096,186,0.03387144566532142,1,True,0.0004929411482699738,-0.13584834645172172,BM_cap_weight_universe
2008-09,2008-10,-0.16400981710537205,0.03756823123844239,0.03756823123844239,193,0.017736963472869353,6,True,0.0005558196496421856,-0.16456563675501423,BM_cap_weight_universe
2008-10,2008-11,-0.03707410156999464,0.018136792291771286,0.01813679229177141,188,0.002985547403406144,1,True,0.0002683327163651527,-0.03734243428635979,BM_cap_weight_universe
2008-11,2008-12,0.07584980326616587,0.03428136661506089,0.034281366615060954,189,0.02973107533887671,2,True,0.0005071906915261118,0.07534261257463976,BM_cap_weight_universe
2008-12,2009-01,-0.029091626941244137,0.030670539590387364,0.0306705395903873,194,0.026192290231465045,7,True,0.0004537687297884261,-0.029545395671032565,BM_cap_weight_universe
2009-01,2009-02,-0.07739933597598841,0.03309569566420172,0.033095695664201355,189,0.0026227878937404928,1,True,0.0004896487633923437,-0.07788898473938076,BM_cap_weight_universe
2009-02,2009-03,0.06600391816553572,0.0033970195483863565,0.003397019548386382,189,0.0,0,True,5.025869339517109e-05,0.06595365947214055,BM_cap_weight_universe
2009-03,2009-04,0.12263966965986928,0.023660213571912014,0.023660213571911982,194,0.023609040923262256,5,True,0.00035005139141452583,0.12228961826845475,BM_cap_weight_universe
2009-04,2009-05,0.037902181624653655,0.026519490545710993,0.026519490545710785,191,0.002798985998957358,2,True,0.0003923542167916402,0.03750982740786202,BM_cap_weight_universe
2009-05,2009-06,-0.025988821408997838,0.002988081733754662,0.0029880817337545264,189,8.571998912963619e-05,1,True,4.420848380687738e-05,-0.026033029892804715,BM_cap_weight_universe
2009-06,2009-07,0.05938730931577422,0.04404073379598493,0.04404073379598493,194,0.04390955856437554,6,True,0.0006515799232895696,0.05873572939248465,BM_cap_weight_universe
2009-07,2009-08,0.06236805525835323,0.051994593023585146,0.051994593023585035,188,0.040809725158939075,2,True,0.0007692567769356421,0.06159879848141759,BM_cap_weight_universe
2009-08,2009-09,0.05293166769751528,0.04080972515893913,0.040809725158939075,186,0.04439554914300306,3,True,0.0006037773510248409,0.05232789034649044,BM_cap_weight_universe
2009-09,2009-10,-0.02562527501448096,0.08378123807512124,0.08378123807512111,191,0.033545172492143546,9,True,0.0012395382177548882,-0.02686481323223585,BM_cap_weight_universe
2009-10,2009-11,0.020036443159480354,0.03406371779099523,0.03406371779099576,184,0.017128204935907457,1,True,0.000503970590681616,0.019532472568798736,BM_cap_weight_universe
2009-11,2009-12,0.047627156057265495,0.03966826601323628,0.03966826601323636,184,0.040109263963433374,2,True,0.0005868895338045243,0.04704026652346097,BM_cap_weight_universe
2009-12,2010-01,-0.03236323732030412,0.04012614231724036,0.04012614231724051,182,1.8633837946350796e-06,1,True,0.0005936637853058992,-0.03295690110561002,BM_cap_weight_universe
2010-01,2010-02,0.03140547376130538,0.04049315728543286,0.04049315728543272,182,0.00022662124042877198,1,True,0.0005990937489829062,0.030806380012322478,BM_cap_weight_universe
2010-02,2010-03,0.07674302163424601,0.0018739907682501053,0.0018739907682500878,182,0.04163101739956471,2,True,2.7725577114091626e-05,0.07671529605713193,BM_cap_weight_universe
2010-03,2010-04,-0.0024643546922033794,0.04541670285336007,0.045416702853360115,185,0.04903954492811322,6,True,0.0006719373000991055,-0.003136291992302485,BM_cap_weight_universe
2010-04,2010-05,-0.054100710160367105,0.049133720532058445,0.04913372053205843,181,0.01144309247706175,1,True,0.0007269303459727654,-0.05482764050633987,BM_cap_weight_universe
2010-05,2010-06,-0.02308112351737393,0.011793404804222444,0.011793404804222857,181,0.0037435587006660756,2,True,0.00017448269216528706,-0.023255606209539217,BM_cap_weight_universe
2010-06,2010-07,0.04292623172311833,0.03325294013180878,0.03325294013180864,183,0.030566601982837886,3,True,0.0004919751855318065,0.04243425653758653,BM_cap_weight_universe
2010-07,2010-08,-0.010706483134729362,0.03148978710122825,0.031489787101228156,181,0.0,0,True,0.0004658894458678102,-0.011172372580597173,BM_cap_weight_universe
2010-08,2010-09,0.07871361363271606,0.006049031718921648,0.00604903171892141,183,0.0030995732607960783,2,True,8.949504887110707e-05,0.07862411858384495,BM_cap_weight_universe
2010-09,2010-10,0.03649270890246926,0.027222835370714165,0.027222835370714175,184,0.026824749524574584,3,True,0.0004027601598271196,0.03608994874264214,BM_cap_weight_universe
2010-10,2010-11,-0.007671183555594877,0.02686719173441407,0.02686719173441426,181,0.0009364622061231206,1,True,0.0003974984342997415,-0.008068681989894619,BM_cap_weight_universe
2010-11,2010-12,0.07110840192444504,0.04102117350129842,0.04102117350129823,181,0.0010392833413132186,1,True,0.000606905716127302,0.07050149620831773,BM_cap_weight_universe
2010-12,2011-01,-0.011139004249850313,0.030107352280209353,0.030107352280209526,184,0.02644990450383445,5,True,0.0004454364084864397,-0.011584440658336753,BM_cap_weight_universe
2011-01,2011-02,-0.011454722036621968,0.02645120992625001,0.02645120992625012,180,0.004747982861909238,1,True,0.00039134400926429567,-0.011846066045886264,BM_cap_weight_universe
2011-02,2011-03,0.01892065440488442,0.006617429620545359,0.00661742962054539,180,0.002817253673627975,2,True,9.790446055015937e-05,0.01882274994433426,BM_cap_weight_universe
2011-03,2011-04,0.023670338719148105,0.03991978755168739,0.039919787551687215,183,0.02534326865531347,3,True,0.0005906107793561716,0.023079727939791933,BM_cap_weight_universe
2011-04,2011-05,-0.0067040241017188515,0.025436018659142613,0.025436018659142644,180,0.012744860760601752,3,True,0.00037632431747145823,-0.007080348419190309,BM_cap_weight_universe
2011-05,2011-06,-0.0013186044571177756,0.013502423516152669,0.013502423516152646,179,0.0,0,True,0.00019976751794449236,-0.001518371975062268,BM_cap_weight_universe
2011-06,2011-07,-0.022325484512046585,0.03584660662182172,0.035846606621821736,183,0.02495114314006495,2,True,0.0005303483202854209,-0.022855832832332005,BM_cap_weight_universe
2011-07,2011-08,-0.06732166966247724,0.025188968645184613,0.025188968645184634,181,0.04775669369575471,2,True,0.00037266922784717684,-0.06769433889032442,BM_cap_weight_universe
2011-08,2011-09,-0.07564737638077607,0.047791477902385554,0.04779147790238558,179,0.0,0,True,0.0007070719495679812,-0.07635444833034405,BM_cap_weight_universe
2011-09,2011-10,0.05434289063589779,0.05085067990362476,0.05085067990362481,182,0.005267005584070854,2,True,0.0007523326533184822,0.05359055798257931,BM_cap_weight_universe
2011-10,2011-11,-0.024740411011997455,0.005355924892143132,0.005355924892143271,180,0.0011224869554202896,2,True,7.924057638398171e-05,-0.024819651588381435,BM_cap_weight_universe
2011-11,2011-12,-0.01134478700137424,0.0026788701060464137,0.002678870106046471,179,0.0,0,True,3.963371696498818e-05,-0.011384420718339228,BM_cap_weight_universe
2011-12,2012-01,0.05038740866552746,0.006499512235087098,0.006499512235087139,181,0.006826850720424963,4,True,9.615988015040221e-05,0.05029124878537706,BM_cap_weight_universe
2012-01,2012-02,0.054897634477559125,0.007256878078125294,0.0072568780781252454,178,0.0010895037918150006,1,True,0.0001073650607950975,0.05479026941676403,BM_cap_weight_universe
2012-02,2012-03,-0.007109293358226406,0.004724597231639515,0.004724597231639608,181,7.984820649049978e-07,1,True,6.990012282780044e-05,-0.007179193481054206,BM_cap_weight_universe
2012-03,2012-04,-0.023885472649709347,0.00350720151209136,0.0035072015120915746,183,0.0031114238588605568,5,True,5.188882871015958e-05,-0.023937361478419506,BM_cap_weight_universe
2012-04,2012-05,-0.06390400813578151,0.0036368538983828575,0.0036368538983828705,179,0.0,0,True,5.3807027718954954e-05,-0.06395781516350046,BM_cap_weight_universe
2012-05,2012-06,0.03326516116689405,0.0017035054222862597,0.001703505422286264,179,0.04168611786733781,3,True,2.5203257001086586e-05,0.03323995790989296,BM_cap_weight_universe
2012-06,2012-07,0.016528131473203055,0.044820354374971436,0.04482035437497146,177,0.005912893815732089,2,True,0.0006631143613714645,0.01586501711183159,BM_cap_weight_universe
2012-07,2012-08,0.006289312009590124,0.04624361194556037,0.046243611945560446,178,0.005614046368362237,3,True,0.0006841713687992153,0.005605140640790909,BM_cap_weight_universe
2012-08,2012-09,0.027954738464599945,0.006666682916636002,0.006666682916636028,174,0.042597749927220874,3,True,9.863316000910036e-05,0.027856105304590845,BM_cap_weight_universe
2012-09,2012-10,0.007359986945246928,0.042597749927221026,0.04259774992722087,173,0.006043467459261534,1,True,0.0006302310665045579,0.00672975587874237,BM_cap_weight_universe
2012-10,2012-11,0.00895582655876486,0.006471230394765978,0.006471230394765808,174,0.0,0,True,9.574145207805594e-05,0.008860085106686805,BM_cap_weight_universe
2012-11,2012-12,0.02668200161206799,0.0038070970658392266,0.0038070970658392444,176,0.0022852419208368945,1,True,5.63257648159719e-05,0.02662567584725202,BM_cap_weight_universe
2012-12,2013-01,0.06882564429611217,0.009373119600748924,0.009373119600748988,177,0.005944154473242268,1,True,0.00013867472278576674,0.0686869695733264,BM_cap_weight_universe
2013-01,2013-02,0.03562944766932327,0.006367065183162991,0.006367065183163047,176,0.04376797462753636,3,True,9.420033423701183e-05,0.03553524733508626,BM_cap_weight_universe
2013-02,2013-03,0.007975789343288311,0.04395586475114061,0.04395586475114062,174,0.007704096181605304,2,True,0.0006503242910381751,0.007325465052250136,BM_cap_weight_universe
2013-03,2013-04,0.0068131583131756405,0.048791058283191996,0.04879105828319189,175,0.00861351626481102,3,True,0.0007218606792668259,0.006091297633908815,BM_cap_weight_universe
2013-04,2013-05,0.02046961194856816,0.009244382076176864,0.009244382076176802,172,0.0,0,True,0.00013677005909933137,0.02033284188946883,BM_cap_weight_universe
2013-05,2013-06,-0.05007600833452833,0.00529364365168146,0.005293643651681548,174,0.0,0,True,7.831912929660129e-05,-0.05015432746382493,BM_cap_weight_universe
2013-06,2013-07,0.0577744946480232,0.015536556799662808,0.015536556799662898,177,0.015256105109556096,3,True,0.00022986239363321568,0.05754463225438999,BM_cap_weight_universe
2013-07,2013-08,-0.029331786309024336,0.01607391068361213,0.016073910683611907,175,0.0,0,True,0.00023781251099740233,-0.029569598820021737,BM_cap_weight_universe
2013-08,2013-09,0.022061464330445348,0.0033924852995201467,0.003392485299519991,176,0.0037379873228718134,5,True,5.019160946459567e-05,0.022011272720980753,BM_cap_weight_universe
2013-09,2013-10,0.04532144225862393,0.011358789689799281,0.011358789689799052,173,0.007913502048987074,3,True,0.00016805258852014093,0.04515338967010379,BM_cap_weight_universe
2013-10,2013-11,-0.00882771101337109,0.008114534955071591,0.008114534955071619,173,0.0,0,True,0.00012005404106227925,-0.00894776505443337,BM_cap_weight_universe
2013-11,2013-12,0.007342322045533277,0.0013019664791276584,0.001301966479127556,174,0.0006665934921454515,2,True,1.9262513257054506e-05,0.007323059532276222,BM_cap_weight_universe
2013-12,2014-01,-0.02335748441104036,0.006665161139009416,0.006665161139009579,172,0.006536001853858914,2,True,9.861064540355911e-05,-0.02345609505644392,BM_cap_weight_universe
2014-01,2014-02,0.0411942143392302,0.006865619007059337,0.0068656190070593036,172,0.0019189506740739308,1,True,0.00010157640712069523,0.0410926379321095,BM_cap_weight_universe
2014-02,2014-03,-0.016564868030400682,0.0038984713097942733,0.003898471309794198,174,0.0006545963271938931,1,True,5.767764108448855e-05,-0.016622545671485172,BM_cap_weight_universe
2014-03,2014-04,-0.008062712118511768,0.014355812006576821,0.014355812006576736,178,0.013081323771955405,3,True,0.00021239334769797963,-0.008275105466209748,BM_cap_weight_universe
2014-04,2014-05,0.022452923869995353,0.013396740933228233,0.013396740933228277,176,0.021209957663631783,1,True,0.00019820395068891657,0.022254719919306436,BM_cap_weight_universe
2014-05,2014-06,-0.006621699393293753,0.021423457019253772,0.02142345701925379,175,0.033638733249063246,3,True,0.0003169587170338061,-0.006938658110327559,BM_cap_weight_universe
2014-06,2014-07,-0.004277377312872546,0.03731260377257762,0.037312603772577904,176,0.01305222934541005,2,True,0.0005520376571492722,-0.004829414970021819,BM_cap_weight_universe
2014-07,2014-08,0.02205585395742692,0.035946038726965474,0.035946038726965585,178,0.0,0,True,0.0005318194121101446,0.021524034545316775,BM_cap_weight_universe
2014-08,2014-09,-0.010237661087116887,0.0017955238396154998,0.0017955238396155581,178,0.0004953590084406021,1,True,2.6564663774696976e-05,-0.010264225750891583,BM_cap_weight_universe
2014-09,2014-10,0.01133924560389955,0.014703178971711948,0.014703178971711946,181,0.014555335356168233,4,True,0.00021753262038913377,0.011121712983510416,BM_cap_weight_universe
2014-10,2014-11,0.030339838063578872,0.014871716599964961,0.014871716599964856,177,0.0005596719760708929,1,True,0.00022002612413948435,0.030119811939439387,BM_cap_weight_universe
2014-11,2014-12,-0.01471822487079178,0.004162498913107434,0.004162498913107187,177,0.0004893580523847267,1,True,6.158391308962858e-05,-0.014779808783881408,BM_cap_weight_universe
2014-12,2015-01,0.02168145952242862,0.007318506085873411,0.0073185060858734835,178,0.01148776326836281,4,True,0.00010827684334502164,0.021573182679083598,BM_cap_weight_universe
2015-01,2015-02,0.018821054040205416,0.01169218742190508,0.011692187421905038,174,0.0,0,True,0.00017298518727557443,0.01864806885292984,BM_cap_weight_universe
2015-02,2015-03,0.009785573585028741,0.00536122129808116,0.005361221298081,176,0.0,0,True,7.931893638113188e-05,0.009706254648647609,BM_cap_weight_universe
2015-03,2015-04,0.00328994981089215,0.015802449951022344,0.015802449951022295,180,0.015324531317409192,4,True,0.0002337962663059238,0.0030561535445862266,BM_cap_weight_universe
2015-04,2015-05,0.02471425195515729,0.015409508204467525,0.015409508204467553,176,0.0,0,True,0.000227982717552093,0.024486269237605197,BM_cap_weight_universe
2015-05,2015-06,-0.04045692760369431,0.003007709830706017,0.003007709830705985,178,0.0018920320837147162,2,True,4.449888028312938e-05,-0.04050142648397744,BM_cap_weight_universe
2015-06,2015-07,0.005659378361107607,0.01747402205172951,0.017474022051729467,180,0.01476115149501227,3,True,0.0002585270717960688,0.005400851289311538,BM_cap_weight_universe
2015-07,2015-08,-0.046960646913351896,0.015623200086394477,0.015623200086394578,181,0.0016795368115982803,1,True,0.000231144275683222,-0.04719179118903512,BM_cap_weight_universe
2015-08,2015-09,-0.03192482409167115,0.003771892093165471,0.0037718920931656273,181,0.0024725422409936867,2,True,5.580490943012822e-05,-0.031980629001101275,BM_cap_weight_universe
2015-09,2015-10,0.05117837717662887,0.01620951224228784,0.016209512242288022,183,0.021966913927984628,6,True,0.00023981872764241224,0.050938558448986454,BM_cap_weight_universe
2015-10,2015-11,0.008957106527728926,0.022021158992907318,0.02202115899290777,178,0.004492985458119746,3,True,0.0003258016806398939,0.008631304847089032,BM_cap_weight_universe
2015-11,2015-12,0.010106860156386996,0.006791220762177333,0.0067912207621771995,177,0.0023458009984503396,1,True,0.00010047568970491193,0.010006384466682084,BM_cap_weight_universe
2015-12,2016-01,-0.062409559624264685,0.02039249115175941,0.020392491151759395,182,0.015089145391220925,3,True,0.0003017056410072347,-0.06271126526527192,BM_cap_weight_universe
2016-01,2016-02,-0.0011883495093309238,0.015096889302254337,0.015096889302254307,180,0.0045719048829703565,2,True,0.0002233575402953616,-0.0014117070496262854,BM_cap_weight_universe
2016-02,2016-03,0.029658224046810396,0.00566571819907764,0.005665718199077704,181,0.002779392069529273,2,True,8.382394913392429e-05,0.029574400097676472,BM_cap_weight_universe
2016-03,2016-04,0.013055629738441753,0.01657790027694727,0.016577900276947385,183,0.030052295898287937,6,True,0.0002452690057525843,0.01281036073268917,BM_cap_weight_universe
2016-04,2016-05,0.005478905445632979,0.030108185528108927,0.030108185528108948,179,0.002013270722967863,1,True,0.0004454487363374008,0.005033456709295578,BM_cap_weight_universe
2016-05,2016-06,0.008186524186990524,0.004586111042018191,0.004586111042018289,179,0.0036329235623374693,2,True,6.785122824697599e-05,0.008118672958743548,BM_cap_weight_universe
2016-06,2016-07,0.07738048370357466,0.029700901052682006,0.02970090105268201,181,0.04007770528525506,7,True,0.00043942298780003423,0.07694106071577463,BM_cap_weight_universe
2016-07,2016-08,0.01944293170590506,0.04010847268650791,0.040108472686508106,175,0.001785270255176911,1,True,0.0005934023642158118,0.01884952934168925,BM_cap_weight_universe
2016-08,2016-09,0.020086470131419336,0.011063204938533376,0.011063204938533409,176,0.0,0,True,0.00016367943046951584,0.019922790700949822,BM_cap_weight_universe
2016-09,2016-10,0.016657349612055294,0.03721479685630202,0.03721479685630204,183,0.03546016280315473,6,True,0.0005505906098929907,0.016106759002162303,BM_cap_weight_universe
2016-10,2016-11,-0.021523164844817366,0.03573007136541073,0.03573007136541059,180,0.005141908701040979,2,True,0.0005286241883991407,-0.022051789033216508,BM_cap_weight_universe
2016-11,2016-12,0.03602141774007312,0.005276828654524781,0.005276828654524768,178,0.005480310961380268,2,True,7.807035245722709e-05,0.03594334738761589,BM_cap_weight_universe
2016-12,2017-01,0.01699751677286803,0.0425974845931022,0.04259748459310224,183,0.038794433225102516,6,True,0.0006302271409027379,0.016367289631965293,BM_cap_weight_universe
2017-01,2017-02,0.0347534922696624,0.03905479969059093,0.03905479969059115,180,0.007684444889110651,3,True,0.0005778133376334605,0.03417567893202894,BM_cap_weight_universe
2017-02,2017-03,0.014783479218662814,0.008306473480978235,0.008306473480978386,179,0.0031206794950140843,3,True,0.000122893759641128,0.014660585459021686,BM_cap_weight_universe
2017-03,2017-04,0.014717418571147032,0.04374588539079123,0.0437458853907916,184,0.04863130204208463,10,True,0.0006472176594333848,0.014070200911713647,BM_cap_weight_universe
2017-04,2017-05,0.037861434275403914,0.048631797423660784,0.04863179742366093,176,0.008654757490483642,2,True,0.0007195044247339874,0.03714192985066993,BM_cap_weight_universe
2017-05,2017-06,-0.005952081263697055,0.014462549527755768,0.014462549527755962,182,0.0006301969579188117,1,True,0.00021397252269956185,-0.006166053786396617,BM_cap_weight_universe
2017-06,2017-07,0.019599375732741273,0.037605503356404016,0.03760550335640418,188,0.030334844016938454,6,True,0.0005563710883142752,0.019043004644426997,BM_cap_weight_universe
2017-07,2017-08,0.021359327718294095,0.030339324764725933,0.030339324764725832,183,0.008032664110823028,3,True,0.0004488684269983639,0.02091045929129573,BM_cap_weight_universe
2017-08,2017-09,-0.014707541820571034,0.008553400641298616,0.008553400641298618,180,0.0,0,True,0.00012654703165346448,-0.014834088852224498,BM_cap_weight_universe
2017-09,2017-10,0.030854994819748488,0.05739015201958433,0.057390152019584126,189,0.05676036396585141,9,True,0.0008490837374264318,0.030005911082322055,BM_cap_weight_universe
2017-10,2017-11,0.002197419997807288,0.05676036396585139,0.05676036396585141,181,0.001912244192360139,1,True,0.0008397660622568742,0.001357653935550414,BM_cap_weight_universe
2017-11,2017-12,0.01920718980597177,0.0026925387063802984,0.00269253870638026,180,0.0,0,True,3.9835943058637394e-05,0.019167353862913135,BM_cap_weight_universe
2017-12,2018-01,0.007454752785904388,0.03495991199868888,0.034959911998689086,188,0.03492258867621916,8,True,0.0005172297283655288,0.006937523057538859,BM_cap_weight_universe
2018-01,2018-02,-0.023799861135306452,0.034922588676219196,0.03492258867621916,180,0.0,0,True,0.0005166775321259198,-0.024316538667432372,BM_cap_weight_universe
2018-02,2018-03,-0.027894061099175176,0.0018377946442444024,0.0018377946442444128,180,0.0,0,True,2.71900577058033e-05,-0.027921251156880978,BM_cap_weight_universe
2018-03,2018-04,0.03406541349897526,0.04314406411617257,0.04314406411617262,190,0.03960146860134192,9,True,0.0006383137510251676,0.03342709974795009,BM_cap_weight_universe
2018-04,2018-05,0.025606738293044974,0.04086190604669192,0.04086190604669203,181,0.0,0,True,0.0006045493640207341,0.02500218892902424,BM_cap_weight_universe
2018-05,2018-06,0.004115743504479951,0.004097916178063323,0.0040979161780632795,182,0.0,0,True,6.062841553273583e-05,0.004055115088947215,BM_cap_weight_universe
2018-06,2018-07,0.014968872597675684,0.030555856503198572,0.030555856503198486,189,0.022545992941734903,4,True,0.00045207200063084106,0.014516800597044844,BM_cap_weight_universe
2018-07,2018-08,0.003321401837808688,0.022619626900413463,0.022619626900413723,186,0.008324747926964717,2,True,0.00033465597618979306,0.002986745861618895,BM_cap_weight_universe
2018-08,2018-09,-0.011971313780067869,0.00863847598046166,0.008638475980461814,184,0.00042322201037794325,1,True,0.00012780571601650245,-0.012099119496084372,BM_cap_weight_universe
2018-09,2018-10,-0.07451854507923528,0.01780061133883572,0.017800611338835624,187,0.020400301638490107,8,True,0.0002633589400302727,-0.07478190401926554,BM_cap_weight_universe
2018-10,2018-11,0.01033025495978859,0.020490021760096087,0.020490021760095962,181,0.0014366584770896485,1,True,0.000303148600304706,0.010027106359483883,BM_cap_weight_universe
2018-11,2018-12,-0.05143294575565547,0.0053708484825726426,0.0053708484825727145,183,0.0,0,True,7.946136997820964e-05,-0.05151240712563368,BM_cap_weight_universe
2018-12,2019-01,0.04941192705514463,0.010306517888785862,0.010306517888785904,186,0.009082504548288836,3,True,0.00015248429252942905,0.04925944276261521,BM_cap_weight_universe
2019-01,2019-02,0.017046781505066468,0.011572735123439978,0.011572735123440047,183,0.0014182682189527048,1,True,0.00017121789793314015,0.01687556360713333,BM_cap_weight_universe
2019-02,2019-03,0.019123911581677193,0.0023664013899207985,0.0023664013899206654,182,0.0,0,True,3.501076170210102e-05,0.01908890081997509,BM_cap_weight_universe
2019-03,2019-04,0.03433217763077787,0.021916845279366968,0.021916845279367048,186,0.023896480687613866,4,True,0.00032425836572189977,0.034007919265055975,BM_cap_weight_universe
2019-04,2019-05,-0.03138033786503671,0.02397110284220543,0.02397110284220546,183,0.0015241747039018104,1,True,0.0003546509788743473,-0.03173498884391106,BM_cap_weight_universe
2019-05,2019-06,0.03858231154072436,0.015066709203372353,0.015066709203372436,184,0.0,0,True,0.0002229110276054172,0.038359400513118945,BM_cap_weight_universe
2019-06,2019-07,0.026955865446257263,0.03409172475970778,0.03409172475970794,188,0.03447396640493342,5,True,0.0005043849520455694,0.026451480494211692,BM_cap_weight_universe
2019-07,2019-08,-0.043399997754260226,0.03448320042715807,0.034483200427158,183,0.0,0,True,0.0005101768102500347,-0.04391017456451026,BM_cap_weight_universe
2019-08,2019-09,0.009034268359450757,0.0029532364943142837,0.002953236494314038,184,0.0016745373210313415,1,True,4.3692950651894784e-05,0.008990575408798862,BM_cap_weight_universe
2019-09,2019-10,-0.007836692213479322,0.0028456486989724672,0.0028456486989724378,184,0.001653227540841925,2,True,4.2101195896844396e-05,-0.007878793409376167,BM_cap_weight_universe
2019-10,2019-11,0.04088033905697874,0.003012064515120772,0.0030120645151207794,182,0.002873804954287377,1,True,4.4563307568788824e-05,0.040835775749409955,BM_cap_weight_universe
2019-11,2019-12,0.04483194467863881,0.004255578771902984,0.00425557877190309,182,0.0018819041459115081,1,True,6.296102382386016e-05,0.04476898365481495,BM_cap_weight_universe
2019-12,2020-01,-0.023052706514541686,0.010495762774363038,0.010495762774363298,184,0.009524579779019913,1,True,0.00015528415886677444,-0.023207990673408462,BM_cap_weight_universe
2020-01,2020-02,-0.0854260913446334,0.009803112869697563,0.009803112869697638,185,0.0,0,True,0.00014503644651395154,-0.08557112779114735,BM_cap_weight_universe
2020-02,2020-03,-0.1293404860874724,0.004286049054480102,0.004286049054479974,187,0.00274781023222417,2,True,6.341182976356429e-05,-0.12940389791723597,BM_cap_weight_universe
2020-03,2020-04,0.1109229109944638,0.004745823203843561,0.0047458232038435485,186,0.006046631127985499,2,True,7.021415976924887e-05,0.11085269683469455,BM_cap_weight_universe
2020-04,2020-05,0.04898427132419818,0.0070623696268919504,0.0070623696268918785,184,0.0,0,True,0.00010448732033053344,0.048879784003867645,BM_cap_weight_universe
2020-05,2020-06,0.045536606611136454,0.008065387203895361,0.008065387203895187,188,0.0031989136695001353,4,True,0.00011932690313379572,0.04541727970800266,BM_cap_weight_universe
2020-06,2020-07,0.002459813011353741,0.024029580875223916,0.024029580875223992,185,0.025264556967655553,2,True,0.0003555161577436375,0.0021042968536101035,BM_cap_weight_universe
2020-07,2020-08,0.0480543623041936,0.025309143846203766,0.025309143846203697,183,0.00032988725422651127,1,True,0.00037444721248803414,0.04767991509170556,BM_cap_weight_universe
2020-08,2020-09,0.002640881334268544,0.003273044679784964,0.003273044679785082,184,0.0013989695794902207,2,True,4.842449290824656e-05,0.0025924568413602978,BM_cap_weight_universe
2020-09,2020-10,0.006642773832479044,0.032217256300052094,0.03221725630005198,185,0.033345567210018696,4,True,0.00047665230751677695,0.006166121524962267,BM_cap_weight_universe
2020-10,2020-11,0.10532624162974877,0.03386404077130155,0.033864040771301396,182,0.004843999640821036,2,True,0.0005010163815674457,0.10482522524818132,BM_cap_weight_universe
2020-11,2020-12,0.06603794598618126,0.007229058073783912,0.0072290580737837595,180,0.0012888488230001927,1,True,0.00010695346555740987,0.06593099252062386,BM_cap_weight_universe
2020-12,2021-01,-0.009150683670684584,0.03177214162564779,0.03177214162564784,183,0.031092195920807458,3,True,0.0004700668635333295,-0.009620750534217914,BM_cap_weight_universe
2021-01,2021-02,-0.012848869171443069,0.03109804113150412,0.031098041131503933,182,0.0,0,True,0.00046009358855797727,-0.013308962760001045,BM_cap_weight_universe
2021-02,2021-03,0.02110099731249137,0.0035025663048944833,0.0035025663048944495,182,0.00028880283300090545,1,True,5.18202511073472e-05,0.02104917706138402,BM_cap_weight_universe
2021-03,2021-04,0.05885605998971676,0.022287000504945958,0.022287000504945996,182,0.03785585622162142,5,True,0.0003297347893120528,0.05852632520040471,BM_cap_weight_universe
2021-04,2021-05,-0.015186780641382609,0.992146577680548,0.992146577680548,178,0.996659607655375,3,True,0.014678747042948605,-0.029865527684331213,BM_cap_weight_universe
2021-05,2021-06,0.026224723750031428,0.9918727516346253,0.9918727516346254,179,0.0,0,True,0.014674695803593159,0.011550027946438269,BM_cap_weight_universe
2021-06,2021-07,-0.0034514340535748127,0.0018135052016557507,0.0018135052016556683,179,0.0007719826938894301,1,True,2.683069691013637e-05,-0.003478264750484949,BM_cap_weight_universe
2021-07,2021-08,0.03394590551661397,0.013192414136675866,0.01319241413667575,177,0.0,0,True,0.00019518094841469545,0.033750724568199275,BM_cap_weight_universe
2021-08,2021-09,-0.019871956890770752,0.014415186779763363,0.014415186779763414,179,0.0013334931444657031,1,True,0.0002132717937824038,-0.020085228684553157,BM_cap_weight_universe
2021-09,2021-10,0.019197225607325064,0.027943854062216694,0.02794385406221681,181,0.04460223744052691,6,True,0.0004134275866205946,0.01878379802070447,BM_cap_weight_universe
2021-10,2021-11,-0.008262161233591477,0.04460223744052706,0.044602237440526896,176,0.007725952937112363,3,True,0.0006598873348629638,-0.00892204856845444,BM_cap_weight_universe
2021-11,2021-12,0.00515913255625635,0.0202316696336808,0.020231669633680623,177,0.0004537711920410237,1,True,0.00029932629662804183,0.004859806259628309,BM_cap_weight_universe
2021-12,2022-01,-0.09523567037506303,0.007785111908480139,0.007785111908480139,179,0.003716533745787649,1,True,0.00011518024753235742,-0.09535085062259539,BM_cap_weight_universe
2022-01,2022-02,-0.04318879429896217,0.003447086146666732,0.003447086146666635,180,0.023465266173787174,6,True,5.099942560953406e-05,-0.04323979372457171,BM_cap_weight_universe
2022-02,2022-03,0.01540950460952357,0.0229058233643175,0.022905823364317526,176,0.0038019232737274995,3,True,0.00033889023511154807,0.015070614374412022,BM_cap_weight_universe
2022-03,2022-04,-0.04642396501789192,0.051657089576925004,0.05165708957692512,178,0.03478488688477048,4,True,0.000764263434388185,-0.04718822845228011,BM_cap_weight_universe
2022-04,2022-05,-0.03429704059950496,0.03478488688477057,0.03478488688477048,176,1.3370428020107505e-05,1,True,0.0005146402426673795,-0.03481168084217234,BM_cap_weight_universe
2022-05,2022-06,-0.06658707510386386,0.005358986925308191,0.005358986925308141,178,0.0005478678738795636,1,True,7.928587897462427e-05,-0.06666636098283849,BM_cap_weight_universe
2022-06,2022-07,0.08374041952855915,0.03602295443854052,0.036022954438540734,178,0.035985192640496454,1,True,0.0005329573752894145,0.08320746215326974,BM_cap_weight_universe
2022-07,2022-08,-0.025762536146929867,0.04630421371108207,0.04630421371108214,177,0.005484711486837764,1,True,0.0006850679681590887,-0.026447604115088955,BM_cap_weight_universe
2022-08,2022-09,-0.057045742991487555,0.016759209910834995,0.016759209910834898,177,0.0004193241130441193,1,True,0.0002479514705336536,-0.05729369446202121,BM_cap_weight_universe
2022-09,2022-10,0.003428043749335324,0.03549172142417989,0.035491721424179806,177,0.04101103084443057,7,True,0.0005250978158109207,0.0029029459335244033,BM_cap_weight_universe
2022-10,2022-11,0.06039734946941115,0.041011030844430564,0.04101103084443057,170,0.008025852664970353,4,True,0.0006067556561484089,0.059790593813262745,BM_cap_weight_universe
2022-11,2022-12,-0.020031830007722858,0.00832115554440799,0.008321155544407769,169,0.014844983451127529,9,True,0.00012311097985838248,-0.02015494098758124,BM_cap_weight_universe
2022-12,2023-01,0.04395157879257901,0.015256003797144669,0.015256003797144474,163,0.0059587217677234275,2,True,0.00022571162937242226,0.04372586716320658,BM_cap_weight_universe
2023-01,2023-02,-0.011963380434147254,0.006227708418178369,0.006227708418178172,162,0.0,0,True,9.213855954771507e-05,-0.01205551899369497,BM_cap_weight_universe
2023-02,2023-03,-0.030122799612657132,0.01846229793017814,0.018462297930178197,167,0.007918495163977496,2,True,0.00027314855208410203,-0.030395948164741234,BM_cap_weight_universe
2023-03,2023-04,-0.004126048815303642,0.04063392120807469,0.040633921208074915,168,0.036085605405531886,1,True,0.0006011763424824119,-0.004727225157786053,BM_cap_weight_universe
2023-04,2023-05,-0.008291349008858646,0.036085605405531955,0.036085605405531886,168,0.0,0,True,0.0005338842924578553,-0.008825233301316501,BM_cap_weight_universe
2023-05,2023-06,-0.002022856230594747,0.0014004968465443303,0.0014004968465443227,169,0.0005828395488850883,2,True,2.0720263928069027e-05,-0.002043576494522816,BM_cap_weight_universe
2023-06,2023-07,0.03603536802749933,0.03370576126446165,0.03370576126446162,168,0.03370576126446165,1,True,0.0004986746460867706,0.035536693381412555,BM_cap_weight_universe
2023-07,2023-08,-0.032255723725602564,0.03380451241118872,0.03380451241118878,167,0.005883205030339139,3,True,0.0005001356631739805,-0.032755859388776544,BM_cap_weight_universe
2023-08,2023-09,-0.008614356137152954,0.0063936413557865255,0.006393641355786581,164,0.002775613909721442,3,True,9.459352706162711e-05,-0.008708949664214581,BM_cap_weight_universe
2023-09,2023-10,-0.05489644470729825,0.03859500483211826,0.03859500483211829,164,0.038042429560571564,4,True,0.0005710107012377899,-0.05546745540853604,BM_cap_weight_universe
2023-10,2023-11,0.07277280018012025,0.03804242956057148,0.038042429560571564,163,0.011682945339784326,4,True,0.0005628353843887557,0.0722099647957315,BM_cap_weight_universe
2023-11,2023-12,0.06499797404815306,0.012753569662821256,0.012753569662821157,159,0.0006040450941280326,1,True,0.00018868827165924358,0.06480928577649382,BM_cap_weight_universe
2023-12,2024-01,-0.014741463657579558,0.012457321807253775,0.012457321807253941,162,0.0012628346791826118,1,True,0.00018430530302162977,-0.014925768960601188,BM_cap_weight_universe
2024-01,2024-02,0.016290822290285868,0.004414718491954732,0.004414718491954749,162,0.0020846848625533233,2,True,6.531548610561886e-05,0.01622550680418025,BM_cap_weight_universe
2024-02,2024-03,0.036921257423784465,0.0045732420034759235,0.004573242003475711,160,0.004045222272625167,3,True,6.766083162040992e-05,0.036853596592164056,BM_cap_weight_universe
2024-03,2024-04,-0.0015242872105705341,0.03253622789997774,0.03253622789997759,159,0.0310669609464572,4,True,0.0004813714725419075,-0.0020056586831124416,BM_cap_weight_universe
2024-04,2024-05,0.018852113781637925,0.031066960946457275,0.031066960946457188,155,0.008633085672542755,3,True,0.0004596337591490841,0.01839248002248884,BM_cap_weight_universe
2024-05,2024-06,0.008933704368271605,0.01142932484094213,0.011429324840942128,152,0.004931576962825184,3,True,0.0001690961517038024,0.008764608216567802,BM_cap_weight_universe
2024-06,2024-07,0.02220787131689228,0.007812457609194441,0.007812457609194523,150,0.0,0,True,0.00011558482547731816,0.022092286491414963,BM_cap_weight_universe
2024-07,2024-08,-0.026763403267302893,0.005430469100533772,0.005430469100533687,154,0.0013190899774044567,1,True,8.0343453320815e-05,-0.026843746720623708,BM_cap_weight_universe
2024-08,2024-09,0.0029654008777943,0.002830554210197125,0.002830554210197015,153,0.0,0,True,4.187787387219532e-05,0.0029235230039221047,BM_cap_weight_universe
2024-09,2024-10,-0.00981964539072676,0.0029662849027567964,0.0029662849027569417,153,0.017189162883574492,2,True,4.388600104500346e-05,-0.009863531391771764,BM_cap_weight_universe
2024-10,2024-11,0.03624556575621605,0.019693071612601736,0.01969307161260159,151,0.0012224083689594178,1,True,0.00029135777233223187,0.03595420798388382,BM_cap_weight_universe
2024-11,2024-12,0.0031283418116642044,0.005191781277705728,0.0051917812777058465,151,0.0013538227076799268,1,True,7.681208179533453e-05,0.0030515297298688696,BM_cap_weight_universe
2024-12,2025-01,0.05265804565135537,0.003151860873330683,0.0031518608733306064,150,0.011409235741895053,1,True,4.663158601257035e-05,0.0526114140653428,BM_cap_weight_universe
2025-01,2025-02,-0.030021869596223417,0.012086967188127407,0.012086967188127474,149,0.007874518880366676,4,True,0.00017882592941631715,-0.030200695525639736,BM_cap_weight_universe
2025-02,2025-03,-0.0558071857845442,0.01625311927432168,0.016253119274321506,146,0.003892646338997284,4,True,0.00024046389097504516,-0.05604764967551925,BM_cap_weight_universe
2025-03,2025-04,-0.007263116910705799,0.005440577593704349,0.005440577593704343,142,0.0,0,True,8.049300784992857e-05,-0.007343609918555727,BM_cap_weight_universe
2025-04,2025-05,0.05593231103460768,0.002982158063657539,0.002982158063657377,142,0.0037208493219444464,2,True,4.412084347542055e-05,0.05588819019113226,BM_cap_weight_universe
2025-05,2025-06,0.033703595831261854,0.009016750355501016,0.009016750355500959,141,0.0,0,True,0.0001334022619190364,0.033570193569342814,BM_cap_weight_universe
2025-06,2025-07,0.04097443174424741,0.006027453270612677,0.006027453270612541,141,0.006596124908213327,2,True,8.917579706756135e-05,0.04088525594717985,BM_cap_weight_universe
2025-07,2025-08,-0.000959641370946975,0.010483658654819317,0.010483658654819063,139,0.0,0,True,0.00015510507916931902,-0.001114746450116294,BM_cap_weight_universe
2025-08,2025-09,0.0318091153635296,0.0029661246111796907,0.002966124611179746,139,0.006042380734970708,1,True,4.388362954106762e-05,0.031765231733988535,BM_cap_weight_universe
2025-09,2025-10,0.028209413600393703,0.034583704815932155,0.03458370481593182,142,0.026778132592870735,4,True,0.0005116637664445201,0.02769774983394918,BM_cap_weight_universe
2025-10,2025-11,-0.011938028045759391,0.027075912959815436,0.027075912959815387,138,0.0054655475554768185,3,True,0.0004005864518760579,-0.012338614497635448,BM_cap_weight_universe
2025-11,2025-12,0.01919333169958383,0.0092464094877404,0.009246409487740168,135,0.014813183315028608,3,True,0.00013680005452758938,0.01905653164505624,BM_cap_weight_universe
2025-12,2026-01,0.030187638812123677,0.02288150754840136,0.022881507548401268,134,0.019402005065515152,1,True,0.00033853048412413756,0.02984910832799954,BM_cap_weight_universe
2026-01,2026-02,0.03172883050488011,0.02068472497889009,0.020684724978889853,135,0.01616654978508673,2,True,0.00030602922234324183,0.03142280128253687,BM_cap_weight_universe
2026-02,2026-03,-0.0872303599759991,0.016792993598603694,0.016792993598603406,133,0.0014879850615841016,2,True,0.0002484512980975334,-0.08747881127409662,BM_cap_weight_universe
2026-03,2026-04,0.09824809626793966,0.02274805658083481,0.02274805658083473,133,0.023723849735935606,2,True,0.0003365560853411215,0.09791154018259854,BM_cap_weight_universe
2026-04,2026-05,0.06563237427536718,0.023866389321630693,0.023866389321630578,131,0.0009120307824796973,1,True,0.00035310174883609305,0.06527927252653108,BM_cap_weight_universe
2026-05,2026-06,-0.0021966603225226783,0.007641770035060395,0.007641770035060202,130,0.001620852492145751,1,True,0.00011305951341108406,-0.0023097198359337623,BM_cap_weight_universe
2026-06,2026-07,-0.02817639410648562,0.01940208607982964,0.019402086079829503,131,0.0182563049189214,1,True,0.00028705265943378827,-0.028463446765919408,BM_cap_weight_universe
2026-07,2026-08,,0.025429166249068276,0.025429166249068203,130,1.0,130,True,0.0003762229364896768,,BM_cap_weight_universe
